node,asset,fuel,energy_MWh,mean_MW,co2_kg_per_MWh
WECC_AZ,installed_21,hydro,375.7414618315794,0.5591390801065169,0.0
WECC_AZ,installed_824,coal,39982.638218514614,59.49797353945627,67.670143102
WECC_AZ,installed_825,coal,86954.75936729027,129.39696334418196,108.606424209
WECC_AZ,installed_826,coal,93120.57300716883,138.5722812606679,0.0
WECC_AZ,installed_847,oil,0.0,0.0,11.350383813333332
WECC_AZ,installed_890,natural gas,0.0,0.0,335.064554868
WECC_AZ,installed_891,natural gas,0.0,0.0,335.0645548680001
WECC_AZ,installed_946,natural gas,56695.0,84.36755952380952,288.02411612000003
WECC_AZ,installed_947,natural gas,42917.54138380928,63.8653889640019,288.02411612000003
WECC_AZ,installed_948,natural gas,55947.430983,83.25510562946428,288.02411612000003
WECC_AZ,installed_949,natural gas,1836.0,2.732142857142857,288.02411612000003
WECC_AZ,installed_950,natural gas,0.0,0.0,288.02411612000003
WECC_AZ,installed_951,natural gas,106442.64167941081,158.39678821340894,288.02411612000003
WECC_AZ,installed_952,natural gas,23440.38343698618,34.88152297170562,288.02411612000003
WECC_AZ,installed_953,natural gas,0.0,0.0,288.02411612000003
WECC_AZ,installed_954,natural gas,0.0,0.0,288.02411612000003
WECC_AZ,installed_955,natural gas,25515.381283,37.969317385416666,288.02411612000003
WECC_AZ,installed_969,natural gas,7942.579954851988,11.819315409005934,333.4933575392
WECC_AZ,installed_970,natural gas,32241.131751281835,47.97787462988369,345.389442768
WECC_AZ,installed_971,natural gas,33350.0,49.62797619047619,345.389442768
WECC_AZ,installed_1015,oil,0.0,0.0,381.72261555999995
WECC_AZ,installed_1016,natural gas,0.0,0.0,381.72261555999995
WECC_AZ,installed_1017,natural gas,324.0,0.48214285714285715,381.72261555999995
WECC_AZ,installed_1018,natural gas,0.0,0.0,381.72261555999995
WECC_AZ,installed_1019,natural gas,0.0,0.0,381.72261555999995
WECC_AZ,installed_1020,natural gas,0.0,0.0,381.72261555999995
WECC_AZ,installed_1021,natural gas,31084.32749307344,46.25643972183548,381.72261555999995
WECC_AZ,installed_1022,natural gas,0.0,0.0,381.72261555999995
WECC_AZ,installed_1053__x5,battery,-32.539568672798396,-0.04842197719166428,0.0
WECC_AZ,installed_1054,natural gas,0.0,0.0,333.4933575392
WECC_AZ,installed_1076__x4,oil,0.0,0.0,344.518092536
WECC_AZ,installed_1077__x2,oil,0.0,0.0,344.518092536
WECC_AZ,installed_1080,natural gas,16008.0,23.821428571428573,344.518092536
WECC_AZ,installed_1081,natural gas,0.0,0.0,344.518092536
WECC_AZ,installed_1448__x2,oil,0.0,0.0,424.057037308
WECC_AZ,installed_1451,natural gas,0.0,0.0,0.0
WECC_AZ,installed_1452,natural gas,0.0,0.0,0.0
WECC_AZ,installed_1453,natural gas,0.0,0.0,0.0
WECC_AZ,installed_1454__x108,solar,334764.62199401646,498.1616398720483,0.0
WECC_AZ,installed_1461__x3,hydro,8051.602753533846,11.981551716568223,0.0
WECC_AZ,installed_1464__x6,pump hydro,-39.05863290088604,-0.05812296562631851,0.0
WECC_AZ,installed_1481,natural gas,0.0,0.0,382.104993616
WECC_AZ,installed_1482,natural gas,0.0,0.0,382.104993616
WECC_AZ,installed_1483,natural gas,27661.64330691145,41.163159682903945,382.104993616
WECC_AZ,installed_1484,natural gas,1156.8060706764538,1.7214376051732945,382.104993616
WECC_AZ,installed_1485,natural gas,24532.78585295025,36.50712180498549,382.104993616
WECC_AZ,installed_1499,hydro,3086.4477221879747,4.59292815801782,0.0
WECC_AZ,installed_1523,hydro,9661.923304240616,14.377862059881869,0.0
WECC_AZ,installed_1541,hydro,3489.0278598646655,5.192005743846228,0.0
WECC_AZ,installed_1586__x4,hydro,55502.381647693335,82.59282983287699,0.0
WECC_AZ,installed_1588,hydro,12882.564405654153,19.17048274650916,0.0
WECC_AZ,installed_1591__x7,hydro,309986.7060110531,461.2897410878767,0.0
WECC_AZ,installed_1597,hydro,42136.721076827125,62.7034539833737,0.0
WECC_AZ,installed_1703,oil,0.0,0.0,381.72261555999995
WECC_AZ,installed_1705,coal,63177.08786987829,94.0135236158903,2.5063015963703705
WECC_AZ,installed_1706,natural gas,0.0,0.0,54.411989135999995
WECC_AZ,installed_1707,oil,0.0,0.0,51.5735464776
WECC_AZ,installed_1708,natural gas,0.0,0.0,381.72261555999995
WECC_AZ,installed_1709,oil,0.0,0.0,31.46196514546667
WECC_AZ,installed_5786__x4,hydro,32206.411014135385,47.92620686627289,0.0
WECC_AZ,installed_7391,natural gas,0.0,0.0,404.004868968
WECC_AZ,installed_7392,natural gas,10687.499999999998,15.904017857142854,404.004868968
WECC_AZ,installed_7956__x2,natural gas,0.0,0.0,390.55586616799997
WECC_AZ,installed_7958,natural gas,0.0,0.0,390.55586616799997
WECC_AZ,installed_7967__x2,natural gas,0.0,0.0,413.83239324
WECC_AZ,installed_7969,natural gas,0.0,0.0,413.83239324
WECC_AZ,installed_8073,natural gas,0.0,0.0,414.268748744
WECC_AZ,installed_8074,natural gas,0.0,0.0,414.268748744
WECC_AZ,installed_8075,natural gas,0.0,0.0,414.268748744
WECC_AZ,installed_8364,natural gas,0.0,0.0,395.994434248
WECC_AZ,installed_8365,natural gas,0.0,0.0,395.994434248
WECC_AZ,installed_8366,natural gas,0.0,0.0,395.994434248
WECC_AZ,installed_8432__x2,natural gas,696.6378835000014,1.0366635171130973,364.78971693272734
WECC_AZ,installed_8434,natural gas,0.0,0.0,392.22592711314286
WECC_AZ,installed_8523,natural gas,0.0,0.0,377.68111084
WECC_AZ,installed_8524,natural gas,0.0,0.0,377.68111084
WECC_AZ,installed_8525,natural gas,0.0,0.0,377.68111084
WECC_AZ,installed_8526,natural gas,0.0,0.0,377.68111084
WECC_AZ,installed_8527,natural gas,0.0,0.0,377.68111084
WECC_AZ,installed_8528,natural gas,0.0,0.0,377.68111084
WECC_AZ,installed_8669__x4,natural gas,0.0,0.0,376.67322941599997
WECC_AZ,installed_8673__x2,natural gas,0.0,0.0,376.67322941599997
WECC_AZ,installed_8714__x2,natural gas,0.0,0.0,394.849114448
WECC_AZ,installed_8716,natural gas,0.0,0.0,394.849114448
WECC_AZ,installed_8770,natural gas,9430.0,14.032738095238095,381.72261555999995
WECC_AZ,installed_8771,natural gas,0.0,0.0,381.72261555999995
WECC_AZ,installed_8772,natural gas,0.0,0.0,381.72261555999995
WECC_AZ,installed_8773,natural gas,0.0,0.0,381.72261555999995
WECC_AZ,installed_8774,natural gas,164.0,0.24404761904761904,381.72261555999995
WECC_AZ,installed_8775,natural gas,0.0,0.0,381.72261556
WECC_AZ,installed_8776,natural gas,0.0,0.0,381.72261556
WECC_AZ,installed_8777__x2,natural gas,0.0,0.0,381.72261555999995
WECC_AZ,installed_8778__x2,natural gas,17503.142981689918,26.046343722752855,381.72261555999995
WECC_AZ,installed_8779,natural gas,0.0,0.0,381.72261555999995
WECC_AZ,installed_9500,natural gas,0.0,0.0,275.011922416
WECC_AZ,installed_9884,natural gas,0.0,0.0,381.72261556
WECC_AZ,installed_9885,natural gas,0.0,0.0,381.72261556
WECC_AZ,installed_10153,biomass,399.6,0.5946428571428571,1.178885608
WECC_AZ,installed_10866__x2,oil,0.0,0.0,93.65532107163664
WECC_AZ,installed_10933,natural gas,0.0,0.0,381.72261556
WECC_AZ,installed_10934,natural gas,6423.199999999999,9.558333333333332,381.72261556
WECC_AZ,installed_10935,natural gas,0.0,0.0,381.72261555999995
WECC_AZ,installed_10937,natural gas,0.0,0.0,381.72261555999995
WECC_AZ,installed_10938,natural gas,0.0,0.0,381.72261555999995
WECC_AZ,installed_10939,natural gas,0.0,0.0,381.72261555999995
WECC_AZ,installed_10940,natural gas,0.0,0.0,381.72261555999995
WECC_AZ,installed_10941,natural gas,0.0,0.0,381.72261555999995
WECC_AZ,installed_10942,natural gas,0.0,0.0,381.72261555999995
WECC_AZ,installed_10943,natural gas,0.0,0.0,381.72261555999995
WECC_AZ,installed_11186__x5,wind,86518.0602,128.74711339285716,0.0
WECC_AZ,installed_11630__x2,waste,2150.3999999999996,3.1999999999999993,0.0
WECC_AZ,installed_12176__x2,waste,1881.6000000000004,2.8000000000000007,0.0
WECC_AZ,installed_13099__x2,natural gas,0.0,0.0,367.28043926277826
WECC_AZ,installed_13101,natural gas,0.0,0.0,384.30409835039995
WECC_AZ,installed_13953__x2,natural gas,0.0,0.0,364.9813109581159
WECC_AZ,installed_13955,natural gas,0.0,0.0,392.22592711314286
WECC_AZ,installed_14417,natural gas,0.0,0.0,364.98131095811584
WECC_AZ,installed_14418,natural gas,0.0,0.0,364.98131095811584
WECC_AZ,installed_14419,natural gas,30940.409327365436,46.04227578476999,392.22592711314286
WECC_AZ,installed_14721__x3,nuclear,2645664.0,3937.0,0.0
WECC_AZ,installed_15507,natural gas,0.0,0.0,388.44258104
WECC_AZ,installed_15508,natural gas,0.0,0.0,388.44258104
WECC_AZ,installed_15509,natural gas,669.0,0.9955357142857143,388.44258104
WECC_AZ,installed_15629,natural gas,0.0,0.0,344.518092536
WECC_AZ,installed_15630,natural gas,0.0,0.0,344.518092536
WECC_AZ,installed_15631,natural gas,0.0,0.0,344.518092536
WECC_AZ,installed_15632,natural gas,0.0,0.0,302.0583821977143
WECC_AZ,installed_16147,coal,0.0,0.0,0.0
WECC_AZ,installed_16148,coal,0.0,0.0,0.0
WECC_AZ,installed_16496,natural gas,54.0,0.08035714285714286,127.744207776
WECC_AZ,installed_16497,natural gas,0.0,0.0,127.744207776
WECC_AZ,installed_16498,natural gas,0.0,0.0,127.744207776
WECC_AZ,installed_16499,natural gas,0.0,0.0,322.4441964103813
WECC_AZ,installed_16956__x3,hydro,5233.541789797,7.788008615769345,0.0
WECC_AZ,installed_18071,natural gas,0.0,0.0,326.288683648
WECC_AZ,installed_18072,natural gas,0.0,0.0,326.288683648
WECC_AZ,installed_18073,natural gas,0.0,0.0,326.288683648
WECC_AZ,installed_18074,natural gas,0.0,0.0,326.288683648
WECC_AZ,installed_18075,natural gas,0.0,0.0,326.288683648
WECC_AZ,installed_18076,natural gas,0.0,0.0,326.288683648
WECC_AZ,installed_18077,natural gas,0.0,0.0,326.288683648
WECC_AZ,installed_18078,natural gas,0.0,0.0,326.288683648
WECC_AZ,installed_18079,natural gas,0.0,0.0,326.288683648
WECC_AZ,installed_18150,coal,86018.84233041473,128.00422965835526,0.0
WECC_AZ,installed_18151,coal,74260.5455207719,110.50676416781533,0.0
WECC_AZ,installed_18152,coal,50800.08525056839,75.59536495620296,0.0
WECC_AZ,installed_18153,coal,830.0,1.2351190476190477,0.0
WECC_AZ,installed_18271,hydro,724.6442478180461,1.07833965449114,0.0
WECC_AZ,installed_18272__x6,hydro,209341.67159187995,311.5203446307737,0.0
WECC_AZ,installed_18276,hydro,34085.11832329327,50.72190226680546,0.0
WECC_AZ,installed_18279,hydro,16505.785644744385,24.562181018964857,0.0
WECC_AZ,installed_18280,hydro,18384.492953902278,27.357876419497437,0.0
WECC_AZ,installed_18558,oil,0.0,0.0,56.33930751593465
WECC_AZ,optional_490_0,wind,0.0,0.0,0.0
WECC_AZ,optional_491_0,wind,0.0,0.0,0.0
WECC_AZ,optional_492_0,wind,0.0,0.0,0.0
WECC_AZ,optional_493_0,wind,0.0,0.0,0.0
WECC_AZ,optional_494_0,wind,0.0,0.0,0.0
WECC_AZ,optional_494_1,wind,0.0,0.0,0.0
WECC_AZ,optional_494_2,wind,0.0,0.0,0.0
WECC_AZ,optional_494_3,wind,0.0,0.0,0.0
WECC_AZ,optional_494_4,wind,0.0,0.0,0.0
WECC_AZ,optional_494_5,wind,0.0,0.0,0.0
WECC_AZ,optional_495_0,wind,0.0,0.0,0.0
WECC_AZ,optional_495_1,wind,0.0,0.0,0.0
WECC_AZ,optional_495_2,wind,0.0,0.0,0.0
WECC_AZ,optional_495_3,wind,0.0,0.0,0.0
WECC_AZ,optional_495_4,wind,0.0,0.0,0.0
WECC_AZ,optional_495_5,wind,0.0,0.0,0.0
WECC_AZ,optional_815_0,solar,0.0,0.0,0.0
WECC_AZ,optional_815_1,solar,0.0,0.0,0.0
WECC_AZ,optional_815_2,solar,0.0,0.0,0.0
WECC_AZ,optional_815_3,solar,0.0,0.0,0.0
WECC_AZ,optional_815_4,solar,0.0,0.0,0.0
WECC_AZ,optional_815_5,solar,0.0,0.0,0.0
WECC_AZ,optional_816_0__x4,solar,0.0,0.0,0.0
WECC_AZ,optional_816_4,solar,0.0,0.0,0.0
WECC_AZ,optional_816_5,solar,0.0,0.0,0.0
WECC_AZ,optional_817_0,solar,0.0,0.0,0.0
WECC_AZ,optional_817_1,solar,0.0,0.0,0.0
WECC_AZ,optional_817_2,solar,0.0,0.0,0.0
WECC_AZ,optional_817_3,solar,0.0,0.0,0.0
WECC_AZ,optional_817_4,solar,0.0,0.0,0.0
WECC_AZ,optional_817_5,solar,0.0,0.0,0.0
WECC_CO,installed_0,coal,285958.5363264,425.5335362,0.0
WECC_CO,installed_22__x4,oil,0.0,0.0,303.008074248
WECC_CO,installed_94__x3,non-fossil,3763.2000000000007,5.600000000000001,0.0
WECC_CO,installed_95__x3,non-fossil,4166.4000000000015,6.200000000000002,0.0
WECC_CO,installed_96__x2,non-fossil,4905.5999999999985,7.299999999999998,0.0
WECC_CO,installed_145,hydro,828.9178677639763,1.2335087317916316,0.0
WECC_CO,installed_151__x2,hydro,534.7857211380494,0.7958120850268593,0.0
WECC_CO,installed_332,hydro,481.30714902424455,0.7162308765241734,0.0
WECC_CO,installed_333__x2,hydro,1604.357163414148,2.3874362550805777,0.0
WECC_CO,installed_334,hydro,133.86220389919907,0.19919970818333196,0.0
WECC_CO,installed_335,hydro,1470.6607328619116,2.1884832334254636,0.0
WECC_CO,installed_336,hydro,2088.250380827505,3.107515447659978,0.0
WECC_CO,installed_552,natural gas,375.0,0.5580357142857143,347.334898856
WECC_CO,installed_553,natural gas,16800.0,25.0,347.334898856
WECC_CO,installed_554,natural gas,480.0,0.7142857142857143,347.334898856
WECC_CO,installed_555__x2,natural gas,3640.086298861745,5.416795087591883,347.334898856
WECC_CO,installed_556,natural gas,0.0,0.0,347.334898856
WECC_CO,installed_557,natural gas,14016.695956516225,20.858178506720574,347.334898856
WECC_CO,installed_558,natural gas,17689.064680552103,26.32301291748825,347.334898856
WECC_CO,installed_559,natural gas,60480.0,90.0,347.334898856
WECC_CO,installed_624,natural gas,3237.0,4.816964285714286,297.9918381193333
WECC_CO,installed_625,natural gas,881.0167554786078,1.311036838509833,297.9918381193333
WECC_CO,installed_626,natural gas,0.0,0.0,297.9918381193333
WECC_CO,installed_627,natural gas,204.0,0.30357142857142855,347.334898856
WECC_CO,installed_5810__x7,oil,0.0,0.0,108.22753186643709
WECC_CO,installed_5815__x2,oil,0.0,0.0,19.608964176815537
WECC_CO,installed_5817__x2,hydro,40497.02867842186,60.263435533365865,0.0
WECC_CO,installed_5818__x5,pump hydro,0.0,0.0,0.0
WECC_CO,installed_5820,oil,0.0,0.0,422.987240576
WECC_CO,installed_5821__x2,natural gas,14087.03212323899,20.962845421486595,422.987240576
WECC_CO,installed_5823,natural gas,368.91773719404864,0.5489847279673343,422.987240576
WECC_CO,installed_5832,coal,218400.0,325.0,0.0
WECC_CO,installed_5833,coal,225120.0,335.0,0.0
WECC_CO,installed_5834,coal,493736.17542247026,734.7264515215331,249.56935526951568
WECC_CO,installed_5835,natural gas,28.81540736305101,0.04288007048073067,127.744207776
WECC_CO,installed_5836__x4,hydro,855.6571538208788,1.2732993360429743,0.0
WECC_CO,installed_5838__x3,hydro,1604.357163414148,2.3874362550805777,0.0
WECC_CO,installed_5839,hydro,561.525007194952,0.8356026892782024,0.0
WECC_CO,installed_5841,hydro,160.43571634141477,0.2387436255080577,0.0
WECC_CO,installed_5842__x2,hydro,4010.892907999921,5.968590636904644,0.0
WECC_CO,installed_5844,natural gas,28896.0,43.0,408.10942297599996
WECC_CO,installed_5868__x3,oil,0.0,0.0,49.58808810884954
WECC_CO,installed_5869__x6,oil,0.0,0.0,82.48654399667805
WECC_CO,installed_5870,coal,51744.0,77.0,270.680572408
WECC_CO,installed_5871,coal,88032.0,131.0,67.670143102
WECC_CO,installed_5872__x2,oil,0.0,0.0,25.524982616000003
WECC_CO,installed_5874,oil,0.0,0.0,197.81375026837551
WECC_CO,installed_5882__x4,hydro,2673.9286056902465,3.9790604251342954,0.0
WECC_CO,installed_5883,hydro,695.221437479464,1.0345557105349168,0.0
WECC_CO,installed_5884,hydro,133.86220389919907,0.19919970818333196,0.0
WECC_CO,installed_6042__x3,oil,0.0,0.0,117.15039947625107
WECC_CO,installed_6043__x4,oil,0.0,0.0,93.65532107163664
WECC_CO,installed_6044__x3,oil,0.0,0.0,19.723263163569968
WECC_CO,installed_6083,hydro,374.3500047966346,0.5570684595188015,0.0
WECC_CO,installed_6193__x3,oil,0.0,0.0,103.32765024130023
WECC_CO,installed_6396,oil,0.0,0.0,102.1660691515339
WECC_CO,installed_6398__x6,oil,0.0,0.0,127.77058597457376
WECC_CO,installed_6399__x2,oil,0.0,0.0,168.68653150767216
WECC_CO,installed_6401,oil,0.0,0.0,161.04797037895545
WECC_CO,installed_6495,natural gas,235.48830240468527,0.35042902143554355,347.334898856
WECC_CO,installed_6496,natural gas,0.0,0.0,347.334898856
WECC_CO,installed_6498,natural gas,21369.600000000006,31.800000000000008,347.334898856
WECC_CO,installed_6499,natural gas,18796.06628439323,27.970336732728022,347.33489885600005
WECC_CO,installed_6500,natural gas,7551.127879609931,11.236797439895732,400.1793815279028
WECC_CO,installed_6501,natural gas,988.0,1.4702380952380953,400.1793815279028
WECC_CO,installed_6560__x39,wind,1277142.8473945376,1900.5101895752048,0.0
WECC_CO,installed_6727__x2,hydro,23102.743152092844,34.379082071566735,0.0
WECC_CO,installed_6729__x3,hydro,13797.471603755328,20.53195179130257,0.0
WECC_CO,installed_6732__x2,hydro,46312.44344734239,68.91732655854523,0.0
WECC_CO,installed_6734,hydro,1390.442874958928,2.0691114210698336,0.0
WECC_CO,installed_6735__x2,hydro,6952.214374794641,10.345557105349169,0.0
WECC_CO,installed_6737,hydro,2486.7536030242054,3.7005261949764963,0.0
WECC_CO,installed_6738__x2,hydro,22995.786008936127,34.21991965615495,0.0
WECC_CO,installed_6741,hydro,10214.407273201292,15.200010823216209,0.0
WECC_CO,installed_6742,hydro,1497.4000189188132,2.2282738376768054,0.0
WECC_CO,installed_6818,hydro,2647.18931936562,3.9392698204845535,0.0
WECC_CO,installed_6881,coal,120288.0,179.0,68.39049199720986
WECC_CO,installed_6882,coal,176064.0,262.0,108.606424209
WECC_CO,installed_7130,natural gas,1363.7050960794697,2.029323059642068,304.02094518399997
WECC_CO,installed_7131,natural gas,10080.0,15.0,304.02094518399997
WECC_CO,installed_7132,natural gas,672.0,1.0,304.02094518399997
WECC_CO,installed_7375,hydro,935.8750119915863,1.3926711487970036,0.0
WECC_CO,installed_7962,natural gas,88704.0,132.0,405.378799136
WECC_CO,installed_7963__x2,natural gas,0.0,0.0,405.378799136
WECC_CO,installed_8122,natural gas,9862.787453711178,14.676767044213063,347.334898856
WECC_CO,installed_8123,natural gas,3787.7879601386812,5.636589226396847,347.334898856
WECC_CO,installed_8124,natural gas,3368.4187900223706,5.012527961342814,347.334898856
WECC_CO,installed_8141,natural gas,2733.1195566083907,4.067142197333915,346.9158554466667
WECC_CO,installed_8142,natural gas,0.0,0.0,346.9158554466667
WECC_CO,installed_8367__x2,natural gas,1371.0267386324817,2.0402183610602407,431.30793222399996
WECC_CO,installed_8369,natural gas,0.0,0.0,431.30793222399996
WECC_CO,installed_8663,natural gas,26208.0,39.0,346.9158554466667
WECC_CO,installed_8664,natural gas,22873.74207326636,34.03830665664637,346.9158554466667
WECC_CO,installed_8665,natural gas,26208.0,39.0,346.9158554466667
WECC_CO,installed_8666,natural gas,0.0,0.0,346.9158554466667
WECC_CO,installed_8667,natural gas,2824.274482033579,4.202789407788064,346.9158554466667
WECC_CO,installed_8668,natural gas,750.5358762348312,1.1168688634446893,346.91585544666674
WECC_CO,installed_8745,natural gas,0.0,0.0,412.274758312
WECC_CO,installed_8746,natural gas,29135.138540480795,43.35586092333452,412.274758312
WECC_CO,installed_8747,natural gas,0.0,0.0,412.274758312
WECC_CO,installed_8748,natural gas,45024.0,67.0,412.274758312
WECC_CO,installed_8889__x2,natural gas,0.0,0.0,405.378799136
WECC_CO,installed_8890,natural gas,3029.2056777019206,4.5077465441992866,405.378799136
WECC_CO,installed_8891__x2,natural gas,1158.8849943700338,1.7245312416220742,99.428273584
WECC_CO,installed_8892,natural gas,0.0,0.0,99.428273584
WECC_CO,installed_8893,natural gas,0.0,0.0,99.428273584
WECC_CO,installed_8894__x2,natural gas,0.0,0.0,99.428273584
WECC_CO,installed_8895__x3,natural gas,315.58915611036815,0.46962672040233355,99.428273584
WECC_CO,installed_8897,natural gas,0.0,0.0,99.428273584
WECC_CO,installed_8898,natural gas,131.1,0.19508928571428572,99.428273584
WECC_CO,installed_8900,natural gas,0.0,0.0,99.428273584
WECC_CO,installed_8901,natural gas,0.0,0.0,99.428273584
WECC_CO,installed_8902,natural gas,131.1,0.19508928571428572,99.42827358399998
WECC_CO,installed_8904,natural gas,0.0,0.0,99.42827358400001
WECC_CO,installed_8905,natural gas,0.0,0.0,99.428273584
WECC_CO,installed_8906,natural gas,0.0,0.0,99.42827358399998
WECC_CO,installed_8908,natural gas,404.3557370709409,0.6017198468317573,99.428273584
WECC_CO,installed_8909,natural gas,0.0,0.0,99.42827358400001
WECC_CO,installed_8910,natural gas,606.8612302162787,0.9030673068694623,99.42827358400001
WECC_CO,installed_9085__x2,natural gas,0.0,0.0,450.112495768
WECC_CO,installed_9087,natural gas,0.0,0.0,450.112495768
WECC_CO,installed_9140,hydro,882.3964398777814,1.3130899402943175,0.0
WECC_CO,installed_9820,natural gas,1192.207498871077,1.7741183018914835,405.378799136
WECC_CO,installed_9882__x47,solar,75377.26904037199,112.16855511960118,0.0
WECC_CO,installed_9963,natural gas,884.737761340038,1.3165740496131517,397.4832592696
WECC_CO,installed_9964,natural gas,4554.247140396079,6.777153482732261,397.4832592696
WECC_CO,installed_9965,natural gas,750.8744302564871,1.1173726640721535,397.4832592696
WECC_CO,installed_9966,natural gas,1158.654262464202,1.7241878905717292,397.4832592696
WECC_CO,installed_9967,natural gas,0.0,0.0,397.4832592696
WECC_CO,installed_9968,natural gas,213.3883606821089,0.31754220339599537,397.4832592696
WECC_CO,installed_9969,natural gas,0.0,0.0,397.4832592696
WECC_CO,installed_9970,natural gas,3900.702149818442,5.804616294372682,397.4832592696
WECC_CO,installed_9971,natural gas,124.50000000000001,0.18526785714285715,397.4832592696
WECC_CO,installed_9972,natural gas,3859.4999999999995,5.743303571428571,397.4832592696
WECC_CO,installed_9973,natural gas,0.0,0.0,397.4832592696
WECC_CO,installed_9974,natural gas,547.8000000000001,0.8151785714285715,397.48325926960007
WECC_CO,installed_9975,natural gas,4847.199999999999,7.213095238095237,397.48325926960007
WECC_CO,installed_9976,natural gas,49.800000000000004,0.07410714285714286,397.4832592696001
WECC_CO,installed_10036__x4,waste,2150.3999999999996,3.1999999999999993,0.0
WECC_CO,installed_11025,natural gas,3627.5698635906692,5.398169439867067,386.2988979405313
WECC_CO,installed_11026,natural gas,1320.0,1.9642857142857142,377.7109118344
WECC_CO,installed_11027,natural gas,991.0318506844947,1.4747497778043075,386.2988979405313
WECC_CO,installed_11028,natural gas,2797.9489146835012,4.163614456374257,377.7109118344
WECC_CO,installed_11029,natural gas,18287.52263186763,27.213575345041114,386.2988979405313
WECC_CO,installed_11030,natural gas,24864.0,37.0,386.2988979405313
WECC_CO,installed_11031,natural gas,0.0,0.0,373.28693834
WECC_CO,installed_11032,natural gas,0.0,0.0,420.71753599138464
WECC_CO,installed_11033,natural gas,1139.8017942535269,1.6961336224010817,420.71753599138464
WECC_CO,installed_13121,biomass,5931.9702231074425,8.827336641528932,0.0
WECC_CO,installed_13171__x2,hydro,696.083460275835,1.035838482553326,0.0
WECC_CO,installed_13327,hydro,1017.352749633913,1.513917782193323,0.0
WECC_CO,installed_13328,hydro,883.4905457347137,1.3147180740099906,0.0
WECC_CO,installed_13476,hydro,1927.615736148466,2.8684757978399795,0.0
WECC_CO,installed_13477,hydro,214.17952623871855,0.3187195330933312,0.0
WECC_CO,installed_13770,waste,2083.2000000000007,3.100000000000001,0.0
WECC_CO,installed_14775,hydro,321.2692893580778,0.47807929963999674,0.0
WECC_CO,installed_14853,coal,287616.0,428.0,0.0
WECC_CO,installed_14854,coal,300386.12949575414,447.00316889249126,0.0
WECC_CO,installed_15851,natural gas,0.0,0.0,405.378799136
WECC_CO,installed_15852,natural gas,56325.66841660516,83.81795895328148,405.378799136
WECC_CO,installed_15853,natural gas,30643.405900461483,45.600306399496255,405.378799136
WECC_CO,installed_15854,natural gas,85632.0,127.42857142857143,405.378799136
WECC_CO,installed_15856,natural gas,2431.5720977901365,3.6184108598067506,405.378799136
WECC_CO,installed_15897,hydro,749.6283418355144,1.1155183658266583,0.0
WECC_CO,installed_15901,hydro,1204.7598350927915,1.7927973736499874,0.0
WECC_CO,installed_15902,hydro,642.5385787161556,0.9561585992799935,0.0
WECC_CO,installed_16081,hydro,9358.750119915863,13.926711487970035,0.0
WECC_CO,installed_16215__x2,hydro,1230.0071586175136,1.830367795561776,0.0
WECC_CO,installed_16217,hydro,1016.0928701622936,1.5120429615510322,0.0
WECC_CO,installed_16250,coal,91733.34241076224,136.50795001601523,0.0
WECC_CO,installed_16500__x5,oil,0.0,0.0,189.24799202498508
WECC_CO,installed_16593__x2,oil,0.0,0.0,8.466657213406
WECC_CO,installed_16703,coal,147522.6026270807,219.52768248077484,108.606424209
WECC_CO,installed_16704,natural gas,6457.820066616156,9.609851289607374,412.274758312
WECC_CO,installed_16705,natural gas,0.0,0.0,412.274758312
WECC_CO,installed_16706,natural gas,0.0,0.0,412.274758312
WECC_CO,installed_16707,natural gas,0.0,0.0,412.274758312
WECC_CO,installed_16708,natural gas,0.0,0.0,405.378799136
WECC_CO,installed_17001,hydro,7487.000095932691,11.141369190376029,0.0
WECC_CO,installed_17142,hydro,320.87143268282955,0.4774872510161154,0.0
WECC_CO,installed_17143,hydro,3048.278609415983,4.536128883059498,0.0
WECC_CO,installed_17228,hydro,1203.267872560611,1.7905771913104331,0.0
WECC_CO,installed_18069,natural gas,3748.3233728088107,5.577862161917873,281.1580185834842
WECC_CO,installed_18070,natural gas,20521.209987237897,30.537514861961156,281.1580185834842
WECC_CO,installed_18144,coal,117066.00631830042,174.20536654508993,68.39049199720986
WECC_CO,installed_18145,natural gas,0.0,0.0,293.205951128
WECC_CO,installed_18146,natural gas,723.361922920124,1.0764314329168512,293.205951128
WECC_CO,installed_18616,natural gas,180.0,0.26785714285714285,297.4188939579924
WECC_CO,optional_496_0,wind,0.0,0.0,0.0
WECC_CO,optional_497_0,wind,0.0,0.0,0.0
WECC_CO,optional_498_0,wind,0.0,0.0,0.0
WECC_CO,optional_499_0,wind,0.0,0.0,0.0
WECC_CO,optional_499_1,wind,0.0,0.0,0.0
WECC_CO,optional_499_2,wind,0.0,0.0,0.0
WECC_CO,optional_499_3,wind,0.0,0.0,0.0
WECC_CO,optional_499_4,wind,0.0,0.0,0.0
WECC_CO,optional_499_5,wind,0.0,0.0,0.0
WECC_CO,optional_500_0,wind,0.0,0.0,0.0
WECC_CO,optional_500_1,wind,0.0,0.0,0.0
WECC_CO,optional_500_2,wind,0.0,0.0,0.0
WECC_CO,optional_500_3,wind,0.0,0.0,0.0
WECC_CO,optional_500_4,wind,0.0,0.0,0.0
WECC_CO,optional_500_5,wind,0.0,0.0,0.0
WECC_CO,optional_501_0,wind,0.0,0.0,0.0
WECC_CO,optional_501_1,wind,0.0,0.0,0.0
WECC_CO,optional_501_2,wind,0.0,0.0,0.0
WECC_CO,optional_501_3,wind,0.0,0.0,0.0
WECC_CO,optional_501_4,wind,0.0,0.0,0.0
WECC_CO,optional_501_5,wind,0.0,0.0,0.0
WECC_CO,optional_502_0,wind,0.0,0.0,0.0
WECC_CO,optional_502_1,wind,0.0,0.0,0.0
WECC_CO,optional_502_2,wind,0.0,0.0,0.0
WECC_CO,optional_502_3,wind,0.0,0.0,0.0
WECC_CO,optional_502_4,wind,0.0,0.0,0.0
WECC_CO,optional_502_5,wind,0.0,0.0,0.0
WECC_CO,optional_503_0,wind,0.0,0.0,0.0
WECC_CO,optional_503_1,wind,0.0,0.0,0.0
WECC_CO,optional_503_2,wind,0.0,0.0,0.0
WECC_CO,optional_503_3,wind,0.0,0.0,0.0
WECC_CO,optional_503_4,wind,0.0,0.0,0.0
WECC_CO,optional_503_5,wind,0.0,0.0,0.0
WECC_CO,optional_818_0,solar,0.0,0.0,0.0
WECC_CO,optional_818_1,solar,0.0,0.0,0.0
WECC_CO,optional_818_2__x2,solar,0.0,0.0,0.0
WECC_CO,optional_818_4,solar,0.0,0.0,0.0
WECC_CO,optional_818_5,solar,0.0,0.0,0.0
WECC_CO,optional_819_0__x5,solar,0.0,0.0,0.0
WECC_CO,optional_819_5,solar,0.0,0.0,0.0
WECC_CO,optional_820_0__x3,solar,0.0,0.0,0.0
WECC_CO,optional_820_3__x2,solar,0.0,0.0,0.0
WECC_CO,optional_820_5,solar,0.0,0.0,0.0
WECC_CO,optional_821_0,solar,0.0,0.0,0.0
WECC_CO,optional_821_1,solar,0.0,0.0,0.0
WECC_CO,optional_821_2,solar,0.0,0.0,0.0
WECC_CO,optional_821_3,solar,0.0,0.0,0.0
WECC_CO,optional_821_4,solar,0.0,0.0,0.0
WECC_ID,installed_42__x2,hydro,19086.861022915975,28.40306699838687,0.0
WECC_ID,installed_44,hydro,2794.485177446586,4.158460085485991,0.0
WECC_ID,installed_58__x5,hydro,3270.1063017530987,4.866229615704016,0.0
WECC_ID,installed_60__x3,hydro,632.7136252615463,0.941538132829682,0.0
WECC_ID,installed_61,hydro,131.81533846417042,0.19615377747644408,0.0
WECC_ID,installed_70__x6,hydro,474.53521815424926,0.7061535984438233,0.0
WECC_ID,installed_71__x5,hydro,527.2613543846218,0.7846151106914014,0.0
WECC_ID,installed_183,hydro,685.4397604360382,1.0199996435060092,0.0
WECC_ID,installed_257__x3,hydro,3163.568125515821,4.707690662969972,0.0
WECC_ID,installed_274__x3,hydro,1581.784062361955,2.3538453308957665,0.0
WECC_ID,installed_591__x3,hydro,2293.5868911771495,3.413075730918377,0.0
WECC_ID,installed_652__x6,hydro,316.35681263077316,0.470769066414841,0.0
WECC_ID,installed_674,hydro,1265.4272499951521,1.8830762648737382,0.0
WECC_ID,installed_675__x3,hydro,2135.408484861762,3.1776911977109554,0.0
WECC_ID,installed_676,hydro,474.5352186821895,0.7061535992294486,0.0
WECC_ID,installed_5702__x3,hydro,1898.1408749927282,2.8246143973106075,0.0
WECC_ID,installed_5960,biomass,3897.599999999999,5.799999999999999,0.0
WECC_ID,installed_6505,hydro,263.63067719231094,0.39230755534570083,0.0
WECC_ID,installed_6653__x3,hydro,2609.9437030160125,3.8838447961547806,0.0
WECC_ID,installed_6656__x5,hydro,3690.8294793725017,5.4923057728757465,0.0
WECC_ID,installed_6700,hydro,395.44601565648145,0.588461332822145,0.0
WECC_ID,installed_7075__x2,hydro,2214.4976878874713,3.295383464118261,0.0
WECC_ID,installed_7142__x3,hydro,1739.9624686773418,2.5892298641031872,0.0
WECC_ID,installed_7186,hydro,342.7198802180191,0.5099998217530046,0.0
WECC_ID,installed_7194__x2,hydro,2478.128364815812,3.6876910190711487,0.0
WECC_ID,installed_7250__x2,hydro,2003.5931461336222,2.9815374198416995,0.0
WECC_ID,installed_7357__x2,hydro,2372.676093938887,3.5307679969328674,0.0
WECC_ID,installed_7574__x4,hydro,738.1658956105305,1.098461154182337,0.0
WECC_ID,installed_7765__x6,hydro,158.17840552347644,0.2353845320289828,0.0
WECC_ID,installed_8990__x2,natural gas,217080.0,323.0357142857143,405.378799136
WECC_ID,installed_9627__x32,wind,352028.49450000003,523.8519263392858,0.0
WECC_ID,installed_9647,geothermal,6720.0,10.0,0.0
WECC_ID,installed_9913,hydro,211.17601802794456,0.31425002682729847,0.0
WECC_ID,installed_10848__x3,hydro,950.2920811257494,1.4141251207228414,0.0
WECC_ID,installed_11023__x2,hydro,4223.520360558889,6.285000536545965,0.0
WECC_ID,installed_11118,natural gas,104964.09860769584,156.1965753090712,372.625374408
WECC_ID,installed_11119,natural gas,82521.59999999998,122.79999999999997,372.625374408
WECC_ID,installed_11543__x19,non-fossil,7392.000000672004,11.000000001000005,0.0
WECC_ID,installed_12223__x2,waste,2016.0,3.0,0.0
WECC_ID,installed_12859,hydro,290.3670247884237,0.43209378688753525,0.0
WECC_ID,installed_14114,natural gas,2980.8000000000006,4.435714285714287,274.190467304
WECC_ID,installed_14143,waste,940.8000000000002,1.4000000000000004,0.0
WECC_ID,installed_14315__x9,solar,25661.519999999997,38.18678571428571,0.0
WECC_ID,installed_15932,hydro,316.7640270419166,0.47137504024094734,0.0
WECC_ID,installed_16306,hydro,158.17840631538658,0.2353845332074205,0.0
WECC_ID,installed_16338__x2,hydro,10545.227082413036,15.69230220597178,0.0
WECC_ID,installed_16340__x2,hydro,2689.0329065696606,4.001537063347709,0.0
WECC_ID,installed_16342__x3,hydro,869.9812343386708,1.2946149320515934,0.0
WECC_ID,installed_16346,hydro,1318.1533854336144,1.9615377759428785,0.0
WECC_ID,installed_16347__x2,hydro,5272.6135422623975,7.846151104557139,0.0
WECC_ID,installed_16766__x3,hydro,6327.136250239731,9.415381324761505,0.0
WECC_ID,installed_16840,hydro,2319.949958500426,3.452306485863729,0.0
WECC_ID,installed_16841,hydro,2214.497687623502,3.2953834637254493,0.0
WECC_ID,installed_16966,hydro,12601.54636477703,18.752301138061057,0.0
WECC_ID,installed_16967,hydro,3295.383462924111,4.903844438875165,0.0
WECC_ID,installed_17710,hydro,6168.957844452283,9.179996792339708,0.0
WECC_ID,installed_17830__x2,natural gas,58644.0,87.26785714285714,357.67491222044833
WECC_ID,installed_18092__x3,hydro,29104.826750944383,43.310754093667235,0.0
WECC_ID,installed_18095,hydro,7091.665213965447,10.553073235067629,0.0
WECC_ID,installed_18096,hydro,6775.308402918495,10.082304171009664,0.0
WECC_ID,installed_18097,hydro,7592.563499442973,11.298457588456804,0.0
WECC_ID,installed_18114,hydro,32505.662497415964,48.37152157353566,0.0
WECC_ID,installed_18115,hydro,34588.34484868708,51.470751262927195,0.0
WECC_ID,installed_18116,hydro,31688.407400891505,47.15536815608855,0.0
WECC_ID,installed_18117,hydro,32452.93635960178,48.29306005893122,0.0
WECC_ID,installed_18118,hydro,64905.872692806566,96.5861200785812,0.0
WECC_ID,installed_18123,hydro,8515.270871595834,12.671534035112849,0.0
WECC_ID,installed_18124,hydro,8225.27712681628,12.239995724428988,0.0
WECC_ID,installed_18125,hydro,8093.4617875602,12.043841945774107,0.0
WECC_ID,installed_18126__x2,hydro,3796.281750513397,5.649228795406841,0.0
WECC_ID,installed_18128,hydro,553.6244219718678,0.8238458660295652,0.0
WECC_ID,installed_18129,hydro,4033.5493606464006,6.002305596200001,0.0
WECC_ID,installed_18130__x2,hydro,9543.430511457987,14.201533499193435,0.0
WECC_ID,installed_18131,hydro,4745.352186821896,7.061535992294488,0.0
WECC_ID,installed_18132,hydro,4666.262985380008,6.94384372824406,0.0
WECC_ID,installed_18134__x2,oil,0.0,0.0,137.99957235784836
WECC_ID,installed_18138,hydro,3374.472667005699,5.021536706853719,0.0
WECC_ID,installed_18139,hydro,3928.097087657716,5.84538257091922,0.0
WECC_ID,installed_18140,hydro,3822.644817308732,5.6884595495665655,0.0
WECC_ID,installed_18141,hydro,1687.2363335028497,2.5107683534268594,0.0
WECC_ID,installed_18142,hydro,2662.669838190504,3.962306306831107,0.0
WECC_ID,installed_18143,hydro,11362.482184216911,16.908455631275167,0.0
WECC_ID,installed_18147,hydro,2504.491432403058,3.726921774409312,0.0
WECC_ID,installed_18148,hydro,2293.5868909131805,3.4130757305255663,0.0
WECC_ID,installed_18163,hydro,2135.4084845977927,3.177691197318144,0.0
WECC_ID,installed_18167__x3,hydro,8699.812343386708,12.946149320515934,0.0
WECC_ID,installed_18170__x3,hydro,7355.29589089379,10.94538079002052,0.0
WECC_ID,installed_18180__x2,hydro,4007.186292267245,5.9630748396834,0.0
WECC_ID,installed_18218,hydro,790.8920313129629,1.17692266564429,0.0
WECC_ID,installed_18223__x4,hydro,46504.45144035751,69.20305273862725,0.0
WECC_ID,optional_504_0,wind,0.0,0.0,0.0
WECC_ID,optional_505_0,wind,0.0,0.0,0.0
WECC_ID,optional_506_0,wind,0.0,0.0,0.0
WECC_ID,optional_507_0,wind,0.0,0.0,0.0
WECC_ID,optional_508_0,wind,0.0,0.0,0.0
WECC_ID,optional_509_0,wind,0.0,0.0,0.0
WECC_ID,optional_509_1,wind,0.0,0.0,0.0
WECC_ID,optional_509_2,wind,0.0,0.0,0.0
WECC_ID,optional_509_3,wind,0.0,0.0,0.0
WECC_ID,optional_510_0,wind,0.0,0.0,0.0
WECC_ID,optional_510_1,wind,0.0,0.0,0.0
WECC_ID,optional_510_2,wind,0.0,0.0,0.0
WECC_ID,optional_510_3,wind,0.0,0.0,0.0
WECC_ID,optional_510_4,wind,0.0,0.0,0.0
WECC_ID,optional_510_5,wind,0.0,0.0,0.0
WECC_ID,optional_511_0,wind,0.0,0.0,0.0
WECC_ID,optional_511_1,wind,0.0,0.0,0.0
WECC_ID,optional_511_2,wind,0.0,0.0,0.0
WECC_ID,optional_511_3,wind,0.0,0.0,0.0
WECC_ID,optional_511_4,wind,0.0,0.0,0.0
WECC_ID,optional_511_5,wind,0.0,0.0,0.0
WECC_ID,optional_822_0,solar,0.0,0.0,0.0
WECC_ID,optional_822_1,solar,0.0,0.0,0.0
WECC_ID,optional_822_2,solar,0.0,0.0,0.0
WECC_ID,optional_822_3,solar,0.0,0.0,0.0
WECC_ID,optional_822_4,solar,0.0,0.0,0.0
WECC_ID,optional_822_5,solar,0.0,0.0,0.0
WECC_ID,optional_823_0__x3,solar,0.0,0.0,0.0
WECC_ID,optional_823_3__x2,solar,0.0,0.0,0.0
WECC_ID,optional_823_5,solar,0.0,0.0,0.0
WECC_ID,optional_824_0__x2,solar,0.0,0.0,0.0
WECC_ID,optional_824_2,solar,0.0,0.0,0.0
WECC_ID,optional_824_3__x2,solar,0.0,0.0,0.0
WECC_ID,optional_824_5,solar,0.0,0.0,0.0
WECC_IID,installed_263,biomass,9492.774661493499,14.12615277007961,15.981406935999997
WECC_IID,installed_264,biomass,9538.149994198808,14.19367558660537,15.981406935999997
WECC_IID,installed_519,geothermal,27951.429750719995,41.59438950999999,0.0
WECC_IID,installed_520,geothermal,27951.429750719995,41.59438950999999,0.0
WECC_IID,installed_525,geothermal,27951.429750719995,41.59438950999999,0.0
WECC_IID,installed_628,geothermal,31611.736033919995,47.04127385999999,0.0
WECC_IID,installed_637,geothermal,2150.3999999999996,3.1999999999999993,0.0
WECC_IID,installed_638,geothermal,8984.3881344,13.3696252,0.0
WECC_IID,installed_737,geothermal,6655.1023224,9.903426075,0.0
WECC_IID,installed_738,geothermal,6655.1023224,9.903426075,0.0
WECC_IID,installed_739,geothermal,2662.04092896,3.96137043,0.0
WECC_IID,installed_740,geothermal,1397.5714878720005,2.0797194760000006,0.0
WECC_IID,installed_4176,hydro,506.51396031349213,0.753741012371268,0.0
WECC_IID,installed_4177,hydro,506.51396031349213,0.753741012371268,0.0
WECC_IID,installed_5139,hydro,1306.272845019007,1.9438584003259034,0.0
WECC_IID,installed_5140,hydro,1306.272845019007,1.9438584003259034,0.0
WECC_IID,installed_5153,hydro,719.7829962349629,1.0711056491591708,0.0
WECC_IID,installed_5154,hydro,1226.2969565484545,1.8248466615304384,0.0
WECC_IID,installed_5172,hydro,2159.348988704888,3.2133169474775123,0.0
WECC_IID,installed_5173,hydro,2932.4492439202186,4.363763755833658,0.0
WECC_IID,installed_5177,hydro,2772.4974669791163,4.125740278242732,0.0
WECC_IID,installed_5178,hydro,2052.714470744153,3.054634629083561,0.0
WECC_IID,installed_5220,oil,0.0,0.0,381.72261555999995
WECC_IID,installed_5221,natural gas,63.21200211232007,0.09406547933380963,318.8054740293333
WECC_IID,installed_5222,natural gas,71.0,0.1056547619047619,435.17684518799996
WECC_IID,installed_5223,natural gas,129.8031000680008,0.19315937510119166,406.0381393708557
WECC_IID,installed_5224,natural gas,90.0,0.13392857142857142,387.73682568761046
WECC_IID,installed_5225,natural gas,33.42420212932017,0.04973839602577407,387.7368256876105
WECC_IID,installed_5226,battery,-955.4478398521597,-1.4217973807323805,0.0
WECC_IID,installed_6051,geothermal,15639.49046016,23.273051279999997,0.0
WECC_IID,installed_6052,geothermal,3993.0613934399994,5.942055644999999,0.0
WECC_IID,installed_6534,geothermal,399.30613900800006,0.5942055640000001,0.0
WECC_IID,installed_6535,geothermal,399.30613900800006,0.5942055640000001,0.0
WECC_IID,installed_6536,geothermal,399.30613900800006,0.5942055640000001,0.0
WECC_IID,installed_6537,geothermal,399.30613900800006,0.5942055640000001,0.0
WECC_IID,installed_6538,geothermal,399.30613900800006,0.5942055640000001,0.0
WECC_IID,installed_6539,geothermal,399.30613900800006,0.5942055640000001,0.0
WECC_IID,installed_6540,geothermal,399.30613900800006,0.5942055640000001,0.0
WECC_IID,installed_6546,geothermal,7653.3676732799995,11.388939989999999,0.0
WECC_IID,installed_6547,geothermal,5656.836974208,8.417912164,0.0
WECC_IID,installed_6548,geothermal,465.8571624,0.693239825,0.0
WECC_IID,installed_6549,geothermal,465.8571624,0.693239825,0.0
WECC_IID,installed_6919,geothermal,8984.3881344,13.3696252,0.0
WECC_IID,installed_6951,geothermal,2528.938882176,3.763301908,0.0
WECC_IID,installed_6952,geothermal,2528.938882176,3.763301908,0.0
WECC_IID,installed_6953,geothermal,2528.938882176,3.763301908,0.0
WECC_IID,installed_6954,geothermal,1344.0,2.0,0.0
WECC_IID,installed_6955,geothermal,1996.5306963840003,2.9710278220000004,0.0
WECC_IID,installed_6956,geothermal,8064.0,12.0,0.0
WECC_IID,installed_6957,geothermal,1996.5306963840003,2.9710278220000004,0.0
WECC_IID,installed_6958,geothermal,1996.5306963840003,2.9710278220000004,0.0
WECC_IID,installed_6959,geothermal,1996.5306963840003,2.9710278220000004,0.0
WECC_IID,installed_6960,geothermal,1996.5306963840003,2.9710278220000004,0.0
WECC_IID,installed_6961,geothermal,1996.5306963840003,2.9710278220000004,0.0
WECC_IID,installed_6962,geothermal,2528.938882176,3.763301908,0.0
WECC_IID,installed_6963,geothermal,2528.938882176,3.763301908,0.0
WECC_IID,installed_6964,geothermal,2528.938882176,3.763301908,0.0
WECC_IID,installed_7380,geothermal,25536.0,38.0,0.0
WECC_IID,installed_7381,geothermal,3360.0,5.0,0.0
WECC_IID,installed_7382,geothermal,1680.0,2.5,0.0
WECC_IID,installed_7449,geothermal,7653.3676732799995,11.388939989999999,0.0
WECC_IID,installed_7450,geothermal,5712.0,8.5,0.0
WECC_IID,installed_7753,geothermal,29282.450218559992,43.57507472999999,0.0
WECC_IID,installed_9191,geothermal,30613.470679680013,45.555759940000016,0.0
WECC_IID,installed_9192,geothermal,7254.061530239999,10.79473442,0.0
WECC_IID,installed_10089,natural gas,128.46920001700016,0.19117440478720263,386.8049748976524
WECC_IID,installed_10090,natural gas,47.5,0.07068452380952381,386.8049748976524
WECC_IID,installed_10705,geothermal,10752.0,16.0,0.0
WECC_IID,installed_10706,geothermal,10752.0,16.0,0.0
WECC_IID,installed_10707,geothermal,10752.0,16.0,0.0
WECC_IID,installed_10708,geothermal,10752.0,16.0,0.0
WECC_IID,installed_10893,solar,14778.420999999998,21.991697916666663,0.0
WECC_IID,installed_10894,solar,9452.336599999999,14.065977083333332,0.0
WECC_IID,installed_10895,solar,5018.810299999999,7.468467708333332,0.0
WECC_IID,installed_11582,hydro,586.4898487840438,0.8727527511667319,0.0
WECC_IID,installed_11583,hydro,586.4898487840439,0.872752751166732,0.0
WECC_IID,installed_11738,geothermal,33532.79999999999,49.899999999999984,0.0
WECC_IID,installed_11759,solar,18860.7769,28.066632291666668,0.0
WECC_IID,installed_11760,solar,21757.932699999998,32.37787604166666,0.0
WECC_IID,installed_11784,wind,89223.49899999998,132.7730639880952,0.0
WECC_IID,installed_12501,solar,3365.383,5.008010416666666,0.0
WECC_IID,installed_12883,solar,1463.21,2.177395833333333,0.0
WECC_IID,installed_12917,solar,4887.1214,7.272502083333333,0.0
WECC_IID,installed_12918,solar,3745.8176000000003,5.574133333333334,0.0
WECC_IID,installed_12919,solar,4887.1214,7.272502083333333,0.0
WECC_IID,installed_12920,solar,4887.1214,7.272502083333333,0.0
WECC_IID,installed_12921,solar,2721.5706,4.04995625,0.0
WECC_IID,installed_12922,solar,3745.8176000000003,5.574133333333334,0.0
WECC_IID,installed_12987,solar,20338.619,30.26580208333333,0.0
WECC_IID,installed_13024,hydro,346.56218337238954,0.5157175347803415,0.0
WECC_IID,installed_13025,hydro,319.90355388220564,0.47604695518185364,0.0
WECC_IID,installed_13026,hydro,346.56218337238954,0.5157175347803415,0.0
WECC_IID,installed_13058,solar,146.321,0.21773958333333332,0.0
WECC_IID,installed_13085,solar,834.0297,1.2411156250000002,0.0
WECC_IID,installed_13141,solar,7316.05,10.886979166666666,0.0
WECC_IID,installed_13142,solar,7316.05,10.886979166666666,0.0
WECC_IID,installed_13143,solar,7316.05,10.886979166666666,0.0
WECC_IID,installed_13149,hydro,266.5862949018381,0.3967057959848781,0.0
WECC_IID,installed_13170,solar,2926.42,4.354791666666666,0.0
WECC_IID,installed_13706,solar,2926.42,4.354791666666666,0.0
WECC_IID,installed_14263,solar,2926.42,4.354791666666666,0.0
WECC_IID,installed_14345,solar,2926.42,4.354791666666666,0.0
WECC_IID,installed_14346,solar,4389.63,6.5321875,0.0
WECC_IID,installed_14902,solar,4389.63,6.5321875,0.0
WECC_IID,installed_14989,solar,7316.05,10.886979166666666,0.0
WECC_IID,installed_15283,natural gas,0.0,0.0,302.0583821977143
WECC_IID,installed_15284,natural gas,0.0,0.0,302.0583821977143
WECC_IID,installed_15285,natural gas,0.0,0.0,302.0583821977143
WECC_IID,installed_15286,natural gas,0.0,0.0,302.0583821977143
WECC_IID,installed_15478,solar,424.3309,0.6314447916666667,0.0
WECC_IID,installed_15479,solar,278.00989999999996,0.4137052083333333,0.0
WECC_IID,installed_17522,natural gas,0.0,0.0,302.40015522481
WECC_IID,installed_17523,natural gas,0.0,0.0,302.09642772797787
WECC_IID,installed_18570,geothermal,62202.0,92.5625,0.0
WECC_IID,installed_18597,wind,20.1711,0.030016517857142856,0.0
WECC_IID,installed_18598,wind,12183.3444,18.129976785714284,0.0
WECC_IID,installed_18613,solar,56377.4813,83.89506145833333,0.0
WECC_IID,optional_512_0,wind,0.0,0.0,0.0
WECC_IID,optional_513_0,wind,0.0,0.0,0.0
WECC_IID,optional_514_0,wind,0.0,0.0,0.0
WECC_IID,optional_515_0,wind,0.0,0.0,0.0
WECC_IID,optional_515_1,wind,0.0,0.0,0.0
WECC_IID,optional_515_2,wind,0.0,0.0,0.0
WECC_IID,optional_515_3,wind,0.0,0.0,0.0
WECC_IID,optional_515_4,wind,0.0,0.0,0.0
WECC_IID,optional_516_0,wind,0.0,0.0,0.0
WECC_IID,optional_516_1,wind,0.0,0.0,0.0
WECC_IID,optional_516_2,wind,0.0,0.0,0.0
WECC_IID,optional_516_3,wind,0.0,0.0,0.0
WECC_IID,optional_516_4,wind,0.0,0.0,0.0
WECC_IID,optional_825_0,solar,0.0,0.0,0.0
WECC_IID,optional_825_1,solar,0.0,0.0,0.0
WECC_IID,optional_825_2,solar,0.0,0.0,0.0
WECC_IID,optional_825_3,solar,0.0,0.0,0.0
WECC_IID,optional_825_4,solar,0.0,0.0,0.0
WECC_IID,optional_825_5,solar,0.0,0.0,0.0
WECC_IID,optional_826_0,solar,0.0,0.0,0.0
WECC_IID,optional_826_1,solar,0.0,0.0,0.0
WECC_IID,optional_826_2,solar,0.0,0.0,0.0
WECC_IID,optional_826_3,solar,0.0,0.0,0.0
WECC_IID,optional_826_4,solar,0.0,0.0,0.0
WECC_IID,optional_826_5,solar,0.0,0.0,0.0
WECC_MT,installed_180__x5,hydro,2635.8775627082823,3.9224368492682773,0.0
WECC_MT,installed_655,coal,23520.0,35.0,6.122559616444445
WECC_MT,installed_2693__x5,hydro,9225.571471458687,13.72852897538495,0.0
WECC_MT,installed_2696__x2,hydro,16869.616403444685,25.103595838459352,0.0
WECC_MT,installed_2698,hydro,790.7632689444647,1.176731054976882,0.0
WECC_MT,installed_2699__x4,hydro,3690.2285885834744,5.49141159015398,0.0
WECC_MT,installed_2703,hydro,1054.3510253472728,1.5689747401001082,0.0
WECC_MT,installed_2704__x4,hydro,12652.212305223109,18.827696882772482,0.0
WECC_MT,installed_2708__x2,hydro,32684.881782333978,48.638216937996994,0.0
WECC_MT,installed_2710,hydro,21614.19601922315,32.16398217146302,0.0
WECC_MT,installed_2712__x2,hydro,12652.21230522311,18.827696882772486,0.0
WECC_MT,installed_2714__x6,hydro,9489.15922733357,14.120772659722574,0.0
WECC_MT,installed_2716__x2,hydro,16867.021648407965,25.099734595845185,0.0
WECC_MT,installed_2717__x6,hydro,15815.265379417207,23.534621100323225,0.0
WECC_MT,installed_2729,hydro,14760.914354333898,21.96564636061592,0.0
WECC_MT,installed_2732,hydro,30022.645445199618,44.67655572202324,0.0
WECC_MT,installed_2733__x3,hydro,89356.24938254169,132.97060920021084,0.0
WECC_MT,installed_2736,hydro,33633.797703905904,50.05029420224093,0.0
WECC_MT,installed_2739__x4,hydro,112815.55966438146,167.88029711961528,0.0
WECC_MT,installed_2743__x3,hydro,56776.802711110024,84.48928974867563,0.0
WECC_MT,installed_2745,hydro,18951.959679449203,28.202320951561312,0.0
WECC_MT,installed_6678,coal,17472.0,26.0,6.122559616444445
WECC_MT,installed_6679,coal,17472.0,26.0,6.122559616444445
WECC_MT,installed_6913,hydro,2556.8012365265267,3.804763744831141,0.0
WECC_MT,installed_9011,coal,71904.0,107.0,67.670143102
WECC_MT,installed_9100__x9,natural gas,26584.409515162428,39.56013320708695,99.428273584
WECC_MT,installed_9732__x14,wind,278409.8375,414.3003534226191,0.0
WECC_MT,installed_9900,waste,1008.0,1.5,283.83969968053333
WECC_MT,installed_9914,hydro,1976.9081724931405,2.941827637638602,0.0
WECC_MT,installed_10876__x3,natural gas,65184.91444231659,97.00136077725683,373.8212218233577
WECC_MT,installed_12001,hydro,1398.986146112085,2.0818246221906027,0.0
WECC_MT,installed_12002,hydro,2032.4893066156692,3.02453765865427,0.0
WECC_MT,installed_12879,hydro,527.9193004196545,0.7855941970530573,0.0
WECC_MT,installed_13048,biomass,2016.0,3.0,0.0
WECC_MT,installed_15498,coal,493226.7040898466,733.9683096575097,249.56935526951568
WECC_MT,installed_15499,coal,497280.0,740.0,249.56935526951568
WECC_MT,installed_16134__x5,hydro,138383.57213787021,205.92793472897353,0.0
WECC_MT,installed_16349__x3,hydro,15182.654766267733,22.593236259326982,0.0
WECC_MT,installed_16457__x2,hydro,1001.6334741195028,1.490526003154022,0.0
WECC_MT,installed_16459,hydro,210.87020517503834,0.3137949481771404,0.0
WECC_MT,installed_18733,solar,1717.408,2.5556666666666663,0.0
WECC_MT,optional_517_0,wind,0.0,0.0,0.0
WECC_MT,optional_517_1,wind,0.0,0.0,0.0
WECC_MT,optional_517_2,wind,0.0,0.0,0.0
WECC_MT,optional_517_3,wind,0.0,0.0,0.0
WECC_MT,optional_517_4,wind,0.0,0.0,0.0
WECC_MT,optional_518_0,wind,0.0,0.0,0.0
WECC_MT,optional_518_1,wind,0.0,0.0,0.0
WECC_MT,optional_519_0,wind,0.0,0.0,0.0
WECC_MT,optional_519_1,wind,0.0,0.0,0.0
WECC_MT,optional_519_2,wind,0.0,0.0,0.0
WECC_MT,optional_519_3,wind,0.0,0.0,0.0
WECC_MT,optional_519_4,wind,0.0,0.0,0.0
WECC_MT,optional_520_0,wind,0.0,0.0,0.0
WECC_MT,optional_520_1,wind,0.0,0.0,0.0
WECC_MT,optional_520_2,wind,0.0,0.0,0.0
WECC_MT,optional_520_3,wind,0.0,0.0,0.0
WECC_MT,optional_520_4,wind,0.0,0.0,0.0
WECC_MT,optional_520_5,wind,0.0,0.0,0.0
WECC_MT,optional_521_0,wind,0.0,0.0,0.0
WECC_MT,optional_521_1,wind,0.0,0.0,0.0
WECC_MT,optional_521_2,wind,0.0,0.0,0.0
WECC_MT,optional_521_3,wind,0.0,0.0,0.0
WECC_MT,optional_521_4,wind,0.0,0.0,0.0
WECC_MT,optional_521_5,wind,0.0,0.0,0.0
WECC_MT,optional_522_0,wind,0.0,0.0,0.0
WECC_MT,optional_522_1,wind,0.0,0.0,0.0
WECC_MT,optional_522_2,wind,0.0,0.0,0.0
WECC_MT,optional_522_3,wind,0.0,0.0,0.0
WECC_MT,optional_522_4,wind,0.0,0.0,0.0
WECC_MT,optional_522_5,wind,0.0,0.0,0.0
WECC_MT,optional_523_0,wind,0.0,0.0,0.0
WECC_MT,optional_523_1,wind,0.0,0.0,0.0
WECC_MT,optional_523_2,wind,0.0,0.0,0.0
WECC_MT,optional_523_3,wind,0.0,0.0,0.0
WECC_MT,optional_523_4,wind,0.0,0.0,0.0
WECC_MT,optional_523_5,wind,0.0,0.0,0.0
WECC_MT,optional_524_0,wind,0.0,0.0,0.0
WECC_MT,optional_524_1,wind,0.0,0.0,0.0
WECC_MT,optional_524_2,wind,0.0,0.0,0.0
WECC_MT,optional_524_3,wind,0.0,0.0,0.0
WECC_MT,optional_524_4,wind,0.0,0.0,0.0
WECC_MT,optional_524_5,wind,0.0,0.0,0.0
WECC_MT,optional_827_0__x3,solar,0.0,0.0,0.0
WECC_MT,optional_827_3,solar,0.0,0.0,0.0
WECC_MT,optional_828_0__x4,solar,0.0,0.0,0.0
WECC_MT,optional_828_4,solar,0.0,0.0,0.0
WECC_MT,optional_828_5,solar,0.0,0.0,0.0
WECC_NM,installed_282,oil,0.0,0.0,192.772971264
WECC_NM,installed_283,oil,0.0,0.0,192.772971264
WECC_NM,installed_284__x2,non-fossil,1478.3999999999996,2.1999999999999993,0.0
WECC_NM,installed_3107,coal,385274.746839645,573.3255161304241,249.56935526951568
WECC_NM,installed_3108,coal,345232.495878357,513.7388331523169,249.56935526951568
WECC_NM,installed_3109,oil,0.0,0.0,381.83624035599996
WECC_NM,installed_3110,natural gas,0.0,0.0,421.186480336
WECC_NM,installed_3114,oil,0.0,0.0,344.518092536
WECC_NM,installed_3115,oil,0.0,0.0,344.518092536
WECC_NM,installed_3116,oil,0.0,0.0,381.72261555999995
WECC_NM,installed_3117,coal,200661.02067805332,298.60270934234126,0.0
WECC_NM,installed_3118,coal,131039.1499623458,194.99873506301458,0.0
WECC_NM,installed_3132,natural gas,2857.217291483718,4.2518114456602945,389.88500359999995
WECC_NM,installed_3133,hydro,52.791929292330096,0.07855941858977693,0.0
WECC_NM,installed_4695,oil,0.0,0.0,248.25739892740665
WECC_NM,installed_4696,oil,0.0,0.0,248.25739892740665
WECC_NM,installed_4697,oil,0.0,0.0,381.72261555999995
WECC_NM,installed_4698,natural gas,166.0,0.24702380952380953,353.72827809600005
WECC_NM,installed_4699,natural gas,14473.800000000001,21.53839285714286,368.3109153020952
WECC_NM,installed_4700,natural gas,7285.872888197113,10.842072750293323,339.6925746618182
WECC_NM,installed_4701,natural gas,4854.9211,7.224584970238094,339.6925746618182
WECC_NM,installed_4702,natural gas,9207.01225773196,13.700911097815416,339.6925746618181
WECC_NM,installed_4703,natural gas,1437.2619617702026,2.1387826812056585,339.6925746618182
WECC_NM,installed_7791,natural gas,7590.809740929415,11.29584782876401,405.378799136
WECC_NM,installed_8144,natural gas,16172.891222191449,24.06680241397537,399.430393648
WECC_NM,installed_8145,natural gas,9093.9867,13.532718303571428,399.430393648
WECC_NM,installed_8480__x2,natural gas,17956.625358646383,26.72116868846188,377.238405048
WECC_NM,installed_8482,natural gas,0.0,0.0,377.238405048
WECC_NM,installed_9065,natural gas,16769.941165475942,24.955269591482057,405.378799136
WECC_NM,installed_9187,natural gas,5328.0307,7.928617113095238,342.89578294866664
WECC_NM,installed_9188,natural gas,4674.389228350516,6.955936351712077,342.89578294866664
WECC_NM,installed_9322__x10,wind,647544.8056,963.6083416666667,0.0
WECC_NM,installed_11402__x39,solar,43201.392,64.28778571428572,0.0
WECC_NM,installed_12558,oil,0.0,0.0,0.0
WECC_NM,installed_12704__x3,battery,-1.6920575709855186,-0.0025179428139665457,0.0
WECC_NM,installed_12749,natural gas,123.0,0.18303571428571427,375.31363536971895
WECC_NM,installed_12885__x2,hydro,7918.789393849515,11.783912788466541,0.0
WECC_NM,installed_13107,natural gas,0.0,0.0,415.5359103335385
WECC_NM,installed_13108,natural gas,22.41561434461869,0.03335656896520638,415.5359103335385
WECC_NM,installed_13109,natural gas,6658.1587,9.90797425595238,415.5359103335385
WECC_NM,installed_13110,natural gas,0.0,0.0,347.840200344
WECC_NM,installed_13179__x5,geothermal,9811.199999999997,14.599999999999996,0.0
WECC_NM,installed_14010__x2,solar,1841.5978,2.7404729166666666,0.0
WECC_NM,installed_15381,waste,2284.7999999999993,3.399999999999999,0.0
WECC_NM,installed_16352__x3,hydro,7364.474136280049,10.959038893273881,0.0
WECC_NM,installed_17322,hydro,2111.677171693204,3.142376743591077,0.0
WECC_NM,installed_17470__x2,hydro,3642.643121170777,5.420599882694608,0.0
WECC_NM,installed_17472,hydro,791.8789393849513,1.1783912788466537,0.0
WECC_NM,installed_17859__x3,natural gas,12769.838811802889,19.002736327087632,375.31363536971895
WECC_NM,installed_17892,natural gas,908.5,1.3519345238095237,375.31363536971895
WECC_NM,installed_17893,natural gas,2054.0,3.056547619047619,375.31363536971895
WECC_NM,installed_17894,natural gas,6688.162031346637,9.952622070456306,375.31363536971895
WECC_NM,installed_18238,coal,34820.71060730279,51.816533641819625,160.92210911750794
WECC_NM,installed_18293,natural gas,186.0,0.2767857142857143,0.0
WECC_NM,optional_525_0,wind,0.0,0.0,0.0
WECC_NM,optional_526_0,wind,0.0,0.0,0.0
WECC_NM,optional_526_1,wind,0.0,0.0,0.0
WECC_NM,optional_526_2,wind,0.0,0.0,0.0
WECC_NM,optional_526_3,wind,0.0,0.0,0.0
WECC_NM,optional_527_0,wind,0.0,0.0,0.0
WECC_NM,optional_527_1,wind,0.0,0.0,0.0
WECC_NM,optional_527_2,wind,0.0,0.0,0.0
WECC_NM,optional_528_0,wind,0.0,0.0,0.0
WECC_NM,optional_528_1,wind,0.0,0.0,0.0
WECC_NM,optional_528_2,wind,0.0,0.0,0.0
WECC_NM,optional_528_3,wind,0.0,0.0,0.0
WECC_NM,optional_528_4,wind,0.0,0.0,0.0
WECC_NM,optional_528_5,wind,0.0,0.0,0.0
WECC_NM,optional_529_0,wind,0.0,0.0,0.0
WECC_NM,optional_529_1,wind,0.0,0.0,0.0
WECC_NM,optional_529_2,wind,0.0,0.0,0.0
WECC_NM,optional_529_3,wind,0.0,0.0,0.0
WECC_NM,optional_529_4,wind,0.0,0.0,0.0
WECC_NM,optional_529_5,wind,0.0,0.0,0.0
WECC_NM,optional_530_0,wind,0.0,0.0,0.0
WECC_NM,optional_530_1,wind,0.0,0.0,0.0
WECC_NM,optional_530_2,wind,0.0,0.0,0.0
WECC_NM,optional_530_3,wind,0.0,0.0,0.0
WECC_NM,optional_530_4,wind,0.0,0.0,0.0
WECC_NM,optional_530_5,wind,0.0,0.0,0.0
WECC_NM,optional_531_0,wind,0.0,0.0,0.0
WECC_NM,optional_531_1,wind,0.0,0.0,0.0
WECC_NM,optional_531_2,wind,0.0,0.0,0.0
WECC_NM,optional_531_3,wind,0.0,0.0,0.0
WECC_NM,optional_531_4,wind,0.0,0.0,0.0
WECC_NM,optional_531_5,wind,0.0,0.0,0.0
WECC_NM,optional_532_0,wind,0.0,0.0,0.0
WECC_NM,optional_532_1,wind,0.0,0.0,0.0
WECC_NM,optional_532_2,wind,0.0,0.0,0.0
WECC_NM,optional_532_3,wind,0.0,0.0,0.0
WECC_NM,optional_532_4,wind,0.0,0.0,0.0
WECC_NM,optional_532_5,wind,0.0,0.0,0.0
WECC_NM,optional_533_0,wind,0.0,0.0,0.0
WECC_NM,optional_534_0,wind,0.0,0.0,0.0
WECC_NM,optional_535_0,wind,0.0,0.0,0.0
WECC_NM,optional_536_0,wind,0.0,0.0,0.0
WECC_NM,optional_537_0,wind,0.0,0.0,0.0
WECC_NM,optional_537_1,wind,0.0,0.0,0.0
WECC_NM,optional_538_0,wind,0.0,0.0,0.0
WECC_NM,optional_538_1,wind,0.0,0.0,0.0
WECC_NM,optional_538_2,wind,0.0,0.0,0.0
WECC_NM,optional_538_3,wind,0.0,0.0,0.0
WECC_NM,optional_538_4,wind,0.0,0.0,0.0
WECC_NM,optional_538_5,wind,0.0,0.0,0.0
WECC_NM,optional_539_0,wind,0.0,0.0,0.0
WECC_NM,optional_539_1,wind,0.0,0.0,0.0
WECC_NM,optional_539_2,wind,0.0,0.0,0.0
WECC_NM,optional_539_3,wind,0.0,0.0,0.0
WECC_NM,optional_539_4,wind,0.0,0.0,0.0
WECC_NM,optional_539_5,wind,0.0,0.0,0.0
WECC_NM,optional_540_0,wind,0.0,0.0,0.0
WECC_NM,optional_540_1,wind,0.0,0.0,0.0
WECC_NM,optional_540_2,wind,0.0,0.0,0.0
WECC_NM,optional_540_3,wind,0.0,0.0,0.0
WECC_NM,optional_540_4,wind,0.0,0.0,0.0
WECC_NM,optional_540_5,wind,0.0,0.0,0.0
WECC_NM,optional_829_0,solar,0.0,0.0,0.0
WECC_NM,optional_829_1,solar,0.0,0.0,0.0
WECC_NM,optional_829_2,solar,0.0,0.0,0.0
WECC_NM,optional_829_3,solar,0.0,0.0,0.0
WECC_NM,optional_829_4,solar,0.0,0.0,0.0
WECC_NM,optional_829_5,solar,0.0,0.0,0.0
WECC_NM,optional_830_0__x4,solar,0.0,0.0,0.0
WECC_NM,optional_830_4,solar,0.0,0.0,0.0
WECC_NM,optional_830_5,solar,0.0,0.0,0.0
WECC_NM,optional_831_0__x5,solar,0.0,0.0,0.0
WECC_NM,optional_831_5,solar,0.0,0.0,0.0
WECC_NM,optional_832_0,solar,0.0,0.0,0.0
WECC_NM,optional_832_1,solar,0.0,0.0,0.0
WECC_NM,optional_832_2__x2,solar,0.0,0.0,0.0
WECC_NM,optional_832_4,solar,0.0,0.0,0.0
WECC_NM,optional_832_5,solar,0.0,0.0,0.0
WECC_NM,optional_833_0,solar,0.0,0.0,0.0
WECC_NM,optional_833_1,solar,0.0,0.0,0.0
WECC_NM,optional_833_2,solar,0.0,0.0,0.0
WECC_NM,optional_833_3,solar,0.0,0.0,0.0
WECC_NM,optional_833_4,solar,0.0,0.0,0.0
WECC_NM,optional_833_5,solar,0.0,0.0,0.0
WECC_NM,optional_834_0,solar,0.0,0.0,0.0
WECC_NM,optional_834_1__x2,solar,0.0,0.0,0.0
WECC_NM,optional_834_3,solar,0.0,0.0,0.0
WECC_NM,optional_834_4,solar,0.0,0.0,0.0
WECC_NM,optional_834_5,solar,0.0,0.0,0.0
WECC_NNV,installed_45__x2,geothermal,6840.49655184,10.179310345000001,0.0
WECC_NNV,installed_46,geothermal,5040.0,7.5,0.0
WECC_NNV,installed_252,geothermal,7078.991808000001,10.534214,0.0
WECC_NNV,installed_253__x3,geothermal,8340.832287648,12.411952808999999,0.0
WECC_NNV,installed_2978__x4,oil,0.0,0.0,428.95968644000004
WECC_NNV,installed_2981,natural gas,0.0,0.0,428.95968644000004
WECC_NNV,installed_2982,natural gas,3970.7126187336276,5.908798539782184,428.95968644000004
WECC_NNV,installed_2983,natural gas,3622.957983980969,5.3913065237812035,428.95968644000004
WECC_NNV,installed_2984__x3,natural gas,0.0,0.0,428.95968644000004
WECC_NNV,installed_2986,natural gas,0.0,0.0,428.95968644000004
WECC_NNV,installed_6082,hydro,897.6883042088305,1.33584569078695,0.0
WECC_NNV,installed_6453__x3,geothermal,6802.468692095998,10.122721267999998,0.0
WECC_NNV,installed_6454,geothermal,1411.2000000000003,2.1000000000000005,0.0
WECC_NNV,installed_6541__x6,solar,25992.9513,38.67998705357143,0.0
WECC_NNV,installed_6542__x8,geothermal,41829.29247033601,62.24597093800001,0.0
WECC_NNV,installed_6752,geothermal,30970.589166720005,46.08718626000001,0.0
WECC_NNV,installed_6825__x6,geothermal,67751.00449151998,100.81994715999997,0.0
WECC_NNV,installed_6857__x3,geothermal,12593.741611584004,18.740686922000005,0.0
WECC_NNV,installed_6859__x3,geothermal,5359.310964672001,7.975165126000002,0.0
WECC_NNV,installed_6861__x7,geothermal,27886.913315520007,41.49838291000001,0.0
WECC_NNV,installed_6864__x2,geothermal,4203.151387008,6.2546895639999995,0.0
WECC_NNV,installed_7353__x5,geothermal,12066.295229855998,17.955796472999996,0.0
WECC_NNV,installed_9199__x2,geothermal,4118.818494335999,6.129194187999999,0.0
WECC_NNV,installed_9214__x2,geothermal,8295.693526848001,12.344782034000001,0.0
WECC_NNV,installed_9491,coal,1297.3631963876019,1.9305999946244075,200.1588727988889
WECC_NNV,installed_9916__x3,natural gas,0.0,0.0,391.93815538857143
WECC_NNV,installed_9917,natural gas,354.44010248115467,0.5274406286921944,391.93815538857143
WECC_NNV,installed_9918__x4,natural gas,0.0,0.0,391.93815538857143
WECC_NNV,installed_9920,natural gas,273.59910000899976,0.4071415178705354,391.93815538857143
WECC_NNV,installed_9922__x2,natural gas,0.0,0.0,391.93815538857143
WECC_NNV,installed_9926__x2,natural gas,0.0,0.0,391.93815538857143
WECC_NNV,installed_9928,natural gas,0.0,0.0,391.93815538857143
WECC_NNV,installed_10055,geothermal,6182.4000000000015,9.200000000000003,0.0
WECC_NNV,installed_10056,geothermal,5308.8,7.9,0.0
WECC_NNV,installed_11247__x2,waste,2150.3999999999996,3.1999999999999993,0.0
WECC_NNV,installed_11297,wind,55765.049999999996,82.98370535714285,0.0
WECC_NNV,installed_11598,geothermal,5712.0,8.5,0.0
WECC_NNV,installed_11599,geothermal,2688.0,4.0,0.0
WECC_NNV,installed_11702__x2,geothermal,16128.0,24.0,0.0
WECC_NNV,installed_11704,geothermal,4032.0,6.0,0.0
WECC_NNV,installed_11705__x2,geothermal,16128.0,24.0,0.0
WECC_NNV,installed_12790__x3,geothermal,20160.0,30.0,0.0
WECC_NNV,installed_15087,geothermal,10886.399999999998,16.199999999999996,0.0
WECC_NNV,installed_16495,hydro,590.584410663704,0.8788458492019405,0.0
WECC_NNV,installed_16507__x6,oil,0.0,0.0,93.65532107163664
WECC_NNV,installed_16519__x3,hydro,425.2207756778668,0.632769011425397,0.0
WECC_NNV,installed_16530,hydro,496.09090495751127,0.7382305133296299,0.0
WECC_NNV,installed_16531__x2,hydro,425.2207756778668,0.632769011425397,0.0
WECC_NNV,installed_18157__x2,coal,0.0,0.0,200.1588727988889
WECC_NNV,optional_541_0,wind,0.0,0.0,0.0
WECC_NNV,optional_542_0,wind,0.0,0.0,0.0
WECC_NNV,optional_543_0,wind,0.0,0.0,0.0
WECC_NNV,optional_544_0,wind,0.0,0.0,0.0
WECC_NNV,optional_545_0,wind,0.0,0.0,0.0
WECC_NNV,optional_546_0,wind,0.0,0.0,0.0
WECC_NNV,optional_546_1,wind,0.0,0.0,0.0
WECC_NNV,optional_546_2,wind,0.0,0.0,0.0
WECC_NNV,optional_546_3,wind,0.0,0.0,0.0
WECC_NNV,optional_546_4,wind,0.0,0.0,0.0
WECC_NNV,optional_546_5,wind,0.0,0.0,0.0
WECC_NNV,optional_547_0,wind,0.0,0.0,0.0
WECC_NNV,optional_547_1,wind,0.0,0.0,0.0
WECC_NNV,optional_547_2,wind,0.0,0.0,0.0
WECC_NNV,optional_547_3,wind,0.0,0.0,0.0
WECC_NNV,optional_547_4,wind,0.0,0.0,0.0
WECC_NNV,optional_547_5,wind,0.0,0.0,0.0
WECC_NNV,optional_548_0,wind,0.0,0.0,0.0
WECC_NNV,optional_548_1,wind,0.0,0.0,0.0
WECC_NNV,optional_548_2,wind,0.0,0.0,0.0
WECC_NNV,optional_548_3,wind,0.0,0.0,0.0
WECC_NNV,optional_548_4,wind,0.0,0.0,0.0
WECC_NNV,optional_548_5,wind,0.0,0.0,0.0
WECC_NNV,optional_835_0__x2,solar,0.0,0.0,0.0
WECC_NNV,optional_835_2__x2,solar,0.0,0.0,0.0
WECC_NNV,optional_835_4,solar,0.0,0.0,0.0
WECC_NNV,optional_835_5,solar,0.0,0.0,0.0
WECC_NNV,optional_836_0,solar,0.0,0.0,0.0
WECC_NNV,optional_836_1,solar,0.0,0.0,0.0
WECC_NNV,optional_836_2__x2,solar,0.0,0.0,0.0
WECC_NNV,optional_836_4,solar,0.0,0.0,0.0
WECC_NNV,optional_836_5,solar,0.0,0.0,0.0
WECC_NNV,optional_837_0__x4,solar,0.0,0.0,0.0
WECC_NNV,optional_837_4,solar,0.0,0.0,0.0
WECC_NNV,optional_838_0__x2,solar,0.0,0.0,0.0
WECC_NNV,optional_838_2,solar,0.0,0.0,0.0
WECC_NNV,optional_838_3__x2,solar,0.0,0.0,0.0
WECC_NNV,optional_838_5,solar,0.0,0.0,0.0
WECC_PNW,installed_272__x4,hydro,1113.7887554567633,1.6574237432392311,0.0
WECC_PNW,installed_273__x2,hydro,166.63806396190841,0.24797330946712562,0.0
WECC_PNW,installed_590__x3,hydro,833.1903206448837,1.239866548578696,0.0
WECC_PNW,installed_722__x4,biomass,44486.40000000001,66.20000000000002,0.0
WECC_PNW,installed_3846__x2,hydro,7796.521288197344,11.60196620267462,0.0
WECC_PNW,installed_3857__x2,hydro,9467.204421382488,14.088101817533465,0.0
WECC_PNW,installed_3880__x2,hydro,222.75775109135276,0.3314847486478464,0.0
WECC_PNW,installed_3882,hydro,306.29190775060994,0.4557915293907886,0.0
WECC_PNW,installed_3902,hydro,5234.807150646788,7.789891593224387,0.0
WECC_PNW,installed_3990,hydro,40493.049593421136,60.25751427592431,0.0
WECC_PNW,installed_3991,hydro,41659.516046166544,61.9933274496526,0.0
WECC_PNW,installed_3992,hydro,41437.3319519737,61.66269635710372,0.0
WECC_PNW,installed_3993,hydro,15358.474911027395,22.85487337950505,0.0
WECC_PNW,installed_3994__x2,hydro,30439.21971266713,45.29645790575466,0.0
WECC_PNW,installed_3995,hydro,15247.38286671542,22.689557837374135,0.0
WECC_PNW,installed_3997,hydro,4971.368914044327,7.397870407804057,0.0
WECC_PNW,installed_3998__x2,hydro,17219.266626104036,25.62390866979767,0.0
WECC_PNW,installed_3999,hydro,777.6442993242475,1.1572087787563208,0.0
WECC_PNW,installed_4000,hydro,833.1903206448837,1.239866548578696,0.0
WECC_PNW,installed_4001,hydro,2888.3931103437635,4.2982040332496485,0.0
WECC_PNW,installed_4002,hydro,13997.597388393351,20.829758018442487,0.0
WECC_PNW,installed_4003,hydro,13219.953086563075,19.672549235956957,0.0
WECC_PNW,installed_4004,hydro,8887.363419655201,13.225243184010717,0.0
WECC_PNW,installed_4005,hydro,1277.558491766867,1.9011287079864094,0.0
WECC_PNW,installed_4006__x3,hydro,14997.425773278592,22.317597876902667,0.0
WECC_PNW,installed_4008,hydro,2138.5218230720693,3.1823241414762937,0.0
WECC_PNW,installed_4009,hydro,249.95709622130985,0.37195996461504444,0.0
WECC_PNW,installed_4011,hydro,3221.669240495157,4.794150655498745,0.0
WECC_PNW,installed_4012__x5,hydro,20829.758023083272,30.9966637248263,0.0
WECC_PNW,installed_4015,hydro,305.5031175419459,0.45461773443741954,0.0
WECC_PNW,installed_4016__x3,hydro,3249.442250598582,4.835479539581224,0.0
WECC_PNW,installed_4018,hydro,944.2823632861564,1.405182088223447,0.0
WECC_PNW,installed_4019,hydro,1555.288598648495,2.3144175575126416,0.0
WECC_PNW,installed_4020,hydro,1416.4235450684578,2.1077731325423477,0.0
WECC_PNW,installed_4021,hydro,6637.749553663411,9.877603502475313,0.0
WECC_PNW,installed_4022,hydro,7498.712886639296,11.158798938451334,0.0
WECC_PNW,installed_4024,hydro,10553.744062058759,15.704976282825534,0.0
WECC_PNW,installed_4025__x2,hydro,19996.567697704784,29.756797169203548,0.0
WECC_PNW,installed_4027__x3,hydro,3582.718378522399,5.331426158515474,0.0
WECC_PNW,installed_4030,hydro,1444.1965557287758,2.1491020174535356,0.0
WECC_PNW,installed_4031,hydro,1833.0187055301233,2.727706407038874,0.0
WECC_PNW,installed_4032,hydro,30550.311754194605,45.46177344374197,0.0
WECC_PNW,installed_4033__x2,hydro,67488.41597975367,100.42919044606201,0.0
WECC_PNW,installed_4035__x4,hydro,1555.288598091601,2.3144175566839302,0.0
WECC_PNW,installed_4036__x7,hydro,2916.1661232316596,4.339532921475684,0.0
WECC_PNW,installed_4039,hydro,333.2761282022642,0.49594661934860745,0.0
WECC_PNW,installed_4048__x4,hydro,55546.021376325596,82.65776990524643,0.0
WECC_PNW,installed_4050,hydro,1055.3744062058759,1.5704976282825533,0.0
WECC_PNW,installed_4051__x2,hydro,2221.840855053023,3.3063107962098557,0.0
WECC_PNW,installed_4053,hydro,2082.975801751433,3.0996663716539183,0.0
WECC_PNW,installed_4054,hydro,5832.3322442357385,8.679065839636516,0.0
WECC_PNW,installed_4055__x2,hydro,29717.121437169524,44.22190690054989,0.0
WECC_PNW,installed_4056,hydro,14997.425770494116,22.3175978727591,0.0
WECC_PNW,installed_4057__x8,hydro,147752.41685768473,219.86966794298323,0.0
WECC_PNW,installed_4066__x7,hydro,120729.2774554014,179.65666288006162,0.0
WECC_PNW,installed_4073__x2,hydro,7276.528798015384,10.82816785418956,0.0
WECC_PNW,installed_4075__x2,hydro,7220.982777251645,10.7455100851959,0.0
WECC_PNW,installed_4079,hydro,4721.4118178230165,7.025910443189012,0.0
WECC_PNW,installed_4080__x5,hydro,55546.02137632559,82.65776990524641,0.0
WECC_PNW,installed_4084__x17,hydro,604909.0803306994,900.1623219206837,0.0
WECC_PNW,installed_4103__x13,hydro,252734.39726228145,376.0928530688712,0.0
WECC_PNW,installed_4108,hydro,22357.273605224058,33.269752388726275,0.0
WECC_PNW,installed_4959,nuclear,792960.0,1180.0,0.0
WECC_PNW,installed_5134,coal,329398.63027487346,490.1765331471331,249.56935526951568
WECC_PNW,installed_5135__x3,hydro,41767.078329628624,62.15339037147117,0.0
WECC_PNW,installed_5138__x2,hydro,556.8943777283816,0.8287118716196156,0.0
WECC_PNW,installed_5141__x3,hydro,73426.52370348712,109.26566027304632,0.0
WECC_PNW,installed_5144__x2,hydro,45553.960098181626,67.78863109848456,0.0
WECC_PNW,installed_5146,oil,360.0,0.5357142857142857,127.77058597457376
WECC_PNW,installed_5147,hydro,1587.1489765258877,2.3618288341159044,0.0
WECC_PNW,installed_5148,hydro,1642.838414298726,2.4447000212778662,0.0
WECC_PNW,installed_5149,hydro,1754.2172898444023,2.610442395601789,0.0
WECC_PNW,installed_5150,hydro,2199.7327920271073,3.273411892897481,0.0
WECC_PNW,installed_5151,hydro,22498.532860226616,33.47995961343246,0.0
WECC_PNW,installed_5152,hydro,8464.794541471398,12.59642044861815,0.0
WECC_PNW,installed_5155,hydro,1559.3042576394687,2.3203932405349237,0.0
WECC_PNW,installed_5156__x2,hydro,29236.95483074005,43.50737326002984,0.0
WECC_PNW,installed_5158__x4,hydro,10580.993176839253,15.745525560772696,0.0
WECC_PNW,installed_5162,hydro,6237.217030557875,9.281572962139695,0.0
WECC_PNW,installed_5163__x6,hydro,37590.37049666577,55.93805133432406,0.0
WECC_PNW,installed_5165,hydro,6153.682873898618,9.157266181396754,0.0
WECC_PNW,installed_5166,hydro,250.6024699777717,0.3729203422288269,0.0
WECC_PNW,installed_5167__x2,hydro,167.0683133185145,0.24861356148588468,0.0
WECC_PNW,installed_5168__x2,hydro,4900.670524009758,7.292664470252616,0.0
WECC_PNW,installed_5170__x2,hydro,4455.155021827053,6.629694972956925,0.0
WECC_PNW,installed_5174__x2,hydro,1503.6148198666306,2.2375220533729623,0.0
WECC_PNW,installed_5176__x9,hydro,15036.148198666306,22.37522053372962,0.0
WECC_PNW,installed_5179__x7,hydro,204463.7707829753,304.2615636651418,0.0
WECC_PNW,installed_5180__x4,hydro,144681.15933383358,215.29934424677617,0.0
WECC_PNW,installed_5190__x10,hydro,233895.6386459204,348.0589860802387,0.0
WECC_PNW,installed_5200__x19,hydro,502597.1758998645,747.9124641367032,0.0
WECC_PNW,installed_5202__x2,hydro,54464.270141835725,81.0480210443984,0.0
WECC_PNW,installed_5210__x3,hydro,101911.67112429385,151.65427250638965,0.0
WECC_PNW,installed_5211,hydro,33970.55704143128,50.55142416879655,0.0
WECC_PNW,installed_5212__x4,hydro,135882.22816572513,202.2056966751862,0.0
WECC_PNW,installed_5213,hydro,33970.55704143128,50.55142416879655,0.0
WECC_PNW,installed_5217,hydro,33970.55704143128,50.55142416879655,0.0
WECC_PNW,installed_5231__x13,hydro,281618.3283852104,419.07489343037264,0.0
WECC_PNW,installed_5237__x8,hydro,191078.31354347029,284.342728487307,0.0
WECC_PNW,installed_5248,hydro,25745.580908010437,38.31187635120601,0.0
WECC_PNW,installed_5253__x2,hydro,7776.4429904580065,11.572087783419652,0.0
WECC_PNW,installed_5256__x2,hydro,14033.738318755215,20.88353916481431,0.0
WECC_PNW,installed_5258__x2,hydro,14869.079885347788,22.12660697224373,0.0
WECC_PNW,installed_5260__x3,hydro,25060.246997777176,37.292034222882705,0.0
WECC_PNW,installed_5263__x3,hydro,1503.6148198666306,2.2375220533729623,0.0
WECC_PNW,installed_5269,hydro,11137.887554567631,16.57423743239231,0.0
WECC_PNW,installed_5270__x6,hydro,68498.00846059094,101.9315602092127,0.0
WECC_PNW,installed_5274,hydro,56636.158214976414,84.2799973437149,0.0
WECC_PNW,installed_5275,hydro,46779.12772918405,69.61179721604769,0.0
WECC_PNW,installed_5283__x16,hydro,392944.6729251462,584.7390966148008,0.0
WECC_PNW,installed_5310__x4,hydro,100240.9879911087,149.16813689153082,0.0
WECC_PNW,installed_5313__x3,hydro,92722.91389177556,137.98052662466603,0.0
WECC_PNW,installed_5316__x18,hydro,676626.6689399835,1006.8849240178325,0.0
WECC_PNW,installed_5328,hydro,7239.626910468962,10.773254331055004,0.0
WECC_PNW,installed_5704,hydro,6665.522564045283,9.918932386972147,0.0
WECC_PNW,installed_5705,hydro,3749.356443319648,5.579399469225667,0.0
WECC_PNW,installed_5957,hydro,361.9813455234481,0.5386627165527502,0.0
WECC_PNW,installed_6033__x2,hydro,1392.2359443209539,2.0717796790490386,0.0
WECC_PNW,installed_6067,hydro,27.844718886419095,0.0414355935809808,0.0
WECC_PNW,installed_6130__x2,non-fossil,3091.2000000000007,4.600000000000001,0.0
WECC_PNW,installed_6142,hydro,499.91419244261965,0.7439199292300888,0.0
WECC_PNW,installed_6143,hydro,805.4173099845659,1.198537663667509,0.0
WECC_PNW,installed_6144,hydro,1860.7917161904406,2.7690352919500603,0.0
WECC_PNW,installed_6169__x3,hydro,417.6707832962862,0.6215339037147116,0.0
WECC_PNW,installed_6172__x2,hydro,835.3415665925723,1.2430678074294232,0.0
WECC_PNW,installed_6187__x3,biomass,26812.8,39.9,5.485741647999999
WECC_PNW,installed_6219__x2,hydro,445.5155021827055,0.6629694972956928,0.0
WECC_PNW,installed_6221,hydro,445.5155021827055,0.6629694972956928,0.0
WECC_PNW,installed_6432__x2,waste,7795.199999999998,11.599999999999998,361.156073892
WECC_PNW,installed_6442,oil,1552.5,2.310267857142857,68.0388
WECC_PNW,installed_6443,non-fossil,18144.0,27.0,0.0
WECC_PNW,installed_6484__x7,hydro,389.8260644098672,0.5800983101337309,0.0
WECC_PNW,installed_6581__x2,hydro,6348.59590610355,9.447315336463616,0.0
WECC_PNW,installed_6640__x2,waste,15321.600000000004,22.800000000000004,326.3225748051709
WECC_PNW,installed_6674,hydro,555.4602137632558,0.8265776990524639,0.0
WECC_PNW,installed_6675__x2,hydro,277.73010716007514,0.413288849940588,0.0
WECC_PNW,installed_6676__x3,hydro,666.5522566829754,0.9918932391115706,0.0
WECC_PNW,installed_6677,biomass,5040.0,7.5,104.443867124
WECC_PNW,installed_6696,hydro,1113.7887554567633,1.6574237432392311,0.0
WECC_PNW,installed_6706__x2,hydro,1499.7425773278599,2.2317597876902675,0.0
WECC_PNW,installed_6709,biomass,5241.5999999999985,7.799999999999998,164.664328616
WECC_PNW,installed_7046__x2,hydro,5012.049399555435,7.45840684457654,0.0
WECC_PNW,installed_7048,hydro,584.7390966148007,0.8701474652005963,0.0
WECC_PNW,installed_7049,hydro,916.5093526258383,1.3638532033122595,0.0
WECC_PNW,installed_7057,hydro,3452.745141915966,5.138013604041616,0.0
WECC_PNW,installed_7058,natural gas,1544.4,2.2982142857142858,303.75695464
WECC_PNW,installed_7059,natural gas,5760.0,8.571428571428571,303.75695464
WECC_PNW,installed_7060,natural gas,5846.400000000001,8.700000000000001,303.75695464
WECC_PNW,installed_7137,hydro,1169.4781932296014,1.7402949304011925,0.0
WECC_PNW,installed_7184,natural gas,30492.000000000004,45.37500000000001,439.0802311439999
WECC_PNW,installed_7185,natural gas,21542.400000000005,32.057142857142864,439.0802311439999
WECC_PNW,installed_7214__x2,natural gas,78432.0,116.71428571428571,409.1626636
WECC_PNW,installed_7216,natural gas,42221.620363821705,62.829792208068014,409.1626636
WECC_PNW,installed_7252,non-fossil,7929.5999999999985,11.799999999999997,0.0
WECC_PNW,installed_7253,non-fossil,7929.5999999999985,11.799999999999997,0.0
WECC_PNW,installed_7254__x2,non-fossil,14851.674351359998,22.100705879999996,0.0
WECC_PNW,installed_7359__x3,hydro,167.06831331851453,0.2486135614858847,0.0
WECC_PNW,installed_7444,hydro,5138.006976335552,7.645843714785048,0.0
WECC_PNW,installed_7480__x2,natural gas,107520.0,160.0,397.423249048
WECC_PNW,installed_7481__x2,natural gas,177385.51808791037,263.96654477367616,397.423249048
WECC_PNW,installed_7605,hydro,1030.2545987975059,1.5331169624962886,0.0
WECC_PNW,installed_7697,natural gas,3780.0,5.625,335.926379668
WECC_PNW,installed_7698,natural gas,1008.0,1.5,305.323661408
WECC_PNW,installed_7761__x2,biomass,14780.600000000002,21.99494047619048,50.1672752
WECC_PNW,installed_7872,biomass,3897.599999999999,5.799999999999999,0.0
WECC_PNW,installed_7911__x2,natural gas,200880.0,298.92857142857144,394.934389744
WECC_PNW,installed_7913,natural gas,116640.0,173.57142857142858,394.934389744
WECC_PNW,installed_7959__x44,wind,1189674.4384,1770.3488666666667,0.0
WECC_PNW,installed_8079,natural gas,95810.87449259157,142.57570609016602,383.08974184799996
WECC_PNW,installed_8080,natural gas,65856.0,98.0,383.08974184799996
WECC_PNW,installed_8459__x2,natural gas,194304.0,289.14285714285717,398.68287403200003
WECC_PNW,installed_8461,natural gas,124488.0,185.25,398.68287403200003
WECC_PNW,installed_8717,natural gas,23054.399999999998,34.30714285714286,379.98309024
WECC_PNW,installed_8718,natural gas,26544.0,39.5,379.98309024
WECC_PNW,installed_8795,natural gas,12600.0,18.75,353.378105072
WECC_PNW,installed_8796,natural gas,16800.0,25.0,353.378105072
WECC_PNW,installed_8797,natural gas,12600.0,18.75,353.378105072
WECC_PNW,installed_8798,natural gas,14400.0,21.428571428571427,353.378105072
WECC_PNW,installed_8807__x25,wind,1161101.7952,1727.8300523809526,0.0
WECC_PNW,installed_8927,natural gas,18840.0,28.035714285714285,407.928439768
WECC_PNW,installed_8928__x2,natural gas,38400.0,57.142857142857146,407.928439768
WECC_PNW,installed_8969,natural gas,16536.016720596897,24.607167738983478,401.054253008
WECC_PNW,installed_8970,natural gas,6627.11318952699,9.861775579653258,401.054253008
WECC_PNW,installed_9078,natural gas,18529.954966835492,27.5743377482671,388.13822080799997
WECC_PNW,installed_9079,natural gas,27552.0,41.0,388.13822080799997
WECC_PNW,installed_9111__x3,biomass,12264.57066030616,18.250849196884168,0.0
WECC_PNW,installed_9497,natural gas,129124.79999999997,192.14999999999995,371.29226752
WECC_PNW,installed_9498,natural gas,88128.0,131.14285714285714,371.29226752
WECC_PNW,installed_9654,solar,47.3775,0.07050223214285714,0.0
WECC_PNW,installed_9833__x2,waste,2016.0,3.0,0.0
WECC_PNW,installed_9867,biomass,0.0,0.0,0.0
WECC_PNW,installed_10590,hydro,1698.5278520715642,2.5275712084398276,0.0
WECC_PNW,installed_10591__x2,hydro,25617.141375505555,38.120746094502316,0.0
WECC_PNW,installed_10593,hydro,612.5838155012199,0.9115830587815772,0.0
WECC_PNW,installed_10594__x2,hydro,1280.8570687752772,1.906037304725115,0.0
WECC_PNW,installed_10595,hydro,7462.384661560313,11.104739079702847,0.0
WECC_PNW,installed_10907,oil,0.0,0.0,82.48654399667805
WECC_PNW,installed_11053__x8,waste,4300.799999999999,6.399999999999999,0.0
WECC_PNW,installed_11054__x4,waste,4300.799999999999,6.399999999999999,0.0
WECC_PNW,installed_11079__x6,waste,3225.5999999999995,4.799999999999999,0.0
WECC_PNW,installed_11187__x2,non-fossil,35241.26117567999,52.442352939999985,0.0
WECC_PNW,installed_11487,waste,201.59999999999997,0.29999999999999993,42.67952111701229
WECC_PNW,installed_11488,waste,201.59999999999997,0.29999999999999993,42.67952111701229
WECC_PNW,installed_11489__x2,waste,403.19999999999993,0.5999999999999999,42.67952111701229
WECC_PNW,installed_11490__x6,waste,1209.6000000000004,1.8000000000000005,42.679521117012285
WECC_PNW,installed_11491__x3,waste,604.8000000000002,0.9000000000000002,42.67952111701229
WECC_PNW,installed_11492__x2,waste,403.19999999999993,0.5999999999999999,42.67952111701229
WECC_PNW,installed_11495__x2,waste,403.19999999999993,0.5999999999999999,42.67952111701229
WECC_PNW,installed_11502,waste,201.59999999999997,0.29999999999999993,42.67952111701229
WECC_PNW,installed_11592__x22,solar,18581.455499715732,27.650975446005553,0.0
WECC_PNW,installed_11675,hydro,918.8757232518296,1.3673745881723656,0.0
WECC_PNW,installed_11769__x2,hydro,3842.5712063258334,5.718111914175347,0.0
WECC_PNW,installed_11939,natural gas,2745.6000000000004,4.085714285714286,202.06253542399998
WECC_PNW,installed_11940,natural gas,264.0,0.39285714285714285,202.06253542399998
WECC_PNW,installed_12095,non-fossil,3398.264470272,5.056941176,0.0
WECC_PNW,installed_12099,hydro,2199.7327920271073,3.273411892897481,0.0
WECC_PNW,installed_12328__x2,waste,2150.3999999999996,3.1999999999999993,0.0
WECC_PNW,installed_12338,waste,1075.1999999999998,1.5999999999999996,0.0
WECC_PNW,installed_12468__x3,geothermal,11894.4,17.7,0.0
WECC_PNW,installed_12719,natural gas,10771.199999999999,16.02857142857143,452.64444631199996
WECC_PNW,installed_12720,natural gas,12566.399999999998,18.699999999999996,452.64444631199996
WECC_PNW,installed_12721__x2,natural gas,24235.199999999997,36.06428571428571,452.64444631199996
WECC_PNW,installed_12722,natural gas,11219.999999999998,16.69642857142857,452.64444631199996
WECC_PNW,installed_12723,natural gas,12117.599999999999,18.032142857142855,452.64444631199996
WECC_PNW,installed_12724,natural gas,12566.399999999998,18.699999999999996,452.64444631199996
WECC_PNW,installed_12725,natural gas,10264.4839900265,15.274529747063244,452.64444631199996
WECC_PNW,installed_12726,natural gas,9424.8,14.024999999999999,452.64444631199996
WECC_PNW,installed_12727,natural gas,12566.399999999998,18.699999999999996,452.64444631199996
WECC_PNW,installed_12728,natural gas,10771.199999999999,16.02857142857143,452.64444631199996
WECC_PNW,installed_12729,natural gas,10771.199999999999,16.02857142857143,452.64444631199996
WECC_PNW,installed_12830,biomass,5260.0,7.8273809523809526,8.471737784
WECC_PNW,installed_12855__x3,non-fossil,3225.6,4.8,0.0
WECC_PNW,installed_12988,hydro,306.29190775060994,0.4557915293907886,0.0
WECC_PNW,installed_13030,natural gas,126558.65107797839,188.3313260088964,402.24992152
WECC_PNW,installed_13031,natural gas,99779.99999999999,148.48214285714283,402.24992152
WECC_PNW,installed_13140,non-fossil,672.0,1.0,0.0
WECC_PNW,installed_13239__x3,waste,3225.6,4.8,0.0
WECC_PNW,installed_13242__x3,waste,3024.0,4.5,0.0
WECC_PNW,installed_13250,hydro,779.6521288197343,1.1601966202674618,0.0
WECC_PNW,installed_13957,hydro,389.8260644098672,0.5800983101337309,0.0
WECC_PNW,installed_13958,hydro,1698.527852071564,2.527571208439827,0.0
WECC_PNW,installed_13979,geothermal,1209.6000000000004,1.8000000000000005,0.0
WECC_PNW,installed_14319,non-fossil,1075.1999999999998,1.5999999999999996,0.0
WECC_PNW,installed_14658__x5,battery,-4.165064790118194,-0.006198013080533027,0.0
WECC_PNW,installed_14929,non-fossil,470.4000000000001,0.7000000000000002,0.0
WECC_PNW,installed_14930,non-fossil,537.5999999999999,0.7999999999999998,0.0
WECC_PNW,installed_15120,battery,-3.253956867279843,-0.004842197719166433,0.0
WECC_PNW,installed_15383,natural gas,13392.0,19.928571428571427,169.26329790399998
WECC_PNW,installed_15384,natural gas,31248.0,46.5,169.26329790399998
WECC_PNW,installed_15385,natural gas,11280.0,16.785714285714285,169.26329790399998
WECC_PNW,installed_15386,natural gas,10152.0,15.107142857142858,169.26329790399998
WECC_PNW,installed_15920,natural gas,0.0,0.0,294.5595452546667
WECC_PNW,installed_15921,natural gas,28944.0,43.07142857142857,294.5595452546667
WECC_PNW,installed_16082__x18,hydro,626506.1749444293,932.3008555720675,0.0
WECC_PNW,installed_16092__x3,hydro,576385.6809488751,857.7167871263023,0.0
WECC_PNW,installed_16096__x3,hydro,672449.9611070206,1000.6695849806854,0.0
WECC_PNW,installed_16106__x4,hydro,11137.887554567631,16.57423743239231,0.0
WECC_PNW,installed_16109__x6,pump hydro,-702.1253449349342,-1.044829382343652,0.0
WECC_PNW,installed_16139__x2,hydro,13608.775237478218,20.251153627199727,0.0
WECC_PNW,installed_16190__x3,hydro,1002.4098799110868,1.4916813689153077,0.0
WECC_PNW,installed_16191__x7,hydro,29236.95483074005,43.50737326002984,0.0
WECC_PNW,installed_16192__x2,hydro,10580.993176839253,15.745525560772696,0.0
WECC_PNW,installed_16196__x4,hydro,18934.408842764977,28.17620363506693,0.0
WECC_PNW,installed_16201__x8,hydro,93558.2554583681,139.22359443209538,0.0
WECC_PNW,installed_16209__x2,hydro,65156.64219422065,96.95928897949501,0.0
WECC_PNW,installed_16211__x2,hydro,72674.71629355379,108.14689924635981,0.0
WECC_PNW,installed_16227,natural gas,3150.0,4.6875,249.95949194559992
WECC_PNW,installed_16233,hydro,4677.912772918406,6.96117972160477,0.0
WECC_PNW,installed_16355,hydro,4776.957838586756,7.108568212182673,0.0
WECC_PNW,installed_16363,hydro,3591.9687363480607,5.345191571946519,0.0
WECC_PNW,installed_16391,hydro,10692.609113968108,15.911620705309685,0.0
WECC_PNW,installed_16396,hydro,8743.241730335592,13.010776384427965,0.0
WECC_PNW,installed_16397,hydro,8548.328698130663,12.720727229361106,0.0
WECC_PNW,installed_16404__x3,hydro,26730.930130962315,39.778169837741544,0.0
WECC_PNW,installed_16408__x2,hydro,52348.07150646788,77.89891593224387,0.0
WECC_PNW,installed_16412__x2,hydro,88212.06943217562,131.26796046454706,0.0
WECC_PNW,installed_16413__x2,hydro,89938.44200313365,133.83696726656794,0.0
WECC_PNW,installed_16416__x2,hydro,129199.49563298456,192.26115421575082,0.0
WECC_PNW,installed_16478,hydro,55.54602132063614,0.08265776982237522,0.0
WECC_PNW,installed_16488__x2,hydro,12220.124701677842,18.184709377496787,0.0
WECC_PNW,installed_16490__x2,hydro,612.5838155012199,0.9115830587815772,0.0
WECC_PNW,installed_16491,hydro,111.37887554567638,0.1657423743239232,0.0
WECC_PNW,installed_16493,hydro,473.36022106912424,0.704405090876673,0.0
WECC_PNW,installed_16494,hydro,584.7390966148007,0.8701474652005963,0.0
WECC_PNW,installed_16543__x2,hydro,5554.602137632557,8.265776990524639,0.0
WECC_PNW,installed_16873,hydro,1837.7514465036593,2.734749176344731,0.0
WECC_PNW,installed_16890,hydro,4315.931427394957,6.422517005052019,0.0
WECC_PNW,installed_17127,natural gas,83160.0,123.75,393.86683577244446
WECC_PNW,installed_17128,natural gas,47040.0,70.0,397.423249048
WECC_PNW,installed_17183__x7,waste,3763.2000000000007,5.600000000000001,0.0
WECC_PNW,installed_17190__x2,hydro,19491.303220493362,29.00491550668655,0.0
WECC_PNW,installed_17194,hydro,1388.6505344081393,2.0664442476311597,0.0
WECC_PNW,installed_17226,natural gas,42768.0,63.642857142857146,411.9110423268571
WECC_PNW,installed_17227,natural gas,33264.0,49.5,411.9110423268571
WECC_PNW,installed_17257,hydro,1944.1107481713962,2.8930219466836253,0.0
WECC_PNW,installed_17259,hydro,2506.0246997777176,3.72920342228827,0.0
WECC_PNW,installed_17317__x2,hydro,3898.260644098672,5.80098310133731,0.0
WECC_PNW,installed_17329,natural gas,0.0,0.0,382.549967368
WECC_PNW,installed_17375__x2,waste,2016.0,3.0,0.0
WECC_PNW,installed_17538__x5,waste,7056.0,10.5,0.0
WECC_PNW,installed_17543__x2,waste,13440.0,20.0,0.0
WECC_PNW,installed_17545,waste,4032.0,6.0,0.0
WECC_PNW,installed_17658,natural gas,4968.0,7.392857142857143,351.57206032269505
WECC_PNW,installed_17659,natural gas,4968.0,7.392857142857143,351.57206032269505
WECC_PNW,installed_17660,natural gas,1345.5,2.002232142857143,351.57206032269505
WECC_PNW,installed_17661,natural gas,12074.399999999998,17.967857142857138,412.27476198927593
WECC_PNW,installed_17783,natural gas,96330.61401272767,143.34912799513046,365.53618504
WECC_PNW,installed_17784,natural gas,78624.0,117.0,365.53618504
WECC_PNW,installed_17954,natural gas,11550.0,17.1875,385.910630496
WECC_PNW,installed_17955,natural gas,11909.631886227471,17.722666497362308,385.910630496
WECC_PNW,installed_17956,natural gas,0.0,0.0,385.910630496
WECC_PNW,installed_17997,natural gas,492.00000000000006,0.7321428571428572,286.3639637301
WECC_PNW,installed_17998,natural gas,885.6000000000001,1.317857142857143,286.3639637301
WECC_PNW,installed_17999,natural gas,492.00000000000006,0.7321428571428572,286.3639637301
WECC_PNW,installed_18000,natural gas,282.9,0.4209821428571428,286.3639637301
WECC_PNW,installed_18001,natural gas,492.00000000000006,0.7321428571428572,286.3639637301
WECC_PNW,installed_18002,natural gas,0.0,0.0,286.3639637301
WECC_PNW,installed_18082,natural gas,34992.0,52.07142857142857,397.4576358797971
WECC_PNW,installed_18083,natural gas,27216.0,40.5,397.4576358797971
WECC_PNW,installed_18084,natural gas,34992.0,52.07142857142857,397.4576358797971
WECC_PNW,installed_18085,natural gas,28512.0,42.42857142857143,397.4576358797971
WECC_PNW,installed_18086,natural gas,28512.0,42.42857142857143,397.4576358797971
WECC_PNW,installed_18087,natural gas,28512.0,42.42857142857143,397.45763587979707
WECC_PNW,installed_18088,natural gas,72336.0,107.64285714285714,325.149373942
WECC_PNW,installed_18089,natural gas,15552.0,23.142857142857142,214.04571681140703
WECC_PNW,installed_18182,hydro,12335.210466683655,18.355967956374485,0.0
WECC_PNW,installed_18183,hydro,20577.247257063707,30.6209036563448,0.0
WECC_PNW,installed_18184,hydro,20438.02366263161,30.413725688439897,0.0
WECC_PNW,installed_18185,hydro,17542.17289844402,26.104423956017886,0.0
WECC_PNW,installed_18186__x5,hydro,3898.260644098672,5.80098310133731,0.0
WECC_PNW,installed_18191,hydro,974.565161024668,1.4502457753343274,0.0
WECC_PNW,installed_18193__x2,hydro,50120.49399555435,74.58406844576541,0.0
WECC_PNW,installed_18195,hydro,61258.381550121994,91.15830587815773,0.0
WECC_PNW,installed_18227__x3,hydro,11694.781932296013,17.402949304011923,0.0
WECC_PNW,installed_18304,hydro,2840.1613264147463,4.2264305452600395,0.0
WECC_PNW,installed_18309,hydro,2617.403575323394,3.8949457966121934,0.0
WECC_PNW,installed_18515,natural gas,8040.0,11.964285714285714,294.5595452546667
WECC_PNW,installed_18516,natural gas,0.0,0.0,294.5595452546667
WECC_PNW,installed_18599__x3,wind,2935.08864,4.367691428571429,0.0
WECC_PNW,installed_18904,hydro,111.37887554567638,0.1657423743239232,0.0
WECC_PNW,optional_549_0,wind,0.0,0.0,0.0
WECC_PNW,optional_550_0,wind,0.0,0.0,0.0
WECC_PNW,optional_551_0,wind,0.0,0.0,0.0
WECC_PNW,optional_552_0,wind,0.0,0.0,0.0
WECC_PNW,optional_553_0,wind,0.0,0.0,0.0
WECC_PNW,optional_554_0,wind,0.0,0.0,0.0
WECC_PNW,optional_555_0,wind,0.0,0.0,0.0
WECC_PNW,optional_556_0,wind,0.0,0.0,0.0
WECC_PNW,optional_557_0,wind,0.0,0.0,0.0
WECC_PNW,optional_558_0,wind,0.0,0.0,0.0
WECC_PNW,optional_559_0,wind,0.0,0.0,0.0
WECC_PNW,optional_560_0,wind,0.0,0.0,0.0
WECC_PNW,optional_561_0,wind,0.0,0.0,0.0
WECC_PNW,optional_562_0,wind,0.0,0.0,0.0
WECC_PNW,optional_563_0,wind,0.0,0.0,0.0
WECC_PNW,optional_563_1,wind,0.0,0.0,0.0
WECC_PNW,optional_564_0,wind,0.0,0.0,0.0
WECC_PNW,optional_565_0,wind,0.0,0.0,0.0
WECC_PNW,optional_566_0,wind,0.0,0.0,0.0
WECC_PNW,optional_567_0,wind,0.0,0.0,0.0
WECC_PNW,optional_568_0,wind,0.0,0.0,0.0
WECC_PNW,optional_569_0,wind,0.0,0.0,0.0
WECC_PNW,optional_569_1,wind,0.0,0.0,0.0
WECC_PNW,optional_569_2,wind,0.0,0.0,0.0
WECC_PNW,optional_570_0,wind,0.0,0.0,0.0
WECC_PNW,optional_570_1,wind,0.0,0.0,0.0
WECC_PNW,optional_570_2,wind,0.0,0.0,0.0
WECC_PNW,optional_570_3,wind,0.0,0.0,0.0
WECC_PNW,optional_570_4,wind,0.0,0.0,0.0
WECC_PNW,optional_570_5,wind,0.0,0.0,0.0
WECC_PNW,optional_571_0,wind,0.0,0.0,0.0
WECC_PNW,optional_571_1,wind,0.0,0.0,0.0
WECC_PNW,optional_571_2,wind,0.0,0.0,0.0
WECC_PNW,optional_571_3,wind,0.0,0.0,0.0
WECC_PNW,optional_571_4,wind,0.0,0.0,0.0
WECC_PNW,optional_571_5,wind,0.0,0.0,0.0
WECC_PNW,optional_572_0,wind,0.0,0.0,0.0
WECC_PNW,optional_573_0,wind,0.0,0.0,0.0
WECC_PNW,optional_574_0,wind,0.0,0.0,0.0
WECC_PNW,optional_575_0,wind,0.0,0.0,0.0
WECC_PNW,optional_576_0,wind,0.0,0.0,0.0
WECC_PNW,optional_577_0,wind,0.0,0.0,0.0
WECC_PNW,optional_577_1,wind,0.0,0.0,0.0
WECC_PNW,optional_578_0,wind,0.0,0.0,0.0
WECC_PNW,optional_578_1,wind,0.0,0.0,0.0
WECC_PNW,optional_578_2,wind,0.0,0.0,0.0
WECC_PNW,optional_578_3,wind,0.0,0.0,0.0
WECC_PNW,optional_578_4,wind,0.0,0.0,0.0
WECC_PNW,optional_578_5,wind,0.0,0.0,0.0
WECC_PNW,optional_579_0,wind,0.0,0.0,0.0
WECC_PNW,optional_579_1,wind,0.0,0.0,0.0
WECC_PNW,optional_579_2,wind,0.0,0.0,0.0
WECC_PNW,optional_579_3,wind,0.0,0.0,0.0
WECC_PNW,optional_579_4,wind,0.0,0.0,0.0
WECC_PNW,optional_579_5,wind,0.0,0.0,0.0
WECC_PNW,optional_839_0,solar,0.0,0.0,0.0
WECC_PNW,optional_840_0,solar,0.0,0.0,0.0
WECC_PNW,optional_840_1,solar,0.0,0.0,0.0
WECC_PNW,optional_841_0,solar,0.0,0.0,0.0
WECC_PNW,optional_841_1,solar,0.0,0.0,0.0
WECC_PNW,optional_841_2,solar,0.0,0.0,0.0
WECC_PNW,optional_841_3,solar,0.0,0.0,0.0
WECC_PNW,optional_841_4,solar,0.0,0.0,0.0
WECC_PNW,optional_841_5,solar,0.0,0.0,0.0
WECC_PNW,optional_842_0,solar,0.0,0.0,0.0
WECC_PNW,optional_842_1,solar,0.0,0.0,0.0
WECC_PNW,optional_842_2,solar,0.0,0.0,0.0
WECC_PNW,optional_842_3,solar,0.0,0.0,0.0
WECC_PNW,optional_842_4,solar,0.0,0.0,0.0
WECC_PNW,optional_842_5,solar,0.0,0.0,0.0
WECC_PNW,optional_843_0,solar,0.0,0.0,0.0
WECC_PNW,optional_843_1,solar,0.0,0.0,0.0
WECC_PNW,optional_844_0,solar,0.0,0.0,0.0
WECC_PNW,optional_845_0,solar,0.0,0.0,0.0
WECC_PNW,optional_845_1,solar,0.0,0.0,0.0
WECC_PNW,optional_845_2__x2,solar,0.0,0.0,0.0
WECC_PNW,optional_845_4,solar,0.0,0.0,0.0
WECC_PNW,optional_845_5,solar,0.0,0.0,0.0
WECC_PNW,optional_846_0__x2,solar,0.0,0.0,0.0
WECC_PNW,optional_846_2,solar,0.0,0.0,0.0
WECC_PNW,optional_846_3,solar,0.0,0.0,0.0
WECC_PNW,optional_846_4,solar,0.0,0.0,0.0
WECC_PNW,optional_846_5,solar,0.0,0.0,0.0
WECC_PNW,optional_847_0,solar,0.0,0.0,0.0
WECC_PNW,optional_847_1,solar,0.0,0.0,0.0
WECC_PNW,optional_847_2,solar,0.0,0.0,0.0
WECC_PNW,optional_847_3,solar,0.0,0.0,0.0
WECC_PNW,optional_847_4,solar,0.0,0.0,0.0
WECC_PNW,optional_847_5,solar,0.0,0.0,0.0
WECC_PNW,optional_848_0__x2,solar,0.0,0.0,0.0
WECC_PNW,optional_848_2,solar,0.0,0.0,0.0
WECC_PNW,optional_848_3,solar,0.0,0.0,0.0
WECC_PNW,optional_848_4,solar,0.0,0.0,0.0
WECC_PNW,optional_848_5,solar,0.0,0.0,0.0
WECC_PNW,optional_849_0__x3,solar,0.0,0.0,0.0
WECC_PNW,optional_849_3,solar,0.0,0.0,0.0
WECC_PNW,optional_849_4,solar,0.0,0.0,0.0
WECC_PNW,optional_849_5,solar,0.0,0.0,0.0
WECC_SCE,installed_57,wind,2975.607970016168,4.427988050619298,0.0
WECC_SCE,installed_314,waste,8291.612904959999,12.338709679999997,4.280486280083333
WECC_SCE,installed_352,solar,4342.392,6.461892857142857,0.0
WECC_SCE,installed_353,solar,4342.392,6.461892857142857,0.0
WECC_SCE,installed_354,solar,4342.392,6.461892857142857,0.0
WECC_SCE,installed_355,solar,4342.392,6.461892857142857,0.0
WECC_SCE,installed_356,solar,4342.392,6.461892857142857,0.0
WECC_SCE,installed_490,non-fossil,20630.399999999994,30.699999999999992,0.0
WECC_SCE,installed_534,waste,555.762162144,0.827027027,0.0
WECC_SCE,installed_535,waste,555.762162144,0.827027027,0.0
WECC_SCE,installed_536,waste,555.762162144,0.827027027,0.0
WECC_SCE,installed_4405,hydro,621.9474046903036,0.9255169712653328,0.0
WECC_SCE,installed_4406,hydro,740.4135770122664,1.1018059181730155,0.0
WECC_SCE,installed_4407,hydro,1776.9925848294388,2.6443342036152364,0.0
WECC_SCE,installed_6087,wind,1867.66883223053,2.779269095581146,0.0
WECC_SCE,installed_6168,hydro,355.3985169658879,0.5288668407230475,0.0
WECC_SCE,installed_6180,wind,4906.58761129419,7.301469659663972,0.0
WECC_SCE,installed_6288,wind,6869.2226551698195,10.222057522574136,0.0
WECC_SCE,installed_6289,wind,1076.283733903938,1.6016126992618123,0.0
WECC_SCE,installed_6323,wind,15796.046562650141,23.50602167061033,0.0
WECC_SCE,installed_6410,natural gas,0.0,0.0,242.32773872407
WECC_SCE,installed_6411,natural gas,798.0,1.1875,242.32773872407
WECC_SCE,installed_6412,natural gas,0.0,0.0,242.32773872407
WECC_SCE,installed_6579,wind,7913.85098326592,11.776563963193334,0.0
WECC_SCE,installed_6580,wind,9496.621180561151,14.131876756787427,0.0
WECC_SCE,installed_6827,wind,7439.01992504042,11.069970126548245,0.0
WECC_SCE,installed_6828,wind,7122.465886223421,10.598907568784853,0.0
WECC_SCE,installed_6835,wind,6964.1888668149195,10.363376289903155,0.0
WECC_SCE,installed_6836,wind,5824.594323863489,8.66755107717781,0.0
WECC_SCE,installed_6839,wind,569.797270833669,0.8479126054072456,0.0
WECC_SCE,installed_7050,wind,5064.86463070269,7.5370009385456695,0.0
WECC_SCE,installed_7323,wind,2880.6417580500447,4.286669282812566,0.0
WECC_SCE,installed_7324,wind,3038.918777779568,4.522200562171976,0.0
WECC_SCE,installed_7377,wind,2310.8444872163764,3.4387566774053218,0.0
WECC_SCE,installed_7378,wind,1709.3918125010068,2.5437378162217366,0.0
WECC_SCE,installed_7379,wind,3672.0268566976597,5.464325679609613,0.0
WECC_SCE,installed_8039,waste,882.6810814080001,1.313513514,0.0
WECC_SCE,installed_8040,waste,882.6810814080001,1.313513514,0.0
WECC_SCE,installed_8499,wind,12662.161575151607,18.842502343975607,0.0
WECC_SCE,installed_8850,waste,882.6810814080001,1.313513514,0.0
WECC_SCE,installed_9080,waste,326.91891859200007,0.4864864860000001,0.0
WECC_SCE,installed_9420,waste,424.994594304,0.632432432,0.0
WECC_SCE,installed_9421,waste,424.994594304,0.632432432,0.0
WECC_SCE,installed_11507,wind,2532.432314709299,3.7685004683174093,0.0
WECC_SCE,installed_11512,solar,1204.188514310878,1.791947193914997,0.0
WECC_SCE,installed_11657,natural gas,50.39999999999999,0.07499999999999998,265.40575104
WECC_SCE,installed_11806,solar,60.20942566126399,0.08959735961497618,0.0
WECC_SCE,installed_11807,solar,60.20942566126399,0.08959735961497618,0.0
WECC_SCE,installed_11808,solar,60.20942566126399,0.08959735961497618,0.0
WECC_SCE,installed_11809,solar,60.20942566126399,0.08959735961497618,0.0
WECC_SCE,installed_11810,solar,60.20942566126399,0.08959735961497618,0.0
WECC_SCE,installed_11811,solar,60.20942566126399,0.08959735961497618,0.0
WECC_SCE,installed_11812,solar,60.20942566126399,0.08959735961497618,0.0
WECC_SCE,installed_11813,solar,60.20942566126399,0.08959735961497618,0.0
WECC_SCE,installed_11814,solar,60.20942566126399,0.08959735961497618,0.0
WECC_SCE,installed_11815,solar,60.20942566126399,0.08959735961497618,0.0
WECC_SCE,installed_11816,solar,60.20942566126399,0.08959735961497618,0.0
WECC_SCE,installed_11817,solar,60.20942566126399,0.08959735961497618,0.0
WECC_SCE,installed_11818,solar,60.20942566126399,0.08959735961497618,0.0
WECC_SCE,installed_11819,solar,60.20942566126399,0.08959735961497618,0.0
WECC_SCE,installed_11820,solar,60.20942566126399,0.08959735961497618,0.0
WECC_SCE,installed_11821,solar,60.20942566126399,0.08959735961497618,0.0
WECC_SCE,installed_11844,wind,569.797270833669,0.8479126054072456,0.0
WECC_SCE,installed_12625,solar,2408.3770288630003,3.5838943881889884,0.0
WECC_SCE,installed_12901,solar,602.0942572157501,0.8959735970472471,0.0
WECC_SCE,installed_12902,solar,602.0942572157501,0.8959735970472471,0.0
WECC_SCE,installed_13161,solar,180.628277104414,0.2687920790244256,0.0
WECC_SCE,installed_13919,solar,4335.0786519533995,6.451009898740177,0.0
WECC_SCE,installed_13920,solar,5418.84831433864,8.063762372527739,0.0
WECC_SCE,installed_13929,solar,6743.4556808164,10.034904286929166,0.0
WECC_SCE,installed_13930,solar,6743.4556808164,10.034904286929166,0.0
WECC_SCE,installed_13931,solar,6020.9425721575,8.95973597047247,0.0
WECC_SCE,installed_14002,solar,180.628277104414,0.2687920790244256,0.0
WECC_SCE,installed_14003,solar,180.628277104414,0.2687920790244256,0.0
WECC_SCE,installed_14004,solar,180.628277104414,0.2687920790244256,0.0
WECC_SCE,installed_14064,non-fossil,672.0,1.0,0.0
WECC_SCE,installed_14149,solar,180.628277104414,0.2687920790244256,0.0
WECC_SCE,installed_14150,solar,180.628277104414,0.2687920790244256,0.0
WECC_SCE,installed_14268,battery,-31.06061806823805,-0.046221157839639954,0.0
WECC_SCE,installed_14480,solar,18664.9219767038,27.775181512952084,0.0
WECC_SCE,installed_14777,natural gas,0.0,0.0,265.40575104
WECC_SCE,installed_14977,wind,5096.52003458439,7.584107194322009,0.0
WECC_SCE,installed_15080,solar,481.6754057726,0.7167788776377977,0.0
WECC_SCE,installed_15565,solar,120.41885144315,0.17919471940944942,0.0
WECC_SCE,installed_15722,solar,204.71204739304403,0.3046310229063155,0.0
WECC_SCE,installed_17344,natural gas,3972.721684721304,5.911788221311464,386.80440036137344
WECC_SCE,installed_18565,natural gas,402.34201131404257,0.5987232311220871,376.27062271357795
WECC_SCE,installed_18568,natural gas,0.0,0.0,332.1158279321232
WECC_SCE,installed_18571,geothermal,233235.07200000001,347.076,0.0
WECC_SCE,installed_18574,hydro,9965.919656281609,14.830237583752394,0.0
WECC_SCE,installed_18575,waste,1075.1999999999998,1.5999999999999996,4.458073904210433
WECC_SCE,installed_18578,battery,-824.4985252452633,-1.2269323292340228,0.0
WECC_SCE,installed_18602,wind,67068.12516,99.80375767857143,0.0
WECC_SCE,installed_18603,wind,14812.001219999998,22.041668482142853,0.0
WECC_SCE,installed_18604,wind,43992.99192,65.46576178571429,0.0
WECC_SCE,installed_18605,wind,86059.84584,128.06524678571427,0.0
WECC_SCE,installed_18606,wind,287919.10824,428.4510539285714,0.0
WECC_SCE,installed_18607,wind,796624.99496,1185.453861547619,0.0
WECC_SCE,installed_18614,solar,288609.2679744,429.47807734285715,0.0
WECC_SCE,installed_18615,solar,300427.52204159996,447.0647649428571,0.0
WECC_SCE,installed_18907,natural gas,0.0,0.0,265.40575104
WECC_SCE,optional_580_0,wind,0.0,0.0,0.0
WECC_SCE,optional_581_0,wind,0.0,0.0,0.0
WECC_SCE,optional_582_0,wind,0.0,0.0,0.0
WECC_SCE,optional_583_0,wind,0.0,0.0,0.0
WECC_SCE,optional_584_0,wind,0.0,0.0,0.0
WECC_SCE,optional_585_0,wind,0.0,0.0,0.0
WECC_SCE,optional_585_1,wind,0.0,0.0,0.0
WECC_SCE,optional_586_0,wind,0.0,0.0,0.0
WECC_SCE,optional_586_1,wind,0.0,0.0,0.0
WECC_SCE,optional_586_2,wind,0.0,0.0,0.0
WECC_SCE,optional_586_3,wind,0.0,0.0,0.0
WECC_SCE,optional_586_4,wind,0.0,0.0,0.0
WECC_SCE,optional_587_0,wind,0.0,0.0,0.0
WECC_SCE,optional_587_1,wind,0.0,0.0,0.0
WECC_SCE,optional_587_2,wind,0.0,0.0,0.0
WECC_SCE,optional_587_3,wind,0.0,0.0,0.0
WECC_SCE,optional_587_4,wind,0.0,0.0,0.0
WECC_SCE,optional_587_5,wind,0.0,0.0,0.0
WECC_SCE,optional_850_0,solar,0.0,0.0,0.0
WECC_SCE,optional_851_0,solar,0.0,0.0,0.0
WECC_SCE,optional_851_1,solar,0.0,0.0,0.0
WECC_SCE,optional_851_2,solar,0.0,0.0,0.0
WECC_SCE,optional_851_3,solar,0.0,0.0,0.0
WECC_SCE,optional_851_4,solar,0.0,0.0,0.0
WECC_SCE,optional_851_5,solar,0.0,0.0,0.0
WECC_SCE,optional_852_0,solar,0.0,0.0,0.0
WECC_SCE,optional_852_1,solar,0.0,0.0,0.0
WECC_SCE,optional_852_2,solar,0.0,0.0,0.0
WECC_SCE,optional_852_3,solar,0.0,0.0,0.0
WECC_SCE,optional_852_4,solar,0.0,0.0,0.0
WECC_SCE,optional_852_5,solar,0.0,0.0,0.0
WECC_SCE,optional_853_0,solar,0.0,0.0,0.0
WECC_SCE,optional_853_1,solar,0.0,0.0,0.0
WECC_SCE,optional_853_2,solar,0.0,0.0,0.0
WECC_SCE,optional_853_3,solar,0.0,0.0,0.0
WECC_SCE,optional_853_4,solar,0.0,0.0,0.0
WECC_SCE,optional_853_5,solar,0.0,0.0,0.0
WECC_SNV,installed_629,natural gas,27552.0,41.0,379.5804517413333
WECC_SNV,installed_630,natural gas,864.0,1.2857142857142858,355.778513936
WECC_SNV,installed_631__x2,natural gas,60480.0,90.0,404.2700690906667
WECC_SNV,installed_632__x2,natural gas,4583.772385857217,6.821089859906573,404.2700690906667
WECC_SNV,installed_635,natural gas,17472.0,26.0,368.66460906400005
WECC_SNV,installed_636,natural gas,17472.0,26.0,368.66460906400005
WECC_SNV,installed_1599,hydro,600.6531566420691,0.8938291021459361,0.0
WECC_SNV,installed_1600__x7,hydro,227747.65522678458,338.9102012303342,0.0
WECC_SNV,installed_1606,hydro,31784.56287230948,47.298456655222445,0.0
WECC_SNV,installed_2958,natural gas,57120.0,85.0,139.504941152
WECC_SNV,installed_2959__x2,natural gas,68672.90189362137,102.19181829407941,139.504941152
WECC_SNV,installed_2960,natural gas,34944.0,52.0,139.504941152
WECC_SNV,installed_2961,natural gas,1875.2163929071125,2.7905005846832034,139.504941152
WECC_SNV,installed_2962,natural gas,13215.310115459499,19.66564005276711,139.504941152
WECC_SNV,installed_2963,natural gas,34944.0,52.0,139.504941152
WECC_SNV,installed_2964__x2,natural gas,6250.0,9.300595238095237,139.504941152
WECC_SNV,installed_2965,natural gas,34944.0,52.0,139.504941152
WECC_SNV,installed_2966,natural gas,1404.0,2.0892857142857144,139.504941152
WECC_SNV,installed_2967,natural gas,0.0,0.0,139.504941152
WECC_SNV,installed_2968,natural gas,0.0,0.0,139.504941152
WECC_SNV,installed_2969,natural gas,1664.0,2.4761904761904763,139.504941152
WECC_SNV,installed_2970,natural gas,34944.0,52.0,139.504941152
WECC_SNV,installed_2971,natural gas,57120.0,85.0,139.504941152
WECC_SNV,installed_2973,natural gas,48808.28062522536,72.63136997801392,139.504941152
WECC_SNV,installed_2975,natural gas,49056.0,73.0,139.504941152
WECC_SNV,installed_2976,natural gas,49056.0,73.0,139.504941152
WECC_SNV,installed_7061,natural gas,9504.0,14.142857142857142,354.890834392
WECC_SNV,installed_7062,natural gas,24192.0,36.0,354.890834392
WECC_SNV,installed_7063,natural gas,15748.0723,23.434631398809522,354.890834392
WECC_SNV,installed_7116,natural gas,10659.844399999998,15.862863690476187,366.691483864
WECC_SNV,installed_7117,natural gas,10820.141354848773,16.101400825667817,366.691483864
WECC_SNV,installed_7118,natural gas,14582.399999999996,21.699999999999996,366.691483864
WECC_SNV,installed_7119,natural gas,18816.0,28.0,366.691483864
WECC_SNV,installed_7120,natural gas,5937.865899999999,8.836109970238093,382.438383736
WECC_SNV,installed_7121__x2,natural gas,27552.0,41.0,382.438383736
WECC_SNV,installed_7123,natural gas,11617.9021,17.288544791666666,382.438383736
WECC_SNV,installed_7595,natural gas,49728.0,74.0,417.366782104
WECC_SNV,installed_7596,natural gas,3700.0,5.505952380952381,417.36678210400004
WECC_SNV,installed_7597,natural gas,2087.427081312002,3.1062902995714317,417.366782104
WECC_SNV,installed_7844__x3,natural gas,12965.043068545263,19.29321885200188,411.989902536
WECC_SNV,installed_8449__x4,natural gas,92060.86839229887,136.99533986949237,402.916248168
WECC_SNV,installed_8453__x2,natural gas,0.0,0.0,402.916248168
WECC_SNV,installed_8753__x2,natural gas,82449.20228450862,122.6922653043283,375.432655296
WECC_SNV,installed_8755,natural gas,585.5999999999999,0.8714285714285713,375.432655296
WECC_SNV,installed_8949__x2,natural gas,14979.543403385,22.290987207418155,410.982021112
WECC_SNV,installed_8951,natural gas,0.0,0.0,410.982021112
WECC_SNV,installed_9089__x2,natural gas,211008.0,314.0,393.853026416
WECC_SNV,installed_9091,natural gas,141191.00507788843,210.10566231828636,393.853026416
WECC_SNV,installed_9750__x52,solar,322322.60290000006,479.64673050595246,0.0
WECC_SNV,installed_11553,natural gas,2688.0,4.0,273.583561208
WECC_SNV,installed_11554,natural gas,0.0,0.0,273.583561208
WECC_SNV,installed_15528__x2,waste,4435.2,6.6,0.0
WECC_SNV,installed_16844__x2,natural gas,117739.21032602873,175.20715822325704,417.366782104
WECC_SNV,installed_16846,natural gas,14558.02141015407,21.663722336538793,417.366782104
WECC_SNV,installed_16847,natural gas,1076.297315602108,1.6016329101221847,417.366782104
WECC_SNV,installed_16848,natural gas,3600.0,5.357142857142857,417.366782104
WECC_SNV,optional_588_0,wind,0.0,0.0,0.0
WECC_SNV,optional_589_0,wind,0.0,0.0,0.0
WECC_SNV,optional_590_0,wind,0.0,0.0,0.0
WECC_SNV,optional_591_0,wind,0.0,0.0,0.0
WECC_SNV,optional_591_1,wind,0.0,0.0,0.0
WECC_SNV,optional_591_2,wind,0.0,0.0,0.0
WECC_SNV,optional_854_0__x3,solar,0.0,0.0,0.0
WECC_SNV,optional_854_3,solar,0.0,0.0,0.0
WECC_SNV,optional_854_4,solar,0.0,0.0,0.0
WECC_SNV,optional_854_5,solar,0.0,0.0,0.0
WECC_UT,installed_113__x7,hydro,921.4974987025487,1.3712760397359356,0.0
WECC_UT,installed_209,natural gas,403.19999999999993,0.5999999999999999,0.0
WECC_UT,installed_210,natural gas,403.19999999999993,0.5999999999999999,0.0
WECC_UT,installed_211,natural gas,403.19999999999993,0.5999999999999999,0.0
WECC_UT,installed_1687__x3,hydro,789.854998887899,1.175379462630802,0.0
WECC_UT,installed_3946,geothermal,15456.0,23.0,0.0
WECC_UT,installed_3947,geothermal,7392.0,11.0,0.0
WECC_UT,installed_4912,hydro,342.27049951808954,0.5093311004733475,0.0
WECC_UT,installed_4913__x3,hydro,947.8259986654786,1.410455355156962,0.0
WECC_UT,installed_4914__x2,hydro,7898.549988878989,11.75379462630802,0.0
WECC_UT,installed_4916__x2,oil,0.0,0.0,381.72261555999995
WECC_UT,installed_4918,oil,0.0,0.0,424.057037308
WECC_UT,installed_4919,natural gas,26208.0,39.0,222.44638585258602
WECC_UT,installed_4920__x2,natural gas,52416.0,78.0,222.44638585258602
WECC_UT,installed_4925__x3,hydro,1816.6664974421674,2.7033727640508443,0.0
WECC_UT,installed_4927,hydro,1421.738997998219,2.115683032735445,0.0
WECC_UT,installed_4928__x6,hydro,3159.4199955515955,4.701517850523207,0.0
WECC_UT,installed_4934,natural gas,1449.0956000000008,2.156392261904763,275.264516461
WECC_UT,installed_4935__x2,natural gas,15120.0,22.5,292.8840433654857
WECC_UT,installed_4936,natural gas,7728.0,11.5,292.8840433654857
WECC_UT,installed_4940__x2,hydro,368.5989994810195,0.5485104158943743,0.0
WECC_UT,installed_4942,hydro,105.31399985171987,0.15671726168410696,0.0
WECC_UT,installed_4943,hydro,210.62799970343974,0.3134345233682139,0.0
WECC_UT,installed_4945__x4,hydro,1790.337997479238,2.6641934486298187,0.0
WECC_UT,installed_4947,hydro,52.656999925859935,0.07835863084205348,0.0
WECC_UT,installed_4950,hydro,500.2414992956693,0.7444069929995079,0.0
WECC_UT,installed_4951__x3,hydro,1105.7969984430583,1.6455312476831225,0.0
WECC_UT,installed_4954__x4,hydro,631.8839991103191,0.9403035701046415,0.0
WECC_UT,installed_5715,natural gas,1467.0,2.1830357142857144,246.44719892983565
WECC_UT,installed_5716,natural gas,854.0107999999996,1.2708494047619041,246.44719892983565
WECC_UT,installed_5717,natural gas,1483.2206061521952,2.207173521059814,246.44719892983565
WECC_UT,installed_6692,coal,34272.0,51.0,0.0
WECC_UT,installed_8862,natural gas,24864.0,37.0,222.44638585258602
WECC_UT,installed_8863,natural gas,11836.896200017174,17.614428869073176,222.44638585258602
WECC_UT,installed_8864,natural gas,17643.86719411798,26.255754753151752,222.44638585258602
WECC_UT,installed_8865,natural gas,2577.399658574782,3.8354161585934254,222.44638585258602
WECC_UT,installed_8866,natural gas,24864.0,37.0,222.44638585258602
WECC_UT,installed_9331__x2,natural gas,181440.0,270.0,396.00395968
WECC_UT,installed_9333,natural gas,158081.80242626322,235.24077742003456,396.00395968
WECC_UT,installed_9414,natural gas,1115.1,1.6593749999999998,99.428273584
WECC_UT,installed_9415,non-fossil,21369.600000000006,31.800000000000008,0.0
WECC_UT,installed_9425,natural gas,43680.0,65.0,416.868284496
WECC_UT,installed_9426,natural gas,43680.0,65.0,416.868284496
WECC_UT,installed_9508,natural gas,83471.79922880218,124.21398694762229,386.5511024
WECC_UT,installed_9509,natural gas,85393.67551384597,127.07392189560412,386.5511024
WECC_UT,installed_9510__x2,natural gas,150644.82254126982,224.1738430673658,386.5511024
WECC_UT,installed_9512,natural gas,53314.43460973922,79.33695626449288,386.5511024
WECC_UT,installed_9513,natural gas,29462.60697594457,43.84316514277466,386.5511024
WECC_UT,installed_9552,natural gas,24729.600000000006,36.80000000000001,364.67491334123434
WECC_UT,installed_9553,natural gas,13244.459200009416,19.70901666668068,364.67491334123434
WECC_UT,installed_9955,natural gas,5214.0,7.758928571428571,292.8840433654857
WECC_UT,installed_10072__x2,waste,1075.1999999999998,1.5999999999999996,0.0
WECC_UT,installed_10074,waste,1008.0,1.5,0.0
WECC_UT,installed_10620__x5,wind,127892.1018,190.31562767857145,0.0
WECC_UT,installed_10740__x3,waste,3024.0,4.5,0.0
WECC_UT,installed_11561,geothermal,9408.0,14.0,0.0
WECC_UT,installed_12305,natural gas,1036.7999999999997,1.5428571428571425,0.0
WECC_UT,installed_12306,natural gas,504.0,0.75,0.0
WECC_UT,installed_12307,natural gas,758.3999999999999,1.1285714285714283,0.0
WECC_UT,installed_12308__x3,natural gas,3897.599999999999,5.799999999999999,386.258989152
WECC_UT,installed_12309__x2,natural gas,767.2508000033899,1.1417422619098065,386.258989152
WECC_UT,installed_12310,natural gas,1276.8,1.9,386.258989152
WECC_UT,installed_12312,natural gas,900.9000000064907,1.3406250000096587,386.258989152
WECC_UT,installed_12441__x33,solar,100187.38619890648,149.0883723198013,0.0
WECC_UT,installed_12567__x2,non-fossil,2016.0,3.0,0.0
WECC_UT,installed_12578,natural gas,2230.7999999999993,3.3196428571428562,275.264516461
WECC_UT,installed_13116__x2,geothermal,16800.0,25.0,0.0
WECC_UT,installed_13898__x2,natural gas,6585.5999999999985,9.799999999999997,265.40575104000004
WECC_UT,installed_14265,natural gas,1344.0,2.0,386.2589891520001
WECC_UT,installed_15013,waste,403.19999999999993,0.5999999999999999,0.0
WECC_UT,installed_15014,waste,470.4000000000001,0.7000000000000002,0.0
WECC_UT,installed_15015,waste,604.8000000000002,0.9000000000000002,0.0
WECC_UT,installed_15095,non-fossil,5644.800000000001,8.400000000000002,0.0
WECC_UT,installed_16115,coal,316512.0,471.0,0.0
WECC_UT,installed_16116,coal,288960.0,430.0,0.0
WECC_UT,installed_16117,coal,309120.0,460.0,0.0
WECC_UT,installed_16356__x2,hydro,1421.738997998219,2.115683032735445,0.0
WECC_UT,installed_16358__x3,hydro,39966.6629437277,59.4742008091186,0.0
WECC_UT,installed_16472__x2,coal,1209600.0,1800.0,249.56935526951568
WECC_UT,installed_16533__x2,hydro,1263.7679982206382,1.880607140209283,0.0
WECC_UT,installed_16769,hydro,289.6134995922297,0.43097246963129415,0.0
WECC_UT,installed_16781__x2,natural gas,2286.1524000053914,3.402012500008023,327.5002581194667
WECC_UT,installed_16783,natural gas,1192.3982000008316,1.7744020833345708,327.5002581194667
WECC_UT,installed_16784,natural gas,782.5976000000005,1.1645797619047626,332.007571584
WECC_UT,installed_16785,natural gas,1680.0,2.5,289.861959119123
WECC_UT,installed_16786,natural gas,152.5,0.2269345238095238,289.861959119123
WECC_UT,installed_16799__x2,hydro,1632.3669977016584,2.4291175561036584,0.0
WECC_UT,installed_16842__x2,oil,0.0,0.0,436.15773788799993
WECC_UT,installed_16864,natural gas,940.8000000000002,1.4000000000000004,398.489190248
WECC_UT,installed_16865,natural gas,1276.8,1.9,333.77268971464855
WECC_UT,installed_16866,natural gas,432.4,0.6434523809523809,289.861959119123
WECC_UT,installed_16867,natural gas,907.2000000000002,1.3500000000000003,398.489190248
WECC_UT,installed_16868,natural gas,598.5,0.890625,333.77268971464855
WECC_UT,installed_16869,natural gas,1276.8,1.9,333.77268971464855
WECC_UT,installed_16870,natural gas,470.4000000000001,0.7000000000000002,275.54639755948483
WECC_UT,installed_16871,natural gas,470.4000000000001,0.7000000000000002,275.54639755948483
WECC_UT,installed_16872,natural gas,357.5156000027612,0.5320172619088708,333.7726897146486
WECC_UT,installed_16895,hydro,473.9129993327393,0.705227677578481,0.0
WECC_UT,installed_17179,natural gas,1323.4,1.9693452380952383,289.861959119123
WECC_UT,installed_17180,natural gas,516.3816000050209,0.7684250000074716,289.861959119123
WECC_UT,installed_17181,natural gas,1344.0,2.0,333.7726897146486
WECC_UT,installed_17182,natural gas,948.0,1.4107142857142858,333.7726897146486
WECC_UT,installed_17292,hydro,394.92749944394944,0.5876897313154009,0.0
WECC_UT,installed_17426__x6,oil,0.0,0.0,93.65532107163664
WECC_UT,installed_17473,coal,307776.0,458.0,0.0
WECC_UT,installed_17977,natural gas,6912.0,10.285714285714286,292.8840433654857
WECC_UT,installed_17978,natural gas,6108.0,9.089285714285714,292.8840433654857
WECC_UT,installed_17979,natural gas,3811.266000002661,5.671526785718245,292.88404336548575
WECC_UT,installed_18080,coal,308448.0,459.0,0.0
WECC_UT,installed_18081,coal,302400.0,450.0,0.0
WECC_UT,installed_18876,oil,0.0,0.0,179.28092527572747
WECC_UT,optional_592_0,wind,0.0,0.0,0.0
WECC_UT,optional_593_0,wind,0.0,0.0,0.0
WECC_UT,optional_594_0,wind,0.0,0.0,0.0
WECC_UT,optional_595_0,wind,0.0,0.0,0.0
WECC_UT,optional_596_0,wind,0.0,0.0,0.0
WECC_UT,optional_597_0,wind,0.0,0.0,0.0
WECC_UT,optional_597_1,wind,0.0,0.0,0.0
WECC_UT,optional_598_0,wind,0.0,0.0,0.0
WECC_UT,optional_598_1,wind,0.0,0.0,0.0
WECC_UT,optional_598_2,wind,0.0,0.0,0.0
WECC_UT,optional_598_3,wind,0.0,0.0,0.0
WECC_UT,optional_598_4,wind,0.0,0.0,0.0
WECC_UT,optional_598_5,wind,0.0,0.0,0.0
WECC_UT,optional_599_0,wind,0.0,0.0,0.0
WECC_UT,optional_599_1,wind,0.0,0.0,0.0
WECC_UT,optional_599_2,wind,0.0,0.0,0.0
WECC_UT,optional_599_3,wind,0.0,0.0,0.0
WECC_UT,optional_599_4,wind,0.0,0.0,0.0
WECC_UT,optional_599_5,wind,0.0,0.0,0.0
WECC_UT,optional_855_0,solar,0.0,0.0,0.0
WECC_UT,optional_855_1,solar,0.0,0.0,0.0
WECC_UT,optional_855_2,solar,0.0,0.0,0.0
WECC_UT,optional_855_3,solar,0.0,0.0,0.0
WECC_UT,optional_855_4,solar,0.0,0.0,0.0
WECC_UT,optional_855_5,solar,0.0,0.0,0.0
WECC_UT,optional_856_0__x2,solar,0.0,0.0,0.0
WECC_UT,optional_856_2,solar,0.0,0.0,0.0
WECC_UT,optional_856_3,solar,0.0,0.0,0.0
WECC_UT,optional_856_4,solar,0.0,0.0,0.0
WECC_UT,optional_856_5,solar,0.0,0.0,0.0
WECC_UT,optional_857_0__x5,solar,0.0,0.0,0.0
WECC_UT,optional_857_5,solar,0.0,0.0,0.0
WECC_UT,optional_858_0__x3,solar,0.0,0.0,0.0
WECC_UT,optional_858_3__x2,solar,0.0,0.0,0.0
WECC_UT,optional_858_5,solar,0.0,0.0,0.0
WECC_UT,optional_859_0,solar,0.0,0.0,0.0
WECC_UT,optional_859_1,solar,0.0,0.0,0.0
WECC_UT,optional_859_2,solar,0.0,0.0,0.0
WECC_UT,optional_859_3,solar,0.0,0.0,0.0
WECC_UT,optional_859_4,solar,0.0,0.0,0.0
WECC_UT,optional_859_5,solar,0.0,0.0,0.0
WECC_WY,installed_1,coal,380828.6271552,566.7092666,0.0
WECC_WY,installed_5,coal,353920.4342016001,526.6673128000001,0.0
WECC_WY,installed_2730__x2,oil,0.0,0.0,58.36082536068125
WECC_WY,installed_2833__x2,oil,0.0,0.0,23.615652016978107
WECC_WY,installed_2835__x2,oil,0.0,0.0,58.55247222462088
WECC_WY,installed_2837,oil,0.0,0.0,11.989343744000001
WECC_WY,installed_2838,oil,0.0,0.0,175.79793119088484
WECC_WY,installed_4481__x4,natural gas,0.0,0.0,386.258989152
WECC_WY,installed_4485__x4,natural gas,0.0,0.0,46.513218366289294
WECC_WY,installed_5667,coal,65613.79795265956,97.63958028669578,67.670143102
WECC_WY,installed_5668,coal,68070.44965792398,101.2953119909583,67.670143102
WECC_WY,installed_5669,coal,0.0,0.0,200.1588727988889
WECC_WY,installed_5670__x2,coal,49308.612184328624,73.37591098858427,0.0
WECC_WY,installed_5674,coal,42297.53539782314,62.94276100866539,2.5063015963703705
WECC_WY,installed_5675,coal,126785.27596354048,188.66856542193523,200.1588727988889
WECC_WY,installed_5676,oil,0.0,0.0,422.987240576
WECC_WY,installed_5678__x2,hydro,17608.777586616998,26.203538075322914,0.0
WECC_WY,installed_5680__x2,hydro,10016.969285800087,14.906204294345368,0.0
WECC_WY,installed_5682__x2,hydro,1687.0685112926458,2.5105186179950087,0.0
WECC_WY,installed_5685__x3,hydro,9647.923048954817,14.357028346658954,0.0
WECC_WY,installed_5688__x3,hydro,13601.989872296961,20.241056357584764,0.0
WECC_WY,installed_5691,hydro,790.8133646684279,1.1768056021851605,0.0
WECC_WY,installed_5692,hydro,2952.3698947621297,4.393407581491265,0.0
WECC_WY,installed_6312__x2,hydro,4533.996624098988,6.747018785861589,0.0
WECC_WY,installed_8703__x6,natural gas,0.0,0.0,422.035150968
WECC_WY,installed_8704,natural gas,0.0,0.0,358.0282798568889
WECC_WY,installed_8705,coal,1464.693071821362,2.1796027854484556,270.680572408
WECC_WY,installed_8851__x31,wind,492387.0253,732.7187876488094,0.0
WECC_WY,installed_9336,wind,9931.83,14.779508928571428,0.0
WECC_WY,installed_9648,coal,0.0,0.0,270.680572408
WECC_WY,installed_10117,coal,0.0,0.0,135.340286204
WECC_WY,installed_10146,coal,0.0,0.0,0.0
WECC_WY,installed_11826,hydro,685.3715827126375,1.0198981885604725,0.0
WECC_WY,installed_12939__x2,hydro,1054.4178195579043,1.5690741362468814,0.0
WECC_WY,installed_14791__x5,natural gas,0.0,0.0,398.489190248
WECC_WY,installed_15776__x2,coal,308630.48228933837,459.27155102580116,0.0
WECC_WY,installed_16213,coal,0.0,0.0,0.0
WECC_WY,installed_16332__x3,hydro,395.40668233421394,0.5884028010925803,0.0
WECC_WY,installed_16335,hydro,210.88356391158075,0.3138148272493761,0.0
WECC_WY,installed_16336,hydro,158.16267293368566,0.23536112043703222,0.0
WECC_WY,installed_16337,hydro,79.08133646684283,0.11768056021851611,0.0
WECC_WY,installed_16364,hydro,1318.02227444738,1.961342670308601,0.0
WECC_WY,installed_16365__x2,hydro,10913.224432424306,16.239917310155217,0.0
WECC_WY,installed_16801,oil,0.0,0.0,127.77058597457376
WECC_WY,installed_17107__x3,hydro,4744.880188010569,7.060833613110966,0.0
WECC_WY,installed_17253,coal,39442.400773375004,58.69404876990328,270.680572408
WECC_WY,installed_17287,hydro,1186.2200470026423,1.7652084032777415,0.0
WECC_WY,installed_18005__x9,natural gas,0.0,0.0,315.0701514692
WECC_WY,installed_18067,coal,0.0,0.0,0.0
WECC_WY,installed_18068,coal,0.0,0.0,0.0
WECC_WY,installed_18925,solar,11916.484,17.732863095238095,0.0
WECC_WY,optional_600_0,wind,0.0,0.0,0.0
WECC_WY,optional_601_0,wind,0.0,0.0,0.0
WECC_WY,optional_602_0,wind,0.0,0.0,0.0
WECC_WY,optional_602_1,wind,0.0,0.0,0.0
WECC_WY,optional_602_2,wind,0.0,0.0,0.0
WECC_WY,optional_602_3,wind,0.0,0.0,0.0
WECC_WY,optional_603_0,wind,0.0,0.0,0.0
WECC_WY,optional_603_1,wind,0.0,0.0,0.0
WECC_WY,optional_603_2,wind,0.0,0.0,0.0
WECC_WY,optional_603_3,wind,0.0,0.0,0.0
WECC_WY,optional_603_4,wind,0.0,0.0,0.0
WECC_WY,optional_603_5,wind,0.0,0.0,0.0
WECC_WY,optional_604_0,wind,0.0,0.0,0.0
WECC_WY,optional_605_0,wind,0.0,0.0,0.0
WECC_WY,optional_606_0,wind,0.0,0.0,0.0
WECC_WY,optional_607_0,wind,0.0,0.0,0.0
WECC_WY,optional_608_0,wind,0.0,0.0,0.0
WECC_WY,optional_608_1,wind,0.0,0.0,0.0
WECC_WY,optional_608_2,wind,0.0,0.0,0.0
WECC_WY,optional_608_3,wind,0.0,0.0,0.0
WECC_WY,optional_609_0,wind,0.0,0.0,0.0
WECC_WY,optional_609_1,wind,0.0,0.0,0.0
WECC_WY,optional_609_2,wind,0.0,0.0,0.0
WECC_WY,optional_609_3,wind,0.0,0.0,0.0
WECC_WY,optional_609_4,wind,0.0,0.0,0.0
WECC_WY,optional_609_5,wind,0.0,0.0,0.0
WECC_WY,optional_610_0,wind,0.0,0.0,0.0
WECC_WY,optional_610_1,wind,0.0,0.0,0.0
WECC_WY,optional_610_2,wind,0.0,0.0,0.0
WECC_WY,optional_610_3,wind,0.0,0.0,0.0
WECC_WY,optional_610_4,wind,0.0,0.0,0.0
WECC_WY,optional_610_5,wind,0.0,0.0,0.0
WECC_WY,optional_611_0,wind,0.0,0.0,0.0
WECC_WY,optional_611_1,wind,0.0,0.0,0.0
WECC_WY,optional_611_2,wind,0.0,0.0,0.0
WECC_WY,optional_611_3,wind,0.0,0.0,0.0
WECC_WY,optional_611_4,wind,0.0,0.0,0.0
WECC_WY,optional_611_5,wind,0.0,0.0,0.0
WECC_WY,optional_612_0,wind,0.0,0.0,0.0
WECC_WY,optional_612_1,wind,0.0,0.0,0.0
WECC_WY,optional_612_2,wind,0.0,0.0,0.0
WECC_WY,optional_612_3,wind,0.0,0.0,0.0
WECC_WY,optional_612_4,wind,0.0,0.0,0.0
WECC_WY,optional_612_5,wind,0.0,0.0,0.0
WECC_WY,optional_613_0,wind,0.0,0.0,0.0
WECC_WY,optional_613_1,wind,0.0,0.0,0.0
WECC_WY,optional_613_2,wind,0.0,0.0,0.0
WECC_WY,optional_613_3,wind,0.0,0.0,0.0
WECC_WY,optional_613_4,wind,0.0,0.0,0.0
WECC_WY,optional_613_5,wind,0.0,0.0,0.0
WECC_WY,optional_614_0,wind,0.0,0.0,0.0
WECC_WY,optional_614_1,wind,0.0,0.0,0.0
WECC_WY,optional_614_2,wind,0.0,0.0,0.0
WECC_WY,optional_614_3,wind,0.0,0.0,0.0
WECC_WY,optional_614_4,wind,0.0,0.0,0.0
WECC_WY,optional_614_5,wind,0.0,0.0,0.0
WECC_WY,optional_615_0,wind,0.0,0.0,0.0
WECC_WY,optional_615_1,wind,0.0,0.0,0.0
WECC_WY,optional_615_2,wind,0.0,0.0,0.0
WECC_WY,optional_615_3,wind,0.0,0.0,0.0
WECC_WY,optional_615_4,wind,0.0,0.0,0.0
WECC_WY,optional_615_5,wind,0.0,0.0,0.0
WECC_WY,optional_616_0,wind,0.0,0.0,0.0
WECC_WY,optional_616_1,wind,0.0,0.0,0.0
WECC_WY,optional_616_2,wind,0.0,0.0,0.0
WECC_WY,optional_616_3,wind,0.0,0.0,0.0
WECC_WY,optional_616_4,wind,0.0,0.0,0.0
WECC_WY,optional_616_5,wind,0.0,0.0,0.0
WECC_WY,optional_617_0,wind,0.0,0.0,0.0
WECC_WY,optional_617_1,wind,0.0,0.0,0.0
WECC_WY,optional_617_2,wind,0.0,0.0,0.0
WECC_WY,optional_617_3,wind,0.0,0.0,0.0
WECC_WY,optional_617_4,wind,0.0,0.0,0.0
WECC_WY,optional_617_5,wind,0.0,0.0,0.0
WECC_WY,optional_618_0,wind,0.0,0.0,0.0
WECC_WY,optional_618_1,wind,0.0,0.0,0.0
WECC_WY,optional_618_2,wind,0.0,0.0,0.0
WECC_WY,optional_618_3,wind,0.0,0.0,0.0
WECC_WY,optional_618_4,wind,0.0,0.0,0.0
WECC_WY,optional_618_5,wind,0.0,0.0,0.0
WECC_WY,optional_619_0,wind,0.0,0.0,0.0
WECC_WY,optional_619_1,wind,0.0,0.0,0.0
WECC_WY,optional_619_2,wind,0.0,0.0,0.0
WECC_WY,optional_619_3,wind,0.0,0.0,0.0
WECC_WY,optional_619_4,wind,0.0,0.0,0.0
WECC_WY,optional_619_5,wind,0.0,0.0,0.0
WECC_WY,optional_620_0,wind,0.0,0.0,0.0
WECC_WY,optional_620_1,wind,0.0,0.0,0.0
WECC_WY,optional_620_2,wind,0.0,0.0,0.0
WECC_WY,optional_620_3,wind,0.0,0.0,0.0
WECC_WY,optional_620_4,wind,0.0,0.0,0.0
WECC_WY,optional_620_5,wind,0.0,0.0,0.0
WECC_WY,optional_860_0,solar,0.0,0.0,0.0
WECC_WY,optional_860_1,solar,0.0,0.0,0.0
WECC_WY,optional_860_2,solar,0.0,0.0,0.0
WECC_WY,optional_860_3,solar,0.0,0.0,0.0
WECC_WY,optional_860_4,solar,0.0,0.0,0.0
WECC_WY,optional_860_5,solar,0.0,0.0,0.0
WECC_WY,optional_861_0,solar,0.0,0.0,0.0
WECC_WY,optional_861_1,solar,0.0,0.0,0.0
WECC_WY,optional_861_2,solar,0.0,0.0,0.0
WECC_WY,optional_861_3,solar,0.0,0.0,0.0
WECC_WY,optional_861_4,solar,0.0,0.0,0.0
WECC_WY,optional_861_5,solar,0.0,0.0,0.0
WECC_WY,optional_862_0,solar,0.0,0.0,0.0
WECC_WY,optional_862_1__x2,solar,0.0,0.0,0.0
WECC_WY,optional_862_3__x2,solar,0.0,0.0,0.0
WECC_WY,optional_862_5,solar,0.0,0.0,0.0
WECC_WY,optional_863_0,solar,0.0,0.0,0.0
WECC_WY,optional_863_1__x2,solar,0.0,0.0,0.0
WECC_WY,optional_863_3__x2,solar,0.0,0.0,0.0
WECC_WY,optional_863_5,solar,0.0,0.0,0.0
WECC_WY,optional_864_0__x4,solar,0.0,0.0,0.0
WECC_WY,optional_864_4,solar,0.0,0.0,0.0
WECC_WY,optional_865_0__x5,solar,0.0,0.0,0.0
WECC_WY,optional_865_5,solar,0.0,0.0,0.0
WEC_BANC,installed_1570,natural gas,37632.0,56.0,345.389442768
WEC_BANC,installed_1571,natural gas,37632.0,56.0,345.389442768
WEC_BANC,installed_5741,hydro,22501.327923815566,33.48411893424935,0.0
WEC_BANC,installed_5742,hydro,21959.47085087197,32.67778400427377,0.0
WEC_BANC,installed_5743,hydro,22273.177577313,33.144609490049106,0.0
WEC_BANC,installed_5744,hydro,22273.177577312996,33.1446094900491,0.0
WEC_BANC,installed_5745,hydro,21132.42584480016,31.44706226904786,0.0
WEC_BANC,installed_5746,hydro,7272.292294769286,10.821863533882865,0.0
WEC_BANC,installed_5747,hydro,30800.2967778464,45.833774967033335,0.0
WEC_BANC,installed_5748,hydro,37929.99510605159,56.44344509829106,0.0
WEC_BANC,installed_5749,hydro,142.5939665641037,0.21219340262515432,0.0
WEC_BANC,installed_6892,hydro,2851.879331282074,4.243868052503086,0.0
WEC_BANC,installed_6893,natural gas,48741.0,72.53125,417.366782104
WEC_BANC,installed_9034,waste,1881.6000000000004,2.8000000000000007,0.0
WEC_BANC,installed_9035,waste,1881.6000000000004,2.8000000000000007,0.0
WEC_BANC,installed_9036,waste,1881.6000000000004,2.8000000000000007,0.0
WEC_BANC,installed_9178,natural gas,1305.1320254795378,1.942160752201693,384.222814664
WEC_BANC,installed_9179,natural gas,67730.25803710535,100.7890744599782,384.222814664
WEC_BANC,installed_9180,natural gas,65239.52216007016,97.08262226200917,384.222814664
WEC_BANC,installed_9384,natural gas,32256.0,48.0,386.8359707186615
WEC_BANC,installed_9385,natural gas,32256.0,48.0,386.83597071866154
WEC_BANC,installed_9618,natural gas,25536.0,38.0,447.5057025439999
WEC_BANC,installed_9619,natural gas,25536.0,38.0,447.5057025439999
WEC_BANC,installed_9620,natural gas,44705.459938021275,66.5259820506269,447.5057025439999
WEC_BANC,installed_10816,solar,129.16899999999998,0.1922157738095238,0.0
WEC_BANC,installed_11976,solar,2195.8730000000005,3.2676681547619055,0.0
WEC_BANC,installed_11977,solar,374.5901,0.557425744047619,0.0
WEC_BANC,installed_11978,solar,374.5901,0.557425744047619,0.0
WEC_BANC,installed_12088,solar,129.16899999999998,0.1922157738095238,0.0
WEC_BANC,installed_12118,solar,387.507,0.5766473214285714,0.0
WEC_BANC,installed_12119,solar,645.845,0.9610788690476191,0.0
WEC_BANC,installed_12120,solar,387.507,0.5766473214285714,0.0
WEC_BANC,installed_12121,solar,645.845,0.9610788690476191,0.0
WEC_BANC,installed_12122,solar,387.507,0.5766473214285714,0.0
WEC_BANC,installed_12123,solar,645.845,0.9610788690476191,0.0
WEC_BANC,installed_12124,solar,645.845,0.9610788690476191,0.0
WEC_BANC,installed_12125,solar,645.845,0.9610788690476191,0.0
WEC_BANC,installed_12126,solar,645.845,0.9610788690476191,0.0
WEC_BANC,installed_12151,solar,51.66760000000001,0.07688630952380954,0.0
WEC_BANC,installed_12159,solar,645.845,0.9610788690476191,0.0
WEC_BANC,installed_12160,solar,645.845,0.9610788690476191,0.0
WEC_BANC,installed_12161,solar,645.845,0.9610788690476191,0.0
WEC_BANC,installed_12162,solar,645.845,0.9610788690476191,0.0
WEC_BANC,installed_12163,solar,645.845,0.9610788690476191,0.0
WEC_BANC,installed_12164,solar,645.845,0.9610788690476191,0.0
WEC_BANC,installed_12207,solar,361.67319999999995,0.5382041666666666,0.0
WEC_BANC,installed_12208,solar,116.2521,0.17299419642857142,0.0
WEC_BANC,installed_12347,solar,258.33799999999997,0.3844315476190476,0.0
WEC_BANC,installed_12521,solar,64.58449999999999,0.0961078869047619,0.0
WEC_BANC,installed_12522,solar,64.58449999999999,0.0961078869047619,0.0
WEC_BANC,installed_12551,solar,387.507,0.5766473214285714,0.0
WEC_BANC,installed_12713,solar,129.16899999999998,0.1922157738095238,0.0
WEC_BANC,installed_13188,solar,129.16899999999998,0.1922157738095238,0.0
WEC_BANC,installed_13538,solar,129.16899999999998,0.1922157738095238,0.0
WEC_BANC,installed_13937,solar,193.7535,0.2883236607142857,0.0
WEC_BANC,installed_14859,solar,129.16899999999998,0.1922157738095238,0.0
WEC_BANC,installed_14885,solar,1395.0252,2.075930357142857,0.0
WEC_BANC,installed_15589,solar,142.0859,0.2114373511904762,0.0
WEC_BANC,installed_15611,solar,348.7563,0.5189825892857143,0.0
WEC_BANC,installed_15772,solar,904.183,1.3455104166666667,0.0
WEC_BANC,installed_15873,solar,671.6788000000001,0.999522023809524,0.0
WEC_BANC,installed_15929,solar,452.0915,0.6727552083333334,0.0
WEC_BANC,installed_16588,hydro,11008.254218748807,16.381330682661915,0.0
WEC_BANC,installed_17030,natural gas,23409.379404101084,34.83538601800757,410.421834992
WEC_BANC,installed_17031,natural gas,0.0,0.0,410.421834992
WEC_BANC,installed_17032,natural gas,5510.4000000000015,8.200000000000003,410.421834992
WEC_BANC,installed_17033,natural gas,5010.200000000001,7.455654761904763,410.421834992
WEC_BANC,installed_17034,natural gas,5510.4000000000015,8.200000000000003,410.421834992
WEC_BANC,installed_17035,natural gas,5510.4000000000015,8.200000000000003,410.421834992
WEC_BANC,installed_17036,natural gas,787.2,1.1714285714285715,410.421834992
WEC_BANC,installed_17037,natural gas,5510.4000000000015,8.200000000000003,410.421834992
WEC_BANC,installed_17038,natural gas,32256.0,48.0,410.421834992
WEC_BANC,installed_17095,natural gas,9608.4032,14.298219047619048,230.8270250404828
WEC_BANC,installed_17096,natural gas,14054.728,20.91477380952381,302.05838219771425
WEC_BANC,installed_17097,natural gas,15456.0,23.0,302.05838219771425
WEC_BANC,installed_17098,natural gas,18144.0,27.0,339.26810910993333
WEC_BANC,installed_17099,natural gas,25560.06822111966,38.03581580523759,377.5357939032382
WEC_BANC,installed_17100,natural gas,25830.0,38.4375,377.53579390323824
WEC_BANC,installed_17273,natural gas,27686.399999999994,41.19999999999999,389.88500359999995
WEC_BANC,installed_17274,natural gas,11155.199999999997,16.599999999999994,389.88500359999995
WEC_BANC,installed_17275,natural gas,29491.199999999997,43.88571428571428,389.88500359999995
WEC_BANC,installed_17294,natural gas,25267.200000000004,37.60000000000001,370.041714376
WEC_BANC,installed_17295,natural gas,28813.247841975008,42.876856907700905,370.041714376
WEC_BANC,installed_17296,natural gas,28765.601197680007,42.805954163214295,370.041714376
WEC_BANC,installed_17297,natural gas,0.0,0.0,370.041714376
WEC_BANC,installed_17298,natural gas,0.0,0.0,439.9502205999999
WEC_BANC,installed_17299,natural gas,35616.0,53.0,439.9502205999999
WEC_BANC,installed_18572,hydro,770.0074194461599,1.1458443741758333,0.0
WEC_BANC,installed_18579,wind,3711.5568000000003,5.52315,0.0
WEC_BANC,installed_18608,solar,11529.719879215001,17.157321248831845,0.0
WEC_BANC,optional_463_0,wind,0.0,0.0,0.0
WEC_BANC,optional_464_0,wind,0.0,0.0,0.0
WEC_BANC,optional_465_0,wind,0.0,0.0,0.0
WEC_BANC,optional_465_1,wind,0.0,0.0,0.0
WEC_BANC,optional_801_0,solar,0.0,0.0,0.0
WEC_BANC,optional_801_1,solar,0.0,0.0,0.0
WEC_BANC,optional_801_2,solar,0.0,0.0,0.0
WEC_BANC,optional_801_3,solar,0.0,0.0,0.0
WEC_BANC,optional_801_4,solar,0.0,0.0,0.0
WEC_BANC,optional_801_5,solar,0.0,0.0,0.0
WEC_BANC,optional_802_0,solar,0.0,0.0,0.0
WEC_BANC,optional_802_1,solar,0.0,0.0,0.0
WEC_BANC,optional_802_2,solar,0.0,0.0,0.0
WEC_BANC,optional_802_3,solar,0.0,0.0,0.0
WEC_BANC,optional_802_4,solar,0.0,0.0,0.0
WEC_CALN,installed_249,hydro,1270.4945185571096,1.890616843090937,0.0
WEC_CALN,installed_408,biomass,1850.00000034,2.752976190982143,39.584066656
WEC_CALN,installed_651,biomass,5220.0,7.767857142857143,4.359926304
WEC_CALN,installed_1721,hydro,291.15499383600445,0.4332663598750066,0.0
WEC_CALN,installed_1722,hydro,291.15499383600445,0.4332663598750066,0.0
WEC_CALN,installed_1723,hydro,291.15499383600445,0.4332663598750066,0.0
WEC_CALN,installed_1724,hydro,132.3431790163656,0.1969392544886393,0.0
WEC_CALN,installed_1725,hydro,132.3431790163656,0.1969392544886393,0.0
WEC_CALN,installed_2842,hydro,1852.8045062291185,2.75714956284095,0.0
WEC_CALN,installed_5712,hydro,4499.668086556429,6.695934652613734,0.0
WEC_CALN,installed_5718,natural gas,0.0,0.0,45.51186610742857
WEC_CALN,installed_5719,natural gas,0.0,0.0,45.51186610742857
WEC_CALN,installed_5757,hydro,14557.749691800216,21.663317993750322,0.0
WEC_CALN,installed_5758,hydro,14557.749691800216,21.663317993750322,0.0
WEC_CALN,installed_5759,hydro,14557.749691800216,21.663317993750322,0.0
WEC_CALN,installed_5760,hydro,10111.018876850336,15.046159042932047,0.0
WEC_CALN,installed_5761,hydro,264.6863580327312,0.3938785089772786,0.0
WEC_CALN,installed_5762,hydro,873.464981508013,1.2997990796250194,0.0
WEC_CALN,installed_5763,hydro,18978.01187094683,28.241089093670876,0.0
WEC_CALN,installed_5764,hydro,18978.011870946826,28.241089093670873,0.0
WEC_CALN,installed_5765,hydro,18978.01187094683,28.241089093670876,0.0
WEC_CALN,installed_5771,hydro,2196.8967716716697,3.2691916245114134,0.0
WEC_CALN,installed_5772,hydro,2196.8967716716697,3.2691916245114134,0.0
WEC_CALN,installed_5800,hydro,18528.045062291185,27.5714956284095,0.0
WEC_CALN,installed_5801,hydro,18528.045062291185,27.5714956284095,0.0
WEC_CALN,installed_5856,hydro,1455.7749691800213,2.166331799375032,0.0
WEC_CALN,installed_5966,biomass,2053.2,3.0553571428571424,39.58406665599999
WEC_CALN,installed_6647,hydro,397.0295370490968,0.5908177634659179,0.0
WEC_CALN,installed_6648,hydro,397.0295370490968,0.5908177634659179,0.0
WEC_CALN,installed_6697,geothermal,739.1999999999998,1.0999999999999996,0.0
WEC_CALN,installed_6698,geothermal,739.1999999999998,1.0999999999999996,0.0
WEC_CALN,installed_7325,hydro,291.15499383600445,0.4332663598750066,0.0
WEC_CALN,installed_9110,natural gas,0.0,0.0,290.053713524
WEC_CALN,installed_9309,natural gas,32760.0,48.75,451.19703424
WEC_CALN,installed_9310,natural gas,32755.100877831494,48.7427096396302,451.19703424
WEC_CALN,installed_9311,natural gas,21816.0,32.464285714285715,451.19703424
WEC_CALN,installed_11144,natural gas,474.6,0.70625,265.40575104
WEC_CALN,installed_11145,natural gas,0.0,0.0,265.40575104
WEC_CALN,installed_11146,natural gas,0.0,0.0,265.40575104
WEC_CALN,installed_11658,natural gas,548.8,0.8166666666666667,265.40575104
WEC_CALN,installed_11781,solar,113.64435337217,0.1691136210895387,0.0
WEC_CALN,installed_12020,solar,340.93306011651,0.507340863268616,0.0
WEC_CALN,installed_12021,solar,306.839754104859,0.4566067769417545,0.0
WEC_CALN,installed_12136,natural gas,470.40000000000003,0.7000000000000001,265.40575104
WEC_CALN,installed_12152,natural gas,0.0,0.0,265.40575104
WEC_CALN,installed_12153,natural gas,0.0,0.0,265.40575104000004
WEC_CALN,installed_12386,natural gas,1122.5,1.6703869047619047,335.247125648
WEC_CALN,installed_12387,natural gas,920.4606438218733,1.3697331009254068,335.247125648
WEC_CALN,installed_12485,solar,2841.1088343042497,4.227840527238467,0.0
WEC_CALN,installed_12991,biomass,3097.2,4.608928571428571,1.466916528
WEC_CALN,installed_13562,non-fossil,1008.0,1.5,0.0
WEC_CALN,installed_13878,battery,-1.3015827469119383,-0.0019368790876665748,0.0
WEC_CALN,installed_13879,battery,-2.6031654938238766,-0.0038737581753331496,0.0
WEC_CALN,installed_14838,non-fossil,1344.0,2.0,0.0
WEC_CALN,installed_15055,solar,6818.661203467729,10.146817267065073,0.0
WEC_CALN,installed_15799,natural gas,1411.2000000000003,2.1000000000000005,289.261741892
WEC_CALN,installed_17103,natural gas,0.0,0.0,386.79928245584034
WEC_CALN,installed_17104,natural gas,400.0,0.5952380952380952,386.79928245584034
WEC_CALN,installed_17105,natural gas,0.0,0.0,386.79928245584034
WEC_CALN,installed_17106,natural gas,0.0,0.0,386.79928245584034
WEC_CALN,installed_17223,natural gas,5661.900000000001,8.42544642857143,302.39713068474725
WEC_CALN,installed_17224,natural gas,0.0,0.0,302.07955397815385
WEC_CALN,installed_17225,natural gas,0.0,0.0,302.07955397815385
WEC_CALN,installed_18213,solar,284.110883430425,0.4227840527238468,0.0
WEC_CALN,installed_18563,biomass,5220.0,7.767857142857143,13.731312685901853
WEC_CALN,installed_18566,natural gas,0.0,0.0,332.11582793212324
WEC_CALN,installed_18569,geothermal,24529.076543999996,36.50160199999999,0.0
WEC_CALN,installed_18580,wind,4967.32632,7.391854642857143,0.0
WEC_CALN,installed_18581,wind,1538.5524,2.2895125,0.0
WEC_CALN,installed_18582,wind,6154.2096,9.15805,0.0
WEC_CALN,installed_18583,wind,93719.82048,139.46401857142857,0.0
WEC_CALN,installed_18584,wind,137964.19163999998,205.30385660714282,0.0
WEC_CALN,installed_18585,wind,459202.353687902,683.3368358450922,0.0
WEC_CALN,installed_18609,solar,80741.8794,120.15160625000001,0.0
WEC_CALN,installed_18905,natural gas,0.0,0.0,265.40575104
WEC_CALN,optional_466_0,wind,0.0,0.0,0.0
WEC_CALN,optional_467_0,wind,0.0,0.0,0.0
WEC_CALN,optional_468_0,wind,0.0,0.0,0.0
WEC_CALN,optional_469_0,wind,0.0,0.0,0.0
WEC_CALN,optional_470_0,wind,0.0,0.0,0.0
WEC_CALN,optional_471_0,wind,0.0,0.0,0.0
WEC_CALN,optional_472_0,wind,0.0,0.0,0.0
WEC_CALN,optional_472_1,wind,0.0,0.0,0.0
WEC_CALN,optional_472_2,wind,0.0,0.0,0.0
WEC_CALN,optional_473_0,wind,0.0,0.0,0.0
WEC_CALN,optional_473_1,wind,0.0,0.0,0.0
WEC_CALN,optional_473_2,wind,0.0,0.0,0.0
WEC_CALN,optional_473_3,wind,0.0,0.0,0.0
WEC_CALN,optional_473_4,wind,0.0,0.0,0.0
WEC_CALN,optional_473_5,wind,0.0,0.0,0.0
WEC_CALN,optional_803_0,solar,0.0,0.0,0.0
WEC_CALN,optional_803_1,solar,0.0,0.0,0.0
WEC_CALN,optional_803_2,solar,0.0,0.0,0.0
WEC_CALN,optional_803_3,solar,0.0,0.0,0.0
WEC_CALN,optional_803_4,solar,0.0,0.0,0.0
WEC_CALN,optional_803_5,solar,0.0,0.0,0.0
WEC_CALN,optional_804_0,solar,0.0,0.0,0.0
WEC_CALN,optional_804_1,solar,0.0,0.0,0.0
WEC_CALN,optional_804_2,solar,0.0,0.0,0.0
WEC_CALN,optional_804_3,solar,0.0,0.0,0.0
WEC_CALN,optional_804_4,solar,0.0,0.0,0.0
WEC_CALN,optional_804_5,solar,0.0,0.0,0.0
WEC_CALN,optional_805_0,solar,0.0,0.0,0.0
WEC_CALN,optional_805_1,solar,0.0,0.0,0.0
WEC_CALN,optional_805_2,solar,0.0,0.0,0.0
WEC_CALN,optional_805_3,solar,0.0,0.0,0.0
WEC_CALN,optional_805_4,solar,0.0,0.0,0.0
WEC_CALN,optional_805_5,solar,0.0,0.0,0.0
WEC_CALN,optional_806_0,solar,0.0,0.0,0.0
WEC_CALN,optional_806_1,solar,0.0,0.0,0.0
WEC_CALN,optional_806_2,solar,0.0,0.0,0.0
WEC_CALN,optional_807_0,solar,0.0,0.0,0.0
WEC_CALN,optional_807_1,solar,0.0,0.0,0.0
WEC_CALN,optional_807_2,solar,0.0,0.0,0.0
WEC_CALN,optional_807_3,solar,0.0,0.0,0.0
WEC_CALN,optional_807_4,solar,0.0,0.0,0.0
WEC_CALN,optional_807_5,solar,0.0,0.0,0.0
WEC_LADW,installed_152,non-fossil,5376.0,8.0,0.0
WEC_LADW,installed_153,non-fossil,5376.0,8.0,0.0
WEC_LADW,installed_154,non-fossil,5376.0,8.0,0.0
WEC_LADW,installed_155,non-fossil,4972.8,7.4,0.0
WEC_LADW,installed_200,natural gas,0.0,0.0,367.8908635832728
WEC_LADW,installed_201,natural gas,0.0,0.0,367.89086358327273
WEC_LADW,installed_202,natural gas,0.0,0.0,366.7373084376104
WEC_LADW,installed_203,natural gas,0.0,0.0,396.16180969600003
WEC_LADW,installed_204,natural gas,21108.25382071572,31.411091995112677,379.70282768546866
WEC_LADW,installed_205,natural gas,0.0,0.0,302.543142448
WEC_LADW,installed_514,natural gas,0.0,0.0,336.816327172
WEC_LADW,installed_515,natural gas,730.5,1.0870535714285714,376.28968929020164
WEC_LADW,installed_760,natural gas,0.0,0.0,283.84698739199996
WEC_LADW,installed_761,natural gas,0.0,0.0,283.84698739199996
WEC_LADW,installed_4225,hydro,2282.6999597763006,3.3968749401433045,0.0
WEC_LADW,installed_5019,natural gas,9824.236955260665,14.619400231042656,355.228760432
WEC_LADW,installed_5020,natural gas,0.0,0.0,355.228760432
WEC_LADW,installed_5021,natural gas,0.0,0.0,336.816327172
WEC_LADW,installed_5022,natural gas,0.0,0.0,392.3422830337013
WEC_LADW,installed_5023,natural gas,18511.586348685538,27.547003495067763,386.20365092800006
WEC_LADW,installed_5255,hydro,805.6588093328116,1.1988970376976364,0.0
WEC_LADW,installed_5276,pump hydro,-604.8563879136932,-0.900083910585853,0.0
WEC_LADW,installed_5277,pump hydro,-604.8563879136927,-0.9000839105858522,0.0
WEC_LADW,installed_5278,pump hydro,-604.8563879136937,-0.9000839105858537,0.0
WEC_LADW,installed_5279,pump hydro,-604.8563879136932,-0.900083910585853,0.0
WEC_LADW,installed_5280,pump hydro,-604.8563879136932,-0.900083910585853,0.0
WEC_LADW,installed_5281,pump hydro,-604.8563879136927,-0.9000839105858522,0.0
WEC_LADW,installed_5282,hydro,15012.109147234722,22.339448135765956,0.0
WEC_LADW,installed_5329,hydro,10070.735116660146,14.986212971220455,0.0
WEC_LADW,installed_5333,hydro,322.26352373312466,0.47955881507905457,0.0
WEC_LADW,installed_5334,hydro,322.26352373312466,0.47955881507905457,0.0
WEC_LADW,installed_5346,hydro,2309.5552534207277,3.436838174733226,0.0
WEC_LADW,installed_5347,hydro,537.1058728885414,0.7992646917984247,0.0
WEC_LADW,installed_5383,hydro,671.3823411106764,0.9990808647480304,0.0
WEC_LADW,installed_5384,hydro,671.3823411106764,0.9990808647480304,0.0
WEC_LADW,installed_5398,natural gas,38102.50808457788,56.70016084014566,288.27708069179835
WEC_LADW,installed_5399,natural gas,0.0,0.0,288.27708069179835
WEC_LADW,installed_5400,natural gas,0.0,0.0,389.88500359999995
WEC_LADW,installed_5401,natural gas,18911.120442013264,28.14154827680545,386.9399214624
WEC_LADW,installed_5402,natural gas,19000.579518802588,28.274671902980042,386.9399214623999
WEC_LADW,installed_5403,natural gas,17655.552428516705,26.273143494816527,386.9399214624
WEC_LADW,installed_5404,natural gas,0.0,0.0,386.9399214624
WEC_LADW,installed_5405,natural gas,24179.932022626894,35.98204170033764,386.9399214624
WEC_LADW,installed_5417,oil,0.0,0.0,421.186480336
WEC_LADW,installed_5418,oil,0.0,0.0,421.186480336
WEC_LADW,installed_5419,natural gas,0.0,0.0,421.186480336
WEC_LADW,installed_5420,natural gas,0.0,0.0,421.186480336
WEC_LADW,installed_5421,natural gas,37505.00941755077,55.81102591897436,421.186480336
WEC_LADW,installed_5422,natural gas,0.0,0.0,421.186480336
WEC_LADW,installed_5423,natural gas,0.0,0.0,421.186480336
WEC_LADW,installed_5424,natural gas,0.0,0.0,421.186480336
WEC_LADW,installed_5425,natural gas,0.0,0.0,421.186480336
WEC_LADW,installed_5426,natural gas,0.0,0.0,421.186480336
WEC_LADW,installed_5427,natural gas,0.0,0.0,421.186480336
WEC_LADW,installed_5450,hydro,10070.735116660146,14.986212971220455,0.0
WEC_LADW,installed_5479,hydro,725.0929283995308,1.0790073339278732,0.0
WEC_LADW,installed_5494,hydro,859.3693966216659,1.2788235068774791,0.0
WEC_LADW,installed_5495,hydro,778.8035156883848,1.1589338031077154,0.0
WEC_LADW,installed_5496,oil,0.0,0.0,419.154388176
WEC_LADW,installed_5497,oil,0.0,0.0,419.154388176
WEC_LADW,installed_5498,natural gas,0.0,0.0,419.154388176
WEC_LADW,installed_5499,natural gas,0.0,0.0,419.154388176
WEC_LADW,installed_5500,natural gas,52180.44122883679,77.64946611434046,419.154388176
WEC_LADW,installed_5501,natural gas,0.0,0.0,419.154388176
WEC_LADW,installed_5561,hydro,10070.735116660146,14.986212971220455,0.0
WEC_LADW,installed_5586,natural gas,0.0,0.0,378.147403416
WEC_LADW,installed_5587,natural gas,0.0,0.0,378.147403416
WEC_LADW,installed_5588,natural gas,0.0,0.0,378.147403416
WEC_LADW,installed_5589,natural gas,0.0,0.0,378.147403416
WEC_LADW,installed_6402,natural gas,0.0,0.0,295.9163821629397
WEC_LADW,installed_6792,natural gas,6187.5,9.207589285714286,281.192113416
WEC_LADW,installed_6793,natural gas,0.0,0.0,281.192113416
WEC_LADW,installed_6794,natural gas,0.0,0.0,281.192113416
WEC_LADW,installed_8804,non-fossil,18883.2,28.1,0.0
WEC_LADW,installed_9280,natural gas,0.0,0.0,413.689058168
WEC_LADW,installed_9281,natural gas,0.0,0.0,413.689058168
WEC_LADW,installed_9811,wind,40338.81,60.027991071428566,0.0
WEC_LADW,installed_11482,solar,8973.03626773673,13.352732541274897,0.0
WEC_LADW,installed_11514,solar,299.1012088785221,0.44509108464065783,0.0
WEC_LADW,installed_11515,solar,151.9177,0.22606800595238094,0.0
WEC_LADW,installed_11516,solar,176.741623390552,0.2630083681407024,0.0
WEC_LADW,installed_11517,solar,135.955095032669,0.2023141295129003,0.0
WEC_LADW,installed_11518,solar,163.14611398396,0.2427769553332738,0.0
WEC_LADW,installed_11519,solar,299.1012088785221,0.44509108464065783,0.0
WEC_LADW,installed_11785,natural gas,0.0,0.0,420.67845729600003
WEC_LADW,installed_11786,natural gas,0.0,0.0,420.678457296
WEC_LADW,installed_11787,natural gas,48302.226719079015,71.87831357005805,420.67845729600003
WEC_LADW,installed_11788,natural gas,0.0,0.0,420.678457296
WEC_LADW,installed_11789,natural gas,0.0,0.0,420.67845729600003
WEC_LADW,installed_12142,solar,163.14611398396,0.2427769553332738,0.0
WEC_LADW,installed_12143,solar,176.741623390552,0.2630083681407024,0.0
WEC_LADW,installed_12179,solar,176.741623390552,0.2630083681407024,0.0
WEC_LADW,installed_12184,solar,176.741623390552,0.2630083681407024,0.0
WEC_LADW,installed_12191,solar,149.55060443926104,0.22254554232032892,0.0
WEC_LADW,installed_12212,pump hydro,-4.024922359499623,-0.005989467796874439,0.0
WEC_LADW,installed_12213,pump hydro,-4.024922359499623,-0.005989467796874439,0.0
WEC_LADW,installed_12214,hydro,322.26352373312466,0.47955881507905457,0.0
WEC_LADW,installed_12215,hydro,322.26352373312466,0.47955881507905457,0.0
WEC_LADW,installed_12216,hydro,134.27646822213535,0.19981617294960619,0.0
WEC_LADW,installed_12217,hydro,134.27646822213535,0.19981617294960619,0.0
WEC_LADW,installed_12218,hydro,53.71058728885412,0.07992646917984245,0.0
WEC_LADW,installed_12222,solar,203.93264247995,0.3034711941665923,0.0
WEC_LADW,installed_12251,solar,135.955095032669,0.2023141295129003,0.0
WEC_LADW,installed_12324,natural gas,0.0,0.0,393.1742126470588
WEC_LADW,installed_12325,natural gas,27658.38799777267,41.158315472876,433.35721524671396
WEC_LADW,installed_12326,natural gas,0.0,0.0,393.1742126470588
WEC_LADW,installed_12327,natural gas,27805.725958562893,41.377568390718594,433.35721524671396
WEC_LADW,installed_12507,solar,271.91018992723104,0.4046282588202843,0.0
WEC_LADW,installed_12561,waste,134.39999999999998,0.19999999999999996,25.211263839622646
WEC_LADW,installed_12562,waste,134.39999999999998,0.19999999999999996,25.211263839622646
WEC_LADW,installed_12563,waste,134.39999999999998,0.19999999999999996,25.211263839622646
WEC_LADW,installed_12564,waste,134.39999999999998,0.19999999999999996,25.211263839622646
WEC_LADW,installed_12565,waste,134.39999999999998,0.19999999999999996,25.211263839622646
WEC_LADW,installed_12586,solar,2719.1018992723098,4.046282588202842,0.0
WEC_LADW,installed_12684,solar,258.31468038253195,0.3843968458073392,0.0
WEC_LADW,installed_12685,solar,475.842832407181,0.7080994529868765,0.0
WEC_LADW,installed_12688,solar,217.52815188654202,0.32370260697402087,0.0
WEC_LADW,installed_12707,natural gas,0.0,0.0,269.36061968800004
WEC_LADW,installed_12708,natural gas,0.0,0.0,269.36061968800004
WEC_LADW,installed_12761,natural gas,0.0,0.0,265.40575104000004
WEC_LADW,installed_12831,solar,203.93264247995,0.3034711941665923,0.0
WEC_LADW,installed_12832,solar,203.93264247995,0.3034711941665923,0.0
WEC_LADW,installed_12912,waste,2688.0,4.0,0.0
WEC_LADW,installed_12913,waste,2688.0,4.0,0.0
WEC_LADW,installed_12914,waste,2688.0,4.0,0.0
WEC_LADW,installed_12915,waste,2688.0,4.0,0.0
WEC_LADW,installed_12916,waste,2688.0,4.0,0.0
WEC_LADW,installed_12941,natural gas,0.0,0.0,265.40575104000004
WEC_LADW,installed_12942,natural gas,0.0,0.0,265.40575104000004
WEC_LADW,installed_12943,natural gas,0.0,0.0,265.40575104000004
WEC_LADW,installed_12944,natural gas,0.0,0.0,265.40575104000004
WEC_LADW,installed_12945,natural gas,0.0,0.0,265.40575104000004
WEC_LADW,installed_12946,natural gas,0.0,0.0,265.40575104
WEC_LADW,installed_12950,solar,135.955095032669,0.2023141295129003,0.0
WEC_LADW,installed_12951,solar,135.955095032669,0.2023141295129003,0.0
WEC_LADW,installed_12952,solar,203.93264247995,0.3034711941665923,0.0
WEC_LADW,installed_12953,solar,203.93264247995,0.3034711941665923,0.0
WEC_LADW,installed_12954,solar,203.93264247995,0.3034711941665923,0.0
WEC_LADW,installed_12955,solar,135.955095032669,0.2023141295129003,0.0
WEC_LADW,installed_12957,solar,203.93264247995,0.3034711941665923,0.0
WEC_LADW,installed_12958,solar,203.93264247995,0.3034711941665923,0.0
WEC_LADW,installed_12959,solar,135.955095032669,0.2023141295129003,0.0
WEC_LADW,installed_12960,solar,203.93264247995,0.3034711941665923,0.0
WEC_LADW,installed_12961,solar,203.93264247995,0.3034711941665923,0.0
WEC_LADW,installed_12962,solar,203.93264247995,0.3034711941665923,0.0
WEC_LADW,installed_13176,solar,2719.1018992723098,4.046282588202842,0.0
WEC_LADW,installed_13177,solar,1359.5509496361549,2.023141294101421,0.0
WEC_LADW,installed_13187,solar,135.955095032669,0.2023141295129003,0.0
WEC_LADW,installed_13300,solar,679.7754748871309,1.0115706471534687,0.0
WEC_LADW,installed_13301,solar,203.93264247995,0.3034711941665923,0.0
WEC_LADW,installed_13302,solar,203.93264247995,0.3034711941665923,0.0
WEC_LADW,installed_13303,solar,203.93264247995,0.3034711941665923,0.0
WEC_LADW,installed_13304,solar,203.93264247995,0.3034711941665923,0.0
WEC_LADW,installed_13305,solar,203.93264247995,0.3034711941665923,0.0
WEC_LADW,installed_13485,solar,244.71917097594,0.3641654329999107,0.0
WEC_LADW,installed_13486,solar,203.93264247995,0.3034711941665923,0.0
WEC_LADW,installed_13545,solar,135.955095032669,0.2023141295129003,0.0
WEC_LADW,installed_13723,solar,203.93264247995,0.3034711941665923,0.0
WEC_LADW,installed_13724,solar,135.955095032669,0.2023141295129003,0.0
WEC_LADW,installed_13725,solar,135.955095032669,0.2023141295129003,0.0
WEC_LADW,installed_13727,solar,135.955095032669,0.2023141295129003,0.0
WEC_LADW,installed_13728,solar,135.955095032669,0.2023141295129003,0.0
WEC_LADW,installed_13789,solar,203.93264247995,0.3034711941665923,0.0
WEC_LADW,installed_13791,solar,203.93264247995,0.3034711941665923,0.0
WEC_LADW,installed_13881,natural gas,0.0,0.0,265.40575104000004
WEC_LADW,installed_13882,solar,679.7754748871309,1.0115706471534687,0.0
WEC_LADW,installed_13890,solar,1359.5509496361549,2.023141294101421,0.0
WEC_LADW,installed_14037,solar,2719.1018992723098,4.046282588202842,0.0
WEC_LADW,installed_14060,solar,2719.1018992723098,4.046282588202842,0.0
WEC_LADW,installed_14142,solar,2719.1018992723098,4.046282588202842,0.0
WEC_LADW,installed_14257,solar,176.741623390552,0.2630083681407024,0.0
WEC_LADW,installed_14258,solar,135.955095032669,0.2023141295129003,0.0
WEC_LADW,installed_14355,solar,271.91018992723104,0.4046282588202843,0.0
WEC_LADW,installed_14364,solar,679.7754748871309,1.0115706471534687,0.0
WEC_LADW,installed_14435,solar,122.35958548797,0.18208271649995536,0.0
WEC_LADW,installed_14581,solar,203.93264247995,0.3034711941665923,0.0
WEC_LADW,installed_14603,solar,2719.1018992723098,4.046282588202842,0.0
WEC_LADW,installed_14604,solar,2719.1018992723098,4.046282588202842,0.0
WEC_LADW,installed_14605,solar,2719.1018992723098,4.046282588202842,0.0
WEC_LADW,installed_14606,solar,5438.2037985446195,8.092565176405683,0.0
WEC_LADW,installed_14671,solar,407.8652849599,0.6069423883331846,0.0
WEC_LADW,installed_14733,solar,503.033851358472,0.74856227880725,0.0
WEC_LADW,installed_14734,solar,407.8652849599,0.6069423883331846,0.0
WEC_LADW,installed_14789,oil,0.0,0.0,344.518092536
WEC_LADW,installed_14790,oil,0.0,0.0,221.7128096214359
WEC_LADW,installed_14819,solar,176.741623390552,0.2630083681407024,0.0
WEC_LADW,installed_14821,solar,163.14611398396,0.2427769553332738,0.0
WEC_LADW,installed_14822,solar,135.955095032669,0.2023141295129003,0.0
WEC_LADW,installed_14827,solar,271.91018992723104,0.4046282588202843,0.0
WEC_LADW,installed_14830,solar,11556.18307156205,17.19670099934829,0.0
WEC_LADW,installed_14831,solar,6797.75474887131,10.115706471534688,0.0
WEC_LADW,installed_14832,solar,679.7754748871309,1.0115706471534687,0.0
WEC_LADW,installed_14919,solar,271.91018992723104,0.4046282588202843,0.0
WEC_LADW,installed_14920,solar,135.955095032669,0.2023141295129003,0.0
WEC_LADW,installed_14947,solar,2719.1018992723098,4.046282588202842,0.0
WEC_LADW,installed_14948,solar,2719.1018992723098,4.046282588202842,0.0
WEC_LADW,installed_14949,solar,407.8652849599,0.6069423883331846,0.0
WEC_LADW,installed_15616,solar,1291.573402188874,1.9219842294477292,0.0
WEC_LADW,installed_15674,solar,312.696718423221,0.4653224976536027,0.0
WEC_LADW,installed_15727,non-fossil,6720.0,10.0,0.0
WEC_LADW,installed_15728,non-fossil,6720.0,10.0,0.0
WEC_LADW,installed_15729,non-fossil,1344.0,2.0,0.0
WEC_LADW,installed_15737,battery,-3.2074650998531116,-0.004773013541448083,0.0
WEC_LADW,installed_15820,wind,567.7313999999999,0.8448383928571427,0.0
WEC_LADW,installed_15964,solar,394.269775415201,0.5867109753202396,0.0
WEC_LADW,installed_15970,solar,1454.7195158966201,2.1647611843699703,0.0
WEC_LADW,installed_16056,battery,-34.01582746911937,-0.05061879087666573,0.0
WEC_LADW,installed_16466,hydro,7250.929283995306,10.79007333927873,0.0
WEC_LADW,installed_16467,hydro,2954.0823008869766,4.395955804891334,0.0
WEC_LADW,installed_16468,hydro,3222.6352373312466,4.795588150790546,0.0
WEC_LADW,installed_16469,hydro,7250.929283995306,10.79007333927873,0.0
WEC_LADW,installed_16470,hydro,2148.4234915541656,3.197058767193699,0.0
WEC_LADW,installed_16471,hydro,4833.95285599687,7.193382226185819,0.0
WEC_LADW,installed_16619,hydro,268.5529364442707,0.39963234589921237,0.0
WEC_LADW,installed_16621,hydro,966.7905711993741,1.4386764452371639,0.0
WEC_LADW,installed_16622,hydro,966.7905711993741,1.4386764452371639,0.0
WEC_LADW,installed_16654,oil,0.0,0.0,111.5843701557387
WEC_LADW,installed_16655,oil,0.0,0.0,111.5843701557387
WEC_LADW,installed_16656,oil,0.0,0.0,111.5843701557387
WEC_LADW,installed_16657,oil,0.0,0.0,111.5843701557387
WEC_LADW,installed_16658,oil,0.0,0.0,111.5843701557387
WEC_LADW,installed_16659,oil,0.0,0.0,111.58437015573867
WEC_LADW,installed_16660,oil,0.0,0.0,111.5843701557387
WEC_LADW,installed_16661,oil,0.0,0.0,111.58437015573872
WEC_LADW,installed_16662,oil,0.0,0.0,111.5843701557387
WEC_LADW,installed_16663,oil,0.0,0.0,111.5843701557387
WEC_LADW,installed_16664,oil,0.0,0.0,111.58437015573867
WEC_LADW,installed_16665,oil,0.0,0.0,111.5843701557387
WEC_LADW,installed_16666,oil,0.0,0.0,111.5843701557387
WEC_LADW,installed_16667,oil,0.0,0.0,111.5843701557387
WEC_LADW,installed_16668,oil,0.0,0.0,111.58437015573872
WEC_LADW,installed_16669,oil,0.0,0.0,111.5843701557387
WEC_LADW,installed_16670,oil,0.0,0.0,111.5843701557387
WEC_LADW,installed_16671,oil,0.0,0.0,111.58437015573872
WEC_LADW,installed_16672,oil,0.0,0.0,111.58437015573872
WEC_LADW,installed_16673,oil,0.0,0.0,111.58437015573872
WEC_LADW,installed_16674,oil,0.0,0.0,111.58437015573872
WEC_LADW,installed_16675,oil,0.0,0.0,111.58437015573874
WEC_LADW,installed_16676,oil,0.0,0.0,111.58437015573874
WEC_LADW,installed_16677,battery,-1.5507913734559677,-0.0023077252581189998,0.0
WEC_LADW,installed_17916,natural gas,0.0,0.0,386.7753169989334
WEC_LADW,installed_18214,solar,1291.573402188874,1.9219842294477292,0.0
WEC_LADW,installed_18564,natural gas,0.0,0.0,376.2706227135779
WEC_LADW,installed_18573,hydro,7369.158102947278,10.966009081766783,0.0
WEC_LADW,installed_18576,battery,-218.66470161183827,-0.32539390120809264,0.0
WEC_LADW,installed_18586,wind,2474.1136799999995,3.681716785714285,0.0
WEC_LADW,installed_18587,wind,5521.934880000001,8.217165000000001,0.0
WEC_LADW,installed_18588,wind,914.34636,1.3606344642857142,0.0
WEC_LADW,installed_18589,wind,18125.571959999997,26.972577321428567,0.0
WEC_LADW,installed_18590,wind,217112.4396,323.08398750000003,0.0
WEC_LADW,installed_18610,solar,100902.04121468199,150.15184704565772,0.0
WEC_LADW,installed_18906,natural gas,0.0,0.0,265.40575104
WEC_LADW,optional_474_0,wind,0.0,0.0,0.0
WEC_LADW,optional_475_0,wind,0.0,0.0,0.0
WEC_LADW,optional_476_0,wind,0.0,0.0,0.0
WEC_LADW,optional_477_0,wind,0.0,0.0,0.0
WEC_LADW,optional_478_0,wind,0.0,0.0,0.0
WEC_LADW,optional_479_0,wind,0.0,0.0,0.0
WEC_LADW,optional_480_0,wind,0.0,0.0,0.0
WEC_LADW,optional_481_0,wind,0.0,0.0,0.0
WEC_LADW,optional_481_1,wind,0.0,0.0,0.0
WEC_LADW,optional_808_0,solar,0.0,0.0,0.0
WEC_LADW,optional_808_1,solar,0.0,0.0,0.0
WEC_LADW,optional_808_2,solar,0.0,0.0,0.0
WEC_LADW,optional_808_3,solar,0.0,0.0,0.0
WEC_LADW,optional_809_0,solar,0.0,0.0,0.0
WEC_LADW,optional_809_1,solar,0.0,0.0,0.0
WEC_LADW,optional_809_2,solar,0.0,0.0,0.0
WEC_LADW,optional_809_3,solar,0.0,0.0,0.0
WEC_LADW,optional_809_4,solar,0.0,0.0,0.0
WEC_LADW,optional_809_5,solar,0.0,0.0,0.0
WEC_LADW,optional_810_0,solar,0.0,0.0,0.0
WEC_LADW,optional_810_1,solar,0.0,0.0,0.0
WEC_LADW,optional_810_2,solar,0.0,0.0,0.0
WEC_LADW,optional_810_3,solar,0.0,0.0,0.0
WEC_LADW,optional_810_4,solar,0.0,0.0,0.0
WEC_LADW,optional_810_5,solar,0.0,0.0,0.0
WEC_LADW,optional_811_0,solar,0.0,0.0,0.0
WEC_LADW,optional_811_1,solar,0.0,0.0,0.0
WEC_SDGE,installed_9,import,672000.0,1000.0,0.0
WEC_SDGE,installed_6877,waste,1008.0,1.5,0.0
WEC_SDGE,installed_6878,waste,1008.0,1.5,0.0
WEC_SDGE,installed_6879,waste,320.727272544,0.477272727,0.0
WEC_SDGE,installed_6880,waste,320.727272544,0.477272727,0.0
WEC_SDGE,installed_7098,natural gas,212.79999999999998,0.31666666666666665,324.4316373490201
WEC_SDGE,installed_7099,natural gas,176.0,0.2619047619047619,324.4316373490201
WEC_SDGE,installed_8844,waste,1814.3999999999996,2.6999999999999993,0.0
WEC_SDGE,installed_8845,waste,1814.3999999999996,2.6999999999999993,0.0
WEC_SDGE,installed_8846,waste,604.8000000000002,0.9000000000000002,0.0
WEC_SDGE,installed_8847,waste,604.8000000000002,0.9000000000000002,0.0
WEC_SDGE,installed_8848,waste,604.8000000000002,0.9000000000000002,0.0
WEC_SDGE,installed_8849,waste,604.8000000000002,0.9000000000000002,0.0
WEC_SDGE,installed_10152,hydro,1181.6325603065575,1.7583817861704725,0.0
WEC_SDGE,installed_12068,natural gas,744.8000000000001,1.1083333333333334,265.40575104
WEC_SDGE,installed_12110,natural gas,130.20000000000002,0.19375000000000003,265.40575104
WEC_SDGE,installed_18567,natural gas,81750.28940457717,121.65221637585888,332.1158279321232
WEC_SDGE,installed_18577,battery,-102.77706957246184,-0.15294206781616346,0.0
WEC_SDGE,installed_18591,wind,4669.85736,6.9491925,0.0
WEC_SDGE,installed_18592,wind,559.52208,0.8326221428571428,0.0
WEC_SDGE,installed_18593,wind,7381.387439999999,10.984207499999998,0.0
WEC_SDGE,installed_18594,wind,19690.873199999998,29.30189464285714,0.0
WEC_SDGE,installed_18595,wind,117779.39783999999,175.26696107142857,0.0
WEC_SDGE,installed_18596,wind,193443.99912,287.8630939285714,0.0
WEC_SDGE,installed_18611,solar,144476.82119520003,214.99526963571432,0.0
WEC_SDGE,installed_18612,solar,73361.09191680001,109.16829154285716,0.0
WEC_SDGE,optional_482_0,wind,0.0,0.0,0.0
WEC_SDGE,optional_483_0,wind,0.0,0.0,0.0
WEC_SDGE,optional_484_0,wind,0.0,0.0,0.0
WEC_SDGE,optional_485_0,wind,0.0,0.0,0.0
WEC_SDGE,optional_486_0,wind,0.0,0.0,0.0
WEC_SDGE,optional_487_0,wind,0.0,0.0,0.0
WEC_SDGE,optional_488_0,wind,0.0,0.0,0.0
WEC_SDGE,optional_489_0,wind,0.0,0.0,0.0
WEC_SDGE,optional_812_0,solar,0.0,0.0,0.0
WEC_SDGE,optional_812_1,solar,0.0,0.0,0.0
WEC_SDGE,optional_812_2,solar,0.0,0.0,0.0
WEC_SDGE,optional_812_3,solar,0.0,0.0,0.0
WEC_SDGE,optional_812_4,solar,0.0,0.0,0.0
WEC_SDGE,optional_812_5,solar,0.0,0.0,0.0
WEC_SDGE,optional_813_0,solar,0.0,0.0,0.0
WEC_SDGE,optional_813_1,solar,0.0,0.0,0.0
WEC_SDGE,optional_813_2,solar,0.0,0.0,0.0
WEC_SDGE,optional_813_3,solar,0.0,0.0,0.0
WEC_SDGE,optional_813_4,solar,0.0,0.0,0.0
WEC_SDGE,optional_813_5,solar,0.0,0.0,0.0
WEC_SDGE,optional_814_0,solar,0.0,0.0,0.0
SUB_02409,bess_SUB_02409,battery,-1.264911064067352,-0.0018823081310526072,
SUB_10349,bess_SUB_10349,battery,-0.9432740427115682,-0.001403681611177929,
SUB_10349,installed_362__SUB_10349,hydro,7914.1221051786615,11.776967418420627,0.0
SUB_10349,installed_13381__SUB_10349,solar,170.466530058255,0.253670431634308,0.0
SUB_10349,installed_13382__SUB_10349,solar,170.466530058255,0.253670431634308,0.0
SUB_04281,bess_SUB_04281,battery,-0.9432740427115673,-0.0014036816111779277,
SUB_18239,bess_SUB_18239,battery,-0.42163702135578385,-0.0006274360436842022,
SUB_18239,installed_6136__SUB_18239,hydro,979.3395247211056,1.457350483215931,0.0
SUB_18239,installed_6137__SUB_18239,hydro,79.40590740981936,0.11816355269318357,0.0
SUB_18239,installed_6612__SUB_18239,natural gas,796.0310630233672,1.184570034260963,356.68887308
SUB_18239,installed_6613__SUB_18239,natural gas,0.0,0.0,356.68887308
SUB_25404,bess_SUB_25404,battery,-1.2766073760449017,-0.0018997133572096752,
SUB_25424,bess_SUB_25424,battery,-1.7454521610725608,-0.0025973990492151205,
SUB_25424,installed_407__SUB_25424,natural gas,221.5588041031859,0.3297006013440266,373.28693834
SUB_01216,bess_SUB_01216,battery,-1.6450008974151924,-0.002447918002105941,
SUB_01216,installed_7172__SUB_01216,wind,5677.991,8.44939136904762,0.0
SUB_01216,installed_8160__SUB_01216,natural gas,17177.260738007204,25.561399907748815,358.37124580799997
SUB_01216,installed_8161__SUB_01216,natural gas,16917.933073495427,25.17549564508248,358.37124580799997
SUB_01216,installed_8162__SUB_01216,natural gas,9929.692429819712,14.776328020565048,358.37124580799997
SUB_01216,installed_10815__SUB_01216,wind,54948.3,81.76830357142858,0.0
SUB_01216,installed_11305__SUB_01216,wind,13480.649599999999,20.060490476190473,0.0
SUB_01216,installed_11870__SUB_01216,wind,37548.005000000005,55.875007440476196,0.0
SUB_01216,installed_12024__SUB_01216,wind,28646.380400000002,42.62854226190476,0.0
SUB_25229,bess_SUB_25229,battery,-1.1766073760449003,-0.0017509038334001493,
SUB_25357,bess_SUB_25357,battery,-5.902918298980975,-0.008784104611578832,
SUB_16299,bess_SUB_16299,battery,-1.3470055024076268,-0.0020044724738208734,
SUB_16299,installed_12935__SUB_16299,waste,1411.2000000000003,2.1000000000000005,0.0
SUB_16299,installed_12936__SUB_16299,waste,1411.2000000000003,2.1000000000000005,0.0
SUB_25460,bess_SUB_25460,battery,-1.8281637077512127,-0.002720481707963114,
SUB_16208,bess_SUB_16208,battery,-0.9432740427115665,-0.0014036816111779263,
SUB_25455,bess_SUB_25455,battery,-5.0613990068512145,-0.00753184376019526,
SUB_16354,bess_SUB_16354,battery,-0.4216370213557834,-0.0006274360436842015,
SUB_15215,bess_SUB_15215,battery,-0.9432740427115673,-0.0014036816111779277,
SUB_25373,bess_SUB_25373,battery,-1.4127412398166737,-0.002102293511631955,
SUB_25232,bess_SUB_25232,battery,-9.667829363048332,-0.014386650837869542,
SUB_04341,bess_SUB_04341,battery,-0.8432740427115677,-0.0012548720873684044,
SUB_16223,bess_SUB_16223,battery,-1.043274042711567,-0.001552491134987451,
SUB_16325,bess_SUB_16325,battery,-1.6865480854231354,-0.0025097441747368087,
SUB_16325,installed_14679__SUB_16325,solar,2272.8870674434,3.3822724217907743,0.0
SUB_08299,bess_SUB_08299,battery,-0.8432740427115668,-0.001254872087368403,
SUB_08299,installed_12762__SUB_08299,natural gas,586.0,0.8720238095238095,265.40575104000004
SUB_25367,bess_SUB_25367,battery,-5.517366354675834,-0.00821036659921999,
SUB_25202,bess_SUB_25202,battery,-16.520684737117016,-0.024584352287376512,
SUB_25296,bess_SUB_25296,battery,-2.3532147520898037,-0.003501807666800303,
SUB_18258,bess_SUB_18258,battery,-3.8075999059124834,-0.005666071288560243,
SUB_16209,bess_SUB_16209,battery,-1.6865480854231354,-0.0025097441747368087,
SUB_15371,bess_SUB_15371,battery,-0.8432740427115677,-0.0012548720873684044,
SUB_04282,bess_SUB_04282,battery,-0.9432740427115673,-0.0014036816111779277,
SUB_04282,installed_6833__SUB_04282,geothermal,6048.0,9.0,0.0
SUB_04282,installed_6834__SUB_04282,geothermal,6048.0,9.0,0.0
SUB_04282,installed_7051__SUB_04282,hydro,317.6236296392774,0.47265421077273423,0.0
SUB_04282,installed_13465__SUB_04282,solar,113.64435337217,0.1691136210895387,0.0
SUB_04282,installed_13534__SUB_04282,solar,170.466530058255,0.253670431634308,0.0
SUB_25380,bess_SUB_25380,battery,-4.3247426766433925,-0.006435628983100287,
SUB_25380,installed_13279__SUB_25380,solar,1445.0262173177998,2.1503366329133926,0.0
SUB_25380,installed_13282__SUB_25380,solar,963.350811424578,1.433557755096098,0.0
SUB_25255,bess_SUB_25255,battery,-1.6982443974006847,-0.002527149400893876,
SUB_25255,installed_13865__SUB_25255,solar,2348.16760344298,3.494297028933006,0.0
SUB_25255,installed_13866__SUB_25255,solar,2348.16760344298,3.494297028933006,0.0
SUB_25255,installed_6797__SUB_25255,natural gas,1380.081313461011,2.053692430745552,276.163138912
SUB_25255,installed_6798__SUB_25255,natural gas,0.0,0.0,276.163138912
SUB_25255,installed_6819__SUB_25255,natural gas,0.0,0.0,281.423445336
SUB_25255,installed_6820__SUB_25255,natural gas,21.6,0.03214285714285715,281.423445336
SUB_25255,installed_6821__SUB_25255,natural gas,1808.9999999999995,2.691964285714285,281.423445336
SUB_25255,installed_6822__SUB_25255,natural gas,21.6,0.03214285714285715,281.423445336
SUB_25255,installed_7169__SUB_25255,natural gas,1788.0,2.6607142857142856,332.007571584
SUB_08293,bess_SUB_08293,battery,-0.8432740427115677,-0.0012548720873684044,
SUB_16315,bess_SUB_16315,battery,-1.043274042711567,-0.001552491134987451,
SUB_10355,bess_SUB_10355,battery,-0.9432740427115673,-0.0014036816111779277,
SUB_10355,installed_574__SUB_10355,hydro,291.15499383600445,0.4332663598750066,0.0
SUB_10355,installed_741__SUB_10355,hydro,476.4354444589161,0.7089813161591013,0.0
SUB_10355,installed_3104__SUB_10355,hydro,2249.8340432782147,3.347967326306867,0.0
SUB_10355,installed_3106__SUB_10355,hydro,2249.834043278215,3.347967326306868,0.0
SUB_04336,bess_SUB_04336,battery,-0.9432740427115673,-0.0014036816111779277,
SUB_16307,bess_SUB_16307,battery,-0.4216370213557834,-0.0006274360436842015,
SUB_18208,bess_SUB_18208,battery,-0.8621733740657147,-0.0012829960923596946,
SUB_18208,installed_15821__SUB_18208,wind,696.0118,1.0357318452380953,0.0
SUB_16324,bess_SUB_16324,battery,-0.4216370213557843,-0.0006274360436842028,
SUB_19245,bess_SUB_19245,battery,-0.4216370213557843,-0.0006274360436842028,
SUB_19245,installed_122__SUB_19245,biomass,10752.0,16.0,5.867666112
SUB_04266,bess_SUB_04266,battery,-0.9432681833365679,-0.0014036728918698927,
SUB_02412,bess_SUB_02412,battery,-0.9432740427115682,-0.001403681611177929,
SUB_01352,bess_SUB_01352,battery,-0.8432740427115686,-0.0012548720873684057,
SUB_18294,bess_SUB_18294,battery,-1.8674163682755691,-0.0027788934051719777,
SUB_01220,bess_SUB_01220,battery,-0.8432740427115677,-0.0012548720873684044,
SUB_25270,bess_SUB_25270,battery,-1.6066507829880097,-0.002390849379446443,
SUB_25425,bess_SUB_25425,battery,-3.062580749640894,-0.004557411829822759,
SUB_25425,installed_642__SUB_25425,biomass,13627.1080286761,20.278434566482293,43.783874984
SUB_25425,installed_9516__SUB_25425,natural gas,9729.936548813763,14.479072245258575,386.83119282215773
SUB_25425,installed_9517__SUB_25425,natural gas,950.853044384701,1.4149598874772336,386.8311928221578
SUB_15211,bess_SUB_15211,battery,-0.8432740427115668,-0.001254872087368403,
SUB_10319,bess_SUB_10319,battery,-2.4393591353130044,-0.0036299987132633995,
SUB_18272,bess_SUB_18272,battery,-1.1766073760449016,-0.0017509038334001512,
SUB_16211,bess_SUB_16211,battery,-0.14789399414062476,-0.00022008034842354874,
SUB_18304,bess_SUB_18304,battery,-1.2766073760449004,-0.0018997133572096732,
SUB_25461,bess_SUB_25461,battery,-1.6937667830898766,-0.0025204862843599355,
SUB_25461,installed_6118__SUB_25461,hydro,555.8413518687353,0.8271448688522847,0.0
SUB_25235,bess_SUB_25235,battery,-3.6252765130541977,-0.005394756715854461,
SUB_25539,bess_SUB_25539,battery,-1.2766073760449013,-0.0018997133572096745,
SUB_25539,installed_11993__SUB_25539,solar,113.64435337217,0.1691136210895387,0.0
SUB_01284,bess_SUB_01284,battery,-0.8432740427115677,-0.0012548720873684044,
SUB_16274,bess_SUB_16274,battery,-2.8112463780644825,-0.004183402348310242,
SUB_18254,bess_SUB_18254,battery,-6.106579651724269,-0.009087172100780163,
SUB_15244,bess_SUB_15244,battery,-1.8194784324200164,-0.002707557191101215,
SUB_15244,installed_645__SUB_15244,biomass,14122.395700732379,21.015469792756516,20.584912144
SUB_15244,installed_12401__SUB_15244,waste,537.5999999999999,0.7999999999999998,0.0
SUB_15244,installed_12402__SUB_15244,waste,537.5999999999999,0.7999999999999998,0.0
SUB_15244,installed_12403__SUB_15244,waste,537.5999999999999,0.7999999999999998,0.0
SUB_15244,installed_12404__SUB_15244,waste,537.5999999999999,0.7999999999999998,0.0
SUB_15244,installed_12405__SUB_15244,waste,537.5999999999999,0.7999999999999998,0.0
SUB_15244,installed_12406__SUB_15244,waste,537.5999999999999,0.7999999999999998,0.0
SUB_25292,bess_SUB_25292,battery,-2.862569702415236,-0.0042597763428798155,
SUB_16370,bess_SUB_16370,battery,-0.9432740427115673,-0.0014036816111779277,
SUB_01265,bess_SUB_01265,battery,-0.8432740427115677,-0.0012548720873684044,
SUB_16375,bess_SUB_16375,battery,-0.4216370213557843,-0.0006274360436842028,
SUB_15379,bess_SUB_15379,battery,-1.054385153822679,-0.0015690255265218436,
SUB_19218,bess_SUB_19218,battery,-0.4216370213557843,-0.0006274360436842028,
SUB_19218,installed_639__SUB_19218,biomass,4281.555619780482,6.371362529435241,29.008720373333336
SUB_19231,bess_SUB_19231,battery,-0.9432740427115682,-0.001403681611177929,
SUB_08324,bess_SUB_08324,battery,-4.194850031001344,-0.006242336355656762,
SUB_06362,bess_SUB_06362,battery,-2.209909137820638,-0.003288555264614045,
SUB_15375,bess_SUB_15375,battery,-1.0432740427115679,-0.0015524911349874522,
SUB_01391,bess_SUB_01391,battery,-6.73460536052335,-0.010021734167445461,
SUB_25445,bess_SUB_25445,battery,-1.054385153822679,-0.0015690255265218436,
SUB_16283,bess_SUB_16283,battery,-0.5327481324668941,-0.0007927799590281162,
SUB_16283,installed_3727__SUB_16283,hydro,1852.8045062291187,2.7571495628409504,0.0
SUB_16283,installed_5652__SUB_16283,hydro,2911.5499383600427,4.332663598750064,0.0
SUB_16283,installed_6196__SUB_16283,hydro,4129.107185310607,6.144504740045546,0.0
SUB_01450,bess_SUB_01450,battery,-5.537399241793143,-0.008240177443144557,
SUB_25412,bess_SUB_25412,battery,-2.2790120079195315,-0.003391386916546922,
SUB_25429,bess_SUB_25429,battery,-1.7475385409714397,-0.0026005037812074994,
SUB_01459,bess_SUB_01459,battery,-5.523110832421345,-0.00821891492919843,
SUB_01201,bess_SUB_01201,battery,-0.8432740427115686,-0.0012548720873684057,
SUB_06368,bess_SUB_06368,battery,-0.9432740427115673,-0.0014036816111779277,
SUB_06368,installed_14162__SUB_06368,solar,227.28870674434,0.3382272421790774,0.0
SUB_06368,installed_17335__SUB_06368,hydro,1323.4317901636557,1.9693925448863925,0.0
SUB_06368,installed_17336__SUB_06368,hydro,1323.4317901636557,1.9693925448863925,0.0
SUB_06368,installed_17337__SUB_06368,hydro,397.0295370490968,0.5908177634659179,0.0
SUB_10352,bess_SUB_10352,battery,-4.830831336805559,-0.007188737108341606,
SUB_06360,bess_SUB_06360,battery,-1.7702294035494344,-0.0026342699457580867,
SUB_16320,bess_SUB_16320,battery,-0.4216370213557843,-0.0006274360436842028,
SUB_16320,installed_3778__SUB_16320,hydro,7675.904382949204,11.422476760341077,0.0
SUB_16320,installed_3779__SUB_16320,hydro,7675.904382949204,11.422476760341077,0.0
SUB_16320,installed_3806__SUB_16320,hydro,3837.952191474602,5.711238380170538,0.0
SUB_18322,bess_SUB_18322,battery,-0.8432740427115677,-0.0012548720873684044,
SUB_01267,bess_SUB_01267,battery,-1.052728605428583,-0.001566560424744915,
SUB_18298,bess_SUB_18298,battery,-0.4216370213557843,-0.0006274360436842028,
SUB_08283,bess_SUB_08283,battery,-5.722186541235974,-0.008515158543505914,
SUB_06254,bess_SUB_06254,battery,-0.4216370213557843,-0.0006274360436842028,
SUB_25290,bess_SUB_25290,battery,-2.353214752089803,-0.0035018076668003016,
SUB_10249,bess_SUB_10249,battery,-3.353191831970038,-0.004989868797574461,
SUB_15313,bess_SUB_15313,battery,-1.054385153822679,-0.0015690255265218436,
SUB_15313,installed_3452__SUB_15313,hydro,3176.2362963927744,4.726542107727343,0.0
SUB_15313,installed_5804__SUB_15313,hydro,12360.85292012855,18.39412636923891,0.0
SUB_04284,bess_SUB_04284,battery,-0.8432740427115686,-0.0012548720873684057,
SUB_06277,bess_SUB_06277,battery,-0.8432740427115677,-0.0012548720873684044,
SUB_18280,bess_SUB_18280,battery,-3.8075999059124825,-0.005666071288560242,
SUB_10334,bess_SUB_10334,battery,-0.9018808542350065,-0.0013420846045163787,
SUB_25256,bess_SUB_25256,battery,-1.0432740427115679,-0.0015524911349874522,
SUB_25256,installed_3209__SUB_25256,hydro,3335.0481112124135,4.96286921311371,0.0
SUB_25256,installed_3210__SUB_25256,hydro,3335.0481112124135,4.96286921311371,0.0
SUB_10331,bess_SUB_10331,battery,-0.9432740427115673,-0.0014036816111779277,
SUB_10331,installed_539__SUB_10331,biomass,0.0,0.0,39.584066656
SUB_10331,installed_540__SUB_10331,biomass,0.0,0.0,39.584066656
SUB_10331,installed_572__SUB_10331,hydro,794.0590740981936,1.1816355269318357,0.0
SUB_10331,installed_5965__SUB_10331,biomass,0.0,0.0,0.0
SUB_06270,bess_SUB_06270,battery,-0.9432740427115682,-0.001403681611177929,
SUB_06270,installed_11044__SUB_06270,solar,102.279918034953,0.15220225898058481,0.0
SUB_06270,installed_12134__SUB_06270,wind,549.483,0.8176830357142857,0.0
SUB_06270,installed_13947__SUB_06270,wind,586.1152,0.872195238095238,0.0
SUB_10361,bess_SUB_10361,battery,-4.134869612557961,-0.006153079780592203,
SUB_15220,bess_SUB_15220,battery,-0.4216370213557843,-0.0006274360436842028,
SUB_18238,bess_SUB_18238,battery,-0.9432740427115673,-0.0014036816111779277,
SUB_15361,bess_SUB_15361,battery,-7.76417448349682,-0.011553831076632173,
SUB_15361,installed_11859__SUB_15361,natural gas,365.4,0.54375,333.77268971464855
SUB_15361,installed_11860__SUB_15361,natural gas,315.0,0.46875,333.77268971464855
SUB_15225,bess_SUB_15225,battery,-0.4216370213557843,-0.0006274360436842028,
SUB_15225,installed_3694__SUB_15225,hydro,1852.8045062291185,2.75714956284095,0.0
SUB_15225,installed_3706__SUB_15225,hydro,1164.6199753440178,1.7330654395000265,0.0
SUB_15225,installed_3712__SUB_15225,hydro,1535.1808765898413,2.284495352068216,0.0
SUB_15225,installed_6334__SUB_15225,hydro,952.8708889178322,1.4179626323182026,0.0
SUB_25442,bess_SUB_25442,battery,-1.043274042711567,-0.001552491134987451,
SUB_18303,bess_SUB_18303,battery,-1.2877184871560132,-0.0019162477487440672,
SUB_19226,bess_SUB_19226,battery,-0.4216370213557843,-0.0006274360436842028,
SUB_18305,bess_SUB_18305,battery,-12.462036339233268,-0.01854469693338284,
SUB_18305,installed_13035__SUB_18305,solar,170.466530058255,0.253670431634308,0.0
SUB_25344,bess_SUB_25344,battery,-11.140925533894602,-0.016578758234962205,
SUB_18307,bess_SUB_18307,battery,-3.900118513245019,-0.005803747787566992,
SUB_04214,bess_SUB_04214,battery,-0.9543851538226784,-0.001420216002712319,
SUB_01469,bess_SUB_01469,battery,-1.7624090435257624,-0.00262263250524667,
SUB_25246,bess_SUB_25246,battery,-0.8432740427115677,-0.0012548720873684044,
SUB_25341,bess_SUB_25341,battery,-4.57935763133086,-0.006814520284718542,
SUB_25500,bess_SUB_25500,battery,-11.019288512538813,-0.016397750762706567,
SUB_25500,installed_11577__SUB_25500,solar,681.866120346773,1.0146817267065074,0.0
SUB_25500,installed_11578__SUB_25500,solar,2272.8870674434,3.3822724217907743,0.0
SUB_25500,installed_11579__SUB_25500,solar,2159.24271407123,3.2131588007012346,0.0
SUB_25500,installed_14718__SUB_25500,solar,1795.58078305278,2.6719952128761606,0.0
SUB_25470,bess_SUB_25470,battery,-1.3942812897617962,-0.002074823347859816,
SUB_25526,bess_SUB_25526,battery,-1.907148767586543,-0.0028380189993847367,
SUB_25526,installed_14011__SUB_25526,solar,2408.3770288630003,3.5838943881889884,0.0
SUB_04229,bess_SUB_04229,battery,-0.9432740427115682,-0.001403681611177929,
SUB_01385,bess_SUB_01385,battery,-1.2603570166156475,-0.001875531274725666,
SUB_10270,bess_SUB_10270,battery,-0.9432740427115682,-0.001403681611177929,
SUB_10270,installed_14619__SUB_10270,solar,170.466530058255,0.253670431634308,0.0
SUB_10270,installed_16990__SUB_10270,hydro,1614.5867839996602,2.402658904761399,0.0
SUB_04298,bess_SUB_04298,battery,-0.8432740427115686,-0.0012548720873684057,
SUB_15365,bess_SUB_15365,battery,-1.909668533992936,-0.0028417686517752025,
SUB_06206,bess_SUB_06206,battery,-0.9432740427115673,-0.0014036816111779277,
SUB_06206,installed_12540__SUB_06206,wind,366.322,0.5451220238095238,0.0
SUB_04289,bess_SUB_04289,battery,-0.9432740427115665,-0.0014036816111779263,
SUB_25366,bess_SUB_25366,battery,-11.319288512538817,-0.016844179334135144,
SUB_25366,installed_11771__SUB_25366,solar,2272.8870674434,3.3822724217907743,0.0
SUB_25315,bess_SUB_25315,battery,-19.909045967744753,-0.029626556499620166,
SUB_25315,installed_11794__SUB_25315,solar,1136.443533949206,1.6911362112339376,0.0
SUB_25315,installed_13568__SUB_25315,solar,2159.24271407123,3.2131588007012346,0.0
SUB_25315,installed_14137__SUB_25315,solar,2272.8870674434,3.3822724217907743,0.0
SUB_25315,installed_14362__SUB_25315,solar,1022.7991804632829,1.5220225899751234,0.0
SUB_25315,installed_14578__SUB_25315,solar,22728.870674433998,33.822724217907734,0.0
SUB_25315,installed_14579__SUB_25315,solar,22728.870674433998,33.822724217907734,0.0
SUB_15218,bess_SUB_15218,battery,-0.4216370213557834,-0.0006274360436842015,
SUB_15218,installed_5731__SUB_15218,hydro,1588.1181481963872,2.3632710538636714,0.0
SUB_15218,installed_5737__SUB_15218,hydro,22842.4326982247,33.99171532473914,0.0
SUB_15377,bess_SUB_15377,battery,-1.0432740427115679,-0.0015524911349874522,
SUB_15377,installed_13502__SUB_15377,solar,147.737659383821,0.2198477074164003,0.0
SUB_04268,bess_SUB_04268,battery,-0.9432740427115682,-0.001403681611177929,
SUB_19222,bess_SUB_19222,battery,-0.9432740427115673,-0.0014036816111779277,
SUB_18215,bess_SUB_18215,battery,-0.8432740427115686,-0.0012548720873684057,
SUB_08201,bess_SUB_08201,battery,-3.0514296022310177,-0.004540817860462824,
SUB_15292,bess_SUB_15292,battery,-1.054385153822678,-0.0015690255265218423,
SUB_02258,bess_SUB_02258,battery,-0.9432740427115673,-0.0014036816111779277,
SUB_02222,bess_SUB_02222,battery,-0.9432740427115665,-0.0014036816111779263,
SUB_02250,bess_SUB_02250,battery,-0.8432740427115677,-0.0012548720873684044,
SUB_08369,bess_SUB_08369,battery,-3.503021254190612,-0.005212829247307459,
SUB_01370,bess_SUB_01370,battery,-0.49572889961099253,-0.0007376918148973103,
SUB_01206,bess_SUB_01206,battery,-3.795229438942025,-0.00564766285556849,
SUB_08314,installed_5940__SUB_08314,natural gas,977.2684287662391,1.454268495187856,305.86615744
SUB_08314,installed_12261__SUB_08314,waste,1008.0,1.5,0.0
SUB_02426,bess_SUB_02426,battery,-0.9432740427115673,-0.0014036816111779277,
SUB_15270,bess_SUB_15270,battery,-0.4216370213557843,-0.0006274360436842028,
SUB_10302,bess_SUB_10302,battery,-0.4216370213557834,-0.0006274360436842015,
SUB_25345,bess_SUB_25345,battery,-16.824555320336763,-0.02503654065526304,
SUB_08216,bess_SUB_08216,battery,-1.3820641753621246,-0.0020566431180983995,
SUB_15210,bess_SUB_15210,battery,-0.4216370213557843,-0.0006274360436842028,
SUB_15803,bess_SUB_15803,battery,-3.5016758963237034,-0.005210827226672178,
SUB_16369,bess_SUB_16369,battery,-0.4216370213557843,-0.0006274360436842028,
SUB_16388,bess_SUB_16388,battery,-0.4216370213557843,-0.0006274360436842028,
SUB_15259,bess_SUB_15259,battery,-4.7323125639083035,-0.007042131791530214,
SUB_10253,bess_SUB_10253,battery,-0.4216370213557834,-0.0006274360436842015,
SUB_19210,bess_SUB_19210,battery,-0.4216370213557843,-0.0006274360436842028,
SUB_04306,bess_SUB_04306,battery,-0.8432740427115677,-0.0012548720873684044,
SUB_01440,bess_SUB_01440,battery,-10.309394410432887,-0.015341360729810844,
SUB_01440,installed_14839__SUB_01440,solar,375.02636624191405,0.558074949764753,0.0
SUB_10274,bess_SUB_10274,battery,-0.9432740427115673,-0.0014036816111779277,
SUB_02403,bess_SUB_02403,battery,-4.3782941937317155,-0.006515318740672195,
SUB_02403,installed_14911__SUB_02403,non-fossil,806.3999999999999,1.1999999999999997,0.0
SUB_18246,bess_SUB_18246,battery,-0.9432740427115673,-0.0014036816111779277,
SUB_25364,bess_SUB_25364,battery,0.0,0.0,
SUB_25364,installed_7291__SUB_25364,biomass,8310.390215540285,12.366652106458757,6.54986848
SUB_06364,bess_SUB_06364,battery,-4.8572901675317155,-0.007228110368350767,
SUB_06364,installed_8867__SUB_06364,natural gas,18673.486395101216,27.787926183186332,386.73503665595234
SUB_06364,installed_8868__SUB_06364,natural gas,0.0,0.0,386.73503665595234
SUB_06364,installed_8869__SUB_06364,natural gas,0.0,0.0,386.73503665595234
SUB_06364,installed_13298__SUB_06364,solar,113.64435337217,0.1691136210895387,0.0
SUB_25252,bess_SUB_25252,battery,-1.032376946056492,-0.0015362752173459701,
SUB_25252,installed_3671__SUB_25252,hydro,846.9963457047401,1.2604112287272917,0.0
SUB_02287,bess_SUB_02287,battery,-1.0432740427115679,-0.0015524911349874522,
SUB_02287,installed_13156__SUB_02287,natural gas,4.0,0.005952380952380952,295.936121376
SUB_02287,installed_13157__SUB_02287,natural gas,9.0,0.013392857142857142,295.936121376
SUB_02287,installed_13158__SUB_02287,natural gas,247.5,0.36830357142857145,295.936121376
SUB_02227,bess_SUB_02227,battery,-0.9484025167112176,-0.0014113132689155023,
SUB_18230,bess_SUB_18230,battery,-1.9093555085117968,-0.002841302840047317,
SUB_04271,bess_SUB_04271,battery,-1.043274042711567,-0.001552491134987451,
SUB_01331,bess_SUB_01331,battery,-1.1039016468782377,-0.0016427107840449966,
SUB_01210,bess_SUB_01210,battery,-1.619002788137152,-0.0024092303394898096,
SUB_19236,bess_SUB_19236,battery,-0.4216370213557834,-0.0006274360436842015,
SUB_16221,bess_SUB_16221,battery,-1.054385153822679,-0.0015690255265218436,
SUB_25241,bess_SUB_25241,battery,-1.5052325546747207,-0.002239929396837382,
SUB_25241,installed_6183__SUB_25241,hydro,5293.727160654623,7.87757017954557,0.0
SUB_25241,installed_6184__SUB_25241,hydro,2117.4908642618498,3.151028071818229,0.0
SUB_25241,installed_6185__SUB_25241,hydro,608.7786234752815,0.9059205706477403,0.0
SUB_25241,installed_6186__SUB_25241,hydro,2382.177222294581,3.5449065807955074,0.0
SUB_25319,bess_SUB_25319,battery,-0.616328291352044,-0.0009171551954643512,
SUB_18310,bess_SUB_18310,battery,-4.419900034312093,-0.006577232193916805,
SUB_02253,bess_SUB_02253,battery,-0.8432740427115677,-0.0012548720873684044,
SUB_16309,installed_11876__SUB_16309,wind,549.483,0.8176830357142857,0.0
SUB_25371,bess_SUB_25371,battery,-2.939847090989268,-0.004374772456829268,
SUB_16323,installed_6526__SUB_16323,hydro,502.9040802621893,0.7483691670568293,0.0
SUB_16323,installed_6527__SUB_16323,hydro,238.21772222945805,0.35449065807955066,0.0
SUB_25151,bess_SUB_25151,battery,-0.4216370213557843,-0.0006274360436842028,
SUB_25151,installed_4290__SUB_25151,hydro,14808.271540245325,22.036118363460304,0.0
SUB_25151,installed_4291__SUB_25151,hydro,14808.271540245325,22.036118363460304,0.0
SUB_01260,bess_SUB_01260,battery,-0.8432740427115677,-0.0012548720873684044,
SUB_10278,bess_SUB_10278,battery,-0.9432740427115682,-0.001403681611177929,
SUB_10278,installed_16921__SUB_10278,hydro,661.715895081828,0.9846962724431964,0.0
SUB_10278,installed_16922__SUB_10278,hydro,661.7158950818279,0.9846962724431962,0.0
SUB_02261,bess_SUB_02261,battery,-0.9432740427115673,-0.0014036816111779277,
SUB_04225,bess_SUB_04225,battery,-0.9432740427115673,-0.0014036816111779277,
SUB_08311,bess_SUB_08311,battery,-1.5862374738636524,-0.002360472431344721,
SUB_16334,bess_SUB_16334,battery,-0.4216370213557843,-0.0006274360436842028,
SUB_16334,installed_5009__SUB_16334,hydro,2355.708586491308,3.5055187298977795,0.0
SUB_16334,installed_5010__SUB_16334,hydro,2355.708586491308,3.5055187298977795,0.0
SUB_16334,installed_5011__SUB_16334,hydro,2620.3949445240387,3.8993972388750575,0.0
SUB_02244,bess_SUB_02244,battery,-1.4540262494715495,-0.0021637295379040916,
SUB_25346,bess_SUB_25346,battery,-8.641111939129692,-0.012858797528466803,
SUB_25346,installed_11677__SUB_25346,solar,3670.71261426235,5.462369961699926,0.0
SUB_25346,installed_11678__SUB_25346,solar,2386.5314208155696,3.551386042880312,0.0
SUB_25346,installed_11679__SUB_25346,solar,9830.236568399,14.628328226784225,0.0
SUB_25346,installed_11680__SUB_25346,solar,7955.104737189429,11.83795347796046,0.0
SUB_25346,installed_11681__SUB_25346,solar,4545.774136024331,6.764544845274302,0.0
SUB_25346,installed_12014__SUB_25346,solar,14751.037065205099,21.950948013698063,0.0
SUB_25346,installed_12015__SUB_25346,solar,17183.026233512202,25.56997951415506,0.0
SUB_25346,installed_12016__SUB_25346,solar,11603.0884828249,17.266500718489436,0.0
SUB_25346,installed_12017__SUB_25346,solar,10262.085110985741,15.270959986585925,0.0
SUB_25346,installed_12018__SUB_25346,solar,12784.9897515253,19.02528236834122,0.0
SUB_15246,bess_SUB_15246,battery,-0.4216370213557834,-0.0006274360436842015,
SUB_15246,installed_3816__SUB_15246,hydro,3705.609012458237,5.5142991256819,0.0
SUB_15246,installed_3817__SUB_15246,hydro,846.9963457047401,1.2604112287272917,0.0
SUB_25206,bess_SUB_25206,battery,-1.5173587896916683,-0.0022579743894221255,
SUB_04226,bess_SUB_04226,battery,-0.8432740427115677,-0.0012548720873684044,
SUB_02213,bess_SUB_02213,battery,-1.24224356265335,-0.0018485767301389135,
SUB_01252,installed_15102__SUB_01252,solar,250.01757741877398,0.37204996639698507,0.0
SUB_08333,bess_SUB_08333,battery,-2.187133286289573,-0.003254662628407103,
SUB_18205,bess_SUB_18205,battery,-1.5089705942348939,-0.0022454919557066875,
SUB_18205,installed_13945__SUB_18205,wind,366.322,0.5451220238095238,0.0
SUB_04308,bess_SUB_04308,battery,-0.8432740427115677,-0.0012548720873684044,
SUB_02270,bess_SUB_02270,battery,-0.9432740427115673,-0.0014036816111779277,
SUB_01208,bess_SUB_01208,battery,-1.364911064067352,-0.002031117654862131,
SUB_01266,bess_SUB_01266,battery,-2.1785271767108205,-0.003241855917724435,
SUB_01266,installed_6595__SUB_01266,natural gas,12482.860355730316,18.575685053170112,301.001836832
SUB_01266,installed_6596__SUB_01266,natural gas,1073.8985377742683,1.5980633002593279,301.001836832
SUB_01269,bess_SUB_01269,battery,-0.8432740427115677,-0.0012548720873684044,
SUB_25273,bess_SUB_25273,battery,-6.482656520332715,-0.009646810298114159,
SUB_25418,installed_8963__SUB_25418,natural gas,513.7686637410394,0.7645367019955943,386.85618923072343
SUB_25418,installed_8964__SUB_25418,natural gas,0.0,0.0,386.85618923072343
SUB_25415,bess_SUB_25415,battery,-1.0432740427115679,-0.0015524911349874522,
SUB_02405,bess_SUB_02405,battery,-1.488525731379109,-0.0022150680526474833,
SUB_15228,bess_SUB_15228,battery,-0.4216370213557843,-0.0006274360436842028,
SUB_04338,bess_SUB_04338,battery,-0.8432740427115677,-0.0012548720873684044,
SUB_01233,bess_SUB_01233,battery,-0.9598208715615648,-0.0014283048683951857,
SUB_15232,bess_SUB_15232,battery,-0.4216370213557843,-0.0006274360436842028,
SUB_15232,installed_2977__SUB_15232,hydro,1508.7122407865672,2.245107501170487,0.0
SUB_15232,installed_2992__SUB_15232,hydro,3493.859926032052,5.199196318500078,0.0
SUB_15232,installed_2993__SUB_15232,hydro,3493.8599260320525,5.1991963185000785,0.0
SUB_15232,installed_2994__SUB_15232,hydro,3493.859926032052,5.199196318500078,0.0
SUB_15232,installed_2995__SUB_15232,hydro,3811.4835556713283,5.67185052927281,0.0
SUB_15232,installed_3030__SUB_15232,hydro,13101.97472262019,19.496986194375285,0.0
SUB_15229,bess_SUB_15229,battery,-0.4216370213557834,-0.0006274360436842015,
SUB_25393,bess_SUB_25393,battery,-1.9315777307340185,-0.0028743716231160988,
SUB_25393,installed_12629__SUB_25393,solar,1136.443533949206,1.6911362112339376,0.0
SUB_25393,installed_13167__SUB_25393,solar,2045.5983606990599,3.0440451796116963,0.0
SUB_25393,installed_14371__SUB_25393,solar,397.755236916348,0.5918976739826607,0.0
SUB_25393,installed_14373__SUB_25393,solar,250.01757741877398,0.37204996639698507,0.0
SUB_08339,bess_SUB_08339,battery,-6.817452774159136,-0.010145019009165382,
SUB_01356,bess_SUB_01356,battery,-0.8432740427115677,-0.0012548720873684044,
SUB_25469,bess_SUB_25469,battery,-0.4531866723957543,-0.0006743849291603486,
SUB_01355,bess_SUB_01355,battery,-1.264911064067351,-0.001882308131052606,
SUB_01318,bess_SUB_01318,battery,-0.8432740427115677,-0.0012548720873684044,
SUB_16267,bess_SUB_16267,battery,-2.0668969553083336,-0.0030757395168278774,
SUB_04307,bess_SUB_04307,battery,-0.9432740427115673,-0.0014036816111779277,
SUB_04295,bess_SUB_04295,battery,-0.9432740427115673,-0.0014036816111779277,
SUB_19223,bess_SUB_19223,battery,-0.4216370213557843,-0.0006274360436842028,
SUB_01437,bess_SUB_01437,battery,-1.2172653521685919,-0.0018114067740604045,
SUB_16308,bess_SUB_16308,battery,-0.4216370213557834,-0.0006274360436842015,
SUB_04228,installed_3647__SUB_04228,hydro,1191.0886111472905,1.7724532903977537,0.0
SUB_04228,installed_3648__SUB_04228,hydro,529.3727160654624,0.7877570179545572,0.0
SUB_04228,installed_3649__SUB_04228,hydro,714.6531666883745,1.0634719742386527,0.0
SUB_10281,bess_SUB_10281,battery,-0.9432740427115673,-0.0014036816111779277,
SUB_10281,installed_2747__SUB_10281,hydro,10852.140679341981,16.149018868068424,0.0
SUB_18207,bess_SUB_18207,battery,-0.8432740427115673,-0.0012548720873684037,
SUB_01366,bess_SUB_01366,battery,-0.8432740427115677,-0.0012548720873684044,
SUB_19243,bess_SUB_19243,battery,-0.9432740427115673,-0.0014036816111779277,
SUB_25342,bess_SUB_25342,battery,-1.6879560366404895,-0.0025118393402388237,
SUB_25342,installed_14587__SUB_25342,solar,168.58639202041002,0.2508726071732292,0.0
SUB_25342,installed_15848__SUB_25342,solar,638.219912588384,0.9497320127803333,0.0
SUB_25342,installed_15849__SUB_25342,solar,120.41885144315,0.17919471940944942,0.0
SUB_18233,bess_SUB_18233,battery,-3.358589547241478,-0.0049979011119664855,
SUB_10205,bess_SUB_10205,battery,-3.4777076031393204,-0.0051751601237192265,
SUB_01410,bess_SUB_01410,battery,-0.8432740427115686,-0.0012548720873684057,
SUB_02416,bess_SUB_02416,battery,-1.5385921972058156,-0.0022895717220324636,
SUB_15374,bess_SUB_15374,battery,-0.4216370213557843,-0.0006274360436842028,
SUB_02402,bess_SUB_02402,battery,-3.4769538019466317,-0.005174038395753916,
SUB_08296,bess_SUB_08296,battery,-0.9432740427115673,-0.0014036816111779277,
SUB_08296,installed_14882__SUB_08296,natural gas,150.0,0.22321428571428573,265.40575104
SUB_10309,bess_SUB_10309,battery,-0.9432740427115673,-0.0014036816111779277,
SUB_10309,installed_12380__SUB_10309,solar,329.56862477929303,0.4904295011596623,0.0
SUB_25464,bess_SUB_25464,battery,-2.7426888418451294,-0.004081382205126681,
SUB_02248,bess_SUB_02248,battery,-0.9432740427115665,-0.0014036816111779263,
SUB_02251,bess_SUB_02251,battery,-0.8432740427115677,-0.0012548720873684044,
SUB_01378,bess_SUB_01378,battery,-0.8432740427115686,-0.0012548720873684057,
SUB_16356,bess_SUB_16356,battery,-0.4216370213557843,-0.0006274360436842028,
SUB_16356,installed_7239__SUB_16356,hydro,661.7158950818279,0.9846962724431962,0.0
SUB_16356,installed_7240__SUB_16356,hydro,661.715895081828,0.9846962724431964,0.0
SUB_16356,installed_7241__SUB_16356,hydro,132.3431790163656,0.1969392544886393,0.0
SUB_25446,bess_SUB_25446,battery,-0.8486210530061653,-0.0012628289479258412,
SUB_18235,bess_SUB_18235,battery,-0.9432740427115682,-0.001403681611177929,
SUB_18235,installed_616__SUB_18235,waste,1075.1999999999998,1.5999999999999996,0.0
SUB_18235,installed_617__SUB_18235,waste,672.0,1.0,0.0
SUB_18235,installed_618__SUB_18235,waste,604.8000000000002,0.9000000000000002,0.0
SUB_18235,installed_619__SUB_18235,waste,806.3999999999999,1.1999999999999997,0.0
SUB_18235,installed_13186__SUB_18235,solar,113.64435337217,0.1691136210895387,0.0
SUB_02226,bess_SUB_02226,battery,-1.6960629007646446,-0.002523903126137864,
SUB_02228,bess_SUB_02228,battery,-0.8432740427115677,-0.0012548720873684044,
SUB_02228,installed_12619__SUB_02228,natural gas,50.234141113281254,0.07475318618047806,307.44647196799997
SUB_02228,installed_12620__SUB_02228,natural gas,1788.3114400784361,2.6611777382119586,307.44647196799997
SUB_02228,installed_12621__SUB_02228,natural gas,206.72233712029794,0.3076225254766338,307.44647196799997
SUB_02255,bess_SUB_02255,battery,-1.4504426025302068,-0.002158396729955665,
SUB_02255,installed_11835__SUB_02255,solar,511.39959028851797,0.7610112950721993,0.0
SUB_10260,bess_SUB_10260,battery,-0.9432740427115673,-0.0014036816111779277,
SUB_25204,bess_SUB_25204,battery,-22.41755857165687,-0.033359462160203676,
SUB_08351,bess_SUB_08351,battery,-2.406416447607554,-0.00358097685655886,
SUB_08351,installed_9797__SUB_08351,waste,672.0,1.0,0.0
SUB_08351,installed_9798__SUB_08351,waste,672.0,1.0,0.0
SUB_08351,installed_9799__SUB_08351,waste,672.0,1.0,0.0
SUB_04255,bess_SUB_04255,battery,-0.8432740427115686,-0.0012548720873684057,
SUB_25293,bess_SUB_25293,battery,-1.6982443974006847,-0.002527149400893876,
SUB_25293,installed_12476__SUB_25293,solar,180.628277104414,0.2687920790244256,0.0
SUB_04260,bess_SUB_04260,battery,-0.9432740427115665,-0.0014036816111779263,
SUB_02239,bess_SUB_02239,battery,-0.8432740427115677,-0.0012548720873684044,
SUB_01335,bess_SUB_01335,battery,-0.8432740427115686,-0.0012548720873684057,
SUB_15253,bess_SUB_15253,battery,-0.4216370213557834,-0.0006274360436842015,
SUB_15253,installed_16290__SUB_15253,hydro,3043.893117376409,4.529602853238704,0.0
SUB_01384,bess_SUB_01384,battery,-2.398829598267124,-0.0035696869021832204,
SUB_04305,bess_SUB_04305,battery,-0.9432740427115673,-0.0014036816111779277,
SUB_04287,bess_SUB_04287,battery,-0.9432740427115673,-0.0014036816111779277,
SUB_01375,bess_SUB_01375,battery,-4.075668092856472,-0.006064982281036417,
SUB_01375,installed_14686__SUB_01375,wind,31467.059800000003,46.8259818452381,0.0
SUB_18256,bess_SUB_18256,battery,-16.969434662741296,-0.025252134914793594,
SUB_18256,installed_14675__SUB_18256,solar,14773.765938382101,21.98477074164003,0.0
SUB_02278,bess_SUB_02278,battery,-0.8432740427115668,-0.001254872087368403,
SUB_02425,bess_SUB_02425,battery,-1.5506199835318215,-0.00230747021358902,
SUB_02280,bess_SUB_02280,battery,-1.2179507747426648,-0.0018124267481289655,
SUB_25859,installed_3794__SUB_25859,hydro,947.7293785757009,1.4103115752614597,0.0
SUB_25859,installed_3795__SUB_25859,hydro,947.7293785757009,1.4103115752614597,0.0
SUB_02268,bess_SUB_02268,battery,-2.6945189428851797,-0.004009700807864851,
SUB_02247,bess_SUB_02247,battery,-1.1328139732671239,-0.0016857350792665534,
SUB_06866,installed_12793__SUB_06866,waste,1008.0,1.5,0.0
SUB_18220,bess_SUB_18220,battery,-2.0760221751784624,-0.003089318713063188,
SUB_02285,bess_SUB_02285,battery,-0.8432740427115686,-0.0012548720873684057,
SUB_25427,bess_SUB_25427,battery,-0.9432740427115673,-0.0014036816111779277,
SUB_10225,bess_SUB_10225,battery,-0.42344426112667133,-0.0006301253885813562,
SUB_10225,installed_2928__SUB_10225,hydro,9264.022531145592,13.78574781420475,0.0
SUB_10225,installed_2929__SUB_10225,hydro,9264.022531145592,13.78574781420475,0.0
SUB_10225,installed_3659__SUB_10225,hydro,16675.24055606207,24.814346065568554,0.0
SUB_10225,installed_3660__SUB_10225,hydro,16675.24055606207,24.814346065568554,0.0
SUB_02249,bess_SUB_02249,battery,-2.6962436580544527,-0.004012267348295316,
SUB_02249,installed_12381__SUB_02249,non-fossil,1276.8,1.9,0.0
SUB_02234,bess_SUB_02234,battery,-0.8432740427115677,-0.0012548720873684044,
SUB_02267,bess_SUB_02267,battery,-3.9414676394455137,-0.005865279225365348,
SUB_18240,bess_SUB_18240,battery,-1.2041692108327364,-0.001791918468501096,
SUB_16207,bess_SUB_16207,battery,-1.043274042711566,-0.0015524911349874496,
SUB_04347,bess_SUB_04347,battery,-0.9432740427115673,-0.0014036816111779277,
SUB_02240,bess_SUB_02240,battery,-1.0760744441872636,-0.001601301256231047,
SUB_02260,bess_SUB_02260,battery,-0.8432740427115686,-0.0012548720873684057,
SUB_25421,bess_SUB_25421,battery,-3.01233784442715,-0.004482645601826116,
SUB_25421,installed_6021__SUB_25421,natural gas,27.382128819788868,0.040747215505638194,293.205951128
SUB_25421,installed_6408__SUB_25421,natural gas,210.99120583927757,0.31397500868940115,291.28816415200004
SUB_25421,installed_6409__SUB_25421,natural gas,1276.0997881411963,1.8989580180672565,291.28816415200004
SUB_16270,bess_SUB_16270,battery,-3.949277074550672,-0.005876900408557547,
SUB_16270,installed_12651__SUB_16270,non-fossil,2150.3999999999996,3.1999999999999993,0.0
SUB_18273,bess_SUB_18273,battery,-2.386601842017649,-0.0035514908363357875,
SUB_25261,bess_SUB_25261,battery,-2.3532147520898032,-0.0035018076668003025,
SUB_18213,bess_SUB_18213,battery,-0.8432740427115686,-0.0012548720873684057,
SUB_18213,installed_12882__SUB_18213,waste,940.8000000000002,1.4000000000000004,0.0
SUB_18213,installed_13946__SUB_18213,wind,366.322,0.5451220238095238,0.0
SUB_10375,bess_SUB_10375,battery,-3.8914307157921457,-0.005790819517547836,
SUB_10375,installed_3300__SUB_10375,hydro,264.6863580327312,0.3938785089772786,0.0
SUB_10375,installed_3301__SUB_10375,hydro,264.6863580327312,0.3938785089772786,0.0
SUB_25281,bess_SUB_25281,battery,-1.054385153822679,-0.0015690255265218436,
SUB_25281,installed_3364__SUB_25281,hydro,926.4022531145594,1.3785747814204752,0.0
SUB_25281,installed_5594__SUB_25281,hydro,25012.860834093102,37.22151909835283,0.0
SUB_25281,installed_5595__SUB_25281,hydro,2382.177222294581,3.5449065807955074,0.0
SUB_25281,installed_5740__SUB_25281,hydro,714.6531666883745,1.0634719742386527,0.0
SUB_02207,bess_SUB_02207,battery,-1.6842771632379838,-0.0025063648262469997,
SUB_02209,bess_SUB_02209,battery,-0.8432740427115677,-0.0012548720873684044,
SUB_18260,bess_SUB_18260,battery,-9.025144990596564,-0.01343027528362584,
SUB_04245,bess_SUB_04245,battery,-0.8432740427115677,-0.0012548720873684044,
SUB_04286,bess_SUB_04286,battery,-0.8432740427115686,-0.0012548720873684057,
SUB_01264,bess_SUB_01264,battery,-1.0050188975879157,-0.0014955638356963033,
SUB_02272,bess_SUB_02272,battery,-1.748740935790213,-0.0026022930592116264,
SUB_16316,bess_SUB_16316,battery,-0.4321239106651369,-0.0006430415337278823,
SUB_16316,installed_5666__SUB_16316,hydro,19057.41777835665,28.35925264636406,0.0
SUB_16322,bess_SUB_16322,battery,-0.9432740427115673,-0.0014036816111779277,
SUB_25282,bess_SUB_25282,battery,-2.1871332862895745,-0.0032546626284071047,
SUB_25282,installed_13254__SUB_25282,non-fossil,604.8000000000002,0.9000000000000002,0.0
SUB_25282,installed_13255__SUB_25282,non-fossil,604.8000000000002,0.9000000000000002,0.0
SUB_25282,installed_13570__SUB_25282,solar,2408.3770288630003,3.5838943881889884,0.0
SUB_25282,installed_16064__SUB_25282,non-fossil,672.0,1.0,0.0
SUB_25282,installed_16065__SUB_25282,non-fossil,672.0,1.0,0.0
SUB_18229,bess_SUB_18229,battery,-0.9432740427115673,-0.0014036816111779277,
SUB_25278,bess_SUB_25278,battery,-2.85428483928387,-0.004247447677505759,
SUB_25278,installed_6795__SUB_25278,natural gas,0.0,0.0,276.15170839359996
SUB_25278,installed_6796__SUB_25278,natural gas,1815.2258694574216,2.701228972406877,276.1517083936
SUB_25278,installed_13936__SUB_25278,solar,2408.3770288630003,3.5838943881889884,0.0
SUB_25278,installed_6404__SUB_25278,natural gas,0.0,0.0,395.07137452800004
SUB_25278,installed_6799__SUB_25278,natural gas,1166.9732201129773,1.7365672918347876,274.868587344
SUB_25278,installed_6800__SUB_25278,natural gas,0.0,0.0,274.868587344
SUB_25250,bess_SUB_25250,battery,-0.4823750567697398,-0.0007178200249549699,
SUB_25480,bess_SUB_25480,battery,-1.1766073760449007,-0.00175090383340015,
SUB_25480,installed_12550__SUB_25480,solar,170.466530058255,0.253670431634308,0.0
SUB_06332,bess_SUB_06332,battery,-0.9432740427115682,-0.001403681611177929,
SUB_25406,bess_SUB_25406,battery,-1.7513997344433383,-0.002606249604826396,
SUB_18244,bess_SUB_18244,battery,-0.8432740427115677,-0.0012548720873684044,
SUB_25476,bess_SUB_25476,battery,-0.9432740427115682,-0.001403681611177929,
SUB_10294,bess_SUB_10294,battery,-3.3962644808743208,-0.005053965001301073,
SUB_16230,bess_SUB_16230,battery,-0.9432740427115682,-0.001403681611177929,
SUB_18285,bess_SUB_18285,battery,-1.1109633593983608,-0.0016532192848189892,
SUB_25512,bess_SUB_25512,battery,-0.9680522482477283,-0.0014405539408448337,
SUB_16216,bess_SUB_16216,battery,-0.4216370213557843,-0.0006274360436842028,
SUB_16216,installed_3048__SUB_16216,hydro,8125.871191604849,12.092070225602454,0.0
SUB_16216,installed_3049__SUB_16216,hydro,8125.871191604849,12.092070225602454,0.0
SUB_16216,installed_3050__SUB_16216,hydro,9687.520703997961,14.415953428568395,0.0
SUB_25420,bess_SUB_25420,battery,-9.522214516871006,-0.014169962078677092,
SUB_25420,installed_13704__SUB_25420,solar,1445.0262173177998,2.1503366329133926,0.0
SUB_25420,installed_13868__SUB_25420,solar,1770.15711651586,2.634162375767649,0.0
SUB_25420,installed_13978__SUB_25420,solar,2348.16760344298,3.494297028933006,0.0
SUB_10255,bess_SUB_10255,battery,-0.4216370213557843,-0.0006274360436842028,
SUB_10255,installed_5967__SUB_10255,biomass,43.89982067328602,0.06532711409715182,0.0
SUB_10255,installed_5968__SUB_10255,biomass,61.91441349307044,0.09213454388849768,0.0
SUB_10132,bess_SUB_10132,battery,-0.4216370213557834,-0.0006274360436842015,
SUB_10332,bess_SUB_10332,battery,-0.42163702135578474,-0.0006274360436842035,
SUB_10350,installed_573__SUB_10350,hydro,1323.4317901636557,1.9693925448863925,0.0
SUB_10350,installed_742__SUB_10350,hydro,529.3727160654624,0.7877570179545572,0.0
SUB_10350,installed_743__SUB_10350,hydro,1799.8672346225726,2.678373861045495,0.0
SUB_10350,installed_7775__SUB_10350,hydro,688.1845308851011,1.0240841233409244,0.0
SUB_19241,bess_SUB_19241,battery,-0.71317816583278,-0.001061277032489256,
SUB_10356,bess_SUB_10356,battery,-0.9432740427115673,-0.0014036816111779277,
SUB_19229,bess_SUB_19229,battery,-0.9432740427115673,-0.0014036816111779277,
SUB_01442,bess_SUB_01442,battery,-9.242268550330095,-0.013753375818943595,
SUB_01442,installed_12023__SUB_01442,wind,28646.380400000002,42.62854226190476,0.0
SUB_01442,installed_12933__SUB_01442,waste,1411.2000000000003,2.1000000000000005,0.0
SUB_01442,installed_12934__SUB_01442,waste,1411.2000000000003,2.1000000000000005,0.0
SUB_02210,bess_SUB_02210,battery,-5.8954174657519935,-0.008772942657369038,
SUB_16374,bess_SUB_16374,battery,-2.6081851067789197,-0.0038812278374686306,
SUB_10373,bess_SUB_10373,battery,-1.0320686729741548,-0.0015358164776401115,
SUB_18249,bess_SUB_18249,battery,-4.495267249583275,-0.006689385788070349,
SUB_18249,installed_13750__SUB_18249,solar,170.466530058255,0.253670431634308,0.0
SUB_18249,installed_13885__SUB_18249,solar,170.466530058255,0.253670431634308,0.0
SUB_01343,bess_SUB_01343,battery,-1.5588021426209622,-0.002319646045566908,
SUB_08391,bess_SUB_08391,battery,-1.3232449188528959,-0.001969114462578714,
SUB_02233,bess_SUB_02233,battery,-1.8446561060937636,-0.0027450239674014338,
SUB_02203,bess_SUB_02203,battery,-0.9432740427115673,-0.0014036816111779277,
SUB_25440,bess_SUB_25440,battery,-17.038260239295635,-0.025354553927523265,
SUB_25440,installed_14242__SUB_25440,solar,2408.3770288630003,3.5838943881889884,0.0
SUB_25440,installed_14647__SUB_25440,solar,1806.2827710441397,2.6879207902442555,0.0
SUB_04230,bess_SUB_04230,battery,-0.9432740427115673,-0.0014036816111779277,
SUB_06203,bess_SUB_06203,battery,-1.701661986827375,-0.0025322350994454986,
SUB_06203,installed_697__SUB_06203,biomass,8477.63797265938,12.615532697409792,5.867666112
SUB_06203,installed_11040__SUB_06203,solar,102.279918034953,0.15220225898058481,0.0
SUB_06203,installed_11660__SUB_06203,solar,113.64435337217,0.1691136210895387,0.0
SUB_04203,bess_SUB_04203,battery,-5.466182840803443,-0.008134200655957505,
SUB_25269,bess_SUB_25269,battery,-1.043274042711567,-0.001552491134987451,
SUB_16380,bess_SUB_16380,battery,-4.339573502701107,-0.00645769866473379,
SUB_25353,bess_SUB_25353,battery,-1.1766073760449007,-0.00175090383340015,
SUB_04272,bess_SUB_04272,battery,-1.353112795305023,-0.0020135607072991413,
SUB_16261,bess_SUB_16261,battery,-3.3287342014177064,-0.004953473514014444,
SUB_16261,installed_15846__SUB_16261,solar,113.64435337217,0.1691136210895387,0.0
SUB_01317,bess_SUB_01317,battery,-1.2378937258712912,-0.0018421037587370405,
SUB_08202,bess_SUB_08202,battery,-1.841842838425075,-0.002740837557180171,
SUB_06312,bess_SUB_06312,battery,-0.9432740427115673,-0.0014036816111779277,
SUB_25370,bess_SUB_25370,battery,-0.9432740427115673,-0.0014036816111779277,
SUB_01423,bess_SUB_01423,battery,-7.148838345606173,-0.010638152300009186,
SUB_16368,bess_SUB_16368,battery,-1.0543851538226798,-0.001569025526521845,
SUB_16368,installed_13034__SUB_16368,solar,170.466530058255,0.253670431634308,0.0
SUB_16368,installed_13036__SUB_16368,solar,113.64435337217,0.1691136210895387,0.0
SUB_02264,bess_SUB_02264,battery,-4.72435408505536,-0.007030288817046666,
SUB_08292,bess_SUB_08292,battery,-5.9295611803172825,-0.008823751756424528,
SUB_10333,bess_SUB_10333,battery,-0.9432740427115665,-0.0014036816111779263,
SUB_06272,bess_SUB_06272,battery,-0.8432740427115677,-0.0012548720873684044,
SUB_25236,bess_SUB_25236,battery,-9.883125203072229,-0.014707031552190816,
SUB_25236,installed_192__SUB_25236,natural gas,3396.429635383761,5.054210766940121,351.74109154399997
SUB_25236,installed_193__SUB_25236,natural gas,569.3999999999999,0.8473214285714283,351.74109154399997
SUB_25236,installed_194__SUB_25236,natural gas,393.03622580081964,0.5848753360131245,351.74109154399997
SUB_25236,installed_14727__SUB_25236,solar,170.466530058255,0.253670431634308,0.0
SUB_25236,installed_14728__SUB_25236,solar,170.466530058255,0.253670431634308,0.0
SUB_01202,bess_SUB_01202,battery,-7.043960206458909,-0.010482083640563852,
SUB_04221,bess_SUB_04221,battery,-0.9432740427115673,-0.0014036816111779277,
SUB_04221,installed_13905__SUB_04221,waste,1344.0,2.0,0.0
SUB_04221,installed_13906__SUB_04221,waste,1344.0,2.0,0.0
SUB_04221,installed_14318__SUB_04221,solar,113.64435337217,0.1691136210895387,0.0
SUB_06288,bess_SUB_06288,battery,-0.4762384995085869,-0.0007086882433163496,
SUB_01405,bess_SUB_01405,battery,-3.116881171360772,-0.004638216028810672,
SUB_01405,installed_13175__SUB_01405,battery,-1.3015827469119365,-0.0019368790876665722,0.0
SUB_01405,installed_15052__SUB_01405,natural gas,302.40000000000003,0.45000000000000007,265.40575104
SUB_25316,bess_SUB_25316,battery,-9.72703973301763,-0.014474761507466712,
SUB_25316,installed_11796__SUB_25316,solar,2272.8870674434,3.3822724217907743,0.0
SUB_25316,installed_12294__SUB_25316,solar,2272.8870674434,3.3822724217907743,0.0
SUB_16301,bess_SUB_16301,battery,-0.4216370213557843,-0.0006274360436842028,
SUB_15249,bess_SUB_15249,battery,-0.4216370213557843,-0.0006274360436842028,
SUB_04309,bess_SUB_04309,battery,-0.9432740427115673,-0.0014036816111779277,
SUB_10324,bess_SUB_10324,battery,-3.042103640978691,-0.004526939941932576,
SUB_10324,installed_12843__SUB_10324,solar,113.64435337217,0.1691136210895387,0.0
SUB_10324,installed_12844__SUB_10324,solar,284.110883430425,0.4227840527238468,0.0
SUB_25410,bess_SUB_25410,battery,-1.043274042711567,-0.001552491134987451,
SUB_25410,installed_9446__SUB_25410,natural gas,1956.1000000000006,2.910863095238096,284.9408843095022
SUB_25410,installed_9447__SUB_25410,natural gas,1956.1000000000006,2.910863095238096,284.9408843095022
SUB_25410,installed_9448__SUB_25410,natural gas,0.0,0.0,284.9408843095022
SUB_25410,installed_9449__SUB_25410,natural gas,495.3699278890474,0.7371576307872729,284.9408843095022
SUB_25410,installed_9450__SUB_25410,natural gas,778.1000000000003,1.1578869047619051,284.9408843095022
SUB_25410,installed_9451__SUB_25410,natural gas,298.2256507875135,0.4437881708147522,284.9408843095022
SUB_25410,installed_9452__SUB_25410,natural gas,1956.1000000000006,2.910863095238096,284.9408843095022
SUB_25410,installed_9453__SUB_25410,natural gas,618.0369605405316,0.9196978579472196,284.94088430950217
SUB_25410,installed_9454__SUB_25410,natural gas,1957.6557610907057,2.9131782159087884,284.9408843095023
SUB_25410,installed_9455__SUB_25410,natural gas,34.41847970630401,0.05121797575342859,284.9408843095022
SUB_25410,installed_9456__SUB_25410,natural gas,0.0,0.0,284.9408843095023
SUB_25410,installed_9457__SUB_25410,natural gas,1956.1000000000006,2.910863095238096,284.9408843095023
SUB_25410,installed_9458__SUB_25410,natural gas,55.800000000000004,0.0830357142857143,284.9408843095022
SUB_25410,installed_9459__SUB_25410,natural gas,523.7919831944797,0.7794523559441663,284.9408843095023
SUB_25410,installed_9460__SUB_25410,natural gas,864.6577258840424,1.2866930444703013,284.9408843095023
SUB_25410,installed_9461__SUB_25410,natural gas,79.9581542539564,0.11898534859219702,284.9408843095023
SUB_25410,installed_10611__SUB_25410,biomass,6300.5968739872915,9.375888205338232,3.8065440639999997
SUB_25410,installed_14672__SUB_25410,solar,2272.8870674434,3.3822724217907743,0.0
SUB_15201,bess_SUB_15201,battery,-1.043274042711566,-0.0015524911349874496,
SUB_15366,bess_SUB_15366,battery,-1.043274042711567,-0.001552491134987451,
SUB_04337,bess_SUB_04337,battery,-1.043274042711567,-0.001552491134987451,
SUB_25355,bess_SUB_25355,battery,-8.567601519647289,-0.012749407023284656,
SUB_25355,installed_14017__SUB_25355,solar,2408.3770288630003,3.5838943881889884,0.0
SUB_10283,bess_SUB_10283,battery,-3.820494701621654,-0.005685259972651271,
SUB_01424,bess_SUB_01424,battery,-0.8432740427115677,-0.0012548720873684044,
SUB_18281,bess_SUB_18281,battery,-1.2877184871560123,-0.001916247748744066,
SUB_01350,bess_SUB_01350,battery,-5.411397892794625,-0.008052675435706287,
SUB_10353,bess_SUB_10353,battery,-0.9432740427115682,-0.001403681611177929,
SUB_10353,installed_9430__SUB_10353,natural gas,0.0,0.0,284.7404308874585
SUB_10353,installed_9431__SUB_10353,natural gas,644.6033580989249,0.9592311876472097,284.74043088745856
SUB_10353,installed_9432__SUB_10353,natural gas,0.0,0.0,284.74043088745856
SUB_10353,installed_9433__SUB_10353,natural gas,1134.1479737261366,1.687720198997227,284.7404308874585
SUB_10353,installed_9434__SUB_10353,natural gas,0.0,0.0,284.74043088745856
SUB_10353,installed_9435__SUB_10353,natural gas,622.6409637312743,0.9265490531715391,284.7404308874585
SUB_10353,installed_9436__SUB_10353,natural gas,1335.6000000000001,1.9875000000000003,284.74043088745856
SUB_10353,installed_9437__SUB_10353,natural gas,0.0,0.0,284.7404308874585
SUB_10353,installed_9438__SUB_10353,natural gas,0.0,0.0,284.7404308874585
SUB_10353,installed_9439__SUB_10353,natural gas,0.0,0.0,284.7404308874585
SUB_10353,installed_9440__SUB_10353,natural gas,0.0,0.0,284.7404308874585
SUB_10353,installed_9441__SUB_10353,natural gas,0.0,0.0,284.74043088745856
SUB_10353,installed_9442__SUB_10353,natural gas,0.0,0.0,284.74043088745856
SUB_10353,installed_9443__SUB_10353,natural gas,0.0,0.0,284.74043088745856
SUB_10353,installed_9444__SUB_10353,natural gas,0.0,0.0,284.74043088745856
SUB_10353,installed_9445__SUB_10353,natural gas,1178.8000000000002,1.7541666666666669,284.74043088745856
SUB_25268,bess_SUB_25268,battery,-1.5099407093782338,-0.0022469355794318955,
SUB_25268,installed_9069__SUB_25268,natural gas,1251.5383240709916,1.8624082203437375,386.85618923072343
SUB_25268,installed_9070__SUB_25268,natural gas,20948.642886079644,31.173575723332803,386.85618923072343
SUB_25268,installed_13572__SUB_25268,solar,2272.8870674434,3.3822724217907743,0.0
SUB_25268,installed_13776__SUB_25268,solar,11364.435339492058,16.911362112339372,0.0
SUB_25268,installed_14943__SUB_25268,solar,227.28870674434,0.3382272421790774,0.0
SUB_04201,bess_SUB_04201,battery,-4.318140664753965,-0.006425804560645782,
SUB_25208,bess_SUB_25208,battery,-2.5198814187564693,-0.0037498235398161746,
SUB_25208,installed_6801__SUB_25208,natural gas,67.93789324902377,0.1010980554300949,275.079054032
SUB_25208,installed_6802__SUB_25208,natural gas,205.56817058922917,0.3059050157577815,275.079054032
SUB_25208,installed_6803__SUB_25208,natural gas,106.94735740254703,0.15914785327759975,275.079054032
SUB_25208,installed_6804__SUB_25208,natural gas,425.24057841739227,0.6327984797877861,275.079054032
SUB_08367,bess_SUB_08367,battery,-3.5091921685994976,-0.005222012155654014,
SUB_08367,installed_14091__SUB_08367,solar,1636.4786890142605,2.435236144366459,0.0
SUB_08367,installed_14169__SUB_08367,natural gas,1117.8772080864337,1.6635077501286215,265.40575104000004
SUB_02201,bess_SUB_02201,battery,-0.9432740427115673,-0.0014036816111779277,
SUB_25253,bess_SUB_25253,battery,-0.4216370213557843,-0.0006274360436842028,
SUB_25253,installed_3672__SUB_25253,hydro,1111.6827037374705,1.6542897377045693,0.0
SUB_25217,bess_SUB_25217,battery,-6.770755367380521,-0.010075528820506727,
SUB_25217,installed_12847__SUB_25217,solar,2272.8870674434,3.3822724217907743,0.0
SUB_25217,installed_13705__SUB_25217,solar,1250.08788709387,1.8602498319849257,0.0
SUB_25217,installed_13805__SUB_25217,solar,2250.1581976789903,3.3484496989270687,0.0
SUB_25217,installed_14016__SUB_25217,solar,2250.1581976789903,3.3484496989270687,0.0
SUB_25217,installed_14543__SUB_25217,solar,2272.8870674434,3.3822724217907743,0.0
SUB_25217,installed_15131__SUB_25217,solar,125.00878870938699,0.18602498319849253,0.0
SUB_01467,bess_SUB_01467,battery,-1.1960705428842244,-0.0017798668792920007,
SUB_01303,bess_SUB_01303,battery,-3.140446410232675,-0.004673283348560528,
SUB_25441,bess_SUB_25441,battery,-1.4766073760449023,-0.0021973324048287237,
SUB_18267,bess_SUB_18267,battery,-10.460494347634512,-0.015566211826837071,
SUB_18267,installed_11189__SUB_18267,waste,672.0,1.0,3.5487792236588316
SUB_18267,installed_11190__SUB_18267,waste,940.8000000000002,1.4000000000000004,0.0
SUB_08284,bess_SUB_08284,battery,-1.667486694621291,-0.0024813790098531115,
SUB_25228,bess_SUB_25228,battery,-1.1766073760448998,-0.0017509038334001486,
SUB_15256,bess_SUB_15256,battery,-0.7324803772006545,-0.0010900005613104977,
SUB_25359,bess_SUB_25359,battery,-3.841940964970426,-0.005717174055015515,
SUB_25359,installed_11795__SUB_25359,solar,2272.8870674434,3.3822724217907743,0.0
SUB_15216,bess_SUB_15216,battery,-0.4216370213557843,-0.0006274360436842028,
SUB_08231,bess_SUB_08231,battery,-2.403286340220113,-0.0035763189586608827,
SUB_06359,bess_SUB_06359,battery,-1.1173857350455698,-0.0016627763914368598,
SUB_06359,installed_8728__SUB_06359,natural gas,491.9917139932249,0.7321305267756323,386.88538290429625
SUB_06359,installed_11039__SUB_06359,solar,102.279918034953,0.15220225898058481,0.0
SUB_06359,installed_11143__SUB_06359,solar,227.28870674434,0.3382272421790774,0.0
SUB_06359,installed_13654__SUB_06359,solar,113.64435337217,0.1691136210895387,0.0
SUB_06359,installed_15587__SUB_06359,solar,431.848542927999,0.6426317603095223,0.0
SUB_06359,installed_15588__SUB_06359,solar,261.382012755991,0.388961328505939,0.0
SUB_18201,bess_SUB_18201,battery,-8.224715001382899,-0.01223915922824836,
SUB_10358,bess_SUB_10358,battery,-0.8432740427115677,-0.0012548720873684044,
SUB_04257,bess_SUB_04257,battery,-7.649495039536161,-0.011383177142166906,
SUB_19202,bess_SUB_19202,battery,-0.9432740427115673,-0.0014036816111779277,
SUB_02404,bess_SUB_02404,battery,-0.9432740427115673,-0.0014036816111779277,
SUB_02259,bess_SUB_02259,battery,-4.095434689955497,-0.006094396860052823,
SUB_16348,bess_SUB_16348,battery,-0.9432740427115682,-0.001403681611177929,
SUB_16348,installed_12937__SUB_16348,waste,1411.2000000000003,2.1000000000000005,0.0
SUB_16348,installed_12938__SUB_16348,waste,1411.2000000000003,2.1000000000000005,0.0
SUB_01204,bess_SUB_01204,battery,-2.3594242721461054,-0.0035110480240269424,
SUB_01204,installed_14439__SUB_01204,natural gas,493.0,0.7336309523809523,265.40575104000004
SUB_04227,bess_SUB_04227,battery,-1.177875258237342,-0.0017527905628531874,
SUB_04227,installed_9012__SUB_04227,waste,470.4000000000001,0.7000000000000002,0.0
SUB_04227,installed_9013__SUB_04227,waste,470.4000000000001,0.7000000000000002,0.0
SUB_04227,installed_9014__SUB_04227,waste,470.4000000000001,0.7000000000000002,0.0
SUB_04227,installed_9015__SUB_04227,waste,470.4000000000001,0.7000000000000002,0.0
SUB_04227,installed_9016__SUB_04227,waste,470.4000000000001,0.7000000000000002,0.0
SUB_04227,installed_9017__SUB_04227,waste,470.4000000000001,0.7000000000000002,0.0
SUB_04227,installed_9018__SUB_04227,waste,470.4000000000001,0.7000000000000002,0.0
SUB_04227,installed_9019__SUB_04227,waste,470.4000000000001,0.7000000000000002,0.0
SUB_10340,bess_SUB_10340,battery,-1.836525439453125,-0.0027329247610909596,
SUB_16329,bess_SUB_16329,battery,-0.9432740427115682,-0.001403681611177929,
SUB_01315,bess_SUB_01315,battery,-0.9432740427115673,-0.0014036816111779277,
SUB_01315,installed_13896__SUB_01315,natural gas,63.0,0.09375,265.40575104000004
SUB_10217,bess_SUB_10217,battery,-3.929822128134705,-0.005847949595438549,
SUB_10217,installed_12111__SUB_10217,waste,1344.0,2.0,0.0
SUB_04329,bess_SUB_04329,battery,-2.01218558499402,-0.002994323787193482,
SUB_02406,bess_SUB_02406,battery,-0.9432740427115673,-0.0014036816111779277,
SUB_02410,bess_SUB_02410,battery,-1.977101529935581,-0.002942115371927948,
SUB_02410,installed_10853__SUB_02410,waste,1209.6000000000004,1.8000000000000005,0.0
SUB_02410,installed_10854__SUB_02410,waste,1209.6000000000004,1.8000000000000005,0.0
SUB_02410,installed_10855__SUB_02410,waste,1209.6000000000004,1.8000000000000005,0.0
SUB_02410,installed_10856__SUB_02410,waste,1209.6000000000004,1.8000000000000005,0.0
SUB_02410,installed_10857__SUB_02410,waste,1209.6000000000004,1.8000000000000005,0.0
SUB_02410,installed_10858__SUB_02410,waste,1209.6000000000004,1.8000000000000005,0.0
SUB_16372,bess_SUB_16372,battery,-2.924023282284317,-0.0043512251224469,
SUB_04265,bess_SUB_04265,battery,-2.2571786153377875,-0.003358896749014565,
SUB_25266,bess_SUB_25266,battery,-9.026736371318645,-0.013432643409700365,
SUB_25266,installed_12293__SUB_25266,solar,2272.8870674434,3.3822724217907743,0.0
SUB_25266,installed_15675__SUB_25266,non-fossil,672.0,1.0,0.0
SUB_08304,bess_SUB_08304,battery,-0.8432740427115686,-0.0012548720873684057,
SUB_10335,bess_SUB_10335,battery,-0.4216370213557843,-0.0006274360436842028,
SUB_18296,bess_SUB_18296,battery,-1.282332610813678,-0.0019082330518060686,
SUB_01250,bess_SUB_01250,battery,-3.9983712359117547,-0.005949957196297254,
SUB_06202,bess_SUB_06202,battery,-0.8432740427115668,-0.001254872087368403,
SUB_10360,bess_SUB_10360,battery,-1.0037523660530852,-0.0014936791161504243,
SUB_10360,installed_6013__SUB_10360,hydro,794.0590740981936,1.1816355269318357,0.0
SUB_10360,installed_6035__SUB_10360,hydro,1270.49451855711,1.8906168430909376,0.0
SUB_16311,bess_SUB_16311,battery,-1.264911064067352,-0.0018823081310526072,
SUB_25238,bess_SUB_25238,battery,-3.1285032050247406,-0.004655510721763007,
SUB_08226,bess_SUB_08226,battery,-2.8255986186084616,-0.004204759849119734,
SUB_08226,installed_461__SUB_08226,natural gas,3763.2000000000007,5.600000000000001,390.04693594400004
SUB_25340,bess_SUB_25340,battery,-1.1766073760449016,-0.0017509038334001512,
SUB_04275,bess_SUB_04275,battery,-2.6613819215293915,-0.003960389764180642,
SUB_04331,bess_SUB_04331,battery,-0.9432740427115673,-0.0014036816111779277,
SUB_16366,bess_SUB_16366,battery,-0.4216370213557843,-0.0006274360436842028,
SUB_25349,bess_SUB_25349,battery,-0.9432740427115673,-0.0014036816111779277,
SUB_25349,installed_15125__SUB_25349,solar,120.41885144315,0.17919471940944942,0.0
SUB_25398,bess_SUB_25398,battery,-1.2766073760449013,-0.0018997133572096745,
SUB_25537,bess_SUB_25537,battery,-1.2766073760449008,-0.0018997133572096739,
SUB_25537,installed_14557__SUB_25537,solar,2272.8870674434,3.3822724217907743,0.0
SUB_15373,bess_SUB_15373,battery,-0.8668055205460297,-0.0012898891674792108,
SUB_06380,bess_SUB_06380,battery,-1.4411424304300127,-0.0021445571881399,
SUB_18237,bess_SUB_18237,battery,-1.909355508511796,-0.0028413028400473155,
SUB_04330,bess_SUB_04330,battery,-2.075733643645364,-0.003088889350662744,
SUB_04320,bess_SUB_04320,battery,-1.1943537841264913,-0.0017773121787596597,
SUB_10307,bess_SUB_10307,battery,-3.6415184401122547,-0.005418926250167046,
SUB_25444,bess_SUB_25444,battery,-0.4216370213557843,-0.0006274360436842028,
SUB_25444,installed_11841__SUB_25444,natural gas,5290.280981563999,7.87244193685119,398.59045156977487
SUB_25444,installed_11842__SUB_25444,natural gas,215.09198168259164,0.32007735369433277,297.17299116133336
SUB_16319,bess_SUB_16319,battery,-3.7759059700478232,-0.005618907693523546,
SUB_04335,bess_SUB_04335,battery,-0.9432740427115673,-0.0014036816111779277,
SUB_04212,bess_SUB_04212,battery,-0.9432740427115673,-0.0014036816111779277,
SUB_25400,bess_SUB_25400,battery,-11.042681136493915,-0.016432561215020708,
SUB_25400,installed_12435__SUB_25400,solar,2408.3770288630003,3.5838943881889884,0.0
SUB_25400,installed_12436__SUB_25400,solar,6020.9425721575,8.95973597047247,0.0
SUB_25400,installed_12842__SUB_25400,solar,2432.46079854852,3.619733331173393,0.0
SUB_25400,installed_12846__SUB_25400,solar,2408.3770288630003,3.5838943881889884,0.0
SUB_18255,bess_SUB_18255,battery,-3.9081851067789213,-0.005815751646992442,
SUB_08234,bess_SUB_08234,battery,-0.9432740427115682,-0.001403681611177929,
SUB_08234,installed_6517__SUB_08234,natural gas,4506.915179687501,6.706719017392115,340.9325384944
SUB_08234,installed_6518__SUB_08234,natural gas,1708.1999999999996,2.5419642857142852,365.014100648
SUB_16328,bess_SUB_16328,battery,-1.0432740427115679,-0.0015524911349874522,
SUB_15230,bess_SUB_15230,battery,-0.4216370213557843,-0.0006274360436842028,
SUB_15230,installed_2633__SUB_15230,hydro,264.6863580327312,0.3938785089772786,0.0
SUB_15230,installed_3043__SUB_15230,hydro,5823.099876720085,8.665327197500128,0.0
SUB_15230,installed_5636__SUB_15230,hydro,11646.199753440173,17.330654395000256,0.0
SUB_15230,installed_5646__SUB_15230,hydro,7225.937574293561,10.752883295079704,0.0
SUB_10320,bess_SUB_10320,battery,-0.4216370213557843,-0.0006274360436842028,
SUB_10320,installed_5693__SUB_10320,hydro,15616.495123931141,23.238832029659438,0.0
SUB_10320,installed_17256__SUB_10320,hydro,502.90408026218927,0.7483691670568293,0.0
SUB_10320,installed_17398__SUB_10320,hydro,2382.177222294581,3.5449065807955074,0.0
SUB_10284,bess_SUB_10284,battery,-0.9432740427115673,-0.0014036816111779277,
SUB_16302,bess_SUB_16302,battery,-0.9432740427115682,-0.001403681611177929,
SUB_15281,bess_SUB_15281,battery,-1.054385153822679,-0.0015690255265218436,
SUB_15281,installed_6884__SUB_15281,hydro,1905.7417778356642,2.835925264636405,0.0
SUB_15281,installed_11224__SUB_15281,waste,1209.6000000000004,1.8000000000000005,0.0
SUB_15281,installed_11225__SUB_15281,waste,1008.0,1.5,0.0
SUB_15224,bess_SUB_15224,battery,-0.4216370213557834,-0.0006274360436842015,
SUB_15224,installed_3096__SUB_15224,hydro,2911.5499383600427,4.332663598750064,0.0
SUB_25289,bess_SUB_25289,battery,-11.340925533894598,-0.016876377282581248,
SUB_25289,installed_11772__SUB_25289,solar,1704.6653005825501,2.5367043163430805,0.0
SUB_25289,installed_11773__SUB_25289,solar,1704.6653005825501,2.5367043163430805,0.0
SUB_25289,installed_14138__SUB_25289,solar,6818.661203467729,10.146817267065073,0.0
SUB_25289,installed_15738__SUB_25289,solar,2272.8870674434,3.3822724217907743,0.0
SUB_25289,installed_15745__SUB_25289,solar,2272.8870674434,3.3822724217907743,0.0
SUB_10293,bess_SUB_10293,battery,-0.9670709602610961,-0.0014390936908647263,
SUB_10293,installed_2862__SUB_10293,hydro,3440.9226544255052,5.120420616704621,0.0
SUB_15258,bess_SUB_15258,battery,-0.8275689069401091,-0.0012315013496132575,
SUB_08353,bess_SUB_08353,battery,-7.6048683818335405,-0.011316768425347531,
SUB_25532,bess_SUB_25532,battery,-2.449403989382988,-0.003644946412772304,
SUB_02257,bess_SUB_02257,battery,-2.027078184235158,-0.003016485393207081,
SUB_01435,bess_SUB_01435,battery,-2.075843860692842,-0.0030890533641262535,
SUB_04314,bess_SUB_04314,battery,-0.9432740427115673,-0.0014036816111779277,
SUB_25407,bess_SUB_25407,battery,-5.835364476903205,-0.00868357809062977,
SUB_18263,bess_SUB_18263,battery,-7.2327562909353285,-0.01076303019484424,
SUB_18263,installed_12853__SUB_18263,waste,1008.0,1.5,0.0
SUB_06213,bess_SUB_06213,battery,-8.193048852306319,-0.01219203698259869,
SUB_06213,installed_9093__SUB_06213,natural gas,27017.63819723214,40.20481874588116,386.75430511612
SUB_06213,installed_14590__SUB_06213,waste,1075.1999999999998,1.5999999999999996,0.0
SUB_06213,installed_14591__SUB_06213,waste,1075.1999999999998,1.5999999999999996,0.0
SUB_06213,installed_14592__SUB_06213,waste,1075.1999999999998,1.5999999999999996,0.0
SUB_06213,installed_14593__SUB_06213,waste,1075.1999999999998,1.5999999999999996,0.0
SUB_06213,installed_14594__SUB_06213,waste,1075.1999999999998,1.5999999999999996,0.0
SUB_25545,bess_SUB_25545,battery,-3.1399087629236515,-0.004672483278160196,
SUB_25545,installed_537__SUB_25545,natural gas,2025.4887352905303,3.014120141801384,358.000207552
SUB_16391,bess_SUB_16391,battery,-2.5268283017253808,-0.0037601611632818166,
SUB_15226,bess_SUB_15226,battery,-1.0823656486084543,-0.0016106631675721047,
SUB_25286,bess_SUB_25286,battery,-1.1766073760449016,-0.0017509038334001512,
SUB_10372,bess_SUB_10372,battery,-1.041242065172507,-0.001549467358887659,
SUB_10372,installed_3477__SUB_10372,hydro,8072.933919998301,12.013294523806994,0.0
SUB_10372,installed_3478__SUB_10372,hydro,8072.9339199983,12.013294523806994,0.0
SUB_04209,bess_SUB_04209,battery,-1.043274042711567,-0.001552491134987451,
SUB_16312,bess_SUB_16312,battery,-0.9432740427115673,-0.0014036816111779277,
SUB_10291,bess_SUB_10291,battery,-3.728095973008312,-0.005547761864595702,
SUB_01209,bess_SUB_01209,battery,-8.928187522407418,-0.0132859933369158,
SUB_02401,bess_SUB_02401,battery,-5.248206041045432,-0.0078098304182223684,
SUB_02401,installed_12154__SUB_02401,natural gas,128.0,0.19047619047619047,265.40575104000004
SUB_06317,bess_SUB_06317,battery,-0.8523762996560125,-0.001268417112583352,
SUB_06317,installed_12545__SUB_06317,wind,366.322,0.5451220238095238,0.0
SUB_08387,bess_SUB_08387,battery,-0.4216370213557843,-0.0006274360436842028,
SUB_01222,bess_SUB_01222,battery,-2.598432760724368,-0.0038667154177445947,
SUB_01223,bess_SUB_01223,battery,-2.1851957219009375,-0.003251779348066871,
SUB_04319,bess_SUB_04319,battery,-0.9432740427115673,-0.0014036816111779277,
SUB_04319,installed_5986__SUB_04319,hydro,344.09226544255057,0.5120420616704622,0.0
SUB_04319,installed_5987__SUB_04319,hydro,344.09226544255057,0.5120420616704622,0.0
SUB_04319,installed_5988__SUB_04319,hydro,26.468635803273127,0.039387850897727866,0.0
SUB_19215,bess_SUB_19215,battery,-1.9538746936374247,-0.002907551627436644,
SUB_10221,bess_SUB_10221,battery,-0.4216370213557843,-0.0006274360436842028,
SUB_10221,installed_2737__SUB_10221,hydro,8602.306636063764,12.801051541761554,0.0
SUB_10221,installed_2738__SUB_10221,hydro,8602.306636063764,12.801051541761554,0.0
SUB_10221,installed_17121__SUB_10221,hydro,6193.660777965908,9.216757110068315,0.0
SUB_25221,bess_SUB_25221,battery,-1.1766073760449016,-0.0017509038334001512,
SUB_10345,bess_SUB_10345,battery,-0.9432740427115673,-0.0014036816111779277,
SUB_08370,bess_SUB_08370,battery,-1.7413378852845014,-0.0025912766150066983,
SUB_25205,bess_SUB_25205,battery,-3.243857118245998,-0.004827168330723212,
SUB_04302,bess_SUB_04302,battery,-0.9432740427115682,-0.001403681611177929,
SUB_16313,bess_SUB_16313,battery,-0.8432740427115668,-0.001254872087368403,
SUB_15248,bess_SUB_15248,battery,-0.4216370213557843,-0.0006274360436842028,
SUB_15248,installed_18192__SUB_15248,hydro,238.21772222945805,0.35449065807955066,0.0
SUB_18301,bess_SUB_18301,battery,-5.195129876744195,-0.007730848030869338,
SUB_16335,bess_SUB_16335,battery,-0.5976829160639543,-0.0008894091012856463,
SUB_16335,installed_3472__SUB_16335,hydro,529.3727160654624,0.7877570179545572,0.0
SUB_01348,bess_SUB_01348,battery,-2.9669374125585324,-0.004415085435354959,
SUB_16365,bess_SUB_16365,battery,-1.043274042711567,-0.001552491134987451,
SUB_10354,bess_SUB_10354,battery,-0.9662093737504822,-0.0014378115680810748,
SUB_25453,bess_SUB_25453,battery,-1.1766073760449007,-0.00175090383340015,
SUB_25453,installed_13501__SUB_25453,solar,136.373224046604,0.20293634530744645,0.0
SUB_15269,bess_SUB_15269,battery,-0.4216370213557843,-0.0006274360436842028,
SUB_15269,installed_18220__SUB_15269,hydro,132.3431790163656,0.1969392544886393,0.0
SUB_15269,installed_18221__SUB_15269,hydro,132.3431790163656,0.1969392544886393,0.0
SUB_15269,installed_18222__SUB_15269,hydro,132.3431790163656,0.1969392544886393,0.0
SUB_25396,bess_SUB_25396,battery,-0.7594288126334892,-0.001130102399752216,
SUB_25396,installed_10689__SUB_25396,solar,56.822176686085,0.08455681054476935,0.0
SUB_25396,installed_10690__SUB_25396,solar,56.822176686085,0.08455681054476935,0.0
SUB_08380,bess_SUB_08380,battery,-0.9432740427115673,-0.0014036816111779277,
SUB_25245,bess_SUB_25245,battery,-0.9432740427115682,-0.001403681611177929,
SUB_25245,installed_10612__SUB_25245,biomass,5271.948638962516,7.8451616651227924,43.6355504
SUB_25272,bess_SUB_25272,battery,-0.6438592435780057,-0.0009581238743720323,
SUB_25272,installed_6304__SUB_25272,natural gas,115.0,0.17113095238095238,381.72261555999995
SUB_25272,installed_6305__SUB_25272,natural gas,519.2881871746827,0.772750278533754,381.72261555999995
SUB_25272,installed_7161__SUB_25272,natural gas,8820.35512022372,13.12552845271387,393.16492735199995
SUB_19212,bess_SUB_19212,battery,-3.473096170846272,-0.005168297873283143,
SUB_18203,bess_SUB_18203,battery,-0.5386946590462207,-0.0008016289569140189,
SUB_15285,bess_SUB_15285,battery,-1.043274042711567,-0.001552491134987451,
SUB_15285,installed_6868__SUB_15285,natural gas,7628.710783120964,11.352248189168101,413.60695801599996
SUB_15285,installed_9076__SUB_15285,natural gas,29253.555523244002,43.53207667149405,386.75174735592077
SUB_16242,bess_SUB_16242,battery,-4.0237126296740175,-0.005987667603681574,
SUB_10357,bess_SUB_10357,battery,-0.9432740427115665,-0.0014036816111779263,
SUB_10357,installed_12541__SUB_10357,wind,366.322,0.5451220238095238,0.0
SUB_25458,bess_SUB_25458,battery,-0.9432740427115673,-0.0014036816111779277,
SUB_01353,bess_SUB_01353,battery,-4.83615244929705,-0.007196655430501562,
SUB_01374,bess_SUB_01374,battery,-3.0076211428634787,-0.004475626700689701,
SUB_06208,bess_SUB_06208,battery,-0.8432740427115686,-0.0012548720873684057,
SUB_19217,bess_SUB_19217,battery,-0.9432740427115665,-0.0014036816111779263,
SUB_01365,bess_SUB_01365,battery,-5.080480875307167,-0.007560239397778522,
SUB_01365,installed_9165__SUB_01365,natural gas,23121.34744531763,34.406767031722666,386.726899528816
SUB_08363,bess_SUB_08363,battery,-0.8432740427115668,-0.001254872087368403,
SUB_01211,bess_SUB_01211,battery,-0.8432740427115677,-0.0012548720873684044,
SUB_15376,bess_SUB_15376,battery,-0.021326142578125706,-3.173533121744897e-05,
SUB_04325,bess_SUB_04325,battery,-1.9144338458993921,-0.0028488598897312384,
SUB_04325,installed_7853__SUB_04325,natural gas,79005.54441677,117.56777442971728,317.29712943199996
SUB_08361,bess_SUB_08361,battery,-3.1362742725508,-0.004667074810343452,
SUB_10325,bess_SUB_10325,battery,-3.152044350356926,-0.00469054218803114,
SUB_16331,bess_SUB_16331,battery,-0.8432740427115677,-0.0012548720873684044,
SUB_25392,bess_SUB_25392,battery,-10.09121680509471,-0.015016691674248081,
SUB_25337,bess_SUB_25337,battery,-1.0432740427115679,-0.0015524911349874522,
SUB_06204,bess_SUB_06204,battery,-3.634351541738109,-0.005408261222824567,
SUB_06204,installed_7256__SUB_06204,waste,336.0,0.5,0.0
SUB_06204,installed_7257__SUB_06204,waste,336.0,0.5,0.0
SUB_06204,installed_7258__SUB_06204,waste,336.0,0.5,0.0
SUB_06204,installed_7259__SUB_06204,waste,403.19999999999993,0.5999999999999999,0.0
SUB_06204,installed_12627__SUB_06204,solar,284.110883430425,0.4227840527238468,0.0
SUB_06204,installed_12652__SUB_06204,solar,284.110883430425,0.4227840527238468,0.0
SUB_06204,installed_14529__SUB_06204,solar,1477.3765938382098,2.1984770741640025,0.0
SUB_08325,bess_SUB_08325,battery,-11.795599075822086,-0.017552974815211436,
SUB_16288,bess_SUB_16288,battery,-5.371219352229499,-0.007992885940817707,
SUB_10303,bess_SUB_10303,battery,-3.988703337711091,-0.0059355704430224575,
SUB_10303,installed_2957__SUB_10303,hydro,4896.697623605526,7.286752416079652,0.0
SUB_10303,installed_6134__SUB_10303,hydro,3837.952191474602,5.711238380170538,0.0
SUB_10303,installed_16901__SUB_10303,hydro,397.0295370490968,0.5908177634659179,0.0
SUB_25294,bess_SUB_25294,battery,-1.8766073760449018,-0.002792570500066818,
SUB_01323,bess_SUB_01323,battery,-1.5700264453535775,-0.0023363488770142523,
SUB_01323,installed_13757__SUB_01323,solar,125.00878870938699,0.18602498319849253,0.0
SUB_01323,installed_13758__SUB_01323,solar,147.737659383821,0.2198477074164003,0.0
SUB_25536,bess_SUB_25536,battery,-1.054385153822678,-0.0015690255265218423,
SUB_25242,bess_SUB_25242,battery,-0.9432740427115665,-0.0014036816111779263,
SUB_15233,bess_SUB_15233,battery,-1.043274042711566,-0.0015524911349874496,
SUB_18274,bess_SUB_18274,battery,-0.4216370213557834,-0.0006274360436842015,
SUB_01321,bess_SUB_01321,battery,-1.8337235077353995,-0.0027287552198443444,
SUB_01321,installed_6585__SUB_01321,waste,672.0,1.0,0.0
SUB_01321,installed_6586__SUB_01321,waste,672.0,1.0,0.0
SUB_01321,installed_6587__SUB_01321,waste,672.0,1.0,0.0
SUB_01347,bess_SUB_01347,battery,-1.20115659497921,-0.001787435409195253,
SUB_08219,bess_SUB_08219,battery,-3.7588376900839773,-0.005593508467386871,
SUB_08219,installed_13897__SUB_08219,natural gas,633.0,0.9419642857142857,265.40575104000004
SUB_25443,bess_SUB_25443,battery,-0.9432740427115682,-0.001403681611177929,
SUB_01214,bess_SUB_01214,battery,-1.6865480854231354,-0.0025097441747368087,
SUB_04332,bess_SUB_04332,battery,-1.212627413972382,-0.0018045050803160447,
SUB_25387,bess_SUB_25387,battery,-7.873009011639309,-0.011715787219701353,
SUB_25387,installed_14015__SUB_25387,solar,2408.3770288630003,3.5838943881889884,0.0
SUB_25387,installed_14205__SUB_25387,solar,2408.3770288630003,3.5838943881889884,0.0
SUB_25387,installed_14908__SUB_25387,solar,1204.188514310878,1.791947193914997,0.0
SUB_04204,bess_SUB_04204,battery,-1.6201042964005277,-0.0024108694886912614,
SUB_01447,bess_SUB_01447,battery,-6.4942498278014575,-0.009664062243752169,
SUB_18257,bess_SUB_18257,battery,-2.264911064067352,-0.0033704033691478452,
SUB_02414,bess_SUB_02414,battery,-0.9441094062037925,-0.0014049247116127864,
SUB_01311,bess_SUB_01311,battery,-14.084477715089848,-0.020959044218883702,
SUB_18268,bess_SUB_18268,battery,-1.2877184871560132,-0.0019162477487440672,
SUB_04215,bess_SUB_04215,battery,-4.239214706577171,-0.0063083552181207895,
SUB_10314,bess_SUB_10314,battery,-0.9432740427115673,-0.0014036816111779277,
SUB_01409,bess_SUB_01409,battery,-5.345642240742862,-0.007954824763010212,
SUB_25360,bess_SUB_25360,battery,-16.172553309916726,-0.02406629956832846,
SUB_06319,bess_SUB_06319,battery,-0.8456945071212898,-0.0012584739689304907,
SUB_25339,bess_SUB_25339,battery,-1.2006169872982246,-0.0017866324215747391,
SUB_01445,bess_SUB_01445,battery,-6.075386411215909,-0.009040753588118913,
SUB_01445,installed_10862__SUB_01445,waste,1209.6000000000004,1.8000000000000005,0.0
SUB_01445,installed_10863__SUB_01445,waste,1209.6000000000004,1.8000000000000005,0.0
SUB_01472,bess_SUB_01472,battery,-2.3572618773096163,-0.0035078301745678814,
SUB_19240,bess_SUB_19240,battery,-0.9432740427115673,-0.0014036816111779277,
SUB_08225,bess_SUB_08225,battery,-1.5845639140997712,-0.0023579820150294215,
SUB_08225,installed_12155__SUB_08225,natural gas,217.6,0.3238095238095238,265.40575104
SUB_08225,installed_12156__SUB_08225,natural gas,108.8,0.1619047619047619,265.40575104000004
SUB_02419,bess_SUB_02419,battery,-1.043274042711567,-0.001552491134987451,
SUB_02413,bess_SUB_02413,battery,-7.467363164230239,-0.011112147565818808,
SUB_04202,bess_SUB_04202,battery,-1.6421548835510817,-0.002443682862427205,
SUB_08224,bess_SUB_08224,battery,-1.433661078249088,-0.0021334242235849523,
SUB_02408,bess_SUB_02408,battery,-0.9432740427115682,-0.001403681611177929,
SUB_25405,bess_SUB_25405,battery,-8.489466384404107,-0.01263313450060135,
SUB_25405,installed_5780__SUB_25405,pump hydro,-5.415552079576901,-0.008058857261275152,0.0
SUB_25405,installed_5781__SUB_25405,pump hydro,-4.409074003648637,-0.0065611220292390434,0.0
SUB_25405,installed_5782__SUB_25405,pump hydro,-4.197927451171877,-0.0062469158499581495,0.0
SUB_25405,installed_5783__SUB_25405,pump hydro,-4.729694206562499,-0.00703823542643229,0.0
SUB_25405,installed_5784__SUB_25405,pump hydro,-4.473548607177733,-0.00665706637972877,0.0
SUB_25405,installed_5785__SUB_25405,pump hydro,-4.200000000000003,-0.006250000000000004,0.0
SUB_25405,installed_5790__SUB_25405,pump hydro,-45.072944989790074,-0.06707283480623523,0.0
SUB_25405,installed_5791__SUB_25405,pump hydro,-42.27644632555186,-0.06291137846064265,0.0
SUB_25405,installed_5792__SUB_25405,pump hydro,-47.70723749492629,-0.07099291293887841,0.0
SUB_25405,installed_5793__SUB_25405,pump hydro,-46.9053278101305,-0.06979959495555134,0.0
SUB_25405,installed_5794__SUB_25405,pump hydro,-43.998153693286525,-0.0654734429959621,0.0
SUB_25405,installed_5795__SUB_25405,pump hydro,-41.61422546237142,-0.06192593074757652,0.0
SUB_25405,installed_5796__SUB_25405,pump hydro,-45.911306615119,-0.06832039674868899,0.0
SUB_25405,installed_5797__SUB_25405,pump hydro,-48.187253711131206,-0.07170722278442143,0.0
SUB_25405,installed_13956__SUB_25405,solar,11944.021546353997,17.773841586836305,0.0
SUB_25456,bess_SUB_25456,battery,-1.3456454228738934,-0.0020024485459432936,
SUB_18261,bess_SUB_18261,battery,-7.5837452335543345,-0.011285335168979664,
SUB_18261,installed_12393__SUB_18261,solar,56.822176686085,0.08455681054476935,0.0
SUB_18261,installed_12394__SUB_18261,solar,68.186612023302,0.10146817265372322,0.0
SUB_08389,bess_SUB_08389,battery,-3.0240410272727587,-0.004500061052489224,
SUB_08390,bess_SUB_08390,battery,-0.9432740427115673,-0.0014036816111779277,
SUB_16237,bess_SUB_16237,battery,-1.0446062000239005,-0.001554473511940328,
SUB_10204,bess_SUB_10204,battery,-3.8149913206635606,-0.005677070417654108,
SUB_25224,bess_SUB_25224,battery,-3.30759990591248,-0.004922023669512619,
SUB_25224,installed_12765__SUB_25224,solar,180.628277104414,0.2687920790244256,0.0
SUB_25224,installed_12766__SUB_25224,solar,180.628277104414,0.2687920790244256,0.0
SUB_25224,installed_12767__SUB_25224,solar,84.293195949894,0.12543630349686608,0.0
SUB_25224,installed_323__SUB_25224,natural gas,1361.9628305946294,2.0267304026705792,336.816327172
SUB_25224,installed_324__SUB_25224,natural gas,3390.2646714446405,5.045036713459287,286.10519516399995
SUB_02269,bess_SUB_02269,battery,-2.619774335940715,-0.0038984737141974923,
SUB_25318,bess_SUB_25318,battery,-2.353214752089803,-0.0035018076668003016,
SUB_10297,bess_SUB_10297,battery,-8.0685330582179,-0.012006745622348066,
SUB_10211,bess_SUB_10211,battery,-0.9432740427115673,-0.0014036816111779277,
SUB_08246,bess_SUB_08246,battery,-0.9543953851662419,-0.0014202312279259551,
SUB_08246,installed_14862__SUB_08246,non-fossil,537.5999999999999,0.7999999999999998,0.0
SUB_08246,installed_14863__SUB_08246,non-fossil,537.5999999999999,0.7999999999999998,0.0
SUB_08246,installed_15874__SUB_08246,natural gas,761.8000000000001,1.1336309523809525,265.40575104
SUB_16357,bess_SUB_16357,battery,-0.9432740427115673,-0.0014036816111779277,
SUB_25314,bess_SUB_25314,battery,-1.6291682001212355,-0.0024243574406566004,
SUB_06205,bess_SUB_06205,battery,-0.4216370213557843,-0.0006274360436842028,
SUB_06205,installed_6108__SUB_06205,biomass,14470.494691947475,21.533474243969458,9.876058616
SUB_25430,bess_SUB_25430,battery,-0.9543851538226802,-0.0014202160027123217,
SUB_25408,bess_SUB_25408,battery,-3.6755444471459082,-0.005469560189205221,
SUB_25285,bess_SUB_25285,battery,-1.5282077093374387,-0.002274118615085474,
SUB_01466,bess_SUB_01466,battery,-7.780537929952729,-0.011578181443382038,
SUB_04256,bess_SUB_04256,battery,-1.9686273420124731,-0.002929504973232847,
SUB_25477,bess_SUB_25477,battery,-11.740925533894597,-0.01747161537781934,
SUB_25477,installed_12585__SUB_25477,solar,2272.8870674434,3.3822724217907743,0.0
SUB_25477,installed_13561__SUB_25477,solar,11591.724046236399,17.249589354518452,0.0
SUB_25477,installed_13569__SUB_25477,solar,2272.8870674434,3.3822724217907743,0.0
SUB_25477,installed_14811__SUB_25477,solar,170.466530058255,0.253670431634308,0.0
SUB_08203,bess_SUB_08203,battery,-4.700551184113461,-0.0069948678335021745,
SUB_18358,bess_SUB_18358,battery,-0.8432740427115677,-0.0012548720873684044,
SUB_25347,bess_SUB_25347,battery,-1.8204666196229073,-0.0027090277077721834,
SUB_25226,bess_SUB_25226,battery,-1.0432740427115679,-0.0015524911349874522,
SUB_04248,bess_SUB_04248,battery,-1.5624231162939957,-0.0023250343992470175,
SUB_18297,bess_SUB_18297,battery,-2.5787672827289323,-0.0038374513135847207,
SUB_16282,bess_SUB_16282,battery,-0.9432740427115673,-0.0014036816111779277,
SUB_16282,installed_3736__SUB_16282,hydro,24086.458580978535,35.842944316932346,0.0
SUB_08362,bess_SUB_08362,battery,-5.525755633996058,-0.008222850645827466,
SUB_25276,bess_SUB_25276,battery,-1.7643299899726141,-0.0026254910565068662,
SUB_25276,installed_13047__SUB_25276,solar,113.64435337217,0.1691136210895387,0.0
SUB_19233,bess_SUB_19233,battery,-0.9432740427115673,-0.0014036816111779277,
SUB_15276,bess_SUB_15276,battery,-1.2031261069163568,-0.0017903662305302928,
SUB_15276,installed_3046__SUB_15276,hydro,2726.2694877371323,4.05694864246597,0.0
SUB_15276,installed_3047__SUB_15276,hydro,2726.2694877371323,4.05694864246597,0.0
SUB_16277,bess_SUB_16277,battery,-1.3615484984866093,-0.0020261138370336446,
SUB_08343,bess_SUB_08343,battery,-9.407609239977994,-0.013999418511872015,
SUB_04318,bess_SUB_04318,battery,-1.9875354760728587,-0.0029576420774893733,
SUB_08342,bess_SUB_08342,battery,-1.7507203020414366,-0.0026052385447045186,
SUB_08318,bess_SUB_08318,battery,-1.4884061761197085,-0.0022148901430352804,
SUB_16345,bess_SUB_16345,battery,-0.9432740427115673,-0.0014036816111779277,
SUB_16345,installed_2666__SUB_16345,hydro,185.28045062291181,0.275714956284095,0.0
SUB_08348,bess_SUB_08348,battery,-4.927294307337515,-0.007332283195442731,
SUB_25271,bess_SUB_25271,battery,-9.8358628303925,-0.01463670064046503,
SUB_01376,bess_SUB_01376,battery,-3.9245076903602047,-0.005840041205893162,
SUB_25230,bess_SUB_25230,battery,-3.3075999059124808,-0.00492202366951262,
SUB_10322,bess_SUB_10322,battery,-0.9432740427115687,-0.0014036816111779296,
SUB_10322,installed_5677__SUB_10322,hydro,9528.708889178324,14.17962632318203,0.0
SUB_18266,bess_SUB_18266,battery,-4.4064295041796075,-0.006557186762172035,
SUB_18295,bess_SUB_18295,battery,-3.740933239245816,-0.005566864939353893,
SUB_25297,bess_SUB_25297,battery,-0.7216370213557841,-0.001073864615112774,
SUB_19238,bess_SUB_19238,battery,-0.9346443879877784,-0.001390839863077051,
SUB_25277,bess_SUB_25277,battery,-2.244081123460985,-0.003339406433721704,
SUB_04205,bess_SUB_04205,battery,-1.0318844255033444,-0.0015355422998561672,
SUB_01296,bess_SUB_01296,battery,-1.264911064067352,-0.0018823081310526072,
SUB_25993,bess_SUB_25993,battery,-0.9432740427115673,-0.0014036816111779277,
SUB_25993,installed_3073__SUB_25993,hydro,19057.41777835665,28.35925264636406,0.0
SUB_25993,installed_3074__SUB_25993,hydro,19057.41777835665,28.35925264636406,0.0
SUB_25993,installed_15762__SUB_25993,pump hydro,0.0,0.0,0.0
SUB_25993,installed_15763__SUB_25993,pump hydro,0.0,0.0,0.0
SUB_16378,bess_SUB_16378,battery,-0.9432740427115673,-0.0014036816111779277,
SUB_16378,installed_6342__SUB_16378,biomass,7362.471941953841,10.956059437431312,0.000453592
SUB_16378,installed_13129__SUB_16378,solar,170.466530058255,0.253670431634308,0.0
SUB_01368,bess_SUB_01368,battery,-1.4263520578974709,-0.00212254770520457,
SUB_04321,bess_SUB_04321,battery,-0.9432740427115682,-0.001403681611177929,
SUB_16376,bess_SUB_16376,battery,-0.4216370213557843,-0.0006274360436842028,
SUB_02418,bess_SUB_02418,battery,-2.43856347012475,-0.00362881468768564,
SUB_10318,bess_SUB_10318,battery,-0.4216370213557843,-0.0006274360436842028,
SUB_10318,installed_541__SUB_10318,biomass,213.13434831480123,0.31716420880178753,0.0
SUB_08295,bess_SUB_08295,battery,-6.819774171578246,-0.010148473469610484,
SUB_04350,bess_SUB_04350,battery,0.0,0.0,
SUB_18318,bess_SUB_18318,battery,-0.4216370213557834,-0.0006274360436842015,
SUB_08300,bess_SUB_08300,battery,-0.8432740427115677,-0.0012548720873684044,
SUB_08300,installed_11833__SUB_08300,waste,537.5999999999999,0.7999999999999998,202.319722088
SUB_08300,installed_11834__SUB_08300,waste,537.5999999999999,0.7999999999999998,202.319722088
SUB_08300,installed_14441__SUB_08300,natural gas,672.0,1.0,265.40575104000004
SUB_10285,bess_SUB_10285,battery,-0.9432740427115673,-0.0014036816111779277,
SUB_10308,bess_SUB_10308,battery,-3.60818510677892,-0.005369323075563869,
SUB_25391,bess_SUB_25391,battery,-5.401159370309136,-0.0080374395391505,
SUB_25391,installed_13596__SUB_25391,solar,3251.30898836194,4.838257423157649,0.0
SUB_04343,bess_SUB_04343,battery,-0.9432740427115673,-0.0014036816111779277,
SUB_04343,installed_13466__SUB_04343,solar,125.00878870938699,0.18602498319849253,0.0
SUB_01416,bess_SUB_01416,battery,-2.7262093700056127,-0.004056859181555971,
SUB_25209,bess_SUB_25209,battery,-2.0351127686935655,-0.0030284416200797104,
SUB_06313,bess_SUB_06313,battery,-1.1501970084735893,-0.0017116026911809365,
SUB_18219,bess_SUB_18219,battery,-0.44970033721667235,-0.000669196930381953,
SUB_25348,bess_SUB_25348,battery,-1.6982443974006856,-0.0025271494008938774,
SUB_25348,installed_11937__SUB_25348,solar,2408.3770288630003,3.5838943881889884,0.0
SUB_10339,bess_SUB_10339,battery,-0.8432740427115686,-0.0012548720873684057,
SUB_25237,bess_SUB_25237,battery,-1.88123581428885,-0.002799458056977455,
SUB_10348,bess_SUB_10348,battery,-0.9432740427115673,-0.0014036816111779277,
SUB_19225,bess_SUB_19225,battery,0.0,0.0,
SUB_19225,installed_5934__SUB_19225,biomass,3384.130848618301,5.035909000920091,12.038331679999999
SUB_19225,installed_5935__SUB_19225,biomass,1181.9740878963628,1.75889001175054,12.038331679999999
SUB_19225,installed_5936__SUB_19225,biomass,1113.2655517731205,1.6566451663290482,12.038331679999999
SUB_04316,bess_SUB_04316,battery,-0.8432740427115677,-0.0012548720873684044,
SUB_10344,bess_SUB_10344,battery,-1.0037197979877615,-0.001493630651767502,
SUB_10344,installed_14264__SUB_10344,biomass,4495.499599598517,6.689731547021603,0.9738620239999999
SUB_10236,bess_SUB_10236,battery,-0.6788773113825419,-0.0010102340943192588,
SUB_10236,installed_3102__SUB_10236,hydro,635.2472592785549,0.9453084215454686,0.0
SUB_10236,installed_3103__SUB_10236,hydro,635.2472592785548,0.9453084215454685,0.0
SUB_06246,bess_SUB_06246,battery,-0.9432740427115673,-0.0014036816111779277,
SUB_19234,bess_SUB_19234,battery,-0.4216370213557843,-0.0006274360436842028,
SUB_19234,installed_3122__SUB_19234,natural gas,0.0,0.0,393.16492735199995
SUB_19234,installed_3123__SUB_19234,natural gas,0.0,0.0,393.16492735199995
SUB_19234,installed_3124__SUB_19234,natural gas,0.0,0.0,393.16492735199995
SUB_19234,installed_3125__SUB_19234,natural gas,0.0,0.0,393.16492735199995
SUB_19234,installed_3126__SUB_19234,natural gas,4093.9954477539063,6.09225513058617,393.16492735199995
SUB_19234,installed_3127__SUB_19234,natural gas,0.0,0.0,393.16492735199995
SUB_19234,installed_3128__SUB_19234,natural gas,0.0,0.0,393.16492735199995
SUB_19234,installed_3129__SUB_19234,natural gas,0.0,0.0,393.16492735199995
SUB_19234,installed_3130__SUB_19234,natural gas,0.0,0.0,393.16492735199995
SUB_19234,installed_3131__SUB_19234,natural gas,0.0,0.0,393.16492735199995
SUB_10338,bess_SUB_10338,battery,-0.9432740427115673,-0.0014036816111779277,
SUB_10212,bess_SUB_10212,battery,-0.9432740427115673,-0.0014036816111779277,
SUB_25354,bess_SUB_25354,battery,-0.9395351711046604,-0.00139811781414384,
SUB_25354,installed_14286__SUB_25354,solar,170.466530058255,0.253670431634308,0.0
SUB_15243,bess_SUB_15243,battery,-0.4216370213557834,-0.0006274360436842015,
SUB_15243,installed_4563__SUB_15243,hydro,3202.7049321960485,4.7659299586250725,0.0
SUB_25244,bess_SUB_25244,battery,-5.821559877664889,-0.008663035532239419,
SUB_25244,installed_14945__SUB_25244,solar,180.628277104414,0.2687920790244256,0.0
SUB_15308,bess_SUB_15308,battery,-1.1458201299511526,-0.001705089479093977,
SUB_01465,bess_SUB_01465,battery,-58.16935822174557,-0.08656154497283566,
SUB_01465,installed_286__SUB_01465,natural gas,23414.60486531865,34.84316200196228,319.20403020000003
SUB_01465,installed_287__SUB_01465,natural gas,23388.65318818355,34.80454343479695,319.20403020000003
SUB_01465,installed_288__SUB_01465,natural gas,22512.0,33.5,319.20403020000003
SUB_25388,bess_SUB_25388,battery,-2.364677707997746,-0.003518865636901408,
SUB_25388,installed_13503__SUB_25388,solar,170.466530058255,0.253670431634308,0.0
SUB_08319,bess_SUB_08319,battery,-6.297477618922109,-0.00937124645672933,
SUB_04276,bess_SUB_04276,battery,-0.9432740427115673,-0.0014036816111779277,
SUB_25234,bess_SUB_25234,battery,-1.8766073760449027,-0.0027925705000668194,
SUB_25234,installed_14752__SUB_25234,biomass,6914.845615160921,10.289948832084704,37.468997399466666
SUB_10254,bess_SUB_10254,battery,-1.074103953925622,-0.0015983689790559853,
SUB_10254,installed_575__SUB_10254,hydro,291.15499383600445,0.4332663598750066,0.0
SUB_10254,installed_2050__SUB_10254,hydro,238.21772222945805,0.35449065807955066,0.0
SUB_10254,installed_3134__SUB_10254,hydro,2117.4908642618498,3.151028071818229,0.0
SUB_10254,installed_3691__SUB_10254,hydro,1852.8045062291185,2.75714956284095,0.0
SUB_10254,installed_3796__SUB_10254,hydro,2382.177222294581,3.5449065807955074,0.0
SUB_25361,bess_SUB_25361,battery,-1.3649110640673516,-0.0020311176548621305,
SUB_10321,bess_SUB_10321,battery,-1.043274042711567,-0.001552491134987451,
SUB_25219,bess_SUB_25219,battery,-1.054385153822679,-0.0015690255265218436,
SUB_04263,bess_SUB_04263,battery,-2.0086506655189584,-0.002989063490355593,
SUB_16330,bess_SUB_16330,battery,-0.9432740427115673,-0.0014036816111779277,
SUB_01392,bess_SUB_01392,battery,-3.4013851616873776,-0.005061585062034788,
SUB_01392,installed_5976__SUB_01392,waste,10281.6,15.3,286.607094712
SUB_01392,installed_5977__SUB_01392,waste,10348.800000000003,15.400000000000004,286.607094712
SUB_01392,installed_5978__SUB_01392,waste,10012.800000000003,14.900000000000004,286.607094712
SUB_01392,installed_6181__SUB_01392,coal,3816.5,5.679315476190476,270.680572408
SUB_01392,installed_6182__SUB_01392,coal,3816.5,5.679315476190476,270.680572408
SUB_25216,bess_SUB_25216,battery,-3.262277587644154,-0.004854579743518086,
SUB_25216,installed_5989__SUB_25216,natural gas,13021.32627784652,19.376973627747798,373.28693834
SUB_25216,installed_6519__SUB_25216,natural gas,2150.3999999999996,3.1999999999999993,283.185650256
SUB_25216,installed_6520__SUB_25216,natural gas,394.28848875402343,0.5867388225506301,283.185650256
SUB_25216,installed_6805__SUB_25216,natural gas,265.12261158080827,0.3945276958047742,273.273757872
SUB_25216,installed_6806__SUB_25216,natural gas,1814.3999999999996,2.6999999999999993,273.273757872
SUB_25216,installed_6807__SUB_25216,natural gas,1814.3999999999996,2.6999999999999993,273.273757872
SUB_25216,installed_6808__SUB_25216,natural gas,297.9296559373122,0.44334770228766696,273.273757872
SUB_01430,bess_SUB_01430,battery,-3.1877379798025913,-0.004743657708039571,
SUB_02411,bess_SUB_02411,battery,-0.8432740427115677,-0.0012548720873684044,
SUB_01434,bess_SUB_01434,battery,-1.2249998733909626,-0.001822916478260361,
SUB_04249,bess_SUB_04249,battery,-0.9432740427115665,-0.0014036816111779263,
SUB_04349,bess_SUB_04349,battery,-0.9432740427115682,-0.001403681611177929,
SUB_18222,bess_SUB_18222,battery,-2.2022809616543615,-0.003277203811985657,
SUB_19246,bess_SUB_19246,battery,-0.9432740427115673,-0.0014036816111779277,
SUB_19246,installed_14033__SUB_19246,hydro,370.56090124582363,0.55142991256819,0.0
SUB_19246,installed_14034__SUB_19246,hydro,26.468635803273127,0.039387850897727866,0.0
SUB_04285,bess_SUB_04285,battery,-0.9235200229361782,-0.0013742857484169318,
SUB_01338,bess_SUB_01338,battery,-3.29346862957138,-0.00490099498448122,
SUB_06344,bess_SUB_06344,battery,-0.8432740427115681,-0.001254872087368405,
SUB_16371,bess_SUB_16371,battery,-2.1583684798426646,-0.003211857856908727,
SUB_16371,installed_6063__SUB_16371,hydro,1058.7454321309249,1.5755140359091144,0.0
SUB_25295,bess_SUB_25295,battery,-8.68946638440411,-0.012930753548220401,
SUB_25295,installed_14233__SUB_25295,solar,2272.8870674434,3.3822724217907743,0.0
SUB_25284,bess_SUB_25284,battery,-3.715036310413634,-0.0055283278428774315,
SUB_25280,bess_SUB_25280,battery,-0.8432740427115668,-0.001254872087368403,
SUB_25280,installed_13883__SUB_25280,solar,170.466530058255,0.253670431634308,0.0
SUB_25280,installed_13884__SUB_25280,solar,170.466530058255,0.253670431634308,0.0
SUB_06207,bess_SUB_06207,battery,-0.4216370213557843,-0.0006274360436842028,
SUB_16362,bess_SUB_16362,battery,-0.9432740427115673,-0.0014036816111779277,
SUB_04299,bess_SUB_04299,battery,-1.5845882364717578,-0.002358018209035354,
SUB_10327,bess_SUB_10327,battery,-0.8432740427115677,-0.0012548720873684044,
SUB_01302,bess_SUB_01302,battery,-1.4761603639122098,-0.002196667208202693,
SUB_08301,bess_SUB_08301,battery,-1.8865480854231347,-0.0028073632223558553,
SUB_02286,bess_SUB_02286,battery,-1.5702914091159945,-0.002336743168327373,
SUB_01426,bess_SUB_01426,battery,-1.1610884703910322,-0.0017278102237961788,
SUB_15206,bess_SUB_15206,battery,-0.6246020365465004,-0.0009294673162894351,
SUB_10252,bess_SUB_10252,battery,-1.054385153822679,-0.0015690255265218436,
SUB_10252,installed_16893__SUB_10252,hydro,794.0590740981936,1.1816355269318357,0.0
SUB_15247,bess_SUB_15247,battery,-7.380697965551782,-0.010983181496356818,
SUB_15290,bess_SUB_15290,battery,-0.9432740427115673,-0.0014036816111779277,
SUB_15257,bess_SUB_15257,battery,-2.385816904949092,-0.0035503227752218627,
SUB_02281,bess_SUB_02281,battery,-1.4158227384296342,-0.0021068790750440984,
SUB_01432,bess_SUB_01432,battery,-0.9432740427115682,-0.001403681611177929,
SUB_16298,bess_SUB_16298,battery,-0.9432740427115673,-0.0014036816111779277,
SUB_16298,installed_6062__SUB_16298,hydro,714.6531666883745,1.0634719742386527,0.0
SUB_16298,installed_11857__SUB_16298,solar,102.279918034953,0.15220225898058481,0.0
SUB_16298,installed_11858__SUB_16298,solar,45.457741348868,0.06764544843581548,0.0
SUB_04328,bess_SUB_04328,battery,-0.8432740427115677,-0.0012548720873684044,
SUB_15370,bess_SUB_15370,battery,-5.527263926093756,-0.008225095128115709,
SUB_15370,installed_184__SUB_15370,biomass,7614.953270399998,11.331775699999996,0.0
SUB_15203,bess_SUB_15203,battery,-0.4216370213557843,-0.0006274360436842028,
SUB_01254,bess_SUB_01254,battery,-3.7166033469371698,-0.005530659742466026,
SUB_25468,bess_SUB_25468,battery,-17.024555320336766,-0.02533415970288209,
SUB_25468,installed_12480__SUB_25468,solar,180.628277104414,0.2687920790244256,0.0
SUB_25468,installed_12758__SUB_25468,natural gas,124.8592069210936,0.1858023912516274,265.40575104000004
SUB_25468,installed_13267__SUB_25468,solar,1445.0262173177998,2.1503366329133926,0.0
SUB_25468,installed_13268__SUB_25468,solar,2408.3770288630003,3.5838943881889884,0.0
SUB_25468,installed_14139__SUB_25468,solar,2408.3770288630003,3.5838943881889884,0.0
SUB_06381,bess_SUB_06381,battery,-0.8432740427115677,-0.0012548720873684044,
SUB_04277,bess_SUB_04277,battery,-0.9432740427115673,-0.0014036816111779277,
SUB_06283,bess_SUB_06283,battery,-0.9432740427115673,-0.0014036816111779277,
SUB_10326,bess_SUB_10326,battery,-0.9432740427115673,-0.0014036816111779277,
SUB_08377,bess_SUB_08377,battery,-2.741839831173639,-0.004080118796389344,
SUB_08377,installed_12759__SUB_08377,natural gas,5.0,0.00744047619047619,265.40575104000004
SUB_01438,bess_SUB_01438,battery,-7.834344539689204,-0.011658250803108935,
SUB_25231,bess_SUB_25231,battery,-1.9908573969374173,-0.002962585412109252,
SUB_25231,installed_698__SUB_25231,biomass,8990.665114290332,13.378965943884422,17.86358694
SUB_25231,installed_10634__SUB_25231,solar,568.221766974603,0.8455681056169688,0.0
SUB_25231,installed_13271__SUB_25231,solar,6818.661203467729,10.146817267065073,0.0
SUB_25231,installed_14363__SUB_25231,solar,568.221766974603,0.8455681056169688,0.0
SUB_16321,bess_SUB_16321,battery,-0.9432740427115682,-0.001403681611177929,
SUB_15378,bess_SUB_15378,battery,-2.773767982581419,-0.004127630926460445,
SUB_15378,installed_9092__SUB_15378,natural gas,11336.656878439675,16.870025116725706,386.8412689628945
SUB_04246,bess_SUB_04246,battery,-0.9432740427115673,-0.0014036816111779277,
SUB_18282,bess_SUB_18282,battery,-2.805685759546207,-0.0041751276183723315,
SUB_19239,bess_SUB_19239,battery,-0.4264535918692416,-0.0006346035593292285,
SUB_25409,bess_SUB_25409,battery,-3.8947331922020543,-0.005795733916967342,
SUB_25409,installed_12172__SUB_25409,solar,120.41885144315,0.17919471940944942,0.0
SUB_25450,bess_SUB_25450,battery,-2.353214752089803,-0.0035018076668003016,
SUB_25457,bess_SUB_25457,battery,-3.7456568844439424,-0.0055738941732796764,
SUB_25431,bess_SUB_25431,battery,-8.200170607668177,-0.01220263483283955,
SUB_25431,installed_14167__SUB_25431,solar,2272.8870674434,3.3822724217907743,0.0
SUB_01380,bess_SUB_01380,battery,-2.18338303217306,-0.0032490818931146725,
SUB_18226,bess_SUB_18226,battery,-2.2110349110995138,-0.0032902305224695146,
SUB_18226,installed_12764__SUB_18226,natural gas,228.20607393105095,0.3395923719212068,265.40575104
SUB_25395,bess_SUB_25395,battery,-5.162796858635854,-0.0076827334205890685,
SUB_25395,installed_6521__SUB_25395,natural gas,13977.600000000002,20.800000000000004,289.70013855999997
SUB_25395,installed_11941__SUB_25395,solar,125.00878870938699,0.18602498319849253,0.0
SUB_25529,bess_SUB_25529,battery,-4.340870286024929,-0.0064596284018228105,
SUB_25454,bess_SUB_25454,battery,-5.606429504179605,-0.008342901047886316,
SUB_25454,installed_16063__SUB_25454,non-fossil,672.0,1.0,0.0
SUB_18206,bess_SUB_18206,battery,-3.6858673435842295,-0.005484921642238437,
SUB_25365,bess_SUB_25365,battery,-2.3532147520898006,-0.0035018076668002986,
SUB_08337,bess_SUB_08337,battery,-8.865741798732714,-0.013193068152876061,
SUB_10265,bess_SUB_10265,battery,-2.833487215347747,-0.004216498832362719,
SUB_10346,bess_SUB_10346,battery,-0.9432740427115673,-0.0014036816111779277,
SUB_10346,installed_6626__SUB_10346,biomass,521.7395009536167,0.7763980668952629,0.0
SUB_10346,installed_6627__SUB_10346,biomass,397.5633297960792,0.5916120979108321,0.0
SUB_10346,installed_6628__SUB_10346,biomass,443.46379236720844,0.6599163576892982,0.0
SUB_HIFLD_1,bess_SUB_HIFLD_1,battery,-1.1432740427115693,-0.0017013006587969781,
SUB_HIFLD_10,installed_9862__SUB_HIFLD_10,natural gas,555.0,0.8258928571428571,400.72539880799997
SUB_HIFLD_10,installed_9863__SUB_HIFLD_10,natural gas,716.9436066940088,1.0668803671041798,400.72539880799997
SUB_HIFLD_10,installed_9864__SUB_HIFLD_10,natural gas,0.0,0.0,400.72539880799997
SUB_HIFLD_10,installed_13050__SUB_HIFLD_10,solar,113.64435337217,0.1691136210895387,0.0
SUB_HIFLD_10,installed_13051__SUB_HIFLD_10,non-fossil,739.1999999999998,1.0999999999999996,0.0
SUB_HIFLD_11,bess_SUB_HIFLD_11,battery,-2.587133286289577,-0.003849900723645204,
SUB_HIFLD_28,bess_SUB_HIFLD_28,battery,-3.1514591494904884,-0.004689671353408465,
SUB_HIFLD_30,installed_11748__SUB_HIFLD_30,natural gas,966.5754456103829,1.4383563178725935,386.79928245584034
SUB_HIFLD_30,installed_11749__SUB_HIFLD_30,natural gas,0.0,0.0,386.79928245584034
SUB_HIFLD_30,installed_11750__SUB_HIFLD_30,natural gas,0.0,0.0,386.79928245584034
SUB_HIFLD_30,installed_11751__SUB_HIFLD_30,natural gas,26147.59999999999,38.910119047619034,386.79928245584034
SUB_HIFLD_41,installed_3686__SUB_HIFLD_41,hydro,2911.5499383600427,4.332663598750064,0.0
SUB_HIFLD_41,installed_3687__SUB_HIFLD_41,hydro,8734.649815080129,12.997990796250193,0.0
SUB_HIFLD_74,installed_5671__SUB_HIFLD_74,hydro,2382.177222294581,3.5449065807955074,0.0
SUB_HIFLD_74,installed_5672__SUB_HIFLD_74,hydro,2646.863580327312,3.9387850897727854,0.0
SUB_HIFLD_74,installed_5673__SUB_HIFLD_74,hydro,1799.8672346225726,2.678373861045495,0.0
SUB_HIFLD_74,installed_16079__SUB_HIFLD_74,hydro,50555.09438425164,75.23079521466018,0.0
SUB_HIFLD_74,installed_16080__SUB_HIFLD_74,hydro,50555.09438425164,75.23079521466018,0.0
SUB_HIFLD_87,bess_SUB_HIFLD_87,battery,-8.808553379292615,-0.013107966338233058,
SUB_HIFLD_105,installed_9718__SUB_HIFLD_105,wind,54948.3,81.76830357142858,0.0
SUB_HIFLD_105,installed_12059__SUB_HIFLD_105,wind,37548.005000000005,55.875007440476196,0.0
SUB_HIFLD_105,installed_14620__SUB_HIFLD_105,solar,2181.97158497317,3.2469815252576937,0.0
SUB_HIFLD_130,installed_11850__SUB_HIFLD_130,natural gas,36.0,0.05357142857142857,314.66947097599996
SUB_HIFLD_135,bess_SUB_HIFLD_135,battery,0.0,0.0,
SUB_HIFLD_136,bess_SUB_HIFLD_136,battery,0.0,0.0,
SUB_HIFLD_138,bess_SUB_HIFLD_138,battery,0.0,0.0,
SUB_HIFLD_139,bess_SUB_HIFLD_139,battery,0.0,0.0,
SUB_HIFLD_140,bess_SUB_HIFLD_140,battery,0.0,0.0,
SUB_HIFLD_141,bess_SUB_HIFLD_141,battery,0.0,0.0,
SUB_HIFLD_142,bess_SUB_HIFLD_142,battery,0.0,0.0,
SUB_HIFLD_146,bess_SUB_HIFLD_146,battery,0.0,0.0,
SUB_HIFLD_147,bess_SUB_HIFLD_147,battery,-0.4216370213557843,-0.0006274360436842028,
SUB_HIFLD_148,bess_SUB_HIFLD_148,battery,-0.4216370213557843,-0.0006274360436842028,
SUB_HIFLD_150,bess_SUB_HIFLD_150,battery,-6.481866478491629,-0.009645634640612542,
SUB_HIFLD_150,installed_11332__SUB_HIFLD_150,solar,60.20942566126399,0.08959735961497618,0.0
SUB_HIFLD_150,installed_11333__SUB_HIFLD_150,solar,60.20942566126399,0.08959735961497618,0.0
SUB_HIFLD_150,installed_11334__SUB_HIFLD_150,solar,60.20942566126399,0.08959735961497618,0.0
SUB_HIFLD_150,installed_11335__SUB_HIFLD_150,solar,60.20942566126399,0.08959735961497618,0.0
SUB_HIFLD_150,installed_11336__SUB_HIFLD_150,solar,60.20942566126399,0.08959735961497618,0.0
SUB_HIFLD_150,installed_11341__SUB_HIFLD_150,solar,60.20942566126399,0.08959735961497618,0.0
SUB_HIFLD_150,installed_11342__SUB_HIFLD_150,solar,60.20942566126399,0.08959735961497618,0.0
SUB_HIFLD_150,installed_11343__SUB_HIFLD_150,solar,60.20942566126399,0.08959735961497618,0.0
SUB_HIFLD_150,installed_11344__SUB_HIFLD_150,solar,60.20942566126399,0.08959735961497618,0.0
SUB_HIFLD_150,installed_11345__SUB_HIFLD_150,solar,60.20942566126399,0.08959735961497618,0.0
SUB_HIFLD_150,installed_11363__SUB_HIFLD_150,solar,60.20942566126399,0.08959735961497618,0.0
SUB_HIFLD_150,installed_11364__SUB_HIFLD_150,solar,60.20942566126399,0.08959735961497618,0.0
SUB_HIFLD_150,installed_11365__SUB_HIFLD_150,solar,60.20942566126399,0.08959735961497618,0.0
SUB_HIFLD_150,installed_11366__SUB_HIFLD_150,solar,60.20942566126399,0.08959735961497618,0.0
SUB_HIFLD_150,installed_11367__SUB_HIFLD_150,solar,60.20942566126399,0.08959735961497618,0.0
SUB_HIFLD_150,installed_11368__SUB_HIFLD_150,solar,60.20942566126399,0.08959735961497618,0.0
SUB_HIFLD_150,installed_11369__SUB_HIFLD_150,solar,60.20942566126399,0.08959735961497618,0.0
SUB_HIFLD_150,installed_11377__SUB_HIFLD_150,solar,60.20942566126399,0.08959735961497618,0.0
SUB_HIFLD_150,installed_11378__SUB_HIFLD_150,solar,60.20942566126399,0.08959735961497618,0.0
SUB_HIFLD_150,installed_11379__SUB_HIFLD_150,solar,60.20942566126399,0.08959735961497618,0.0
SUB_HIFLD_150,installed_12314__SUB_HIFLD_150,solar,60.20942566126399,0.08959735961497618,0.0
SUB_HIFLD_150,installed_12315__SUB_HIFLD_150,solar,60.20942566126399,0.08959735961497618,0.0
SUB_HIFLD_150,installed_12316__SUB_HIFLD_150,solar,60.20942566126399,0.08959735961497618,0.0
SUB_HIFLD_150,installed_12317__SUB_HIFLD_150,solar,60.20942566126399,0.08959735961497618,0.0
SUB_HIFLD_150,installed_12318__SUB_HIFLD_150,solar,60.20942566126399,0.08959735961497618,0.0
SUB_HIFLD_150,installed_12319__SUB_HIFLD_150,solar,60.20942566126399,0.08959735961497618,0.0
SUB_HIFLD_150,installed_12320__SUB_HIFLD_150,solar,60.20942566126399,0.08959735961497618,0.0
SUB_HIFLD_150,installed_12321__SUB_HIFLD_150,solar,60.20942566126399,0.08959735961497618,0.0
SUB_HIFLD_150,installed_12322__SUB_HIFLD_150,solar,60.20942566126399,0.08959735961497618,0.0
SUB_HIFLD_150,installed_12323__SUB_HIFLD_150,solar,60.20942566126399,0.08959735961497618,0.0
SUB_HIFLD_160,bess_SUB_HIFLD_160,battery,-11.14342895998649,-0.016582483571408468,
SUB_HIFLD_160,installed_8403__SUB_HIFLD_160,natural gas,6827.479966474334,10.159940426301093,435.951353528
SUB_HIFLD_160,installed_8404__SUB_HIFLD_160,natural gas,7499.0578326539035,11.15931225097307,435.951353528
SUB_HIFLD_160,installed_8405__SUB_HIFLD_160,natural gas,1828.4610736292823,2.7209242167102414,435.951353528
SUB_HIFLD_160,installed_10918__SUB_HIFLD_160,solar,2528.79587970304,3.7630891067009524,0.0
SUB_HIFLD_160,installed_12975__SUB_HIFLD_160,solar,5045.54987456332,7.508258741909703,0.0
SUB_HIFLD_160,installed_12976__SUB_HIFLD_160,solar,2528.79587970304,3.7630891067009524,0.0
SUB_HIFLD_160,installed_12977__SUB_HIFLD_160,solar,4768.58651714874,7.096110888614197,0.0
SUB_HIFLD_160,installed_12978__SUB_HIFLD_160,solar,3781.1519347118,5.626714188559227,0.0
SUB_HIFLD_160,installed_12979__SUB_HIFLD_160,solar,3781.1519347118,5.626714188559227,0.0
SUB_HIFLD_160,installed_12980__SUB_HIFLD_160,solar,3239.2671035191797,4.820337951665446,0.0
SUB_HIFLD_160,installed_12981__SUB_HIFLD_160,solar,5045.54987456332,7.508258741909703,0.0
SUB_HIFLD_160,installed_12982__SUB_HIFLD_160,solar,4395.2880773734205,6.540607257996162,0.0
SUB_HIFLD_160,installed_14741__SUB_HIFLD_160,solar,3997.90586791258,5.949264684393721,0.0
SUB_HIFLD_160,installed_14742__SUB_HIFLD_160,solar,4082.1990642243413,6.074700988429079,0.0
SUB_HIFLD_160,installed_14743__SUB_HIFLD_160,solar,3853.4032461808,5.7342310211023815,0.0
SUB_HIFLD_160,installed_14744__SUB_HIFLD_160,solar,3865.44513102356,5.752150492594583,0.0
SUB_HIFLD_160,installed_14745__SUB_HIFLD_160,solar,4660.209549945241,6.9348356397994655,0.0
SUB_HIFLD_160,installed_14746__SUB_HIFLD_160,solar,4371.20430648168,6.504768313216785,0.0
SUB_HIFLD_160,installed_14747__SUB_HIFLD_160,solar,4190.5760302216195,6.235976235448838,0.0
SUB_HIFLD_160,installed_15244__SUB_HIFLD_160,solar,2408.3770288630003,3.5838943881889884,0.0
SUB_HIFLD_211,installed_8749__SUB_HIFLD_211,natural gas,23698.278943716763,35.265296047197566,386.8853829042963
SUB_HIFLD_211,installed_10174__SUB_HIFLD_211,natural gas,19459.120748875135,28.95702492392133,387.62840639374286
SUB_HIFLD_211,installed_10175__SUB_HIFLD_211,natural gas,29788.14859401802,44.32760207443158,387.62840639374286
SUB_HIFLD_211,installed_10671__SUB_HIFLD_211,natural gas,0.0,0.0,420.678457296
SUB_HIFLD_211,installed_10672__SUB_HIFLD_211,natural gas,37620.53642345946,55.98294110633848,420.6784572959999
SUB_HIFLD_211,installed_10673__SUB_HIFLD_211,natural gas,52084.15515302192,77.50618326342548,420.67845729600003
SUB_HIFLD_211,installed_10674__SUB_HIFLD_211,natural gas,49067.9160871598,73.01773227255923,420.678457296
SUB_HIFLD_255,installed_7077__SUB_HIFLD_255,hydro,317.62362963927745,0.4726542107727343,0.0
SUB_HIFLD_255,installed_7326__SUB_HIFLD_255,hydro,1296.9631543603832,1.9300046939886655,0.0
SUB_HIFLD_322,bess_SUB_HIFLD_322,battery,-5.361399858868722,-0.007978273599507027,
SUB_HIFLD_322,installed_4353__SUB_HIFLD_322,hydro,592.330861609813,0.8814447345384122,0.0
SUB_HIFLD_322,installed_4354__SUB_HIFLD_322,hydro,533.0977754488317,0.793300261084571,0.0
SUB_HIFLD_331,installed_8919__SUB_HIFLD_331,natural gas,0.0,0.0,414.648405248
SUB_HIFLD_331,installed_8920__SUB_HIFLD_331,natural gas,4783.545427722155,7.118371172205588,414.648405248
SUB_HIFLD_331,installed_8921__SUB_HIFLD_331,natural gas,7227.055951867755,10.754547547422254,414.648405248
SUB_HIFLD_331,installed_8922__SUB_HIFLD_331,natural gas,138.75490337364243,0.2064805109726822,414.648405248
SUB_HIFLD_331,installed_8923__SUB_HIFLD_331,natural gas,12650.631625634955,18.825344681004395,414.648405248
SUB_HIFLD_333,installed_403__SUB_HIFLD_333,natural gas,193.1141829421394,0.28737229604485026,307.23101576799996
SUB_HIFLD_333,installed_404__SUB_HIFLD_333,natural gas,0.0,0.0,307.23101576799996
SUB_HIFLD_333,installed_405__SUB_HIFLD_333,natural gas,231.457398220647,0.34443065211405804,307.23101576799996
SUB_HIFLD_333,installed_406__SUB_HIFLD_333,natural gas,0.0,0.0,307.23101576799996
SUB_HIFLD_333,installed_5990__SUB_HIFLD_333,natural gas,0.0,0.0,317.413702576
SUB_HIFLD_333,installed_5991__SUB_HIFLD_333,natural gas,50400.0,75.0,317.413702576
SUB_HIFLD_333,installed_5992__SUB_HIFLD_333,natural gas,0.0,0.0,317.413702576
SUB_HIFLD_333,installed_5993__SUB_HIFLD_333,natural gas,0.0,0.0,317.413702576
SUB_HIFLD_333,installed_538__SUB_HIFLD_333,natural gas,18081.7379813866,26.9073481865872,352.174271904
SUB_HIFLD_333,installed_6306__SUB_HIFLD_333,natural gas,0.0,0.0,381.72261555999995
SUB_HIFLD_333,installed_6307__SUB_HIFLD_333,natural gas,0.0,0.0,381.72261555999995
SUB_HIFLD_333,installed_6308__SUB_HIFLD_333,natural gas,0.0,0.0,326.2286769730041
SUB_HIFLD_333,installed_6309__SUB_HIFLD_333,natural gas,529.3080920651539,0.7876608512874315,326.2286769730041
SUB_HIFLD_333,installed_6823__SUB_HIFLD_333,natural gas,0.0,0.0,263.93248422399995
SUB_HIFLD_333,installed_6824__SUB_HIFLD_333,natural gas,0.0,0.0,263.93248422399995
SUB_HIFLD_333,installed_7518__SUB_HIFLD_333,natural gas,0.0,0.0,400.178820448
SUB_HIFLD_376,installed_6849__SUB_HIFLD_376,natural gas,73.0,0.10863095238095238,269.849138272
SUB_HIFLD_376,installed_6850__SUB_HIFLD_376,natural gas,3683.5712909597232,5.481504897261493,269.849138272
SUB_HIFLD_376,installed_6851__SUB_HIFLD_376,natural gas,0.0,0.0,269.849138272
SUB_HIFLD_417,installed_18302__SUB_HIFLD_417,hydro,5034.812323683411,7.492280243576504,0.0
SUB_HIFLD_420,bess_SUB_HIFLD_420,battery,-0.623553247212989,-0.0009279066178764717,
SUB_HIFLD_422,bess_SUB_HIFLD_422,battery,-58.06470298077572,-0.08640580800710673,
SUB_HIFLD_423,bess_SUB_HIFLD_423,battery,-2.5054855035632846,-0.0037284010469691735,
SUB_HIFLD_424,bess_SUB_HIFLD_424,battery,-0.6830788670328092,-0.0010164864092750137,
SUB_HIFLD_427,bess_SUB_HIFLD_427,battery,-3.9309925298675807,-0.0058496912646838995,
SUB_HIFLD_429,bess_SUB_HIFLD_429,battery,-57.07191130640015,-0.08492843944404785,
SUB_HIFLD_429,installed_11909__SUB_HIFLD_429,wind,25071.079916039394,37.30815463696339,0.0
SUB_HIFLD_429,installed_13852__SUB_HIFLD_429,wind,6267.7699782072905,9.327038658046563,0.0
SUB_HIFLD_430,bess_SUB_HIFLD_430,battery,-8.509230639877797,-0.012662545595056246,
SUB_HIFLD_432,bess_SUB_HIFLD_432,battery,-0.4216370213557834,-0.0006274360436842015,
SUB_HIFLD_433,bess_SUB_HIFLD_433,battery,-8.581281277625195,-0.012769763805989872,
SUB_HIFLD_434,bess_SUB_HIFLD_434,battery,-6.373681371712709,-0.009484644898382008,
SUB_HIFLD_435,bess_SUB_HIFLD_435,battery,-0.4216370213557843,-0.0006274360436842028,
SUB_HIFLD_436,bess_SUB_HIFLD_436,battery,-0.4216370213557843,-0.0006274360436842028,
SUB_HIFLD_437,installed_181__SUB_HIFLD_437,hydro,1747.3760417489482,2.600261966888316,0.0
SUB_HIFLD_437,installed_182__SUB_HIFLD_437,hydro,1747.3760417489482,2.600261966888316,0.0
SUB_HIFLD_438,bess_SUB_HIFLD_438,battery,-0.8432740427115686,-0.0012548720873684057,
SUB_HIFLD_439,bess_SUB_HIFLD_439,battery,-2.419881418756469,-0.00360101401600665,
SUB_HIFLD_439,installed_10091__SUB_HIFLD_439,wind,2342.499891098076,3.485862933181661,0.0
SUB_HIFLD_441,installed_709__SUB_HIFLD_441,biomass,9812.451751926186,14.601862726080634,16.24037016866666
SUB_HIFLD_441,installed_710__SUB_HIFLD_441,biomass,4564.187520806654,6.791945715486092,20.558206915
SUB_HIFLD_441,installed_12756__SUB_HIFLD_441,natural gas,79.0,0.11755952380952381,265.40575104000004
SUB_HIFLD_441,installed_12757__SUB_HIFLD_441,natural gas,0.0,0.0,265.40575104000004
SUB_HIFLD_443,bess_SUB_HIFLD_443,battery,-1.874155511438083,-0.002788921892020957,
SUB_HIFLD_444,bess_SUB_HIFLD_444,battery,-6.20922733050013,-0.00923992162276805,
SUB_HIFLD_446,bess_SUB_HIFLD_446,battery,-8.548533145158302,-0.012721031466009378,
SUB_HIFLD_448,bess_SUB_HIFLD_448,battery,-0.4216370213557843,-0.0006274360436842028,
SUB_HIFLD_449,bess_SUB_HIFLD_449,battery,-0.4216370213557843,-0.0006274360436842028,
SUB_HIFLD_489,bess_SUB_HIFLD_489,battery,-25.132589071752452,-0.03739968611867924,
SUB_HIFLD_492,bess_SUB_HIFLD_492,battery,-4.339147639685548,-0.0064570649400082555,
SUB_HIFLD_540,bess_SUB_HIFLD_540,battery,-9.35398429539789,-0.01391961948719924,
SUB_HIFLD_548,bess_SUB_HIFLD_548,battery,-6.95847385453653,-0.010354871807346027,
SUB_HIFLD_548,installed_14676__SUB_HIFLD_548,solar,879.057615474684,1.308121451599232,0.0
SUB_HIFLD_549,bess_SUB_HIFLD_549,battery,-9.984134582522584,-0.014857343128753845,
SUB_HIFLD_550,bess_SUB_HIFLD_550,battery,-26.002828842340165,-0.03869468577729191,
SUB_HIFLD_551,bess_SUB_HIFLD_551,battery,-5.151347107220195,-0.007665695100030052,
SUB_HIFLD_552,bess_SUB_HIFLD_552,battery,-7.219158698680756,-0.01074279568256065,
SUB_HIFLD_553,bess_SUB_HIFLD_553,battery,-24.10400551730625,-0.03586905582932477,
SUB_HIFLD_554,bess_SUB_HIFLD_554,battery,-29.555284404995703,-0.04398107798362456,
SUB_HIFLD_555,bess_SUB_HIFLD_555,battery,-18.789904415445903,-0.02796116728488974,
SUB_HIFLD_556,bess_SUB_HIFLD_556,battery,-9.579525675025875,-0.014255246540217077,
SUB_HIFLD_557,bess_SUB_HIFLD_557,battery,-14.235868223448836,-0.02118432771346553,
SUB_HIFLD_562,bess_SUB_HIFLD_562,battery,-7.069584965647641,-0.010520215722689942,
SUB_HIFLD_563,bess_SUB_HIFLD_563,battery,-17.19922457412354,-0.02559408418768384,
SUB_HIFLD_564,bess_SUB_HIFLD_564,battery,-7.9392620462411285,-0.01181437804500168,
SUB_HIFLD_566,bess_SUB_HIFLD_566,battery,-7.2478688591112,-0.010785519135582143,
SUB_HIFLD_566,installed_6577__SUB_HIFLD_566,wind,949.662118056115,1.4131876756787425,0.0
SUB_HIFLD_566,installed_11718__SUB_HIFLD_566,wind,15511.14792771484,23.082065368623272,0.0
SUB_HIFLD_566,installed_13059__SUB_HIFLD_566,solar,481.6754057726,0.7167788776377977,0.0
SUB_HIFLD_567,bess_SUB_HIFLD_567,battery,-10.003674513925741,-0.01488642040762759,
SUB_HIFLD_568,bess_SUB_HIFLD_568,battery,-9.413444209225649,-0.014008101501823881,
SUB_HIFLD_569,bess_SUB_HIFLD_569,battery,-13.422099341052292,-0.019973362114661147,
SUB_HIFLD_570,bess_SUB_HIFLD_570,battery,-19.508626388123314,-0.02903069402994541,
SUB_HIFLD_570,installed_5850__SUB_HIFLD_570,hydro,829.2632062537385,1.2340226283537776,0.0
SUB_HIFLD_572,bess_SUB_HIFLD_572,battery,-35.26002295369739,-0.052470272252525874,
SUB_HIFLD_573,bess_SUB_HIFLD_573,battery,-19.82445785594566,-0.02950068133325247,
SUB_HIFLD_574,bess_SUB_HIFLD_574,battery,-12.985884244504266,-0.019324232506702777,
SUB_HIFLD_576,bess_SUB_HIFLD_576,battery,-14.330322612721828,-0.021324884840359864,
SUB_HIFLD_577,bess_SUB_HIFLD_577,battery,-11.042511250705711,-0.01643230840878826,
SUB_HIFLD_578,bess_SUB_HIFLD_578,battery,-14.535054428584258,-0.021629545280631338,
SUB_HIFLD_578,installed_12667__SUB_HIFLD_578,solar,120.41885144315,0.17919471940944942,0.0
SUB_HIFLD_579,bess_SUB_HIFLD_579,battery,-27.35889712965231,-0.04071264453817308,
SUB_HIFLD_580,bess_SUB_HIFLD_580,battery,-8.293034028988886,-0.012340824447900129,
SUB_HIFLD_581,bess_SUB_HIFLD_581,battery,-14.896932459009712,-0.022168054254478736,
SUB_HIFLD_582,bess_SUB_HIFLD_582,battery,-8.962471565096969,-0.013337011257584776,
SUB_HIFLD_583,bess_SUB_HIFLD_583,battery,-12.231858977876314,-0.01820217109803023,
SUB_HIFLD_584,bess_SUB_HIFLD_584,battery,-11.34980672753398,-0.016889593344544613,
SUB_HIFLD_585,bess_SUB_HIFLD_585,battery,-14.344450668897899,-0.021345908733479017,
SUB_HIFLD_585,installed_12681__SUB_HIFLD_585,solar,108.37696623852399,0.16127524737875593,0.0
SUB_HIFLD_585,installed_14206__SUB_HIFLD_585,solar,2408.3770288630003,3.5838943881889884,0.0
SUB_HIFLD_586,bess_SUB_HIFLD_586,battery,-7.453617191028978,-0.011091692248555027,
SUB_HIFLD_587,bess_SUB_HIFLD_587,battery,-6.747947944291858,-0.010041589202815265,
SUB_HIFLD_587,installed_14151__SUB_HIFLD_587,solar,180.628277104414,0.2687920790244256,0.0
SUB_HIFLD_588,bess_SUB_HIFLD_588,battery,-6.958473854536532,-0.01035487180734603,
SUB_HIFLD_589,bess_SUB_HIFLD_589,battery,-21.057162846962296,-0.03133506376036056,
SUB_HIFLD_590,bess_SUB_HIFLD_590,battery,-20.914946194625806,-0.031123431837240784,
SUB_HIFLD_796,bess_SUB_HIFLD_796,battery,-16.99773514757295,-0.025294248731507367,
SUB_HIFLD_796,installed_4466__SUB_HIFLD_796,hydro,444.24814620735964,0.661083550903809,0.0
SUB_HIFLD_796,installed_4467__SUB_HIFLD_796,hydro,444.24814620735964,0.661083550903809,0.0
SUB_HIFLD_796,installed_11404__SUB_HIFLD_796,solar,60.20942566126399,0.08959735961497618,0.0
SUB_HIFLD_796,installed_11405__SUB_HIFLD_796,solar,60.20942566126399,0.08959735961497618,0.0
SUB_HIFLD_796,installed_11406__SUB_HIFLD_796,solar,60.20942566126399,0.08959735961497618,0.0
SUB_HIFLD_796,installed_11407__SUB_HIFLD_796,solar,60.20942566126399,0.08959735961497618,0.0
SUB_HIFLD_796,installed_11408__SUB_HIFLD_796,solar,60.20942566126399,0.08959735961497618,0.0
SUB_HIFLD_796,installed_11409__SUB_HIFLD_796,solar,60.20942566126399,0.08959735961497618,0.0
SUB_HIFLD_796,installed_11410__SUB_HIFLD_796,solar,60.20942566126399,0.08959735961497618,0.0
SUB_HIFLD_796,installed_11411__SUB_HIFLD_796,solar,60.20942566126399,0.08959735961497618,0.0
SUB_HIFLD_796,installed_11412__SUB_HIFLD_796,solar,60.20942566126399,0.08959735961497618,0.0
SUB_HIFLD_796,installed_11413__SUB_HIFLD_796,solar,60.20942566126399,0.08959735961497618,0.0
SUB_HIFLD_796,installed_11414__SUB_HIFLD_796,solar,60.20942566126399,0.08959735961497618,0.0
SUB_HIFLD_796,installed_11415__SUB_HIFLD_796,solar,60.20942566126399,0.08959735961497618,0.0
SUB_HIFLD_796,installed_11416__SUB_HIFLD_796,solar,60.20942566126399,0.08959735961497618,0.0
SUB_HIFLD_796,installed_11417__SUB_HIFLD_796,solar,60.20942566126399,0.08959735961497618,0.0
SUB_HIFLD_796,installed_11418__SUB_HIFLD_796,solar,60.20942566126399,0.08959735961497618,0.0
SUB_HIFLD_796,installed_11419__SUB_HIFLD_796,solar,60.20942566126399,0.08959735961497618,0.0
SUB_HIFLD_798,bess_SUB_HIFLD_798,battery,-13.046174193644868,-0.01941394969292391,
SUB_HIFLD_799,bess_SUB_HIFLD_799,battery,-21.15353739090078,-0.03147847826026902,
SUB_HIFLD_799,installed_13804__SUB_HIFLD_799,solar,180.628277104414,0.2687920790244256,0.0
SUB_HIFLD_800,bess_SUB_HIFLD_800,battery,-41.08260327133868,-0.061134826296634935,
SUB_HIFLD_801,bess_SUB_HIFLD_801,battery,-18.982416605758267,-0.02824764375856885,
SUB_HIFLD_803,bess_SUB_HIFLD_803,battery,-2.779593355734015,-0.004136299636508951,
SUB_HIFLD_804,bess_SUB_HIFLD_804,battery,-7.023980465965079,-0.010452351883876606,
SUB_HIFLD_805,bess_SUB_HIFLD_805,battery,-9.456801406963448,-0.014072621141314655,
SUB_HIFLD_807,bess_SUB_HIFLD_807,battery,-5.726896123802511,-0.008522166850896594,
SUB_HIFLD_807,installed_14196__SUB_HIFLD_807,solar,301.04712854756406,0.44798679843387507,0.0
SUB_HIFLD_808,installed_11043__SUB_HIFLD_808,solar,108.37696623852399,0.16127524737875593,0.0
SUB_HIFLD_809,bess_SUB_HIFLD_809,battery,-6.602918298980973,-0.009825771278245497,
SUB_HIFLD_810,bess_SUB_HIFLD_810,battery,-8.662837236897255,-0.012891126840620916,
SUB_HIFLD_811,bess_SUB_HIFLD_811,battery,-11.764919563862362,-0.017507320779557085,
SUB_HIFLD_812,bess_SUB_HIFLD_812,battery,-2.944823700797386,-0.004382178126186586,
SUB_HIFLD_814,bess_SUB_HIFLD_814,battery,-8.210084405519751,-0.012217387508213915,
SUB_HIFLD_817,bess_SUB_HIFLD_817,battery,-5.477135548406672,-0.00815049932798612,
SUB_HIFLD_818,bess_SUB_HIFLD_818,battery,-9.730846512569835,-0.014480426357990826,
SUB_HIFLD_819,bess_SUB_HIFLD_819,battery,-8.835526348843985,-0.01314810468577974,
SUB_HIFLD_820,installed_5750__SUB_HIFLD_820,hydro,16881.429555879666,25.12117493434474,0.0
SUB_HIFLD_820,installed_5751__SUB_HIFLD_820,hydro,16881.42955587967,25.121174934344747,0.0
SUB_HIFLD_820,installed_5752__SUB_HIFLD_820,hydro,21916.241879563084,32.61345517792125,0.0
SUB_HIFLD_820,installed_5753__SUB_HIFLD_820,hydro,21916.241879563084,32.61345517792125,0.0
SUB_HIFLD_822,bess_SUB_HIFLD_822,battery,-6.114029410092089,-0.009098258050732274,
SUB_HIFLD_822,installed_12570__SUB_HIFLD_822,natural gas,128.99999999999997,0.19196428571428567,265.40575104000004
SUB_HIFLD_822,installed_12571__SUB_HIFLD_822,natural gas,116.39999999999998,0.17321428571428568,265.40575104000004
SUB_HIFLD_822,installed_12572__SUB_HIFLD_822,natural gas,104.39999999999999,0.15535714285714283,265.40575104000004
SUB_HIFLD_822,installed_12573__SUB_HIFLD_822,natural gas,134.39999999999998,0.19999999999999996,265.40575104000004
SUB_HIFLD_822,installed_12574__SUB_HIFLD_822,natural gas,130.39999999999998,0.19404761904761902,265.40575104000004
SUB_HIFLD_822,installed_14153__SUB_HIFLD_822,solar,180.628277104414,0.2687920790244256,0.0
SUB_HIFLD_823,bess_SUB_HIFLD_823,battery,-13.977845362324578,-0.02080036512250681,
SUB_HIFLD_825,bess_SUB_HIFLD_825,battery,-9.876653053514652,-0.014697400377253946,
SUB_HIFLD_827,bess_SUB_HIFLD_827,battery,-4.796959782324883,-0.007138333009412029,
SUB_HIFLD_829,bess_SUB_HIFLD_829,battery,-13.195657494041962,-0.019636395080419585,
SUB_HIFLD_830,bess_SUB_HIFLD_830,battery,-7.603154519843968,-0.011314218035482096,
SUB_HIFLD_830,installed_13139__SUB_HIFLD_830,solar,2227.7487513967203,3.315102308626072,0.0
SUB_HIFLD_831,bess_SUB_HIFLD_831,battery,-16.37669131647389,-0.024370076363800435,
SUB_HIFLD_832,bess_SUB_HIFLD_832,battery,-6.002918298980974,-0.008932914135388355,
SUB_HIFLD_836,bess_SUB_HIFLD_836,battery,-5.578490965942501,-0.00830132584217634,
SUB_HIFLD_837,installed_11352__SUB_HIFLD_837,solar,60.20942566126399,0.08959735961497618,0.0
SUB_HIFLD_837,installed_11353__SUB_HIFLD_837,solar,60.20942566126399,0.08959735961497618,0.0
SUB_HIFLD_837,installed_11354__SUB_HIFLD_837,solar,60.20942566126399,0.08959735961497618,0.0
SUB_HIFLD_840,bess_SUB_HIFLD_840,battery,-6.202918298980975,-0.009230533183007403,
SUB_HIFLD_841,bess_SUB_HIFLD_841,battery,-8.756310266237563,-0.013030223610472564,
SUB_HIFLD_841,installed_15342__SUB_HIFLD_841,battery,-6.507913734559686,-0.009684395438332867,0.0
SUB_HIFLD_841,installed_15343__SUB_HIFLD_841,battery,-6.507913734559686,-0.009684395438332867,0.0
SUB_HIFLD_842,bess_SUB_HIFLD_842,battery,-7.678232766016352,-0.011425941616095761,
SUB_HIFLD_843,bess_SUB_HIFLD_843,battery,-13.016912293777196,-0.01937040519907321,
SUB_HIFLD_845,bess_SUB_HIFLD_845,battery,-19.719374792939192,-0.029344307727588084,
SUB_HIFLD_846,bess_SUB_HIFLD_846,battery,-8.51176768681314,-0.012666320962519554,
SUB_HIFLD_847,installed_12900__SUB_HIFLD_847,solar,1204.188514310878,1.791947193914997,0.0
SUB_HIFLD_847,installed_13854__SUB_HIFLD_847,solar,2408.3770288630003,3.5838943881889884,0.0
SUB_HIFLD_848,bess_SUB_HIFLD_848,battery,-16.152390081748884,-0.024036294764507266,
SUB_HIFLD_849,bess_SUB_HIFLD_849,battery,-9.04467378177029,-0.013459335984777217,
SUB_HIFLD_849,installed_13960__SUB_HIFLD_849,solar,180.628277104414,0.2687920790244256,0.0
SUB_HIFLD_849,installed_13961__SUB_HIFLD_849,solar,120.41885144315,0.17919471940944942,0.0
SUB_HIFLD_849,installed_14024__SUB_HIFLD_849,solar,180.628277104414,0.2687920790244256,0.0
SUB_HIFLD_849,installed_14025__SUB_HIFLD_849,solar,180.628277104414,0.2687920790244256,0.0
SUB_HIFLD_849,installed_14026__SUB_HIFLD_849,solar,180.628277104414,0.2687920790244256,0.0
SUB_HIFLD_852,bess_SUB_HIFLD_852,battery,-18.39775615483826,-0.02737761332565217,
SUB_HIFLD_853,bess_SUB_HIFLD_853,battery,-10.952142678030878,-0.016297831366117378,
SUB_HIFLD_855,bess_SUB_HIFLD_855,battery,-8.326310922936074,-0.012390343635321538,
SUB_HIFLD_856,installed_11370__SUB_HIFLD_856,solar,60.20942566126399,0.08959735961497618,0.0
SUB_HIFLD_856,installed_11371__SUB_HIFLD_856,solar,60.20942566126399,0.08959735961497618,0.0
SUB_HIFLD_856,installed_11372__SUB_HIFLD_856,solar,60.20942566126399,0.08959735961497618,0.0
SUB_HIFLD_856,installed_11373__SUB_HIFLD_856,solar,60.20942566126399,0.08959735961497618,0.0
SUB_HIFLD_856,installed_11374__SUB_HIFLD_856,solar,60.20942566126399,0.08959735961497618,0.0
SUB_HIFLD_856,installed_11375__SUB_HIFLD_856,solar,60.20942566126399,0.08959735961497618,0.0
SUB_HIFLD_856,installed_11376__SUB_HIFLD_856,solar,60.20942566126399,0.08959735961497618,0.0
SUB_HIFLD_856,installed_11387__SUB_HIFLD_856,solar,60.20942566126399,0.08959735961497618,0.0
SUB_HIFLD_856,installed_11388__SUB_HIFLD_856,solar,60.20942566126399,0.08959735961497618,0.0
SUB_HIFLD_856,installed_11389__SUB_HIFLD_856,solar,60.20942566126399,0.08959735961497618,0.0
SUB_HIFLD_856,installed_11390__SUB_HIFLD_856,solar,60.20942566126399,0.08959735961497618,0.0
SUB_HIFLD_856,installed_11391__SUB_HIFLD_856,solar,60.20942566126399,0.08959735961497618,0.0
SUB_HIFLD_856,installed_11392__SUB_HIFLD_856,solar,60.20942566126399,0.08959735961497618,0.0
SUB_HIFLD_856,installed_11393__SUB_HIFLD_856,solar,60.20942566126399,0.08959735961497618,0.0
SUB_HIFLD_856,installed_11394__SUB_HIFLD_856,solar,60.20942566126399,0.08959735961497618,0.0
SUB_HIFLD_857,bess_SUB_HIFLD_857,battery,-16.129753690179026,-0.024002609658004503,
SUB_HIFLD_858,bess_SUB_HIFLD_858,battery,-11.952921522249795,-0.017787085598586005,
SUB_HIFLD_859,bess_SUB_HIFLD_859,battery,-4.171364753395665,-0.006207388025886405,
SUB_HIFLD_860,bess_SUB_HIFLD_860,battery,-5.90415104868754,-0.008785939060546935,
SUB_HIFLD_860,installed_11822__SUB_HIFLD_860,natural gas,940.8000000000002,1.4000000000000004,265.40575104
SUB_HIFLD_861,bess_SUB_HIFLD_861,battery,-13.68599193122651,-0.020366059421468023,
SUB_HIFLD_862,bess_SUB_HIFLD_862,battery,-6.425140521203196,-0.009561221013695232,
SUB_HIFLD_863,installed_11380__SUB_HIFLD_863,solar,60.20942566126399,0.08959735961497618,0.0
SUB_HIFLD_863,installed_11381__SUB_HIFLD_863,solar,60.20942566126399,0.08959735961497618,0.0
SUB_HIFLD_863,installed_11382__SUB_HIFLD_863,solar,60.20942566126399,0.08959735961497618,0.0
SUB_HIFLD_863,installed_11383__SUB_HIFLD_863,solar,60.20942566126399,0.08959735961497618,0.0
SUB_HIFLD_863,installed_11384__SUB_HIFLD_863,solar,60.20942566126399,0.08959735961497618,0.0
SUB_HIFLD_863,installed_11385__SUB_HIFLD_863,solar,60.20942566126399,0.08959735961497618,0.0
SUB_HIFLD_863,installed_11386__SUB_HIFLD_863,solar,60.20942566126399,0.08959735961497618,0.0
SUB_HIFLD_864,bess_SUB_HIFLD_864,battery,-7.930672273130819,-0.011801595644539909,
SUB_HIFLD_866,bess_SUB_HIFLD_866,battery,-10.342147920661837,-0.015390101072413448,
SUB_HIFLD_867,bess_SUB_HIFLD_867,battery,-10.111377658819197,-0.015046692944671425,
SUB_HIFLD_868,bess_SUB_HIFLD_868,battery,-10.501188814584546,-0.01562676906932224,
SUB_HIFLD_869,bess_SUB_HIFLD_869,battery,-24.71595288952785,-0.036779691799892635,
SUB_HIFLD_869,installed_13886__SUB_HIFLD_869,solar,180.628277104414,0.2687920790244256,0.0
SUB_HIFLD_869,installed_13887__SUB_HIFLD_869,solar,180.628277104414,0.2687920790244256,0.0
SUB_HIFLD_869,installed_13888__SUB_HIFLD_869,solar,180.628277104414,0.2687920790244256,0.0
SUB_HIFLD_869,installed_13889__SUB_HIFLD_869,solar,180.628277104414,0.2687920790244256,0.0
SUB_HIFLD_872,bess_SUB_HIFLD_872,battery,-5.105259102446729,-0.007597111759593346,
SUB_HIFLD_872,installed_13132__SUB_HIFLD_872,solar,120.41885144315,0.17919471940944942,0.0
SUB_HIFLD_873,bess_SUB_HIFLD_873,battery,-5.8181258161571545,-0.008657925321662433,
SUB_HIFLD_874,bess_SUB_HIFLD_874,battery,-6.202918298980976,-0.009230533183007405,
SUB_HIFLD_876,bess_SUB_HIFLD_876,battery,-5.996012351482104,-0.00892263742780075,
SUB_HIFLD_877,bess_SUB_HIFLD_877,battery,-13.132430417277988,-0.019542307168568435,
SUB_HIFLD_877,installed_5805__SUB_HIFLD_877,hydro,187.9869982305887,0.279742556890757,0.0
SUB_HIFLD_877,installed_5806__SUB_HIFLD_877,hydro,187.9869982305887,0.279742556890757,0.0
SUB_HIFLD_878,bess_SUB_HIFLD_878,battery,-4.4936551027570815,-0.006686986760055181,
SUB_HIFLD_879,bess_SUB_HIFLD_879,battery,-8.434338656453923,-0.01255109919115167,
SUB_HIFLD_880,bess_SUB_HIFLD_880,battery,-15.679685616716823,-0.0233328655010667,
SUB_HIFLD_881,bess_SUB_HIFLD_881,battery,-7.317092585525753,-0.010888530633222846,
SUB_HIFLD_882,bess_SUB_HIFLD_882,battery,0.0,0.0,
SUB_HIFLD_882,installed_8750__SUB_HIFLD_882,natural gas,2438.6348968179323,3.6289209774076374,386.88538290429625
SUB_HIFLD_884,bess_SUB_HIFLD_884,battery,-4.960814658002281,-0.007382164669646252,
SUB_HIFLD_886,bess_SUB_HIFLD_886,battery,-6.559644256269408,-0.009761375381353285,
SUB_HIFLD_887,bess_SUB_HIFLD_887,battery,-9.251945685623125,-0.013767776317891556,
SUB_HIFLD_888,bess_SUB_HIFLD_888,battery,-5.413728791390216,-0.00805614403480687,
SUB_HIFLD_889,bess_SUB_HIFLD_889,battery,-5.286354884794415,-0.00786659953094407,
SUB_HIFLD_890,bess_SUB_HIFLD_890,battery,-14.399132396478322,-0.021427280351902264,
SUB_HIFLD_891,bess_SUB_HIFLD_891,battery,-22.699914327403377,-0.03377963441577884,
SUB_HIFLD_892,bess_SUB_HIFLD_892,battery,-12.341584926403248,-0.018365453759528645,
SUB_HIFLD_893,bess_SUB_HIFLD_893,battery,-6.008234554011136,-0.008940825229183238,
SUB_HIFLD_894,bess_SUB_HIFLD_894,battery,-6.709214145081377,-0.009983949620656811,
SUB_HIFLD_894,installed_13483__SUB_HIFLD_894,solar,291.182,0.43330654761904763,0.0
SUB_HIFLD_894,installed_13484__SUB_HIFLD_894,solar,727.9549999999999,1.083266369047619,0.0
SUB_HIFLD_894,installed_15759__SUB_HIFLD_894,solar,553.2457999999999,0.8232824404761904,0.0
SUB_HIFLD_895,bess_SUB_HIFLD_895,battery,-11.746594731242496,-0.017480051683396572,
SUB_HIFLD_896,bess_SUB_HIFLD_896,battery,-8.571767379665436,-0.012755606219740232,
SUB_HIFLD_897,bess_SUB_HIFLD_897,battery,-4.960814658002283,-0.007382164669646254,
SUB_HIFLD_898,bess_SUB_HIFLD_898,battery,-8.44493938580612,-0.01256687408602101,
SUB_HIFLD_899,bess_SUB_HIFLD_899,battery,-6.648410166642554,-0.009893467509884754,
SUB_HIFLD_900,bess_SUB_HIFLD_900,battery,-10.532729691568113,-0.015673704898166836,
SUB_HIFLD_900,installed_11034__SUB_HIFLD_900,natural gas,28825.405197582455,42.89494821068818,386.8047479954366
SUB_HIFLD_901,bess_SUB_HIFLD_901,battery,-13.277180287315629,-0.019757708760886353,
SUB_HIFLD_901,installed_12190__SUB_HIFLD_901,solar,160.1501,0.2383186011904762,0.0
SUB_HIFLD_902,bess_SUB_HIFLD_902,battery,-5.571340568246956,-0.008290685369415114,
SUB_HIFLD_903,bess_SUB_HIFLD_903,battery,-23.491946626720146,-0.034958253908809744,
SUB_HIFLD_904,bess_SUB_HIFLD_904,battery,-6.222359599794654,-0.009259463690170616,
SUB_HIFLD_905,bess_SUB_HIFLD_905,battery,-4.293657234923984,-0.006389370885303548,
SUB_HIFLD_905,installed_8788__SUB_HIFLD_905,natural gas,23793.819718407256,35.40746981905842,386.8719917404761
SUB_HIFLD_905,installed_15258__SUB_HIFLD_905,battery,-117.1424472220743,-0.17431911788999152,0.0
SUB_HIFLD_906,bess_SUB_HIFLD_906,battery,-9.723905217618217,-0.014470097050027109,
SUB_HIFLD_907,bess_SUB_HIFLD_907,battery,-6.93218866382471,-0.010315756940215342,
SUB_HIFLD_908,bess_SUB_HIFLD_908,battery,-5.611748245428594,-0.0083508158414116,
SUB_HIFLD_909,bess_SUB_HIFLD_909,battery,-4.377552513441132,-0.006514215049763589,
SUB_HIFLD_910,bess_SUB_HIFLD_910,battery,-4.960814658002284,-0.007382164669646256,
SUB_HIFLD_911,bess_SUB_HIFLD_911,battery,-7.787048223071316,-0.01158786937957041,
SUB_HIFLD_913,bess_SUB_HIFLD_913,battery,-9.405459315876488,-0.013996219220054298,
SUB_HIFLD_914,bess_SUB_HIFLD_914,battery,-3.6847924828238217,-0.0054833221470592585,
SUB_HIFLD_915,bess_SUB_HIFLD_915,battery,-11.684171369524712,-0.01738715977607844,
SUB_HIFLD_916,bess_SUB_HIFLD_916,battery,-14.25282728917586,-0.021209564418416458,
SUB_HIFLD_918,bess_SUB_HIFLD_918,battery,-5.0274813246689485,-0.007481371018852602,
SUB_HIFLD_919,bess_SUB_HIFLD_919,battery,-6.11742247737665,-0.009103307258000968,
SUB_HIFLD_920,bess_SUB_HIFLD_920,battery,-4.705844303313165,-0.007002744498977924,
SUB_HIFLD_921,bess_SUB_HIFLD_921,battery,-8.294107865692848,-0.012342422419185786,
SUB_HIFLD_922,bess_SUB_HIFLD_922,battery,-4.705844303313167,-0.0070027444989779275,
SUB_HIFLD_923,bess_SUB_HIFLD_923,battery,-4.444697141447504,-0.006614132650963548,
SUB_HIFLD_923,installed_15200__SUB_HIFLD_923,solar,436.773,0.6499598214285714,0.0
SUB_HIFLD_924,bess_SUB_HIFLD_924,battery,-7.80993150635111,-0.011621921884451056,
SUB_HIFLD_925,bess_SUB_HIFLD_925,battery,-42.36155759273852,-0.06303803213205136,
SUB_HIFLD_925,installed_13767__SUB_HIFLD_925,solar,160.1501,0.2383186011904762,0.0
SUB_HIFLD_926,bess_SUB_HIFLD_926,battery,-5.027481324668951,-0.007481371018852606,
SUB_HIFLD_926,installed_7883__SUB_HIFLD_926,waste,1075.1999999999998,1.5999999999999996,0.0
SUB_HIFLD_926,installed_7884__SUB_HIFLD_926,waste,1075.1999999999998,1.5999999999999996,0.0
SUB_HIFLD_926,installed_7885__SUB_HIFLD_926,waste,1075.1999999999998,1.5999999999999996,0.0
SUB_HIFLD_926,installed_7886__SUB_HIFLD_926,waste,1075.1999999999998,1.5999999999999996,0.0
SUB_HIFLD_927,bess_SUB_HIFLD_927,battery,-6.965089663370973,-0.01036471676096871,
SUB_HIFLD_928,bess_SUB_HIFLD_928,battery,-6.964997594866147,-0.010364579754265099,
SUB_HIFLD_928,installed_15845__SUB_HIFLD_928,battery,-10.769902757795325,-0.016026641008623995,0.0
SUB_HIFLD_929,bess_SUB_HIFLD_929,battery,-4.378591845541576,-0.0065157616749130605,
SUB_HIFLD_930,bess_SUB_HIFLD_930,battery,-7.740767347187658,-0.011518999028553063,
SUB_HIFLD_930,installed_88__SUB_HIFLD_930,natural gas,1314.0,1.9553571428571428,386.258989152
SUB_HIFLD_930,installed_89__SUB_HIFLD_930,natural gas,2299.5,3.421875,386.258989152
SUB_HIFLD_930,installed_90__SUB_HIFLD_930,natural gas,973.3278541564571,1.4484045448756802,386.258989152
SUB_HIFLD_930,installed_91__SUB_HIFLD_930,natural gas,916.5,1.3638392857142858,386.258989152
SUB_HIFLD_930,installed_92__SUB_HIFLD_930,natural gas,985.5,1.4665178571428572,386.258989152
SUB_HIFLD_931,bess_SUB_HIFLD_931,battery,-4.885795219269468,-0.007270528600103375,
SUB_HIFLD_932,bess_SUB_HIFLD_932,battery,-4.9491183460247345,-0.007364759443489188,
SUB_HIFLD_933,bess_SUB_HIFLD_933,battery,-13.665548131689341,-0.020335637100728186,
SUB_HIFLD_934,bess_SUB_HIFLD_934,battery,-10.133239049931976,-0.015079224776684488,
SUB_HIFLD_934,installed_15257__SUB_HIFLD_934,battery,-40.387135341732446,-0.060099903782339946,0.0
SUB_HIFLD_935,bess_SUB_HIFLD_935,battery,-12.205836597961952,-0.01816344731839576,
SUB_HIFLD_935,installed_11714__SUB_HIFLD_935,solar,3785.3660000000004,5.6329851190476194,0.0
SUB_HIFLD_935,installed_12373__SUB_HIFLD_935,solar,917.2232999999999,1.3649156249999999,0.0
SUB_HIFLD_935,installed_15250__SUB_HIFLD_935,battery,-8.437234559392076,-0.012555408570523922,0.0
SUB_HIFLD_935,installed_15251__SUB_HIFLD_935,battery,-17.033652468630123,-0.025347697125937683,0.0
SUB_HIFLD_936,bess_SUB_HIFLD_936,battery,-10.876021308893515,-0.016184555519186777,
SUB_HIFLD_937,bess_SUB_HIFLD_937,battery,-5.116370213557838,-0.007613646151127735,
SUB_HIFLD_938,bess_SUB_HIFLD_938,battery,-7.303503499847415,-0.010868308779534843,
SUB_HIFLD_939,bess_SUB_HIFLD_939,battery,-12.003788822550783,-0.017862780985938666,
SUB_HIFLD_940,bess_SUB_HIFLD_940,battery,-2.562706451691421,-0.003813551267397948,
SUB_HIFLD_940,installed_7690__SUB_HIFLD_940,natural gas,1275.9999999999998,1.8988095238095235,353.01069555199996
SUB_HIFLD_941,bess_SUB_HIFLD_941,battery,-11.251895545308315,-0.016743892180518326,
SUB_HIFLD_942,bess_SUB_HIFLD_942,battery,0.0,0.0,
SUB_HIFLD_942,installed_10887__SUB_HIFLD_942,natural gas,20582.434565702475,30.62862286562868,386.7983947333954
SUB_HIFLD_942,installed_10888__SUB_HIFLD_942,natural gas,32793.48289087905,48.79982573047478,386.79839473339547
SUB_HIFLD_942,installed_15252__SUB_HIFLD_942,battery,0.0,0.0,0.0
SUB_HIFLD_942,installed_15253__SUB_HIFLD_942,battery,0.0,0.0,0.0
SUB_HIFLD_943,bess_SUB_HIFLD_943,battery,-17.870431886516602,-0.02659290459303066,
SUB_HIFLD_944,bess_SUB_HIFLD_944,battery,-10.43275270231181,-0.01552492961653543,
SUB_HIFLD_945,bess_SUB_HIFLD_945,battery,-4.494733192202056,-0.006688591059824488,
SUB_HIFLD_946,bess_SUB_HIFLD_946,battery,-7.330112622956504,-0.010907905688923369,
SUB_HIFLD_947,bess_SUB_HIFLD_947,battery,-5.897641493079612,-0.00877625222184466,
SUB_HIFLD_948,bess_SUB_HIFLD_948,battery,-5.61637021355784,-0.008357693770175357,
SUB_HIFLD_949,bess_SUB_HIFLD_949,battery,-9.831962380310827,-0.014630896399272064,
SUB_HIFLD_950,bess_SUB_HIFLD_950,battery,-8.825616889878223,-0.013133358467080688,
SUB_HIFLD_951,bess_SUB_HIFLD_951,battery,-7.47894047415944,-0.011129375705594404,
SUB_HIFLD_952,bess_SUB_HIFLD_952,battery,-11.400406849975312,-0.016964891145796596,
SUB_HIFLD_953,bess_SUB_HIFLD_953,battery,-5.13859243578006,-0.007646714934196518,
SUB_HIFLD_954,bess_SUB_HIFLD_954,battery,-9.793761370906056,-0.014574049659086393,
SUB_HIFLD_954,installed_14892__SUB_HIFLD_954,battery,-9.71107922838356,-0.014451010756523155,0.0
SUB_HIFLD_954,installed_14893__SUB_HIFLD_954,solar,655.1595,0.9749397321428571,0.0
SUB_HIFLD_955,bess_SUB_HIFLD_955,battery,-12.444219874012433,-0.018518184336328024,
SUB_HIFLD_956,bess_SUB_HIFLD_956,battery,-18.331396520971502,-0.027278863870493306,
SUB_HIFLD_957,bess_SUB_HIFLD_957,battery,-5.116370213557836,-0.007613646151127733,
SUB_HIFLD_958,bess_SUB_HIFLD_958,battery,-9.698875176013486,-0.014432849964305782,
SUB_HIFLD_959,bess_SUB_HIFLD_959,battery,-4.647609189914762,-0.006916085104039825,
SUB_HIFLD_960,bess_SUB_HIFLD_960,battery,-7.964380611682959,-0.01185175686262345,
SUB_HIFLD_961,bess_SUB_HIFLD_961,battery,-17.526737070020083,-0.02608145397324417,
SUB_HIFLD_962,bess_SUB_HIFLD_962,battery,-6.506954263801916,-0.009682967654467137,
SUB_HIFLD_963,bess_SUB_HIFLD_963,battery,-16.080976370604798,-0.023930024361019046,
SUB_HIFLD_964,bess_SUB_HIFLD_964,battery,-24.979505120833444,-0.037171882620287866,
SUB_HIFLD_965,bess_SUB_HIFLD_965,battery,-4.960814658002286,-0.007382164669646259,
SUB_HIFLD_966,bess_SUB_HIFLD_966,battery,-4.117195407077128,-0.00612677887957906,
SUB_HIFLD_967,bess_SUB_HIFLD_967,battery,-11.261144874001422,-0.016757656062502117,
SUB_HIFLD_968,bess_SUB_HIFLD_968,battery,-5.582451679358066,-0.008307219760949502,
SUB_HIFLD_969,bess_SUB_HIFLD_969,battery,-3.895903593934933,-0.005797475586212698,
SUB_HIFLD_970,bess_SUB_HIFLD_970,battery,-3.378364218249723,-0.005027327705728755,
SUB_HIFLD_971,bess_SUB_HIFLD_971,battery,-6.027481324668955,-0.008969466256947849,
SUB_HIFLD_972,bess_SUB_HIFLD_972,battery,0.0,0.0,
SUB_HIFLD_974,bess_SUB_HIFLD_974,battery,-5.538594427475585,-0.00824195599326724,
SUB_HIFLD_982,installed_11913__SUB_HIFLD_982,wind,732.644,1.0902440476190476,0.0
SUB_HIFLD_1007,bess_SUB_HIFLD_1007,battery,-9.369584965647642,-0.01394283477030899,
SUB_HIFLD_1009,bess_SUB_HIFLD_1009,battery,-0.4216370213557843,-0.0006274360436842028,
SUB_HIFLD_1013,installed_9144__SUB_HIFLD_1013,natural gas,6336.5,9.429315476190476,135.7844283706667
SUB_HIFLD_1013,installed_9145__SUB_HIFLD_1013,natural gas,4942.170568367552,7.35442048864219,135.7844283706667
SUB_HIFLD_1013,installed_9146__SUB_HIFLD_1013,natural gas,5275.958774705237,7.851129129025651,135.7844283706667
SUB_HIFLD_1013,installed_9147__SUB_HIFLD_1013,natural gas,4733.407358109045,7.043760949567032,135.78442837066666
SUB_HIFLD_1013,installed_9148__SUB_HIFLD_1013,natural gas,6115.341465242718,9.100210513754044,298.52930684
SUB_HIFLD_1013,installed_9149__SUB_HIFLD_1013,natural gas,6336.5,9.429315476190476,298.52930684
SUB_HIFLD_1013,installed_9150__SUB_HIFLD_1013,natural gas,6355.5,9.457589285714286,298.52930684
SUB_HIFLD_1013,installed_9151__SUB_HIFLD_1013,natural gas,3415.305998643949,5.082300593220162,298.52930684
SUB_HIFLD_1014,bess_SUB_HIFLD_1014,battery,-4.8391776366465,-0.007201157197390625,
SUB_HIFLD_1015,bess_SUB_HIFLD_1015,battery,-6.114614610958522,-0.009099128885354944,
SUB_HIFLD_1020,installed_9006__SUB_HIFLD_1020,natural gas,18788.9,27.95967261904762,426.81963938399997
SUB_HIFLD_1020,installed_9007__SUB_HIFLD_1020,natural gas,24930.0,37.098214285714285,387.7368256876105
SUB_HIFLD_1020,installed_9008__SUB_HIFLD_1020,natural gas,2646.8466176305055,3.9387598476644428,387.7368256876105
SUB_HIFLD_1020,installed_9009__SUB_HIFLD_1020,natural gas,8862.64310384028,13.188456999762323,387.7368256876105
SUB_HIFLD_1020,installed_9010__SUB_HIFLD_1020,natural gas,748.5823716888485,1.113961862632215,387.7368256876105
SUB_HIFLD_1027,bess_SUB_HIFLD_1027,battery,-7.824116634494427,-0.011643030706092896,
SUB_HIFLD_1027,installed_13480__SUB_HIFLD_1027,solar,363.97749999999996,0.5416331845238095,0.0
SUB_HIFLD_1027,installed_13481__SUB_HIFLD_1027,solar,727.9549999999999,1.083266369047619,0.0
SUB_HIFLD_1027,installed_15195__SUB_HIFLD_1027,solar,334.85929999999996,0.4983025297619047,0.0
SUB_HIFLD_1028,bess_SUB_HIFLD_1028,battery,-9.6251405212032,-0.0143231257756,
SUB_HIFLD_1028,installed_13944__SUB_HIFLD_1028,wind,358.668,0.5337321428571429,0.0
SUB_HIFLD_1030,bess_SUB_HIFLD_1030,battery,-7.450365303705691,-0.011086853130514421,
SUB_HIFLD_1032,bess_SUB_HIFLD_1032,battery,-6.560440084110319,-0.00976255964897369,
SUB_HIFLD_1032,installed_12063__SUB_HIFLD_1032,pump hydro,-89.09969790208123,-0.13258883616381137,0.0
SUB_HIFLD_1032,installed_12064__SUB_HIFLD_1032,pump hydro,-89.61916821564967,-0.1333618574637644,0.0
SUB_HIFLD_1041,installed_11041__SUB_HIFLD_1041,solar,108.37696623852399,0.16127524737875593,0.0
SUB_HIFLD_1041,installed_11045__SUB_HIFLD_1041,solar,108.37696623852399,0.16127524737875593,0.0
SUB_HIFLD_1041,installed_13033__SUB_HIFLD_1041,solar,481.6754057726,0.7167788776377977,0.0
SUB_HIFLD_1041,installed_13038__SUB_HIFLD_1041,solar,481.6754057726,0.7167788776377977,0.0
SUB_HIFLD_1043,bess_SUB_HIFLD_1043,battery,-6.44794794429186,-0.009595160631386697,
SUB_HIFLD_1044,bess_SUB_HIFLD_1044,battery,-6.602918298980974,-0.009825771278245497,
SUB_HIFLD_1045,bess_SUB_HIFLD_1045,battery,-7.036836833180747,-0.010471483382709444,
SUB_HIFLD_1046,bess_SUB_HIFLD_1046,battery,-3.7446932395690293,-0.005572460177930103,
SUB_HIFLD_1047,bess_SUB_HIFLD_1047,battery,-5.282451679358068,-0.007860791189520934,
SUB_HIFLD_1047,installed_6829__SUB_HIFLD_1047,natural gas,4923.271008051057,7.326296142933121,298.52930684
SUB_HIFLD_1047,installed_6830__SUB_HIFLD_1047,natural gas,5617.199999999999,8.358928571428569,298.52930684
SUB_HIFLD_1047,installed_6831__SUB_HIFLD_1047,natural gas,6128.699999999999,9.120089285714284,298.52930684
SUB_HIFLD_1060,installed_12135__SUB_HIFLD_1060,wind,316.554039459046,0.47106255871881847,0.0
SUB_HIFLD_1062,bess_SUB_HIFLD_1062,battery,-0.9432740427115673,-0.0014036816111779277,
SUB_HIFLD_1077,installed_3613__SUB_HIFLD_1077,hydro,15881.181481963873,23.632710538636715,0.0
SUB_HIFLD_1077,installed_3614__SUB_HIFLD_1077,hydro,15881.181481963875,23.63271053863672,0.0
SUB_HIFLD_1086,installed_5684__SUB_HIFLD_1086,hydro,2382.177222294581,3.5449065807955074,0.0
SUB_HIFLD_1086,installed_5754__SUB_HIFLD_1086,hydro,35812.064241828535,53.291762264625795,0.0
SUB_HIFLD_1086,installed_5755__SUB_HIFLD_1086,hydro,35812.064241828535,53.291762264625795,0.0
SUB_HIFLD_1086,installed_5756__SUB_HIFLD_1086,hydro,35812.06424182854,53.29176226462581,0.0
SUB_HIFLD_1102,installed_3434__SUB_HIFLD_1102,hydro,449.96680865564315,0.6695934652613738,0.0
SUB_HIFLD_1102,installed_7242__SUB_HIFLD_1102,hydro,33482.8242911405,49.82563138562575,0.0
SUB_HIFLD_1102,installed_7243__SUB_HIFLD_1102,hydro,33482.824291140496,49.82563138562574,0.0
SUB_HIFLD_1113,installed_9307__SUB_HIFLD_1113,wind,53409.7476,79.47879107142857,0.0
SUB_HIFLD_1113,installed_9308__SUB_HIFLD_1113,wind,5934.4164,8.830976785714286,0.0
SUB_HIFLD_1113,installed_9876__SUB_HIFLD_1113,natural gas,0.0,0.0,394.900370344
SUB_HIFLD_1113,installed_9877__SUB_HIFLD_1113,natural gas,0.0,0.0,394.900370344
SUB_HIFLD_1113,installed_9878__SUB_HIFLD_1113,natural gas,0.0,0.0,394.900370344
SUB_HIFLD_1113,installed_11457__SUB_HIFLD_1113,natural gas,34467.05910828939,51.29026653019254,384.27323141479997
SUB_HIFLD_1113,installed_11458__SUB_HIFLD_1113,natural gas,4084.116211060225,6.077553885506287,384.27323141479997
SUB_HIFLD_1113,installed_11459__SUB_HIFLD_1113,natural gas,0.0,0.0,384.27323141479997
SUB_HIFLD_1113,installed_11460__SUB_HIFLD_1113,natural gas,0.0,0.0,384.2732314148
SUB_HIFLD_1113,installed_12848__SUB_HIFLD_1113,solar,170.466530058255,0.253670431634308,0.0
SUB_HIFLD_1113,installed_13900__SUB_HIFLD_1113,solar,113.64435337217,0.1691136210895387,0.0
SUB_HIFLD_1113,installed_17269__SUB_HIFLD_1113,wind,4798.8182,7.141098511904762,0.0
SUB_HIFLD_1113,installed_17270__SUB_HIFLD_1113,wind,8791.728,13.082928571428571,0.0
SUB_HIFLD_1113,installed_17271__SUB_HIFLD_1113,wind,23078.286,34.3426875,0.0
SUB_HIFLD_1113,installed_17272__SUB_HIFLD_1113,wind,46889.216,69.77561904761905,0.0
SUB_HIFLD_1131,bess_SUB_HIFLD_1131,battery,-0.8432740427115668,-0.001254872087368403,
SUB_HIFLD_1139,bess_SUB_HIFLD_1139,battery,-0.4216370213557843,-0.0006274360436842028,
SUB_HIFLD_1139,installed_17221__SUB_HIFLD_1139,natural gas,5805.1371446346075,8.638596941420547,302.05838219771425
SUB_HIFLD_1139,installed_17222__SUB_HIFLD_1139,natural gas,11456.938343542337,17.049015392176095,302.05838219771425
SUB_HIFLD_1140,bess_SUB_HIFLD_1140,battery,-0.4216370213557834,-0.0006274360436842015,
SUB_HIFLD_1153,bess_SUB_HIFLD_1153,battery,-1.3649110640673516,-0.0020311176548621305,
SUB_HIFLD_1159,installed_4305__SUB_HIFLD_1159,hydro,829.2632062537385,1.2340226283537776,0.0
SUB_HIFLD_1159,installed_4306__SUB_HIFLD_1159,hydro,829.2632062537385,1.2340226283537776,0.0
SUB_HIFLD_1159,installed_4307__SUB_HIFLD_1159,hydro,829.2632062537386,1.2340226283537779,0.0
SUB_HIFLD_1160,bess_SUB_HIFLD_1160,battery,-1.7374990654990272,-0.002585564085564029,
SUB_HIFLD_1160,installed_4308__SUB_HIFLD_1160,hydro,296.1654308049065,0.4407223672692061,0.0
SUB_HIFLD_1160,installed_4309__SUB_HIFLD_1160,hydro,296.1654308049065,0.4407223672692061,0.0
SUB_HIFLD_1160,installed_4310__SUB_HIFLD_1160,hydro,592.330861609813,0.8814447345384122,0.0
SUB_HIFLD_1160,installed_4311__SUB_HIFLD_1160,hydro,651.5639477707944,0.9695892079922535,0.0
SUB_HIFLD_1160,installed_4312__SUB_HIFLD_1160,hydro,592.330861609813,0.8814447345384122,0.0
SUB_HIFLD_1162,bess_SUB_HIFLD_1162,battery,-5.291858193824319,-0.007874788978905237,
SUB_HIFLD_1164,installed_4296__SUB_HIFLD_1164,hydro,740.4135770122664,1.1018059181730155,0.0
SUB_HIFLD_1164,installed_4297__SUB_HIFLD_1164,hydro,740.4135770122664,1.1018059181730155,0.0
SUB_HIFLD_1164,installed_4298__SUB_HIFLD_1164,hydro,681.1804908512847,1.0136614447191736,0.0
SUB_HIFLD_1166,installed_4256__SUB_HIFLD_1166,hydro,5864.0755299371485,8.726302871930281,0.0
SUB_HIFLD_1166,installed_4257__SUB_HIFLD_1166,hydro,4679.413806717523,6.9634134028534564,0.0
SUB_HIFLD_1166,installed_4258__SUB_HIFLD_1166,hydro,6397.173305385982,9.519603133014854,0.0
SUB_HIFLD_1166,installed_4259__SUB_HIFLD_1166,hydro,9240.361441113084,13.750537858799232,0.0
SUB_HIFLD_1166,installed_4281__SUB_HIFLD_1166,hydro,4679.413806717523,6.9634134028534564,0.0
SUB_HIFLD_1166,installed_4282__SUB_HIFLD_1166,hydro,4679.413806717523,6.9634134028534564,0.0
SUB_HIFLD_1166,installed_4283__SUB_HIFLD_1166,hydro,5182.8950390858645,7.712641427211108,0.0
SUB_HIFLD_1166,installed_4284__SUB_HIFLD_1166,hydro,5182.8950390858645,7.712641427211108,0.0
SUB_HIFLD_1166,installed_4294__SUB_HIFLD_1166,hydro,14808.271540245325,22.036118363460304,0.0
SUB_HIFLD_1166,installed_4295__SUB_HIFLD_1166,hydro,14808.271540245325,22.036118363460304,0.0
SUB_HIFLD_1166,installed_4794__SUB_HIFLD_1166,hydro,3198.586652692991,4.759801566507427,0.0
SUB_HIFLD_1166,installed_320__SUB_HIFLD_1166,pump hydro,0.0,0.0,0.0
SUB_HIFLD_1170,installed_2687__SUB_HIFLD_1170,hydro,8999.336173112859,13.391869305227468,0.0
SUB_HIFLD_1170,installed_2691__SUB_HIFLD_1170,hydro,13896.033796718388,20.678621721307124,0.0
SUB_HIFLD_1170,installed_2692__SUB_HIFLD_1170,hydro,13896.033796718388,20.678621721307124,0.0
SUB_HIFLD_1170,installed_3283__SUB_HIFLD_1170,hydro,13763.690617702021,20.481682466818484,0.0
SUB_HIFLD_1175,installed_3823__SUB_HIFLD_1175,hydro,1323.4317901636557,1.9693925448863925,0.0
SUB_HIFLD_1175,installed_3824__SUB_HIFLD_1175,hydro,1323.431790163656,1.9693925448863927,0.0
SUB_HIFLD_1175,installed_3825__SUB_HIFLD_1175,hydro,1323.4317901636557,1.9693925448863925,0.0
SUB_HIFLD_1175,installed_3826__SUB_HIFLD_1175,hydro,1323.4317901636557,1.9693925448863925,0.0
SUB_HIFLD_1176,installed_4292__SUB_HIFLD_1176,hydro,7641.068114766591,11.370637075545522,0.0
SUB_HIFLD_1176,installed_4293__SUB_HIFLD_1176,hydro,13327.444386220788,19.83250652711427,0.0
SUB_HIFLD_1176,installed_4683__SUB_HIFLD_1176,hydro,23693.234464392524,35.2577893815365,0.0
SUB_HIFLD_1176,installed_4684__SUB_HIFLD_1176,hydro,23693.234464392524,35.2577893815365,0.0
SUB_HIFLD_1183,bess_SUB_HIFLD_1183,battery,-4.271464864808433,-0.006356346525012549,
SUB_HIFLD_1183,installed_5255__SUB_HIFLD_1183,hydro,805.6588093328116,1.1988970376976364,0.0
SUB_HIFLD_1189,installed_4285__SUB_HIFLD_1189,hydro,10069.624647366822,14.984560487153008,0.0
SUB_HIFLD_1189,installed_4286__SUB_HIFLD_1189,hydro,10069.624647366822,14.984560487153008,0.0
SUB_HIFLD_1189,installed_4287__SUB_HIFLD_1189,hydro,9773.459216561914,14.543838119883802,0.0
SUB_HIFLD_1189,installed_4288__SUB_HIFLD_1189,hydro,10661.95550897663,15.866005221691415,0.0
SUB_HIFLD_1189,installed_4289__SUB_HIFLD_1189,hydro,10810.038224379088,16.086366405326025,0.0
SUB_HIFLD_1190,installed_16721__SUB_HIFLD_1190,hydro,41026.38549507334,61.05116889147818,0.0
SUB_HIFLD_1191,installed_17724__SUB_HIFLD_1191,hydro,14557.749691800216,21.663317993750322,0.0
SUB_HIFLD_1191,installed_17725__SUB_HIFLD_1191,hydro,14557.749691800216,21.663317993750322,0.0
SUB_HIFLD_1191,installed_17726__SUB_HIFLD_1191,hydro,14557.749691800218,21.663317993750326,0.0
SUB_HIFLD_1195,installed_3404__SUB_HIFLD_1195,natural gas,904.1420533787596,1.3454494841945828,379.412017912
SUB_HIFLD_1195,installed_3405__SUB_HIFLD_1195,natural gas,672.5719397708169,1.0008511008494299,379.412017912
SUB_HIFLD_1195,installed_3406__SUB_HIFLD_1195,natural gas,825.1832957893898,1.2279513330199254,379.412017912
SUB_HIFLD_1195,installed_3407__SUB_HIFLD_1195,natural gas,990.0,1.4732142857142858,379.412017912
SUB_HIFLD_1195,installed_3408__SUB_HIFLD_1195,natural gas,0.0,0.0,379.412017912
SUB_HIFLD_1195,installed_3409__SUB_HIFLD_1195,natural gas,0.0,0.0,379.412017912
SUB_HIFLD_1195,installed_10879__SUB_HIFLD_1195,solar,34.093306011651,0.05073408632686161,0.0
SUB_HIFLD_1195,installed_10880__SUB_HIFLD_1195,solar,34.093306011651,0.05073408632686161,0.0
SUB_HIFLD_1195,installed_10881__SUB_HIFLD_1195,solar,34.093306011651,0.05073408632686161,0.0
SUB_HIFLD_1195,installed_10882__SUB_HIFLD_1195,solar,34.093306011651,0.05073408632686161,0.0
SUB_HIFLD_1206,installed_728__SUB_HIFLD_1206,geothermal,17615.35833791999,26.21333085999999,0.0
SUB_HIFLD_1206,installed_729__SUB_HIFLD_1206,geothermal,17295.079092480002,25.736724840000004,0.0
SUB_HIFLD_1206,installed_730__SUB_HIFLD_1206,geothermal,17102.911546560004,25.450761230000005,0.0
SUB_HIFLD_1206,installed_5383__SUB_HIFLD_1206,hydro,671.3823411106764,0.9990808647480304,0.0
SUB_HIFLD_1206,installed_5384__SUB_HIFLD_1206,hydro,671.3823411106765,0.9990808647480305,0.0
SUB_HIFLD_1209,installed_731__SUB_HIFLD_1209,geothermal,19216.754551680002,28.596360940000004,0.0
SUB_HIFLD_1209,installed_732__SUB_HIFLD_1209,geothermal,14989.068548159998,22.305161529999996,0.0
SUB_HIFLD_1209,installed_733__SUB_HIFLD_1209,geothermal,17231.02324608,25.64140364,0.0
SUB_HIFLD_1209,installed_734__SUB_HIFLD_1209,geothermal,13964.174972159999,20.780022279999997,0.0
SUB_HIFLD_1209,installed_735__SUB_HIFLD_1209,geothermal,14412.565910399997,21.447270699999997,0.0
SUB_HIFLD_1209,installed_736__SUB_HIFLD_1209,geothermal,15053.124394559996,22.400482729999993,0.0
SUB_HIFLD_1213,bess_SUB_HIFLD_1213,battery,-0.7549703546891173,-0.0011234677897159484,
SUB_HIFLD_1213,installed_4564__SUB_HIFLD_1213,hydro,1954.6918433123838,2.9087676239767615,0.0
SUB_HIFLD_1213,installed_4565__SUB_HIFLD_1213,hydro,1954.6918433123838,2.9087676239767615,0.0
SUB_HIFLD_1213,installed_4566__SUB_HIFLD_1213,hydro,1954.6918433123838,2.9087676239767615,0.0
SUB_HIFLD_1213,installed_4567__SUB_HIFLD_1213,hydro,1954.6918433123838,2.9087676239767615,0.0
SUB_HIFLD_1214,installed_4525__SUB_HIFLD_1214,hydro,6071.391331500583,9.034808529018724,0.0
SUB_HIFLD_1214,installed_4526__SUB_HIFLD_1214,hydro,5834.458986856658,8.68223063520336,0.0
SUB_HIFLD_1222,bess_SUB_HIFLD_1222,battery,-13.398857762661684,-0.01993877643253227,
SUB_HIFLD_1222,installed_14145__SUB_HIFLD_1222,solar,12041.885143108782,17.919471939149975,0.0
SUB_HIFLD_1225,installed_8584__SUB_HIFLD_1225,natural gas,1404.0,2.0892857142857144,306.655861112
SUB_HIFLD_1225,installed_8585__SUB_HIFLD_1225,natural gas,1273.7905367917565,1.89552163213059,306.655861112
SUB_HIFLD_1225,installed_8586__SUB_HIFLD_1225,natural gas,0.0,0.0,306.655861112
SUB_HIFLD_1232,installed_5928__SUB_HIFLD_1232,hydro,1773.3985988192985,2.638986010147766,0.0
SUB_HIFLD_1232,installed_5929__SUB_HIFLD_1232,hydro,1773.3985988192983,2.6389860101477653,0.0
SUB_HIFLD_1232,installed_17733__SUB_HIFLD_1232,hydro,3043.8931173764095,4.529602853238704,0.0
SUB_HIFLD_1233,bess_SUB_HIFLD_1233,battery,-6.622773455941966,-0.009855317642770783,
SUB_HIFLD_1249,installed_5969__SUB_HIFLD_1249,natural gas,6271.217067468695,9.332168255161749,286.90147592
SUB_HIFLD_1254,bess_SUB_HIFLD_1254,battery,-0.3983580078124995,-0.0005927946544828862,
SUB_HIFLD_1256,bess_SUB_HIFLD_1256,battery,-7.590525659073061,-0.011295425087906341,
SUB_HIFLD_1257,bess_SUB_HIFLD_1257,battery,-8.810410320468147,-0.01311072964355379,
SUB_HIFLD_1257,installed_11785__SUB_HIFLD_1257,natural gas,34671.561034744715,51.594584873132014,420.67845729600003
SUB_HIFLD_1257,installed_11786__SUB_HIFLD_1257,natural gas,20820.780272118096,30.983303976366216,420.678457296
SUB_HIFLD_1257,installed_11787__SUB_HIFLD_1257,natural gas,65184.0,97.0,420.67845729600003
SUB_HIFLD_1257,installed_11788__SUB_HIFLD_1257,natural gas,45256.272797491096,67.34564404388556,420.678457296
SUB_HIFLD_1257,installed_11789__SUB_HIFLD_1257,natural gas,22424.512678042025,33.369810532800635,420.67845729600003
SUB_HIFLD_1258,installed_368__SUB_HIFLD_1258,waste,10974.193547519997,16.330645159999996,0.0
SUB_HIFLD_1258,installed_369__SUB_HIFLD_1258,waste,10974.193547519997,16.330645159999996,0.0
SUB_HIFLD_1261,installed_200__SUB_HIFLD_1261,natural gas,8594.144272294756,12.788905167105291,367.8908635832728
SUB_HIFLD_1261,installed_201__SUB_HIFLD_1261,natural gas,10362.52157021947,15.420419003302781,367.89086358327273
SUB_HIFLD_1261,installed_202__SUB_HIFLD_1261,natural gas,17416.35067343487,25.917188502135225,366.7373084376104
SUB_HIFLD_1261,installed_203__SUB_HIFLD_1261,natural gas,3813.7158643507046,5.6751724171885485,396.16180969600003
SUB_HIFLD_1261,installed_204__SUB_HIFLD_1261,natural gas,27350.399999999994,40.69999999999999,379.70282768546866
SUB_HIFLD_1261,installed_205__SUB_HIFLD_1261,natural gas,2990.0000000000005,4.449404761904763,302.543142448
SUB_HIFLD_1268,installed_4631__SUB_HIFLD_1268,natural gas,43623.28895169459,64.91560855906933,300.06526007040003
SUB_HIFLD_1268,installed_4632__SUB_HIFLD_1268,natural gas,42019.72396631327,62.52935114034713,300.06526007040003
SUB_HIFLD_1268,installed_4633__SUB_HIFLD_1268,natural gas,6500.0,9.672619047619047,300.06526007040003
SUB_HIFLD_1268,installed_4634__SUB_HIFLD_1268,natural gas,10164.82520328664,15.12622798108131,300.06526007040003
SUB_HIFLD_1294,bess_SUB_HIFLD_1294,battery,-1.0432740427115679,-0.0015524911349874522,
SUB_HIFLD_1294,installed_3479__SUB_HIFLD_1294,hydro,6167.192142162637,9.17736925917059,0.0
SUB_HIFLD_1294,installed_3480__SUB_HIFLD_1294,hydro,6167.1921421626375,9.177369259170591,0.0
SUB_HIFLD_1294,installed_3481__SUB_HIFLD_1294,hydro,6167.192142162637,9.17736925917059,0.0
SUB_HIFLD_1295,bess_SUB_HIFLD_1295,battery,-1.043274042711567,-0.001552491134987451,
SUB_HIFLD_1295,installed_3482__SUB_HIFLD_1295,hydro,12572.602006554736,18.709229176420738,0.0
SUB_HIFLD_1295,installed_3483__SUB_HIFLD_1295,hydro,12572.602006554736,18.709229176420738,0.0
SUB_HIFLD_1295,installed_6064__SUB_HIFLD_1295,hydro,132.3431790163656,0.1969392544886393,0.0
SUB_HIFLD_1295,installed_10186__SUB_HIFLD_1295,wind,37071.7864,55.166348809523804,0.0
SUB_HIFLD_1297,bess_SUB_HIFLD_1297,battery,-0.9432740427115682,-0.001403681611177929,
SUB_HIFLD_1297,installed_3149__SUB_HIFLD_1297,hydro,22763.026790814893,33.87355177204597,0.0
SUB_HIFLD_1297,installed_3150__SUB_HIFLD_1297,hydro,22763.026790814893,33.87355177204597,0.0
SUB_HIFLD_1299,installed_3563__SUB_HIFLD_1299,hydro,14822.43604983295,22.057196502727603,0.0
SUB_HIFLD_1299,installed_3564__SUB_HIFLD_1299,hydro,15087.122407865681,22.451075011704884,0.0
SUB_HIFLD_1300,installed_3489__SUB_HIFLD_1300,hydro,10587.454321309247,15.755140359091142,0.0
SUB_HIFLD_1300,installed_3490__SUB_HIFLD_1300,hydro,10587.454321309247,15.755140359091142,0.0
SUB_HIFLD_1300,installed_3491__SUB_HIFLD_1300,hydro,10587.454321309246,15.75514035909114,0.0
SUB_HIFLD_1300,installed_3492__SUB_HIFLD_1300,hydro,10587.454321309246,15.75514035909114,0.0
SUB_HIFLD_1300,installed_3508__SUB_HIFLD_1300,hydro,10587.454321309247,15.755140359091142,0.0
SUB_HIFLD_1300,installed_3509__SUB_HIFLD_1300,hydro,10587.454321309247,15.755140359091142,0.0
SUB_HIFLD_1303,installed_5766__SUB_HIFLD_1303,hydro,23477.679957503256,34.93702374628461,0.0
SUB_HIFLD_1303,installed_5767__SUB_HIFLD_1303,hydro,23477.679957503256,34.93702374628461,0.0
SUB_HIFLD_1313,installed_5798__SUB_HIFLD_1313,hydro,23821.772222945805,35.449065807955066,0.0
SUB_HIFLD_1313,installed_5799__SUB_HIFLD_1313,hydro,23821.772222945805,35.449065807955066,0.0
SUB_HIFLD_1313,installed_16961__SUB_HIFLD_1313,hydro,529.3727160654624,0.7877570179545572,0.0
SUB_HIFLD_1323,installed_2763__SUB_HIFLD_1323,hydro,6617.158950818281,9.846962724431965,0.0
SUB_HIFLD_1323,installed_2764__SUB_HIFLD_1323,hydro,6617.158950818281,9.846962724431965,0.0
SUB_HIFLD_1323,installed_2765__SUB_HIFLD_1323,hydro,6617.1589508182815,9.846962724431966,0.0
SUB_HIFLD_1323,installed_2788__SUB_HIFLD_1323,hydro,15881.181481963873,23.632710538636715,0.0
SUB_HIFLD_1323,installed_2789__SUB_HIFLD_1323,hydro,15881.181481963871,23.63271053863671,0.0
SUB_HIFLD_1323,installed_16278__SUB_HIFLD_1323,hydro,344.09226544255057,0.5120420616704622,0.0
SUB_HIFLD_1324,installed_2711__SUB_HIFLD_1324,hydro,33085.794754091396,49.23481362215981,0.0
SUB_HIFLD_1332,bess_SUB_HIFLD_1332,battery,-0.4216370213557834,-0.0006274360436842015,
SUB_HIFLD_1336,installed_5713__SUB_HIFLD_1336,hydro,16145.8678399966,24.02658904761399,0.0
SUB_HIFLD_1336,installed_5714__SUB_HIFLD_1336,hydro,16145.8678399966,24.02658904761399,0.0
SUB_HIFLD_1395,installed_12388__SUB_HIFLD_1395,natural gas,0.0,0.0,382.901047576
SUB_HIFLD_1395,installed_12389__SUB_HIFLD_1395,natural gas,1805.0,2.6860119047619047,382.901047576
SUB_HIFLD_1395,installed_17219__SUB_HIFLD_1395,natural gas,10648.800000000001,15.846428571428573,386.79928245584034
SUB_HIFLD_1396,bess_SUB_HIFLD_1396,battery,0.0,0.0,
SUB_HIFLD_1406,installed_9141__SUB_HIFLD_1406,natural gas,1192.986413978494,1.7752774017537114,392.6470830591305
SUB_HIFLD_1406,installed_9142__SUB_HIFLD_1406,natural gas,39702.94011596874,59.081756124953486,426.1558722908572
SUB_HIFLD_1406,installed_9143__SUB_HIFLD_1406,natural gas,48006.353018279144,71.43802532482016,426.1558722908572
SUB_HIFLD_1418,bess_SUB_HIFLD_1418,battery,-0.8432740427115677,-0.0012548720873684044,
SUB_HIFLD_1418,installed_6325__SUB_HIFLD_1418,natural gas,2514.4000000000005,3.7416666666666676,314.67400689600004
SUB_HIFLD_1423,bess_SUB_HIFLD_1423,battery,-0.8432740427115686,-0.0012548720873684057,
SUB_HIFLD_1432,installed_8568__SUB_HIFLD_1432,natural gas,625.3898104073007,0.9306395988203879,397.295789696
SUB_HIFLD_1432,installed_8569__SUB_HIFLD_1432,natural gas,659.3153470489628,0.9811240283466709,397.295789696
SUB_HIFLD_1432,installed_8570__SUB_HIFLD_1432,natural gas,0.0,0.0,397.295789696
SUB_HIFLD_1434,installed_9072__SUB_HIFLD_1434,natural gas,24680.202433510625,36.726491716533666,386.7517473559208
SUB_HIFLD_1434,installed_9073__SUB_HIFLD_1434,natural gas,0.0,0.0,386.7517473559208
SUB_HIFLD_1434,installed_9074__SUB_HIFLD_1434,natural gas,19273.692725772664,28.68109036573313,386.7517473559209
SUB_HIFLD_1442,bess_SUB_HIFLD_1442,battery,-2.693321524221574,-0.004007918934853532,
SUB_HIFLD_1442,installed_560__SUB_HIFLD_1442,oil,0.0,0.0,305.93444823555546
SUB_HIFLD_1444,installed_15753__SUB_HIFLD_1444,nuclear,753984.0,1122.0,0.0
SUB_HIFLD_1444,installed_15754__SUB_HIFLD_1444,nuclear,751296.0,1118.0,0.0
SUB_HIFLD_1448,installed_350__SUB_HIFLD_1448,solar,2408.3770288630003,3.5838943881889884,0.0
SUB_HIFLD_1448,installed_351__SUB_HIFLD_1448,solar,1661.7801493123602,2.472887126952917,0.0
SUB_HIFLD_1450,installed_8766__SUB_HIFLD_1450,natural gas,28644.489224181914,42.625728012175465,388.63308967999996
SUB_HIFLD_1450,installed_8767__SUB_HIFLD_1450,natural gas,6018.795335318744,8.956540677557655,388.63308967999996
SUB_HIFLD_1450,installed_8768__SUB_HIFLD_1450,natural gas,23024.246485232787,34.26227155540593,388.63308967999996
SUB_HIFLD_1450,installed_8769__SUB_HIFLD_1450,natural gas,0.0,0.0,388.63308967999996
SUB_HIFLD_1450,installed_13311__SUB_HIFLD_1450,solar,240.8377028863,0.35838943881889884,0.0
SUB_HIFLD_1450,installed_13312__SUB_HIFLD_1450,solar,240.8377028863,0.35838943881889884,0.0
SUB_HIFLD_1450,installed_13313__SUB_HIFLD_1450,solar,170.466530058255,0.253670431634308,0.0
SUB_HIFLD_1454,installed_12537__SUB_HIFLD_1454,wind,474.83105886754595,0.7065938376005148,0.0
SUB_HIFLD_1454,installed_12538__SUB_HIFLD_1454,wind,474.83105886754595,0.7065938376005148,0.0
SUB_HIFLD_1455,installed_15174__SUB_HIFLD_1455,solar,2408.3770288630003,3.5838943881889884,0.0
SUB_HIFLD_1457,installed_12535__SUB_HIFLD_1457,wind,506.48646307026894,0.7537000938545668,0.0
SUB_HIFLD_1457,installed_12536__SUB_HIFLD_1457,wind,506.48646307026894,0.7537000938545668,0.0
SUB_HIFLD_1458,bess_SUB_HIFLD_1458,battery,-2.353214752089803,-0.0035018076668003016,
SUB_HIFLD_1461,installed_16837__SUB_HIFLD_1461,hydro,3198.586652692991,4.759801566507427,0.0
SUB_HIFLD_1461,installed_16838__SUB_HIFLD_1461,hydro,3198.586652692991,4.759801566507427,0.0
SUB_HIFLD_1461,installed_16839__SUB_HIFLD_1461,hydro,3198.586652692991,4.759801566507427,0.0
SUB_HIFLD_1462,installed_4861__SUB_HIFLD_1462,hydro,236.93234464392526,0.352577893815365,0.0
SUB_HIFLD_1462,installed_4862__SUB_HIFLD_1462,hydro,236.93234464392526,0.352577893815365,0.0
SUB_HIFLD_1462,installed_4863__SUB_HIFLD_1462,hydro,236.93234464392526,0.352577893815365,0.0
SUB_HIFLD_1462,installed_4864__SUB_HIFLD_1462,hydro,236.93234464392526,0.352577893815365,0.0
SUB_HIFLD_1465,installed_4879__SUB_HIFLD_1465,hydro,918.11283549521,1.3662393385345386,0.0
SUB_HIFLD_1467,installed_4819__SUB_HIFLD_1467,natural gas,32345.545659060204,48.133252468839586,413.407377536
SUB_HIFLD_1467,installed_4820__SUB_HIFLD_1467,natural gas,32330.364387320256,48.110661290655145,413.407377536
SUB_HIFLD_1467,installed_4821__SUB_HIFLD_1467,natural gas,16689.14996484637,24.83504459054519,413.407377536
SUB_HIFLD_1467,installed_4822__SUB_HIFLD_1467,natural gas,30490.747569985127,45.37313626485882,413.407377536
SUB_HIFLD_1467,installed_4823__SUB_HIFLD_1467,natural gas,31023.52679662634,46.16596249497967,413.407377536
SUB_HIFLD_1467,installed_4824__SUB_HIFLD_1467,natural gas,16772.271144898586,24.958736822765754,413.407377536
SUB_HIFLD_1467,installed_11355__SUB_HIFLD_1467,solar,60.20942566126399,0.08959735961497618,0.0
SUB_HIFLD_1467,installed_11356__SUB_HIFLD_1467,solar,60.20942566126399,0.08959735961497618,0.0
SUB_HIFLD_1467,installed_11357__SUB_HIFLD_1467,solar,60.20942566126399,0.08959735961497618,0.0
SUB_HIFLD_1467,installed_11358__SUB_HIFLD_1467,solar,60.20942566126399,0.08959735961497618,0.0
SUB_HIFLD_1467,installed_11359__SUB_HIFLD_1467,solar,60.20942566126399,0.08959735961497618,0.0
SUB_HIFLD_1467,installed_11360__SUB_HIFLD_1467,solar,60.20942566126399,0.08959735961497618,0.0
SUB_HIFLD_1467,installed_11361__SUB_HIFLD_1467,solar,60.20942566126399,0.08959735961497618,0.0
SUB_HIFLD_1467,installed_14436__SUB_HIFLD_1467,natural gas,572.0,0.8511904761904762,265.40575104000004
SUB_HIFLD_1468,installed_9160__SUB_HIFLD_1468,natural gas,25957.17479188389,38.62674820220817,385.7402983858702
SUB_HIFLD_1468,installed_14197__SUB_HIFLD_1468,solar,120.41885144315,0.17919471940944942,0.0
SUB_HIFLD_1469,installed_16908__SUB_HIFLD_1469,hydro,296.1654308049065,0.4407223672692061,0.0
SUB_HIFLD_1469,installed_16909__SUB_HIFLD_1469,hydro,296.1654308049065,0.4407223672692061,0.0
SUB_HIFLD_1469,installed_16910__SUB_HIFLD_1469,hydro,296.1654308049065,0.4407223672692061,0.0
SUB_HIFLD_1470,bess_SUB_HIFLD_1470,battery,-5.105259102446729,-0.007597111759593346,
SUB_HIFLD_1470,installed_11337__SUB_HIFLD_1470,solar,60.20942566126399,0.08959735961497618,0.0
SUB_HIFLD_1470,installed_11338__SUB_HIFLD_1470,solar,60.20942566126399,0.08959735961497618,0.0
SUB_HIFLD_1470,installed_11339__SUB_HIFLD_1470,solar,60.20942566126399,0.08959735961497618,0.0
SUB_HIFLD_1470,installed_11340__SUB_HIFLD_1470,solar,60.20942566126399,0.08959735961497618,0.0
SUB_HIFLD_1470,installed_11346__SUB_HIFLD_1470,solar,60.20942566126399,0.08959735961497618,0.0
SUB_HIFLD_1470,installed_11347__SUB_HIFLD_1470,solar,60.20942566126399,0.08959735961497618,0.0
SUB_HIFLD_1470,installed_11348__SUB_HIFLD_1470,solar,60.20942566126399,0.08959735961497618,0.0
SUB_HIFLD_1470,installed_11349__SUB_HIFLD_1470,solar,60.20942566126399,0.08959735961497618,0.0
SUB_HIFLD_1470,installed_11350__SUB_HIFLD_1470,solar,60.20942566126399,0.08959735961497618,0.0
SUB_HIFLD_1470,installed_11351__SUB_HIFLD_1470,solar,60.20942566126399,0.08959735961497618,0.0
SUB_HIFLD_1470,installed_11362__SUB_HIFLD_1470,solar,60.20942566126399,0.08959735961497618,0.0
SUB_HIFLD_1470,installed_11801__SUB_HIFLD_1470,solar,60.20942566126399,0.08959735961497618,0.0
SUB_HIFLD_1470,installed_11802__SUB_HIFLD_1470,solar,60.20942566126399,0.08959735961497618,0.0
SUB_HIFLD_1470,installed_11803__SUB_HIFLD_1470,solar,60.20942566126399,0.08959735961497618,0.0
SUB_HIFLD_1470,installed_11804__SUB_HIFLD_1470,solar,60.20942566126399,0.08959735961497618,0.0
SUB_HIFLD_1470,installed_11805__SUB_HIFLD_1470,solar,60.20942566126399,0.08959735961497618,0.0
SUB_HIFLD_1470,installed_13133__SUB_HIFLD_1470,solar,180.628277104414,0.2687920790244256,0.0
SUB_HIFLD_1470,installed_15526__SUB_HIFLD_1470,solar,361.25655432944995,0.5375841582283482,0.0
SUB_HIFLD_1471,installed_6597__SUB_HIFLD_1471,natural gas,2630.083615344971,3.9138149037871592,346.282111824
SUB_HIFLD_1471,installed_6598__SUB_HIFLD_1471,natural gas,730.2152164828103,1.0866297864327534,346.282111824
SUB_HIFLD_1471,installed_12331__SUB_HIFLD_1471,solar,180.628277104414,0.2687920790244256,0.0
SUB_HIFLD_1474,installed_6335__SUB_HIFLD_1474,wind,12567.19536350651,18.701183576646592,0.0
SUB_HIFLD_1476,installed_85__SUB_HIFLD_1476,hydro,385.0150600463784,0.5729390774499679,0.0
SUB_HIFLD_1476,installed_6322__SUB_HIFLD_1476,wind,6014.526747153689,8.950188611835847,0.0
SUB_HIFLD_1477,installed_6095__SUB_HIFLD_1477,wind,9813.17521937815,14.602939314550818,0.0
SUB_HIFLD_1477,installed_9249__SUB_HIFLD_1477,wind,19468.073419347802,28.970347350219942,0.0
SUB_HIFLD_1479,installed_7173__SUB_HIFLD_1479,wind,15669.42494712334,23.31759664750497,0.0
SUB_HIFLD_1479,installed_9340__SUB_HIFLD_1479,wind,7090.810482341721,10.551801313008513,0.0
SUB_HIFLD_1479,installed_11508__SUB_HIFLD_1479,wind,2057.6012558417533,3.0619066307168947,0.0
SUB_HIFLD_1479,installed_12077__SUB_HIFLD_1479,solar,289.00524346355996,0.43006732658267854,0.0
SUB_HIFLD_1480,installed_576__SUB_HIFLD_1480,wind,3703.6822605793604,5.511431935385953,0.0
SUB_HIFLD_1480,installed_8988__SUB_HIFLD_1480,wind,7027.499674578319,10.457588801455833,0.0
SUB_HIFLD_1480,installed_8989__SUB_HIFLD_1480,wind,14054.999345946411,20.91517759813454,0.0
SUB_HIFLD_1480,installed_10656__SUB_HIFLD_1480,wind,14244.931769236611,21.197815132792577,0.0
SUB_HIFLD_1480,installed_11740__SUB_HIFLD_1480,natural gas,13820.539482179058,20.566278991337885,420.67845729600003
SUB_HIFLD_1480,installed_11741__SUB_HIFLD_1480,natural gas,4514.452074905828,6.717934635276531,420.678457296
SUB_HIFLD_1480,installed_11742__SUB_HIFLD_1480,natural gas,2455.4663741015893,3.6539678186035554,420.67845729600003
SUB_HIFLD_1480,installed_11743__SUB_HIFLD_1480,natural gas,30642.41383676223,45.59883011422951,420.678457296
SUB_HIFLD_1480,installed_11744__SUB_HIFLD_1480,natural gas,1014.1035335096478,1.5090826391512617,420.67845729600003
SUB_HIFLD_1480,installed_11745__SUB_HIFLD_1480,natural gas,200.0,0.2976190476190476,420.678457296
SUB_HIFLD_1480,installed_11746__SUB_HIFLD_1480,natural gas,11528.940509031796,17.156161471773505,420.67845729600003
SUB_HIFLD_1480,installed_11747__SUB_HIFLD_1480,natural gas,14437.388105448335,21.4842084902505,420.678457296
SUB_HIFLD_1483,installed_8790__SUB_HIFLD_1483,natural gas,23591.61007780947,35.1065626157879,386.8719917404762
SUB_HIFLD_1483,installed_8791__SUB_HIFLD_1483,natural gas,13640.701344601459,20.298662715180743,386.87199174047623
SUB_HIFLD_1483,installed_8792__SUB_HIFLD_1483,natural gas,5385.570217283361,8.014241394766906,386.8719917404762
SUB_HIFLD_1483,installed_12056__SUB_HIFLD_1483,solar,481.6754057726,0.7167788776377977,0.0
SUB_HIFLD_1483,installed_12668__SUB_HIFLD_1483,wind,1899.32423611223,2.826375351357485,0.0
SUB_HIFLD_1483,installed_13039__SUB_HIFLD_1483,solar,264.92147317493,0.3942283827007887,0.0
SUB_HIFLD_1484,bess_SUB_HIFLD_1484,battery,-4.9713405682469585,-0.007397828226557974,
SUB_HIFLD_1484,installed_9393__SUB_HIFLD_1484,natural gas,3879.0219728866605,5.772354126319435,54.411989135999995
SUB_HIFLD_1484,installed_9394__SUB_HIFLD_1484,natural gas,6720.0,10.0,54.411989135999995
SUB_HIFLD_1484,installed_9395__SUB_HIFLD_1484,natural gas,5385.896119996959,8.014726369043094,54.411989135999995
SUB_HIFLD_1484,installed_9396__SUB_HIFLD_1484,natural gas,4523.360080230939,6.731190595581755,54.411989135999995
SUB_HIFLD_1485,installed_6336__SUB_HIFLD_1485,wind,6331.080785970689,9.42125116959924,0.0
SUB_HIFLD_1486,bess_SUB_HIFLD_1486,battery,-1.5871332862895757,-0.0023618054855499638,
SUB_HIFLD_1486,installed_9389__SUB_HIFLD_1486,natural gas,30989.53587602344,46.11538076789203,386.75779038837084
SUB_HIFLD_1486,installed_9390__SUB_HIFLD_1486,natural gas,16119.148883731068,23.986828696028375,386.75779038837084
SUB_HIFLD_1486,installed_9391__SUB_HIFLD_1486,natural gas,31843.31668059271,47.38588791754868,386.8322478457906
SUB_HIFLD_1486,installed_9392__SUB_HIFLD_1486,natural gas,4582.176566886384,6.818715129295214,386.83224784579056
SUB_HIFLD_1486,installed_14534__SUB_HIFLD_1486,natural gas,349.60997320176733,0.5202529363121537,265.40575104
SUB_HIFLD_1487,bess_SUB_HIFLD_1487,battery,-7.0279047450452,-0.01045819158488869,
SUB_HIFLD_1489,installed_16620__SUB_HIFLD_1489,hydro,1451.2106109440424,2.159539599619111,0.0
SUB_HIFLD_1490,installed_9248__SUB_HIFLD_1490,wind,12978.71561396861,19.313564901739003,0.0
SUB_HIFLD_1491,installed_5851__SUB_HIFLD_1491,hydro,2339.7069033587613,3.4817067014267282,0.0
SUB_HIFLD_1492,bess_SUB_HIFLD_1492,battery,-3.706429504179604,-0.005515520095505363,
SUB_HIFLD_1493,bess_SUB_HIFLD_1493,battery,-4.5645146832264265,-0.006792432564325039,
SUB_HIFLD_1493,installed_15875__SUB_HIFLD_1493,natural gas,873.6000000000001,1.3000000000000003,265.40575104
SUB_HIFLD_1504,installed_17809__SUB_HIFLD_1504,hydro,977.3459216561919,1.4543838119883807,0.0
SUB_HIFLD_1504,installed_17810__SUB_HIFLD_1504,hydro,977.3459216561919,1.4543838119883807,0.0
SUB_HIFLD_1504,installed_17811__SUB_HIFLD_1504,hydro,977.3459216561919,1.4543838119883807,0.0
SUB_HIFLD_1504,installed_17812__SUB_HIFLD_1504,hydro,977.3459216561919,1.4543838119883807,0.0
SUB_HIFLD_1504,installed_17813__SUB_HIFLD_1504,hydro,977.3459216561919,1.4543838119883807,0.0
SUB_HIFLD_1504,installed_17814__SUB_HIFLD_1504,hydro,977.3459216561919,1.4543838119883807,0.0
SUB_HIFLD_1504,installed_17815__SUB_HIFLD_1504,hydro,977.3459216561919,1.4543838119883807,0.0
SUB_HIFLD_1504,installed_17816__SUB_HIFLD_1504,hydro,977.3459216561919,1.4543838119883807,0.0
SUB_HIFLD_1504,installed_17817__SUB_HIFLD_1504,hydro,977.3459216561919,1.4543838119883807,0.0
SUB_HIFLD_1529,bess_SUB_HIFLD_1529,battery,-2.4972033095938335,-0.0037160763535622524,
SUB_HIFLD_1531,bess_SUB_HIFLD_1531,battery,-8.412740665299506,-0.012518959323362359,
SUB_HIFLD_1532,bess_SUB_HIFLD_1532,battery,-10.589141594342067,-0.01575765118205665,
SUB_HIFLD_1533,bess_SUB_HIFLD_1533,battery,-3.685377683690258,-0.005484192981681932,
SUB_HIFLD_1534,bess_SUB_HIFLD_1534,battery,-5.064590918054086,-0.0075365936280566755,
SUB_HIFLD_1536,bess_SUB_HIFLD_1536,battery,-8.268379615181123,-0.012304136332114766,
SUB_HIFLD_1537,bess_SUB_HIFLD_1537,battery,-11.890052636460638,-0.017693530709018808,
SUB_HIFLD_1538,installed_12831__SUB_HIFLD_1538,solar,203.93264247995,0.3034711941665923,0.0
SUB_HIFLD_1538,installed_12832__SUB_HIFLD_1538,solar,203.93264247995,0.3034711941665923,0.0
SUB_HIFLD_1538,installed_13176__SUB_HIFLD_1538,solar,2719.1018992723098,4.046282588202842,0.0
SUB_HIFLD_1538,installed_13177__SUB_HIFLD_1538,solar,1359.5509496361549,2.023141294101421,0.0
SUB_HIFLD_1538,installed_14060__SUB_HIFLD_1538,solar,2719.1018992723098,4.046282588202842,0.0
SUB_HIFLD_1538,installed_14830__SUB_HIFLD_1538,solar,11556.18307156205,17.19670099934829,0.0
SUB_HIFLD_1538,installed_14831__SUB_HIFLD_1538,solar,6797.75474887131,10.115706471534688,0.0
SUB_HIFLD_1538,installed_14832__SUB_HIFLD_1538,solar,679.7754748871309,1.0115706471534687,0.0
SUB_HIFLD_1538,installed_14947__SUB_HIFLD_1538,solar,2719.1018992723098,4.046282588202842,0.0
SUB_HIFLD_1541,bess_SUB_HIFLD_1541,battery,-8.217921395185632,-0.012229049695216715,
SUB_HIFLD_1542,installed_6056__SUB_HIFLD_1542,natural gas,18881.085391808516,28.096853261619817,297.351328416
SUB_HIFLD_1542,installed_6057__SUB_HIFLD_1542,natural gas,36763.703849958685,54.70789263386709,297.351328416
SUB_HIFLD_1542,installed_6058__SUB_HIFLD_1542,natural gas,6850.980674320744,10.194911717739203,297.351328416
SUB_HIFLD_1542,installed_6059__SUB_HIFLD_1542,natural gas,17248.124079719317,25.666851309106125,297.351328416
SUB_HIFLD_1542,installed_6060__SUB_HIFLD_1542,natural gas,16044.659285186033,23.875981079145884,297.351328416
SUB_HIFLD_1542,installed_6061__SUB_HIFLD_1542,natural gas,1330.0,1.9791666666666667,297.351328416
SUB_HIFLD_1543,bess_SUB_HIFLD_1543,battery,-9.399063931698162,-0.013986702279312742,
SUB_HIFLD_1545,bess_SUB_HIFLD_1545,battery,-3.6950694836338367,-0.005498615303026542,
SUB_HIFLD_1546,installed_6915__SUB_HIFLD_1546,hydro,1095.8120939781545,1.6306727588960632,0.0
SUB_HIFLD_1546,installed_6916__SUB_HIFLD_1546,hydro,325.78197388539724,0.48479460399612684,0.0
SUB_HIFLD_1546,installed_16440__SUB_HIFLD_1546,hydro,592.3308616098132,0.8814447345384124,0.0
SUB_HIFLD_1548,bess_SUB_HIFLD_1548,battery,-3.5742665725791483,-0.005318849066338018,
SUB_HIFLD_1549,bess_SUB_HIFLD_1549,battery,-8.314992567104666,-0.012373500843905752,
SUB_HIFLD_1551,bess_SUB_HIFLD_1551,battery,-7.088020042013179,-0.010547648872043422,
SUB_HIFLD_1551,installed_5347__SUB_HIFLD_1551,hydro,537.1058728885414,0.7992646917984247,0.0
SUB_HIFLD_1552,bess_SUB_HIFLD_1552,battery,-3.2991782818347892,-0.004909491490825579,
SUB_HIFLD_1553,bess_SUB_HIFLD_1553,battery,-4.876238940746872,-0.007256307947539988,
SUB_HIFLD_1554,bess_SUB_HIFLD_1554,battery,-4.418711017023593,-0.006575462822951776,
SUB_HIFLD_1555,bess_SUB_HIFLD_1555,battery,-3.55367524788728,-0.0052882072141179765,
SUB_HIFLD_1556,bess_SUB_HIFLD_1556,battery,-3.5964887948013704,-0.005351917849406801,
SUB_HIFLD_1558,bess_SUB_HIFLD_1558,battery,-4.649292192083135,-0.006918589571552285,
SUB_HIFLD_1559,bess_SUB_HIFLD_1559,battery,-3.2742665725791475,-0.004872420494909446,
SUB_HIFLD_1560,bess_SUB_HIFLD_1560,battery,-3.4940097140311286,-0.005199419217308227,
SUB_HIFLD_1561,bess_SUB_HIFLD_1561,battery,-8.817235463733173,-0.013120886106745793,
SUB_HIFLD_1562,bess_SUB_HIFLD_1562,battery,-5.9691929866134,-0.008882727658650894,
SUB_HIFLD_1563,bess_SUB_HIFLD_1563,battery,-3.4730961708462718,-0.0051682978732831425,
SUB_HIFLD_1564,bess_SUB_HIFLD_1564,battery,-3.5853776836902584,-0.005335383457872408,
SUB_HIFLD_1565,installed_6329__SUB_HIFLD_1565,natural gas,26102.930677382494,38.843646841342995,288.27708069179835
SUB_HIFLD_1565,installed_6330__SUB_HIFLD_1565,natural gas,900.9,1.340625,374.78861588940526
SUB_HIFLD_1565,installed_6331__SUB_HIFLD_1565,natural gas,6533.303868988938,9.722178376471634,330.4469055267026
SUB_HIFLD_1566,bess_SUB_HIFLD_1566,battery,-4.1951578251334745,-0.006242794382639099,
SUB_HIFLD_1566,installed_12142__SUB_HIFLD_1566,solar,163.14611398396,0.2427769553332738,0.0
SUB_HIFLD_1566,installed_12143__SUB_HIFLD_1566,solar,176.741623390552,0.2630083681407024,0.0
SUB_HIFLD_1566,installed_13485__SUB_HIFLD_1566,solar,244.71917097594,0.3641654329999107,0.0
SUB_HIFLD_1566,installed_13486__SUB_HIFLD_1566,solar,203.93264247995,0.3034711941665923,0.0
SUB_HIFLD_1566,installed_14819__SUB_HIFLD_1566,solar,176.741623390552,0.2630083681407024,0.0
SUB_HIFLD_1566,installed_14821__SUB_HIFLD_1566,solar,163.14611398396,0.2427769553332738,0.0
SUB_HIFLD_1566,installed_14822__SUB_HIFLD_1566,solar,135.955095032669,0.2023141295129003,0.0
SUB_HIFLD_1567,bess_SUB_HIFLD_1567,battery,-3.5742665725791487,-0.005318849066338019,
SUB_HIFLD_1568,bess_SUB_HIFLD_1568,battery,-6.678936441006054,-0.009938893513401867,
SUB_HIFLD_1568,installed_9874__SUB_HIFLD_1568,natural gas,32879.0,48.927083333333336,386.76621812475685
SUB_HIFLD_1568,installed_9875__SUB_HIFLD_1568,battery,-6.507913734559686,-0.009684395438332867,0.0
SUB_HIFLD_1571,bess_SUB_HIFLD_1571,battery,-0.7444444444444449,-0.0011078042328042336,
SUB_HIFLD_1573,bess_SUB_HIFLD_1573,battery,-14.861747601816187,-0.02211569583603599,
SUB_HIFLD_1576,bess_SUB_HIFLD_1576,battery,-4.42806652553539,-0.006589384710618139,
SUB_HIFLD_1576,installed_6402__SUB_HIFLD_1576,natural gas,662.0,0.9851190476190477,295.9163821629397
SUB_HIFLD_1580,bess_SUB_HIFLD_1580,battery,-4.0440423517022115,-0.006017920166223529,
SUB_HIFLD_1581,bess_SUB_HIFLD_1581,battery,-7.655606560086497,-0.011392271666795382,
SUB_HIFLD_1583,bess_SUB_HIFLD_1583,battery,-9.976014469827247,-0.014845259627719118,
SUB_HIFLD_1583,installed_13545__SUB_HIFLD_1583,solar,135.955095032669,0.2023141295129003,0.0
SUB_HIFLD_1584,bess_SUB_HIFLD_1584,battery,-13.050656234756845,-0.01942061939695959,
SUB_HIFLD_1586,bess_SUB_HIFLD_1586,battery,-10.063365555478558,-0.014975246362319283,
SUB_HIFLD_1587,bess_SUB_HIFLD_1587,battery,-12.153806622688595,-0.018086021759953268,
SUB_HIFLD_1589,bess_SUB_HIFLD_1589,battery,-4.5074834483801975,-0.006707564655327675,
SUB_HIFLD_1590,bess_SUB_HIFLD_1590,battery,-11.563147756116823,-0.017207065113269082,
SUB_HIFLD_1590,installed_14968__SUB_HIFLD_1590,solar,2408.3770288630003,3.5838943881889884,0.0
SUB_HIFLD_1590,installed_14969__SUB_HIFLD_1590,solar,1372.7749058488,2.0428198003702382,0.0
SUB_HIFLD_1590,installed_13306__SUB_HIFLD_1590,solar,113.64435337217,0.1691136210895387,0.0
SUB_HIFLD_1590,installed_13307__SUB_HIFLD_1590,solar,170.466530058255,0.253670431634308,0.0
SUB_HIFLD_1590,installed_13308__SUB_HIFLD_1590,solar,227.28870674434,0.3382272421790774,0.0
SUB_HIFLD_1590,installed_13309__SUB_HIFLD_1590,solar,170.466530058255,0.253670431634308,0.0
SUB_HIFLD_1590,installed_13310__SUB_HIFLD_1590,solar,170.466530058255,0.253670431634308,0.0
SUB_HIFLD_1590,installed_12962__SUB_HIFLD_1590,solar,203.93264247995,0.3034711941665923,0.0
SUB_HIFLD_1590,installed_13300__SUB_HIFLD_1590,solar,679.7754748871309,1.0115706471534687,0.0
SUB_HIFLD_1590,installed_13301__SUB_HIFLD_1590,solar,203.93264247995,0.3034711941665923,0.0
SUB_HIFLD_1590,installed_13302__SUB_HIFLD_1590,solar,203.93264247995,0.3034711941665923,0.0
SUB_HIFLD_1590,installed_13303__SUB_HIFLD_1590,solar,203.93264247995,0.3034711941665923,0.0
SUB_HIFLD_1590,installed_13304__SUB_HIFLD_1590,solar,203.93264247995,0.3034711941665923,0.0
SUB_HIFLD_1590,installed_13305__SUB_HIFLD_1590,solar,203.93264247995,0.3034711941665923,0.0
SUB_HIFLD_1590,installed_14603__SUB_HIFLD_1590,solar,2719.1018992723098,4.046282588202842,0.0
SUB_HIFLD_1590,installed_14604__SUB_HIFLD_1590,solar,2719.1018992723098,4.046282588202842,0.0
SUB_HIFLD_1590,installed_14605__SUB_HIFLD_1590,solar,2719.1018992723098,4.046282588202842,0.0
SUB_HIFLD_1590,installed_14606__SUB_HIFLD_1590,solar,5438.2037985446195,8.092565176405683,0.0
SUB_HIFLD_1591,bess_SUB_HIFLD_1591,battery,-8.060738160444648,-0.01199514607209025,
SUB_HIFLD_1593,bess_SUB_HIFLD_1593,battery,-15.57757402445714,-0.023180913726870745,
SUB_HIFLD_1597,bess_SUB_HIFLD_1597,battery,-3.4742665725791486,-0.005170039542528495,
SUB_HIFLD_1598,bess_SUB_HIFLD_1598,battery,-9.311605198026294,-0.013856555354205794,
SUB_HIFLD_1599,bess_SUB_HIFLD_1599,battery,-5.676853078957421,-0.008447698034162829,
SUB_HIFLD_1600,bess_SUB_HIFLD_1600,battery,-12.106952489310629,-0.018016298347188438,
SUB_HIFLD_1601,bess_SUB_HIFLD_1601,battery,-5.651155108652371,-0.00840945700692317,
SUB_HIFLD_1603,bess_SUB_HIFLD_1603,battery,-3.129261416065774,-0.00465663901200264,
SUB_HIFLD_1604,bess_SUB_HIFLD_1604,battery,-4.875488221528419,-0.007255190805845862,
SUB_HIFLD_1606,installed_16470__SUB_HIFLD_1606,hydro,2148.4234915541656,3.197058767193699,0.0
SUB_HIFLD_1606,installed_16471__SUB_HIFLD_1606,hydro,4833.95285599687,7.193382226185819,0.0
SUB_HIFLD_1606,installed_16621__SUB_HIFLD_1606,hydro,966.7905711993741,1.4386764452371639,0.0
SUB_HIFLD_1606,installed_16622__SUB_HIFLD_1606,hydro,966.7905711993741,1.4386764452371639,0.0
SUB_HIFLD_1607,bess_SUB_HIFLD_1607,battery,-2.9514591494904874,-0.004392052305789416,
SUB_HIFLD_1610,bess_SUB_HIFLD_1610,battery,-4.239922826143764,-0.00630940896747584,
SUB_HIFLD_1611,bess_SUB_HIFLD_1611,battery,-5.981281277625191,-0.00890071618694225,
SUB_HIFLD_1612,bess_SUB_HIFLD_1612,battery,-12.0904201208291,-0.017991696608376635,
SUB_HIFLD_1613,bess_SUB_HIFLD_1613,battery,-0.4216370213557834,-0.0006274360436842015,
SUB_HIFLD_1613,installed_5706__SUB_HIFLD_1613,natural gas,2302.6465198020087,3.4265573211339415,296.689084096
SUB_HIFLD_1613,installed_5707__SUB_HIFLD_1613,natural gas,1581.2952049464504,2.3531178645036466,296.689084096
SUB_HIFLD_1613,installed_5708__SUB_HIFLD_1613,natural gas,31718.399999999994,47.19999999999999,386.6126901137778
SUB_HIFLD_1613,installed_5709__SUB_HIFLD_1613,natural gas,9.316976266166474,0.013864548015128682,386.6126901137777
SUB_HIFLD_1613,installed_5710__SUB_HIFLD_1613,natural gas,26311.453947656697,39.153949326870084,447.5057025439999
SUB_HIFLD_1613,installed_5711__SUB_HIFLD_1613,natural gas,9852.723290513248,14.661790610882809,337.34891977866664
SUB_HIFLD_1615,bess_SUB_HIFLD_1615,battery,-3.2421036409786916,-0.004824558989551624,
SUB_HIFLD_1616,bess_SUB_HIFLD_1616,battery,-4.03099252986758,-0.005998500788493423,
SUB_HIFLD_1617,bess_SUB_HIFLD_1617,battery,-3.449093443803683,-0.005132579529469767,
SUB_HIFLD_1619,bess_SUB_HIFLD_1619,battery,-3.385377683690259,-0.005037764410253362,
SUB_HIFLD_1621,bess_SUB_HIFLD_1621,battery,-26.960044622609097,-0.040119114021739725,
SUB_HIFLD_1622,bess_SUB_HIFLD_1622,battery,-5.649012623322513,-0.00840626878470612,
SUB_HIFLD_1626,bess_SUB_HIFLD_1626,battery,-3.1964887948013696,-0.004756679754168705,
SUB_HIFLD_1629,bess_SUB_HIFLD_1629,battery,-5.637786242070281,-0.008389562860223633,
SUB_HIFLD_1631,bess_SUB_HIFLD_1631,battery,-3.5165909909797195,-0.005233022308005535,
SUB_HIFLD_1633,bess_SUB_HIFLD_1633,battery,-3.685377683690258,-0.005484192981681932,
SUB_HIFLD_1637,bess_SUB_HIFLD_1637,battery,-6.8176002561975935,-0.010145238476484514,
SUB_HIFLD_1638,bess_SUB_HIFLD_1638,battery,-4.761985059735159,-0.007086287291272558,
SUB_HIFLD_1639,bess_SUB_HIFLD_1639,battery,-4.725845222532138,-0.007032507771625206,
SUB_HIFLD_1640,bess_SUB_HIFLD_1640,battery,-3.3853776836902583,-0.005037764410253361,
SUB_HIFLD_1640,installed_11994__SUB_HIFLD_1640,solar,108.37696623852399,0.16127524737875593,0.0
SUB_HIFLD_1641,bess_SUB_HIFLD_1641,battery,-3.9514591494904887,-0.005880147543884656,
SUB_HIFLD_1642,bess_SUB_HIFLD_1642,battery,-1.3542510723537897,-0.0020152545719550443,
SUB_HIFLD_1643,bess_SUB_HIFLD_1643,battery,-9.093736230858807,-0.01353234558163513,
SUB_HIFLD_1643,installed_13723__SUB_HIFLD_1643,solar,203.93264247995,0.3034711941665923,0.0
SUB_HIFLD_1643,installed_13724__SUB_HIFLD_1643,solar,135.955095032669,0.2023141295129003,0.0
SUB_HIFLD_1643,installed_13725__SUB_HIFLD_1643,solar,135.955095032669,0.2023141295129003,0.0
SUB_HIFLD_1643,installed_13789__SUB_HIFLD_1643,solar,203.93264247995,0.3034711941665923,0.0
SUB_HIFLD_1644,installed_15820__SUB_HIFLD_1644,wind,567.7313999999999,0.8448383928571427,0.0
SUB_HIFLD_1645,bess_SUB_HIFLD_1645,battery,-5.303451796775646,-0.007892041364249473,
SUB_HIFLD_1646,bess_SUB_HIFLD_1646,battery,-10.9687665761762,-0.01632256930978601,
SUB_HIFLD_1647,bess_SUB_HIFLD_1647,battery,-7.33198349971898,-0.010910689731724673,
SUB_HIFLD_1648,bess_SUB_HIFLD_1648,battery,-3.6725258535414804,-0.005465068234436727,
SUB_HIFLD_1650,bess_SUB_HIFLD_1650,battery,-3.9514591494904847,-0.00588014754388465,
SUB_HIFLD_1652,bess_SUB_HIFLD_1652,battery,-7.663716585670498,-0.011404340157247764,
SUB_HIFLD_1652,installed_12507__SUB_HIFLD_1652,solar,271.91018992723104,0.4046282588202843,0.0
SUB_HIFLD_1652,installed_13882__SUB_HIFLD_1652,solar,679.7754748871309,1.0115706471534687,0.0
SUB_HIFLD_1652,installed_13890__SUB_HIFLD_1652,solar,1359.5509496361549,2.023141294101421,0.0
SUB_HIFLD_1652,installed_14355__SUB_HIFLD_1652,solar,271.91018992723104,0.4046282588202843,0.0
SUB_HIFLD_1652,installed_14671__SUB_HIFLD_1652,solar,407.8652849599,0.6069423883331846,0.0
SUB_HIFLD_1653,bess_SUB_HIFLD_1653,battery,-12.514652232038106,-0.018622994392913848,
SUB_HIFLD_1654,bess_SUB_HIFLD_1654,battery,-3.6075999059124806,-0.005368452240941192,
SUB_HIFLD_1655,installed_12707__SUB_HIFLD_1655,natural gas,2532.6000000000004,3.7687500000000007,269.36061968800004
SUB_HIFLD_1655,installed_12708__SUB_HIFLD_1655,natural gas,2387.760509624678,3.553215044084342,269.36061968800004
SUB_HIFLD_1656,bess_SUB_HIFLD_1656,battery,-8.702524659314395,-0.012950185504932136,
SUB_HIFLD_1657,bess_SUB_HIFLD_1657,battery,-5.3541613142773095,-0.007967501955769805,
SUB_HIFLD_1659,bess_SUB_HIFLD_1659,battery,-14.142226563158475,-0.021044980004700113,
SUB_HIFLD_1659,installed_11242__SUB_HIFLD_1659,waste,1830.400000128,2.723809524,0.0
SUB_HIFLD_1659,installed_11243__SUB_HIFLD_1659,waste,1830.400000128,2.723809524,0.0
SUB_HIFLD_1659,installed_11244__SUB_HIFLD_1659,waste,1830.400000128,2.723809524,0.0
SUB_HIFLD_1660,bess_SUB_HIFLD_1660,battery,-9.330264251255755,-0.013884321802463922,
SUB_HIFLD_1661,bess_SUB_HIFLD_1661,battery,-3.2742665725791484,-0.004872420494909447,
SUB_HIFLD_1662,bess_SUB_HIFLD_1662,battery,-3.3853776836902583,-0.005037764410253361,
SUB_HIFLD_1663,bess_SUB_HIFLD_1663,battery,-6.777069664040479,-0.010084925095298332,
SUB_HIFLD_1664,bess_SUB_HIFLD_1664,battery,-3.951459149490487,-0.005880147543884653,
SUB_HIFLD_1667,bess_SUB_HIFLD_1667,battery,-4.754772198867216,-0.007075553867361929,
SUB_HIFLD_1667,installed_11191__SUB_HIFLD_1667,waste,672.0,1.0,21.36311824486957
SUB_HIFLD_1667,installed_11192__SUB_HIFLD_1667,waste,554.6666664000002,0.8253968250000002,0.0
SUB_HIFLD_1668,bess_SUB_HIFLD_1668,battery,-22.912785345393573,-0.03409640676397853,
SUB_HIFLD_1669,installed_16648__SUB_HIFLD_1669,oil,0.0,0.0,58.36082536068125
SUB_HIFLD_1669,installed_16649__SUB_HIFLD_1669,oil,0.0,0.0,93.65532107163664
SUB_HIFLD_1669,installed_16650__SUB_HIFLD_1669,oil,0.0,0.0,93.65532107163664
SUB_HIFLD_1669,installed_16651__SUB_HIFLD_1669,oil,0.0,0.0,127.77058597457376
SUB_HIFLD_1669,installed_16652__SUB_HIFLD_1669,oil,0.0,0.0,58.36082536068125
SUB_HIFLD_1669,installed_16653__SUB_HIFLD_1669,oil,0.0,0.0,93.65532107163664
SUB_HIFLD_1669,installed_16654__SUB_HIFLD_1669,oil,0.4,0.0005952380952380953,111.5843701557387
SUB_HIFLD_1669,installed_16655__SUB_HIFLD_1669,oil,0.4,0.0005952380952380953,111.5843701557387
SUB_HIFLD_1669,installed_16656__SUB_HIFLD_1669,oil,0.4,0.0005952380952380953,111.5843701557387
SUB_HIFLD_1669,installed_16657__SUB_HIFLD_1669,oil,0.4,0.0005952380952380953,111.5843701557387
SUB_HIFLD_1669,installed_16658__SUB_HIFLD_1669,oil,0.4,0.0005952380952380953,111.5843701557387
SUB_HIFLD_1669,installed_16659__SUB_HIFLD_1669,oil,0.4,0.0005952380952380953,111.58437015573867
SUB_HIFLD_1669,installed_16660__SUB_HIFLD_1669,oil,0.4,0.0005952380952380953,111.5843701557387
SUB_HIFLD_1669,installed_16661__SUB_HIFLD_1669,oil,0.4,0.0005952380952380953,111.58437015573872
SUB_HIFLD_1669,installed_16662__SUB_HIFLD_1669,oil,0.4,0.0005952380952380953,111.5843701557387
SUB_HIFLD_1669,installed_16663__SUB_HIFLD_1669,oil,0.4,0.0005952380952380953,111.5843701557387
SUB_HIFLD_1669,installed_16664__SUB_HIFLD_1669,oil,0.4,0.0005952380952380953,111.58437015573867
SUB_HIFLD_1669,installed_16665__SUB_HIFLD_1669,oil,0.4,0.0005952380952380953,111.5843701557387
SUB_HIFLD_1669,installed_16666__SUB_HIFLD_1669,oil,0.4,0.0005952380952380953,111.5843701557387
SUB_HIFLD_1669,installed_16667__SUB_HIFLD_1669,oil,0.30000000000000004,0.00044642857142857147,111.5843701557387
SUB_HIFLD_1669,installed_16668__SUB_HIFLD_1669,oil,0.4,0.0005952380952380953,111.58437015573872
SUB_HIFLD_1669,installed_16669__SUB_HIFLD_1669,oil,0.4,0.0005952380952380953,111.5843701557387
SUB_HIFLD_1669,installed_16670__SUB_HIFLD_1669,oil,0.30000000000000004,0.00044642857142857147,111.5843701557387
SUB_HIFLD_1669,installed_16671__SUB_HIFLD_1669,oil,0.30000000000000004,0.00044642857142857147,111.58437015573872
SUB_HIFLD_1669,installed_16672__SUB_HIFLD_1669,oil,0.4,0.0005952380952380953,111.58437015573872
SUB_HIFLD_1669,installed_16673__SUB_HIFLD_1669,oil,0.30000000000000004,0.00044642857142857147,111.58437015573872
SUB_HIFLD_1669,installed_16674__SUB_HIFLD_1669,oil,0.4,0.0005952380952380953,111.58437015573872
SUB_HIFLD_1669,installed_16675__SUB_HIFLD_1669,oil,0.4,0.0005952380952380953,111.58437015573874
SUB_HIFLD_1669,installed_16676__SUB_HIFLD_1669,oil,0.4,0.0005952380952380953,111.58437015573874
SUB_HIFLD_1669,installed_16677__SUB_HIFLD_1669,battery,-0.6507913734559692,-0.0009684395438332874,0.0
SUB_HIFLD_1671,bess_SUB_HIFLD_1671,battery,-11.692690821007364,-0.01739983753126096,
SUB_HIFLD_1671,installed_11482__SUB_HIFLD_1671,solar,8973.03626773673,13.352732541274897,0.0
SUB_HIFLD_1672,bess_SUB_HIFLD_1672,battery,-11.503889769990765,-0.01711888358629578,
SUB_HIFLD_1673,bess_SUB_HIFLD_1673,battery,-4.331266092740087,-0.006445336447529891,
SUB_HIFLD_1674,bess_SUB_HIFLD_1674,battery,-42.3674563328663,-0.06304681001914628,
SUB_HIFLD_1675,bess_SUB_HIFLD_1675,battery,-7.716635989105608,-0.011483089269502393,
SUB_HIFLD_1676,bess_SUB_HIFLD_1676,battery,-4.018164693956972,-0.00597941174695978,
SUB_HIFLD_1677,bess_SUB_HIFLD_1677,battery,-12.978011321604269,-0.0193125168476254,
SUB_HIFLD_1678,bess_SUB_HIFLD_1678,battery,-7.1464323103029646,-0.010634571890331793,
SUB_HIFLD_1678,installed_14581__SUB_HIFLD_1678,solar,203.93264247995,0.3034711941665923,0.0
SUB_HIFLD_1678,installed_14734__SUB_HIFLD_1678,solar,407.8652849599,0.6069423883331846,0.0
SUB_HIFLD_1679,bess_SUB_HIFLD_1679,battery,-6.719600896168823,-0.00999940609548932,
SUB_HIFLD_1681,installed_514__SUB_HIFLD_1681,natural gas,0.0,0.0,336.816327172
SUB_HIFLD_1681,installed_515__SUB_HIFLD_1681,natural gas,643.0158935497296,0.9568688892109072,376.28968929020164
SUB_HIFLD_1681,installed_11518__SUB_HIFLD_1681,solar,163.14611398396,0.2427769553332738,0.0
SUB_HIFLD_1684,bess_SUB_HIFLD_1684,battery,-15.591458768991748,-0.023201575549094862,
SUB_HIFLD_1688,bess_SUB_HIFLD_1688,battery,-7.107130851461757,-0.010576087576579995,
SUB_HIFLD_1689,installed_15616__SUB_HIFLD_1689,solar,1291.573402188874,1.9219842294477292,0.0
SUB_HIFLD_1690,bess_SUB_HIFLD_1690,battery,-0.766666666666667,-0.0011408730158730164,
SUB_HIFLD_1691,bess_SUB_HIFLD_1691,battery,-4.957339171188264,-0.00737699281426825,
SUB_HIFLD_1693,bess_SUB_HIFLD_1693,battery,-7.63979657858557,-0.01136874490860948,
SUB_HIFLD_1693,installed_12179__SUB_HIFLD_1693,solar,176.741623390552,0.2630083681407024,0.0
SUB_HIFLD_1693,installed_12184__SUB_HIFLD_1693,solar,176.741623390552,0.2630083681407024,0.0
SUB_HIFLD_1698,bess_SUB_HIFLD_1698,battery,-3.373096170846271,-0.0050194883494736175,
SUB_HIFLD_1699,bess_SUB_HIFLD_1699,battery,-6.4317991707397,-0.00957112971836265,
SUB_HIFLD_1701,bess_SUB_HIFLD_1701,battery,-6.81679474175753,-0.010144039794282038,
SUB_HIFLD_1702,bess_SUB_HIFLD_1702,battery,-21.394506050312295,-0.031837062574869485,
SUB_HIFLD_1703,bess_SUB_HIFLD_1703,battery,-2.663740662334476,-0.0039638997951405896,
SUB_HIFLD_1704,bess_SUB_HIFLD_1704,battery,-3.4730961708462713,-0.005168297873283142,
SUB_HIFLD_1705,bess_SUB_HIFLD_1705,battery,-7.385784117455297,-0.010990750174784668,
SUB_HIFLD_1706,bess_SUB_HIFLD_1706,battery,-11.175374137021656,-0.016630021037234606,
SUB_HIFLD_1706,installed_14733__SUB_HIFLD_1706,solar,503.033851358472,0.74856227880725,0.0
SUB_HIFLD_1710,bess_SUB_HIFLD_1710,battery,-3.322293234103631,-0.004943888741225641,
SUB_HIFLD_1713,bess_SUB_HIFLD_1713,battery,-6.60481512762237,-0.00982859393991424,
SUB_HIFLD_1715,bess_SUB_HIFLD_1715,battery,-5.921976552094608,-0.008812465107283642,
SUB_HIFLD_1717,bess_SUB_HIFLD_1717,battery,-7.2083410805962,-0.010726698036601487,
SUB_HIFLD_1718,bess_SUB_HIFLD_1718,battery,-3.058690532673473,-0.004551622816478382,
SUB_HIFLD_1719,bess_SUB_HIFLD_1719,battery,-11.915946373655764,-0.017732063056035363,
SUB_HIFLD_1719,installed_6069__SUB_HIFLD_1719,hydro,296.1654308049066,0.4407223672692062,0.0
SUB_HIFLD_1720,bess_SUB_HIFLD_1720,battery,-2.4097161407413314,-0.0035858871141984097,
SUB_HIFLD_1722,bess_SUB_HIFLD_1722,battery,-6.793284577821291,-0.010109054431281683,
SUB_HIFLD_1723,bess_SUB_HIFLD_1723,battery,-9.128099075858639,-0.013583480767646785,
SUB_HIFLD_1724,bess_SUB_HIFLD_1724,battery,-13.867543555683849,-0.02063622552929144,
SUB_HIFLD_1725,bess_SUB_HIFLD_1725,battery,-4.941416938029775,-0.0073532990149252605,
SUB_HIFLD_1726,bess_SUB_HIFLD_1726,battery,-0.766666666666667,-0.0011408730158730164,
SUB_HIFLD_1727,bess_SUB_HIFLD_1727,battery,-2.730407329001142,-0.0040631061443469375,
SUB_HIFLD_1728,installed_6592__SUB_HIFLD_1728,waste,6249.5999999999985,9.299999999999997,326.3225748051709
SUB_HIFLD_1728,installed_6593__SUB_HIFLD_1728,waste,6249.5999999999985,9.299999999999997,326.3225748051709
SUB_HIFLD_1728,installed_6594__SUB_HIFLD_1728,waste,6249.5999999999985,9.299999999999997,326.3225748051709
SUB_HIFLD_1730,bess_SUB_HIFLD_1730,battery,-14.793477418549433,-0.022014103301412846,
SUB_HIFLD_1730,installed_12957__SUB_HIFLD_1730,solar,203.93264247995,0.3034711941665923,0.0
SUB_HIFLD_1730,installed_12958__SUB_HIFLD_1730,solar,203.93264247995,0.3034711941665923,0.0
SUB_HIFLD_1730,installed_12959__SUB_HIFLD_1730,solar,135.955095032669,0.2023141295129003,0.0
SUB_HIFLD_1731,bess_SUB_HIFLD_1731,battery,-3.385377683690259,-0.005037764410253362,
SUB_HIFLD_1732,installed_6110__SUB_HIFLD_1732,battery,-28.76582746911938,-0.042806290876665744,0.0
SUB_HIFLD_1733,bess_SUB_HIFLD_1733,battery,-14.313650924262284,-0.02130007578015221,
SUB_HIFLD_1734,bess_SUB_HIFLD_1734,battery,-4.070872654727657,-0.006057846212392346,
SUB_HIFLD_1736,installed_16623__SUB_HIFLD_1736,hydro,2932.0377649685743,4.363151435965141,0.0
SUB_HIFLD_1740,bess_SUB_HIFLD_1740,battery,-2.7637406623344747,-0.004112709318950111,
SUB_HIFLD_1741,bess_SUB_HIFLD_1741,battery,-3.5964887948013713,-0.005351917849406802,
SUB_HIFLD_1742,bess_SUB_HIFLD_1742,battery,-3.5853776836902593,-0.00533538345787241,
SUB_HIFLD_1743,bess_SUB_HIFLD_1743,battery,-4.795318393068495,-0.007135890465875737,
SUB_HIFLD_1744,bess_SUB_HIFLD_1744,battery,-7.238502845802966,-0.010771581615778222,
SUB_HIFLD_1745,bess_SUB_HIFLD_1745,battery,-6.486755380832778,-0.00965290979290592,
SUB_HIFLD_1746,bess_SUB_HIFLD_1746,battery,-9.85230803052085,-0.014661172664465552,
SUB_HIFLD_1747,bess_SUB_HIFLD_1747,battery,-16.864858010729236,-0.025096514896918505,
SUB_HIFLD_1748,installed_6816__SUB_HIFLD_1748,natural gas,9824.285405377519,14.619472329430831,299.856517032
SUB_HIFLD_1748,installed_6817__SUB_HIFLD_1748,natural gas,2199.628500433529,3.273256697073704,299.856517032
SUB_HIFLD_1754,bess_SUB_HIFLD_1754,battery,-3.3075999059124785,-0.0049220236695126166,
SUB_HIFLD_1755,bess_SUB_HIFLD_1755,battery,-5.59853522126486,-0.008331153603072707,
SUB_HIFLD_1756,installed_12950__SUB_HIFLD_1756,solar,135.955095032669,0.2023141295129003,0.0
SUB_HIFLD_1756,installed_12951__SUB_HIFLD_1756,solar,135.955095032669,0.2023141295129003,0.0
SUB_HIFLD_1756,installed_12952__SUB_HIFLD_1756,solar,203.93264247995,0.3034711941665923,0.0
SUB_HIFLD_1756,installed_12953__SUB_HIFLD_1756,solar,203.93264247995,0.3034711941665923,0.0
SUB_HIFLD_1756,installed_12954__SUB_HIFLD_1756,solar,203.93264247995,0.3034711941665923,0.0
SUB_HIFLD_1756,installed_12955__SUB_HIFLD_1756,solar,135.955095032669,0.2023141295129003,0.0
SUB_HIFLD_1756,installed_12960__SUB_HIFLD_1756,solar,203.93264247995,0.3034711941665923,0.0
SUB_HIFLD_1756,installed_12961__SUB_HIFLD_1756,solar,203.93264247995,0.3034711941665923,0.0
SUB_HIFLD_1756,installed_13187__SUB_HIFLD_1756,solar,135.955095032669,0.2023141295129003,0.0
SUB_HIFLD_1756,installed_14142__SUB_HIFLD_1756,solar,2719.1018992723098,4.046282588202842,0.0
SUB_HIFLD_1760,bess_SUB_HIFLD_1760,battery,-3.685377683690259,-0.005484192981681933,
SUB_HIFLD_1761,bess_SUB_HIFLD_1761,battery,-5.172510969979833,-0.007697188943422371,
SUB_HIFLD_1762,bess_SUB_HIFLD_1762,battery,-3.7614337098704422,-0.00559737159206911,
SUB_HIFLD_1763,bess_SUB_HIFLD_1763,battery,-44.61914205366669,-0.06639753281795639,
SUB_HIFLD_1764,bess_SUB_HIFLD_1764,battery,-6.002072743886483,-0.008931655868878695,
SUB_HIFLD_1765,installed_9275__SUB_HIFLD_1765,natural gas,782.9999999999999,1.1651785714285712,277.7798315184
SUB_HIFLD_1765,installed_9276__SUB_HIFLD_1765,natural gas,594.0,0.8839285714285714,277.7798315184
SUB_HIFLD_1765,installed_9277__SUB_HIFLD_1765,natural gas,25268.465977401196,37.601883894942254,390.26869623436437
SUB_HIFLD_1765,installed_9278__SUB_HIFLD_1765,natural gas,25218.887754696723,37.52810677782251,390.26869623436437
SUB_HIFLD_1765,installed_9279__SUB_HIFLD_1765,natural gas,18018.122999620955,26.81268303515023,399.63067098670126
SUB_HIFLD_1766,bess_SUB_HIFLD_1766,battery,-8.754906608214121,-0.013028134833651965,
SUB_HIFLD_1769,bess_SUB_HIFLD_1769,battery,-3.4742665725791477,-0.005170039542528494,
SUB_HIFLD_1770,bess_SUB_HIFLD_1770,battery,-13.789480077120523,-0.020520059638572206,
SUB_HIFLD_1771,installed_16178__SUB_HIFLD_1771,hydro,11254.286370586451,16.747449956229836,0.0
SUB_HIFLD_1771,installed_16179__SUB_HIFLD_1771,hydro,11254.28637058645,16.747449956229836,0.0
SUB_HIFLD_1772,bess_SUB_HIFLD_1772,battery,-4.052044350356927,-0.0060298279023168555,
SUB_HIFLD_1774,installed_12025__SUB_HIFLD_1774,waste,3830.400000000001,5.700000000000001,298.192741576
SUB_HIFLD_1777,bess_SUB_HIFLD_1777,battery,-7.772067661438815,-0.011565576877141093,
SUB_HIFLD_1777,installed_10750__SUB_HIFLD_1777,solar,36.125655372634,0.05375841573308631,0.0
SUB_HIFLD_1777,installed_10751__SUB_HIFLD_1777,solar,36.125655372634,0.05375841573308631,0.0
SUB_HIFLD_1777,installed_10752__SUB_HIFLD_1777,solar,36.125655372634,0.05375841573308631,0.0
SUB_HIFLD_1777,installed_10753__SUB_HIFLD_1777,solar,36.125655372634,0.05375841573308631,0.0
SUB_HIFLD_1777,installed_12964__SUB_HIFLD_1777,solar,180.628277104414,0.2687920790244256,0.0
SUB_HIFLD_1777,installed_12965__SUB_HIFLD_1777,solar,60.20942566126399,0.08959735961497618,0.0
SUB_HIFLD_1778,bess_SUB_HIFLD_1778,battery,-6.332360467626753,-0.009423155457777907,
SUB_HIFLD_1779,bess_SUB_HIFLD_1779,battery,-3.2273803018120955,-0.004802649258648951,
SUB_HIFLD_1815,installed_17245__SUB_HIFLD_1815,hydro,264.6863580327312,0.3938785089772786,0.0
SUB_HIFLD_1815,installed_17246__SUB_HIFLD_1815,hydro,661.7158950818279,0.9846962724431962,0.0
SUB_HIFLD_1832,bess_SUB_HIFLD_1832,battery,0.0,0.0,
SUB_HIFLD_1833,bess_SUB_HIFLD_1833,battery,-1.3649110640673516,-0.0020311176548621305,
SUB_HIFLD_1836,bess_SUB_HIFLD_1836,battery,-1.3649110640673507,-0.002031117654862129,
SUB_HIFLD_1840,bess_SUB_HIFLD_1840,battery,-0.9432740427115673,-0.0014036816111779277,
SUB_HIFLD_1844,bess_SUB_HIFLD_1844,battery,-1.0432740427115679,-0.0015524911349874522,
SUB_HIFLD_1845,bess_SUB_HIFLD_1845,battery,-1.054385153822678,-0.0015690255265218423,
SUB_HIFLD_1848,bess_SUB_HIFLD_1848,battery,0.0,0.0,
SUB_HIFLD_1851,bess_SUB_HIFLD_1851,battery,-0.9432740427115673,-0.0014036816111779277,
SUB_HIFLD_1853,bess_SUB_HIFLD_1853,battery,-0.6756479503862991,-0.0010054284975986594,
SUB_HIFLD_1854,bess_SUB_HIFLD_1854,battery,-1.043274042711567,-0.001552491134987451,
SUB_HIFLD_1856,bess_SUB_HIFLD_1856,battery,-0.8376065919395512,-0.0012464383808624274,
SUB_HIFLD_1860,bess_SUB_HIFLD_1860,battery,-0.6498131450808269,-0.0009669838468464685,
SUB_HIFLD_1862,bess_SUB_HIFLD_1862,battery,-1.043274042711567,-0.001552491134987451,
SUB_HIFLD_1864,bess_SUB_HIFLD_1864,battery,-0.8600129911365988,-0.0012797812368104148,
SUB_HIFLD_1866,bess_SUB_HIFLD_1866,battery,-0.42163702135578474,-0.0006274360436842035,
SUB_HIFLD_1867,bess_SUB_HIFLD_1867,battery,-0.8432740427115677,-0.0012548720873684044,
SUB_HIFLD_1870,bess_SUB_HIFLD_1870,battery,-0.4216370213557843,-0.0006274360436842028,
SUB_HIFLD_1870,installed_4656__SUB_HIFLD_1870,hydro,444.2481462073597,0.6610835509038091,0.0
SUB_HIFLD_1870,installed_4657__SUB_HIFLD_1870,hydro,444.24814620735964,0.661083550903809,0.0
SUB_HIFLD_1870,installed_4793__SUB_HIFLD_1870,hydro,3346.669368095444,4.98016275014203,0.0
SUB_HIFLD_1871,bess_SUB_HIFLD_1871,battery,-5.040348038379376,-0.007500517914255024,
SUB_HIFLD_1872,bess_SUB_HIFLD_1872,battery,-5.040348038379378,-0.007500517914255027,
SUB_HIFLD_1874,installed_255__SUB_HIFLD_1874,natural gas,27635.42882586061,41.12415003848305,422.847987832
SUB_HIFLD_1874,installed_256__SUB_HIFLD_1874,natural gas,25536.0,38.0,422.847987832
SUB_HIFLD_1874,installed_9075__SUB_HIFLD_1874,natural gas,0.0,0.0,386.7517473559208
SUB_HIFLD_1925,bess_SUB_HIFLD_1925,battery,-7.224625098214418,-0.010750930205676216,
SUB_HIFLD_1926,bess_SUB_HIFLD_1926,battery,-10.738187067876803,-0.015979445041483336,
SUB_HIFLD_1926,installed_9873__SUB_HIFLD_1926,natural gas,32351.86814738212,48.14266093360435,386.7662181247569
SUB_HIFLD_1927,bess_SUB_HIFLD_1927,battery,-7.970207808338653,-0.011860428286218234,
SUB_HIFLD_1928,bess_SUB_HIFLD_1928,battery,-5.144205404126387,-0.007655067565664266,
SUB_HIFLD_1929,bess_SUB_HIFLD_1929,battery,-11.657254274862368,-0.017347104575688048,
SUB_HIFLD_1930,bess_SUB_HIFLD_1930,battery,-6.450198030179113,-0.009598508973480822,
SUB_HIFLD_1931,bess_SUB_HIFLD_1931,battery,-6.023255964815762,-0.008963178519071075,
SUB_HIFLD_1932,bess_SUB_HIFLD_1932,battery,-17.949259267305415,-0.02671020724301401,
SUB_HIFLD_1933,bess_SUB_HIFLD_1933,battery,-4.893612565065901,-0.007282161555157591,
SUB_HIFLD_1934,bess_SUB_HIFLD_1934,battery,-7.517671728563103,-0.011187011500837951,
SUB_HIFLD_1935,bess_SUB_HIFLD_1935,battery,-5.6242276142031615,-0.008369386330659466,
SUB_HIFLD_1936,bess_SUB_HIFLD_1936,battery,-16.02725978087252,-0.023850088959631727,
SUB_HIFLD_1937,bess_SUB_HIFLD_1937,battery,-11.180272518872414,-0.016637310295941093,
SUB_HIFLD_1938,bess_SUB_HIFLD_1938,battery,-6.047803616858887,-0.008999707763182867,
SUB_HIFLD_1940,bess_SUB_HIFLD_1940,battery,-68.58848267687931,-0.10206619445964182,
SUB_HIFLD_1942,bess_SUB_HIFLD_1942,battery,-14.304039007510557,-0.021285772332604997,
SUB_HIFLD_1943,bess_SUB_HIFLD_1943,battery,-9.798658326283617,-0.014581336795064907,
SUB_HIFLD_1944,bess_SUB_HIFLD_1944,battery,-5.397225353972179,-0.008031585348172885,
SUB_HIFLD_1945,bess_SUB_HIFLD_1945,battery,-6.2732103023929024,-0.009335134378560867,
SUB_HIFLD_1946,bess_SUB_HIFLD_1946,battery,-6.114657766726134,-0.009099193105247224,
SUB_HIFLD_1946,installed_15500__SUB_HIFLD_1946,battery,-8.868320010883389,-0.013196904778100281,0.0
SUB_HIFLD_1947,bess_SUB_HIFLD_1947,battery,-3.4959035939349326,-0.005202237490974602,
SUB_HIFLD_1948,bess_SUB_HIFLD_1948,battery,-5.389703116102417,-0.008020391541819074,
SUB_HIFLD_1949,bess_SUB_HIFLD_1949,battery,-12.038991730264922,-0.01791516626527518,
SUB_HIFLD_1950,bess_SUB_HIFLD_1950,battery,-3.5070147050460427,-0.005218771882508992,
SUB_HIFLD_1951,bess_SUB_HIFLD_1951,battery,-12.487346807498616,-0.018582361320682465,
SUB_HIFLD_1952,bess_SUB_HIFLD_1952,battery,-18.79360897608225,-0.02796668002393192,
SUB_HIFLD_1953,bess_SUB_HIFLD_1953,battery,-3.6181258161571543,-0.005384115797852908,
SUB_HIFLD_1955,bess_SUB_HIFLD_1955,battery,-11.717065640823089,-0.017436109584558167,
SUB_HIFLD_1956,bess_SUB_HIFLD_1956,battery,-6.145032826240907,-0.009144394086668017,
SUB_HIFLD_1957,bess_SUB_HIFLD_1957,battery,-9.124989068010262,-0.013578852779777176,
SUB_HIFLD_1958,bess_SUB_HIFLD_1958,battery,-6.257986754080136,-0.009312480288809726,
SUB_HIFLD_1960,bess_SUB_HIFLD_1960,battery,-7.9344232088468445,-0.011807177394117328,
SUB_HIFLD_1962,bess_SUB_HIFLD_1962,battery,-23.877138245103584,-0.03553145572188034,
SUB_HIFLD_1963,bess_SUB_HIFLD_1963,battery,-6.905480721463678,-0.010276012978368568,
SUB_HIFLD_1964,bess_SUB_HIFLD_1964,battery,-8.440498076579143,-0.01256026499490944,
SUB_HIFLD_1965,bess_SUB_HIFLD_1965,battery,-31.61228448288789,-0.04704209000429745,
SUB_HIFLD_1966,bess_SUB_HIFLD_1966,battery,-11.489142339824244,-0.01709693800569084,
SUB_HIFLD_1967,bess_SUB_HIFLD_1967,battery,-26.49332558694222,-0.03942459164723545,
SUB_HIFLD_1968,installed_5853__SUB_HIFLD_1968,hydro,918.11283549521,1.3662393385345386,0.0
SUB_HIFLD_1969,installed_16624__SUB_HIFLD_1969,hydro,1510.4436971050231,2.2476840730729513,0.0
SUB_HIFLD_1970,bess_SUB_HIFLD_1970,battery,-11.614711986665593,-0.017283797599204752,
SUB_HIFLD_1973,bess_SUB_HIFLD_1973,battery,-5.721325568136309,-0.008513877333536174,
SUB_HIFLD_1974,bess_SUB_HIFLD_1974,battery,-6.614184143417558,-0.009842535927704699,
SUB_HIFLD_1978,bess_SUB_HIFLD_1978,battery,-11.496774422243686,-0.01710829527119596,
SUB_HIFLD_1979,bess_SUB_HIFLD_1979,battery,-6.428513027163678,-0.009566239623755473,
SUB_HIFLD_1981,bess_SUB_HIFLD_1981,battery,-20.267345552064953,-0.03015974040485856,
SUB_HIFLD_1983,bess_SUB_HIFLD_1983,battery,-6.606404944640937,-0.009830959739049013,
SUB_HIFLD_1984,bess_SUB_HIFLD_1984,battery,-9.632021248235358,-0.014333364952731187,
SUB_HIFLD_1988,bess_SUB_HIFLD_1988,battery,-7.426186917961954,-0.011050873389824337,
SUB_HIFLD_1990,bess_SUB_HIFLD_1990,battery,-3.507014705046042,-0.005218771882508991,
SUB_HIFLD_1991,bess_SUB_HIFLD_1991,battery,-5.533650545389113,-0.008234599025876657,
SUB_HIFLD_1992,bess_SUB_HIFLD_1992,battery,-11.536681417942418,-0.017167680681461933,
SUB_HIFLD_1993,bess_SUB_HIFLD_1993,battery,-5.471188850178429,-0.00814165007467028,
SUB_HIFLD_1994,bess_SUB_HIFLD_1994,battery,-18.30159854226816,-0.02723452164028,
SUB_HIFLD_1995,bess_SUB_HIFLD_1995,battery,-4.5613998588687235,-0.006787797409030839,
SUB_HIFLD_1996,bess_SUB_HIFLD_1996,battery,-6.532491788876493,-0.009720969923923354,
SUB_HIFLD_1997,bess_SUB_HIFLD_1997,battery,-15.217668555855187,-0.022645340112879744,
SUB_HIFLD_1998,bess_SUB_HIFLD_1998,battery,-10.908700410919117,-0.016233185135296306,
SUB_HIFLD_1999,bess_SUB_HIFLD_1999,battery,-3.895903593934933,-0.005797475586212698,
SUB_HIFLD_2000,bess_SUB_HIFLD_2000,battery,-14.597275776189353,-0.021722136571710345,
SUB_HIFLD_2001,bess_SUB_HIFLD_2001,battery,-3.8959035939349325,-0.005797475586212697,
SUB_HIFLD_2002,bess_SUB_HIFLD_2002,battery,-11.566270047535125,-0.017211711380260602,
SUB_HIFLD_2003,bess_SUB_HIFLD_2003,battery,-0.4216370213557834,-0.0006274360436842015,
SUB_HIFLD_2004,bess_SUB_HIFLD_2004,battery,-0.42163702135578474,-0.0006274360436842035,
SUB_HIFLD_2005,bess_SUB_HIFLD_2005,battery,-0.4216370213557843,-0.0006274360436842028,
SUB_HIFLD_2006,bess_SUB_HIFLD_2006,battery,-0.4216370213557834,-0.0006274360436842015,
SUB_HIFLD_2009,installed_16829__SUB_HIFLD_2009,hydro,794.0590740981936,1.1816355269318357,0.0
SUB_HIFLD_2009,installed_16830__SUB_HIFLD_2009,hydro,158.81181481963873,0.23632710538636714,0.0
SUB_HIFLD_2013,installed_9384__SUB_HIFLD_2013,natural gas,1248.0,1.8571428571428572,386.8359707186615
SUB_HIFLD_2013,installed_9385__SUB_HIFLD_2013,natural gas,0.0,0.0,386.83597071866154
SUB_HIFLD_2013,installed_6109__SUB_HIFLD_2013,natural gas,6915.000000000002,10.290178571428575,384.67470893394284
SUB_HIFLD_2043,bess_SUB_HIFLD_2043,battery,-1.043274042711567,-0.001552491134987451,
SUB_HIFLD_2048,bess_SUB_HIFLD_2048,battery,-1.264911064067352,-0.0018823081310526072,
SUB_HIFLD_2056,bess_SUB_HIFLD_2056,battery,-1.264911064067352,-0.0018823081310526072,
SUB_HIFLD_2062,bess_SUB_HIFLD_2062,battery,-1.264911064067352,-0.0018823081310526072,
SUB_HIFLD_2070,bess_SUB_HIFLD_2070,battery,-1.0887308358041787,-0.001620135172327647,
SUB_HIFLD_2070,installed_12046__SUB_HIFLD_2070,natural gas,542.3,0.8069940476190476,295.9163821629397
SUB_HIFLD_2070,installed_12047__SUB_HIFLD_2070,natural gas,498.29999999999995,0.7415178571428571,295.9163821629397
SUB_HIFLD_2070,installed_12048__SUB_HIFLD_2070,natural gas,629.1999999999998,0.9363095238095236,295.9163821629397
SUB_HIFLD_2070,installed_12049__SUB_HIFLD_2070,natural gas,493.8999999999999,0.734970238095238,295.9163821629397
SUB_HIFLD_2095,bess_SUB_HIFLD_2095,battery,-2.7748517734455858,-0.004129243710484502,
SUB_HIFLD_2099,bess_SUB_HIFLD_2099,battery,-2.7748517734455858,-0.004129243710484502,
SUB_HIFLD_2100,bess_SUB_HIFLD_2100,battery,-2.578981872874128,-0.0038377706441579283,
SUB_HIFLD_2101,bess_SUB_HIFLD_2101,battery,-2.5643258632009136,-0.0038159611059537407,
SUB_HIFLD_2102,bess_SUB_HIFLD_2102,battery,-5.411899754708618,-0.008053422254030681,
SUB_HIFLD_2103,bess_SUB_HIFLD_2103,battery,-6.752480311286503,-0.010048333796557295,
SUB_HIFLD_2104,bess_SUB_HIFLD_2104,battery,-5.154495712266022,-0.00767038052420539,
SUB_HIFLD_2108,bess_SUB_HIFLD_2108,battery,-0.4216370213557843,-0.0006274360436842028,
SUB_HIFLD_2115,bess_SUB_HIFLD_2115,battery,-2.7748517734455858,-0.004129243710484502,
SUB_HIFLD_2117,bess_SUB_HIFLD_2117,battery,-0.4216370213557843,-0.0006274360436842028,
SUB_HIFLD_2117,installed_9260__SUB_HIFLD_2117,natural gas,873.9409332078334,1.3005073410830854,439.934798472
SUB_HIFLD_2117,installed_9261__SUB_HIFLD_2117,natural gas,31650.0,47.098214285714285,439.934798472
SUB_HIFLD_2117,installed_9262__SUB_HIFLD_2117,natural gas,9571.922125685942,14.2439317346517,439.934798472
SUB_HIFLD_2118,bess_SUB_HIFLD_2118,battery,-0.8432740427115668,-0.001254872087368403,
SUB_HIFLD_2121,bess_SUB_HIFLD_2121,battery,-0.9432740427115665,-0.0014036816111779263,
SUB_HIFLD_2131,bess_SUB_HIFLD_2131,battery,-0.8432740427115686,-0.0012548720873684057,
SUB_HIFLD_2193,installed_231__SUB_HIFLD_2193,hydro,1323.431790163656,1.9693925448863927,0.0
SUB_HIFLD_2193,installed_232__SUB_HIFLD_2193,hydro,1323.4317901636557,1.9693925448863925,0.0
SUB_HIFLD_2207,bess_SUB_HIFLD_2207,battery,-0.8432740427115677,-0.0012548720873684044,
SUB_HIFLD_2212,bess_SUB_HIFLD_2212,battery,-0.49764118997218487,-0.0007405374850776561,
SUB_HIFLD_2219,bess_SUB_HIFLD_2219,battery,-0.6868733155723636,-0.0010221329100779221,
SUB_HIFLD_2222,bess_SUB_HIFLD_2222,battery,-0.9182865793092936,-0.001366497885876925,
SUB_HIFLD_2318,installed_6434__SUB_HIFLD_2318,waste,6720.0,10.0,326.3225748051709
SUB_HIFLD_2318,installed_6435__SUB_HIFLD_2318,waste,6720.0,10.0,326.3225748051709
SUB_HIFLD_2330,installed_7940__SUB_HIFLD_2330,natural gas,0.0,0.0,393.64664205599996
SUB_HIFLD_2330,installed_7941__SUB_HIFLD_2330,natural gas,0.0,0.0,393.64664205599996
SUB_HIFLD_2330,installed_7942__SUB_HIFLD_2330,natural gas,0.0,0.0,393.64664205599996
SUB_HIFLD_2356,installed_172__SUB_HIFLD_2356,hydro,52.937271606546254,0.07877570179545573,0.0
SUB_HIFLD_2356,installed_173__SUB_HIFLD_2356,hydro,52.937271606546254,0.07877570179545573,0.0
SUB_HIFLD_2364,bess_SUB_HIFLD_2364,battery,-0.6216370213557836,-0.0009250550913032494,
SUB_HIFLD_2365,bess_SUB_HIFLD_2365,battery,-0.4216370213557843,-0.0006274360436842028,
SUB_HIFLD_2366,installed_12555__SUB_HIFLD_2366,natural gas,146.4044449035532,0.21786375729695417,354.28594408857936
SUB_HIFLD_2366,installed_15847__SUB_HIFLD_2366,solar,120.41885144315,0.17919471940944942,0.0
SUB_HIFLD_2367,bess_SUB_HIFLD_2367,battery,-0.6438592435780057,-0.0009581238743720323,
SUB_HIFLD_2368,bess_SUB_HIFLD_2368,battery,-0.5135098851253153,-0.0007641516147698144,
SUB_HIFLD_2370,bess_SUB_HIFLD_2370,battery,-0.6438592435780057,-0.0009581238743720323,
SUB_HIFLD_2372,bess_SUB_HIFLD_2372,battery,-0.6216370213557836,-0.0009250550913032494,
SUB_HIFLD_2373,installed_4505__SUB_HIFLD_2373,hydro,533.0977754488317,0.793300261084571,0.0
SUB_HIFLD_2373,installed_4506__SUB_HIFLD_2373,hydro,681.1804908512847,1.0136614447191736,0.0
SUB_HIFLD_2373,installed_4523__SUB_HIFLD_2373,hydro,710.7970339317758,1.057733681446095,0.0
SUB_HIFLD_2373,installed_4524__SUB_HIFLD_2373,hydro,621.9474046903036,0.9255169712653328,0.0
SUB_HIFLD_2373,installed_7115__SUB_HIFLD_2373,hydro,6515.639477707944,9.695892079922535,0.0
SUB_HIFLD_2374,bess_SUB_HIFLD_2374,battery,-0.6438592435780057,-0.0009581238743720323,
SUB_HIFLD_2374,installed_13190__SUB_HIFLD_2374,solar,180.628277104414,0.2687920790244256,0.0
SUB_HIFLD_2374,installed_13191__SUB_HIFLD_2374,solar,180.628277104414,0.2687920790244256,0.0
SUB_HIFLD_2375,bess_SUB_HIFLD_2375,battery,-0.4216370213557834,-0.0006274360436842015,
SUB_HIFLD_2376,bess_SUB_HIFLD_2376,battery,-3.3759484595658247,-0.005023732826734858,
SUB_HIFLD_2377,bess_SUB_HIFLD_2377,battery,-0.4216370213557834,-0.0006274360436842015,
SUB_HIFLD_2377,installed_12775__SUB_HIFLD_2377,solar,180.628277104414,0.2687920790244256,0.0
SUB_HIFLD_2377,installed_12776__SUB_HIFLD_2377,solar,180.628277104414,0.2687920790244256,0.0
SUB_HIFLD_2377,installed_12777__SUB_HIFLD_2377,solar,120.41885144315,0.17919471940944942,0.0
SUB_HIFLD_2377,installed_13824__SUB_HIFLD_2377,solar,180.628277104414,0.2687920790244256,0.0
SUB_HIFLD_2377,installed_13825__SUB_HIFLD_2377,solar,180.628277104414,0.2687920790244256,0.0
SUB_HIFLD_2377,installed_13826__SUB_HIFLD_2377,solar,180.628277104414,0.2687920790244256,0.0
SUB_HIFLD_2379,bess_SUB_HIFLD_2379,battery,-0.47568677348523236,-0.0007078672224482624,
SUB_HIFLD_2380,bess_SUB_HIFLD_2380,battery,-0.6438592435780057,-0.0009581238743720323,
SUB_HIFLD_2381,bess_SUB_HIFLD_2381,battery,-0.532748132466895,-0.0007927799590281175,
SUB_HIFLD_2383,bess_SUB_HIFLD_2383,battery,-0.6438592435780066,-0.0009581238743720336,
SUB_HIFLD_2384,bess_SUB_HIFLD_2384,battery,-3.69725094691192,-0.005501861528142738,
SUB_HIFLD_2384,installed_11682__SUB_HIFLD_2384,solar,60.20942566126399,0.08959735961497618,0.0
SUB_HIFLD_2384,installed_11683__SUB_HIFLD_2384,solar,60.20942566126399,0.08959735961497618,0.0
SUB_HIFLD_2384,installed_11684__SUB_HIFLD_2384,solar,60.20942566126399,0.08959735961497618,0.0
SUB_HIFLD_2384,installed_11685__SUB_HIFLD_2384,solar,60.20942566126399,0.08959735961497618,0.0
SUB_HIFLD_2384,installed_11686__SUB_HIFLD_2384,solar,60.20942566126399,0.08959735961497618,0.0
SUB_HIFLD_2384,installed_11687__SUB_HIFLD_2384,solar,60.20942566126399,0.08959735961497618,0.0
SUB_HIFLD_2384,installed_11688__SUB_HIFLD_2384,solar,60.20942566126399,0.08959735961497618,0.0
SUB_HIFLD_2384,installed_11689__SUB_HIFLD_2384,solar,60.20942566126399,0.08959735961497618,0.0
SUB_HIFLD_2384,installed_11690__SUB_HIFLD_2384,solar,60.20942566126399,0.08959735961497618,0.0
SUB_HIFLD_2384,installed_11691__SUB_HIFLD_2384,solar,60.20942566126399,0.08959735961497618,0.0
SUB_HIFLD_2384,installed_12778__SUB_HIFLD_2384,solar,120.41885144315,0.17919471940944942,0.0
SUB_HIFLD_2384,installed_12779__SUB_HIFLD_2384,solar,120.41885144315,0.17919471940944942,0.0
SUB_HIFLD_2384,installed_12780__SUB_HIFLD_2384,solar,180.628277104414,0.2687920790244256,0.0
SUB_HIFLD_2384,installed_13833__SUB_HIFLD_2384,solar,180.628277104414,0.2687920790244256,0.0
SUB_HIFLD_2384,installed_13834__SUB_HIFLD_2384,solar,180.628277104414,0.2687920790244256,0.0
SUB_HIFLD_2385,bess_SUB_HIFLD_2385,battery,-0.8951103114639496,-0.0013320093920594488,
SUB_HIFLD_2386,installed_220__SUB_HIFLD_2386,hydro,414.6316031268693,0.6170113141768889,0.0
SUB_HIFLD_2387,bess_SUB_HIFLD_2387,battery,-1.264911064067351,-0.001882308131052606,
SUB_HIFLD_2388,bess_SUB_HIFLD_2388,battery,-0.6438592435780057,-0.0009581238743720323,
SUB_HIFLD_2390,bess_SUB_HIFLD_2390,battery,-0.6437755162404786,-0.0009579992801197598,
SUB_HIFLD_2391,bess_SUB_HIFLD_2391,battery,-1.239731496767332,-0.0018448385368561488,
SUB_HIFLD_2392,bess_SUB_HIFLD_2392,battery,-0.4216370213557843,-0.0006274360436842028,
SUB_HIFLD_2393,bess_SUB_HIFLD_2393,battery,-0.4216370213557843,-0.0006274360436842028,
SUB_HIFLD_2393,installed_12769__SUB_HIFLD_2393,solar,120.41885144315,0.17919471940944942,0.0
SUB_HIFLD_2393,installed_12770__SUB_HIFLD_2393,solar,120.41885144315,0.17919471940944942,0.0
SUB_HIFLD_2393,installed_12771__SUB_HIFLD_2393,solar,180.628277104414,0.2687920790244256,0.0
SUB_HIFLD_2394,bess_SUB_HIFLD_2394,battery,-0.698196864800475,-0.0010389834297626116,
SUB_HIFLD_2395,bess_SUB_HIFLD_2395,battery,-0.6438592435780066,-0.0009581238743720336,
SUB_HIFLD_2396,bess_SUB_HIFLD_2396,battery,-0.6438592435780057,-0.0009581238743720323,
SUB_HIFLD_2397,bess_SUB_HIFLD_2397,battery,-0.6438592435780066,-0.0009581238743720336,
SUB_HIFLD_2399,installed_5084__SUB_HIFLD_2399,hydro,20751.41046976613,30.880075103818648,0.0
SUB_HIFLD_2399,installed_5085__SUB_HIFLD_2399,hydro,20751.41046976613,30.880075103818648,0.0
SUB_HIFLD_2399,installed_5108__SUB_HIFLD_2399,hydro,10455.111142292888,15.558201104602512,0.0
SUB_HIFLD_2399,installed_5109__SUB_HIFLD_2399,hydro,10455.111142292888,15.558201104602512,0.0
SUB_HIFLD_2399,installed_5110__SUB_HIFLD_2399,hydro,9661.05206819469,14.376565577670668,0.0
SUB_HIFLD_2406,bess_SUB_HIFLD_2406,battery,-12.831871840765766,-0.019095047382091914,
SUB_HIFLD_2408,bess_SUB_HIFLD_2408,battery,-5.397174755573576,-0.008031510052936869,
SUB_HIFLD_2409,bess_SUB_HIFLD_2409,battery,-1.4871332862895734,-0.0022129959617404366,
SUB_HIFLD_2409,installed_6599__SUB_HIFLD_2409,natural gas,6321.213708064609,9.406568017953287,357.397383784
SUB_HIFLD_2409,installed_6600__SUB_HIFLD_2409,natural gas,2465.9995051469796,3.669642120754434,357.397383784
SUB_HIFLD_2410,bess_SUB_HIFLD_2410,battery,-3.2758276749011146,-0.004874743563840944,
SUB_HIFLD_2411,bess_SUB_HIFLD_2411,battery,-2.6865480854231345,-0.003997839412832045,
SUB_HIFLD_2413,bess_SUB_HIFLD_2413,battery,-23.07723554969667,-0.034341124329905756,
SUB_HIFLD_2414,bess_SUB_HIFLD_2414,battery,-3.3029629503936406,-0.004915123438085775,
SUB_HIFLD_2414,installed_9373__SUB_HIFLD_2414,hydro,296.1654308049066,0.4407223672692062,0.0
SUB_HIFLD_2414,installed_12924__SUB_HIFLD_2414,natural gas,1443.1999999999998,2.1476190476190475,317.293954288
SUB_HIFLD_2414,installed_12925__SUB_HIFLD_2414,natural gas,1473.9999999999998,2.1934523809523805,317.293954288
SUB_HIFLD_2414,installed_12926__SUB_HIFLD_2414,natural gas,2375.9999999999995,3.535714285714285,317.293954288
SUB_HIFLD_2415,bess_SUB_HIFLD_2415,battery,-1.5984226826990628,-0.002378605182587891,
SUB_HIFLD_2417,bess_SUB_HIFLD_2417,battery,-5.128651726401826,-0.00763192221190748,
SUB_HIFLD_2419,bess_SUB_HIFLD_2419,battery,-15.682344601225912,-0.023336822323252845,
SUB_HIFLD_2420,bess_SUB_HIFLD_2420,battery,-4.842383611826649,-0.007205927993789656,
SUB_HIFLD_2421,bess_SUB_HIFLD_2421,battery,-11.129002940005906,-0.016561016279770694,
SUB_HIFLD_2422,bess_SUB_HIFLD_2422,battery,-10.512257912861484,-0.01564324094175816,
SUB_HIFLD_2423,bess_SUB_HIFLD_2423,battery,-13.695405296722095,-0.02038006740583645,
SUB_HIFLD_2424,bess_SUB_HIFLD_2424,battery,-2.7748517734455858,-0.004129243710484502,
SUB_HIFLD_2425,bess_SUB_HIFLD_2425,battery,-2.8631554614680383,-0.004260648008136962,
SUB_HIFLD_2426,bess_SUB_HIFLD_2426,battery,-21.800255989731014,-0.03244085712757591,
SUB_HIFLD_2429,bess_SUB_HIFLD_2429,battery,-17.495110762211212,-0.026034391015195255,
SUB_HIFLD_2430,bess_SUB_HIFLD_2430,battery,-6.841860584907492,-0.010181340156112339,
SUB_HIFLD_2432,bess_SUB_HIFLD_2432,battery,-24.550912595739874,-0.036534096124612905,
SUB_HIFLD_2433,bess_SUB_HIFLD_2433,battery,-6.538886869366719,-0.009730486412748093,
SUB_HIFLD_2436,bess_SUB_HIFLD_2436,battery,-2.9260178065367803,-0.0043541931644892565,
SUB_HIFLD_2440,bess_SUB_HIFLD_2440,battery,-3.0625702606016003,-0.004557396221133334,
SUB_HIFLD_2440,installed_9869__SUB_HIFLD_2440,natural gas,13505.270260455227,20.097128363772658,386.7662181247569
SUB_HIFLD_2441,bess_SUB_HIFLD_2441,battery,-2.604423956697519,-0.003875630887942737,
SUB_HIFLD_2456,installed_5802__SUB_HIFLD_2456,hydro,41688.10139015516,62.03586516392137,0.0
SUB_HIFLD_2456,installed_5803__SUB_HIFLD_2456,hydro,41688.10139015516,62.03586516392137,0.0
SUB_HIFLD_2469,installed_5768__SUB_HIFLD_2469,hydro,10322.767963276514,15.36126185011386,0.0
SUB_HIFLD_2469,installed_5769__SUB_HIFLD_2469,hydro,10322.767963276514,15.36126185011386,0.0
SUB_HIFLD_2469,installed_5770__SUB_HIFLD_2469,hydro,10322.767963276514,15.36126185011386,0.0
SUB_HIFLD_2470,installed_5773__SUB_HIFLD_2470,hydro,37585.46284064783,55.930748274773556,0.0
SUB_HIFLD_2470,installed_5774__SUB_HIFLD_2470,hydro,37585.46284064783,55.930748274773556,0.0
SUB_HIFLD_2470,installed_5775__SUB_HIFLD_2470,hydro,37585.46284064783,55.930748274773556,0.0
SUB_HIFLD_2470,installed_5776__SUB_HIFLD_2470,hydro,37585.46284064783,55.930748274773556,0.0
SUB_HIFLD_2470,installed_5777__SUB_HIFLD_2470,hydro,37585.46284064782,55.93074827477354,0.0
SUB_HIFLD_2470,installed_5778__SUB_HIFLD_2470,hydro,529.3727160654624,0.7877570179545572,0.0
SUB_HIFLD_2470,installed_5779__SUB_HIFLD_2470,hydro,529.3727160654624,0.7877570179545572,0.0
SUB_HIFLD_2483,bess_SUB_HIFLD_2483,battery,-4.632178430816544,-0.006893122664905571,
SUB_HIFLD_2485,bess_SUB_HIFLD_2485,battery,-9.478872703214352,-0.014105465332164214,
SUB_HIFLD_2485,installed_12763__SUB_HIFLD_2485,natural gas,525.6345683853245,0.7821942981924472,265.40575104000004
SUB_HIFLD_2486,bess_SUB_HIFLD_2486,battery,-25.139895190952448,-0.03741055831986971,
SUB_HIFLD_2486,installed_15256__SUB_HIFLD_2486,battery,-5.508480790662368,-0.008197144033723762,0.0
SUB_HIFLD_2490,bess_SUB_HIFLD_2490,battery,-20.39687628805954,-0.03035249447627908,
SUB_HIFLD_2492,bess_SUB_HIFLD_2492,battery,-8.472842996878011,-0.012608397316782755,
SUB_HIFLD_2493,bess_SUB_HIFLD_2493,battery,-21.688875641960536,-0.032275112562441276,
SUB_HIFLD_2494,bess_SUB_HIFLD_2494,battery,-5.624335075162049,-0.008369546242800669,
SUB_HIFLD_2495,bess_SUB_HIFLD_2495,battery,-6.206146004075631,-0.009235336315588736,
SUB_HIFLD_2495,installed_7458__SUB_HIFLD_2495,natural gas,24231.595395043572,36.05892171881484,396.16180969600003
SUB_HIFLD_2495,installed_7459__SUB_HIFLD_2495,natural gas,5032.889683892954,7.489419172459753,396.16180969600003
SUB_HIFLD_2496,bess_SUB_HIFLD_2496,battery,-7.2195039805316465,-0.01074330949483876,
SUB_HIFLD_2497,bess_SUB_HIFLD_2497,battery,-9.834800581087098,-0.014635119912331991,
SUB_HIFLD_2497,installed_12050__SUB_HIFLD_2497,natural gas,555.7476766242528,0.8270054711670428,295.9163821629397
SUB_HIFLD_2497,installed_12051__SUB_HIFLD_2497,natural gas,595.0,0.8854166666666666,295.9163821629397
SUB_HIFLD_2498,bess_SUB_HIFLD_2498,battery,-6.859644256269407,-0.010207803952781855,
SUB_HIFLD_2499,bess_SUB_HIFLD_2499,battery,-5.532463583324005,-0.00823283271327977,
SUB_HIFLD_2500,installed_6301__SUB_HIFLD_2500,non-fossil,1545.6000000000004,2.3000000000000007,0.0
SUB_HIFLD_2500,installed_6302__SUB_HIFLD_2500,non-fossil,1545.6000000000004,2.3000000000000007,0.0
SUB_HIFLD_2500,installed_6303__SUB_HIFLD_2500,hydro,268.55285461512676,0.39963222412965294,0.0
SUB_HIFLD_2514,bess_SUB_HIFLD_2514,battery,-0.8432740427115681,-0.001254872087368405,
SUB_HIFLD_2535,bess_SUB_HIFLD_2535,battery,-11.459862465998173,-0.017053366764878234,
SUB_HIFLD_2542,bess_SUB_HIFLD_2542,battery,-6.581281277625191,-0.00979357332979939,
SUB_HIFLD_2542,installed_6001__SUB_HIFLD_2542,hydro,268.55285461512676,0.39963222412965294,0.0
SUB_HIFLD_2551,installed_11046__SUB_HIFLD_2551,solar,108.37696623852399,0.16127524737875593,0.0
SUB_HIFLD_2556,installed_12100__SUB_HIFLD_2556,solar,1336.6492513205199,1.9890613858936308,0.0
SUB_HIFLD_2560,bess_SUB_HIFLD_2560,battery,-23.68558991785622,-0.03524641356823842,
SUB_HIFLD_2577,bess_SUB_HIFLD_2577,battery,-9.565892334068774,-0.014234958830459485,
SUB_HIFLD_2584,bess_SUB_HIFLD_2584,battery,-32.457461894992505,-0.04829979448659599,
SUB_HIFLD_2584,installed_14072__SUB_HIFLD_2584,waste,2284.7999999999993,3.399999999999999,0.0
SUB_HIFLD_2584,installed_14073__SUB_HIFLD_2584,waste,2284.7999999999993,3.399999999999999,0.0
SUB_HIFLD_2584,installed_14074__SUB_HIFLD_2584,waste,2284.7999999999993,3.399999999999999,0.0
SUB_HIFLD_2584,installed_14075__SUB_HIFLD_2584,waste,2284.7999999999993,3.399999999999999,0.0
SUB_HIFLD_2584,installed_14076__SUB_HIFLD_2584,waste,2284.7999999999993,3.399999999999999,0.0
SUB_HIFLD_2584,installed_14077__SUB_HIFLD_2584,waste,2284.7999999999993,3.399999999999999,0.0
SUB_HIFLD_2584,installed_14078__SUB_HIFLD_2584,waste,2284.7999999999993,3.399999999999999,0.0
SUB_HIFLD_2590,bess_SUB_HIFLD_2590,battery,-3.196488794801369,-0.004756679754168704,
SUB_HIFLD_2593,bess_SUB_HIFLD_2593,battery,-5.615785012691402,-0.008356822935552682,
SUB_HIFLD_2596,installed_12912__SUB_HIFLD_2596,waste,2688.0,4.0,0.0
SUB_HIFLD_2596,installed_12913__SUB_HIFLD_2596,waste,2688.0,4.0,0.0
SUB_HIFLD_2596,installed_12914__SUB_HIFLD_2596,waste,2688.0,4.0,0.0
SUB_HIFLD_2596,installed_12915__SUB_HIFLD_2596,waste,2688.0,4.0,0.0
SUB_HIFLD_2596,installed_12916__SUB_HIFLD_2596,waste,2688.0,4.0,0.0
SUB_HIFLD_2611,installed_73__SUB_HIFLD_2611,natural gas,3241.3767006986486,4.823477233182513,360.518096744
SUB_HIFLD_2611,installed_74__SUB_HIFLD_2611,natural gas,20160.0,30.0,360.518096744
SUB_HIFLD_2615,installed_11617__SUB_HIFLD_2615,solar,30155.5,44.87425595238095,0.0
SUB_HIFLD_2620,installed_12185__SUB_HIFLD_2620,wind,41785.133188048596,62.18025772031041,0.0
SUB_HIFLD_2625,bess_SUB_HIFLD_2625,battery,-6.659644256269409,-0.009910184905162812,
SUB_HIFLD_2632,bess_SUB_HIFLD_2632,battery,-0.7438592435780063,-0.001106933398181557,
SUB_HIFLD_2633,bess_SUB_HIFLD_2633,battery,-3.2847924828238204,-0.004888084051821161,
SUB_HIFLD_2635,installed_12863__SUB_HIFLD_2635,solar,4575.916354839699,6.809399337559076,0.0
SUB_HIFLD_2635,installed_12864__SUB_HIFLD_2635,solar,6334.031585306579,9.42564224003955,0.0
SUB_HIFLD_2635,installed_12865__SUB_HIFLD_2635,solar,6334.031585306579,9.42564224003955,0.0
SUB_HIFLD_2635,installed_12866__SUB_HIFLD_2635,solar,6863.87453165644,10.214099005441131,0.0
SUB_HIFLD_2635,installed_12867__SUB_HIFLD_2635,solar,3877.4870158663202,5.770069964086786,0.0
SUB_HIFLD_2635,installed_12868__SUB_HIFLD_2635,solar,1758.1152304668801,2.6162429024804763,0.0
SUB_HIFLD_2635,installed_12869__SUB_HIFLD_2635,solar,7574.34575547258,11.271347850405625,0.0
SUB_HIFLD_2635,installed_14528__SUB_HIFLD_2635,solar,2408.3770288630003,3.5838943881889884,0.0
SUB_HIFLD_2635,installed_14740__SUB_HIFLD_2635,solar,2408.3770288630003,3.5838943881889884,0.0
SUB_HIFLD_2645,bess_SUB_HIFLD_2645,battery,-4.771925769113391,-0.007101080013561594,
SUB_HIFLD_2654,bess_SUB_HIFLD_2654,battery,-10.077184871560124,-0.014995810820773994,
SUB_HIFLD_2655,installed_13559__SUB_HIFLD_2655,solar,2384.2932579712597,3.5480554434096128,0.0
SUB_HIFLD_2655,installed_14198__SUB_HIFLD_2655,solar,1565.44506815784,2.329531351425357,0.0
SUB_HIFLD_2655,installed_14199__SUB_HIFLD_2655,solar,2287.9581768167395,3.4046996678820527,0.0
SUB_HIFLD_2655,installed_14719__SUB_HIFLD_2655,solar,2408.3770288630003,3.5838943881889884,0.0
SUB_HIFLD_2655,installed_14720__SUB_HIFLD_2655,solar,2408.3770288630003,3.5838943881889884,0.0
SUB_HIFLD_2655,installed_14724__SUB_HIFLD_2655,solar,1806.2827710441397,2.6879207902442555,0.0
SUB_HIFLD_2655,installed_14725__SUB_HIFLD_2655,solar,2408.3770288630003,3.5838943881889884,0.0
SUB_HIFLD_2661,bess_SUB_HIFLD_2661,battery,-3.0563920360341705,-0.004548202434574659,
SUB_HIFLD_2664,installed_12870__SUB_HIFLD_2664,solar,2287.9581768167395,3.4046996678820527,0.0
SUB_HIFLD_2664,installed_12871__SUB_HIFLD_2664,solar,7104.71223454274,10.57248844426003,0.0
SUB_HIFLD_2664,installed_12872__SUB_HIFLD_2664,solar,6623.03682877014,9.855709566622233,0.0
SUB_HIFLD_2664,installed_12873__SUB_HIFLD_2664,solar,5659.686017224939,8.422151811346636,0.0
SUB_HIFLD_2664,installed_12874__SUB_HIFLD_2664,solar,5178.0106114523405,7.70537293370884,0.0
SUB_HIFLD_2664,installed_12875__SUB_HIFLD_2664,solar,6261.7802750438,9.318125409291369,0.0
SUB_HIFLD_2664,installed_13950__SUB_HIFLD_2664,solar,2167.5393259766997,3.2255049493700887,0.0
SUB_HIFLD_2671,bess_SUB_HIFLD_2671,battery,-0.7389371332865728,-0.0010996088292954953,
SUB_HIFLD_2678,bess_SUB_HIFLD_2678,battery,-3.458200091049718,-0.005146131087871604,
SUB_HIFLD_2684,bess_SUB_HIFLD_2684,battery,-7.036836833180747,-0.010471483382709444,
SUB_HIFLD_2685,bess_SUB_HIFLD_2685,battery,-3.505888944266248,-0.005217096643253346,
SUB_HIFLD_2708,bess_SUB_HIFLD_2708,battery,-4.128651726401826,-0.006143826973812242,
SUB_HIFLD_2713,installed_3755__SUB_HIFLD_2713,geothermal,45696.0,68.0,0.0
SUB_HIFLD_2713,installed_3756__SUB_HIFLD_2713,geothermal,34272.0,51.0,0.0
SUB_HIFLD_2713,installed_3757__SUB_HIFLD_2713,geothermal,43680.0,65.0,0.0
SUB_HIFLD_2713,installed_3758__SUB_HIFLD_2713,geothermal,40320.0,60.0,0.0
SUB_HIFLD_2713,installed_3759__SUB_HIFLD_2713,geothermal,40320.0,60.0,0.0
SUB_HIFLD_2713,installed_3760__SUB_HIFLD_2713,geothermal,40320.0,60.0,0.0
SUB_HIFLD_2713,installed_3761__SUB_HIFLD_2713,geothermal,40320.0,60.0,0.0
SUB_HIFLD_2713,installed_3762__SUB_HIFLD_2713,geothermal,33600.0,50.0,0.0
SUB_HIFLD_2713,installed_3763__SUB_HIFLD_2713,geothermal,30240.0,45.0,0.0
SUB_HIFLD_2713,installed_3764__SUB_HIFLD_2713,geothermal,30240.0,45.0,0.0
SUB_HIFLD_2713,installed_3765__SUB_HIFLD_2713,geothermal,26880.0,40.0,0.0
SUB_HIFLD_2713,installed_3766__SUB_HIFLD_2713,geothermal,26880.0,40.0,0.0
SUB_HIFLD_2713,installed_17138__SUB_HIFLD_2713,geothermal,18144.0,27.0,0.0
SUB_HIFLD_2713,installed_17139__SUB_HIFLD_2713,geothermal,18144.0,27.0,0.0
SUB_HIFLD_2713,installed_17140__SUB_HIFLD_2713,geothermal,20227.2,30.1,0.0
SUB_HIFLD_2713,installed_17141__SUB_HIFLD_2713,geothermal,32256.0,48.0,0.0
SUB_HIFLD_2721,bess_SUB_HIFLD_2721,battery,-5.58128127762519,-0.008305478091704153,
SUB_HIFLD_2745,bess_SUB_HIFLD_2745,battery,-5.9764353602328875,-0.008893505000346559,
SUB_HIFLD_2751,bess_SUB_HIFLD_2751,battery,-0.4216370213557834,-0.0006274360436842015,
SUB_HIFLD_2754,bess_SUB_HIFLD_2754,battery,-10.146400152111093,-0.015098809750165318,
SUB_HIFLD_2794,installed_12508__SUB_HIFLD_2794,solar,240.8377028863,0.35838943881889884,0.0
SUB_HIFLD_2794,installed_12669__SUB_HIFLD_2794,solar,1420.9424464260599,2.114497688134018,0.0
SUB_HIFLD_2807,bess_SUB_HIFLD_2807,battery,-7.759644256269406,-0.01154708966706757,
SUB_HIFLD_2837,installed_12250__SUB_HIFLD_2837,solar,120.41885144315,0.17919471940944942,0.0
SUB_HIFLD_2843,installed_14008__SUB_HIFLD_2843,solar,156.544506815784,0.2329531351425357,0.0
SUB_HIFLD_2864,installed_11395__SUB_HIFLD_2864,solar,60.20942566126399,0.08959735961497618,0.0
SUB_HIFLD_2864,installed_11396__SUB_HIFLD_2864,solar,60.20942566126399,0.08959735961497618,0.0
SUB_HIFLD_2864,installed_11397__SUB_HIFLD_2864,solar,60.20942566126399,0.08959735961497618,0.0
SUB_HIFLD_2864,installed_11398__SUB_HIFLD_2864,solar,60.20942566126399,0.08959735961497618,0.0
SUB_HIFLD_2867,installed_14617__SUB_HIFLD_2867,solar,12041.885143108782,17.919471939149975,0.0
SUB_HIFLD_2867,installed_14618__SUB_HIFLD_2867,solar,9031.413857633139,13.439603954811219,0.0
SUB_HIFLD_2867,installed_15053__SUB_HIFLD_2867,solar,2408.3770288630003,3.5838943881889884,0.0
SUB_HIFLD_2869,installed_11936__SUB_HIFLD_2869,solar,7225.131086589,10.751683164566964,0.0
SUB_HIFLD_2871,installed_13727__SUB_HIFLD_2871,solar,135.955095032669,0.2023141295129003,0.0
SUB_HIFLD_2871,installed_13728__SUB_HIFLD_2871,solar,135.955095032669,0.2023141295129003,0.0
SUB_HIFLD_2873,bess_SUB_HIFLD_2873,battery,-10.700621046097575,-0.01592354322335949,
SUB_HIFLD_2880,bess_SUB_HIFLD_2880,battery,-3.895903593934933,-0.005797475586212698,
SUB_HIFLD_2883,bess_SUB_HIFLD_2883,battery,-4.905844303313168,-0.007300363546596976,
SUB_HIFLD_2892,bess_SUB_HIFLD_2892,battery,-4.561399858868721,-0.006787797409030834,
SUB_HIFLD_2896,bess_SUB_HIFLD_2896,battery,-10.392206807188739,-0.01546459346307848,
SUB_HIFLD_2896,installed_13766__SUB_HIFLD_2896,solar,160.1501,0.2383186011904762,0.0
SUB_HIFLD_2898,installed_12586__SUB_HIFLD_2898,solar,2719.1018992723098,4.046282588202842,0.0
SUB_HIFLD_2898,installed_14037__SUB_HIFLD_2898,solar,2719.1018992723098,4.046282588202842,0.0
SUB_HIFLD_2898,installed_14948__SUB_HIFLD_2898,solar,2719.1018992723098,4.046282588202842,0.0
SUB_HIFLD_2898,installed_14949__SUB_HIFLD_2898,solar,407.8652849599,0.6069423883331846,0.0
SUB_HIFLD_2912,installed_11021__SUB_HIFLD_2912,solar,60.20942566126399,0.08959735961497618,0.0
SUB_HIFLD_2912,installed_11022__SUB_HIFLD_2912,solar,60.20942566126399,0.08959735961497618,0.0
SUB_HIFLD_2917,bess_SUB_HIFLD_2917,battery,-2.41988141875647,-0.0036010140160066518,
SUB_HIFLD_2931,bess_SUB_HIFLD_2931,battery,-4.20839878492827,-0.006262498191857545,
SUB_HIFLD_2933,installed_13022__SUB_HIFLD_2933,solar,2408.3770288630003,3.5838943881889884,0.0
SUB_HIFLD_2936,bess_SUB_HIFLD_2936,battery,-3.4730961708462695,-0.005168297873283139,
SUB_HIFLD_2939,bess_SUB_HIFLD_2939,battery,-4.284429626249917,-0.006375639324776662,
SUB_HIFLD_2939,installed_15382__SUB_HIFLD_2939,battery,-1.5618992962943263,-0.0023242549051998903,0.0
SUB_HIFLD_2945,installed_12664__SUB_HIFLD_2945,solar,1023.5602372064641,1.5231551148905715,0.0
SUB_HIFLD_2946,bess_SUB_HIFLD_2946,battery,-4.341518440112251,-0.006460592916833707,
SUB_HIFLD_2948,bess_SUB_HIFLD_2948,battery,0.0,0.0,
SUB_HIFLD_2948,installed_8793__SUB_HIFLD_2948,natural gas,12577.436410622533,18.716423230093056,386.87199174047623
SUB_HIFLD_2948,installed_8794__SUB_HIFLD_2948,natural gas,54.31824265690445,0.08083071823944114,386.87199174047623
SUB_HIFLD_2949,bess_SUB_HIFLD_2949,battery,-6.425140521203197,-0.009561221013695234,
SUB_HIFLD_2950,bess_SUB_HIFLD_2950,battery,-4.3619850597351615,-0.006491049196034467,
SUB_HIFLD_2952,installed_6786__SUB_HIFLD_2952,non-fossil,2352.0,3.5,0.0
SUB_HIFLD_2961,installed_12222__SUB_HIFLD_2961,solar,203.93264247995,0.3034711941665923,0.0
SUB_HIFLD_2963,bess_SUB_HIFLD_2963,battery,-5.693562790469178,-0.00847256367629342,
SUB_HIFLD_2963,installed_8751__SUB_HIFLD_2963,natural gas,30545.451346514037,45.454540694217314,386.67112428317455
SUB_HIFLD_2973,bess_SUB_HIFLD_2973,battery,-0.4216370213557843,-0.0006274360436842028,
SUB_HIFLD_2978,installed_108__SUB_HIFLD_2978,wind,2754.0201422022215,4.098244259229496,0.0
SUB_HIFLD_2978,installed_12881__SUB_HIFLD_2978,wind,28489.863541683448,42.395630270362275,0.0
SUB_HIFLD_2989,bess_SUB_HIFLD_2989,battery,-2.498829598267124,-0.003718496425992744,
SUB_HIFLD_3003,bess_SUB_HIFLD_3003,battery,-10.974355564180563,-0.016330886256221075,
SUB_HIFLD_3004,bess_SUB_HIFLD_3004,battery,-4.691608019275291,-0.006981559552492992,
SUB_HIFLD_3005,bess_SUB_HIFLD_3005,battery,-2.9514591494904883,-0.004392052305789417,
SUB_HIFLD_3006,bess_SUB_HIFLD_3006,battery,-5.81051015967606,-0.008646592499517946,
SUB_HIFLD_3009,bess_SUB_HIFLD_3009,battery,-4.294733192202056,-0.006390972012205441,
SUB_HIFLD_3009,installed_5854__SUB_HIFLD_3009,hydro,1584.461842229248,2.3578301223649527,0.0
SUB_HIFLD_3010,bess_SUB_HIFLD_3010,battery,-7.90453723030208,-0.011762704211759048,
SUB_HIFLD_3014,bess_SUB_HIFLD_3014,battery,-6.559644256269408,-0.009761375381353285,
SUB_HIFLD_3015,installed_14152__SUB_HIFLD_3015,solar,216.75393259767003,0.322550494937009,0.0
SUB_HIFLD_3015,installed_14440__SUB_HIFLD_3015,natural gas,324.0,0.48214285714285715,265.4057510400001
SUB_HIFLD_3015,installed_14674__SUB_HIFLD_3015,solar,120.41885144315,0.17919471940944942,0.0
SUB_HIFLD_3016,bess_SUB_HIFLD_3016,battery,-4.1292369272682645,-0.006144697808434917,
SUB_HIFLD_3016,installed_8752__SUB_HIFLD_3016,natural gas,9831.223753295912,14.62979725192844,386.8719917404762
SUB_HIFLD_3016,installed_9193__SUB_HIFLD_3016,natural gas,74816.59275598754,111.33421541069575,381.0399596
SUB_HIFLD_3016,installed_9194__SUB_HIFLD_3016,natural gas,75671.75745398959,112.60678192557974,381.0399596
SUB_HIFLD_3016,installed_9195__SUB_HIFLD_3016,natural gas,56619.4828063818,84.25518274759196,381.0399596
SUB_HIFLD_3018,bess_SUB_HIFLD_3018,battery,-5.588408619315055,-0.008316084254933118,
SUB_HIFLD_3018,installed_9501__SUB_HIFLD_3018,natural gas,27675.313485653976,41.18350221079461,386.8079823022367
SUB_HIFLD_3018,installed_9502__SUB_HIFLD_3018,natural gas,31285.646970508253,46.55602227754204,386.8079823022367
SUB_HIFLD_3019,bess_SUB_HIFLD_3019,battery,-13.571773614338689,-0.020196091688004,
SUB_HIFLD_3020,bess_SUB_HIFLD_3020,battery,-8.935097689490467,-0.013296276323646529,
SUB_HIFLD_3020,installed_11865__SUB_HIFLD_3020,battery,-13.681285784082029,-0.020359056226312542,0.0
SUB_HIFLD_3020,installed_11866__SUB_HIFLD_3020,natural gas,6484.675010834307,9.649814004217719,323.362561656
SUB_HIFLD_3020,installed_11867__SUB_HIFLD_3020,natural gas,8904.47311456227,13.250704039527188,323.362561656
SUB_HIFLD_3020,installed_11868__SUB_HIFLD_3020,natural gas,1800.0,2.6785714285714284,323.362561656
SUB_HIFLD_3021,installed_11208__SUB_HIFLD_3021,natural gas,9072.0,13.5,292.736483408
SUB_HIFLD_3021,installed_11209__SUB_HIFLD_3021,natural gas,3696.0,5.5,292.736483408
SUB_HIFLD_3022,bess_SUB_HIFLD_3022,battery,-5.360229457135845,-0.007976531930261673,
SUB_HIFLD_3025,bess_SUB_HIFLD_3025,battery,-0.8432740427115677,-0.0012548720873684044,
SUB_HIFLD_3046,bess_SUB_HIFLD_3046,battery,-5.569140631099513,-0.008287411653421894,
SUB_HIFLD_3051,bess_SUB_HIFLD_3051,battery,-0.8210532277425124,-0.0012218053984263577,
SUB_HIFLD_3059,bess_SUB_HIFLD_3059,battery,-7.069584965647643,-0.010520215722689944,
SUB_HIFLD_3060,bess_SUB_HIFLD_3060,battery,-12.142209129053537,-0.018068763584901098,
SUB_HIFLD_3061,bess_SUB_HIFLD_3061,battery,-31.945858693995845,-0.04753848019939858,
SUB_HIFLD_3062,bess_SUB_HIFLD_3062,battery,-18.606989522404415,-0.027688972503577998,
SUB_HIFLD_3074,bess_SUB_HIFLD_3074,battery,-2.7493350820795026,-0.004091272443570689,
SUB_HIFLD_3078,bess_SUB_HIFLD_3078,battery,-9.947991535396245,-0.014803558832434888,
SUB_HIFLD_3079,bess_SUB_HIFLD_3079,battery,-3.895903593934931,-0.005797475586212695,
SUB_HIFLD_3079,installed_15254__SUB_HIFLD_3079,battery,-3.9047482407358105,-0.005810637262999718,0.0
SUB_HIFLD_3079,installed_15255__SUB_HIFLD_3079,battery,-3.904748240735812,-0.00581063726299972,0.0
SUB_HIFLD_3080,bess_SUB_HIFLD_3080,battery,-12.347183308559224,-0.018373784685355988,
SUB_HIFLD_3090,bess_SUB_HIFLD_3090,battery,-7.036836833180745,-0.010471483382709442,
SUB_HIFLD_3091,bess_SUB_HIFLD_3091,battery,-6.44794794429186,-0.009595160631386697,
SUB_HIFLD_3092,bess_SUB_HIFLD_3092,battery,-5.149703546891171,-0.00766324932573091,
SUB_HIFLD_3093,bess_SUB_HIFLD_3093,battery,-6.447947944291858,-0.009595160631386693,
SUB_HIFLD_3094,bess_SUB_HIFLD_3094,battery,-6.425140521203199,-0.009561221013695236,
SUB_HIFLD_3095,bess_SUB_HIFLD_3095,battery,-6.425140521203199,-0.009561221013695236,
SUB_HIFLD_3096,bess_SUB_HIFLD_3096,battery,-4.971340568246958,-0.007397828226557972,
SUB_HIFLD_3097,bess_SUB_HIFLD_3097,battery,-6.4251405212032,-0.009561221013695238,
SUB_HIFLD_3098,bess_SUB_HIFLD_3098,battery,-6.425140521203198,-0.009561221013695234,
SUB_HIFLD_3099,bess_SUB_HIFLD_3099,battery,0.0,0.0,
SUB_HIFLD_3099,installed_13664__SUB_HIFLD_3099,oil,0.0,0.0,127.77058597457376
SUB_HIFLD_3099,installed_13665__SUB_HIFLD_3099,oil,0.0,0.0,127.77058597457376
SUB_HIFLD_3099,installed_13666__SUB_HIFLD_3099,oil,0.0,0.0,127.77058597457376
SUB_HIFLD_3099,installed_13667__SUB_HIFLD_3099,oil,0.0,0.0,127.77058597457376
SUB_HIFLD_3099,installed_13668__SUB_HIFLD_3099,oil,0.0,0.0,127.77058597457376
SUB_HIFLD_3099,installed_13669__SUB_HIFLD_3099,oil,0.0,0.0,127.77058597457376
SUB_HIFLD_3099,installed_13670__SUB_HIFLD_3099,oil,0.0,0.0,127.77058597457376
SUB_HIFLD_3099,installed_13671__SUB_HIFLD_3099,oil,0.0,0.0,127.77058597457376
SUB_HIFLD_3099,installed_13672__SUB_HIFLD_3099,oil,0.0,0.0,127.77058597457376
SUB_HIFLD_3099,installed_13673__SUB_HIFLD_3099,oil,0.0,0.0,127.77058597457376
SUB_HIFLD_3099,installed_13674__SUB_HIFLD_3099,oil,0.0,0.0,127.77058597457376
SUB_HIFLD_3099,installed_13675__SUB_HIFLD_3099,oil,0.0,0.0,133.49403570013502
SUB_HIFLD_3099,installed_13676__SUB_HIFLD_3099,oil,0.0,0.0,133.49403570013502
SUB_HIFLD_3099,installed_13677__SUB_HIFLD_3099,oil,0.0,0.0,133.49403570013502
SUB_HIFLD_3099,installed_13678__SUB_HIFLD_3099,oil,0.0,0.0,133.49403570013502
SUB_HIFLD_3099,installed_13679__SUB_HIFLD_3099,oil,0.0,0.0,133.49403570013502
SUB_HIFLD_3099,installed_13680__SUB_HIFLD_3099,oil,0.0,0.0,133.49403570013502
SUB_HIFLD_3099,installed_13681__SUB_HIFLD_3099,oil,0.0,0.0,133.49403570013502
SUB_HIFLD_3099,installed_13682__SUB_HIFLD_3099,oil,0.0,0.0,133.494035700135
SUB_HIFLD_3099,installed_13683__SUB_HIFLD_3099,oil,0.0,0.0,133.494035700135
SUB_HIFLD_3099,installed_13684__SUB_HIFLD_3099,oil,0.0,0.0,133.49403570013502
SUB_HIFLD_3099,installed_13685__SUB_HIFLD_3099,oil,0.0,0.0,133.494035700135
SUB_HIFLD_3099,installed_13686__SUB_HIFLD_3099,oil,0.0,0.0,133.494035700135
SUB_HIFLD_3099,installed_13687__SUB_HIFLD_3099,oil,0.0,0.0,133.494035700135
SUB_HIFLD_3099,installed_13688__SUB_HIFLD_3099,oil,0.0,0.0,133.494035700135
SUB_HIFLD_3099,installed_13689__SUB_HIFLD_3099,oil,0.0,0.0,133.494035700135
SUB_HIFLD_3099,installed_13690__SUB_HIFLD_3099,oil,0.0,0.0,133.494035700135
SUB_HIFLD_3099,installed_13691__SUB_HIFLD_3099,oil,0.0,0.0,127.77058597457376
SUB_HIFLD_3099,installed_13692__SUB_HIFLD_3099,oil,0.0,0.0,127.77058597457376
SUB_HIFLD_3101,installed_9269__SUB_HIFLD_3101,non-fossil,1344.0,2.0,0.0
SUB_HIFLD_3101,installed_9270__SUB_HIFLD_3101,non-fossil,1344.0,2.0,0.0
SUB_HIFLD_3101,installed_9271__SUB_HIFLD_3101,non-fossil,1344.0,2.0,0.0
SUB_HIFLD_3101,installed_12019__SUB_HIFLD_3101,non-fossil,2553.6,3.8,0.0
SUB_HIFLD_3104,bess_SUB_HIFLD_3104,battery,-0.9432740427115682,-0.001403681611177929,
SUB_HIFLD_3148,bess_SUB_HIFLD_3148,battery,-5.769417614288588,-0.008585442878405637,
SUB_HIFLD_3149,bess_SUB_HIFLD_3149,battery,-5.306077553845883,-0.007895948740842087,
SUB_HIFLD_3150,bess_SUB_HIFLD_3150,battery,-3.192662585195761,-0.004750985989874644,
SUB_HIFLD_3152,bess_SUB_HIFLD_3152,battery,-7.385238692693728,-0.010989938530794238,
SUB_HIFLD_3152,installed_15527__SUB_HIFLD_3152,solar,240.8377028863,0.35838943881889884,0.0
SUB_HIFLD_3157,bess_SUB_HIFLD_3157,battery,-3.4959035939349317,-0.0052022374909746006,
SUB_HIFLD_3159,bess_SUB_HIFLD_3159,battery,-5.359644256269409,-0.007975661095639,
SUB_HIFLD_3160,bess_SUB_HIFLD_3160,battery,-0.5216370213557839,-0.0007762455674937261,
SUB_HIFLD_3160,installed_11114__SUB_HIFLD_3160,natural gas,1268.2531211179466,1.8872814302350396,386.798502415803
SUB_HIFLD_3160,installed_11115__SUB_HIFLD_3160,natural gas,32256.0,48.0,386.8226836569609
SUB_HIFLD_3160,installed_11116__SUB_HIFLD_3160,natural gas,12462.400950336058,18.545239509428658,386.8226836569609
SUB_HIFLD_3160,installed_11117__SUB_HIFLD_3160,natural gas,4353.72943260632,6.478764036616548,386.7992824558404
SUB_HIFLD_3161,bess_SUB_HIFLD_3161,battery,-0.4216370213557834,-0.0006274360436842015,
SUB_HIFLD_3162,bess_SUB_HIFLD_3162,battery,-0.4216370213557834,-0.0006274360436842015,
SUB_HIFLD_3164,bess_SUB_HIFLD_3164,battery,-0.4216370213557834,-0.0006274360436842015,
SUB_HIFLD_3165,bess_SUB_HIFLD_3165,battery,-0.4216370213557843,-0.0006274360436842028,
SUB_HIFLD_3166,bess_SUB_HIFLD_3166,battery,-0.03702589575449672,-5.509805915847726e-05,
SUB_HIFLD_3168,installed_14883__SUB_HIFLD_3168,natural gas,133.93331600096158,0.19930552976333568,265.40575104
SUB_HIFLD_3169,bess_SUB_HIFLD_3169,battery,-0.4216370213557834,-0.0006274360436842015,
SUB_HIFLD_3170,bess_SUB_HIFLD_3170,battery,-0.8432740427115681,-0.001254872087368405,
SUB_HIFLD_3171,bess_SUB_HIFLD_3171,battery,-0.4216370213557843,-0.0006274360436842028,
SUB_HIFLD_3171,installed_14438__SUB_HIFLD_3171,natural gas,558.0073711005739,0.8303681117568064,265.40575104000004
SUB_HIFLD_3172,bess_SUB_HIFLD_3172,battery,-0.4216370213557843,-0.0006274360436842028,
SUB_HIFLD_3174,bess_SUB_HIFLD_3174,battery,-0.4216370213557834,-0.0006274360436842015,
SUB_HIFLD_3179,bess_SUB_HIFLD_3179,battery,-5.615785012691402,-0.008356822935552682,
SUB_HIFLD_3183,bess_SUB_HIFLD_3183,battery,-3.2980651285134415,-0.0049078350126688115,
SUB_HIFLD_3184,bess_SUB_HIFLD_3184,battery,-2.986548085423136,-0.004444267984260619,
SUB_HIFLD_3195,bess_SUB_HIFLD_3195,battery,-0.3333333333333339,-0.0004960317460317469,
SUB_HIFLD_3196,bess_SUB_HIFLD_3196,battery,-0.3333333333333339,-0.0004960317460317469,
SUB_HIFLD_3197,bess_SUB_HIFLD_3197,battery,-0.3333333333333335,-0.0004960317460317462,
SUB_HIFLD_3198,bess_SUB_HIFLD_3198,battery,-0.4216370213557843,-0.0006274360436842028,
SUB_HIFLD_3198,installed_9686__SUB_HIFLD_3198,natural gas,806.3999999999999,1.1999999999999997,195.53535849883028
SUB_HIFLD_3198,installed_9687__SUB_HIFLD_3198,natural gas,66.26031192422391,0.09860165464914272,195.53535849883028
SUB_HIFLD_3198,installed_9688__SUB_HIFLD_3198,natural gas,218.45824492573522,0.32508667399662977,195.53535849883028
SUB_HIFLD_3198,installed_9689__SUB_HIFLD_3198,natural gas,99.31444891541362,0.1477893585050798,195.53535849883028
SUB_HIFLD_3198,installed_9690__SUB_HIFLD_3198,natural gas,660.6594540447272,0.9831241875665584,195.53535849883028
SUB_HIFLD_3198,installed_9691__SUB_HIFLD_3198,natural gas,49.17107832983796,0.07317124751463983,195.53535849883028
SUB_HIFLD_3198,installed_9692__SUB_HIFLD_3198,natural gas,806.3999999999999,1.1999999999999997,195.53535849883028
SUB_HIFLD_3200,bess_SUB_HIFLD_3200,battery,-8.661120357573191,-0.012888571960674392,
SUB_HIFLD_3201,installed_6324__SUB_HIFLD_3201,wind,24343.005626760292,36.224710754107576,0.0
SUB_HIFLD_3201,installed_11513__SUB_HIFLD_3201,solar,1023.5602372064641,1.5231551148905715,0.0
SUB_HIFLD_3201,installed_12592__SUB_HIFLD_3201,wind,51281.754384660904,76.31213450098349,0.0
SUB_HIFLD_3201,installed_9811__SUB_HIFLD_3201,wind,40338.81,60.027991071428566,0.0
SUB_HIFLD_3206,bess_SUB_HIFLD_3206,battery,-7.632300327534832,-0.01135758977311731,
SUB_HIFLD_3207,installed_11168__SUB_HIFLD_3207,solar,16042.725999999999,23.873104166666664,0.0
SUB_HIFLD_3207,installed_11169__SUB_HIFLD_3207,solar,16042.725999999999,23.873104166666664,0.0
SUB_HIFLD_3207,installed_11170__SUB_HIFLD_3207,solar,16042.725999999999,23.873104166666664,0.0
SUB_HIFLD_3207,installed_13201__SUB_HIFLD_3207,solar,9151.83270847318,13.618798673323186,0.0
SUB_HIFLD_3207,installed_13202__SUB_HIFLD_3207,solar,4094.2409490671007,6.092620459921281,0.0
SUB_HIFLD_3207,installed_13203__SUB_HIFLD_3207,solar,4575.916354839699,6.809399337559076,0.0
SUB_HIFLD_3207,installed_13204__SUB_HIFLD_3207,solar,4575.916354839699,6.809399337559076,0.0
SUB_HIFLD_3207,installed_13205__SUB_HIFLD_3207,solar,4575.916354839699,6.809399337559076,0.0
SUB_HIFLD_3207,installed_13206__SUB_HIFLD_3207,solar,4575.916354839699,6.809399337559076,0.0
SUB_HIFLD_3207,installed_13207__SUB_HIFLD_3207,solar,4575.916354839699,6.809399337559076,0.0
SUB_HIFLD_3208,installed_11441__SUB_HIFLD_3208,solar,120.41885144315,0.17919471940944942,0.0
SUB_HIFLD_3209,bess_SUB_HIFLD_3209,battery,-2.5754369743120247,-0.003832495497488132,
SUB_HIFLD_3209,installed_5417__SUB_HIFLD_3209,oil,15135.956369985794,22.523744598193144,421.186480336
SUB_HIFLD_3209,installed_5418__SUB_HIFLD_3209,oil,15976.101864124259,23.773961107327768,421.186480336
SUB_HIFLD_3209,installed_5419__SUB_HIFLD_3209,natural gas,28234.02760179394,42.01492202647908,421.186480336
SUB_HIFLD_3209,installed_5420__SUB_HIFLD_3209,natural gas,54904.08620373728,81.7025092317519,421.186480336
SUB_HIFLD_3209,installed_5421__SUB_HIFLD_3209,natural gas,64713.599999999984,96.29999999999998,421.186480336
SUB_HIFLD_3209,installed_5422__SUB_HIFLD_3209,natural gas,48532.56665084413,72.2210813256609,421.186480336
SUB_HIFLD_3209,installed_5423__SUB_HIFLD_3209,natural gas,48975.21554025509,72.8797850301415,421.186480336
SUB_HIFLD_3209,installed_5424__SUB_HIFLD_3209,natural gas,9944.299704609866,14.798065036621825,421.186480336
SUB_HIFLD_3209,installed_5425__SUB_HIFLD_3209,natural gas,11061.330615134824,16.460313415379204,421.186480336
SUB_HIFLD_3209,installed_5426__SUB_HIFLD_3209,natural gas,22127.4378682299,32.92773492296116,421.186480336
SUB_HIFLD_3209,installed_5427__SUB_HIFLD_3209,natural gas,29373.61562345164,43.71073753489827,421.186480336
SUB_HIFLD_3210,bess_SUB_HIFLD_3210,battery,-2.967955319032909,-0.004416600177132305,
SUB_HIFLD_3213,bess_SUB_HIFLD_3213,battery,-1.5538873445290848,-0.0023123323579301858,
SUB_HIFLD_3214,bess_SUB_HIFLD_3214,battery,-7.158473854536531,-0.010652490854965077,
SUB_HIFLD_3220,installed_8575__SUB_HIFLD_3220,wind,5223.14165011119,7.772532217427366,0.0
SUB_HIFLD_3222,installed_13487__SUB_HIFLD_3222,natural gas,2192.6111877858566,3.2628142675384773,281.036077768
SUB_HIFLD_3222,installed_13488__SUB_HIFLD_3222,natural gas,2931.474919952141,4.3623138689764005,281.036077768
SUB_HIFLD_3222,installed_13489__SUB_HIFLD_3222,natural gas,1142.7937594756936,1.7005859516007344,281.036077768
SUB_HIFLD_3259,bess_SUB_HIFLD_3259,battery,-0.4216370213557834,-0.0006274360436842015,
SUB_HIFLD_3260,bess_SUB_HIFLD_3260,battery,-0.4216370213557834,-0.0006274360436842015,
SUB_HIFLD_3261,bess_SUB_HIFLD_3261,battery,-0.4216370213557834,-0.0006274360436842015,
SUB_HIFLD_3262,bess_SUB_HIFLD_3262,battery,0.0,0.0,
SUB_HIFLD_3262,installed_16999__SUB_HIFLD_3262,natural gas,1821.4480858446043,2.710488222983042,332.007571584
SUB_HIFLD_3262,installed_17000__SUB_HIFLD_3262,natural gas,90.58936434842141,0.13480560170896044,332.007571584
SUB_HIFLD_3263,bess_SUB_HIFLD_3263,battery,-0.4216370213557834,-0.0006274360436842015,
SUB_HIFLD_3263,installed_16997__SUB_HIFLD_3263,natural gas,0.0,0.0,293.205951128
SUB_HIFLD_3263,installed_16998__SUB_HIFLD_3263,natural gas,3435.892289713961,5.1129349549314895,293.205951128
SUB_HIFLD_3266,bess_SUB_HIFLD_3266,battery,0.0,0.0,
SUB_HIFLD_3267,bess_SUB_HIFLD_3267,battery,0.0,0.0,
SUB_HIFLD_3268,bess_SUB_HIFLD_3268,battery,0.0,0.0,
SUB_HIFLD_3269,bess_SUB_HIFLD_3269,battery,0.0,0.0,
SUB_HIFLD_3270,bess_SUB_HIFLD_3270,battery,0.0,0.0,
SUB_HIFLD_3271,bess_SUB_HIFLD_3271,battery,-0.9432740427115673,-0.0014036816111779277,
SUB_HIFLD_3272,bess_SUB_HIFLD_3272,battery,-0.9432740427115682,-0.001403681611177929,
SUB_HIFLD_3283,bess_SUB_HIFLD_3283,battery,-0.9432740427115669,-0.001403681611177927,
SUB_HIFLD_3296,installed_13911__SUB_HIFLD_3296,solar,170.466530058255,0.253670431634308,0.0
SUB_HIFLD_3296,installed_13912__SUB_HIFLD_3296,solar,170.466530058255,0.253670431634308,0.0
SUB_HIFLD_3306,installed_14919__SUB_HIFLD_3306,solar,271.91018992723104,0.4046282588202843,0.0
SUB_HIFLD_3306,installed_14920__SUB_HIFLD_3306,solar,135.955095032669,0.2023141295129003,0.0
SUB_HIFLD_3309,bess_SUB_HIFLD_3309,battery,-5.270755367380519,-0.007843385963363867,
SUB_HIFLD_3316,installed_6522__SUB_HIFLD_3316,wind,1107.939137785638,1.6487189550381518,0.0
SUB_HIFLD_3316,installed_6523__SUB_HIFLD_3316,wind,1329.526965278561,1.9784627459502395,0.0
SUB_HIFLD_3316,installed_6524__SUB_HIFLD_3316,wind,7312.39830951362,10.881545103442887,0.0
SUB_HIFLD_3316,installed_6525__SUB_HIFLD_3316,wind,1171.249945549038,1.7429314665908304,0.0
SUB_HIFLD_3316,installed_6578__SUB_HIFLD_3316,wind,9496.621180561151,14.131876756787427,0.0
SUB_HIFLD_3316,installed_6826__SUB_HIFLD_3316,wind,9180.067141744152,13.660814199024035,0.0
SUB_HIFLD_3316,installed_7322__SUB_HIFLD_3316,wind,9085.100930099052,13.519495431695017,0.0
SUB_HIFLD_3316,installed_9628__SUB_HIFLD_3316,wind,18993.242361122302,28.263753513574855,0.0
SUB_HIFLD_3316,installed_13853__SUB_HIFLD_3316,wind,31338.84989424668,46.63519329500994,0.0
SUB_HIFLD_3316,installed_14365__SUB_HIFLD_3316,solar,2408.3770288630003,3.5838943881889884,0.0
SUB_HIFLD_3319,bess_SUB_HIFLD_3319,battery,-3.5742665725791483,-0.005318849066338018,
SUB_HIFLD_3319,installed_14827__SUB_HIFLD_3319,solar,271.91018992723104,0.4046282588202843,0.0
SUB_HIFLD_3339,bess_SUB_HIFLD_3339,battery,-2.7198814187564695,-0.004047442587435222,
SUB_HIFLD_3347,bess_SUB_HIFLD_3347,battery,-2.863155461468037,-0.0042606480081369595,
SUB_HIFLD_3349,installed_9315__SUB_HIFLD_3349,waste,1680.0,2.5,286.607094712
SUB_HIFLD_3349,installed_9316__SUB_HIFLD_3349,waste,2016.0,3.0,286.607094712
SUB_HIFLD_3349,installed_9317__SUB_HIFLD_3349,waste,201.59999999999997,0.29999999999999993,270.0027245232
SUB_HIFLD_3349,installed_12443__SUB_HIFLD_3349,waste,4569.5999999999985,6.799999999999998,0.0
SUB_HIFLD_3349,installed_12444__SUB_HIFLD_3349,waste,4569.5999999999985,6.799999999999998,0.0
SUB_HIFLD_3349,installed_12445__SUB_HIFLD_3349,waste,4569.5999999999985,6.799999999999998,0.0
SUB_HIFLD_3349,installed_12446__SUB_HIFLD_3349,waste,4569.5999999999985,6.799999999999998,0.0
SUB_HIFLD_3349,installed_12447__SUB_HIFLD_3349,waste,6720.0,10.0,0.0
SUB_HIFLD_3351,bess_SUB_HIFLD_3351,battery,-3.0625702606015985,-0.004557396221133331,
SUB_HIFLD_3353,bess_SUB_HIFLD_3353,battery,-11.393781263379518,-0.016955031641933807,
SUB_HIFLD_3356,bess_SUB_HIFLD_3356,battery,0.0,0.0,
SUB_HIFLD_3357,installed_12548__SUB_HIFLD_3357,wind,506.48646307026894,0.7537000938545668,0.0
SUB_HIFLD_3357,installed_12549__SUB_HIFLD_3357,wind,506.48646307026894,0.7537000938545668,0.0
SUB_HIFLD_3359,bess_SUB_HIFLD_3359,battery,-3.0742665725791465,-0.004574801447290396,
SUB_HIFLD_3368,bess_SUB_HIFLD_3368,battery,-7.17017016651408,-0.010669896081122142,
SUB_HIFLD_3368,installed_6477__SUB_HIFLD_3368,wind,13738.445307129408,20.444115040371145,0.0
SUB_HIFLD_3378,bess_SUB_HIFLD_3378,battery,-3.500199060293876,-0.005208629554008744,
SUB_HIFLD_3382,installed_11042__SUB_HIFLD_3382,solar,90.915482697736,0.13529089687163096,0.0
SUB_HIFLD_3387,installed_12044__SUB_HIFLD_3387,solar,13246.0736527154,19.711419126064584,0.0
SUB_HIFLD_3390,bess_SUB_HIFLD_3390,battery,-4.816955414424278,-0.007168088414321842,
SUB_HIFLD_3393,bess_SUB_HIFLD_3393,battery,-15.550804438414858,-0.023141078033355442,
SUB_HIFLD_3398,installed_6914__SUB_HIFLD_3398,waste,1765.3621621440002,2.6270270270000005,6.287238712000001
SUB_HIFLD_3403,bess_SUB_HIFLD_3403,battery,-5.6157850126914,-0.008356822935552679,
SUB_HIFLD_3416,bess_SUB_HIFLD_3416,battery,-5.071925769113392,-0.007547508584990166,
SUB_HIFLD_3418,installed_13027__SUB_HIFLD_3418,solar,602.0942572157501,0.8959735970472471,0.0
SUB_HIFLD_3418,installed_13029__SUB_HIFLD_3418,solar,1204.188514310878,1.791947193914997,0.0
SUB_HIFLD_3418,installed_13567__SUB_HIFLD_3418,solar,5418.84831433864,8.063762372527739,0.0
SUB_HIFLD_3418,installed_13571__SUB_HIFLD_3418,solar,1806.2827710441397,2.6879207902442555,0.0
SUB_HIFLD_3430,bess_SUB_HIFLD_3430,battery,-6.7251405212031985,-0.010007649585123807,
SUB_HIFLD_3435,installed_13791__SUB_HIFLD_3435,solar,203.93264247995,0.3034711941665923,0.0
SUB_HIFLD_3436,bess_SUB_HIFLD_3436,battery,-0.8432740427115677,-0.0012548720873684044,
SUB_HIFLD_3448,bess_SUB_HIFLD_3448,battery,-3.1514591494904876,-0.004689671353408463,
SUB_HIFLD_3449,bess_SUB_HIFLD_3449,battery,-7.449118346024738,-0.01108499753872729,
SUB_HIFLD_3461,bess_SUB_HIFLD_3461,battery,-13.403518280393705,-0.019945711726776345,
SUB_HIFLD_3475,installed_12606__SUB_HIFLD_3475,solar,156.544506815784,0.2329531351425357,0.0
SUB_HIFLD_3491,installed_6374__SUB_HIFLD_3491,waste,1948.7999999999995,2.8999999999999995,0.0
SUB_HIFLD_3491,installed_6375__SUB_HIFLD_3491,waste,1948.7999999999995,2.8999999999999995,0.0
SUB_HIFLD_3491,installed_6376__SUB_HIFLD_3491,waste,873.6000000000001,1.3000000000000003,0.0
SUB_HIFLD_3491,installed_6377__SUB_HIFLD_3491,waste,873.6000000000001,1.3000000000000003,0.0
SUB_HIFLD_3491,installed_9572__SUB_HIFLD_3491,wind,6593.796,9.81219642857143,0.0
SUB_HIFLD_3491,installed_9822__SUB_HIFLD_3491,wind,13920.235999999999,20.714636904761903,0.0
SUB_HIFLD_3509,installed_15727__SUB_HIFLD_3509,non-fossil,6720.0,10.0,0.0
SUB_HIFLD_3509,installed_15728__SUB_HIFLD_3509,non-fossil,6720.0,10.0,0.0
SUB_HIFLD_3509,installed_15729__SUB_HIFLD_3509,non-fossil,1344.0,2.0,0.0
SUB_HIFLD_3511,bess_SUB_HIFLD_3511,battery,-4.874071502458017,-0.007253082592943478,
SUB_HIFLD_3512,bess_SUB_HIFLD_3512,battery,-4.328066525535387,-0.0064405751868086124,
SUB_HIFLD_3513,bess_SUB_HIFLD_3513,battery,-12.187877820811286,-0.018136722947635842,
SUB_HIFLD_3513,installed_8789__SUB_HIFLD_3513,natural gas,22510.350773673017,33.497545794156274,293.205951128
SUB_HIFLD_3514,bess_SUB_HIFLD_3514,battery,0.0,0.0,
SUB_HIFLD_3523,installed_5106__SUB_HIFLD_3523,hydro,13234.317901636563,19.693925448863933,0.0
SUB_HIFLD_3523,installed_5107__SUB_HIFLD_3523,hydro,13234.317901636561,19.69392544886393,0.0
SUB_HIFLD_3523,installed_17258__SUB_HIFLD_3523,hydro,767.5904382949208,1.1422476760341083,0.0
SUB_HIFLD_3525,installed_4922__SUB_HIFLD_3525,hydro,385.0150600463784,0.5729390774499679,0.0
SUB_HIFLD_3525,installed_4923__SUB_HIFLD_3525,hydro,385.0150600463784,0.5729390774499679,0.0
SUB_HIFLD_3526,bess_SUB_HIFLD_3526,battery,0.0,0.0,
SUB_HIFLD_3526,installed_650__SUB_HIFLD_3526,natural gas,10275.652266599374,15.291149206249068,383.80632648959994
SUB_HIFLD_3526,installed_6265__SUB_HIFLD_3526,natural gas,0.0,0.0,345.389442768
SUB_HIFLD_3526,installed_6266__SUB_HIFLD_3526,natural gas,31918.39567052407,47.49761260494653,345.389442768
SUB_HIFLD_3529,installed_11869__SUB_HIFLD_3529,natural gas,12041.786399241542,17.919324998871343,296.689084096
SUB_HIFLD_3530,bess_SUB_HIFLD_3530,battery,-1.4871332862895743,-0.002212995961740438,
SUB_HIFLD_3547,bess_SUB_HIFLD_3547,battery,-2.641220547517098,-0.003930387719519491,
SUB_HIFLD_3573,installed_487__SUB_HIFLD_3573,wind,18866.6207455955,28.075328490469495,0.0
SUB_HIFLD_3573,installed_489__SUB_HIFLD_3573,wind,9180.067141744152,13.660814199024035,0.0
SUB_HIFLD_3573,installed_6837__SUB_HIFLD_3573,wind,4463.41195374016,6.641982074018095,0.0
SUB_HIFLD_3573,installed_6838__SUB_HIFLD_3573,wind,6710.94563576132,9.98652624369244,0.0
SUB_HIFLD_3573,installed_7644__SUB_HIFLD_3573,wind,2627.3985266754225,3.909819236124141,0.0
SUB_HIFLD_3573,installed_7645__SUB_HIFLD_3573,wind,4305.13493433166,6.406450795136398,0.0
SUB_HIFLD_3573,installed_7682__SUB_HIFLD_3573,wind,14846.38444619914,22.09283399732015,0.0
SUB_HIFLD_3573,installed_11478__SUB_HIFLD_3573,wind,47483.10588675461,70.6593837600515,0.0
SUB_HIFLD_3573,installed_11479__SUB_HIFLD_3573,wind,47483.10588675461,70.6593837600515,0.0
SUB_HIFLD_3573,installed_11480__SUB_HIFLD_3573,wind,32288.5120235386,48.04838098740863,0.0
SUB_HIFLD_3573,installed_11481__SUB_HIFLD_3573,wind,53181.078617562904,79.13850984756384,0.0
SUB_HIFLD_3573,installed_12181__SUB_HIFLD_3573,wind,47483.10588675461,70.6593837600515,0.0
SUB_HIFLD_3573,installed_12182__SUB_HIFLD_3573,wind,53181.078617562904,79.13850984756384,0.0
SUB_HIFLD_3573,installed_12183__SUB_HIFLD_3573,wind,47483.10588675461,70.6593837600515,0.0
SUB_HIFLD_3573,installed_12374__SUB_HIFLD_3573,wind,32288.5120235386,48.04838098740863,0.0
SUB_HIFLD_3573,installed_12880__SUB_HIFLD_3573,wind,43684.457420950595,65.00663306689077,0.0
SUB_HIFLD_3573,installed_15279__SUB_HIFLD_3573,wind,41500.234553113296,61.75630141832336,0.0
SUB_HIFLD_3575,installed_6320__SUB_HIFLD_3575,wind,474.83105886754595,0.7065938376005148,0.0
SUB_HIFLD_3575,installed_6321__SUB_HIFLD_3575,wind,6204.45917044389,9.232826146493883,0.0
SUB_HIFLD_3575,installed_7068__SUB_HIFLD_3575,wind,949.662118056115,1.4131876756787425,0.0
SUB_HIFLD_3575,installed_9578__SUB_HIFLD_3575,wind,759.729694444892,1.130550140542994,0.0
SUB_HIFLD_3575,installed_9579__SUB_HIFLD_3575,wind,506.48646307026894,0.7537000938545668,0.0
SUB_HIFLD_3575,installed_12114__SUB_HIFLD_3575,wind,37986.484722244604,56.52750702714971,0.0
SUB_HIFLD_3585,installed_7170__SUB_HIFLD_3585,natural gas,0.0,0.0,336.386548752
SUB_HIFLD_3585,installed_7171__SUB_HIFLD_3585,natural gas,0.0,0.0,336.386548752
SUB_HIFLD_3585,installed_8081__SUB_HIFLD_3585,natural gas,0.0,0.0,381.36654584
SUB_HIFLD_3585,installed_8082__SUB_HIFLD_3585,natural gas,0.0,0.0,381.36654584
SUB_HIFLD_3585,installed_8083__SUB_HIFLD_3585,natural gas,0.0,0.0,381.36654584
SUB_HIFLD_3588,bess_SUB_HIFLD_3588,battery,0.0,0.0,
SUB_HIFLD_3591,bess_SUB_HIFLD_3591,battery,-5.0725109699798345,-0.007548379419612849,
SUB_HIFLD_3592,installed_12191__SUB_HIFLD_3592,solar,149.55060443926104,0.22254554232032892,0.0
SUB_HIFLD_3592,installed_12561__SUB_HIFLD_3592,waste,134.39999999999998,0.19999999999999996,25.211263839622646
SUB_HIFLD_3592,installed_12562__SUB_HIFLD_3592,waste,134.39999999999998,0.19999999999999996,25.211263839622646
SUB_HIFLD_3592,installed_12563__SUB_HIFLD_3592,waste,134.39999999999998,0.19999999999999996,25.211263839622646
SUB_HIFLD_3592,installed_12564__SUB_HIFLD_3592,waste,134.39999999999998,0.19999999999999996,25.211263839622646
SUB_HIFLD_3592,installed_12565__SUB_HIFLD_3592,waste,134.39999999999998,0.19999999999999996,25.211263839622646
SUB_HIFLD_3593,installed_11519__SUB_HIFLD_3593,solar,299.1012088785221,0.44509108464065783,0.0
SUB_HIFLD_3602,bess_SUB_HIFLD_3602,battery,-0.4216370213557843,-0.0006274360436842028,
SUB_HIFLD_3605,bess_SUB_HIFLD_3605,battery,-8.339990513657828,-0.012410700169133673,
SUB_HIFLD_3605,installed_14057__SUB_HIFLD_3605,solar,842.93196010205,1.2543630358661457,0.0
SUB_HIFLD_3605,installed_14058__SUB_HIFLD_3605,solar,2408.3770288630003,3.5838943881889884,0.0
SUB_HIFLD_3606,installed_17220__SUB_HIFLD_3606,hydro,7078.353796237266,10.533264577734027,0.0
SUB_HIFLD_3607,bess_SUB_HIFLD_3607,battery,-1.4452037284398465,-0.002150600786368819,
SUB_HIFLD_3607,installed_5845__SUB_HIFLD_3607,hydro,829.2632062537385,1.2340226283537776,0.0
SUB_HIFLD_3607,installed_11942__SUB_HIFLD_3607,solar,180.628277104414,0.2687920790244256,0.0
SUB_HIFLD_3618,bess_SUB_HIFLD_3618,battery,-0.4216370213557843,-0.0006274360436842028,
SUB_HIFLD_3623,bess_SUB_HIFLD_3623,battery,-1.3649110640673516,-0.0020311176548621305,
SUB_HIFLD_3625,bess_SUB_HIFLD_3625,battery,0.0,0.0,
SUB_HIFLD_3637,bess_SUB_HIFLD_3637,battery,-1.6951549987713754,-0.002522552081505023,
SUB_HIFLD_3654,bess_SUB_HIFLD_3654,battery,-0.4216370213557834,-0.0006274360436842015,
SUB_HIFLD_3655,bess_SUB_HIFLD_3655,battery,-7.471949907408632,-0.01111897307650094,
SUB_HIFLD_3655,installed_12956__SUB_HIFLD_3655,solar,120.41885144315,0.17919471940944942,0.0
SUB_HIFLD_3655,installed_13163__SUB_HIFLD_3655,solar,180.628277104414,0.2687920790244256,0.0
SUB_HIFLD_3655,installed_13164__SUB_HIFLD_3655,solar,180.628277104414,0.2687920790244256,0.0
SUB_HIFLD_3655,installed_13162__SUB_HIFLD_3655,solar,218.3865,0.3249799107142857,0.0
SUB_HIFLD_3656,bess_SUB_HIFLD_3656,battery,-6.030090202422626,-0.00897334851550986,
SUB_HIFLD_3657,bess_SUB_HIFLD_3657,battery,-5.03439946209382,-0.007491665866211041,
SUB_HIFLD_3659,installed_9870__SUB_HIFLD_3659,natural gas,21651.938572459203,32.22014668520715,386.7662181247569
SUB_HIFLD_3659,installed_9871__SUB_HIFLD_3659,battery,-6.507913734559686,-0.009684395438332867,0.0
SUB_HIFLD_3660,installed_14826__SUB_HIFLD_3660,solar,240.8377028863,0.35838943881889884,0.0
SUB_HIFLD_3661,bess_SUB_HIFLD_3661,battery,-6.114029410092085,-0.009098258050732269,
SUB_HIFLD_3666,bess_SUB_HIFLD_3666,battery,-4.540122945085684,-0.006756135334948934,
SUB_HIFLD_3666,installed_11330__SUB_HIFLD_3666,solar,60.20942566126399,0.08959735961497618,0.0
SUB_HIFLD_3666,installed_11331__SUB_HIFLD_3666,solar,60.20942566126399,0.08959735961497618,0.0
SUB_HIFLD_3667,bess_SUB_HIFLD_3667,battery,-5.881281277625192,-0.008751906663132726,
SUB_HIFLD_3669,bess_SUB_HIFLD_3669,battery,-5.615785012691402,-0.008356822935552682,
SUB_HIFLD_3672,bess_SUB_HIFLD_3672,battery,-8.037422034047182,-0.011960449455427355,
SUB_HIFLD_3673,bess_SUB_HIFLD_3673,battery,-10.997005277254551,-0.016364591186390703,
SUB_HIFLD_3674,bess_SUB_HIFLD_3674,battery,-12.197740647412951,-0.01815139977293594,
SUB_HIFLD_3675,bess_SUB_HIFLD_3675,battery,-12.2409255338946,-0.018215662996866964,
SUB_HIFLD_3676,bess_SUB_HIFLD_3676,battery,-12.119288512538816,-0.018034655524611334,
SUB_HIFLD_3677,bess_SUB_HIFLD_3677,battery,-24.45943859953342,-0.036397974106448544,
SUB_HIFLD_3677,installed_357__SUB_HIFLD_3677,solar,10614.736,15.795738095238097,0.0
SUB_HIFLD_3677,installed_358__SUB_HIFLD_3677,solar,10614.736,15.795738095238097,0.0
SUB_HIFLD_3677,installed_11532__SUB_HIFLD_3677,solar,16645.836,24.770589285714284,0.0
SUB_HIFLD_3677,installed_11533__SUB_HIFLD_3677,solar,16645.836,24.770589285714284,0.0
SUB_HIFLD_3678,bess_SUB_HIFLD_3678,battery,-11.884199576606171,-0.01768482079852109,
SUB_HIFLD_3679,bess_SUB_HIFLD_3679,battery,-5.612385260164011,-0.00835176378000597,
SUB_HIFLD_3680,bess_SUB_HIFLD_3680,battery,-8.423769509330516,-0.0125353712936466,
SUB_HIFLD_3681,bess_SUB_HIFLD_3681,battery,-6.114614610958524,-0.009099128885354947,
SUB_HIFLD_3683,installed_14364__SUB_HIFLD_3683,solar,679.7754748871309,1.0115706471534687,0.0
SUB_HIFLD_3684,bess_SUB_HIFLD_3684,battery,-4.152044350356927,-0.006178637426126379,
SUB_HIFLD_3687,bess_SUB_HIFLD_3687,battery,-6.725140521203199,-0.01000764958512381,
SUB_HIFLD_3689,bess_SUB_HIFLD_3689,battery,-7.158473854536532,-0.010652490854965077,
SUB_HIFLD_3690,bess_SUB_HIFLD_3690,battery,-7.57931319604049,-0.011278739875060253,
SUB_HIFLD_3692,bess_SUB_HIFLD_3692,battery,-6.7251405212031985,-0.010007649585123807,
SUB_HIFLD_3696,installed_12600__SUB_HIFLD_3696,natural gas,1668.6418473081935,2.483097987065764,255.135067384
SUB_HIFLD_3696,installed_12601__SUB_HIFLD_3696,solar,36.1866,0.05384910714285714,0.0
SUB_HIFLD_3696,installed_12602__SUB_HIFLD_3696,solar,36.1866,0.05384910714285714,0.0
SUB_HIFLD_3696,installed_12603__SUB_HIFLD_3696,solar,241.244,0.35899404761904763,0.0
SUB_HIFLD_3696,installed_12604__SUB_HIFLD_3696,solar,36.1866,0.05384910714285714,0.0
SUB_HIFLD_3696,installed_12605__SUB_HIFLD_3696,solar,120.622,0.17949702380952381,0.0
SUB_HIFLD_3696,installed_15740__SUB_HIFLD_3696,solar,132.46073652715398,0.1971141912606458,0.0
SUB_HIFLD_3696,installed_15741__SUB_HIFLD_3696,solar,264.92147317493,0.3942283827007887,0.0
SUB_HIFLD_3697,bess_SUB_HIFLD_3697,battery,-3.0742665725791474,-0.004574801447290398,
SUB_HIFLD_3698,bess_SUB_HIFLD_3698,battery,-3.495903593934933,-0.005202237490974602,
SUB_HIFLD_3699,bess_SUB_HIFLD_3699,battery,-4.771925769113394,-0.007101080013561598,
SUB_HIFLD_3700,bess_SUB_HIFLD_3700,battery,-4.816955414424278,-0.007168088414321842,
SUB_HIFLD_3702,bess_SUB_HIFLD_3702,battery,-4.895318393068493,-0.007284699989685258,
SUB_HIFLD_3704,bess_SUB_HIFLD_3704,battery,-8.578324323301246,-0.01276536357634114,
SUB_HIFLD_3705,bess_SUB_HIFLD_3705,battery,-8.149675473421912,-0.012127493264020702,
SUB_HIFLD_3706,bess_SUB_HIFLD_3706,battery,-7.303503499847414,-0.010868308779534843,
SUB_HIFLD_3706,installed_15259__SUB_HIFLD_3706,waste,299.34545424,0.445454545,0.0
SUB_HIFLD_3707,bess_SUB_HIFLD_3707,battery,-5.02748132466895,-0.007481371018852605,
SUB_HIFLD_3708,installed_8483__SUB_HIFLD_3708,natural gas,56032.21561660123,83.38127323898992,384.66234531199996
SUB_HIFLD_3708,installed_8484__SUB_HIFLD_3708,natural gas,55610.221180089895,82.75330532751472,384.66234531199996
SUB_HIFLD_3708,installed_8485__SUB_HIFLD_3708,natural gas,18800.36664255577,27.976736075231802,384.66234531199996
SUB_HIFLD_3708,installed_11829__SUB_HIFLD_3708,natural gas,4554.117614383527,6.776960735689773,420.6784572960001
SUB_HIFLD_3708,installed_11830__SUB_HIFLD_3708,natural gas,27090.161110551147,40.31273974784397,420.6784572960001
SUB_HIFLD_3708,installed_11831__SUB_HIFLD_3708,natural gas,4524.775182360553,6.733296402322251,420.67845729600015
SUB_HIFLD_3716,bess_SUB_HIFLD_3716,battery,-2.5643258632009136,-0.0038159611059537407,
SUB_HIFLD_3717,bess_SUB_HIFLD_3717,battery,-2.5643258632009136,-0.0038159611059537407,
SUB_HIFLD_3718,bess_SUB_HIFLD_3718,battery,-2.5421036409786906,-0.003782892322884956,
SUB_HIFLD_3719,bess_SUB_HIFLD_3719,battery,-4.0064295041796045,-0.005961948666933935,
SUB_HIFLD_3720,bess_SUB_HIFLD_3720,battery,-2.453214752089802,-0.0036506171906098245,
SUB_HIFLD_3721,bess_SUB_HIFLD_3721,battery,-2.3532147520898032,-0.0035018076668003025,
SUB_HIFLD_3722,bess_SUB_HIFLD_3722,battery,-3.3637406623344757,-0.005005566461807255,
SUB_HIFLD_3723,bess_SUB_HIFLD_3723,battery,-2.59240569888341,-0.00385774657571936,
SUB_HIFLD_3725,bess_SUB_HIFLD_3725,battery,-0.4216370213557834,-0.0006274360436842015,
SUB_HIFLD_3727,installed_5852__SUB_HIFLD_3727,hydro,562.7143185293222,0.8373724978114914,0.0
SUB_HIFLD_3731,bess_SUB_HIFLD_3731,battery,-3.1964887948013674,-0.004756679754168701,
SUB_HIFLD_3734,bess_SUB_HIFLD_3734,battery,-2.447382877746845,-0.0036419388061709004,
SUB_HIFLD_3735,bess_SUB_HIFLD_3735,battery,-2.663740662334477,-0.00396389979514059,
SUB_HIFLD_3736,bess_SUB_HIFLD_3736,battery,-2.663740662334474,-0.003963899795140587,
SUB_HIFLD_3737,bess_SUB_HIFLD_3737,battery,-2.353214752089802,-0.0035018076668003003,
SUB_HIFLD_3737,installed_10691__SUB_HIFLD_3737,solar,48.16754057726,0.07167788776377976,0.0
SUB_HIFLD_3737,installed_10692__SUB_HIFLD_3737,solar,48.16754057726,0.07167788776377976,0.0
SUB_HIFLD_3738,bess_SUB_HIFLD_3738,battery,-3.385377683690259,-0.005037764410253362,
SUB_HIFLD_3740,bess_SUB_HIFLD_3740,battery,-6.877506814919849,-0.010234385141249776,
SUB_HIFLD_3740,installed_15970__SUB_HIFLD_3740,solar,1454.7195158966201,2.1647611843699703,0.0
SUB_HIFLD_3745,bess_SUB_HIFLD_3745,battery,-3.3730961708462726,-0.00501948834947362,
SUB_HIFLD_3746,bess_SUB_HIFLD_3746,battery,-3.829693517809897,-0.005698948687217108,
SUB_HIFLD_3747,bess_SUB_HIFLD_3747,battery,-4.350873948624049,-0.006474514804500072,
SUB_HIFLD_3748,bess_SUB_HIFLD_3748,battery,-4.417540615290715,-0.006573721153706421,
SUB_HIFLD_3749,bess_SUB_HIFLD_3749,battery,-4.182667383833272,-0.00622420741641856,
SUB_HIFLD_3750,bess_SUB_HIFLD_3750,battery,-3.7064295041796056,-0.005515520095505365,
SUB_HIFLD_3751,bess_SUB_HIFLD_3751,battery,-3.3853776836902587,-0.005037764410253361,
SUB_HIFLD_3753,bess_SUB_HIFLD_3753,battery,-2.9400044502172458,-0.004375006622347092,
SUB_HIFLD_3755,bess_SUB_HIFLD_3755,battery,0.0,0.0,
SUB_HIFLD_3761,bess_SUB_HIFLD_3761,battery,-0.4216370213557843,-0.0006274360436842028,
SUB_HIFLD_3762,bess_SUB_HIFLD_3762,battery,-0.4216370213557843,-0.0006274360436842028,
SUB_HIFLD_3766,bess_SUB_HIFLD_3766,battery,-0.6444444444444444,-0.0009589947089947089,
SUB_HIFLD_3767,bess_SUB_HIFLD_3767,battery,-7.265447169528734,-0.010811677335608236,
SUB_HIFLD_3767,installed_12688__SUB_HIFLD_3767,solar,217.52815188654202,0.32370260697402087,0.0
SUB_HIFLD_3768,bess_SUB_HIFLD_3768,battery,-4.461399858868722,-0.006638987885221313,
SUB_HIFLD_3771,bess_SUB_HIFLD_3771,battery,-2.9514591494904874,-0.004392052305789416,
SUB_HIFLD_3771,installed_16970__SUB_HIFLD_3771,hydro,2991.2708511295573,4.451295909418984,0.0
SUB_HIFLD_3773,bess_SUB_HIFLD_3773,battery,-3.38537768369026,-0.0050377644102533635,
SUB_HIFLD_3777,bess_SUB_HIFLD_3777,battery,-3.38537768369026,-0.0050377644102533635,
SUB_HIFLD_3778,bess_SUB_HIFLD_3778,battery,-3.2964887948013692,-0.004905489277978228,
SUB_HIFLD_3779,bess_SUB_HIFLD_3779,battery,-3.3853776836902587,-0.005037764410253361,
SUB_HIFLD_3780,bess_SUB_HIFLD_3780,battery,-3.274266572579147,-0.004872420494909445,
SUB_HIFLD_3784,installed_10046__SUB_HIFLD_3784,natural gas,0.0,0.0,394.987006416
SUB_HIFLD_3784,installed_10047__SUB_HIFLD_3784,natural gas,0.0,0.0,394.987006416
SUB_HIFLD_3784,installed_10048__SUB_HIFLD_3784,natural gas,0.0,0.0,394.987006416
SUB_HIFLD_3825,bess_SUB_HIFLD_3825,battery,-0.6978941166926975,-0.0010385329117450857,
SUB_HIFLD_3862,bess_SUB_HIFLD_3862,battery,-0.4216370213557843,-0.0006274360436842028,
SUB_HIFLD_3900,installed_7067__SUB_HIFLD_3900,wind,2374.155294979776,3.532969188958,0.0
SUB_HIFLD_3900,installed_7069__SUB_HIFLD_3900,wind,1424.493176923661,2.1197815132792575,0.0
SUB_HIFLD_3900,installed_7460__SUB_HIFLD_3900,wind,2057.6012558417533,3.0619066307168947,0.0
SUB_HIFLD_3900,installed_11469__SUB_HIFLD_3900,wind,47483.10588675461,70.6593837600515,0.0
SUB_HIFLD_3901,bess_SUB_HIFLD_3901,battery,-31.256540807723667,-0.04651270953530308,
SUB_HIFLD_3908,installed_10864__SUB_HIFLD_3908,waste,2218.6666669440006,3.3015873020000006,0.0
SUB_HIFLD_3908,installed_10865__SUB_HIFLD_3908,waste,2218.6666669440006,3.3015873020000006,0.0
SUB_HIFLD_3909,bess_SUB_HIFLD_3909,battery,-3.2631554614680374,-0.004855886103375055,
SUB_HIFLD_3910,bess_SUB_HIFLD_3910,battery,-2.9989690465374803,-0.004462751557347441,
SUB_HIFLD_3911,installed_12761__SUB_HIFLD_3911,natural gas,293.0,0.43601190476190477,265.40575104000004
SUB_HIFLD_3913,installed_9285__SUB_HIFLD_3913,natural gas,5358.354670401647,7.97374206905007,386.72689952881603
SUB_HIFLD_3915,bess_SUB_HIFLD_3915,battery,-3.2847924828238186,-0.0048880840518211585,
SUB_HIFLD_3916,bess_SUB_HIFLD_3916,battery,-28.244550419360127,-0.04203058098119067,
SUB_HIFLD_3922,bess_SUB_HIFLD_3922,battery,-3.28479248282382,-0.004888084051821161,
SUB_HIFLD_3923,bess_SUB_HIFLD_3923,battery,-8.968402603961625,-0.013345837208276227,
SUB_HIFLD_3926,bess_SUB_HIFLD_3926,battery,-105.44264688585153,-0.15690870072299334,
SUB_HIFLD_3927,bess_SUB_HIFLD_3927,battery,-4.971340568246955,-0.007397828226557969,
SUB_HIFLD_3929,bess_SUB_HIFLD_3929,battery,-6.8251405212032,-0.010156459108933332,
SUB_HIFLD_3929,installed_15100__SUB_HIFLD_3929,solar,228.795817681674,0.34046996678820535,0.0
SUB_HIFLD_3930,bess_SUB_HIFLD_3930,battery,-7.486025180796487,-0.011139918423804296,
SUB_HIFLD_3932,bess_SUB_HIFLD_3932,battery,-7.895055727330751,-0.011748594832337428,
SUB_HIFLD_3932,installed_12546__SUB_HIFLD_3932,wind,316.554039459046,0.47106255871881847,0.0
SUB_HIFLD_3932,installed_12547__SUB_HIFLD_3932,wind,316.554039459046,0.47106255871881847,0.0
SUB_HIFLD_3934,bess_SUB_HIFLD_3934,battery,-7.158473854536533,-0.010652490854965078,
SUB_HIFLD_3935,bess_SUB_HIFLD_3935,battery,-6.685571435824526,-0.00994876701759602,
SUB_HIFLD_3937,bess_SUB_HIFLD_3937,battery,-6.803503499847414,-0.010124261160487223,
SUB_HIFLD_3938,installed_12411__SUB_HIFLD_3938,solar,4852.87971225428,7.221547190854584,0.0
SUB_HIFLD_3938,installed_12412__SUB_HIFLD_3938,solar,3636.64931298002,5.4116805252678875,0.0
SUB_HIFLD_3938,installed_12413__SUB_HIFLD_3938,solar,2432.46079854852,3.619733331173393,0.0
SUB_HIFLD_3938,installed_12414__SUB_HIFLD_3938,solar,4852.87971225428,7.221547190854584,0.0
SUB_HIFLD_3938,installed_12415__SUB_HIFLD_3938,solar,4852.87971225428,7.221547190854584,0.0
SUB_HIFLD_3938,installed_12416__SUB_HIFLD_3938,solar,3636.64931298002,5.4116805252678875,0.0
SUB_HIFLD_3938,installed_12417__SUB_HIFLD_3938,solar,3034.55505636738,4.515706929118125,0.0
SUB_HIFLD_3938,installed_12418__SUB_HIFLD_3938,solar,3034.55505636738,4.515706929118125,0.0
SUB_HIFLD_3938,installed_12419__SUB_HIFLD_3938,solar,2432.46079854852,3.619733331173393,0.0
SUB_HIFLD_3938,installed_12420__SUB_HIFLD_3938,solar,2275.91629197398,3.3867801963898514,0.0
SUB_HIFLD_3938,installed_12421__SUB_HIFLD_3938,solar,2733.5079280610603,4.067720131043244,0.0
SUB_HIFLD_3938,installed_13074__SUB_HIFLD_3938,solar,4708.377090522499,7.006513527563243,0.0
SUB_HIFLD_3938,installed_13075__SUB_HIFLD_3938,solar,4708.377090522499,7.006513527563243,0.0
SUB_HIFLD_3938,installed_13076__SUB_HIFLD_3938,solar,3191.09956294192,4.748660063901666,0.0
SUB_HIFLD_3938,installed_13077__SUB_HIFLD_3938,solar,1673.82203536134,2.4908066002400893,0.0
SUB_HIFLD_3938,installed_13078__SUB_HIFLD_3938,solar,2733.5079280610603,4.067720131043244,0.0
SUB_HIFLD_3938,installed_13079__SUB_HIFLD_3938,solar,3492.14669124824,5.196646861976548,0.0
SUB_HIFLD_3938,installed_13080__SUB_HIFLD_3938,solar,3492.14669124824,5.196646861976548,0.0
SUB_HIFLD_3938,installed_13081__SUB_HIFLD_3938,solar,3034.55505636738,4.515706929118125,0.0
SUB_HIFLD_3938,installed_13082__SUB_HIFLD_3938,solar,3034.55505636738,4.515706929118125,0.0
SUB_HIFLD_3940,installed_5941__SUB_HIFLD_3940,geothermal,33600.0,50.0,0.0
SUB_HIFLD_3940,installed_5942__SUB_HIFLD_3940,geothermal,33600.0,50.0,0.0
SUB_HIFLD_3940,installed_6712__SUB_HIFLD_3940,geothermal,33600.0,50.0,0.0
SUB_HIFLD_3940,installed_18294__SUB_HIFLD_3940,geothermal,6720.0,10.0,0.0
SUB_HIFLD_3948,bess_SUB_HIFLD_3948,battery,-2.609870020513201,-0.0038837351495732155,
SUB_HIFLD_3954,bess_SUB_HIFLD_3954,battery,-6.257098067751231,-0.009311157838915523,
SUB_HIFLD_3955,installed_4384__SUB_HIFLD_3955,hydro,473.8646892878505,0.70515578763073,0.0
SUB_HIFLD_3968,bess_SUB_HIFLD_3968,battery,-10.997651491183035,-0.01636555281426047,
SUB_HIFLD_3969,bess_SUB_HIFLD_3969,battery,-4.886299828053696,-0.007271279506032286,
SUB_HIFLD_3971,bess_SUB_HIFLD_3971,battery,-6.0202965429861965,-0.008958774617538983,
SUB_HIFLD_3972,bess_SUB_HIFLD_3972,battery,-10.076599670693687,-0.01499493998615132,
SUB_HIFLD_3973,bess_SUB_HIFLD_3973,battery,-0.9543851538226784,-0.001420216002712319,
SUB_HIFLD_3976,bess_SUB_HIFLD_3976,battery,-11.576014469827248,-0.0172262120086715,
SUB_HIFLD_3979,bess_SUB_HIFLD_3979,battery,-10.774844068094373,-0.01603399414894996,
SUB_HIFLD_3980,bess_SUB_HIFLD_3980,battery,-10.752621845872152,-0.01600092536588118,
SUB_HIFLD_3980,installed_12113__SUB_HIFLD_3980,solar,144.50262173177998,0.21503366329133927,0.0
SUB_HIFLD_3981,bess_SUB_HIFLD_3981,battery,-10.774844068094373,-0.01603399414894996,
SUB_HIFLD_3981,installed_12750__SUB_HIFLD_3981,solar,180.628277104414,0.2687920790244256,0.0
SUB_HIFLD_3981,installed_12751__SUB_HIFLD_3981,solar,180.628277104414,0.2687920790244256,0.0
SUB_HIFLD_3983,bess_SUB_HIFLD_3983,battery,-0.5,-0.000744047619047619,
SUB_HIFLD_3984,bess_SUB_HIFLD_3984,battery,-2.9982443974006836,-0.004461673210417684,
SUB_HIFLD_3985,bess_SUB_HIFLD_3985,battery,-6.803503499847416,-0.010124261160487227,
SUB_HIFLD_3986,bess_SUB_HIFLD_3986,battery,-7.3362516323143065,-0.010917041119515337,
SUB_HIFLD_3987,bess_SUB_HIFLD_3987,battery,-0.4216370213557843,-0.0006274360436842028,
SUB_HIFLD_3988,bess_SUB_HIFLD_3988,battery,-6.780696076758751,-0.01009032154279576,
SUB_HIFLD_3989,bess_SUB_HIFLD_3989,battery,-10.076599670693687,-0.01499493998615132,
SUB_HIFLD_3990,bess_SUB_HIFLD_3990,battery,-7.325500621209103,-0.010901042591084974,
SUB_HIFLD_3991,bess_SUB_HIFLD_3991,battery,-9.654946207321764,-0.014367479475181197,
SUB_HIFLD_3991,installed_12663__SUB_HIFLD_3991,solar,180.628277104414,0.2687920790244256,0.0
SUB_HIFLD_3993,bess_SUB_HIFLD_3993,battery,-12.119288512538816,-0.018034655524611334,
SUB_HIFLD_3994,bess_SUB_HIFLD_3994,battery,-12.155040902429718,-0.018087858485758508,
SUB_HIFLD_3994,installed_14012__SUB_HIFLD_3994,solar,120.41885144315,0.17919471940944942,0.0
SUB_HIFLD_3994,installed_14013__SUB_HIFLD_3994,solar,180.628277104414,0.2687920790244256,0.0
SUB_HIFLD_3994,installed_14014__SUB_HIFLD_3994,solar,180.628277104414,0.2687920790244256,0.0
SUB_HIFLD_3995,bess_SUB_HIFLD_3995,battery,-12.287511128129042,-0.018284986797811074,
SUB_HIFLD_3995,installed_14088__SUB_HIFLD_3995,solar,2408.3770288630003,3.5838943881889884,0.0
SUB_HIFLD_3999,bess_SUB_HIFLD_3999,battery,-2.836622337938879,-0.004221164193361427,
SUB_HIFLD_3999,installed_4813__SUB_HIFLD_3999,hydro,1747.376041748948,2.6002619668883153,0.0
SUB_HIFLD_3999,installed_4814__SUB_HIFLD_3999,hydro,1628.909869426986,2.4239730199806337,0.0
SUB_HIFLD_4000,bess_SUB_HIFLD_4000,battery,-2.7520443503569263,-0.004095304092793045,
SUB_HIFLD_4001,bess_SUB_HIFLD_4001,battery,-5.484792482823822,-0.008161893575630689,
SUB_HIFLD_4002,bess_SUB_HIFLD_4002,battery,-5.473096170846272,-0.008144488349473619,
SUB_HIFLD_4002,installed_376__SUB_HIFLD_4002,geothermal,2562.23394,3.812848125,0.0
SUB_HIFLD_4002,installed_377__SUB_HIFLD_4002,geothermal,2562.23394,3.812848125,0.0
SUB_HIFLD_4002,installed_378__SUB_HIFLD_4002,geothermal,2562.23394,3.812848125,0.0
SUB_HIFLD_4002,installed_379__SUB_HIFLD_4002,geothermal,2049.7871520000003,3.0502785000000006,0.0
SUB_HIFLD_4002,installed_380__SUB_HIFLD_4002,geothermal,2049.7871520000003,3.0502785000000006,0.0
SUB_HIFLD_4002,installed_381__SUB_HIFLD_4002,geothermal,1921.6754551679996,2.8596360939999994,0.0
SUB_HIFLD_4002,installed_382__SUB_HIFLD_4002,geothermal,1921.6754551679996,2.8596360939999994,0.0
SUB_HIFLD_4002,installed_383__SUB_HIFLD_4002,geothermal,1921.6754551679996,2.8596360939999994,0.0
SUB_HIFLD_4002,installed_384__SUB_HIFLD_4002,geothermal,2434.122243168,3.6222057189999997,0.0
SUB_HIFLD_4002,installed_385__SUB_HIFLD_4002,geothermal,2946.5690304960003,4.384775343,0.0
SUB_HIFLD_4002,installed_386__SUB_HIFLD_4002,geothermal,2690.3456368319994,4.003490530999999,0.0
SUB_HIFLD_4003,bess_SUB_HIFLD_4003,battery,-6.252041528256423,-0.009303633226572058,
SUB_HIFLD_4010,bess_SUB_HIFLD_4010,battery,-0.9432740427115665,-0.0014036816111779263,
SUB_HIFLD_4025,bess_SUB_HIFLD_4025,battery,-7.036836833180745,-0.010471483382709442,
SUB_HIFLD_4025,installed_11038__SUB_HIFLD_4025,solar,108.37696623852399,0.16127524737875593,0.0
SUB_HIFLD_4029,bess_SUB_HIFLD_4029,battery,-10.011783487822587,-0.014898487333069326,
SUB_HIFLD_4031,bess_SUB_HIFLD_4031,battery,-6.784701271435929,-0.010096281653922514,
SUB_HIFLD_4059,bess_SUB_HIFLD_4059,battery,-0.5031717517844738,-0.0007487674877745146,
SUB_HIFLD_4089,bess_SUB_HIFLD_4089,battery,-2.008770307645358,-0.0029892415292341636,
SUB_HIFLD_4111,bess_SUB_HIFLD_4111,battery,-5.499422881979683,-0.008183665002945957,
SUB_HIFLD_4114,bess_SUB_HIFLD_4114,battery,-7.590162491151318,-0.011294884659451367,
SUB_HIFLD_4118,bess_SUB_HIFLD_4118,battery,-46.44417534775778,-0.0691133561722586,
SUB_HIFLD_4118,installed_9615__SUB_HIFLD_4118,wind,17933.4,26.686607142857145,0.0
SUB_HIFLD_4118,installed_12340__SUB_HIFLD_4118,wind,51289.524,76.32369642857142,0.0
SUB_HIFLD_4118,installed_15718__SUB_HIFLD_4118,solar,2911.8199999999997,4.333065476190476,0.0
SUB_HIFLD_4125,bess_SUB_HIFLD_4125,battery,-4.561399858868722,-0.006787797409030836,
SUB_HIFLD_4127,installed_6894__SUB_HIFLD_4127,hydro,926.4022531145594,1.3785747814204752,0.0
SUB_HIFLD_4127,installed_6895__SUB_HIFLD_4127,hydro,926.4022531145592,1.378574781420475,0.0
SUB_HIFLD_4127,installed_6896__SUB_HIFLD_4127,hydro,926.4022531145592,1.378574781420475,0.0
SUB_HIFLD_4139,bess_SUB_HIFLD_4139,battery,-4.89991632553205,-0.0072915421510893605,
SUB_HIFLD_4145,bess_SUB_HIFLD_4145,battery,-4.349063866696022,-0.0064718212302024136,
SUB_HIFLD_4146,installed_11420__SUB_HIFLD_4146,solar,60.20942566126399,0.08959735961497618,0.0
SUB_HIFLD_4146,installed_11421__SUB_HIFLD_4146,solar,60.20942566126399,0.08959735961497618,0.0
SUB_HIFLD_4146,installed_11422__SUB_HIFLD_4146,solar,60.20942566126399,0.08959735961497618,0.0
SUB_HIFLD_4146,installed_11423__SUB_HIFLD_4146,solar,60.20942566126399,0.08959735961497618,0.0
SUB_HIFLD_4146,installed_11424__SUB_HIFLD_4146,solar,60.20942566126399,0.08959735961497618,0.0
SUB_HIFLD_4146,installed_11425__SUB_HIFLD_4146,solar,60.20942566126399,0.08959735961497618,0.0
SUB_HIFLD_4146,installed_11426__SUB_HIFLD_4146,solar,60.20942566126399,0.08959735961497618,0.0
SUB_HIFLD_4158,installed_12509__SUB_HIFLD_4158,solar,120.41885144315,0.17919471940944942,0.0
SUB_HIFLD_4158,installed_12510__SUB_HIFLD_4158,solar,120.41885144315,0.17919471940944942,0.0
SUB_HIFLD_4158,installed_12511__SUB_HIFLD_4158,solar,120.41885144315,0.17919471940944942,0.0
SUB_HIFLD_4158,installed_13760__SUB_HIFLD_4158,solar,132.46073652715398,0.1971141912606458,0.0
SUB_HIFLD_4158,installed_13761__SUB_HIFLD_4158,solar,132.46073652715398,0.1971141912606458,0.0
SUB_HIFLD_4175,bess_SUB_HIFLD_4175,battery,-6.559644256269408,-0.009761375381353285,
SUB_HIFLD_4175,installed_14700__SUB_HIFLD_4175,solar,247.50469999999996,0.3683105654761904,0.0
SUB_HIFLD_4175,installed_14701__SUB_HIFLD_4175,solar,72.7955,0.10832663690476191,0.0
SUB_HIFLD_4175,installed_14702__SUB_HIFLD_4175,solar,72.7955,0.10832663690476191,0.0
SUB_HIFLD_4175,installed_15748__SUB_HIFLD_4175,solar,276.62289999999996,0.4116412202380952,0.0
SUB_HIFLD_4179,installed_11602__SUB_HIFLD_4179,solar,29081.1526189974,43.27552473065089,0.0
SUB_HIFLD_4179,installed_14895__SUB_HIFLD_4179,solar,22277.4875139672,33.151023086260714,0.0
SUB_HIFLD_4189,installed_13023__SUB_HIFLD_4189,solar,2408.3770288630003,3.5838943881889884,0.0
SUB_HIFLD_4195,installed_11752__SUB_HIFLD_4195,wind,59828.71343271991,89.03082356059511,0.0
SUB_HIFLD_4195,installed_12093__SUB_HIFLD_4195,wind,44317.5654985846,65.94875818241755,0.0
SUB_HIFLD_4195,installed_15275__SUB_HIFLD_4195,solar,6502.6179779301,9.676514848110267,0.0
SUB_HIFLD_4195,installed_15276__SUB_HIFLD_4195,solar,6502.6179779301,9.676514848110267,0.0
SUB_HIFLD_4197,bess_SUB_HIFLD_4197,battery,-4.36198505973516,-0.0064910491960344634,
SUB_HIFLD_4198,bess_SUB_HIFLD_4198,battery,-3.284792482823821,-0.004888084051821162,
SUB_HIFLD_4201,bess_SUB_HIFLD_4201,battery,-3.173681371712709,-0.004722740136477245,
SUB_HIFLD_4201,installed_14022__SUB_HIFLD_4201,solar,240.8377028863,0.35838943881889884,0.0
SUB_HIFLD_4210,bess_SUB_HIFLD_4210,battery,-5.359644256269409,-0.007975661095639,
SUB_HIFLD_4211,bess_SUB_HIFLD_4211,battery,-4.92854454857635,-0.0073341436734767115,
SUB_HIFLD_4225,installed_5855__SUB_HIFLD_4225,hydro,1214.2782663001167,1.806961705803745,0.0
SUB_HIFLD_4231,bess_SUB_HIFLD_4231,battery,-0.4216370213557834,-0.0006274360436842015,
SUB_HIFLD_4231,installed_16228__SUB_HIFLD_4231,oil,594.4333885369408,0.8845734948466382,8.466657213406
SUB_HIFLD_4231,installed_16229__SUB_HIFLD_4231,oil,441.9310325059438,0.6576354650386068,8.466657213406
SUB_HIFLD_4231,installed_16230__SUB_HIFLD_4231,oil,622.8633350747544,0.9268799629088608,8.466657213406
SUB_HIFLD_4235,bess_SUB_HIFLD_4235,battery,-6.405341808722451,-0.009531758643932218,
SUB_HIFLD_4241,installed_13397__SUB_HIFLD_4241,solar,1998.95293335318,2.974632341299375,0.0
SUB_HIFLD_4241,installed_13595__SUB_HIFLD_4241,solar,1806.2827710441397,2.6879207902442555,0.0
SUB_HIFLD_4258,bess_SUB_HIFLD_4258,battery,-5.172510969979833,-0.007697188943422371,
SUB_HIFLD_4258,installed_12941__SUB_HIFLD_4258,natural gas,207.99999999999997,0.3095238095238095,265.40575104000004
SUB_HIFLD_4258,installed_12942__SUB_HIFLD_4258,natural gas,202.0,0.3005952380952381,265.40575104000004
SUB_HIFLD_4258,installed_12943__SUB_HIFLD_4258,natural gas,193.2,0.2875,265.40575104000004
SUB_HIFLD_4258,installed_12944__SUB_HIFLD_4258,natural gas,202.0,0.3005952380952381,265.40575104000004
SUB_HIFLD_4258,installed_12945__SUB_HIFLD_4258,natural gas,204.8,0.3047619047619048,265.40575104000004
SUB_HIFLD_4258,installed_12946__SUB_HIFLD_4258,natural gas,206.39999999999998,0.3071428571428571,265.40575104
SUB_HIFLD_4271,installed_12772__SUB_HIFLD_4271,solar,180.628277104414,0.2687920790244256,0.0
SUB_HIFLD_4271,installed_12773__SUB_HIFLD_4271,solar,60.20942566126399,0.08959735961497618,0.0
SUB_HIFLD_4271,installed_12774__SUB_HIFLD_4271,solar,180.628277104414,0.2687920790244256,0.0
SUB_HIFLD_4273,bess_SUB_HIFLD_4273,battery,-13.885457574421793,-0.020662883295270523,
SUB_HIFLD_4283,bess_SUB_HIFLD_4283,battery,-2.027631786824651,-0.0030173092065843023,
SUB_HIFLD_4288,bess_SUB_HIFLD_4288,battery,-4.460689886213276,-0.006637931378293565,
SUB_HIFLD_4295,bess_SUB_HIFLD_4295,battery,-5.814614610958524,-0.008652700313926375,
SUB_HIFLD_4302,installed_14558__SUB_HIFLD_4302,solar,120.41885144315,0.17919471940944942,0.0
SUB_HIFLD_4313,bess_SUB_HIFLD_4313,battery,-7.803200963501059,-0.0116119061956861,
SUB_HIFLD_4318,bess_SUB_HIFLD_4318,battery,-4.694957887551053,-0.0069865444755224,
SUB_HIFLD_4325,installed_8466__SUB_HIFLD_4325,natural gas,0.0,0.0,387.78940855999997
SUB_HIFLD_4325,installed_8467__SUB_HIFLD_4325,natural gas,512.70974421448,0.7629609288905952,387.78940855999997
SUB_HIFLD_4325,installed_8468__SUB_HIFLD_4325,natural gas,625.1925483113275,0.9303460540347136,387.78940855999997
SUB_HIFLD_4325,installed_8469__SUB_HIFLD_4325,natural gas,0.0,0.0,387.78940855999997
SUB_HIFLD_4329,bess_SUB_HIFLD_4329,battery,-3.9189145217978965,-0.005831718038389727,
SUB_HIFLD_4330,bess_SUB_HIFLD_4330,battery,-0.9874874385720291,-0.0014694753550179005,
SUB_HIFLD_4349,bess_SUB_HIFLD_4349,battery,-4.983622081090946,-0.007416104287337718,
SUB_HIFLD_4364,bess_SUB_HIFLD_4364,battery,-7.81227380749277,-0.011625407451626145,
SUB_HIFLD_4373,bess_SUB_HIFLD_4373,battery,-5.334096885137694,-0.007937644174312045,
SUB_HIFLD_4390,installed_7033__SUB_HIFLD_4390,biomass,9399.457169981803,13.987287455330064,0.0
SUB_HIFLD_4400,installed_9711__SUB_HIFLD_4400,natural gas,11438.087958395225,17.020964223802416,372.63081751199996
SUB_HIFLD_4400,installed_9712__SUB_HIFLD_4400,natural gas,4513.79133988575,6.716951398639509,372.63081751199996
SUB_HIFLD_4404,bess_SUB_HIFLD_4404,battery,-5.438592435780061,-0.008093143505625091,
SUB_HIFLD_4404,installed_311__SUB_HIFLD_4404,waste,806.3999999999999,1.1999999999999997,0.0
SUB_HIFLD_4404,installed_312__SUB_HIFLD_4404,waste,806.3999999999999,1.1999999999999997,0.0
SUB_HIFLD_4404,installed_313__SUB_HIFLD_4404,waste,1881.6000000000004,2.8000000000000007,0.0
SUB_HIFLD_4427,bess_SUB_HIFLD_4427,battery,-2.0684538288899974,-0.0030780562929910676,
SUB_HIFLD_4430,bess_SUB_HIFLD_4430,battery,-6.948533145158294,-0.010340079085056984,
SUB_HIFLD_4431,bess_SUB_HIFLD_4431,battery,-12.602778843978056,-0.018754135184491157,
SUB_HIFLD_4434,installed_9872__SUB_HIFLD_4434,natural gas,28889.19339724214,42.98987112684842,386.76621812475685
SUB_HIFLD_4438,bess_SUB_HIFLD_4438,battery,-18.724758790022015,-0.027864224389913712,
SUB_HIFLD_4441,bess_SUB_HIFLD_4441,battery,-6.204707208179703,-0.009233195250267414,
