source,target,line,capacity_W,mean_flow_W,peak_flow_W,binding_hours,n_hours
WECC_AZ,WECC_IID,line_3315,255000000.0,0.0,0.0,0,168
WECC_AZ,WECC_NM,line_3317,2400000000.0,18280699.805997033,500394956.4720746,0,168
WECC_AZ,WECC_SCE,line_3320,2192000000.0,0.0,0.0,0,168
WECC_AZ,WECC_SNV,line_3321,4727000000.0,0.0,0.0,0,168
WECC_AZ,WECC_UT,line_3322,250000000.0,0.0,0.0,0,168
WECC_AZ,WEC_LADW,line_3326,692000000.0,0.0,0.0,0,168
WECC_AZ,WEC_SDGE,line_3327,1655000000.0,0.0,0.0,0,168
WECC_CO,WECC_NM,line_3381,614000000.0,0.0,0.0,0,168
WECC_CO,WECC_UT,line_3386,650000000.0,0.0,0.0,0,168
WECC_CO,WECC_WY,line_3387,1400000000.0,0.0,0.0,0,168
WECC_ID,WECC_MT,line_3444,200000000.0,0.0,0.0,0,168
WECC_ID,WECC_NNV,line_3446,350000000.0,126633325.94516025,350000000.0,42,168
WECC_ID,WECC_PNW,line_3447,2850000000.0,576642.8573916664,96876000.04179995,0,168
WECC_ID,WECC_UT,line_3450,680000000.0,219482537.98055357,680000000.0,40,168
WECC_ID,WECC_WY,line_3451,1500000000.0,0.0,0.0,0,168
WECC_IID,WECC_AZ,line_3504,163000000.0,163000000.0,163000000.0,168,168
WECC_IID,WECC_SCE,line_3512,600000000.0,512714443.4670521,600000000.0,86,168
WECC_IID,WEC_SDGE,line_3519,150000000.0,95914174.38128723,150000000.0,105,168
WECC_MT,WECC_ID,line_3570,325000000.0,227630775.36950225,325000000.0,80,168
WECC_MT,WECC_PNW,line_3575,2000000000.0,50494811.284328796,1352451999.9956002,0,168
WECC_MT,WECC_WY,line_3579,400000000.0,0.0,0.0,0,168
WECC_NM,WECC_AZ,line_3632,2400000000.0,141334716.24106824,1356853697.9634366,0,168
WECC_NM,WECC_CO,line_3633,664000000.0,0.0,0.0,0,168
WECC_NM,WECC_UT,line_3642,300000000.0,0.0,0.0,0,168
WECC_NNV,WECC_ID,line_3698,185000000.0,93749.99998214423,15749999.99700023,0,168
WECC_NNV,WECC_PNW,line_3703,300000000.0,0.0,0.0,0,168
WECC_NNV,WECC_UT,line_3706,235000000.0,14594437.875049552,235000000.0,1,168
WECC_NNV,WEC_CALN,line_3709,100000000.0,0.0,0.0,0,168
WECC_PNW,WECC_ID,line_3762,1650000000.0,887549987.5068318,1650000000.0,35,168
WECC_PNW,WECC_MT,line_3764,500000000.0,27629067.884780895,386230927.83958817,0,168
WECC_PNW,WECC_NNV,line_3766,300000000.0,209992932.75734493,300000000.0,105,168
WECC_PNW,WEC_CALN,line_3773,4200000000.0,179174896.6035806,2561437086.428565,0,168
WECC_PNW,WEC_LADW,line_3774,2600000000.0,327561197.33837634,2526429105.564934,0,168
WECC_SCE,WECC_AZ,line_3824,1968000000.0,0.0,0.0,0,168
WECC_SCE,WECC_IID,line_3827,600000000.0,0.0,0.0,0,168
WECC_SCE,WECC_SNV,line_3833,2814000000.0,0.0,0.0,0,168
WECC_SCE,WEC_CALN,line_3837,3000000000.0,407491444.9337051,3000000000.0,8,168
WECC_SCE,WEC_LADW,line_3838,3750000000.0,486684461.3899656,3269272539.974032,0,168
WECC_SCE,WEC_SDGE,line_3839,1273000000.0,15008142.604163414,734456039.487578,0,168
WECC_SNV,WECC_AZ,line_3888,4785000000.0,0.0,0.0,0,168
WECC_SNV,WECC_SCE,line_3896,1700000000.0,0.0,0.0,0,168
WECC_SNV,WECC_UT,line_3898,250000000.0,0.0,0.0,0,168
WECC_SNV,WEC_LADW,line_3902,2300000000.0,0.0,0.0,0,168
WECC_UT,WECC_AZ,line_3952,250000000.0,2634421.76359445,250000000.0,1,168
WECC_UT,WECC_CO,line_3953,650000000.0,0.0,0.0,0,168
WECC_UT,WECC_ID,line_3954,775000000.0,337136725.96113145,775000000.0,65,168
WECC_UT,WECC_NM,line_3957,350000000.0,0.0,0.0,0,168
WECC_UT,WECC_NNV,line_3958,360000000.0,210149655.26021245,360000000.0,88,168
WECC_UT,WECC_SNV,line_3961,140000000.0,140000000.0,140000000.0,168,168
WECC_UT,WECC_WY,line_3963,1600000000.0,0.0,0.0,0,168
WECC_UT,WEC_LADW,line_3966,1920000000.0,0.0,0.0,0,168
WECC_WY,WECC_CO,line_4017,1400000000.0,705543812.8281591,1400000000.0,33,168
WECC_WY,WECC_ID,line_4018,3700000000.0,0.0,0.0,0,168
WECC_WY,WECC_MT,line_4020,200000000.0,0.0,0.0,0,168
WECC_WY,WECC_UT,line_4026,1800000000.0,0.0,0.0,0,168
WEC_BANC,WEC_CALN,line_4093,2750000000.0,0.0,0.0,0,168
WEC_CALN,WECC_NNV,line_4150,100000000.0,0.0,0.0,0,168
WEC_CALN,WECC_PNW,line_4151,3675000000.0,0.0,0.0,0,168
WEC_CALN,WECC_SCE,line_4152,3675000000.0,393540706.66702884,3101872227.216674,0,168
WEC_CALN,WEC_BANC,line_4156,2750000000.0,0.0,0.0,0,168
WEC_CALN,SUB_HIFLD_1851,iface_WEC_CALN_SUB_HIFLD_1851_to_hub,1600000000.0,189421257.4011361,416723750.8647481,0,168
WEC_CALN,SUB_01222,iface_WEC_CALN_SUB_01222_to_hub,20000000.0,19761904.76190476,20000000.0,166,168
WEC_CALN,SUB_04337,iface_WEC_CALN_SUB_04337_to_hub,3810000000.0,125524223.6500816,240873760.0949022,0,168
WEC_CALN,SUB_04205,iface_WEC_CALN_SUB_04205_to_hub,3158759451.8236485,31554757.3354342,329120141.4075681,0,168
WEC_CALN,SUB_01440,iface_WEC_CALN_SUB_01440_to_hub,20000000.0,11692397.850002997,20000000.0,92,168
WEC_CALN,SUB_25993,iface_WEC_CALN_SUB_25993_to_hub,952000000.0,1215022.0913107512,5103092.783505155,0,168
WEC_CALN,SUB_16391,iface_WEC_CALN_SUB_16391_to_hub,800000000.0,0.0,0.0,0,168
WEC_CALN,SUB_10372,iface_WEC_CALN_SUB_10372_to_hub,1473341830.7603154,0.0,0.0,0,168
WEC_CALN,SUB_HIFLD_1854,iface_WEC_CALN_SUB_HIFLD_1854_to_hub,20000000.0,336940.06206795154,2542162.824191453,0,168
WEC_CALN,SUB_HIFLD_659,iface_WEC_CALN_SUB_HIFLD_659_to_hub,20000000.0,7974081.904877498,20000000.0,31,168
WEC_CALN,SUB_10314,iface_WEC_CALN_SUB_10314_to_hub,20000000.0,1272520.0348507583,17745361.548354942,0,168
WEC_CALN,SUB_HIFLD_1357,iface_WEC_CALN_SUB_HIFLD_1357_to_hub,20000000.0,0.0,0.0,0,168
WEC_CALN,SUB_25250,iface_WEC_CALN_SUB_25250_to_hub,250000000.0,28422409.744488206,250000000.0,1,168
WEC_CALN,SUB_16242,iface_WEC_CALN_SUB_16242_to_hub,380000000.0,35708809.23053706,168530877.16344956,0,168
WEC_CALN,SUB_HIFLD_30,iface_WEC_CALN_SUB_HIFLD_30_to_hub,7850000000.0,144006624.62556013,994105271.0183636,0,168
WEC_CALN,SUB_08343,iface_WEC_CALN_SUB_08343_to_hub,1390000000.0,168534971.76990804,273158759.86630154,0,168
WEC_CALN,SUB_15276,iface_WEC_CALN_SUB_15276_to_hub,332700000.0,0.0,0.0,0,168
WEC_CALN,SUB_25270,iface_WEC_CALN_SUB_25270_to_hub,230000000.0,122345508.95599134,230000000.0,11,168
WEC_CALN,SUB_25348,iface_WEC_CALN_SUB_25348_to_hub,20000000.0,1578757.58140201,20000000.0,11,168
WEC_CALN,SUB_01223,iface_WEC_CALN_SUB_01223_to_hub,20000000.0,19642857.14285714,20000000.0,165,168
WEC_CALN,SUB_25461,iface_WEC_CALN_SUB_25461_to_hub,2400000000.0,14929621.832143573,54717527.28334406,0,168
WEC_CALN,SUB_25407,iface_WEC_CALN_SUB_25407_to_hub,670000000.0,134502387.4286936,234645251.64258456,0,168
WEC_CALN,SUB_25441,iface_WEC_CALN_SUB_25441_to_hub,628061498.2341472,26891316.13363706,140602088.73047385,0,168
WEC_CALN,SUB_HIFLD_597,iface_WEC_CALN_SUB_HIFLD_597_to_hub,1441402012.6795325,13915538.44939397,221163127.58273172,0,168
WEC_CALN,SUB_02210,iface_WEC_CALN_SUB_02210_to_hub,1834531636.61443,370217947.6729615,1086469263.6161294,0,168
WEC_CALN,SUB_HIFLD_2514,iface_WEC_CALN_SUB_HIFLD_2514_to_hub,20000000.0,311624.5204861232,390617.0093870046,0,168
WEC_CALN,SUB_HIFLD_1297,iface_WEC_CALN_SUB_HIFLD_1297_to_hub,400000000.0,0.0,0.0,0,168
WEC_CALN,SUB_10373,iface_WEC_CALN_SUB_10373_to_hub,20000000.0,0.0,0.0,0,168
WEC_CALN,SUB_25337,iface_WEC_CALN_SUB_25337_to_hub,480000000.0,56604714.71961242,165185447.11610124,0,168
WEC_CALN,SUB_18282,iface_WEC_CALN_SUB_18282_to_hub,20000000.0,7089732.228080219,20000000.0,51,168
WEC_CALN,SUB_25412,iface_WEC_CALN_SUB_25412_to_hub,70000000.0,37566404.2982551,70000000.0,87,168
WEC_CALN,SUB_02287,iface_WEC_CALN_SUB_02287_to_hub,1285195405.3370101,43231770.95434368,219578054.17935327,0,168
WEC_CALN,SUB_10260,iface_WEC_CALN_SUB_10260_to_hub,440000000.0,29476759.505278643,84371387.60742816,0,168
WEC_CALN,SUB_01409,iface_WEC_CALN_SUB_01409_to_hub,20000000.0,20000000.0,20000000.0,168,168
WEC_CALN,SUB_16371,iface_WEC_CALN_SUB_16371_to_hub,20000000.0,16159546.870122362,20000000.0,116,168
WEC_CALN,SUB_10132,iface_WEC_CALN_SUB_10132_to_hub,795000000.0,0.0,0.0,0,168
WEC_CALN,SUB_01467,iface_WEC_CALN_SUB_01467_to_hub,20000000.0,2863301.3392883306,20000000.0,23,168
WEC_CALN,SUB_25430,iface_WEC_CALN_SUB_25430_to_hub,20000000.0,11095249.762741655,20000000.0,30,168
WEC_CALN,SUB_01380,iface_WEC_CALN_SUB_01380_to_hub,20000000.0,13176521.732201794,20000000.0,109,168
WEC_CALN,SUB_HIFLD_2010,iface_WEC_CALN_SUB_HIFLD_2010_to_hub,20000000.0,2360216.3641030304,20000000.0,17,168
WEC_CALN,SUB_01323,iface_WEC_CALN_SUB_01323_to_hub,800000000.0,15853954.528092021,103461452.83751906,0,168
WEC_CALN,SUB_01365,iface_WEC_CALN_SUB_01365_to_hub,1377697612.2250001,7191726.457871412,328237642.7410965,0,168
WEC_CALN,SUB_01423,iface_WEC_CALN_SUB_01423_to_hub,620000000.0,162976431.77212843,620000000.0,1,168
WEC_CALN,SUB_10225,iface_WEC_CALN_SUB_10225_to_hub,70000000.0,0.0,0.0,0,168
WEC_CALN,SUB_02419,iface_WEC_CALN_SUB_02419_to_hub,20000000.0,11056167.928881807,20000000.0,88,168
WEC_CALN,SUB_04248,iface_WEC_CALN_SUB_04248_to_hub,400000000.0,127640539.3540894,183065891.1882845,0,168
WEC_CALN,SUB_16368,iface_WEC_CALN_SUB_16368_to_hub,20000000.0,5785453.934965675,20000000.0,43,168
WEC_CALN,SUB_25367,iface_WEC_CALN_SUB_25367_to_hub,547200000.0,843.0950000159305,141639.96000267632,0,168
WEC_CALN,SUB_04325,iface_WEC_CALN_SUB_04325_to_hub,20000000.0,18356564.063232604,20000000.0,94,168
WEC_CALN,SUB_10293,iface_WEC_CALN_SUB_10293_to_hub,20000000.0,0.0,0.0,0,168
WEC_CALN,SUB_HIFLD_982,iface_WEC_CALN_SUB_HIFLD_982_to_hub,20000000.0,6427795.886552094,20000000.0,49,168
WEC_CALN,SUB_08337,iface_WEC_CALN_SUB_08337_to_hub,1080000000.0,126729321.3894614,296885419.6003285,0,168
WEC_CALN,SUB_18301,iface_WEC_CALN_SUB_18301_to_hub,20000000.0,124411.90157456456,20000000.0,1,168
WEC_CALN,SUB_04230,iface_WEC_CALN_SUB_04230_to_hub,20000000.0,19292022.02395167,20000000.0,161,168
WEC_CALN,SUB_25526,iface_WEC_CALN_SUB_25526_to_hub,1070000000.0,49776389.93046592,303347153.12824637,0,168
WEC_CALN,SUB_25457,iface_WEC_CALN_SUB_25457_to_hub,250000000.0,33621001.863799244,67475734.14284715,0,168
WEC_CALN,SUB_06364,iface_WEC_CALN_SUB_06364_to_hub,135999044.89,1036454.1397525431,69746818.67534761,0,168
WEC_CALN,SUB_16348,iface_WEC_CALN_SUB_16348_to_hub,20000000.0,16866661.813005123,20000000.0,135,168
WEC_CALN,SUB_01469,iface_WEC_CALN_SUB_01469_to_hub,20000000.0,13160066.234380754,20000000.0,50,168
WEC_CALN,SUB_01466,iface_WEC_CALN_SUB_01466_to_hub,20000000.0,11736247.84886716,20000000.0,96,168
WEC_CALN,SUB_04256,iface_WEC_CALN_SUB_04256_to_hub,1540000000.0,266243166.91516978,460812508.11027956,0,168
WEC_CALN,SUB_01465,iface_WEC_CALN_SUB_01465_to_hub,850000000.0,1100279.0111885788,121616389.5660558,0,168
WEC_CALN,SUB_08377,iface_WEC_CALN_SUB_08377_to_hub,800000000.0,28914370.93728187,40444330.400289945,0,168
WEC_CALN,SUB_HIFLD_3283,iface_WEC_CALN_SUB_HIFLD_3283_to_hub,4800000000.0,1401686.3152237956,1801586.0790580004,0,168
WEC_CALN,SUB_25209,iface_WEC_CALN_SUB_25209_to_hub,2700000000.0,18677314.19906935,42272165.94293666,0,168
WEC_CALN,SUB_25255,iface_WEC_CALN_SUB_25255_to_hub,2700000000.0,13502415.968674352,147324934.3223691,0,168
WEC_CALN,SUB_HIFLD_141,iface_WEC_CALN_SUB_HIFLD_141_to_hub,5000000.0,5000000.0,5000000.0,168,168
WEC_CALN,SUB_HIFLD_2219,iface_WEC_CALN_SUB_HIFLD_2219_to_hub,5000000.0,177467.69976809027,229506.38299135817,0,168
WEC_CALN,SUB_HIFLD_3272,iface_WEC_CALN_SUB_HIFLD_3272_to_hub,5000000.0,1377803.4631724942,1781815.5097105736,0,168
WEC_CALN,SUB_25859,iface_WEC_CALN_SUB_25859_to_hub,5000000.0,0.0,0.0,0,168
WEC_CALN,SUB_HIFLD_3312,iface_WEC_CALN_SUB_HIFLD_3312_to_hub,5000000.0,0.0,0.0,0,168
WEC_CALN,SUB_HIFLD_3625,iface_WEC_CALN_SUB_HIFLD_3625_to_hub,5000000.0,5000000.0,5000000.0,168,168
WEC_CALN,SUB_10345,iface_WEC_CALN_SUB_10345_to_hub,5000000.0,0.0,0.0,0,168
WEC_CALN,SUB_HIFLD_2193,iface_WEC_CALN_SUB_HIFLD_2193_to_hub,5000000.0,0.0,0.0,0,168
WEC_CALN,SUB_HIFLD_1396,iface_WEC_CALN_SUB_HIFLD_1396_to_hub,5000000.0,5000000.0,5000000.0,168,168
WEC_CALN,SUB_HIFLD_2013,iface_WEC_CALN_SUB_HIFLD_2013_to_hub,5000000.0,0.0,0.0,0,168
WEC_CALN,SUB_HIFLD_2491,iface_WEC_CALN_SUB_HIFLD_2491_to_hub,5000000.0,0.0,0.0,0,168
WEC_CALN,SUB_16211,iface_WEC_CALN_SUB_16211_to_hub,5000000.0,5000000.0,5000000.0,168,168
WEC_CALN,SUB_04350,iface_WEC_CALN_SUB_04350_to_hub,5000000.0,5000000.0,5000000.0,168,168
WEC_CALN,SUB_10340,iface_WEC_CALN_SUB_10340_to_hub,5000000.0,13580.01888763922,2281443.173123389,0,168
WEC_CALN,SUB_HIFLD_464,iface_WEC_CALN_SUB_HIFLD_464_to_hub,5000000.0,0.0,0.0,0,168
WEC_CALN,SUB_25418,iface_WEC_CALN_SUB_25418_to_hub,5000000.0,0.0,0.0,0,168
WEC_CALN,SUB_HIFLD_2177,iface_WEC_CALN_SUB_HIFLD_2177_to_hub,5000000.0,0.0,0.0,0,168
WEC_CALN,SUB_HIFLD_2212,iface_WEC_CALN_SUB_HIFLD_2212_to_hub,5000000.0,42385.24771403845,62252.80319292521,0,168
WEC_CALN,SUB_HIFLD_4068,iface_WEC_CALN_SUB_HIFLD_4068_to_hub,5000000.0,0.0,0.0,0,168
WEC_LADW,WECC_AZ,line_4208,468000000.0,0.0,0.0,0,168
WEC_LADW,WECC_PNW,line_4215,2858000000.0,0.0,0.0,0,168
WEC_LADW,WECC_SCE,line_4216,3750000000.0,166273616.70016435,1506224297.6,0,168
WEC_LADW,WECC_SNV,line_4217,3883000000.0,0.0,0.0,0,168
WEC_LADW,WECC_UT,line_4218,1400000000.0,0.0,0.0,0,168
WEC_SDGE,WECC_AZ,line_4272,1168000000.0,1339800.6423791233,225086507.9196927,0,168
WEC_SDGE,WECC_IID,line_4275,150000000.0,0.0,0.0,0,168
WEC_SDGE,WECC_SCE,line_4280,1273000000.0,344813186.6323768,1273000000.0,6,168
SUB_02409,SUB_HIFLD_2062,meso_SUB_02409_SUB_HIFLD_2062_fwd,21048781.07659053,0.0,0.0,0,168
SUB_10349,SUB_10372,meso_SUB_10349_SUB_10372_fwd,60000000.0,7105434.662154731,10298713.596547967,0,168
SUB_10349,SUB_HIFLD_3104,meso_SUB_10349_SUB_HIFLD_3104_rev,5000000.0,1168227.2452363162,1464356.714233048,0,168
SUB_10349,SUB_HIFLD_1062,meso_SUB_10349_SUB_HIFLD_1062_rev,5000000.0,813192.7090997373,1019325.8796770548,0,168
SUB_04281,SUB_04209,meso_SUB_04281_SUB_04209_rev,60000000.0,0.0,0.0,0,168
SUB_04281,SUB_04285,meso_SUB_04281_SUB_04285_fwd,60000000.0,3768668.6477672486,4870317.326619222,0,168
SUB_04281,SUB_04316,meso_SUB_04281_SUB_04316_fwd,60000000.0,2152815.9416359784,2661855.733025934,0,168
SUB_18239,SUB_18219,meso_SUB_18239_SUB_18219_rev,60000000.0,100721.49251756215,694876.6708374023,0,168
SUB_25404,SUB_25537,meso_SUB_25404_SUB_25537_fwd,7213094.515688149,0.0,0.0,0,168
SUB_25424,SUB_25208,meso_SUB_25424_SUB_25208_rev,300000000.0,2477605.5461646356,13090504.295178032,0,168
SUB_01216,SUB_01365,meso_SUB_01216_SUB_01365_fwd,180000000.0,0.0,0.0,0,168
SUB_01216,SUB_01445,meso_SUB_01216_SUB_01445_fwd,60000000.0,5437297.340636762,60000000.0,4,168
SUB_01216,SUB_01202,meso_SUB_01216_SUB_01202_rev,150000000.0,104768153.83963099,150000000.0,54,168
SUB_01216,SUB_01324,meso_SUB_01216_SUB_01324_fwd,300000000.0,10032.193743560369,1685408.548918142,0,168
SUB_01216,SUB_01343,meso_SUB_01216_SUB_01343_fwd,150000000.0,2914122.554069274,24057059.43943299,0,168
SUB_01216,SUB_01376,meso_SUB_01216_SUB_01376_fwd,400000000.0,103575698.19521245,314445464.1282075,0,168
SUB_01216,SUB_01391,meso_SUB_01216_SUB_01391_fwd,300000000.0,735325.0794745452,20772164.94845361,0,168
SUB_01216,SUB_01465,meso_SUB_01216_SUB_01465_fwd,400000000.0,0.0,0.0,0,168
SUB_01216,SUB_01466,meso_SUB_01216_SUB_01466_fwd,400000000.0,12040815.986583002,59875254.711662374,0,168
SUB_01216,SUB_01467,meso_SUB_01216_SUB_01467_fwd,400000000.0,16025422.450131193,193318284.24149692,0,168
SUB_01216,SUB_02203,meso_SUB_01216_SUB_02203_fwd,400000000.0,241137287.35953802,397139593.27854395,1,168
SUB_01216,SUB_02419,meso_SUB_01216_SUB_02419_fwd,400000000.0,275408489.5862978,400000000.0,31,168
SUB_01216,SUB_HIFLD_30,meso_SUB_01216_SUB_HIFLD_30_fwd,400000000.0,105502500.08286425,400000000.0,15,168
SUB_25229,SUB_25234,meso_SUB_25229_SUB_25234_fwd,300000000.0,0.0,0.0,0,168
SUB_25229,SUB_25235,meso_SUB_25229_SUB_25235_fwd,300000000.0,0.0,0.0,0,168
SUB_25357,SUB_25235,meso_SUB_25357_SUB_25235_rev,150000000.0,0.0,0.0,0,168
SUB_25357,SUB_25392,meso_SUB_25357_SUB_25392_fwd,150000000.0,38933528.78199387,72116996.33789064,0,168
SUB_25357,SUB_25204,meso_SUB_25357_SUB_25204_rev,150000000.0,28660334.857279606,65647423.68717783,0,168
SUB_16299,SUB_16207,meso_SUB_16299_SUB_16207_rev,60000000.0,10130357.303148707,23679168.766851645,0,168
SUB_16299,SUB_16323,meso_SUB_16299_SUB_16323_fwd,60000000.0,0.0,0.0,0,168
SUB_25460,SUB_HIFLD_217,meso_SUB_25460_SUB_HIFLD_217_fwd,5000000.0,0.0,0.0,0,168
SUB_16208,SUB_16223,meso_SUB_16208_SUB_16223_fwd,60000000.0,0.0,0.0,0,168
SUB_16208,SUB_16302,meso_SUB_16208_SUB_16302_fwd,60000000.0,0.0,0.0,0,168
SUB_25455,SUB_25205,meso_SUB_25455_SUB_25205_rev,400000000.0,70596401.49138519,116425776.21617268,0,168
SUB_25455,SUB_25412,meso_SUB_25455_SUB_25412_rev,400000000.0,0.0,0.0,0,168
SUB_16354,SUB_16301,meso_SUB_16354_SUB_16301_rev,120000000.0,0.0,0.0,0,168
SUB_15215,SUB_06203,meso_SUB_15215_SUB_06203_rev,210000000.0,40810991.89279322,68076165.370426,0,168
SUB_15215,SUB_06277,meso_SUB_15215_SUB_06277_rev,60000000.0,8234624.666309129,21809206.38693425,0,168
SUB_15215,SUB_06344,meso_SUB_15215_SUB_06344_rev,60000000.0,9508896.386980888,18121649.044076193,0,168
SUB_15215,SUB_06368,meso_SUB_15215_SUB_06368_rev,150000000.0,280274.77935040544,17949755.348963294,0,168
SUB_15215,SUB_15281,meso_SUB_15215_SUB_15281_fwd,60000000.0,0.0,0.0,0,168
SUB_15215,SUB_15290,meso_SUB_15215_SUB_15290_fwd,150000000.0,944155.8115171641,13083413.12620812,0,168
SUB_15215,SUB_15371,meso_SUB_15215_SUB_15371_fwd,60000000.0,700168.3143732259,3611106.4346934594,0,168
SUB_15215,SUB_15373,meso_SUB_15215_SUB_15373_fwd,60000000.0,1665503.458169696,20924743.2748067,0,168
SUB_15215,SUB_15376,meso_SUB_15215_SUB_15376_fwd,60000000.0,2108.8311005897135,354283.6248990719,0,168
SUB_15215,SUB_15378,meso_SUB_15215_SUB_15378_fwd,150000000.0,244900.68961795335,5595875.785277062,0,168
SUB_25373,SUB_25412,meso_SUB_25373_SUB_25412_fwd,150000000.0,0.0,0.0,0,168
SUB_25373,SUB_25425,meso_SUB_25373_SUB_25425_fwd,150000000.0,0.0,0.0,0,168
SUB_25373,SUB_25228,meso_SUB_25373_SUB_25228_rev,150000000.0,0.0,0.0,0,168
SUB_25232,SUB_25255,meso_SUB_25232_SUB_25255_fwd,160000000.0,5985501.097577215,12236272.500489125,0,168
SUB_25232,SUB_25468,meso_SUB_25232_SUB_25468_fwd,80000000.0,4143414.854607811,12365546.020925188,0,168
SUB_04341,SUB_04295,meso_SUB_04341_SUB_04295_rev,150000000.0,0.0,0.0,0,168
SUB_04341,SUB_HIFLD_1827,meso_SUB_04341_SUB_HIFLD_1827_fwd,300000000.0,0.0,0.0,0,168
SUB_04341,SUB_HIFLD_1815,meso_SUB_04341_SUB_HIFLD_1815_rev,5000000.0,0.0,0.0,0,168
SUB_04341,SUB_HIFLD_1823,meso_SUB_04341_SUB_HIFLD_1823_rev,5000000.0,0.0,0.0,0,168
SUB_16223,SUB_16208,meso_SUB_16223_SUB_16208_rev,60000000.0,2532181.1414581127,4407216.557768202,0,168
SUB_16223,SUB_16328,meso_SUB_16223_SUB_16328_fwd,60000000.0,0.0,0.0,0,168
SUB_16223,SUB_16368,meso_SUB_16223_SUB_16368_fwd,60000000.0,0.0,0.0,0,168
SUB_16325,SUB_16267,meso_SUB_16325_SUB_16267_rev,60000000.0,0.0,0.0,0,168
SUB_16325,SUB_16274,meso_SUB_16325_SUB_16274_rev,60000000.0,26395415.40071207,39695302.88123821,0,168
SUB_16325,SUB_HIFLD_2318,meso_SUB_16325_SUB_HIFLD_2318_fwd,60000000.0,0.0,0.0,0,168
SUB_08299,SUB_08300,meso_SUB_08299_SUB_08300_fwd,150000000.0,0.0,0.0,0,168
SUB_25367,SUB_18301,meso_SUB_25367_SUB_18301_rev,2400000000.0,81252.79161033261,8158830.437024618,0,168
SUB_25367,SUB_25231,meso_SUB_25367_SUB_25231_rev,150000000.0,7976446.579658395,80714157.4642616,0,168
SUB_25367,SUB_25236,meso_SUB_25367_SUB_25236_rev,60000000.0,6285756.626685296,55736188.362746745,0,168
SUB_25367,SUB_25289,meso_SUB_25367_SUB_25289_rev,300000000.0,15609678.219329128,48665310.061610155,0,168
SUB_25367,SUB_25340,meso_SUB_25367_SUB_25340_rev,150000000.0,8065706.79876637,9478350.865472224,0,168
SUB_25367,SUB_25461,meso_SUB_25367_SUB_25461_fwd,800000000.0,46977363.38826677,228805001.6551595,0,168
SUB_25367,SUB_HIFLD_982,meso_SUB_25367_SUB_HIFLD_982_fwd,2050000000.0,44776310.673456125,449718217.2157126,0,168
SUB_25367,SUB_18238,meso_SUB_25367_SUB_18238_rev,400000000.0,111329127.56861055,364002414.61772233,0,168
SUB_25367,SUB_25359,meso_SUB_25367_SUB_25359_rev,150000000.0,74398.25521699587,265482.30475986126,0,168
SUB_25367,SUB_25393,meso_SUB_25367_SUB_25393_fwd,800000000.0,1701675.9884778496,94491683.81577875,0,168
SUB_25367,SUB_25412,meso_SUB_25367_SUB_25412_fwd,400000000.0,233355545.5092222,400000000.0,37,168
SUB_25367,SUB_25464,meso_SUB_25367_SUB_25464_fwd,80000000.0,1909696.1830735872,31765354.509414386,0,168
SUB_25367,SUB_25537,meso_SUB_25367_SUB_25537_fwd,150000000.0,27811032.473803964,115264789.8480155,0,168
SUB_25367,WEC_CALN,iface_SUB_25367_WEC_CALN_to_ba,547200000.0,19196600.84250962,520833070.8218418,0,168
SUB_25202,SUB_25345,meso_SUB_25202_SUB_25345_fwd,160000000.0,0.0,0.0,0,168
SUB_25296,SUB_25246,meso_SUB_25296_SUB_25246_rev,150000000.0,109572.90107822325,18408247.381141506,0,168
SUB_25296,SUB_25290,meso_SUB_25296_SUB_25290_rev,150000000.0,0.0,0.0,0,168
SUB_18258,SUB_18280,meso_SUB_18258_SUB_18280_fwd,60000000.0,3919554.816309198,37472874.82088018,0,168
SUB_18258,SUB_18263,meso_SUB_18258_SUB_18263_fwd,80000000.0,0.0,0.0,0,168
SUB_16209,SUB_01432,meso_SUB_16209_SUB_01432_rev,60000000.0,0.0,0.0,0,168
SUB_16209,SUB_16374,meso_SUB_16209_SUB_16374_fwd,60000000.0,0.0,0.0,0,168
SUB_15371,SUB_15211,meso_SUB_15371_SUB_15211_rev,60000000.0,21796.76003472502,1836082.4899575145,0,168
SUB_15371,SUB_15215,meso_SUB_15371_SUB_15215_rev,60000000.0,5966682.103342804,55649604.70581055,0,168
SUB_04282,SUB_04256,meso_SUB_04282_SUB_04256_rev,300000000.0,0.0,0.0,0,168
SUB_04282,SUB_04277,meso_SUB_04282_SUB_04277_rev,150000000.0,10005703.051440202,13969072.542485503,0,168
SUB_04282,SUB_04289,meso_SUB_04282_SUB_04289_fwd,60000000.0,4769125.972509846,9602062.311860705,0,168
SUB_04282,SUB_04331,meso_SUB_04282_SUB_04331_fwd,120000000.0,0.0,0.0,0,168
SUB_04282,SUB_04225,meso_SUB_04282_SUB_04225_rev,300000000.0,3139219.1111836648,3971134.130733529,0,168
SUB_25380,SUB_25297,meso_SUB_25380_SUB_25297_rev,80000000.0,0.0,0.0,0,168
SUB_25380,SUB_25319,meso_SUB_25380_SUB_25319_rev,80000000.0,0.0,0.0,0,168
SUB_25255,SUB_18263,meso_SUB_25255_SUB_18263_rev,300000000.0,3392176.608614393,76796035.31734996,0,168
SUB_25255,SUB_25232,meso_SUB_25255_SUB_25232_rev,160000000.0,4296881.839585118,12800590.449325964,0,168
SUB_25255,SUB_25278,meso_SUB_25255_SUB_25278_fwd,80000000.0,105306.47927545838,4945243.359987207,0,168
SUB_25255,SUB_25261,meso_SUB_25255_SUB_25261_fwd,150000000.0,26758555.9914871,150000000.0,1,168
SUB_25255,WEC_CALN,iface_SUB_25255_WEC_CALN_to_ba,2700000000.0,1013298.819311437,23041955.004206844,0,168
SUB_08293,SUB_18358,meso_SUB_08293_SUB_18358_fwd,60000000.0,0.0,0.0,0,168
SUB_16315,SUB_16365,meso_SUB_16315_SUB_16365_fwd,60000000.0,7341898.997290756,10612371.605941929,0,168
SUB_16315,SUB_16368,meso_SUB_16315_SUB_16368_fwd,60000000.0,0.0,0.0,0,168
SUB_10355,SUB_10330,meso_SUB_10355_SUB_10330_rev,60000000.0,0.0,0.0,0,168
SUB_10355,SUB_10372,meso_SUB_10355_SUB_10372_fwd,60000000.0,19956611.11991282,25370838.584065534,0,168
SUB_10355,SUB_HIFLD_482,meso_SUB_10355_SUB_HIFLD_482_fwd,60000000.0,0.0,0.0,0,168
SUB_10355,SUB_10331,meso_SUB_10355_SUB_10331_rev,5000000.0,107234.90394326362,2279381.521952521,0,168
SUB_04336,SUB_04271,meso_SUB_04336_SUB_04271_rev,60000000.0,0.0,0.0,0,168
SUB_04336,SUB_04319,meso_SUB_04336_SUB_04319_rev,150000000.0,745881.2750252896,7753406.438139296,0,168
SUB_04336,SUB_04331,meso_SUB_04336_SUB_04331_rev,120000000.0,0.0,0.0,0,168
SUB_16307,SUB_16242,meso_SUB_16307_SUB_16242_rev,60000000.0,7384490.801966463,29299958.12334241,0,168
SUB_16307,SUB_16322,meso_SUB_16307_SUB_16322_fwd,60000000.0,17423193.843705732,31188116.451302752,0,168
SUB_16307,SUB_HIFLD_4390,meso_SUB_16307_SUB_HIFLD_4390_fwd,60000000.0,0.0,0.0,0,168
SUB_16307,SUB_16308,meso_SUB_16307_SUB_16308_rev,8323376.181608301,5851945.774778761,7560824.773729462,0,168
SUB_18208,SUB_18203,meso_SUB_18208_SUB_18203_rev,60000000.0,0.0,0.0,0,168
SUB_18208,SUB_18215,meso_SUB_18208_SUB_18215_fwd,60000000.0,4070212.665023205,7465979.558413791,0,168
SUB_18208,SUB_18207,meso_SUB_18208_SUB_18207_fwd,67488436.9866766,38676017.57448589,46225040.2591666,0,168
SUB_16324,SUB_16376,meso_SUB_16324_SUB_16376_fwd,5000000.0,0.0,0.0,0,168
SUB_19245,SUB_19239,meso_SUB_19245_SUB_19239_rev,60000000.0,8714915.817253252,10993814.558835374,0,168
SUB_19245,SUB_19243,meso_SUB_19245_SUB_19243_rev,60000000.0,5023135.96965767,7317613.3695877725,0,168
SUB_04266,SUB_04228,meso_SUB_04266_SUB_04228_rev,120000000.0,0.0,0.0,0,168
SUB_04266,SUB_04268,meso_SUB_04266_SUB_04268_fwd,60000000.0,0.0,0.0,0,168
SUB_04266,SUB_04276,meso_SUB_04266_SUB_04276_fwd,60000000.0,1351507.1807466575,14189031.93636495,0,168
SUB_04266,SUB_04295,meso_SUB_04266_SUB_04295_fwd,60000000.0,0.0,0.0,0,168
SUB_02412,SUB_02408,meso_SUB_02412_SUB_02408_rev,60000000.0,0.0,0.0,0,168
SUB_02412,SUB_02413,meso_SUB_02412_SUB_02413_fwd,120000000.0,31903224.50753482,53153999.87792969,0,168
SUB_02412,SUB_02425,meso_SUB_02412_SUB_02425_fwd,60000000.0,0.0,0.0,0,168
SUB_01352,SUB_01254,meso_SUB_01352_SUB_01254_fwd,5000000.0,0.0,0.0,0,168
SUB_18294,SUB_18237,meso_SUB_18294_SUB_18237_rev,60000000.0,0.0,0.0,0,168
SUB_01220,SUB_01353,meso_SUB_01220_SUB_01353_fwd,5000000.0,0.0,0.0,0,168
SUB_25270,SUB_25221,meso_SUB_25270_SUB_25221_rev,80000000.0,38193219.63851576,64897863.55092302,0,168
SUB_25270,SUB_25224,meso_SUB_25270_SUB_25224_rev,80000000.0,28126580.841118414,80000000.0,3,168
SUB_25270,SUB_25268,meso_SUB_25270_SUB_25268_rev,60000000.0,1845462.7955853876,56495248.66059624,0,168
SUB_25270,SUB_25353,meso_SUB_25270_SUB_25353_fwd,60000000.0,10332662.491103157,12773195.9392115,0,168
SUB_25270,SUB_25425,meso_SUB_25270_SUB_25425_fwd,60000000.0,196127.7048767811,22486690.755003475,0,168
SUB_25270,SUB_25441,meso_SUB_25270_SUB_25441_fwd,480000000.0,0.0,0.0,0,168
SUB_25270,SUB_25228,meso_SUB_25270_SUB_25228_rev,150000000.0,61725895.12792694,112262005.74562089,0,168
SUB_25270,WEC_CALN,iface_SUB_25270_WEC_CALN_to_ba,230000000.0,0.0,0.0,0,168
SUB_25425,SUB_25235,meso_SUB_25425_SUB_25235_rev,300000000.0,5264138.570421907,57961911.84932221,0,168
SUB_25425,SUB_25270,meso_SUB_25425_SUB_25270_rev,60000000.0,119963.44270433224,14810945.4077535,0,168
SUB_25425,SUB_25373,meso_SUB_25425_SUB_25373_rev,150000000.0,23238692.337544616,59857153.43972415,0,168
SUB_25425,SUB_25412,meso_SUB_25425_SUB_25412_rev,150000000.0,0.0,0.0,0,168
SUB_25425,SUB_25480,meso_SUB_25425_SUB_25480_fwd,150000000.0,7002926.503736005,10038852.962823939,0,168
SUB_15211,SUB_15371,meso_SUB_15211_SUB_15371_fwd,60000000.0,7756097.228787943,60000000.0,9,168
SUB_10319,SUB_10291,meso_SUB_10319_SUB_10291_fwd,5480746.609466204,0.0,0.0,0,168
SUB_18272,SUB_18304,meso_SUB_18272_SUB_18304_fwd,150000000.0,0.0,0.0,0,168
SUB_16211,WEC_CALN,iface_SUB_16211_WEC_CALN_to_ba,5000000.0,0.0,0.0,0,168
SUB_18304,SUB_18268,meso_SUB_18304_SUB_18268_rev,150000000.0,0.0,0.0,0,168
SUB_18304,SUB_18272,meso_SUB_18304_SUB_18272_rev,150000000.0,12723599.671076838,15881444.179888854,0,168
SUB_18304,SUB_HIFLD_48,meso_SUB_18304_SUB_HIFLD_48_fwd,150000000.0,0.0,0.0,0,168
SUB_25461,SUB_25367,meso_SUB_25461_SUB_25367_rev,800000000.0,0.0,0.0,0,168
SUB_25461,SUB_HIFLD_1851,meso_SUB_25461_SUB_HIFLD_1851_fwd,400000000.0,21197993.07829069,174067852.82620788,0,168
SUB_25461,WEC_CALN,iface_SUB_25461_WEC_CALN_to_ba,2400000000.0,0.0,0.0,0,168
SUB_25235,SUB_25224,meso_SUB_25235_SUB_25224_rev,150000000.0,84761.6182366389,12763454.237070037,0,168
SUB_25235,SUB_25234,meso_SUB_25235_SUB_25234_rev,210000000.0,0.0,0.0,0,168
SUB_25235,SUB_25250,meso_SUB_25235_SUB_25250_fwd,150000000.0,0.0,0.0,0,168
SUB_25235,SUB_25357,meso_SUB_25235_SUB_25357_fwd,150000000.0,124023043.65075266,150000000.0,64,168
SUB_25235,SUB_25408,meso_SUB_25235_SUB_25408_fwd,300000000.0,14871455.504937286,145819096.36401653,0,168
SUB_25235,SUB_25412,meso_SUB_25235_SUB_25412_fwd,300000000.0,0.0,0.0,0,168
SUB_25235,SUB_25425,meso_SUB_25235_SUB_25425_fwd,300000000.0,0.0,0.0,0,168
SUB_25235,SUB_25228,meso_SUB_25235_SUB_25228_rev,300000000.0,1382110.0286416216,27628289.730347797,0,168
SUB_25235,SUB_25229,meso_SUB_25235_SUB_25229_rev,300000000.0,5598697.895765917,19360824.99395941,0,168
SUB_25235,SUB_25444,meso_SUB_25235_SUB_25444_rev,13966455.852335861,166143.88796881711,9679844.49248953,0,168
SUB_25539,SUB_25245,meso_SUB_25539_SUB_25245_rev,80000000.0,0.0,0.0,0,168
SUB_25539,SUB_25276,meso_SUB_25539_SUB_25276_rev,80000000.0,2341061.1433926825,25359330.54808376,0,168
SUB_25539,SUB_25347,meso_SUB_25539_SUB_25347_rev,150000000.0,0.0,0.0,0,168
SUB_25539,SUB_25398,meso_SUB_25539_SUB_25398_rev,19217110.358198553,15731890.417491332,18677319.933704495,0,168
SUB_01284,SUB_01467,meso_SUB_01284_SUB_01467_fwd,300000000.0,0.0,0.0,0,168
SUB_16274,SUB_16311,meso_SUB_16274_SUB_16311_fwd,60000000.0,10995673.353787903,16581443.550660439,0,168
SUB_16274,SUB_16325,meso_SUB_16274_SUB_16325_fwd,60000000.0,0.0,0.0,0,168
SUB_18254,SUB_18255,meso_SUB_18254_SUB_18255_fwd,60000000.0,6160577.332818301,10528292.281970778,0,168
SUB_18254,SUB_18263,meso_SUB_18254_SUB_18263_fwd,60000000.0,0.0,0.0,0,168
SUB_18254,SUB_18261,meso_SUB_18254_SUB_18261_rev,95896489.6261608,11736215.577286502,25805438.217736553,0,168
SUB_18254,SUB_18305,meso_SUB_18254_SUB_18305_rev,64293470.831450015,28991328.72992142,47618233.21058892,0,168
SUB_15244,SUB_15370,meso_SUB_15244_SUB_15370_fwd,150000000.0,12827839.710027575,35479611.673646905,0,168
SUB_15244,SUB_HIFLD_2010,meso_SUB_15244_SUB_HIFLD_2010_fwd,300000000.0,2043268.0842915585,16464863.39091406,0,168
SUB_25292,SUB_HIFLD_2363,meso_SUB_25292_SUB_HIFLD_2363_fwd,6826946.15126492,0.0,0.0,0,168
SUB_16370,SUB_16330,meso_SUB_16370_SUB_16330_rev,60000000.0,0.0,0.0,0,168
SUB_16370,SUB_16372,meso_SUB_16370_SUB_16372_fwd,60000000.0,0.0,0.0,0,168
SUB_01265,SUB_01314,meso_SUB_01265_SUB_01314_fwd,60000000.0,342299.8559453286,574981.3845692538,0,168
SUB_01265,SUB_01260,meso_SUB_01265_SUB_01260_fwd,5000000.0,0.0,0.0,0,168
SUB_16375,SUB_16216,meso_SUB_16375_SUB_16216_fwd,15819926.850468406,0.0,0.0,0,168
SUB_15379,SUB_15281,meso_SUB_15379_SUB_15281_rev,120000000.0,62572035.20717255,66537113.77959891,0,168
SUB_15379,SUB_15292,meso_SUB_15379_SUB_15292_rev,60000000.0,59580874.92161853,60000000.0,143,168
SUB_15379,SUB_15313,meso_SUB_15379_SUB_15313_rev,60000000.0,0.0,0.0,0,168
SUB_15379,SUB_15374,meso_SUB_15379_SUB_15374_rev,120000000.0,0.0,0.0,0,168
SUB_19218,SUB_19202,meso_SUB_19218_SUB_19202_rev,60000000.0,6444043.176415347,7359826.338720788,0,168
SUB_19218,SUB_19223,meso_SUB_19218_SUB_19223_fwd,60000000.0,2340861.0103085446,2871012.767093627,0,168
SUB_19218,SUB_19239,meso_SUB_19218_SUB_19239_fwd,60000000.0,0.0,0.0,0,168
SUB_19218,SUB_19210,meso_SUB_19218_SUB_19210_rev,5000000.0,300515.61233148194,413402.0613640854,0,168
SUB_19231,SUB_19222,meso_SUB_19231_SUB_19222_rev,60000000.0,0.0,0.0,0,168
SUB_19231,SUB_19246,meso_SUB_19231_SUB_19246_fwd,60000000.0,0.0,0.0,0,168
SUB_19231,SUB_HIFLD_255,meso_SUB_19231_SUB_HIFLD_255_fwd,150000000.0,0.0,0.0,0,168
SUB_08324,SUB_08318,meso_SUB_08324_SUB_08318_rev,150000000.0,0.0,0.0,0,168
SUB_08324,SUB_08319,meso_SUB_08324_SUB_08319_rev,450000000.0,78406230.9642864,114836000.48828125,0,168
SUB_06362,SUB_06313,meso_SUB_06362_SUB_06313_rev,150000000.0,0.0,0.0,0,168
SUB_06362,SUB_06204,meso_SUB_06362_SUB_06204_rev,150000000.0,0.0,0.0,0,168
SUB_15375,SUB_06254,meso_SUB_15375_SUB_06254_rev,60000000.0,4181385.2730575297,17909984.378388282,0,168
SUB_15375,SUB_15233,meso_SUB_15375_SUB_15233_rev,60000000.0,0.0,0.0,0,168
SUB_15375,SUB_15285,meso_SUB_15375_SUB_15285_rev,60000000.0,0.0,0.0,0,168
SUB_15375,SUB_15290,meso_SUB_15375_SUB_15290_rev,150000000.0,15995224.800984144,42264442.18875067,0,168
SUB_15375,SUB_15377,meso_SUB_15375_SUB_15377_fwd,60000000.0,5986831.950646253,60000000.0,2,168
SUB_15375,SUB_HIFLD_595,meso_SUB_15375_SUB_HIFLD_595_fwd,150000000.0,41554711.24521288,84481969.97267677,0,168
SUB_15375,SUB_10321,meso_SUB_15375_SUB_10321_rev,12209443.514595995,6178689.781099075,8683505.154639175,0,168
SUB_01391,SUB_01392,meso_SUB_01391_SUB_01392_fwd,60000000.0,0.0,0.0,0,168
SUB_01391,SUB_01445,meso_SUB_01391_SUB_01445_fwd,360000000.0,0.0,0.0,0,168
SUB_01391,SUB_01465,meso_SUB_01391_SUB_01465_fwd,300000000.0,0.0,0.0,0,168
SUB_01391,SUB_01216,meso_SUB_01391_SUB_01216_rev,300000000.0,0.0,0.0,0,168
SUB_25445,SUB_25281,meso_SUB_25445_SUB_25281_rev,80000000.0,0.0,0.0,0,168
SUB_16283,SUB_16366,meso_SUB_16283_SUB_16366_fwd,300000000.0,17270457.813353766,17553566.076278687,0,168
SUB_16283,SUB_16316,meso_SUB_16283_SUB_16316_rev,5000000.0,0.0,0.0,0,168
SUB_01450,SUB_01222,meso_SUB_01450_SUB_01222_rev,400000000.0,0.0,0.0,0,168
SUB_01450,SUB_01315,meso_SUB_01450_SUB_01315_rev,120000000.0,0.0,0.0,0,168
SUB_01450,SUB_01424,meso_SUB_01450_SUB_01424_rev,5000000.0,615456.2200584655,872450.6810768363,0,168
SUB_25412,SUB_25224,meso_SUB_25412_SUB_25224_rev,150000000.0,11973104.3689958,61882474.833240926,0,168
SUB_25412,SUB_25235,meso_SUB_25412_SUB_25235_rev,300000000.0,33041758.452672463,198827279.11385378,0,168
SUB_25412,SUB_25250,meso_SUB_25412_SUB_25250_rev,400000000.0,0.0,0.0,0,168
SUB_25412,SUB_25373,meso_SUB_25412_SUB_25373_rev,150000000.0,39307743.386585,79887629.62105347,0,168
SUB_25412,SUB_25425,meso_SUB_25412_SUB_25425_fwd,150000000.0,212195.427856086,18850702.123249523,0,168
SUB_25412,SUB_25441,meso_SUB_25412_SUB_25441_fwd,400000000.0,0.0,0.0,0,168
SUB_25412,SUB_25453,meso_SUB_25412_SUB_25453_fwd,150000000.0,32332697.61441805,135708112.15776843,0,168
SUB_25412,SUB_25217,meso_SUB_25412_SUB_25217_rev,150000000.0,37563835.11029098,101609307.01760137,0,168
SUB_25412,SUB_25234,meso_SUB_25412_SUB_25234_rev,80000000.0,32255260.212737493,80000000.0,56,168
SUB_25412,SUB_25268,meso_SUB_25412_SUB_25268_rev,400000000.0,424954.627817971,52610641.95975459,0,168
SUB_25412,SUB_25367,meso_SUB_25412_SUB_25367_rev,400000000.0,0.0,0.0,0,168
SUB_25412,SUB_25393,meso_SUB_25412_SUB_25393_rev,400000000.0,0.0,0.0,0,168
SUB_25412,SUB_25455,meso_SUB_25412_SUB_25455_fwd,400000000.0,142012598.5828097,240193586.74830946,0,168
SUB_25412,WEC_CALN,iface_SUB_25412_WEC_CALN_to_ba,70000000.0,0.0,0.0,0,168
SUB_25429,SUB_HIFLD_411,meso_SUB_25429_SUB_HIFLD_411_fwd,12009059.015589314,0.0,0.0,0,168
SUB_01459,SUB_HIFLD_30,meso_SUB_01459_SUB_HIFLD_30_fwd,400000000.0,0.0,0.0,0,168
SUB_01201,SUB_01211,meso_SUB_01201_SUB_01211_fwd,150000000.0,0.0,0.0,0,168
SUB_01201,SUB_HIFLD_1131,meso_SUB_01201_SUB_HIFLD_1131_fwd,150000000.0,0.0,0.0,0,168
SUB_01201,SUB_HIFLD_4010,meso_SUB_01201_SUB_HIFLD_4010_fwd,150000000.0,0.0,0.0,0,168
SUB_01201,SUB_HIFLD_4231,meso_SUB_01201_SUB_HIFLD_4231_fwd,150000000.0,91373.60212971075,4881987.817508658,0,168
SUB_01201,SUB_01254,meso_SUB_01201_SUB_01254_fwd,150000000.0,0.0,0.0,0,168
SUB_06368,SUB_04305,meso_SUB_06368_SUB_04305_rev,150000000.0,14905.497860428628,1276288.6283323937,0,168
SUB_06368,SUB_06203,meso_SUB_06368_SUB_06203_rev,150000000.0,3921562.1467983318,63889224.78004725,0,168
SUB_06368,SUB_06332,meso_SUB_06368_SUB_06332_rev,60000000.0,3087462.0944293356,4124742.2837719475,0,168
SUB_06368,SUB_15215,meso_SUB_06368_SUB_15215_fwd,150000000.0,0.0,0.0,0,168
SUB_06368,SUB_04343,meso_SUB_06368_SUB_04343_rev,300000000.0,0.0,0.0,0,168
SUB_06368,SUB_06317,meso_SUB_06368_SUB_06317_rev,300000000.0,25362202.132925097,34453619.72857084,0,168
SUB_06368,SUB_06359,meso_SUB_06368_SUB_06359_rev,150000000.0,0.0,0.0,0,168
SUB_10352,SUB_10344,meso_SUB_10352_SUB_10344_rev,150000000.0,0.0,0.0,0,168
SUB_10352,SUB_HIFLD_2173,meso_SUB_10352_SUB_HIFLD_2173_fwd,150000000.0,75145.56908218106,2090562.6023358526,0,168
SUB_10352,SUB_HIFLD_4403,meso_SUB_10352_SUB_HIFLD_4403_fwd,60000000.0,2860.591725425295,480579.4098714495,0,168
SUB_06360,SUB_06270,meso_SUB_06360_SUB_06270_rev,150000000.0,0.0,0.0,0,168
SUB_16320,SUB_16216,meso_SUB_16320_SUB_16216_rev,60000000.0,25309949.058078583,26299213.05847168,0,168
SUB_18322,SUB_18249,meso_SUB_18322_SUB_18249_fwd,5000000.0,0.0,0.0,0,168
SUB_01267,SUB_01254,meso_SUB_01267_SUB_01254_fwd,5000000.0,0.0,0.0,0,168
SUB_18298,SUB_18307,meso_SUB_18298_SUB_18307_fwd,5000000.0,0.0,0.0,0,168
SUB_08283,SUB_01472,meso_SUB_08283_SUB_01472_rev,150000000.0,0.0,0.0,0,168
SUB_08283,SUB_08353,meso_SUB_08283_SUB_08353_fwd,150000000.0,34662172.27851628,65307215.4880799,0,168
SUB_08283,SUB_08389,meso_SUB_08283_SUB_08389_fwd,150000000.0,0.0,0.0,0,168
SUB_08283,SUB_01222,meso_SUB_08283_SUB_01222_rev,300000000.0,0.0,0.0,0,168
SUB_08283,SUB_08339,meso_SUB_08283_SUB_08339_fwd,150000000.0,33093983.91282743,60945360.824742265,0,168
SUB_06254,SUB_06207,meso_SUB_06254_SUB_06207_rev,60000000.0,141268.65377229007,12699685.014883315,0,168
SUB_06254,SUB_15375,meso_SUB_06254_SUB_15375_fwd,60000000.0,785184.1670323954,20337829.639453292,0,168
SUB_25290,SUB_25296,meso_SUB_25290_SUB_25296_fwd,150000000.0,5427037.161128763,26772419.82325115,0,168
SUB_25290,SUB_25355,meso_SUB_25290_SUB_25355_fwd,150000000.0,20546145.784916967,30395877.006373454,0,168
SUB_25290,SUB_25420,meso_SUB_25290_SUB_25420_fwd,450000000.0,7481616.377654938,14940206.303547338,0,168
SUB_25290,SUB_25450,meso_SUB_25290_SUB_25450_fwd,300000000.0,18310259.924236372,39982495.811320305,0,168
SUB_25290,SUB_25454,meso_SUB_25290_SUB_25454_fwd,300000000.0,6815136.740703062,10115464.205594407,0,168
SUB_25290,SUB_25261,meso_SUB_25290_SUB_25261_rev,150000000.0,0.0,0.0,0,168
SUB_10249,SUB_10294,meso_SUB_10249_SUB_10294_fwd,150000000.0,0.0,0.0,0,168
SUB_10249,SUB_10265,meso_SUB_10249_SUB_10265_rev,5000000.0,404457.2418673576,774226.8355851321,0,168
SUB_15313,SUB_15379,meso_SUB_15313_SUB_15379_fwd,60000000.0,11016432.032267252,19355999.938964844,0,168
SUB_04284,SUB_04286,meso_SUB_04284_SUB_04286_fwd,60000000.0,0.0,0.0,0,168
SUB_04284,SUB_04338,meso_SUB_04284_SUB_04338_fwd,60000000.0,0.0,0.0,0,168
SUB_06277,SUB_06207,meso_SUB_06277_SUB_06207_rev,60000000.0,0.0,0.0,0,168
SUB_06277,SUB_15215,meso_SUB_06277_SUB_15215_fwd,60000000.0,0.0,0.0,0,168
SUB_06277,SUB_06208,meso_SUB_06277_SUB_06208_rev,22981822.54851424,17663536.575505897,22887384.10715368,2,168
SUB_18280,SUB_18255,meso_SUB_18280_SUB_18255_rev,60000000.0,3710474.8202468865,36227762.592824824,0,168
SUB_18280,SUB_18258,meso_SUB_18280_SUB_18258_rev,60000000.0,0.0,0.0,0,168
SUB_10334,SUB_10333,meso_SUB_10334_SUB_10333_rev,60000000.0,0.0,0.0,0,168
SUB_10334,SUB_10348,meso_SUB_10334_SUB_10348_fwd,60000000.0,9286764.977953738,12826974.260912195,0,168
SUB_10334,SUB_10358,meso_SUB_10334_SUB_10358_fwd,60000000.0,2000679.712015797,2793814.554902696,0,168
SUB_25256,SUB_25408,meso_SUB_25256_SUB_25408_fwd,150000000.0,55161495.789194696,75442988.41135737,0,168
SUB_25256,SUB_25410,meso_SUB_25256_SUB_25410_fwd,300000000.0,0.0,0.0,0,168
SUB_25256,SUB_25442,meso_SUB_25256_SUB_25442_fwd,150000000.0,24565977.43905001,40292081.92325624,0,168
SUB_25256,SUB_25415,meso_SUB_25256_SUB_25415_rev,13051293.344517233,5682298.904291602,9952576.94205058,0,168
SUB_10331,SUB_10355,meso_SUB_10331_SUB_10355_fwd,5000000.0,1636904.761904762,5000000.0,55,168
SUB_06270,SUB_04204,meso_SUB_06270_SUB_04204_rev,150000000.0,0.0,0.0,0,168
SUB_06270,SUB_06380,meso_SUB_06270_SUB_06380_fwd,150000000.0,0.0,0.0,0,168
SUB_06270,SUB_04230,meso_SUB_06270_SUB_04230_rev,150000000.0,8572019.062914686,40327225.04055067,0,168
SUB_06270,SUB_06213,meso_SUB_06270_SUB_06213_rev,150000000.0,64144.56037428664,10776286.142880155,0,168
SUB_06270,SUB_06360,meso_SUB_06270_SUB_06360_fwd,150000000.0,43174818.20542378,73058760.873067,0,168
SUB_10361,SUB_HIFLD_2359,meso_SUB_10361_SUB_HIFLD_2359_fwd,5201668.303229506,0.0,0.0,0,168
SUB_15220,SUB_15210,meso_SUB_15220_SUB_15210_rev,60000000.0,0.0,0.0,0,168
SUB_15220,SUB_15247,meso_SUB_15220_SUB_15247_fwd,60000000.0,1152785.3200291675,1752577.3195876288,0,168
SUB_18238,SUB_08319,meso_SUB_18238_SUB_08319_rev,300000000.0,39233608.066855825,115196493.4201343,0,168
SUB_18238,SUB_18201,meso_SUB_18238_SUB_18201_rev,300000000.0,111369803.28227624,172945006.61536366,0,168
SUB_18238,SUB_18222,meso_SUB_18238_SUB_18222_rev,150000000.0,80673270.55927774,95007489.43400232,0,168
SUB_18238,SUB_18235,meso_SUB_18238_SUB_18235_rev,150000000.0,15870223.44272886,24703353.500193227,0,168
SUB_18238,SUB_25367,meso_SUB_18238_SUB_25367_fwd,400000000.0,361715.6202004488,60768224.1936754,0,168
SUB_18238,SUB_25393,meso_SUB_18238_SUB_25393_fwd,1500000000.0,16332771.340323724,601256147.6163313,0,168
SUB_15361,SUB_16301,meso_SUB_15361_SUB_16301_fwd,60000000.0,85027.37087076412,14175425.970416363,0,168
SUB_15361,SUB_HIFLD_597,meso_SUB_15361_SUB_HIFLD_597_fwd,300000000.0,0.0,0.0,0,168
SUB_15361,SUB_15365,meso_SUB_15361_SUB_15365_rev,55014275.707919665,24533041.016284194,46012372.89586018,0,168
SUB_15225,SUB_15232,meso_SUB_15225_SUB_15232_fwd,5000000.0,5000000.0,5000000.0,168,168
SUB_25442,SUB_25443,meso_SUB_25442_SUB_25443_fwd,150000000.0,13500803.81645311,23248454.23747584,0,168
SUB_25442,SUB_25256,meso_SUB_25442_SUB_25256_rev,150000000.0,0.0,0.0,0,168
SUB_18303,SUB_18268,meso_SUB_18303_SUB_18268_rev,150000000.0,26896704.66086958,32918284.9439794,0,168
SUB_18303,SUB_18281,meso_SUB_18303_SUB_18281_rev,150000000.0,0.0,0.0,0,168
SUB_19226,SUB_19236,meso_SUB_19226_SUB_19236_fwd,60000000.0,0.0,0.0,0,168
SUB_18305,SUB_18254,meso_SUB_18305_SUB_18254_fwd,64293470.831450015,0.0,0.0,0,168
SUB_25344,SUB_25289,meso_SUB_25344_SUB_25289_rev,60000000.0,0.0,0.0,0,168
SUB_25344,SUB_25316,meso_SUB_25344_SUB_25316_rev,60000000.0,0.0,0.0,0,168
SUB_18307,SUB_18255,meso_SUB_18307_SUB_18255_rev,60000000.0,0.0,0.0,0,168
SUB_18307,SUB_18298,meso_SUB_18307_SUB_18298_rev,5000000.0,1971948.394098876,3459793.936345995,0,168
SUB_04214,SUB_04256,meso_SUB_04214_SUB_04256_fwd,60000000.0,0.0,0.0,0,168
SUB_04214,SUB_04289,meso_SUB_04214_SUB_04289_fwd,60000000.0,2928483.0502458406,9602061.981515786,0,168
SUB_04214,SUB_04295,meso_SUB_04214_SUB_04295_fwd,60000000.0,26173972.208237033,40702461.21989058,0,168
SUB_04214,SUB_04321,meso_SUB_04214_SUB_04321_fwd,60000000.0,7498502.111214603,12319152.260373991,0,168
SUB_04214,SUB_04331,meso_SUB_04214_SUB_04331_fwd,60000000.0,0.0,0.0,0,168
SUB_01469,SUB_01423,meso_SUB_01469_SUB_01423_rev,400000000.0,0.0,0.0,0,168
SUB_01469,SUB_01222,meso_SUB_01469_SUB_01222_rev,400000000.0,1969353.6207451324,34648421.95705721,0,168
SUB_01469,SUB_01324,meso_SUB_01469_SUB_01324_rev,400000000.0,0.0,0.0,0,168
SUB_01469,SUB_01376,meso_SUB_01469_SUB_01376_rev,400000000.0,433220.2395484561,10251000.122070312,0,168
SUB_01469,WEC_CALN,iface_SUB_01469_WEC_CALN_to_ba,20000000.0,0.0,0.0,0,168
SUB_25246,SUB_25296,meso_SUB_25246_SUB_25296_fwd,150000000.0,4079473.9797939006,14383505.170369886,0,168
SUB_25246,SUB_25349,meso_SUB_25246_SUB_25349_fwd,300000000.0,0.0,0.0,0,168
SUB_25246,SUB_25450,meso_SUB_25246_SUB_25450_fwd,150000000.0,9092533.361254279,37818375.29691148,0,168
SUB_25341,SUB_25282,meso_SUB_25341_SUB_25282_rev,80000000.0,11765738.721545449,50159705.84041354,0,168
SUB_25341,SUB_25348,meso_SUB_25341_SUB_25348_fwd,80000000.0,0.0,0.0,0,168
SUB_25341,SUB_25387,meso_SUB_25341_SUB_25387_fwd,80000000.0,3455851.3628377942,13371963.38475479,0,168
SUB_25500,SUB_25295,meso_SUB_25500_SUB_25295_fwd,13281143.865975564,5359308.156771299,13281143.865975564,51,168
SUB_25470,SUB_HIFLD_1829,meso_SUB_25470_SUB_HIFLD_1829_fwd,150000000.0,0.0,0.0,0,168
SUB_25470,SUB_HIFLD_3623,meso_SUB_25470_SUB_HIFLD_3623_fwd,150000000.0,0.0,0.0,0,168
SUB_25526,SUB_25272,meso_SUB_25526_SUB_25272_rev,600000000.0,0.0,0.0,0,168
SUB_25526,SUB_25277,meso_SUB_25526_SUB_25277_rev,150000000.0,0.0,0.0,0,168
SUB_25526,SUB_25337,meso_SUB_25526_SUB_25337_rev,400000000.0,394533.2397403431,27919049.228838533,0,168
SUB_25526,SUB_25349,meso_SUB_25526_SUB_25349_rev,230000000.0,21037020.062312342,102757602.7543518,0,168
SUB_25526,SUB_25407,meso_SUB_25526_SUB_25407_rev,400000000.0,11181077.55971158,202508418.57280928,0,168
SUB_25526,SUB_25457,meso_SUB_25526_SUB_25457_rev,400000000.0,967161.8242238401,64953422.95881259,0,168
SUB_25526,SUB_25458,meso_SUB_25526_SUB_25458_rev,150000000.0,0.0,0.0,0,168
SUB_25526,SUB_25476,meso_SUB_25526_SUB_25476_rev,150000000.0,6542112.375789846,16046391.909884423,0,168
SUB_25526,SUB_25261,meso_SUB_25526_SUB_25261_rev,800000000.0,36507757.42095323,160003368.9815467,0,168
SUB_25526,SUB_25339,meso_SUB_25526_SUB_25339_rev,300000000.0,4695205.8071204,62279694.064169794,0,168
SUB_25526,SUB_25370,meso_SUB_25526_SUB_25370_rev,150000000.0,0.0,0.0,0,168
SUB_25526,WEC_CALN,iface_SUB_25526_WEC_CALN_to_ba,1070000000.0,0.0,0.0,0,168
SUB_04229,SUB_04226,meso_SUB_04229_SUB_04226_rev,60000000.0,42327.86105553426,2066542.509413257,0,168
SUB_04229,SUB_04248,meso_SUB_04229_SUB_04248_fwd,60000000.0,0.0,0.0,0,168
SUB_04229,SUB_04320,meso_SUB_04229_SUB_04320_fwd,60000000.0,0.0,0.0,0,168
SUB_01385,SUB_01430,meso_SUB_01385_SUB_01430_fwd,5000000.0,0.0,0.0,0,168
SUB_10270,SUB_10260,meso_SUB_10270_SUB_10260_rev,120000000.0,0.0,0.0,0,168
SUB_10270,SUB_10274,meso_SUB_10270_SUB_10274_fwd,60000000.0,484704.21167797677,6200721.383478223,0,168
SUB_10270,SUB_10278,meso_SUB_10270_SUB_10278_fwd,60000000.0,0.0,0.0,0,168
SUB_04298,SUB_04260,meso_SUB_04298_SUB_04260_rev,60000000.0,0.0,0.0,0,168
SUB_04298,SUB_04308,meso_SUB_04298_SUB_04308_fwd,60000000.0,0.0,0.0,0,168
SUB_04298,SUB_04338,meso_SUB_04298_SUB_04338_fwd,60000000.0,934667.5193596543,1162886.6569283083,0,168
SUB_15365,SUB_15361,meso_SUB_15365_SUB_15361_fwd,55014275.707919665,0.0,0.0,0,168
SUB_06206,SUB_06359,meso_SUB_06206_SUB_06359_fwd,42249455.8976127,0.0,0.0,0,168
SUB_04289,SUB_04214,meso_SUB_04289_SUB_04214_rev,60000000.0,0.0,0.0,0,168
SUB_04289,SUB_04282,meso_SUB_04289_SUB_04282_rev,60000000.0,0.0,0.0,0,168
SUB_25366,SUB_25236,meso_SUB_25366_SUB_25236_rev,60000000.0,9109.24553734333,1530353.2502736794,0,168
SUB_25366,SUB_25289,meso_SUB_25366_SUB_25289_rev,120000000.0,2420466.3875706345,15775729.171687229,0,168
SUB_25315,SUB_25236,meso_SUB_25315_SUB_25236_rev,150000000.0,70051658.72709739,150000000.0,59,168
SUB_15218,SUB_15249,meso_SUB_15218_SUB_15249_fwd,60000000.0,60000000.0,60000000.0,168,168
SUB_15377,SUB_10325,meso_SUB_15377_SUB_10325_rev,120000000.0,3155861.584797946,43909826.29205032,0,168
SUB_15377,SUB_15375,meso_SUB_15377_SUB_15375_rev,60000000.0,38391591.982066765,60000000.0,86,168
SUB_04268,SUB_04266,meso_SUB_04268_SUB_04266_rev,60000000.0,6338996.541235239,24571642.513816774,0,168
SUB_04268,SUB_04306,meso_SUB_04268_SUB_04306_fwd,60000000.0,1872057.0730823597,2540206.2327591414,0,168
SUB_04268,SUB_19222,meso_SUB_04268_SUB_19222_fwd,60000000.0,0.0,0.0,0,168
SUB_19222,SUB_04268,meso_SUB_19222_SUB_04268_rev,60000000.0,10662075.768639332,30361433.37613315,0,168
SUB_19222,SUB_19231,meso_SUB_19222_SUB_19231_fwd,60000000.0,0.0,0.0,0,168
SUB_19222,SUB_19246,meso_SUB_19222_SUB_19246_fwd,60000000.0,0.0,0.0,0,168
SUB_19222,SUB_HIFLD_255,meso_SUB_19222_SUB_HIFLD_255_fwd,150000000.0,0.0,0.0,0,168
SUB_19232,SUB_HIFLD_255,meso_SUB_19232_SUB_HIFLD_255_fwd,5000000.0,0.0,0.0,0,168
SUB_18215,SUB_18208,meso_SUB_18215_SUB_18208_rev,60000000.0,0.0,0.0,0,168
SUB_08201,SUB_08219,meso_SUB_08201_SUB_08219_fwd,60000000.0,0.0,0.0,0,168
SUB_08201,SUB_08226,meso_SUB_08201_SUB_08226_fwd,150000000.0,0.0,0.0,0,168
SUB_08201,SUB_08231,meso_SUB_08201_SUB_08231_fwd,60000000.0,0.0,0.0,0,168
SUB_08201,SUB_08370,meso_SUB_08201_SUB_08370_fwd,300000000.0,400570.2716354206,19911560.96923828,0,168
SUB_08201,SUB_08391,meso_SUB_08201_SUB_08391_fwd,150000000.0,46388.453964960005,3896631.2280273396,0,168
SUB_15292,SUB_15233,meso_SUB_15292_SUB_15233_rev,60000000.0,56621772.42478377,57431000.02288818,0,168
SUB_15292,SUB_15379,meso_SUB_15292_SUB_15379_fwd,60000000.0,0.0,0.0,0,168
SUB_02258,SUB_02264,meso_SUB_02258_SUB_02264_fwd,5000000.0,0.0,0.0,0,168
SUB_01314,SUB_01265,meso_SUB_01314_SUB_01265_rev,60000000.0,0.0,0.0,0,168
SUB_01314,SUB_01370,meso_SUB_01314_SUB_01370_fwd,60000000.0,332030.8602669687,557731.9430321762,0,168
SUB_02222,SUB_02287,meso_SUB_02222_SUB_02287_fwd,14804594.662989883,0.0,0.0,0,168
SUB_02250,SUB_02264,meso_SUB_02250_SUB_02264_fwd,5000000.0,0.0,0.0,0,168
SUB_08369,SUB_08319,meso_SUB_08369_SUB_08319_rev,150000000.0,0.0,0.0,0,168
SUB_08369,SUB_08325,meso_SUB_08369_SUB_08325_rev,150000000.0,0.0,0.0,0,168
SUB_01370,SUB_01314,meso_SUB_01370_SUB_01314_rev,60000000.0,0.0,0.0,0,168
SUB_01206,SUB_01384,meso_SUB_01206_SUB_01384_fwd,30830527.59954693,0.0,0.0,0,168
SUB_08314,SUB_08362,meso_SUB_08314_SUB_08362_fwd,5000000.0,4395833.333333333,5000000.0,139,168
SUB_02426,SUB_02401,meso_SUB_02426_SUB_02401_rev,150000000.0,0.0,0.0,0,168
SUB_02426,SUB_02419,meso_SUB_02426_SUB_02419_rev,210000000.0,0.0,0.0,0,168
SUB_02426,SUB_HIFLD_2058,meso_SUB_02426_SUB_HIFLD_2058_fwd,210000000.0,81721599.52314836,153646960.72836018,0,168
SUB_02426,SUB_02403,meso_SUB_02426_SUB_02403_rev,300000000.0,0.0,0.0,0,168
SUB_02426,SUB_02416,meso_SUB_02426_SUB_02416_rev,60000000.0,28666547.4698306,35302062.35905284,0,168
SUB_02426,SUB_02418,meso_SUB_02426_SUB_02418_rev,38067281.195404276,18354336.13211136,24263917.525773197,0,168
SUB_15270,SUB_15246,meso_SUB_15270_SUB_15246_rev,300000000.0,0.0,0.0,0,168
SUB_15270,SUB_15269,meso_SUB_15270_SUB_15269_rev,300000000.0,0.0,0.0,0,168
SUB_10302,SUB_10253,meso_SUB_10302_SUB_10253_rev,60000000.0,0.0,0.0,0,168
SUB_10302,SUB_10255,meso_SUB_10302_SUB_10255_rev,120000000.0,17266.094020188804,2900703.7953917193,0,168
SUB_10302,SUB_10310,meso_SUB_10302_SUB_10310_fwd,60000000.0,0.0,0.0,0,168
SUB_02424,SUB_02414,meso_SUB_02424_SUB_02414_fwd,5000000.0,0.0,0.0,0,168
SUB_25345,SUB_18256,meso_SUB_25345_SUB_18256_rev,80000000.0,0.0,0.0,0,168
SUB_25345,SUB_25202,meso_SUB_25345_SUB_25202_rev,160000000.0,193815.14679847186,267863.52334563265,0,168
SUB_08216,SUB_HIFLD_2131,meso_SUB_08216_SUB_HIFLD_2131_fwd,60000000.0,0.0,0.0,0,168
SUB_15210,SUB_15220,meso_SUB_15210_SUB_15220_fwd,60000000.0,1497697.2015772718,2275852.9185894025,0,168
SUB_15210,SUB_15374,meso_SUB_15210_SUB_15374_fwd,60000000.0,0.0,0.0,0,168
SUB_15803,SUB_HIFLD_3065,meso_SUB_15803_SUB_HIFLD_3065_fwd,5707530.466038818,0.0,0.0,0,168
SUB_16369,SUB_HIFLD_41,meso_SUB_16369_SUB_HIFLD_41_fwd,150000000.0,0.0,0.0,0,168
SUB_16388,SUB_16334,meso_SUB_16388_SUB_16334_fwd,6705738.541774172,0.0,0.0,0,168
SUB_15259,SUB_HIFLD_2007,meso_SUB_15259_SUB_HIFLD_2007_fwd,8076203.156964825,0.0,0.0,0,168
SUB_10253,SUB_10255,meso_SUB_10253_SUB_10255_fwd,60000000.0,4016712.8545627417,6372209.834174659,0,168
SUB_10253,SUB_10302,meso_SUB_10253_SUB_10302_fwd,60000000.0,85746.0423138348,4560519.329500362,0,168
SUB_10253,SUB_10310,meso_SUB_10253_SUB_10310_fwd,60000000.0,951395.9421825127,2447656.563965518,0,168
SUB_19210,SUB_19218,meso_SUB_19210_SUB_19218_fwd,5000000.0,0.0,0.0,0,168
SUB_04306,SUB_04268,meso_SUB_04306_SUB_04268_rev,60000000.0,0.0,0.0,0,168
SUB_01440,SUB_01214,meso_SUB_01440_SUB_01214_rev,120000000.0,3362402.608772046,9957277.53000161,0,168
SUB_01440,SUB_01223,meso_SUB_01440_SUB_01223_rev,400000000.0,3867493.201658723,75335007.93284869,0,168
SUB_01440,SUB_01323,meso_SUB_01440_SUB_01323_rev,1200000000.0,0.0,0.0,0,168
SUB_01440,SUB_01375,meso_SUB_01440_SUB_01375_rev,120000000.0,0.0,0.0,0,168
SUB_01440,SUB_01423,meso_SUB_01440_SUB_01423_rev,60000000.0,316224.11502791353,53125651.32468947,0,168
SUB_01440,SUB_01222,meso_SUB_01440_SUB_01222_rev,800000000.0,14414275.970896581,60187157.75565478,0,168
SUB_01440,SUB_01442,meso_SUB_01440_SUB_01442_rev,21495266.944976144,1181677.309765673,7701883.65818299,0,168
SUB_01440,WEC_CALN,iface_SUB_01440_WEC_CALN_to_ba,20000000.0,0.0,0.0,0,168
SUB_10274,SUB_06288,meso_SUB_10274_SUB_06288_rev,120000000.0,0.0,0.0,0,168
SUB_10274,SUB_10270,meso_SUB_10274_SUB_10270_rev,60000000.0,1520729.0490654092,11981773.375127733,0,168
SUB_10274,SUB_10278,meso_SUB_10274_SUB_10278_fwd,60000000.0,0.0,0.0,0,168
SUB_02403,SUB_02401,meso_SUB_02403_SUB_02401_rev,60000000.0,0.0,0.0,0,168
SUB_02403,SUB_02419,meso_SUB_02403_SUB_02419_fwd,300000000.0,0.0,0.0,0,168
SUB_02403,SUB_02426,meso_SUB_02403_SUB_02426_fwd,300000000.0,0.0,0.0,0,168
SUB_18246,SUB_18201,meso_SUB_18246_SUB_18201_rev,150000000.0,0.0,0.0,0,168
SUB_18246,SUB_18235,meso_SUB_18246_SUB_18235_rev,150000000.0,0.0,0.0,0,168
SUB_18246,SUB_18240,meso_SUB_18246_SUB_18240_rev,150000000.0,0.0,0.0,0,168
SUB_25364,SUB_25272,meso_SUB_25364_SUB_25272_rev,150000000.0,41368110.49133221,41913116.89376831,0,168
SUB_06364,SUB_01365,meso_SUB_06364_SUB_01365_rev,1200000000.0,0.0,0.0,0,168
SUB_06364,SUB_04205,meso_SUB_06364_SUB_04205_rev,800000000.0,6020800.434753496,38490743.60955621,0,168
SUB_06364,SUB_04230,meso_SUB_06364_SUB_04230_rev,860000000.0,13354359.14204112,50958027.36557762,0,168
SUB_06364,SUB_10314,meso_SUB_06364_SUB_10314_fwd,1200000000.0,73917.69144581581,11372885.029388778,0,168
SUB_06364,SUB_HIFLD_1357,meso_SUB_06364_SUB_HIFLD_1357_fwd,1010000000.0,0.0,0.0,0,168
SUB_06364,SUB_06359,meso_SUB_06364_SUB_06359_rev,400000000.0,52636089.6478623,115054552.67007841,0,168
SUB_06364,WEC_CALN,iface_SUB_06364_WEC_CALN_to_ba,135999044.89,0.0,0.0,0,168
SUB_25252,SUB_25151,meso_SUB_25252_SUB_25151_rev,60000000.0,35491920.782060206,60000000.0,60,168
SUB_25252,SUB_25253,meso_SUB_25252_SUB_25253_fwd,60000000.0,475284.4775840823,1759793.8144329898,0,168
SUB_02287,SUB_02210,meso_SUB_02287_SUB_02210_rev,400000000.0,0.0,0.0,0,168
SUB_02287,SUB_02233,meso_SUB_02287_SUB_02233_rev,300000000.0,7104505.952587796,181385206.40106264,0,168
SUB_02287,SUB_02222,meso_SUB_02287_SUB_02222_rev,14804594.662989883,8671798.300614353,12369981.989909694,0,168
SUB_02287,WEC_CALN,iface_SUB_02287_WEC_CALN_to_ba,1285195405.3370101,0.0,0.0,0,168
SUB_02227,SUB_02210,meso_SUB_02227_SUB_02210_fwd,10468363.385570258,0.0,0.0,0,168
SUB_18230,SUB_18220,meso_SUB_18230_SUB_18220_rev,60000000.0,0.0,0.0,0,168
SUB_18230,SUB_18226,meso_SUB_18230_SUB_18226_rev,60000000.0,0.0,0.0,0,168
SUB_04271,SUB_04331,meso_SUB_04271_SUB_04331_fwd,60000000.0,0.0,0.0,0,168
SUB_04271,SUB_04336,meso_SUB_04271_SUB_04336_fwd,60000000.0,9737940.859681828,25366301.710146826,0,168
SUB_04271,SUB_04343,meso_SUB_04271_SUB_04343_fwd,60000000.0,20273.1314903065,3115604.689802022,0,168
SUB_04271,SUB_04256,meso_SUB_04271_SUB_04256_rev,60000000.0,0.0,0.0,0,168
SUB_04271,SUB_04314,meso_SUB_04271_SUB_04314_rev,13577784.530380812,0.0,0.0,0,168
SUB_01331,SUB_01211,meso_SUB_01331_SUB_01211_rev,60000000.0,0.0,0.0,0,168
SUB_01331,SUB_01384,meso_SUB_01331_SUB_01384_fwd,60000000.0,13708843.976767918,17342628.941357054,0,168
SUB_01210,SUB_01204,meso_SUB_01210_SUB_01204_rev,150000000.0,69748724.2823447,120716217.28278749,0,168
SUB_01210,SUB_01380,meso_SUB_01210_SUB_01380_fwd,150000000.0,0.0,0.0,0,168
SUB_01210,SUB_01467,meso_SUB_01210_SUB_01467_fwd,300000000.0,0.0,0.0,0,168
SUB_01210,SUB_01269,meso_SUB_01210_SUB_01269_rev,5000000.0,309970.14296189445,590721.649484536,0,168
SUB_19236,SUB_19223,meso_SUB_19236_SUB_19223_rev,120000000.0,0.0,0.0,0,168
SUB_19236,SUB_19226,meso_SUB_19236_SUB_19226_rev,60000000.0,361587.83688490215,431958.76534452144,0,168
SUB_16221,SUB_16323,meso_SUB_16221_SUB_16323_fwd,60000000.0,0.0,0.0,0,168
SUB_25241,SUB_25151,meso_SUB_25241_SUB_25151_rev,150000000.0,0.0,0.0,0,168
SUB_25241,SUB_25234,meso_SUB_25241_SUB_25234_rev,80000000.0,9328886.749666886,34684275.219879135,0,168
SUB_25241,SUB_25529,meso_SUB_25241_SUB_25529_fwd,300000000.0,175960226.0897698,276503169.4854333,0,168
SUB_25241,SUB_25294,meso_SUB_25241_SUB_25294_fwd,160000000.0,0.0,0.0,0,168
SUB_25319,SUB_25293,meso_SUB_25319_SUB_25293_rev,80000000.0,0.0,0.0,0,168
SUB_25319,SUB_25348,meso_SUB_25319_SUB_25348_fwd,80000000.0,0.0,0.0,0,168
SUB_25319,SUB_25380,meso_SUB_25319_SUB_25380_fwd,80000000.0,8161380.39913374,11631959.262336653,0,168
SUB_16247,SUB_16261,meso_SUB_16247_SUB_16261_fwd,150000000.0,0.0,0.0,0,168
SUB_16247,SUB_16270,meso_SUB_16247_SUB_16270_fwd,150000000.0,0.0,0.0,0,168
SUB_16247,SUB_16277,meso_SUB_16247_SUB_16277_fwd,150000000.0,0.0,0.0,0,168
SUB_16247,SUB_16288,meso_SUB_16247_SUB_16288_fwd,150000000.0,2129418.0303350333,43976452.098099224,0,168
SUB_18310,SUB_HIFLD_48,meso_SUB_18310_SUB_HIFLD_48_fwd,150000000.0,0.0,0.0,0,168
SUB_02253,SUB_02280,meso_SUB_02253_SUB_02280_fwd,5000000.0,0.0,0.0,0,168
SUB_16309,SUB_16277,meso_SUB_16309_SUB_16277_fwd,5000000.0,582803.5714285715,1303500.0,0,168
SUB_01326,SUB_01409,meso_SUB_01326_SUB_01409_fwd,5000000.0,0.0,0.0,0,168
SUB_25371,SUB_HIFLD_459,meso_SUB_25371_SUB_HIFLD_459_fwd,5000000.0,0.0,0.0,0,168
SUB_16323,SUB_16216,meso_SUB_16323_SUB_16216_rev,60000000.0,0.0,0.0,0,168
SUB_16323,SUB_16221,meso_SUB_16323_SUB_16221_rev,60000000.0,6152369.92903884,9660825.088343669,0,168
SUB_16323,SUB_16299,meso_SUB_16323_SUB_16299_rev,60000000.0,14860024.209115483,23762029.656548083,0,168
SUB_16323,SUB_16368,meso_SUB_16323_SUB_16368_fwd,60000000.0,394763.2976435389,12241206.170193559,0,168
SUB_06867,SUB_06866,meso_SUB_06867_SUB_06866_rev,60000000.0,0.0,0.0,0,168
SUB_06867,SUB_06204,meso_SUB_06867_SUB_06204_fwd,5000000.0,1455000.0,1455000.0,0,168
SUB_25151,SUB_25241,meso_SUB_25151_SUB_25241_fwd,150000000.0,150000000.0,150000000.0,168,168
SUB_25151,SUB_25252,meso_SUB_25151_SUB_25252_fwd,60000000.0,0.0,0.0,0,168
SUB_01260,SUB_01335,meso_SUB_01260_SUB_01335_fwd,60000000.0,0.0,0.0,0,168
SUB_01260,SUB_01265,meso_SUB_01260_SUB_01265_rev,5000000.0,1471054.5407690979,2282455.004176985,0,168
SUB_10278,SUB_10270,meso_SUB_10278_SUB_10270_rev,60000000.0,452636.9370505923,1331530.2505493164,0,168
SUB_10278,SUB_10274,meso_SUB_10278_SUB_10274_rev,60000000.0,601421.1881955465,1319503.360748291,0,168
SUB_02261,SUB_02201,meso_SUB_02261_SUB_02201_fwd,9856892.420829581,0.0,0.0,0,168
SUB_04225,SUB_04282,meso_SUB_04225_SUB_04282_fwd,300000000.0,0.0,0.0,0,168
SUB_08311,SUB_08319,meso_SUB_08311_SUB_08319_fwd,5000000.0,0.0,0.0,0,168
SUB_16334,SUB_16301,meso_SUB_16334_SUB_16301_rev,120000000.0,1609602.1818199402,6369752.638354745,0,168
SUB_16334,SUB_16388,meso_SUB_16334_SUB_16388_rev,6705738.541774172,3680742.162948855,6240206.122644169,0,168
SUB_02244,SUB_02286,meso_SUB_02244_SUB_02286_fwd,5000000.0,0.0,0.0,0,168
SUB_25346,SUB_18301,meso_SUB_25346_SUB_18301_rev,800000000.0,197378645.80533612,618539244.6463326,0,168
SUB_15246,SUB_15224,meso_SUB_15246_SUB_15224_rev,60000000.0,0.0,0.0,0,168
SUB_15246,SUB_15228,meso_SUB_15246_SUB_15228_rev,60000000.0,215342.91484160465,6580412.182365495,0,168
SUB_15246,SUB_15256,meso_SUB_15246_SUB_15256_fwd,60000000.0,28772506.224889245,49795675.392244115,0,168
SUB_15246,SUB_15257,meso_SUB_15246_SUB_15257_fwd,300000000.0,8089202.227593132,24636083.2293009,0,168
SUB_15246,SUB_15269,meso_SUB_15246_SUB_15269_fwd,150000000.0,769931.0131006642,14273325.209483607,0,168
SUB_15246,SUB_15270,meso_SUB_15246_SUB_15270_fwd,300000000.0,7324701.721688099,26876289.037330862,0,168
SUB_15246,SUB_15249,meso_SUB_15246_SUB_15249_fwd,60000000.0,0.0,0.0,0,168
SUB_15246,SUB_HIFLD_597,meso_SUB_15246_SUB_HIFLD_597_fwd,150000000.0,11750082.154899387,43952552.803067856,0,168
SUB_15246,SUB_15253,meso_SUB_15246_SUB_15253_rev,8040577.704533531,92944.19960467677,1153608.436191205,0,168
SUB_15246,SUB_15216,meso_SUB_15246_SUB_15216_rev,6285071.521919287,3252513.4966311413,5168041.457343347,0,168
SUB_10330,SUB_10355,meso_SUB_10330_SUB_10355_fwd,60000000.0,0.0,0.0,0,168
SUB_10330,SUB_HIFLD_482,meso_SUB_10330_SUB_HIFLD_482_fwd,60000000.0,0.0,0.0,0,168
SUB_25206,SUB_25408,meso_SUB_25206_SUB_25408_fwd,150000000.0,0.0,0.0,0,168
SUB_25206,SUB_25529,meso_SUB_25206_SUB_25529_fwd,150000000.0,1686184.774251352,72396925.63128904,0,168
SUB_04226,SUB_04229,meso_SUB_04226_SUB_04229_fwd,60000000.0,0.0,0.0,0,168
SUB_04226,SUB_04302,meso_SUB_04226_SUB_04302_fwd,60000000.0,0.0,0.0,0,168
SUB_02213,SUB_02280,meso_SUB_02213_SUB_02280_fwd,86936817.75284624,0.0,0.0,0,168
SUB_10313,SUB_10310,meso_SUB_10313_SUB_10310_fwd,5000000.0,0.0,0.0,0,168
SUB_01252,SUB_01250,meso_SUB_01252_SUB_01250_rev,60000000.0,0.0,0.0,0,168
SUB_01252,SUB_01378,meso_SUB_01252_SUB_01378_fwd,60000000.0,770883.1552666558,2503705.63899032,0,168
SUB_01252,SUB_01233,meso_SUB_01252_SUB_01233_rev,6788904.530254706,73520.75772717218,913934.3864367126,0,168
SUB_01252,SUB_01374,meso_SUB_01252_SUB_01374_rev,5000000.0,899322.0293235122,1230927.8350515463,0,168
SUB_08333,SUB_08351,meso_SUB_08333_SUB_08351_fwd,120000000.0,0.0,0.0,0,168
SUB_08333,SUB_18201,meso_SUB_08333_SUB_18201_fwd,120000000.0,0.0,0.0,0,168
SUB_18205,SUB_18207,meso_SUB_18205_SUB_18207_fwd,26199525.500883933,0.0,0.0,0,168
SUB_04308,SUB_04276,meso_SUB_04308_SUB_04276_rev,60000000.0,0.0,0.0,0,168
SUB_04308,SUB_04298,meso_SUB_04308_SUB_04298_rev,60000000.0,0.0,0.0,0,168
SUB_02270,SUB_02286,meso_SUB_02270_SUB_02286_fwd,60000000.0,0.0,0.0,0,168
SUB_02270,SUB_02408,meso_SUB_02270_SUB_02408_fwd,60000000.0,0.0,0.0,0,168
SUB_01208,SUB_HIFLD_2989,meso_SUB_01208_SUB_HIFLD_2989_fwd,5000000.0,0.0,0.0,0,168
SUB_01266,SUB_01384,meso_SUB_01266_SUB_01384_fwd,5000000.0,5000000.0,5000000.0,168,168
SUB_01269,SUB_01210,meso_SUB_01269_SUB_01210_fwd,5000000.0,0.0,0.0,0,168
SUB_25273,SUB_25295,meso_SUB_25273_SUB_25295_fwd,6716844.1774602765,0.0,0.0,0,168
SUB_25418,WEC_CALN,iface_SUB_25418_WEC_CALN_to_ba,5000000.0,309813.1534340543,5000000.0,10,168
SUB_25415,SUB_25256,meso_SUB_25415_SUB_25256_fwd,13051293.344517233,0.0,0.0,0,168
SUB_02405,SUB_02419,meso_SUB_02405_SUB_02419_fwd,150000000.0,0.0,0.0,0,168
SUB_02405,SUB_HIFLD_2068,meso_SUB_02405_SUB_HIFLD_2068_fwd,150000000.0,0.0,0.0,0,168
SUB_02405,SUB_HIFLD_3835,meso_SUB_02405_SUB_HIFLD_3835_fwd,150000000.0,0.0,0.0,0,168
SUB_15228,SUB_15224,meso_SUB_15228_SUB_15224_rev,60000000.0,0.0,0.0,0,168
SUB_15228,SUB_15246,meso_SUB_15228_SUB_15246_fwd,60000000.0,0.0,0.0,0,168
SUB_04338,SUB_04284,meso_SUB_04338_SUB_04284_rev,60000000.0,0.0,0.0,0,168
SUB_04338,SUB_04298,meso_SUB_04338_SUB_04298_rev,60000000.0,0.0,0.0,0,168
SUB_01233,SUB_01302,meso_SUB_01233_SUB_01302_fwd,60000000.0,688360.3850239682,1040206.2484898518,0,168
SUB_01233,SUB_01321,meso_SUB_01233_SUB_01321_fwd,60000000.0,0.0,0.0,0,168
SUB_01233,SUB_01252,meso_SUB_01233_SUB_01252_fwd,6788904.530254706,568032.8317371315,1586075.700620671,0,168
SUB_15232,SUB_15230,meso_SUB_15232_SUB_15230_rev,60000000.0,0.0,0.0,0,168
SUB_15232,SUB_15269,meso_SUB_15232_SUB_15269_fwd,150000000.0,54606645.49876536,68080553.62535346,0,168
SUB_15232,SUB_HIFLD_2007,meso_SUB_15232_SUB_HIFLD_2007_fwd,60000000.0,22115000.21634417,32940115.451199733,0,168
SUB_15232,SUB_15225,meso_SUB_15232_SUB_15225_rev,5000000.0,0.0,0.0,0,168
SUB_15232,SUB_15229,meso_SUB_15232_SUB_15229_rev,5000000.0,75372.24357129315,112885.4181348663,0,168
SUB_15229,SUB_15232,meso_SUB_15229_SUB_15232_fwd,5000000.0,0.0,0.0,0,168
SUB_25393,SUB_18238,meso_SUB_25393_SUB_18238_rev,1500000000.0,33425711.19143565,352771362.0935045,0,168
SUB_25393,SUB_18301,meso_SUB_25393_SUB_18301_rev,800000000.0,0.0,0.0,0,168
SUB_25393,SUB_25261,meso_SUB_25393_SUB_25261_rev,6000000000.0,48094239.078862086,178557889.7439397,0,168
SUB_25393,SUB_25268,meso_SUB_25393_SUB_25268_rev,400000000.0,156914.07951485328,25008008.162568558,0,168
SUB_25393,SUB_25316,meso_SUB_25393_SUB_25316_rev,150000000.0,2443151.29855186,17232373.470468972,0,168
SUB_25393,SUB_25367,meso_SUB_25393_SUB_25367_rev,800000000.0,0.0,0.0,0,168
SUB_25393,SUB_25412,meso_SUB_25393_SUB_25412_fwd,400000000.0,54624012.015996195,400000000.0,3,168
SUB_08339,SUB_08353,meso_SUB_08339_SUB_08353_fwd,150000000.0,0.0,0.0,0,168
SUB_08339,SUB_08391,meso_SUB_08339_SUB_08391_fwd,150000000.0,437570.3241338088,13110308.774967786,0,168
SUB_08339,SUB_08283,meso_SUB_08339_SUB_08283_rev,150000000.0,0.0,0.0,0,168
SUB_01356,SUB_01353,meso_SUB_01356_SUB_01353_fwd,5000000.0,0.0,0.0,0,168
SUB_25469,SUB_25456,meso_SUB_25469_SUB_25456_rev,150000000.0,0.0,0.0,0,168
SUB_01355,SUB_01430,meso_SUB_01355_SUB_01430_fwd,5000000.0,0.0,0.0,0,168
SUB_01318,SUB_01254,meso_SUB_01318_SUB_01254_rev,150000000.0,0.0,0.0,0,168
SUB_01318,SUB_01380,meso_SUB_01318_SUB_01380_fwd,150000000.0,0.0,0.0,0,168
SUB_01318,SUB_01317,meso_SUB_01318_SUB_01317_rev,5000000.0,672308.6961531792,1054639.2067191526,0,168
SUB_01318,SUB_01338,meso_SUB_01318_SUB_01338_rev,5000000.0,483495.18586328696,819587.6603274001,0,168
SUB_16267,SUB_16261,meso_SUB_16267_SUB_16261_rev,60000000.0,0.0,0.0,0,168
SUB_16267,SUB_16325,meso_SUB_16267_SUB_16325_fwd,60000000.0,124295.94172365598,7292260.65324959,0,168
SUB_16267,SUB_16288,meso_SUB_16267_SUB_16288_fwd,400000000.0,3895722.599839198,40524206.68894974,0,168
SUB_16267,SUB_HIFLD_30,meso_SUB_16267_SUB_HIFLD_30_fwd,400000000.0,0.0,0.0,0,168
SUB_04307,SUB_04337,meso_SUB_04307_SUB_04337_fwd,120000000.0,0.0,0.0,0,168
SUB_04307,SUB_04343,meso_SUB_04307_SUB_04343_fwd,60000000.0,0.0,0.0,0,168
SUB_04295,SUB_04214,meso_SUB_04295_SUB_04214_rev,60000000.0,0.0,0.0,0,168
SUB_04295,SUB_04228,meso_SUB_04295_SUB_04228_rev,120000000.0,0.0,0.0,0,168
SUB_04295,SUB_04260,meso_SUB_04295_SUB_04260_rev,120000000.0,4823101.225939918,6072405.754953792,0,168
SUB_04295,SUB_04266,meso_SUB_04295_SUB_04266_rev,60000000.0,399065.009500168,5519929.861021264,0,168
SUB_04295,SUB_04276,meso_SUB_04295_SUB_04276_rev,60000000.0,10419746.154418012,14229376.315087387,0,168
SUB_04295,SUB_04287,meso_SUB_04295_SUB_04287_rev,60000000.0,13359.529479321278,1223711.357903235,0,168
SUB_04295,SUB_04319,meso_SUB_04295_SUB_04319_fwd,150000000.0,88292.64945833028,6283429.096654519,0,168
SUB_04295,SUB_04341,meso_SUB_04295_SUB_04341_fwd,150000000.0,3832459.755767837,6132656.042354623,0,168
SUB_04295,SUB_04335,meso_SUB_04295_SUB_04335_fwd,150000000.0,6260447.5725516435,10917525.584427351,0,168
SUB_04295,SUB_06312,meso_SUB_04295_SUB_06312_fwd,150000000.0,0.0,0.0,0,168
SUB_19223,SUB_19218,meso_SUB_19223_SUB_19218_rev,60000000.0,0.0,0.0,0,168
SUB_19223,SUB_19236,meso_SUB_19223_SUB_19236_fwd,120000000.0,444485.3515880044,533882.4550293877,0,168
SUB_01437,SUB_01426,meso_SUB_01437_SUB_01426_fwd,13912289.906423923,0.0,0.0,0,168
SUB_16308,SUB_16307,meso_SUB_16308_SUB_16307_fwd,8323376.181608301,0.0,0.0,0,168
SUB_04228,SUB_04266,meso_SUB_04228_SUB_04266_fwd,120000000.0,3011317.978020505,3680000.0,0,168
SUB_04228,SUB_04295,meso_SUB_04228_SUB_04295_fwd,120000000.0,668682.021979495,3680000.0,0,168
SUB_10281,SUB_10236,meso_SUB_10281_SUB_10236_rev,60000000.0,13882087.675094604,14455400.05493164,0,168
SUB_18207,SUB_18213,meso_SUB_18207_SUB_18213_fwd,120000000.0,22633263.714261472,35409104.19383319,0,168
SUB_18207,SUB_18208,meso_SUB_18207_SUB_18208_rev,67488436.9866766,0.0,0.0,0,168
SUB_18207,SUB_18205,meso_SUB_18207_SUB_18205_rev,26199525.500883933,14523215.538927546,23194846.241744522,0,168
SUB_01366,SUB_01409,meso_SUB_01366_SUB_01409_fwd,5000000.0,0.0,0.0,0,168
SUB_19243,SUB_19202,meso_SUB_19243_SUB_19202_rev,60000000.0,3841351.3141632774,6836432.686979951,0,168
SUB_19243,SUB_19217,meso_SUB_19243_SUB_19217_rev,60000000.0,5571559.098193435,7391370.184690897,0,168
SUB_19243,SUB_19233,meso_SUB_19243_SUB_19233_rev,120000000.0,13990510.991751166,20128111.60294862,0,168
SUB_19243,SUB_19239,meso_SUB_19243_SUB_19239_rev,60000000.0,0.0,0.0,0,168
SUB_19243,SUB_19245,meso_SUB_19243_SUB_19245_fwd,60000000.0,0.0,0.0,0,168
SUB_19243,SUB_19246,meso_SUB_19243_SUB_19246_fwd,60000000.0,2228115.8136649076,22726860.45945665,0,168
SUB_19243,SUB_10293,meso_SUB_19243_SUB_10293_rev,150000000.0,1658465.8267375515,33234074.81883323,0,168
SUB_19243,SUB_19234,meso_SUB_19243_SUB_19234_rev,300000000.0,0.0,0.0,0,168
SUB_25342,SUB_25282,meso_SUB_25342_SUB_25282_rev,80000000.0,0.0,0.0,0,168
SUB_25342,SUB_25337,meso_SUB_25342_SUB_25337_rev,80000000.0,0.0,0.0,0,168
SUB_25342,SUB_25339,meso_SUB_25342_SUB_25339_rev,80000000.0,0.0,0.0,0,168
SUB_25342,SUB_25532,meso_SUB_25342_SUB_25532_fwd,80000000.0,1919633.1049142121,41516060.677754514,0,168
SUB_18233,SUB_18201,meso_SUB_18233_SUB_18201_rev,60000000.0,0.0,0.0,0,168
SUB_10205,SUB_10307,meso_SUB_10205_SUB_10307_fwd,150000000.0,0.0,0.0,0,168
SUB_10205,SUB_10308,meso_SUB_10205_SUB_10308_fwd,150000000.0,0.0,0.0,0,168
SUB_01410,SUB_01343,meso_SUB_01410_SUB_01343_rev,150000000.0,91280.06797944088,15335051.420546068,0,168
SUB_01410,SUB_01467,meso_SUB_01410_SUB_01467_fwd,150000000.0,0.0,0.0,0,168
SUB_01410,SUB_04204,meso_SUB_01410_SUB_04204_fwd,150000000.0,0.0,0.0,0,168
SUB_02416,SUB_02426,meso_SUB_02416_SUB_02426_fwd,60000000.0,0.0,0.0,0,168
SUB_02416,SUB_HIFLD_2058,meso_SUB_02416_SUB_HIFLD_2058_fwd,60000000.0,0.0,0.0,0,168
SUB_15374,SUB_10320,meso_SUB_15374_SUB_10320_rev,60000000.0,0.0,0.0,0,168
SUB_15374,SUB_15210,meso_SUB_15374_SUB_15210_rev,60000000.0,2453202.33416957,3486446.3504754337,0,168
SUB_15374,SUB_15379,meso_SUB_15374_SUB_15379_fwd,120000000.0,115371371.34679426,120000000.0,34,168
SUB_02402,SUB_HIFLD_1418,meso_SUB_02402_SUB_HIFLD_1418_fwd,50275614.09022589,0.0,0.0,0,168
SUB_08296,SUB_08295,meso_SUB_08296_SUB_08295_rev,150000000.0,88693649.13755658,150000000.0,42,168
SUB_10309,SUB_10252,meso_SUB_10309_SUB_10252_rev,60000000.0,383736.403710327,2146847.5641209995,0,168
SUB_25464,SUB_25367,meso_SUB_25464_SUB_25367_rev,80000000.0,393689.4343167123,10048227.633278519,0,168
SUB_25464,SUB_25405,meso_SUB_25464_SUB_25405_rev,18155171.899753124,671962.4407067312,18155171.899753124,2,168
SUB_25464,SUB_25209,meso_SUB_25464_SUB_25209_rev,53856750.98954275,7319446.718171429,33350513.95376933,0,168
SUB_25464,SUB_25431,meso_SUB_25464_SUB_25431_rev,16311265.71957324,4956108.622839817,13079381.757913176,0,168
SUB_02248,SUB_02201,meso_SUB_02248_SUB_02201_fwd,5000000.0,0.0,0.0,0,168
SUB_01224,SUB_01409,meso_SUB_01224_SUB_01409_fwd,5000000.0,0.0,0.0,0,168
SUB_02251,SUB_02264,meso_SUB_02251_SUB_02264_fwd,5000000.0,0.0,0.0,0,168
SUB_01378,SUB_01252,meso_SUB_01378_SUB_01252_rev,60000000.0,0.0,0.0,0,168
SUB_01378,SUB_01347,meso_SUB_01378_SUB_01347_rev,60000000.0,276321.31344385847,1877594.5003381884,0,168
SUB_16356,SUB_HIFLD_41,meso_SUB_16356_SUB_HIFLD_41_fwd,5000000.0,1882585.6562171665,1948290.2255058289,0,168
SUB_25446,SUB_25231,meso_SUB_25446_SUB_25231_rev,150000000.0,0.0,0.0,0,168
SUB_25446,SUB_25242,meso_SUB_25446_SUB_25242_rev,150000000.0,0.0,0.0,0,168
SUB_25446,SUB_25347,meso_SUB_25446_SUB_25347_rev,150000000.0,0.0,0.0,0,168
SUB_01298,SUB_01311,meso_SUB_01298_SUB_01311_fwd,5000000.0,0.0,0.0,0,168
SUB_18235,SUB_18222,meso_SUB_18235_SUB_18222_rev,150000000.0,0.0,0.0,0,168
SUB_18235,SUB_18246,meso_SUB_18235_SUB_18246_fwd,150000000.0,2077276.5998578153,4814433.178459246,0,168
SUB_18235,SUB_18238,meso_SUB_18235_SUB_18238_fwd,150000000.0,0.0,0.0,0,168
SUB_18235,SUB_18296,meso_SUB_18235_SUB_18296_rev,16979831.52959524,9090412.3994493,11747423.183795104,0,168
SUB_02226,SUB_02264,meso_SUB_02226_SUB_02264_fwd,58559283.17232112,0.0,0.0,0,168
SUB_02228,SUB_02201,meso_SUB_02228_SUB_02201_fwd,8691960.55705817,3864684.3280653805,8691960.55705817,9,168
SUB_02255,SUB_02201,meso_SUB_02255_SUB_02201_fwd,5000000.0,184104.2168666923,1295871.121403156,0,168
SUB_10260,SUB_10211,meso_SUB_10260_SUB_10211_rev,60000000.0,16301275.24006377,28238023.96793554,0,168
SUB_10260,SUB_10270,meso_SUB_10260_SUB_10270_fwd,120000000.0,4832022.459130411,11354848.299454596,0,168
SUB_10260,SUB_10285,meso_SUB_10260_SUB_10285_fwd,120000000.0,5985874.4925855305,17833648.852164768,0,168
SUB_10260,SUB_10293,meso_SUB_10260_SUB_10293_fwd,400000000.0,0.0,0.0,0,168
SUB_10260,SUB_10314,meso_SUB_10260_SUB_10314_fwd,400000000.0,0.0,0.0,0,168
SUB_10260,SUB_10333,meso_SUB_10260_SUB_10333_fwd,60000000.0,35691918.45365802,49991953.86585653,0,168
SUB_10260,WEC_CALN,iface_SUB_10260_WEC_CALN_to_ba,440000000.0,0.0,0.0,0,168
SUB_25204,SUB_25357,meso_SUB_25204_SUB_25357_fwd,150000000.0,0.0,0.0,0,168
SUB_08351,SUB_08319,meso_SUB_08351_SUB_08319_rev,60000000.0,0.0,0.0,0,168
SUB_08351,SUB_08333,meso_SUB_08351_SUB_08333_rev,120000000.0,2191530.106510937,4173838.62174314,0,168
SUB_01324,SUB_01202,meso_SUB_01324_SUB_01202_rev,300000000.0,1187650.3452811518,30882235.82007446,0,168
SUB_01324,SUB_01216,meso_SUB_01324_SUB_01216_rev,300000000.0,0.0,0.0,0,168
SUB_01324,SUB_01343,meso_SUB_01324_SUB_01343_fwd,150000000.0,0.0,0.0,0,168
SUB_01324,SUB_01365,meso_SUB_01324_SUB_01365_fwd,150000000.0,0.0,0.0,0,168
SUB_01324,SUB_01380,meso_SUB_01324_SUB_01380_fwd,400000000.0,82457.00719489738,13852777.20874276,0,168
SUB_01324,SUB_01465,meso_SUB_01324_SUB_01465_fwd,400000000.0,0.0,0.0,0,168
SUB_01324,SUB_01466,meso_SUB_01324_SUB_01466_fwd,400000000.0,56983.314780084074,9573196.883054124,0,168
SUB_01324,SUB_01469,meso_SUB_01324_SUB_01469_fwd,400000000.0,121234.22224731145,10267010.057586985,0,168
SUB_01324,SUB_HIFLD_30,meso_SUB_01324_SUB_HIFLD_30_fwd,400000000.0,236275.3946545266,20264685.82832765,0,168
SUB_04255,SUB_04328,meso_SUB_04255_SUB_04328_fwd,5000000.0,0.0,0.0,0,168
SUB_25293,SUB_25319,meso_SUB_25293_SUB_25319_fwd,80000000.0,6714919.158197905,11994184.4225804,0,168
SUB_25293,SUB_25348,meso_SUB_25293_SUB_25348_fwd,80000000.0,32481444.20220579,67168290.51350063,0,168
SUB_25293,SUB_HIFLD_335,meso_SUB_25293_SUB_HIFLD_335_fwd,160000000.0,0.0,0.0,0,168
SUB_04260,SUB_04295,meso_SUB_04260_SUB_04295_fwd,120000000.0,0.0,0.0,0,168
SUB_04260,SUB_04298,meso_SUB_04260_SUB_04298_fwd,60000000.0,2548685.6334108287,3178233.6433403348,0,168
SUB_02239,SUB_02201,meso_SUB_02239_SUB_02201_fwd,5000000.0,0.0,0.0,0,168
SUB_01335,SUB_01250,meso_SUB_01335_SUB_01250_rev,60000000.0,0.0,0.0,0,168
SUB_01335,SUB_01260,meso_SUB_01335_SUB_01260_rev,60000000.0,1922414.399971091,3102530.9321412216,0,168
SUB_15253,SUB_15246,meso_SUB_15253_SUB_15246_fwd,8040577.704533531,1528226.7365228562,2754000.1220703125,0,168
SUB_01384,SUB_01331,meso_SUB_01384_SUB_01331_rev,60000000.0,0.0,0.0,0,168
SUB_01384,SUB_01206,meso_SUB_01384_SUB_01206_rev,30830527.59954693,15969699.17982773,18778350.012081187,0,168
SUB_01384,SUB_01266,meso_SUB_01384_SUB_01266_rev,5000000.0,0.0,0.0,0,168
SUB_04305,SUB_04343,meso_SUB_04305_SUB_04343_fwd,150000000.0,0.0,0.0,0,168
SUB_04305,SUB_06368,meso_SUB_04305_SUB_06368_fwd,150000000.0,0.0,0.0,0,168
SUB_04287,SUB_04295,meso_SUB_04287_SUB_04295_fwd,60000000.0,0.0,0.0,0,168
SUB_04287,SUB_04321,meso_SUB_04287_SUB_04321_fwd,60000000.0,0.0,0.0,0,168
SUB_01375,SUB_01440,meso_SUB_01375_SUB_01440_fwd,120000000.0,39213829.953573346,79530200.63476562,0,168
SUB_01375,SUB_16374,meso_SUB_01375_SUB_16374_fwd,60000000.0,0.0,0.0,0,168
SUB_18256,SUB_25345,meso_SUB_18256_SUB_25345_fwd,80000000.0,2498997.7946794173,2776322.483030715,0,168
SUB_18256,SUB_25468,meso_SUB_18256_SUB_25468_fwd,13542851.782215439,6776899.3779570805,13542851.782215439,76,168
SUB_02278,SUB_02280,meso_SUB_02278_SUB_02280_fwd,23152707.133830138,0.0,0.0,0,168
SUB_02425,SUB_02412,meso_SUB_02425_SUB_02412_rev,60000000.0,0.0,0.0,0,168
SUB_02425,SUB_02408,meso_SUB_02425_SUB_02408_rev,120000000.0,0.0,0.0,0,168
SUB_02280,SUB_02201,meso_SUB_02280_SUB_02201_rev,150000000.0,0.0,0.0,0,168
SUB_02280,SUB_02203,meso_SUB_02280_SUB_02203_rev,150000000.0,0.0,0.0,0,168
SUB_02280,SUB_02233,meso_SUB_02280_SUB_02233_rev,150000000.0,0.0,0.0,0,168
SUB_02280,SUB_02253,meso_SUB_02280_SUB_02253_rev,5000000.0,2082750.44595253,2497938.2544448697,0,168
SUB_02280,SUB_02213,meso_SUB_02280_SUB_02213_rev,86936817.75284624,32659793.814432986,32659793.81443299,0,168
SUB_02280,SUB_02278,meso_SUB_02280_SUB_02278_rev,23152707.133830138,13258746.079082986,18913083.231817815,0,168
SUB_02280,SUB_02234,meso_SUB_02280_SUB_02234_rev,5000000.0,653971.0876107158,830927.8350515463,0,168
SUB_02280,SUB_02240,meso_SUB_02280_SUB_02240_rev,5000000.0,1606211.6052686553,2160824.6793452,0,168
SUB_02280,SUB_02209,meso_SUB_02280_SUB_02209_rev,13054274.09534259,7247968.0459758025,8768041.61465045,0,168
SUB_25859,WEC_CALN,iface_SUB_25859_WEC_CALN_to_ba,5000000.0,2560000.0,2560000.0,0,168
SUB_02268,SUB_02264,meso_SUB_02268_SUB_02264_fwd,5000000.0,0.0,0.0,0,168
SUB_02247,SUB_02264,meso_SUB_02247_SUB_02264_fwd,5000000.0,0.0,0.0,0,168
SUB_06866,SUB_06867,meso_SUB_06866_SUB_06867_fwd,60000000.0,1500000.0,1500000.0,0,168
SUB_18220,SUB_18201,meso_SUB_18220_SUB_18201_rev,60000000.0,0.0,0.0,0,168
SUB_18220,SUB_18213,meso_SUB_18220_SUB_18213_rev,60000000.0,1870914.6465612878,15468925.175339215,0,168
SUB_18220,SUB_18226,meso_SUB_18220_SUB_18226_fwd,60000000.0,2454007.508737949,13577953.170138063,0,168
SUB_18220,SUB_18230,meso_SUB_18220_SUB_18230_fwd,60000000.0,955228.1176272562,2931958.810078729,0,168
SUB_02285,SUB_02264,meso_SUB_02285_SUB_02264_fwd,5000000.0,0.0,0.0,0,168
SUB_25427,SUB_25529,meso_SUB_25427_SUB_25529_fwd,80000000.0,0.0,0.0,0,168
SUB_10310,SUB_10253,meso_SUB_10310_SUB_10253_rev,60000000.0,0.0,0.0,0,168
SUB_10310,SUB_10302,meso_SUB_10310_SUB_10302_rev,60000000.0,922854.0639170373,2374226.8670465527,0,168
SUB_10310,SUB_10313,meso_SUB_10310_SUB_10313_rev,5000000.0,0.0,0.0,0,168
SUB_10225,SUB_HIFLD_1357,meso_SUB_10225_SUB_HIFLD_1357_fwd,800000000.0,101096695.00042655,159383248.9042157,0,168
SUB_10225,SUB_10221,meso_SUB_10225_SUB_10221_rev,400000000.0,0.0,0.0,0,168
SUB_10225,WEC_CALN,iface_SUB_10225_WEC_CALN_to_ba,70000000.0,58302718.270872116,70000000.0,122,168
SUB_02249,SUB_02233,meso_SUB_02249_SUB_02233_fwd,5000000.0,694741.0018557594,906000.0610351564,0,168
SUB_02234,SUB_02280,meso_SUB_02234_SUB_02280_fwd,5000000.0,0.0,0.0,0,168
SUB_02267,SUB_02210,meso_SUB_02267_SUB_02210_fwd,5000000.0,0.0,0.0,0,168
SUB_18240,SUB_18222,meso_SUB_18240_SUB_18222_rev,210000000.0,0.0,0.0,0,168
SUB_18240,SUB_18246,meso_SUB_18240_SUB_18246_fwd,150000000.0,0.0,0.0,0,168
SUB_16207,SUB_16299,meso_SUB_16207_SUB_16299_fwd,60000000.0,0.0,0.0,0,168
SUB_16207,SUB_16321,meso_SUB_16207_SUB_16321_fwd,120000000.0,586078.0821959359,13059793.688587306,0,168
SUB_04347,SUB_04318,meso_SUB_04347_SUB_04318_rev,150000000.0,0.0,0.0,0,168
SUB_04347,SUB_04349,meso_SUB_04347_SUB_04349_fwd,150000000.0,0.0,0.0,0,168
SUB_02240,SUB_02280,meso_SUB_02240_SUB_02280_fwd,5000000.0,0.0,0.0,0,168
SUB_02260,SUB_02264,meso_SUB_02260_SUB_02264_fwd,5000000.0,0.0,0.0,0,168
SUB_25421,SUB_25208,meso_SUB_25421_SUB_25208_rev,160000000.0,0.0,0.0,0,168
SUB_25421,SUB_25387,meso_SUB_25421_SUB_25387_rev,80000000.0,6985675.10197109,44216343.16253662,0,168
SUB_16270,SUB_16247,meso_SUB_16270_SUB_16247_rev,150000000.0,0.0,0.0,0,168
SUB_16270,SUB_16261,meso_SUB_16270_SUB_16261_rev,150000000.0,0.0,0.0,0,168
SUB_16270,SUB_16277,meso_SUB_16270_SUB_16277_fwd,150000000.0,0.0,0.0,0,168
SUB_16270,SUB_16329,meso_SUB_16270_SUB_16329_fwd,150000000.0,764874.7275989016,17891752.073936854,0,168
SUB_18273,SUB_18201,meso_SUB_18273_SUB_18201_rev,60000000.0,0.0,0.0,0,168
SUB_18273,SUB_18237,meso_SUB_18273_SUB_18237_rev,60000000.0,4966170.710033746,6800797.153910359,0,168
SUB_25261,SUB_25255,meso_SUB_25261_SUB_25255_rev,150000000.0,0.0,0.0,0,168
SUB_25261,SUB_25290,meso_SUB_25261_SUB_25290_fwd,150000000.0,76934191.95505093,131491682.80303706,0,168
SUB_25261,SUB_25365,meso_SUB_25261_SUB_25365_fwd,150000000.0,15553853.009950621,51841151.75405798,0,168
SUB_25261,SUB_25393,meso_SUB_25261_SUB_25393_fwd,6000000000.0,0.0,0.0,0,168
SUB_25261,SUB_25526,meso_SUB_25261_SUB_25526_fwd,800000000.0,219815.79587446965,36929053.7069109,0,168
SUB_18213,SUB_18207,meso_SUB_18213_SUB_18207_rev,120000000.0,0.0,0.0,0,168
SUB_18213,SUB_18220,meso_SUB_18213_SUB_18220_fwd,60000000.0,13046592.561869241,25324588.81948303,0,168
SUB_10375,SUB_10291,meso_SUB_10375_SUB_10291_rev,150000000.0,239332.8838562284,13402641.79139222,0,168
SUB_10375,SUB_10297,meso_SUB_10375_SUB_10297_rev,150000000.0,48611497.75706342,55121651.24637564,0,168
SUB_10375,SUB_10283,meso_SUB_10375_SUB_10283_rev,150000000.0,1292651.853059377,31208205.167357456,0,168
SUB_10375,SUB_10322,meso_SUB_10375_SUB_10322_rev,5000000.0,0.0,0.0,0,168
SUB_25281,SUB_25219,meso_SUB_25281_SUB_25219_rev,80000000.0,0.0,0.0,0,168
SUB_25281,SUB_25445,meso_SUB_25281_SUB_25445_fwd,80000000.0,7876139.332748361,13010309.655887565,0,168
SUB_25281,SUB_25536,meso_SUB_25281_SUB_25536_fwd,120000000.0,9423177.168333258,38817816.86097709,0,168
SUB_25281,SUB_HIFLD_1845,meso_SUB_25281_SUB_HIFLD_1845_fwd,140000000.0,60036584.23151005,72806814.3493037,0,168
SUB_02207,SUB_02201,meso_SUB_02207_SUB_02201_fwd,12221010.547832375,0.0,0.0,0,168
SUB_02209,SUB_02280,meso_SUB_02209_SUB_02280_fwd,13054274.09534259,0.0,0.0,0,168
SUB_18260,SUB_18263,meso_SUB_18260_SUB_18263_fwd,150000000.0,0.0,0.0,0,168
SUB_18260,SUB_18282,meso_SUB_18260_SUB_18282_fwd,150000000.0,0.0,0.0,0,168
SUB_04245,SUB_04328,meso_SUB_04245_SUB_04328_fwd,15678993.01285542,0.0,0.0,0,168
SUB_04286,SUB_04284,meso_SUB_04286_SUB_04284_rev,60000000.0,2766947.207523434,3579381.569144652,0,168
SUB_04286,SUB_04285,meso_SUB_04286_SUB_04285_rev,60000000.0,0.0,0.0,0,168
SUB_01264,SUB_HIFLD_2989,meso_SUB_01264_SUB_HIFLD_2989_fwd,5000000.0,0.0,0.0,0,168
SUB_02272,SUB_02281,meso_SUB_02272_SUB_02281_fwd,60000000.0,3877230.2739491304,9839345.818851132,0,168
SUB_02272,SUB_02286,meso_SUB_02272_SUB_02286_fwd,60000000.0,0.0,0.0,0,168
SUB_02272,SUB_HIFLD_3834,meso_SUB_02272_SUB_HIFLD_3834_fwd,60000000.0,917022.0626267327,12939188.163436722,0,168
SUB_16316,SUB_16283,meso_SUB_16316_SUB_16283_fwd,5000000.0,5000000.0,5000000.0,168,168
SUB_16322,SUB_16230,meso_SUB_16322_SUB_16230_rev,60000000.0,11836606.474106383,24700432.479154814,0,168
SUB_16322,SUB_16242,meso_SUB_16322_SUB_16242_rev,60000000.0,0.0,0.0,0,168
SUB_16322,SUB_16307,meso_SUB_16322_SUB_16307_rev,60000000.0,0.0,0.0,0,168
SUB_16322,SUB_16331,meso_SUB_16322_SUB_16331_fwd,60000000.0,4192703.4100423446,6457732.147531411,0,168
SUB_25282,SUB_25337,meso_SUB_25282_SUB_25337_fwd,80000000.0,0.0,0.0,0,168
SUB_25282,SUB_25339,meso_SUB_25282_SUB_25339_fwd,80000000.0,0.0,0.0,0,168
SUB_25282,SUB_25341,meso_SUB_25282_SUB_25341_fwd,80000000.0,0.0,0.0,0,168
SUB_25282,SUB_25342,meso_SUB_25282_SUB_25342_fwd,80000000.0,280430.3242209948,13761856.047640141,0,168
SUB_25282,SUB_25387,meso_SUB_25282_SUB_25387_fwd,80000000.0,444810.2102610655,8414432.768477608,0,168
SUB_25282,SUB_25532,meso_SUB_25282_SUB_25532_fwd,80000000.0,8641297.468068395,46455409.602529,0,168
SUB_18229,SUB_18222,meso_SUB_18229_SUB_18222_rev,60000000.0,0.0,0.0,0,168
SUB_18229,SUB_18285,meso_SUB_18229_SUB_18285_fwd,60000000.0,0.0,0.0,0,168
SUB_25278,SUB_25208,meso_SUB_25278_SUB_25208_rev,160000000.0,5136503.36424041,12279873.36077565,0,168
SUB_25278,SUB_25255,meso_SUB_25278_SUB_25255_rev,80000000.0,4994786.7488961015,60981658.1864357,0,168
SUB_25250,SUB_25235,meso_SUB_25250_SUB_25235_rev,150000000.0,116693003.13045831,150000000.0,67,168
SUB_25250,SUB_25412,meso_SUB_25250_SUB_25412_fwd,400000000.0,20799452.071291335,314326000.0013411,0,168
SUB_25250,SUB_25993,meso_SUB_25250_SUB_25993_fwd,400000000.0,284255.933821539,5103092.783505155,0,168
SUB_25250,WEC_CALN,iface_SUB_25250_WEC_CALN_to_ba,250000000.0,0.0,0.0,0,168
SUB_25480,SUB_25425,meso_SUB_25480_SUB_25425_rev,150000000.0,0.0,0.0,0,168
SUB_06332,SUB_06344,meso_SUB_06332_SUB_06344_fwd,60000000.0,0.0,0.0,0,168
SUB_06332,SUB_06368,meso_SUB_06332_SUB_06368_fwd,60000000.0,0.0,0.0,0,168
SUB_25406,SUB_HIFLD_189,meso_SUB_25406_SUB_HIFLD_189_fwd,5000000.0,0.0,0.0,0,168
SUB_18244,SUB_18285,meso_SUB_18244_SUB_18285_fwd,5000000.0,0.0,0.0,0,168
SUB_25476,SUB_25457,meso_SUB_25476_SUB_25457_rev,150000000.0,0.0,0.0,0,168
SUB_25476,SUB_25526,meso_SUB_25476_SUB_25526_fwd,150000000.0,0.0,0.0,0,168
SUB_10294,SUB_10249,meso_SUB_10294_SUB_10249_rev,150000000.0,12309951.898875322,18533224.225882985,0,168
SUB_10294,SUB_10308,meso_SUB_10294_SUB_10308_fwd,150000000.0,0.0,0.0,0,168
SUB_16230,SUB_16322,meso_SUB_16230_SUB_16322_fwd,60000000.0,0.0,0.0,0,168
SUB_16230,SUB_16331,meso_SUB_16230_SUB_16331_fwd,60000000.0,0.0,0.0,0,168
SUB_16230,SUB_16348,meso_SUB_16230_SUB_16348_fwd,60000000.0,0.0,0.0,0,168
SUB_16230,SUB_16362,meso_SUB_16230_SUB_16362_fwd,60000000.0,52789.70068299533,7567940.551243952,0,168
SUB_16230,SUB_16365,meso_SUB_16230_SUB_16365_fwd,120000000.0,840630.1163027402,10612371.19694346,0,168
SUB_16230,SUB_16313,meso_SUB_16230_SUB_16313_rev,18373501.31462945,11906030.401811333,16358762.855136517,0,168
SUB_18285,SUB_18222,meso_SUB_18285_SUB_18222_rev,60000000.0,0.0,0.0,0,168
SUB_18285,SUB_18229,meso_SUB_18285_SUB_18229_rev,60000000.0,0.0,0.0,0,168
SUB_18285,SUB_18244,meso_SUB_18285_SUB_18244_rev,5000000.0,2244514.826014748,2762886.5350153027,0,168
SUB_25512,SUB_25276,meso_SUB_25512_SUB_25276_rev,450000000.0,4697775.200755201,45195179.3552674,0,168
SUB_25512,SUB_HIFLD_1851,meso_SUB_25512_SUB_HIFLD_1851_fwd,400000000.0,0.0,0.0,0,168
SUB_16216,SUB_16301,meso_SUB_16216_SUB_16301_fwd,120000000.0,26288816.312300738,39337075.669609524,0,168
SUB_16216,SUB_16320,meso_SUB_16216_SUB_16320_fwd,60000000.0,0.0,0.0,0,168
SUB_16216,SUB_16323,meso_SUB_16216_SUB_16323_fwd,60000000.0,20339737.80357607,33254638.08538637,0,168
SUB_16216,SUB_HIFLD_41,meso_SUB_16216_SUB_HIFLD_41_fwd,150000000.0,5631155.768880339,15364692.84132112,0,168
SUB_16216,SUB_16375,meso_SUB_16216_SUB_16375_rev,15819926.850468406,8415742.959915334,13499999.874154316,0,168
SUB_25420,SUB_25290,meso_SUB_25420_SUB_25290_rev,450000000.0,0.0,0.0,0,168
SUB_10255,SUB_10253,meso_SUB_10255_SUB_10253_rev,60000000.0,0.0,0.0,0,168
SUB_10255,SUB_10302,meso_SUB_10255_SUB_10302_fwd,120000000.0,849814.7103970228,2374226.914238684,0,168
SUB_10255,SUB_HIFLD_523,meso_SUB_10255_SUB_HIFLD_523_fwd,60000000.0,1095682.681529967,1095682.6815299673,0,168
SUB_10132,SUB_HIFLD_1297,meso_SUB_10132_SUB_HIFLD_1297_fwd,400000000.0,0.0,0.0,0,168
SUB_10132,SUB_10332,meso_SUB_10132_SUB_10332_fwd,1200000000.0,705436.0451040516,950515.4953789465,0,168
SUB_10132,SUB_10350,meso_SUB_10132_SUB_10350_rev,5000000.0,0.0,0.0,0,168
SUB_10132,WEC_CALN,iface_SUB_10132_WEC_CALN_to_ba,795000000.0,100087461.53496327,100227005.97142681,0,168
SUB_10332,SUB_10132,meso_SUB_10332_SUB_10132_rev,1200000000.0,0.0,0.0,0,168
SUB_10332,SUB_10293,meso_SUB_10332_SUB_10293_rev,1200000000.0,0.0,0.0,0,168
SUB_10350,SUB_10132,meso_SUB_10350_SUB_10132_fwd,5000000.0,5000000.0,5000000.0,168,168
SUB_19241,SUB_19246,meso_SUB_19241_SUB_19246_fwd,150000000.0,0.0,0.0,0,168
SUB_19241,SUB_HIFLD_2356,meso_SUB_19241_SUB_HIFLD_2356_fwd,150000000.0,0.0,0.0,0,168
SUB_10356,SUB_10345,meso_SUB_10356_SUB_10345_rev,60000000.0,0.0,0.0,0,168
SUB_10356,SUB_HIFLD_2184,meso_SUB_10356_SUB_HIFLD_2184_rev,5000000.0,0.0,0.0,0,168
SUB_19229,SUB_19215,meso_SUB_19229_SUB_19215_rev,60000000.0,17021716.096477203,28181630.05088806,0,168
SUB_19229,SUB_19225,meso_SUB_19229_SUB_19225_rev,60000000.0,0.0,0.0,0,168
SUB_19229,SUB_19246,meso_SUB_19229_SUB_19246_fwd,60000000.0,11327888.798621444,17630823.89504011,0,168
SUB_01442,SUB_01440,meso_SUB_01442_SUB_01440_fwd,21495266.944976144,10979868.709993174,21495266.944976144,71,168
SUB_02210,SUB_02201,meso_SUB_02210_SUB_02201_rev,150000000.0,21331819.36319905,150000000.0,8,168
SUB_02210,SUB_02233,meso_SUB_02210_SUB_02233_fwd,450000000.0,21724651.91031074,192699196.82201898,0,168
SUB_02210,SUB_02257,meso_SUB_02210_SUB_02257_fwd,300000000.0,81178465.92703149,98677321.85285115,0,168
SUB_02210,SUB_02264,meso_SUB_02210_SUB_02264_fwd,150000000.0,90605781.38754854,103434119.48655793,0,168
SUB_02210,SUB_02286,meso_SUB_02210_SUB_02286_fwd,150000000.0,25392182.221224498,45451469.408284254,0,168
SUB_02210,SUB_02287,meso_SUB_02210_SUB_02287_fwd,400000000.0,0.0,0.0,0,168
SUB_02210,SUB_02419,meso_SUB_02210_SUB_02419_fwd,400000000.0,7053239.935478495,391786980.54637957,0,168
SUB_02210,SUB_02203,meso_SUB_02210_SUB_02203_rev,150000000.0,5129220.267268299,150000000.0,2,168
SUB_02210,SUB_02408,meso_SUB_02210_SUB_02408_fwd,400000000.0,57302073.03857426,91619342.98550694,0,168
SUB_02210,SUB_02227,meso_SUB_02210_SUB_02227_rev,10468363.385570258,4814318.01917217,6504123.711340206,0,168
SUB_02210,SUB_02267,meso_SUB_02210_SUB_02267_rev,5000000.0,750575.0952951452,1059793.8458944105,0,168
SUB_02210,WEC_CALN,iface_SUB_02210_WEC_CALN_to_ba,1834531636.61443,0.0,0.0,0,168
SUB_16374,SUB_01375,meso_SUB_16374_SUB_01375_rev,60000000.0,2204096.806870321,60000000.0,2,168
SUB_16374,SUB_01432,meso_SUB_16374_SUB_01432_rev,60000000.0,558627.5828453967,1769072.227871295,0,168
SUB_16374,SUB_16209,meso_SUB_16374_SUB_16209_rev,60000000.0,3336344.7034394094,3786598.0241716523,0,168
SUB_16374,SUB_16348,meso_SUB_16374_SUB_16348_rev,60000000.0,52308569.83931111,60000000.0,116,168
SUB_16374,SUB_HIFLD_1135,meso_SUB_16374_SUB_HIFLD_1135_fwd,60000000.0,10900736.215551909,60000000.0,6,168
SUB_16374,SUB_HIFLD_3849,meso_SUB_16374_SUB_HIFLD_3849_fwd,60000000.0,11228441.670315173,60000000.0,1,168
SUB_10373,SUB_10372,meso_SUB_10373_SUB_10372_rev,400000000.0,0.0,0.0,0,168
SUB_10373,WEC_CALN,iface_SUB_10373_WEC_CALN_to_ba,20000000.0,0.0,0.0,0,168
SUB_18249,SUB_08318,meso_SUB_18249_SUB_08318_rev,150000000.0,0.0,0.0,0,168
SUB_18249,SUB_18322,meso_SUB_18249_SUB_18322_rev,5000000.0,289352.7223833297,575257.7634201837,0,168
SUB_01343,SUB_01410,meso_SUB_01343_SUB_01410_fwd,150000000.0,0.0,0.0,0,168
SUB_01343,SUB_01465,meso_SUB_01343_SUB_01465_fwd,300000000.0,0.0,0.0,0,168
SUB_01343,SUB_01216,meso_SUB_01343_SUB_01216_rev,150000000.0,0.0,0.0,0,168
SUB_01343,SUB_01324,meso_SUB_01343_SUB_01324_rev,150000000.0,0.0,0.0,0,168
SUB_08391,SUB_08201,meso_SUB_08391_SUB_08201_rev,150000000.0,1604967.0345180426,41864797.43878866,0,168
SUB_08391,SUB_08339,meso_SUB_08391_SUB_08339_rev,150000000.0,6734991.818979527,52681514.779317,0,168
SUB_08391,SUB_08353,meso_SUB_08391_SUB_08353_rev,150000000.0,6885803.298911659,54175256.7251933,0,168
SUB_08391,SUB_08295,meso_SUB_08391_SUB_08295_rev,139728152.01776853,0.0,0.0,0,168
SUB_02233,SUB_02201,meso_SUB_02233_SUB_02201_rev,150000000.0,0.0,0.0,0,168
SUB_02233,SUB_02203,meso_SUB_02233_SUB_02203_rev,450000000.0,0.0,0.0,0,168
SUB_02233,SUB_02210,meso_SUB_02233_SUB_02210_rev,450000000.0,0.0,0.0,0,168
SUB_02233,SUB_02287,meso_SUB_02233_SUB_02287_fwd,300000000.0,0.0,0.0,0,168
SUB_02233,SUB_02280,meso_SUB_02233_SUB_02280_fwd,150000000.0,10992437.075854365,150000000.0,3,168
SUB_02233,SUB_02249,meso_SUB_02233_SUB_02249_rev,5000000.0,0.0,0.0,0,168
SUB_02203,SUB_02201,meso_SUB_02203_SUB_02201_rev,450000000.0,12118337.62766545,69688109.53242986,0,168
SUB_02203,SUB_02233,meso_SUB_02203_SUB_02233_fwd,450000000.0,17531650.629683908,90157965.43832143,0,168
SUB_02203,SUB_02280,meso_SUB_02203_SUB_02280_fwd,150000000.0,133682663.35014053,150000000.0,93,168
SUB_02203,SUB_01216,meso_SUB_02203_SUB_01216_rev,400000000.0,0.0,0.0,0,168
SUB_02203,SUB_02210,meso_SUB_02203_SUB_02210_fwd,150000000.0,2237332.221699471,150000000.0,1,168
SUB_25440,SUB_25468,meso_SUB_25440_SUB_25468_fwd,5000000.0,0.0,0.0,0,168
SUB_04230,SUB_04202,meso_SUB_04230_SUB_04202_rev,60000000.0,20759820.85573235,51760858.192191646,0,168
SUB_04230,SUB_04246,meso_SUB_04230_SUB_04246_fwd,60000000.0,12776643.45885002,15687628.740133699,0,168
SUB_04230,SUB_04337,meso_SUB_04230_SUB_04337_fwd,800000000.0,0.0,0.0,0,168
SUB_04230,SUB_06364,meso_SUB_04230_SUB_06364_fwd,860000000.0,0.0,0.0,0,168
SUB_04230,SUB_06270,meso_SUB_04230_SUB_06270_fwd,150000000.0,0.0,0.0,0,168
SUB_04230,SUB_06359,meso_SUB_04230_SUB_06359_fwd,400000000.0,31117.63779277637,5227763.1491864305,0,168
SUB_04230,WEC_CALN,iface_SUB_04230_WEC_CALN_to_ba,20000000.0,0.0,0.0,0,168
SUB_06203,SUB_06204,meso_SUB_06203_SUB_06204_fwd,150000000.0,0.0,0.0,0,168
SUB_06203,SUB_06368,meso_SUB_06203_SUB_06368_fwd,150000000.0,0.0,0.0,0,168
SUB_06203,SUB_15215,meso_SUB_06203_SUB_15215_fwd,210000000.0,0.0,0.0,0,168
SUB_06203,SUB_06272,meso_SUB_06203_SUB_06272_fwd,300000000.0,5063087.062494507,11518616.758420825,0,168
SUB_06203,SUB_06317,meso_SUB_06203_SUB_06317_fwd,150000000.0,177390.43791975884,17025049.71338417,0,168
SUB_06203,SUB_06344,meso_SUB_06203_SUB_06344_fwd,60000000.0,0.0,0.0,0,168
SUB_04203,SUB_04201,meso_SUB_04203_SUB_04201_rev,150000000.0,0.0,0.0,0,168
SUB_25269,SUB_25219,meso_SUB_25269_SUB_25219_rev,80000000.0,44384215.241068885,45050023.9982605,0,168
SUB_16380,SUB_HIFLD_30,meso_SUB_16380_SUB_HIFLD_30_fwd,150000000.0,0.0,0.0,0,168
SUB_25353,SUB_25270,meso_SUB_25353_SUB_25270_rev,60000000.0,0.0,0.0,0,168
SUB_04272,SUB_04202,meso_SUB_04272_SUB_04202_rev,150000000.0,4108181.1644791565,33307215.488079898,0,168
SUB_04272,SUB_04329,meso_SUB_04272_SUB_04329_fwd,150000000.0,8864293.8617903,43833184.75153028,0,168
SUB_04272,SUB_04337,meso_SUB_04272_SUB_04337_fwd,300000000.0,0.0,0.0,0,168
SUB_16261,SUB_16247,meso_SUB_16261_SUB_16247_rev,150000000.0,815699.7577619482,39358059.87369141,0,168
SUB_16261,SUB_16267,meso_SUB_16261_SUB_16267_fwd,60000000.0,12388954.393099125,53587841.947370864,0,168
SUB_16261,SUB_16270,meso_SUB_16261_SUB_16270_fwd,150000000.0,3356100.003698153,37603867.61407794,0,168
SUB_16261,SUB_16277,meso_SUB_16261_SUB_16277_fwd,150000000.0,0.0,0.0,0,168
SUB_16261,SUB_16357,meso_SUB_16261_SUB_16357_fwd,300000000.0,0.0,0.0,0,168
SUB_16261,SUB_01222,meso_SUB_16261_SUB_01222_rev,150000000.0,137149998.87318236,150000000.0,121,168
SUB_16261,SUB_16282,meso_SUB_16261_SUB_16282_fwd,300000000.0,0.0,0.0,0,168
SUB_16261,SUB_16298,meso_SUB_16261_SUB_16298_fwd,300000000.0,0.0,0.0,0,168
SUB_16261,SUB_HIFLD_2318,meso_SUB_16261_SUB_HIFLD_2318_fwd,150000000.0,4580484.158744405,21446247.52799043,0,168
SUB_01317,SUB_01318,meso_SUB_01317_SUB_01318_fwd,5000000.0,0.0,0.0,0,168
SUB_08202,SUB_08231,meso_SUB_08202_SUB_08231_fwd,60000000.0,35854735.49690169,60000000.0,22,168
SUB_08202,SUB_08337,meso_SUB_08202_SUB_08337_fwd,60000000.0,0.0,0.0,0,168
SUB_08202,SUB_08343,meso_SUB_08202_SUB_08343_fwd,60000000.0,0.0,0.0,0,168
SUB_06312,SUB_04295,meso_SUB_06312_SUB_04295_rev,150000000.0,1660781.8480352846,30820322.95261691,0,168
SUB_06312,SUB_04319,meso_SUB_06312_SUB_04319_rev,150000000.0,4856924.908912643,12529578.350601092,0,168
SUB_06312,SUB_06359,meso_SUB_06312_SUB_06359_fwd,400000000.0,0.0,0.0,0,168
SUB_25370,SUB_25272,meso_SUB_25370_SUB_25272_rev,150000000.0,0.0,0.0,0,168
SUB_25370,SUB_25526,meso_SUB_25370_SUB_25526_fwd,150000000.0,0.0,0.0,0,168
SUB_01423,SUB_01223,meso_SUB_01423_SUB_01223_rev,2000000000.0,8499251.40733631,142419015.7238083,0,168
SUB_01423,SUB_01315,meso_SUB_01423_SUB_01315_rev,120000000.0,15390850.958071763,84083677.99517155,0,168
SUB_01423,SUB_01380,meso_SUB_01423_SUB_01380_rev,1200000000.0,1829465.491783151,122420243.57062961,0,168
SUB_01423,SUB_01440,meso_SUB_01423_SUB_01440_fwd,60000000.0,4399013.897461054,60000000.0,1,168
SUB_01423,SUB_01466,meso_SUB_01423_SUB_01466_fwd,1200000000.0,309769.2805174583,28946391.752577327,0,168
SUB_01423,SUB_01469,meso_SUB_01423_SUB_01469_fwd,400000000.0,0.0,0.0,0,168
SUB_01423,SUB_02419,meso_SUB_01423_SUB_02419_fwd,400000000.0,23004810.230220784,293276308.2132114,0,168
SUB_01423,SUB_01405,meso_SUB_01423_SUB_01405_rev,400000000.0,13578235.11047813,21471135.027384017,0,168
SUB_01423,SUB_01409,meso_SUB_01423_SUB_01409_rev,400000000.0,8594323.255526634,28920731.898901854,0,168
SUB_01423,WEC_CALN,iface_SUB_01423_WEC_CALN_to_ba,620000000.0,0.0,0.0,0,168
SUB_16368,SUB_16223,meso_SUB_16368_SUB_16223_rev,60000000.0,5505996.207099938,8876075.840797063,0,168
SUB_16368,SUB_16315,meso_SUB_16368_SUB_16315_rev,60000000.0,12272208.232469806,16217908.77772082,0,168
SUB_16368,SUB_16319,meso_SUB_16368_SUB_16319_rev,150000000.0,0.0,0.0,0,168
SUB_16368,SUB_16323,meso_SUB_16368_SUB_16323_rev,60000000.0,574857.491060896,14179938.858414348,0,168
SUB_16368,SUB_16328,meso_SUB_16368_SUB_16328_rev,60000000.0,5326563.822521846,8886604.345084276,0,168
SUB_16368,SUB_16348,meso_SUB_16368_SUB_16348_rev,550000000.0,9431096.165384145,71909689.33207119,0,168
SUB_16368,SUB_16371,meso_SUB_16368_SUB_16371_fwd,860000000.0,5990799.730159915,24491897.17400934,0,168
SUB_16368,SUB_16372,meso_SUB_16368_SUB_16372_fwd,60000000.0,35636903.50276917,59359144.49222486,0,168
SUB_16368,SUB_HIFLD_2043,meso_SUB_16368_SUB_HIFLD_2043_fwd,60000000.0,4222035.730627305,6089897.641062243,0,168
SUB_16368,SUB_HIFLD_4127,meso_SUB_16368_SUB_HIFLD_4127_fwd,450000000.0,0.0,0.0,0,168
SUB_16368,SUB_HIFLD_595,meso_SUB_16368_SUB_HIFLD_595_fwd,400000000.0,35848506.0707589,144300147.99268085,0,168
SUB_16368,SUB_HIFLD_597,meso_SUB_16368_SUB_HIFLD_597_fwd,150000000.0,0.0,0.0,0,168
SUB_16368,WEC_CALN,iface_SUB_16368_WEC_CALN_to_ba,20000000.0,0.0,0.0,0,168
SUB_02264,SUB_02210,meso_SUB_02264_SUB_02210_rev,150000000.0,0.0,0.0,0,168
SUB_02264,SUB_02286,meso_SUB_02264_SUB_02286_fwd,150000000.0,0.0,0.0,0,168
SUB_02264,SUB_02258,meso_SUB_02264_SUB_02258_rev,5000000.0,1663697.1681095774,2313402.06185567,0,168
SUB_02264,SUB_02250,meso_SUB_02264_SUB_02250_rev,5000000.0,1993884.9824166617,2490721.7124073775,0,168
SUB_02264,SUB_02251,meso_SUB_02264_SUB_02251_rev,5000000.0,785029.2112175366,988659.8252758537,0,168
SUB_02264,SUB_02226,meso_SUB_02264_SUB_02226_rev,58559283.17232112,25436122.39427525,25505154.63917526,0,168
SUB_02264,SUB_02268,meso_SUB_02264_SUB_02268_rev,5000000.0,1161730.7129243335,1596907.2794176869,0,168
SUB_02264,SUB_02247,meso_SUB_02264_SUB_02247_rev,5000000.0,1998512.006449711,2537113.4649846973,0,168
SUB_02264,SUB_02285,meso_SUB_02264_SUB_02285_rev,5000000.0,344417.5550032903,448453.63970884343,0,168
SUB_02264,SUB_02260,meso_SUB_02264_SUB_02260_rev,5000000.0,920845.6928026577,1151546.4074832876,0,168
SUB_02264,SUB_02259,meso_SUB_02264_SUB_02259_rev,5000000.0,2106100.4513200736,2763917.525773196,0,168
SUB_08292,SUB_08225,meso_SUB_08292_SUB_08225_rev,150000000.0,20563567.631800428,84282001.46484375,0,168
SUB_08292,SUB_08343,meso_SUB_08292_SUB_08343_fwd,150000000.0,0.0,0.0,0,168
SUB_10333,SUB_10260,meso_SUB_10333_SUB_10260_rev,60000000.0,0.0,0.0,0,168
SUB_10333,SUB_10334,meso_SUB_10333_SUB_10334_fwd,60000000.0,13322744.456268929,18380194.51745896,0,168
SUB_06272,SUB_06203,meso_SUB_06272_SUB_06203_rev,300000000.0,0.0,0.0,0,168
SUB_06272,SUB_06319,meso_SUB_06272_SUB_06319_fwd,300000000.0,195887.46649026568,7147058.362479725,0,168
SUB_25236,SUB_25271,meso_SUB_25236_SUB_25271_fwd,60000000.0,30172678.471313834,43049486.423767716,0,168
SUB_25236,SUB_25366,meso_SUB_25236_SUB_25366_fwd,60000000.0,6156215.44828661,14835051.97505361,0,168
SUB_25236,SUB_25367,meso_SUB_25236_SUB_25367_fwd,60000000.0,24182526.34508633,60000000.0,50,168
SUB_25236,SUB_25441,meso_SUB_25236_SUB_25441_fwd,60000000.0,29189117.5838528,60000000.0,72,168
SUB_25236,SUB_25315,meso_SUB_25236_SUB_25315_fwd,150000000.0,2774185.1069840887,7179381.533750554,0,168
SUB_01202,SUB_01353,meso_SUB_01202_SUB_01353_fwd,150000000.0,16524804.890594676,62673833.56766363,0,168
SUB_01202,SUB_01430,meso_SUB_01202_SUB_01430_fwd,150000000.0,52173305.68297267,83339802.85680209,0,168
SUB_01202,SUB_01445,meso_SUB_01202_SUB_01445_fwd,300000000.0,0.0,0.0,0,168
SUB_01202,SUB_01216,meso_SUB_01202_SUB_01216_fwd,150000000.0,0.0,0.0,0,168
SUB_01202,SUB_01324,meso_SUB_01202_SUB_01324_fwd,300000000.0,0.0,0.0,0,168
SUB_04221,SUB_04248,meso_SUB_04221_SUB_04248_fwd,60000000.0,0.0,0.0,0,168
SUB_04221,SUB_04320,meso_SUB_04221_SUB_04320_fwd,60000000.0,0.0,0.0,0,168
SUB_06288,SUB_06202,meso_SUB_06288_SUB_06202_rev,60000000.0,15021322.690289434,60000000.0,5,168
SUB_06288,SUB_06283,meso_SUB_06288_SUB_06283_rev,60000000.0,8063755.492361801,17710235.304441724,0,168
SUB_06288,SUB_10274,meso_SUB_06288_SUB_10274_fwd,120000000.0,6195304.397951613,20939972.7404466,0,168
SUB_01405,SUB_01423,meso_SUB_01405_SUB_01423_fwd,400000000.0,0.0,0.0,0,168
SUB_25316,SUB_25289,meso_SUB_25316_SUB_25289_rev,80000000.0,0.0,0.0,0,168
SUB_25316,SUB_25344,meso_SUB_25316_SUB_25344_fwd,60000000.0,926952.2909410156,8513401.884885179,0,168
SUB_25316,SUB_25393,meso_SUB_25316_SUB_25393_fwd,150000000.0,6668096.181745007,27116690.531970605,0,168
SUB_16301,SUB_16216,meso_SUB_16301_SUB_16216_rev,120000000.0,0.0,0.0,0,168
SUB_16301,SUB_16334,meso_SUB_16301_SUB_16334_fwd,120000000.0,771225.8454973099,5101105.864398447,0,168
SUB_16301,SUB_16354,meso_SUB_16301_SUB_16354_fwd,120000000.0,3735003.852095157,6925773.416106234,0,168
SUB_16301,SUB_15361,meso_SUB_16301_SUB_15361_rev,60000000.0,15571246.888303302,31115135.382611416,0,168
SUB_15249,SUB_15218,meso_SUB_15249_SUB_15218_rev,60000000.0,0.0,0.0,0,168
SUB_15249,SUB_15224,meso_SUB_15249_SUB_15224_rev,60000000.0,7856060.499406711,17551280.944285806,0,168
SUB_15249,SUB_15243,meso_SUB_15249_SUB_15243_rev,60000000.0,1780541.251129086,11503645.553532105,0,168
SUB_15249,SUB_15246,meso_SUB_15249_SUB_15246_rev,60000000.0,49641032.59135421,60000000.0,65,168
SUB_04309,SUB_04201,meso_SUB_04309_SUB_04201_rev,120000000.0,0.0,0.0,0,168
SUB_04309,SUB_04248,meso_SUB_04309_SUB_04248_rev,60000000.0,0.0,0.0,0,168
SUB_10324,SUB_10325,meso_SUB_10324_SUB_10325_fwd,150000000.0,11490.18700532644,367546.26137484337,0,168
SUB_25410,SUB_25256,meso_SUB_25410_SUB_25256_rev,300000000.0,14004640.150354568,45898241.650775,0,168
SUB_25410,SUB_25536,meso_SUB_25410_SUB_25536_fwd,300000000.0,7134614.175060587,30497902.942610938,0,168
SUB_15201,SUB_15233,meso_SUB_15201_SUB_15233_fwd,60000000.0,0.0,0.0,0,168
SUB_15201,SUB_15285,meso_SUB_15201_SUB_15285_fwd,60000000.0,0.0,0.0,0,168
SUB_15201,SUB_15373,meso_SUB_15201_SUB_15373_fwd,60000000.0,8611785.853600273,19359718.61690083,0,168
SUB_15366,SUB_15276,meso_SUB_15366_SUB_15276_fwd,18598809.471895237,0.0,0.0,0,168
SUB_04337,SUB_01467,meso_SUB_04337_SUB_01467_rev,400000000.0,0.0,0.0,0,168
SUB_04337,SUB_04212,meso_SUB_04337_SUB_04212_rev,60000000.0,997813.60911808,1269072.2121405848,0,168
SUB_04337,SUB_04230,meso_SUB_04337_SUB_04230_rev,800000000.0,49687.773321671884,2937071.211972288,0,168
SUB_04337,SUB_04248,meso_SUB_04337_SUB_04248_rev,950000000.0,0.0,0.0,0,168
SUB_04337,SUB_04256,meso_SUB_04337_SUB_04256_rev,1200000000.0,0.0,0.0,0,168
SUB_04337,SUB_04263,meso_SUB_04337_SUB_04263_rev,60000000.0,21910865.358128197,31943129.67419409,0,168
SUB_04337,SUB_04272,meso_SUB_04337_SUB_04272_rev,300000000.0,35622691.51656984,111667737.91528554,0,168
SUB_04337,SUB_04307,meso_SUB_04337_SUB_04307_rev,120000000.0,9171628.246953456,14952577.193741946,0,168
SUB_04337,SUB_04349,meso_SUB_04337_SUB_04349_fwd,150000000.0,15820385.263211694,25272086.468750414,0,168
SUB_04337,SUB_04318,meso_SUB_04337_SUB_04318_rev,150000000.0,33583650.126850404,47049028.90724638,0,168
SUB_04337,SUB_06359,meso_SUB_04337_SUB_06359_fwd,400000000.0,551061.1848758584,51639723.69162733,0,168
SUB_04337,WEC_CALN,iface_SUB_04337_WEC_CALN_to_ba,3810000000.0,0.0,0.0,0,168
SUB_25355,SUB_25290,meso_SUB_25355_SUB_25290_rev,150000000.0,0.0,0.0,0,168
SUB_25355,SUB_25400,meso_SUB_25355_SUB_25400_fwd,300000000.0,0.0,0.0,0,168
SUB_25355,SUB_25454,meso_SUB_25355_SUB_25454_fwd,150000000.0,0.0,0.0,0,168
SUB_10283,SUB_10291,meso_SUB_10283_SUB_10291_fwd,150000000.0,0.0,0.0,0,168
SUB_10283,SUB_10308,meso_SUB_10283_SUB_10308_fwd,300000000.0,107829076.89121196,146639871.25773582,0,168
SUB_10283,SUB_10375,meso_SUB_10283_SUB_10375_fwd,150000000.0,0.0,0.0,0,168
SUB_10283,SUB_10303,meso_SUB_10283_SUB_10303_rev,7114514.014387254,0.0,0.0,0,168
SUB_01424,SUB_01450,meso_SUB_01424_SUB_01450_fwd,5000000.0,0.0,0.0,0,168
SUB_18281,SUB_18206,meso_SUB_18281_SUB_18206_rev,150000000.0,0.0,0.0,0,168
SUB_18281,SUB_18267,meso_SUB_18281_SUB_18267_rev,150000000.0,0.0,0.0,0,168
SUB_18281,SUB_18282,meso_SUB_18281_SUB_18282_fwd,150000000.0,0.0,0.0,0,168
SUB_18281,SUB_18303,meso_SUB_18281_SUB_18303_fwd,150000000.0,29619137.584501613,35851840.1248363,0,168
SUB_01350,SUB_01223,meso_SUB_01350_SUB_01223_rev,150000000.0,0.0,0.0,0,168
SUB_01350,SUB_01222,meso_SUB_01350_SUB_01222_rev,150000000.0,0.0,0.0,0,168
SUB_10353,SUB_10293,meso_SUB_10353_SUB_10293_rev,120000000.0,2031710.2569628146,24939616.136845857,0,168
SUB_10353,SUB_10357,meso_SUB_10353_SUB_10357_fwd,60000000.0,9326759.277141497,13796907.342340529,0,168
SUB_25268,SUB_25270,meso_SUB_25268_SUB_25270_fwd,60000000.0,23792188.44657676,60000000.0,61,168
SUB_25268,SUB_25295,meso_SUB_25268_SUB_25295_fwd,60000000.0,12050338.42012366,28364470.795148842,0,168
SUB_25268,SUB_25360,meso_SUB_25268_SUB_25360_fwd,60000000.0,19924286.623631727,38506206.84660714,0,168
SUB_25268,SUB_25393,meso_SUB_25268_SUB_25393_fwd,400000000.0,678214.5444091936,30631438.055122584,0,168
SUB_25268,SUB_25412,meso_SUB_25268_SUB_25412_fwd,400000000.0,34065031.71776097,118518377.09737472,0,168
SUB_04201,SUB_04248,meso_SUB_04201_SUB_04248_fwd,150000000.0,0.0,0.0,0,168
SUB_04201,SUB_04299,meso_SUB_04201_SUB_04299_fwd,150000000.0,0.0,0.0,0,168
SUB_04201,SUB_04309,meso_SUB_04201_SUB_04309_fwd,120000000.0,0.0,0.0,0,168
SUB_04201,SUB_04203,meso_SUB_04201_SUB_04203_fwd,150000000.0,19965374.41727456,26957732.96552835,0,168
SUB_25208,SUB_25244,meso_SUB_25208_SUB_25244_fwd,80000000.0,92689.69412388836,2128866.054102318,0,168
SUB_25208,SUB_25278,meso_SUB_25208_SUB_25278_fwd,160000000.0,0.0,0.0,0,168
SUB_25208,SUB_25314,meso_SUB_25208_SUB_25314_fwd,80000000.0,85040.33457372607,117537.90943892961,0,168
SUB_25208,SUB_25421,meso_SUB_25208_SUB_25421_fwd,160000000.0,355895.1415314929,3631168.432057026,0,168
SUB_25208,SUB_25424,meso_SUB_25208_SUB_25424_fwd,300000000.0,5152.43177268806,865608.5378115941,0,168
SUB_08367,SUB_08348,meso_SUB_08367_SUB_08348_rev,150000000.0,33515404.927361876,47997939.15109536,0,168
SUB_08367,SUB_08361,meso_SUB_08367_SUB_08361_fwd,189035104.78279543,0.0,0.0,0,168
SUB_02201,SUB_02203,meso_SUB_02201_SUB_02203_fwd,450000000.0,0.0,0.0,0,168
SUB_02201,SUB_02210,meso_SUB_02201_SUB_02210_fwd,150000000.0,0.0,0.0,0,168
SUB_02201,SUB_02233,meso_SUB_02201_SUB_02233_fwd,150000000.0,0.0,0.0,0,168
SUB_02201,SUB_02280,meso_SUB_02201_SUB_02280_fwd,150000000.0,13024858.849585095,126693254.70088148,0,168
SUB_02201,SUB_02261,meso_SUB_02201_SUB_02261_rev,9856892.420829581,4078310.4813678265,4082474.2268041237,0,168
SUB_02201,SUB_02248,meso_SUB_02201_SUB_02248_rev,5000000.0,1274296.901480029,1765979.4443661405,0,168
SUB_02201,SUB_02228,meso_SUB_02201_SUB_02228_rev,8691960.55705817,99975.45597186906,4375257.8578044465,0,168
SUB_02201,SUB_02255,meso_SUB_02201_SUB_02255_rev,5000000.0,1282080.3518882706,2793814.4959125323,0,168
SUB_02201,SUB_02239,meso_SUB_02201_SUB_02239_rev,5000000.0,1556617.1482256597,1989690.784572326,0,168
SUB_02201,SUB_02207,meso_SUB_02201_SUB_02207_rev,12221010.547832375,5177837.981203929,6541237.113402062,0,168
SUB_25253,SUB_25252,meso_SUB_25253_SUB_25252_rev,60000000.0,35745.618275233675,250889.9154663086,0,168
SUB_25217,SUB_25224,meso_SUB_25217_SUB_25224_fwd,300000000.0,8479353.211409753,50750020.43867401,0,168
SUB_25217,SUB_25266,meso_SUB_25217_SUB_25266_fwd,60000000.0,10887455.287832692,24876288.902636655,0,168
SUB_25217,SUB_HIFLD_3503,meso_SUB_25217_SUB_HIFLD_3503_fwd,150000000.0,0.0,0.0,0,168
SUB_25217,SUB_25400,meso_SUB_25217_SUB_25400_fwd,300000000.0,21412637.46228948,46057856.90434922,0,168
SUB_25217,SUB_25412,meso_SUB_25217_SUB_25412_fwd,150000000.0,0.0,0.0,0,168
SUB_01467,SUB_01210,meso_SUB_01467_SUB_01210_rev,300000000.0,79072746.16949098,141262453.01819688,0,168
SUB_01467,SUB_01250,meso_SUB_01467_SUB_01250_rev,300000000.0,0.0,0.0,0,168
SUB_01467,SUB_01380,meso_SUB_01467_SUB_01380_rev,400000000.0,1169362.756064241,41235751.70419727,0,168
SUB_01467,SUB_01392,meso_SUB_01467_SUB_01392_rev,120000000.0,0.0,0.0,0,168
SUB_01467,SUB_01410,meso_SUB_01467_SUB_01410_rev,150000000.0,0.0,0.0,0,168
SUB_01467,SUB_01426,meso_SUB_01467_SUB_01426_rev,150000000.0,0.0,0.0,0,168
SUB_01467,SUB_01465,meso_SUB_01467_SUB_01465_rev,400000000.0,0.0,0.0,0,168
SUB_01467,SUB_04205,meso_SUB_01467_SUB_04205_fwd,400000000.0,2991948.887447176,47443924.99815253,0,168
SUB_01467,SUB_04248,meso_SUB_01467_SUB_04248_fwd,400000000.0,121891.37963498062,9942264.754719492,0,168
SUB_01467,SUB_04325,meso_SUB_01467_SUB_04325_fwd,800000000.0,1309624.1682989239,24741500.88595361,0,168
SUB_01467,SUB_04337,meso_SUB_01467_SUB_04337_fwd,400000000.0,4658641.930363328,97578302.46879527,0,168
SUB_01467,SUB_06380,meso_SUB_01467_SUB_06380_fwd,150000000.0,0.0,0.0,0,168
SUB_01467,SUB_01216,meso_SUB_01467_SUB_01216_rev,400000000.0,139748.66679238662,23477776.021120954,0,168
SUB_01467,SUB_01284,meso_SUB_01467_SUB_01284_rev,300000000.0,507261.5017654501,755670.1188234938,0,168
SUB_01467,SUB_01347,meso_SUB_01467_SUB_01347_rev,150000000.0,42938089.82581125,52633060.81235356,0,168
SUB_01467,SUB_04204,meso_SUB_01467_SUB_04204_fwd,800000000.0,0.0,0.0,0,168
SUB_01467,WEC_CALN,iface_SUB_01467_WEC_CALN_to_ba,20000000.0,0.0,0.0,0,168
SUB_01303,SUB_01311,meso_SUB_01303_SUB_01311_fwd,5000000.0,0.0,0.0,0,168
SUB_25441,SUB_25236,meso_SUB_25441_SUB_25236_rev,60000000.0,1204674.6039638782,42196545.55903039,0,168
SUB_25441,SUB_25270,meso_SUB_25441_SUB_25270_rev,480000000.0,8427525.832969757,33201757.163372234,0,168
SUB_25441,SUB_25412,meso_SUB_25441_SUB_25412_rev,400000000.0,1605970.6548424356,69845914.56258275,0,168
SUB_25441,SUB_25237,meso_SUB_25441_SUB_25237_rev,31938501.76585276,24739947.98971389,31938501.76585276,9,168
SUB_25441,WEC_CALN,iface_SUB_25441_WEC_CALN_to_ba,628061498.2341472,0.0,0.0,0,168
SUB_18267,SUB_18206,meso_SUB_18267_SUB_18206_rev,300000000.0,0.0,0.0,0,168
SUB_18267,SUB_18263,meso_SUB_18267_SUB_18263_rev,150000000.0,0.0,0.0,0,168
SUB_18267,SUB_18281,meso_SUB_18267_SUB_18281_fwd,150000000.0,0.0,0.0,0,168
SUB_18267,SUB_18282,meso_SUB_18267_SUB_18282_fwd,300000000.0,0.0,0.0,0,168
SUB_08284,SUB_18358,meso_SUB_08284_SUB_18358_fwd,60000000.0,1303437.897267912,1887983.5847410057,0,168
SUB_08284,SUB_08362,meso_SUB_08284_SUB_08362_fwd,10460594.768392568,0.0,0.0,0,168
SUB_25228,SUB_25235,meso_SUB_25228_SUB_25235_fwd,300000000.0,0.0,0.0,0,168
SUB_25228,SUB_25270,meso_SUB_25228_SUB_25270_fwd,150000000.0,0.0,0.0,0,168
SUB_25228,SUB_25373,meso_SUB_25228_SUB_25373_fwd,150000000.0,1007641.7055879682,56138145.084971,0,168
SUB_15256,SUB_15246,meso_SUB_15256_SUB_15246_rev,60000000.0,0.0,0.0,0,168
SUB_15256,SUB_15258,meso_SUB_15256_SUB_15258_fwd,60000000.0,13371421.564905033,32603581.91324048,0,168
SUB_25359,SUB_25367,meso_SUB_25359_SUB_25367_fwd,150000000.0,4599973.633349844,14603462.391496472,0,168
SUB_15216,SUB_15246,meso_SUB_15216_SUB_15246_fwd,6285071.521919287,0.0,0.0,0,168
SUB_08231,SUB_08201,meso_SUB_08231_SUB_08201_rev,60000000.0,20256747.35175957,49748000.244140625,0,168
SUB_08231,SUB_08202,meso_SUB_08231_SUB_08202_rev,60000000.0,0.0,0.0,0,168
SUB_06359,SUB_04205,meso_SUB_06359_SUB_04205_rev,400000000.0,0.0,0.0,0,168
SUB_06359,SUB_04230,meso_SUB_06359_SUB_04230_rev,400000000.0,0.0,0.0,0,168
SUB_06359,SUB_04325,meso_SUB_06359_SUB_04325_rev,400000000.0,0.0,0.0,0,168
SUB_06359,SUB_04337,meso_SUB_06359_SUB_04337_rev,400000000.0,0.0,0.0,0,168
SUB_06359,SUB_06312,meso_SUB_06359_SUB_06312_rev,400000000.0,9071989.054685934,40870275.49983018,0,168
SUB_06359,SUB_06364,meso_SUB_06359_SUB_06364_fwd,400000000.0,0.0,0.0,0,168
SUB_06359,SUB_06368,meso_SUB_06359_SUB_06368_fwd,150000000.0,31098272.62269979,79138631.9914743,0,168
SUB_06359,SUB_HIFLD_30,meso_SUB_06359_SUB_HIFLD_30_fwd,1500000000.0,0.0,0.0,0,168
SUB_06359,SUB_06206,meso_SUB_06359_SUB_06206_rev,42249455.8976127,24012027.267059043,37111340.835413985,0,168
SUB_18201,SUB_08333,meso_SUB_18201_SUB_08333_rev,120000000.0,6605111.159290786,8447021.067589829,0,168
SUB_18201,SUB_18220,meso_SUB_18201_SUB_18220_fwd,60000000.0,9871001.533325635,45215386.715777375,0,168
SUB_18201,SUB_18226,meso_SUB_18201_SUB_18226_fwd,60000000.0,27287753.077927463,39192018.2351238,0,168
SUB_18201,SUB_18233,meso_SUB_18201_SUB_18233_fwd,60000000.0,10274455.963868866,14004124.214722939,0,168
SUB_18201,SUB_18246,meso_SUB_18201_SUB_18246_fwd,150000000.0,1344644.2341418257,4814433.146997825,0,168
SUB_18201,SUB_18273,meso_SUB_18201_SUB_18273_fwd,60000000.0,11774411.131687531,16019134.752905877,0,168
SUB_18201,SUB_18238,meso_SUB_18201_SUB_18238_fwd,300000000.0,0.0,0.0,0,168
SUB_10358,SUB_10284,meso_SUB_10358_SUB_10284_rev,60000000.0,0.0,0.0,0,168
SUB_10358,SUB_10334,meso_SUB_10358_SUB_10334_rev,60000000.0,0.0,0.0,0,168
SUB_10358,SUB_10348,meso_SUB_10358_SUB_10348_rev,60000000.0,0.0,0.0,0,168
SUB_04257,SUB_04209,meso_SUB_04257_SUB_04209_rev,60000000.0,0.0,0.0,0,168
SUB_04257,SUB_04256,meso_SUB_04257_SUB_04256_rev,60000000.0,0.0,0.0,0,168
SUB_04257,SUB_04215,meso_SUB_04257_SUB_04215_rev,60000000.0,0.0,0.0,0,168
SUB_19202,SUB_19218,meso_SUB_19202_SUB_19218_fwd,60000000.0,0.0,0.0,0,168
SUB_19202,SUB_19243,meso_SUB_19202_SUB_19243_fwd,60000000.0,0.0,0.0,0,168
SUB_02404,SUB_02411,meso_SUB_02404_SUB_02411_fwd,60000000.0,5297437.675089161,11444810.851086909,0,168
SUB_02404,SUB_02419,meso_SUB_02404_SUB_02419_fwd,60000000.0,0.0,0.0,0,168
SUB_02259,SUB_02264,meso_SUB_02259_SUB_02264_fwd,5000000.0,0.0,0.0,0,168
SUB_16348,SUB_16230,meso_SUB_16348_SUB_16230_rev,60000000.0,3969450.9411799028,28274450.007497545,0,168
SUB_16348,SUB_16237,meso_SUB_16348_SUB_16237_rev,360000000.0,308883.9082931311,19437364.480580583,0,168
SUB_16348,SUB_16321,meso_SUB_16348_SUB_16321_rev,120000000.0,17370560.592930764,35641195.739363365,0,168
SUB_16348,SUB_16368,meso_SUB_16348_SUB_16368_fwd,550000000.0,0.0,0.0,0,168
SUB_16348,SUB_16374,meso_SUB_16348_SUB_16374_fwd,60000000.0,0.0,0.0,0,168
SUB_16348,SUB_HIFLD_982,meso_SUB_16348_SUB_HIFLD_982_fwd,400000000.0,0.0,0.0,0,168
SUB_16348,SUB_HIFLD_30,meso_SUB_16348_SUB_HIFLD_30_fwd,800000000.0,0.0,0.0,0,168
SUB_16348,WEC_CALN,iface_SUB_16348_WEC_CALN_to_ba,20000000.0,0.0,0.0,0,168
SUB_01204,SUB_01210,meso_SUB_01204_SUB_01210_fwd,150000000.0,0.0,0.0,0,168
SUB_01204,SUB_01211,meso_SUB_01204_SUB_01211_fwd,150000000.0,2544679.5852987426,47887829.5202702,0,168
SUB_04227,SUB_04263,meso_SUB_04227_SUB_04263_fwd,60000000.0,0.0,0.0,0,168
SUB_04227,SUB_04330,meso_SUB_04227_SUB_04330_fwd,60000000.0,0.0,0.0,0,168
SUB_04227,SUB_04349,meso_SUB_04227_SUB_04349_fwd,60000000.0,0.0,0.0,0,168
SUB_10340,WEC_CALN,iface_SUB_10340_WEC_CALN_to_ba,5000000.0,4732142.857142857,5000000.0,159,168
SUB_16329,SUB_16270,meso_SUB_16329_SUB_16270_rev,150000000.0,0.0,0.0,0,168
SUB_16329,SUB_HIFLD_30,meso_SUB_16329_SUB_HIFLD_30_fwd,150000000.0,0.0,0.0,0,168
SUB_01315,SUB_01214,meso_SUB_01315_SUB_01214_rev,120000000.0,373684.86619463575,10738144.707433956,0,168
SUB_01315,SUB_01423,meso_SUB_01315_SUB_01423_fwd,120000000.0,0.0,0.0,0,168
SUB_01315,SUB_01435,meso_SUB_01315_SUB_01435_fwd,60000000.0,0.0,0.0,0,168
SUB_01315,SUB_01450,meso_SUB_01315_SUB_01450_fwd,120000000.0,13679980.781121276,66877522.523523025,0,168
SUB_10217,SUB_10308,meso_SUB_10217_SUB_10308_fwd,150000000.0,0.0,0.0,0,168
SUB_04329,SUB_04202,meso_SUB_04329_SUB_04202_rev,150000000.0,0.0,0.0,0,168
SUB_04329,SUB_04272,meso_SUB_04329_SUB_04272_rev,150000000.0,0.0,0.0,0,168
SUB_04329,SUB_04343,meso_SUB_04329_SUB_04343_fwd,150000000.0,0.0,0.0,0,168
SUB_02406,SUB_02414,meso_SUB_02406_SUB_02414_fwd,60000000.0,7263759.680747894,9182049.353615057,0,168
SUB_02406,SUB_HIFLD_3834,meso_SUB_02406_SUB_HIFLD_3834_fwd,60000000.0,0.0,0.0,0,168
SUB_02410,SUB_02281,meso_SUB_02410_SUB_02281_rev,60000000.0,76724.89786124665,4118307.0231958767,0,168
SUB_02410,SUB_02411,meso_SUB_02410_SUB_02411_fwd,60000000.0,0.0,0.0,0,168
SUB_16372,SUB_16362,meso_SUB_16372_SUB_16362_rev,60000000.0,5983326.0247561205,15155670.228938466,0,168
SUB_16372,SUB_16368,meso_SUB_16372_SUB_16368_rev,60000000.0,0.0,0.0,0,168
SUB_16372,SUB_16370,meso_SUB_16372_SUB_16370_rev,60000000.0,1962895.6920566517,4156701.282619201,0,168
SUB_04265,SUB_04205,meso_SUB_04265_SUB_04205_fwd,41240548.17635174,0.0,0.0,0,168
SUB_25266,SUB_25217,meso_SUB_25266_SUB_25217_rev,60000000.0,3258620.491909071,14902150.924073486,0,168
SUB_08304,SUB_08362,meso_SUB_08304_SUB_08362_fwd,5000000.0,0.0,0.0,0,168
SUB_10335,SUB_10254,meso_SUB_10335_SUB_10254_rev,60000000.0,0.0,0.0,0,168
SUB_10335,SUB_10360,meso_SUB_10335_SUB_10360_fwd,120000000.0,0.0,0.0,0,168
SUB_10335,SUB_HIFLD_4403,meso_SUB_10335_SUB_HIFLD_4403_fwd,60000000.0,4022058.246487436,8686950.20904541,0,168
SUB_18296,SUB_18235,meso_SUB_18296_SUB_18235_fwd,16979831.52959524,0.0,0.0,0,168
SUB_01250,SUB_01252,meso_SUB_01250_SUB_01252_fwd,60000000.0,693581.4912339117,2981736.971725622,0,168
SUB_01250,SUB_01335,meso_SUB_01250_SUB_01335_fwd,60000000.0,2377226.794352216,3765495.7906004456,0,168
SUB_01250,SUB_01467,meso_SUB_01250_SUB_01467_fwd,300000000.0,0.0,0.0,0,168
SUB_01250,SUB_04204,meso_SUB_01250_SUB_04204_fwd,150000000.0,0.0,0.0,0,168
SUB_01250,SUB_01434,meso_SUB_01250_SUB_01434_fwd,150000000.0,8081215.398804369,12441237.365093429,0,168
SUB_06202,SUB_06207,meso_SUB_06202_SUB_06207_fwd,60000000.0,6453740.579479827,46310000.36621094,0,168
SUB_06202,SUB_06283,meso_SUB_06202_SUB_06283_fwd,60000000.0,3321.248962833414,557969.8257560136,0,168
SUB_06202,SUB_06288,meso_SUB_06202_SUB_06288_fwd,60000000.0,543.9824942695082,45863.21312127654,0,168
SUB_10360,SUB_10335,meso_SUB_10360_SUB_10335_rev,120000000.0,2463326.8522307985,2608619.9378967285,0,168
SUB_16311,SUB_16274,meso_SUB_16311_SUB_16274_rev,60000000.0,0.0,0.0,0,168
SUB_25238,SUB_25216,meso_SUB_25238_SUB_25216_rev,60000000.0,0.0,0.0,0,168
SUB_08226,SUB_08201,meso_SUB_08226_SUB_08201_rev,150000000.0,12582256.490604226,46803446.66156572,0,168
SUB_08226,SUB_08225,meso_SUB_08226_SUB_08225_rev,150000000.0,0.0,0.0,0,168
SUB_08226,SUB_08370,meso_SUB_08226_SUB_08370_fwd,150000000.0,31680258.611255225,40928867.741221,0,168
SUB_08226,SUB_HIFLD_2109,meso_SUB_08226_SUB_HIFLD_2109_fwd,150000000.0,0.0,0.0,0,168
SUB_08226,SUB_HIFLD_2126,meso_SUB_08226_SUB_HIFLD_2126_fwd,150000000.0,0.0,0.0,0,168
SUB_08226,SUB_08380,meso_SUB_08226_SUB_08380_fwd,150000000.0,0.0,0.0,0,168
SUB_25340,SUB_25367,meso_SUB_25340_SUB_25367_fwd,150000000.0,0.0,0.0,0,168
SUB_25340,SUB_25537,meso_SUB_25340_SUB_25537_fwd,150000000.0,0.0,0.0,0,168
SUB_04275,SUB_04256,meso_SUB_04275_SUB_04256_rev,120000000.0,0.0,0.0,0,168
SUB_04331,SUB_04214,meso_SUB_04331_SUB_04214_rev,60000000.0,8952.139930599764,1337659.60822885,0,168
SUB_04331,SUB_04271,meso_SUB_04331_SUB_04271_rev,60000000.0,0.0,0.0,0,168
SUB_04331,SUB_04282,meso_SUB_04331_SUB_04282_rev,120000000.0,22457.376852053258,3772839.3111449475,0,168
SUB_04331,SUB_04336,meso_SUB_04331_SUB_04336_fwd,120000000.0,3883662.156928488,6027568.206787109,0,168
SUB_16366,SUB_16283,meso_SUB_16366_SUB_16283_rev,300000000.0,0.0,0.0,0,168
SUB_16366,SUB_16335,meso_SUB_16366_SUB_16335_rev,150000000.0,74530691.57989047,76322680.98730087,0,168
SUB_25349,SUB_25246,meso_SUB_25349_SUB_25246_rev,300000000.0,30138551.797698338,70326336.17395549,0,168
SUB_25349,SUB_25458,meso_SUB_25349_SUB_25458_fwd,150000000.0,0.0,0.0,0,168
SUB_25349,SUB_25526,meso_SUB_25349_SUB_25526_fwd,230000000.0,0.0,0.0,0,168
SUB_25398,SUB_25539,meso_SUB_25398_SUB_25539_fwd,19217110.358198553,0.0,0.0,0,168
SUB_25537,SUB_25231,meso_SUB_25537_SUB_25231_rev,80000000.0,0.0,0.0,0,168
SUB_25537,SUB_25245,meso_SUB_25537_SUB_25245_rev,150000000.0,18196905.797036536,91456019.6545671,0,168
SUB_25537,SUB_25340,meso_SUB_25537_SUB_25340_rev,150000000.0,0.0,0.0,0,168
SUB_25537,SUB_25367,meso_SUB_25537_SUB_25367_rev,150000000.0,0.0,0.0,0,168
SUB_25537,SUB_25404,meso_SUB_25537_SUB_25404_rev,7213094.515688149,3750527.111759477,6751546.580521102,0,168
SUB_15373,SUB_15201,meso_SUB_15373_SUB_15201_rev,60000000.0,0.0,0.0,0,168
SUB_15373,SUB_15215,meso_SUB_15373_SUB_15215_rev,60000000.0,37583.86934372097,6158387.141401617,0,168
SUB_06380,SUB_01467,meso_SUB_06380_SUB_01467_rev,150000000.0,0.0,0.0,0,168
SUB_06380,SUB_04204,meso_SUB_06380_SUB_04204_rev,150000000.0,0.0,0.0,0,168
SUB_06380,SUB_04248,meso_SUB_06380_SUB_04248_rev,300000000.0,1307396.5076601622,69160719.10186808,0,168
SUB_06380,SUB_04328,meso_SUB_06380_SUB_04328_rev,150000000.0,0.0,0.0,0,168
SUB_06380,SUB_06270,meso_SUB_06380_SUB_06270_rev,150000000.0,0.0,0.0,0,168
SUB_06380,SUB_06213,meso_SUB_06380_SUB_06213_rev,150000000.0,1224757.53731744,11887626.852448454,0,168
SUB_18237,SUB_18273,meso_SUB_18237_SUB_18273_fwd,60000000.0,0.0,0.0,0,168
SUB_18237,SUB_18294,meso_SUB_18237_SUB_18294_fwd,60000000.0,1896162.604091796,2341237.1763249035,0,168
SUB_04330,SUB_04215,meso_SUB_04330_SUB_04215_rev,150000000.0,0.0,0.0,0,168
SUB_04330,SUB_04227,meso_SUB_04330_SUB_04227_rev,60000000.0,3031689.2115462334,8238144.329896907,0,168
SUB_04330,SUB_04256,meso_SUB_04330_SUB_04256_rev,150000000.0,0.0,0.0,0,168
SUB_04320,SUB_04221,meso_SUB_04320_SUB_04221_rev,60000000.0,0.0,0.0,0,168
SUB_04320,SUB_04229,meso_SUB_04320_SUB_04229_rev,60000000.0,0.0,0.0,0,168
SUB_04320,SUB_04248,meso_SUB_04320_SUB_04248_rev,60000000.0,0.0,0.0,0,168
SUB_10307,SUB_10297,meso_SUB_10307_SUB_10297_rev,150000000.0,0.0,0.0,0,168
SUB_10307,SUB_10308,meso_SUB_10307_SUB_10308_fwd,300000000.0,619652.7429279687,12610544.95055775,0,168
SUB_10307,SUB_10205,meso_SUB_10307_SUB_10205_rev,150000000.0,1921092.7327563493,9093814.307144007,0,168
SUB_25444,SUB_25235,meso_SUB_25444_SUB_25235_fwd,13966455.852335861,8351988.575015247,13966455.852335861,100,168
SUB_16319,SUB_16368,meso_SUB_16319_SUB_16368_fwd,150000000.0,120099062.48675044,146541998.81403497,0,168
SUB_16319,SUB_16378,meso_SUB_16319_SUB_16378_fwd,150000000.0,0.0,0.0,0,168
SUB_16319,SUB_16298,meso_SUB_16319_SUB_16298_rev,150000000.0,0.0,0.0,0,168
SUB_04335,SUB_04295,meso_SUB_04335_SUB_04295_rev,150000000.0,0.0,0.0,0,168
SUB_04335,SUB_04319,meso_SUB_04335_SUB_04319_rev,150000000.0,0.0,0.0,0,168
SUB_04212,SUB_04263,meso_SUB_04212_SUB_04263_fwd,60000000.0,0.0,0.0,0,168
SUB_04212,SUB_04337,meso_SUB_04212_SUB_04337_fwd,60000000.0,0.0,0.0,0,168
SUB_25400,SUB_25355,meso_SUB_25400_SUB_25355_rev,300000000.0,5074965.492547188,28712149.826521724,0,168
SUB_25400,SUB_HIFLD_3503,meso_SUB_25400_SUB_HIFLD_3503_fwd,150000000.0,0.0,0.0,0,168
SUB_25400,SUB_25217,meso_SUB_25400_SUB_25217_rev,300000000.0,0.0,0.0,0,168
SUB_18255,SUB_18254,meso_SUB_18255_SUB_18254_rev,60000000.0,1397376.6032420387,23623767.328480236,0,168
SUB_18255,SUB_18280,meso_SUB_18255_SUB_18280_fwd,60000000.0,0.0,0.0,0,168
SUB_18255,SUB_18307,meso_SUB_18255_SUB_18307_fwd,60000000.0,5642722.756386416,8311128.021120227,0,168
SUB_08234,SUB_01222,meso_SUB_08234_SUB_01222_rev,400000000.0,5487164.765684024,102674441.321859,0,168
SUB_08234,SUB_08246,meso_SUB_08234_SUB_08246_fwd,300000000.0,26010179.56627416,40189691.98010632,0,168
SUB_08234,SUB_08380,meso_SUB_08234_SUB_08380_fwd,300000000.0,111554892.49255693,215542836.5337409,0,168
SUB_08234,SUB_08389,meso_SUB_08234_SUB_08389_fwd,150000000.0,117623102.28737259,150000000.0,74,168
SUB_16328,SUB_16223,meso_SUB_16328_SUB_16223_rev,60000000.0,0.0,0.0,0,168
SUB_16328,SUB_16368,meso_SUB_16328_SUB_16368_fwd,60000000.0,0.0,0.0,0,168
SUB_16328,SUB_HIFLD_4330,meso_SUB_16328_SUB_HIFLD_4330_fwd,60000000.0,37203.853715999365,510005.97059112234,0,168
SUB_15230,SUB_15232,meso_SUB_15230_SUB_15232_fwd,60000000.0,29351704.46887695,36821000.0,0,168
SUB_15230,SUB_15243,meso_SUB_15230_SUB_15243_fwd,60000000.0,7596143.336986388,15688099.956958972,0,168
SUB_10320,SUB_15374,meso_SUB_10320_SUB_15374_fwd,60000000.0,25705976.850804828,27109982.05947876,0,168
SUB_10284,SUB_10211,meso_SUB_10284_SUB_10211_rev,60000000.0,0.0,0.0,0,168
SUB_10284,SUB_10358,meso_SUB_10284_SUB_10358_fwd,60000000.0,73232.87024940412,2758783.0946617518,0,168
SUB_16302,SUB_16208,meso_SUB_16302_SUB_16208_rev,60000000.0,1354931.008701376,4412371.322789143,0,168
SUB_16302,SUB_16242,meso_SUB_16302_SUB_16242_rev,60000000.0,0.0,0.0,0,168
SUB_15281,SUB_15215,meso_SUB_15281_SUB_15215_rev,60000000.0,60000000.0,60000000.0,168,168
SUB_15281,SUB_15379,meso_SUB_15281_SUB_15379_fwd,120000000.0,0.0,0.0,0,168
SUB_15224,SUB_15228,meso_SUB_15224_SUB_15228_fwd,60000000.0,4429816.9807879785,8775257.60611308,0,168
SUB_15224,SUB_15246,meso_SUB_15224_SUB_15246_fwd,60000000.0,0.0,0.0,0,168
SUB_15224,SUB_15249,meso_SUB_15224_SUB_15249_fwd,60000000.0,0.0,0.0,0,168
SUB_25289,SUB_25316,meso_SUB_25289_SUB_25316_fwd,80000000.0,850124.0046932439,7567010.230624799,0,168
SUB_25289,SUB_25344,meso_SUB_25289_SUB_25344_fwd,60000000.0,6044021.079060473,8620618.316807698,0,168
SUB_25289,SUB_25366,meso_SUB_25289_SUB_25366_fwd,120000000.0,4241373.99771301,14637113.413859889,0,168
SUB_25289,SUB_25367,meso_SUB_25289_SUB_25367_fwd,300000000.0,25846969.46813592,107546820.83279516,0,168
SUB_10293,SUB_10260,meso_SUB_10293_SUB_10260_rev,400000000.0,40271001.61496469,95721410.16964103,0,168
SUB_10293,SUB_10314,meso_SUB_10293_SUB_10314_fwd,1660000000.0,13299376.035879448,18069072.212140586,0,168
SUB_10293,SUB_10326,meso_SUB_10293_SUB_10326_fwd,120000000.0,2663515.2611644664,12594845.67543895,0,168
SUB_10293,SUB_10344,meso_SUB_10293_SUB_10344_fwd,150000000.0,209183.03627698522,4201573.905719936,0,168
SUB_10293,SUB_10346,meso_SUB_10293_SUB_10346_fwd,150000000.0,0.0,0.0,0,168
SUB_10293,SUB_10353,meso_SUB_10293_SUB_10353_fwd,120000000.0,48233.455464819526,2234094.7820448773,0,168
SUB_10293,SUB_10354,meso_SUB_10293_SUB_10354_fwd,60000000.0,14768849.990387786,24654639.55279478,0,168
SUB_10293,SUB_10372,meso_SUB_10293_SUB_10372_fwd,400000000.0,0.0,0.0,0,168
SUB_10293,SUB_HIFLD_2171,meso_SUB_10293_SUB_HIFLD_2171_fwd,150000000.0,0.0,0.0,0,168
SUB_10293,SUB_HIFLD_2359,meso_SUB_10293_SUB_HIFLD_2359_fwd,150000000.0,2590651.327168248,3145924.115208842,0,168
SUB_10293,SUB_10332,meso_SUB_10293_SUB_10332_fwd,1200000000.0,0.0,0.0,0,168
SUB_10293,SUB_19243,meso_SUB_10293_SUB_19243_fwd,150000000.0,888888.985331323,25299687.20895383,0,168
SUB_10293,SUB_19246,meso_SUB_10293_SUB_19246_fwd,150000000.0,2369629.902518379,16120512.447989352,0,168
SUB_10293,SUB_HIFLD_2180,meso_SUB_10293_SUB_HIFLD_2180_fwd,150000000.0,261420.66341969263,3483745.0887729106,0,168
SUB_10293,WEC_CALN,iface_SUB_10293_WEC_CALN_to_ba,20000000.0,0.0,0.0,0,168
SUB_15258,SUB_15206,meso_SUB_15258_SUB_15206_rev,120000000.0,653887.7783043442,8809278.60220683,0,168
SUB_15258,SUB_15256,meso_SUB_15258_SUB_15256_rev,60000000.0,0.0,0.0,0,168
SUB_08353,SUB_08283,meso_SUB_08353_SUB_08283_rev,150000000.0,0.0,0.0,0,168
SUB_08353,SUB_08339,meso_SUB_08353_SUB_08339_rev,150000000.0,0.0,0.0,0,168
SUB_08353,SUB_08391,meso_SUB_08353_SUB_08391_fwd,150000000.0,0.0,0.0,0,168
SUB_08353,SUB_08219,meso_SUB_08353_SUB_08219_rev,150000000.0,0.0,0.0,0,168
SUB_25532,SUB_25282,meso_SUB_25532_SUB_25282_rev,80000000.0,0.0,0.0,0,168
SUB_25532,SUB_25339,meso_SUB_25532_SUB_25339_rev,60000000.0,0.0,0.0,0,168
SUB_25532,SUB_25342,meso_SUB_25532_SUB_25342_rev,80000000.0,0.0,0.0,0,168
SUB_02257,SUB_02210,meso_SUB_02257_SUB_02210_rev,300000000.0,0.0,0.0,0,168
SUB_02257,SUB_HIFLD_2049,meso_SUB_02257_SUB_HIFLD_2049_fwd,300000000.0,0.0,0.0,0,168
SUB_01435,SUB_01222,meso_SUB_01435_SUB_01222_rev,150000000.0,1212043.1128421084,111350998.046875,0,168
SUB_01435,SUB_01315,meso_SUB_01435_SUB_01315_rev,60000000.0,4514232.51376853,60000000.0,2,168
SUB_01435,SUB_16277,meso_SUB_01435_SUB_16277_fwd,150000000.0,0.0,0.0,0,168
SUB_01435,SUB_HIFLD_982,meso_SUB_01435_SUB_HIFLD_982_fwd,150000000.0,5961.478021786008,1001528.3076600493,0,168
SUB_04314,SUB_04271,meso_SUB_04314_SUB_04271_fwd,13577784.530380812,13577784.530380812,13577784.530380812,168,168
SUB_25407,SUB_25277,meso_SUB_25407_SUB_25277_rev,150000000.0,0.0,0.0,0,168
SUB_25407,SUB_25297,meso_SUB_25407_SUB_25297_rev,80000000.0,1364908.5839240064,23340685.65634933,0,168
SUB_25407,SUB_25391,meso_SUB_25407_SUB_25391_rev,300000000.0,37764170.31098536,45062888.359777704,0,168
SUB_25407,SUB_25526,meso_SUB_25407_SUB_25526_fwd,400000000.0,0.0,0.0,0,168
SUB_25407,WEC_CALN,iface_SUB_25407_WEC_CALN_to_ba,670000000.0,0.0,0.0,0,168
SUB_18263,SUB_18254,meso_SUB_18263_SUB_18254_rev,60000000.0,54473652.42017772,60000000.0,89,168
SUB_18263,SUB_18260,meso_SUB_18263_SUB_18260_rev,150000000.0,14519123.108503345,31367011.819426548,0,168
SUB_18263,SUB_18267,meso_SUB_18263_SUB_18267_fwd,150000000.0,63508359.47407411,91814432.98969072,0,168
SUB_18263,SUB_18295,meso_SUB_18263_SUB_18295_fwd,150000000.0,0.0,0.0,0,168
SUB_18263,SUB_25255,meso_SUB_18263_SUB_25255_fwd,300000000.0,0.0,0.0,0,168
SUB_18263,SUB_18258,meso_SUB_18263_SUB_18258_rev,80000000.0,10114483.354293704,46517396.97424825,0,168
SUB_18263,SUB_18301,meso_SUB_18263_SUB_18301_fwd,300000000.0,0.0,0.0,0,168
SUB_06213,SUB_06270,meso_SUB_06213_SUB_06270_fwd,150000000.0,6865068.697408925,24177368.408203125,0,168
SUB_06213,SUB_06380,meso_SUB_06213_SUB_06380_fwd,150000000.0,5532457.650886742,24182856.201171875,0,168
SUB_25545,SUB_25395,meso_SUB_25545_SUB_25395_fwd,22185812.29071958,524684.151755668,22185812.29071958,3,168
SUB_16391,SUB_16242,meso_SUB_16391_SUB_16242_rev,400000000.0,46055723.01464246,166958318.83579874,0,168
SUB_16391,SUB_HIFLD_30,meso_SUB_16391_SUB_HIFLD_30_fwd,400000000.0,92417203.74938233,289163000.9765625,0,168
SUB_16391,SUB_HIFLD_597,meso_SUB_16391_SUB_HIFLD_597_fwd,800000000.0,17892279.134156924,186302789.8235005,0,168
SUB_16391,WEC_CALN,iface_SUB_16391_WEC_CALN_to_ba,800000000.0,0.0,0.0,0,168
SUB_15226,SUB_15308,meso_SUB_15226_SUB_15308_fwd,150000000.0,0.0,0.0,0,168
SUB_15226,SUB_HIFLD_597,meso_SUB_15226_SUB_HIFLD_597_fwd,300000000.0,33478834.016745787,74788920.24780273,0,168
SUB_25286,SUB_25365,meso_SUB_25286_SUB_25365_fwd,150000000.0,4572507.731154057,26298736.19998636,0,168
SUB_25286,SUB_25458,meso_SUB_25286_SUB_25458_fwd,150000000.0,0.0,0.0,0,168
SUB_25286,SUB_25456,meso_SUB_25286_SUB_25456_rev,15612131.274744093,12159425.694734018,15612131.274744093,5,168
SUB_10372,SUB_10293,meso_SUB_10372_SUB_10293_rev,400000000.0,25033486.32986868,81331134.1695907,0,168
SUB_10372,SUB_10349,meso_SUB_10372_SUB_10349_rev,60000000.0,0.0,0.0,0,168
SUB_10372,SUB_10355,meso_SUB_10372_SUB_10355_rev,60000000.0,0.0,0.0,0,168
SUB_10372,SUB_10373,meso_SUB_10372_SUB_10373_fwd,400000000.0,734521.6998822208,1078819.54232442,0,168
SUB_10372,SUB_HIFLD_1294,meso_SUB_10372_SUB_HIFLD_1294_fwd,400000000.0,0.0,0.0,0,168
SUB_10372,SUB_HIFLD_1862,meso_SUB_10372_SUB_HIFLD_1862_rev,6658169.239684471,3181466.641331572,4418565.226357878,0,168
SUB_10372,WEC_CALN,iface_SUB_10372_WEC_CALN_to_ba,1473341830.7603154,52009995.782673575,82348758.48051271,0,168
SUB_04209,SUB_04256,meso_SUB_04209_SUB_04256_fwd,60000000.0,0.0,0.0,0,168
SUB_04209,SUB_04257,meso_SUB_04209_SUB_04257_fwd,60000000.0,0.0,0.0,0,168
SUB_04209,SUB_04281,meso_SUB_04209_SUB_04281_fwd,60000000.0,12220382.321749572,15128013.463551704,0,168
SUB_16312,SUB_16242,meso_SUB_16312_SUB_16242_rev,60000000.0,0.0,0.0,0,168
SUB_16312,SUB_16330,meso_SUB_16312_SUB_16330_fwd,60000000.0,0.0,0.0,0,168
SUB_16312,SUB_16362,meso_SUB_16312_SUB_16362_fwd,60000000.0,4395954.679048086,16475257.60611308,0,168
SUB_10291,SUB_10252,meso_SUB_10291_SUB_10252_rev,60000000.0,13050959.584527299,21400694.06642009,0,168
SUB_10291,SUB_10375,meso_SUB_10291_SUB_10375_fwd,150000000.0,121724.59540289079,7757692.194009374,0,168
SUB_10291,SUB_10283,meso_SUB_10291_SUB_10283_rev,150000000.0,112126846.10872568,130439697.96987312,0,168
SUB_10291,SUB_10319,meso_SUB_10291_SUB_10319_rev,5480746.609466204,2478064.6738961567,5014433.146997825,0,168
SUB_01209,SUB_HIFLD_28,meso_SUB_01209_SUB_HIFLD_28_fwd,150000000.0,0.0,0.0,0,168
SUB_01209,SUB_HIFLD_2989,meso_SUB_01209_SUB_HIFLD_2989_fwd,150000000.0,0.0,0.0,0,168
SUB_02401,SUB_02419,meso_SUB_02401_SUB_02419_fwd,300000000.0,0.0,0.0,0,168
SUB_02401,SUB_02426,meso_SUB_02401_SUB_02426_fwd,150000000.0,0.0,0.0,0,168
SUB_02401,SUB_02403,meso_SUB_02401_SUB_02403_fwd,60000000.0,0.0,0.0,0,168
SUB_06317,SUB_06203,meso_SUB_06317_SUB_06203_rev,150000000.0,0.0,0.0,0,168
SUB_06317,SUB_06319,meso_SUB_06317_SUB_06319_fwd,300000000.0,10574434.440638399,15367010.678950043,0,168
SUB_06317,SUB_06368,meso_SUB_06317_SUB_06368_fwd,300000000.0,0.0,0.0,0,168
SUB_08387,SUB_HIFLD_2109,meso_SUB_08387_SUB_HIFLD_2109_fwd,150000000.0,0.0,0.0,0,168
SUB_01222,SUB_01223,meso_SUB_01222_SUB_01223_fwd,550000000.0,0.0,0.0,0,168
SUB_01222,SUB_01435,meso_SUB_01222_SUB_01435_fwd,150000000.0,0.0,0.0,0,168
SUB_01222,SUB_01447,meso_SUB_01222_SUB_01447_fwd,150000000.0,2543621.484615686,40123712.346971646,0,168
SUB_01222,SUB_01472,meso_SUB_01222_SUB_01472_fwd,150000000.0,57795335.853843674,89629447.99360983,0,168
SUB_01222,SUB_08342,meso_SUB_01222_SUB_08342_fwd,300000000.0,68092387.27074373,94341505.53524102,0,168
SUB_01222,SUB_08390,meso_SUB_01222_SUB_08390_fwd,150000000.0,32499752.079734676,76950239.81621522,0,168
SUB_01222,SUB_HIFLD_1423,meso_SUB_01222_SUB_HIFLD_1423_fwd,300000000.0,68764.62956064756,3930634.205611711,0,168
SUB_01222,SUB_HIFLD_2121,meso_SUB_01222_SUB_HIFLD_2121_fwd,300000000.0,32525593.2836755,46175158.81149482,0,168
SUB_01222,SUB_HIFLD_3025,meso_SUB_01222_SUB_HIFLD_3025_fwd,300000000.0,16994707.056232173,114637743.76301092,0,168
SUB_01222,SUB_01350,meso_SUB_01222_SUB_01350_fwd,150000000.0,3696167.98666419,67934017.59826031,0,168
SUB_01222,SUB_01409,meso_SUB_01222_SUB_01409_fwd,800000000.0,0.0,0.0,0,168
SUB_01222,SUB_01440,meso_SUB_01222_SUB_01440_fwd,800000000.0,0.0,0.0,0,168
SUB_01222,SUB_01450,meso_SUB_01222_SUB_01450_fwd,400000000.0,27541454.865825597,65928914.33526079,0,168
SUB_01222,SUB_01469,meso_SUB_01222_SUB_01469_fwd,400000000.0,0.0,0.0,0,168
SUB_01222,SUB_08234,meso_SUB_01222_SUB_08234_fwd,400000000.0,0.0,0.0,0,168
SUB_01222,SUB_08246,meso_SUB_01222_SUB_08246_fwd,300000000.0,713438.8687216188,40189688.833964236,0,168
SUB_01222,SUB_08283,meso_SUB_01222_SUB_08283_fwd,300000000.0,102994613.25907893,212965551.20512938,0,168
SUB_01222,SUB_08361,meso_SUB_01222_SUB_08361_fwd,150000000.0,134534185.68640763,150000000.0,69,168
SUB_01222,SUB_16261,meso_SUB_01222_SUB_16261_fwd,150000000.0,0.0,0.0,0,168
SUB_01222,SUB_HIFLD_2117,meso_SUB_01222_SUB_HIFLD_2117_fwd,150000000.0,0.0,0.0,0,168
SUB_01222,SUB_HIFLD_30,meso_SUB_01222_SUB_HIFLD_30_fwd,800000000.0,0.0,0.0,0,168
SUB_01222,WEC_CALN,iface_SUB_01222_WEC_CALN_to_ba,20000000.0,0.0,0.0,0,168
SUB_01223,SUB_01214,meso_SUB_01223_SUB_01214_rev,120000000.0,2803985.550886097,11651546.769289626,0,168
SUB_01223,SUB_01222,meso_SUB_01223_SUB_01222_rev,550000000.0,0.0,0.0,0,168
SUB_01223,SUB_01350,meso_SUB_01223_SUB_01350_fwd,150000000.0,51643070.61938752,68234022.63208763,0,168
SUB_01223,SUB_01409,meso_SUB_01223_SUB_01409_fwd,400000000.0,0.0,0.0,0,168
SUB_01223,SUB_01423,meso_SUB_01223_SUB_01423_fwd,2000000000.0,0.0,0.0,0,168
SUB_01223,SUB_01440,meso_SUB_01223_SUB_01440_fwd,400000000.0,0.0,0.0,0,168
SUB_01223,SUB_08337,meso_SUB_01223_SUB_08337_fwd,860000000.0,0.0,0.0,0,168
SUB_01223,SUB_HIFLD_30,meso_SUB_01223_SUB_HIFLD_30_fwd,400000000.0,0.0,0.0,0,168
SUB_01223,WEC_CALN,iface_SUB_01223_WEC_CALN_to_ba,20000000.0,0.0,0.0,0,168
SUB_04319,SUB_04295,meso_SUB_04319_SUB_04295_rev,150000000.0,0.0,0.0,0,168
SUB_04319,SUB_04336,meso_SUB_04319_SUB_04336_fwd,150000000.0,0.0,0.0,0,168
SUB_04319,SUB_04335,meso_SUB_04319_SUB_04335_fwd,150000000.0,765888.6382769404,7089690.847495168,0,168
SUB_04319,SUB_06312,meso_SUB_04319_SUB_06312_fwd,150000000.0,0.0,0.0,0,168
SUB_19215,SUB_19229,meso_SUB_19215_SUB_19229_fwd,60000000.0,0.0,0.0,0,168
SUB_19215,SUB_19233,meso_SUB_19215_SUB_19233_fwd,60000000.0,2625582.1323843817,13330913.463936323,0,168
SUB_19215,SUB_19238,meso_SUB_19215_SUB_19238_rev,8490338.119886424,7388450.241557045,8440206.547373349,7,168
SUB_10221,SUB_10225,meso_SUB_10221_SUB_10225_fwd,400000000.0,135464284.42511246,135564486.56845093,0,168
SUB_25221,SUB_25270,meso_SUB_25221_SUB_25270_fwd,80000000.0,0.0,0.0,0,168
SUB_25221,SUB_25276,meso_SUB_25221_SUB_25276_fwd,160000000.0,24878432.748001024,48150644.704691365,0,168
SUB_10345,SUB_10338,meso_SUB_10345_SUB_10338_rev,60000000.0,0.0,0.0,0,168
SUB_10345,SUB_10356,meso_SUB_10345_SUB_10356_fwd,60000000.0,3823649.4374263505,6288659.919660116,0,168
SUB_10345,WEC_CALN,iface_SUB_10345_WEC_CALN_to_ba,5000000.0,5000000.0,5000000.0,168,168
SUB_08370,SUB_08201,meso_SUB_08370_SUB_08201_rev,300000000.0,0.0,0.0,0,168
SUB_08370,SUB_08226,meso_SUB_08370_SUB_08226_rev,150000000.0,0.0,0.0,0,168
SUB_25205,SUB_25455,meso_SUB_25205_SUB_25455_fwd,400000000.0,0.0,0.0,0,168
SUB_04302,SUB_04226,meso_SUB_04302_SUB_04226_rev,60000000.0,1400814.4654651803,2092783.5995389014,0,168
SUB_04302,SUB_04248,meso_SUB_04302_SUB_04248_rev,60000000.0,0.0,0.0,0,168
SUB_16313,SUB_16230,meso_SUB_16313_SUB_16230_fwd,18373501.31462945,0.0,0.0,0,168
SUB_15248,SUB_15269,meso_SUB_15248_SUB_15269_fwd,47906318.3383892,0.0,0.0,0,168
SUB_18301,SUB_18282,meso_SUB_18301_SUB_18282_rev,800000000.0,127132806.46492068,247496786.56498334,0,168
SUB_18301,SUB_18295,meso_SUB_18301_SUB_18295_rev,150000000.0,0.0,0.0,0,168
SUB_18301,SUB_25348,meso_SUB_18301_SUB_25348_fwd,1200000000.0,36785459.122337796,219572161.6776212,0,168
SUB_18301,SUB_25367,meso_SUB_18301_SUB_25367_fwd,2400000000.0,7524053.259735099,373929084.4700526,0,168
SUB_18301,SUB_18263,meso_SUB_18301_SUB_18263_rev,300000000.0,23524131.124889467,114670647.82410362,0,168
SUB_18301,SUB_25346,meso_SUB_18301_SUB_25346_fwd,800000000.0,97882.1011109275,387628.86597938143,0,168
SUB_18301,SUB_25393,meso_SUB_18301_SUB_25393_fwd,800000000.0,126508170.74060908,496868777.33098984,0,168
SUB_18301,WEC_CALN,iface_SUB_18301_WEC_CALN_to_ba,20000000.0,7830159.095910842,20000000.0,65,168
SUB_16335,SUB_16366,meso_SUB_16335_SUB_16366_fwd,150000000.0,0.0,0.0,0,168
SUB_16335,SUB_16378,meso_SUB_16335_SUB_16378_fwd,150000000.0,74592121.48324993,87510684.77966157,0,168
SUB_16335,SUB_16376,meso_SUB_16335_SUB_16376_fwd,150000000.0,14034203.613857385,23387406.337404367,0,168
SUB_01348,SUB_01311,meso_SUB_01348_SUB_01311_fwd,5000000.0,0.0,0.0,0,168
SUB_16365,SUB_16230,meso_SUB_16365_SUB_16230_rev,120000000.0,0.0,0.0,0,168
SUB_16365,SUB_16315,meso_SUB_16365_SUB_16315_rev,60000000.0,0.0,0.0,0,168
SUB_10354,SUB_10293,meso_SUB_10354_SUB_10293_rev,60000000.0,0.0,0.0,0,168
SUB_25453,SUB_25234,meso_SUB_25453_SUB_25234_rev,150000000.0,8611820.351023672,88675706.86971161,0,168
SUB_25453,SUB_25412,meso_SUB_25453_SUB_25412_rev,150000000.0,0.0,0.0,0,168
SUB_15269,SUB_15232,meso_SUB_15269_SUB_15232_rev,150000000.0,0.0,0.0,0,168
SUB_15269,SUB_15246,meso_SUB_15269_SUB_15246_rev,150000000.0,4740151.691740811,26473724.61022204,0,168
SUB_15269,SUB_15270,meso_SUB_15269_SUB_15270_fwd,300000000.0,9488238.016462391,17374072.517316367,0,168
SUB_15269,SUB_15248,meso_SUB_15269_SUB_15248_rev,47906318.3383892,26546477.118460756,40995875.281894326,0,168
SUB_25396,SUB_25285,meso_SUB_25396_SUB_25285_rev,150000000.0,0.0,0.0,0,168
SUB_08380,SUB_08389,meso_SUB_08380_SUB_08389_fwd,150000000.0,0.0,0.0,0,168
SUB_08380,SUB_HIFLD_2126,meso_SUB_08380_SUB_HIFLD_2126_fwd,150000000.0,0.0,0.0,0,168
SUB_08380,SUB_HIFLD_3263,meso_SUB_08380_SUB_HIFLD_3263_fwd,150000000.0,0.0,0.0,0,168
SUB_08380,SUB_08226,meso_SUB_08380_SUB_08226_rev,150000000.0,63916955.58079115,150000000.0,5,168
SUB_08380,SUB_08234,meso_SUB_08380_SUB_08234_rev,300000000.0,0.0,0.0,0,168
SUB_08380,SUB_HIFLD_2117,meso_SUB_08380_SUB_HIFLD_2117_fwd,150000000.0,0.0,0.0,0,168
SUB_08380,SUB_HIFLD_3170,meso_SUB_08380_SUB_HIFLD_3170_fwd,150000000.0,0.0,0.0,0,168
SUB_25245,SUB_25280,meso_SUB_25245_SUB_25280_fwd,80000000.0,31231217.45879379,51911726.15093681,0,168
SUB_25245,SUB_25347,meso_SUB_25245_SUB_25347_fwd,60000000.0,16575.03869876479,1992287.5640711854,0,168
SUB_25245,SUB_25537,meso_SUB_25245_SUB_25537_fwd,150000000.0,0.0,0.0,0,168
SUB_25245,SUB_25539,meso_SUB_25245_SUB_25539_fwd,80000000.0,13714495.622496383,29095249.40590458,0,168
SUB_25245,SUB_HIFLD_1845,meso_SUB_25245_SUB_HIFLD_1845_fwd,60000000.0,0.0,0.0,0,168
SUB_25245,SUB_HIFLD_1851,meso_SUB_25245_SUB_HIFLD_1851_fwd,300000000.0,0.0,0.0,0,168
SUB_25245,SUB_25354,meso_SUB_25245_SUB_25354_rev,8603732.224228721,4960171.345623442,8225773.321721972,0,168
SUB_25272,SUB_25337,meso_SUB_25272_SUB_25337_fwd,80000000.0,52859165.15782705,80000000.0,96,168
SUB_25272,SUB_25364,meso_SUB_25272_SUB_25364_fwd,150000000.0,0.0,0.0,0,168
SUB_25272,SUB_25458,meso_SUB_25272_SUB_25458_fwd,150000000.0,108085915.89484069,150000000.0,58,168
SUB_25272,SUB_25526,meso_SUB_25272_SUB_25526_fwd,600000000.0,71190871.3086547,487634593.60834795,0,168
SUB_25272,SUB_25277,meso_SUB_25272_SUB_25277_fwd,150000000.0,38923426.210615315,150000000.0,7,168
SUB_25272,SUB_25370,meso_SUB_25272_SUB_25370_fwd,150000000.0,50525846.604734406,70107219.70391028,0,168
SUB_25272,SUB_25395,meso_SUB_25272_SUB_25395_fwd,150000000.0,23332063.31686774,105251288.36219859,0,168
SUB_19212,SUB_19233,meso_SUB_19212_SUB_19233_fwd,60000000.0,0.0,0.0,0,168
SUB_18203,SUB_18208,meso_SUB_18203_SUB_18208_fwd,60000000.0,59981882.52347878,60000000.0,167,168
SUB_18203,SUB_18219,meso_SUB_18203_SUB_18219_fwd,60000000.0,5177412.409043388,6737113.682741514,0,168
SUB_15285,SUB_15201,meso_SUB_15285_SUB_15201_rev,60000000.0,24701378.29614029,46326179.98231622,0,168
SUB_15285,SUB_15375,meso_SUB_15285_SUB_15375_fwd,60000000.0,12243397.666969659,60000000.0,1,168
SUB_16242,SUB_16302,meso_SUB_16242_SUB_16302_fwd,60000000.0,3500704.4783973373,7153417.14864482,0,168
SUB_16242,SUB_16307,meso_SUB_16242_SUB_16307_fwd,60000000.0,0.0,0.0,0,168
SUB_16242,SUB_16312,meso_SUB_16242_SUB_16312_fwd,60000000.0,18216562.106521,40810575.85842843,0,168
SUB_16242,SUB_16322,meso_SUB_16242_SUB_16322_fwd,60000000.0,75617.58739174118,4694550.189725491,0,168
SUB_16242,SUB_16330,meso_SUB_16242_SUB_16330_fwd,120000000.0,21121216.081487,38842215.78933111,0,168
SUB_16242,SUB_16391,meso_SUB_16242_SUB_16391_fwd,400000000.0,0.0,0.0,0,168
SUB_16242,SUB_HIFLD_30,meso_SUB_16242_SUB_HIFLD_30_fwd,400000000.0,0.0,0.0,0,168
SUB_16242,WEC_CALN,iface_SUB_16242_WEC_CALN_to_ba,380000000.0,0.0,0.0,0,168
SUB_10357,SUB_10353,meso_SUB_10357_SUB_10353_rev,60000000.0,0.0,0.0,0,168
SUB_25458,SUB_25272,meso_SUB_25458_SUB_25272_rev,150000000.0,0.0,0.0,0,168
SUB_25458,SUB_25286,meso_SUB_25458_SUB_25286_rev,150000000.0,40641064.551420346,74231262.75614338,0,168
SUB_25458,SUB_25349,meso_SUB_25458_SUB_25349_rev,150000000.0,46662731.40717806,94448837.87821645,0,168
SUB_25458,SUB_25526,meso_SUB_25458_SUB_25526_fwd,150000000.0,0.0,0.0,0,168
SUB_01353,SUB_01202,meso_SUB_01353_SUB_01202_rev,150000000.0,0.0,0.0,0,168
SUB_01353,SUB_01380,meso_SUB_01353_SUB_01380_fwd,150000000.0,0.0,0.0,0,168
SUB_01353,SUB_01430,meso_SUB_01353_SUB_01430_fwd,150000000.0,1646066.5155320305,65251533.92475918,0,168
SUB_01353,SUB_01220,meso_SUB_01353_SUB_01220_rev,5000000.0,651788.4300804981,1252577.3589144049,0,168
SUB_01353,SUB_01356,meso_SUB_01353_SUB_01356_rev,5000000.0,341782.76179055695,590721.649484536,0,168
SUB_01374,SUB_01252,meso_SUB_01374_SUB_01252_fwd,5000000.0,0.0,0.0,0,168
SUB_06208,SUB_06381,meso_SUB_06208_SUB_06381_fwd,120000000.0,6763961.593895258,8658762.477599468,0,168
SUB_06208,SUB_06277,meso_SUB_06208_SUB_06277_fwd,22981822.54851424,0.0,0.0,0,168
SUB_19217,SUB_19240,meso_SUB_19217_SUB_19240_fwd,60000000.0,2466232.8403693642,3437113.4708837136,0,168
SUB_19217,SUB_19243,meso_SUB_19217_SUB_19243_fwd,60000000.0,0.0,0.0,0,168
SUB_19217,SUB_HIFLD_273,meso_SUB_19217_SUB_HIFLD_273_fwd,60000000.0,0.0,0.0,0,168
SUB_01365,SUB_01216,meso_SUB_01365_SUB_01216_rev,180000000.0,435528.0882574303,73168718.82724829,0,168
SUB_01365,SUB_01323,meso_SUB_01365_SUB_01323_rev,400000000.0,14395242.091187742,98781673.1811301,0,168
SUB_01365,SUB_01380,meso_SUB_01365_SUB_01380_fwd,400000000.0,295509967.03895515,400000000.0,12,168
SUB_01365,SUB_01432,meso_SUB_01365_SUB_01432_fwd,120000000.0,551938.8296842178,4994430.854477883,0,168
SUB_01365,SUB_01445,meso_SUB_01365_SUB_01445_fwd,150000000.0,7717342.489426212,75634105.34513581,0,168
SUB_01365,SUB_01466,meso_SUB_01365_SUB_01466_fwd,1200000000.0,14298127.41879709,166132924.5481062,0,168
SUB_01365,SUB_06246,meso_SUB_01365_SUB_06246_fwd,150000000.0,51728914.676653825,150000000.0,31,168
SUB_01365,SUB_06364,meso_SUB_01365_SUB_06364_fwd,1200000000.0,214262.76203253257,35996144.02146547,0,168
SUB_01365,SUB_HIFLD_30,meso_SUB_01365_SUB_HIFLD_30_fwd,1200000000.0,74555077.24443933,647274913.5150714,0,168
SUB_01365,SUB_01324,meso_SUB_01365_SUB_01324_rev,150000000.0,260387.53526441738,21170917.024888374,0,168
SUB_01365,SUB_01416,meso_SUB_01365_SUB_01416_fwd,400000000.0,22220611.03667239,36478352.025612116,0,168
SUB_01365,WEC_CALN,iface_SUB_01365_WEC_CALN_to_ba,1377697612.2250001,0.0,0.0,0,168
SUB_08363,SUB_08203,meso_SUB_08363_SUB_08203_rev,150000000.0,0.0,0.0,0,168
SUB_08363,SUB_HIFLD_2121,meso_SUB_08363_SUB_HIFLD_2121_fwd,150000000.0,0.0,0.0,0,168
SUB_08363,SUB_HIFLD_2149,meso_SUB_08363_SUB_HIFLD_2149_fwd,150000000.0,0.0,0.0,0,168
SUB_08363,SUB_HIFLD_3025,meso_SUB_08363_SUB_HIFLD_3025_fwd,150000000.0,0.0,0.0,0,168
SUB_01211,SUB_01201,meso_SUB_01211_SUB_01201_rev,150000000.0,0.0,0.0,0,168
SUB_01211,SUB_01204,meso_SUB_01211_SUB_01204_rev,150000000.0,0.0,0.0,0,168
SUB_01211,SUB_01254,meso_SUB_01211_SUB_01254_fwd,150000000.0,0.0,0.0,0,168
SUB_01211,SUB_01331,meso_SUB_01211_SUB_01331_fwd,60000000.0,15233880.664133066,19381060.701362778,0,168
SUB_15376,SUB_15215,meso_SUB_15376_SUB_15215_rev,60000000.0,878691.5547047704,13652115.234375,0,168
SUB_15376,SUB_15290,meso_SUB_15376_SUB_15290_rev,60000000.0,1645913.7444560523,13316000.0,0,168
SUB_15376,SUB_HIFLD_659,meso_SUB_15376_SUB_HIFLD_659_fwd,60000000.0,0.0,0.0,0,168
SUB_04325,SUB_01467,meso_SUB_04325_SUB_01467_rev,800000000.0,0.0,0.0,0,168
SUB_04325,SUB_04205,meso_SUB_04325_SUB_04205_rev,800000000.0,0.0,0.0,0,168
SUB_04325,SUB_01380,meso_SUB_04325_SUB_01380_rev,400000000.0,87004.20779273623,4977000.8544921875,0,168
SUB_04325,SUB_06359,meso_SUB_04325_SUB_06359_fwd,400000000.0,32285.713559105294,4020000.48828125,0,168
SUB_04325,WEC_CALN,iface_SUB_04325_WEC_CALN_to_ba,20000000.0,0.0,0.0,0,168
SUB_08361,SUB_08203,meso_SUB_08361_SUB_08203_rev,210000000.0,6671422.734768884,42307608.81616734,0,168
SUB_08361,SUB_08342,meso_SUB_08361_SUB_08342_rev,300000000.0,0.0,0.0,0,168
SUB_08361,SUB_01222,meso_SUB_08361_SUB_01222_rev,150000000.0,0.0,0.0,0,168
SUB_08361,SUB_HIFLD_2070,meso_SUB_08361_SUB_HIFLD_2070_fwd,60000000.0,3476962.6718549244,33837124.74240383,0,168
SUB_08361,SUB_HIFLD_3163,meso_SUB_08361_SUB_HIFLD_3163_fwd,150000000.0,984092.5337073369,6253127.654435745,0,168
SUB_08361,SUB_08367,meso_SUB_08361_SUB_08367_rev,189035104.78279543,63762074.631297566,93107181.94704935,0,168
SUB_10325,SUB_10308,meso_SUB_10325_SUB_10308_rev,150000000.0,1818616.416121667,31074059.799634144,0,168
SUB_10325,SUB_15377,meso_SUB_10325_SUB_15377_fwd,120000000.0,46394981.56376216,71579381.31745328,0,168
SUB_10325,SUB_10324,meso_SUB_10325_SUB_10324_rev,150000000.0,3944663.5039444524,7338144.45574259,0,168
SUB_16331,SUB_16230,meso_SUB_16331_SUB_16230_rev,60000000.0,0.0,0.0,0,168
SUB_16331,SUB_16322,meso_SUB_16331_SUB_16322_rev,60000000.0,0.0,0.0,0,168
SUB_25392,SUB_25357,meso_SUB_25392_SUB_25357_rev,150000000.0,0.0,0.0,0,168
SUB_25337,SUB_25272,meso_SUB_25337_SUB_25272_rev,80000000.0,0.0,0.0,0,168
SUB_25337,SUB_25282,meso_SUB_25337_SUB_25282_rev,80000000.0,14070012.87746496,71816316.8321014,0,168
SUB_25337,SUB_25342,meso_SUB_25337_SUB_25342_fwd,80000000.0,20857510.84025982,62890977.251148336,0,168
SUB_25337,SUB_25395,meso_SUB_25337_SUB_25395_fwd,80000000.0,0.0,0.0,0,168
SUB_25337,SUB_25526,meso_SUB_25337_SUB_25526_fwd,400000000.0,0.0,0.0,0,168
SUB_25337,WEC_CALN,iface_SUB_25337_WEC_CALN_to_ba,480000000.0,0.0,0.0,0,168
SUB_06204,SUB_06203,meso_SUB_06204_SUB_06203_rev,150000000.0,1189640.4773357143,17341224.63310017,0,168
SUB_06204,SUB_06313,meso_SUB_06204_SUB_06313_fwd,150000000.0,0.0,0.0,0,168
SUB_06204,SUB_06362,meso_SUB_06204_SUB_06362_fwd,150000000.0,691158.9519967036,36099998.23816044,0,168
SUB_06204,SUB_HIFLD_595,meso_SUB_06204_SUB_HIFLD_595_fwd,150000000.0,0.0,0.0,0,168
SUB_06204,SUB_06867,meso_SUB_06204_SUB_06867_rev,5000000.0,0.0,0.0,0,168
SUB_08325,SUB_08301,meso_SUB_08325_SUB_08301_rev,60000000.0,872016.3332227988,1216494.8296301144,0,168
SUB_08325,SUB_08319,meso_SUB_08325_SUB_08319_rev,150000000.0,0.0,0.0,0,168
SUB_08325,SUB_08362,meso_SUB_08325_SUB_08362_fwd,150000000.0,0.0,0.0,0,168
SUB_08325,SUB_08369,meso_SUB_08325_SUB_08369_fwd,150000000.0,0.0,0.0,0,168
SUB_16288,SUB_16237,meso_SUB_16288_SUB_16237_rev,300000000.0,39220.704985758624,6589078.4376074495,0,168
SUB_16288,SUB_16247,meso_SUB_16288_SUB_16247_rev,150000000.0,0.0,0.0,0,168
SUB_16288,SUB_16267,meso_SUB_16288_SUB_16267_rev,400000000.0,0.0,0.0,0,168
SUB_16288,SUB_HIFLD_1135,meso_SUB_16288_SUB_HIFLD_1135_fwd,1500000000.0,0.0,0.0,0,168
SUB_16288,SUB_HIFLD_30,meso_SUB_16288_SUB_HIFLD_30_fwd,3000000000.0,0.0,0.0,0,168
SUB_10303,SUB_10283,meso_SUB_10303_SUB_10283_fwd,7114514.014387254,6585713.603828581,7114514.014387254,145,168
SUB_25294,SUB_25234,meso_SUB_25294_SUB_25234_rev,300000000.0,37445116.231269486,62087000.15258789,0,168
SUB_25294,SUB_25241,meso_SUB_25294_SUB_25241_rev,160000000.0,23491473.135552533,60910473.75488281,0,168
SUB_01323,SUB_01365,meso_SUB_01323_SUB_01365_fwd,400000000.0,0.0,0.0,0,168
SUB_01323,SUB_01440,meso_SUB_01323_SUB_01440_fwd,1200000000.0,7730746.164629324,63004032.192481376,0,168
SUB_01323,WEC_CALN,iface_SUB_01323_WEC_CALN_to_ba,800000000.0,0.0,0.0,0,168
SUB_25536,SUB_25242,meso_SUB_25536_SUB_25242_rev,150000000.0,665916.627413282,23176752.570601873,0,168
SUB_25536,SUB_25281,meso_SUB_25536_SUB_25281_rev,120000000.0,0.0,0.0,0,168
SUB_25536,SUB_25410,meso_SUB_25536_SUB_25410_rev,300000000.0,70773.0076170591,11889865.27966593,0,168
SUB_25536,SUB_HIFLD_1851,meso_SUB_25536_SUB_HIFLD_1851_fwd,300000000.0,1638828.4634270845,18637965.495751064,0,168
SUB_25242,SUB_25446,meso_SUB_25242_SUB_25446_fwd,150000000.0,89.25991018554657,14995.664911171823,0,168
SUB_25242,SUB_25536,meso_SUB_25242_SUB_25536_fwd,150000000.0,0.0,0.0,0,168
SUB_25242,SUB_HIFLD_1851,meso_SUB_25242_SUB_HIFLD_1851_fwd,150000000.0,1176.5342343436978,197657.75136974122,0,168
SUB_25242,SUB_25231,meso_SUB_25242_SUB_25231_rev,150000000.0,0.0,0.0,0,168
SUB_15233,SUB_15201,meso_SUB_15233_SUB_15201_rev,60000000.0,6314729.977674399,39120566.06768127,0,168
SUB_15233,SUB_15292,meso_SUB_15233_SUB_15292_fwd,60000000.0,0.0,0.0,0,168
SUB_15233,SUB_15375,meso_SUB_15233_SUB_15375_fwd,60000000.0,38601726.26354157,48618028.63574982,0,168
SUB_18274,SUB_08318,meso_SUB_18274_SUB_08318_rev,150000000.0,0.0,0.0,0,168
SUB_18274,SUB_18318,meso_SUB_18274_SUB_18318_rev,5000000.0,1517992.9026330751,1964948.5322617993,0,168
SUB_01321,SUB_01233,meso_SUB_01321_SUB_01233_rev,60000000.0,2559676.166977201,2635683.1970214844,0,168
SUB_01347,SUB_01378,meso_SUB_01347_SUB_01378_fwd,60000000.0,91115.063157352,748453.5767860019,0,168
SUB_01347,SUB_01467,meso_SUB_01347_SUB_01467_fwd,150000000.0,0.0,0.0,0,168
SUB_08219,SUB_08201,meso_SUB_08219_SUB_08201_rev,60000000.0,13865.244547526041,2329361.083984375,0,168
SUB_08219,SUB_01472,meso_SUB_08219_SUB_01472_rev,150000000.0,0.0,0.0,0,168
SUB_08219,SUB_08353,meso_SUB_08219_SUB_08353_fwd,150000000.0,0.0,0.0,0,168
SUB_25443,SUB_25442,meso_SUB_25443_SUB_25442_rev,150000000.0,0.0,0.0,0,168
SUB_01214,SUB_01223,meso_SUB_01214_SUB_01223_fwd,120000000.0,0.0,0.0,0,168
SUB_01214,SUB_01315,meso_SUB_01214_SUB_01315_fwd,120000000.0,0.0,0.0,0,168
SUB_01214,SUB_01440,meso_SUB_01214_SUB_01440_fwd,120000000.0,0.0,0.0,0,168
SUB_04332,SUB_04256,meso_SUB_04332_SUB_04256_rev,150000000.0,0.0,0.0,0,168
SUB_04332,SUB_04343,meso_SUB_04332_SUB_04343_fwd,150000000.0,0.0,0.0,0,168
SUB_25387,SUB_25282,meso_SUB_25387_SUB_25282_rev,80000000.0,2321637.9679106115,35245079.95277405,0,168
SUB_25387,SUB_25341,meso_SUB_25387_SUB_25341_rev,80000000.0,14411.917311242169,2421202.1082886844,0,168
SUB_25387,SUB_25421,meso_SUB_25387_SUB_25421_fwd,80000000.0,19802.406153728054,3326804.233826313,0,168
SUB_04204,SUB_01250,meso_SUB_04204_SUB_01250_rev,150000000.0,48930505.746971235,64841722.49259584,0,168
SUB_04204,SUB_01392,meso_SUB_04204_SUB_01392_rev,120000000.0,0.0,0.0,0,168
SUB_04204,SUB_01410,meso_SUB_04204_SUB_01410_rev,150000000.0,7552045.936743363,22843352.10579008,0,168
SUB_04204,SUB_01426,meso_SUB_04204_SUB_01426_rev,150000000.0,15007818.86600303,19081050.253061395,0,168
SUB_04204,SUB_04328,meso_SUB_04204_SUB_04328_fwd,300000000.0,13683212.692772849,17933212.475285593,0,168
SUB_04204,SUB_06270,meso_SUB_04204_SUB_06270_fwd,150000000.0,55424020.335503444,108892803.30999567,0,168
SUB_04204,SUB_06380,meso_SUB_04204_SUB_06380_fwd,150000000.0,12113918.20883563,65483637.54854043,0,168
SUB_04204,SUB_01467,meso_SUB_04204_SUB_01467_rev,800000000.0,80656865.63671707,141532893.08776313,0,168
SUB_01447,SUB_01222,meso_SUB_01447_SUB_01222_rev,150000000.0,2372439.8837904027,150000000.0,1,168
SUB_01447,SUB_01376,meso_SUB_01447_SUB_01376_rev,300000000.0,0.0,0.0,0,168
SUB_18257,SUB_18282,meso_SUB_18257_SUB_18282_fwd,150000000.0,0.0,0.0,0,168
SUB_18257,SUB_18297,meso_SUB_18257_SUB_18297_fwd,150000000.0,8640899.469368968,11451155.976715907,0,168
SUB_02414,SUB_02406,meso_SUB_02414_SUB_02406_rev,60000000.0,0.0,0.0,0,168
SUB_02414,SUB_02424,meso_SUB_02414_SUB_02424_rev,5000000.0,710023.1144436446,882474.2268041237,0,168
SUB_01311,SUB_01380,meso_SUB_01311_SUB_01380_fwd,150000000.0,0.0,0.0,0,168
SUB_01311,SUB_HIFLD_2791,meso_SUB_01311_SUB_HIFLD_2791_fwd,150000000.0,5211648.555641857,62324919.92112772,0,168
SUB_01311,SUB_HIFLD_28,meso_SUB_01311_SUB_HIFLD_28_fwd,300000000.0,34811856.70444033,96420472.57161877,0,168
SUB_01311,SUB_01298,meso_SUB_01311_SUB_01298_rev,5000000.0,0.0,0.0,0,168
SUB_01311,SUB_01303,meso_SUB_01311_SUB_01303_rev,5000000.0,1050703.9865560257,1579381.5062218106,0,168
SUB_01311,SUB_01348,meso_SUB_01311_SUB_01348_rev,5000000.0,523722.23449560965,713402.0775863805,0,168
SUB_18268,SUB_18303,meso_SUB_18268_SUB_18303_fwd,150000000.0,0.0,0.0,0,168
SUB_18268,SUB_18304,meso_SUB_18268_SUB_18304_fwd,150000000.0,21511772.500651944,26509736.456695177,0,168
SUB_04215,SUB_04318,meso_SUB_04215_SUB_04318_fwd,150000000.0,0.0,0.0,0,168
SUB_04215,SUB_04330,meso_SUB_04215_SUB_04330_fwd,150000000.0,0.0,0.0,0,168
SUB_04215,SUB_04256,meso_SUB_04215_SUB_04256_fwd,150000000.0,0.0,0.0,0,168
SUB_04215,SUB_04257,meso_SUB_04215_SUB_04257_fwd,60000000.0,0.0,0.0,0,168
SUB_04215,SUB_04343,meso_SUB_04215_SUB_04343_fwd,150000000.0,0.0,0.0,0,168
SUB_10314,SUB_06364,meso_SUB_10314_SUB_06364_rev,1200000000.0,0.0,0.0,0,168
SUB_10314,SUB_10260,meso_SUB_10314_SUB_10260_rev,400000000.0,0.0,0.0,0,168
SUB_10314,SUB_10293,meso_SUB_10314_SUB_10293_rev,1660000000.0,0.0,0.0,0,168
SUB_10314,WEC_CALN,iface_SUB_10314_WEC_CALN_to_ba,20000000.0,0.0,0.0,0,168
SUB_01409,SUB_01223,meso_SUB_01409_SUB_01223_rev,400000000.0,0.0,0.0,0,168
SUB_01409,SUB_01380,meso_SUB_01409_SUB_01380_rev,400000000.0,0.0,0.0,0,168
SUB_01409,SUB_01222,meso_SUB_01409_SUB_01222_rev,800000000.0,0.0,0.0,0,168
SUB_01409,SUB_01423,meso_SUB_01409_SUB_01423_fwd,400000000.0,0.0,0.0,0,168
SUB_01409,SUB_01326,meso_SUB_01409_SUB_01326_rev,5000000.0,0.0,0.0,0,168
SUB_01409,SUB_01366,meso_SUB_01409_SUB_01366_rev,5000000.0,818496.7958640398,1319587.6445966898,0,168
SUB_01409,SUB_01224,meso_SUB_01409_SUB_01224_rev,5000000.0,0.0,0.0,0,168
SUB_01409,WEC_CALN,iface_SUB_01409_WEC_CALN_to_ba,20000000.0,0.0,0.0,0,168
SUB_25360,SUB_25268,meso_SUB_25360_SUB_25268_rev,60000000.0,0.0,0.0,0,168
SUB_25360,SUB_25477,meso_SUB_25360_SUB_25477_rev,5000000.0,571694.3685848119,1959021.373630799,0,168
SUB_25360,SUB_HIFLD_3887,meso_SUB_25360_SUB_HIFLD_3887_rev,5000000.0,0.0,0.0,0,168
SUB_06319,SUB_06272,meso_SUB_06319_SUB_06272_rev,300000000.0,0.0,0.0,0,168
SUB_06319,SUB_06317,meso_SUB_06319_SUB_06317_rev,300000000.0,0.0,0.0,0,168
SUB_25339,SUB_25282,meso_SUB_25339_SUB_25282_rev,80000000.0,0.0,0.0,0,168
SUB_25339,SUB_25342,meso_SUB_25339_SUB_25342_fwd,80000000.0,20622.130067488197,1537664.1087663227,0,168
SUB_25339,SUB_25395,meso_SUB_25339_SUB_25395_fwd,80000000.0,0.0,0.0,0,168
SUB_25339,SUB_25532,meso_SUB_25339_SUB_25532_fwd,60000000.0,21203312.538044926,60000000.0,5,168
SUB_25339,SUB_25526,meso_SUB_25339_SUB_25526_fwd,300000000.0,0.0,0.0,0,168
SUB_01445,SUB_01202,meso_SUB_01445_SUB_01202_rev,300000000.0,2171925.1604070547,32636080.96407861,0,168
SUB_01445,SUB_01216,meso_SUB_01445_SUB_01216_rev,60000000.0,0.0,0.0,0,168
SUB_01445,SUB_01365,meso_SUB_01445_SUB_01365_rev,150000000.0,0.0,0.0,0,168
SUB_01445,SUB_01391,meso_SUB_01445_SUB_01391_rev,360000000.0,0.0,0.0,0,168
SUB_01445,SUB_01465,meso_SUB_01445_SUB_01465_fwd,150000000.0,0.0,0.0,0,168
SUB_01472,SUB_01222,meso_SUB_01472_SUB_01222_rev,150000000.0,0.0,0.0,0,168
SUB_01472,SUB_08283,meso_SUB_01472_SUB_08283_fwd,150000000.0,0.0,0.0,0,168
SUB_01472,SUB_08389,meso_SUB_01472_SUB_08389_fwd,150000000.0,0.0,0.0,0,168
SUB_01472,SUB_08219,meso_SUB_01472_SUB_08219_fwd,150000000.0,18308701.755559262,24385566.506926548,0,168
SUB_19240,SUB_19217,meso_SUB_19240_SUB_19217_rev,60000000.0,0.0,0.0,0,168
SUB_08225,SUB_08226,meso_SUB_08225_SUB_08226_fwd,150000000.0,2140158.925106227,61809540.56640625,0,168
SUB_08225,SUB_08292,meso_SUB_08225_SUB_08292_fwd,150000000.0,0.0,0.0,0,168
SUB_02419,SUB_01423,meso_SUB_02419_SUB_01423_rev,400000000.0,0.0,0.0,0,168
SUB_02419,SUB_02210,meso_SUB_02419_SUB_02210_rev,400000000.0,677693.3544237552,76020525.9538895,0,168
SUB_02419,SUB_02401,meso_SUB_02419_SUB_02401_rev,300000000.0,61356838.76153705,75416498.87242268,0,168
SUB_02419,SUB_02404,meso_SUB_02419_SUB_02404_rev,60000000.0,8912452.787619337,15843703.876563499,0,168
SUB_02419,SUB_02405,meso_SUB_02419_SUB_02405_rev,150000000.0,6072233.743719103,8089691.225032217,0,168
SUB_02419,SUB_02426,meso_SUB_02419_SUB_02426_fwd,210000000.0,133015483.92092033,210000000.0,11,168
SUB_02419,SUB_01216,meso_SUB_02419_SUB_01216_rev,400000000.0,0.0,0.0,0,168
SUB_02419,SUB_01376,meso_SUB_02419_SUB_01376_rev,800000000.0,996276.2547639202,164823555.04891646,0,168
SUB_02419,SUB_02403,meso_SUB_02419_SUB_02403_rev,300000000.0,39536522.47567942,46377319.587628864,0,168
SUB_02419,SUB_HIFLD_2049,meso_SUB_02419_SUB_HIFLD_2049_fwd,150000000.0,1273407.458600994,71768112.38533251,0,168
SUB_02419,SUB_HIFLD_2068,meso_SUB_02419_SUB_HIFLD_2068_fwd,150000000.0,40692805.669861555,58332553.16427532,0,168
SUB_02419,WEC_CALN,iface_SUB_02419_WEC_CALN_to_ba,20000000.0,0.0,0.0,0,168
SUB_02413,SUB_02412,meso_SUB_02413_SUB_02412_rev,120000000.0,0.0,0.0,0,168
SUB_02413,SUB_HIFLD_2048,meso_SUB_02413_SUB_HIFLD_2048_fwd,60000000.0,3966081.6764737912,5723786.281310406,0,168
SUB_02413,SUB_HIFLD_2056,meso_SUB_02413_SUB_HIFLD_2056_fwd,60000000.0,1431231.8628624757,5990563.398538177,0,168
SUB_02413,SUB_HIFLD_2062,meso_SUB_02413_SUB_HIFLD_2062_fwd,60000000.0,7760684.281858767,17779690.134488553,0,168
SUB_04202,SUB_04230,meso_SUB_04202_SUB_04230_fwd,60000000.0,0.0,0.0,0,168
SUB_04202,SUB_04246,meso_SUB_04202_SUB_04246_fwd,60000000.0,0.0,0.0,0,168
SUB_04202,SUB_04272,meso_SUB_04202_SUB_04272_fwd,150000000.0,0.0,0.0,0,168
SUB_04202,SUB_04329,meso_SUB_04202_SUB_04329_fwd,150000000.0,2132500.9588901787,28972032.446425892,0,168
SUB_08224,SUB_HIFLD_2131,meso_SUB_08224_SUB_HIFLD_2131_fwd,23437363.27209014,0.0,0.0,0,168
SUB_02408,SUB_02412,meso_SUB_02408_SUB_02412_fwd,60000000.0,36639299.04968969,60000000.0,4,168
SUB_02408,SUB_02210,meso_SUB_02408_SUB_02210_rev,400000000.0,0.0,0.0,0,168
SUB_02408,SUB_02270,meso_SUB_02408_SUB_02270_rev,60000000.0,3098306.332842416,5103092.783505155,0,168
SUB_02408,SUB_02425,meso_SUB_02408_SUB_02425_fwd,120000000.0,14842963.127394665,22669071.66156572,0,168
SUB_25405,SUB_25464,meso_SUB_25405_SUB_25464_fwd,18155171.899753124,13069815.45718024,18155171.899753124,89,168
SUB_25456,SUB_25469,meso_SUB_25456_SUB_25469_fwd,150000000.0,12444.819321981176,17678.045489124415,0,168
SUB_25456,SUB_25286,meso_SUB_25456_SUB_25286_fwd,15612131.274744093,0.0,0.0,0,168
SUB_18261,SUB_18266,meso_SUB_18261_SUB_18266_fwd,60000000.0,579636.4047020483,6182474.0380355995,0,168
SUB_18261,SUB_18254,meso_SUB_18261_SUB_18254_fwd,95896489.6261608,0.0,0.0,0,168
SUB_08389,SUB_01472,meso_SUB_08389_SUB_01472_rev,150000000.0,15935046.468861153,82097189.97747336,0,168
SUB_08389,SUB_08283,meso_SUB_08389_SUB_08283_rev,150000000.0,36071241.17803155,96826587.890625,0,168
SUB_08389,SUB_08380,meso_SUB_08389_SUB_08380_rev,150000000.0,0.0,0.0,0,168
SUB_08389,SUB_08234,meso_SUB_08389_SUB_08234_rev,150000000.0,0.0,0.0,0,168
SUB_08390,SUB_01222,meso_SUB_08390_SUB_01222_rev,150000000.0,0.0,0.0,0,168
SUB_08390,SUB_HIFLD_2121,meso_SUB_08390_SUB_HIFLD_2121_fwd,150000000.0,0.0,0.0,0,168
SUB_08390,SUB_HIFLD_3025,meso_SUB_08390_SUB_HIFLD_3025_fwd,150000000.0,0.0,0.0,0,168
SUB_08390,SUB_08203,meso_SUB_08390_SUB_08203_rev,150000000.0,23094519.26000708,65957732.96552836,0,168
SUB_16237,SUB_16348,meso_SUB_16237_SUB_16348_fwd,360000000.0,0.0,0.0,0,168
SUB_16237,SUB_HIFLD_3849,meso_SUB_16237_SUB_HIFLD_3849_fwd,60000000.0,0.0,0.0,0,168
SUB_16237,SUB_HIFLD_4426,meso_SUB_16237_SUB_HIFLD_4426_fwd,60000000.0,0.0,0.0,0,168
SUB_16237,SUB_HIFLD_982,meso_SUB_16237_SUB_HIFLD_982_fwd,150000000.0,0.0,0.0,0,168
SUB_16237,SUB_16288,meso_SUB_16237_SUB_16288_fwd,300000000.0,695815.4125311046,39980836.064620554,0,168
SUB_10204,SUB_10308,meso_SUB_10204_SUB_10308_fwd,150000000.0,66581.63689682685,10388150.413015725,0,168
SUB_10204,SUB_10297,meso_SUB_10204_SUB_10297_fwd,150000000.0,0.0,0.0,0,168
SUB_25224,SUB_25217,meso_SUB_25224_SUB_25217_rev,300000000.0,661711.4472140921,22679476.188953593,0,168
SUB_25224,SUB_25230,meso_SUB_25224_SUB_25230_fwd,60000000.0,21356143.233327813,26164949.208682347,0,168
SUB_25224,SUB_25235,meso_SUB_25224_SUB_25235_fwd,150000000.0,481892.57741299696,21950423.094096266,0,168
SUB_25224,SUB_25270,meso_SUB_25224_SUB_25270_fwd,80000000.0,0.0,0.0,0,168
SUB_25224,SUB_25412,meso_SUB_25224_SUB_25412_fwd,150000000.0,0.0,0.0,0,168
SUB_25224,SUB_HIFLD_2722,meso_SUB_25224_SUB_HIFLD_2722_fwd,60000000.0,2221483.2985904217,3103093.2612613235,0,168
SUB_02269,SUB_HIFLD_2068,meso_SUB_02269_SUB_HIFLD_2068_fwd,150000000.0,0.0,0.0,0,168
SUB_02269,SUB_HIFLD_3835,meso_SUB_02269_SUB_HIFLD_3835_fwd,60000000.0,0.0,0.0,0,168
SUB_25318,SUB_25450,meso_SUB_25318_SUB_25450_fwd,16132904.046452496,0.0,0.0,0,168
SUB_10297,SUB_10307,meso_SUB_10297_SUB_10307_fwd,150000000.0,7088739.245582257,24748281.82083602,0,168
SUB_10297,SUB_10375,meso_SUB_10297_SUB_10375_fwd,150000000.0,0.0,0.0,0,168
SUB_10297,SUB_10204,meso_SUB_10297_SUB_10204_rev,150000000.0,9483033.786782883,20781598.11224237,0,168
SUB_10211,SUB_10260,meso_SUB_10211_SUB_10260_fwd,60000000.0,0.0,0.0,0,168
SUB_10211,SUB_10284,meso_SUB_10211_SUB_10284_fwd,60000000.0,7890100.170750093,16481249.510645168,0,168
SUB_10211,SUB_10212,meso_SUB_10211_SUB_10212_rev,6287002.55258172,4062624.7236994365,5514433.115536405,0,168
SUB_08246,SUB_HIFLD_1423,meso_SUB_08246_SUB_HIFLD_1423_fwd,150000000.0,0.0,0.0,0,168
SUB_08246,SUB_01222,meso_SUB_08246_SUB_01222_rev,300000000.0,0.0,0.0,0,168
SUB_08246,SUB_08234,meso_SUB_08246_SUB_08234_rev,300000000.0,0.0,0.0,0,168
SUB_08246,SUB_HIFLD_2117,meso_SUB_08246_SUB_HIFLD_2117_fwd,150000000.0,0.0,0.0,0,168
SUB_16357,SUB_16261,meso_SUB_16357_SUB_16261_rev,300000000.0,0.0,0.0,0,168
SUB_16357,SUB_16298,meso_SUB_16357_SUB_16298_rev,300000000.0,0.0,0.0,0,168
SUB_25314,SUB_25208,meso_SUB_25314_SUB_25208_rev,80000000.0,0.0,0.0,0,168
SUB_06205,SUB_06207,meso_SUB_06205_SUB_06207_fwd,60000000.0,16098722.158886138,18500000.48828125,0,168
SUB_25430,SUB_16371,meso_SUB_25430_SUB_16371_rev,800000000.0,2010724.0015703146,11034751.708984375,0,168
SUB_25430,SUB_HIFLD_1851,meso_SUB_25430_SUB_HIFLD_1851_fwd,400000000.0,0.0,0.0,0,168
SUB_25430,WEC_CALN,iface_SUB_25430_WEC_CALN_to_ba,20000000.0,0.0,0.0,0,168
SUB_25408,SUB_25235,meso_SUB_25408_SUB_25235_rev,300000000.0,2472149.390341438,16278686.2644109,0,168
SUB_25408,SUB_25256,meso_SUB_25408_SUB_25256_rev,150000000.0,0.0,0.0,0,168
SUB_25408,SUB_25206,meso_SUB_25408_SUB_25206_rev,150000000.0,13406167.264241137,104588582.11827478,0,168
SUB_25285,SUB_25396,meso_SUB_25285_SUB_25396_fwd,150000000.0,54954447.158666626,85304157.63330767,0,168
SUB_25285,SUB_25529,meso_SUB_25285_SUB_25529_fwd,201483235.22442186,0.0,0.0,0,168
SUB_01466,SUB_01365,meso_SUB_01466_SUB_01365_rev,1200000000.0,0.0,0.0,0,168
SUB_01466,SUB_01423,meso_SUB_01466_SUB_01423_rev,1200000000.0,679401.7816170419,114139499.31166303,0,168
SUB_01466,SUB_01216,meso_SUB_01466_SUB_01216_rev,400000000.0,0.0,0.0,0,168
SUB_01466,SUB_01324,meso_SUB_01466_SUB_01324_rev,400000000.0,0.0,0.0,0,168
SUB_01466,WEC_CALN,iface_SUB_01466_WEC_CALN_to_ba,20000000.0,0.0,0.0,0,168
SUB_04256,SUB_04209,meso_SUB_04256_SUB_04209_rev,60000000.0,17353611.885038424,21784578.776207905,0,168
SUB_04256,SUB_04214,meso_SUB_04256_SUB_04214_rev,60000000.0,44528091.871938065,60000000.0,22,168
SUB_04256,SUB_04257,meso_SUB_04256_SUB_04257_fwd,60000000.0,17757629.584797937,24068041.2371134,0,168
SUB_04256,SUB_04275,meso_SUB_04256_SUB_04275_fwd,120000000.0,5846763.089479157,8308247.170989047,0,168
SUB_04256,SUB_04282,meso_SUB_04256_SUB_04282_fwd,300000000.0,6728311.54203245,20144209.576606043,0,168
SUB_04256,SUB_04330,meso_SUB_04256_SUB_04330_fwd,150000000.0,34127896.72905929,51547825.038900584,0,168
SUB_04256,SUB_04332,meso_SUB_04256_SUB_04332_fwd,150000000.0,11461371.619665101,19362887.35301224,0,168
SUB_04256,SUB_04337,meso_SUB_04256_SUB_04337_fwd,1200000000.0,0.0,0.0,0,168
SUB_04256,SUB_04343,meso_SUB_04256_SUB_04343_fwd,150000000.0,51513069.6481651,150000000.0,2,168
SUB_04256,SUB_04215,meso_SUB_04256_SUB_04215_rev,150000000.0,41082265.81137146,54759795.82796392,0,168
SUB_04256,SUB_04248,meso_SUB_04256_SUB_04248_rev,400000000.0,0.0,0.0,0,168
SUB_04256,SUB_04271,meso_SUB_04256_SUB_04271_fwd,60000000.0,4678621.192422856,24550868.531887982,0,168
SUB_04256,WEC_CALN,iface_SUB_04256_WEC_CALN_to_ba,1540000000.0,0.0,0.0,0,168
SUB_25477,SUB_25360,meso_SUB_25477_SUB_25360_fwd,5000000.0,2797734.871927851,5000000.0,92,168
SUB_08203,SUB_08361,meso_SUB_08203_SUB_08361_fwd,210000000.0,0.0,0.0,0,168
SUB_08203,SUB_08363,meso_SUB_08203_SUB_08363_fwd,150000000.0,0.0,0.0,0,168
SUB_08203,SUB_HIFLD_2149,meso_SUB_08203_SUB_HIFLD_2149_fwd,150000000.0,0.0,0.0,0,168
SUB_08203,SUB_08390,meso_SUB_08203_SUB_08390_fwd,150000000.0,0.0,0.0,0,168
SUB_08203,SUB_HIFLD_2058,meso_SUB_08203_SUB_HIFLD_2058_fwd,150000000.0,0.0,0.0,0,168
SUB_18358,SUB_08284,meso_SUB_18358_SUB_08284_rev,60000000.0,0.0,0.0,0,168
SUB_18358,SUB_08293,meso_SUB_18358_SUB_08293_rev,60000000.0,788943.7252245058,1129063.1795666881,0,168
SUB_25347,SUB_25231,meso_SUB_25347_SUB_25231_rev,60000000.0,0.0,0.0,0,168
SUB_25347,SUB_25245,meso_SUB_25347_SUB_25245_rev,60000000.0,0.0,0.0,0,168
SUB_25347,SUB_25446,meso_SUB_25347_SUB_25446_fwd,150000000.0,0.0,0.0,0,168
SUB_25347,SUB_25539,meso_SUB_25347_SUB_25539_fwd,150000000.0,11440047.051780293,37162605.148264036,0,168
SUB_25226,SUB_HIFLD_1844,meso_SUB_25226_SUB_HIFLD_1844_fwd,25345408.237502392,0.0,0.0,0,168
SUB_04248,SUB_01467,meso_SUB_04248_SUB_01467_rev,400000000.0,0.0,0.0,0,168
SUB_04248,SUB_04201,meso_SUB_04248_SUB_04201_rev,150000000.0,56682017.652689025,74870941.73879397,0,168
SUB_04248,SUB_04221,meso_SUB_04248_SUB_04221_rev,60000000.0,2919293.063399402,7262916.618689434,0,168
SUB_04248,SUB_04229,meso_SUB_04248_SUB_04229_rev,60000000.0,1939039.469721158,4485092.963730444,0,168
SUB_04248,SUB_04299,meso_SUB_04248_SUB_04299_fwd,150000000.0,15270799.115292864,21977319.587628867,0,168
SUB_04248,SUB_04302,meso_SUB_04248_SUB_04302_fwd,60000000.0,5218282.923173224,7735859.506813622,0,168
SUB_04248,SUB_04309,meso_SUB_04248_SUB_04309_fwd,60000000.0,14348278.711587701,18502062.48489852,0,168
SUB_04248,SUB_04320,meso_SUB_04248_SUB_04320_fwd,60000000.0,6583281.285281736,11184536.082474226,0,168
SUB_04248,SUB_04337,meso_SUB_04248_SUB_04337_fwd,950000000.0,0.0,0.0,0,168
SUB_04248,SUB_06380,meso_SUB_04248_SUB_06380_fwd,300000000.0,85150.14632149565,5375924.40144938,0,168
SUB_04248,SUB_04249,meso_SUB_04248_SUB_04249_fwd,150000000.0,7574188.082043775,9075257.857804446,0,168
SUB_04248,SUB_04256,meso_SUB_04248_SUB_04256_fwd,400000000.0,0.0,0.0,0,168
SUB_04248,WEC_CALN,iface_SUB_04248_WEC_CALN_to_ba,400000000.0,0.0,0.0,0,168
SUB_18297,SUB_18257,meso_SUB_18297_SUB_18257_rev,150000000.0,0.0,0.0,0,168
SUB_18297,SUB_HIFLD_2086,meso_SUB_18297_SUB_HIFLD_2086_fwd,150000000.0,0.0,0.0,0,168
SUB_18297,SUB_HIFLD_4291,meso_SUB_18297_SUB_HIFLD_4291_fwd,300000000.0,5535244.509678711,7633621.309094446,0,168
SUB_16282,SUB_16298,meso_SUB_16282_SUB_16298_fwd,150000000.0,0.0,0.0,0,168
SUB_16282,SUB_16378,meso_SUB_16282_SUB_16378_fwd,150000000.0,0.0,0.0,0,168
SUB_16282,SUB_16261,meso_SUB_16282_SUB_16261_rev,300000000.0,135085304.2083057,215504958.6086685,0,168
SUB_08362,SUB_08319,meso_SUB_08362_SUB_08319_rev,150000000.0,0.0,0.0,0,168
SUB_08362,SUB_08325,meso_SUB_08362_SUB_08325_rev,150000000.0,0.0,0.0,0,168
SUB_08362,SUB_08284,meso_SUB_08362_SUB_08284_rev,10460594.768392568,4584304.2582406355,6368348.209395611,0,168
SUB_08362,SUB_08314,meso_SUB_08362_SUB_08314_rev,5000000.0,0.0,0.0,0,168
SUB_08362,SUB_08304,meso_SUB_08362_SUB_08304_rev,5000000.0,1256653.0126535136,1708247.4856032538,0,168
SUB_25276,SUB_25221,meso_SUB_25276_SUB_25221_rev,160000000.0,0.0,0.0,0,168
SUB_25276,SUB_25539,meso_SUB_25276_SUB_25539_fwd,80000000.0,0.0,0.0,0,168
SUB_25276,SUB_25512,meso_SUB_25276_SUB_25512_fwd,450000000.0,0.0,0.0,0,168
SUB_19233,SUB_19212,meso_SUB_19233_SUB_19212_rev,60000000.0,10180264.44193307,12742268.041237114,0,168
SUB_19233,SUB_19215,meso_SUB_19233_SUB_19215_rev,60000000.0,0.0,0.0,0,168
SUB_19233,SUB_19243,meso_SUB_19233_SUB_19243_fwd,120000000.0,0.0,0.0,0,168
SUB_15276,SUB_15308,meso_SUB_15276_SUB_15308_fwd,300000000.0,0.0,0.0,0,168
SUB_15276,SUB_15366,meso_SUB_15276_SUB_15366_rev,18598809.471895237,8451541.100803051,14034020.492711019,0,168
SUB_15276,WEC_CALN,iface_SUB_15276_WEC_CALN_to_ba,332700000.0,156222417.74808446,201842829.82217377,0,168
SUB_16277,SUB_01435,meso_SUB_16277_SUB_01435_rev,150000000.0,41656461.62870991,106738939.96927392,0,168
SUB_16277,SUB_16247,meso_SUB_16277_SUB_16247_rev,150000000.0,1379576.5621710753,45336548.554741465,0,168
SUB_16277,SUB_16261,meso_SUB_16277_SUB_16261_rev,150000000.0,2192190.0512805576,103632954.17537814,0,168
SUB_16277,SUB_HIFLD_30,meso_SUB_16277_SUB_HIFLD_30_fwd,450000000.0,88442368.10587268,225901382.164252,0,168
SUB_16277,SUB_16270,meso_SUB_16277_SUB_16270_rev,150000000.0,32320478.549945984,58427838.07184278,0,168
SUB_16277,SUB_16309,meso_SUB_16277_SUB_16309_rev,5000000.0,0.0,0.0,0,168
SUB_08343,SUB_08202,meso_SUB_08343_SUB_08202_rev,60000000.0,24581462.843000498,60000000.0,26,168
SUB_08343,SUB_08292,meso_SUB_08343_SUB_08292_rev,150000000.0,83800945.55552533,150000000.0,5,168
SUB_08343,SUB_08377,meso_SUB_08343_SUB_08377_fwd,400000000.0,0.0,0.0,0,168
SUB_08343,WEC_CALN,iface_SUB_08343_WEC_CALN_to_ba,1390000000.0,0.0,0.0,0,168
SUB_04318,SUB_04215,meso_SUB_04318_SUB_04215_rev,150000000.0,0.0,0.0,0,168
SUB_04318,SUB_04349,meso_SUB_04318_SUB_04349_fwd,150000000.0,0.0,0.0,0,168
SUB_04318,SUB_04337,meso_SUB_04318_SUB_04337_fwd,150000000.0,0.0,0.0,0,168
SUB_04318,SUB_04347,meso_SUB_04318_SUB_04347_fwd,150000000.0,1266095.4868202414,6418556.575185245,0,168
SUB_08342,SUB_01222,meso_SUB_08342_SUB_01222_rev,300000000.0,0.0,0.0,0,168
SUB_08342,SUB_08361,meso_SUB_08342_SUB_08361_fwd,300000000.0,442913.1349482504,13782664.317995453,0,168
SUB_08342,SUB_08300,meso_SUB_08342_SUB_08300_rev,150000000.0,18218763.63258653,23685397.373413682,0,168
SUB_08342,SUB_HIFLD_3163,meso_SUB_08342_SUB_HIFLD_3163_fwd,150000000.0,1361913.0025473367,6366763.646550178,0,168
SUB_08318,SUB_08324,meso_SUB_08318_SUB_08324_fwd,150000000.0,126393646.65970871,150000000.0,8,168
SUB_08318,SUB_18249,meso_SUB_08318_SUB_18249_fwd,150000000.0,30387248.514330477,43173459.598242454,0,168
SUB_08318,SUB_18274,meso_SUB_08318_SUB_18274_fwd,150000000.0,5327972.7785646515,7123953.223393161,0,168
SUB_16345,SUB_16376,meso_SUB_16345_SUB_16376_fwd,16789163.64455201,0.0,0.0,0,168
SUB_08348,SUB_08367,meso_SUB_08348_SUB_08367_fwd,150000000.0,0.0,0.0,0,168
SUB_25271,SUB_25236,meso_SUB_25271_SUB_25236_rev,60000000.0,0.0,0.0,0,168
SUB_01376,SUB_01216,meso_SUB_01376_SUB_01216_rev,400000000.0,0.0,0.0,0,168
SUB_01376,SUB_01438,meso_SUB_01376_SUB_01438_fwd,300000000.0,141437734.73386043,214546184.87362307,0,168
SUB_01376,SUB_01447,meso_SUB_01376_SUB_01447_fwd,300000000.0,40929770.39385664,201174477.48872423,0,168
SUB_01376,SUB_01469,meso_SUB_01376_SUB_01469_fwd,400000000.0,1644032.5150728766,35343734.47973037,0,168
SUB_01376,SUB_02419,meso_SUB_01376_SUB_02419_fwd,800000000.0,5317281.0685305195,281701473.06088346,0,168
SUB_25230,SUB_25224,meso_SUB_25230_SUB_25224_rev,60000000.0,0.0,0.0,0,168
SUB_10322,SUB_10375,meso_SUB_10322_SUB_10375_fwd,5000000.0,4879287.83415637,5000000.0,160,168
SUB_18266,SUB_18261,meso_SUB_18266_SUB_18261_rev,60000000.0,13065777.12480771,27857852.4319458,0,168
SUB_18266,SUB_25216,meso_SUB_18266_SUB_25216_fwd,60000000.0,0.0,0.0,0,168
SUB_18295,SUB_18263,meso_SUB_18295_SUB_18263_rev,150000000.0,150000000.0,150000000.0,168,168
SUB_18295,SUB_18301,meso_SUB_18295_SUB_18301_fwd,150000000.0,150000000.0,150000000.0,168,168
SUB_25297,SUB_25277,meso_SUB_25297_SUB_25277_rev,80000000.0,629664.7810236402,21491544.629913017,0,168
SUB_25297,SUB_25348,meso_SUB_25297_SUB_25348_fwd,160000000.0,0.0,0.0,0,168
SUB_25297,SUB_25380,meso_SUB_25297_SUB_25380_fwd,80000000.0,1066998.036913153,11631959.03817403,0,168
SUB_25297,SUB_25407,meso_SUB_25297_SUB_25407_fwd,80000000.0,2147606.3408268047,80000000.0,4,168
SUB_25297,SUB_HIFLD_1232,meso_SUB_25297_SUB_HIFLD_1232_fwd,80000000.0,0.0,0.0,0,168
SUB_25297,SUB_HIFLD_411,meso_SUB_25297_SUB_HIFLD_411_fwd,80000000.0,11555040.582436502,12380473.211947747,0,168
SUB_19238,SUB_19215,meso_SUB_19238_SUB_19215_fwd,8490338.119886424,0.0,0.0,0,168
SUB_25277,SUB_25297,meso_SUB_25277_SUB_25297_fwd,80000000.0,665297.3255300894,21583024.600017745,0,168
SUB_25277,SUB_25395,meso_SUB_25277_SUB_25395_fwd,150000000.0,0.0,0.0,0,168
SUB_25277,SUB_25407,meso_SUB_25277_SUB_25407_fwd,150000000.0,6526235.243850147,107034960.25962692,0,168
SUB_25277,SUB_25526,meso_SUB_25277_SUB_25526_fwd,150000000.0,0.0,0.0,0,168
SUB_25277,SUB_HIFLD_1232,meso_SUB_25277_SUB_HIFLD_1232_fwd,80000000.0,0.0,0.0,0,168
SUB_25277,SUB_25272,meso_SUB_25277_SUB_25272_rev,150000000.0,0.0,0.0,0,168
SUB_04205,SUB_01467,meso_SUB_04205_SUB_01467_rev,400000000.0,0.0,0.0,0,168
SUB_04205,SUB_04325,meso_SUB_04205_SUB_04325_fwd,800000000.0,234131.44612871364,5713402.313547036,0,168
SUB_04205,SUB_06364,meso_SUB_04205_SUB_06364_fwd,800000000.0,0.0,0.0,0,168
SUB_04205,SUB_01380,meso_SUB_04205_SUB_01380_rev,400000000.0,4203350.428165112,293754196.4557728,0,168
SUB_04205,SUB_06359,meso_SUB_04205_SUB_06359_fwd,400000000.0,741232.6467438419,25739688.80677897,0,168
SUB_04205,SUB_04265,meso_SUB_04205_SUB_04265_rev,41240548.17635174,25093778.793941718,33063918.280847292,0,168
SUB_04205,WEC_CALN,iface_SUB_04205_WEC_CALN_to_ba,3158759451.8236485,0.0,0.0,0,168
SUB_01296,SUB_01430,meso_SUB_01296_SUB_01430_fwd,5000000.0,0.0,0.0,0,168
SUB_25993,SUB_25250,meso_SUB_25993_SUB_25250_rev,400000000.0,34918030.26414738,400000000.0,2,168
SUB_25993,WEC_CALN,iface_SUB_25993_WEC_CALN_to_ba,952000000.0,24131146.200722985,789630318.6289798,0,168
SUB_16378,SUB_16282,meso_SUB_16378_SUB_16282_rev,150000000.0,2074713.0370149545,85582431.3508291,0,168
SUB_16378,SUB_16298,meso_SUB_16378_SUB_16298_rev,150000000.0,96566965.99292853,147180869.76069716,0,168
SUB_16378,SUB_16319,meso_SUB_16378_SUB_16319_rev,150000000.0,144403675.7041959,150000000.0,111,168
SUB_16378,SUB_16335,meso_SUB_16378_SUB_16335_rev,150000000.0,0.0,0.0,0,168
SUB_16378,SUB_16376,meso_SUB_16378_SUB_16376_rev,150000000.0,0.0,0.0,0,168
SUB_01368,SUB_HIFLD_11,meso_SUB_01368_SUB_HIFLD_11_fwd,150000000.0,0.0,0.0,0,168
SUB_01368,SUB_HIFLD_2989,meso_SUB_01368_SUB_HIFLD_2989_fwd,150000000.0,0.0,0.0,0,168
SUB_04321,SUB_04214,meso_SUB_04321_SUB_04214_rev,60000000.0,0.0,0.0,0,168
SUB_04321,SUB_04287,meso_SUB_04321_SUB_04287_rev,60000000.0,1395395.4076673333,2152577.417904569,0,168
SUB_16376,SUB_16378,meso_SUB_16376_SUB_16378_fwd,150000000.0,0.0,0.0,0,168
SUB_16376,SUB_16335,meso_SUB_16376_SUB_16335_rev,150000000.0,0.0,0.0,0,168
SUB_16376,SUB_16324,meso_SUB_16376_SUB_16324_rev,5000000.0,741581.0145404799,1289690.7688416156,0,168
SUB_16376,SUB_16345,meso_SUB_16376_SUB_16345_rev,16789163.64455201,7956894.161447217,13403093.286887886,0,168
SUB_02418,SUB_02426,meso_SUB_02418_SUB_02426_fwd,38067281.195404276,0.0,0.0,0,168
SUB_10318,SUB_10236,meso_SUB_10318_SUB_10236_rev,60000000.0,0.0,0.0,0,168
SUB_08295,SUB_08296,meso_SUB_08295_SUB_08296_fwd,150000000.0,0.0,0.0,0,168
SUB_08295,SUB_08391,meso_SUB_08295_SUB_08391_fwd,139728152.01776853,32231570.09439621,89019868.1640625,0,168
SUB_04350,SUB_HIFLD_1360,meso_SUB_04350_SUB_HIFLD_1360_fwd,19717187.894974396,0.0,0.0,0,168
SUB_04350,WEC_CALN,iface_SUB_04350_WEC_CALN_to_ba,5000000.0,0.0,0.0,0,168
SUB_18318,SUB_18274,meso_SUB_18318_SUB_18274_fwd,5000000.0,0.0,0.0,0,168
SUB_08300,SUB_08299,meso_SUB_08300_SUB_08299_rev,150000000.0,8989284.419442106,11327835.549030107,0,168
SUB_08300,SUB_08342,meso_SUB_08300_SUB_08342_fwd,150000000.0,0.0,0.0,0,168
SUB_10285,SUB_06283,meso_SUB_10285_SUB_06283_rev,120000000.0,1187420.4358629559,10054639.22638254,0,168
SUB_10285,SUB_10260,meso_SUB_10285_SUB_10260_rev,120000000.0,0.0,0.0,0,168
SUB_10308,SUB_10204,meso_SUB_10308_SUB_10204_rev,150000000.0,6540129.966473134,27408247.926063143,0,168
SUB_10308,SUB_10217,meso_SUB_10308_SUB_10217_rev,150000000.0,2174527.865621935,4784473.788861147,0,168
SUB_10308,SUB_10294,meso_SUB_10308_SUB_10294_rev,150000000.0,13167509.06558928,19793014.665858746,0,168
SUB_10308,SUB_10307,meso_SUB_10308_SUB_10307_rev,300000000.0,7175877.268600938,20952578.074661728,0,168
SUB_10308,SUB_10325,meso_SUB_10308_SUB_10325_fwd,150000000.0,53559382.929942355,82672600.53098175,0,168
SUB_10308,SUB_10205,meso_SUB_10308_SUB_10205_rev,150000000.0,6254564.891838069,11695876.194275532,0,168
SUB_10308,SUB_10283,meso_SUB_10308_SUB_10283_rev,300000000.0,0.0,0.0,0,168
SUB_25391,SUB_25407,meso_SUB_25391_SUB_25407_fwd,300000000.0,0.0,0.0,0,168
SUB_25391,SUB_HIFLD_2869,meso_SUB_25391_SUB_HIFLD_2869_fwd,150000000.0,0.0,0.0,0,168
SUB_25391,SUB_HIFLD_369,meso_SUB_25391_SUB_HIFLD_369_rev,5000000.0,0.0,0.0,0,168
SUB_04343,SUB_04256,meso_SUB_04343_SUB_04256_rev,150000000.0,0.0,0.0,0,168
SUB_04343,SUB_04271,meso_SUB_04343_SUB_04271_rev,60000000.0,0.0,0.0,0,168
SUB_04343,SUB_04305,meso_SUB_04343_SUB_04305_rev,150000000.0,1567819.2480440284,2458762.9023286486,0,168
SUB_04343,SUB_04307,meso_SUB_04343_SUB_04307_rev,60000000.0,0.0,0.0,0,168
SUB_04343,SUB_04329,meso_SUB_04343_SUB_04329_rev,150000000.0,19069087.252835695,44389692.23179768,0,168
SUB_04343,SUB_04215,meso_SUB_04343_SUB_04215_rev,150000000.0,0.0,0.0,0,168
SUB_04343,SUB_04332,meso_SUB_04343_SUB_04332_rev,150000000.0,0.0,0.0,0,168
SUB_04343,SUB_06368,meso_SUB_04343_SUB_06368_fwd,300000000.0,6989276.370739628,103520609.24578008,0,168
SUB_01416,SUB_01365,meso_SUB_01416_SUB_01365_rev,400000000.0,0.0,0.0,0,168
SUB_01416,SUB_01380,meso_SUB_01416_SUB_01380_rev,400000000.0,0.0,0.0,0,168
SUB_25209,SUB_25464,meso_SUB_25209_SUB_25464_fwd,53856750.98954275,0.0,0.0,0,168
SUB_25209,WEC_CALN,iface_SUB_25209_WEC_CALN_to_ba,2700000000.0,121780.01195313846,8955177.2847788,0,168
SUB_06313,SUB_06204,meso_SUB_06313_SUB_06204_rev,150000000.0,0.0,0.0,0,168
SUB_06313,SUB_06362,meso_SUB_06313_SUB_06362_fwd,150000000.0,23792928.337805048,39323713.102045745,0,168
SUB_06313,SUB_HIFLD_595,meso_SUB_06313_SUB_HIFLD_595_fwd,300000000.0,0.0,0.0,0,168
SUB_18219,SUB_18203,meso_SUB_18219_SUB_18203_rev,60000000.0,0.0,0.0,0,168
SUB_18219,SUB_18239,meso_SUB_18219_SUB_18239_fwd,60000000.0,554348.4594404084,2028866.0344389295,0,168
SUB_25348,SUB_18301,meso_SUB_25348_SUB_18301_rev,1200000000.0,810733.1707099596,29183786.01603281,0,168
SUB_25348,SUB_25293,meso_SUB_25348_SUB_25293_rev,80000000.0,1066863.0474036268,12926804.497315712,0,168
SUB_25348,SUB_25297,meso_SUB_25348_SUB_25297_rev,160000000.0,26183522.80455473,138406152.81803355,0,168
SUB_25348,SUB_25319,meso_SUB_25348_SUB_25319_rev,80000000.0,1701044.0386797183,11993973.209095476,0,168
SUB_25348,SUB_25341,meso_SUB_25348_SUB_25341_rev,80000000.0,28674949.765193053,62861247.15183531,0,168
SUB_25348,WEC_CALN,iface_SUB_25348_WEC_CALN_to_ba,20000000.0,593406.4421940772,20000000.0,4,168
SUB_10339,SUB_10348,meso_SUB_10339_SUB_10348_fwd,60000000.0,0.0,0.0,0,168
SUB_25237,SUB_25441,meso_SUB_25237_SUB_25441_fwd,31938501.76585276,0.0,0.0,0,168
SUB_10348,SUB_10334,meso_SUB_10348_SUB_10334_rev,60000000.0,0.0,0.0,0,168
SUB_10348,SUB_10339,meso_SUB_10348_SUB_10339_rev,60000000.0,4727421.292289543,6572165.129356777,0,168
SUB_10348,SUB_10358,meso_SUB_10348_SUB_10358_fwd,60000000.0,0.0,0.0,0,168
SUB_19225,SUB_19229,meso_SUB_19225_SUB_19229_fwd,60000000.0,29973715.651551105,31051289.234161377,0,168
SUB_04316,SUB_04281,meso_SUB_04316_SUB_04281_rev,60000000.0,0.0,0.0,0,168
SUB_04316,SUB_04285,meso_SUB_04316_SUB_04285_rev,60000000.0,0.0,0.0,0,168
SUB_10344,SUB_10293,meso_SUB_10344_SUB_10293_rev,150000000.0,6148425.075629847,13270627.729685752,0,168
SUB_10344,SUB_10326,meso_SUB_10344_SUB_10326_rev,60000000.0,5865025.322480245,10602062.359052835,0,168
SUB_10344,SUB_10352,meso_SUB_10344_SUB_10352_fwd,150000000.0,4047316.6656803777,13187629.872744845,0,168
SUB_10344,SUB_HIFLD_2171,meso_SUB_10344_SUB_HIFLD_2171_fwd,60000000.0,0.0,0.0,0,168
SUB_10344,SUB_HIFLD_2173,meso_SUB_10344_SUB_HIFLD_2173_fwd,150000000.0,1664125.109574742,2683326.945582658,0,168
SUB_10236,SUB_10281,meso_SUB_10236_SUB_10281_fwd,60000000.0,0.0,0.0,0,168
SUB_10236,SUB_10318,meso_SUB_10236_SUB_10318_fwd,60000000.0,1105386.6144483674,2068041.276440178,0,168
SUB_10236,SUB_HIFLD_482,meso_SUB_10236_SUB_HIFLD_482_fwd,60000000.0,12136595.632611092,14005419.920501709,0,168
SUB_06246,SUB_01365,meso_SUB_06246_SUB_01365_rev,150000000.0,0.0,0.0,0,168
SUB_06246,SUB_HIFLD_595,meso_SUB_06246_SUB_HIFLD_595_fwd,300000000.0,37332060.27949869,130227359.25292969,0,168
SUB_19234,SUB_19243,meso_SUB_19234_SUB_19243_fwd,300000000.0,30884969.766691457,61975557.46078491,0,168
SUB_10338,SUB_10345,meso_SUB_10338_SUB_10345_fwd,60000000.0,9476023.30838805,12232607.469813123,0,168
SUB_10212,SUB_10211,meso_SUB_10212_SUB_10211_fwd,6287002.55258172,0.0,0.0,0,168
SUB_25354,SUB_25245,meso_SUB_25354_SUB_25245_fwd,8603732.224228721,5496.043520890181,278948.4162606055,0,168
SUB_15243,SUB_15203,meso_SUB_15243_SUB_15203_rev,120000000.0,6838040.317316294,10505155.000981597,0,168
SUB_15243,SUB_15230,meso_SUB_15243_SUB_15230_rev,60000000.0,0.0,0.0,0,168
SUB_15243,SUB_15249,meso_SUB_15243_SUB_15249_fwd,60000000.0,3655119.235587677,11927797.956005119,0,168
SUB_25244,SUB_25208,meso_SUB_25244_SUB_25208_rev,80000000.0,0.0,0.0,0,168
SUB_15308,SUB_15226,meso_SUB_15308_SUB_15226_rev,150000000.0,50477864.41969686,90535999.93896484,0,168
SUB_15308,SUB_15276,meso_SUB_15308_SUB_15276_rev,300000000.0,38062884.57104324,82554825.18084025,0,168
SUB_01465,SUB_01343,meso_SUB_01465_SUB_01343_rev,300000000.0,13574037.262337456,25015463.162451677,0,168
SUB_01465,SUB_01391,meso_SUB_01465_SUB_01391_rev,300000000.0,1037671.0710134475,20772165.703527708,0,168
SUB_01465,SUB_01445,meso_SUB_01465_SUB_01445_rev,150000000.0,31907954.995828606,63561112.73946487,0,168
SUB_01465,SUB_01467,meso_SUB_01465_SUB_01467_fwd,400000000.0,5980755.78843974,47089370.97459497,0,168
SUB_01465,SUB_01216,meso_SUB_01465_SUB_01216_rev,400000000.0,3288205.3368630614,171548484.9089147,0,168
SUB_01465,SUB_01324,meso_SUB_01465_SUB_01324_rev,400000000.0,1466281.5948662194,24150488.75442978,0,168
SUB_01465,WEC_CALN,iface_SUB_01465_WEC_CALN_to_ba,850000000.0,1552809.5763262087,55203564.453125,0,168
SUB_25388,SUB_HIFLD_1833,meso_SUB_25388_SUB_HIFLD_1833_fwd,150000000.0,0.0,0.0,0,168
SUB_08319,SUB_08324,meso_SUB_08319_SUB_08324_fwd,450000000.0,0.0,0.0,0,168
SUB_08319,SUB_08325,meso_SUB_08319_SUB_08325_fwd,150000000.0,48780327.08723446,62054119.38782743,0,168
SUB_08319,SUB_08351,meso_SUB_08319_SUB_08351_fwd,60000000.0,20187.903188456596,1835173.6704176818,0,168
SUB_08319,SUB_08362,meso_SUB_08319_SUB_08362_fwd,150000000.0,20422703.08168189,27522556.2793322,0,168
SUB_08319,SUB_08369,meso_SUB_08319_SUB_08369_fwd,150000000.0,10700360.958378399,13936082.977609536,0,168
SUB_08319,SUB_18238,meso_SUB_08319_SUB_18238_fwd,300000000.0,0.0,0.0,0,168
SUB_08319,SUB_08311,meso_SUB_08319_SUB_08311_rev,5000000.0,229084.410384173,357731.9587628866,0,168
SUB_04276,SUB_04266,meso_SUB_04276_SUB_04266_rev,60000000.0,0.0,0.0,0,168
SUB_04276,SUB_04295,meso_SUB_04276_SUB_04295_fwd,60000000.0,0.0,0.0,0,168
SUB_04276,SUB_04308,meso_SUB_04276_SUB_04308_fwd,60000000.0,2508433.7767749424,3116494.931879732,0,168
SUB_25234,SUB_25235,meso_SUB_25234_SUB_25235_fwd,210000000.0,3332716.900569617,33925327.592948,0,168
SUB_25234,SUB_25241,meso_SUB_25234_SUB_25241_fwd,80000000.0,7998949.7708515655,74625845.76852313,0,168
SUB_25234,SUB_25409,meso_SUB_25234_SUB_25409_fwd,60000000.0,45149760.74819602,60000000.0,11,168
SUB_25234,SUB_25453,meso_SUB_25234_SUB_25453_fwd,150000000.0,5132723.878385,25198148.23821749,0,168
SUB_25234,SUB_HIFLD_217,meso_SUB_25234_SUB_HIFLD_217_fwd,60000000.0,2494131.8277847865,3835620.5532536916,0,168
SUB_25234,SUB_25229,meso_SUB_25234_SUB_25229_rev,300000000.0,8197402.575273724,16262886.84962951,0,168
SUB_25234,SUB_25294,meso_SUB_25234_SUB_25294_fwd,300000000.0,0.0,0.0,0,168
SUB_25234,SUB_25412,meso_SUB_25234_SUB_25412_fwd,80000000.0,0.0,0.0,0,168
SUB_10254,SUB_10335,meso_SUB_10254_SUB_10335_fwd,60000000.0,7704898.950031825,8600180.480957031,0,168
SUB_25361,SUB_HIFLD_1833,meso_SUB_25361_SUB_HIFLD_1833_fwd,54010706.83741552,0.0,0.0,0,168
SUB_10321,SUB_15375,meso_SUB_10321_SUB_15375_fwd,12209443.514595995,0.0,0.0,0,168
SUB_25219,SUB_25269,meso_SUB_25219_SUB_25269_fwd,80000000.0,0.0,0.0,0,168
SUB_25219,SUB_25281,meso_SUB_25219_SUB_25281_fwd,80000000.0,40522521.96746599,41830790.17742157,0,168
SUB_04263,SUB_04212,meso_SUB_04263_SUB_04212_rev,60000000.0,0.0,0.0,0,168
SUB_04263,SUB_04227,meso_SUB_04263_SUB_04227_rev,60000000.0,467869.21393011033,7226803.620328608,0,168
SUB_04263,SUB_04337,meso_SUB_04263_SUB_04337_fwd,60000000.0,0.0,0.0,0,168
SUB_16330,SUB_16242,meso_SUB_16330_SUB_16242_rev,120000000.0,0.0,0.0,0,168
SUB_16330,SUB_16312,meso_SUB_16330_SUB_16312_rev,60000000.0,0.0,0.0,0,168
SUB_16330,SUB_16370,meso_SUB_16330_SUB_16370_fwd,60000000.0,1445978.3286392104,4764948.705299613,0,168
SUB_01392,SUB_01391,meso_SUB_01392_SUB_01391_rev,60000000.0,9581547.198525712,20047423.43548647,0,168
SUB_01392,SUB_01467,meso_SUB_01392_SUB_01467_fwd,120000000.0,39490942.81274799,53836999.755859375,0,168
SUB_01392,SUB_04204,meso_SUB_01392_SUB_04204_fwd,120000000.0,32573.671645759543,5472376.836487603,0,168
SUB_25216,SUB_18266,meso_SUB_25216_SUB_18266_rev,60000000.0,20399172.026069824,37488338.5881247,0,168
SUB_25216,SUB_25238,meso_SUB_25216_SUB_25238_fwd,60000000.0,749098.8239916622,1056667.5874375806,0,168
SUB_01430,SUB_01202,meso_SUB_01430_SUB_01202_rev,150000000.0,0.0,0.0,0,168
SUB_01430,SUB_01353,meso_SUB_01430_SUB_01353_rev,150000000.0,0.0,0.0,0,168
SUB_01430,SUB_01385,meso_SUB_01430_SUB_01385_rev,5000000.0,551954.4362436631,1037113.4531866644,0,168
SUB_01430,SUB_01355,meso_SUB_01430_SUB_01355_rev,5000000.0,1057208.8876423675,1956701.1253120974,0,168
SUB_01430,SUB_01296,meso_SUB_01430_SUB_01296_rev,5000000.0,1327410.1938988336,2567010.3092783503,0,168
SUB_02411,SUB_02404,meso_SUB_02411_SUB_02404_rev,60000000.0,0.0,0.0,0,168
SUB_02411,SUB_02410,meso_SUB_02411_SUB_02410_rev,60000000.0,2686536.0535528874,7437677.585124616,0,168
SUB_01434,SUB_01250,meso_SUB_01434_SUB_01250_rev,150000000.0,0.0,0.0,0,168
SUB_04249,SUB_04248,meso_SUB_04249_SUB_04248_rev,150000000.0,0.0,0.0,0,168
SUB_04349,SUB_04227,meso_SUB_04349_SUB_04227_rev,60000000.0,947423.4253738695,8238144.329896907,0,168
SUB_04349,SUB_04318,meso_SUB_04349_SUB_04318_rev,150000000.0,0.0,0.0,0,168
SUB_04349,SUB_04337,meso_SUB_04349_SUB_04337_rev,150000000.0,0.0,0.0,0,168
SUB_04349,SUB_04347,meso_SUB_04349_SUB_04347_rev,150000000.0,3109659.476413643,6418556.449339562,0,168
SUB_18222,SUB_18229,meso_SUB_18222_SUB_18229_fwd,60000000.0,7875546.678515936,9644330.211521424,0,168
SUB_18222,SUB_18235,meso_SUB_18222_SUB_18235_fwd,150000000.0,0.0,0.0,0,168
SUB_18222,SUB_18240,meso_SUB_18222_SUB_18240_fwd,210000000.0,14407019.926135775,17870103.59616624,0,168
SUB_18222,SUB_18285,meso_SUB_18222_SUB_18285_fwd,60000000.0,23873691.667373616,28066723.601675425,0,168
SUB_18222,SUB_18238,meso_SUB_18222_SUB_18238_fwd,150000000.0,0.0,0.0,0,168
SUB_19246,SUB_19222,meso_SUB_19246_SUB_19222_rev,60000000.0,14831164.057002237,36244620.16785238,0,168
SUB_19246,SUB_19229,meso_SUB_19246_SUB_19229_rev,60000000.0,0.0,0.0,0,168
SUB_19246,SUB_19231,meso_SUB_19246_SUB_19231_rev,60000000.0,834716.0164864848,1344329.9401666701,0,168
SUB_19246,SUB_19241,meso_SUB_19246_SUB_19241_rev,150000000.0,355241.76092619036,482268.0664615533,0,168
SUB_19246,SUB_19243,meso_SUB_19246_SUB_19243_rev,60000000.0,0.0,0.0,0,168
SUB_19246,SUB_HIFLD_2356,meso_SUB_19246_SUB_HIFLD_2356_fwd,150000000.0,0.0,0.0,0,168
SUB_19246,SUB_10293,meso_SUB_19246_SUB_10293_rev,150000000.0,0.0,0.0,0,168
SUB_04285,SUB_04281,meso_SUB_04285_SUB_04281_rev,60000000.0,0.0,0.0,0,168
SUB_04285,SUB_04286,meso_SUB_04285_SUB_04286_fwd,60000000.0,3070269.5804116502,3994207.7953765537,0,168
SUB_04285,SUB_04316,meso_SUB_04285_SUB_04316_fwd,60000000.0,0.0,0.0,0,168
SUB_01338,SUB_01318,meso_SUB_01338_SUB_01318_fwd,5000000.0,0.0,0.0,0,168
SUB_06344,SUB_06332,meso_SUB_06344_SUB_06332_rev,60000000.0,411394.3474411351,3807216.431922519,0,168
SUB_06344,SUB_15215,meso_SUB_06344_SUB_15215_fwd,60000000.0,0.0,0.0,0,168
SUB_06344,SUB_06203,meso_SUB_06344_SUB_06203_rev,60000000.0,0.0,0.0,0,168
SUB_16371,SUB_16368,meso_SUB_16371_SUB_16368_rev,860000000.0,0.0,0.0,0,168
SUB_16371,SUB_25430,meso_SUB_16371_SUB_25430_fwd,800000000.0,7226.706516547266,1214086.6947799406,0,168
SUB_16371,SUB_HIFLD_1851,meso_SUB_16371_SUB_HIFLD_1851_fwd,400000000.0,0.0,0.0,0,168
SUB_16371,WEC_CALN,iface_SUB_16371_WEC_CALN_to_ba,20000000.0,0.0,0.0,0,168
SUB_25295,SUB_25268,meso_SUB_25295_SUB_25268_rev,60000000.0,3020316.453149196,12542571.24337136,0,168
SUB_25295,SUB_25500,meso_SUB_25295_SUB_25500_rev,13281143.865975564,4286812.861410446,11824742.708501128,0,168
SUB_25295,SUB_25273,meso_SUB_25295_SUB_25273_rev,6716844.1774602765,4625685.261496447,5430928.013988377,0,168
SUB_25284,SUB_HIFLD_2511,meso_SUB_25284_SUB_HIFLD_2511_fwd,60000000.0,0.0,0.0,0,168
SUB_25280,SUB_25245,meso_SUB_25280_SUB_25245_rev,80000000.0,0.0,0.0,0,168
SUB_06207,SUB_06202,meso_SUB_06207_SUB_06202_rev,60000000.0,1172039.6957190363,8918557.110029398,0,168
SUB_06207,SUB_06205,meso_SUB_06207_SUB_06205_rev,60000000.0,0.0,0.0,0,168
SUB_06207,SUB_06254,meso_SUB_06207_SUB_06254_fwd,60000000.0,1445072.6642593823,25906010.00050355,0,168
SUB_06207,SUB_06277,meso_SUB_06207_SUB_06277_fwd,60000000.0,16500619.929790214,31069468.163502853,0,168
SUB_16362,SUB_16230,meso_SUB_16362_SUB_16230_rev,60000000.0,0.0,0.0,0,168
SUB_16362,SUB_16312,meso_SUB_16362_SUB_16312_rev,60000000.0,0.0,0.0,0,168
SUB_16362,SUB_16372,meso_SUB_16362_SUB_16372_fwd,60000000.0,0.0,0.0,0,168
SUB_04299,SUB_04201,meso_SUB_04299_SUB_04201_rev,150000000.0,0.0,0.0,0,168
SUB_04299,SUB_04248,meso_SUB_04299_SUB_04248_rev,150000000.0,0.0,0.0,0,168
SUB_10327,SUB_HIFLD_2188,meso_SUB_10327_SUB_HIFLD_2188_fwd,5000000.0,0.0,0.0,0,168
SUB_01302,SUB_01233,meso_SUB_01302_SUB_01233_rev,60000000.0,0.0,0.0,0,168
SUB_08301,SUB_08325,meso_SUB_08301_SUB_08325_fwd,60000000.0,0.0,0.0,0,168
SUB_02286,SUB_02210,meso_SUB_02286_SUB_02210_rev,150000000.0,0.0,0.0,0,168
SUB_02286,SUB_02272,meso_SUB_02286_SUB_02272_rev,60000000.0,14117209.38330348,34046942.50147266,0,168
SUB_02286,SUB_02264,meso_SUB_02286_SUB_02264_rev,150000000.0,0.0,0.0,0,168
SUB_02286,SUB_02270,meso_SUB_02286_SUB_02270_rev,60000000.0,2004786.450662739,5103092.783505155,0,168
SUB_02286,SUB_02244,meso_SUB_02286_SUB_02244_rev,5000000.0,1165316.2555011043,1547422.7118737919,0,168
SUB_01426,SUB_01467,meso_SUB_01426_SUB_01467_fwd,150000000.0,0.0,0.0,0,168
SUB_01426,SUB_04204,meso_SUB_01426_SUB_04204_fwd,150000000.0,0.0,0.0,0,168
SUB_01426,SUB_01437,meso_SUB_01426_SUB_01437_rev,13912289.906423923,9445363.475554237,11320619.060083764,0,168
SUB_15206,SUB_15258,meso_SUB_15206_SUB_15258_fwd,120000000.0,14800711.448871668,54765981.14328286,0,168
SUB_15206,SUB_HIFLD_2010,meso_SUB_15206_SUB_HIFLD_2010_fwd,120000000.0,0.0,0.0,0,168
SUB_10252,SUB_10291,meso_SUB_10252_SUB_10291_fwd,60000000.0,0.0,0.0,0,168
SUB_10252,SUB_10309,meso_SUB_10252_SUB_10309_fwd,60000000.0,2020960.32933068,5018556.732492348,0,168
SUB_15247,SUB_15220,meso_SUB_15247_SUB_15220_rev,60000000.0,0.0,0.0,0,168
SUB_15290,SUB_15215,meso_SUB_15290_SUB_15215_rev,150000000.0,582807.8996753459,12537778.40139767,0,168
SUB_15290,SUB_15375,meso_SUB_15290_SUB_15375_fwd,150000000.0,0.0,0.0,0,168
SUB_15290,SUB_15376,meso_SUB_15290_SUB_15376_fwd,60000000.0,1089541.3050075567,6887561.412693299,0,168
SUB_15290,SUB_15378,meso_SUB_15290_SUB_15378_fwd,150000000.0,2206589.7767011723,23520357.804445878,0,168
SUB_15257,SUB_15246,meso_SUB_15257_SUB_15246_rev,300000000.0,0.0,0.0,0,168
SUB_15257,SUB_HIFLD_597,meso_SUB_15257_SUB_HIFLD_597_fwd,150000000.0,0.0,0.0,0,168
SUB_02281,SUB_02272,meso_SUB_02281_SUB_02272_rev,60000000.0,0.0,0.0,0,168
SUB_02281,SUB_02410,meso_SUB_02281_SUB_02410_fwd,60000000.0,249509.092470449,5572165.2001449745,0,168
SUB_01432,SUB_01365,meso_SUB_01432_SUB_01365_rev,120000000.0,0.0,0.0,0,168
SUB_01432,SUB_16209,meso_SUB_01432_SUB_16209_fwd,60000000.0,22539.273204321245,3786597.8983259695,0,168
SUB_01432,SUB_16374,meso_SUB_01432_SUB_16374_fwd,60000000.0,0.0,0.0,0,168
SUB_16298,SUB_16282,meso_SUB_16298_SUB_16282_rev,150000000.0,0.0,0.0,0,168
SUB_16298,SUB_16357,meso_SUB_16298_SUB_16357_fwd,300000000.0,9604015.43110214,11894845.769823212,0,168
SUB_16298,SUB_16378,meso_SUB_16298_SUB_16378_fwd,150000000.0,0.0,0.0,0,168
SUB_16298,SUB_16261,meso_SUB_16298_SUB_16261_rev,300000000.0,73813313.89584841,129701090.09695406,0,168
SUB_16298,SUB_16319,meso_SUB_16298_SUB_16319_fwd,150000000.0,699452.0462553168,39618555.47838658,0,168
SUB_04328,SUB_04204,meso_SUB_04328_SUB_04204_rev,300000000.0,0.0,0.0,0,168
SUB_04328,SUB_06380,meso_SUB_04328_SUB_06380_fwd,150000000.0,0.0,0.0,0,168
SUB_04328,SUB_04255,meso_SUB_04328_SUB_04255_rev,5000000.0,550575.7243538464,756701.0427258678,0,168
SUB_04328,SUB_04245,meso_SUB_04328_SUB_04245_rev,15678993.01285542,6360750.472715338,8992783.50515464,0,168
SUB_15370,SUB_15244,meso_SUB_15370_SUB_15244_rev,150000000.0,1105328.2708333333,7163776.18828125,0,168
SUB_15203,SUB_15243,meso_SUB_15203_SUB_15243_fwd,120000000.0,0.0,0.0,0,168
SUB_01254,SUB_01211,meso_SUB_01254_SUB_01211_rev,150000000.0,49200971.51528102,63202481.01067148,0,168
SUB_01254,SUB_01318,meso_SUB_01254_SUB_01318_fwd,150000000.0,0.0,0.0,0,168
SUB_01254,SUB_HIFLD_1131,meso_SUB_01254_SUB_HIFLD_1131_fwd,150000000.0,900201.054907254,3458007.0731566125,0,168
SUB_01254,SUB_01201,meso_SUB_01254_SUB_01201_rev,150000000.0,40082205.84432818,54697337.768328555,0,168
SUB_01254,SUB_01380,meso_SUB_01254_SUB_01380_fwd,450000000.0,0.0,0.0,0,168
SUB_01254,SUB_01352,meso_SUB_01254_SUB_01352_rev,5000000.0,437838.4569549186,640206.1777016551,0,168
SUB_01254,SUB_01267,meso_SUB_01254_SUB_01267_rev,5000000.0,643595.5877683299,863917.572965327,0,168
SUB_25468,SUB_25232,meso_SUB_25468_SUB_25232_rev,80000000.0,6205405.5175503865,12659487.055230767,0,168
SUB_25468,SUB_18256,meso_SUB_25468_SUB_18256_rev,13542851.782215439,4207647.61313368,12434049.680616325,0,168
SUB_25468,SUB_25440,meso_SUB_25468_SUB_25440_rev,5000000.0,39179.526636661365,54148.32830429077,0,168
SUB_06381,SUB_06208,meso_SUB_06381_SUB_06208_rev,120000000.0,0.0,0.0,0,168
SUB_04277,SUB_04282,meso_SUB_04277_SUB_04282_fwd,150000000.0,0.0,0.0,0,168
SUB_06283,SUB_06202,meso_SUB_06283_SUB_06202_rev,60000000.0,2699.138273104789,453455.2298816045,0,168
SUB_06283,SUB_06288,meso_SUB_06283_SUB_06288_fwd,60000000.0,0.0,0.0,0,168
SUB_06283,SUB_10285,meso_SUB_06283_SUB_10285_fwd,120000000.0,1110869.894416296,7830928.031685426,0,168
SUB_10326,SUB_10293,meso_SUB_10326_SUB_10293_rev,120000000.0,0.0,0.0,0,168
SUB_10326,SUB_10344,meso_SUB_10326_SUB_10344_fwd,60000000.0,0.0,0.0,0,168
SUB_08377,SUB_08337,meso_SUB_08377_SUB_08337_rev,400000000.0,0.0,0.0,0,168
SUB_08377,SUB_08343,meso_SUB_08377_SUB_08343_rev,400000000.0,0.0,0.0,0,168
SUB_08377,WEC_CALN,iface_SUB_08377_WEC_CALN_to_ba,800000000.0,0.0,0.0,0,168
SUB_01438,SUB_HIFLD_2791,meso_SUB_01438_SUB_HIFLD_2791_fwd,150000000.0,10507986.651570996,61714485.3169784,0,168
SUB_01438,SUB_01376,meso_SUB_01438_SUB_01376_rev,300000000.0,0.0,0.0,0,168
SUB_01438,SUB_HIFLD_28,meso_SUB_01438_SUB_HIFLD_28_fwd,150000000.0,73188523.62700589,150000000.0,11,168
SUB_01438,SUB_HIFLD_3448,meso_SUB_01438_SUB_HIFLD_3448_fwd,150000000.0,20248983.99303195,63880156.43450755,0,168
SUB_25231,SUB_25347,meso_SUB_25231_SUB_25347_fwd,60000000.0,26075422.458605096,50420211.24136434,0,168
SUB_25231,SUB_25367,meso_SUB_25231_SUB_25367_fwd,150000000.0,0.0,0.0,0,168
SUB_25231,SUB_25446,meso_SUB_25231_SUB_25446_fwd,150000000.0,18314.756838550857,26001.49665911173,0,168
SUB_25231,SUB_25537,meso_SUB_25231_SUB_25537_fwd,80000000.0,128431.81747751229,7804375.149913096,0,168
SUB_25231,SUB_25242,meso_SUB_25231_SUB_25242_fwd,150000000.0,11660729.89988755,40911339.34886186,0,168
SUB_16321,SUB_16207,meso_SUB_16321_SUB_16207_rev,120000000.0,1675394.167205025,13531958.951655122,0,168
SUB_16321,SUB_16348,meso_SUB_16321_SUB_16348_fwd,120000000.0,0.0,0.0,0,168
SUB_15378,SUB_15290,meso_SUB_15378_SUB_15290_rev,150000000.0,361368.0235879077,12301999.511718754,0,168
SUB_15378,SUB_15215,meso_SUB_15378_SUB_15215_rev,150000000.0,3750545.6849668026,28538999.633789062,0,168
SUB_04246,SUB_04202,meso_SUB_04246_SUB_04202_rev,60000000.0,0.0,0.0,0,168
SUB_04246,SUB_04230,meso_SUB_04246_SUB_04230_rev,60000000.0,0.0,0.0,0,168
SUB_18282,SUB_18257,meso_SUB_18282_SUB_18257_rev,150000000.0,22646457.60553768,28322688.774351995,0,168
SUB_18282,SUB_18260,meso_SUB_18282_SUB_18260_rev,150000000.0,11519529.813986983,33515464.92429124,0,168
SUB_18282,SUB_18267,meso_SUB_18282_SUB_18267_rev,300000000.0,8651322.878537819,86517569.407795,0,168
SUB_18282,SUB_18281,meso_SUB_18282_SUB_18281_rev,150000000.0,43389971.954958715,52833378.63974351,0,168
SUB_18282,SUB_18301,meso_SUB_18282_SUB_18301_fwd,800000000.0,0.0,0.0,0,168
SUB_18282,SUB_18206,meso_SUB_18282_SUB_18206_rev,150000000.0,26866970.10382988,31976290.16994201,0,168
SUB_18282,WEC_CALN,iface_SUB_18282_WEC_CALN_to_ba,20000000.0,238095.2380952381,20000000.0,2,168
SUB_19239,SUB_19218,meso_SUB_19239_SUB_19218_rev,60000000.0,0.0,0.0,0,168
SUB_19239,SUB_19243,meso_SUB_19239_SUB_19243_fwd,60000000.0,0.0,0.0,0,168
SUB_19239,SUB_19245,meso_SUB_19239_SUB_19245_fwd,60000000.0,0.0,0.0,0,168
SUB_25409,SUB_25234,meso_SUB_25409_SUB_25234_rev,60000000.0,0.0,0.0,0,168
SUB_25409,SUB_HIFLD_2511,meso_SUB_25409_SUB_HIFLD_2511_fwd,60000000.0,16299254.278034886,21144758.93010596,0,168
SUB_25450,SUB_25246,meso_SUB_25450_SUB_25246_rev,150000000.0,636853.0304941287,19558763.44884794,0,168
SUB_25450,SUB_25290,meso_SUB_25450_SUB_25290_rev,300000000.0,0.0,0.0,0,168
SUB_25450,SUB_25318,meso_SUB_25450_SUB_25318_rev,16132904.046452496,11552108.669955302,16132904.046452496,2,168
SUB_25457,SUB_25476,meso_SUB_25457_SUB_25476_fwd,150000000.0,4525887.09984565,16046392.161575789,0,168
SUB_25457,SUB_25526,meso_SUB_25457_SUB_25526_fwd,400000000.0,0.0,0.0,0,168
SUB_25457,WEC_CALN,iface_SUB_25457_WEC_CALN_to_ba,250000000.0,0.0,0.0,0,168
SUB_25431,SUB_25464,meso_SUB_25431_SUB_25464_fwd,16311265.71957324,2779869.738290637,13478902.637435159,0,168
SUB_01380,SUB_01210,meso_SUB_01380_SUB_01210_rev,150000000.0,8654521.989198174,98529319.48700419,0,168
SUB_01380,SUB_01311,meso_SUB_01380_SUB_01311_rev,150000000.0,100274203.50057393,150000000.0,53,168
SUB_01380,SUB_01318,meso_SUB_01380_SUB_01318_rev,150000000.0,1655266.6020931893,2645594.708295415,0,168
SUB_01380,SUB_01353,meso_SUB_01380_SUB_01353_rev,150000000.0,54272393.743032634,142977391.23638016,0,168
SUB_01380,SUB_01365,meso_SUB_01380_SUB_01365_rev,400000000.0,0.0,0.0,0,168
SUB_01380,SUB_01409,meso_SUB_01380_SUB_01409_fwd,400000000.0,7871563.463259816,30869679.965216767,0,168
SUB_01380,SUB_01423,meso_SUB_01380_SUB_01423_fwd,1200000000.0,0.0,0.0,0,168
SUB_01380,SUB_01467,meso_SUB_01380_SUB_01467_fwd,400000000.0,0.0,0.0,0,168
SUB_01380,SUB_01254,meso_SUB_01380_SUB_01254_rev,450000000.0,123269008.67722718,154130539.72101387,0,168
SUB_01380,SUB_01324,meso_SUB_01380_SUB_01324_rev,400000000.0,0.0,0.0,0,168
SUB_01380,SUB_01416,meso_SUB_01380_SUB_01416_fwd,400000000.0,0.0,0.0,0,168
SUB_01380,SUB_04205,meso_SUB_01380_SUB_04205_fwd,400000000.0,215272.04770568883,36165704.01455572,0,168
SUB_01380,SUB_04325,meso_SUB_01380_SUB_04325_fwd,400000000.0,143853.04173433073,5734019.611791237,0,168
SUB_01380,WEC_CALN,iface_SUB_01380_WEC_CALN_to_ba,20000000.0,0.0,0.0,0,168
SUB_18226,SUB_18201,meso_SUB_18226_SUB_18201_rev,60000000.0,0.0,0.0,0,168
SUB_18226,SUB_18220,meso_SUB_18226_SUB_18220_rev,60000000.0,0.0,0.0,0,168
SUB_18226,SUB_18230,meso_SUB_18226_SUB_18230_fwd,60000000.0,1496787.6465464584,2931958.888732281,0,168
SUB_25395,SUB_25277,meso_SUB_25395_SUB_25277_rev,150000000.0,8747.51130689069,956229.2534226883,0,168
SUB_25395,SUB_25337,meso_SUB_25395_SUB_25337_rev,80000000.0,2406023.1884405557,55576098.88709862,0,168
SUB_25395,SUB_25339,meso_SUB_25395_SUB_25339_rev,80000000.0,31923672.732332673,80000000.0,14,168
SUB_25395,SUB_25272,meso_SUB_25395_SUB_25272_rev,150000000.0,0.0,0.0,0,168
SUB_25395,SUB_25545,meso_SUB_25395_SUB_25545_rev,22185812.29071958,205887.87083374336,9249129.651256444,0,168
SUB_25529,SUB_25241,meso_SUB_25529_SUB_25241_rev,300000000.0,0.0,0.0,0,168
SUB_25529,SUB_25427,meso_SUB_25529_SUB_25427_rev,80000000.0,12368372.274369776,20500000.062922843,0,168
SUB_25529,SUB_25206,meso_SUB_25529_SUB_25206_rev,150000000.0,5932444.244286697,19732573.75595024,0,168
SUB_25529,SUB_25285,meso_SUB_25529_SUB_25285_rev,201483235.22442186,113523311.15902278,175899130.82565546,0,168
SUB_25454,SUB_25290,meso_SUB_25454_SUB_25290_rev,300000000.0,0.0,0.0,0,168
SUB_25454,SUB_25355,meso_SUB_25454_SUB_25355_rev,150000000.0,0.0,0.0,0,168
SUB_18206,SUB_18267,meso_SUB_18206_SUB_18267_fwd,300000000.0,0.0,0.0,0,168
SUB_18206,SUB_18281,meso_SUB_18206_SUB_18281_fwd,150000000.0,0.0,0.0,0,168
SUB_18206,SUB_18282,meso_SUB_18206_SUB_18282_fwd,150000000.0,0.0,0.0,0,168
SUB_25365,SUB_25286,meso_SUB_25365_SUB_25286_rev,150000000.0,1935681.0783778387,35286916.80470773,0,168
SUB_25365,SUB_25261,meso_SUB_25365_SUB_25261_rev,150000000.0,0.0,0.0,0,168
SUB_08337,SUB_01223,meso_SUB_08337_SUB_01223_rev,860000000.0,53791614.95215658,159459858.19293278,0,168
SUB_08337,SUB_08202,meso_SUB_08337_SUB_08202_rev,60000000.0,25751157.344588626,60000000.0,24,168
SUB_08337,SUB_08377,meso_SUB_08337_SUB_08377_fwd,400000000.0,0.0,0.0,0,168
SUB_08337,WEC_CALN,iface_SUB_08337_WEC_CALN_to_ba,1080000000.0,0.0,0.0,0,168
SUB_10265,SUB_10249,meso_SUB_10265_SUB_10249_fwd,5000000.0,0.0,0.0,0,168
SUB_10346,SUB_10293,meso_SUB_10346_SUB_10293_rev,150000000.0,49496208.548500426,52751000.12207031,0,168
SUB_HIFLD_1,SUB_HIFLD_1140,meso_SUB_HIFLD_1_SUB_HIFLD_1140_fwd,150000000.0,0.0,0.0,0,168
SUB_HIFLD_1,SUB_HIFLD_28,meso_SUB_HIFLD_1_SUB_HIFLD_28_fwd,150000000.0,0.0,0.0,0,168
SUB_HIFLD_11,SUB_01368,meso_SUB_HIFLD_11_SUB_01368_rev,150000000.0,16244419.99178808,55523712.97620007,0,168
SUB_HIFLD_11,SUB_HIFLD_2791,meso_SUB_HIFLD_11_SUB_HIFLD_2791_fwd,150000000.0,0.0,0.0,0,168
SUB_HIFLD_11,SUB_HIFLD_2989,meso_SUB_HIFLD_11_SUB_HIFLD_2989_fwd,150000000.0,0.0,0.0,0,168
SUB_HIFLD_11,SUB_HIFLD_3448,meso_SUB_HIFLD_11_SUB_HIFLD_3448_fwd,150000000.0,0.0,0.0,0,168
SUB_HIFLD_28,SUB_01209,meso_SUB_HIFLD_28_SUB_01209_rev,150000000.0,58972333.930740766,67115467.44120489,0,168
SUB_HIFLD_28,SUB_HIFLD_1,meso_SUB_HIFLD_28_SUB_HIFLD_1_rev,150000000.0,10387995.440437771,29781425.303036403,0,168
SUB_HIFLD_28,SUB_HIFLD_2989,meso_SUB_HIFLD_28_SUB_HIFLD_2989_fwd,150000000.0,18570021.034373667,59732106.15931845,0,168
SUB_HIFLD_28,SUB_HIFLD_3547,meso_SUB_HIFLD_28_SUB_HIFLD_3547_fwd,150000000.0,10251896.42983438,14532755.30313708,0,168
SUB_HIFLD_28,SUB_01311,meso_SUB_HIFLD_28_SUB_01311_rev,300000000.0,0.0,0.0,0,168
SUB_HIFLD_28,SUB_01438,meso_SUB_HIFLD_28_SUB_01438_rev,150000000.0,0.0,0.0,0,168
SUB_HIFLD_28,SUB_HIFLD_3448,meso_SUB_HIFLD_28_SUB_HIFLD_3448_fwd,150000000.0,0.0,0.0,0,168
SUB_HIFLD_30,SUB_01223,meso_SUB_HIFLD_30_SUB_01223_rev,400000000.0,57098217.76847079,159218647.95861176,0,168
SUB_HIFLD_30,SUB_01365,meso_SUB_HIFLD_30_SUB_01365_rev,1200000000.0,0.0,0.0,0,168
SUB_HIFLD_30,SUB_16242,meso_SUB_HIFLD_30_SUB_16242_rev,400000000.0,0.0,0.0,0,168
SUB_HIFLD_30,SUB_16277,meso_SUB_HIFLD_30_SUB_16277_rev,450000000.0,0.0,0.0,0,168
SUB_HIFLD_30,SUB_16391,meso_SUB_HIFLD_30_SUB_16391_rev,400000000.0,0.0,0.0,0,168
SUB_HIFLD_30,SUB_HIFLD_2318,meso_SUB_HIFLD_30_SUB_HIFLD_2318_rev,150000000.0,1172162.2727959277,21455243.966240495,0,168
SUB_HIFLD_30,SUB_HIFLD_982,meso_SUB_HIFLD_30_SUB_HIFLD_982_fwd,2750000000.0,1640.2611044295152,275563.86554415856,0,168
SUB_HIFLD_30,SUB_01216,meso_SUB_HIFLD_30_SUB_01216_rev,400000000.0,1551526.9496560309,156150521.60254142,0,168
SUB_HIFLD_30,SUB_01222,meso_SUB_HIFLD_30_SUB_01222_rev,800000000.0,323976123.6243791,741845921.8445922,0,168
SUB_HIFLD_30,SUB_01324,meso_SUB_HIFLD_30_SUB_01324_rev,400000000.0,0.0,0.0,0,168
SUB_HIFLD_30,SUB_01459,meso_SUB_HIFLD_30_SUB_01459_rev,400000000.0,45238776.88273531,91193816.94990335,0,168
SUB_HIFLD_30,SUB_06359,meso_SUB_HIFLD_30_SUB_06359_rev,1500000000.0,4290270.7972958395,63497164.71448394,0,168
SUB_HIFLD_30,SUB_16267,meso_SUB_HIFLD_30_SUB_16267_rev,400000000.0,2615178.010535086,14359980.508532101,0,168
SUB_HIFLD_30,SUB_16288,meso_SUB_HIFLD_30_SUB_16288_rev,3000000000.0,27347199.51308759,74520866.22100514,0,168
SUB_HIFLD_30,SUB_16329,meso_SUB_HIFLD_30_SUB_16329_rev,150000000.0,17897627.49005672,24586598.001067173,0,168
SUB_HIFLD_30,SUB_16348,meso_SUB_HIFLD_30_SUB_16348_rev,800000000.0,3716927.224987737,39346531.8724378,0,168
SUB_HIFLD_30,SUB_16380,meso_SUB_HIFLD_30_SUB_16380_rev,150000000.0,20679941.624382515,35753610.260953605,0,168
SUB_HIFLD_30,SUB_HIFLD_1135,meso_SUB_HIFLD_30_SUB_HIFLD_1135_rev,3000000000.0,0.0,0.0,0,168
SUB_HIFLD_30,WEC_CALN,iface_SUB_HIFLD_30_WEC_CALN_to_ba,7850000000.0,0.0,0.0,0,168
SUB_HIFLD_41,SUB_16216,meso_SUB_HIFLD_41_SUB_16216_rev,150000000.0,233039.55101445108,2431335.083838389,0,168
SUB_HIFLD_41,SUB_HIFLD_2947,meso_SUB_HIFLD_41_SUB_HIFLD_2947_rev,150000000.0,23521410.897835165,33090690.405109122,0,168
SUB_HIFLD_41,SUB_16369,meso_SUB_HIFLD_41_SUB_16369_rev,150000000.0,1133878.7334949642,1470103.1399756363,0,168
SUB_HIFLD_41,SUB_16356,meso_SUB_HIFLD_41_SUB_16356_rev,5000000.0,0.0,0.0,0,168
SUB_HIFLD_48,SUB_18304,meso_SUB_HIFLD_48_SUB_18304_rev,150000000.0,0.0,0.0,0,168
SUB_HIFLD_48,SUB_HIFLD_3903,meso_SUB_HIFLD_48_SUB_HIFLD_3903_rev,150000000.0,0.0,0.0,0,168
SUB_HIFLD_48,SUB_HIFLD_4291,meso_SUB_HIFLD_48_SUB_HIFLD_4291_rev,150000000.0,0.0,0.0,0,168
SUB_HIFLD_48,SUB_18310,meso_SUB_HIFLD_48_SUB_18310_rev,150000000.0,5208111.559156699,7182474.289726965,0,168
SUB_HIFLD_135,SUB_HIFLD_3267,meso_SUB_HIFLD_135_SUB_HIFLD_3267_fwd,80000000.0,0.0,0.0,0,168
SUB_HIFLD_135,SUB_HIFLD_136,meso_SUB_HIFLD_135_SUB_HIFLD_136_fwd,160000000.0,0.0,0.0,0,168
SUB_HIFLD_135,SUB_HIFLD_140,meso_SUB_HIFLD_135_SUB_HIFLD_140_fwd,80000000.0,0.0,0.0,0,168
SUB_HIFLD_136,SUB_HIFLD_141,meso_SUB_HIFLD_136_SUB_HIFLD_141_fwd,150000000.0,0.0,0.0,0,168
SUB_HIFLD_136,SUB_HIFLD_3269,meso_SUB_HIFLD_136_SUB_HIFLD_3269_fwd,80000000.0,47366.38905943992,2435195.7026216174,0,168
SUB_HIFLD_136,SUB_HIFLD_3270,meso_SUB_HIFLD_136_SUB_HIFLD_3270_fwd,80000000.0,17851.129838225304,553602.1596377657,0,168
SUB_HIFLD_136,SUB_HIFLD_135,meso_SUB_HIFLD_136_SUB_HIFLD_135_rev,160000000.0,41797.05670281843,1528078.1224830863,0,168
SUB_HIFLD_136,SUB_HIFLD_138,meso_SUB_HIFLD_136_SUB_HIFLD_138_fwd,80000000.0,734662.1213897633,3442603.3570594396,0,168
SUB_HIFLD_136,SUB_HIFLD_142,meso_SUB_HIFLD_136_SUB_HIFLD_142_fwd,160000000.0,2859703.511866699,3574734.8989486694,0,168
SUB_HIFLD_138,SUB_HIFLD_3269,meso_SUB_HIFLD_138_SUB_HIFLD_3269_fwd,80000000.0,0.0,0.0,0,168
SUB_HIFLD_138,SUB_HIFLD_136,meso_SUB_HIFLD_138_SUB_HIFLD_136_rev,80000000.0,0.0,0.0,0,168
SUB_HIFLD_139,SUB_HIFLD_146,meso_SUB_HIFLD_139_SUB_HIFLD_146_fwd,80000000.0,0.0,0.0,0,168
SUB_HIFLD_139,SUB_HIFLD_3268,meso_SUB_HIFLD_139_SUB_HIFLD_3268_fwd,80000000.0,0.0,0.0,0,168
SUB_HIFLD_139,SUB_HIFLD_142,meso_SUB_HIFLD_139_SUB_HIFLD_142_fwd,160000000.0,0.0,0.0,0,168
SUB_HIFLD_140,SUB_HIFLD_3268,meso_SUB_HIFLD_140_SUB_HIFLD_3268_fwd,80000000.0,0.0,0.0,0,168
SUB_HIFLD_140,SUB_HIFLD_135,meso_SUB_HIFLD_140_SUB_HIFLD_135_rev,80000000.0,0.0,0.0,0,168
SUB_HIFLD_140,SUB_HIFLD_142,meso_SUB_HIFLD_140_SUB_HIFLD_142_fwd,80000000.0,0.0,0.0,0,168
SUB_HIFLD_141,SUB_HIFLD_136,meso_SUB_HIFLD_141_SUB_HIFLD_136_rev,150000000.0,4359519.309043884,4509845.680236816,0,168
SUB_HIFLD_141,WEC_CALN,iface_SUB_HIFLD_141_WEC_CALN_to_ba,5000000.0,0.0,0.0,0,168
SUB_HIFLD_142,SUB_HIFLD_3268,meso_SUB_HIFLD_142_SUB_HIFLD_3268_fwd,80000000.0,0.0,0.0,0,168
SUB_HIFLD_142,SUB_HIFLD_3269,meso_SUB_HIFLD_142_SUB_HIFLD_3269_fwd,80000000.0,0.0,0.0,0,168
SUB_HIFLD_142,SUB_HIFLD_136,meso_SUB_HIFLD_142_SUB_HIFLD_136_rev,160000000.0,0.0,0.0,0,168
SUB_HIFLD_142,SUB_HIFLD_139,meso_SUB_HIFLD_142_SUB_HIFLD_139_rev,160000000.0,0.0,0.0,0,168
SUB_HIFLD_142,SUB_HIFLD_140,meso_SUB_HIFLD_142_SUB_HIFLD_140_rev,80000000.0,0.0,0.0,0,168
SUB_HIFLD_146,SUB_HIFLD_139,meso_SUB_HIFLD_146_SUB_HIFLD_139_rev,80000000.0,0.0,0.0,0,168
SUB_HIFLD_147,SUB_HIFLD_148,meso_SUB_HIFLD_147_SUB_HIFLD_148_fwd,60000000.0,0.0,0.0,0,168
SUB_HIFLD_148,SUB_HIFLD_147,meso_SUB_HIFLD_148_SUB_HIFLD_147_rev,60000000.0,9149837.407798937,13109561.959492791,0,168
SUB_HIFLD_148,SUB_HIFLD_3065,meso_SUB_HIFLD_148_SUB_HIFLD_3065_fwd,31564453.056745507,0.0,0.0,0,168
SUB_HIFLD_189,SUB_HIFLD_217,meso_SUB_HIFLD_189_SUB_HIFLD_217_fwd,60000000.0,0.0,0.0,0,168
SUB_HIFLD_189,SUB_25406,meso_SUB_HIFLD_189_SUB_25406_rev,5000000.0,610828.7318758246,856534.0337065078,0,168
SUB_HIFLD_217,SUB_25234,meso_SUB_HIFLD_217_SUB_25234_rev,60000000.0,0.0,0.0,0,168
SUB_HIFLD_217,SUB_HIFLD_189,meso_SUB_HIFLD_217_SUB_HIFLD_189_rev,60000000.0,629720.3421400253,883024.7770170182,0,168
SUB_HIFLD_217,SUB_25460,meso_SUB_HIFLD_217_SUB_25460_rev,5000000.0,1789587.5308112183,2872164.854069346,0,168
SUB_HIFLD_255,SUB_19222,meso_SUB_HIFLD_255_SUB_19222_rev,150000000.0,1885044.1184337083,2231566.247055211,0,168
SUB_HIFLD_255,SUB_19231,meso_SUB_HIFLD_255_SUB_19231_rev,150000000.0,287911.9003278459,1356701.089917999,0,168
SUB_HIFLD_255,SUB_19232,meso_SUB_HIFLD_255_SUB_19232_rev,5000000.0,267043.98123844614,336082.4742268041,0,168
SUB_HIFLD_273,SUB_19217,meso_SUB_HIFLD_273_SUB_19217_rev,60000000.0,0.0,0.0,0,168
SUB_HIFLD_326,SUB_HIFLD_1248,meso_SUB_HIFLD_326_SUB_HIFLD_1248_rev,80000000.0,0.0,0.0,0,168
SUB_HIFLD_326,SUB_HIFLD_364,meso_SUB_HIFLD_326_SUB_HIFLD_364_fwd,80000000.0,0.0,0.0,0,168
SUB_HIFLD_335,SUB_25293,meso_SUB_HIFLD_335_SUB_25293_rev,160000000.0,53535548.69109984,87000000.0,0,168
SUB_HIFLD_335,SUB_HIFLD_364,meso_SUB_HIFLD_335_SUB_HIFLD_364_fwd,80000000.0,0.0,0.0,0,168
SUB_HIFLD_364,SUB_HIFLD_1248,meso_SUB_HIFLD_364_SUB_HIFLD_1248_rev,80000000.0,0.0,0.0,0,168
SUB_HIFLD_364,SUB_HIFLD_326,meso_SUB_HIFLD_364_SUB_HIFLD_326_rev,80000000.0,0.0,0.0,0,168
SUB_HIFLD_364,SUB_HIFLD_335,meso_SUB_HIFLD_364_SUB_HIFLD_335_rev,80000000.0,0.0,0.0,0,168
SUB_HIFLD_369,SUB_25391,meso_SUB_HIFLD_369_SUB_25391_fwd,5000000.0,0.0,0.0,0,168
SUB_HIFLD_411,SUB_25297,meso_SUB_HIFLD_411_SUB_25297_rev,80000000.0,0.0,0.0,0,168
SUB_HIFLD_411,SUB_25429,meso_SUB_HIFLD_411_SUB_25429_rev,12009059.015589314,11208389.364963407,12009059.015589314,55,168
SUB_HIFLD_459,SUB_HIFLD_2722,meso_SUB_HIFLD_459_SUB_HIFLD_2722_rev,60000000.0,0.0,0.0,0,168
SUB_HIFLD_459,SUB_25371,meso_SUB_HIFLD_459_SUB_25371_rev,5000000.0,2090193.6356437285,2919700.44952078,0,168
SUB_HIFLD_464,WEC_CALN,iface_SUB_HIFLD_464_WEC_CALN_to_ba,5000000.0,0.0,0.0,0,168
SUB_HIFLD_481,SUB_HIFLD_1860,meso_SUB_HIFLD_481_SUB_HIFLD_1860_rev,80000000.0,0.0,0.0,0,168
SUB_HIFLD_481,SUB_HIFLD_1864,meso_SUB_HIFLD_481_SUB_HIFLD_1864_rev,160000000.0,0.0,0.0,0,168
SUB_HIFLD_482,SUB_10236,meso_SUB_HIFLD_482_SUB_10236_rev,60000000.0,0.0,0.0,0,168
SUB_HIFLD_482,SUB_10330,meso_SUB_HIFLD_482_SUB_10330_rev,60000000.0,0.0,0.0,0,168
SUB_HIFLD_482,SUB_10355,meso_SUB_HIFLD_482_SUB_10355_rev,60000000.0,11772497.763632758,13585257.322886657,0,168
SUB_HIFLD_523,SUB_10255,meso_SUB_HIFLD_523_SUB_10255_rev,60000000.0,0.0,0.0,0,168
SUB_HIFLD_523,SUB_HIFLD_1327,meso_SUB_HIFLD_523_SUB_HIFLD_1327_rev,60000000.0,1062812.201084068,1062812.2010840683,0,168
SUB_HIFLD_523,SUB_HIFLD_4077,meso_SUB_HIFLD_523_SUB_HIFLD_4077_rev,5000000.0,0.0,0.0,0,168
SUB_HIFLD_595,SUB_06204,meso_SUB_HIFLD_595_SUB_06204_rev,150000000.0,41529688.241310835,105395865.16762932,0,168
SUB_HIFLD_595,SUB_06246,meso_SUB_HIFLD_595_SUB_06246_rev,300000000.0,111663.45614543228,6852577.130819106,0,168
SUB_HIFLD_595,SUB_06313,meso_SUB_HIFLD_595_SUB_06313_rev,300000000.0,69281034.87427643,99346192.38187839,0,168
SUB_HIFLD_595,SUB_15375,meso_SUB_HIFLD_595_SUB_15375_rev,150000000.0,370832.69587367226,21089001.19042201,0,168
SUB_HIFLD_595,SUB_16368,meso_SUB_HIFLD_595_SUB_16368_rev,400000000.0,0.0,0.0,0,168
SUB_HIFLD_597,SUB_HIFLD_4127,meso_SUB_HIFLD_597_SUB_HIFLD_4127_rev,150000000.0,0.0,0.0,0,168
SUB_HIFLD_597,SUB_15226,meso_SUB_HIFLD_597_SUB_15226_rev,300000000.0,0.0,0.0,0,168
SUB_HIFLD_597,SUB_15246,meso_SUB_HIFLD_597_SUB_15246_rev,150000000.0,7193482.279379073,59836700.64898708,0,168
SUB_HIFLD_597,SUB_15257,meso_SUB_HIFLD_597_SUB_15257_rev,150000000.0,10993040.931555394,37348455.621778354,0,168
SUB_HIFLD_597,SUB_15361,meso_SUB_HIFLD_597_SUB_15361_rev,300000000.0,48628112.11899318,138372984.49487272,0,168
SUB_HIFLD_597,SUB_16368,meso_SUB_HIFLD_597_SUB_16368_rev,150000000.0,3046101.02569808,78111154.74032609,0,168
SUB_HIFLD_597,SUB_16391,meso_SUB_HIFLD_597_SUB_16391_rev,800000000.0,2955952.1001523947,42258253.871230856,0,168
SUB_HIFLD_597,SUB_HIFLD_2010,meso_SUB_HIFLD_597_SUB_HIFLD_2010_rev,150000000.0,724193.6283751959,21565387.4761017,0,168
SUB_HIFLD_597,WEC_CALN,iface_SUB_HIFLD_597_WEC_CALN_to_ba,1441402012.6795325,1709771.6443698953,42633976.21897582,0,168
SUB_HIFLD_659,SUB_15376,meso_SUB_HIFLD_659_SUB_15376_rev,60000000.0,7734859.4477311745,19400000.0,0,168
SUB_HIFLD_659,WEC_CALN,iface_SUB_HIFLD_659_WEC_CALN_to_ba,20000000.0,0.0,0.0,0,168
SUB_HIFLD_982,SUB_01435,meso_SUB_HIFLD_982_SUB_01435_rev,150000000.0,3108708.7332901414,150000000.0,1,168
SUB_HIFLD_982,SUB_16237,meso_SUB_HIFLD_982_SUB_16237_rev,150000000.0,27889217.36050973,88224572.50742131,0,168
SUB_HIFLD_982,SUB_16348,meso_SUB_HIFLD_982_SUB_16348_rev,400000000.0,6307999.863593763,86612227.14936568,0,168
SUB_HIFLD_982,SUB_25367,meso_SUB_HIFLD_982_SUB_25367_rev,2050000000.0,0.0,0.0,0,168
SUB_HIFLD_982,SUB_HIFLD_30,meso_SUB_HIFLD_982_SUB_HIFLD_30_rev,2750000000.0,13146502.521338198,291021214.8418723,0,168
SUB_HIFLD_982,WEC_CALN,iface_SUB_HIFLD_982_WEC_CALN_to_ba,20000000.0,0.0,0.0,0,168
SUB_HIFLD_1062,SUB_10349,meso_SUB_HIFLD_1062_SUB_10349_fwd,5000000.0,0.0,0.0,0,168
SUB_HIFLD_1131,SUB_01201,meso_SUB_HIFLD_1131_SUB_01201_rev,150000000.0,169163.90245842256,17288822.83630371,0,168
SUB_HIFLD_1131,SUB_01254,meso_SUB_HIFLD_1131_SUB_01254_rev,150000000.0,0.0,0.0,0,168
SUB_HIFLD_1131,SUB_HIFLD_1139,meso_SUB_HIFLD_1131_SUB_HIFLD_1139_fwd,150000000.0,0.0,0.0,0,168
SUB_HIFLD_1135,SUB_16374,meso_SUB_HIFLD_1135_SUB_16374_rev,60000000.0,0.0,0.0,0,168
SUB_HIFLD_1135,SUB_16288,meso_SUB_HIFLD_1135_SUB_16288_rev,1500000000.0,17567356.98622821,65682318.17815722,0,168
SUB_HIFLD_1135,SUB_HIFLD_30,meso_SUB_HIFLD_1135_SUB_HIFLD_30_fwd,3000000000.0,0.0,0.0,0,168
SUB_HIFLD_1139,SUB_HIFLD_1140,meso_SUB_HIFLD_1139_SUB_HIFLD_1140_fwd,150000000.0,22600604.78825517,36139281.61621094,0,168
SUB_HIFLD_1139,SUB_HIFLD_4231,meso_SUB_HIFLD_1139_SUB_HIFLD_4231_fwd,150000000.0,5222334.28163619,23864160.81505215,0,168
SUB_HIFLD_1139,SUB_HIFLD_1131,meso_SUB_HIFLD_1139_SUB_HIFLD_1131_rev,150000000.0,1851154.5379294497,20670563.788659796,0,168
SUB_HIFLD_1140,SUB_HIFLD_1,meso_SUB_HIFLD_1140_SUB_HIFLD_1_rev,150000000.0,11936169.45659889,23641734.240722656,0,168
SUB_HIFLD_1140,SUB_HIFLD_1139,meso_SUB_HIFLD_1140_SUB_HIFLD_1139_rev,150000000.0,0.0,0.0,0,168
SUB_HIFLD_1153,SUB_HIFLD_1833,meso_SUB_HIFLD_1153_SUB_HIFLD_1833_fwd,150000000.0,0.0,0.0,0,168
SUB_HIFLD_1153,SUB_HIFLD_2705,meso_SUB_HIFLD_1153_SUB_HIFLD_2705_fwd,150000000.0,0.0,0.0,0,168
SUB_HIFLD_1153,SUB_HIFLD_3623,meso_SUB_HIFLD_1153_SUB_HIFLD_3623_fwd,150000000.0,0.0,0.0,0,168
SUB_HIFLD_1232,SUB_25277,meso_SUB_HIFLD_1232_SUB_25277_rev,80000000.0,3391462.375239016,9960000.0,0,168
SUB_HIFLD_1232,SUB_25297,meso_SUB_HIFLD_1232_SUB_25297_rev,80000000.0,6568537.624760983,9960000.0,0,168
SUB_HIFLD_1248,SUB_HIFLD_326,meso_SUB_HIFLD_1248_SUB_HIFLD_326_fwd,80000000.0,0.0,0.0,0,168
SUB_HIFLD_1248,SUB_HIFLD_364,meso_SUB_HIFLD_1248_SUB_HIFLD_364_fwd,80000000.0,0.0,0.0,0,168
SUB_HIFLD_1294,SUB_10372,meso_SUB_HIFLD_1294_SUB_10372_rev,400000000.0,32781428.18051222,32791408.81371498,0,168
SUB_HIFLD_1294,SUB_HIFLD_1295,meso_SUB_HIFLD_1294_SUB_HIFLD_1295_rev,5000000.0,0.0,0.0,0,168
SUB_HIFLD_1295,SUB_HIFLD_1294,meso_SUB_HIFLD_1295_SUB_HIFLD_1294_fwd,5000000.0,5000000.0,5000000.0,168,168
SUB_HIFLD_1297,SUB_10132,meso_SUB_HIFLD_1297_SUB_10132_rev,400000000.0,0.0,0.0,0,168
SUB_HIFLD_1297,WEC_CALN,iface_SUB_HIFLD_1297_WEC_CALN_to_ba,400000000.0,68776531.05098364,68784729.16388512,0,168
SUB_HIFLD_1327,SUB_HIFLD_2193,meso_SUB_HIFLD_1327_SUB_HIFLD_2193_fwd,60000000.0,1030927.8350515461,1030927.8350515463,0,168
SUB_HIFLD_1327,SUB_HIFLD_3082,meso_SUB_HIFLD_1327_SUB_HIFLD_3082_fwd,60000000.0,0.0,0.0,0,168
SUB_HIFLD_1327,SUB_HIFLD_523,meso_SUB_HIFLD_1327_SUB_HIFLD_523_fwd,60000000.0,0.0,0.0,0,168
SUB_HIFLD_1332,SUB_HIFLD_2003,meso_SUB_HIFLD_1332_SUB_HIFLD_2003_fwd,60000000.0,1954308.3953986168,2939043.5484266775,0,168
SUB_HIFLD_1332,SUB_HIFLD_2009,meso_SUB_HIFLD_1332_SUB_HIFLD_2009_fwd,60000000.0,0.0,0.0,0,168
SUB_HIFLD_1332,SUB_HIFLD_2751,meso_SUB_HIFLD_1332_SUB_HIFLD_2751_fwd,60000000.0,461371.8887374983,3341478.8786897953,0,168
SUB_HIFLD_1333,SUB_HIFLD_1917,meso_SUB_HIFLD_1333_SUB_HIFLD_1917_fwd,60000000.0,0.0,0.0,0,168
SUB_HIFLD_1333,SUB_HIFLD_2005,meso_SUB_HIFLD_1333_SUB_HIFLD_2005_fwd,60000000.0,14998638.35561923,22769301.906723235,0,168
SUB_HIFLD_1333,SUB_HIFLD_2009,meso_SUB_HIFLD_1333_SUB_HIFLD_2009_fwd,60000000.0,4089321.6604918083,9188476.240084385,0,168
SUB_HIFLD_1357,SUB_06364,meso_SUB_HIFLD_1357_SUB_06364_rev,1010000000.0,46401518.23309771,106640240.42834459,0,168
SUB_HIFLD_1357,SUB_10225,meso_SUB_HIFLD_1357_SUB_10225_rev,800000000.0,0.0,0.0,0,168
SUB_HIFLD_1357,SUB_HIFLD_2010,meso_SUB_HIFLD_1357_SUB_HIFLD_2010_fwd,400000000.0,50878889.04765842,154552940.688107,0,168
SUB_HIFLD_1357,WEC_CALN,iface_SUB_HIFLD_1357_WEC_CALN_to_ba,20000000.0,783386.8696576202,20000000.0,2,168
SUB_HIFLD_1360,SUB_04350,meso_SUB_HIFLD_1360_SUB_04350_rev,19717187.894974396,0.0,0.0,0,168
SUB_HIFLD_1396,WEC_CALN,iface_SUB_HIFLD_1396_WEC_CALN_to_ba,5000000.0,0.0,0.0,0,168
SUB_HIFLD_1418,SUB_HIFLD_2058,meso_SUB_HIFLD_1418_SUB_HIFLD_2058_fwd,120000000.0,0.0,0.0,0,168
SUB_HIFLD_1418,SUB_HIFLD_2062,meso_SUB_HIFLD_1418_SUB_HIFLD_2062_fwd,60000000.0,6084249.196954374,17277581.204586573,0,168
SUB_HIFLD_1418,SUB_02402,meso_SUB_HIFLD_1418_SUB_02402_rev,50275614.09022589,27573609.94154528,35821649.98791882,0,168
SUB_HIFLD_1423,SUB_01222,meso_SUB_HIFLD_1423_SUB_01222_rev,300000000.0,0.0,0.0,0,168
SUB_HIFLD_1423,SUB_08246,meso_SUB_HIFLD_1423_SUB_08246_rev,150000000.0,0.0,0.0,0,168
SUB_HIFLD_1423,SUB_HIFLD_2117,meso_SUB_HIFLD_1423_SUB_HIFLD_2117_fwd,150000000.0,0.0,0.0,0,168
SUB_HIFLD_1423,SUB_HIFLD_3161,meso_SUB_HIFLD_1423_SUB_HIFLD_3161_fwd,60000000.0,0.0,0.0,0,168
SUB_HIFLD_1423,SUB_HIFLD_3263,meso_SUB_HIFLD_1423_SUB_HIFLD_3263_fwd,150000000.0,0.0,0.0,0,168
SUB_HIFLD_1423,SUB_HIFLD_3165,meso_SUB_HIFLD_1423_SUB_HIFLD_3165_fwd,300000000.0,0.0,0.0,0,168
SUB_HIFLD_1423,SUB_HIFLD_3170,meso_SUB_HIFLD_1423_SUB_HIFLD_3170_fwd,300000000.0,0.0,0.0,0,168
SUB_HIFLD_1815,SUB_04341,meso_SUB_HIFLD_1815_SUB_04341_fwd,5000000.0,1400000.0,1400000.0,0,168
SUB_HIFLD_1823,SUB_04341,meso_SUB_HIFLD_1823_SUB_04341_fwd,5000000.0,0.0,0.0,0,168
SUB_HIFLD_1827,SUB_04341,meso_SUB_HIFLD_1827_SUB_04341_rev,300000000.0,0.0,0.0,0,168
SUB_HIFLD_1827,SUB_HIFLD_3212,meso_SUB_HIFLD_1827_SUB_HIFLD_3212_fwd,150000000.0,0.0,0.0,0,168
SUB_HIFLD_1829,SUB_25470,meso_SUB_HIFLD_1829_SUB_25470_rev,150000000.0,166332.15479600296,16674730.061009986,0,168
SUB_HIFLD_1829,SUB_HIFLD_2705,meso_SUB_HIFLD_1829_SUB_HIFLD_2705_fwd,150000000.0,0.0,0.0,0,168
SUB_HIFLD_1829,SUB_HIFLD_1844,meso_SUB_HIFLD_1829_SUB_HIFLD_1844_fwd,150000000.0,0.0,0.0,0,168
SUB_HIFLD_1832,SUB_HIFLD_3356,meso_SUB_HIFLD_1832_SUB_HIFLD_3356_fwd,150000000.0,0.0,0.0,0,168
SUB_HIFLD_1832,SUB_HIFLD_1848,meso_SUB_HIFLD_1832_SUB_HIFLD_1848_fwd,150000000.0,0.0,0.0,0,168
SUB_HIFLD_1833,SUB_25388,meso_SUB_HIFLD_1833_SUB_25388_rev,150000000.0,35314854.529395066,57220148.375601806,0,168
SUB_HIFLD_1833,SUB_HIFLD_1153,meso_SUB_HIFLD_1833_SUB_HIFLD_1153_rev,150000000.0,3293810.0230352907,12916241.864076594,0,168
SUB_HIFLD_1833,SUB_HIFLD_1840,meso_SUB_HIFLD_1833_SUB_HIFLD_1840_fwd,150000000.0,0.0,0.0,0,168
SUB_HIFLD_1833,SUB_HIFLD_3623,meso_SUB_HIFLD_1833_SUB_HIFLD_3623_fwd,150000000.0,13103007.400318353,30660188.218046926,0,168
SUB_HIFLD_1833,SUB_HIFLD_1836,meso_SUB_HIFLD_1833_SUB_HIFLD_1836_fwd,150000000.0,2361676.230896438,3502016.425378544,0,168
SUB_HIFLD_1833,SUB_HIFLD_1851,meso_SUB_HIFLD_1833_SUB_HIFLD_1851_fwd,150000000.0,0.0,0.0,0,168
SUB_HIFLD_1833,SUB_HIFLD_2705,meso_SUB_HIFLD_1833_SUB_HIFLD_2705_fwd,150000000.0,574.7536384605478,96558.61126137203,0,168
SUB_HIFLD_1833,SUB_25361,meso_SUB_HIFLD_1833_SUB_25361_rev,54010706.83741552,29608515.434471138,49902062.23320715,0,168
SUB_HIFLD_1836,SUB_HIFLD_3623,meso_SUB_HIFLD_1836_SUB_HIFLD_3623_fwd,150000000.0,0.0,0.0,0,168
SUB_HIFLD_1836,SUB_HIFLD_1833,meso_SUB_HIFLD_1836_SUB_HIFLD_1833_rev,150000000.0,0.0,0.0,0,168
SUB_HIFLD_1840,SUB_HIFLD_1833,meso_SUB_HIFLD_1840_SUB_HIFLD_1833_rev,150000000.0,1147248.2687165004,25112771.964223802,0,168
SUB_HIFLD_1840,SUB_HIFLD_1851,meso_SUB_HIFLD_1840_SUB_HIFLD_1851_fwd,150000000.0,0.0,0.0,0,168
SUB_HIFLD_1844,SUB_HIFLD_1829,meso_SUB_HIFLD_1844_SUB_HIFLD_1829_rev,150000000.0,0.0,0.0,0,168
SUB_HIFLD_1844,SUB_HIFLD_2705,meso_SUB_HIFLD_1844_SUB_HIFLD_2705_fwd,150000000.0,0.0,0.0,0,168
SUB_HIFLD_1844,SUB_25226,meso_SUB_HIFLD_1844_SUB_25226_rev,25345408.237502392,15221816.179877589,23326804.375402708,0,168
SUB_HIFLD_1845,SUB_25245,meso_SUB_HIFLD_1845_SUB_25245_rev,60000000.0,974375.5723556599,35937671.309807755,0,168
SUB_HIFLD_1845,SUB_25281,meso_SUB_HIFLD_1845_SUB_25281_rev,140000000.0,0.0,0.0,0,168
SUB_HIFLD_1845,SUB_HIFLD_1851,meso_SUB_HIFLD_1845_SUB_HIFLD_1851_fwd,150000000.0,0.0,0.0,0,168
SUB_HIFLD_1845,SUB_HIFLD_2705,meso_SUB_HIFLD_1845_SUB_HIFLD_2705_fwd,150000000.0,38120737.800744735,52293541.17458024,0,168
SUB_HIFLD_1848,SUB_HIFLD_3356,meso_SUB_HIFLD_1848_SUB_HIFLD_3356_fwd,150000000.0,0.0,0.0,0,168
SUB_HIFLD_1848,SUB_HIFLD_1832,meso_SUB_HIFLD_1848_SUB_HIFLD_1832_rev,150000000.0,0.0,0.0,0,168
SUB_HIFLD_1851,SUB_16371,meso_SUB_HIFLD_1851_SUB_16371_rev,400000000.0,1982338.9265500288,16673170.455460696,0,168
SUB_HIFLD_1851,SUB_25242,meso_SUB_HIFLD_1851_SUB_25242_rev,150000000.0,16615170.703546394,40911339.380323276,0,168
SUB_HIFLD_1851,SUB_25245,meso_SUB_HIFLD_1851_SUB_25245_rev,300000000.0,40622419.289133616,106794141.3770647,0,168
SUB_HIFLD_1851,SUB_25430,meso_SUB_HIFLD_1851_SUB_25430_rev,400000000.0,0.0,0.0,0,168
SUB_HIFLD_1851,SUB_25461,meso_SUB_HIFLD_1851_SUB_25461_rev,400000000.0,0.0,0.0,0,168
SUB_HIFLD_1851,SUB_25536,meso_SUB_HIFLD_1851_SUB_25536_rev,300000000.0,683115.6544857926,19327821.4130205,0,168
SUB_HIFLD_1851,SUB_HIFLD_1840,meso_SUB_HIFLD_1851_SUB_HIFLD_1840_rev,150000000.0,11175503.527069237,38965781.66918207,0,168
SUB_HIFLD_1851,SUB_HIFLD_1845,meso_SUB_HIFLD_1851_SUB_HIFLD_1845_rev,150000000.0,210138.9259613339,15241415.256041178,0,168
SUB_HIFLD_1851,SUB_25512,meso_SUB_HIFLD_1851_SUB_25512_rev,400000000.0,19926969.551749773,67411093.08029339,0,168
SUB_HIFLD_1851,SUB_HIFLD_1833,meso_SUB_HIFLD_1851_SUB_HIFLD_1833_rev,150000000.0,103130567.66590261,150000000.0,24,168
SUB_HIFLD_1851,WEC_CALN,iface_SUB_HIFLD_1851_WEC_CALN_to_ba,1600000000.0,0.0,0.0,0,168
SUB_HIFLD_1853,SUB_HIFLD_1866,meso_SUB_HIFLD_1853_SUB_HIFLD_1866_fwd,80000000.0,189497.38139314984,237532.35413856112,0,168
SUB_HIFLD_1853,SUB_HIFLD_1867,meso_SUB_HIFLD_1853_SUB_HIFLD_1867_fwd,80000000.0,0.0,0.0,0,168
SUB_HIFLD_1854,SUB_HIFLD_1856,meso_SUB_HIFLD_1854_SUB_HIFLD_1856_fwd,80000000.0,294043.56798589614,368579.54398872925,0,168
SUB_HIFLD_1854,SUB_HIFLD_2514,meso_SUB_HIFLD_1854_SUB_HIFLD_2514_fwd,400000000.0,0.0,0.0,0,168
SUB_HIFLD_1854,SUB_HIFLD_3436,meso_SUB_HIFLD_1854_SUB_HIFLD_3436_fwd,80000000.0,312878.8294544042,392189.27560393343,0,168
SUB_HIFLD_1854,SUB_HIFLD_1862,meso_SUB_HIFLD_1854_SUB_HIFLD_1862_fwd,400000000.0,0.0,0.0,0,168
SUB_HIFLD_1854,WEC_CALN,iface_SUB_HIFLD_1854_WEC_CALN_to_ba,20000000.0,0.0,0.0,0,168
SUB_HIFLD_1856,SUB_HIFLD_1854,meso_SUB_HIFLD_1856_SUB_HIFLD_1854_rev,80000000.0,0.0,0.0,0,168
SUB_HIFLD_1860,SUB_HIFLD_3104,meso_SUB_HIFLD_1860_SUB_HIFLD_3104_fwd,80000000.0,0.0,0.0,0,168
SUB_HIFLD_1860,SUB_HIFLD_481,meso_SUB_HIFLD_1860_SUB_HIFLD_481_fwd,80000000.0,0.0,0.0,0,168
SUB_HIFLD_1862,SUB_HIFLD_1854,meso_SUB_HIFLD_1862_SUB_HIFLD_1854_rev,400000000.0,1691134.0171396718,2539420.7070061066,0,168
SUB_HIFLD_1862,SUB_10372,meso_SUB_HIFLD_1862_SUB_10372_fwd,6658169.239684471,0.0,0.0,0,168
SUB_HIFLD_1864,SUB_HIFLD_3104,meso_SUB_HIFLD_1864_SUB_HIFLD_3104_fwd,80000000.0,0.0,0.0,0,168
SUB_HIFLD_1864,SUB_HIFLD_481,meso_SUB_HIFLD_1864_SUB_HIFLD_481_fwd,160000000.0,0.0,0.0,0,168
SUB_HIFLD_1866,SUB_HIFLD_1853,meso_SUB_HIFLD_1866_SUB_HIFLD_1853_rev,80000000.0,0.0,0.0,0,168
SUB_HIFLD_1867,SUB_HIFLD_1853,meso_SUB_HIFLD_1867_SUB_HIFLD_1853_rev,80000000.0,263154.01024253207,329859.9231102499,0,168
SUB_HIFLD_1867,SUB_HIFLD_3283,meso_SUB_HIFLD_1867_SUB_HIFLD_3283_fwd,80000000.0,0.0,0.0,0,168
SUB_HIFLD_1917,SUB_HIFLD_1333,meso_SUB_HIFLD_1917_SUB_HIFLD_1333_rev,60000000.0,19678309.29495983,29824478.64495814,0,168
SUB_HIFLD_1917,SUB_HIFLD_2007,meso_SUB_HIFLD_1917_SUB_HIFLD_2007_fwd,60000000.0,0.0,0.0,0,168
SUB_HIFLD_2003,SUB_HIFLD_1332,meso_SUB_HIFLD_2003_SUB_HIFLD_1332_rev,60000000.0,0.0,0.0,0,168
SUB_HIFLD_2003,SUB_HIFLD_2751,meso_SUB_HIFLD_2003_SUB_HIFLD_2751_fwd,60000000.0,0.0,0.0,0,168
SUB_HIFLD_2004,SUB_HIFLD_2009,meso_SUB_HIFLD_2004_SUB_HIFLD_2009_fwd,5000000.0,0.0,0.0,0,168
SUB_HIFLD_2005,SUB_HIFLD_1333,meso_SUB_HIFLD_2005_SUB_HIFLD_1333_rev,60000000.0,0.0,0.0,0,168
SUB_HIFLD_2005,SUB_HIFLD_2006,meso_SUB_HIFLD_2005_SUB_HIFLD_2006_fwd,60000000.0,13865237.761158245,21058409.499797724,0,168
SUB_HIFLD_2006,SUB_HIFLD_2005,meso_SUB_HIFLD_2006_SUB_HIFLD_2005_rev,60000000.0,0.0,0.0,0,168
SUB_HIFLD_2006,SUB_HIFLD_2751,meso_SUB_HIFLD_2006_SUB_HIFLD_2751_fwd,60000000.0,1923810.3719569913,3587025.656159391,0,168
SUB_HIFLD_2006,SUB_HIFLD_2973,meso_SUB_HIFLD_2006_SUB_HIFLD_2973_rev,11754078.431901952,6936438.153032349,9938282.052266229,0,168
SUB_HIFLD_2007,SUB_15232,meso_SUB_HIFLD_2007_SUB_15232_rev,60000000.0,0.0,0.0,0,168
SUB_HIFLD_2007,SUB_HIFLD_1917,meso_SUB_HIFLD_2007_SUB_HIFLD_1917_rev,60000000.0,20286916.798927657,30746885.200987767,0,168
SUB_HIFLD_2007,SUB_15259,meso_SUB_HIFLD_2007_SUB_15259_rev,8076203.156964825,1164633.410926186,1356701.156773518,0,168
SUB_HIFLD_2009,SUB_HIFLD_1332,meso_SUB_HIFLD_2009_SUB_HIFLD_1332_rev,60000000.0,4566190.939429912,9175406.924083645,0,168
SUB_HIFLD_2009,SUB_HIFLD_1333,meso_SUB_HIFLD_2009_SUB_HIFLD_1333_rev,60000000.0,0.0,0.0,0,168
SUB_HIFLD_2009,SUB_HIFLD_2004,meso_SUB_HIFLD_2009_SUB_HIFLD_2004_rev,5000000.0,840451.0712471439,1263936.782129032,0,168
SUB_HIFLD_2010,SUB_15206,meso_SUB_HIFLD_2010_SUB_15206_rev,120000000.0,24956764.956345063,74484516.64255965,0,168
SUB_HIFLD_2010,SUB_HIFLD_1357,meso_SUB_HIFLD_2010_SUB_HIFLD_1357_rev,400000000.0,0.0,0.0,0,168
SUB_HIFLD_2010,SUB_15244,meso_SUB_HIFLD_2010_SUB_15244_rev,300000000.0,28645545.954201903,85467644.92772876,0,168
SUB_HIFLD_2010,SUB_HIFLD_597,meso_SUB_HIFLD_2010_SUB_HIFLD_597_fwd,150000000.0,0.0,0.0,0,168
SUB_HIFLD_2010,WEC_CALN,iface_SUB_HIFLD_2010_WEC_CALN_to_ba,20000000.0,724059.2001483975,8410092.998609964,0,168
SUB_HIFLD_2013,WEC_CALN,iface_SUB_HIFLD_2013_WEC_CALN_to_ba,5000000.0,4970238.095238095,5000000.0,167,168
SUB_HIFLD_2020,SUB_HIFLD_2990,meso_SUB_HIFLD_2020_SUB_HIFLD_2990_fwd,60000000.0,0.0,0.0,0,168
SUB_HIFLD_2020,SUB_HIFLD_4426,meso_SUB_HIFLD_2020_SUB_HIFLD_4426_fwd,60000000.0,0.0,0.0,0,168
SUB_HIFLD_2043,SUB_16368,meso_SUB_HIFLD_2043_SUB_16368_rev,60000000.0,0.0,0.0,0,168
SUB_HIFLD_2043,SUB_HIFLD_4330,meso_SUB_HIFLD_2043_SUB_HIFLD_4330_fwd,60000000.0,350531.7343747317,554237.9890520548,0,168
SUB_HIFLD_2048,SUB_02413,meso_SUB_HIFLD_2048_SUB_02413_rev,60000000.0,0.0,0.0,0,168
SUB_HIFLD_2048,SUB_HIFLD_2056,meso_SUB_HIFLD_2048_SUB_HIFLD_2056_fwd,60000000.0,0.0,0.0,0,168
SUB_HIFLD_2049,SUB_02257,meso_SUB_HIFLD_2049_SUB_02257_rev,300000000.0,1235205.2348429644,69615069.01377255,0,168
SUB_HIFLD_2049,SUB_HIFLD_3835,meso_SUB_HIFLD_2049_SUB_HIFLD_3835_fwd,150000000.0,0.0,0.0,0,168
SUB_HIFLD_2049,SUB_02419,meso_SUB_HIFLD_2049_SUB_02419_rev,150000000.0,0.0,0.0,0,168
SUB_HIFLD_2049,SUB_HIFLD_2068,meso_SUB_HIFLD_2049_SUB_HIFLD_2068_fwd,150000000.0,0.0,0.0,0,168
SUB_HIFLD_2056,SUB_02413,meso_SUB_HIFLD_2056_SUB_02413_rev,60000000.0,0.0,0.0,0,168
SUB_HIFLD_2056,SUB_HIFLD_2048,meso_SUB_HIFLD_2056_SUB_HIFLD_2048_rev,60000000.0,71367.36342177769,3174384.2842652625,0,168
SUB_HIFLD_2056,SUB_HIFLD_2070,meso_SUB_HIFLD_2056_SUB_HIFLD_2070_fwd,60000000.0,0.0,0.0,0,168
SUB_HIFLD_2058,SUB_02426,meso_SUB_HIFLD_2058_SUB_02426_rev,210000000.0,0.0,0.0,0,168
SUB_HIFLD_2058,SUB_HIFLD_1418,meso_SUB_HIFLD_2058_SUB_HIFLD_1418_rev,120000000.0,32896312.90858271,53355722.96523799,0,168
SUB_HIFLD_2058,SUB_HIFLD_2070,meso_SUB_HIFLD_2058_SUB_HIFLD_2070_fwd,150000000.0,5316430.54911274,22079660.392580405,0,168
SUB_HIFLD_2058,SUB_HIFLD_2131,meso_SUB_HIFLD_2058_SUB_HIFLD_2131_fwd,60000000.0,23202568.22096327,36016766.52997317,0,168
SUB_HIFLD_2058,SUB_HIFLD_3025,meso_SUB_HIFLD_2058_SUB_HIFLD_3025_fwd,210000000.0,0.0,0.0,0,168
SUB_HIFLD_2058,SUB_02416,meso_SUB_HIFLD_2058_SUB_02416_rev,60000000.0,0.0,0.0,0,168
SUB_HIFLD_2058,SUB_08203,meso_SUB_HIFLD_2058_SUB_08203_rev,150000000.0,21657659.98253538,65130831.18556702,0,168
SUB_HIFLD_2062,SUB_02413,meso_SUB_HIFLD_2062_SUB_02413_rev,60000000.0,0.0,0.0,0,168
SUB_HIFLD_2062,SUB_HIFLD_1418,meso_SUB_HIFLD_2062_SUB_HIFLD_1418_rev,60000000.0,0.0,0.0,0,168
SUB_HIFLD_2062,SUB_02409,meso_SUB_HIFLD_2062_SUB_02409_rev,21048781.07659053,11835575.74796981,14997938.521866946,0,168
SUB_HIFLD_2068,SUB_02269,meso_SUB_HIFLD_2068_SUB_02269_rev,150000000.0,28448161.980353214,33489692.483489048,0,168
SUB_HIFLD_2068,SUB_02405,meso_SUB_HIFLD_2068_SUB_02405_rev,150000000.0,0.0,0.0,0,168
SUB_HIFLD_2068,SUB_HIFLD_3834,meso_SUB_HIFLD_2068_SUB_HIFLD_3834_fwd,150000000.0,11023859.519412497,26491634.060688887,0,168
SUB_HIFLD_2068,SUB_HIFLD_3835,meso_SUB_HIFLD_2068_SUB_HIFLD_3835_fwd,150000000.0,0.0,0.0,0,168
SUB_HIFLD_2068,SUB_02419,meso_SUB_HIFLD_2068_SUB_02419_rev,150000000.0,0.0,0.0,0,168
SUB_HIFLD_2068,SUB_HIFLD_2049,meso_SUB_HIFLD_2068_SUB_HIFLD_2049_rev,150000000.0,0.0,0.0,0,168
SUB_HIFLD_2070,SUB_HIFLD_2058,meso_SUB_HIFLD_2070_SUB_HIFLD_2058_rev,150000000.0,0.0,0.0,0,168
SUB_HIFLD_2070,SUB_HIFLD_2131,meso_SUB_HIFLD_2070_SUB_HIFLD_2131_fwd,60000000.0,2376627.643998504,27807303.01699586,0,168
SUB_HIFLD_2070,SUB_HIFLD_3025,meso_SUB_HIFLD_2070_SUB_HIFLD_3025_fwd,150000000.0,0.0,0.0,0,168
SUB_HIFLD_2070,SUB_08361,meso_SUB_HIFLD_2070_SUB_08361_rev,60000000.0,0.0,0.0,0,168
SUB_HIFLD_2070,SUB_HIFLD_2056,meso_SUB_HIFLD_2070_SUB_HIFLD_2056_rev,60000000.0,2867971.485920664,6594898.962490564,0,168
SUB_HIFLD_2086,SUB_18297,meso_SUB_HIFLD_2086_SUB_18297_rev,150000000.0,0.0,0.0,0,168
SUB_HIFLD_2086,SUB_HIFLD_3903,meso_SUB_HIFLD_2086_SUB_HIFLD_3903_fwd,150000000.0,0.0,0.0,0,168
SUB_HIFLD_2086,SUB_HIFLD_4291,meso_SUB_HIFLD_2086_SUB_HIFLD_4291_fwd,150000000.0,0.0,0.0,0,168
SUB_HIFLD_2108,SUB_HIFLD_2109,meso_SUB_HIFLD_2108_SUB_HIFLD_2109_fwd,150000000.0,0.0,0.0,0,168
SUB_HIFLD_2108,SUB_HIFLD_3164,meso_SUB_HIFLD_2108_SUB_HIFLD_3164_fwd,60000000.0,0.0,0.0,0,168
SUB_HIFLD_2108,SUB_HIFLD_3862,meso_SUB_HIFLD_2108_SUB_HIFLD_3862_fwd,60000000.0,0.0,0.0,0,168
SUB_HIFLD_2109,SUB_08226,meso_SUB_HIFLD_2109_SUB_08226_rev,150000000.0,39407428.18678965,118370216.51556043,0,168
SUB_HIFLD_2109,SUB_08387,meso_SUB_HIFLD_2109_SUB_08387_rev,150000000.0,23036635.92181723,30093814.999295264,0,168
SUB_HIFLD_2109,SUB_HIFLD_2108,meso_SUB_HIFLD_2109_SUB_HIFLD_2108_rev,150000000.0,280201.354656491,3510405.6761436854,0,168
SUB_HIFLD_2109,SUB_HIFLD_2117,meso_SUB_HIFLD_2109_SUB_HIFLD_2117_fwd,150000000.0,0.0,0.0,0,168
SUB_HIFLD_2117,SUB_HIFLD_1423,meso_SUB_HIFLD_2117_SUB_HIFLD_1423_rev,150000000.0,673495.7569752301,4478786.6022168975,0,168
SUB_HIFLD_2117,SUB_HIFLD_3166,meso_SUB_HIFLD_2117_SUB_HIFLD_3166_fwd,60000000.0,2963.755891699971,4201.639067266406,0,168
SUB_HIFLD_2117,SUB_HIFLD_3169,meso_SUB_HIFLD_2117_SUB_HIFLD_3169_fwd,60000000.0,2399624.2991779055,4269264.29907464,0,168
SUB_HIFLD_2117,SUB_HIFLD_3862,meso_SUB_HIFLD_2117_SUB_HIFLD_3862_fwd,60000000.0,9042747.894124003,17310936.24381358,0,168
SUB_HIFLD_2117,SUB_01222,meso_SUB_HIFLD_2117_SUB_01222_rev,150000000.0,20745871.547743417,129155175.8005696,0,168
SUB_HIFLD_2117,SUB_08246,meso_SUB_HIFLD_2117_SUB_08246_rev,150000000.0,7120424.07232005,40189689.840729706,0,168
SUB_HIFLD_2117,SUB_08380,meso_SUB_HIFLD_2117_SUB_08380_rev,150000000.0,19232496.574724697,115546569.81641325,0,168
SUB_HIFLD_2117,SUB_HIFLD_2109,meso_SUB_HIFLD_2117_SUB_HIFLD_2109_rev,150000000.0,64664191.19924057,146112582.21796826,0,168
SUB_HIFLD_2117,SUB_HIFLD_3165,meso_SUB_HIFLD_2117_SUB_HIFLD_3165_fwd,300000000.0,7840661.058650645,27411838.005908873,0,168
SUB_HIFLD_2117,SUB_HIFLD_3174,meso_SUB_HIFLD_2117_SUB_HIFLD_3174_fwd,150000000.0,3017869.815469254,11800398.48452384,0,168
SUB_HIFLD_2117,SUB_HIFLD_3259,meso_SUB_HIFLD_2117_SUB_HIFLD_3259_rev,5000000.0,833499.3461914137,1181630.305653995,0,168
SUB_HIFLD_2118,SUB_HIFLD_3163,meso_SUB_HIFLD_2118_SUB_HIFLD_3163_fwd,60000000.0,0.0,0.0,0,168
SUB_HIFLD_2118,SUB_HIFLD_3602,meso_SUB_HIFLD_2118_SUB_HIFLD_3602_fwd,60000000.0,0.0,0.0,0,168
SUB_HIFLD_2121,SUB_01222,meso_SUB_HIFLD_2121_SUB_01222_rev,300000000.0,0.0,0.0,0,168
SUB_HIFLD_2121,SUB_08363,meso_SUB_HIFLD_2121_SUB_08363_rev,150000000.0,31130202.108466513,44301032.62675177,0,168
SUB_HIFLD_2121,SUB_08390,meso_SUB_HIFLD_2121_SUB_08390_rev,150000000.0,0.0,0.0,0,168
SUB_HIFLD_2121,SUB_HIFLD_2149,meso_SUB_HIFLD_2121_SUB_HIFLD_2149_fwd,150000000.0,0.0,0.0,0,168
SUB_HIFLD_2121,SUB_HIFLD_3025,meso_SUB_HIFLD_2121_SUB_HIFLD_3025_fwd,150000000.0,0.0,0.0,0,168
SUB_HIFLD_2126,SUB_08226,meso_SUB_HIFLD_2126_SUB_08226_rev,150000000.0,0.0,0.0,0,168
SUB_HIFLD_2126,SUB_08380,meso_SUB_HIFLD_2126_SUB_08380_rev,150000000.0,0.0,0.0,0,168
SUB_HIFLD_2126,SUB_HIFLD_3165,meso_SUB_HIFLD_2126_SUB_HIFLD_3165_fwd,150000000.0,0.0,0.0,0,168
SUB_HIFLD_2126,SUB_HIFLD_3174,meso_SUB_HIFLD_2126_SUB_HIFLD_3174_fwd,150000000.0,0.0,0.0,0,168
SUB_HIFLD_2131,SUB_08216,meso_SUB_HIFLD_2131_SUB_08216_rev,60000000.0,9102036.279033199,13819588.13224871,0,168
SUB_HIFLD_2131,SUB_HIFLD_2058,meso_SUB_HIFLD_2131_SUB_HIFLD_2058_rev,60000000.0,0.0,0.0,0,168
SUB_HIFLD_2131,SUB_HIFLD_2070,meso_SUB_HIFLD_2131_SUB_HIFLD_2070_rev,60000000.0,0.0,0.0,0,168
SUB_HIFLD_2131,SUB_08224,meso_SUB_HIFLD_2131_SUB_08224_rev,23437363.27209014,11675636.36566297,15971134.020618556,0,168
SUB_HIFLD_2149,SUB_08203,meso_SUB_HIFLD_2149_SUB_08203_rev,150000000.0,0.0,0.0,0,168
SUB_HIFLD_2149,SUB_08363,meso_SUB_HIFLD_2149_SUB_08363_rev,150000000.0,0.0,0.0,0,168
SUB_HIFLD_2149,SUB_HIFLD_2121,meso_SUB_HIFLD_2149_SUB_HIFLD_2121_rev,150000000.0,0.0,0.0,0,168
SUB_HIFLD_2170,SUB_HIFLD_2188,meso_SUB_HIFLD_2170_SUB_HIFLD_2188_fwd,5000000.0,0.0,0.0,0,168
SUB_HIFLD_2171,SUB_10293,meso_SUB_HIFLD_2171_SUB_10293_rev,150000000.0,0.0,0.0,0,168
SUB_HIFLD_2171,SUB_10344,meso_SUB_HIFLD_2171_SUB_10344_rev,60000000.0,0.0,0.0,0,168
SUB_HIFLD_2173,SUB_10352,meso_SUB_HIFLD_2173_SUB_10352_rev,150000000.0,0.0,0.0,0,168
SUB_HIFLD_2173,SUB_HIFLD_2188,meso_SUB_HIFLD_2173_SUB_HIFLD_2188_fwd,150000000.0,1687092.5582972155,2602827.1372151785,0,168
SUB_HIFLD_2173,SUB_10344,meso_SUB_HIFLD_2173_SUB_10344_rev,150000000.0,0.0,0.0,0,168
SUB_HIFLD_2177,WEC_CALN,iface_SUB_HIFLD_2177_WEC_CALN_to_ba,5000000.0,0.0,0.0,0,168
SUB_HIFLD_2180,SUB_HIFLD_4403,meso_SUB_HIFLD_2180_SUB_HIFLD_4403_fwd,60000000.0,253578.04351710182,3379232.736109724,0,168
SUB_HIFLD_2180,SUB_10293,meso_SUB_HIFLD_2180_SUB_10293_rev,150000000.0,878799.9826272993,6206551.582662442,0,168
SUB_HIFLD_2184,SUB_10356,meso_SUB_HIFLD_2184_SUB_10356_fwd,5000000.0,0.0,0.0,0,168
SUB_HIFLD_2188,SUB_HIFLD_2173,meso_SUB_HIFLD_2188_SUB_HIFLD_2173_rev,150000000.0,0.0,0.0,0,168
SUB_HIFLD_2188,SUB_10327,meso_SUB_HIFLD_2188_SUB_10327_rev,5000000.0,1636479.7815482994,2524742.3230987233,0,168
SUB_HIFLD_2188,SUB_HIFLD_2170,meso_SUB_HIFLD_2188_SUB_HIFLD_2170_rev,5000000.0,0.0,0.0,0,168
SUB_HIFLD_2193,SUB_HIFLD_1327,meso_SUB_HIFLD_2193_SUB_HIFLD_1327_rev,60000000.0,0.0,0.0,0,168
SUB_HIFLD_2193,WEC_CALN,iface_SUB_HIFLD_2193_WEC_CALN_to_ba,5000000.0,5000000.0,5000000.0,168,168
SUB_HIFLD_2194,SUB_HIFLD_2195,meso_SUB_HIFLD_2194_SUB_HIFLD_2195_fwd,60000000.0,0.0,0.0,0,168
SUB_HIFLD_2194,SUB_HIFLD_3082,meso_SUB_HIFLD_2194_SUB_HIFLD_3082_fwd,60000000.0,0.0,0.0,0,168
SUB_HIFLD_2195,SUB_HIFLD_2194,meso_SUB_HIFLD_2195_SUB_HIFLD_2194_rev,60000000.0,0.0,0.0,0,168
SUB_HIFLD_2195,SUB_HIFLD_3082,meso_SUB_HIFLD_2195_SUB_HIFLD_3082_fwd,120000000.0,0.0,0.0,0,168
SUB_HIFLD_2207,SUB_HIFLD_3271,meso_SUB_HIFLD_2207_SUB_HIFLD_3271_fwd,80000000.0,0.0,0.0,0,168
SUB_HIFLD_2212,WEC_CALN,iface_SUB_HIFLD_2212_WEC_CALN_to_ba,5000000.0,0.0,0.0,0,168
SUB_HIFLD_2219,WEC_CALN,iface_SUB_HIFLD_2219_WEC_CALN_to_ba,5000000.0,0.0,0.0,0,168
SUB_HIFLD_2222,SUB_HIFLD_3283,meso_SUB_HIFLD_2222_SUB_HIFLD_3283_fwd,80000000.0,0.0,0.0,0,168
SUB_HIFLD_2318,SUB_16325,meso_SUB_HIFLD_2318_SUB_16325_rev,60000000.0,22586805.302765906,40811586.64725328,0,168
SUB_HIFLD_2318,SUB_HIFLD_30,meso_SUB_HIFLD_2318_SUB_HIFLD_30_fwd,150000000.0,2915708.502163818,17121017.423126917,0,168
SUB_HIFLD_2318,SUB_16261,meso_SUB_HIFLD_2318_SUB_16261_rev,150000000.0,77553.23366440041,6346422.110901504,0,168
SUB_HIFLD_2356,SUB_19241,meso_SUB_HIFLD_2356_SUB_19241_rev,150000000.0,160000.0,160000.0,0,168
SUB_HIFLD_2356,SUB_19246,meso_SUB_HIFLD_2356_SUB_19246_rev,150000000.0,0.0,0.0,0,168
SUB_HIFLD_2359,SUB_10293,meso_SUB_HIFLD_2359_SUB_10293_rev,150000000.0,0.0,0.0,0,168
SUB_HIFLD_2359,SUB_10361,meso_SUB_HIFLD_2359_SUB_10361_rev,5201668.303229506,2512931.7873532013,3051546.3917525774,0,168
SUB_HIFLD_2363,SUB_HIFLD_2511,meso_SUB_HIFLD_2363_SUB_HIFLD_2511_fwd,60000000.0,0.0,0.0,0,168
SUB_HIFLD_2363,SUB_25292,meso_SUB_HIFLD_2363_SUB_25292_rev,6826946.15126492,4888384.881175463,5772165.042837869,0,168
SUB_HIFLD_2491,WEC_CALN,iface_SUB_HIFLD_2491_WEC_CALN_to_ba,5000000.0,0.0,0.0,0,168
SUB_HIFLD_2511,SUB_25284,meso_SUB_HIFLD_2511_SUB_25284_rev,60000000.0,10770704.607244913,15224742.77142397,0,168
SUB_HIFLD_2511,SUB_25409,meso_SUB_HIFLD_2511_SUB_25409_rev,60000000.0,0.0,0.0,0,168
SUB_HIFLD_2511,SUB_HIFLD_2363,meso_SUB_HIFLD_2511_SUB_HIFLD_2363_rev,60000000.0,5039572.04244893,5950685.611173061,0,168
SUB_HIFLD_2514,SUB_HIFLD_1854,meso_SUB_HIFLD_2514_SUB_HIFLD_1854_rev,400000000.0,0.0,0.0,0,168
SUB_HIFLD_2514,SUB_HIFLD_4059,meso_SUB_HIFLD_2514_SUB_HIFLD_4059_fwd,80000000.0,188990.5107916718,236896.97894853415,0,168
SUB_HIFLD_2514,WEC_CALN,iface_SUB_HIFLD_2514_WEC_CALN_to_ba,20000000.0,0.0,0.0,0,168
SUB_HIFLD_2705,SUB_HIFLD_1153,meso_SUB_HIFLD_2705_SUB_HIFLD_1153_rev,150000000.0,5523613.602137327,12830242.66823051,0,168
SUB_HIFLD_2705,SUB_HIFLD_1829,meso_SUB_HIFLD_2705_SUB_HIFLD_1829_rev,150000000.0,171476.44824330197,17190443.361865964,0,168
SUB_HIFLD_2705,SUB_HIFLD_1845,meso_SUB_HIFLD_2705_SUB_HIFLD_1845_rev,150000000.0,0.0,0.0,0,168
SUB_HIFLD_2705,SUB_HIFLD_3623,meso_SUB_HIFLD_2705_SUB_HIFLD_3623_fwd,150000000.0,11681471.026389828,27646593.419311278,0,168
SUB_HIFLD_2705,SUB_HIFLD_1833,meso_SUB_HIFLD_2705_SUB_HIFLD_1833_rev,150000000.0,0.0,0.0,0,168
SUB_HIFLD_2705,SUB_HIFLD_1844,meso_SUB_HIFLD_2705_SUB_HIFLD_1844_rev,150000000.0,19601112.100981247,29019998.83028383,0,168
SUB_HIFLD_2722,SUB_25224,meso_SUB_HIFLD_2722_SUB_25224_rev,60000000.0,0.0,0.0,0,168
SUB_HIFLD_2722,SUB_HIFLD_459,meso_SUB_HIFLD_2722_SUB_HIFLD_459_fwd,60000000.0,2154838.7996327095,3010000.4634234835,0,168
SUB_HIFLD_2751,SUB_HIFLD_1332,meso_SUB_HIFLD_2751_SUB_HIFLD_1332_rev,60000000.0,0.0,0.0,0,168
SUB_HIFLD_2751,SUB_HIFLD_2003,meso_SUB_HIFLD_2751_SUB_HIFLD_2003_rev,60000000.0,0.0,0.0,0,168
SUB_HIFLD_2751,SUB_HIFLD_2006,meso_SUB_HIFLD_2751_SUB_HIFLD_2006_rev,60000000.0,0.0,0.0,0,168
SUB_HIFLD_2791,SUB_01311,meso_SUB_HIFLD_2791_SUB_01311_rev,150000000.0,0.0,0.0,0,168
SUB_HIFLD_2791,SUB_01438,meso_SUB_HIFLD_2791_SUB_01438_rev,150000000.0,0.0,0.0,0,168
SUB_HIFLD_2791,SUB_HIFLD_11,meso_SUB_HIFLD_2791_SUB_HIFLD_11_rev,150000000.0,1415932.808413073,56679874.032493204,0,168
SUB_HIFLD_2791,SUB_HIFLD_2989,meso_SUB_HIFLD_2791_SUB_HIFLD_2989_fwd,150000000.0,13832113.342583397,59546038.389008276,0,168
SUB_HIFLD_2869,SUB_25391,meso_SUB_HIFLD_2869_SUB_25391_rev,150000000.0,0.0,0.0,0,168
SUB_HIFLD_2869,SUB_HIFLD_3898,meso_SUB_HIFLD_2869_SUB_HIFLD_3898_fwd,150000000.0,0.0,0.0,0,168
SUB_HIFLD_2869,SUB_HIFLD_4241,meso_SUB_HIFLD_2869_SUB_HIFLD_4241_rev,5000000.0,0.0,0.0,0,168
SUB_HIFLD_2947,SUB_HIFLD_3065,meso_SUB_HIFLD_2947_SUB_HIFLD_3065_fwd,60000000.0,22815768.570900116,32097969.69295585,0,168
SUB_HIFLD_2947,SUB_HIFLD_41,meso_SUB_HIFLD_2947_SUB_HIFLD_41_fwd,150000000.0,0.0,0.0,0,168
SUB_HIFLD_2973,SUB_HIFLD_2006,meso_SUB_HIFLD_2973_SUB_HIFLD_2006_fwd,11754078.431901952,0.0,0.0,0,168
SUB_HIFLD_2989,SUB_01209,meso_SUB_HIFLD_2989_SUB_01209_rev,150000000.0,0.0,0.0,0,168
SUB_HIFLD_2989,SUB_01368,meso_SUB_HIFLD_2989_SUB_01368_rev,150000000.0,28947411.10462326,55523709.89298083,0,168
SUB_HIFLD_2989,SUB_HIFLD_28,meso_SUB_HIFLD_2989_SUB_HIFLD_28_rev,150000000.0,0.0,0.0,0,168
SUB_HIFLD_2989,SUB_HIFLD_11,meso_SUB_HIFLD_2989_SUB_HIFLD_11_rev,150000000.0,0.0,0.0,0,168
SUB_HIFLD_2989,SUB_HIFLD_2791,meso_SUB_HIFLD_2989_SUB_HIFLD_2791_rev,150000000.0,0.0,0.0,0,168
SUB_HIFLD_2989,SUB_01208,meso_SUB_HIFLD_2989_SUB_01208_rev,5000000.0,1238779.4293781442,1615463.901795063,0,168
SUB_HIFLD_2989,SUB_01264,meso_SUB_HIFLD_2989_SUB_01264_rev,5000000.0,228400.40778786043,300000.0078653552,0,168
SUB_HIFLD_2990,SUB_HIFLD_2020,meso_SUB_HIFLD_2990_SUB_HIFLD_2020_rev,60000000.0,0.0,0.0,0,168
SUB_HIFLD_2990,SUB_HIFLD_4390,meso_SUB_HIFLD_2990_SUB_HIFLD_4390_fwd,120000000.0,0.0,0.0,0,168
SUB_HIFLD_2990,SUB_HIFLD_4426,meso_SUB_HIFLD_2990_SUB_HIFLD_4426_fwd,60000000.0,5808958.11131428,25970834.391973592,0,168
SUB_HIFLD_3025,SUB_01222,meso_SUB_HIFLD_3025_SUB_01222_rev,300000000.0,0.0,0.0,0,168
SUB_HIFLD_3025,SUB_08363,meso_SUB_HIFLD_3025_SUB_08363_rev,150000000.0,4919159.114577341,44301032.62675177,0,168
SUB_HIFLD_3025,SUB_08390,meso_SUB_HIFLD_3025_SUB_08390_rev,150000000.0,0.0,0.0,0,168
SUB_HIFLD_3025,SUB_HIFLD_2058,meso_SUB_HIFLD_3025_SUB_HIFLD_2058_rev,210000000.0,3920639.302824939,66008292.32321365,0,168
SUB_HIFLD_3025,SUB_HIFLD_2070,meso_SUB_HIFLD_3025_SUB_HIFLD_2070_rev,150000000.0,7197029.896822901,47014481.264584236,0,168
SUB_HIFLD_3025,SUB_HIFLD_2121,meso_SUB_HIFLD_3025_SUB_HIFLD_2121_rev,150000000.0,0.0,0.0,0,168
SUB_HIFLD_3065,SUB_HIFLD_2947,meso_SUB_HIFLD_3065_SUB_HIFLD_2947_rev,60000000.0,0.0,0.0,0,168
SUB_HIFLD_3065,SUB_HIFLD_148,meso_SUB_HIFLD_3065_SUB_HIFLD_148_rev,31564453.056745507,18931738.280974887,27124721.323816665,0,168
SUB_HIFLD_3065,SUB_15803,meso_SUB_HIFLD_3065_SUB_15803_rev,5707530.466038818,3199557.2327982285,4010309.2783505153,0,168
SUB_HIFLD_3082,SUB_HIFLD_1327,meso_SUB_HIFLD_3082_SUB_HIFLD_1327_rev,60000000.0,0.0,0.0,0,168
SUB_HIFLD_3082,SUB_HIFLD_2194,meso_SUB_HIFLD_3082_SUB_HIFLD_2194_rev,60000000.0,0.0,0.0,0,168
SUB_HIFLD_3082,SUB_HIFLD_2195,meso_SUB_HIFLD_3082_SUB_HIFLD_2195_rev,120000000.0,0.0,0.0,0,168
SUB_HIFLD_3099,SUB_HIFLD_3262,meso_SUB_HIFLD_3099_SUB_HIFLD_3262_fwd,5000000.0,0.0,0.0,0,168
SUB_HIFLD_3101,SUB_HIFLD_3824,meso_SUB_HIFLD_3101_SUB_HIFLD_3824_fwd,60000000.0,9800000.0,9800000.0,0,168
SUB_HIFLD_3104,SUB_HIFLD_1860,meso_SUB_HIFLD_3104_SUB_HIFLD_1860_rev,80000000.0,134749.43054383682,168906.55792865556,0,168
SUB_HIFLD_3104,SUB_HIFLD_1864,meso_SUB_HIFLD_3104_SUB_HIFLD_1864_rev,80000000.0,309187.8048216062,387562.62199165893,0,168
SUB_HIFLD_3104,SUB_10349,meso_SUB_HIFLD_3104_SUB_10349_fwd,5000000.0,0.0,0.0,0,168
SUB_HIFLD_3161,SUB_HIFLD_1423,meso_SUB_HIFLD_3161_SUB_HIFLD_1423_rev,60000000.0,0.0,0.0,0,168
SUB_HIFLD_3161,SUB_HIFLD_3263,meso_SUB_HIFLD_3161_SUB_HIFLD_3263_fwd,60000000.0,0.0,0.0,0,168
SUB_HIFLD_3161,SUB_HIFLD_3258,meso_SUB_HIFLD_3161_SUB_HIFLD_3258_rev,5000000.0,0.0,0.0,0,168
SUB_HIFLD_3162,SUB_HIFLD_3164,meso_SUB_HIFLD_3162_SUB_HIFLD_3164_fwd,60000000.0,0.0,0.0,0,168
SUB_HIFLD_3163,SUB_HIFLD_2118,meso_SUB_HIFLD_3163_SUB_HIFLD_2118_rev,60000000.0,2679816.0982267936,6175760.737153673,0,168
SUB_HIFLD_3163,SUB_HIFLD_3172,meso_SUB_HIFLD_3163_SUB_HIFLD_3172_fwd,60000000.0,0.0,0.0,0,168
SUB_HIFLD_3163,SUB_08342,meso_SUB_HIFLD_3163_SUB_08342_rev,150000000.0,0.0,0.0,0,168
SUB_HIFLD_3163,SUB_08361,meso_SUB_HIFLD_3163_SUB_08361_rev,150000000.0,0.0,0.0,0,168
SUB_HIFLD_3164,SUB_HIFLD_2108,meso_SUB_HIFLD_3164_SUB_HIFLD_2108_rev,60000000.0,0.0,0.0,0,168
SUB_HIFLD_3164,SUB_HIFLD_3162,meso_SUB_HIFLD_3164_SUB_HIFLD_3162_rev,60000000.0,2667037.7580102426,3780989.625281894,0,168
SUB_HIFLD_3164,SUB_HIFLD_3165,meso_SUB_HIFLD_3164_SUB_HIFLD_3165_fwd,60000000.0,0.0,0.0,0,168
SUB_HIFLD_3165,SUB_HIFLD_2126,meso_SUB_HIFLD_3165_SUB_HIFLD_2126_rev,150000000.0,0.0,0.0,0,168
SUB_HIFLD_3165,SUB_HIFLD_3164,meso_SUB_HIFLD_3165_SUB_HIFLD_3164_rev,60000000.0,15771611.519918425,22359000.4845448,0,168
SUB_HIFLD_3165,SUB_HIFLD_3166,meso_SUB_HIFLD_3165_SUB_HIFLD_3166_fwd,60000000.0,0.0,0.0,0,168
SUB_HIFLD_3165,SUB_HIFLD_3167,meso_SUB_HIFLD_3165_SUB_HIFLD_3167_fwd,60000000.0,0.0,0.0,0,168
SUB_HIFLD_3165,SUB_HIFLD_3172,meso_SUB_HIFLD_3165_SUB_HIFLD_3172_fwd,60000000.0,3506109.252973291,9648691.335791662,0,168
SUB_HIFLD_3165,SUB_HIFLD_3263,meso_SUB_HIFLD_3165_SUB_HIFLD_3263_fwd,150000000.0,0.0,0.0,0,168
SUB_HIFLD_3165,SUB_HIFLD_1423,meso_SUB_HIFLD_3165_SUB_HIFLD_1423_rev,300000000.0,0.0,0.0,0,168
SUB_HIFLD_3165,SUB_HIFLD_2117,meso_SUB_HIFLD_3165_SUB_HIFLD_2117_rev,300000000.0,0.0,0.0,0,168
SUB_HIFLD_3165,SUB_HIFLD_3174,meso_SUB_HIFLD_3165_SUB_HIFLD_3174_fwd,150000000.0,0.0,0.0,0,168
SUB_HIFLD_3166,SUB_HIFLD_2117,meso_SUB_HIFLD_3166_SUB_HIFLD_2117_rev,60000000.0,0.0,0.0,0,168
SUB_HIFLD_3166,SUB_HIFLD_3165,meso_SUB_HIFLD_3166_SUB_HIFLD_3165_rev,60000000.0,0.0,0.0,0,168
SUB_HIFLD_3167,SUB_HIFLD_3165,meso_SUB_HIFLD_3167_SUB_HIFLD_3165_rev,60000000.0,20873.354626409448,479564.65911865234,0,168
SUB_HIFLD_3167,SUB_HIFLD_3168,meso_SUB_HIFLD_3167_SUB_HIFLD_3168_fwd,60000000.0,0.0,0.0,0,168
SUB_HIFLD_3168,SUB_HIFLD_3167,meso_SUB_HIFLD_3168_SUB_HIFLD_3167_rev,60000000.0,21518.922295267475,494396.5557924251,0,168
SUB_HIFLD_3168,SUB_HIFLD_3170,meso_SUB_HIFLD_3168_SUB_HIFLD_3170_fwd,60000000.0,783197.5572781954,1000000.0,0,168
SUB_HIFLD_3169,SUB_HIFLD_2117,meso_SUB_HIFLD_3169_SUB_HIFLD_2117_rev,60000000.0,0.0,0.0,0,168
SUB_HIFLD_3169,SUB_HIFLD_3170,meso_SUB_HIFLD_3169_SUB_HIFLD_3170_fwd,60000000.0,0.0,0.0,0,168
SUB_HIFLD_3169,SUB_HIFLD_3171,meso_SUB_HIFLD_3169_SUB_HIFLD_3171_fwd,60000000.0,1585023.9773854709,3161718.089310164,0,168
SUB_HIFLD_3170,SUB_HIFLD_3168,meso_SUB_HIFLD_3170_SUB_HIFLD_3168_rev,60000000.0,0.0,0.0,0,168
SUB_HIFLD_3170,SUB_HIFLD_3169,meso_SUB_HIFLD_3170_SUB_HIFLD_3169_rev,60000000.0,67920.3845243026,563554.141998291,0,168
SUB_HIFLD_3170,SUB_HIFLD_3263,meso_SUB_HIFLD_3170_SUB_HIFLD_3263_fwd,60000000.0,0.0,0.0,0,168
SUB_HIFLD_3170,SUB_08380,meso_SUB_HIFLD_3170_SUB_08380_rev,150000000.0,73092.68043154762,537825.5004882812,0,168
SUB_HIFLD_3170,SUB_HIFLD_1423,meso_SUB_HIFLD_3170_SUB_HIFLD_1423_rev,300000000.0,102888.28585045053,583565.3648376465,0,168
SUB_HIFLD_3171,SUB_HIFLD_3169,meso_SUB_HIFLD_3171_SUB_HIFLD_3169_rev,60000000.0,0.0,0.0,0,168
SUB_HIFLD_3172,SUB_HIFLD_3163,meso_SUB_HIFLD_3172_SUB_HIFLD_3163_rev,60000000.0,416691.4722265567,5643872.506231566,0,168
SUB_HIFLD_3172,SUB_HIFLD_3165,meso_SUB_HIFLD_3172_SUB_HIFLD_3165_rev,60000000.0,0.0,0.0,0,168
SUB_HIFLD_3172,SUB_HIFLD_3260,meso_SUB_HIFLD_3172_SUB_HIFLD_3260_rev,5000000.0,1038812.3497754612,1472697.1183855508,0,168
SUB_HIFLD_3174,SUB_HIFLD_2126,meso_SUB_HIFLD_3174_SUB_HIFLD_2126_rev,150000000.0,0.0,0.0,0,168
SUB_HIFLD_3174,SUB_HIFLD_3263,meso_SUB_HIFLD_3174_SUB_HIFLD_3263_fwd,150000000.0,0.0,0.0,0,168
SUB_HIFLD_3174,SUB_HIFLD_3618,meso_SUB_HIFLD_3174_SUB_HIFLD_3618_fwd,60000000.0,4417426.319455891,10300205.133503752,0,168
SUB_HIFLD_3174,SUB_HIFLD_2117,meso_SUB_HIFLD_3174_SUB_HIFLD_2117_rev,150000000.0,0.0,0.0,0,168
SUB_HIFLD_3174,SUB_HIFLD_3165,meso_SUB_HIFLD_3174_SUB_HIFLD_3165_rev,150000000.0,0.0,0.0,0,168
SUB_HIFLD_3212,SUB_HIFLD_1827,meso_SUB_HIFLD_3212_SUB_HIFLD_1827_rev,150000000.0,0.0,0.0,0,168
SUB_HIFLD_3258,SUB_HIFLD_3161,meso_SUB_HIFLD_3258_SUB_HIFLD_3161_fwd,5000000.0,0.0,0.0,0,168
SUB_HIFLD_3259,SUB_HIFLD_2117,meso_SUB_HIFLD_3259_SUB_HIFLD_2117_fwd,5000000.0,0.0,0.0,0,168
SUB_HIFLD_3260,SUB_HIFLD_3172,meso_SUB_HIFLD_3260_SUB_HIFLD_3172_fwd,5000000.0,0.0,0.0,0,168
SUB_HIFLD_3261,SUB_HIFLD_3862,meso_SUB_HIFLD_3261_SUB_HIFLD_3862_fwd,8630984.74315791,0.0,0.0,0,168
SUB_HIFLD_3262,SUB_HIFLD_3862,meso_SUB_HIFLD_3262_SUB_HIFLD_3862_fwd,60000000.0,2994075.7421838576,6509012.893676758,0,168
SUB_HIFLD_3262,SUB_HIFLD_3099,meso_SUB_HIFLD_3262_SUB_HIFLD_3099_rev,5000000.0,1951390.8051016522,2807865.6698010634,0,168
SUB_HIFLD_3263,SUB_08380,meso_SUB_HIFLD_3263_SUB_08380_rev,150000000.0,15467635.628522424,55829195.54814604,0,168
SUB_HIFLD_3263,SUB_HIFLD_1423,meso_SUB_HIFLD_3263_SUB_HIFLD_1423_rev,150000000.0,2314101.4150988944,4456142.968246617,0,168
SUB_HIFLD_3263,SUB_HIFLD_3161,meso_SUB_HIFLD_3263_SUB_HIFLD_3161_rev,60000000.0,1812943.6211546205,2570162.775098663,0,168
SUB_HIFLD_3263,SUB_HIFLD_3165,meso_SUB_HIFLD_3263_SUB_HIFLD_3165_rev,150000000.0,12015368.28374012,30193664.008058615,0,168
SUB_HIFLD_3263,SUB_HIFLD_3170,meso_SUB_HIFLD_3263_SUB_HIFLD_3170_rev,60000000.0,17681.87652572909,665624.8308948633,0,168
SUB_HIFLD_3263,SUB_HIFLD_3174,meso_SUB_HIFLD_3263_SUB_HIFLD_3174_rev,150000000.0,2369677.2827385426,10715653.9967049,0,168
SUB_HIFLD_3266,SUB_HIFLD_3270,meso_SUB_HIFLD_3266_SUB_HIFLD_3270_fwd,80000000.0,0.0,0.0,0,168
SUB_HIFLD_3267,SUB_HIFLD_135,meso_SUB_HIFLD_3267_SUB_HIFLD_135_rev,80000000.0,0.0,0.0,0,168
SUB_HIFLD_3268,SUB_HIFLD_139,meso_SUB_HIFLD_3268_SUB_HIFLD_139_rev,80000000.0,0.0,0.0,0,168
SUB_HIFLD_3268,SUB_HIFLD_140,meso_SUB_HIFLD_3268_SUB_HIFLD_140_rev,80000000.0,0.0,0.0,0,168
SUB_HIFLD_3268,SUB_HIFLD_142,meso_SUB_HIFLD_3268_SUB_HIFLD_142_rev,80000000.0,0.0,0.0,0,168
SUB_HIFLD_3269,SUB_HIFLD_136,meso_SUB_HIFLD_3269_SUB_HIFLD_136_rev,80000000.0,0.0,0.0,0,168
SUB_HIFLD_3269,SUB_HIFLD_138,meso_SUB_HIFLD_3269_SUB_HIFLD_138_rev,80000000.0,0.0,0.0,0,168
SUB_HIFLD_3269,SUB_HIFLD_142,meso_SUB_HIFLD_3269_SUB_HIFLD_142_rev,80000000.0,0.0,0.0,0,168
SUB_HIFLD_3270,SUB_HIFLD_136,meso_SUB_HIFLD_3270_SUB_HIFLD_136_rev,80000000.0,0.0,0.0,0,168
SUB_HIFLD_3270,SUB_HIFLD_3266,meso_SUB_HIFLD_3270_SUB_HIFLD_3266_rev,80000000.0,0.0,0.0,0,168
SUB_HIFLD_3271,SUB_HIFLD_2207,meso_SUB_HIFLD_3271_SUB_HIFLD_2207_rev,80000000.0,874784.3048416873,1131296.5314412855,0,168
SUB_HIFLD_3271,SUB_HIFLD_3272,meso_SUB_HIFLD_3271_SUB_HIFLD_3272_fwd,80000000.0,0.0,0.0,0,168
SUB_HIFLD_3272,SUB_HIFLD_3271,meso_SUB_HIFLD_3272_SUB_HIFLD_3271_rev,80000000.0,1163738.5555208328,1504980.5565004027,0,168
SUB_HIFLD_3272,WEC_CALN,iface_SUB_HIFLD_3272_WEC_CALN_to_ba,5000000.0,0.0,0.0,0,168
SUB_HIFLD_3283,SUB_HIFLD_1867,meso_SUB_HIFLD_3283_SUB_HIFLD_1867_rev,80000000.0,451287.9198716696,572836.7033547995,0,168
SUB_HIFLD_3283,SUB_HIFLD_2222,meso_SUB_HIFLD_3283_SUB_HIFLD_2222_rev,80000000.0,667442.5849887631,863156.1643069553,0,168
SUB_HIFLD_3283,WEC_CALN,iface_SUB_HIFLD_3283_WEC_CALN_to_ba,4800000000.0,0.0,0.0,0,168
SUB_HIFLD_3312,SUB_HIFLD_4327,meso_SUB_HIFLD_3312_SUB_HIFLD_4327_fwd,60000000.0,0.0,0.0,0,168
SUB_HIFLD_3312,WEC_CALN,iface_SUB_HIFLD_3312_WEC_CALN_to_ba,5000000.0,0.0,0.0,0,168
SUB_HIFLD_3356,SUB_HIFLD_1832,meso_SUB_HIFLD_3356_SUB_HIFLD_1832_rev,150000000.0,0.0,0.0,0,168
SUB_HIFLD_3356,SUB_HIFLD_1848,meso_SUB_HIFLD_3356_SUB_HIFLD_1848_rev,150000000.0,0.0,0.0,0,168
SUB_HIFLD_3356,SUB_HIFLD_3625,meso_SUB_HIFLD_3356_SUB_HIFLD_3625_fwd,150000000.0,0.0,0.0,0,168
SUB_HIFLD_3436,SUB_HIFLD_1854,meso_SUB_HIFLD_3436_SUB_HIFLD_1854_rev,80000000.0,0.0,0.0,0,168
SUB_HIFLD_3448,SUB_01438,meso_SUB_HIFLD_3448_SUB_01438_rev,150000000.0,0.0,0.0,0,168
SUB_HIFLD_3448,SUB_HIFLD_11,meso_SUB_HIFLD_3448_SUB_HIFLD_11_rev,150000000.0,16386839.911059244,58397857.896867834,0,168
SUB_HIFLD_3448,SUB_HIFLD_28,meso_SUB_HIFLD_3448_SUB_HIFLD_28_rev,150000000.0,0.0,0.0,0,168
SUB_HIFLD_3503,SUB_25217,meso_SUB_HIFLD_3503_SUB_25217_rev,150000000.0,0.0,0.0,0,168
SUB_HIFLD_3503,SUB_25400,meso_SUB_HIFLD_3503_SUB_25400_rev,150000000.0,0.0,0.0,0,168
SUB_HIFLD_3547,SUB_HIFLD_28,meso_SUB_HIFLD_3547_SUB_HIFLD_28_rev,150000000.0,0.0,0.0,0,168
SUB_HIFLD_3602,SUB_HIFLD_2118,meso_SUB_HIFLD_3602_SUB_HIFLD_2118_rev,60000000.0,1717434.1810906962,6233866.835132088,0,168
SUB_HIFLD_3602,SUB_HIFLD_3618,meso_SUB_HIFLD_3602_SUB_HIFLD_3618_fwd,60000000.0,0.0,0.0,0,168
SUB_HIFLD_3618,SUB_HIFLD_3174,meso_SUB_HIFLD_3618_SUB_HIFLD_3174_rev,60000000.0,0.0,0.0,0,168
SUB_HIFLD_3618,SUB_HIFLD_3602,meso_SUB_HIFLD_3618_SUB_HIFLD_3602_rev,60000000.0,4282028.686657267,9987123.389603391,0,168
SUB_HIFLD_3623,SUB_25470,meso_SUB_HIFLD_3623_SUB_25470_rev,150000000.0,15982055.028373258,22702062.453437097,0,168
SUB_HIFLD_3623,SUB_HIFLD_1153,meso_SUB_HIFLD_3623_SUB_HIFLD_1153_rev,150000000.0,0.0,0.0,0,168
SUB_HIFLD_3623,SUB_HIFLD_1833,meso_SUB_HIFLD_3623_SUB_HIFLD_1833_rev,150000000.0,0.0,0.0,0,168
SUB_HIFLD_3623,SUB_HIFLD_1836,meso_SUB_HIFLD_3623_SUB_HIFLD_1836_rev,150000000.0,0.0,0.0,0,168
SUB_HIFLD_3623,SUB_HIFLD_2705,meso_SUB_HIFLD_3623_SUB_HIFLD_2705_rev,150000000.0,0.0,0.0,0,168
SUB_HIFLD_3625,SUB_HIFLD_3356,meso_SUB_HIFLD_3625_SUB_HIFLD_3356_rev,150000000.0,0.0,0.0,0,168
SUB_HIFLD_3625,WEC_CALN,iface_SUB_HIFLD_3625_WEC_CALN_to_ba,5000000.0,0.0,0.0,0,168
SUB_HIFLD_3824,SUB_HIFLD_3101,meso_SUB_HIFLD_3824_SUB_HIFLD_3101_rev,60000000.0,0.0,0.0,0,168
SUB_HIFLD_3824,SUB_HIFLD_3825,meso_SUB_HIFLD_3824_SUB_HIFLD_3825_fwd,60000000.0,117741.85799358519,166907.0371647471,0,168
SUB_HIFLD_3824,SUB_HIFLD_4010,meso_SUB_HIFLD_3824_SUB_HIFLD_4010_fwd,150000000.0,9388258.142006414,9421237.521142075,0,168
SUB_HIFLD_3825,SUB_HIFLD_3824,meso_SUB_HIFLD_3825_SUB_HIFLD_3824_rev,60000000.0,0.0,0.0,0,168
SUB_HIFLD_3825,SUB_HIFLD_4010,meso_SUB_HIFLD_3825_SUB_HIFLD_4010_fwd,150000000.0,0.0,0.0,0,168
SUB_HIFLD_3834,SUB_02272,meso_SUB_HIFLD_3834_SUB_02272_rev,60000000.0,264327.58584837936,13573934.177881548,0,168
SUB_HIFLD_3834,SUB_02406,meso_SUB_HIFLD_3834_SUB_02406_rev,60000000.0,11318327.548729675,14885942.325858934,0,168
SUB_HIFLD_3834,SUB_HIFLD_2068,meso_SUB_HIFLD_3834_SUB_HIFLD_2068_rev,150000000.0,0.0,0.0,0,168
SUB_HIFLD_3834,SUB_HIFLD_3835,meso_SUB_HIFLD_3834_SUB_HIFLD_3835_fwd,60000000.0,0.0,0.0,0,168
SUB_HIFLD_3835,SUB_02269,meso_SUB_HIFLD_3835_SUB_02269_rev,60000000.0,0.0,0.0,0,168
SUB_HIFLD_3835,SUB_02405,meso_SUB_HIFLD_3835_SUB_02405_rev,150000000.0,0.0,0.0,0,168
SUB_HIFLD_3835,SUB_HIFLD_2049,meso_SUB_HIFLD_3835_SUB_HIFLD_2049_rev,150000000.0,0.0,0.0,0,168
SUB_HIFLD_3835,SUB_HIFLD_2068,meso_SUB_HIFLD_3835_SUB_HIFLD_2068_rev,150000000.0,0.0,0.0,0,168
SUB_HIFLD_3835,SUB_HIFLD_3834,meso_SUB_HIFLD_3835_SUB_HIFLD_3834_rev,60000000.0,0.0,0.0,0,168
SUB_HIFLD_3849,SUB_16237,meso_SUB_HIFLD_3849_SUB_16237_rev,60000000.0,10891588.420205718,58200000.0,0,168
SUB_HIFLD_3849,SUB_16374,meso_SUB_HIFLD_3849_SUB_16374_rev,60000000.0,0.0,0.0,0,168
SUB_HIFLD_3862,SUB_HIFLD_2108,meso_SUB_HIFLD_3862_SUB_HIFLD_2108_rev,60000000.0,2208553.963475328,3528243.326403431,0,168
SUB_HIFLD_3862,SUB_HIFLD_2117,meso_SUB_HIFLD_3862_SUB_HIFLD_2117_rev,60000000.0,0.0,0.0,0,168
SUB_HIFLD_3862,SUB_HIFLD_3262,meso_SUB_HIFLD_3862_SUB_HIFLD_3262_rev,60000000.0,0.0,0.0,0,168
SUB_HIFLD_3862,SUB_HIFLD_3261,meso_SUB_HIFLD_3862_SUB_HIFLD_3261_rev,8630984.74315791,4938499.183448787,7001181.061734858,0,168
SUB_HIFLD_3887,SUB_25360,meso_SUB_HIFLD_3887_SUB_25360_fwd,5000000.0,0.0,0.0,0,168
SUB_HIFLD_3898,SUB_HIFLD_2869,meso_SUB_HIFLD_3898_SUB_HIFLD_2869_rev,150000000.0,0.0,0.0,0,168
SUB_HIFLD_3903,SUB_HIFLD_2086,meso_SUB_HIFLD_3903_SUB_HIFLD_2086_rev,150000000.0,0.0,0.0,0,168
SUB_HIFLD_3903,SUB_HIFLD_48,meso_SUB_HIFLD_3903_SUB_HIFLD_48_fwd,150000000.0,0.0,0.0,0,168
SUB_HIFLD_4010,SUB_01201,meso_SUB_HIFLD_4010_SUB_01201_rev,150000000.0,8994574.501978556,9057945.648498535,0,168
SUB_HIFLD_4010,SUB_HIFLD_3824,meso_SUB_HIFLD_4010_SUB_HIFLD_3824_rev,150000000.0,0.0,0.0,0,168
SUB_HIFLD_4010,SUB_HIFLD_3825,meso_SUB_HIFLD_4010_SUB_HIFLD_3825_rev,150000000.0,0.0,0.0,0,168
SUB_HIFLD_4059,SUB_HIFLD_2514,meso_SUB_HIFLD_4059_SUB_HIFLD_2514_rev,80000000.0,0.0,0.0,0,168
SUB_HIFLD_4068,WEC_CALN,iface_SUB_HIFLD_4068_WEC_CALN_to_ba,5000000.0,0.0,0.0,0,168
SUB_HIFLD_4077,SUB_HIFLD_523,meso_SUB_HIFLD_4077_SUB_HIFLD_523_fwd,5000000.0,0.0,0.0,0,168
SUB_HIFLD_4127,SUB_16368,meso_SUB_HIFLD_4127_SUB_16368_rev,450000000.0,3658740.22063607,4200000.0,0,168
SUB_HIFLD_4127,SUB_HIFLD_597,meso_SUB_HIFLD_4127_SUB_HIFLD_597_fwd,150000000.0,541259.7793639299,4200000.0,0,168
SUB_HIFLD_4231,SUB_01201,meso_SUB_HIFLD_4231_SUB_01201_rev,150000000.0,1656316.4793565613,42610593.04676803,0,168
SUB_HIFLD_4231,SUB_HIFLD_1139,meso_SUB_HIFLD_4231_SUB_HIFLD_1139_rev,150000000.0,0.0,0.0,0,168
SUB_HIFLD_4241,SUB_HIFLD_2869,meso_SUB_HIFLD_4241_SUB_HIFLD_2869_fwd,5000000.0,0.0,0.0,0,168
SUB_HIFLD_4291,SUB_18297,meso_SUB_HIFLD_4291_SUB_18297_rev,300000000.0,0.0,0.0,0,168
SUB_HIFLD_4291,SUB_HIFLD_2086,meso_SUB_HIFLD_4291_SUB_HIFLD_2086_rev,150000000.0,0.0,0.0,0,168
SUB_HIFLD_4291,SUB_HIFLD_48,meso_SUB_HIFLD_4291_SUB_HIFLD_48_fwd,150000000.0,5369187.174388349,7404612.669821613,0,168
SUB_HIFLD_4327,SUB_HIFLD_3312,meso_SUB_HIFLD_4327_SUB_HIFLD_3312_rev,60000000.0,0.0,0.0,0,168
SUB_HIFLD_4330,SUB_16328,meso_SUB_HIFLD_4330_SUB_16328_rev,60000000.0,0.0,0.0,0,168
SUB_HIFLD_4330,SUB_HIFLD_2043,meso_SUB_HIFLD_4330_SUB_HIFLD_2043_rev,60000000.0,0.0,0.0,0,168
SUB_HIFLD_4390,SUB_16307,meso_SUB_HIFLD_4390_SUB_16307_rev,60000000.0,38579373.56365742,45000000.0,0,168
SUB_HIFLD_4390,SUB_HIFLD_2990,meso_SUB_HIFLD_4390_SUB_HIFLD_2990_rev,120000000.0,5988616.609602351,26774056.074199583,0,168
SUB_HIFLD_4403,SUB_10335,meso_SUB_HIFLD_4403_SUB_10335_rev,60000000.0,248745.47618525138,3277855.7540264325,0,168
SUB_HIFLD_4403,SUB_10352,meso_SUB_HIFLD_4403_SUB_10352_rev,60000000.0,2995417.135559515,5716043.919933869,0,168
SUB_HIFLD_4403,SUB_HIFLD_2180,meso_SUB_HIFLD_4403_SUB_HIFLD_2180_rev,60000000.0,905979.363533298,6398506.786249939,0,168
SUB_HIFLD_4426,SUB_16237,meso_SUB_HIFLD_4426_SUB_16237_rev,60000000.0,5634689.367974852,25191709.360214386,0,168
SUB_HIFLD_4426,SUB_HIFLD_2020,meso_SUB_HIFLD_4426_SUB_HIFLD_2020_rev,60000000.0,0.0,0.0,0,168
SUB_HIFLD_4426,SUB_HIFLD_2990,meso_SUB_HIFLD_4426_SUB_HIFLD_2990_rev,60000000.0,0.0,0.0,0,168
