node,asset,fuel,energy_J,mean_W
WECC_AZ,installed_21,hydro,338688000000.0,560000.0
WECC_AZ,installed_824,coal,70156800000000.0,116000000.0
WECC_AZ,installed_825,coal,163900800000000.0,271000000.0
WECC_AZ,installed_826,coal,229824000000000.0,380000000.0
WECC_AZ,installed_847,oil,378000000000.0,625000.0
WECC_AZ,installed_890,natural gas,0.0,0.0
WECC_AZ,installed_891,natural gas,0.0,0.0
WECC_AZ,installed_946,natural gas,51408000000000.0,85000000.0
WECC_AZ,installed_947,natural gas,51408000000000.0,85000000.0
WECC_AZ,installed_948,natural gas,51408000000000.0,85000000.0
WECC_AZ,installed_949,natural gas,23199267756700.805,38358577.64004763
WECC_AZ,installed_950,natural gas,0.0,0.0
WECC_AZ,installed_951,natural gas,96768000000000.0,160000000.0
WECC_AZ,installed_952,natural gas,88241834810681.84,145902504.64729142
WECC_AZ,installed_953,natural gas,0.0,0.0
WECC_AZ,installed_954,natural gas,0.0,0.0
WECC_AZ,installed_955,natural gas,30240000000000.0,50000000.0
WECC_AZ,installed_969,natural gas,26265600000000.0,43428571.428571425
WECC_AZ,installed_970,natural gas,30240000000000.0,50000000.0
WECC_AZ,installed_971,natural gas,30240000000000.0,50000000.0
WECC_AZ,installed_1015,oil,9478963881595.416,15672890.015865436
WECC_AZ,installed_1016,natural gas,0.0,0.0
WECC_AZ,installed_1017,natural gas,5961600000000.0,9857142.857142856
WECC_AZ,installed_1018,natural gas,0.0,0.0
WECC_AZ,installed_1019,natural gas,0.0,0.0
WECC_AZ,installed_1020,natural gas,0.0,0.0
WECC_AZ,installed_1021,natural gas,28425600000000.0,47000000.0
WECC_AZ,installed_1022,natural gas,0.0,0.0
WECC_AZ,installed_1053,battery,1548000000000.0,2559523.8095238097
WECC_AZ,installed_1054,natural gas,0.0,0.0
WECC_AZ,installed_1076,oil,1000752568674.5938,1654683.4799513784
WECC_AZ,installed_1077,oil,3762297744084.0,6220730.3969642855
WECC_AZ,installed_1078,oil,986422041019.2655,1630988.8244366164
WECC_AZ,installed_1079,oil,5391496712155.469,8914511.759516317
WECC_AZ,installed_1080,natural gas,14515200000000.0,24000000.0
WECC_AZ,installed_1081,natural gas,0.0,0.0
WECC_AZ,installed_1448,oil,4474800000000.0,7398809.523809524
WECC_AZ,installed_1449,oil,3858839174145.086,6380355.777356292
WECC_AZ,installed_1450,oil,6516000000000.0,10773809.523809524
WECC_AZ,installed_1451,natural gas,0.0,0.0
WECC_AZ,installed_1452,natural gas,0.0,0.0
WECC_AZ,installed_1453,natural gas,0.0,0.0
WECC_AZ,installed_1454,solar,40366080000.0,66742.85714285714
WECC_AZ,installed_1461,hydro,2419200000000.0,4000000.0
WECC_AZ,installed_1462,hydro,2419200000000.0,4000000.0
WECC_AZ,installed_1463,hydro,2419200000000.0,4000000.0
WECC_AZ,installed_1464,pump hydro,27376860685357.17,45265973.3554186
WECC_AZ,installed_1481,natural gas,0.0,0.0
WECC_AZ,installed_1482,natural gas,0.0,0.0
WECC_AZ,installed_1483,natural gas,32054400000000.0,53000000.0
WECC_AZ,installed_1484,natural gas,48281661299860.12,79830789.18627664
WECC_AZ,installed_1485,natural gas,64108800000000.0,106000000.0
WECC_AZ,installed_1499,hydro,2782080000000.0,4600000.0
WECC_AZ,installed_1500,pump hydro,12598594930804.11,20831010.136911556
WECC_AZ,installed_1523,hydro,8709120000000.0,14400000.0
WECC_AZ,installed_1541,hydro,3144960000000.0,5200000.0
WECC_AZ,installed_1586,hydro,12507264000000.0,20680000.0
WECC_AZ,installed_1587,hydro,12507264000000.0,20680000.0
WECC_AZ,installed_1588,hydro,11612160000000.0,19200000.0
WECC_AZ,installed_1589,hydro,12507264000000.0,20680000.0
WECC_AZ,installed_1590,hydro,12507264000000.0,20680000.0
WECC_AZ,installed_1591,hydro,39916800000000.0,66000000.0
WECC_AZ,installed_1592,hydro,39916800000000.0,66000000.0
WECC_AZ,installed_1593,hydro,39916800000000.0,66000000.0
WECC_AZ,installed_1594,hydro,39916800000000.0,66000000.0
WECC_AZ,installed_1595,hydro,39916800000000.0,66000000.0
WECC_AZ,installed_1596,hydro,39916800000000.0,66000000.0
WECC_AZ,installed_1597,hydro,37981440000000.0,62800000.0
WECC_AZ,installed_1598,hydro,39916800000000.0,66000000.0
WECC_AZ,installed_1703,oil,2319733189828.599,3835537.681594906
WECC_AZ,installed_1704,oil,23811870568163.53,39371479.114027
WECC_AZ,installed_1705,coal,105787356091200.0,174912956.5
WECC_AZ,installed_1706,natural gas,0.0,0.0
WECC_AZ,installed_1707,oil,466200000000.0,770833.3333333334
WECC_AZ,installed_1708,natural gas,0.0,0.0
WECC_AZ,installed_1709,oil,931507105207.3281,1540190.319456561
WECC_AZ,installed_5786,hydro,7257600000000.0,12000000.0
WECC_AZ,installed_5787,hydro,7257600000000.0,12000000.0
WECC_AZ,installed_5788,hydro,7257600000000.0,12000000.0
WECC_AZ,installed_5789,hydro,7257600000000.0,12000000.0
WECC_AZ,installed_7391,natural gas,2653560000000.0,4387500.0
WECC_AZ,installed_7392,natural gas,10342080000000.0,17100000.0
WECC_AZ,installed_7956,natural gas,0.0,0.0
WECC_AZ,installed_7957,natural gas,0.0,0.0
WECC_AZ,installed_7958,natural gas,0.0,0.0
WECC_AZ,installed_7967,natural gas,0.0,0.0
WECC_AZ,installed_7968,natural gas,0.0,0.0
WECC_AZ,installed_7969,natural gas,0.0,0.0
WECC_AZ,installed_8073,natural gas,0.0,0.0
WECC_AZ,installed_8074,natural gas,0.0,0.0
WECC_AZ,installed_8075,natural gas,0.0,0.0
WECC_AZ,installed_8364,natural gas,0.0,0.0
WECC_AZ,installed_8365,natural gas,0.0,0.0
WECC_AZ,installed_8366,natural gas,0.0,0.0
WECC_AZ,installed_8432,natural gas,42674753113389.266,70560107.66102722
WECC_AZ,installed_8433,natural gas,42787103458979.43,70745872.12132843
WECC_AZ,installed_8434,natural gas,0.0,0.0
WECC_AZ,installed_8523,natural gas,0.0,0.0
WECC_AZ,installed_8524,natural gas,0.0,0.0
WECC_AZ,installed_8525,natural gas,0.0,0.0
WECC_AZ,installed_8526,natural gas,0.0,0.0
WECC_AZ,installed_8527,natural gas,0.0,0.0
WECC_AZ,installed_8528,natural gas,0.0,0.0
WECC_AZ,installed_8669,natural gas,0.0,0.0
WECC_AZ,installed_8670,natural gas,0.0,0.0
WECC_AZ,installed_8671,natural gas,0.0,0.0
WECC_AZ,installed_8672,natural gas,0.0,0.0
WECC_AZ,installed_8673,natural gas,0.0,0.0
WECC_AZ,installed_8674,natural gas,0.0,0.0
WECC_AZ,installed_8714,natural gas,0.0,0.0
WECC_AZ,installed_8715,natural gas,0.0,0.0
WECC_AZ,installed_8716,natural gas,0.0,0.0
WECC_AZ,installed_8770,natural gas,24796800000000.0,41000000.0
WECC_AZ,installed_8771,natural gas,0.0,0.0
WECC_AZ,installed_8772,natural gas,0.0,0.0
WECC_AZ,installed_8773,natural gas,0.0,0.0
WECC_AZ,installed_8774,natural gas,12945671127127.107,21404879.509138737
WECC_AZ,installed_8775,natural gas,0.0,0.0
WECC_AZ,installed_8776,natural gas,0.0,0.0
WECC_AZ,installed_8777,natural gas,0.0,0.0
WECC_AZ,installed_8778,natural gas,24796800000000.0,41000000.0
WECC_AZ,installed_8779,natural gas,0.0,0.0
WECC_AZ,installed_9499,solar,422845032817.152,699148.5330971428
WECC_AZ,installed_9500,natural gas,0.0,0.0
WECC_AZ,installed_9884,natural gas,0.0,0.0
WECC_AZ,installed_9885,natural gas,0.0,0.0
WECC_AZ,installed_10153,biomass,7352640000000.0,12157142.857142856
WECC_AZ,installed_10688,solar,59539968000000.0,98445714.28571428
WECC_AZ,installed_10866,oil,0.0,0.0
WECC_AZ,installed_10867,oil,0.0,0.0
WECC_AZ,installed_10932,natural gas,0.0,0.0
WECC_AZ,installed_10933,natural gas,0.0,0.0
WECC_AZ,installed_10934,natural gas,24529680000000.0,40558333.333333336
WECC_AZ,installed_10935,natural gas,0.0,0.0
WECC_AZ,installed_10936,natural gas,26248320000000.0,43400000.0
WECC_AZ,installed_10937,natural gas,0.0,0.0
WECC_AZ,installed_10938,natural gas,0.0,0.0
WECC_AZ,installed_10939,natural gas,0.0,0.0
WECC_AZ,installed_10940,natural gas,0.0,0.0
WECC_AZ,installed_10941,natural gas,0.0,0.0
WECC_AZ,installed_10942,natural gas,0.0,0.0
WECC_AZ,installed_10943,natural gas,0.0,0.0
WECC_AZ,installed_11186,wind,21784820400000.0,36019875.0
WECC_AZ,installed_11522,solar,4027095549582.3354,6658557.456319999
WECC_AZ,installed_11593,solar,18262878320756.74,30196558.070034288
WECC_AZ,installed_11594,solar,27384249734737.92,45278190.69897143
WECC_AZ,installed_11595,solar,24363928076083.203,40284272.61257143
WECC_AZ,installed_11603,wind,22510981080000.0,37220537.5
WECC_AZ,installed_11614,solar,241625733096.0384,399513.44757942855
WECC_AZ,installed_11630,waste,967680000000.0,1600000.0
WECC_AZ,installed_11631,waste,967680000000.0,1600000.0
WECC_AZ,installed_11797,solar,181219299721.1136,299635.08551771427
WECC_AZ,installed_11832,solar,201354777580.03198,332927.8729828571
WECC_AZ,installed_11836,solar,3825740773011.455,6325629.585005713
WECC_AZ,installed_11837,solar,3423031217851.392,5659773.839040001
WECC_AZ,installed_11838,solar,3543844083793.9204,5859530.561828572
WECC_AZ,installed_11839,solar,3423031217851.392,5659773.839040001
WECC_AZ,installed_11840,solar,1006773887496.4993,1664639.3642468574
WECC_AZ,installed_11943,solar,5033869438491.648,8323196.822902858
WECC_AZ,installed_11981,solar,704741721227.3665,1165247.5549394286
WECC_AZ,installed_11987,solar,3725063383716.8643,6159165.64768
WECC_AZ,installed_11988,solar,5496985425613.824,9088930.928594286
WECC_AZ,installed_11989,solar,5496985425613.824,9088930.928594286
WECC_AZ,installed_11990,solar,5033869438491.648,8323196.822902858
WECC_AZ,installed_11991,solar,5496985425613.824,9088930.928594286
WECC_AZ,installed_12032,solar,3221676441280.5117,5326845.967725714
WECC_AZ,installed_12033,solar,2416257330960.384,3995134.4757942855
WECC_AZ,installed_12034,solar,3221676441280.5117,5326845.967725714
WECC_AZ,installed_12035,solar,3221676441280.5117,5326845.967725714
WECC_AZ,installed_12036,solar,3221676441280.5117,5326845.967725714
WECC_AZ,installed_12037,solar,2013547775194.8286,3329278.728827428
WECC_AZ,installed_12038,solar,3221676441280.5117,5326845.967725714
WECC_AZ,installed_12039,solar,3221676441280.5117,5326845.967725714
WECC_AZ,installed_12040,solar,1610838220236.5952,2663422.9831954287
WECC_AZ,installed_12041,solar,3221676441280.5117,5326845.967725714
WECC_AZ,installed_12042,solar,2416257330960.384,3995134.4757942855
WECC_AZ,installed_12043,solar,3221676441280.5117,5326845.967725714
WECC_AZ,installed_12053,battery,1584000000000.0,2619047.619047619
WECC_AZ,installed_12054,solar,805419110118.2976,1331711.4915977144
WECC_AZ,installed_12101,solar,201354777580.03198,332927.8729828571
WECC_AZ,installed_12102,solar,181219299721.1136,299635.08551771427
WECC_AZ,installed_12103,solar,201354777580.03198,332927.8729828571
WECC_AZ,installed_12104,solar,181219299721.1136,299635.08551771427
WECC_AZ,installed_12105,solar,181219299721.1136,299635.08551771427
WECC_AZ,installed_12115,solar,100677388689.1008,166463.93632457143
WECC_AZ,installed_12116,wind,3457908000000.0,5717440.476190476
WECC_AZ,installed_12133,solar,3020321662691.328,4993918.093074285
WECC_AZ,installed_12141,solar,906096498807.3984,1498175.4279222856
WECC_AZ,installed_12176,waste,846720000000.0,1400000.0
WECC_AZ,installed_12177,waste,846720000000.0,1400000.0
WECC_AZ,installed_12280,solar,3745198862383.1035,6192458.436479999
WECC_AZ,installed_12345,solar,382574077301.14557,632562.9585005713
WECC_AZ,installed_12350,solar,201354777580.03198,332927.8729828571
WECC_AZ,installed_12351,solar,201354777580.03198,332927.8729828571
WECC_AZ,installed_12424,solar,3423031217851.392,5659773.839040001
WECC_AZ,installed_12425,solar,3624385994422.272,5992701.710354285
WECC_AZ,installed_12483,solar,664470765711.36,1098661.980342857
WECC_AZ,installed_12490,solar,1812192997614.7969,2996350.8558445713
WECC_AZ,installed_12584,solar,2174631597057.0237,3595621.02688
WECC_AZ,installed_12593,wind,34302447360000.0,56717009.52380952
WECC_AZ,installed_12607,solar,906096498807.3984,1498175.4279222856
WECC_AZ,installed_12645,solar,3020321662691.328,4993918.093074285
WECC_AZ,installed_12714,solar,2980050707377.152,4927332.518811428
WECC_AZ,installed_12752,solar,221490255237.12003,366220.66011428577
WECC_AZ,installed_12753,solar,261761210753.12643,432806.23471085716
WECC_AZ,installed_12858,solar,2818966886120.448,4660990.22176
WECC_AZ,installed_12986,solar,805419110118.2976,1331711.4915977144
WECC_AZ,installed_13009,solar,4027095549582.3354,6658557.456319999
WECC_AZ,installed_13028,solar,3020321662691.328,4993918.093074285
WECC_AZ,installed_13042,solar,322167644128.0513,532684.5967725716
WECC_AZ,installed_13043,solar,281896688612.0448,466099.022176
WECC_AZ,installed_13071,solar,1208128665076.531,1997567.2372297142
WECC_AZ,installed_13083,solar,503386943849.16486,832319.6822902858
WECC_AZ,installed_13099,natural gas,0.0,0.0
WECC_AZ,installed_13100,natural gas,0.0,0.0
WECC_AZ,installed_13101,natural gas,0.0,0.0
WECC_AZ,installed_13185,solar,604064332538.2655,998783.6186148571
WECC_AZ,installed_13264,solar,201354777580.03198,332927.8729828571
WECC_AZ,installed_13265,solar,281896688612.0448,466099.022176
WECC_AZ,installed_13398,solar,201354777580.03198,332927.8729828571
WECC_AZ,installed_13399,solar,10269093653554.176,16979321.517119996
WECC_AZ,installed_13400,wind,10373724000000.0,17152321.42857143
WECC_AZ,installed_13420,solar,1006773887496.4993,1664639.3642468574
WECC_AZ,installed_13557,solar,825554587775.3857,1365004.278729143
WECC_AZ,installed_13558,solar,2738424973473.792,4527819.069897143
WECC_AZ,installed_13608,solar,6443352880542.72,10653691.932114284
WECC_AZ,installed_13639,solar,1208128665076.531,1997567.2372297142
WECC_AZ,installed_13790,solar,5839288548811.775,9654908.314834286
WECC_AZ,installed_13953,natural gas,0.0,0.0
WECC_AZ,installed_13954,natural gas,0.0,0.0
WECC_AZ,installed_13955,natural gas,0.0,0.0
WECC_AZ,installed_14061,solar,2013547775194.8286,3329278.728827428
WECC_AZ,installed_14068,solar,2013547775194.8286,3329278.728827428
WECC_AZ,installed_14069,solar,1006773887496.4993,1664639.3642468574
WECC_AZ,installed_14234,solar,9060964988073.984,14981754.279222857
WECC_AZ,installed_14412,solar,2537070196902.912,4194891.198582857
WECC_AZ,installed_14417,natural gas,0.0,0.0
WECC_AZ,installed_14418,natural gas,0.0,0.0
WECC_AZ,installed_14419,natural gas,112780899324314.31,186476354.70290065
WECC_AZ,installed_14460,solar,885961021150.3105,1464882.6407908574
WECC_AZ,installed_14461,solar,2013547775194.8286,3329278.728827428
WECC_AZ,installed_14704,solar,3221676441280.5117,5326845.967725714
WECC_AZ,installed_14721,nuclear,792892800000000.0,1311000000.0
WECC_AZ,installed_14722,nuclear,794707200000000.0,1314000000.0
WECC_AZ,installed_14723,nuclear,793497600000000.0,1312000000.0
WECC_AZ,installed_14891,solar,362438599442.2272,599270.1710354285
WECC_AZ,installed_14951,solar,6040643325382.656,9987836.18614857
WECC_AZ,installed_14966,solar,20135477751948.29,33292787.28827429
WECC_AZ,installed_14967,solar,30203216626913.277,49939180.93074285
WECC_AZ,installed_15049,solar,4027095549582.3354,6658557.456319999
WECC_AZ,installed_15081,solar,10067738874964.992,16646393.642468572
WECC_AZ,installed_15160,solar,8054191101182.975,13317114.91597714
WECC_AZ,installed_15289,solar,825554587775.3857,1365004.278729143
WECC_AZ,installed_15363,solar,201354777580.03198,332927.8729828571
WECC_AZ,installed_15364,solar,201354777580.03198,332927.8729828571
WECC_AZ,installed_15365,solar,20135477657.088,33292.78713142857
WECC_AZ,installed_15366,solar,40270955516.00641,66585.57459657144
WECC_AZ,installed_15367,solar,40270955516.00641,66585.57459657144
WECC_AZ,installed_15507,natural gas,0.0,0.0
WECC_AZ,installed_15508,natural gas,3101603159302.6016,5128312.102021497
WECC_AZ,installed_15509,natural gas,67281390626809.266,111245685.56020051
WECC_AZ,installed_15562,solar,563793377022.2593,932198.0440182858
WECC_AZ,installed_15563,solar,281896688612.0448,466099.022176
WECC_AZ,installed_15629,natural gas,0.0,0.0
WECC_AZ,installed_15630,natural gas,0.0,0.0
WECC_AZ,installed_15631,natural gas,0.0,0.0
WECC_AZ,installed_15632,natural gas,0.0,0.0
WECC_AZ,installed_15730,solar,4027095549582.3354,6658557.456319999
WECC_AZ,installed_15760,battery,1548000000000.0,2559523.8095238097
WECC_AZ,installed_15761,solar,402709554958.2336,665855.745632
WECC_AZ,installed_15844,solar,261761210753.12643,432806.23471085716
WECC_AZ,installed_15905,battery,1562832614134.836,2584048.634482202
WECC_AZ,installed_15907,solar,241625733096.0384,399513.44757942855
WECC_AZ,installed_15990,solar,5496985425613.824,9088930.928594286
WECC_AZ,installed_16147,coal,58493509581180.95,96715458.96359284
WECC_AZ,installed_16148,coal,45654044283415.09,75486184.33104347
WECC_AZ,installed_16496,natural gas,4194578968272.164,6935481.098333605
WECC_AZ,installed_16497,natural gas,0.0,0.0
WECC_AZ,installed_16498,natural gas,0.0,0.0
WECC_AZ,installed_16499,natural gas,0.0,0.0
WECC_AZ,installed_16943,pump hydro,2124000000000.0,3511904.761904762
WECC_AZ,installed_16944,pump hydro,2114028974148.453,3495418.27736186
WECC_AZ,installed_16945,pump hydro,2124000000000.0,3511904.761904762
WECC_AZ,installed_16946,pump hydro,2124000000000.0,3511904.761904762
WECC_AZ,installed_16956,hydro,1572480000000.0,2600000.0
WECC_AZ,installed_16957,hydro,1572480000000.0,2600000.0
WECC_AZ,installed_16958,hydro,1572480000000.0,2600000.0
WECC_AZ,installed_18071,natural gas,0.0,0.0
WECC_AZ,installed_18072,natural gas,0.0,0.0
WECC_AZ,installed_18073,natural gas,0.0,0.0
WECC_AZ,installed_18074,natural gas,0.0,0.0
WECC_AZ,installed_18075,natural gas,0.0,0.0
WECC_AZ,installed_18076,natural gas,0.0,0.0
WECC_AZ,installed_18077,natural gas,0.0,0.0
WECC_AZ,installed_18078,natural gas,0.0,0.0
WECC_AZ,installed_18079,natural gas,0.0,0.0
WECC_AZ,installed_18150,coal,234057600000000.0,387000000.0
WECC_AZ,installed_18151,coal,240412879610701.62,397508068.1393876
WECC_AZ,installed_18152,coal,169064947673724.06,279538603.95787704
WECC_AZ,installed_18153,coal,111253233029022.77,183950451.43687627
WECC_AZ,installed_18154,solar,746772480000.0,1234742.857142857
WECC_AZ,installed_18155,solar,282562560000.0,467200.0
WECC_AZ,installed_18156,solar,1675192320000.0,2769828.5714285714
WECC_AZ,installed_18271,hydro,653184000000.0,1080000.0
WECC_AZ,installed_18272,hydro,31449600000000.0,52000000.0
WECC_AZ,installed_18273,hydro,31449600000000.0,52000000.0
WECC_AZ,installed_18274,hydro,31449600000000.0,52000000.0
WECC_AZ,installed_18275,hydro,31449600000000.0,52000000.0
WECC_AZ,installed_18276,hydro,30723840000000.0,50800000.0
WECC_AZ,installed_18277,hydro,31449600000000.0,52000000.0
WECC_AZ,installed_18278,hydro,31449600000000.0,52000000.0
WECC_AZ,installed_18279,hydro,14878080000000.0,24600000.0
WECC_AZ,installed_18280,hydro,16571520000000.0,27400000.0
WECC_AZ,installed_18558,oil,0.0,0.0
WECC_AZ,installed_18559,battery,1620000000000.0,2678571.4285714286
WECC_AZ,installed_18560,solar,36329472000000.0,60068571.428571425
WECC_AZ,optional_490_0,wind,0.0,0.0
WECC_AZ,optional_491_0,wind,0.0,0.0
WECC_AZ,optional_492_0,wind,0.0,0.0
WECC_AZ,optional_493_0,wind,0.0,0.0
WECC_AZ,optional_494_0,wind,0.0,0.0
WECC_AZ,optional_494_1,wind,0.0,0.0
WECC_AZ,optional_494_2,wind,0.0,0.0
WECC_AZ,optional_494_3,wind,0.0,0.0
WECC_AZ,optional_494_4,wind,0.0,0.0
WECC_AZ,optional_494_5,wind,0.0,0.0
WECC_AZ,optional_495_0,wind,0.0,0.0
WECC_AZ,optional_495_1,wind,0.0,0.0
WECC_AZ,optional_495_2,wind,0.0,0.0
WECC_AZ,optional_495_3,wind,0.0,0.0
WECC_AZ,optional_495_4,wind,0.0,0.0
WECC_AZ,optional_495_5,wind,0.0,0.0
WECC_AZ,optional_815_0,solar,0.0,0.0
WECC_AZ,optional_815_1,solar,0.0,0.0
WECC_AZ,optional_815_2,solar,0.0,0.0
WECC_AZ,optional_815_3,solar,0.0,0.0
WECC_AZ,optional_815_4,solar,0.0,0.0
WECC_AZ,optional_815_5,solar,0.0,0.0
WECC_AZ,optional_816_0,solar,0.0,0.0
WECC_AZ,optional_816_1,solar,0.0,0.0
WECC_AZ,optional_816_2,solar,0.0,0.0
WECC_AZ,optional_816_3,solar,0.0,0.0
WECC_AZ,optional_816_4,solar,0.0,0.0
WECC_AZ,optional_816_5,solar,0.0,0.0
WECC_AZ,optional_817_0,solar,0.0,0.0
WECC_AZ,optional_817_1,solar,0.0,0.0
WECC_AZ,optional_817_2,solar,0.0,0.0
WECC_AZ,optional_817_3,solar,0.0,0.0
WECC_AZ,optional_817_4,solar,0.0,0.0
WECC_AZ,optional_817_5,solar,0.0,0.0
WECC_CO,installed_0,coal,257362682693759.9,425533536.19999987
WECC_CO,installed_22,oil,0.0,0.0
WECC_CO,installed_23,oil,0.0,0.0
WECC_CO,installed_24,oil,0.0,0.0
WECC_CO,installed_25,oil,0.0,0.0
WECC_CO,installed_94,non-fossil,725760000000.0,1200000.0
WECC_CO,installed_95,non-fossil,725760000000.0,1200000.0
WECC_CO,installed_96,non-fossil,725760000000.0,1200000.0
WECC_CO,installed_97,non-fossil,725760000000.0,1200000.0
WECC_CO,installed_98,non-fossil,1512000000000.0,2500000.0
WECC_CO,installed_99,non-fossil,1512000000000.0,2500000.0
WECC_CO,installed_145,hydro,749023266942.7201,1238464.3964000002
WECC_CO,installed_151,hydro,241620408691.2,399504.64400000003
WECC_CO,installed_332,hydro,434916735644.1599,719108.3591999998
WECC_CO,installed_333,hydro,724861226073.6,1198513.932
WECC_CO,installed_334,hydro,120960000000.0,200000.0
WECC_CO,installed_335,hydro,1328912247559.6797,2197275.5415999996
WECC_CO,installed_336,hydro,1886976000000.0,3120000.0
WECC_CO,installed_552,natural gas,0.0,0.0
WECC_CO,installed_553,natural gas,15120000000000.0,25000000.0
WECC_CO,installed_554,natural gas,0.0,0.0
WECC_CO,installed_555,natural gas,450000000000.0,744047.619047619
WECC_CO,installed_556,natural gas,0.0,0.0
WECC_CO,installed_557,natural gas,11179738639471.127,18485017.59171813
WECC_CO,installed_558,natural gas,10968122433327.32,18135123.07097771
WECC_CO,installed_559,natural gas,54432000000000.0,90000000.0
WECC_CO,installed_624,natural gas,1903855600228.5972,3147909.391912363
WECC_CO,installed_625,natural gas,514800000000.0,851190.4761904762
WECC_CO,installed_626,natural gas,0.0,0.0
WECC_CO,installed_627,natural gas,0.0,0.0
WECC_CO,installed_5810,oil,0.0,0.0
WECC_CO,installed_5811,oil,0.0,0.0
WECC_CO,installed_5812,oil,0.0,0.0
WECC_CO,installed_5813,oil,0.0,0.0
WECC_CO,installed_5814,oil,0.0,0.0
WECC_CO,installed_5815,oil,0.0,0.0
WECC_CO,installed_5816,oil,0.0,0.0
WECC_CO,installed_5817,hydro,1209600000000.0,2000000.0
WECC_CO,installed_5818,pump hydro,43427644990126.94,71804968.56833158
WECC_CO,installed_5819,pump hydro,44244917112479.39,73156278.29444344
WECC_CO,installed_5820,oil,0.0,0.0
WECC_CO,installed_5821,natural gas,2416628670580.823,3995748.4632619433
WECC_CO,installed_5822,natural gas,2399351194907.932,3967181.2085117926
WECC_CO,installed_5823,natural gas,0.0,0.0
WECC_CO,installed_5832,coal,196560000000000.0,325000000.0
WECC_CO,installed_5833,coal,202608000000000.0,335000000.0
WECC_CO,installed_5834,coal,416136154241609.56,688055810.584672
WECC_CO,installed_5835,natural gas,0.0,0.0
WECC_CO,installed_5836,hydro,193296326952.96002,319603.71520000004
WECC_CO,installed_5837,hydro,193296326952.96002,319603.71520000004
WECC_CO,installed_5838,hydro,483240817382.4,799009.2880000001
WECC_CO,installed_5839,hydro,507402858251.5199,838959.7523999999
WECC_CO,installed_5840,hydro,193296326952.96002,319603.71520000004
WECC_CO,installed_5841,hydro,144972245214.72003,239702.78640000007
WECC_CO,installed_5842,hydro,1812153064942.0798,2996284.8296
WECC_CO,installed_5843,hydro,1812153064942.0798,2996284.8296
WECC_CO,installed_5844,natural gas,26006400000000.0,43000000.0
WECC_CO,installed_5868,oil,0.0,0.0
WECC_CO,installed_5869,oil,0.0,0.0
WECC_CO,installed_5870,coal,46569600000000.0,77000000.0
WECC_CO,installed_5871,coal,79228800000000.0,131000000.0
WECC_CO,installed_5872,oil,0.0,0.0
WECC_CO,installed_5873,oil,0.0,0.0
WECC_CO,installed_5874,oil,0.0,0.0
WECC_CO,installed_5882,hydro,604051021728.0,998761.61
WECC_CO,installed_5883,hydro,628213062597.1201,1038712.0744
WECC_CO,installed_5884,hydro,120960000000.0,200000.0
WECC_CO,installed_5890,hydro,241620408691.2,399504.64400000003
WECC_CO,installed_6042,oil,0.0,0.0
WECC_CO,installed_6043,oil,0.0,0.0
WECC_CO,installed_6044,oil,0.0,0.0
WECC_CO,installed_6046,non-fossil,3689280000000.0,6100000.0
WECC_CO,installed_6047,hydro,193296326952.96002,319603.71520000004
WECC_CO,installed_6048,hydro,604051021728.0,998761.61
WECC_CO,installed_6049,hydro,604051021728.0,998761.61
WECC_CO,installed_6083,hydro,338268572167.68,559306.5016
WECC_CO,installed_6192,oil,0.0,0.0
WECC_CO,installed_6193,oil,0.0,0.0
WECC_CO,installed_6194,oil,0.0,0.0
WECC_CO,installed_6195,oil,0.0,0.0
WECC_CO,installed_6232,hydro,604051021728.0,998761.61
WECC_CO,installed_6395,oil,0.0,0.0
WECC_CO,installed_6396,oil,0.0,0.0
WECC_CO,installed_6397,oil,0.0,0.0
WECC_CO,installed_6398,oil,0.0,0.0
WECC_CO,installed_6399,oil,0.0,0.0
WECC_CO,installed_6400,oil,0.0,0.0
WECC_CO,installed_6401,oil,0.0,0.0
WECC_CO,installed_6479,oil,0.0,0.0
WECC_CO,installed_6480,oil,0.0,0.0
WECC_CO,installed_6481,oil,0.0,0.0
WECC_CO,installed_6482,oil,0.0,0.0
WECC_CO,installed_6483,oil,0.0,0.0
WECC_CO,installed_6495,natural gas,0.0,0.0
WECC_CO,installed_6496,natural gas,0.0,0.0
WECC_CO,installed_6497,natural gas,572400000000.0,946428.5714285715
WECC_CO,installed_6498,natural gas,19232640000000.0,31800000.0
WECC_CO,installed_6499,natural gas,15607208470113.213,25805569.560372375
WECC_CO,installed_6500,natural gas,2812161449612.2373,4649737.84658108
WECC_CO,installed_6501,natural gas,0.0,0.0
WECC_CO,installed_6560,wind,974849802394.8528,1611854.8320020714
WECC_CO,installed_6561,wind,365568675774.9156,604445.5617971488
WECC_CO,installed_6722,oil,0.0,0.0
WECC_CO,installed_6723,oil,0.0,0.0
WECC_CO,installed_6724,oil,0.0,0.0
WECC_CO,installed_6725,oil,0.0,0.0
WECC_CO,installed_6726,oil,0.0,0.0
WECC_CO,installed_6727,hydro,10438001654976.002,17258600.62
WECC_CO,installed_6728,hydro,10438001654976.002,17258600.62
WECC_CO,installed_6729,hydro,4155871029004.801,6871479.876000001
WECC_CO,installed_6730,hydro,4155871029004.801,6871479.876000001
WECC_CO,installed_6731,hydro,4155871029004.801,6871479.876000001
WECC_CO,installed_6732,hydro,20924327391206.4,34597102.168
WECC_CO,installed_6733,hydro,20924327391206.4,34597102.168
WECC_CO,installed_6734,hydro,1256426125194.2402,2077424.1488
WECC_CO,installed_6735,hydro,3141065312985.601,5193560.372000001
WECC_CO,installed_6736,hydro,3141065312985.601,5193560.372000001
WECC_CO,installed_6737,hydro,2247069800586.24,3715393.1888
WECC_CO,installed_6738,hydro,10389677573721.602,17178699.692
WECC_CO,installed_6739,hydro,10389677573721.602,17178699.692
WECC_CO,installed_6740,pump hydro,2050200000000.0,3389880.9523809524
WECC_CO,installed_6741,hydro,9229899611520.002,15261077.400000004
WECC_CO,installed_6742,hydro,1353074288428.8005,2237226.006000001
WECC_CO,installed_6818,hydro,2392042045800.96,3955095.9751999998
WECC_CO,installed_6881,coal,108259200000000.0,179000000.0
WECC_CO,installed_6882,coal,158457600000000.0,262000000.0
WECC_CO,installed_7004,hydro,483240817382.4,799009.2880000001
WECC_CO,installed_7130,natural gas,594000000000.0,982142.8571428572
WECC_CO,installed_7131,natural gas,9072000000000.0,15000000.0
WECC_CO,installed_7132,natural gas,604800000000.0,1000000.0
WECC_CO,installed_7375,hydro,845671430419.2002,1398266.2540000002
WECC_CO,installed_7376,hydro,724861226073.6,1198513.932
WECC_CO,installed_7451,hydro,483240817382.4,799009.2880000001
WECC_CO,installed_7962,natural gas,79833600000000.0,132000000.0
WECC_CO,installed_7963,natural gas,0.0,0.0
WECC_CO,installed_8122,natural gas,5770932484928.958,9541885.722435446
WECC_CO,installed_8123,natural gas,1677929712674.317,2774354.6836546245
WECC_CO,installed_8124,natural gas,1762200000000.0,2913690.476190476
WECC_CO,installed_8135,wind,1267304742965.5237,2095411.2813583394
WECC_CO,installed_8141,natural gas,1580040000000.0,2612500.0
WECC_CO,installed_8142,natural gas,0.0,0.0
WECC_CO,installed_8367,natural gas,0.0,0.0
WECC_CO,installed_8368,natural gas,0.0,0.0
WECC_CO,installed_8369,natural gas,0.0,0.0
WECC_CO,installed_8663,natural gas,23587200000000.0,39000000.0
WECC_CO,installed_8664,natural gas,17550000000000.0,29017857.14285714
WECC_CO,installed_8665,natural gas,23587200000000.0,39000000.0
WECC_CO,installed_8666,natural gas,0.0,0.0
WECC_CO,installed_8667,natural gas,1544400000000.0,2553571.4285714286
WECC_CO,installed_8668,natural gas,0.0,0.0
WECC_CO,installed_8745,natural gas,0.0,0.0
WECC_CO,installed_8746,natural gas,19565408342837.715,32350212.20707294
WECC_CO,installed_8747,natural gas,0.0,0.0
WECC_CO,installed_8748,natural gas,40521600000000.0,67000000.0
WECC_CO,installed_8889,natural gas,0.0,0.0
WECC_CO,installed_8890,natural gas,0.0,0.0
WECC_CO,installed_8891,natural gas,266760000000.0,441071.4285714286
WECC_CO,installed_8892,natural gas,0.0,0.0
WECC_CO,installed_8893,natural gas,0.0,0.0
WECC_CO,installed_8894,natural gas,0.0,0.0
WECC_CO,installed_8895,natural gas,0.0,0.0
WECC_CO,installed_8896,natural gas,265527390087.6753,439033.3830814737
WECC_CO,installed_8897,natural gas,0.0,0.0
WECC_CO,installed_8898,natural gas,0.0,0.0
WECC_CO,installed_8899,natural gas,0.0,0.0
WECC_CO,installed_8900,natural gas,0.0,0.0
WECC_CO,installed_8901,natural gas,0.0,0.0
WECC_CO,installed_8902,natural gas,0.0,0.0
WECC_CO,installed_8903,natural gas,0.0,0.0
WECC_CO,installed_8904,natural gas,0.0,0.0
WECC_CO,installed_8905,natural gas,0.0,0.0
WECC_CO,installed_8906,natural gas,0.0,0.0
WECC_CO,installed_8907,natural gas,0.0,0.0
WECC_CO,installed_8908,natural gas,225720000000.0,373214.28571428574
WECC_CO,installed_8909,natural gas,0.0,0.0
WECC_CO,installed_8910,natural gas,266760000000.0,441071.4285714286
WECC_CO,installed_9003,wind,7238259783249.769,11968022.128389167
WECC_CO,installed_9085,natural gas,0.0,0.0
WECC_CO,installed_9086,natural gas,0.0,0.0
WECC_CO,installed_9087,natural gas,0.0,0.0
WECC_CO,installed_9140,hydro,797347348680.9597,1318365.3251999996
WECC_CO,installed_9423,wind,39481416990587.52,65280120.68549524
WECC_CO,installed_9649,wind,14622747035922.79,24177822.480031066
WECC_CO,installed_9727,wind,73113735179613.97,120889112.40015537
WECC_CO,installed_9820,natural gas,0.0,0.0
WECC_CO,installed_9821,natural gas,0.0,0.0
WECC_CO,installed_9832,wind,18278433793671.95,30222278.09800256
WECC_CO,installed_9882,solar,152164800000.0,251595.2380952381
WECC_CO,installed_9883,solar,1019504160000.0,1685688.0952380951
WECC_CO,installed_9963,natural gas,388440000000.00006,642261.9047619049
WECC_CO,installed_9964,natural gas,3466080000000.001,5730952.380952382
WECC_CO,installed_9965,natural gas,328680000000.00006,543452.3809523811
WECC_CO,installed_9966,natural gas,448200000000.0001,741071.4285714288
WECC_CO,installed_9967,natural gas,0.0,0.0
WECC_CO,installed_9968,natural gas,0.0,0.0
WECC_CO,installed_9969,natural gas,0.0,0.0
WECC_CO,installed_9970,natural gas,3120344388366.6147,5159299.583939509
WECC_CO,installed_9971,natural gas,0.0,0.0
WECC_CO,installed_9972,natural gas,3047760000000.001,5039285.7142857155
WECC_CO,installed_9973,natural gas,0.0,0.0
WECC_CO,installed_9974,natural gas,328680000000.00006,543452.3809523811
WECC_CO,installed_9975,natural gas,3735000000000.001,6175595.23809524
WECC_CO,installed_9976,natural gas,0.0,0.0
WECC_CO,installed_10036,waste,483840000000.0,800000.0
WECC_CO,installed_10037,waste,483840000000.0,800000.0
WECC_CO,installed_10038,waste,483840000000.0,800000.0
WECC_CO,installed_10039,waste,483840000000.0,800000.0
WECC_CO,installed_10081,wind,48620633891118.12,80391259.74060535
WECC_CO,installed_10150,wind,48986202576991.68,80995705.31909999
WECC_CO,installed_10693,solar,289113120000.0,478030.95238095237
WECC_CO,installed_10899,solar,60865920000.0,100638.09523809524
WECC_CO,installed_10900,solar,136948320000.0,226435.7142857143
WECC_CO,installed_11025,natural gas,1598400000000.0,2642857.1428571427
WECC_CO,installed_11026,natural gas,792000000000.0,1309523.8095238095
WECC_CO,installed_11027,natural gas,266400000000.0,440476.1904761905
WECC_CO,installed_11028,natural gas,1080000000000.0,1785714.2857142857
WECC_CO,installed_11029,natural gas,14674326064954.43,24263105.266128354
WECC_CO,installed_11030,natural gas,22377600000000.0,37000000.0
WECC_CO,installed_11031,natural gas,0.0,0.0
WECC_CO,installed_11032,natural gas,0.0,0.0
WECC_CO,installed_11033,natural gas,0.0,0.0
WECC_CO,installed_11226,non-fossil,1935360000000.0,3200000.0
WECC_CO,installed_11233,solar,289113120000.0,478030.95238095237
WECC_CO,installed_11270,wind,16377476678854.197,27079161.175354164
WECC_CO,installed_11271,wind,5800356324889.775,9590536.25147119
WECC_CO,installed_11319,wind,60513801489596.516,100055888.70634344
WECC_CO,installed_11403,wind,12429334979795.45,20551149.106804643
WECC_CO,installed_11476,wind,5483530137855.276,9066683.428993512
WECC_CO,installed_11477,wind,36995550005466.01,61169890.88205358
WECC_CO,installed_11520,wind,61415537551860.96,101546854.41775952
WECC_CO,installed_11521,solar,5325768000000.0,8805833.333333334
WECC_CO,installed_11591,solar,4564944000000.0,7547857.142857143
WECC_CO,installed_11600,solar,1521648000000.0,2515952.380952381
WECC_CO,installed_11601,solar,1369483200000.0,2264357.1428571427
WECC_CO,installed_11782,solar,456494400000.0,754785.7142857143
WECC_CO,installed_11783,solar,228247200000.0,377392.85714285716
WECC_CO,installed_11828,solar,836906400000.0,1383773.8095238095
WECC_CO,installed_11928,wind,438682410979.16046,725334.6742380299
WECC_CO,installed_11930,solar,517360320000.0,855423.8095238095
WECC_CO,installed_11992,solar,136948320000.0,226435.7142857143
WECC_CO,installed_12003,solar,167381280000.0,276754.7619047619
WECC_CO,installed_12004,wind,731137351796.1395,1208891.1240015535
WECC_CO,installed_12005,wind,487424901197.4264,805927.4160010357
WECC_CO,installed_12006,wind,365568675774.9156,604445.5617971488
WECC_CO,installed_12007,wind,560538636401.6711,926816.5284419166
WECC_CO,installed_12008,solar,106515360000.0,176116.66666666666
WECC_CO,installed_12009,solar,182597760000.0,301914.28571428574
WECC_CO,installed_12010,solar,76082400000.0,125797.61904761905
WECC_CO,installed_12011,solar,76082400000.0,125797.61904761905
WECC_CO,installed_12012,solar,60865920000.0,100638.09523809524
WECC_CO,installed_12013,solar,15216480000.0,25159.52380952381
WECC_CO,installed_12391,wind,7067661068101.608,11685947.533236787
WECC_CO,installed_12559,wind,48742490119742.65,80592741.60010359
WECC_CO,installed_12560,wind,48742490119742.65,80592741.60010359
WECC_CO,installed_13002,solar,152164800000.0,251595.2380952381
WECC_CO,installed_13088,solar,152164800000.0,251595.2380952381
WECC_CO,installed_13089,wind,487424901197.4264,805927.4160010357
WECC_CO,installed_13090,wind,487424901197.4264,805927.4160010357
WECC_CO,installed_13091,wind,487424901197.4264,805927.4160010357
WECC_CO,installed_13092,wind,487424901197.4264,805927.4160010357
WECC_CO,installed_13121,biomass,4768861773062.477,7885022.772920762
WECC_CO,installed_13171,hydro,314496000000.0,520000.0
WECC_CO,installed_13172,hydro,314496000000.0,520000.0
WECC_CO,installed_13318,wind,8286223319863.632,13700766.071203096
WECC_CO,installed_13319,wind,6970176087665.076,11524762.049710773
WECC_CO,installed_13327,hydro,919296000000.0,1520000.0
WECC_CO,installed_13328,hydro,798336000000.0,1320000.0
WECC_CO,installed_13476,hydro,1741824000000.0,2880000.0
WECC_CO,installed_13477,hydro,193536000000.0,320000.0
WECC_CO,installed_13507,wind,7311373517961.395,12088911.240015533
WECC_CO,installed_13701,wind,48888717579313.56,80834519.80706608
WECC_CO,installed_13770,waste,1874880000000.0,3100000.0
WECC_CO,installed_13771,solar,273896640000.0,452871.4285714286
WECC_CO,installed_13819,solar,243463680000.0,402552.38095238095
WECC_CO,installed_13820,solar,243463680000.0,402552.38095238095
WECC_CO,installed_13856,solar,152164800000.0,251595.2380952381
WECC_CO,installed_14079,solar,152164800000.0,251595.2380952381
WECC_CO,installed_14262,solar,18259776000000.0,30191428.57142857
WECC_CO,installed_14367,solar,228247200000.0,377392.85714285716
WECC_CO,installed_14442,solar,228247200000.0,377392.85714285716
WECC_CO,installed_14509,solar,304329600000.0,503190.4761904762
WECC_CO,installed_14510,solar,182597760000.0,301914.28571428574
WECC_CO,installed_14511,solar,182597760000.0,301914.28571428574
WECC_CO,installed_14615,wind,60928112637362.88,100740926.97976668
WECC_CO,installed_14616,wind,36556867577491.56,60444556.17971488
WECC_CO,installed_14648,solar,7912569600000.0,13082952.38095238
WECC_CO,installed_14669,solar,1978142400000.0,3270738.095238095
WECC_CO,installed_14775,hydro,290304000000.0,480000.0
WECC_CO,installed_14812,wind,14817716996795.855,24500193.447083093
WECC_CO,installed_14853,coal,258854400000000.0,428000000.0
WECC_CO,installed_14854,coal,268632167497979.7,444166943.6143844
WECC_CO,installed_14909,solar,608659200000.0,1006380.9523809524
WECC_CO,installed_14910,solar,608659200000.0,1006380.9523809524
WECC_CO,installed_14950,solar,989071200000.0,1635369.0476190476
WECC_CO,installed_14964,solar,4564944000000.0,7547857.142857143
WECC_CO,installed_14976,solar,182597760000.0,301914.28571428574
WECC_CO,installed_15021,solar,4564944000000.0,7547857.142857143
WECC_CO,installed_15186,solar,304329600000.0,503190.4761904762
WECC_CO,installed_15198,solar,1521648000000.0,2515952.380952381
WECC_CO,installed_15504,solar,1947709440000.0,3220419.0476190476
WECC_CO,installed_15806,wind,18278433793671.95,30222278.09800256
WECC_CO,installed_15851,natural gas,0.0,0.0
WECC_CO,installed_15852,natural gas,44928318075168.016,74286240.20365082
WECC_CO,installed_15853,natural gas,16823779432639.602,27817095.622750662
WECC_CO,installed_15854,natural gas,76032000000000.0,125714285.71428572
WECC_CO,installed_15855,natural gas,0.0,0.0
WECC_CO,installed_15856,natural gas,0.0,0.0
WECC_CO,installed_15897,hydro,677376000000.0,1120000.0
WECC_CO,installed_15901,hydro,1088640000000.0,1800000.0
WECC_CO,installed_15902,hydro,580608000000.0,960000.0
WECC_CO,installed_16081,hydro,8456714304192.001,13982662.540000001
WECC_CO,installed_16215,hydro,555726939989.7599,918860.6811999998
WECC_CO,installed_16216,hydro,555726939989.7599,918860.6811999998
WECC_CO,installed_16217,hydro,918157553026.5599,1518117.6472
WECC_CO,installed_16218,pump hydro,26733910728774.18,44202894.723502286
WECC_CO,installed_16219,pump hydro,26328196683980.336,43532071.23673998
WECC_CO,installed_16250,coal,54095191375249.1,89443107.43262087
WECC_CO,installed_16500,oil,0.0,0.0
WECC_CO,installed_16501,oil,0.0,0.0
WECC_CO,installed_16502,oil,0.0,0.0
WECC_CO,installed_16503,oil,0.0,0.0
WECC_CO,installed_16504,oil,0.0,0.0
WECC_CO,installed_16593,oil,0.0,0.0
WECC_CO,installed_16594,oil,0.0,0.0
WECC_CO,installed_16703,coal,113833601387054.27,188216933.51034105
WECC_CO,installed_16704,natural gas,2808000000000.0,4642857.142857143
WECC_CO,installed_16705,natural gas,0.0,0.0
WECC_CO,installed_16706,natural gas,0.0,0.0
WECC_CO,installed_16707,natural gas,0.0,0.0
WECC_CO,installed_16708,natural gas,0.0,0.0
WECC_CO,installed_17001,hydro,6765371443353.602,11186130.032000002
WECC_CO,installed_17142,hydro,289944490429.44006,479405.57280000014
WECC_CO,installed_17143,hydro,2754472658112.0,4554352.9399999995
WECC_CO,installed_17228,hydro,1087291839110.3999,1797770.8979999998
WECC_CO,installed_17930,oil,0.0,0.0
WECC_CO,installed_17931,oil,0.0,0.0
WECC_CO,installed_17932,oil,0.0,0.0
WECC_CO,installed_17933,oil,0.0,0.0
WECC_CO,installed_18069,natural gas,1742400000000.0,2880952.380952381
WECC_CO,installed_18070,natural gas,16259362945104.775,26883867.30341398
WECC_CO,installed_18098,oil,0.0,0.0
WECC_CO,installed_18099,oil,0.0,0.0
WECC_CO,installed_18100,oil,0.0,0.0
WECC_CO,installed_18101,oil,0.0,0.0
WECC_CO,installed_18144,coal,89349671470520.05,147734245.15628314
WECC_CO,installed_18145,natural gas,0.0,0.0
WECC_CO,installed_18146,natural gas,0.0,0.0
WECC_CO,installed_18616,natural gas,79200000000.0,130952.38095238095
WECC_CO,installed_18617,hydro,35384154220800.0,58505546.0
WECC_CO,installed_18619,wind,55847966616000.0,92341214.64285715
WECC_CO,installed_18620,wind,59368776719054.41,98162659.91907144
WECC_CO,installed_18621,solar,26954602316409.6,44567794.83533333
WECC_CO,optional_496_0,wind,0.0,0.0
WECC_CO,optional_497_0,wind,0.0,0.0
WECC_CO,optional_498_0,wind,0.0,0.0
WECC_CO,optional_499_0,wind,0.0,0.0
WECC_CO,optional_499_1,wind,0.0,0.0
WECC_CO,optional_499_2,wind,0.0,0.0
WECC_CO,optional_499_3,wind,0.0,0.0
WECC_CO,optional_499_4,wind,0.0,0.0
WECC_CO,optional_499_5,wind,0.0,0.0
WECC_CO,optional_500_0,wind,0.0,0.0
WECC_CO,optional_500_1,wind,0.0,0.0
WECC_CO,optional_500_2,wind,0.0,0.0
WECC_CO,optional_500_3,wind,0.0,0.0
WECC_CO,optional_500_4,wind,0.0,0.0
WECC_CO,optional_500_5,wind,0.0,0.0
WECC_CO,optional_501_0,wind,0.0,0.0
WECC_CO,optional_501_1,wind,0.0,0.0
WECC_CO,optional_501_2,wind,0.0,0.0
WECC_CO,optional_501_3,wind,0.0,0.0
WECC_CO,optional_501_4,wind,0.0,0.0
WECC_CO,optional_501_5,wind,0.0,0.0
WECC_CO,optional_502_0,wind,0.0,0.0
WECC_CO,optional_502_1,wind,0.0,0.0
WECC_CO,optional_502_2,wind,0.0,0.0
WECC_CO,optional_502_3,wind,0.0,0.0
WECC_CO,optional_502_4,wind,0.0,0.0
WECC_CO,optional_502_5,wind,0.0,0.0
WECC_CO,optional_503_0,wind,0.0,0.0
WECC_CO,optional_503_1,wind,0.0,0.0
WECC_CO,optional_503_2,wind,0.0,0.0
WECC_CO,optional_503_3,wind,0.0,0.0
WECC_CO,optional_503_4,wind,0.0,0.0
WECC_CO,optional_503_5,wind,0.0,0.0
WECC_CO,optional_818_0,solar,0.0,0.0
WECC_CO,optional_818_1,solar,0.0,0.0
WECC_CO,optional_818_2,solar,0.0,0.0
WECC_CO,optional_818_3,solar,0.0,0.0
WECC_CO,optional_818_4,solar,0.0,0.0
WECC_CO,optional_818_5,solar,0.0,0.0
WECC_CO,optional_819_0,solar,0.0,0.0
WECC_CO,optional_819_1,solar,0.0,0.0
WECC_CO,optional_819_2,solar,0.0,0.0
WECC_CO,optional_819_3,solar,0.0,0.0
WECC_CO,optional_819_4,solar,0.0,0.0
WECC_CO,optional_819_5,solar,0.0,0.0
WECC_CO,optional_820_0,solar,0.0,0.0
WECC_CO,optional_820_1,solar,0.0,0.0
WECC_CO,optional_820_2,solar,0.0,0.0
WECC_CO,optional_820_3,solar,0.0,0.0
WECC_CO,optional_820_4,solar,0.0,0.0
WECC_CO,optional_820_5,solar,0.0,0.0
WECC_CO,optional_821_0,solar,0.0,0.0
WECC_CO,optional_821_1,solar,0.0,0.0
WECC_CO,optional_821_2,solar,0.0,0.0
WECC_CO,optional_821_3,solar,0.0,0.0
WECC_CO,optional_821_4,solar,0.0,0.0
WECC_ID,installed_42,hydro,8746245831859.202,14461385.304000003
WECC_ID,installed_43,hydro,8746245831859.202,14461385.304000003
WECC_ID,installed_44,hydro,2561055409382.401,4234549.288000002
WECC_ID,installed_58,hydro,555700702072.32,918817.2984
WECC_ID,installed_59,hydro,555700702072.32,918817.2984
WECC_ID,installed_60,hydro,193287200762.87997,319588.62559999997
WECC_ID,installed_61,hydro,120804500355.84,199742.8908
WECC_ID,installed_70,hydro,72482700165.12,119845.73439999999
WECC_ID,installed_71,hydro,96643600381.43999,159794.31279999999
WECC_ID,installed_72,hydro,96643600381.43999,159794.31279999999
WECC_ID,installed_115,hydro,96643600381.43999,159794.31279999999
WECC_ID,installed_183,hydro,628183402237.4401,1038663.0328000002
WECC_ID,installed_257,hydro,966436003572.48,1597943.1276
WECC_ID,installed_258,hydro,966436003572.48,1597943.1276
WECC_ID,installed_274,hydro,483218001665.27997,798971.5636
WECC_ID,installed_589,hydro,966436003572.48,1597943.1276
WECC_ID,installed_591,hydro,700666102644.4801,1158508.7676000001
WECC_ID,installed_592,hydro,700666102644.4801,1158508.7676000001
WECC_ID,installed_593,hydro,700666102644.4801,1158508.7676000001
WECC_ID,installed_652,hydro,48321800190.71999,79897.15639999999
WECC_ID,installed_653,hydro,72482700165.12,119845.73439999999
WECC_ID,installed_654,hydro,193287200762.87997,319588.62559999997
WECC_ID,installed_673,hydro,483218001665.27997,798971.5636
WECC_ID,installed_674,hydro,1159723204093.44,1917531.7528
WECC_ID,installed_675,hydro,652344302453.7599,1078611.6112
WECC_ID,installed_676,hydro,434896201474.56006,719074.4072000001
WECC_ID,installed_5702,hydro,579861602046.72,958765.8764
WECC_ID,installed_5703,hydro,579861602046.72,958765.8764
WECC_ID,installed_5960,biomass,2750092710899.043,4547110.9637881
WECC_ID,installed_6119,hydro,72482700165.12,119845.73439999999
WECC_ID,installed_6120,hydro,72482700165.12,119845.73439999999
WECC_ID,installed_6121,hydro,72482700165.12,119845.73439999999
WECC_ID,installed_6122,hydro,72482700165.12,119845.73439999999
WECC_ID,installed_6505,hydro,241609000953.60007,399485.7820000001
WECC_ID,installed_6646,hydro,555700702072.32,918817.2984
WECC_ID,installed_6653,hydro,797309702784.0,1318303.08
WECC_ID,installed_6654,hydro,797309702784.0,1318303.08
WECC_ID,installed_6655,hydro,797309702784.0,1318303.08
WECC_ID,installed_6656,hydro,676505202428.1598,1118560.1891999997
WECC_ID,installed_6657,hydro,676505202428.1598,1118560.1891999997
WECC_ID,installed_6658,hydro,676505202428.1598,1118560.1891999997
WECC_ID,installed_6700,hydro,362413501309.43994,599228.6727999998
WECC_ID,installed_6708,hydro,483218001665.27997,798971.5636
WECC_ID,installed_7075,hydro,1014757803763.2001,1677840.284
WECC_ID,installed_7076,hydro,1014757803763.2001,1677840.284
WECC_ID,installed_7136,hydro,579861602046.72,958765.8764
WECC_ID,installed_7142,hydro,531539801855.99994,878868.7199999999
WECC_ID,installed_7186,hydro,314091701118.72003,519331.5164000001
WECC_ID,installed_7194,hydro,1135562304119.0405,1877583.1748000006
WECC_ID,installed_7195,hydro,1135562304119.0405,1877583.1748000006
WECC_ID,installed_7250,hydro,918114203381.7601,1518045.9712000003
WECC_ID,installed_7251,hydro,918114203381.7601,1518045.9712000003
WECC_ID,installed_7357,hydro,1087240503928.32,1797686.0184
WECC_ID,installed_7358,hydro,1087240503928.32,1797686.0184
WECC_ID,installed_7462,hydro,555700702072.32,918817.2984
WECC_ID,installed_7574,hydro,169126300546.55997,279640.0472
WECC_ID,installed_7575,hydro,169126300546.55997,279640.0472
WECC_ID,installed_7765,hydro,24160899974.4,39948.578
WECC_ID,installed_7766,hydro,24160899974.4,39948.578
WECC_ID,installed_7767,hydro,24160899974.4,39948.578
WECC_ID,installed_7768,hydro,24160899974.4,39948.578
WECC_ID,installed_7769,hydro,24160899974.4,39948.578
WECC_ID,installed_7770,hydro,24160899974.4,39948.578
WECC_ID,installed_7771,hydro,48321800190.71999,79897.15639999999
WECC_ID,installed_7772,hydro,48321800190.71999,79897.15639999999
WECC_ID,installed_7773,hydro,48321800190.71999,79897.15639999999
WECC_ID,installed_7774,hydro,48321800190.71999,79897.15639999999
WECC_ID,installed_8990,natural gas,29432565972161.348,48664956.96455249
WECC_ID,installed_9627,wind,17388993600000.0,28751642.85714286
WECC_ID,installed_9633,wind,2830766400000.0,4680500.0
WECC_ID,installed_9647,geothermal,6048000000000.0,10000000.0
WECC_ID,installed_9812,wind,5742411840000.0,9494728.57142857
WECC_ID,installed_9813,wind,3235161600000.0,5349142.857142857
WECC_ID,installed_9814,wind,5257137600000.0,8692357.142857144
WECC_ID,installed_9815,wind,3639556800000.0,6017785.714285715
WECC_ID,installed_9816,wind,2830766400000.0,4680500.0
WECC_ID,installed_9817,wind,5661532800000.0,9361000.0
WECC_ID,installed_9818,wind,3235161600000.0,5349142.857142857
WECC_ID,installed_9819,wind,2830766400000.0,4680500.0
WECC_ID,installed_9913,hydro,193536000000.0,320000.0
WECC_ID,installed_10171,wind,5661532800000.0,9361000.0
WECC_ID,installed_10172,wind,5661532800000.0,9361000.0
WECC_ID,installed_10848,hydro,290304000000.0,480000.0
WECC_ID,installed_10849,hydro,290304000000.0,480000.0
WECC_ID,installed_10850,hydro,290304000000.0,480000.0
WECC_ID,installed_10909,wind,2830766400000.0,4680500.0
WECC_ID,installed_10910,wind,5095379520000.0,8424900.0
WECC_ID,installed_11023,hydro,1935360000000.0,3200000.0
WECC_ID,installed_11024,hydro,1935360000000.0,3200000.0
WECC_ID,installed_11118,natural gas,6228946624889.118,10299184.234274335
WECC_ID,installed_11119,natural gas,47744081999849.52,78941934.52356072
WECC_ID,installed_11216,wind,5661532800000.0,9361000.0
WECC_ID,installed_11217,wind,6065928000000.0,10029642.857142856
WECC_ID,installed_11218,wind,5661532800000.0,9361000.0
WECC_ID,installed_11228,wind,4529226240000.0,7488800.0
WECC_ID,installed_11320,wind,33564801600000.0,55497357.14285714
WECC_ID,installed_11543,non-fossil,665280000000.0,1100000.0
WECC_ID,installed_11544,non-fossil,665280000000.0,1100000.0
WECC_ID,installed_11545,non-fossil,483840000000.0,800000.0
WECC_ID,installed_11546,non-fossil,483840000000.0,800000.0
WECC_ID,installed_11547,non-fossil,483840000000.0,800000.0
WECC_ID,installed_11548,non-fossil,544320000000.0,900000.0
WECC_ID,installed_11549,non-fossil,544320000000.0,900000.0
WECC_ID,installed_11615,non-fossil,423360000000.0,700000.0
WECC_ID,installed_11616,non-fossil,423360000000.0,700000.0
WECC_ID,installed_11662,wind,6200726400000.0,10252523.80952381
WECC_ID,installed_11663,wind,6200726400000.0,10252523.80952381
WECC_ID,installed_11664,wind,6200726400000.0,10252523.80952381
WECC_ID,installed_11665,wind,6200726400000.0,10252523.80952381
WECC_ID,installed_11666,wind,6200726400000.0,10252523.80952381
WECC_ID,installed_11701,wind,6200726400000.0,10252523.80952381
WECC_ID,installed_12083,wind,6038968320000.0,9985066.666666666
WECC_ID,installed_12096,wind,6065928000000.0,10029642.857142856
WECC_ID,installed_12097,wind,6065928000000.0,10029642.857142856
WECC_ID,installed_12106,wind,21352066560000.0,35304342.85714286
WECC_ID,installed_12223,waste,907200000000.0,1500000.0
WECC_ID,installed_12224,waste,907200000000.0,1500000.0
WECC_ID,installed_12292,wind,15528775680000.0,25675885.714285713
WECC_ID,installed_12465,wind,10783872000000.0,17830476.19047619
WECC_ID,installed_12542,wind,31219309440000.0,51619228.571428575
WECC_ID,installed_12580,non-fossil,264664615622.40002,437606.83800000005
WECC_ID,installed_12581,non-fossil,264664615622.40002,437606.83800000005
WECC_ID,installed_12859,hydro,266112000000.0,440000.0
WECC_ID,installed_13549,non-fossil,132332307811.20001,218803.41900000002
WECC_ID,installed_13550,non-fossil,132332307811.20001,218803.41900000002
WECC_ID,installed_13551,non-fossil,132332307811.20001,218803.41900000002
WECC_ID,installed_13552,non-fossil,248123076768.00003,410256.41000000003
WECC_ID,installed_13553,non-fossil,248123076768.00003,410256.41000000003
WECC_ID,installed_13554,non-fossil,248123076768.00003,410256.41000000003
WECC_ID,installed_13555,non-fossil,132332307811.20001,218803.41900000002
WECC_ID,installed_13556,non-fossil,132332307811.20001,218803.41900000002
WECC_ID,installed_14114,natural gas,397440000000.0,657142.8571428572
WECC_ID,installed_14143,waste,846720000000.0,1400000.0
WECC_ID,installed_14315,solar,3811752000000.0,6302500.0
WECC_ID,installed_14649,solar,3811752000000.0,6302500.0
WECC_ID,installed_14652,solar,3811752000000.0,6302500.0
WECC_ID,installed_14653,solar,3811752000000.0,6302500.0
WECC_ID,installed_14654,solar,3811752000000.0,6302500.0
WECC_ID,installed_14709,solar,11435256000000.0,18907500.0
WECC_ID,installed_14710,solar,3811752000000.0,6302500.0
WECC_ID,installed_15124,solar,7623504000000.0,12605000.0
WECC_ID,installed_15482,solar,3811752000000.0,6302500.0
WECC_ID,installed_15932,hydro,290304000000.0,480000.0
WECC_ID,installed_16304,hydro,676505202428.1598,1118560.1891999997
WECC_ID,installed_16305,hydro,676505202428.1598,1118560.1891999997
WECC_ID,installed_16306,hydro,144965400572.16006,239691.4692000001
WECC_ID,installed_16307,hydro,169126300546.55997,279640.0472
WECC_ID,installed_16338,hydro,4832180016652.801,7989715.636000002
WECC_ID,installed_16339,hydro,4832180016652.801,7989715.636000002
WECC_ID,installed_16340,hydro,1232205904500.48,2037377.4875999999
WECC_ID,installed_16341,hydro,1232205904500.48,2037377.4875999999
WECC_ID,installed_16342,hydro,265769900927.99997,439434.3599999999
WECC_ID,installed_16343,hydro,265769900927.99997,439434.3599999999
WECC_ID,installed_16344,hydro,265769900927.99997,439434.3599999999
WECC_ID,installed_16345,hydro,652344302453.7599,1078611.6112
WECC_ID,installed_16346,hydro,1208045004284.16,1997428.9091999999
WECC_ID,installed_16347,hydro,2416090008810.241,3994857.8188000014
WECC_ID,installed_16348,hydro,2416090008810.241,3994857.8188000014
WECC_ID,installed_16766,hydro,1932872006903.0398,3195886.2547999998
WECC_ID,installed_16840,hydro,2126159207665.921,3515474.880400001
WECC_ID,installed_16841,hydro,2029515607284.4802,3355680.5676000006
WECC_ID,installed_16966,hydro,11548910240985.604,19095420.37200001
WECC_ID,installed_16967,hydro,3020112510105.6,4993572.272
WECC_ID,installed_17710,hydro,5653650620620.802,9347967.296000002
WECC_ID,installed_17829,natural gas,33660132233025.434,55654980.544023536
WECC_ID,installed_17830,natural gas,5032895413648.68,8321586.332091071
WECC_ID,installed_17831,natural gas,5454790199097.111,9019163.688983317
WECC_ID,installed_18092,hydro,8891211231705.6,14701076.772
WECC_ID,installed_18093,hydro,8891211231705.6,14701076.772
WECC_ID,installed_18094,hydro,8891211231705.6,14701076.772
WECC_ID,installed_18095,hydro,6499282123353.601,10746167.532000002
WECC_ID,installed_18096,hydro,6209351323660.801,10266784.596
WECC_ID,installed_18097,hydro,6958339224076.802,11505190.516000003
WECC_ID,installed_18114,hydro,29790389817216.004,49256596.92000001
WECC_ID,installed_18115,hydro,31699100926080.01,52412534.60000002
WECC_ID,installed_18116,hydro,29041401916800.0,48018191.0
WECC_ID,installed_18117,hydro,29742068014848.0,49176699.760000005
WECC_ID,installed_18118,hydro,59484136005504.0,98353399.47999999
WECC_ID,installed_18123,hydro,7803970729228.8,12903390.756
WECC_ID,installed_18124,hydro,7538200828300.8,12463956.396
WECC_ID,installed_18125,hydro,7417396327219.201,12264213.504000003
WECC_ID,installed_18126,hydro,1739584806382.0798,2876297.6295999996
WECC_ID,installed_18127,hydro,1739584806382.0798,2876297.6295999996
WECC_ID,installed_18128,hydro,507378901881.60004,838920.142
WECC_ID,installed_18129,hydro,3696617714227.2007,6112132.464000001
WECC_ID,installed_18130,hydro,4373122915929.601,7230692.652000002
WECC_ID,installed_18131,hydro,4348962014745.599,7190744.071999999
WECC_ID,installed_18132,hydro,4276479316032.0015,7070898.340000002
WECC_ID,installed_18133,hydro,4373122915929.601,7230692.652000002
WECC_ID,installed_18134,oil,0.0,0.0
WECC_ID,installed_18135,oil,0.0,0.0
WECC_ID,installed_18136,hydro,169126300546.55997,279640.0472
WECC_ID,installed_18137,hydro,96643600381.43999,159794.31279999999
WECC_ID,installed_18138,hydro,3092595211238.4004,5113418.008
WECC_ID,installed_18139,hydro,3599974111910.401,5952338.148000001
WECC_ID,installed_18140,hydro,3503330512012.801,5792543.836000001
WECC_ID,installed_18141,hydro,1546297605619.2002,2556709.004
WECC_ID,installed_18142,hydro,2440250908300.8,4034806.396
WECC_ID,installed_18143,hydro,10413347938559.998,17217837.199999996
WECC_ID,installed_18147,hydro,2295285508212.4795,3795114.927599999
WECC_ID,installed_18148,hydro,2101998307691.52,3475526.3024
WECC_ID,installed_18163,hydro,1957032907119.3604,3235834.8332000007
WECC_ID,installed_18164,hydro,652344302453.7599,1078611.6112
WECC_ID,installed_18165,hydro,531539801855.99994,878868.7199999999
WECC_ID,installed_18166,hydro,531539801855.99994,878868.7199999999
WECC_ID,installed_18167,hydro,2657699009280.0005,4394343.6000000015
WECC_ID,installed_18168,hydro,2657699009280.0005,4394343.6000000015
WECC_ID,installed_18169,hydro,2657699009280.0005,4394343.6000000015
WECC_ID,installed_18170,hydro,2246963708021.7603,3715217.7712000003
WECC_ID,installed_18171,hydro,2246963708021.7603,3715217.7712000003
WECC_ID,installed_18172,hydro,2246963708021.7603,3715217.7712000003
WECC_ID,installed_18180,hydro,1836228406763.5203,3036091.9424000005
WECC_ID,installed_18181,hydro,1836228406763.5203,3036091.9424000005
WECC_ID,installed_18217,hydro,1932872006903.0398,3195886.2547999998
WECC_ID,installed_18218,hydro,724827002618.8799,1198457.3455999997
WECC_ID,installed_18219,hydro,1932872006903.0398,3195886.2547999998
WECC_ID,installed_18223,hydro,10654956938303.998,17617322.979999997
WECC_ID,installed_18224,hydro,10654956938303.998,17617322.979999997
WECC_ID,installed_18225,hydro,10654956938303.998,17617322.979999997
WECC_ID,installed_18226,hydro,10654956938303.998,17617322.979999997
WECC_ID,installed_18504,hydro,48321800190.71999,79897.15639999999
WECC_ID,installed_18505,hydro,96643600381.43999,159794.31279999999
WECC_ID,installed_18506,hydro,193287200762.87997,319588.62559999997
WECC_ID,installed_18638,hydro,774144000000.0,1280000.0
WECC_ID,optional_504_0,wind,0.0,0.0
WECC_ID,optional_505_0,wind,0.0,0.0
WECC_ID,optional_506_0,wind,0.0,0.0
WECC_ID,optional_507_0,wind,0.0,0.0
WECC_ID,optional_508_0,wind,0.0,0.0
WECC_ID,optional_509_0,wind,0.0,0.0
WECC_ID,optional_509_1,wind,0.0,0.0
WECC_ID,optional_509_2,wind,0.0,0.0
WECC_ID,optional_509_3,wind,0.0,0.0
WECC_ID,optional_510_0,wind,0.0,0.0
WECC_ID,optional_510_1,wind,0.0,0.0
WECC_ID,optional_510_2,wind,0.0,0.0
WECC_ID,optional_510_3,wind,0.0,0.0
WECC_ID,optional_510_4,wind,0.0,0.0
WECC_ID,optional_510_5,wind,0.0,0.0
WECC_ID,optional_511_0,wind,0.0,0.0
WECC_ID,optional_511_1,wind,0.0,0.0
WECC_ID,optional_511_2,wind,0.0,0.0
WECC_ID,optional_511_3,wind,0.0,0.0
WECC_ID,optional_511_4,wind,0.0,0.0
WECC_ID,optional_511_5,wind,0.0,0.0
WECC_ID,optional_822_0,solar,0.0,0.0
WECC_ID,optional_822_1,solar,0.0,0.0
WECC_ID,optional_822_2,solar,0.0,0.0
WECC_ID,optional_822_3,solar,0.0,0.0
WECC_ID,optional_822_4,solar,0.0,0.0
WECC_ID,optional_822_5,solar,0.0,0.0
WECC_ID,optional_823_0,solar,0.0,0.0
WECC_ID,optional_823_1,solar,0.0,0.0
WECC_ID,optional_823_2,solar,0.0,0.0
WECC_ID,optional_823_3,solar,0.0,0.0
WECC_ID,optional_823_4,solar,0.0,0.0
WECC_ID,optional_823_5,solar,0.0,0.0
WECC_ID,optional_824_0,solar,0.0,0.0
WECC_ID,optional_824_1,solar,0.0,0.0
WECC_ID,optional_824_2,solar,0.0,0.0
WECC_ID,optional_824_3,solar,0.0,0.0
WECC_ID,optional_824_4,solar,0.0,0.0
WECC_ID,optional_824_5,solar,0.0,0.0
WECC_IID,installed_6534,geothermal,359375525107.20013,594205.5640000002
WECC_IID,installed_6535,geothermal,359375525107.20013,594205.5640000002
WECC_IID,installed_6536,geothermal,359375525107.20013,594205.5640000002
WECC_IID,installed_6537,geothermal,359375525107.20013,594205.5640000002
WECC_IID,installed_6538,geothermal,359375525107.20013,594205.5640000002
WECC_IID,installed_6539,geothermal,359375525107.20013,594205.5640000002
WECC_IID,installed_6540,geothermal,359375525107.20013,594205.5640000002
WECC_IID,installed_18570,geothermal,55981800000000.0,92562500.0
WECC_IID,installed_18597,wind,25066584000.0,41446.07142857143
WECC_IID,installed_18598,wind,15140216736000.0,25033427.14285714
WECC_IID,installed_18613,solar,74163006360000.0,122624018.45238096
WECC_IID,optional_512_0,wind,0.0,0.0
WECC_IID,optional_513_0,wind,0.0,0.0
WECC_IID,optional_514_0,wind,0.0,0.0
WECC_IID,optional_515_0,wind,0.0,0.0
WECC_IID,optional_515_1,wind,0.0,0.0
WECC_IID,optional_515_2,wind,0.0,0.0
WECC_IID,optional_515_3,wind,0.0,0.0
WECC_IID,optional_515_4,wind,0.0,0.0
WECC_IID,optional_516_0,wind,0.0,0.0
WECC_IID,optional_516_1,wind,0.0,0.0
WECC_IID,optional_516_2,wind,0.0,0.0
WECC_IID,optional_516_3,wind,0.0,0.0
WECC_IID,optional_516_4,wind,0.0,0.0
WECC_IID,optional_825_0,solar,0.0,0.0
WECC_IID,optional_825_1,solar,0.0,0.0
WECC_IID,optional_825_2,solar,0.0,0.0
WECC_IID,optional_825_3,solar,0.0,0.0
WECC_IID,optional_825_4,solar,0.0,0.0
WECC_IID,optional_825_5,solar,0.0,0.0
WECC_IID,optional_826_0,solar,0.0,0.0
WECC_IID,optional_826_1,solar,0.0,0.0
WECC_IID,optional_826_2,solar,0.0,0.0
WECC_IID,optional_826_3,solar,0.0,0.0
WECC_IID,optional_826_4,solar,0.0,0.0
WECC_IID,optional_826_5,solar,0.0,0.0
WECC_MT,installed_180,hydro,483158315646.7201,798872.8764000002
WECC_MT,installed_655,coal,21168000000000.0,35000000.0
WECC_MT,installed_2693,hydro,1691054105126.4001,2796055.068
WECC_MT,installed_2694,hydro,1691054105126.4001,2796055.068
WECC_MT,installed_2695,hydro,1691054105126.4001,2796055.068
WECC_MT,installed_2696,hydro,7730533051315.202,12781966.024000004
WECC_MT,installed_2697,hydro,7730533051315.202,12781966.024000004
WECC_MT,installed_2698,hydro,724737473591.0399,1198309.3147999998
WECC_MT,installed_2699,hydro,845527052563.2001,1398027.534
WECC_MT,installed_2700,hydro,845527052563.2001,1398027.534
WECC_MT,installed_2701,hydro,845527052563.2001,1398027.534
WECC_MT,installed_2702,hydro,845527052563.2001,1398027.534
WECC_MT,installed_2703,hydro,966316631535.36,1597745.7532000002
WECC_MT,installed_2704,hydro,2898949894848.0,4793237.260000001
WECC_MT,installed_2705,hydro,2898949894848.0,4793237.260000001
WECC_MT,installed_2706,hydro,2898949894848.0,4793237.260000001
WECC_MT,installed_2707,hydro,2898949894848.0,4793237.260000001
WECC_MT,installed_2708,hydro,14977907787225.598,24765059.172
WECC_MT,installed_2709,hydro,14977907787225.598,24765059.172
WECC_MT,installed_2710,hydro,19809490946112.0,32753787.94
WECC_MT,installed_2712,hydro,5797899789696.0,9586474.520000001
WECC_MT,installed_2713,hydro,5797899789696.0,9586474.520000001
WECC_MT,installed_2714,hydro,1449474947182.0798,2396618.6295999996
WECC_MT,installed_2715,hydro,1449474947182.0798,2396618.6295999996
WECC_MT,installed_2716,hydro,14636160000000.0,24200000.0
WECC_MT,installed_2717,hydro,2415791578717.44,3994364.3828000003
WECC_MT,installed_2718,hydro,2415791578717.44,3994364.3828000003
WECC_MT,installed_2719,hydro,2415791578717.44,3994364.3828000003
WECC_MT,installed_2720,hydro,2415791578717.44,3994364.3828000003
WECC_MT,installed_2721,hydro,2415791578717.44,3994364.3828000003
WECC_MT,installed_2722,hydro,2415791578717.44,3994364.3828000003
WECC_MT,installed_2723,hydro,1691054105126.4001,2796055.068
WECC_MT,installed_2724,hydro,1449474947182.0798,2396618.6295999996
WECC_MT,installed_2725,hydro,1691054105126.4001,2796055.068
WECC_MT,installed_2726,hydro,1449474947182.0798,2396618.6295999996
WECC_MT,installed_2727,hydro,1449474947182.0798,2396618.6295999996
WECC_MT,installed_2728,hydro,1449474947182.0798,2396618.6295999996
WECC_MT,installed_2729,hydro,13528432841011.201,22368440.544
WECC_MT,installed_2732,hydro,27515866081536.0,45495810.32
WECC_MT,installed_2733,hydro,27298444836095.996,45136317.519999996
WECC_MT,installed_2734,hydro,27298444836095.996,45136317.519999996
WECC_MT,installed_2735,hydro,27298444836095.996,45136317.519999996
WECC_MT,installed_2736,hydro,30825500541695.996,50968089.519999996
WECC_MT,installed_2739,hydro,25848969882623.996,42739698.879999995
WECC_MT,installed_2740,hydro,25848969882623.996,42739698.879999995
WECC_MT,installed_2741,hydro,25848969882623.996,42739698.879999995
WECC_MT,installed_2742,hydro,25848969882623.996,42739698.879999995
WECC_MT,installed_2743,hydro,17345383534886.4,28679536.268
WECC_MT,installed_2744,hydro,17345383534886.4,28679536.268
WECC_MT,installed_2745,hydro,17369541450777.598,28719479.911999997
WECC_MT,installed_2746,hydro,17345383534886.4,28679536.268
WECC_MT,installed_6678,coal,13622171510458.69,22523431.730255768
WECC_MT,installed_6679,coal,14231750400015.84,23531333.33335952
WECC_MT,installed_6913,hydro,2343317831527.68,3874533.4516000003
WECC_MT,installed_9011,coal,56648115000079.195,93664211.30965476
WECC_MT,installed_9100,natural gas,0.0,0.0
WECC_MT,installed_9101,natural gas,0.0,0.0
WECC_MT,installed_9102,natural gas,0.0,0.0
WECC_MT,installed_9103,natural gas,0.0,0.0
WECC_MT,installed_9104,natural gas,0.0,0.0
WECC_MT,installed_9105,natural gas,0.0,0.0
WECC_MT,installed_9106,natural gas,0.0,0.0
WECC_MT,installed_9107,natural gas,0.0,0.0
WECC_MT,installed_9108,natural gas,0.0,0.0
WECC_MT,installed_9732,wind,36914130000000.0,61035267.85714286
WECC_MT,installed_9900,waste,907200000000.0,1500000.0
WECC_MT,installed_9914,hydro,1811843684098.5603,2995773.2872
WECC_MT,installed_10112,wind,2460942000000.0,4069017.8571428573
WECC_MT,installed_10876,natural gas,0.0,0.0
WECC_MT,installed_10877,natural gas,0.0,0.0
WECC_MT,installed_10878,natural gas,0.0,0.0
WECC_MT,installed_11152,wind,28492239600000.0,47110184.52380952
WECC_MT,installed_11153,wind,27726613200000.0,45844267.85714286
WECC_MT,installed_12001,hydro,1282176000000.0,2120000.0
WECC_MT,installed_12002,hydro,1862784000000.0,3080000.0
WECC_MT,installed_12082,wind,2625004800000.0,4340285.714285715
WECC_MT,installed_12375,wind,2734380000000.0,4521130.952380952
WECC_MT,installed_12377,wind,2734380000000.0,4521130.952380952
WECC_MT,installed_12423,wind,50476654800000.0,83460077.38095239
WECC_MT,installed_12653,wind,10937520000000.0,18084523.80952381
WECC_MT,installed_12879,hydro,483840000000.0,800000.0
WECC_MT,installed_13048,biomass,1198800000000.0,1982142.857142857
WECC_MT,installed_13548,wind,2734380000000.0,4521130.952380952
WECC_MT,installed_13588,wind,2652348600000.0,4385497.023809524
WECC_MT,installed_15175,wind,6835950000000.0,11302827.38095238
WECC_MT,installed_15498,coal,274392000000000.0,453690476.1904762
WECC_MT,installed_15499,coal,275603036920503.6,455692852.0510972
WECC_MT,installed_15876,wind,6835950000000.0,11302827.38095238
WECC_MT,installed_16134,hydro,25365811588992.01,41940826.04000002
WECC_MT,installed_16135,hydro,25365811588992.01,41940826.04000002
WECC_MT,installed_16136,hydro,25365811588992.01,41940826.04000002
WECC_MT,installed_16137,hydro,25365811588992.01,41940826.04000002
WECC_MT,installed_16138,hydro,25365811588992.01,41940826.04000002
WECC_MT,installed_16349,hydro,4638319831756.799,7669179.6159999985
WECC_MT,installed_16350,hydro,4638319831756.799,7669179.6159999985
WECC_MT,installed_16351,hydro,4638319831756.799,7669179.6159999985
WECC_MT,installed_16392,hydro,483158315646.7201,798872.8764000002
WECC_MT,installed_16393,hydro,483158315646.7201,798872.8764000002
WECC_MT,installed_16394,hydro,483158315646.7201,798872.8764000002
WECC_MT,installed_16395,hydro,483158315646.7201,798872.8764000002
WECC_MT,installed_16457,hydro,459000399997.44006,758929.2328000001
WECC_MT,installed_16458,hydro,459000399997.44006,758929.2328000001
WECC_MT,installed_16459,hydro,193263326403.84,319549.1508
WECC_MT,installed_18731,hydro,822528000000.0,1360000.0
WECC_MT,installed_18732,wind,43750080000000.0,72338095.23809524
WECC_MT,installed_18733,solar,2132514000000.0,3525982.1428571427
WECC_MT,optional_517_0,wind,0.0,0.0
WECC_MT,optional_517_1,wind,0.0,0.0
WECC_MT,optional_517_2,wind,0.0,0.0
WECC_MT,optional_517_3,wind,0.0,0.0
WECC_MT,optional_517_4,wind,0.0,0.0
WECC_MT,optional_518_0,wind,0.0,0.0
WECC_MT,optional_518_1,wind,0.0,0.0
WECC_MT,optional_519_0,wind,0.0,0.0
WECC_MT,optional_519_1,wind,0.0,0.0
WECC_MT,optional_519_2,wind,0.0,0.0
WECC_MT,optional_519_3,wind,0.0,0.0
WECC_MT,optional_519_4,wind,0.0,0.0
WECC_MT,optional_520_0,wind,0.0,0.0
WECC_MT,optional_520_1,wind,0.0,0.0
WECC_MT,optional_520_2,wind,0.0,0.0
WECC_MT,optional_520_3,wind,0.0,0.0
WECC_MT,optional_520_4,wind,0.0,0.0
WECC_MT,optional_520_5,wind,0.0,0.0
WECC_MT,optional_521_0,wind,0.0,0.0
WECC_MT,optional_521_1,wind,0.0,0.0
WECC_MT,optional_521_2,wind,0.0,0.0
WECC_MT,optional_521_3,wind,0.0,0.0
WECC_MT,optional_521_4,wind,0.0,0.0
WECC_MT,optional_521_5,wind,0.0,0.0
WECC_MT,optional_522_0,wind,0.0,0.0
WECC_MT,optional_522_1,wind,0.0,0.0
WECC_MT,optional_522_2,wind,0.0,0.0
WECC_MT,optional_522_3,wind,0.0,0.0
WECC_MT,optional_522_4,wind,0.0,0.0
WECC_MT,optional_522_5,wind,0.0,0.0
WECC_MT,optional_523_0,wind,0.0,0.0
WECC_MT,optional_523_1,wind,0.0,0.0
WECC_MT,optional_523_2,wind,0.0,0.0
WECC_MT,optional_523_3,wind,0.0,0.0
WECC_MT,optional_523_4,wind,0.0,0.0
WECC_MT,optional_523_5,wind,0.0,0.0
WECC_MT,optional_524_0,wind,0.0,0.0
WECC_MT,optional_524_1,wind,0.0,0.0
WECC_MT,optional_524_2,wind,0.0,0.0
WECC_MT,optional_524_3,wind,0.0,0.0
WECC_MT,optional_524_4,wind,0.0,0.0
WECC_MT,optional_524_5,wind,0.0,0.0
WECC_MT,optional_827_0,solar,0.0,0.0
WECC_MT,optional_827_1,solar,0.0,0.0
WECC_MT,optional_827_2,solar,0.0,0.0
WECC_MT,optional_827_3,solar,0.0,0.0
WECC_MT,optional_828_0,solar,0.0,0.0
WECC_MT,optional_828_1,solar,0.0,0.0
WECC_MT,optional_828_2,solar,0.0,0.0
WECC_MT,optional_828_3,solar,0.0,0.0
WECC_MT,optional_828_4,solar,0.0,0.0
WECC_MT,optional_828_5,solar,0.0,0.0
WECC_NM,installed_282,oil,0.0,0.0
WECC_NM,installed_283,oil,0.0,0.0
WECC_NM,installed_284,non-fossil,665280000000.0,1100000.0
WECC_NM,installed_285,non-fossil,665280000000.0,1100000.0
WECC_NM,installed_3107,coal,415471683749324.06,686957149.0564221
WECC_NM,installed_3108,coal,339418250595786.94,561207424.9268965
WECC_NM,installed_3109,oil,0.0,0.0
WECC_NM,installed_3110,natural gas,0.0,0.0
WECC_NM,installed_3114,oil,0.0,0.0
WECC_NM,installed_3115,oil,0.0,0.0
WECC_NM,installed_3116,oil,0.0,0.0
WECC_NM,installed_3117,coal,205632000000000.0,340000000.0
WECC_NM,installed_3118,coal,164114571756240.25,271353458.59166706
WECC_NM,installed_3132,natural gas,1104996600000.0,1827044.642857143
WECC_NM,installed_3133,hydro,48384000000.0,80000.0
WECC_NM,installed_4695,oil,0.0,0.0
WECC_NM,installed_4696,oil,0.0,0.0
WECC_NM,installed_4697,oil,0.0,0.0
WECC_NM,installed_4698,natural gas,0.0,0.0
WECC_NM,installed_4699,natural gas,25187731427849.742,41646381.32911664
WECC_NM,installed_4700,natural gas,12301310334534.557,20339468.145725124
WECC_NM,installed_4701,natural gas,3276000000000.0,5416666.666666667
WECC_NM,installed_4702,natural gas,16344614026125.59,27024824.778646808
WECC_NM,installed_4703,natural gas,1555200000000.0,2571428.5714285714
WECC_NM,installed_7791,natural gas,0.0,0.0
WECC_NM,installed_8144,natural gas,2030400000000.0,3357142.8571428573
WECC_NM,installed_8145,natural gas,0.0,0.0
WECC_NM,installed_8480,natural gas,0.0,0.0
WECC_NM,installed_8481,natural gas,0.0,0.0
WECC_NM,installed_8482,natural gas,0.0,0.0
WECC_NM,installed_9065,natural gas,1910291040000.004,3158550.0000000065
WECC_NM,installed_9187,natural gas,2455200000000.0,4059523.8095238097
WECC_NM,installed_9188,natural gas,2327378135176.819,3848178.133559555
WECC_NM,installed_9322,wind,69624057600000.0,115119142.85714285
WECC_NM,installed_9676,wind,30716496000000.0,50787857.14285714
WECC_NM,installed_10929,wind,34129440000000.0,56430952.38095238
WECC_NM,installed_11402,solar,6017544000000.0,9949642.857142856
WECC_NM,installed_11540,solar,4011696000000.0,6633095.238095238
WECC_NM,installed_11575,wind,34948546560000.0,57785295.23809524
WECC_NM,installed_11845,solar,401169600000.0,663309.5238095238
WECC_NM,installed_11848,solar,1002924000000.0,1658273.8095238095
WECC_NM,installed_11849,solar,401169600000.0,663309.5238095238
WECC_NM,installed_11852,solar,1002924000000.0,1658273.8095238095
WECC_NM,installed_11853,solar,802339200000.0,1326619.0476190476
WECC_NM,installed_11854,solar,1002924000000.0,1658273.8095238095
WECC_NM,installed_11855,solar,982865520000.0,1625108.3333333333
WECC_NM,installed_11874,solar,1002924000000.0,1658273.8095238095
WECC_NM,installed_12363,wind,17201237760000.0,28441200.0
WECC_NM,installed_12398,solar,2727953280000.0,4510504.761904762
WECC_NM,installed_12399,solar,2266608240000.0,3747698.8095238097
WECC_NM,installed_12451,solar,842456160000.0,1392950.0
WECC_NM,installed_12452,solar,80233920000.0,132661.90476190476
WECC_NM,installed_12533,wind,101705731200000.0,168164238.0952381
WECC_NM,installed_12558,oil,0.0,0.0
WECC_NM,installed_12677,solar,260760240000.0,431151.1904761905
WECC_NM,installed_12703,solar,200584800000.0,331654.7619047619
WECC_NM,installed_12704,battery,169200000000.0,279761.90476190473
WECC_NM,installed_12705,battery,132480000000.0,219047.61904761905
WECC_NM,installed_12749,natural gas,0.0,0.0
WECC_NM,installed_12885,hydro,3628800000000.0,6000000.0
WECC_NM,installed_12886,hydro,3628800000000.0,6000000.0
WECC_NM,installed_13045,solar,1604678400000.0,2653238.095238095
WECC_NM,installed_13046,solar,1684912320000.0,2785900.0
WECC_NM,installed_13072,solar,200584800000.0,331654.7619047619
WECC_NM,installed_13107,natural gas,0.0,0.0
WECC_NM,installed_13108,natural gas,0.0,0.0
WECC_NM,installed_13109,natural gas,4299554880000.0,7109052.380952381
WECC_NM,installed_13110,natural gas,0.0,0.0
WECC_NM,installed_13137,solar,200584800000.0,331654.7619047619
WECC_NM,installed_13138,solar,200584800000.0,331654.7619047619
WECC_NM,installed_13179,geothermal,3870720000000.0,6400000.0
WECC_NM,installed_13180,geothermal,241920000000.0,400000.0
WECC_NM,installed_13181,geothermal,241920000000.0,400000.0
WECC_NM,installed_13182,geothermal,241920000000.0,400000.0
WECC_NM,installed_13245,solar,260760240000.0,431151.1904761905
WECC_NM,installed_13339,solar,300877200000.0,497482.14285714284
WECC_NM,installed_13472,solar,100292400000.0,165827.38095238095
WECC_NM,installed_13473,battery,135360000000.0,223809.52380952382
WECC_NM,installed_13597,solar,10470526560000.0,17312378.57142857
WECC_NM,installed_13644,wind,61432992000000.0,101575714.28571428
WECC_NM,installed_13867,solar,4894269120000.0,8092376.19047619
WECC_NM,installed_13999,solar,401169600000.0,663309.5238095238
WECC_NM,installed_14010,solar,2066023440000.0,3416044.0476190476
WECC_NM,installed_14170,solar,1223567280000.0,2023094.0476190476
WECC_NM,installed_14171,solar,160467840000.0,265323.8095238095
WECC_NM,installed_14218,solar,1805263200000.0,2984892.8571428573
WECC_NM,installed_14219,solar,1524444480000.0,2520576.1904761903
WECC_NM,installed_14259,solar,381111120000.0,630144.0476190476
WECC_NM,installed_14813,wind,62013192480000.0,102535040.47619048
WECC_NM,installed_14820,wind,48668581440000.0,80470538.09523809
WECC_NM,installed_14840,solar,1985789520000.0,3283382.1428571427
WECC_NM,installed_14841,solar,1865438640000.0,3084389.285714286
WECC_NM,installed_14842,solar,2106140400000.0,3482375.0
WECC_NM,installed_14843,solar,1985789520000.0,3283382.1428571427
WECC_NM,installed_14923,solar,5636432880000.0,9319498.80952381
WECC_NM,installed_14959,solar,601754400000.0,994964.2857142857
WECC_NM,installed_15004,solar,200584800000.0,331654.7619047619
WECC_NM,installed_15381,waste,2056320000000.0,3400000.0
WECC_NM,installed_15809,wind,136517760000000.0,225723809.52380952
WECC_NM,installed_15884,solar,381111120000.0,630144.0476190476
WECC_NM,installed_16352,hydro,2249856000000.0,3720000.0
WECC_NM,installed_16353,hydro,2249856000000.0,3720000.0
WECC_NM,installed_16354,hydro,2249856000000.0,3720000.0
WECC_NM,installed_17322,hydro,1935360000000.0,3200000.0
WECC_NM,installed_17470,hydro,1669248000000.0,2760000.0
WECC_NM,installed_17471,hydro,1669248000000.0,2760000.0
WECC_NM,installed_17472,hydro,725760000000.0,1200000.0
WECC_NM,installed_17859,natural gas,117050400000.0,193535.7142857143
WECC_NM,installed_17860,natural gas,370581120000.0,612733.3333333334
WECC_NM,installed_17891,natural gas,142200000000.0,235119.04761904763
WECC_NM,installed_17892,natural gas,0.0,0.0
WECC_NM,installed_17893,natural gas,0.0,0.0
WECC_NM,installed_17894,natural gas,2760142320000.0,4563727.380952381
WECC_NM,installed_18238,coal,8051681932172.63,13312966.15769284
WECC_NM,installed_18293,natural gas,1197117360000.0,1979360.7142857143
WECC_NM,installed_18752,geothermal,4233600000000.0,7000000.0
WECC_NM,optional_525_0,wind,0.0,0.0
WECC_NM,optional_526_0,wind,0.0,0.0
WECC_NM,optional_526_1,wind,0.0,0.0
WECC_NM,optional_526_2,wind,0.0,0.0
WECC_NM,optional_526_3,wind,0.0,0.0
WECC_NM,optional_527_0,wind,0.0,0.0
WECC_NM,optional_527_1,wind,0.0,0.0
WECC_NM,optional_527_2,wind,0.0,0.0
WECC_NM,optional_528_0,wind,0.0,0.0
WECC_NM,optional_528_1,wind,0.0,0.0
WECC_NM,optional_528_2,wind,0.0,0.0
WECC_NM,optional_528_3,wind,0.0,0.0
WECC_NM,optional_528_4,wind,0.0,0.0
WECC_NM,optional_528_5,wind,0.0,0.0
WECC_NM,optional_529_0,wind,0.0,0.0
WECC_NM,optional_529_1,wind,0.0,0.0
WECC_NM,optional_529_2,wind,0.0,0.0
WECC_NM,optional_529_3,wind,0.0,0.0
WECC_NM,optional_529_4,wind,0.0,0.0
WECC_NM,optional_529_5,wind,0.0,0.0
WECC_NM,optional_530_0,wind,0.0,0.0
WECC_NM,optional_530_1,wind,0.0,0.0
WECC_NM,optional_530_2,wind,0.0,0.0
WECC_NM,optional_530_3,wind,0.0,0.0
WECC_NM,optional_530_4,wind,0.0,0.0
WECC_NM,optional_530_5,wind,0.0,0.0
WECC_NM,optional_531_0,wind,0.0,0.0
WECC_NM,optional_531_1,wind,0.0,0.0
WECC_NM,optional_531_2,wind,0.0,0.0
WECC_NM,optional_531_3,wind,0.0,0.0
WECC_NM,optional_531_4,wind,0.0,0.0
WECC_NM,optional_531_5,wind,0.0,0.0
WECC_NM,optional_532_0,wind,0.0,0.0
WECC_NM,optional_532_1,wind,0.0,0.0
WECC_NM,optional_532_2,wind,0.0,0.0
WECC_NM,optional_532_3,wind,0.0,0.0
WECC_NM,optional_532_4,wind,0.0,0.0
WECC_NM,optional_532_5,wind,0.0,0.0
WECC_NM,optional_533_0,wind,0.0,0.0
WECC_NM,optional_534_0,wind,0.0,0.0
WECC_NM,optional_535_0,wind,0.0,0.0
WECC_NM,optional_536_0,wind,0.0,0.0
WECC_NM,optional_537_0,wind,0.0,0.0
WECC_NM,optional_537_1,wind,0.0,0.0
WECC_NM,optional_538_0,wind,0.0,0.0
WECC_NM,optional_538_1,wind,0.0,0.0
WECC_NM,optional_538_2,wind,0.0,0.0
WECC_NM,optional_538_3,wind,0.0,0.0
WECC_NM,optional_538_4,wind,0.0,0.0
WECC_NM,optional_538_5,wind,0.0,0.0
WECC_NM,optional_539_0,wind,0.0,0.0
WECC_NM,optional_539_1,wind,0.0,0.0
WECC_NM,optional_539_2,wind,0.0,0.0
WECC_NM,optional_539_3,wind,0.0,0.0
WECC_NM,optional_539_4,wind,0.0,0.0
WECC_NM,optional_539_5,wind,0.0,0.0
WECC_NM,optional_540_0,wind,0.0,0.0
WECC_NM,optional_540_1,wind,0.0,0.0
WECC_NM,optional_540_2,wind,0.0,0.0
WECC_NM,optional_540_3,wind,0.0,0.0
WECC_NM,optional_540_4,wind,0.0,0.0
WECC_NM,optional_540_5,wind,0.0,0.0
WECC_NM,optional_829_0,solar,0.0,0.0
WECC_NM,optional_829_1,solar,0.0,0.0
WECC_NM,optional_829_2,solar,0.0,0.0
WECC_NM,optional_829_3,solar,0.0,0.0
WECC_NM,optional_829_4,solar,0.0,0.0
WECC_NM,optional_829_5,solar,0.0,0.0
WECC_NM,optional_830_0,solar,0.0,0.0
WECC_NM,optional_830_1,solar,0.0,0.0
WECC_NM,optional_830_2,solar,0.0,0.0
WECC_NM,optional_830_3,solar,0.0,0.0
WECC_NM,optional_830_4,solar,0.0,0.0
WECC_NM,optional_830_5,solar,0.0,0.0
WECC_NM,optional_831_0,solar,0.0,0.0
WECC_NM,optional_831_1,solar,0.0,0.0
WECC_NM,optional_831_2,solar,0.0,0.0
WECC_NM,optional_831_3,solar,0.0,0.0
WECC_NM,optional_831_4,solar,0.0,0.0
WECC_NM,optional_831_5,solar,0.0,0.0
WECC_NM,optional_832_0,solar,0.0,0.0
WECC_NM,optional_832_1,solar,0.0,0.0
WECC_NM,optional_832_2,solar,0.0,0.0
WECC_NM,optional_832_3,solar,0.0,0.0
WECC_NM,optional_832_4,solar,0.0,0.0
WECC_NM,optional_832_5,solar,0.0,0.0
WECC_NM,optional_833_0,solar,0.0,0.0
WECC_NM,optional_833_1,solar,0.0,0.0
WECC_NM,optional_833_2,solar,0.0,0.0
WECC_NM,optional_833_3,solar,0.0,0.0
WECC_NM,optional_833_4,solar,0.0,0.0
WECC_NM,optional_833_5,solar,0.0,0.0
WECC_NM,optional_834_0,solar,0.0,0.0
WECC_NM,optional_834_1,solar,0.0,0.0
WECC_NM,optional_834_2,solar,0.0,0.0
WECC_NM,optional_834_3,solar,0.0,0.0
WECC_NM,optional_834_4,solar,0.0,0.0
WECC_NM,optional_834_5,solar,0.0,0.0
WECC_NNV,installed_45,geothermal,6048000000000.0,10000000.0
WECC_NNV,installed_46,geothermal,4536000000000.0,7500000.0
WECC_NNV,installed_252,geothermal,6371092627200.0,10534214.0
WECC_NNV,installed_253,geothermal,352452413980.80005,582758.621
WECC_NNV,installed_2978,oil,0.0,0.0
WECC_NNV,installed_2979,oil,0.0,0.0
WECC_NNV,installed_2980,oil,0.0,0.0
WECC_NNV,installed_2981,natural gas,0.0,0.0
WECC_NNV,installed_2982,natural gas,38707200000000.0,64000000.0
WECC_NNV,installed_2983,natural gas,24192000000000.0,40000000.0
WECC_NNV,installed_2984,natural gas,0.0,0.0
WECC_NNV,installed_2985,natural gas,0.0,0.0
WECC_NNV,installed_2986,natural gas,0.0,0.0
WECC_NNV,installed_2987,natural gas,0.0,0.0
WECC_NNV,installed_6082,hydro,919296000000.0,1520000.0
WECC_NNV,installed_6453,geothermal,2737578863779.199,4526420.078999999
WECC_NNV,installed_6454,geothermal,1270080000000.0,2100000.0
WECC_NNV,installed_6541,solar,3753227520000.0,6205733.333333333
WECC_NNV,installed_6542,geothermal,6108480000000.0,10100000.0
WECC_NNV,installed_6543,geothermal,6108480000000.0,10100000.0
WECC_NNV,installed_6544,geothermal,6108480000000.0,10100000.0
WECC_NNV,installed_6545,geothermal,6108480000000.0,10100000.0
WECC_NNV,installed_6752,geothermal,27873530250047.996,46087186.26
WECC_NNV,installed_6825,geothermal,447967450425.6001,740686.9220000001
WECC_NNV,installed_6855,geothermal,398193289200.0,658388.375
WECC_NNV,installed_6856,geothermal,447967450425.6001,740686.9220000001
WECC_NNV,installed_6857,geothermal,447967450425.6001,740686.9220000001
WECC_NNV,installed_6858,geothermal,547515772876.8001,905284.0160000002
WECC_NNV,installed_6859,geothermal,597289934102.4001,987582.5630000003
WECC_NNV,installed_6860,geothermal,597289934102.4001,987582.5630000003
WECC_NNV,installed_6861,geothermal,647064095328.0,1069881.1099999999
WECC_NNV,installed_6862,geothermal,647064095328.0,1069881.1099999999
WECC_NNV,installed_6863,geothermal,647064095328.0,1069881.1099999999
WECC_NNV,installed_6864,geothermal,647064095328.0,1069881.1099999999
WECC_NNV,installed_7353,geothermal,2687804702553.599,4444121.531999998
WECC_NNV,installed_7354,geothermal,2687804702553.599,4444121.531999998
WECC_NNV,installed_7355,geothermal,2687804702553.599,4444121.531999998
WECC_NNV,installed_7356,geothermal,2687804702553.599,4444121.531999998
WECC_NNV,installed_9198,geothermal,199096644902.40002,329194.188
WECC_NNV,installed_9199,geothermal,199096644902.40002,329194.188
WECC_NNV,installed_9200,geothermal,49774161225.600006,82298.547
WECC_NNV,installed_9201,geothermal,108446896656.0,179310.345
WECC_NNV,installed_9202,geothermal,108446896656.0,179310.345
WECC_NNV,installed_9203,geothermal,108446896656.0,179310.345
WECC_NNV,installed_9204,geothermal,108446896656.0,179310.345
WECC_NNV,installed_9213,geothermal,2737578863779.199,4526420.078999999
WECC_NNV,installed_9214,geothermal,3733062087081.5996,6172391.016999999
WECC_NNV,installed_9215,geothermal,3733062087081.5996,6172391.016999999
WECC_NNV,installed_9216,geothermal,3135772152979.199,5184808.453999999
WECC_NNV,installed_9491,coal,104160945390207.03,172223785.3674058
WECC_NNV,installed_9650,geothermal,3882384570758.4004,6419286.658000001
WECC_NNV,installed_9651,geothermal,3882384570758.4004,6419286.658000001
WECC_NNV,installed_9916,natural gas,1939285440010.8,3206490.4762083334
WECC_NNV,installed_9917,natural gas,4777920000000.0,7900000.0
WECC_NNV,installed_9918,natural gas,1191573000021.6,1970193.452416667
WECC_NNV,installed_9919,natural gas,1933920000000.0,3197619.0476190476
WECC_NNV,installed_9920,natural gas,4777920000000.0,7900000.0
WECC_NNV,installed_9921,natural gas,1194480000000.0,1975000.0
WECC_NNV,installed_9922,natural gas,0.0,0.0
WECC_NNV,installed_9923,natural gas,1933920000000.0,3197619.0476190476
WECC_NNV,installed_9924,natural gas,1201138560021.6,1986009.5238452384
WECC_NNV,installed_9925,natural gas,1194480000000.0,1975000.0
WECC_NNV,installed_9926,natural gas,0.0,0.0
WECC_NNV,installed_9927,natural gas,0.0,0.0
WECC_NNV,installed_9928,natural gas,0.0,0.0
WECC_NNV,installed_9929,natural gas,0.0,0.0
WECC_NNV,installed_9930,solar,172166400000.0,284666.6666666667
WECC_NNV,installed_10055,geothermal,5564160000000.0,9200000.0
WECC_NNV,installed_10056,geothermal,4777920000000.0,7900000.0
WECC_NNV,installed_11001,geothermal,7862400000000.0,13000000.0
WECC_NNV,installed_11002,geothermal,7862400000000.0,13000000.0
WECC_NNV,installed_11003,geothermal,7862400000000.0,13000000.0
WECC_NNV,installed_11247,waste,967680000000.0,1600000.0
WECC_NNV,installed_11248,waste,967680000000.0,1600000.0
WECC_NNV,installed_11297,wind,42956460000000.0,71025892.85714285
WECC_NNV,installed_11322,geothermal,6108480000000.0,10100000.0
WECC_NNV,installed_11323,geothermal,6108480000000.0,10100000.0
WECC_NNV,installed_11465,solar,18938304000000.0,31313333.333333332
WECC_NNV,installed_11598,geothermal,5140800000000.0,8500000.0
WECC_NNV,installed_11599,geothermal,2419200000000.0,4000000.0
WECC_NNV,installed_11702,geothermal,7257600000000.0,12000000.0
WECC_NNV,installed_11703,geothermal,7257600000000.0,12000000.0
WECC_NNV,installed_11704,geothermal,3628800000000.0,6000000.0
WECC_NNV,installed_11705,geothermal,7257600000000.0,12000000.0
WECC_NNV,installed_11706,geothermal,7257600000000.0,12000000.0
WECC_NNV,installed_11707,geothermal,3628800000000.0,6000000.0
WECC_NNV,installed_11712,geothermal,5443200000000.0,9000000.0
WECC_NNV,installed_11713,geothermal,5443200000000.0,9000000.0
WECC_NNV,installed_11715,geothermal,3507840000000.0,5800000.0
WECC_NNV,installed_11995,oil,0.0,0.0
WECC_NNV,installed_12790,geothermal,6048000000000.0,10000000.0
WECC_NNV,installed_12791,geothermal,6048000000000.0,10000000.0
WECC_NNV,installed_12792,geothermal,6048000000000.0,10000000.0
WECC_NNV,installed_13064,geothermal,6955200000000.0,11500000.0
WECC_NNV,installed_14090,solar,3426111360000.0,5664866.666666667
WECC_NNV,installed_15087,geothermal,9797760000000.0,16200000.0
WECC_NNV,installed_15828,solar,8608320000000.0,14233333.333333334
WECC_NNV,installed_16495,hydro,604800000000.0,1000000.0
WECC_NNV,installed_16507,oil,0.0,0.0
WECC_NNV,installed_16508,oil,0.0,0.0
WECC_NNV,installed_16509,oil,0.0,0.0
WECC_NNV,installed_16510,oil,0.0,0.0
WECC_NNV,installed_16511,oil,0.0,0.0
WECC_NNV,installed_16512,oil,0.0,0.0
WECC_NNV,installed_16519,hydro,145152000000.0,240000.0
WECC_NNV,installed_16520,hydro,145152000000.0,240000.0
WECC_NNV,installed_16521,hydro,145152000000.0,240000.0
WECC_NNV,installed_16530,hydro,508032000000.0,840000.0
WECC_NNV,installed_16531,hydro,217728000000.0,360000.0
WECC_NNV,installed_16532,hydro,217728000000.0,360000.0
WECC_NNV,installed_18157,coal,5999149800183.609,9919229.166970253
WECC_NNV,installed_18158,coal,5709055019347.161,9439575.09812692
WECC_NNV,installed_18737,geothermal,52315200000000.0,86500000.0
WECC_NNV,installed_18738,solar,1824963840000.0,3017466.6666666665
WECC_NNV,optional_541_0,wind,0.0,0.0
WECC_NNV,optional_542_0,wind,0.0,0.0
WECC_NNV,optional_543_0,wind,0.0,0.0
WECC_NNV,optional_544_0,wind,0.0,0.0
WECC_NNV,optional_545_0,wind,0.0,0.0
WECC_NNV,optional_546_0,wind,0.0,0.0
WECC_NNV,optional_546_1,wind,0.0,0.0
WECC_NNV,optional_546_2,wind,0.0,0.0
WECC_NNV,optional_546_3,wind,0.0,0.0
WECC_NNV,optional_546_4,wind,0.0,0.0
WECC_NNV,optional_546_5,wind,0.0,0.0
WECC_NNV,optional_547_0,wind,0.0,0.0
WECC_NNV,optional_547_1,wind,0.0,0.0
WECC_NNV,optional_547_2,wind,0.0,0.0
WECC_NNV,optional_547_3,wind,0.0,0.0
WECC_NNV,optional_547_4,wind,0.0,0.0
WECC_NNV,optional_547_5,wind,0.0,0.0
WECC_NNV,optional_548_0,wind,0.0,0.0
WECC_NNV,optional_548_1,wind,0.0,0.0
WECC_NNV,optional_548_2,wind,0.0,0.0
WECC_NNV,optional_548_3,wind,0.0,0.0
WECC_NNV,optional_548_4,wind,0.0,0.0
WECC_NNV,optional_548_5,wind,0.0,0.0
WECC_NNV,optional_835_0,solar,0.0,0.0
WECC_NNV,optional_835_1,solar,0.0,0.0
WECC_NNV,optional_835_2,solar,0.0,0.0
WECC_NNV,optional_835_3,solar,0.0,0.0
WECC_NNV,optional_835_4,solar,0.0,0.0
WECC_NNV,optional_835_5,solar,0.0,0.0
WECC_NNV,optional_836_0,solar,0.0,0.0
WECC_NNV,optional_836_1,solar,0.0,0.0
WECC_NNV,optional_836_2,solar,0.0,0.0
WECC_NNV,optional_836_3,solar,0.0,0.0
WECC_NNV,optional_836_4,solar,0.0,0.0
WECC_NNV,optional_836_5,solar,0.0,0.0
WECC_NNV,optional_837_0,solar,0.0,0.0
WECC_NNV,optional_837_1,solar,0.0,0.0
WECC_NNV,optional_837_2,solar,0.0,0.0
WECC_NNV,optional_837_3,solar,0.0,0.0
WECC_NNV,optional_837_4,solar,0.0,0.0
WECC_NNV,optional_838_0,solar,0.0,0.0
WECC_NNV,optional_838_1,solar,0.0,0.0
WECC_NNV,optional_838_2,solar,0.0,0.0
WECC_NNV,optional_838_3,solar,0.0,0.0
WECC_NNV,optional_838_4,solar,0.0,0.0
WECC_NNV,optional_838_5,solar,0.0,0.0
WECC_PNW,installed_272,hydro,241920000000.0,400000.0
WECC_PNW,installed_273,hydro,72389095752.96,119690.9652
WECC_PNW,installed_590,hydro,241296986085.11996,398969.8844
WECC_PNW,installed_722,biomass,7862400000000.0,13000000.0
WECC_PNW,installed_723,biomass,7862400000000.0,13000000.0
WECC_PNW,installed_3846,hydro,3386880000000.0,5600000.0
WECC_PNW,installed_3847,hydro,3386880000000.0,5600000.0
WECC_PNW,installed_3857,hydro,4112640000000.0,6800000.0
WECC_PNW,installed_3858,hydro,4112640000000.0,6800000.0
WECC_PNW,installed_3880,hydro,96768000000.0,160000.0
WECC_PNW,installed_3881,hydro,96768000000.0,160000.0
WECC_PNW,installed_3882,hydro,266112000000.0,440000.0
WECC_PNW,installed_3902,hydro,4548096000000.0,7520000.0
WECC_PNW,installed_3990,hydro,35181100579968.004,58169809.160000004
WECC_PNW,installed_3991,hydro,36194547924863.99,59845482.679999985
WECC_PNW,installed_3992,hydro,36001510328448.0,59526306.760000005
WECC_PNW,installed_3993,hydro,13343723330918.404,22063034.608000007
WECC_PNW,installed_3994,hydro,13223074836787.203,21863549.664000005
WECC_PNW,installed_3995,hydro,13247204535129.602,21903446.652000003
WECC_PNW,installed_3996,hydro,13223074836787.203,21863549.664000005
WECC_PNW,installed_3997,hydro,4319216051673.6006,7141560.932000001
WECC_PNW,installed_3998,hydro,7480206568396.802,12368066.416000003
WECC_PNW,installed_3999,hydro,675631561086.7201,1117115.6764000002
WECC_PNW,installed_4000,hydro,723890958255.3602,1196909.6532000003
WECC_PNW,installed_4001,hydro,2509488654220.801,4149286.796000001
WECC_PNW,installed_4002,hydro,12161368100044.799,20108082.176
WECC_PNW,installed_4003,hydro,11485736536780.797,18990966.495999996
WECC_PNW,installed_4004,hydro,7721503554239.999,12767036.299999997
WECC_PNW,installed_4005,hydro,1109966136088.32,1835261.4684000001
WECC_PNW,installed_4006,hydro,4343345750016.0,7181457.92
WECC_PNW,installed_4007,hydro,4343345750016.0,7181457.92
WECC_PNW,installed_4008,hydro,1857986792928.0,3072068.1100000003
WECC_PNW,installed_4009,hydro,217167287500.80005,359072.89600000007
WECC_PNW,installed_4010,hydro,4343345750016.0,7181457.92
WECC_PNW,installed_4011,hydro,2799045039167.9995,4628050.659999999
WECC_PNW,installed_4012,hydro,3619454792486.4,5984548.267999999
WECC_PNW,installed_4013,hydro,3619454792486.4,5984548.267999999
WECC_PNW,installed_4014,hydro,3619454792486.4,5984548.267999999
WECC_PNW,installed_4015,hydro,265426684669.44,438866.8728
WECC_PNW,installed_4016,hydro,941058245756.1602,1555982.5492000002
WECC_PNW,installed_4017,hydro,941058245756.1602,1555982.5492000002
WECC_PNW,installed_4018,hydro,820409752592.6403,1356497.6068000004
WECC_PNW,installed_4019,hydro,1351263122173.4402,2234231.3528000005
WECC_PNW,installed_4020,hydro,1230614629009.9197,2034746.4103999997
WECC_PNW,installed_4021,hydro,5766997966732.8,9535380.236
WECC_PNW,installed_4022,hydro,6515018625024.0,10772186.879999999
WECC_PNW,installed_4023,hydro,7480206568396.802,12368066.416000003
WECC_PNW,installed_4024,hydro,9169285471718.404,15160855.608000007
WECC_PNW,installed_4025,hydro,8686691500032.0,14362915.84
WECC_PNW,installed_4026,hydro,8686691500032.0,14362915.84
WECC_PNW,installed_4027,hydro,1037577040093.4403,1715570.5028000006
WECC_PNW,installed_4028,hydro,1037577040093.4403,1715570.5028000006
WECC_PNW,installed_4029,hydro,1037577040093.4403,1715570.5028000006
WECC_PNW,installed_4030,hydro,1254744327594.2402,2074643.3988
WECC_PNW,installed_4031,hydro,1592560108258.5598,2633201.2372
WECC_PNW,installed_4032,hydro,26542668466943.996,43886687.279999994
WECC_PNW,installed_4033,hydro,29317583812608.008,48474840.960000016
WECC_PNW,installed_4034,hydro,29317583812608.008,48474840.960000016
WECC_PNW,installed_4035,hydro,337815780422.3999,558557.8379999999
WECC_PNW,installed_4036,hydro,361945479248.64,598454.8268
WECC_PNW,installed_4037,hydro,337815780422.3999,558557.8379999999
WECC_PNW,installed_4038,hydro,337815780422.3999,558557.8379999999
WECC_PNW,installed_4039,hydro,289556383253.76,478763.86120000004
WECC_PNW,installed_4040,hydro,361945479248.64,598454.8268
WECC_PNW,installed_4041,hydro,361945479248.64,598454.8268
WECC_PNW,installed_4042,hydro,361945479248.64,598454.8268
WECC_PNW,installed_4043,hydro,361945479248.64,598454.8268
WECC_PNW,installed_4044,hydro,361945479248.64,598454.8268
WECC_PNW,installed_4045,hydro,361945479248.64,598454.8268
WECC_PNW,installed_4046,hydro,337815780422.3999,558557.8379999999
WECC_PNW,installed_4047,hydro,241296986085.11996,398969.8844
WECC_PNW,installed_4048,hydro,12064849304256.0,19948494.22
WECC_PNW,installed_4049,hydro,12064849304256.0,19948494.22
WECC_PNW,installed_4050,hydro,916928547171.8402,1516085.5608000003
WECC_PNW,installed_4051,hydro,965187944340.4799,1595879.5376
WECC_PNW,installed_4052,hydro,965187944340.4799,1595879.5376
WECC_PNW,installed_4053,hydro,1809727395759.3604,2992274.1332000005
WECC_PNW,installed_4054,hydro,5067236707545.599,8378367.571999999
WECC_PNW,installed_4055,hydro,12909388755916.797,21344888.815999996
WECC_PNW,installed_4056,hydro,13030037247628.8,21544373.756
WECC_PNW,installed_4057,hydro,16046249574297.602,26531497.312000003
WECC_PNW,installed_4058,hydro,16046249574297.602,26531497.312000003
WECC_PNW,installed_4059,hydro,16046249574297.602,26531497.312000003
WECC_PNW,installed_4060,hydro,16046249574297.602,26531497.312000003
WECC_PNW,installed_4061,hydro,16046249574297.602,26531497.312000003
WECC_PNW,installed_4062,hydro,16046249574297.602,26531497.312000003
WECC_PNW,installed_4063,hydro,16046249574297.602,26531497.312000003
WECC_PNW,installed_4064,hydro,16046249574297.602,26531497.312000003
WECC_PNW,installed_4065,hydro,12909388755916.797,21344888.815999996
WECC_PNW,installed_4066,hydro,14984542835135.998,24776029.819999997
WECC_PNW,installed_4067,hydro,14984542835135.998,24776029.819999997
WECC_PNW,installed_4068,hydro,14984542835135.998,24776029.819999997
WECC_PNW,installed_4069,hydro,14984542835135.998,24776029.819999997
WECC_PNW,installed_4070,hydro,14984542835135.998,24776029.819999997
WECC_PNW,installed_4071,hydro,14984542835135.998,24776029.819999997
WECC_PNW,installed_4072,hydro,14984542835135.998,24776029.819999997
WECC_PNW,installed_4073,hydro,3160990516723.1997,5226505.483999999
WECC_PNW,installed_4074,hydro,3160990516723.1997,5226505.483999999
WECC_PNW,installed_4075,hydro,3136860818380.8003,5186608.496
WECC_PNW,installed_4076,hydro,3136860818380.8003,5186608.496
WECC_PNW,installed_4077,hydro,12064849304256.0,19948494.22
WECC_PNW,installed_4078,hydro,12064849304256.0,19948494.22
WECC_PNW,installed_4079,hydro,4102048764172.7993,6782488.035999999
WECC_PNW,installed_4080,hydro,9651879443404.799,15958795.375999998
WECC_PNW,installed_4081,hydro,9651879443404.799,15958795.375999998
WECC_PNW,installed_4082,hydro,3619454792486.4,5984548.267999999
WECC_PNW,installed_4083,hydro,3619454792486.4,5984548.267999999
WECC_PNW,installed_4084,hydro,32575093125119.99,53860934.39999998
WECC_PNW,installed_4085,hydro,32575093125119.99,53860934.39999998
WECC_PNW,installed_4086,hydro,32575093125119.99,53860934.39999998
WECC_PNW,installed_4087,hydro,32575093125119.99,53860934.39999998
WECC_PNW,installed_4088,hydro,32575093125119.99,53860934.39999998
WECC_PNW,installed_4089,hydro,32575093125119.99,53860934.39999998
WECC_PNW,installed_4090,hydro,32575093125119.99,53860934.39999998
WECC_PNW,installed_4091,hydro,32575093125119.99,53860934.39999998
WECC_PNW,installed_4092,hydro,32575093125119.99,53860934.39999998
WECC_PNW,installed_4093,hydro,32575093125119.99,53860934.39999998
WECC_PNW,installed_4094,hydro,32575093125119.99,53860934.39999998
WECC_PNW,installed_4095,hydro,32575093125119.99,53860934.39999998
WECC_PNW,installed_4096,hydro,32575093125119.99,53860934.39999998
WECC_PNW,installed_4097,hydro,32575093125119.99,53860934.39999998
WECC_PNW,installed_4098,hydro,32575093125119.99,53860934.39999998
WECC_PNW,installed_4099,hydro,32575093125119.99,53860934.39999998
WECC_PNW,installed_4100,hydro,9651879443404.799,15958795.375999998
WECC_PNW,installed_4101,hydro,9651879443404.799,15958795.375999998
WECC_PNW,installed_4102,hydro,9651879443404.799,15958795.375999998
WECC_PNW,installed_4103,hydro,16890789025958.398,27927891.908
WECC_PNW,installed_4104,hydro,16890789025958.398,27927891.908
WECC_PNW,installed_4105,hydro,16890789025958.398,27927891.908
WECC_PNW,installed_4106,hydro,16890789025958.398,27927891.908
WECC_PNW,installed_4107,hydro,16890789025958.398,27927891.908
WECC_PNW,installed_4108,hydro,19424407380940.797,32117075.696
WECC_PNW,installed_4109,hydro,16890789025958.398,27927891.908
WECC_PNW,installed_4110,hydro,16890789025958.398,27927891.908
WECC_PNW,installed_4111,hydro,16890789025958.398,27927891.908
WECC_PNW,installed_4112,hydro,16890789025958.398,27927891.908
WECC_PNW,installed_4113,hydro,16890789025958.398,27927891.908
WECC_PNW,installed_4114,hydro,16890789025958.398,27927891.908
WECC_PNW,installed_4115,hydro,16890789025958.398,27927891.908
WECC_PNW,installed_4116,hydro,16890789025958.398,27927891.908
WECC_PNW,installed_4959,nuclear,713664000000000.0,1180000000.0
WECC_PNW,installed_5134,coal,405216000000000.0,670000000.0
WECC_PNW,installed_5135,hydro,12096000000000.0,20000000.0
WECC_PNW,installed_5136,hydro,12096000000000.0,20000000.0
WECC_PNW,installed_5137,hydro,12096000000000.0,20000000.0
WECC_PNW,installed_5138,hydro,241920000000.0,400000.0
WECC_PNW,installed_5141,hydro,21264768000000.0,35160000.0
WECC_PNW,installed_5142,hydro,21264768000000.0,35160000.0
WECC_PNW,installed_5143,hydro,21264768000000.0,35160000.0
WECC_PNW,installed_5144,hydro,19789056000000.0,32720000.0
WECC_PNW,installed_5145,hydro,19789056000000.0,32720000.0
WECC_PNW,installed_5146,oil,500593409648.0909,827700.7434657586
WECC_PNW,installed_5147,hydro,1378944000000.0,2280000.0
WECC_PNW,installed_5148,hydro,1427328000000.0,2360000.0
WECC_PNW,installed_5149,hydro,1524096000000.0,2520000.0
WECC_PNW,installed_5150,hydro,1911168000000.0,3160000.0
WECC_PNW,installed_5151,hydro,19547136000000.0,32320000.0
WECC_PNW,installed_5152,hydro,7354368000000.0,12160000.0
WECC_PNW,installed_5155,hydro,1354752000000.0,2240000.0
WECC_PNW,installed_5156,hydro,12700800000000.0,21000000.0
WECC_PNW,installed_5157,hydro,12700800000000.0,21000000.0
WECC_PNW,installed_5158,hydro,2298240000000.0,3800000.0
WECC_PNW,installed_5159,hydro,2298240000000.0,3800000.0
WECC_PNW,installed_5160,hydro,2298240000000.0,3800000.0
WECC_PNW,installed_5161,hydro,2298240000000.0,3800000.0
WECC_PNW,installed_5162,hydro,5419008000000.0,8960000.0
WECC_PNW,installed_5163,hydro,5443200000000.0,9000000.0
WECC_PNW,installed_5164,hydro,5443200000000.0,9000000.0
WECC_PNW,installed_5165,hydro,5346432000000.0,8840000.0
WECC_PNW,installed_5166,hydro,217728000000.0,360000.0
WECC_PNW,installed_5167,hydro,72576000000.0,120000.0
WECC_PNW,installed_5168,hydro,2128896000000.0,3520000.0
WECC_PNW,installed_5169,hydro,2128896000000.0,3520000.0
WECC_PNW,installed_5170,hydro,1935360000000.0,3200000.0
WECC_PNW,installed_5171,hydro,1935360000000.0,3200000.0
WECC_PNW,installed_5174,hydro,653184000000.0,1080000.0
WECC_PNW,installed_5175,hydro,653184000000.0,1080000.0
WECC_PNW,installed_5176,hydro,1451520000000.0,2400000.0
WECC_PNW,installed_5179,hydro,25377408000000.0,41960000.0
WECC_PNW,installed_5180,hydro,31425408000000.0,51960000.0
WECC_PNW,installed_5181,hydro,31425408000000.0,51960000.0
WECC_PNW,installed_5182,hydro,25377408000000.0,41960000.0
WECC_PNW,installed_5183,hydro,25377408000000.0,41960000.0
WECC_PNW,installed_5184,hydro,25377408000000.0,41960000.0
WECC_PNW,installed_5185,hydro,25377408000000.0,41960000.0
WECC_PNW,installed_5186,hydro,25377408000000.0,41960000.0
WECC_PNW,installed_5187,hydro,25377408000000.0,41960000.0
WECC_PNW,installed_5188,hydro,31425408000000.0,51960000.0
WECC_PNW,installed_5189,hydro,31425408000000.0,51960000.0
WECC_PNW,installed_5190,hydro,20321280000000.0,33600000.0
WECC_PNW,installed_5191,hydro,20321280000000.0,33600000.0
WECC_PNW,installed_5192,hydro,20321280000000.0,33600000.0
WECC_PNW,installed_5193,hydro,20321280000000.0,33600000.0
WECC_PNW,installed_5194,hydro,20321280000000.0,33600000.0
WECC_PNW,installed_5195,hydro,20321280000000.0,33600000.0
WECC_PNW,installed_5196,hydro,20321280000000.0,33600000.0
WECC_PNW,installed_5197,hydro,20321280000000.0,33600000.0
WECC_PNW,installed_5198,hydro,20321280000000.0,33600000.0
WECC_PNW,installed_5199,hydro,20321280000000.0,33600000.0
WECC_PNW,installed_5200,hydro,22982400000000.0,38000000.0
WECC_PNW,installed_5201,hydro,22982400000000.0,38000000.0
WECC_PNW,installed_5202,hydro,23659776000000.0,39120000.0
WECC_PNW,installed_5203,hydro,22982400000000.0,38000000.0
WECC_PNW,installed_5204,hydro,22982400000000.0,38000000.0
WECC_PNW,installed_5205,hydro,22982400000000.0,38000000.0
WECC_PNW,installed_5206,hydro,22982400000000.0,38000000.0
WECC_PNW,installed_5207,hydro,22982400000000.0,38000000.0
WECC_PNW,installed_5208,hydro,22982400000000.0,38000000.0
WECC_PNW,installed_5209,hydro,23659776000000.0,39120000.0
WECC_PNW,installed_5210,hydro,29514240000000.0,48800000.0
WECC_PNW,installed_5211,hydro,29514240000000.0,48800000.0
WECC_PNW,installed_5212,hydro,29514240000000.0,48800000.0
WECC_PNW,installed_5213,hydro,29514240000000.0,48800000.0
WECC_PNW,installed_5214,hydro,29514240000000.0,48800000.0
WECC_PNW,installed_5215,hydro,29514240000000.0,48800000.0
WECC_PNW,installed_5216,hydro,29514240000000.0,48800000.0
WECC_PNW,installed_5217,hydro,29514240000000.0,48800000.0
WECC_PNW,installed_5218,hydro,29514240000000.0,48800000.0
WECC_PNW,installed_5219,hydro,29514240000000.0,48800000.0
WECC_PNW,installed_5227,hydro,5443200000000.0,9000000.0
WECC_PNW,installed_5228,hydro,5443200000000.0,9000000.0
WECC_PNW,installed_5229,hydro,5443200000000.0,9000000.0
WECC_PNW,installed_5230,hydro,5443200000000.0,9000000.0
WECC_PNW,installed_5231,hydro,18821164915123.195,31119650.98399999
WECC_PNW,installed_5232,hydro,18821164915123.195,31119650.98399999
WECC_PNW,installed_5233,hydro,18821164915123.195,31119650.98399999
WECC_PNW,installed_5234,hydro,18821164915123.195,31119650.98399999
WECC_PNW,installed_5235,hydro,18821164915123.195,31119650.98399999
WECC_PNW,installed_5236,hydro,18821164915123.195,31119650.98399999
WECC_PNW,installed_5237,hydro,20751540804288.0,34311410.06
WECC_PNW,installed_5238,hydro,20751540804288.0,34311410.06
WECC_PNW,installed_5239,hydro,20751540804288.0,34311410.06
WECC_PNW,installed_5240,hydro,20751540804288.0,34311410.06
WECC_PNW,installed_5241,hydro,20751540804288.0,34311410.06
WECC_PNW,installed_5242,hydro,18821164915123.195,31119650.98399999
WECC_PNW,installed_5243,hydro,20751540804288.0,34311410.06
WECC_PNW,installed_5244,hydro,20751540804288.0,34311410.06
WECC_PNW,installed_5245,hydro,20751540804288.0,34311410.06
WECC_PNW,installed_5246,hydro,18821164915123.195,31119650.98399999
WECC_PNW,installed_5247,hydro,18821164915123.195,31119650.98399999
WECC_PNW,installed_5248,hydro,22368230610163.2,36984508.284
WECC_PNW,installed_5249,hydro,18821164915123.195,31119650.98399999
WECC_PNW,installed_5250,hydro,18821164915123.195,31119650.98399999
WECC_PNW,installed_5251,hydro,18821164915123.195,31119650.98399999
WECC_PNW,installed_5252,hydro,18821164915123.195,31119650.98399999
WECC_PNW,installed_5253,hydro,3378157804224.0005,5585578.380000001
WECC_PNW,installed_5254,hydro,3378157804224.0005,5585578.380000001
WECC_PNW,installed_5256,hydro,6096384000000.0,10080000.0
WECC_PNW,installed_5257,hydro,6096384000000.0,10080000.0
WECC_PNW,installed_5258,hydro,6459264000000.0,10680000.0
WECC_PNW,installed_5259,hydro,6459264000000.0,10680000.0
WECC_PNW,installed_5260,hydro,7257600000000.0,12000000.0
WECC_PNW,installed_5261,hydro,7257600000000.0,12000000.0
WECC_PNW,installed_5262,hydro,7257600000000.0,12000000.0
WECC_PNW,installed_5263,hydro,435456000000.0,720000.0
WECC_PNW,installed_5264,hydro,435456000000.0,720000.0
WECC_PNW,installed_5265,hydro,1451520000000.0,2400000.0
WECC_PNW,installed_5266,hydro,1451520000000.0,2400000.0
WECC_PNW,installed_5267,hydro,1451520000000.0,2400000.0
WECC_PNW,installed_5268,hydro,1451520000000.0,2400000.0
WECC_PNW,installed_5269,hydro,9676800000000.0,16000000.0
WECC_PNW,installed_5270,hydro,9918720000000.0,16400000.0
WECC_PNW,installed_5271,hydro,9918720000000.0,16400000.0
WECC_PNW,installed_5272,hydro,9918720000000.0,16400000.0
WECC_PNW,installed_5273,hydro,9918720000000.0,16400000.0
WECC_PNW,installed_5274,hydro,49206528000000.0,81360000.0
WECC_PNW,installed_5275,hydro,40642560000000.0,67200000.0
WECC_PNW,installed_5283,hydro,21337344000000.0,35280000.0
WECC_PNW,installed_5284,hydro,21337344000000.0,35280000.0
WECC_PNW,installed_5285,hydro,21337344000000.0,35280000.0
WECC_PNW,installed_5286,hydro,21337344000000.0,35280000.0
WECC_PNW,installed_5287,hydro,21337344000000.0,35280000.0
WECC_PNW,installed_5288,hydro,21337344000000.0,35280000.0
WECC_PNW,installed_5289,hydro,21337344000000.0,35280000.0
WECC_PNW,installed_5290,hydro,21337344000000.0,35280000.0
WECC_PNW,installed_5291,hydro,22982400000000.0,38000000.0
WECC_PNW,installed_5292,hydro,22982400000000.0,38000000.0
WECC_PNW,installed_5293,hydro,22982400000000.0,38000000.0
WECC_PNW,installed_5294,hydro,21337344000000.0,35280000.0
WECC_PNW,installed_5295,hydro,22982400000000.0,38000000.0
WECC_PNW,installed_5296,hydro,22982400000000.0,38000000.0
WECC_PNW,installed_5297,hydro,22982400000000.0,38000000.0
WECC_PNW,installed_5298,hydro,22982400000000.0,38000000.0
WECC_PNW,installed_5299,hydro,22982400000000.0,38000000.0
WECC_PNW,installed_5300,hydro,22982400000000.0,38000000.0
WECC_PNW,installed_5301,hydro,22982400000000.0,38000000.0
WECC_PNW,installed_5302,hydro,22982400000000.0,38000000.0
WECC_PNW,installed_5303,hydro,21337344000000.0,35280000.0
WECC_PNW,installed_5304,hydro,21337344000000.0,35280000.0
WECC_PNW,installed_5305,hydro,21337344000000.0,35280000.0
WECC_PNW,installed_5306,hydro,21337344000000.0,35280000.0
WECC_PNW,installed_5307,hydro,21337344000000.0,35280000.0
WECC_PNW,installed_5308,hydro,21337344000000.0,35280000.0
WECC_PNW,installed_5309,hydro,21337344000000.0,35280000.0
WECC_PNW,installed_5310,hydro,21772800000000.0,36000000.0
WECC_PNW,installed_5311,hydro,21772800000000.0,36000000.0
WECC_PNW,installed_5312,hydro,21772800000000.0,36000000.0
WECC_PNW,installed_5313,hydro,26853120000000.0,44400000.0
WECC_PNW,installed_5314,hydro,26853120000000.0,44400000.0
WECC_PNW,installed_5315,hydro,26853120000000.0,44400000.0
WECC_PNW,installed_5316,hydro,32659200000000.0,54000000.0
WECC_PNW,installed_5317,hydro,32659200000000.0,54000000.0
WECC_PNW,installed_5318,hydro,32659200000000.0,54000000.0
WECC_PNW,installed_5319,hydro,32659200000000.0,54000000.0
WECC_PNW,installed_5320,hydro,32659200000000.0,54000000.0
WECC_PNW,installed_5321,hydro,32659200000000.0,54000000.0
WECC_PNW,installed_5322,hydro,32659200000000.0,54000000.0
WECC_PNW,installed_5323,hydro,32659200000000.0,54000000.0
WECC_PNW,installed_5324,hydro,32659200000000.0,54000000.0
WECC_PNW,installed_5325,hydro,32659200000000.0,54000000.0
WECC_PNW,installed_5326,hydro,32659200000000.0,54000000.0
WECC_PNW,installed_5327,hydro,32659200000000.0,54000000.0
WECC_PNW,installed_5328,hydro,6289920000000.0,10400000.0
WECC_PNW,installed_5704,hydro,5791127665075.201,9575277.224000001
WECC_PNW,installed_5705,hydro,3257509312512.0,5386093.4399999995
WECC_PNW,installed_5957,hydro,314496000000.0,520000.0
WECC_PNW,installed_5958,hydro,72576000000.0,120000.0
WECC_PNW,installed_6033,hydro,604800000000.0,1000000.0
WECC_PNW,installed_6034,hydro,604800000000.0,1000000.0
WECC_PNW,installed_6067,hydro,24192000000.0,40000.0
WECC_PNW,installed_6130,non-fossil,1391040000000.0,2300000.0
WECC_PNW,installed_6131,non-fossil,1391040000000.0,2300000.0
WECC_PNW,installed_6142,hydro,434334575001.6001,718145.7920000001
WECC_PNW,installed_6143,hydro,699761259671.04,1157012.6648
WECC_PNW,installed_6144,hydro,1616689806842.8804,2673098.2256000005
WECC_PNW,installed_6169,hydro,120960000000.0,200000.0
WECC_PNW,installed_6170,hydro,120960000000.0,200000.0
WECC_PNW,installed_6171,hydro,120960000000.0,200000.0
WECC_PNW,installed_6172,hydro,362880000000.0,600000.0
WECC_PNW,installed_6173,hydro,362880000000.0,600000.0
WECC_PNW,installed_6174,hydro,435456000000.0,720000.0
WECC_PNW,installed_6187,biomass,5745600000000.0,9500000.0
WECC_PNW,installed_6188,biomass,5745600000000.0,9500000.0
WECC_PNW,installed_6189,biomass,5779625030107.759,9556258.316977115
WECC_PNW,installed_6219,hydro,193536000000.0,320000.0
WECC_PNW,installed_6220,hydro,193536000000.0,320000.0
WECC_PNW,installed_6221,hydro,387072000000.0,640000.0
WECC_PNW,installed_6432,waste,3507840000000.0,5800000.0
WECC_PNW,installed_6433,waste,3507840000000.0,5800000.0
WECC_PNW,installed_6442,oil,0.0,0.0
WECC_PNW,installed_6443,non-fossil,16329600000000.0,27000000.0
WECC_PNW,installed_6484,hydro,48384000000.0,80000.0
WECC_PNW,installed_6485,hydro,48384000000.0,80000.0
WECC_PNW,installed_6486,hydro,48384000000.0,80000.0
WECC_PNW,installed_6487,hydro,48384000000.0,80000.0
WECC_PNW,installed_6488,hydro,48384000000.0,80000.0
WECC_PNW,installed_6489,hydro,48384000000.0,80000.0
WECC_PNW,installed_6490,hydro,48384000000.0,80000.0
WECC_PNW,installed_6581,hydro,2757888000000.0,4560000.0
WECC_PNW,installed_6582,hydro,2757888000000.0,4560000.0
WECC_PNW,installed_6640,waste,6894720000000.0,11400000.0
WECC_PNW,installed_6641,waste,6894720000000.0,11400000.0
WECC_PNW,installed_6674,hydro,482593972170.2399,797939.7688
WECC_PNW,installed_6675,hydro,120648493163.52,199484.9424
WECC_PNW,installed_6676,hydro,193037588916.48004,319175.90760000004
WECC_PNW,installed_6677,biomass,3267000000000.0,5401785.714285715
WECC_PNW,installed_6685,hydro,193037588916.48004,319175.90760000004
WECC_PNW,installed_6686,hydro,193037588916.48004,319175.90760000004
WECC_PNW,installed_6696,hydro,967680000000.0,1600000.0
WECC_PNW,installed_6706,hydro,651501862502.3998,1077218.6879999996
WECC_PNW,installed_6707,hydro,651501862502.3998,1077218.6879999996
WECC_PNW,installed_6709,biomass,3397680000000.0,5617857.142857143
WECC_PNW,installed_6832,hydro,241296986085.11996,398969.8844
WECC_PNW,installed_6869,hydro,941058245756.1602,1555982.5492000002
WECC_PNW,installed_7046,hydro,2177280000000.0,3600000.0
WECC_PNW,installed_7047,hydro,2177280000000.0,3600000.0
WECC_PNW,installed_7048,hydro,508032000000.0,840000.0
WECC_PNW,installed_7049,hydro,796280054008.3201,1316600.6184
WECC_PNW,installed_7057,hydro,2999808000000.0,4960000.0
WECC_PNW,installed_7058,natural gas,0.0,0.0
WECC_PNW,installed_7059,natural gas,8496000000000.0,14047619.047619049
WECC_PNW,installed_7060,natural gas,9819842257709.402,16236511.669493059
WECC_PNW,installed_7137,hydro,1016064000000.0,1680000.0
WECC_PNW,installed_7184,natural gas,41300503099604.45,68287868.88162112
WECC_PNW,installed_7185,natural gas,24675840000000.0,40800000.0
WECC_PNW,installed_7214,natural gas,51170280687233.24,84606945.58074279
WECC_PNW,installed_7215,natural gas,51084000000000.0,84464285.71428572
WECC_PNW,installed_7216,natural gas,48713474914938.01,80544766.72443454
WECC_PNW,installed_7252,non-fossil,7136640000000.0,11800000.0
WECC_PNW,installed_7253,non-fossil,7136640000000.0,11800000.0
WECC_PNW,installed_7254,non-fossil,6683253458111.999,11050352.94
WECC_PNW,installed_7255,non-fossil,6683253458111.999,11050352.94
WECC_PNW,installed_7359,hydro,48384000000.0,80000.0
WECC_PNW,installed_7360,hydro,48384000000.0,80000.0
WECC_PNW,installed_7361,hydro,48384000000.0,80000.0
WECC_PNW,installed_7444,hydro,4463994241728.0,7380942.86
WECC_PNW,installed_7480,natural gas,47520000000000.0,78571428.57142857
WECC_PNW,installed_7481,natural gas,23205757552852.293,38369308.12310234
WECC_PNW,installed_7482,natural gas,47520000000000.0,78571428.57142857
WECC_PNW,installed_7483,natural gas,23595924856006.492,39014426.01852926
WECC_PNW,installed_7605,hydro,895104000000.0,1480000.0
WECC_PNW,installed_7697,natural gas,0.0,0.0
WECC_PNW,installed_7698,natural gas,680400000000.0,1125000.0
WECC_PNW,installed_7761,biomass,22320000000000.0,36904761.9047619
WECC_PNW,installed_7762,biomass,2723040000000.0,4502380.952380952
WECC_PNW,installed_7872,biomass,2526480000000.0,4177380.9523809524
WECC_PNW,installed_7911,natural gas,51336000000000.0,84880952.38095239
WECC_PNW,installed_7912,natural gas,51594965687422.516,85309136.38793404
WECC_PNW,installed_7913,natural gas,43244032707907.0,71501376.83185682
WECC_PNW,installed_7959,wind,9796860000000.0,16198511.904761905
WECC_PNW,installed_8079,natural gas,35409020123914.58,58546660.25779527
WECC_PNW,installed_8080,natural gas,43918877540366.88,72617191.70034206
WECC_PNW,installed_8459,natural gas,10533215009776.352,17416030.108757194
WECC_PNW,installed_8460,natural gas,11534146811943.205,19071009.940382283
WECC_PNW,installed_8461,natural gas,0.0,0.0
WECC_PNW,installed_8717,natural gas,26292732063788.688,43473432.64515325
WECC_PNW,installed_8718,natural gas,45665767514014.67,75505567.97952162
WECC_PNW,installed_8795,natural gas,0.0,0.0
WECC_PNW,installed_8796,natural gas,14670000000000.0,24255952.38095238
WECC_PNW,installed_8797,natural gas,1296961634.8574219,2144.447147581716
WECC_PNW,installed_8798,natural gas,4230000000000.0,6994047.619047619
WECC_PNW,installed_8807,wind,69322581360000.0,114620670.23809524
WECC_PNW,installed_8927,natural gas,23738400000000.0,39250000.0
WECC_PNW,installed_8928,natural gas,22676758477654.348,37494640.34003695
WECC_PNW,installed_8929,natural gas,22867981055645.742,37810815.2375095
WECC_PNW,installed_8969,natural gas,19956109526192.492,32996212.840926737
WECC_PNW,installed_8970,natural gas,2386113641647.372,3945293.7196550462
WECC_PNW,installed_9000,wind,9640110240000.0,15939335.714285715
WECC_PNW,installed_9001,wind,9875234880000.0,16328100.0
WECC_PNW,installed_9078,natural gas,18375321599761.68,30382476.19008214
WECC_PNW,installed_9079,natural gas,38913394339218.086,64340929.793680705
WECC_PNW,installed_9109,wind,9404985600000.0,15550571.42857143
WECC_PNW,installed_9111,biomass,7579440000000.0,12532142.857142856
WECC_PNW,installed_9205,wind,48122176320000.0,79567090.47619048
WECC_PNW,installed_9468,wind,16066850400000.0,26565559.523809522
WECC_PNW,installed_9497,natural gas,0.0,0.0
WECC_PNW,installed_9498,natural gas,40761442671438.625,67396565.26362208
WECC_PNW,installed_9554,wind,58546035360000.0,96802307.14285715
WECC_PNW,installed_9555,wind,2821495680000.0,4665171.428571428
WECC_PNW,installed_9652,wind,89582487840000.0,148119192.85714287
WECC_PNW,installed_9653,wind,17242473600000.0,28509380.95238095
WECC_PNW,installed_9654,solar,61651800000.0,101937.5
WECC_PNW,installed_9715,wind,29390580000000.0,48595535.71428572
WECC_PNW,installed_9716,wind,39383377200000.0,65118017.85714286
WECC_PNW,installed_9717,wind,77983005600000.0,128940154.76190476
WECC_PNW,installed_9751,biomass,10923730105851.668,18061723.05861718
WECC_PNW,installed_9833,waste,907200000000.0,1500000.0
WECC_PNW,installed_9834,waste,907200000000.0,1500000.0
WECC_PNW,installed_9860,wind,55019165760000.0,90970842.85714285
WECC_PNW,installed_9861,wind,27509582880000.0,45485421.428571425
WECC_PNW,installed_9865,wind,86604242400000.0,143194845.23809522
WECC_PNW,installed_9866,wind,29978391600000.0,49567446.428571425
WECC_PNW,installed_9867,biomass,0.0,0.0
WECC_PNW,installed_9888,wind,49141049760000.0,81251735.71428572
WECC_PNW,installed_9889,wind,63993089520000.0,105808679.76190476
WECC_PNW,installed_9890,wind,63091778400000.0,104318416.66666667
WECC_PNW,installed_9891,wind,79942377600000.0,132179857.14285715
WECC_PNW,installed_10160,wind,39461752080000.0,65247605.952380955
WECC_PNW,installed_10190,wind,36836193600000.0,60906404.76190476
WECC_PNW,installed_10590,hydro,1475712000000.0,2440000.0
WECC_PNW,installed_10591,hydro,11128320000000.0,18400000.0
WECC_PNW,installed_10592,hydro,11128320000000.0,18400000.0
WECC_PNW,installed_10593,hydro,532224000000.0,880000.0
WECC_PNW,installed_10594,hydro,556416000000.0,920000.0
WECC_PNW,installed_10595,hydro,6483456000000.0,10720000.0
WECC_PNW,installed_10602,wind,53412480720000.0,88314286.90476191
WECC_PNW,installed_10646,biomass,4356000000000.0,7202380.952380952
WECC_PNW,installed_10654,wind,38678003280000.0,63951725.0
WECC_PNW,installed_10655,wind,39500939520000.0,65312400.0
WECC_PNW,installed_10743,wind,37855067040000.0,62591050.0
WECC_PNW,installed_10744,wind,40323875760000.0,66673075.0
WECC_PNW,installed_10747,wind,39461752080000.0,65247605.952380955
WECC_PNW,installed_10907,oil,0.0,0.0
WECC_PNW,installed_10908,wind,3879556560000.0,6414610.714285715
WECC_PNW,installed_10946,wind,28214956800000.0,46651714.28571428
WECC_PNW,installed_10984,wind,1959372000000.0,3239702.380952381
WECC_PNW,installed_10985,wind,666186480000.0,1101498.8095238095
WECC_PNW,installed_10986,wind,3918744000000.0,6479404.761904762
WECC_PNW,installed_10987,wind,3918744000000.0,6479404.761904762
WECC_PNW,installed_10988,wind,3879556560000.0,6414610.714285715
WECC_PNW,installed_10989,wind,3252557520000.0,5377905.952380952
WECC_PNW,installed_10990,wind,3879556560000.0,6414610.714285715
WECC_PNW,installed_10991,wind,1293185520000.0,2138203.5714285714
WECC_PNW,installed_10992,wind,2586371040000.0,4276407.142857143
WECC_PNW,installed_11053,waste,483840000000.0,800000.0
WECC_PNW,installed_11054,waste,967680000000.0,1600000.0
WECC_PNW,installed_11055,waste,967680000000.0,1600000.0
WECC_PNW,installed_11056,waste,967680000000.0,1600000.0
WECC_PNW,installed_11057,waste,483840000000.0,800000.0
WECC_PNW,installed_11058,waste,483840000000.0,800000.0
WECC_PNW,installed_11059,waste,483840000000.0,800000.0
WECC_PNW,installed_11060,waste,483840000000.0,800000.0
WECC_PNW,installed_11061,waste,483840000000.0,800000.0
WECC_PNW,installed_11062,waste,483840000000.0,800000.0
WECC_PNW,installed_11063,waste,483840000000.0,800000.0
WECC_PNW,installed_11064,waste,967680000000.0,1600000.0
WECC_PNW,installed_11079,waste,483840000000.0,800000.0
WECC_PNW,installed_11080,waste,483840000000.0,800000.0
WECC_PNW,installed_11081,waste,483840000000.0,800000.0
WECC_PNW,installed_11082,waste,483840000000.0,800000.0
WECC_PNW,installed_11083,waste,483840000000.0,800000.0
WECC_PNW,installed_11084,waste,483840000000.0,800000.0
WECC_PNW,installed_11184,wind,38678003280000.0,63951725.0
WECC_PNW,installed_11187,non-fossil,15858567529055.996,26221176.469999995
WECC_PNW,installed_11188,non-fossil,15858567529055.996,26221176.469999995
WECC_PNW,installed_11229,wind,24688087200000.0,40820250.0
WECC_PNW,installed_11235,wind,38756378160000.0,64081313.0952381
WECC_PNW,installed_11238,wind,102749467680000.0,169889992.85714287
WECC_PNW,installed_11288,wind,35268696000000.0,58314642.85714286
WECC_PNW,installed_11299,wind,134295356880000.0,222049201.19047618
WECC_PNW,installed_11487,waste,181440000000.0,300000.0
WECC_PNW,installed_11488,waste,181440000000.0,300000.0
WECC_PNW,installed_11489,waste,181440000000.0,300000.0
WECC_PNW,installed_11490,waste,181440000000.0,300000.0
WECC_PNW,installed_11491,waste,181440000000.0,300000.0
WECC_PNW,installed_11492,waste,181440000000.0,300000.0
WECC_PNW,installed_11493,waste,181440000000.0,300000.0
WECC_PNW,installed_11494,waste,181440000000.0,300000.0
WECC_PNW,installed_11495,waste,181440000000.0,300000.0
WECC_PNW,installed_11496,waste,181440000000.0,300000.0
WECC_PNW,installed_11497,waste,181440000000.0,300000.0
WECC_PNW,installed_11498,waste,181440000000.0,300000.0
WECC_PNW,installed_11499,waste,181440000000.0,300000.0
WECC_PNW,installed_11500,waste,181440000000.0,300000.0
WECC_PNW,installed_11501,waste,181440000000.0,300000.0
WECC_PNW,installed_11502,waste,181440000000.0,300000.0
WECC_PNW,installed_11503,waste,181440000000.0,300000.0
WECC_PNW,installed_11504,waste,181440000000.0,300000.0
WECC_PNW,installed_11523,wind,19593720000000.0,32397023.80952381
WECC_PNW,installed_11524,wind,59251409280000.0,97968600.0
WECC_PNW,installed_11535,wind,78766754400000.0,130236035.71428572
WECC_PNW,installed_11592,solar,176865152285.9844,292435.767668625
WECC_PNW,installed_11675,hydro,798336000000.0,1320000.0
WECC_PNW,installed_11716,biomass,8553600000000.0,14142857.142857144
WECC_PNW,installed_11769,hydro,1669248000000.0,2760000.0
WECC_PNW,installed_11770,hydro,1669248000000.0,2760000.0
WECC_PNW,installed_11798,wind,103846716000000.0,171704226.19047618
WECC_PNW,installed_11799,wind,41264374320000.0,68228132.14285715
WECC_PNW,installed_11824,wind,113643576000000.0,187902738.0952381
WECC_PNW,installed_11825,wind,113643576000000.0,187902738.0952381
WECC_PNW,installed_11856,wind,3526869600000.0,5831464.285714285
WECC_PNW,installed_11921,wind,19593720000000.0,32397023.80952381
WECC_PNW,installed_11938,solar,110540720194.15321,182772.35481837502
WECC_PNW,installed_11939,natural gas,243360000000.0,402380.95238095237
WECC_PNW,installed_11940,natural gas,30600000000.0,50595.23809523809
WECC_PNW,installed_12092,wind,2351246400000.0,3887642.8571428573
WECC_PNW,installed_12095,non-fossil,3058438023244.8,5056941.176
WECC_PNW,installed_12099,hydro,1911168000000.0,3160000.0
WECC_PNW,installed_12149,wind,1175623200000.0,1943821.4285714286
WECC_PNW,installed_12279,solar,187919224342.3908,310713.00321162504
WECC_PNW,installed_12328,waste,967680000000.0,1600000.0
WECC_PNW,installed_12329,waste,967680000000.0,1600000.0
WECC_PNW,installed_12338,waste,967680000000.0,1600000.0
WECC_PNW,installed_12379,biomass,1975661274269.114,3266635.7048100433
WECC_PNW,installed_12468,geothermal,3568320000000.0,5900000.0
WECC_PNW,installed_12469,geothermal,3568320000000.0,5900000.0
WECC_PNW,installed_12470,geothermal,3568320000000.0,5900000.0
WECC_PNW,installed_12569,solar,486379168755.63116,804198.36103775
WECC_PNW,installed_12587,solar,221081440388.30643,365544.70963675005
WECC_PNW,installed_12719,natural gas,3029400000000.0,5008928.571428572
WECC_PNW,installed_12720,natural gas,9625706774469.568,15915520.460432487
WECC_PNW,installed_12721,natural gas,4712400000000.0,7791666.666666667
WECC_PNW,installed_12722,natural gas,3622915061645.0684,5990269.61250838
WECC_PNW,installed_12723,natural gas,5587560000000.0,9238690.476190476
WECC_PNW,installed_12724,natural gas,7943760000000.0,13134523.80952381
WECC_PNW,installed_12725,natural gas,2356200000000.0,3895833.3333333335
WECC_PNW,installed_12726,natural gas,0.0,0.0
WECC_PNW,installed_12727,natural gas,11107800000000.0,18366071.42857143
WECC_PNW,installed_12728,natural gas,2894760000000.0,4786309.523809524
WECC_PNW,installed_12729,natural gas,2760120000000.0,4563690.476190476
WECC_PNW,installed_12730,natural gas,4716876737740.837,7799068.680127044
WECC_PNW,installed_12797,wind,38756378160000.0,64081313.0952381
WECC_PNW,installed_12830,biomass,8847800738205.236,14629300.162376383
WECC_PNW,installed_12855,non-fossil,967680000000.0,1600000.0
WECC_PNW,installed_12856,non-fossil,967680000000.0,1600000.0
WECC_PNW,installed_12857,non-fossil,967680000000.0,1600000.0
WECC_PNW,installed_12947,wind,1685059920000.0,2786144.0476190476
WECC_PNW,installed_12966,hydro,241920000000.0,400000.0
WECC_PNW,installed_12967,hydro,241920000000.0,400000.0
WECC_PNW,installed_12968,hydro,241920000000.0,400000.0
WECC_PNW,installed_12988,hydro,266112000000.0,440000.0
WECC_PNW,installed_13030,natural gas,3969118961436.903,6562696.695497524
WECC_PNW,installed_13031,natural gas,30048451593805.047,49683286.3654184
WECC_PNW,installed_13118,wind,104552089920000.0,172870519.04761904
WECC_PNW,installed_13140,non-fossil,604800000000.0,1000000.0
WECC_PNW,installed_13239,waste,967680000000.0,1600000.0
WECC_PNW,installed_13240,waste,967680000000.0,1600000.0
WECC_PNW,installed_13241,waste,967680000000.0,1600000.0
WECC_PNW,installed_13242,waste,907200000000.0,1500000.0
WECC_PNW,installed_13243,waste,907200000000.0,1500000.0
WECC_PNW,installed_13244,waste,907200000000.0,1500000.0
WECC_PNW,installed_13250,hydro,677376000000.0,1120000.0
WECC_PNW,installed_13544,solar,221081440388.30643,365544.70963675005
WECC_PNW,installed_13694,wind,3918744000000.0,6479404.761904762
WECC_PNW,installed_13957,hydro,338688000000.0,560000.0
WECC_PNW,installed_13958,hydro,1475712000000.0,2440000.0
WECC_PNW,installed_13973,solar,552703600970.766,913861.774091875
WECC_PNW,installed_13979,geothermal,1088640000000.0,1800000.0
WECC_PNW,installed_14108,wind,3918744000000.0,6479404.761904762
WECC_PNW,installed_14109,wind,3918744000000.0,6479404.761904762
WECC_PNW,installed_14110,wind,3918744000000.0,6479404.761904762
WECC_PNW,installed_14111,wind,3918744000000.0,6479404.761904762
WECC_PNW,installed_14112,wind,3918744000000.0,6479404.761904762
WECC_PNW,installed_14319,non-fossil,967680000000.0,1600000.0
WECC_PNW,installed_14425,solar,132648864183.6624,219326.8257005
WECC_PNW,installed_14658,battery,142484210499.6,235588.97238690476
WECC_PNW,installed_14659,battery,151578947340.00003,250626.56636904765
WECC_PNW,installed_14667,battery,363789473760.0,601503.7595238095
WECC_PNW,installed_14695,solar,254243656434.22202,420376.416061875
WECC_PNW,installed_14768,solar,154757008296.47522,255881.2967865
WECC_PNW,installed_14929,non-fossil,423360000000.0,700000.0
WECC_PNW,installed_14930,non-fossil,483840000000.0,800000.0
WECC_PNW,installed_14983,solar,663244321164.9192,1096634.12891025
WECC_PNW,installed_14984,solar,994866481624.075,1644951.1931614997
WECC_PNW,installed_14985,solar,1105407201818.2283,1827723.547979875
WECC_PNW,installed_14986,solar,497433240812.0375,822475.5965807498
WECC_PNW,installed_14987,solar,1105407201818.2283,1827723.547979875
WECC_PNW,installed_14988,solar,1105407201818.2283,1827723.547979875
WECC_PNW,installed_15086,hydro,1451520000000.0,2400000.0
WECC_PNW,installed_15120,battery,887573782379.1396,1467549.243351752
WECC_PNW,installed_15123,battery,291364484672.95825,481753.44687989133
WECC_PNW,installed_15201,hydro,1451520000000.0,2400000.0
WECC_PNW,installed_15234,solar,1094353129761.822,1809446.3124368752
WECC_PNW,installed_15303,solar,884325761429.922,1462178.838343125
WECC_PNW,installed_15356,battery,178256842142.4,294736.84216666664
WECC_PNW,installed_15383,natural gas,20567712505315.438,34007461.152968645
WECC_PNW,installed_15384,natural gas,43423429900090.21,71797999.17342958
WECC_PNW,installed_15385,natural gas,19796400000000.0,32732142.85714286
WECC_PNW,installed_15386,natural gas,18950400000000.0,31333333.333333332
WECC_PNW,installed_15739,solar,1094353129761.822,1809446.3124368752
WECC_PNW,installed_15810,wind,23512464000000.0,38876428.571428575
WECC_PNW,installed_15812,solar,6190280330625.972,10235251.86942125
WECC_PNW,installed_15920,natural gas,0.0,0.0
WECC_PNW,installed_15921,natural gas,39798000000000.0,65803571.428571425
WECC_PNW,installed_16082,hydro,30240000000000.0,50000000.0
WECC_PNW,installed_16083,hydro,30240000000000.0,50000000.0
WECC_PNW,installed_16084,hydro,30240000000000.0,50000000.0
WECC_PNW,installed_16085,hydro,30240000000000.0,50000000.0
WECC_PNW,installed_16086,hydro,30240000000000.0,50000000.0
WECC_PNW,installed_16087,hydro,30240000000000.0,50000000.0
WECC_PNW,installed_16088,hydro,30240000000000.0,50000000.0
WECC_PNW,installed_16089,hydro,30240000000000.0,50000000.0
WECC_PNW,installed_16090,hydro,30240000000000.0,50000000.0
WECC_PNW,installed_16091,hydro,30240000000000.0,50000000.0
WECC_PNW,installed_16092,hydro,166924800000000.0,276000000.0
WECC_PNW,installed_16093,hydro,30240000000000.0,50000000.0
WECC_PNW,installed_16094,hydro,166924800000000.0,276000000.0
WECC_PNW,installed_16095,hydro,166924800000000.0,276000000.0
WECC_PNW,installed_16096,hydro,194745600000000.0,322000000.0
WECC_PNW,installed_16097,hydro,194745600000000.0,322000000.0
WECC_PNW,installed_16098,hydro,194745600000000.0,322000000.0
WECC_PNW,installed_16099,hydro,30240000000000.0,50000000.0
WECC_PNW,installed_16100,hydro,30240000000000.0,50000000.0
WECC_PNW,installed_16101,hydro,30240000000000.0,50000000.0
WECC_PNW,installed_16102,hydro,30240000000000.0,50000000.0
WECC_PNW,installed_16103,hydro,30240000000000.0,50000000.0
WECC_PNW,installed_16104,hydro,30240000000000.0,50000000.0
WECC_PNW,installed_16105,hydro,30240000000000.0,50000000.0
WECC_PNW,installed_16106,hydro,2419200000000.0,4000000.0
WECC_PNW,installed_16107,hydro,2419200000000.0,4000000.0
WECC_PNW,installed_16108,hydro,2419200000000.0,4000000.0
WECC_PNW,installed_16109,pump hydro,13045052012817.676,21569199.756642982
WECC_PNW,installed_16110,pump hydro,12437600023980.314,20564814.854464807
WECC_PNW,installed_16111,pump hydro,12335318498922.434,20395698.576260637
WECC_PNW,installed_16112,pump hydro,11700000000000.0,19345238.095238097
WECC_PNW,installed_16113,pump hydro,11572339432564.822,19134159.114690512
WECC_PNW,installed_16114,pump hydro,13084869369277.146,21635035.332799513
WECC_PNW,installed_16139,hydro,5911776159206.4,9774762.168
WECC_PNW,installed_16140,hydro,5911776159206.4,9774762.168
WECC_PNW,installed_16141,hydro,32659200000000.0,54000000.0
WECC_PNW,installed_16142,hydro,32659200000000.0,54000000.0
WECC_PNW,installed_16143,hydro,32659200000000.0,54000000.0
WECC_PNW,installed_16144,hydro,32659200000000.0,54000000.0
WECC_PNW,installed_16145,hydro,32659200000000.0,54000000.0
WECC_PNW,installed_16146,hydro,32659200000000.0,54000000.0
WECC_PNW,installed_16190,hydro,290304000000.0,480000.0
WECC_PNW,installed_16191,hydro,3628800000000.0,6000000.0
WECC_PNW,installed_16192,hydro,4596480000000.0,7600000.0
WECC_PNW,installed_16193,hydro,3628800000000.0,6000000.0
WECC_PNW,installed_16194,hydro,3628800000000.0,6000000.0
WECC_PNW,installed_16195,hydro,3628800000000.0,6000000.0
WECC_PNW,installed_16196,hydro,4112640000000.0,6800000.0
WECC_PNW,installed_16197,hydro,4112640000000.0,6800000.0
WECC_PNW,installed_16198,hydro,4112640000000.0,6800000.0
WECC_PNW,installed_16199,hydro,4112640000000.0,6800000.0
WECC_PNW,installed_16200,hydro,4596480000000.0,7600000.0
WECC_PNW,installed_16201,hydro,10160640000000.0,16800000.0
WECC_PNW,installed_16202,hydro,10160640000000.0,16800000.0
WECC_PNW,installed_16203,hydro,10160640000000.0,16800000.0
WECC_PNW,installed_16204,hydro,10160640000000.0,16800000.0
WECC_PNW,installed_16205,hydro,10160640000000.0,16800000.0
WECC_PNW,installed_16206,hydro,10160640000000.0,16800000.0
WECC_PNW,installed_16207,hydro,10160640000000.0,16800000.0
WECC_PNW,installed_16208,hydro,10160640000000.0,16800000.0
WECC_PNW,installed_16209,hydro,28304640000000.0,46800000.0
WECC_PNW,installed_16210,hydro,28304640000000.0,46800000.0
WECC_PNW,installed_16211,hydro,31570560000000.0,52200000.0
WECC_PNW,installed_16212,hydro,31570560000000.0,52200000.0
WECC_PNW,installed_16227,natural gas,4326309773649.592,7153289.969658717
WECC_PNW,installed_16233,hydro,4064256000000.0,6720000.0
WECC_PNW,installed_16355,hydro,4150308160857.6,6862282.012
WECC_PNW,installed_16361,hydro,1451520000000.0,2400000.0
WECC_PNW,installed_16362,hydro,1451520000000.0,2400000.0
WECC_PNW,installed_16363,hydro,3120768000000.0,5160000.0
WECC_PNW,installed_16391,hydro,9289933963430.404,15360340.548000006
WECC_PNW,installed_16396,hydro,7596288000000.0,12560000.0
WECC_PNW,installed_16397,hydro,7426944000000.0,12280000.0
WECC_PNW,installed_16402,hydro,3628800000000.0,6000000.0
WECC_PNW,installed_16403,hydro,3628800000000.0,6000000.0
WECC_PNW,installed_16404,hydro,7741440000000.0,12800000.0
WECC_PNW,installed_16405,hydro,7741440000000.0,12800000.0
WECC_PNW,installed_16406,hydro,7741440000000.0,12800000.0
WECC_PNW,installed_16407,hydro,21772800000000.0,36000000.0
WECC_PNW,installed_16408,hydro,22740480000000.0,37600000.0
WECC_PNW,installed_16409,hydro,22740480000000.0,37600000.0
WECC_PNW,installed_16410,hydro,290304000000.0,480000.0
WECC_PNW,installed_16411,hydro,290304000000.0,480000.0
WECC_PNW,installed_16412,hydro,38320128000000.0,63360000.0
WECC_PNW,installed_16413,hydro,39070080000000.0,64600000.0
WECC_PNW,installed_16414,hydro,38320128000000.0,63360000.0
WECC_PNW,installed_16415,hydro,39070080000000.0,64600000.0
WECC_PNW,installed_16416,hydro,56125440000000.0,92800000.0
WECC_PNW,installed_16417,hydro,56125440000000.0,92800000.0
WECC_PNW,installed_16478,hydro,48259397168.64001,79793.97680000002
WECC_PNW,installed_16479,hydro,72389095752.96,119690.9652
WECC_PNW,installed_16480,hydro,120648493163.52,199484.9424
WECC_PNW,installed_16488,hydro,5308533693388.799,8777337.455999998
WECC_PNW,installed_16489,hydro,5308533693388.799,8777337.455999998
WECC_PNW,installed_16490,hydro,266112000000.0,440000.0
WECC_PNW,installed_16491,hydro,96768000000.0,160000.0
WECC_PNW,installed_16492,hydro,266112000000.0,440000.0
WECC_PNW,installed_16493,hydro,411264000000.0,680000.0
WECC_PNW,installed_16494,hydro,508032000000.0,840000.0
WECC_PNW,installed_16543,hydro,2412969860851.1997,3989698.8439999996
WECC_PNW,installed_16544,hydro,2412969860851.1997,3989698.8439999996
WECC_PNW,installed_16873,hydro,1596672000000.0,2640000.0
WECC_PNW,installed_16890,hydro,3749760000000.0,6200000.0
WECC_PNW,installed_17029,hydro,241920000000.0,400000.0
WECC_PNW,installed_17127,natural gas,0.0,0.0
WECC_PNW,installed_17128,natural gas,33768000000000.0,55833333.333333336
WECC_PNW,installed_17183,waste,483840000000.0,800000.0
WECC_PNW,installed_17184,waste,483840000000.0,800000.0
WECC_PNW,installed_17185,waste,483840000000.0,800000.0
WECC_PNW,installed_17186,waste,483840000000.0,800000.0
WECC_PNW,installed_17190,hydro,8467200000000.0,14000000.0
WECC_PNW,installed_17191,hydro,8467200000000.0,14000000.0
WECC_PNW,installed_17194,hydro,1206484930425.5999,1994849.4219999998
WECC_PNW,installed_17226,natural gas,21070171290399.836,34838246.18121666
WECC_PNW,installed_17227,natural gas,0.0,0.0
WECC_PNW,installed_17257,hydro,1689078902595.8398,2792789.1908
WECC_PNW,installed_17259,hydro,2177280000000.0,3600000.0
WECC_PNW,installed_17315,hydro,9918720000000.0,16400000.0
WECC_PNW,installed_17316,hydro,9918720000000.0,16400000.0
WECC_PNW,installed_17317,hydro,1693440000000.0,2800000.0
WECC_PNW,installed_17318,hydro,1693440000000.0,2800000.0
WECC_PNW,installed_17329,natural gas,0.0,0.0
WECC_PNW,installed_17372,waste,483840000000.0,800000.0
WECC_PNW,installed_17373,waste,483840000000.0,800000.0
WECC_PNW,installed_17374,waste,483840000000.0,800000.0
WECC_PNW,installed_17375,waste,907200000000.0,1500000.0
WECC_PNW,installed_17376,waste,907200000000.0,1500000.0
WECC_PNW,installed_17538,waste,1270080000000.0,2100000.0
WECC_PNW,installed_17539,waste,1270080000000.0,2100000.0
WECC_PNW,installed_17540,waste,1270080000000.0,2100000.0
WECC_PNW,installed_17541,waste,1270080000000.0,2100000.0
WECC_PNW,installed_17542,waste,1270080000000.0,2100000.0
WECC_PNW,installed_17543,waste,6048000000000.0,10000000.0
WECC_PNW,installed_17544,waste,6048000000000.0,10000000.0
WECC_PNW,installed_17545,waste,3628800000000.0,6000000.0
WECC_PNW,installed_17654,hydro,2419200000000.0,4000000.0
WECC_PNW,installed_17658,natural gas,7203600000000.0,11910714.285714285
WECC_PNW,installed_17659,natural gas,8942400000000.0,14785714.285714285
WECC_PNW,installed_17660,natural gas,0.0,0.0
WECC_PNW,installed_17661,natural gas,22337640000000.0,36933928.571428575
WECC_PNW,installed_17783,natural gas,26157600000000.0,43250000.0
WECC_PNW,installed_17784,natural gas,47925097381227.49,79241232.44250578
WECC_PNW,installed_17802,wind,37228068000000.0,61554345.23809524
WECC_PNW,installed_17954,natural gas,17248672654221.04,28519630.71134431
WECC_PNW,installed_17955,natural gas,14820245382896.217,24504373.979656443
WECC_PNW,installed_17956,natural gas,0.0,0.0
WECC_PNW,installed_17997,natural gas,590399999999.9999,976190.476190476
WECC_PNW,installed_17998,natural gas,1357919999999.9998,2245238.0952380947
WECC_PNW,installed_17999,natural gas,664199999999.9999,1098214.2857142854
WECC_PNW,installed_18000,natural gas,191879999999.99997,317261.90476190473
WECC_PNW,installed_18001,natural gas,605159999999.9999,1000595.2380952379
WECC_PNW,installed_18002,natural gas,0.0,0.0
WECC_PNW,installed_18082,natural gas,14580000000000.0,24107142.85714286
WECC_PNW,installed_18083,natural gas,0.0,0.0
WECC_PNW,installed_18084,natural gas,16524000000000.0,27321428.57142857
WECC_PNW,installed_18085,natural gas,2332800000000.0,3857142.8571428573
WECC_PNW,installed_18086,natural gas,5443200000000.0,9000000.0
WECC_PNW,installed_18087,natural gas,812726765646.2012,1343794.2553673962
WECC_PNW,installed_18088,natural gas,4946984149881.613,8179537.284857165
WECC_PNW,installed_18089,natural gas,7344000000000.0,12142857.142857144
WECC_PNW,installed_18182,hydro,10717056000000.0,17720000.0
WECC_PNW,installed_18183,hydro,17877888000000.0,29560000.0
WECC_PNW,installed_18184,hydro,17756928000000.0,29360000.0
WECC_PNW,installed_18185,hydro,15240960000000.0,25200000.0
WECC_PNW,installed_18186,hydro,677376000000.0,1120000.0
WECC_PNW,installed_18187,hydro,677376000000.0,1120000.0
WECC_PNW,installed_18188,hydro,677376000000.0,1120000.0
WECC_PNW,installed_18189,hydro,677376000000.0,1120000.0
WECC_PNW,installed_18190,hydro,677376000000.0,1120000.0
WECC_PNW,installed_18191,hydro,846720000000.0,1400000.0
WECC_PNW,installed_18193,hydro,21772800000000.0,36000000.0
WECC_PNW,installed_18194,hydro,21772800000000.0,36000000.0
WECC_PNW,installed_18195,hydro,53222400000000.0,88000000.0
WECC_PNW,installed_18215,solar,1989732962754.936,3289902.3855075
WECC_PNW,installed_18227,hydro,3386880000000.0,5600000.0
WECC_PNW,installed_18228,hydro,3386880000000.0,5600000.0
WECC_PNW,installed_18229,hydro,3386880000000.0,5600000.0
WECC_PNW,installed_18303,hydro,3628800000000.0,6000000.0
WECC_PNW,installed_18304,hydro,2467584000000.0,4080000.0
WECC_PNW,installed_18309,hydro,2274048000000.0,3760000.0
WECC_PNW,installed_18496,hydro,556416000000.0,920000.0
WECC_PNW,installed_18515,natural gas,9648000000000.0,15952380.952380951
WECC_PNW,installed_18516,natural gas,0.0,0.0
WECC_PNW,installed_18599,wind,94049856000.0,155505.7142857143
WECC_PNW,installed_18600,wind,517274208000.0,855281.4285714285
WECC_PNW,installed_18601,wind,2492321184000.0,4120901.4285714286
WECC_PNW,installed_18827,hydro,4354560000000.0,7200000.0
WECC_PNW,installed_18828,solar,4956804720000.0,8195775.0
WECC_PNW,installed_18904,hydro,96768000000.0,160000.0
WECC_PNW,optional_549_0,wind,0.0,0.0
WECC_PNW,optional_550_0,wind,0.0,0.0
WECC_PNW,optional_551_0,wind,0.0,0.0
WECC_PNW,optional_552_0,wind,0.0,0.0
WECC_PNW,optional_553_0,wind,0.0,0.0
WECC_PNW,optional_554_0,wind,0.0,0.0
WECC_PNW,optional_555_0,wind,0.0,0.0
WECC_PNW,optional_556_0,wind,0.0,0.0
WECC_PNW,optional_557_0,wind,0.0,0.0
WECC_PNW,optional_558_0,wind,0.0,0.0
WECC_PNW,optional_559_0,wind,0.0,0.0
WECC_PNW,optional_560_0,wind,0.0,0.0
WECC_PNW,optional_561_0,wind,0.0,0.0
WECC_PNW,optional_562_0,wind,0.0,0.0
WECC_PNW,optional_563_0,wind,0.0,0.0
WECC_PNW,optional_563_1,wind,0.0,0.0
WECC_PNW,optional_564_0,wind,0.0,0.0
WECC_PNW,optional_565_0,wind,0.0,0.0
WECC_PNW,optional_566_0,wind,0.0,0.0
WECC_PNW,optional_567_0,wind,0.0,0.0
WECC_PNW,optional_568_0,wind,0.0,0.0
WECC_PNW,optional_569_0,wind,0.0,0.0
WECC_PNW,optional_569_1,wind,0.0,0.0
WECC_PNW,optional_569_2,wind,0.0,0.0
WECC_PNW,optional_570_0,wind,0.0,0.0
WECC_PNW,optional_570_1,wind,0.0,0.0
WECC_PNW,optional_570_2,wind,0.0,0.0
WECC_PNW,optional_570_3,wind,0.0,0.0
WECC_PNW,optional_570_4,wind,0.0,0.0
WECC_PNW,optional_570_5,wind,0.0,0.0
WECC_PNW,optional_571_0,wind,0.0,0.0
WECC_PNW,optional_571_1,wind,0.0,0.0
WECC_PNW,optional_571_2,wind,0.0,0.0
WECC_PNW,optional_571_3,wind,0.0,0.0
WECC_PNW,optional_571_4,wind,0.0,0.0
WECC_PNW,optional_571_5,wind,0.0,0.0
WECC_PNW,optional_572_0,wind,0.0,0.0
WECC_PNW,optional_573_0,wind,0.0,0.0
WECC_PNW,optional_574_0,wind,0.0,0.0
WECC_PNW,optional_575_0,wind,0.0,0.0
WECC_PNW,optional_576_0,wind,0.0,0.0
WECC_PNW,optional_577_0,wind,0.0,0.0
WECC_PNW,optional_577_1,wind,0.0,0.0
WECC_PNW,optional_578_0,wind,0.0,0.0
WECC_PNW,optional_578_1,wind,0.0,0.0
WECC_PNW,optional_578_2,wind,0.0,0.0
WECC_PNW,optional_578_3,wind,0.0,0.0
WECC_PNW,optional_578_4,wind,0.0,0.0
WECC_PNW,optional_578_5,wind,0.0,0.0
WECC_PNW,optional_579_0,wind,0.0,0.0
WECC_PNW,optional_579_1,wind,0.0,0.0
WECC_PNW,optional_579_2,wind,0.0,0.0
WECC_PNW,optional_579_3,wind,0.0,0.0
WECC_PNW,optional_579_4,wind,0.0,0.0
WECC_PNW,optional_579_5,wind,0.0,0.0
WECC_PNW,optional_839_0,solar,0.0,0.0
WECC_PNW,optional_840_0,solar,0.0,0.0
WECC_PNW,optional_840_1,solar,0.0,0.0
WECC_PNW,optional_841_0,solar,0.0,0.0
WECC_PNW,optional_841_1,solar,0.0,0.0
WECC_PNW,optional_841_2,solar,0.0,0.0
WECC_PNW,optional_841_3,solar,0.0,0.0
WECC_PNW,optional_841_4,solar,0.0,0.0
WECC_PNW,optional_841_5,solar,0.0,0.0
WECC_PNW,optional_842_0,solar,0.0,0.0
WECC_PNW,optional_842_1,solar,0.0,0.0
WECC_PNW,optional_842_2,solar,0.0,0.0
WECC_PNW,optional_842_3,solar,0.0,0.0
WECC_PNW,optional_842_4,solar,0.0,0.0
WECC_PNW,optional_842_5,solar,0.0,0.0
WECC_PNW,optional_843_0,solar,0.0,0.0
WECC_PNW,optional_843_1,solar,0.0,0.0
WECC_PNW,optional_844_0,solar,0.0,0.0
WECC_PNW,optional_845_0,solar,0.0,0.0
WECC_PNW,optional_845_1,solar,0.0,0.0
WECC_PNW,optional_845_2,solar,0.0,0.0
WECC_PNW,optional_845_3,solar,0.0,0.0
WECC_PNW,optional_845_4,solar,0.0,0.0
WECC_PNW,optional_845_5,solar,0.0,0.0
WECC_PNW,optional_846_0,solar,0.0,0.0
WECC_PNW,optional_846_1,solar,0.0,0.0
WECC_PNW,optional_846_2,solar,0.0,0.0
WECC_PNW,optional_846_3,solar,0.0,0.0
WECC_PNW,optional_846_4,solar,0.0,0.0
WECC_PNW,optional_846_5,solar,0.0,0.0
WECC_PNW,optional_847_0,solar,0.0,0.0
WECC_PNW,optional_847_1,solar,0.0,0.0
WECC_PNW,optional_847_2,solar,0.0,0.0
WECC_PNW,optional_847_3,solar,0.0,0.0
WECC_PNW,optional_847_4,solar,0.0,0.0
WECC_PNW,optional_847_5,solar,0.0,0.0
WECC_PNW,optional_848_0,solar,0.0,0.0
WECC_PNW,optional_848_1,solar,0.0,0.0
WECC_PNW,optional_848_2,solar,0.0,0.0
WECC_PNW,optional_848_3,solar,0.0,0.0
WECC_PNW,optional_848_4,solar,0.0,0.0
WECC_PNW,optional_848_5,solar,0.0,0.0
WECC_PNW,optional_849_0,solar,0.0,0.0
WECC_PNW,optional_849_1,solar,0.0,0.0
WECC_PNW,optional_849_2,solar,0.0,0.0
WECC_PNW,optional_849_3,solar,0.0,0.0
WECC_PNW,optional_849_4,solar,0.0,0.0
WECC_PNW,optional_849_5,solar,0.0,0.0
WECC_SCE,installed_57,wind,3766682946578.6885,6227981.0624647625
WECC_SCE,installed_314,waste,7462451614464.001,12338709.680000002
WECC_SCE,installed_352,solar,4357411200000.0,7204714.285714285
WECC_SCE,installed_353,solar,4357411200000.0,7204714.285714285
WECC_SCE,installed_354,solar,4357411200000.0,7204714.285714285
WECC_SCE,installed_355,solar,4357411200000.0,7204714.285714285
WECC_SCE,installed_356,solar,4357411200000.0,7204714.285714285
WECC_SCE,installed_490,non-fossil,18567360000000.0,30700000.0
WECC_SCE,installed_534,waste,500185945929.5999,827027.0269999999
WECC_SCE,installed_535,waste,500185945929.5999,827027.0269999999
WECC_SCE,installed_536,waste,500185945929.5999,827027.0269999999
WECC_SCE,installed_4405,hydro,508032000000.0,840000.0
WECC_SCE,installed_4406,hydro,604800000000.0,1000000.0
WECC_SCE,installed_4407,hydro,1451520000000.0,2400000.0
WECC_SCE,installed_6087,wind,2364194615388.48,3909051.943433333
WECC_SCE,installed_6180,wind,6211019753807.039,10269543.243728569
WECC_SCE,installed_6288,wind,8695427654517.12,14377360.539876191
WECC_SCE,installed_6289,wind,1362417236083.008,2252674.00146
WECC_SCE,installed_6323,wind,19995476491002.242,33061303.72189524
WECC_SCE,installed_6410,natural gas,10800000000.0,17857.14285714286
WECC_SCE,installed_6411,natural gas,1512000000000.0,2500000.0
WECC_SCE,installed_6412,natural gas,10800000000.0,17857.14285714286
WECC_SCE,installed_6579,wind,10017773793054.719,16563779.41973333
WECC_SCE,installed_6580,wind,12021328552478.402,19876535.30502381
WECC_SCE,installed_6827,wind,9416707366446.72,15569952.656161908
WECC_SCE,installed_6828,wind,9015996415374.72,14907401.480447622
WECC_SCE,installed_6835,wind,8815640939838.719,14576125.892590474
WECC_SCE,installed_6836,wind,7373081511915.839,12190941.653299998
WECC_SCE,installed_6839,wind,721279713148.704,1192592.1183014284
WECC_SCE,installed_7050,wind,6411375229343.04,10600818.831585715
WECC_SCE,installed_7323,wind,3646469660850.72,6029215.709078572
WECC_SCE,installed_7324,wind,3846825136793.088,6360491.297607619
WECC_SCE,installed_7377,wind,2925189947702.016,4836623.590777143
WECC_SCE,installed_7378,wind,2163839139446.1113,3577776.3549042847
WECC_SCE,installed_7379,wind,4648247040562.56,7685593.65172381
WECC_SCE,installed_8499,wind,16028438071325.76,26502047.075604763
WECC_SCE,installed_8850,waste,794412973267.2002,1313513.5140000004
WECC_SCE,installed_9080,waste,294227026732.7999,486486.4859999999
WECC_SCE,installed_9420,waste,382495134873.60004,632432.432
WECC_SCE,installed_9421,waste,382495134873.60004,632432.432
WECC_SCE,installed_11507,wind,3205687613858.7837,5300409.414449046
WECC_SCE,installed_11657,natural gas,131040000000.0,216666.66666666666
WECC_SCE,installed_11806,solar,60417674342.15039,99896.9483170476
WECC_SCE,installed_11807,solar,60417674342.15039,99896.9483170476
WECC_SCE,installed_11808,solar,60417674342.15039,99896.9483170476
WECC_SCE,installed_11809,solar,60417674342.15039,99896.9483170476
WECC_SCE,installed_11810,solar,60417674342.15039,99896.9483170476
WECC_SCE,installed_11811,solar,60417674342.15039,99896.9483170476
WECC_SCE,installed_11812,solar,60417674342.15039,99896.9483170476
WECC_SCE,installed_11813,solar,60417674342.15039,99896.9483170476
WECC_SCE,installed_11814,solar,60417674342.15039,99896.9483170476
WECC_SCE,installed_11815,solar,60417674342.15039,99896.9483170476
WECC_SCE,installed_11816,solar,60417674342.15039,99896.9483170476
WECC_SCE,installed_11817,solar,60417674342.15039,99896.9483170476
WECC_SCE,installed_11818,solar,60417674342.15039,99896.9483170476
WECC_SCE,installed_11819,solar,60417674342.15039,99896.9483170476
WECC_SCE,installed_11820,solar,60417674342.15039,99896.9483170476
WECC_SCE,installed_11821,solar,60417674342.15039,99896.9483170476
WECC_SCE,installed_11844,wind,721279713148.704,1192592.1183014284
WECC_SCE,installed_14002,solar,181253023147.4904,299690.8451512738
WECC_SCE,installed_14003,solar,181253023147.4904,299690.8451512738
WECC_SCE,installed_14004,solar,181253023147.4904,299690.8451512738
WECC_SCE,installed_14064,non-fossil,604800000000.0,1000000.0
WECC_SCE,installed_14268,battery,1622226349883.8704,2682252.5626386744
WECC_SCE,installed_14777,natural gas,0.0,0.0
WECC_SCE,installed_14977,wind,6451446324450.239,10667073.949157141
WECC_SCE,installed_17344,natural gas,7005083171144.494,11582478.788268013
WECC_SCE,installed_18565,natural gas,5246685941333.613,8675075.961199757
WECC_SCE,installed_18568,natural gas,0.0,0.0
WECC_SCE,installed_18571,geothermal,209911564800000.0,347076000.0
WECC_SCE,installed_18574,hydro,8140569534720.003,13459936.400000004
WECC_SCE,installed_18575,waste,967680000000.0,1600000.0
WECC_SCE,installed_18578,battery,45239023945809.37,74799973.45537263
WECC_SCE,installed_18602,wind,84898402560000.0,140374342.85714287
WECC_SCE,installed_18603,wind,18749819520000.0,31001685.714285713
WECC_SCE,installed_18604,wind,55688670720000.0,92077828.57142857
WECC_SCE,installed_18605,wind,108939133440000.0,180124228.57142857
WECC_SCE,installed_18606,wind,364463331840000.0,602617942.8571428
WECC_SCE,installed_18607,wind,1008410319360000.0,1667345104.7619047
WECC_SCE,installed_18614,solar,289607492067840.0,478848366.5142857
WECC_SCE,installed_18615,solar,301466622389760.0,498456716.9142858
WECC_SCE,installed_18907,natural gas,0.0,0.0
WECC_SCE,optional_580_0,wind,0.0,0.0
WECC_SCE,optional_581_0,wind,0.0,0.0
WECC_SCE,optional_582_0,wind,0.0,0.0
WECC_SCE,optional_583_0,wind,0.0,0.0
WECC_SCE,optional_584_0,wind,0.0,0.0
WECC_SCE,optional_585_0,wind,0.0,0.0
WECC_SCE,optional_585_1,wind,0.0,0.0
WECC_SCE,optional_586_0,wind,0.0,0.0
WECC_SCE,optional_586_1,wind,0.0,0.0
WECC_SCE,optional_586_2,wind,0.0,0.0
WECC_SCE,optional_586_3,wind,0.0,0.0
WECC_SCE,optional_586_4,wind,0.0,0.0
WECC_SCE,optional_587_0,wind,0.0,0.0
WECC_SCE,optional_587_1,wind,0.0,0.0
WECC_SCE,optional_587_2,wind,0.0,0.0
WECC_SCE,optional_587_3,wind,0.0,0.0
WECC_SCE,optional_587_4,wind,0.0,0.0
WECC_SCE,optional_587_5,wind,0.0,0.0
WECC_SCE,optional_850_0,solar,0.0,0.0
WECC_SCE,optional_851_0,solar,0.0,0.0
WECC_SCE,optional_851_1,solar,0.0,0.0
WECC_SCE,optional_851_2,solar,0.0,0.0
WECC_SCE,optional_851_3,solar,0.0,0.0
WECC_SCE,optional_851_4,solar,0.0,0.0
WECC_SCE,optional_851_5,solar,0.0,0.0
WECC_SCE,optional_852_0,solar,0.0,0.0
WECC_SCE,optional_852_1,solar,0.0,0.0
WECC_SCE,optional_852_2,solar,0.0,0.0
WECC_SCE,optional_852_3,solar,0.0,0.0
WECC_SCE,optional_852_4,solar,0.0,0.0
WECC_SCE,optional_852_5,solar,0.0,0.0
WECC_SCE,optional_853_0,solar,0.0,0.0
WECC_SCE,optional_853_1,solar,0.0,0.0
WECC_SCE,optional_853_2,solar,0.0,0.0
WECC_SCE,optional_853_3,solar,0.0,0.0
WECC_SCE,optional_853_4,solar,0.0,0.0
WECC_SCE,optional_853_5,solar,0.0,0.0
WECC_SNV,installed_629,natural gas,24796800000000.0,41000000.0
WECC_SNV,installed_630,natural gas,45647999999.99805,75476.19047618724
WECC_SNV,installed_631,natural gas,27216000000000.0,45000000.0
WECC_SNV,installed_632,natural gas,0.0,0.0
WECC_SNV,installed_633,natural gas,0.0,0.0
WECC_SNV,installed_634,natural gas,27204213960000.0,44980512.5
WECC_SNV,installed_635,natural gas,15724800000000.0,26000000.0
WECC_SNV,installed_636,natural gas,15724800000000.0,26000000.0
WECC_SNV,installed_1599,hydro,580608000000.0,960000.0
WECC_SNV,installed_1600,hydro,31449600000000.0,52000000.0
WECC_SNV,installed_1601,hydro,31449600000000.0,52000000.0
WECC_SNV,installed_1602,hydro,31449600000000.0,52000000.0
WECC_SNV,installed_1603,hydro,31449600000000.0,52000000.0
WECC_SNV,installed_1604,hydro,31449600000000.0,52000000.0
WECC_SNV,installed_1605,hydro,31449600000000.0,52000000.0
WECC_SNV,installed_1606,hydro,30723840000000.0,50800000.0
WECC_SNV,installed_1607,hydro,31449600000000.0,52000000.0
WECC_SNV,installed_2958,natural gas,51408000000000.0,85000000.0
WECC_SNV,installed_2959,natural gas,21900938399999.996,36211869.047619045
WECC_SNV,installed_2960,natural gas,31449600000000.0,52000000.0
WECC_SNV,installed_2961,natural gas,0.0,0.0
WECC_SNV,installed_2962,natural gas,5710288680000.0,9441614.88095238
WECC_SNV,installed_2963,natural gas,31449600000000.0,52000000.0
WECC_SNV,installed_2964,natural gas,0.0,0.0
WECC_SNV,installed_2965,natural gas,27040987374833.742,44710627.27320394
WECC_SNV,installed_2966,natural gas,0.0,0.0
WECC_SNV,installed_2967,natural gas,0.0,0.0
WECC_SNV,installed_2968,natural gas,0.0,0.0
WECC_SNV,installed_2969,natural gas,0.0,0.0
WECC_SNV,installed_2970,natural gas,31449600000000.0,52000000.0
WECC_SNV,installed_2971,natural gas,51408000000000.0,85000000.0
WECC_SNV,installed_2972,natural gas,23363360640000.0,38629895.23809524
WECC_SNV,installed_2973,natural gas,34108890120000.008,56396974.40476192
WECC_SNV,installed_2974,natural gas,0.0,0.0
WECC_SNV,installed_2975,natural gas,42935988312019.77,70992044.16669936
WECC_SNV,installed_2976,natural gas,44150400000000.0,73000000.0
WECC_SNV,installed_7061,natural gas,2282853960000.0,3774560.119047619
WECC_SNV,installed_7062,natural gas,21709497600000.0,35895333.333333336
WECC_SNV,installed_7063,natural gas,9835491600000.0,16262386.904761905
WECC_SNV,installed_7116,natural gas,6957644760000.0,11504042.261904761
WECC_SNV,installed_7117,natural gas,7030800000000.0,11625000.0
WECC_SNV,installed_7118,natural gas,13124160000000.0,21700000.0
WECC_SNV,installed_7119,natural gas,16113583791009.207,26642830.34227713
WECC_SNV,installed_7120,natural gas,5756400000000.0,9517857.142857144
WECC_SNV,installed_7121,natural gas,12324600000000.0,20377976.19047619
WECC_SNV,installed_7122,natural gas,12324600000000.0,20377976.19047619
WECC_SNV,installed_7123,natural gas,7016956920000.0,11602111.30952381
WECC_SNV,installed_7595,natural gas,44488800000000.0,73559523.8095238
WECC_SNV,installed_7596,natural gas,532800000000.0,880952.380952381
WECC_SNV,installed_7597,natural gas,0.0,0.0
WECC_SNV,installed_7844,natural gas,0.0,0.0
WECC_SNV,installed_7845,natural gas,0.0,0.0
WECC_SNV,installed_7846,natural gas,0.0,0.0
WECC_SNV,installed_8449,natural gas,4983120000000.0,8239285.714285715
WECC_SNV,installed_8450,natural gas,4415437442113.567,7300657.1463517975
WECC_SNV,installed_8451,natural gas,5600016000000.002,9259285.714285716
WECC_SNV,installed_8452,natural gas,4098815999999.998,6777142.8571428545
WECC_SNV,installed_8453,natural gas,0.0,0.0
WECC_SNV,installed_8454,natural gas,0.0,0.0
WECC_SNV,installed_8753,natural gas,31623933600000.0,52288250.0
WECC_SNV,installed_8754,natural gas,34659120599999.992,57306747.023809515
WECC_SNV,installed_8755,natural gas,0.0,0.0
WECC_SNV,installed_8949,natural gas,0.0,0.0
WECC_SNV,installed_8950,natural gas,0.0,0.0
WECC_SNV,installed_8951,natural gas,0.0,0.0
WECC_SNV,installed_9089,natural gas,94953600000000.0,157000000.0
WECC_SNV,installed_9090,natural gas,94953600000000.0,157000000.0
WECC_SNV,installed_9091,natural gas,87582462288259.45,144812272.30201632
WECC_SNV,installed_9750,solar,13484318400000.0,22295500.0
WECC_SNV,installed_10086,solar,971664120000.0,1606587.5
WECC_SNV,installed_10087,solar,1031153760000.0,1704950.0
WECC_SNV,installed_10088,solar,773365320000.0,1278712.5
WECC_SNV,installed_10928,solar,1982988000000.0,3278750.0
WECC_SNV,installed_11309,solar,1586390400000.0,2623000.0
WECC_SNV,installed_11310,solar,1982988000000.0,3278750.0
WECC_SNV,installed_11311,solar,1982988000000.0,3278750.0
WECC_SNV,installed_11312,solar,1982988000000.0,3278750.0
WECC_SNV,installed_11313,solar,1982988000000.0,3278750.0
WECC_SNV,installed_11553,natural gas,2030400000000.0,3357142.8571428573
WECC_SNV,installed_11554,natural gas,0.0,0.0
WECC_SNV,installed_11692,solar,9914940000000.0,16393750.0
WECC_SNV,installed_12221,solar,49574700000000.0,81968750.0
WECC_SNV,installed_12459,solar,5948964000000.0,9836250.0
WECC_SNV,installed_12460,solar,5948964000000.0,9836250.0
WECC_SNV,installed_12461,solar,6742159200000.0,11147750.0
WECC_SNV,installed_12462,solar,5948964000000.0,9836250.0
WECC_SNV,installed_12463,solar,5948964000000.0,9836250.0
WECC_SNV,installed_12997,solar,654386040000.0,1081987.5
WECC_SNV,installed_13012,solar,3965976000000.0,6557500.0
WECC_SNV,installed_13013,solar,5948964000000.0,9836250.0
WECC_SNV,installed_13084,solar,3965976000000.0,6557500.0
WECC_SNV,installed_13193,solar,5235088320000.0,8655900.0
WECC_SNV,installed_13194,solar,5532536520000.0,9147712.5
WECC_SNV,installed_13195,solar,7376715360000.0,12196950.0
WECC_SNV,installed_13196,solar,7079267160000.0,11705137.5
WECC_SNV,installed_13197,solar,6940458000000.0,11475625.0
WECC_SNV,installed_13198,solar,7257736080000.0,12000225.0
WECC_SNV,installed_13199,solar,6940458000000.0,11475625.0
WECC_SNV,installed_13200,solar,3212440560000.0,5311575.0
WECC_SNV,installed_13490,solar,5155768800000.0,8524750.0
WECC_SNV,installed_13491,solar,4164274800000.0,6885375.0
WECC_SNV,installed_13492,solar,5354067600000.0,8852625.0
WECC_SNV,installed_13493,solar,5155768800000.0,8524750.0
WECC_SNV,installed_13494,solar,5552366400000.0,9180500.0
WECC_SNV,installed_13495,solar,4957470000000.0,8196875.0
WECC_SNV,installed_13496,solar,5155768800000.0,8524750.0
WECC_SNV,installed_13497,solar,5155768800000.0,8524750.0
WECC_SNV,installed_13498,solar,5155768800000.0,8524750.0
WECC_SNV,installed_13499,solar,4759171200000.0,7869000.0
WECC_SNV,installed_14007,solar,3470229000000.0,5737812.5
WECC_SNV,installed_14036,solar,991494000000.0,1639375.0
WECC_SNV,installed_14372,solar,2855502720000.0,4721400.0
WECC_SNV,installed_14453,solar,10271877840000.0,16983925.0
WECC_SNV,installed_14454,solar,8288889840000.0,13705175.0
WECC_SNV,installed_14468,solar,15665605200000.0,25902125.0
WECC_SNV,installed_14560,solar,2974482000000.0,4918125.0
WECC_SNV,installed_14927,solar,19829880000000.0,32787500.0
WECC_SNV,installed_15020,solar,297448200000.0,491812.5
WECC_SNV,installed_15022,solar,19829880000000.0,32787500.0
WECC_SNV,installed_15528,waste,1995840000000.0,3300000.0
WECC_SNV,installed_15529,waste,1995840000000.0,3300000.0
WECC_SNV,installed_15639,solar,9914940000000.0,16393750.0
WECC_SNV,installed_15904,solar,198298800000.0,327875.0
WECC_SNV,installed_16844,natural gas,44982831240000.0,74376374.40476191
WECC_SNV,installed_16845,natural gas,46112524920000.0,76244254.16666667
WECC_SNV,installed_16846,natural gas,0.0,0.0
WECC_SNV,installed_16847,natural gas,0.0,0.0
WECC_SNV,installed_16848,natural gas,0.0,0.0
WECC_SNV,installed_18739,solar,59489640000000.0,98362500.0
WECC_SNV,optional_588_0,wind,0.0,0.0
WECC_SNV,optional_589_0,wind,0.0,0.0
WECC_SNV,optional_590_0,wind,0.0,0.0
WECC_SNV,optional_591_0,wind,0.0,0.0
WECC_SNV,optional_591_1,wind,0.0,0.0
WECC_SNV,optional_591_2,wind,0.0,0.0
WECC_SNV,optional_854_0,solar,0.0,0.0
WECC_SNV,optional_854_1,solar,0.0,0.0
WECC_SNV,optional_854_2,solar,0.0,0.0
WECC_SNV,optional_854_3,solar,0.0,0.0
WECC_SNV,optional_854_4,solar,0.0,0.0
WECC_SNV,optional_854_5,solar,0.0,0.0
WECC_UT,installed_113,hydro,120960000000.0,200000.0
WECC_UT,installed_114,hydro,120960000000.0,200000.0
WECC_UT,installed_209,natural gas,362880000000.0,600000.0
WECC_UT,installed_210,natural gas,209520000000.0,346428.5714285714
WECC_UT,installed_211,natural gas,362880000000.0,600000.0
WECC_UT,installed_1687,hydro,241920000000.0,400000.0
WECC_UT,installed_3946,geothermal,13910400000000.0,23000000.0
WECC_UT,installed_3947,geothermal,6652800000000.0,11000000.0
WECC_UT,installed_4912,hydro,314496000000.0,520000.0
WECC_UT,installed_4913,hydro,290304000000.0,480000.0
WECC_UT,installed_4914,hydro,3628800000000.0,6000000.0
WECC_UT,installed_4915,hydro,3628800000000.0,6000000.0
WECC_UT,installed_4916,oil,0.0,0.0
WECC_UT,installed_4917,oil,0.0,0.0
WECC_UT,installed_4918,oil,0.0,0.0
WECC_UT,installed_4919,natural gas,23587200000000.0,39000000.0
WECC_UT,installed_4920,natural gas,19375200000000.0,32035714.285714287
WECC_UT,installed_4921,natural gas,19214717577796.83,31770366.36540481
WECC_UT,installed_4924,hydro,290304000000.0,480000.0
WECC_UT,installed_4925,hydro,556416000000.0,920000.0
WECC_UT,installed_4926,hydro,556416000000.0,920000.0
WECC_UT,installed_4927,hydro,1306368000000.0,2160000.0
WECC_UT,installed_4928,hydro,483840000000.0,800000.0
WECC_UT,installed_4929,hydro,483840000000.0,800000.0
WECC_UT,installed_4930,hydro,120960000000.0,200000.0
WECC_UT,installed_4931,hydro,120960000000.0,200000.0
WECC_UT,installed_4932,hydro,290304000000.0,480000.0
WECC_UT,installed_4933,hydro,483840000000.0,800000.0
WECC_UT,installed_4934,natural gas,0.0,0.0
WECC_UT,installed_4935,natural gas,4305600000000.0,7119047.619047619
WECC_UT,installed_4936,natural gas,6955200000000.0,11500000.0
WECC_UT,installed_4937,hydro,120960000000.0,200000.0
WECC_UT,installed_4938,hydro,120960000000.0,200000.0
WECC_UT,installed_4939,hydro,120960000000.0,200000.0
WECC_UT,installed_4940,hydro,169344000000.0,280000.0
WECC_UT,installed_4941,hydro,169344000000.0,280000.0
WECC_UT,installed_4942,hydro,96768000000.0,160000.0
WECC_UT,installed_4943,hydro,193536000000.0,320000.0
WECC_UT,installed_4944,hydro,241920000000.0,400000.0
WECC_UT,installed_4945,hydro,411264000000.0,680000.0
WECC_UT,installed_4946,hydro,411264000000.0,680000.0
WECC_UT,installed_4947,hydro,48384000000.0,80000.0
WECC_UT,installed_4948,hydro,483840000000.0,800000.0
WECC_UT,installed_4949,hydro,483840000000.0,800000.0
WECC_UT,installed_4950,hydro,459648000000.0,760000.0
WECC_UT,installed_4951,hydro,338688000000.0,560000.0
WECC_UT,installed_4952,hydro,338688000000.0,560000.0
WECC_UT,installed_4953,hydro,338688000000.0,560000.0
WECC_UT,installed_4954,hydro,145152000000.0,240000.0
WECC_UT,installed_4955,hydro,145152000000.0,240000.0
WECC_UT,installed_5715,natural gas,0.0,0.0
WECC_UT,installed_5716,natural gas,0.0,0.0
WECC_UT,installed_5717,natural gas,0.0,0.0
WECC_UT,installed_5732,hydro,241920000000.0,400000.0
WECC_UT,installed_5733,hydro,411264000000.0,680000.0
WECC_UT,installed_5734,hydro,411264000000.0,680000.0
WECC_UT,installed_6692,coal,30844800000000.0,51000000.0
WECC_UT,installed_6767,hydro,556416000000.0,920000.0
WECC_UT,installed_8862,natural gas,15327609712351.314,25343270.027035903
WECC_UT,installed_8863,natural gas,0.0,0.0
WECC_UT,installed_8864,natural gas,0.0,0.0
WECC_UT,installed_8865,natural gas,0.0,0.0
WECC_UT,installed_8866,natural gas,13835999571838.684,22876983.41904544
WECC_UT,installed_9331,natural gas,59493502895018.28,98368887.06186885
WECC_UT,installed_9332,natural gas,58776281322785.47,97183004.83264792
WECC_UT,installed_9333,natural gas,26788416530717.34,44293016.7505247
WECC_UT,installed_9414,natural gas,0.0,0.0
WECC_UT,installed_9415,non-fossil,19232640000000.0,31800000.0
WECC_UT,installed_9425,natural gas,19928070878454.27,32949852.642946873
WECC_UT,installed_9426,natural gas,32272345635307.61,53360359.84673877
WECC_UT,installed_9508,natural gas,0.0,0.0
WECC_UT,installed_9509,natural gas,0.0,0.0
WECC_UT,installed_9510,natural gas,0.0,0.0
WECC_UT,installed_9511,natural gas,0.0,0.0
WECC_UT,installed_9512,natural gas,0.0,0.0
WECC_UT,installed_9513,natural gas,0.0,0.0
WECC_UT,installed_9552,natural gas,18243389391053.605,30164334.310604505
WECC_UT,installed_9553,natural gas,0.0,0.0
WECC_UT,installed_9955,natural gas,0.0,0.0
WECC_UT,installed_9956,natural gas,4114116000000.0,6802440.476190476
WECC_UT,installed_10072,waste,483840000000.0,800000.0
WECC_UT,installed_10073,waste,483840000000.0,800000.0
WECC_UT,installed_10074,waste,907200000000.0,1500000.0
WECC_UT,installed_10620,wind,6087810960000.0,10065825.0
WECC_UT,installed_10740,waste,907200000000.0,1500000.0
WECC_UT,installed_10741,waste,907200000000.0,1500000.0
WECC_UT,installed_10742,waste,907200000000.0,1500000.0
WECC_UT,installed_11174,wind,65548652400000.0,108380708.33333333
WECC_UT,installed_11195,wind,32854852800000.0,54323500.0
WECC_UT,installed_11561,geothermal,8467200000000.0,14000000.0
WECC_UT,installed_12305,natural gas,218880000000.0,361904.7619047619
WECC_UT,installed_12306,natural gas,0.0,0.0
WECC_UT,installed_12307,natural gas,0.0,0.0
WECC_UT,installed_12308,natural gas,704520000000.0,1164880.9523809524
WECC_UT,installed_12309,natural gas,0.0,0.0
WECC_UT,installed_12310,natural gas,772920000000.0,1277976.1904761905
WECC_UT,installed_12311,natural gas,704520000000.0,1164880.9523809524
WECC_UT,installed_12312,natural gas,0.0,0.0
WECC_UT,installed_12441,solar,117359381764.04399,194046.5968320833
WECC_UT,installed_12442,solar,73349613564.9984,121279.12295799999
WECC_UT,installed_12567,non-fossil,907200000000.0,1500000.0
WECC_UT,installed_12568,non-fossil,907200000000.0,1500000.0
WECC_UT,installed_12578,natural gas,0.0,0.0
WECC_UT,installed_13116,geothermal,7560000000000.0,12500000.0
WECC_UT,installed_13117,geothermal,7560000000000.0,12500000.0
WECC_UT,installed_13147,solar,440097681690.22314,727674.7382444165
WECC_UT,installed_13148,solar,440097681690.22314,727674.7382444165
WECC_UT,installed_13150,solar,440097681690.22314,727674.7382444165
WECC_UT,installed_13151,solar,440097681690.22314,727674.7382444165
WECC_UT,installed_13152,solar,440097681690.22314,727674.7382444165
WECC_UT,installed_13153,solar,322738299926.1792,533628.1414123334
WECC_UT,installed_13154,solar,440097681690.22314,727674.7382444165
WECC_UT,installed_13215,solar,11735938177905.562,19404659.685690414
WECC_UT,installed_13898,natural gas,2246400000000.0,3714285.714285714
WECC_UT,installed_13899,natural gas,1417841732639.5044,2344315.034126165
WECC_UT,installed_13981,solar,11735938177905.562,19404659.685690414
WECC_UT,installed_13982,solar,11735938177905.562,19404659.685690414
WECC_UT,installed_13983,solar,11735938177905.562,19404659.685690414
WECC_UT,installed_13984,solar,11735938177905.562,19404659.685690414
WECC_UT,installed_14220,solar,425427759007.24677,703418.9137024583
WECC_UT,installed_14265,natural gas,698400000000.0,1154761.9047619049
WECC_UT,installed_14266,natural gas,748800000000.0,1238095.238095238
WECC_UT,installed_14267,natural gas,0.0,0.0
WECC_UT,installed_14317,solar,7334961361003.332,12127912.30324625
WECC_UT,installed_14421,solar,440097681690.22314,727674.7382444165
WECC_UT,installed_14422,solar,440097681690.22314,727674.7382444165
WECC_UT,installed_14457,wind,547580880000.0,905391.6666666666
WECC_UT,installed_14458,solar,220048840845.11157,363837.36912220827
WECC_UT,installed_14569,solar,440097681690.22314,727674.7382444165
WECC_UT,installed_14580,solar,11735938177905.562,19404659.685690414
WECC_UT,installed_14584,solar,7393641052635.937,12224935.602903333
WECC_UT,installed_14585,solar,11735938177905.562,19404659.685690414
WECC_UT,installed_14600,solar,440097681690.22314,727674.7382444165
WECC_UT,installed_14607,wind,20002807440000.0,33073425.0
WECC_UT,installed_15013,waste,362880000000.0,600000.0
WECC_UT,installed_15014,waste,423360000000.0,700000.0
WECC_UT,installed_15015,waste,544320000000.0,900000.0
WECC_UT,installed_15095,non-fossil,5080320000000.0,8400000.0
WECC_UT,installed_15115,solar,11735938177905.562,19404659.685690414
WECC_UT,installed_15128,solar,7334961361003.332,12127912.30324625
WECC_UT,installed_15561,solar,190708995329.04242,315325.71979008336
WECC_UT,installed_15640,solar,2933984544101.1,4851164.920802084
WECC_UT,installed_15850,solar,440097681690.22314,727674.7382444165
WECC_UT,installed_15857,solar,440097681690.22314,727674.7382444165
WECC_UT,installed_15858,solar,440097681690.22314,727674.7382444165
WECC_UT,installed_16115,coal,266633111933918.7,440861626.8748656
WECC_UT,installed_16116,coal,260064000000000.0,430000000.0
WECC_UT,installed_16117,coal,271671747751468.44,449192704.6155232
WECC_UT,installed_16356,hydro,653184000000.0,1080000.0
WECC_UT,installed_16357,hydro,653184000000.0,1080000.0
WECC_UT,installed_16358,hydro,12241152000000.0,20240000.0
WECC_UT,installed_16359,hydro,12241152000000.0,20240000.0
WECC_UT,installed_16360,hydro,12241152000000.0,20240000.0
WECC_UT,installed_16472,coal,541080000000000.0,894642857.1428572
WECC_UT,installed_16473,coal,534053260718372.8,883024571.2936058
WECC_UT,installed_16533,hydro,580608000000.0,960000.0
WECC_UT,installed_16534,hydro,580608000000.0,960000.0
WECC_UT,installed_16769,hydro,266112000000.0,440000.0
WECC_UT,installed_16781,natural gas,0.0,0.0
WECC_UT,installed_16782,natural gas,0.0,0.0
WECC_UT,installed_16783,natural gas,0.0,0.0
WECC_UT,installed_16784,natural gas,0.0,0.0
WECC_UT,installed_16785,natural gas,924886468886.4208,1529243.5001428914
WECC_UT,installed_16786,natural gas,0.0,0.0
WECC_UT,installed_16799,hydro,749952000000.0,1240000.0
WECC_UT,installed_16800,hydro,749952000000.0,1240000.0
WECC_UT,installed_16842,oil,0.0,0.0
WECC_UT,installed_16843,oil,0.0,0.0
WECC_UT,installed_16864,natural gas,519120000000.0,858333.3333333334
WECC_UT,installed_16865,natural gas,663480000000.0,1097023.8095238095
WECC_UT,installed_16866,natural gas,0.0,0.0
WECC_UT,installed_16867,natural gas,231840000000.0,383333.3333333333
WECC_UT,installed_16868,natural gas,0.0,0.0
WECC_UT,installed_16869,natural gas,715778640000.0,1183496.4285714286
WECC_UT,installed_16870,natural gas,264600000000.0,437500.0
WECC_UT,installed_16871,natural gas,254520000000.0,420833.3333333333
WECC_UT,installed_16872,natural gas,0.0,0.0
WECC_UT,installed_16895,hydro,435456000000.0,720000.0
WECC_UT,installed_17179,natural gas,0.0,0.0
WECC_UT,installed_17180,natural gas,0.0,0.0
WECC_UT,installed_17181,natural gas,590400000000.0,976190.4761904762
WECC_UT,installed_17182,natural gas,0.0,0.0
WECC_UT,installed_17292,hydro,362880000000.0,600000.0
WECC_UT,installed_17293,hydro,145152000000.0,240000.0
WECC_UT,installed_17426,oil,0.0,0.0
WECC_UT,installed_17427,oil,0.0,0.0
WECC_UT,installed_17428,oil,0.0,0.0
WECC_UT,installed_17429,oil,0.0,0.0
WECC_UT,installed_17430,oil,0.0,0.0
WECC_UT,installed_17431,oil,0.0,0.0
WECC_UT,installed_17473,coal,245040897308394.34,405160213.80356205
WECC_UT,installed_17977,natural gas,43200000000.0,71428.57142857143
WECC_UT,installed_17978,natural gas,0.0,0.0
WECC_UT,installed_17979,natural gas,0.0,0.0
WECC_UT,installed_18080,coal,270974699257943.4,448040177.34448314
WECC_UT,installed_18081,coal,272160000000000.0,450000000.0
WECC_UT,installed_18216,solar,2933984544101.1,4851164.920802084
WECC_UT,installed_18310,hydro,145152000000.0,240000.0
WECC_UT,installed_18311,hydro,483840000000.0,800000.0
WECC_UT,installed_18876,oil,0.0,0.0
WECC_UT,installed_18877,solar,8646704640000.0,14296800.0
WECC_UT,optional_592_0,wind,0.0,0.0
WECC_UT,optional_593_0,wind,0.0,0.0
WECC_UT,optional_594_0,wind,0.0,0.0
WECC_UT,optional_595_0,wind,0.0,0.0
WECC_UT,optional_596_0,wind,0.0,0.0
WECC_UT,optional_597_0,wind,0.0,0.0
WECC_UT,optional_597_1,wind,0.0,0.0
WECC_UT,optional_598_0,wind,0.0,0.0
WECC_UT,optional_598_1,wind,0.0,0.0
WECC_UT,optional_598_2,wind,0.0,0.0
WECC_UT,optional_598_3,wind,0.0,0.0
WECC_UT,optional_598_4,wind,0.0,0.0
WECC_UT,optional_598_5,wind,0.0,0.0
WECC_UT,optional_599_0,wind,0.0,0.0
WECC_UT,optional_599_1,wind,0.0,0.0
WECC_UT,optional_599_2,wind,0.0,0.0
WECC_UT,optional_599_3,wind,0.0,0.0
WECC_UT,optional_599_4,wind,0.0,0.0
WECC_UT,optional_599_5,wind,0.0,0.0
WECC_UT,optional_855_0,solar,0.0,0.0
WECC_UT,optional_855_1,solar,0.0,0.0
WECC_UT,optional_855_2,solar,0.0,0.0
WECC_UT,optional_855_3,solar,0.0,0.0
WECC_UT,optional_855_4,solar,0.0,0.0
WECC_UT,optional_855_5,solar,0.0,0.0
WECC_UT,optional_856_0,solar,0.0,0.0
WECC_UT,optional_856_1,solar,0.0,0.0
WECC_UT,optional_856_2,solar,0.0,0.0
WECC_UT,optional_856_3,solar,0.0,0.0
WECC_UT,optional_856_4,solar,0.0,0.0
WECC_UT,optional_856_5,solar,0.0,0.0
WECC_UT,optional_857_0,solar,0.0,0.0
WECC_UT,optional_857_1,solar,0.0,0.0
WECC_UT,optional_857_2,solar,0.0,0.0
WECC_UT,optional_857_3,solar,0.0,0.0
WECC_UT,optional_857_4,solar,0.0,0.0
WECC_UT,optional_857_5,solar,0.0,0.0
WECC_UT,optional_858_0,solar,0.0,0.0
WECC_UT,optional_858_1,solar,0.0,0.0
WECC_UT,optional_858_2,solar,0.0,0.0
WECC_UT,optional_858_3,solar,0.0,0.0
WECC_UT,optional_858_4,solar,0.0,0.0
WECC_UT,optional_858_5,solar,0.0,0.0
WECC_UT,optional_859_0,solar,0.0,0.0
WECC_UT,optional_859_1,solar,0.0,0.0
WECC_UT,optional_859_2,solar,0.0,0.0
WECC_UT,optional_859_3,solar,0.0,0.0
WECC_UT,optional_859_4,solar,0.0,0.0
WECC_UT,optional_859_5,solar,0.0,0.0
WECC_WY,installed_1,coal,331115814976619.5,547479852.8052572
WECC_WY,installed_5,coal,318528390781440.06,526667312.80000013
WECC_WY,installed_2730,oil,0.0,0.0
WECC_WY,installed_2731,oil,0.0,0.0
WECC_WY,installed_2833,oil,0.0,0.0
WECC_WY,installed_2834,oil,0.0,0.0
WECC_WY,installed_2835,oil,0.0,0.0
WECC_WY,installed_2836,oil,0.0,0.0
WECC_WY,installed_2837,oil,0.0,0.0
WECC_WY,installed_2838,oil,0.0,0.0
WECC_WY,installed_4481,natural gas,0.0,0.0
WECC_WY,installed_4482,natural gas,0.0,0.0
WECC_WY,installed_4483,natural gas,0.0,0.0
WECC_WY,installed_4484,natural gas,0.0,0.0
WECC_WY,installed_4485,natural gas,0.0,0.0
WECC_WY,installed_4486,natural gas,0.0,0.0
WECC_WY,installed_4487,natural gas,0.0,0.0
WECC_WY,installed_4488,natural gas,0.0,0.0
WECC_WY,installed_5667,coal,50355546018059.45,83259831.37906656
WECC_WY,installed_5668,coal,51419295828509.445,85018676.96512805
WECC_WY,installed_5669,coal,0.0,0.0
WECC_WY,installed_5670,coal,5463819953280.0,9034093.838095238
WECC_WY,installed_5674,coal,30258932246133.2,50031303.31701918
WECC_WY,installed_5675,coal,98174699434874.39,162325891.92274204
WECC_WY,installed_5676,oil,0.0,0.0
WECC_WY,installed_5678,hydro,8080128000000.0,13360000.0
WECC_WY,installed_5679,hydro,8080128000000.0,13360000.0
WECC_WY,installed_5680,hydro,4596480000000.0,7600000.0
WECC_WY,installed_5681,hydro,4596480000000.0,7600000.0
WECC_WY,installed_5682,hydro,774144000000.0,1280000.0
WECC_WY,installed_5683,hydro,774144000000.0,1280000.0
WECC_WY,installed_5685,hydro,2951424000000.0,4880000.0
WECC_WY,installed_5686,hydro,2951424000000.0,4880000.0
WECC_WY,installed_5687,hydro,2951424000000.0,4880000.0
WECC_WY,installed_5688,hydro,4161024000000.0,6880000.0
WECC_WY,installed_5689,hydro,4161024000000.0,6880000.0
WECC_WY,installed_5690,hydro,4161024000000.0,6880000.0
WECC_WY,installed_5691,hydro,725760000000.0,1200000.0
WECC_WY,installed_5692,hydro,2709504000000.0,4480000.0
WECC_WY,installed_6312,hydro,2080512000000.0,3440000.0
WECC_WY,installed_6313,hydro,2080512000000.0,3440000.0
WECC_WY,installed_8703,natural gas,0.0,0.0
WECC_WY,installed_8704,natural gas,0.0,0.0
WECC_WY,installed_8705,coal,0.0,0.0
WECC_WY,installed_8851,wind,9863914320000.0,16309382.142857144
WECC_WY,installed_8852,wind,428865840000.0,709103.5714285715
WECC_WY,installed_8853,wind,5908818240000.0,9769871.42857143
WECC_WY,installed_8854,wind,4002747840000.0,6618300.0
WECC_WY,installed_9002,wind,11912940000000.0,19697321.42857143
WECC_WY,installed_9319,wind,34309267200000.0,56728285.71428572
WECC_WY,installed_9336,wind,7147764000000.0,11818392.857142856
WECC_WY,installed_9648,coal,0.0,0.0
WECC_WY,installed_10117,coal,0.0,0.0
WECC_WY,installed_10146,coal,0.0,0.0
WECC_WY,installed_10621,wind,14533786800000.0,24030732.14285714
WECC_WY,installed_10622,wind,19060704000000.0,31515714.285714287
WECC_WY,installed_10720,wind,23587621200000.0,39000696.428571425
WECC_WY,installed_10721,wind,9292093200000.0,15363910.714285715
WECC_WY,installed_10722,wind,23587621200000.0,39000696.428571425
WECC_WY,installed_10723,wind,23587621200000.0,39000696.428571425
WECC_WY,installed_10724,wind,4646046600000.0,7681955.357142857
WECC_WY,installed_10965,wind,7004808720000.0,11582025.0
WECC_WY,installed_11141,wind,6790375800000.0,11227473.214285715
WECC_WY,installed_11142,wind,23587621200000.0,39000696.428571425
WECC_WY,installed_11179,wind,23587621200000.0,39000696.428571425
WECC_WY,installed_11180,wind,10006869600000.0,16545750.0
WECC_WY,installed_11181,wind,4050399600000.0,6697089.285714285
WECC_WY,installed_11505,wind,26446726800000.0,43728053.571428575
WECC_WY,installed_11530,wind,47651760000000.0,78789285.71428572
WECC_WY,installed_11826,hydro,628992000000.0,1040000.0
WECC_WY,installed_12026,natural gas,0.0,0.0
WECC_WY,installed_12027,natural gas,0.0,0.0
WECC_WY,installed_12028,natural gas,0.0,0.0
WECC_WY,installed_12029,natural gas,0.0,0.0
WECC_WY,installed_12939,hydro,483840000000.0,800000.0
WECC_WY,installed_12940,hydro,483840000000.0,800000.0
WECC_WY,installed_14791,natural gas,0.0,0.0
WECC_WY,installed_14792,natural gas,0.0,0.0
WECC_WY,installed_14793,natural gas,0.0,0.0
WECC_WY,installed_14794,natural gas,0.0,0.0
WECC_WY,installed_14795,natural gas,0.0,0.0
WECC_WY,installed_14924,wind,19060704000000.0,31515714.285714287
WECC_WY,installed_15776,coal,73530991847906.0,121579020.912543
WECC_WY,installed_16213,coal,0.0,0.0
WECC_WY,installed_16214,coal,2212952262480.0,3658981.9154761904
WECC_WY,installed_16332,hydro,120960000000.0,200000.0
WECC_WY,installed_16333,hydro,120960000000.0,200000.0
WECC_WY,installed_16334,hydro,120960000000.0,200000.0
WECC_WY,installed_16335,hydro,193536000000.0,320000.0
WECC_WY,installed_16336,hydro,145152000000.0,240000.0
WECC_WY,installed_16337,hydro,72576000000.0,120000.0
WECC_WY,installed_16364,hydro,1209600000000.0,2000000.0
WECC_WY,installed_16365,hydro,5007744000000.0,8280000.0
WECC_WY,installed_16366,hydro,5007744000000.0,8280000.0
WECC_WY,installed_16737,wind,166781160000.0,275762.5
WECC_WY,installed_16738,wind,166781160000.0,275762.5
WECC_WY,installed_16739,wind,142955280000.0,236367.85714285713
WECC_WY,installed_16740,wind,142955280000.0,236367.85714285713
WECC_WY,installed_16741,wind,166781160000.0,275762.5
WECC_WY,installed_16742,wind,166781160000.0,275762.5
WECC_WY,installed_16743,wind,166781160000.0,275762.5
WECC_WY,installed_16744,wind,166781160000.0,275762.5
WECC_WY,installed_16745,wind,166781160000.0,275762.5
WECC_WY,installed_16801,oil,0.0,0.0
WECC_WY,installed_17107,hydro,1451520000000.0,2400000.0
WECC_WY,installed_17108,hydro,1451520000000.0,2400000.0
WECC_WY,installed_17109,hydro,1451520000000.0,2400000.0
WECC_WY,installed_17253,coal,31679128909719.07,52379512.08617572
WECC_WY,installed_17254,natural gas,0.0,0.0
WECC_WY,installed_17287,hydro,1088640000000.0,1800000.0
WECC_WY,installed_18005,natural gas,0.0,0.0
WECC_WY,installed_18006,natural gas,0.0,0.0
WECC_WY,installed_18007,natural gas,0.0,0.0
WECC_WY,installed_18014,natural gas,0.0,0.0
WECC_WY,installed_18015,natural gas,0.0,0.0
WECC_WY,installed_18016,natural gas,0.0,0.0
WECC_WY,installed_18019,natural gas,0.0,0.0
WECC_WY,installed_18020,natural gas,0.0,0.0
WECC_WY,installed_18021,natural gas,0.0,0.0
WECC_WY,installed_18066,coal,122590298888040.9,202695600.01329514
WECC_WY,installed_18067,coal,0.0,0.0
WECC_WY,installed_18068,coal,0.0,0.0
WECC_WY,installed_18925,solar,14719190400000.0,24337285.714285713
WECC_WY,optional_600_0,wind,0.0,0.0
WECC_WY,optional_601_0,wind,0.0,0.0
WECC_WY,optional_602_0,wind,0.0,0.0
WECC_WY,optional_602_1,wind,0.0,0.0
WECC_WY,optional_602_2,wind,0.0,0.0
WECC_WY,optional_602_3,wind,0.0,0.0
WECC_WY,optional_603_0,wind,0.0,0.0
WECC_WY,optional_603_1,wind,0.0,0.0
WECC_WY,optional_603_2,wind,0.0,0.0
WECC_WY,optional_603_3,wind,0.0,0.0
WECC_WY,optional_603_4,wind,0.0,0.0
WECC_WY,optional_603_5,wind,0.0,0.0
WECC_WY,optional_604_0,wind,0.0,0.0
WECC_WY,optional_605_0,wind,0.0,0.0
WECC_WY,optional_606_0,wind,0.0,0.0
WECC_WY,optional_607_0,wind,0.0,0.0
WECC_WY,optional_608_0,wind,0.0,0.0
WECC_WY,optional_608_1,wind,0.0,0.0
WECC_WY,optional_608_2,wind,0.0,0.0
WECC_WY,optional_608_3,wind,0.0,0.0
WECC_WY,optional_609_0,wind,0.0,0.0
WECC_WY,optional_609_1,wind,0.0,0.0
WECC_WY,optional_609_2,wind,0.0,0.0
WECC_WY,optional_609_3,wind,0.0,0.0
WECC_WY,optional_609_4,wind,0.0,0.0
WECC_WY,optional_609_5,wind,0.0,0.0
WECC_WY,optional_610_0,wind,0.0,0.0
WECC_WY,optional_610_1,wind,0.0,0.0
WECC_WY,optional_610_2,wind,0.0,0.0
WECC_WY,optional_610_3,wind,0.0,0.0
WECC_WY,optional_610_4,wind,0.0,0.0
WECC_WY,optional_610_5,wind,0.0,0.0
WECC_WY,optional_611_0,wind,0.0,0.0
WECC_WY,optional_611_1,wind,0.0,0.0
WECC_WY,optional_611_2,wind,0.0,0.0
WECC_WY,optional_611_3,wind,0.0,0.0
WECC_WY,optional_611_4,wind,0.0,0.0
WECC_WY,optional_611_5,wind,0.0,0.0
WECC_WY,optional_612_0,wind,0.0,0.0
WECC_WY,optional_612_1,wind,0.0,0.0
WECC_WY,optional_612_2,wind,0.0,0.0
WECC_WY,optional_612_3,wind,0.0,0.0
WECC_WY,optional_612_4,wind,0.0,0.0
WECC_WY,optional_612_5,wind,0.0,0.0
WECC_WY,optional_613_0,wind,0.0,0.0
WECC_WY,optional_613_1,wind,0.0,0.0
WECC_WY,optional_613_2,wind,0.0,0.0
WECC_WY,optional_613_3,wind,0.0,0.0
WECC_WY,optional_613_4,wind,0.0,0.0
WECC_WY,optional_613_5,wind,0.0,0.0
WECC_WY,optional_614_0,wind,0.0,0.0
WECC_WY,optional_614_1,wind,0.0,0.0
WECC_WY,optional_614_2,wind,0.0,0.0
WECC_WY,optional_614_3,wind,0.0,0.0
WECC_WY,optional_614_4,wind,0.0,0.0
WECC_WY,optional_614_5,wind,0.0,0.0
WECC_WY,optional_615_0,wind,0.0,0.0
WECC_WY,optional_615_1,wind,0.0,0.0
WECC_WY,optional_615_2,wind,0.0,0.0
WECC_WY,optional_615_3,wind,0.0,0.0
WECC_WY,optional_615_4,wind,0.0,0.0
WECC_WY,optional_615_5,wind,0.0,0.0
WECC_WY,optional_616_0,wind,0.0,0.0
WECC_WY,optional_616_1,wind,0.0,0.0
WECC_WY,optional_616_2,wind,0.0,0.0
WECC_WY,optional_616_3,wind,0.0,0.0
WECC_WY,optional_616_4,wind,0.0,0.0
WECC_WY,optional_616_5,wind,0.0,0.0
WECC_WY,optional_617_0,wind,0.0,0.0
WECC_WY,optional_617_1,wind,0.0,0.0
WECC_WY,optional_617_2,wind,0.0,0.0
WECC_WY,optional_617_3,wind,0.0,0.0
WECC_WY,optional_617_4,wind,0.0,0.0
WECC_WY,optional_617_5,wind,0.0,0.0
WECC_WY,optional_618_0,wind,0.0,0.0
WECC_WY,optional_618_1,wind,0.0,0.0
WECC_WY,optional_618_2,wind,0.0,0.0
WECC_WY,optional_618_3,wind,0.0,0.0
WECC_WY,optional_618_4,wind,0.0,0.0
WECC_WY,optional_618_5,wind,0.0,0.0
WECC_WY,optional_619_0,wind,0.0,0.0
WECC_WY,optional_619_1,wind,0.0,0.0
WECC_WY,optional_619_2,wind,0.0,0.0
WECC_WY,optional_619_3,wind,0.0,0.0
WECC_WY,optional_619_4,wind,0.0,0.0
WECC_WY,optional_619_5,wind,0.0,0.0
WECC_WY,optional_620_0,wind,0.0,0.0
WECC_WY,optional_620_1,wind,0.0,0.0
WECC_WY,optional_620_2,wind,0.0,0.0
WECC_WY,optional_620_3,wind,0.0,0.0
WECC_WY,optional_620_4,wind,0.0,0.0
WECC_WY,optional_620_5,wind,0.0,0.0
WECC_WY,optional_860_0,solar,0.0,0.0
WECC_WY,optional_860_1,solar,0.0,0.0
WECC_WY,optional_860_2,solar,0.0,0.0
WECC_WY,optional_860_3,solar,0.0,0.0
WECC_WY,optional_860_4,solar,0.0,0.0
WECC_WY,optional_860_5,solar,0.0,0.0
WECC_WY,optional_861_0,solar,0.0,0.0
WECC_WY,optional_861_1,solar,0.0,0.0
WECC_WY,optional_861_2,solar,0.0,0.0
WECC_WY,optional_861_3,solar,0.0,0.0
WECC_WY,optional_861_4,solar,0.0,0.0
WECC_WY,optional_861_5,solar,0.0,0.0
WECC_WY,optional_862_0,solar,0.0,0.0
WECC_WY,optional_862_1,solar,0.0,0.0
WECC_WY,optional_862_2,solar,0.0,0.0
WECC_WY,optional_862_3,solar,0.0,0.0
WECC_WY,optional_862_4,solar,0.0,0.0
WECC_WY,optional_862_5,solar,0.0,0.0
WECC_WY,optional_863_0,solar,0.0,0.0
WECC_WY,optional_863_1,solar,0.0,0.0
WECC_WY,optional_863_2,solar,0.0,0.0
WECC_WY,optional_863_3,solar,0.0,0.0
WECC_WY,optional_863_4,solar,0.0,0.0
WECC_WY,optional_863_5,solar,0.0,0.0
WECC_WY,optional_864_0,solar,0.0,0.0
WECC_WY,optional_864_1,solar,0.0,0.0
WECC_WY,optional_864_2,solar,0.0,0.0
WECC_WY,optional_864_3,solar,0.0,0.0
WECC_WY,optional_864_4,solar,0.0,0.0
WECC_WY,optional_865_0,solar,0.0,0.0
WECC_WY,optional_865_1,solar,0.0,0.0
WECC_WY,optional_865_2,solar,0.0,0.0
WECC_WY,optional_865_3,solar,0.0,0.0
WECC_WY,optional_865_4,solar,0.0,0.0
WECC_WY,optional_865_5,solar,0.0,0.0
WEC_BANC,installed_18572,hydro,653184000000.0,1080000.0
WEC_BANC,installed_18579,wind,5582304000000.0,9230000.0
WEC_BANC,installed_18608,solar,17522596366380.0,28972546.902083334
WEC_BANC,optional_463_0,wind,0.0,0.0
WEC_BANC,optional_464_0,wind,0.0,0.0
WEC_BANC,optional_465_0,wind,0.0,0.0
WEC_BANC,optional_465_1,wind,0.0,0.0
WEC_BANC,optional_801_0,solar,0.0,0.0
WEC_BANC,optional_801_1,solar,0.0,0.0
WEC_BANC,optional_801_2,solar,0.0,0.0
WEC_BANC,optional_801_3,solar,0.0,0.0
WEC_BANC,optional_801_4,solar,0.0,0.0
WEC_BANC,optional_801_5,solar,0.0,0.0
WEC_BANC,optional_802_0,solar,0.0,0.0
WEC_BANC,optional_802_1,solar,0.0,0.0
WEC_BANC,optional_802_2,solar,0.0,0.0
WEC_BANC,optional_802_3,solar,0.0,0.0
WEC_BANC,optional_802_4,solar,0.0,0.0
WEC_CALN,installed_408,biomass,5703103449323.999,9429734.53922619
WEC_CALN,installed_5966,biomass,6329520000000.0,10465476.19047619
WEC_CALN,installed_7325,hydro,266112000000.0,440000.0
WEC_CALN,installed_9110,natural gas,4464000000000.0,7380952.380952381
WEC_CALN,installed_11144,natural gas,846720000000.0,1400000.0
WEC_CALN,installed_11145,natural gas,16560000000.0,27380.95238095238
WEC_CALN,installed_11146,natural gas,5040000000.0,8333.333333333334
WEC_CALN,installed_11658,natural gas,846720000000.0,1400000.0
WEC_CALN,installed_12136,natural gas,846720000000.0,1400000.0
WEC_CALN,installed_12152,natural gas,104400000000.0,172619.04761904763
WEC_CALN,installed_12153,natural gas,7200000000.0,11904.761904761905
WEC_CALN,installed_12991,biomass,9547920000000.0,15786904.761904761
WEC_CALN,installed_13878,battery,314225968427.6377,519553.51922559144
WEC_CALN,installed_13879,battery,619200000000.0,1023809.5238095238
WEC_CALN,installed_14838,non-fossil,1209600000000.0,2000000.0
WEC_CALN,installed_15799,natural gas,2177280000000.0,3600000.0
WEC_CALN,installed_18213,solar,357354360973.44,590863.6920857143
WEC_CALN,installed_18563,biomass,16092000000000.0,26607142.85714286
WEC_CALN,installed_18566,natural gas,5259205342488.117,8695776.029246226
WEC_CALN,installed_18569,geothermal,22076168889600.0,36501602.0
WEC_CALN,installed_18580,wind,3186415584000.0,5268544.285714285
WEC_CALN,installed_18581,wind,986942880000.0,1631850.0
WEC_CALN,installed_18582,wind,3947771520000.0,6527400.0
WEC_CALN,installed_18583,wind,60118920576000.0,99402977.14285715
WEC_CALN,installed_18584,wind,88500577968000.0,146330320.7142857
WEC_CALN,installed_18585,wind,294566823626882.44,487048319.48889285
WEC_CALN,installed_18609,solar,101557048320000.0,167918400.0
WEC_CALN,installed_18905,natural gas,604800000000.0,1000000.0
WEC_CALN,optional_466_0,wind,0.0,0.0
WEC_CALN,optional_467_0,wind,0.0,0.0
WEC_CALN,optional_468_0,wind,0.0,0.0
WEC_CALN,optional_469_0,wind,0.0,0.0
WEC_CALN,optional_470_0,wind,0.0,0.0
WEC_CALN,optional_471_0,wind,0.0,0.0
WEC_CALN,optional_472_0,wind,0.0,0.0
WEC_CALN,optional_472_1,wind,0.0,0.0
WEC_CALN,optional_472_2,wind,0.0,0.0
WEC_CALN,optional_473_0,wind,0.0,0.0
WEC_CALN,optional_473_1,wind,0.0,0.0
WEC_CALN,optional_473_2,wind,0.0,0.0
WEC_CALN,optional_473_3,wind,0.0,0.0
WEC_CALN,optional_473_4,wind,0.0,0.0
WEC_CALN,optional_473_5,wind,0.0,0.0
WEC_CALN,optional_803_0,solar,0.0,0.0
WEC_CALN,optional_803_1,solar,0.0,0.0
WEC_CALN,optional_803_2,solar,0.0,0.0
WEC_CALN,optional_803_3,solar,0.0,0.0
WEC_CALN,optional_803_4,solar,0.0,0.0
WEC_CALN,optional_803_5,solar,0.0,0.0
WEC_CALN,optional_804_0,solar,0.0,0.0
WEC_CALN,optional_804_1,solar,0.0,0.0
WEC_CALN,optional_804_2,solar,0.0,0.0
WEC_CALN,optional_804_3,solar,0.0,0.0
WEC_CALN,optional_804_4,solar,0.0,0.0
WEC_CALN,optional_804_5,solar,0.0,0.0
WEC_CALN,optional_805_0,solar,0.0,0.0
WEC_CALN,optional_805_1,solar,0.0,0.0
WEC_CALN,optional_805_2,solar,0.0,0.0
WEC_CALN,optional_805_3,solar,0.0,0.0
WEC_CALN,optional_805_4,solar,0.0,0.0
WEC_CALN,optional_805_5,solar,0.0,0.0
WEC_CALN,optional_806_0,solar,0.0,0.0
WEC_CALN,optional_806_1,solar,0.0,0.0
WEC_CALN,optional_806_2,solar,0.0,0.0
WEC_CALN,optional_807_0,solar,0.0,0.0
WEC_CALN,optional_807_1,solar,0.0,0.0
WEC_CALN,optional_807_2,solar,0.0,0.0
WEC_CALN,optional_807_3,solar,0.0,0.0
WEC_CALN,optional_807_4,solar,0.0,0.0
WEC_CALN,optional_807_5,solar,0.0,0.0
WEC_LADW,installed_11516,solar,182306718740.3616,301433.0667003333
WEC_LADW,installed_12324,natural gas,0.0,0.0
WEC_LADW,installed_12325,natural gas,36288000000000.0,60000000.0
WEC_LADW,installed_12326,natural gas,0.0,0.0
WEC_LADW,installed_12327,natural gas,36288000000000.0,60000000.0
WEC_LADW,installed_16619,hydro,241920000000.0,400000.0
WEC_LADW,installed_18214,solar,1332241406683.6392,2202780.1036435836
WEC_LADW,installed_18564,natural gas,0.0,0.0
WEC_LADW,installed_18573,hydro,6638343828480.0,10976097.6
WEC_LADW,installed_18576,battery,29442392226038.996,48681204.077445425
WEC_LADW,installed_18586,wind,2663881344000.0,4404565.714285715
WEC_LADW,installed_18587,wind,5945474304000.0,9830480.0
WEC_LADW,installed_18588,wind,984477888000.0,1627774.2857142857
WEC_LADW,installed_18589,wind,19515826368000.0,32268231.42857143
WEC_LADW,installed_18590,wind,233765239680000.0,386516600.0
WEC_LADW,installed_18610,solar,104079161971965.6,172088561.46158332
WEC_LADW,installed_18906,natural gas,0.0,0.0
WEC_LADW,optional_474_0,wind,0.0,0.0
WEC_LADW,optional_475_0,wind,0.0,0.0
WEC_LADW,optional_476_0,wind,0.0,0.0
WEC_LADW,optional_477_0,wind,0.0,0.0
WEC_LADW,optional_478_0,wind,0.0,0.0
WEC_LADW,optional_479_0,wind,0.0,0.0
WEC_LADW,optional_480_0,wind,0.0,0.0
WEC_LADW,optional_481_0,wind,0.0,0.0
WEC_LADW,optional_481_1,wind,0.0,0.0
WEC_LADW,optional_808_0,solar,0.0,0.0
WEC_LADW,optional_808_1,solar,0.0,0.0
WEC_LADW,optional_808_2,solar,0.0,0.0
WEC_LADW,optional_808_3,solar,0.0,0.0
WEC_LADW,optional_809_0,solar,0.0,0.0
WEC_LADW,optional_809_1,solar,0.0,0.0
WEC_LADW,optional_809_2,solar,0.0,0.0
WEC_LADW,optional_809_3,solar,0.0,0.0
WEC_LADW,optional_809_4,solar,0.0,0.0
WEC_LADW,optional_809_5,solar,0.0,0.0
WEC_LADW,optional_810_0,solar,0.0,0.0
WEC_LADW,optional_810_1,solar,0.0,0.0
WEC_LADW,optional_810_2,solar,0.0,0.0
WEC_LADW,optional_810_3,solar,0.0,0.0
WEC_LADW,optional_810_4,solar,0.0,0.0
WEC_LADW,optional_810_5,solar,0.0,0.0
WEC_LADW,optional_811_0,solar,0.0,0.0
WEC_LADW,optional_811_1,solar,0.0,0.0
WEC_SDGE,installed_9,import,604800000000000.0,1000000000.0
WEC_SDGE,installed_6877,waste,907200000000.0,1500000.0
WEC_SDGE,installed_6878,waste,907200000000.0,1500000.0
WEC_SDGE,installed_6879,waste,288654545289.60004,477272.7270000001
WEC_SDGE,installed_6880,waste,288654545289.60004,477272.7270000001
WEC_SDGE,installed_7098,natural gas,5760000000.0,9523.809523809523
WEC_SDGE,installed_7099,natural gas,0.0,0.0
WEC_SDGE,installed_8844,waste,1632960000000.0,2700000.0
WEC_SDGE,installed_8845,waste,1632960000000.0,2700000.0
WEC_SDGE,installed_8846,waste,544320000000.0,900000.0
WEC_SDGE,installed_8847,waste,544320000000.0,900000.0
WEC_SDGE,installed_8848,waste,544320000000.0,900000.0
WEC_SDGE,installed_8849,waste,544320000000.0,900000.0
WEC_SDGE,installed_10152,hydro,1064448000000.0,1760000.0
WEC_SDGE,installed_12068,natural gas,20160000000.0,33333.333333333336
WEC_SDGE,installed_12110,natural gas,0.0,0.0
WEC_SDGE,installed_18567,natural gas,0.0,0.0
WEC_SDGE,installed_18577,battery,3930417117461.9873,6498705.551359106
WEC_SDGE,installed_18591,wind,5042958480000.0,8338225.0
WEC_SDGE,installed_18592,wind,604225440000.0,999050.0
WEC_SDGE,installed_18593,wind,7971127920000.0,13179775.0
WEC_SDGE,installed_18594,wind,21264087600000.0,35158875.0
WEC_SDGE,installed_18595,wind,127189455120000.0,210300025.0
WEC_SDGE,installed_18596,wind,208899326160000.0,345402325.0
WEC_SDGE,installed_18611,solar,171841986051840.0,284130267.94285715
WEC_SDGE,installed_18612,solar,87256319938560.0,144273015.77142856
WEC_SDGE,optional_482_0,wind,0.0,0.0
WEC_SDGE,optional_483_0,wind,0.0,0.0
WEC_SDGE,optional_484_0,wind,0.0,0.0
WEC_SDGE,optional_485_0,wind,0.0,0.0
WEC_SDGE,optional_486_0,wind,0.0,0.0
WEC_SDGE,optional_487_0,wind,0.0,0.0
WEC_SDGE,optional_488_0,wind,0.0,0.0
WEC_SDGE,optional_489_0,wind,0.0,0.0
WEC_SDGE,optional_812_0,solar,0.0,0.0
WEC_SDGE,optional_812_1,solar,0.0,0.0
WEC_SDGE,optional_812_2,solar,0.0,0.0
WEC_SDGE,optional_812_3,solar,0.0,0.0
WEC_SDGE,optional_812_4,solar,0.0,0.0
WEC_SDGE,optional_812_5,solar,0.0,0.0
WEC_SDGE,optional_813_0,solar,0.0,0.0
WEC_SDGE,optional_813_1,solar,0.0,0.0
WEC_SDGE,optional_813_2,solar,0.0,0.0
WEC_SDGE,optional_813_3,solar,0.0,0.0
WEC_SDGE,optional_813_4,solar,0.0,0.0
WEC_SDGE,optional_813_5,solar,0.0,0.0
WEC_SDGE,optional_814_0,solar,0.0,0.0
SUB_10349,installed_362__SUB_10349,hydro,7233408000000.0,11960000.0
SUB_10349,installed_13381__SUB_10349,solar,214412616584.064,354518.21525142854
SUB_10349,installed_13382__SUB_10349,solar,214412616584.064,354518.21525142854
SUB_18239,installed_6136__SUB_18239,hydro,895104000000.0,1480000.0
SUB_18239,installed_6137__SUB_18239,hydro,72576000000.0,120000.0
SUB_18239,installed_6612__SUB_18239,natural gas,0.0,0.0
SUB_18239,installed_6613__SUB_18239,natural gas,0.0,0.0
SUB_25424,installed_407__SUB_25424,natural gas,71908951113.84521,118897.07525437369
SUB_25424,installed_6849__SUB_25424,natural gas,0.0,0.0
SUB_25424,installed_6850__SUB_25424,natural gas,0.0,0.0
SUB_25424,installed_6851__SUB_25424,natural gas,0.0,0.0
SUB_25424,installed_7170__SUB_25424,natural gas,0.0,0.0
SUB_25424,installed_7171__SUB_25424,natural gas,782091393205.788,1293140.531094226
SUB_25424,installed_8081__SUB_25424,natural gas,0.0,0.0
SUB_25424,installed_8082__SUB_25424,natural gas,0.0,0.0
SUB_25424,installed_8083__SUB_25424,natural gas,0.0,0.0
SUB_01216,installed_7172__SUB_01216,wind,3642289200000.0,6022303.571428572
SUB_01216,installed_8160__SUB_01216,natural gas,78476270962960.56,129755739.02605912
SUB_01216,installed_8161__SUB_01216,natural gas,79298122743822.02,131114620.93885915
SUB_01216,installed_8162__SUB_01216,natural gas,80715069176758.77,133457455.64940271
SUB_01216,installed_8466__SUB_01216,natural gas,40728020290562.63,67341303.39048055
SUB_01216,installed_8467__SUB_01216,natural gas,44052054741006.14,72837392.09822443
SUB_01216,installed_8468__SUB_01216,natural gas,44633410745261.85,73798628.87774777
SUB_01216,installed_8469__SUB_01216,natural gas,12587441578128.705,20812568.74690593
SUB_01216,installed_9307__SUB_01216,wind,34261017120000.0,56648507.14285714
SUB_01216,installed_9308__SUB_01216,wind,3806779680000.0,6294278.571428572
SUB_01216,installed_9718__SUB_01216,wind,35247960000000.0,58280357.14285714
SUB_01216,installed_10815__SUB_01216,wind,35247960000000.0,58280357.14285714
SUB_01216,installed_11305__SUB_01216,wind,8647499520000.0,14298114.285714285
SUB_01216,installed_11870__SUB_01216,wind,24086106000000.0,39824910.71428572
SUB_01216,installed_12024__SUB_01216,wind,18375936480000.0,30383492.85714286
SUB_01216,installed_12059__SUB_01216,wind,24086106000000.0,39824910.71428572
SUB_01216,installed_14620__SUB_01216,solar,2744481492562.176,4537833.155691428
SUB_01216,installed_17269__SUB_01216,wind,3078321840000.0,5089817.857142857
SUB_01216,installed_17270__SUB_01216,wind,5639673600000.0,9324857.142857144
SUB_01216,installed_17271__SUB_01216,wind,14804143200000.0,24477750.0
SUB_01216,installed_17272__SUB_01216,wind,30078259200000.0,49732571.428571425
SUB_16299,installed_12935__SUB_16299,waste,1270080000000.0,2100000.0
SUB_16299,installed_12936__SUB_16299,waste,1270080000000.0,2100000.0
SUB_16325,installed_14679__SUB_16325,solar,2858834887787.52,4726909.5366857145
SUB_08299,installed_12762__SUB_08299,natural gas,295733606299.0665,488977.5236426365
SUB_25367,installed_8749__SUB_25367,natural gas,29030400000000.0,48000000.0
SUB_25367,installed_10174__SUB_25367,natural gas,33626880000000.0,55600000.0
SUB_25367,installed_10175__SUB_25367,natural gas,33626880000000.0,55600000.0
SUB_25367,installed_10671__SUB_25367,natural gas,3970568994970.632,6565094.237715992
SUB_25367,installed_10672__SUB_25367,natural gas,58665600000000.0,97000000.0
SUB_25367,installed_10673__SUB_25367,natural gas,58665600000000.0,97000000.0
SUB_25367,installed_10674__SUB_25367,natural gas,58665600000000.0,97000000.0
SUB_04282,installed_6833__SUB_04282,geothermal,5443200000000.0,9000000.0
SUB_04282,installed_6834__SUB_04282,geothermal,5443200000000.0,9000000.0
SUB_04282,installed_7051__SUB_04282,hydro,290304000000.0,480000.0
SUB_04282,installed_13465__SUB_04282,solar,142941744389.376,236345.47683428574
SUB_04282,installed_13534__SUB_04282,solar,214412616584.064,354518.21525142854
SUB_25380,installed_13279__SUB_25380,solar,0.0,0.0
SUB_25380,installed_13282__SUB_25380,solar,0.0,0.0
SUB_25255,installed_13865__SUB_25255,solar,0.0,0.0
SUB_25255,installed_13866__SUB_25255,solar,0.0,0.0
SUB_25255,installed_6797__SUB_25255,natural gas,1632960000000.0,2700000.0
SUB_25255,installed_6798__SUB_25255,natural gas,87480000000.0,144642.85714285713
SUB_25255,installed_6819__SUB_25255,natural gas,136080000000.0,225000.0
SUB_25255,installed_6820__SUB_25255,natural gas,174960000000.0,289285.71428571426
SUB_25255,installed_6821__SUB_25255,natural gas,1632960000000.0,2700000.0
SUB_25255,installed_6822__SUB_25255,natural gas,174960000000.0,289285.71428571426
SUB_25255,installed_7169__SUB_25255,natural gas,2419200000000.0,4000000.0
SUB_10355,installed_574__SUB_10355,hydro,266112000000.0,440000.0
SUB_10355,installed_741__SUB_10355,hydro,435456000000.0,720000.0
SUB_10355,installed_3104__SUB_10355,hydro,2056320000000.0,3400000.0
SUB_10355,installed_3106__SUB_10355,hydro,2056320000000.0,3400000.0
SUB_18208,installed_15821__SUB_18208,wind,446474160000.0,738217.8571428572
SUB_19245,installed_122__SUB_19245,biomass,9676800000000.0,16000000.0
SUB_25425,installed_642__SUB_25425,biomass,14696640000000.0,24300000.0
SUB_25425,installed_9516__SUB_25425,natural gas,24633041592571.547,40729235.43745295
SUB_25425,installed_9517__SUB_25425,natural gas,2669367105830.31,4413636.0876823915
SUB_15211,installed_7940__SUB_15211,natural gas,1413155097178.3,2336565.9675567127
SUB_15211,installed_7941__SUB_15211,natural gas,1626146810483.425,2688734.8056934937
SUB_15211,installed_7942__SUB_15211,natural gas,0.0,0.0
SUB_25461,installed_6118__SUB_25461,hydro,508032000000.0,840000.0
SUB_25539,installed_11993__SUB_25539,solar,142941744389.376,236345.47683428574
SUB_15244,installed_645__SUB_15244,biomass,14757120000000.0,24400000.0
SUB_15244,installed_12401__SUB_15244,waste,483840000000.0,800000.0
SUB_15244,installed_12402__SUB_15244,waste,483840000000.0,800000.0
SUB_15244,installed_12403__SUB_15244,waste,483840000000.0,800000.0
SUB_15244,installed_12404__SUB_15244,waste,483840000000.0,800000.0
SUB_15244,installed_12405__SUB_15244,waste,483840000000.0,800000.0
SUB_15244,installed_12406__SUB_15244,waste,483840000000.0,800000.0
SUB_19218,installed_639__SUB_19218,biomass,6955200000000.0,11500000.0
SUB_16283,installed_3727__SUB_16283,hydro,1693440000000.0,2800000.0
SUB_16283,installed_5652__SUB_16283,hydro,2661120000000.0,4400000.0
SUB_16283,installed_6196__SUB_16283,hydro,3773952000000.0,6240000.0
SUB_06368,installed_14162__SUB_06368,solar,285883488778.752,472690.9536685715
SUB_06368,installed_17335__SUB_06368,hydro,1209600000000.0,2000000.0
SUB_06368,installed_17336__SUB_06368,hydro,1209600000000.0,2000000.0
SUB_06368,installed_17337__SUB_06368,hydro,362880000000.0,600000.0
SUB_16320,installed_3778__SUB_16320,hydro,7015680000000.0,11600000.0
SUB_16320,installed_3779__SUB_16320,hydro,7015680000000.0,11600000.0
SUB_16320,installed_3806__SUB_16320,hydro,3507840000000.0,5800000.0
SUB_15313,installed_3452__SUB_15313,hydro,2903040000000.0,4800000.0
SUB_15313,installed_5804__SUB_15313,hydro,11297664000000.0,18680000.0
SUB_25256,installed_3209__SUB_25256,hydro,3048192000000.0,5040000.0
SUB_25256,installed_3210__SUB_25256,hydro,3048192000000.0,5040000.0
SUB_25256,installed_16721__SUB_25256,hydro,37497600000000.0,62000000.0
SUB_10331,installed_539__SUB_10331,biomass,261217801867.67578,431907.74118332635
SUB_10331,installed_540__SUB_10331,biomass,285895798956.2988,472711.30779811315
SUB_10331,installed_572__SUB_10331,hydro,725760000000.0,1200000.0
SUB_10331,installed_5965__SUB_10331,biomass,205709400137.3291,340127.9764175415
SUB_06270,installed_11044__SUB_06270,solar,128647569950.43842,212710.92915085718
SUB_06270,installed_12134__SUB_06270,wind,352479600000.0,582803.5714285715
SUB_06270,installed_13947__SUB_06270,wind,375978240000.0,621657.1428571428
SUB_18238,installed_3404__SUB_18238,natural gas,17238796828067.896,28503301.633710146
SUB_18238,installed_3405__SUB_18238,natural gas,16584298931611.592,27421129.185865726
SUB_18238,installed_3406__SUB_18238,natural gas,18376937156443.742,30385147.41475486
SUB_18238,installed_3407__SUB_18238,natural gas,19136617698724.16,31641232.967467196
SUB_18238,installed_3408__SUB_18238,natural gas,0.0,0.0
SUB_18238,installed_3409__SUB_18238,natural gas,0.0,0.0
SUB_18238,installed_10879__SUB_18238,solar,42882523316.812805,70903.64305028573
SUB_18238,installed_10880__SUB_18238,solar,42882523316.812805,70903.64305028573
SUB_18238,installed_10881__SUB_18238,solar,42882523316.812805,70903.64305028573
SUB_18238,installed_10882__SUB_18238,solar,42882523316.812805,70903.64305028573
SUB_15361,installed_11859__SUB_15361,natural gas,843000491288.6085,1393850.0186650273
SUB_15361,installed_11860__SUB_15361,natural gas,771189963395.6128,1275115.6802176137
SUB_15225,installed_3694__SUB_15225,hydro,0.0,0.0
SUB_15225,installed_3706__SUB_15225,hydro,941346000171.6614,1556458.333617165
SUB_15225,installed_3712__SUB_15225,hydro,1403136000000.0,2320000.0
SUB_15225,installed_6334__SUB_15225,hydro,870912000000.0,1440000.0
SUB_18305,installed_13035__SUB_18305,solar,214412616584.064,354518.21525142854
SUB_25500,installed_11577__SUB_25500,solar,857650466479.3344,1418072.8612422857
SUB_25500,installed_11578__SUB_25500,solar,2858834887787.52,4726909.5366857145
SUB_25500,installed_11579__SUB_25500,solar,2715893143398.144,4490564.0598514285
SUB_25500,installed_14718__SUB_25500,solar,2258479561065.984,3734258.5335085713
SUB_25526,installed_14011__SUB_25526,solar,0.0,0.0
SUB_10270,installed_14619__SUB_10270,solar,214412616584.064,354518.21525142854
SUB_10270,installed_16990__SUB_10270,hydro,1475712000000.0,2440000.0
SUB_06206,installed_12540__SUB_06206,wind,234986400000.0,388535.71428571426
SUB_25366,installed_11771__SUB_25366,solar,2858834887787.52,4726909.5366857145
SUB_25315,installed_11794__SUB_25315,solar,1429417444179.9167,2363454.768816
SUB_25315,installed_13568__SUB_25315,solar,2715893143398.144,4490564.0598514285
SUB_25315,installed_14137__SUB_25315,solar,2858834887787.52,4726909.5366857145
SUB_25315,installed_14362__SUB_25315,solar,1286475699647.4624,2127109.291745143
SUB_25315,installed_14578__SUB_25315,solar,28588348877875.2,47269095.36685714
SUB_25315,installed_14579__SUB_25315,solar,28588348877875.2,47269095.36685714
SUB_15218,installed_5713__SUB_15218,hydro,14757120000000.0,24400000.0
SUB_15218,installed_5714__SUB_15218,hydro,14757120000000.0,24400000.0
SUB_15218,installed_5731__SUB_15218,hydro,1451520000000.0,2400000.0
SUB_15218,installed_5737__SUB_15218,hydro,20877696000000.0,34520000.0
SUB_15377,installed_13502__SUB_15377,solar,185824267706.18878,307249.1198845714
SUB_08314,installed_5940__SUB_08314,natural gas,1852200000000.0,3062500.0
SUB_08314,installed_12261__SUB_08314,waste,907200000000.0,1500000.0
SUB_10253,installed_2763__SUB_10253,hydro,6048000000000.0,10000000.0
SUB_10253,installed_2764__SUB_10253,hydro,6048000000000.0,10000000.0
SUB_10253,installed_2765__SUB_10253,hydro,6048000000000.0,10000000.0
SUB_10253,installed_2788__SUB_10253,hydro,10420217784432.73,17229196.072144065
SUB_10253,installed_2789__SUB_10253,hydro,9454243909218.396,15632017.045665339
SUB_10253,installed_16278__SUB_10253,hydro,314496000000.0,520000.0
SUB_01440,installed_14839__SUB_01440,solar,471707756628.0192,779940.0737897144
SUB_02403,installed_14911__SUB_02403,non-fossil,725760000000.0,1200000.0
SUB_25364,installed_7291__SUB_25364,biomass,21304071839680.65,35224986.50740848
SUB_06364,installed_8867__SUB_06364,natural gas,27216000000000.0,45000000.0
SUB_06364,installed_8868__SUB_06364,natural gas,4733151171895.624,7825977.466758637
SUB_06364,installed_8869__SUB_06364,natural gas,12740588865659.307,21065788.468352027
SUB_06364,installed_13298__SUB_06364,solar,142941744389.376,236345.47683428574
SUB_25252,installed_4256__SUB_25252,hydro,4545374325191.459,7515499.876308628
SUB_25252,installed_4257__SUB_25252,hydro,3822336000000.0,6320000.0
SUB_25252,installed_4258__SUB_25252,hydro,5032645349310.003,8321172.865922624
SUB_25252,installed_4259__SUB_25252,hydro,249740925816.0935,412931.42496047204
SUB_25252,installed_4281__SUB_25252,hydro,3822336000000.0,6320000.0
SUB_25252,installed_4282__SUB_25252,hydro,3822336000000.0,6320000.0
SUB_25252,installed_4283__SUB_25252,hydro,4203718775360.6577,6950593.2132286
SUB_25252,installed_4284__SUB_25252,hydro,4187820896622.3657,6924307.038066081
SUB_25252,installed_4292__SUB_25252,hydro,3744891649553.059,6191950.478758365
SUB_25252,installed_4293__SUB_25252,hydro,0.0,0.0
SUB_25252,installed_4294__SUB_25252,hydro,0.0,0.0
SUB_25252,installed_4295__SUB_25252,hydro,0.0,0.0
SUB_25252,installed_4683__SUB_25252,hydro,0.0,0.0
SUB_25252,installed_4684__SUB_25252,hydro,0.0,0.0
SUB_25252,installed_4794__SUB_25252,hydro,2612736000000.0,4320000.0
SUB_25252,installed_3671__SUB_25252,hydro,774144000000.0,1280000.0
SUB_02287,installed_13156__SUB_02287,natural gas,135000000000.0,223214.2857142857
SUB_02287,installed_13157__SUB_02287,natural gas,147600000000.0,244047.61904761905
SUB_02287,installed_13158__SUB_02287,natural gas,302400000000.0,500000.0
SUB_25241,installed_6183__SUB_25241,hydro,4838400000000.0,8000000.0
SUB_25241,installed_6184__SUB_25241,hydro,1935360000000.0,3200000.0
SUB_25241,installed_6185__SUB_25241,hydro,556416000000.0,920000.0
SUB_25241,installed_6186__SUB_25241,hydro,2177280000000.0,3600000.0
SUB_16309,installed_11876__SUB_16309,wind,352479600000.0,582803.5714285715
SUB_16323,installed_6526__SUB_16323,hydro,459648000000.0,760000.0
SUB_16323,installed_6527__SUB_16323,hydro,217728000000.0,360000.0
SUB_25151,installed_4285__SUB_25151,hydro,8225280000000.0,13600000.0
SUB_25151,installed_4286__SUB_25151,hydro,8225280000000.0,13600000.0
SUB_25151,installed_4287__SUB_25151,hydro,7983360000000.0,13200000.0
SUB_25151,installed_4288__SUB_25151,hydro,8709120000000.0,14400000.0
SUB_25151,installed_4289__SUB_25151,hydro,8830080000000.0,14600000.0
SUB_25151,installed_4290__SUB_25151,hydro,12096000000000.0,20000000.0
SUB_25151,installed_4291__SUB_25151,hydro,12096000000000.0,20000000.0
SUB_25151,installed_320__SUB_25151,pump hydro,59288243241514.61,98029502.71414453
SUB_25151,installed_3823__SUB_25151,hydro,1209600000000.0,2000000.0
SUB_25151,installed_3824__SUB_25151,hydro,1209600000000.0,2000000.0
SUB_25151,installed_3825__SUB_25151,hydro,1209600000000.0,2000000.0
SUB_25151,installed_3826__SUB_25151,hydro,1209600000000.0,2000000.0
SUB_10278,installed_16921__SUB_10278,hydro,604800000000.0,1000000.0
SUB_10278,installed_16922__SUB_10278,hydro,604800000000.0,1000000.0
SUB_16334,installed_5009__SUB_16334,hydro,2153088000000.0,3560000.0
SUB_16334,installed_5010__SUB_16334,hydro,2153088000000.0,3560000.0
SUB_16334,installed_5011__SUB_16334,hydro,2395008000000.0,3960000.0
SUB_25346,installed_11677__SUB_25346,solar,4617018344206.079,7633958.902457142
SUB_25346,installed_11678__SUB_25346,solar,3001776632176.8965,4963255.0135200005
SUB_25346,installed_11679__SUB_25346,solar,12364460891827.2,20443883.749714285
SUB_25346,installed_11680__SUB_25346,solar,10005922108687.102,16544183.38076571
SUB_25346,installed_11681__SUB_25346,solar,5717669777005.825,9453819.075737145
SUB_25346,installed_12014__SUB_25346,solar,18553838418593.277,30677642.887885712
SUB_25346,installed_12015__SUB_25346,solar,21612791756252.16,35735436.104914285
SUB_25346,installed_12016__SUB_25346,solar,14594352106590.719,24130873.192114286
SUB_25346,installed_12017__SUB_25346,solar,12907639520220.672,21341996.56121143
SUB_25346,installed_12018__SUB_25346,solar,16080946240227.842,26588866.137942858
SUB_15246,installed_3816__SUB_15246,hydro,3386880000000.0,5600000.0
SUB_15246,installed_3817__SUB_15246,hydro,774144000000.0,1280000.0
SUB_01252,installed_15102__SUB_01252,solar,314471837656.6272,519960.04903542856
SUB_18205,installed_13945__SUB_18205,wind,234986400000.0,388535.71428571426
SUB_01266,installed_6595__SUB_01266,natural gas,12700800000000.0,21000000.0
SUB_01266,installed_6596__SUB_01266,natural gas,1209600000000.0,2000000.0
SUB_25418,installed_8963__SUB_25418,natural gas,1756822055031.8113,2904798.3714150316
SUB_25418,installed_8964__SUB_25418,natural gas,0.0,0.0
SUB_15232,installed_2977__SUB_15232,hydro,1378944000000.0,2280000.0
SUB_15232,installed_2992__SUB_15232,hydro,3193344000000.0,5280000.0
SUB_15232,installed_2993__SUB_15232,hydro,3193344000000.0,5280000.0
SUB_15232,installed_2994__SUB_15232,hydro,3193344000000.0,5280000.0
SUB_15232,installed_2995__SUB_15232,hydro,3483648000000.0,5760000.0
SUB_15232,installed_3030__SUB_15232,hydro,11975040000000.0,19800000.0
SUB_25393,installed_12629__SUB_25393,solar,1429417444179.9167,2363454.768816
SUB_25393,installed_13167__SUB_25393,solar,2572951399008.768,4254218.5830171425
SUB_25393,installed_14371__SUB_25393,solar,500296105505.8945,827209.1691565716
SUB_25393,installed_14373__SUB_25393,solar,314471837656.6272,519960.04903542856
SUB_04228,installed_3647__SUB_04228,hydro,1088640000000.0,1800000.0
SUB_04228,installed_3648__SUB_04228,hydro,483840000000.0,800000.0
SUB_04228,installed_3649__SUB_04228,hydro,653184000000.0,1080000.0
SUB_10281,installed_2747__SUB_10281,hydro,9918720000000.0,16400000.0
SUB_25342,installed_14587__SUB_25342,solar,0.0,0.0
SUB_25342,installed_15848__SUB_25342,solar,0.0,0.0
SUB_25342,installed_15849__SUB_25342,solar,0.0,0.0
SUB_15374,installed_5802__SUB_15374,hydro,22934181136262.973,37920273.04276285
SUB_15374,installed_5803__SUB_15374,hydro,27924512231486.086,46171481.86422964
SUB_08296,installed_8568__SUB_08296,natural gas,38084319570372.37,62970105.10974268
SUB_08296,installed_8569__SUB_08296,natural gas,36177842366995.055,59817861.056539446
SUB_08296,installed_8570__SUB_08296,natural gas,0.0,0.0
SUB_08296,installed_14882__SUB_08296,natural gas,604800000000.0,1000000.0
SUB_10309,installed_12380__SUB_10309,solar,414531058729.19037,685401.8828194285
SUB_16356,installed_7239__SUB_16356,hydro,604800000000.0,1000000.0
SUB_16356,installed_7240__SUB_16356,hydro,604800000000.0,1000000.0
SUB_16356,installed_7241__SUB_16356,hydro,120960000000.0,200000.0
SUB_18235,installed_616__SUB_18235,waste,967680000000.0,1600000.0
SUB_18235,installed_617__SUB_18235,waste,604800000000.0,1000000.0
SUB_18235,installed_618__SUB_18235,waste,544320000000.0,900000.0
SUB_18235,installed_619__SUB_18235,waste,725760000000.0,1200000.0
SUB_18235,installed_13186__SUB_18235,solar,142941744389.376,236345.47683428574
SUB_02228,installed_12619__SUB_02228,natural gas,2784820902099.6094,4604531.914847238
SUB_02228,installed_12620__SUB_02228,natural gas,3049200000000.0,5041666.666666667
SUB_02228,installed_12621__SUB_02228,natural gas,978480000000.0,1617857.142857143
SUB_02255,installed_11835__SUB_02255,solar,643237849895.2705,1063554.6459908572
SUB_08351,installed_9797__SUB_08351,waste,604800000000.0,1000000.0
SUB_08351,installed_9798__SUB_08351,waste,604800000000.0,1000000.0
SUB_08351,installed_9799__SUB_08351,waste,604800000000.0,1000000.0
SUB_25293,installed_12476__SUB_25293,solar,0.0,0.0
SUB_15253,installed_16290__SUB_15253,hydro,2782080000000.0,4600000.0
SUB_01375,installed_6374__SUB_01375,waste,1753920000000.0,2900000.0
SUB_01375,installed_6375__SUB_01375,waste,1753920000000.0,2900000.0
SUB_01375,installed_6376__SUB_01375,waste,786240000000.0,1300000.0
SUB_01375,installed_6377__SUB_01375,waste,786240000000.0,1300000.0
SUB_01375,installed_14686__SUB_01375,wind,20185331760000.0,33375217.85714286
SUB_18256,installed_14675__SUB_18256,solar,18582426770618.883,30724911.988457147
SUB_25859,installed_3794__SUB_25859,hydro,774144000000.0,1280000.0
SUB_25859,installed_3795__SUB_25859,hydro,774144000000.0,1280000.0
SUB_06866,installed_12793__SUB_06866,waste,907200000000.0,1500000.0
SUB_10225,installed_2928__SUB_10225,hydro,8467200000000.0,14000000.0
SUB_10225,installed_2929__SUB_10225,hydro,8467200000000.0,14000000.0
SUB_02249,installed_12381__SUB_02249,non-fossil,1149120000000.0,1900000.0
SUB_25421,installed_6021__SUB_25421,natural gas,446305598174.9706,737939.1504215783
SUB_25421,installed_6408__SUB_25421,natural gas,637107855454.7339,1053419.0731725097
SUB_25421,installed_6409__SUB_25421,natural gas,3147731820917.1787,5204583.037230785
SUB_16270,installed_12651__SUB_16270,non-fossil,1935360000000.0,3200000.0
SUB_18213,installed_12882__SUB_18213,waste,846720000000.0,1400000.0
SUB_18213,installed_13946__SUB_18213,wind,234986400000.0,388535.71428571426
SUB_10375,installed_3300__SUB_10375,hydro,241920000000.0,400000.0
SUB_10375,installed_3301__SUB_10375,hydro,241920000000.0,400000.0
SUB_10375,installed_3613__SUB_10375,hydro,14515200000000.0,24000000.0
SUB_10375,installed_3614__SUB_10375,hydro,14515200000000.0,24000000.0
SUB_25281,installed_3364__SUB_25281,hydro,846720000000.0,1400000.0
SUB_25281,installed_5594__SUB_25281,hydro,22861440000000.0,37800000.0
SUB_25281,installed_5595__SUB_25281,hydro,2177280000000.0,3600000.0
SUB_25281,installed_5740__SUB_25281,hydro,653184000000.0,1080000.0
SUB_16316,installed_5666__SUB_16316,hydro,3059380799965.775,5058499.999943411
SUB_25282,installed_13254__SUB_25282,non-fossil,544320000000.0,900000.0
SUB_25282,installed_13255__SUB_25282,non-fossil,544320000000.0,900000.0
SUB_25282,installed_13570__SUB_25282,solar,0.0,0.0
SUB_25282,installed_16064__SUB_25282,non-fossil,604800000000.0,1000000.0
SUB_25282,installed_16065__SUB_25282,non-fossil,604800000000.0,1000000.0
SUB_25278,installed_6795__SUB_25278,natural gas,190080000000.0,314285.71428571426
SUB_25278,installed_6796__SUB_25278,natural gas,2903040000000.0,4800000.0
SUB_25278,installed_13936__SUB_25278,solar,0.0,0.0
SUB_25278,installed_6404__SUB_25278,natural gas,34299185854.07388,56711.616822212105
SUB_25278,installed_6799__SUB_25278,natural gas,1632960000000.0,2700000.0
SUB_25278,installed_6800__SUB_25278,natural gas,48600000000.0,80357.14285714286
SUB_25250,installed_2687__SUB_25250,hydro,8225280000000.0,13600000.0
SUB_25250,installed_2691__SUB_25250,hydro,12700800000000.0,21000000.0
SUB_25250,installed_2692__SUB_25250,hydro,12700800000000.0,21000000.0
SUB_25250,installed_3283__SUB_25250,hydro,12579840000000.0,20800000.0
SUB_25480,installed_12550__SUB_25480,solar,214412616584.064,354518.21525142854
SUB_16216,installed_3048__SUB_16216,hydro,7426944000000.0,12280000.0
SUB_16216,installed_3049__SUB_16216,hydro,7426944000000.0,12280000.0
SUB_16216,installed_3050__SUB_16216,hydro,8854272000000.0,14640000.0
SUB_25420,installed_13704__SUB_25420,solar,0.0,0.0
SUB_25420,installed_13868__SUB_25420,solar,0.0,0.0
SUB_25420,installed_13978__SUB_25420,solar,0.0,0.0
SUB_10255,installed_5967__SUB_10255,biomass,0.0,0.0
SUB_10255,installed_5968__SUB_10255,biomass,0.0,0.0
SUB_10132,installed_3489__SUB_10132,hydro,9676800000000.0,16000000.0
SUB_10132,installed_3490__SUB_10132,hydro,9676800000000.0,16000000.0
SUB_10132,installed_3491__SUB_10132,hydro,9676800000000.0,16000000.0
SUB_10132,installed_3492__SUB_10132,hydro,9676800000000.0,16000000.0
SUB_10132,installed_3508__SUB_10132,hydro,9676800000000.0,16000000.0
SUB_10132,installed_3509__SUB_10132,hydro,9676800000000.0,16000000.0
SUB_10350,installed_573__SUB_10350,hydro,968112000000.0,1600714.2857142857
SUB_10350,installed_742__SUB_10350,hydro,390240000000.0,645238.0952380953
SUB_10350,installed_743__SUB_10350,hydro,1377360000000.0,2277380.9523809524
SUB_10350,installed_3563__SUB_10350,hydro,0.0,0.0
SUB_10350,installed_3564__SUB_10350,hydro,0.0,0.0
SUB_10350,installed_7775__SUB_10350,hydro,288288000000.0,476666.6666666667
SUB_01442,installed_12023__SUB_01442,wind,18375936480000.0,30383492.85714286
SUB_01442,installed_12933__SUB_01442,waste,668615868119.6282,1105515.6549597026
SUB_01442,installed_12934__SUB_01442,waste,665318031577.0507,1100062.8828985626
SUB_16374,installed_9822__SUB_16374,wind,8929483200000.0,14764357.142857144
SUB_16374,installed_11748__SUB_16374,natural gas,10636756969764.922,17587230.439426128
SUB_16374,installed_11749__SUB_16374,natural gas,1636122051552.4482,2705228.2598420107
SUB_16374,installed_11750__SUB_16374,natural gas,2534440974488.956,4190543.939300522
SUB_16374,installed_11751__SUB_16374,natural gas,30179520000000.0,49900000.0
SUB_18249,installed_13750__SUB_18249,solar,214412616584.064,354518.21525142854
SUB_18249,installed_13885__SUB_18249,solar,214412616584.064,354518.21525142854
SUB_25440,installed_14242__SUB_25440,solar,0.0,0.0
SUB_25440,installed_14647__SUB_25440,solar,0.0,0.0
SUB_06203,installed_697__SUB_06203,biomass,8689655171232.0,14367816.09
SUB_06203,installed_11040__SUB_06203,solar,128647569950.43842,212710.92915085718
SUB_06203,installed_11660__SUB_06203,solar,142941744389.376,236345.47683428574
SUB_25269,installed_5108__SUB_25269,hydro,9555840000000.0,15800000.0
SUB_25269,installed_5109__SUB_25269,hydro,9555840000000.0,15800000.0
SUB_25269,installed_5110__SUB_25269,hydro,8830080000000.0,14600000.0
SUB_16261,installed_15846__SUB_16261,solar,142941744389.376,236345.47683428574
SUB_16368,installed_13034__SUB_16368,solar,214412616584.064,354518.21525142854
SUB_16368,installed_13036__SUB_16368,solar,142941744389.376,236345.47683428574
SUB_25236,installed_192__SUB_25236,natural gas,3628800000000.0,6000000.0
SUB_25236,installed_193__SUB_25236,natural gas,3350484986022.0493,5539823.058898891
SUB_25236,installed_194__SUB_25236,natural gas,1475594020896.959,2439804.9287317446
SUB_25236,installed_14727__SUB_25236,solar,214412616584.064,354518.21525142854
SUB_25236,installed_14728__SUB_25236,solar,214412616584.064,354518.21525142854
SUB_04221,installed_13905__SUB_04221,waste,1209600000000.0,2000000.0
SUB_04221,installed_13906__SUB_04221,waste,1209600000000.0,2000000.0
SUB_04221,installed_14318__SUB_04221,solar,142941744389.376,236345.47683428574
SUB_06288,installed_10046__SUB_06288,natural gas,1566239182800.234,2589681.1884924504
SUB_06288,installed_10047__SUB_06288,natural gas,1927208997883.4055,3186522.8139606575
SUB_06288,installed_10048__SUB_06288,natural gas,0.0,0.0
SUB_01405,installed_13175__SUB_01405,battery,316800000000.0,523809.5238095238
SUB_01405,installed_15052__SUB_01405,natural gas,710640000000.0,1175000.0
SUB_25316,installed_11796__SUB_25316,solar,2858834887787.52,4726909.5366857145
SUB_25316,installed_12294__SUB_25316,solar,2858834887787.52,4726909.5366857145
SUB_10324,installed_12843__SUB_10324,solar,142941744389.376,236345.47683428574
SUB_10324,installed_12844__SUB_10324,solar,357354360973.44,590863.6920857143
SUB_25410,installed_9446__SUB_25410,natural gas,1874880000000.0,3100000.0
SUB_25410,installed_9447__SUB_25410,natural gas,1874880000000.0,3100000.0
SUB_25410,installed_9448__SUB_25410,natural gas,212040000000.0,350595.2380952381
SUB_25410,installed_9449__SUB_25410,natural gas,513360000000.0,848809.5238095238
SUB_25410,installed_9450__SUB_25410,natural gas,669600000000.0,1107142.857142857
SUB_25410,installed_9451__SUB_25410,natural gas,357120000000.0,590476.1904761905
SUB_25410,installed_9452__SUB_25410,natural gas,1874880000000.0,3100000.0
SUB_25410,installed_9453__SUB_25410,natural gas,524520000000.0,867261.9047619047
SUB_25410,installed_9454__SUB_25410,natural gas,1874880000000.0,3100000.0
SUB_25410,installed_9455__SUB_25410,natural gas,312480000000.0,516666.6666666667
SUB_25410,installed_9456__SUB_25410,natural gas,223200000000.0,369047.61904761905
SUB_25410,installed_9457__SUB_25410,natural gas,1874880000000.0,3100000.0
SUB_25410,installed_9458__SUB_25410,natural gas,334202667595.0913,552583.7757855346
SUB_25410,installed_9459__SUB_25410,natural gas,513360000000.0,848809.5238095238
SUB_25410,installed_9460__SUB_25410,natural gas,796364334892.9199,1316739.971714484
SUB_25410,installed_9461__SUB_25410,natural gas,334800000000.0,553571.4285714285
SUB_25410,installed_10611__SUB_25410,biomass,6301915735552.428,10419834.218836686
SUB_25410,installed_14672__SUB_25410,solar,2858834887787.52,4726909.5366857145
SUB_25355,installed_14017__SUB_25355,solar,0.0,0.0
SUB_10353,installed_9430__SUB_10353,natural gas,0.0,0.0
SUB_10353,installed_9431__SUB_10353,natural gas,1548747315263.0208,2560759.4498396507
SUB_10353,installed_9432__SUB_10353,natural gas,10080000000.0,16666.666666666668
SUB_10353,installed_9433__SUB_10353,natural gas,1683360000000.0,2783333.3333333335
SUB_10353,installed_9434__SUB_10353,natural gas,10080000000.0,16666.666666666668
SUB_10353,installed_9435__SUB_10353,natural gas,1586471437066.3987,2623133.9898584634
SUB_10353,installed_9436__SUB_10353,natural gas,1693440000000.0,2800000.0
SUB_10353,installed_9437__SUB_10353,natural gas,10080000000.0,16666.666666666668
SUB_10353,installed_9438__SUB_10353,natural gas,20160000000.0,33333.333333333336
SUB_10353,installed_9439__SUB_10353,natural gas,0.0,0.0
SUB_10353,installed_9440__SUB_10353,natural gas,456411039694.4341,754647.8830926489
SUB_10353,installed_9441__SUB_10353,natural gas,142474227035.05048,235572.46533573163
SUB_10353,installed_9442__SUB_10353,natural gas,122990729513.67561,203357.6876879557
SUB_10353,installed_9443__SUB_10353,natural gas,20160000000.0,33333.333333333336
SUB_10353,installed_9444__SUB_10353,natural gas,0.0,0.0
SUB_10353,installed_9445__SUB_10353,natural gas,1693440000000.0,2800000.0
SUB_25268,installed_9069__SUB_25268,natural gas,5527211235078.43,9138907.465407457
SUB_25268,installed_9070__SUB_25268,natural gas,27881280000000.0,46100000.0
SUB_25268,installed_13572__SUB_25268,solar,2858834887787.52,4726909.5366857145
SUB_25268,installed_13776__SUB_25268,solar,14294174441799.168,23634547.68816
SUB_25268,installed_14943__SUB_25268,solar,285883488778.752,472690.9536685715
SUB_25208,installed_6801__SUB_25208,natural gas,133401473231.05188,220571.2189666863
SUB_25208,installed_6802__SUB_25208,natural gas,330148599359.7868,545880.6206345682
SUB_25208,installed_6803__SUB_25208,natural gas,157320261630.36252,260119.48020893274
SUB_25208,installed_6804__SUB_25208,natural gas,1055676740954.0272,1745497.2568684313
SUB_08367,installed_14091__SUB_08367,solar,2058361119779.3281,3403374.86736
SUB_08367,installed_14169__SUB_08367,natural gas,2419200000000.0,4000000.0
SUB_25253,installed_3672__SUB_25253,hydro,919472401345.8252,1520291.6688919067
SUB_25217,installed_12847__SUB_25217,solar,2858834887787.52,4726909.5366857145
SUB_25217,installed_13705__SUB_25217,solar,1572359188283.136,2599800.245177143
SUB_25217,installed_13805__SUB_25217,solar,2830246540054.2725,4679640.443211429
SUB_25217,installed_14016__SUB_25217,solar,2830246540054.2725,4679640.443211429
SUB_25217,installed_14543__SUB_25217,solar,2858834887787.52,4726909.5366857145
SUB_25217,installed_15131__SUB_25217,solar,157235918828.3136,259980.02451771428
SUB_18267,installed_11189__SUB_18267,waste,604800000000.0,1000000.0
SUB_18267,installed_11190__SUB_18267,waste,846720000000.0,1400000.0
SUB_25359,installed_11795__SUB_25359,solar,2858834887787.52,4726909.5366857145
SUB_06359,installed_8728__SUB_06359,natural gas,20589960868699.008,34044247.46808698
SUB_06359,installed_11039__SUB_06359,solar,128647569950.43842,212710.92915085718
SUB_06359,installed_11143__SUB_06359,solar,285883488778.752,472690.9536685715
SUB_06359,installed_13654__SUB_06359,solar,142941744389.376,236345.47683428574
SUB_06359,installed_15587__SUB_06359,solar,543178628822.70715,898112.8122068571
SUB_06359,installed_15588__SUB_06359,solar,328766012095.5648,543594.5967188572
SUB_16348,installed_12937__SUB_16348,waste,1270080000000.0,2100000.0
SUB_16348,installed_12938__SUB_16348,waste,1270080000000.0,2100000.0
SUB_01204,installed_14439__SUB_01204,natural gas,604800000000.0,1000000.0
SUB_04227,installed_9012__SUB_04227,waste,423360000000.0,700000.0
SUB_04227,installed_9013__SUB_04227,waste,423360000000.0,700000.0
SUB_04227,installed_9014__SUB_04227,waste,423360000000.0,700000.0
SUB_04227,installed_9015__SUB_04227,waste,423360000000.0,700000.0
SUB_04227,installed_9016__SUB_04227,waste,423360000000.0,700000.0
SUB_04227,installed_9017__SUB_04227,waste,423360000000.0,700000.0
SUB_04227,installed_9018__SUB_04227,waste,423360000000.0,700000.0
SUB_04227,installed_9019__SUB_04227,waste,423360000000.0,700000.0
SUB_10340,installed_17095__SUB_10340,natural gas,0.0,0.0
SUB_10340,installed_17096__SUB_10340,natural gas,0.0,0.0
SUB_10340,installed_17097__SUB_10340,natural gas,8241343313220.762,13626559.711013164
SUB_10340,installed_17098__SUB_10340,natural gas,0.0,0.0
SUB_10340,installed_17099__SUB_10340,natural gas,0.0,0.0
SUB_10340,installed_17100__SUB_10340,natural gas,0.0,0.0
SUB_01315,installed_13896__SUB_01315,natural gas,338400000000.0,559523.8095238095
SUB_10217,installed_12111__SUB_10217,waste,1209600000000.0,2000000.0
SUB_02410,installed_10853__SUB_02410,waste,1088640000000.0,1800000.0
SUB_02410,installed_10854__SUB_02410,waste,1088640000000.0,1800000.0
SUB_02410,installed_10855__SUB_02410,waste,1088640000000.0,1800000.0
SUB_02410,installed_10856__SUB_02410,waste,1088640000000.0,1800000.0
SUB_02410,installed_10857__SUB_02410,waste,1088640000000.0,1800000.0
SUB_02410,installed_10858__SUB_02410,waste,1088640000000.0,1800000.0
SUB_25266,installed_12293__SUB_25266,solar,2858834887787.52,4726909.5366857145
SUB_25266,installed_15675__SUB_25266,non-fossil,604800000000.0,1000000.0
SUB_10360,installed_6013__SUB_10360,hydro,725760000000.0,1200000.0
SUB_10360,installed_6035__SUB_10360,hydro,1161216000000.0,1920000.0
SUB_08226,installed_461__SUB_08226,natural gas,3386880000000.0,5600000.0
SUB_04331,installed_18294__SUB_04331,geothermal,6048000000000.0,10000000.0
SUB_16366,installed_5084__SUB_16366,hydro,18966528000000.0,31360000.0
SUB_16366,installed_5085__SUB_16366,hydro,18966528000000.0,31360000.0
SUB_25349,installed_15125__SUB_25349,solar,0.0,0.0
SUB_25537,installed_14557__SUB_25537,solar,2858834887787.52,4726909.5366857145
SUB_25444,installed_11841__SUB_25444,natural gas,8888625177943.576,14696800.88945697
SUB_25444,installed_11842__SUB_25444,natural gas,0.0,0.0
SUB_25400,installed_12435__SUB_25400,solar,0.0,0.0
SUB_25400,installed_12436__SUB_25400,solar,0.0,0.0
SUB_25400,installed_12842__SUB_25400,solar,0.0,0.0
SUB_25400,installed_12846__SUB_25400,solar,0.0,0.0
SUB_08234,installed_6517__SUB_08234,natural gas,9047520000000.0,14959523.80952381
SUB_08234,installed_6518__SUB_08234,natural gas,3390120000000.0,5605357.142857143
SUB_08234,installed_9006__SUB_08234,natural gas,62560195698743.414,103439477.01511808
SUB_08234,installed_9007__SUB_08234,natural gas,27216000000000.0,45000000.0
SUB_08234,installed_9008__SUB_08234,natural gas,16686000000000.0,27589285.714285713
SUB_08234,installed_9009__SUB_08234,natural gas,26329024573889.227,43533440.10233007
SUB_08234,installed_9010__SUB_08234,natural gas,12899540011053.578,21328604.515630916
SUB_15230,installed_2633__SUB_15230,hydro,241920000000.0,400000.0
SUB_15230,installed_3043__SUB_15230,hydro,5322240000000.0,8800000.0
SUB_15230,installed_5636__SUB_15230,hydro,10644480000000.0,17600000.0
SUB_15230,installed_5646__SUB_15230,hydro,6604416000000.0,10920000.0
SUB_10320,installed_5693__SUB_10320,hydro,14273280000000.0,23600000.0
SUB_10320,installed_17256__SUB_10320,hydro,459648000000.0,760000.0
SUB_10320,installed_17398__SUB_10320,hydro,2177280000000.0,3600000.0
SUB_15281,installed_6884__SUB_15281,hydro,1741824000000.0,2880000.0
SUB_15281,installed_11224__SUB_15281,waste,1088640000000.0,1800000.0
SUB_15281,installed_11225__SUB_15281,waste,907200000000.0,1500000.0
SUB_15224,installed_3096__SUB_15224,hydro,2661120000000.0,4400000.0
SUB_25289,installed_11772__SUB_25289,solar,2144126165840.6401,3545182.152514286
SUB_25289,installed_11773__SUB_25289,solar,2144126165840.6401,3545182.152514286
SUB_25289,installed_14138__SUB_25289,solar,8576504664793.345,14180728.612422857
SUB_25289,installed_15738__SUB_25289,solar,2858834887787.52,4726909.5366857145
SUB_25289,installed_15745__SUB_25289,solar,2858834887787.52,4726909.5366857145
SUB_10293,installed_2862__SUB_10293,hydro,3144960000000.0,5200000.0
SUB_04314,installed_3755__SUB_04314,geothermal,41126400000000.0,68000000.0
SUB_04314,installed_3756__SUB_04314,geothermal,30844800000000.0,51000000.0
SUB_04314,installed_3757__SUB_04314,geothermal,39312000000000.0,65000000.0
SUB_04314,installed_3758__SUB_04314,geothermal,36288000000000.0,60000000.0
SUB_04314,installed_3759__SUB_04314,geothermal,36288000000000.0,60000000.0
SUB_04314,installed_3760__SUB_04314,geothermal,36288000000000.0,60000000.0
SUB_04314,installed_3761__SUB_04314,geothermal,36288000000000.0,60000000.0
SUB_04314,installed_3762__SUB_04314,geothermal,30240000000000.0,50000000.0
SUB_04314,installed_3763__SUB_04314,geothermal,27216000000000.0,45000000.0
SUB_04314,installed_3764__SUB_04314,geothermal,27216000000000.0,45000000.0
SUB_04314,installed_3765__SUB_04314,geothermal,24192000000000.0,40000000.0
SUB_04314,installed_3766__SUB_04314,geothermal,24192000000000.0,40000000.0
SUB_04314,installed_5941__SUB_04314,geothermal,30240000000000.0,50000000.0
SUB_04314,installed_5942__SUB_04314,geothermal,30240000000000.0,50000000.0
SUB_04314,installed_6712__SUB_04314,geothermal,30240000000000.0,50000000.0
SUB_04314,installed_17138__SUB_04314,geothermal,16329600000000.0,27000000.0
SUB_04314,installed_17139__SUB_04314,geothermal,16329600000000.0,27000000.0
SUB_04314,installed_17140__SUB_04314,geothermal,18204480000000.0,30100000.0
SUB_04314,installed_17141__SUB_04314,geothermal,29030400000000.0,48000000.0
SUB_18263,installed_12853__SUB_18263,waste,907200000000.0,1500000.0
SUB_06213,installed_9093__SUB_06213,natural gas,27216000000000.0,45000000.0
SUB_06213,installed_14590__SUB_06213,waste,967680000000.0,1600000.0
SUB_06213,installed_14591__SUB_06213,waste,967680000000.0,1600000.0
SUB_06213,installed_14592__SUB_06213,waste,967680000000.0,1600000.0
SUB_06213,installed_14593__SUB_06213,waste,967680000000.0,1600000.0
SUB_06213,installed_14594__SUB_06213,waste,967680000000.0,1600000.0
SUB_25545,installed_537__SUB_25545,natural gas,4211474096290.2373,6963416.164501054
SUB_16391,installed_12388__SUB_16391,natural gas,14085878381459.775,23290142.826487724
SUB_16391,installed_12389__SUB_16391,natural gas,42888552575387.05,70913612.06247859
SUB_16391,installed_17219__SUB_16391,natural gas,29816640000000.0,49300000.0
SUB_10372,installed_3477__SUB_10372,hydro,7378560000000.0,12200000.0
SUB_10372,installed_3478__SUB_10372,hydro,7378560000000.0,12200000.0
SUB_10291,installed_5684__SUB_10291,hydro,2177280000000.0,3600000.0
SUB_10291,installed_5754__SUB_10291,hydro,25918601575372.227,42854830.647110164
SUB_10291,installed_5755__SUB_10291,hydro,26928428541064.625,44524518.09038463
SUB_10291,installed_5756__SUB_10291,hydro,26586437098347.066,43959056.04885428
SUB_02401,installed_12154__SUB_02401,natural gas,536400000000.0,886904.7619047619
SUB_06317,installed_12545__SUB_06317,wind,234986400000.0,388535.71428571426
SUB_04319,installed_5986__SUB_04319,hydro,314496000000.0,520000.0
SUB_04319,installed_5987__SUB_04319,hydro,314496000000.0,520000.0
SUB_04319,installed_5988__SUB_04319,hydro,24192000000.0,40000.0
SUB_10221,installed_2711__SUB_10221,hydro,30240000000000.0,50000000.0
SUB_10221,installed_2737__SUB_10221,hydro,7862400000000.0,13000000.0
SUB_10221,installed_2738__SUB_10221,hydro,7862400000000.0,13000000.0
SUB_10221,installed_3659__SUB_10221,hydro,15240960000000.0,25200000.0
SUB_10221,installed_3660__SUB_10221,hydro,15240960000000.0,25200000.0
SUB_10221,installed_17121__SUB_10221,hydro,5660928000000.0,9360000.0
SUB_10345,installed_5768__SUB_10345,hydro,9434880000000.0,15600000.0
SUB_10345,installed_5769__SUB_10345,hydro,9434880000000.0,15600000.0
SUB_10345,installed_5770__SUB_10345,hydro,9434880000000.0,15600000.0
SUB_10345,installed_5798__SUB_10345,hydro,21772800000000.0,36000000.0
SUB_10345,installed_5799__SUB_10345,hydro,21772800000000.0,36000000.0
SUB_10345,installed_16961__SUB_10345,hydro,483840000000.0,800000.0
SUB_15248,installed_18192__SUB_15248,hydro,217728000000.0,360000.0
SUB_16335,installed_3472__SUB_16335,hydro,483840000000.0,800000.0
SUB_16335,installed_5106__SUB_16335,hydro,12096000000000.0,20000000.0
SUB_16335,installed_5107__SUB_16335,hydro,12096000000000.0,20000000.0
SUB_16335,installed_17258__SUB_16335,hydro,701568000000.0,1160000.0
SUB_25453,installed_13501__SUB_25453,solar,171530093267.25122,283614.5722011429
SUB_15269,installed_18220__SUB_15269,hydro,120960000000.0,200000.0
SUB_15269,installed_18221__SUB_15269,hydro,120960000000.0,200000.0
SUB_15269,installed_18222__SUB_15269,hydro,120960000000.0,200000.0
SUB_25396,installed_10689__SUB_25396,solar,71470872194.688,118172.73841714287
SUB_25396,installed_10690__SUB_25396,solar,71470872194.688,118172.73841714287
SUB_25245,installed_10612__SUB_25245,biomass,6350400000000.0,10500000.0
SUB_25272,installed_403__SUB_25272,natural gas,18833656775743.836,31140305.515449468
SUB_25272,installed_404__SUB_25272,natural gas,15724728037063.625,25999881.0136634
SUB_25272,installed_405__SUB_25272,natural gas,19260435667625.016,31845958.445147187
SUB_25272,installed_406__SUB_25272,natural gas,1555200000000.0,2571428.5714285714
SUB_25272,installed_5990__SUB_25272,natural gas,2602335508240.2905,4302803.419709476
SUB_25272,installed_5991__SUB_25272,natural gas,45360000000000.0,75000000.0
SUB_25272,installed_5992__SUB_25272,natural gas,2711897549611.2886,4483957.588643004
SUB_25272,installed_5993__SUB_25272,natural gas,1890000000000.0,3125000.0
SUB_25272,installed_538__SUB_25272,natural gas,27820800000000.0,46000000.0
SUB_25272,installed_6304__SUB_25272,natural gas,0.0,0.0
SUB_25272,installed_6305__SUB_25272,natural gas,1528831725475.2075,2527830.2339206473
SUB_25272,installed_6306__SUB_25272,natural gas,0.0,0.0
SUB_25272,installed_6307__SUB_25272,natural gas,496800000000.0,821428.5714285715
SUB_25272,installed_6308__SUB_25272,natural gas,1242000000000.0,2053571.4285714286
SUB_25272,installed_6309__SUB_25272,natural gas,8362800000000.0,13827380.952380951
SUB_25272,installed_7161__SUB_25272,natural gas,9313920000000.0,15400000.0
SUB_25272,installed_7518__SUB_25272,natural gas,0.0,0.0
SUB_18203,installed_255__SUB_18203,natural gas,17611245107447.594,29119122.20146758
SUB_18203,installed_256__SUB_18203,natural gas,22982400000000.0,38000000.0
SUB_18203,installed_9075__SUB_18203,natural gas,0.0,0.0
SUB_15285,installed_6868__SUB_15285,natural gas,7040348951559.866,11640788.610383376
SUB_15285,installed_9076__SUB_15285,natural gas,27216000000000.0,45000000.0
SUB_10357,installed_12541__SUB_10357,wind,234986400000.0,388535.71428571426
SUB_01365,installed_9165__SUB_01365,natural gas,27881280000000.0,46100000.0
SUB_01365,installed_9876__SUB_01365,natural gas,28402279569194.15,46961441.08663054
SUB_01365,installed_9877__SUB_01365,natural gas,28450376387764.156,47040966.24961005
SUB_01365,installed_9878__SUB_01365,natural gas,9611973329184.918,15892813.044287233
SUB_01365,installed_11457__SUB_01365,natural gas,115963143810472.31,191738002.33213013
SUB_01365,installed_11458__SUB_01365,natural gas,96730994742945.78,159938814.05910346
SUB_01365,installed_11459__SUB_01365,natural gas,51125080175810.19,84532209.28540044
SUB_01365,installed_11460__SUB_01365,natural gas,14438027241073.15,23872399.538811427
SUB_01365,installed_12848__SUB_01365,solar,214412616584.064,354518.21525142854
SUB_01365,installed_13900__SUB_01365,solar,142941744389.376,236345.47683428574
SUB_06204,installed_7256__SUB_06204,waste,302400000000.0,500000.0
SUB_06204,installed_7257__SUB_06204,waste,302400000000.0,500000.0
SUB_06204,installed_7258__SUB_06204,waste,302400000000.0,500000.0
SUB_06204,installed_7259__SUB_06204,waste,362880000000.0,600000.0
SUB_06204,installed_12627__SUB_06204,solar,357354360973.44,590863.6920857143
SUB_06204,installed_12652__SUB_06204,solar,357354360973.44,590863.6920857143
SUB_06204,installed_14529__SUB_06204,solar,1858242677061.888,3072491.1988457143
SUB_10303,installed_2957__SUB_10303,hydro,1825369000998.8442,3018136.5757256025
SUB_10303,installed_6134__SUB_10303,hydro,3270319465139.3853,5407274.247915651
SUB_10303,installed_16901__SUB_10303,hydro,362880000000.0,600000.0
SUB_25294,installed_17724__SUB_25294,hydro,13305600000000.0,22000000.0
SUB_25294,installed_17725__SUB_25294,hydro,13305600000000.0,22000000.0
SUB_25294,installed_17726__SUB_25294,hydro,13305600000000.0,22000000.0
SUB_01323,installed_13757__SUB_01323,solar,157235918828.3136,259980.02451771428
SUB_01323,installed_13758__SUB_01323,solar,185824267706.18878,307249.1198845714
SUB_01321,installed_6585__SUB_01321,waste,604800000000.0,1000000.0
SUB_01321,installed_6586__SUB_01321,waste,604800000000.0,1000000.0
SUB_01321,installed_6587__SUB_01321,waste,604800000000.0,1000000.0
SUB_08219,installed_13897__SUB_08219,natural gas,604800000000.0,1000000.0
SUB_25387,installed_14015__SUB_25387,solar,0.0,0.0
SUB_25387,installed_14205__SUB_25387,solar,0.0,0.0
SUB_25387,installed_14908__SUB_25387,solar,0.0,0.0
SUB_04204,installed_7853__SUB_04204,natural gas,149627520000000.0,247400000.0
SUB_01445,installed_10862__SUB_01445,waste,1088640000000.0,1800000.0
SUB_01445,installed_10863__SUB_01445,waste,1088640000000.0,1800000.0
SUB_08225,installed_12155__SUB_08225,natural gas,434880000000.0,719047.619047619
SUB_08225,installed_12156__SUB_08225,natural gas,217440000000.0,359523.8095238095
SUB_25405,installed_5780__SUB_25405,pump hydro,552960000000.0,914285.7142857143
SUB_25405,installed_5781__SUB_25405,pump hydro,544320000000.0,900000.0
SUB_25405,installed_5782__SUB_25405,pump hydro,570722019561.085,943654.1328721642
SUB_25405,installed_5783__SUB_25405,pump hydro,578603839150.1143,956686.2419810089
SUB_25405,installed_5784__SUB_25405,pump hydro,566723547859.5363,937042.9032069051
SUB_25405,installed_5785__SUB_25405,pump hydro,526764585527.5123,870973.1903563365
SUB_25405,installed_5790__SUB_25405,pump hydro,12267794728202.45,20284052.129964367
SUB_25405,installed_5791__SUB_25405,pump hydro,12501729841583.078,20670849.605792128
SUB_25405,installed_5792__SUB_25405,pump hydro,11284891212639.61,18658880.973279778
SUB_25405,installed_5793__SUB_25405,pump hydro,11262260386304.6,18621462.27894279
SUB_25405,installed_5794__SUB_25405,pump hydro,10963775329156.596,18127935.39873776
SUB_25405,installed_5795__SUB_25405,pump hydro,9915593418260.865,16394830.387336086
SUB_25405,installed_5796__SUB_25405,pump hydro,10299478113536.47,17029560.37291083
SUB_25405,installed_5797__SUB_25405,pump hydro,9513358409455.955,15729759.274894107
SUB_25405,installed_13956__SUB_25405,solar,15023177344051.2,24839909.629714284
SUB_18261,installed_12393__SUB_18261,solar,71470872194.688,118172.73841714287
SUB_18261,installed_12394__SUB_18261,solar,85765046633.62561,141807.28610057145
SUB_25224,installed_12765__SUB_25224,solar,0.0,0.0
SUB_25224,installed_12766__SUB_25224,solar,0.0,0.0
SUB_25224,installed_12767__SUB_25224,solar,0.0,0.0
SUB_25224,installed_323__SUB_25224,natural gas,4879752532184.318,8068373.895807405
SUB_25224,installed_324__SUB_25224,natural gas,7107100127545.524,11751157.61829617
SUB_08246,installed_14862__SUB_08246,non-fossil,483840000000.0,800000.0
SUB_08246,installed_14863__SUB_08246,non-fossil,483840000000.0,800000.0
SUB_08246,installed_15874__SUB_08246,natural gas,786240000000.0,1300000.0
SUB_06205,installed_6108__SUB_06205,biomass,13383601027567.959,22128969.95298935
SUB_25477,installed_12585__SUB_25477,solar,2858834887787.52,4726909.5366857145
SUB_25477,installed_13561__SUB_25477,solar,14580057930577.92,24107238.64182857
SUB_25477,installed_13569__SUB_25477,solar,2858834887787.52,4726909.5366857145
SUB_25477,installed_14811__SUB_25477,solar,214412616584.064,354518.21525142854
SUB_16282,installed_3434__SUB_16282,hydro,411264000000.0,680000.0
SUB_16282,installed_3736__SUB_16282,hydro,22014720000000.0,36400000.0
SUB_16282,installed_7242__SUB_16282,hydro,30602880000000.0,50600000.0
SUB_16282,installed_7243__SUB_16282,hydro,30602880000000.0,50600000.0
SUB_25276,installed_13047__SUB_25276,solar,142941744389.376,236345.47683428574
SUB_15276,installed_5741__SUB_15276,hydro,19087488000000.0,31560000.0
SUB_15276,installed_5742__SUB_15276,hydro,18627840000000.0,30800000.0
SUB_15276,installed_5743__SUB_15276,hydro,18893952000000.0,31240000.0
SUB_15276,installed_5744__SUB_15276,hydro,18893952000000.0,31240000.0
SUB_15276,installed_3046__SUB_15276,hydro,2491776000000.0,4120000.0
SUB_15276,installed_3047__SUB_15276,hydro,2491776000000.0,4120000.0
SUB_16277,installed_9141__SUB_16277,natural gas,15779661561096.408,26090710.253135595
SUB_16277,installed_9142__SUB_16277,natural gas,49654080000000.0,82100000.0
SUB_16277,installed_9143__SUB_16277,natural gas,49472640000000.0,81800000.0
SUB_08318,installed_73__SUB_08318,natural gas,51408000000000.0,85000000.0
SUB_08318,installed_74__SUB_08318,natural gas,18144000000000.0,30000000.0
SUB_08318,installed_9072__SUB_08318,natural gas,27216000000000.0,45000000.0
SUB_08318,installed_9073__SUB_08318,natural gas,121270078942.24588,200512.69666376634
SUB_08318,installed_9074__SUB_08318,natural gas,27216000000000.0,45000000.0
SUB_16345,installed_2666__SUB_16345,hydro,169344000000.0,280000.0
SUB_01376,installed_9862__SUB_01376,natural gas,70041379473347.96,115809159.18212296
SUB_01376,installed_9863__SUB_01376,natural gas,70404741045250.81,116409955.43196233
SUB_01376,installed_9864__SUB_01376,natural gas,49080834205563.414,81152172.95893422
SUB_01376,installed_13050__SUB_01376,solar,142941744389.376,236345.47683428574
SUB_01376,installed_13051__SUB_01376,non-fossil,665280000000.0,1100000.0
SUB_10322,installed_5677__SUB_10322,hydro,3302107199848.938,5459833.333083562
SUB_18295,installed_15753__SUB_18295,nuclear,678585600000000.0,1122000000.0
SUB_18295,installed_15754__SUB_18295,nuclear,676166400000000.0,1118000000.0
SUB_25993,installed_3073__SUB_25993,hydro,17418240000000.0,28800000.0
SUB_25993,installed_3074__SUB_25993,hydro,17418240000000.0,28800000.0
SUB_25993,installed_15762__SUB_25993,pump hydro,115409199158236.39,190822088.55528504
SUB_25993,installed_15763__SUB_25993,pump hydro,111025364411443.05,183573684.5427299
SUB_16378,installed_5671__SUB_16378,hydro,2177280000000.0,3600000.0
SUB_16378,installed_5672__SUB_16378,hydro,2419200000000.0,4000000.0
SUB_16378,installed_5673__SUB_16378,hydro,1645056000000.0,2720000.0
SUB_16378,installed_6342__SUB_16378,biomass,6295460840677.929,10409161.442919856
SUB_16378,installed_13129__SUB_16378,solar,214412616584.064,354518.21525142854
SUB_16378,installed_16079__SUB_16378,hydro,46206720000000.0,76400000.0
SUB_16378,installed_16080__SUB_16378,hydro,46206720000000.0,76400000.0
SUB_10318,installed_541__SUB_10318,biomass,113588999244.68994,187812.49875114078
SUB_08300,installed_11833__SUB_08300,waste,483840000000.0,800000.0
SUB_08300,installed_11834__SUB_08300,waste,483840000000.0,800000.0
SUB_08300,installed_14441__SUB_08300,natural gas,604800000000.0,1000000.0
SUB_25391,installed_13596__SUB_25391,solar,0.0,0.0
SUB_04343,installed_13466__SUB_04343,solar,157235918828.3136,259980.02451771428
SUB_25348,installed_11937__SUB_25348,solar,0.0,0.0
SUB_19225,installed_5934__SUB_19225,biomass,8838172203002.355,14613379.96528167
SUB_19225,installed_5935__SUB_19225,biomass,4315452939463.429,7135338.854932918
SUB_19225,installed_5936__SUB_19225,biomass,4331550712627.5513,7161955.54336566
SUB_10344,installed_14264__SUB_10344,biomass,14600294557615.588,24140698.673306197
SUB_10236,installed_3102__SUB_10236,hydro,580608000000.0,960000.0
SUB_10236,installed_3103__SUB_10236,hydro,580608000000.0,960000.0
SUB_19234,installed_3122__SUB_19234,natural gas,0.0,0.0
SUB_19234,installed_3123__SUB_19234,natural gas,4840479316117.21,8003438.022680572
SUB_19234,installed_3124__SUB_19234,natural gas,0.0,0.0
SUB_19234,installed_3125__SUB_19234,natural gas,756679177755.7347,1251122.9790934767
SUB_19234,installed_3126__SUB_19234,natural gas,9858240000000.0,16300000.0
SUB_19234,installed_3127__SUB_19234,natural gas,0.0,0.0
SUB_19234,installed_3128__SUB_19234,natural gas,0.0,0.0
SUB_19234,installed_3129__SUB_19234,natural gas,0.0,0.0
SUB_19234,installed_3130__SUB_19234,natural gas,1659527619929.4644,2743927.943005067
SUB_19234,installed_3131__SUB_19234,natural gas,73209456842.85034,121047.38234598271
SUB_10338,installed_5766__SUB_10338,hydro,21458304000000.0,35480000.0
SUB_10338,installed_5767__SUB_10338,hydro,21458304000000.0,35480000.0
SUB_25354,installed_14286__SUB_25354,solar,214412616584.064,354518.21525142854
SUB_15243,installed_4563__SUB_15243,hydro,2927232000000.0,4840000.0
SUB_25244,installed_14945__SUB_25244,solar,0.0,0.0
SUB_25244,installed_8584__SUB_25244,natural gas,240319799890.13672,397354.16648501443
SUB_25244,installed_8585__SUB_25244,natural gas,343639797624.20654,568187.4960717701
SUB_25244,installed_8586__SUB_25244,natural gas,0.0,0.0
SUB_15308,installed_5747__SUB_15308,hydro,26127360000000.0,43200000.0
SUB_15308,installed_5748__SUB_15308,hydro,32175360000000.0,53200000.0
SUB_15308,installed_5749__SUB_15308,hydro,120960000000.0,200000.0
SUB_15308,installed_2842__SUB_15308,hydro,1693440000000.0,2800000.0
SUB_15308,installed_6647__SUB_15308,hydro,362880000000.0,600000.0
SUB_15308,installed_6648__SUB_15308,hydro,362880000000.0,600000.0
SUB_01465,installed_286__SUB_01465,natural gas,21168000000000.0,35000000.0
SUB_01465,installed_287__SUB_01465,natural gas,21168000000000.0,35000000.0
SUB_01465,installed_288__SUB_01465,natural gas,20260800000000.0,33500000.0
SUB_01465,installed_11850__SUB_01465,natural gas,803075333048.6493,1327836.198823825
SUB_25388,installed_13503__SUB_25388,solar,214412616584.064,354518.21525142854
SUB_25234,installed_14752__SUB_25234,biomass,6955200000000.0,11500000.0
SUB_10254,installed_575__SUB_10254,hydro,266112000000.0,440000.0
SUB_10254,installed_2050__SUB_10254,hydro,217728000000.0,360000.0
SUB_10254,installed_3134__SUB_10254,hydro,1935360000000.0,3200000.0
SUB_10254,installed_3691__SUB_10254,hydro,1693440000000.0,2800000.0
SUB_10254,installed_3796__SUB_10254,hydro,2177280000000.0,3600000.0
SUB_01392,installed_5976__SUB_01392,waste,9253440000000.0,15300000.0
SUB_01392,installed_5977__SUB_01392,waste,9313920000000.0,15400000.0
SUB_01392,installed_5978__SUB_01392,waste,9011520000000.0,14900000.0
SUB_01392,installed_6181__SUB_01392,coal,5140800000000.0,8500000.0
SUB_01392,installed_6182__SUB_01392,coal,5140800000000.0,8500000.0
SUB_25216,installed_5989__SUB_25216,natural gas,8706442300138.069,14395572.586207125
SUB_25216,installed_6519__SUB_25216,natural gas,1935360000000.0,3200000.0
SUB_25216,installed_6520__SUB_25216,natural gas,353321788042.6349,584196.0781128223
SUB_25216,installed_6805__SUB_25216,natural gas,226578029714.99332,374632.9856398699
SUB_25216,installed_6806__SUB_25216,natural gas,1632960000000.0,2700000.0
SUB_25216,installed_6807__SUB_25216,natural gas,1632960000000.0,2700000.0
SUB_25216,installed_6808__SUB_25216,natural gas,252720000000.0,417857.14285714284
SUB_19246,installed_14033__SUB_19246,hydro,338688000000.0,560000.0
SUB_19246,installed_14034__SUB_19246,hydro,24192000000.0,40000.0
SUB_16371,installed_6063__SUB_16371,hydro,967680000000.0,1600000.0
SUB_25295,installed_14233__SUB_25295,solar,2858834887787.52,4726909.5366857145
SUB_25280,installed_13883__SUB_25280,solar,214412616584.064,354518.21525142854
SUB_25280,installed_13884__SUB_25280,solar,214412616584.064,354518.21525142854
SUB_10252,installed_16893__SUB_10252,hydro,725760000000.0,1200000.0
SUB_16298,installed_6062__SUB_16298,hydro,653184000000.0,1080000.0
SUB_16298,installed_11857__SUB_16298,solar,128647569950.43842,212710.92915085718
SUB_16298,installed_11858__SUB_16298,solar,57176697755.7504,94538.19073371429
SUB_15370,installed_184__SUB_15370,biomass,6853457943360.001,11331775.700000003
SUB_25468,installed_12480__SUB_25468,solar,0.0,0.0
SUB_25468,installed_12758__SUB_25468,natural gas,208800000000.0,345238.09523809527
SUB_25468,installed_13267__SUB_25468,solar,0.0,0.0
SUB_25468,installed_13268__SUB_25468,solar,0.0,0.0
SUB_25468,installed_14139__SUB_25468,solar,0.0,0.0
SUB_08377,installed_12759__SUB_08377,natural gas,183600000000.0,303571.4285714286
SUB_25231,installed_698__SUB_25231,biomass,15120000000000.0,25000000.0
SUB_25231,installed_10634__SUB_25231,solar,714708722089.9584,1181727.384408
SUB_25231,installed_13271__SUB_25231,solar,8576504664793.345,14180728.612422857
SUB_25231,installed_14363__SUB_25231,solar,714708722089.9584,1181727.384408
SUB_15378,installed_9092__SUB_15378,natural gas,16929255921989.42,27991494.58000896
SUB_25409,installed_12172__SUB_25409,solar,0.0,0.0
SUB_25431,installed_14167__SUB_25431,solar,2858834887787.52,4726909.5366857145
SUB_18226,installed_12764__SUB_18226,natural gas,594000000000.0,982142.8571428572
SUB_25395,installed_6521__SUB_25395,natural gas,12579840000000.0,20800000.0
SUB_25395,installed_6823__SUB_25395,natural gas,6888960000000.0,11390476.19047619
SUB_25395,installed_6824__SUB_25395,natural gas,2974667705622.526,4918432.052947299
SUB_25395,installed_11941__SUB_25395,solar,157235918828.3136,259980.02451771428
SUB_25454,installed_16063__SUB_25454,non-fossil,604800000000.0,1000000.0
SUB_10346,installed_6626__SUB_10346,biomass,8674131598352.051,14342148.806799026
SUB_10346,installed_6627__SUB_10346,biomass,8550005399176.025,14136913.6891138
SUB_10346,installed_6628__SUB_10346,biomass,8627286446933.38,14264693.19929461
SUB_HIFLD_41,installed_3686__SUB_HIFLD_41,hydro,2661120000000.0,4400000.0
SUB_HIFLD_41,installed_3687__SUB_HIFLD_41,hydro,7983360000000.0,13200000.0
SUB_HIFLD_150,installed_11332__SUB_HIFLD_150,solar,60417674342.15039,99896.9483170476
SUB_HIFLD_150,installed_11333__SUB_HIFLD_150,solar,60417674342.15039,99896.9483170476
SUB_HIFLD_150,installed_11334__SUB_HIFLD_150,solar,60417674342.15039,99896.9483170476
SUB_HIFLD_150,installed_11335__SUB_HIFLD_150,solar,60417674342.15039,99896.9483170476
SUB_HIFLD_150,installed_11336__SUB_HIFLD_150,solar,60417674342.15039,99896.9483170476
SUB_HIFLD_150,installed_11341__SUB_HIFLD_150,solar,60417674342.15039,99896.9483170476
SUB_HIFLD_150,installed_11342__SUB_HIFLD_150,solar,60417674342.15039,99896.9483170476
SUB_HIFLD_150,installed_11343__SUB_HIFLD_150,solar,60417674342.15039,99896.9483170476
SUB_HIFLD_150,installed_11344__SUB_HIFLD_150,solar,60417674342.15039,99896.9483170476
SUB_HIFLD_150,installed_11345__SUB_HIFLD_150,solar,60417674342.15039,99896.9483170476
SUB_HIFLD_150,installed_11363__SUB_HIFLD_150,solar,60417674342.15039,99896.9483170476
SUB_HIFLD_150,installed_11364__SUB_HIFLD_150,solar,60417674342.15039,99896.9483170476
SUB_HIFLD_150,installed_11365__SUB_HIFLD_150,solar,60417674342.15039,99896.9483170476
SUB_HIFLD_150,installed_11366__SUB_HIFLD_150,solar,60417674342.15039,99896.9483170476
SUB_HIFLD_150,installed_11367__SUB_HIFLD_150,solar,60417674342.15039,99896.9483170476
SUB_HIFLD_150,installed_11368__SUB_HIFLD_150,solar,60417674342.15039,99896.9483170476
SUB_HIFLD_150,installed_11369__SUB_HIFLD_150,solar,60417674342.15039,99896.9483170476
SUB_HIFLD_150,installed_11377__SUB_HIFLD_150,solar,60417674342.15039,99896.9483170476
SUB_HIFLD_150,installed_11378__SUB_HIFLD_150,solar,60417674342.15039,99896.9483170476
SUB_HIFLD_150,installed_11379__SUB_HIFLD_150,solar,60417674342.15039,99896.9483170476
SUB_HIFLD_150,installed_12314__SUB_HIFLD_150,solar,60417674342.15039,99896.9483170476
SUB_HIFLD_150,installed_12315__SUB_HIFLD_150,solar,60417674342.15039,99896.9483170476
SUB_HIFLD_150,installed_12316__SUB_HIFLD_150,solar,60417674342.15039,99896.9483170476
SUB_HIFLD_150,installed_12317__SUB_HIFLD_150,solar,60417674342.15039,99896.9483170476
SUB_HIFLD_150,installed_12318__SUB_HIFLD_150,solar,60417674342.15039,99896.9483170476
SUB_HIFLD_150,installed_12319__SUB_HIFLD_150,solar,60417674342.15039,99896.9483170476
SUB_HIFLD_150,installed_12320__SUB_HIFLD_150,solar,60417674342.15039,99896.9483170476
SUB_HIFLD_150,installed_12321__SUB_HIFLD_150,solar,60417674342.15039,99896.9483170476
SUB_HIFLD_150,installed_12322__SUB_HIFLD_150,solar,60417674342.15039,99896.9483170476
SUB_HIFLD_150,installed_12323__SUB_HIFLD_150,solar,60417674342.15039,99896.9483170476
SUB_HIFLD_255,installed_7077__SUB_HIFLD_255,hydro,290304000000.0,480000.0
SUB_HIFLD_255,installed_7326__SUB_HIFLD_255,hydro,1185408000000.0,1960000.0
SUB_HIFLD_274,installed_10705__SUB_HIFLD_274,geothermal,9676800000000.0,16000000.0
SUB_HIFLD_274,installed_10706__SUB_HIFLD_274,geothermal,9676800000000.0,16000000.0
SUB_HIFLD_274,installed_10707__SUB_HIFLD_274,geothermal,9676800000000.0,16000000.0
SUB_HIFLD_274,installed_10708__SUB_HIFLD_274,geothermal,9676800000000.0,16000000.0
SUB_HIFLD_274,installed_13085__SUB_HIFLD_274,solar,1097142840000.0,1814058.9285714286
SUB_HIFLD_274,installed_13141__SUB_HIFLD_274,solar,9624060000000.0,15912797.61904762
SUB_HIFLD_274,installed_13142__SUB_HIFLD_274,solar,9624060000000.0,15912797.61904762
SUB_HIFLD_274,installed_13143__SUB_HIFLD_274,solar,9624060000000.0,15912797.61904762
SUB_HIFLD_296,installed_5177__SUB_HIFLD_296,hydro,222912000000.0,368571.4285714286
SUB_HIFLD_296,installed_5178__SUB_HIFLD_296,hydro,988704000000.0,1634761.9047619049
SUB_HIFLD_296,installed_11582__SUB_HIFLD_296,hydro,441504000000.0,730000.0
SUB_HIFLD_296,installed_11583__SUB_HIFLD_296,hydro,451584000000.0,746666.6666666666
SUB_HIFLD_296,installed_13024__SUB_HIFLD_296,hydro,314496000000.0,520000.0
SUB_HIFLD_296,installed_13025__SUB_HIFLD_296,hydro,290304000000.0,480000.0
SUB_HIFLD_296,installed_13026__SUB_HIFLD_296,hydro,314496000000.0,520000.0
SUB_HIFLD_307,installed_11784__SUB_HIFLD_307,wind,110877856560000.0,183329789.2857143
SUB_HIFLD_311,installed_12987__SUB_HIFLD_311,solar,26754886800000.0,44237577.38095238
SUB_HIFLD_312,installed_11759__SUB_HIFLD_312,solar,24810826680000.0,41023192.26190476
SUB_HIFLD_312,installed_12917__SUB_HIFLD_312,solar,6428872080000.0,10629748.80952381
SUB_HIFLD_312,installed_12918__SUB_HIFLD_312,solar,4927518720000.0,8147352.380952381
SUB_HIFLD_312,installed_12919__SUB_HIFLD_312,solar,6428872080000.0,10629748.80952381
SUB_HIFLD_312,installed_12920__SUB_HIFLD_312,solar,6428872080000.0,10629748.80952381
SUB_HIFLD_312,installed_12921__SUB_HIFLD_312,solar,3580150320000.0,5919560.714285715
SUB_HIFLD_312,installed_12922__SUB_HIFLD_312,solar,4927518720000.0,8147352.380952381
SUB_HIFLD_322,installed_4353__SUB_HIFLD_322,hydro,483840000000.0,800000.0
SUB_HIFLD_322,installed_4354__SUB_HIFLD_322,hydro,435456000000.0,720000.0
SUB_HIFLD_335,installed_8919__SUB_HIFLD_335,natural gas,0.0,0.0
SUB_HIFLD_335,installed_8920__SUB_HIFLD_335,natural gas,0.0,0.0
SUB_HIFLD_335,installed_8921__SUB_HIFLD_335,natural gas,0.0,0.0
SUB_HIFLD_335,installed_8922__SUB_HIFLD_335,natural gas,0.0,0.0
SUB_HIFLD_335,installed_8923__SUB_HIFLD_335,natural gas,14510104555228.994,23991574.992111433
SUB_HIFLD_417,installed_18302__SUB_HIFLD_417,hydro,3024000000000.0,5000000.0
SUB_HIFLD_429,installed_11909__SUB_HIFLD_429,wind,31736307377730.24,52474053.203919046
SUB_HIFLD_429,installed_12880__SUB_HIFLD_429,wind,55298111329209.59,91432062.38295238
SUB_HIFLD_429,installed_13852__SUB_HIFLD_429,wind,7934076843416.641,13118513.2993
SUB_HIFLD_437,installed_181__SUB_HIFLD_437,hydro,1427328000000.0,2360000.0
SUB_HIFLD_437,installed_182__SUB_HIFLD_437,hydro,1427328000000.0,2360000.0
SUB_HIFLD_439,installed_10091__SUB_HIFLD_439,wind,2965261042809.216,4902878.70834857
SUB_HIFLD_441,installed_709__SUB_HIFLD_441,biomass,14731837254846.287,24358196.519256428
SUB_HIFLD_441,installed_710__SUB_HIFLD_441,biomass,11801001713365.58,19512238.282681186
SUB_HIFLD_441,installed_12756__SUB_HIFLD_441,natural gas,250945327955.90646,414922.8306149247
SUB_HIFLD_441,installed_12757__SUB_HIFLD_441,natural gas,0.0,0.0
SUB_HIFLD_485,installed_15737__SUB_HIFLD_485,battery,424800000000.0,702380.9523809524
SUB_HIFLD_487,installed_13881__SUB_HIFLD_487,natural gas,298800000000.0,494047.61904761905
SUB_HIFLD_494,installed_760__SUB_HIFLD_494,natural gas,894240000000.0,1478571.4285714286
SUB_HIFLD_494,installed_761__SUB_HIFLD_494,natural gas,476280000000.0,787500.0
SUB_HIFLD_494,installed_11514__SUB_HIFLD_494,solar,308519062549.4377,510117.4976015834
SUB_HIFLD_496,installed_12251__SUB_HIFLD_496,solar,140235937613.1252,231871.58996879167
SUB_HIFLD_499,installed_14435__SUB_HIFLD_499,solar,126212343809.07597,208684.43090124996
SUB_HIFLD_541,installed_263__SUB_HIFLD_541,biomass,14212800000000.0,23500000.0
SUB_HIFLD_541,installed_264__SUB_HIFLD_541,biomass,14212800000000.0,23500000.0
SUB_HIFLD_546,installed_15565__SUB_HIFLD_546,solar,0.0,0.0
SUB_HIFLD_548,installed_14676__SUB_HIFLD_548,solar,882098046218.4625,1458495.4467897858
SUB_HIFLD_566,installed_6577__SUB_HIFLD_566,wind,1202132855247.8398,1987653.5305023808
SUB_HIFLD_566,installed_11718__SUB_HIFLD_566,wind,19634836635037.44,32465007.663752384
SUB_HIFLD_566,installed_13059__SUB_HIFLD_566,solar,483341395221.3601,799175.587336905
SUB_HIFLD_570,installed_5850__SUB_HIFLD_570,hydro,677376000000.0,1120000.0
SUB_HIFLD_578,installed_12667__SUB_HIFLD_578,solar,120835348805.34003,199793.89683422624
SUB_HIFLD_585,installed_12681__SUB_HIFLD_585,solar,108751813864.28639,179814.5070507381
SUB_HIFLD_585,installed_14206__SUB_HIFLD_585,solar,2416706976106.8,3995877.9366845232
SUB_HIFLD_587,installed_14151__SUB_HIFLD_587,solar,181253023147.4904,299690.8451512738
SUB_HIFLD_608,installed_12021__SUB_HIFLD_608,solar,0.0,0.0
SUB_HIFLD_617,installed_15589__SUB_HIFLD_617,solar,215938800000.0,357041.6666666667
SUB_HIFLD_641,installed_10816__SUB_HIFLD_641,solar,196308000000.0,324583.3333333333
SUB_HIFLD_641,installed_12118__SUB_HIFLD_641,solar,588924000000.0,973750.0
SUB_HIFLD_641,installed_12120__SUB_HIFLD_641,solar,588924000000.0,973750.0
SUB_HIFLD_641,installed_12122__SUB_HIFLD_641,solar,588924000000.0,973750.0
SUB_HIFLD_641,installed_12151__SUB_HIFLD_641,solar,78523200000.0,129833.33333333333
SUB_HIFLD_664,installed_12124__SUB_HIFLD_664,solar,981540000000.0,1622916.6666666667
SUB_HIFLD_664,installed_12125__SUB_HIFLD_664,solar,981540000000.0,1622916.6666666667
SUB_HIFLD_664,installed_12126__SUB_HIFLD_664,solar,981540000000.0,1622916.6666666667
SUB_HIFLD_667,installed_13188__SUB_HIFLD_667,solar,196308000000.0,324583.3333333333
SUB_HIFLD_670,installed_15611__SUB_HIFLD_670,solar,530031600000.0,876375.0
SUB_HIFLD_680,installed_11977__SUB_HIFLD_680,solar,569293200000.0,941291.6666666666
SUB_HIFLD_706,installed_11781__SUB_HIFLD_706,solar,0.0,0.0
SUB_HIFLD_740,installed_15772__SUB_HIFLD_740,solar,1374156000000.0,2272083.3333333335
SUB_HIFLD_742,installed_13538__SUB_HIFLD_742,solar,196308000000.0,324583.3333333333
SUB_HIFLD_742,installed_15873__SUB_HIFLD_742,solar,1020801600000.0,1687833.3333333333
SUB_HIFLD_753,installed_15929__SUB_HIFLD_753,solar,687078000000.0,1136041.6666666667
SUB_HIFLD_758,installed_12347__SUB_HIFLD_758,solar,392616000000.0,649166.6666666666
SUB_HIFLD_758,installed_17298__SUB_HIFLD_758,natural gas,1356895071755.3835,2243543.4387489804
SUB_HIFLD_758,installed_17299__SUB_HIFLD_758,natural gas,27477926918604.09,45433080.222559676
SUB_HIFLD_760,installed_11760__SUB_HIFLD_760,solar,28621954440000.0,47324660.11904762
SUB_HIFLD_760,installed_15478__SUB_HIFLD_760,solar,558195480000.0,922942.2619047619
SUB_HIFLD_760,installed_15479__SUB_HIFLD_760,solar,365714280000.0,604686.3095238095
SUB_HIFLD_796,installed_4466__SUB_HIFLD_796,hydro,362880000000.0,600000.0
SUB_HIFLD_796,installed_4467__SUB_HIFLD_796,hydro,362880000000.0,600000.0
SUB_HIFLD_796,installed_11404__SUB_HIFLD_796,solar,60417674342.15039,99896.9483170476
SUB_HIFLD_796,installed_11405__SUB_HIFLD_796,solar,60417674342.15039,99896.9483170476
SUB_HIFLD_796,installed_11406__SUB_HIFLD_796,solar,60417674342.15039,99896.9483170476
SUB_HIFLD_796,installed_11407__SUB_HIFLD_796,solar,60417674342.15039,99896.9483170476
SUB_HIFLD_796,installed_11408__SUB_HIFLD_796,solar,60417674342.15039,99896.9483170476
SUB_HIFLD_796,installed_11409__SUB_HIFLD_796,solar,60417674342.15039,99896.9483170476
SUB_HIFLD_796,installed_11410__SUB_HIFLD_796,solar,60417674342.15039,99896.9483170476
SUB_HIFLD_796,installed_11411__SUB_HIFLD_796,solar,60417674342.15039,99896.9483170476
SUB_HIFLD_796,installed_11412__SUB_HIFLD_796,solar,60417674342.15039,99896.9483170476
SUB_HIFLD_796,installed_11413__SUB_HIFLD_796,solar,60417674342.15039,99896.9483170476
SUB_HIFLD_796,installed_11414__SUB_HIFLD_796,solar,60417674342.15039,99896.9483170476
SUB_HIFLD_796,installed_11415__SUB_HIFLD_796,solar,60417674342.15039,99896.9483170476
SUB_HIFLD_796,installed_11416__SUB_HIFLD_796,solar,60417674342.15039,99896.9483170476
SUB_HIFLD_796,installed_11417__SUB_HIFLD_796,solar,60417674342.15039,99896.9483170476
SUB_HIFLD_796,installed_11418__SUB_HIFLD_796,solar,60417674342.15039,99896.9483170476
SUB_HIFLD_796,installed_11419__SUB_HIFLD_796,solar,60417674342.15039,99896.9483170476
SUB_HIFLD_799,installed_13804__SUB_HIFLD_799,solar,181253023147.4904,299690.8451512738
SUB_HIFLD_807,installed_14196__SUB_HIFLD_807,solar,302088371952.8304,499484.7419855
SUB_HIFLD_808,installed_11043__SUB_HIFLD_808,solar,108751813864.28639,179814.5070507381
SUB_HIFLD_820,installed_5750__SUB_HIFLD_820,hydro,13789440000000.0,22800000.0
SUB_HIFLD_820,installed_5751__SUB_HIFLD_820,hydro,13789440000000.0,22800000.0
SUB_HIFLD_820,installed_5752__SUB_HIFLD_820,hydro,17902080000000.0,29600000.0
SUB_HIFLD_820,installed_5753__SUB_HIFLD_820,hydro,17902080000000.0,29600000.0
SUB_HIFLD_822,installed_12570__SUB_HIFLD_822,natural gas,120960000000.0,200000.0
SUB_HIFLD_822,installed_12571__SUB_HIFLD_822,natural gas,120960000000.0,200000.0
SUB_HIFLD_822,installed_12572__SUB_HIFLD_822,natural gas,113040000000.0,186904.7619047619
SUB_HIFLD_822,installed_12573__SUB_HIFLD_822,natural gas,120960000000.0,200000.0
SUB_HIFLD_822,installed_12574__SUB_HIFLD_822,natural gas,120960000000.0,200000.0
SUB_HIFLD_822,installed_14153__SUB_HIFLD_822,solar,181253023147.4904,299690.8451512738
SUB_HIFLD_830,installed_13139__SUB_HIFLD_830,solar,2235453952596.1924,3696187.0909328572
SUB_HIFLD_837,installed_11352__SUB_HIFLD_837,solar,60417674342.15039,99896.9483170476
SUB_HIFLD_837,installed_11353__SUB_HIFLD_837,solar,60417674342.15039,99896.9483170476
SUB_HIFLD_837,installed_11354__SUB_HIFLD_837,solar,60417674342.15039,99896.9483170476
SUB_HIFLD_841,installed_15342__SUB_HIFLD_841,battery,2098612057900.796,3469927.3444126914
SUB_HIFLD_841,installed_15343__SUB_HIFLD_841,battery,2143769825850.746,3544592.966023059
SUB_HIFLD_847,installed_12900__SUB_HIFLD_847,solar,1208353487932.361,1997938.9681421313
SUB_HIFLD_847,installed_13854__SUB_HIFLD_847,solar,2416706976106.8,3995877.9366845232
SUB_HIFLD_849,installed_13960__SUB_HIFLD_849,solar,181253023147.4904,299690.8451512738
SUB_HIFLD_849,installed_13961__SUB_HIFLD_849,solar,120835348805.34003,199793.89683422624
SUB_HIFLD_849,installed_14024__SUB_HIFLD_849,solar,181253023147.4904,299690.8451512738
SUB_HIFLD_849,installed_14025__SUB_HIFLD_849,solar,181253023147.4904,299690.8451512738
SUB_HIFLD_849,installed_14026__SUB_HIFLD_849,solar,181253023147.4904,299690.8451512738
SUB_HIFLD_856,installed_11370__SUB_HIFLD_856,solar,60417674342.15039,99896.9483170476
SUB_HIFLD_856,installed_11371__SUB_HIFLD_856,solar,60417674342.15039,99896.9483170476
SUB_HIFLD_856,installed_11372__SUB_HIFLD_856,solar,60417674342.15039,99896.9483170476
SUB_HIFLD_856,installed_11373__SUB_HIFLD_856,solar,60417674342.15039,99896.9483170476
SUB_HIFLD_856,installed_11374__SUB_HIFLD_856,solar,60417674342.15039,99896.9483170476
SUB_HIFLD_856,installed_11375__SUB_HIFLD_856,solar,60417674342.15039,99896.9483170476
SUB_HIFLD_856,installed_11376__SUB_HIFLD_856,solar,60417674342.15039,99896.9483170476
SUB_HIFLD_856,installed_11387__SUB_HIFLD_856,solar,60417674342.15039,99896.9483170476
SUB_HIFLD_856,installed_11388__SUB_HIFLD_856,solar,60417674342.15039,99896.9483170476
SUB_HIFLD_856,installed_11389__SUB_HIFLD_856,solar,60417674342.15039,99896.9483170476
SUB_HIFLD_856,installed_11390__SUB_HIFLD_856,solar,60417674342.15039,99896.9483170476
SUB_HIFLD_856,installed_11391__SUB_HIFLD_856,solar,60417674342.15039,99896.9483170476
SUB_HIFLD_856,installed_11392__SUB_HIFLD_856,solar,60417674342.15039,99896.9483170476
SUB_HIFLD_856,installed_11393__SUB_HIFLD_856,solar,60417674342.15039,99896.9483170476
SUB_HIFLD_856,installed_11394__SUB_HIFLD_856,solar,60417674342.15039,99896.9483170476
SUB_HIFLD_860,installed_11822__SUB_HIFLD_860,natural gas,846720000000.0,1400000.0
SUB_HIFLD_863,installed_11380__SUB_HIFLD_863,solar,60417674342.15039,99896.9483170476
SUB_HIFLD_863,installed_11381__SUB_HIFLD_863,solar,60417674342.15039,99896.9483170476
SUB_HIFLD_863,installed_11382__SUB_HIFLD_863,solar,60417674342.15039,99896.9483170476
SUB_HIFLD_863,installed_11383__SUB_HIFLD_863,solar,60417674342.15039,99896.9483170476
SUB_HIFLD_863,installed_11384__SUB_HIFLD_863,solar,60417674342.15039,99896.9483170476
SUB_HIFLD_863,installed_11385__SUB_HIFLD_863,solar,60417674342.15039,99896.9483170476
SUB_HIFLD_863,installed_11386__SUB_HIFLD_863,solar,60417674342.15039,99896.9483170476
SUB_HIFLD_869,installed_13886__SUB_HIFLD_869,solar,181253023147.4904,299690.8451512738
SUB_HIFLD_869,installed_13887__SUB_HIFLD_869,solar,181253023147.4904,299690.8451512738
SUB_HIFLD_869,installed_13888__SUB_HIFLD_869,solar,181253023147.4904,299690.8451512738
SUB_HIFLD_869,installed_13889__SUB_HIFLD_869,solar,181253023147.4904,299690.8451512738
SUB_HIFLD_872,installed_13132__SUB_HIFLD_872,solar,120835348805.34003,199793.89683422624
SUB_HIFLD_877,installed_5805__SUB_HIFLD_877,hydro,169344000000.0,280000.0
SUB_HIFLD_877,installed_5806__SUB_HIFLD_877,hydro,169344000000.0,280000.0
SUB_HIFLD_882,installed_8750__SUB_HIFLD_882,natural gas,773081358582.4957,1278242.9870742324
SUB_HIFLD_894,installed_13483__SUB_HIFLD_894,solar,346334400000.0,572642.8571428572
SUB_HIFLD_894,installed_13484__SUB_HIFLD_894,solar,865836000000.0,1431607.142857143
SUB_HIFLD_894,installed_15759__SUB_HIFLD_894,solar,658035360000.0,1088021.4285714286
SUB_HIFLD_900,installed_11034__SUB_HIFLD_900,natural gas,16025753253701.473,26497607.89302492
SUB_HIFLD_901,installed_12190__SUB_HIFLD_901,solar,190483920000.0,314953.5714285714
SUB_HIFLD_905,installed_8788__SUB_HIFLD_905,natural gas,3835501513310.459,6341768.375182637
SUB_HIFLD_905,installed_15258__SUB_HIFLD_905,battery,7133941756457.657,11795538.618481576
SUB_HIFLD_923,installed_15200__SUB_HIFLD_923,solar,519501600000.0,858964.2857142857
SUB_HIFLD_925,installed_13767__SUB_HIFLD_925,solar,190483920000.0,314953.5714285714
SUB_HIFLD_926,installed_7883__SUB_HIFLD_926,waste,967680000000.0,1600000.0
SUB_HIFLD_926,installed_7884__SUB_HIFLD_926,waste,967680000000.0,1600000.0
SUB_HIFLD_926,installed_7885__SUB_HIFLD_926,waste,967680000000.0,1600000.0
SUB_HIFLD_926,installed_7886__SUB_HIFLD_926,waste,967680000000.0,1600000.0
SUB_HIFLD_928,installed_15845__SUB_HIFLD_928,battery,437463203819.5963,723318.7893842531
SUB_HIFLD_930,installed_88__SUB_HIFLD_930,natural gas,410400000000.0,678571.4285714285
SUB_HIFLD_930,installed_89__SUB_HIFLD_930,natural gas,718200000000.0,1187500.0
SUB_HIFLD_930,installed_90__SUB_HIFLD_930,natural gas,297000000000.0,491071.4285714286
SUB_HIFLD_930,installed_91__SUB_HIFLD_930,natural gas,270000000000.0,446428.5714285714
SUB_HIFLD_930,installed_92__SUB_HIFLD_930,natural gas,307800000000.0,508928.5714285714
SUB_HIFLD_934,installed_15257__SUB_HIFLD_934,battery,1679732107751.3372,2777334.834244936
SUB_HIFLD_935,installed_11714__SUB_HIFLD_935,solar,4502347200000.0,7444357.142857143
SUB_HIFLD_935,installed_12373__SUB_HIFLD_935,solar,1090953360000.0,1803825.0
SUB_HIFLD_935,installed_15250__SUB_HIFLD_935,battery,84600000000.0,139880.95238095237
SUB_HIFLD_935,installed_15251__SUB_HIFLD_935,battery,175226591337.7181,289726.50684146513
SUB_HIFLD_940,installed_7690__SUB_HIFLD_940,natural gas,332640000000.0,550000.0
SUB_HIFLD_942,installed_10887__SUB_HIFLD_942,natural gas,5023538523781.197,8306115.284029758
SUB_HIFLD_942,installed_10888__SUB_HIFLD_942,natural gas,22175370289540.11,36665625.47873695
SUB_HIFLD_942,installed_15252__SUB_HIFLD_942,battery,117000000000.0,193452.38095238095
SUB_HIFLD_942,installed_15253__SUB_HIFLD_942,battery,243009594352.00366,401801.577962969
SUB_HIFLD_954,installed_14892__SUB_HIFLD_954,battery,434356835670.5971,718182.5986617015
SUB_HIFLD_954,installed_14893__SUB_HIFLD_954,solar,779252400000.0,1288446.4285714286
SUB_HIFLD_982,installed_11913__SUB_HIFLD_982,wind,469972800000.0,777071.4285714285
SUB_HIFLD_1013,installed_9144__SUB_HIFLD_1013,natural gas,5745600000000.0,9500000.0
SUB_HIFLD_1013,installed_9145__SUB_HIFLD_1013,natural gas,5198400000000.0,8595238.095238095
SUB_HIFLD_1013,installed_9146__SUB_HIFLD_1013,natural gas,5540400000000.0,9160714.285714285
SUB_HIFLD_1013,installed_9147__SUB_HIFLD_1013,natural gas,5061600000000.0,8369047.619047619
SUB_HIFLD_1013,installed_9148__SUB_HIFLD_1013,natural gas,5745600000000.0,9500000.0
SUB_HIFLD_1013,installed_9149__SUB_HIFLD_1013,natural gas,5745600000000.0,9500000.0
SUB_HIFLD_1013,installed_9150__SUB_HIFLD_1013,natural gas,5745600000000.0,9500000.0
SUB_HIFLD_1013,installed_9151__SUB_HIFLD_1013,natural gas,4368898338944.373,7223707.571005908
SUB_HIFLD_1027,installed_13480__SUB_HIFLD_1027,solar,432918000000.0,715803.5714285715
SUB_HIFLD_1027,installed_13481__SUB_HIFLD_1027,solar,865836000000.0,1431607.142857143
SUB_HIFLD_1027,installed_15195__SUB_HIFLD_1027,solar,398284560000.0,658539.2857142857
SUB_HIFLD_1028,installed_13944__SUB_HIFLD_1028,wind,387324000000.0,640416.6666666666
SUB_HIFLD_1032,installed_12063__SUB_HIFLD_1032,pump hydro,6133952377619.913,10142117.026487952
SUB_HIFLD_1032,installed_12064__SUB_HIFLD_1032,pump hydro,5992616607203.436,9908426.92989986
SUB_HIFLD_1041,installed_11041__SUB_HIFLD_1041,solar,108751813864.28639,179814.5070507381
SUB_HIFLD_1041,installed_11045__SUB_HIFLD_1041,solar,108751813864.28639,179814.5070507381
SUB_HIFLD_1041,installed_13033__SUB_HIFLD_1041,solar,483341395221.3601,799175.587336905
SUB_HIFLD_1041,installed_13038__SUB_HIFLD_1041,solar,483341395221.3601,799175.587336905
SUB_HIFLD_1047,installed_6829__SUB_HIFLD_1047,natural gas,1440000000000.0,2380952.380952381
SUB_HIFLD_1047,installed_6830__SUB_HIFLD_1047,natural gas,1540080000000.0,2546428.5714285714
SUB_HIFLD_1047,installed_6831__SUB_HIFLD_1047,natural gas,2611440000000.0,4317857.142857143
SUB_HIFLD_1059,installed_651__SUB_HIFLD_1059,biomass,0.0,0.0
SUB_HIFLD_1060,installed_12135__SUB_HIFLD_1060,wind,400710951884.73596,662551.1770580952
SUB_HIFLD_1071,installed_6697__SUB_HIFLD_1071,geothermal,665280000000.0,1100000.0
SUB_HIFLD_1071,installed_6698__SUB_HIFLD_1071,geothermal,665280000000.0,1100000.0
SUB_HIFLD_1089,installed_5745__SUB_HIFLD_1089,hydro,17926272000000.0,29640000.0
SUB_HIFLD_1089,installed_5746__SUB_HIFLD_1089,hydro,6168960000000.0,10200000.0
SUB_HIFLD_1089,installed_6892__SUB_HIFLD_1089,hydro,2419200000000.0,4000000.0
SUB_HIFLD_1089,installed_16588__SUB_HIFLD_1089,hydro,9338112000000.0,15440000.0
SUB_HIFLD_1089,installed_5712__SUB_HIFLD_1089,hydro,4112640000000.0,6800000.0
SUB_HIFLD_1126,installed_5450__SUB_HIFLD_1126,hydro,9072000000000.0,15000000.0
SUB_HIFLD_1126,installed_5561__SUB_HIFLD_1126,hydro,9072000000000.0,15000000.0
SUB_HIFLD_1135,installed_9572__SUB_HIFLD_1135,wind,4229755200000.0,6993642.857142857
SUB_HIFLD_1139,installed_17221__SUB_HIFLD_1139,natural gas,10421430000211.91,17231200.397175778
SUB_HIFLD_1139,installed_17222__SUB_HIFLD_1139,natural gas,12642943609576.73,20904337.978797503
SUB_HIFLD_1159,installed_4305__SUB_HIFLD_1159,hydro,377710459292.3331,624521.2620574291
SUB_HIFLD_1159,installed_4306__SUB_HIFLD_1159,hydro,405586301751.60126,670612.2714146847
SUB_HIFLD_1159,installed_4307__SUB_HIFLD_1159,hydro,345772394883.1632,571713.615878246
SUB_HIFLD_1160,installed_4308__SUB_HIFLD_1160,hydro,241920000000.0,400000.0
SUB_HIFLD_1160,installed_4309__SUB_HIFLD_1160,hydro,241920000000.0,400000.0
SUB_HIFLD_1160,installed_4310__SUB_HIFLD_1160,hydro,483840000000.0,800000.0
SUB_HIFLD_1160,installed_4311__SUB_HIFLD_1160,hydro,532224000000.0,880000.0
SUB_HIFLD_1160,installed_4312__SUB_HIFLD_1160,hydro,483840000000.0,800000.0
SUB_HIFLD_1161,installed_5329__SUB_HIFLD_1161,hydro,9072000000000.0,15000000.0
SUB_HIFLD_1161,installed_5479__SUB_HIFLD_1161,hydro,653184000000.0,1080000.0
SUB_HIFLD_1164,installed_4296__SUB_HIFLD_1164,hydro,0.0,0.0
SUB_HIFLD_1164,installed_4297__SUB_HIFLD_1164,hydro,0.0,0.0
SUB_HIFLD_1164,installed_4298__SUB_HIFLD_1164,hydro,0.0,0.0
SUB_HIFLD_1183,installed_5255__SUB_HIFLD_1183,hydro,725760000000.0,1200000.0
SUB_HIFLD_1206,installed_728__SUB_HIFLD_1206,geothermal,15853822504128.002,26213330.860000003
SUB_HIFLD_1206,installed_729__SUB_HIFLD_1206,geothermal,15565571183232.0,25736724.84
SUB_HIFLD_1206,installed_730__SUB_HIFLD_1206,geothermal,15392620391903.998,25450761.229999997
SUB_HIFLD_1206,installed_5383__SUB_HIFLD_1206,hydro,604800000000.0,1000000.0
SUB_HIFLD_1206,installed_5384__SUB_HIFLD_1206,hydro,604800000000.0,1000000.0
SUB_HIFLD_1209,installed_731__SUB_HIFLD_1209,geothermal,17295079096512.0,28596360.94
SUB_HIFLD_1209,installed_732__SUB_HIFLD_1209,geothermal,13490161693344.0,22305161.53
SUB_HIFLD_1209,installed_733__SUB_HIFLD_1209,geothermal,15507920921471.998,25641403.639999997
SUB_HIFLD_1209,installed_734__SUB_HIFLD_1209,geothermal,12567757474944.0,20780022.28
SUB_HIFLD_1209,installed_735__SUB_HIFLD_1209,geothermal,12971309319359.998,21447270.699999996
SUB_HIFLD_1209,installed_736__SUB_HIFLD_1209,geothermal,13547811955103.998,22400482.729999997
SUB_HIFLD_1213,installed_4564__SUB_HIFLD_1213,hydro,1596672000000.0,2640000.0
SUB_HIFLD_1213,installed_4565__SUB_HIFLD_1213,hydro,1596672000000.0,2640000.0
SUB_HIFLD_1213,installed_4566__SUB_HIFLD_1213,hydro,1596672000000.0,2640000.0
SUB_HIFLD_1213,installed_4567__SUB_HIFLD_1213,hydro,1596672000000.0,2640000.0
SUB_HIFLD_1214,installed_4525__SUB_HIFLD_1214,hydro,4959360000000.0,8200000.0
SUB_HIFLD_1214,installed_4526__SUB_HIFLD_1214,hydro,4765824000000.0,7880000.0
SUB_HIFLD_1222,installed_14145__SUB_HIFLD_1222,solar,12083534879323.61,19979389.68142131
SUB_HIFLD_1222,installed_14480__SUB_HIFLD_1222,solar,18729479067853.676,30968054.014308326
SUB_HIFLD_1232,installed_5928__SUB_HIFLD_1232,hydro,1620864000000.0,2680000.0
SUB_HIFLD_1232,installed_5929__SUB_HIFLD_1232,hydro,1620864000000.0,2680000.0
SUB_HIFLD_1232,installed_17733__SUB_HIFLD_1232,hydro,2782080000000.0,4600000.0
SUB_HIFLD_1249,installed_5969__SUB_HIFLD_1249,natural gas,7294912807405.824,12061694.456689524
SUB_HIFLD_1250,installed_16466__SUB_HIFLD_1250,hydro,6531840000000.0,10800000.0
SUB_HIFLD_1250,installed_16467__SUB_HIFLD_1250,hydro,2661120000000.0,4400000.0
SUB_HIFLD_1250,installed_16468__SUB_HIFLD_1250,hydro,2903040000000.0,4800000.0
SUB_HIFLD_1250,installed_16469__SUB_HIFLD_1250,hydro,6531840000000.0,10800000.0
SUB_HIFLD_1251,installed_5019__SUB_HIFLD_1251,natural gas,11491200000000.0,19000000.0
SUB_HIFLD_1251,installed_5020__SUB_HIFLD_1251,natural gas,2381319588449.007,3937367.044393199
SUB_HIFLD_1251,installed_5021__SUB_HIFLD_1251,natural gas,9191804242229.098,15198089.024849698
SUB_HIFLD_1251,installed_5022__SUB_HIFLD_1251,natural gas,22400648939782.008,37038110.01948083
SUB_HIFLD_1251,installed_5023__SUB_HIFLD_1251,natural gas,29030400000000.0,48000000.0
SUB_HIFLD_1252,installed_9280__SUB_HIFLD_1252,natural gas,0.0,0.0
SUB_HIFLD_1252,installed_9281__SUB_HIFLD_1252,natural gas,33168040601476.1,54841336.97334012
SUB_HIFLD_1257,installed_11785__SUB_HIFLD_1257,natural gas,51468129378359.05,85099420.26845081
SUB_HIFLD_1257,installed_11786__SUB_HIFLD_1257,natural gas,27349994442665.637,45221551.65784662
SUB_HIFLD_1257,installed_11787__SUB_HIFLD_1257,natural gas,58665600000000.0,97000000.0
SUB_HIFLD_1257,installed_11788__SUB_HIFLD_1257,natural gas,57817252388056.875,95597308.84268662
SUB_HIFLD_1257,installed_11789__SUB_HIFLD_1257,natural gas,32831984046234.473,54285687.90713371
SUB_HIFLD_1258,installed_368__SUB_HIFLD_1258,waste,9876774192768.0,16330645.16
SUB_HIFLD_1258,installed_369__SUB_HIFLD_1258,waste,9876774192768.0,16330645.16
SUB_HIFLD_1261,installed_200__SUB_HIFLD_1261,natural gas,0.0,0.0
SUB_HIFLD_1261,installed_201__SUB_HIFLD_1261,natural gas,0.0,0.0
SUB_HIFLD_1261,installed_202__SUB_HIFLD_1261,natural gas,0.0,0.0
SUB_HIFLD_1261,installed_203__SUB_HIFLD_1261,natural gas,0.0,0.0
SUB_HIFLD_1261,installed_204__SUB_HIFLD_1261,natural gas,24615360000000.0,40700000.0
SUB_HIFLD_1261,installed_205__SUB_HIFLD_1261,natural gas,1461765185661.933,2416939.7911076937
SUB_HIFLD_1266,installed_152__SUB_HIFLD_1266,non-fossil,4838400000000.0,8000000.0
SUB_HIFLD_1266,installed_153__SUB_HIFLD_1266,non-fossil,4838400000000.0,8000000.0
SUB_HIFLD_1266,installed_154__SUB_HIFLD_1266,non-fossil,4838400000000.0,8000000.0
SUB_HIFLD_1266,installed_155__SUB_HIFLD_1266,non-fossil,4475520000000.0,7400000.0
SUB_HIFLD_1266,installed_11515__SUB_HIFLD_1266,solar,156701160000.0,259095.83333333334
SUB_HIFLD_1266,installed_15674__SUB_HIFLD_1266,solar,322542656353.4868,533304.6566691251
SUB_HIFLD_1266,installed_15964__SUB_HIFLD_1266,solar,406684218892.8708,672427.6106032917
SUB_HIFLD_1268,installed_4631__SUB_HIFLD_1268,natural gas,39312000000000.0,65000000.0
SUB_HIFLD_1268,installed_4632__SUB_HIFLD_1268,natural gas,39312000000000.0,65000000.0
SUB_HIFLD_1268,installed_4633__SUB_HIFLD_1268,natural gas,44909191585.77258,74254.61571721657
SUB_HIFLD_1268,installed_4634__SUB_HIFLD_1268,natural gas,16291628688102.037,26937216.74620046
SUB_HIFLD_1274,installed_525__SUB_HIFLD_1274,geothermal,25156286775647.996,41594389.51
SUB_HIFLD_1275,installed_519__SUB_HIFLD_1275,geothermal,25156286775647.996,41594389.51
SUB_HIFLD_1275,installed_9192__SUB_HIFLD_1275,geothermal,6528655377216.0,10794734.42
SUB_HIFLD_1275,installed_13706__SUB_HIFLD_1275,solar,3849624000000.0,6365119.047619048
SUB_HIFLD_1275,installed_14902__SUB_HIFLD_1275,solar,5774436000000.0,9547678.57142857
SUB_HIFLD_1275,installed_14989__SUB_HIFLD_1275,solar,9624060000000.0,15912797.61904762
SUB_HIFLD_1276,installed_13058__SUB_HIFLD_1276,solar,192481200000.0,318255.95238095237
SUB_HIFLD_1285,installed_7380__SUB_HIFLD_1285,geothermal,22982400000000.0,38000000.0
SUB_HIFLD_1285,installed_7381__SUB_HIFLD_1285,geothermal,3024000000000.0,5000000.0
SUB_HIFLD_1285,installed_7382__SUB_HIFLD_1285,geothermal,1512000000000.0,2500000.0
SUB_HIFLD_1286,installed_4176__SUB_HIFLD_1286,hydro,459648000000.0,760000.0
SUB_HIFLD_1286,installed_4177__SUB_HIFLD_1286,hydro,459648000000.0,760000.0
SUB_HIFLD_1294,installed_3479__SUB_HIFLD_1294,hydro,5636736000000.0,9320000.0
SUB_HIFLD_1294,installed_3480__SUB_HIFLD_1294,hydro,5636736000000.0,9320000.0
SUB_HIFLD_1294,installed_3481__SUB_HIFLD_1294,hydro,5636736000000.0,9320000.0
SUB_HIFLD_1295,installed_3482__SUB_HIFLD_1295,hydro,405247858484.48755,670052.676065621
SUB_HIFLD_1295,installed_3483__SUB_HIFLD_1295,hydro,345194353251.3428,570757.8592118763
SUB_HIFLD_1295,installed_6064__SUB_HIFLD_1295,hydro,41358807309.26514,68384.27134468441
SUB_HIFLD_1295,installed_10186__SUB_HIFLD_1295,wind,23780623680000.0,39319814.28571428
SUB_HIFLD_1297,installed_3149__SUB_HIFLD_1297,hydro,20805120000000.0,34400000.0
SUB_HIFLD_1297,installed_3150__SUB_HIFLD_1297,hydro,20805120000000.0,34400000.0
SUB_HIFLD_1301,installed_5800__SUB_HIFLD_1301,hydro,16934400000000.0,28000000.0
SUB_HIFLD_1301,installed_5801__SUB_HIFLD_1301,hydro,16934400000000.0,28000000.0
SUB_HIFLD_1361,installed_5763__SUB_HIFLD_1361,hydro,17345664000000.0,28680000.0
SUB_HIFLD_1361,installed_5764__SUB_HIFLD_1361,hydro,17345664000000.0,28680000.0
SUB_HIFLD_1361,installed_5765__SUB_HIFLD_1361,hydro,17345664000000.0,28680000.0
SUB_HIFLD_1363,installed_6893__SUB_HIFLD_1363,natural gas,26803716559172.42,44318314.41662107
SUB_HIFLD_1376,installed_17294__SUB_HIFLD_1376,natural gas,21069997915309.57,34837959.51605418
SUB_HIFLD_1376,installed_17295__SUB_HIFLD_1376,natural gas,14809931803411.234,24487321.10352387
SUB_HIFLD_1376,installed_17296__SUB_HIFLD_1376,natural gas,14961466365694.879,24737874.28190291
SUB_HIFLD_1376,installed_17297__SUB_HIFLD_1376,natural gas,3249054708831.5312,5372114.267247902
SUB_HIFLD_1381,installed_17273__SUB_HIFLD_1381,natural gas,24177983239667.53,39976824.13966192
SUB_HIFLD_1381,installed_17274__SUB_HIFLD_1381,natural gas,10039680000000.002,16600000.000000004
SUB_HIFLD_1381,installed_17275__SUB_HIFLD_1381,natural gas,16482233651103.76,27252370.45486733
SUB_HIFLD_1383,installed_9178__SUB_HIFLD_1383,natural gas,6771600000000.0,11196428.57142857
SUB_HIFLD_1383,installed_9179__SUB_HIFLD_1383,natural gas,15076786390489.502,24928548.926073913
SUB_HIFLD_1383,installed_9180__SUB_HIFLD_1383,natural gas,13292100641875.812,21977679.63273117
SUB_HIFLD_1383,installed_14885__SUB_HIFLD_1383,solar,2120126400000.0,3505500.0
SUB_HIFLD_1394,installed_17223__SUB_HIFLD_1394,natural gas,14091840000000.0,23300000.0
SUB_HIFLD_1410,installed_17030__SUB_HIFLD_1410,natural gas,5512740177550.952,9114980.452299854
SUB_HIFLD_1410,installed_17031__SUB_HIFLD_1410,natural gas,0.0,0.0
SUB_HIFLD_1410,installed_17032__SUB_HIFLD_1410,natural gas,4959359999999.999,8199999.999999998
SUB_HIFLD_1410,installed_17033__SUB_HIFLD_1410,natural gas,440479456708.33673,728305.9800071705
SUB_HIFLD_1410,installed_17034__SUB_HIFLD_1410,natural gas,3775239372712.498,6242128.592447914
SUB_HIFLD_1410,installed_17035__SUB_HIFLD_1410,natural gas,3242877772053.4146,5361901.078130646
SUB_HIFLD_1410,installed_17036__SUB_HIFLD_1410,natural gas,113818291149.90234,188191.61896478562
SUB_HIFLD_1410,installed_17037__SUB_HIFLD_1410,natural gas,4959359999999.999,8199999.999999998
SUB_HIFLD_1410,installed_17038__SUB_HIFLD_1410,natural gas,21225201296846.78,35094578.863833964
SUB_HIFLD_1413,installed_1570__SUB_HIFLD_1413,natural gas,33582554437327.492,55526710.37917906
SUB_HIFLD_1413,installed_1571__SUB_HIFLD_1413,natural gas,4926570241433.727,8145784.129354707
SUB_HIFLD_1416,installed_5718__SUB_HIFLD_1416,natural gas,1240699994956.605,2051421.9493330107
SUB_HIFLD_1416,installed_5719__SUB_HIFLD_1416,natural gas,2910909366108.2456,4813011.51803612
SUB_HIFLD_1417,installed_9309__SUB_HIFLD_1417,natural gas,49265943451263.0,81458239.8334375
SUB_HIFLD_1417,installed_9310__SUB_HIFLD_1417,natural gas,49530707617930.734,81896011.27303362
SUB_HIFLD_1417,installed_9311__SUB_HIFLD_1417,natural gas,24021696479146.703,39718413.49065262
SUB_HIFLD_1418,installed_6325__SUB_HIFLD_1418,natural gas,3386880000000.0,5600000.0
SUB_HIFLD_1442,installed_560__SUB_HIFLD_1442,oil,0.0,0.0
SUB_HIFLD_1448,installed_350__SUB_HIFLD_1448,solar,2416706976106.8,3995877.9366845232
SUB_HIFLD_1448,installed_351__SUB_HIFLD_1448,solar,1667527812908.4958,2757155.7753116665
SUB_HIFLD_1450,installed_8766__SUB_HIFLD_1450,natural gas,5308141904802.174,8776689.657411002
SUB_HIFLD_1450,installed_8767__SUB_HIFLD_1450,natural gas,326817491623.62256,540372.8366792701
SUB_HIFLD_1450,installed_8768__SUB_HIFLD_1450,natural gas,7356798996927.893,12164019.505502468
SUB_HIFLD_1450,installed_8769__SUB_HIFLD_1450,natural gas,0.0,0.0
SUB_HIFLD_1450,installed_13311__SUB_HIFLD_1450,solar,241670697610.68005,399587.7936684525
SUB_HIFLD_1450,installed_13312__SUB_HIFLD_1450,solar,241670697610.68005,399587.7936684525
SUB_HIFLD_1450,installed_13313__SUB_HIFLD_1450,solar,0.0,0.0
SUB_HIFLD_1454,installed_12537__SUB_HIFLD_1454,wind,601066427420.736,993826.764915238
SUB_HIFLD_1454,installed_12538__SUB_HIFLD_1454,wind,601066427420.736,993826.764915238
SUB_HIFLD_1455,installed_15174__SUB_HIFLD_1455,solar,2416706976106.8,3995877.9366845232
SUB_HIFLD_1457,installed_12535__SUB_HIFLD_1457,wind,641137522934.304,1060081.8831585713
SUB_HIFLD_1457,installed_12536__SUB_HIFLD_1457,wind,641137522934.304,1060081.8831585713
SUB_HIFLD_1461,installed_16837__SUB_HIFLD_1461,hydro,2612736000000.0,4320000.0
SUB_HIFLD_1461,installed_16838__SUB_HIFLD_1461,hydro,2612736000000.0,4320000.0
SUB_HIFLD_1461,installed_16839__SUB_HIFLD_1461,hydro,2612736000000.0,4320000.0
SUB_HIFLD_1462,installed_4861__SUB_HIFLD_1462,hydro,193536000000.0,320000.0
SUB_HIFLD_1462,installed_4862__SUB_HIFLD_1462,hydro,193536000000.0,320000.0
SUB_HIFLD_1462,installed_4863__SUB_HIFLD_1462,hydro,193536000000.0,320000.0
SUB_HIFLD_1462,installed_4864__SUB_HIFLD_1462,hydro,193536000000.0,320000.0
SUB_HIFLD_1465,installed_4879__SUB_HIFLD_1465,hydro,749952000000.0,1240000.0
SUB_HIFLD_1467,installed_4819__SUB_HIFLD_1467,natural gas,25828497781943.1,42705849.507181056
SUB_HIFLD_1467,installed_4820__SUB_HIFLD_1467,natural gas,24149875177692.484,39930349.16946509
SUB_HIFLD_1467,installed_4821__SUB_HIFLD_1467,natural gas,19222473777.822754,31783.190770209578
SUB_HIFLD_1467,installed_4822__SUB_HIFLD_1467,natural gas,28195836144174.934,46620099.44473369
SUB_HIFLD_1467,installed_4823__SUB_HIFLD_1467,natural gas,24814928105138.695,41029973.71881398
SUB_HIFLD_1467,installed_4824__SUB_HIFLD_1467,natural gas,0.0,0.0
SUB_HIFLD_1467,installed_11355__SUB_HIFLD_1467,solar,60417674342.15039,99896.9483170476
SUB_HIFLD_1467,installed_11356__SUB_HIFLD_1467,solar,60417674342.15039,99896.9483170476
SUB_HIFLD_1467,installed_11357__SUB_HIFLD_1467,solar,60417674342.15039,99896.9483170476
SUB_HIFLD_1467,installed_11358__SUB_HIFLD_1467,solar,60417674342.15039,99896.9483170476
SUB_HIFLD_1467,installed_11359__SUB_HIFLD_1467,solar,60417674342.15039,99896.9483170476
SUB_HIFLD_1467,installed_11360__SUB_HIFLD_1467,solar,60417674342.15039,99896.9483170476
SUB_HIFLD_1467,installed_11361__SUB_HIFLD_1467,solar,60417674342.15039,99896.9483170476
SUB_HIFLD_1467,installed_14436__SUB_HIFLD_1467,natural gas,604800000000.0,1000000.0
SUB_HIFLD_1468,installed_9160__SUB_HIFLD_1468,natural gas,24675840000000.0,40800000.0
SUB_HIFLD_1468,installed_14197__SUB_HIFLD_1468,solar,120835348805.34003,199793.89683422624
SUB_HIFLD_1469,installed_16908__SUB_HIFLD_1469,hydro,241920000000.0,400000.0
SUB_HIFLD_1469,installed_16909__SUB_HIFLD_1469,hydro,241920000000.0,400000.0
SUB_HIFLD_1469,installed_16910__SUB_HIFLD_1469,hydro,241920000000.0,400000.0
SUB_HIFLD_1470,installed_11337__SUB_HIFLD_1470,solar,60417674342.15039,99896.9483170476
SUB_HIFLD_1470,installed_11338__SUB_HIFLD_1470,solar,60417674342.15039,99896.9483170476
SUB_HIFLD_1470,installed_11339__SUB_HIFLD_1470,solar,60417674342.15039,99896.9483170476
SUB_HIFLD_1470,installed_11340__SUB_HIFLD_1470,solar,60417674342.15039,99896.9483170476
SUB_HIFLD_1470,installed_11346__SUB_HIFLD_1470,solar,60417674342.15039,99896.9483170476
SUB_HIFLD_1470,installed_11347__SUB_HIFLD_1470,solar,60417674342.15039,99896.9483170476
SUB_HIFLD_1470,installed_11348__SUB_HIFLD_1470,solar,60417674342.15039,99896.9483170476
SUB_HIFLD_1470,installed_11349__SUB_HIFLD_1470,solar,60417674342.15039,99896.9483170476
SUB_HIFLD_1470,installed_11350__SUB_HIFLD_1470,solar,60417674342.15039,99896.9483170476
SUB_HIFLD_1470,installed_11351__SUB_HIFLD_1470,solar,60417674342.15039,99896.9483170476
SUB_HIFLD_1470,installed_11362__SUB_HIFLD_1470,solar,60417674342.15039,99896.9483170476
SUB_HIFLD_1470,installed_11801__SUB_HIFLD_1470,solar,60417674342.15039,99896.9483170476
SUB_HIFLD_1470,installed_11802__SUB_HIFLD_1470,solar,60417674342.15039,99896.9483170476
SUB_HIFLD_1470,installed_11803__SUB_HIFLD_1470,solar,60417674342.15039,99896.9483170476
SUB_HIFLD_1470,installed_11804__SUB_HIFLD_1470,solar,60417674342.15039,99896.9483170476
SUB_HIFLD_1470,installed_11805__SUB_HIFLD_1470,solar,60417674342.15039,99896.9483170476
SUB_HIFLD_1470,installed_13133__SUB_HIFLD_1470,solar,181253023147.4904,299690.8451512738
SUB_HIFLD_1470,installed_15526__SUB_HIFLD_1470,solar,362506046416.02,599381.6905026786
SUB_HIFLD_1471,installed_6597__SUB_HIFLD_1471,natural gas,2462132712264.614,4070986.62742165
SUB_HIFLD_1471,installed_6598__SUB_HIFLD_1471,natural gas,588237784789.9656,972615.3849040436
SUB_HIFLD_1471,installed_12331__SUB_HIFLD_1471,solar,181253023147.4904,299690.8451512738
SUB_HIFLD_1474,installed_6335__SUB_HIFLD_1474,wind,15908224786004.158,26303281.722890474
SUB_HIFLD_1476,installed_85__SUB_HIFLD_1476,hydro,314496000000.0,520000.0
SUB_HIFLD_1476,installed_6322__SUB_HIFLD_1476,wind,7613508082559.039,12588472.35872857
SUB_HIFLD_1477,installed_6095__SUB_HIFLD_1477,wind,12422039503550.4,20539086.480738096
SUB_HIFLD_1477,installed_9249__SUB_HIFLD_1477,wind,24643723531564.797,40746897.37361904
SUB_HIFLD_1480,installed_576__SUB_HIFLD_1480,wind,4688318135669.76,7751848.769295238
SUB_HIFLD_1480,installed_7173__SUB_HIFLD_1480,wind,19835192110573.44,32796283.251609523
SUB_HIFLD_1480,installed_8988__SUB_HIFLD_1480,wind,8895783130053.12,14708636.127733333
SUB_HIFLD_1480,installed_8989__SUB_HIFLD_1480,wind,17791566256042.562,29417272.24874762
SUB_HIFLD_1480,installed_10656__SUB_HIFLD_1480,wind,18031992826685.758,29814802.954176188
SUB_HIFLD_1480,installed_11740__SUB_HIFLD_1480,natural gas,8420053002321.175,13922045.308070725
SUB_HIFLD_1480,installed_11741__SUB_HIFLD_1480,natural gas,0.0,0.0
SUB_HIFLD_1480,installed_11742__SUB_HIFLD_1480,natural gas,0.0,0.0
SUB_HIFLD_1480,installed_11743__SUB_HIFLD_1480,natural gas,52035156541300.92,86036965.18072243
SUB_HIFLD_1480,installed_11744__SUB_HIFLD_1480,natural gas,0.0,0.0
SUB_HIFLD_1480,installed_11745__SUB_HIFLD_1480,natural gas,0.0,0.0
SUB_HIFLD_1480,installed_11746__SUB_HIFLD_1480,natural gas,3251613080255.671,5376344.378729614
SUB_HIFLD_1480,installed_11747__SUB_HIFLD_1480,natural gas,19341661947028.645,31980261.15580133
SUB_HIFLD_1483,installed_8790__SUB_HIFLD_1483,natural gas,28171775180414.48,46580316.10518267
SUB_HIFLD_1483,installed_8791__SUB_HIFLD_1483,natural gas,19242556119161.793,31816395.699672278
SUB_HIFLD_1483,installed_8792__SUB_HIFLD_1483,natural gas,2490514249053.9595,4117913.7715839273
SUB_HIFLD_1483,installed_11508__SUB_HIFLD_1483,wind,2604621186438.048,4306582.64953381
SUB_HIFLD_1483,installed_12056__SUB_HIFLD_1483,solar,483341395221.3601,799175.587336905
SUB_HIFLD_1483,installed_12668__SUB_HIFLD_1483,wind,2404265710495.6797,3975307.0610047616
SUB_HIFLD_1483,installed_13039__SUB_HIFLD_1483,solar,265837767371.74802,439546.5730352976
SUB_HIFLD_1484,installed_9393__SUB_HIFLD_1484,natural gas,6048000000000.0,10000000.0
SUB_HIFLD_1484,installed_9394__SUB_HIFLD_1484,natural gas,6048000000000.0,10000000.0
SUB_HIFLD_1484,installed_9395__SUB_HIFLD_1484,natural gas,6048000000000.0,10000000.0
SUB_HIFLD_1484,installed_9396__SUB_HIFLD_1484,natural gas,6048000000000.0,10000000.0
SUB_HIFLD_1485,installed_6336__SUB_HIFLD_1485,wind,8014219033631.038,13251023.534442853
SUB_HIFLD_1486,installed_9389__SUB_HIFLD_1486,natural gas,30240000000000.0,50000000.0
SUB_HIFLD_1486,installed_9390__SUB_HIFLD_1486,natural gas,26392563414910.465,43638497.70983873
SUB_HIFLD_1486,installed_9391__SUB_HIFLD_1486,natural gas,29030400000000.0,48000000.0
SUB_HIFLD_1486,installed_9392__SUB_HIFLD_1486,natural gas,9806709898150.62,16214798.112021526
SUB_HIFLD_1486,installed_14534__SUB_HIFLD_1486,natural gas,407497809843.7642,673772.8337363827
SUB_HIFLD_1489,installed_16620__SUB_HIFLD_1489,hydro,1185408000000.0,1960000.0
SUB_HIFLD_1490,installed_9248__SUB_HIFLD_1490,wind,16429149022397.758,27164598.251319043
SUB_HIFLD_1491,installed_5851__SUB_HIFLD_1491,hydro,1911168000000.0,3160000.0
SUB_HIFLD_1493,installed_15875__SUB_HIFLD_1493,natural gas,786240000000.0,1300000.0
SUB_HIFLD_1501,installed_15283__SUB_HIFLD_1501,natural gas,8240818470458.375,13625691.915440435
SUB_HIFLD_1501,installed_15284__SUB_HIFLD_1501,natural gas,7890795164082.104,13046949.676061679
SUB_HIFLD_1501,installed_15285__SUB_HIFLD_1501,natural gas,8572108311372.536,14173459.509544536
SUB_HIFLD_1501,installed_15286__SUB_HIFLD_1501,natural gas,8366075700773.787,13832797.124295283
SUB_HIFLD_1504,installed_17809__SUB_HIFLD_1504,hydro,798336000000.0,1320000.0
SUB_HIFLD_1504,installed_17810__SUB_HIFLD_1504,hydro,798336000000.0,1320000.0
SUB_HIFLD_1504,installed_17811__SUB_HIFLD_1504,hydro,798336000000.0,1320000.0
SUB_HIFLD_1504,installed_17812__SUB_HIFLD_1504,hydro,798336000000.0,1320000.0
SUB_HIFLD_1504,installed_17813__SUB_HIFLD_1504,hydro,798336000000.0,1320000.0
SUB_HIFLD_1504,installed_17814__SUB_HIFLD_1504,hydro,798336000000.0,1320000.0
SUB_HIFLD_1504,installed_17815__SUB_HIFLD_1504,hydro,798336000000.0,1320000.0
SUB_HIFLD_1504,installed_17816__SUB_HIFLD_1504,hydro,798336000000.0,1320000.0
SUB_HIFLD_1504,installed_17817__SUB_HIFLD_1504,hydro,798336000000.0,1320000.0
SUB_HIFLD_1509,installed_14258__SUB_HIFLD_1509,solar,140235937613.1252,231871.58996879167
SUB_HIFLD_1515,installed_5586__SUB_HIFLD_1515,natural gas,0.0,0.0
SUB_HIFLD_1515,installed_5587__SUB_HIFLD_1515,natural gas,0.0,0.0
SUB_HIFLD_1515,installed_5588__SUB_HIFLD_1515,natural gas,0.0,0.0
SUB_HIFLD_1515,installed_5589__SUB_HIFLD_1515,natural gas,0.0,0.0
SUB_HIFLD_1519,installed_5398__SUB_HIFLD_1519,natural gas,43545600000000.0,72000000.0
SUB_HIFLD_1519,installed_5399__SUB_HIFLD_1519,natural gas,6459029674939.894,10679612.557770988
SUB_HIFLD_1519,installed_5400__SUB_HIFLD_1519,natural gas,0.0,0.0
SUB_HIFLD_1519,installed_5401__SUB_HIFLD_1519,natural gas,28667520000000.0,47400000.0
SUB_HIFLD_1519,installed_5402__SUB_HIFLD_1519,natural gas,28667520000000.0,47400000.0
SUB_HIFLD_1519,installed_5403__SUB_HIFLD_1519,natural gas,28667520000000.0,47400000.0
SUB_HIFLD_1519,installed_5404__SUB_HIFLD_1519,natural gas,0.0,0.0
SUB_HIFLD_1519,installed_5405__SUB_HIFLD_1519,natural gas,28667520000000.0,47400000.0
SUB_HIFLD_1523,installed_12684__SUB_HIFLD_1523,solar,266448281279.74564,440556.0206345
SUB_HIFLD_1526,installed_5346__SUB_HIFLD_1526,hydro,2080512000000.0,3440000.0
SUB_HIFLD_1526,installed_5494__SUB_HIFLD_1526,hydro,774144000000.0,1280000.0
SUB_HIFLD_1526,installed_5495__SUB_HIFLD_1526,hydro,701568000000.0,1160000.0
SUB_HIFLD_1528,installed_14789__SUB_HIFLD_1528,oil,0.0,0.0
SUB_HIFLD_1528,installed_14790__SUB_HIFLD_1528,oil,0.0,0.0
SUB_HIFLD_1528,installed_17916__SUB_HIFLD_1528,natural gas,8652416870650.331,14306244.825810734
SUB_HIFLD_1538,installed_12831__SUB_HIFLD_1538,solar,0.0,0.0
SUB_HIFLD_1538,installed_12832__SUB_HIFLD_1538,solar,0.0,0.0
SUB_HIFLD_1538,installed_13176__SUB_HIFLD_1538,solar,0.0,0.0
SUB_HIFLD_1538,installed_13177__SUB_HIFLD_1538,solar,0.0,0.0
SUB_HIFLD_1538,installed_14060__SUB_HIFLD_1538,solar,0.0,0.0
SUB_HIFLD_1538,installed_14830__SUB_HIFLD_1538,solar,0.0,0.0
SUB_HIFLD_1538,installed_14831__SUB_HIFLD_1538,solar,0.0,0.0
SUB_HIFLD_1538,installed_14832__SUB_HIFLD_1538,solar,0.0,0.0
SUB_HIFLD_1538,installed_14947__SUB_HIFLD_1538,solar,0.0,0.0
SUB_HIFLD_1542,installed_6056__SUB_HIFLD_1542,natural gas,30601604078927.043,50597890.34214128
SUB_HIFLD_1542,installed_6057__SUB_HIFLD_1542,natural gas,44870400000000.0,74190476.1904762
SUB_HIFLD_1542,installed_6058__SUB_HIFLD_1542,natural gas,2749594428697.5273,4546287.084486653
SUB_HIFLD_1542,installed_6059__SUB_HIFLD_1542,natural gas,22525514749505.965,37244568.038204305
SUB_HIFLD_1542,installed_6060__SUB_HIFLD_1542,natural gas,19404000000000.0,32083333.333333332
SUB_HIFLD_1542,installed_6061__SUB_HIFLD_1542,natural gas,0.0,0.0
SUB_HIFLD_1546,installed_6915__SUB_HIFLD_1546,hydro,895104000000.0,1480000.0
SUB_HIFLD_1546,installed_6916__SUB_HIFLD_1546,hydro,266112000000.0,440000.0
SUB_HIFLD_1546,installed_16440__SUB_HIFLD_1546,hydro,483840000000.0,800000.0
SUB_HIFLD_1551,installed_5347__SUB_HIFLD_1551,hydro,483840000000.0,800000.0
SUB_HIFLD_1565,installed_6329__SUB_HIFLD_1565,natural gas,0.0,0.0
SUB_HIFLD_1565,installed_6330__SUB_HIFLD_1565,natural gas,0.0,0.0
SUB_HIFLD_1565,installed_6331__SUB_HIFLD_1565,natural gas,4373889570598.441,7231960.268846628
SUB_HIFLD_1566,installed_12142__SUB_HIFLD_1566,solar,0.0,0.0
SUB_HIFLD_1566,installed_12143__SUB_HIFLD_1566,solar,0.0,0.0
SUB_HIFLD_1566,installed_13485__SUB_HIFLD_1566,solar,0.0,0.0
SUB_HIFLD_1566,installed_13486__SUB_HIFLD_1566,solar,0.0,0.0
SUB_HIFLD_1566,installed_14819__SUB_HIFLD_1566,solar,0.0,0.0
SUB_HIFLD_1566,installed_14821__SUB_HIFLD_1566,solar,0.0,0.0
SUB_HIFLD_1566,installed_14822__SUB_HIFLD_1566,solar,0.0,0.0
SUB_HIFLD_1568,installed_9874__SUB_HIFLD_1568,natural gas,29635200000000.0,49000000.0
SUB_HIFLD_1568,installed_9875__SUB_HIFLD_1568,battery,2222813202365.1045,3675286.379571932
SUB_HIFLD_1576,installed_6402__SUB_HIFLD_1576,natural gas,604800000000.0,1000000.0
SUB_HIFLD_1583,installed_13545__SUB_HIFLD_1583,solar,0.0,0.0
SUB_HIFLD_1590,installed_14968__SUB_HIFLD_1590,solar,2416706976106.8,3995877.9366845232
SUB_HIFLD_1590,installed_14969__SUB_HIFLD_1590,solar,1377522975775.6802,2277650.4229095243
SUB_HIFLD_1590,installed_13306__SUB_HIFLD_1590,solar,0.0,0.0
SUB_HIFLD_1590,installed_13307__SUB_HIFLD_1590,solar,0.0,0.0
SUB_HIFLD_1590,installed_13308__SUB_HIFLD_1590,solar,0.0,0.0
SUB_HIFLD_1590,installed_13309__SUB_HIFLD_1590,solar,0.0,0.0
SUB_HIFLD_1590,installed_13310__SUB_HIFLD_1590,solar,0.0,0.0
SUB_HIFLD_1590,installed_12962__SUB_HIFLD_1590,solar,0.0,0.0
SUB_HIFLD_1590,installed_13300__SUB_HIFLD_1590,solar,0.0,0.0
SUB_HIFLD_1590,installed_13301__SUB_HIFLD_1590,solar,0.0,0.0
SUB_HIFLD_1590,installed_13302__SUB_HIFLD_1590,solar,0.0,0.0
SUB_HIFLD_1590,installed_13303__SUB_HIFLD_1590,solar,0.0,0.0
SUB_HIFLD_1590,installed_13304__SUB_HIFLD_1590,solar,0.0,0.0
SUB_HIFLD_1590,installed_13305__SUB_HIFLD_1590,solar,0.0,0.0
SUB_HIFLD_1590,installed_14603__SUB_HIFLD_1590,solar,0.0,0.0
SUB_HIFLD_1590,installed_14604__SUB_HIFLD_1590,solar,0.0,0.0
SUB_HIFLD_1590,installed_14605__SUB_HIFLD_1590,solar,0.0,0.0
SUB_HIFLD_1590,installed_14606__SUB_HIFLD_1590,solar,0.0,0.0
SUB_HIFLD_1606,installed_16470__SUB_HIFLD_1606,hydro,1935360000000.0,3200000.0
SUB_HIFLD_1606,installed_16471__SUB_HIFLD_1606,hydro,4354560000000.0,7200000.0
SUB_HIFLD_1606,installed_16621__SUB_HIFLD_1606,hydro,870912000000.0,1440000.0
SUB_HIFLD_1606,installed_16622__SUB_HIFLD_1606,hydro,870912000000.0,1440000.0
SUB_HIFLD_1613,installed_5706__SUB_HIFLD_1613,natural gas,17274938615098.66,28563059.87946207
SUB_HIFLD_1613,installed_5707__SUB_HIFLD_1613,natural gas,16333569021294.93,27006562.53520987
SUB_HIFLD_1613,installed_5708__SUB_HIFLD_1613,natural gas,28546560000000.0,47200000.0
SUB_HIFLD_1613,installed_5709__SUB_HIFLD_1613,natural gas,17056216900536.3,28201416.832897324
SUB_HIFLD_1613,installed_5710__SUB_HIFLD_1613,natural gas,41126400000000.0,68000000.0
SUB_HIFLD_1613,installed_5711__SUB_HIFLD_1613,natural gas,9676800000000.0,16000000.0
SUB_HIFLD_1640,installed_11994__SUB_HIFLD_1640,solar,108751813864.28639,179814.5070507381
SUB_HIFLD_1643,installed_13723__SUB_HIFLD_1643,solar,0.0,0.0
SUB_HIFLD_1643,installed_13724__SUB_HIFLD_1643,solar,0.0,0.0
SUB_HIFLD_1643,installed_13725__SUB_HIFLD_1643,solar,0.0,0.0
SUB_HIFLD_1643,installed_13789__SUB_HIFLD_1643,solar,0.0,0.0
SUB_HIFLD_1644,installed_15820__SUB_HIFLD_1644,wind,0.0,0.0
SUB_HIFLD_1652,installed_12507__SUB_HIFLD_1652,solar,0.0,0.0
SUB_HIFLD_1652,installed_13882__SUB_HIFLD_1652,solar,0.0,0.0
SUB_HIFLD_1652,installed_13890__SUB_HIFLD_1652,solar,0.0,0.0
SUB_HIFLD_1652,installed_14355__SUB_HIFLD_1652,solar,0.0,0.0
SUB_HIFLD_1652,installed_14671__SUB_HIFLD_1652,solar,0.0,0.0
SUB_HIFLD_1655,installed_12707__SUB_HIFLD_1655,natural gas,2056320000000.0,3400000.0
SUB_HIFLD_1655,installed_12708__SUB_HIFLD_1655,natural gas,1708560000000.0,2825000.0
SUB_HIFLD_1659,installed_11242__SUB_HIFLD_1659,waste,1647360000115.2002,2723809.524
SUB_HIFLD_1659,installed_11243__SUB_HIFLD_1659,waste,1647360000115.2002,2723809.524
SUB_HIFLD_1659,installed_11244__SUB_HIFLD_1659,waste,1647360000115.2002,2723809.524
SUB_HIFLD_1667,installed_11191__SUB_HIFLD_1667,waste,604800000000.0,1000000.0
SUB_HIFLD_1667,installed_11192__SUB_HIFLD_1667,waste,499199999760.00006,825396.8250000002
SUB_HIFLD_1669,installed_16648__SUB_HIFLD_1669,oil,0.0,0.0
SUB_HIFLD_1669,installed_16649__SUB_HIFLD_1669,oil,0.0,0.0
SUB_HIFLD_1669,installed_16650__SUB_HIFLD_1669,oil,0.0,0.0
SUB_HIFLD_1669,installed_16651__SUB_HIFLD_1669,oil,0.0,0.0
SUB_HIFLD_1669,installed_16652__SUB_HIFLD_1669,oil,0.0,0.0
SUB_HIFLD_1669,installed_16653__SUB_HIFLD_1669,oil,0.0,0.0
SUB_HIFLD_1669,installed_16654__SUB_HIFLD_1669,oil,1800000000.0,2976.190476190476
SUB_HIFLD_1669,installed_16655__SUB_HIFLD_1669,oil,1800000000.0,2976.190476190476
SUB_HIFLD_1669,installed_16656__SUB_HIFLD_1669,oil,1800000000.0,2976.190476190476
SUB_HIFLD_1669,installed_16657__SUB_HIFLD_1669,oil,2779170776.3671875,4595.189775739397
SUB_HIFLD_1669,installed_16658__SUB_HIFLD_1669,oil,1878750054.9316406,3106.398900349935
SUB_HIFLD_1669,installed_16659__SUB_HIFLD_1669,oil,1800000000.0,2976.190476190476
SUB_HIFLD_1669,installed_16660__SUB_HIFLD_1669,oil,1080000000.0,1785.7142857142858
SUB_HIFLD_1669,installed_16661__SUB_HIFLD_1669,oil,2880000000.0,4761.9047619047615
SUB_HIFLD_1669,installed_16662__SUB_HIFLD_1669,oil,1800000000.0,2976.190476190476
SUB_HIFLD_1669,installed_16663__SUB_HIFLD_1669,oil,2520000000.0,4166.666666666667
SUB_HIFLD_1669,installed_16664__SUB_HIFLD_1669,oil,2880000000.0,4761.9047619047615
SUB_HIFLD_1669,installed_16665__SUB_HIFLD_1669,oil,1811915123.716127,2995.8914082607916
SUB_HIFLD_1669,installed_16666__SUB_HIFLD_1669,oil,2419171051.0253916,3999.95213463193
SUB_HIFLD_1669,installed_16667__SUB_HIFLD_1669,oil,0.0,0.0
SUB_HIFLD_1669,installed_16668__SUB_HIFLD_1669,oil,1122363638.305663,1855.7599839710037
SUB_HIFLD_1669,installed_16669__SUB_HIFLD_1669,oil,2709488177.490234,4479.973838442847
SUB_HIFLD_1669,installed_16670__SUB_HIFLD_1669,oil,0.0,0.0
SUB_HIFLD_1669,installed_16671__SUB_HIFLD_1669,oil,0.0,0.0
SUB_HIFLD_1669,installed_16672__SUB_HIFLD_1669,oil,2238749945.0683594,3701.636813935779
SUB_HIFLD_1669,installed_16673__SUB_HIFLD_1669,oil,0.0,0.0
SUB_HIFLD_1669,installed_16674__SUB_HIFLD_1669,oil,2160000000.0,3571.4285714285716
SUB_HIFLD_1669,installed_16675__SUB_HIFLD_1669,oil,2649631365.966797,4381.004242669968
SUB_HIFLD_1669,installed_16676__SUB_HIFLD_1669,oil,2160000000.0,3571.4285714285716
SUB_HIFLD_1669,installed_16677__SUB_HIFLD_1669,battery,202000867932.1289,333996.1440676735
SUB_HIFLD_1671,installed_11482__SUB_HIFLD_1671,solar,0.0,0.0
SUB_HIFLD_1678,installed_14581__SUB_HIFLD_1678,solar,0.0,0.0
SUB_HIFLD_1678,installed_14734__SUB_HIFLD_1678,solar,0.0,0.0
SUB_HIFLD_1681,installed_514__SUB_HIFLD_1681,natural gas,3766280309948.32,6227315.327295503
SUB_HIFLD_1681,installed_515__SUB_HIFLD_1681,natural gas,907200000000.0,1500000.0
SUB_HIFLD_1681,installed_11518__SUB_HIFLD_1681,solar,0.0,0.0
SUB_HIFLD_1686,installed_5276__SUB_HIFLD_1686,pump hydro,42908098742891.5,70945930.46113013
SUB_HIFLD_1686,installed_5277__SUB_HIFLD_1686,pump hydro,64766816713882.26,107087990.5983503
SUB_HIFLD_1686,installed_5278__SUB_HIFLD_1686,pump hydro,64145666593239.74,106060956.6687165
SUB_HIFLD_1686,installed_5279__SUB_HIFLD_1686,pump hydro,55408104000000.0,91613928.57142857
SUB_HIFLD_1686,installed_5280__SUB_HIFLD_1686,pump hydro,62530312207712.06,103390066.4810054
SUB_HIFLD_1686,installed_5281__SUB_HIFLD_1686,pump hydro,57734436675419.66,95460378.10089228
SUB_HIFLD_1686,installed_5282__SUB_HIFLD_1686,hydro,13523328000000.0,22360000.0
SUB_HIFLD_1689,installed_15616__SUB_HIFLD_1689,solar,0.0,0.0
SUB_HIFLD_1693,installed_12179__SUB_HIFLD_1693,solar,0.0,0.0
SUB_HIFLD_1693,installed_12184__SUB_HIFLD_1693,solar,0.0,0.0
SUB_HIFLD_1706,installed_14733__SUB_HIFLD_1706,solar,0.0,0.0
SUB_HIFLD_1719,installed_6069__SUB_HIFLD_1719,hydro,241920000000.0,400000.0
SUB_HIFLD_1728,installed_6592__SUB_HIFLD_1728,waste,5624640000000.0,9300000.0
SUB_HIFLD_1728,installed_6593__SUB_HIFLD_1728,waste,5624640000000.0,9300000.0
SUB_HIFLD_1728,installed_6594__SUB_HIFLD_1728,waste,5624640000000.0,9300000.0
SUB_HIFLD_1730,installed_12957__SUB_HIFLD_1730,solar,0.0,0.0
SUB_HIFLD_1730,installed_12958__SUB_HIFLD_1730,solar,0.0,0.0
SUB_HIFLD_1730,installed_12959__SUB_HIFLD_1730,solar,0.0,0.0
SUB_HIFLD_1732,installed_6110__SUB_HIFLD_1732,battery,5240235004113.282,8664409.729023283
SUB_HIFLD_1736,installed_16623__SUB_HIFLD_1736,hydro,2395008000000.0,3960000.0
SUB_HIFLD_1748,installed_6816__SUB_HIFLD_1748,natural gas,11501280000000.0,19016666.666666668
SUB_HIFLD_1748,installed_6817__SUB_HIFLD_1748,natural gas,0.0,0.0
SUB_HIFLD_1756,installed_12950__SUB_HIFLD_1756,solar,0.0,0.0
SUB_HIFLD_1756,installed_12951__SUB_HIFLD_1756,solar,0.0,0.0
SUB_HIFLD_1756,installed_12952__SUB_HIFLD_1756,solar,0.0,0.0
SUB_HIFLD_1756,installed_12953__SUB_HIFLD_1756,solar,0.0,0.0
SUB_HIFLD_1756,installed_12954__SUB_HIFLD_1756,solar,0.0,0.0
SUB_HIFLD_1756,installed_12955__SUB_HIFLD_1756,solar,0.0,0.0
SUB_HIFLD_1756,installed_12960__SUB_HIFLD_1756,solar,0.0,0.0
SUB_HIFLD_1756,installed_12961__SUB_HIFLD_1756,solar,0.0,0.0
SUB_HIFLD_1756,installed_13187__SUB_HIFLD_1756,solar,0.0,0.0
SUB_HIFLD_1756,installed_14142__SUB_HIFLD_1756,solar,0.0,0.0
SUB_HIFLD_1765,installed_9275__SUB_HIFLD_1765,natural gas,2139412674563.1104,3537388.6814866243
SUB_HIFLD_1765,installed_9276__SUB_HIFLD_1765,natural gas,1870506702920.5037,3092769.01937914
SUB_HIFLD_1765,installed_9277__SUB_HIFLD_1765,natural gas,25401600000000.0,42000000.0
SUB_HIFLD_1765,installed_9278__SUB_HIFLD_1765,natural gas,25401600000000.0,42000000.0
SUB_HIFLD_1765,installed_9279__SUB_HIFLD_1765,natural gas,29126658877682.902,48159158.19722702
SUB_HIFLD_1771,installed_16178__SUB_HIFLD_1771,hydro,9192960000000.0,15200000.0
SUB_HIFLD_1771,installed_16179__SUB_HIFLD_1771,hydro,9192960000000.0,15200000.0
SUB_HIFLD_1774,installed_12025__SUB_HIFLD_1774,waste,3447360000000.0,5700000.0
SUB_HIFLD_1775,installed_5496__SUB_HIFLD_1775,oil,0.0,0.0
SUB_HIFLD_1775,installed_5497__SUB_HIFLD_1775,oil,0.0,0.0
SUB_HIFLD_1775,installed_5498__SUB_HIFLD_1775,natural gas,0.0,0.0
SUB_HIFLD_1775,installed_5499__SUB_HIFLD_1775,natural gas,53062806171326.32,87736121.31502368
SUB_HIFLD_1775,installed_5500__SUB_HIFLD_1775,natural gas,61689600000000.0,102000000.0
SUB_HIFLD_1775,installed_5501__SUB_HIFLD_1775,natural gas,23808266954829.87,39365520.75864727
SUB_HIFLD_1777,installed_10750__SUB_HIFLD_1777,solar,36250604581.082405,59938.16895020239
SUB_HIFLD_1777,installed_10751__SUB_HIFLD_1777,solar,36250604581.082405,59938.16895020239
SUB_HIFLD_1777,installed_10752__SUB_HIFLD_1777,solar,36250604581.082405,59938.16895020239
SUB_HIFLD_1777,installed_10753__SUB_HIFLD_1777,solar,36250604581.082405,59938.16895020239
SUB_HIFLD_1777,installed_12964__SUB_HIFLD_1777,solar,181253023147.4904,299690.8451512738
SUB_HIFLD_1777,installed_12965__SUB_HIFLD_1777,solar,60417674342.15039,99896.9483170476
SUB_HIFLD_1815,installed_17245__SUB_HIFLD_1815,hydro,241920000000.0,400000.0
SUB_HIFLD_1815,installed_17246__SUB_HIFLD_1815,hydro,604800000000.0,1000000.0
SUB_HIFLD_1870,installed_4656__SUB_HIFLD_1870,hydro,362880000000.0,600000.0
SUB_HIFLD_1870,installed_4657__SUB_HIFLD_1870,hydro,362880000000.0,600000.0
SUB_HIFLD_1870,installed_4793__SUB_HIFLD_1870,hydro,2726797109199.9297,4508593.103835862
SUB_HIFLD_1926,installed_9873__SUB_HIFLD_1926,natural gas,29635200000000.0,49000000.0
SUB_HIFLD_1946,installed_15500__SUB_HIFLD_1946,battery,374400000000.0,619047.619047619
SUB_HIFLD_1968,installed_5853__SUB_HIFLD_1968,hydro,749952000000.0,1240000.0
SUB_HIFLD_1969,installed_16624__SUB_HIFLD_1969,hydro,1233792000000.0,2040000.0
SUB_HIFLD_2009,installed_16829__SUB_HIFLD_2009,hydro,725760000000.0,1200000.0
SUB_HIFLD_2009,installed_16830__SUB_HIFLD_2009,hydro,145152000000.0,240000.0
SUB_HIFLD_2013,installed_9384__SUB_HIFLD_2013,natural gas,0.0,0.0
SUB_HIFLD_2013,installed_9385__SUB_HIFLD_2013,natural gas,0.0,0.0
SUB_HIFLD_2013,installed_6109__SUB_HIFLD_2013,natural gas,2682000000000.0,4434523.80952381
SUB_HIFLD_2070,installed_12046__SUB_HIFLD_2070,natural gas,665280000000.0,1100000.0
SUB_HIFLD_2070,installed_12047__SUB_HIFLD_2070,natural gas,665280000000.0,1100000.0
SUB_HIFLD_2070,installed_12048__SUB_HIFLD_2070,natural gas,665280000000.0,1100000.0
SUB_HIFLD_2070,installed_12049__SUB_HIFLD_2070,natural gas,665280000000.0,1100000.0
SUB_HIFLD_2117,installed_9260__SUB_HIFLD_2117,natural gas,14935336225380.656,24694669.684822515
SUB_HIFLD_2117,installed_9261__SUB_HIFLD_2117,natural gas,30240000000000.0,50000000.0
SUB_HIFLD_2117,installed_9262__SUB_HIFLD_2117,natural gas,25189237954166.613,41648872.27871464
SUB_HIFLD_2193,installed_231__SUB_HIFLD_2193,hydro,1209600000000.0,2000000.0
SUB_HIFLD_2193,installed_232__SUB_HIFLD_2193,hydro,1209600000000.0,2000000.0
SUB_HIFLD_2281,installed_12485__SUB_HIFLD_2281,solar,0.0,0.0
SUB_HIFLD_2290,installed_1724__SUB_HIFLD_2290,hydro,120960000000.0,200000.0
SUB_HIFLD_2290,installed_1725__SUB_HIFLD_2290,hydro,120960000000.0,200000.0
SUB_HIFLD_2318,installed_6434__SUB_HIFLD_2318,waste,6048000000000.0,10000000.0
SUB_HIFLD_2318,installed_6435__SUB_HIFLD_2318,waste,6048000000000.0,10000000.0
SUB_HIFLD_2352,installed_249__SUB_HIFLD_2352,hydro,1161216000000.0,1920000.0
SUB_HIFLD_2356,installed_172__SUB_HIFLD_2356,hydro,48384000000.0,80000.0
SUB_HIFLD_2356,installed_173__SUB_HIFLD_2356,hydro,48384000000.0,80000.0
SUB_HIFLD_2366,installed_12555__SUB_HIFLD_2366,natural gas,715198132791.63,1182536.595224256
SUB_HIFLD_2366,installed_15847__SUB_HIFLD_2366,solar,120835348805.34003,199793.89683422624
SUB_HIFLD_2373,installed_4505__SUB_HIFLD_2373,hydro,435456000000.0,720000.0
SUB_HIFLD_2373,installed_4506__SUB_HIFLD_2373,hydro,556416000000.0,920000.0
SUB_HIFLD_2373,installed_4523__SUB_HIFLD_2373,hydro,580608000000.0,960000.0
SUB_HIFLD_2373,installed_4524__SUB_HIFLD_2373,hydro,508032000000.0,840000.0
SUB_HIFLD_2373,installed_7115__SUB_HIFLD_2373,hydro,5322240000000.0,8800000.0
SUB_HIFLD_2374,installed_13190__SUB_HIFLD_2374,solar,181253023147.4904,299690.8451512738
SUB_HIFLD_2374,installed_13191__SUB_HIFLD_2374,solar,181253023147.4904,299690.8451512738
SUB_HIFLD_2377,installed_12775__SUB_HIFLD_2377,solar,181253023147.4904,299690.8451512738
SUB_HIFLD_2377,installed_12776__SUB_HIFLD_2377,solar,181253023147.4904,299690.8451512738
SUB_HIFLD_2377,installed_12777__SUB_HIFLD_2377,solar,120835348805.34003,199793.89683422624
SUB_HIFLD_2377,installed_13824__SUB_HIFLD_2377,solar,181253023147.4904,299690.8451512738
SUB_HIFLD_2377,installed_13825__SUB_HIFLD_2377,solar,181253023147.4904,299690.8451512738
SUB_HIFLD_2377,installed_13826__SUB_HIFLD_2377,solar,181253023147.4904,299690.8451512738
SUB_HIFLD_2384,installed_11682__SUB_HIFLD_2384,solar,60417674342.15039,99896.9483170476
SUB_HIFLD_2384,installed_11683__SUB_HIFLD_2384,solar,60417674342.15039,99896.9483170476
SUB_HIFLD_2384,installed_11684__SUB_HIFLD_2384,solar,60417674342.15039,99896.9483170476
SUB_HIFLD_2384,installed_11685__SUB_HIFLD_2384,solar,60417674342.15039,99896.9483170476
SUB_HIFLD_2384,installed_11686__SUB_HIFLD_2384,solar,60417674342.15039,99896.9483170476
SUB_HIFLD_2384,installed_11687__SUB_HIFLD_2384,solar,60417674342.15039,99896.9483170476
SUB_HIFLD_2384,installed_11688__SUB_HIFLD_2384,solar,60417674342.15039,99896.9483170476
SUB_HIFLD_2384,installed_11689__SUB_HIFLD_2384,solar,60417674342.15039,99896.9483170476
SUB_HIFLD_2384,installed_11690__SUB_HIFLD_2384,solar,60417674342.15039,99896.9483170476
SUB_HIFLD_2384,installed_11691__SUB_HIFLD_2384,solar,60417674342.15039,99896.9483170476
SUB_HIFLD_2384,installed_12778__SUB_HIFLD_2384,solar,120835348805.34003,199793.89683422624
SUB_HIFLD_2384,installed_12779__SUB_HIFLD_2384,solar,120835348805.34003,199793.89683422624
SUB_HIFLD_2384,installed_12780__SUB_HIFLD_2384,solar,181253023147.4904,299690.8451512738
SUB_HIFLD_2384,installed_13833__SUB_HIFLD_2384,solar,181253023147.4904,299690.8451512738
SUB_HIFLD_2384,installed_13834__SUB_HIFLD_2384,solar,181253023147.4904,299690.8451512738
SUB_HIFLD_2386,installed_220__SUB_HIFLD_2386,hydro,338688000000.0,560000.0
SUB_HIFLD_2393,installed_12769__SUB_HIFLD_2393,solar,120835348805.34003,199793.89683422624
SUB_HIFLD_2393,installed_12770__SUB_HIFLD_2393,solar,120835348805.34003,199793.89683422624
SUB_HIFLD_2393,installed_12771__SUB_HIFLD_2393,solar,181253023147.4904,299690.8451512738
SUB_HIFLD_2409,installed_6599__SUB_HIFLD_2409,natural gas,11223571662332.035,18557492.827929955
SUB_HIFLD_2409,installed_6600__SUB_HIFLD_2409,natural gas,4112640000000.0,6800000.0
SUB_HIFLD_2414,installed_9373__SUB_HIFLD_2414,hydro,241920000000.0,400000.0
SUB_HIFLD_2414,installed_12924__SUB_HIFLD_2414,natural gas,2661120000000.0,4400000.0
SUB_HIFLD_2414,installed_12925__SUB_HIFLD_2414,natural gas,2661120000000.0,4400000.0
SUB_HIFLD_2414,installed_12926__SUB_HIFLD_2414,natural gas,2661120000000.0,4400000.0
SUB_HIFLD_2440,installed_9869__SUB_HIFLD_2440,natural gas,27657791449048.785,45730475.279511884
SUB_HIFLD_2481,installed_11512__SUB_HIFLD_2481,solar,0.0,0.0
SUB_HIFLD_2481,installed_12625__SUB_HIFLD_2481,solar,0.0,0.0
SUB_HIFLD_2481,installed_12901__SUB_HIFLD_2481,solar,0.0,0.0
SUB_HIFLD_2481,installed_12902__SUB_HIFLD_2481,solar,0.0,0.0
SUB_HIFLD_2481,installed_13161__SUB_HIFLD_2481,solar,0.0,0.0
SUB_HIFLD_2481,installed_14149__SUB_HIFLD_2481,solar,0.0,0.0
SUB_HIFLD_2481,installed_14150__SUB_HIFLD_2481,solar,0.0,0.0
SUB_HIFLD_2485,installed_12763__SUB_HIFLD_2485,natural gas,111890212930.01535,185003.6589451312
SUB_HIFLD_2486,installed_15256__SUB_HIFLD_2486,battery,219600000000.0,363095.2380952381
SUB_HIFLD_2495,installed_7458__SUB_HIFLD_2495,natural gas,7113916542567.358,11762428.145779362
SUB_HIFLD_2495,installed_7459__SUB_HIFLD_2495,natural gas,811735818371.6761,1342155.7843447025
SUB_HIFLD_2497,installed_12050__SUB_HIFLD_2497,natural gas,136800000000.0,226190.47619047618
SUB_HIFLD_2497,installed_12051__SUB_HIFLD_2497,natural gas,165600000000.0,273809.5238095238
SUB_HIFLD_2500,installed_6301__SUB_HIFLD_2500,non-fossil,1391040000000.0,2300000.0
SUB_HIFLD_2500,installed_6302__SUB_HIFLD_2500,non-fossil,1391040000000.0,2300000.0
SUB_HIFLD_2500,installed_6303__SUB_HIFLD_2500,hydro,241920000000.0,400000.0
SUB_HIFLD_2542,installed_6001__SUB_HIFLD_2542,hydro,241920000000.0,400000.0
SUB_HIFLD_2547,installed_11978__SUB_HIFLD_2547,solar,569293200000.0,941291.6666666666
SUB_HIFLD_2551,installed_11046__SUB_HIFLD_2551,solar,108751813864.28639,179814.5070507381
SUB_HIFLD_2556,installed_12100__SUB_HIFLD_2556,solar,1341272372041.8718,2217712.255360238
SUB_HIFLD_2578,installed_13937__SUB_HIFLD_2578,solar,294462000000.0,486875.0
SUB_HIFLD_2584,installed_14072__SUB_HIFLD_2584,waste,2056320000000.0,3400000.0
SUB_HIFLD_2584,installed_14073__SUB_HIFLD_2584,waste,2056320000000.0,3400000.0
SUB_HIFLD_2584,installed_14074__SUB_HIFLD_2584,waste,2056320000000.0,3400000.0
SUB_HIFLD_2584,installed_14075__SUB_HIFLD_2584,waste,2056320000000.0,3400000.0
SUB_HIFLD_2584,installed_14076__SUB_HIFLD_2584,waste,2056320000000.0,3400000.0
SUB_HIFLD_2584,installed_14077__SUB_HIFLD_2584,waste,2056320000000.0,3400000.0
SUB_HIFLD_2584,installed_14078__SUB_HIFLD_2584,waste,2056320000000.0,3400000.0
SUB_HIFLD_2596,installed_12912__SUB_HIFLD_2596,waste,2419200000000.0,4000000.0
SUB_HIFLD_2596,installed_12913__SUB_HIFLD_2596,waste,2419200000000.0,4000000.0
SUB_HIFLD_2596,installed_12914__SUB_HIFLD_2596,waste,2419200000000.0,4000000.0
SUB_HIFLD_2596,installed_12915__SUB_HIFLD_2596,waste,2419200000000.0,4000000.0
SUB_HIFLD_2596,installed_12916__SUB_HIFLD_2596,waste,2419200000000.0,4000000.0
SUB_HIFLD_2603,installed_8039__SUB_HIFLD_2603,waste,794412973267.2002,1313513.5140000004
SUB_HIFLD_2603,installed_8040__SUB_HIFLD_2603,waste,794412973267.2002,1313513.5140000004
SUB_HIFLD_2608,installed_6168__SUB_HIFLD_2608,hydro,290304000000.0,480000.0
SUB_HIFLD_2610,installed_5771__SUB_HIFLD_2610,hydro,2007936000000.0005,3320000.000000001
SUB_HIFLD_2610,installed_5772__SUB_HIFLD_2610,hydro,2007936000000.0005,3320000.000000001
SUB_HIFLD_2620,installed_11480__SUB_HIFLD_2620,wind,40872517090617.6,67580220.0572381
SUB_HIFLD_2620,installed_11481__SUB_HIFLD_2620,wind,67319439902006.414,111308597.72157145
SUB_HIFLD_2620,installed_12182__SUB_HIFLD_2620,wind,67319439902006.414,111308597.72157145
SUB_HIFLD_2620,installed_12183__SUB_HIFLD_2620,wind,60106642742073.61,99382676.49152382
SUB_HIFLD_2620,installed_12185__SUB_HIFLD_2620,wind,52893845622777.6,87456755.32866666
SUB_HIFLD_2620,installed_12374__SUB_HIFLD_2620,wind,40872517090617.6,67580220.0572381
SUB_HIFLD_2635,installed_12863__SUB_HIFLD_2635,solar,4591743254602.92,7592168.079700595
SUB_HIFLD_2635,installed_12864__SUB_HIFLD_2635,solar,6355939346555.6875,10509158.972479641
SUB_HIFLD_2635,installed_12865__SUB_HIFLD_2635,solar,6355939346555.6875,10509158.972479641
SUB_HIFLD_2635,installed_12866__SUB_HIFLD_2635,solar,6887614881299.184,11388252.118550237
SUB_HIFLD_2635,installed_12867__SUB_HIFLD_2635,solar,3890898230926.7515,6433363.477061428
SUB_HIFLD_2635,installed_12868__SUB_HIFLD_2635,solar,1764196091952.768,2916990.8927790476
SUB_HIFLD_2635,installed_12869__SUB_HIFLD_2635,solar,7600543439553.288,12567036.110372499
SUB_HIFLD_2635,installed_14528__SUB_HIFLD_2635,solar,2416706976106.8,3995877.9366845232
SUB_HIFLD_2635,installed_14740__SUB_HIFLD_2635,solar,2416706976106.8,3995877.9366845232
SUB_HIFLD_2642,installed_520__SUB_HIFLD_2642,geothermal,25156286775647.996,41594389.51
SUB_HIFLD_2642,installed_628__SUB_HIFLD_2642,geothermal,28450562430528.004,47041273.86000001
SUB_HIFLD_2642,installed_737__SUB_HIFLD_2642,geothermal,5989592090160.001,9903426.075000003
SUB_HIFLD_2642,installed_738__SUB_HIFLD_2642,geothermal,5989592090160.001,9903426.075000003
SUB_HIFLD_2642,installed_739__SUB_HIFLD_2642,geothermal,2395836836064.0,3961370.43
SUB_HIFLD_2642,installed_740__SUB_HIFLD_2642,geothermal,1257814339084.8003,2079719.4760000003
SUB_HIFLD_2642,installed_6051__SUB_HIFLD_2642,geothermal,14075541414144.0,23273051.28
SUB_HIFLD_2642,installed_6052__SUB_HIFLD_2642,geothermal,3593755254095.999,5942055.644999999
SUB_HIFLD_2642,installed_7753__SUB_HIFLD_2642,geothermal,26354205196704.0,43575074.730000004
SUB_HIFLD_2642,installed_9191__SUB_HIFLD_2642,geothermal,27552123611712.0,45555759.94
SUB_HIFLD_2649,installed_17103__SUB_HIFLD_2649,natural gas,5339113974256.385,8827900.08970963
SUB_HIFLD_2649,installed_17104__SUB_HIFLD_2649,natural gas,23181590211631.0,38329348.89489253
SUB_HIFLD_2649,installed_17105__SUB_HIFLD_2649,natural gas,11187749087751.97,18498262.38054228
SUB_HIFLD_2649,installed_17106__SUB_HIFLD_2649,natural gas,13390288850998.383,22140027.8621005
SUB_HIFLD_2655,installed_13559__SUB_HIFLD_2655,solar,2392539905740.536,3955919.156317024
SUB_HIFLD_2655,installed_14198__SUB_HIFLD_2655,solar,1570859533864.224,2597320.657844286
SUB_HIFLD_2655,installed_14199__SUB_HIFLD_2655,solar,2295871626696.263,3796084.038849642
SUB_HIFLD_2655,installed_14719__SUB_HIFLD_2655,solar,2416706976106.8,3995877.9366845232
SUB_HIFLD_2655,installed_14720__SUB_HIFLD_2655,solar,2416706976106.8,3995877.9366845232
SUB_HIFLD_2655,installed_14724__SUB_HIFLD_2655,solar,1812530231474.904,2996908.451512738
SUB_HIFLD_2655,installed_14725__SUB_HIFLD_2655,solar,2416706976106.8,3995877.9366845232
SUB_HIFLD_2664,installed_12870__SUB_HIFLD_2664,solar,2295871626696.263,3796084.038849642
SUB_HIFLD_2664,installed_12871__SUB_HIFLD_2664,solar,7129285578909.863,11787839.91221869
SUB_HIFLD_2664,installed_12872__SUB_HIFLD_2664,solar,6645944183688.505,10988664.324881786
SUB_HIFLD_2664,installed_12873__SUB_HIFLD_2664,solar,5679261393245.783,9390313.150207976
SUB_HIFLD_2664,installed_12874__SUB_HIFLD_2664,solar,5195919998024.424,8591137.562871072
SUB_HIFLD_2664,installed_12875__SUB_HIFLD_2664,solar,6283438137877.681,10389282.635379763
SUB_HIFLD_2664,installed_13950__SUB_HIFLD_2664,solar,2175036278496.12,3596290.1430160715
SUB_HIFLD_2670,installed_14345__SUB_HIFLD_2670,solar,3849624000000.0,6365119.047619048
SUB_HIFLD_2670,installed_14346__SUB_HIFLD_2670,solar,5774436000000.0,9547678.57142857
SUB_HIFLD_2691,installed_4225__SUB_HIFLD_2691,hydro,2056320000000.0,3400000.0
SUB_HIFLD_2691,installed_6792__SUB_HIFLD_2691,natural gas,7560000000000.0,12500000.0
SUB_HIFLD_2691,installed_6793__SUB_HIFLD_2691,natural gas,7560000000000.0,12500000.0
SUB_HIFLD_2691,installed_6794__SUB_HIFLD_2691,natural gas,6566604417303.662,10857480.848716373
SUB_HIFLD_2769,installed_12088__SUB_HIFLD_2769,solar,196308000000.0,324583.3333333333
SUB_HIFLD_2794,installed_12508__SUB_HIFLD_2794,solar,241670697610.68005,399587.7936684525
SUB_HIFLD_2794,installed_12669__SUB_HIFLD_2794,solar,1425857115297.816,2357567.981643214
SUB_HIFLD_2828,installed_11976__SUB_HIFLD_2828,solar,3337236000000.0,5517916.666666667
SUB_HIFLD_2837,installed_12250__SUB_HIFLD_2837,solar,120835348805.34003,199793.89683422624
SUB_HIFLD_2843,installed_14008__SUB_HIFLD_2843,solar,157085953386.42236,259732.06578442853
SUB_HIFLD_2864,installed_11395__SUB_HIFLD_2864,solar,60417674342.15039,99896.9483170476
SUB_HIFLD_2864,installed_11396__SUB_HIFLD_2864,solar,60417674342.15039,99896.9483170476
SUB_HIFLD_2864,installed_11397__SUB_HIFLD_2864,solar,60417674342.15039,99896.9483170476
SUB_HIFLD_2864,installed_11398__SUB_HIFLD_2864,solar,60417674342.15039,99896.9483170476
SUB_HIFLD_2867,installed_14617__SUB_HIFLD_2867,solar,12083534879323.61,19979389.68142131
SUB_HIFLD_2867,installed_14618__SUB_HIFLD_2867,solar,9062651159795.305,14984542.26156631
SUB_HIFLD_2867,installed_15053__SUB_HIFLD_2867,solar,2416706976106.8,3995877.9366845232
SUB_HIFLD_2869,installed_11936__SUB_HIFLD_2869,solar,0.0,0.0
SUB_HIFLD_2871,installed_13727__SUB_HIFLD_2871,solar,0.0,0.0
SUB_HIFLD_2871,installed_13728__SUB_HIFLD_2871,solar,0.0,0.0
SUB_HIFLD_2896,installed_13766__SUB_HIFLD_2896,solar,190483920000.0,314953.5714285714
SUB_HIFLD_2898,installed_12586__SUB_HIFLD_2898,solar,0.0,0.0
SUB_HIFLD_2898,installed_14037__SUB_HIFLD_2898,solar,0.0,0.0
SUB_HIFLD_2898,installed_14948__SUB_HIFLD_2898,solar,0.0,0.0
SUB_HIFLD_2898,installed_14949__SUB_HIFLD_2898,solar,0.0,0.0
SUB_HIFLD_2912,installed_11021__SUB_HIFLD_2912,solar,60417674342.15039,99896.9483170476
SUB_HIFLD_2912,installed_11022__SUB_HIFLD_2912,solar,60417674342.15039,99896.9483170476
SUB_HIFLD_2919,installed_12386__SUB_HIFLD_2919,natural gas,0.0,0.0
SUB_HIFLD_2919,installed_12387__SUB_HIFLD_2919,natural gas,0.0,0.0
SUB_HIFLD_2933,installed_13022__SUB_HIFLD_2933,solar,2416706976106.8,3995877.9366845232
SUB_HIFLD_2939,installed_15382__SUB_HIFLD_2939,battery,528237371640.01465,873408.3525793893
SUB_HIFLD_2945,installed_12664__SUB_HIFLD_2945,solar,1027100464784.8705,1698248.1229908573
SUB_HIFLD_2948,installed_8793__SUB_HIFLD_2948,natural gas,2186185979485.2048,3614725.4951805635
SUB_HIFLD_2948,installed_8794__SUB_HIFLD_2948,natural gas,0.0,0.0
SUB_HIFLD_2952,installed_6786__SUB_HIFLD_2952,non-fossil,2116800000000.0,3500000.0
SUB_HIFLD_2961,installed_12222__SUB_HIFLD_2961,solar,0.0,0.0
SUB_HIFLD_2963,installed_8751__SUB_HIFLD_2963,natural gas,10180719747292.357,16833200.64036435
SUB_HIFLD_2978,installed_108__SUB_HIFLD_2978,wind,3486185280015.552,5764195.238120952
SUB_HIFLD_2978,installed_12114__SUB_HIFLD_2978,wind,48085314209913.61,79506141.22009525
SUB_HIFLD_2978,installed_12881__SUB_HIFLD_2978,wind,36063985657435.195,59629605.91507142
SUB_HIFLD_3003,installed_10918__SUB_HIFLD_3003,solar,2537542324306.944,4195671.832518095
SUB_HIFLD_3009,installed_5854__SUB_HIFLD_3009,hydro,1427328000000.0,2360000.0
SUB_HIFLD_3015,installed_14152__SUB_HIFLD_3015,solar,217503627849.61203,359629.0143016072
SUB_HIFLD_3015,installed_14440__SUB_HIFLD_3015,natural gas,511200000000.0,845238.0952380953
SUB_HIFLD_3015,installed_14674__SUB_HIFLD_3015,solar,120835348805.34003,199793.89683422624
SUB_HIFLD_3016,installed_8752__SUB_HIFLD_3016,natural gas,0.0,0.0
SUB_HIFLD_3016,installed_9193__SUB_HIFLD_3016,natural gas,8866186061245.668,14659699.17534006
SUB_HIFLD_3016,installed_9194__SUB_HIFLD_3016,natural gas,8718361437827.8,14415280.155138558
SUB_HIFLD_3016,installed_9195__SUB_HIFLD_3016,natural gas,115484669013.26904,190946.8733685004
SUB_HIFLD_3018,installed_9501__SUB_HIFLD_3018,natural gas,0.0,0.0
SUB_HIFLD_3018,installed_9502__SUB_HIFLD_3018,natural gas,10622461289157.246,17563593.401384335
SUB_HIFLD_3020,installed_11865__SUB_HIFLD_3020,battery,624415465398.1885,1032432.9785022957
SUB_HIFLD_3020,installed_11866__SUB_HIFLD_3020,natural gas,1150492209100.5625,1902268.8642535757
SUB_HIFLD_3020,installed_11867__SUB_HIFLD_3020,natural gas,5697242766382.489,9420044.256584803
SUB_HIFLD_3020,installed_11868__SUB_HIFLD_3020,natural gas,526426691250.32825,870414.5027287173
SUB_HIFLD_3021,installed_11208__SUB_HIFLD_3021,natural gas,8164800000000.0,13500000.0
SUB_HIFLD_3021,installed_11209__SUB_HIFLD_3021,natural gas,3326400000000.0,5500000.0
SUB_HIFLD_3048,installed_13562__SUB_HIFLD_3048,non-fossil,907200000000.0,1500000.0
SUB_HIFLD_3079,installed_15254__SUB_HIFLD_3079,battery,205200000000.0,339285.71428571426
SUB_HIFLD_3079,installed_15255__SUB_HIFLD_3079,battery,198000000000.0,327380.95238095237
SUB_HIFLD_3099,installed_13664__SUB_HIFLD_3099,oil,8280000000.0,13690.47619047619
SUB_HIFLD_3099,installed_13665__SUB_HIFLD_3099,oil,12001226000.976562,19843.296959286643
SUB_HIFLD_3099,installed_13666__SUB_HIFLD_3099,oil,16560000000.0,27380.95238095238
SUB_HIFLD_3099,installed_13667__SUB_HIFLD_3099,oil,16560000000.0,27380.95238095238
SUB_HIFLD_3099,installed_13668__SUB_HIFLD_3099,oil,0.0,0.0
SUB_HIFLD_3099,installed_13669__SUB_HIFLD_3099,oil,8280000000.0,13690.47619047619
SUB_HIFLD_3099,installed_13670__SUB_HIFLD_3099,oil,17152771398.925781,28361.063820975167
SUB_HIFLD_3099,installed_13671__SUB_HIFLD_3099,oil,24840000000.0,41071.42857142857
SUB_HIFLD_3099,installed_13672__SUB_HIFLD_3099,oil,0.0,0.0
SUB_HIFLD_3099,installed_13673__SUB_HIFLD_3099,oil,17588023077.39258,29080.725987752277
SUB_HIFLD_3099,installed_13674__SUB_HIFLD_3099,oil,29116834222.41211,48142.91372753325
SUB_HIFLD_3099,installed_13675__SUB_HIFLD_3099,oil,15840000000.0,26190.47619047619
SUB_HIFLD_3099,installed_13676__SUB_HIFLD_3099,oil,10277275630.749853,16992.84991856788
SUB_HIFLD_3099,installed_13677__SUB_HIFLD_3099,oil,0.0,0.0
SUB_HIFLD_3099,installed_13678__SUB_HIFLD_3099,oil,0.0,0.0
SUB_HIFLD_3099,installed_13679__SUB_HIFLD_3099,oil,27420504730.22461,45338.13612801688
SUB_HIFLD_3099,installed_13680__SUB_HIFLD_3099,oil,7920000000.0,13095.238095238095
SUB_HIFLD_3099,installed_13681__SUB_HIFLD_3099,oil,15124695776.367188,25007.7641805013
SUB_HIFLD_3099,installed_13682__SUB_HIFLD_3099,oil,17122139978.027348,28310.41663033622
SUB_HIFLD_3099,installed_13683__SUB_HIFLD_3099,oil,14557942913.81836,24070.672807239353
SUB_HIFLD_3099,installed_13684__SUB_HIFLD_3099,oil,0.0,0.0
SUB_HIFLD_3099,installed_13685__SUB_HIFLD_3099,oil,8947164990.234373,14793.592907133554
SUB_HIFLD_3099,installed_13686__SUB_HIFLD_3099,oil,0.0,0.0
SUB_HIFLD_3099,installed_13687__SUB_HIFLD_3099,oil,0.0,0.0
SUB_HIFLD_3099,installed_13688__SUB_HIFLD_3099,oil,0.0,0.0
SUB_HIFLD_3099,installed_13689__SUB_HIFLD_3099,oil,8587071606.4453125,14198.200407482329
SUB_HIFLD_3099,installed_13690__SUB_HIFLD_3099,oil,7920000000.0,13095.238095238095
SUB_HIFLD_3099,installed_13691__SUB_HIFLD_3099,oil,11170008792.114258,18468.9298811413
SUB_HIFLD_3099,installed_13692__SUB_HIFLD_3099,oil,11780852233.886719,19478.922344389415
SUB_HIFLD_3101,installed_9269__SUB_HIFLD_3101,non-fossil,1209600000000.0,2000000.0
SUB_HIFLD_3101,installed_9270__SUB_HIFLD_3101,non-fossil,1209600000000.0,2000000.0
SUB_HIFLD_3101,installed_9271__SUB_HIFLD_3101,non-fossil,1209600000000.0,2000000.0
SUB_HIFLD_3101,installed_12019__SUB_HIFLD_3101,non-fossil,2298240000000.0,3800000.0
SUB_HIFLD_3113,installed_12020__SUB_HIFLD_3113,solar,0.0,0.0
SUB_HIFLD_3115,installed_14859__SUB_HIFLD_3115,solar,196308000000.0,324583.3333333333
SUB_HIFLD_3117,installed_12713__SUB_HIFLD_3117,solar,196308000000.0,324583.3333333333
SUB_HIFLD_3119,installed_12521__SUB_HIFLD_3119,solar,98154000000.0,162291.66666666666
SUB_HIFLD_3119,installed_12522__SUB_HIFLD_3119,solar,98154000000.0,162291.66666666666
SUB_HIFLD_3138,installed_12119__SUB_HIFLD_3138,solar,981540000000.0,1622916.6666666667
SUB_HIFLD_3138,installed_12121__SUB_HIFLD_3138,solar,981540000000.0,1622916.6666666667
SUB_HIFLD_3138,installed_12123__SUB_HIFLD_3138,solar,981540000000.0,1622916.6666666667
SUB_HIFLD_3141,installed_12551__SUB_HIFLD_3141,solar,588924000000.0,973750.0
SUB_HIFLD_3152,installed_15527__SUB_HIFLD_3152,solar,241670697610.68005,399587.7936684525
SUB_HIFLD_3156,installed_8804__SUB_HIFLD_3156,non-fossil,16994880000000.0,28100000.0
SUB_HIFLD_3160,installed_11114__SUB_HIFLD_3160,natural gas,3116484692897.169,5152917.812329975
SUB_HIFLD_3160,installed_11115__SUB_HIFLD_3160,natural gas,29030400000000.0,48000000.0
SUB_HIFLD_3160,installed_11116__SUB_HIFLD_3160,natural gas,22171664005620.555,36659497.3637906
SUB_HIFLD_3160,installed_11117__SUB_HIFLD_3160,natural gas,14942002278502.828,24705691.598053616
SUB_HIFLD_3168,installed_14883__SUB_HIFLD_3168,natural gas,415734963655.7668,687392.4663620482
SUB_HIFLD_3171,installed_14438__SUB_HIFLD_3171,natural gas,604800000000.0,1000000.0
SUB_HIFLD_3198,installed_9686__SUB_HIFLD_3198,natural gas,725760000000.0,1200000.0
SUB_HIFLD_3198,installed_9687__SUB_HIFLD_3198,natural gas,725760000000.0,1200000.0
SUB_HIFLD_3198,installed_9688__SUB_HIFLD_3198,natural gas,725760000000.0,1200000.0
SUB_HIFLD_3198,installed_9689__SUB_HIFLD_3198,natural gas,725760000000.0,1200000.0
SUB_HIFLD_3198,installed_9690__SUB_HIFLD_3198,natural gas,725760000000.0,1200000.0
SUB_HIFLD_3198,installed_9691__SUB_HIFLD_3198,natural gas,712568226745.2118,1178188.2055972416
SUB_HIFLD_3198,installed_9692__SUB_HIFLD_3198,natural gas,725760000000.0,1200000.0
SUB_HIFLD_3201,installed_6324__SUB_HIFLD_3201,wind,30814672190264.64,50950185.49977619
SUB_HIFLD_3201,installed_11513__SUB_HIFLD_3201,solar,1027100464784.8705,1698248.1229908573
SUB_HIFLD_3201,installed_12592__SUB_HIFLD_3201,wind,64915174195574.4,107333290.66728571
SUB_HIFLD_3201,installed_9811__SUB_HIFLD_3201,wind,0.0,0.0
SUB_HIFLD_3207,installed_11168__SUB_HIFLD_3207,solar,16098213600000.0,26617416.666666668
SUB_HIFLD_3207,installed_11169__SUB_HIFLD_3207,solar,16098213600000.0,26617416.666666668
SUB_HIFLD_3207,installed_11170__SUB_HIFLD_3207,solar,16098213600000.0,26617416.666666668
SUB_HIFLD_3207,installed_13201__SUB_HIFLD_3207,solar,9183486507995.447,15184336.157399878
SUB_HIFLD_3207,installed_13202__SUB_HIFLD_3207,solar,4108401859381.5605,6792992.492363691
SUB_HIFLD_3207,installed_13203__SUB_HIFLD_3207,solar,4591743254602.92,7592168.079700595
SUB_HIFLD_3207,installed_13204__SUB_HIFLD_3207,solar,4591743254602.92,7592168.079700595
SUB_HIFLD_3207,installed_13205__SUB_HIFLD_3207,solar,4591743254602.92,7592168.079700595
SUB_HIFLD_3207,installed_13206__SUB_HIFLD_3207,solar,4591743254602.92,7592168.079700595
SUB_HIFLD_3207,installed_13207__SUB_HIFLD_3207,solar,4591743254602.92,7592168.079700595
SUB_HIFLD_3208,installed_11441__SUB_HIFLD_3208,solar,120835348805.34003,199793.89683422624
SUB_HIFLD_3209,installed_5417__SUB_HIFLD_3209,oil,0.0,0.0
SUB_HIFLD_3209,installed_5418__SUB_HIFLD_3209,oil,0.0,0.0
SUB_HIFLD_3209,installed_5419__SUB_HIFLD_3209,natural gas,38395219672036.2,63484159.51064187
SUB_HIFLD_3209,installed_5420__SUB_HIFLD_3209,natural gas,58242240000000.0,96300000.0
SUB_HIFLD_3209,installed_5421__SUB_HIFLD_3209,natural gas,58242240000000.0,96300000.0
SUB_HIFLD_3209,installed_5422__SUB_HIFLD_3209,natural gas,54552907120306.31,90199912.56664403
SUB_HIFLD_3209,installed_5423__SUB_HIFLD_3209,natural gas,54953978538742.15,90863059.75321123
SUB_HIFLD_3209,installed_5424__SUB_HIFLD_3209,natural gas,1280959762155.1826,2117989.024727484
SUB_HIFLD_3209,installed_5425__SUB_HIFLD_3209,natural gas,6944760506983.924,11482738.933505164
SUB_HIFLD_3209,installed_5426__SUB_HIFLD_3209,natural gas,0.0,0.0
SUB_HIFLD_3209,installed_5427__SUB_HIFLD_3209,natural gas,33162620947917.74,54832375.90594864
SUB_HIFLD_3219,installed_10089__SUB_HIFLD_3219,natural gas,906699068885.6484,1499171.7408823553
SUB_HIFLD_3219,installed_10090__SUB_HIFLD_3219,natural gas,1036143850152.6378,1713200.8104375626
SUB_HIFLD_3219,installed_11738__SUB_HIFLD_3219,geothermal,30179520000000.0,49900000.0
SUB_HIFLD_3219,installed_12501__SUB_HIFLD_3219,solar,4427067600000.0,7319886.904761905
SUB_HIFLD_3219,installed_14263__SUB_HIFLD_3219,solar,3849624000000.0,6365119.047619048
SUB_HIFLD_3220,installed_8575__SUB_HIFLD_3220,wind,6611730704879.04,10932094.419442857
SUB_HIFLD_3222,installed_13487__SUB_HIFLD_3222,natural gas,2250743097054.721,3721466.761003176
SUB_HIFLD_3222,installed_13488__SUB_HIFLD_3222,natural gas,2782080000000.0,4600000.0
SUB_HIFLD_3222,installed_13489__SUB_HIFLD_3222,natural gas,1106028616963.0835,1828751.0201109182
SUB_HIFLD_3235,installed_6546__SUB_HIFLD_3235,geothermal,6888030905951.999,11388939.989999998
SUB_HIFLD_3235,installed_6547__SUB_HIFLD_3235,geothermal,5091153276787.202,8417912.164000003
SUB_HIFLD_3235,installed_6548__SUB_HIFLD_3235,geothermal,419271446160.00006,693239.8250000002
SUB_HIFLD_3235,installed_6549__SUB_HIFLD_3235,geothermal,419271446160.00006,693239.8250000002
SUB_HIFLD_3241,installed_6951__SUB_HIFLD_3241,geothermal,2276044993958.4,3763301.9079999994
SUB_HIFLD_3241,installed_6952__SUB_HIFLD_3241,geothermal,2276044993958.4,3763301.9079999994
SUB_HIFLD_3241,installed_6953__SUB_HIFLD_3241,geothermal,2276044993958.4,3763301.9079999994
SUB_HIFLD_3241,installed_6954__SUB_HIFLD_3241,geothermal,1209600000000.0,2000000.0
SUB_HIFLD_3241,installed_6955__SUB_HIFLD_3241,geothermal,1796877626745.6003,2971027.8220000006
SUB_HIFLD_3241,installed_6956__SUB_HIFLD_3241,geothermal,7257600000000.0,12000000.0
SUB_HIFLD_3241,installed_6957__SUB_HIFLD_3241,geothermal,1796877626745.6003,2971027.8220000006
SUB_HIFLD_3241,installed_6958__SUB_HIFLD_3241,geothermal,1796877626745.6003,2971027.8220000006
SUB_HIFLD_3241,installed_6959__SUB_HIFLD_3241,geothermal,1796877626745.6003,2971027.8220000006
SUB_HIFLD_3241,installed_6960__SUB_HIFLD_3241,geothermal,1796877626745.6003,2971027.8220000006
SUB_HIFLD_3241,installed_6961__SUB_HIFLD_3241,geothermal,1796877626745.6003,2971027.8220000006
SUB_HIFLD_3241,installed_6962__SUB_HIFLD_3241,geothermal,2276044993958.4,3763301.9079999994
SUB_HIFLD_3241,installed_6963__SUB_HIFLD_3241,geothermal,2276044993958.4,3763301.9079999994
SUB_HIFLD_3241,installed_6964__SUB_HIFLD_3241,geothermal,2276044993958.4,3763301.9079999994
SUB_HIFLD_3251,installed_5220__SUB_HIFLD_3251,oil,0.0,0.0
SUB_HIFLD_3251,installed_5221__SUB_HIFLD_3251,natural gas,11756691386461.102,19438973.85327563
SUB_HIFLD_3251,installed_5222__SUB_HIFLD_3251,natural gas,28298381996259.01,46789652.77159228
SUB_HIFLD_3251,installed_5223__SUB_HIFLD_3251,natural gas,20828614431401.445,34438846.612766944
SUB_HIFLD_3251,installed_5224__SUB_HIFLD_3251,natural gas,17596551609447.035,29094827.396572478
SUB_HIFLD_3251,installed_5225__SUB_HIFLD_3251,natural gas,17436305153817.91,28829869.632635433
SUB_HIFLD_3251,installed_5226__SUB_HIFLD_3251,battery,6455774041538.268,10674229.566035494
SUB_HIFLD_3256,installed_17224__SUB_HIFLD_3256,natural gas,5917613875546.563,9784414.476763498
SUB_HIFLD_3256,installed_17225__SUB_HIFLD_3256,natural gas,1088468193321.5889,1799715.9281110927
SUB_HIFLD_3262,installed_16999__SUB_HIFLD_3262,natural gas,1999652702773.0095,3306304.0720453197
SUB_HIFLD_3262,installed_17000__SUB_HIFLD_3262,natural gas,1123456394554.327,1857566.7899377097
SUB_HIFLD_3263,installed_16997__SUB_HIFLD_3263,natural gas,4398433663293.297,7272542.432693942
SUB_HIFLD_3263,installed_16998__SUB_HIFLD_3263,natural gas,11979434095050.242,19807265.368800003
SUB_HIFLD_3296,installed_13911__SUB_HIFLD_3296,solar,0.0,0.0
SUB_HIFLD_3296,installed_13912__SUB_HIFLD_3296,solar,0.0,0.0
SUB_HIFLD_3305,installed_12207__SUB_HIFLD_3305,solar,549662400000.0,908833.3333333334
SUB_HIFLD_3305,installed_12208__SUB_HIFLD_3305,solar,176677200000.0,292125.0
SUB_HIFLD_3306,installed_14919__SUB_HIFLD_3306,solar,0.0,0.0
SUB_HIFLD_3306,installed_14920__SUB_HIFLD_3306,solar,0.0,0.0
SUB_HIFLD_3308,installed_12159__SUB_HIFLD_3308,solar,981540000000.0,1622916.6666666667
SUB_HIFLD_3308,installed_12160__SUB_HIFLD_3308,solar,981540000000.0,1622916.6666666667
SUB_HIFLD_3308,installed_12161__SUB_HIFLD_3308,solar,981540000000.0,1622916.6666666667
SUB_HIFLD_3308,installed_12162__SUB_HIFLD_3308,solar,981540000000.0,1622916.6666666667
SUB_HIFLD_3308,installed_12163__SUB_HIFLD_3308,solar,981540000000.0,1622916.6666666667
SUB_HIFLD_3308,installed_12164__SUB_HIFLD_3308,solar,981540000000.0,1622916.6666666667
SUB_HIFLD_3316,installed_6522__SUB_HIFLD_3316,wind,1402488331190.208,2318929.1190314284
SUB_HIFLD_3316,installed_6523__SUB_HIFLD_3316,wind,1682985997346.9758,2782714.9427033328
SUB_HIFLD_3316,installed_6524__SUB_HIFLD_3316,wind,9256422986017.92,15304932.18587619
SUB_HIFLD_3316,installed_6525__SUB_HIFLD_3316,wind,1482630521404.608,2451439.354174285
SUB_HIFLD_3316,installed_6578__SUB_HIFLD_3316,wind,12021328552478.402,19876535.30502381
SUB_HIFLD_3316,installed_6826__SUB_HIFLD_3316,wind,11620617601406.4,19213984.129309524
SUB_HIFLD_3316,installed_7322__SUB_HIFLD_3316,wind,11500404316084.799,19015218.77659524
SUB_HIFLD_3316,installed_9628__SUB_HIFLD_3316,wind,24042657104956.805,39753070.61004762
SUB_HIFLD_3316,installed_11478__SUB_HIFLD_3316,wind,60106642742073.61,99382676.49152382
SUB_HIFLD_3316,installed_11479__SUB_HIFLD_3316,wind,60106642742073.61,99382676.49152382
SUB_HIFLD_3316,installed_12181__SUB_HIFLD_3316,wind,60106642742073.61,99382676.49152382
SUB_HIFLD_3316,installed_13853__SUB_HIFLD_3316,wind,39670384221146.88,65592566.503219046
SUB_HIFLD_3316,installed_14365__SUB_HIFLD_3316,solar,2416706976106.8,3995877.9366845232
SUB_HIFLD_3316,installed_15279__SUB_HIFLD_3316,wind,52533205766812.8,86860459.27052382
SUB_HIFLD_3319,installed_14827__SUB_HIFLD_3319,solar,0.0,0.0
SUB_HIFLD_3349,installed_9315__SUB_HIFLD_3349,waste,1512000000000.0,2500000.0
SUB_HIFLD_3349,installed_9316__SUB_HIFLD_3349,waste,1814400000000.0,3000000.0
SUB_HIFLD_3349,installed_9317__SUB_HIFLD_3349,waste,181440000000.0,300000.0
SUB_HIFLD_3349,installed_12443__SUB_HIFLD_3349,waste,4112640000000.0,6800000.0
SUB_HIFLD_3349,installed_12444__SUB_HIFLD_3349,waste,4112640000000.0,6800000.0
SUB_HIFLD_3349,installed_12445__SUB_HIFLD_3349,waste,4112640000000.0,6800000.0
SUB_HIFLD_3349,installed_12446__SUB_HIFLD_3349,waste,4112640000000.0,6800000.0
SUB_HIFLD_3349,installed_12447__SUB_HIFLD_3349,waste,6048000000000.0,10000000.0
SUB_HIFLD_3354,installed_637__SUB_HIFLD_3354,geothermal,1935360000000.0,3200000.0
SUB_HIFLD_3354,installed_638__SUB_HIFLD_3354,geothermal,8085949320960.001,13369625.200000003
SUB_HIFLD_3354,installed_6919__SUB_HIFLD_3354,geothermal,8085949320960.001,13369625.200000003
SUB_HIFLD_3354,installed_7449__SUB_HIFLD_3354,geothermal,6888030905951.999,11388939.989999998
SUB_HIFLD_3354,installed_7450__SUB_HIFLD_3354,geothermal,5140800000000.0,8500000.0
SUB_HIFLD_3357,installed_12548__SUB_HIFLD_3357,wind,641137522934.304,1060081.8831585713
SUB_HIFLD_3357,installed_12549__SUB_HIFLD_3357,wind,641137522934.304,1060081.8831585713
SUB_HIFLD_3368,installed_6477__SUB_HIFLD_3368,wind,17390855304970.56,28754721.073033333
SUB_HIFLD_3368,installed_9340__SUB_HIFLD_3368,wind,8975925320267.52,14841146.362876192
SUB_HIFLD_3368,installed_12077__SUB_HIFLD_3368,solar,290004837132.816,479505.35240214283
SUB_HIFLD_3381,installed_10893__SUB_HIFLD_3381,solar,19440601200000.0,32143851.19047619
SUB_HIFLD_3381,installed_10894__SUB_HIFLD_3381,solar,12434285520000.0,20559334.523809522
SUB_HIFLD_3381,installed_10895__SUB_HIFLD_3381,solar,6602105160000.0,10916179.166666666
SUB_HIFLD_3381,installed_12883__SUB_HIFLD_3381,solar,1924812000000.0,3182559.523809524
SUB_HIFLD_3382,installed_11042__SUB_HIFLD_3382,solar,0.0,0.0
SUB_HIFLD_3387,installed_12044__SUB_HIFLD_3387,solar,13291888362535.441,21977328.641758334
SUB_HIFLD_3398,installed_6914__SUB_HIFLD_3398,waste,1588825945929.6,2627027.0270000002
SUB_HIFLD_3418,installed_13027__SUB_HIFLD_3418,solar,604176744026.7,998969.4841711308
SUB_HIFLD_3418,installed_13029__SUB_HIFLD_3418,solar,1208353487932.361,1997938.9681421313
SUB_HIFLD_3418,installed_13567__SUB_HIFLD_3418,solar,5437590695635.104,8990725.356539523
SUB_HIFLD_3418,installed_13571__SUB_HIFLD_3418,solar,1812530231474.904,2996908.451512738
SUB_HIFLD_3435,installed_13791__SUB_HIFLD_3435,solar,0.0,0.0
SUB_HIFLD_3475,installed_12606__SUB_HIFLD_3475,solar,157085953386.42236,259732.06578442853
SUB_HIFLD_3509,installed_15727__SUB_HIFLD_3509,non-fossil,6048000000000.0,10000000.0
SUB_HIFLD_3509,installed_15728__SUB_HIFLD_3509,non-fossil,6048000000000.0,10000000.0
SUB_HIFLD_3509,installed_15729__SUB_HIFLD_3509,non-fossil,1209600000000.0,2000000.0
SUB_HIFLD_3513,installed_8789__SUB_HIFLD_3513,natural gas,11983904729575.883,19814657.290965416
SUB_HIFLD_3525,installed_4922__SUB_HIFLD_3525,hydro,314496000000.0,520000.0
SUB_HIFLD_3525,installed_4923__SUB_HIFLD_3525,hydro,314496000000.0,520000.0
SUB_HIFLD_3526,installed_650__SUB_HIFLD_3526,natural gas,22463832529561.348,37142580.240676835
SUB_HIFLD_3526,installed_6265__SUB_HIFLD_3526,natural gas,1612672032023.577,2666455.0794040626
SUB_HIFLD_3526,installed_6266__SUB_HIFLD_3526,natural gas,29332800000000.0,48500000.0
SUB_HIFLD_3529,installed_11869__SUB_HIFLD_3529,natural gas,17539200000000.0,29000000.0
SUB_HIFLD_3570,installed_13919__SUB_HIFLD_3570,solar,0.0,0.0
SUB_HIFLD_3570,installed_13920__SUB_HIFLD_3570,solar,0.0,0.0
SUB_HIFLD_3570,installed_13929__SUB_HIFLD_3570,solar,0.0,0.0
SUB_HIFLD_3570,installed_13930__SUB_HIFLD_3570,solar,0.0,0.0
SUB_HIFLD_3570,installed_13931__SUB_HIFLD_3570,solar,0.0,0.0
SUB_HIFLD_3570,installed_15055__SUB_HIFLD_3570,solar,0.0,0.0
SUB_HIFLD_3570,installed_16056__SUB_HIFLD_3570,battery,5886000000000.0,9732142.857142856
SUB_HIFLD_3573,installed_487__SUB_HIFLD_3573,wind,23882372724528.0,39488050.1397619
SUB_HIFLD_3573,installed_489__SUB_HIFLD_3573,wind,11620617601406.4,19213984.129309524
SUB_HIFLD_3573,installed_6837__SUB_HIFLD_3573,wind,5650024418242.56,9341971.591009524
SUB_HIFLD_3573,installed_6838__SUB_HIFLD_3573,wind,8495072178981.12,14046084.952019047
SUB_HIFLD_3573,installed_7644__SUB_HIFLD_3573,wind,3325900899586.752,5499174.767835238
SUB_HIFLD_3573,installed_7645__SUB_HIFLD_3573,wind,5449668942706.56,9010696.00315238
SUB_HIFLD_3573,installed_7682__SUB_HIFLD_3573,wind,18793343637786.24,31073650.19475238
SUB_HIFLD_3575,installed_6320__SUB_HIFLD_3575,wind,601066427420.736,993826.764915238
SUB_HIFLD_3575,installed_6321__SUB_HIFLD_3575,wind,7853934653202.24,12986003.064157143
SUB_HIFLD_3575,installed_7068__SUB_HIFLD_3575,wind,1202132855247.8398,1987653.5305023808
SUB_HIFLD_3575,installed_9578__SUB_HIFLD_3575,wind,961706284198.272,1590122.8244019048
SUB_HIFLD_3575,installed_9579__SUB_HIFLD_3575,wind,641137522934.304,1060081.8831585713
SUB_HIFLD_3592,installed_12191__SUB_HIFLD_3592,solar,0.0,0.0
SUB_HIFLD_3592,installed_12561__SUB_HIFLD_3592,waste,120960000000.0,200000.0
SUB_HIFLD_3592,installed_12562__SUB_HIFLD_3592,waste,120960000000.0,200000.0
SUB_HIFLD_3592,installed_12563__SUB_HIFLD_3592,waste,120960000000.0,200000.0
SUB_HIFLD_3592,installed_12564__SUB_HIFLD_3592,waste,120960000000.0,200000.0
SUB_HIFLD_3592,installed_12565__SUB_HIFLD_3592,waste,120960000000.0,200000.0
SUB_HIFLD_3593,installed_11519__SUB_HIFLD_3593,solar,0.0,0.0
SUB_HIFLD_3594,installed_17522__SUB_HIFLD_3594,natural gas,1342734311700.919,2220129.483632472
SUB_HIFLD_3594,installed_17523__SUB_HIFLD_3594,natural gas,1159200000000.0,1916666.6666666667
SUB_HIFLD_3595,installed_5773__SUB_HIFLD_3595,hydro,416160000000.0,688095.2380952381
SUB_HIFLD_3595,installed_5774__SUB_HIFLD_3595,hydro,293760000000.0,485714.28571428574
SUB_HIFLD_3595,installed_5775__SUB_HIFLD_3595,hydro,465120000000.0,769047.619047619
SUB_HIFLD_3595,installed_5776__SUB_HIFLD_3595,hydro,465120000000.0,769047.619047619
SUB_HIFLD_3595,installed_5777__SUB_HIFLD_3595,hydro,416160000000.0,688095.2380952381
SUB_HIFLD_3595,installed_5778__SUB_HIFLD_3595,hydro,483840000000.0,800000.0
SUB_HIFLD_3595,installed_5779__SUB_HIFLD_3595,hydro,483840000000.0,800000.0
SUB_HIFLD_3605,installed_14057__SUB_HIFLD_3605,solar,845847441637.3799,1398557.277839583
SUB_HIFLD_3605,installed_14058__SUB_HIFLD_3605,solar,2416706976106.8,3995877.9366845232
SUB_HIFLD_3606,installed_17220__SUB_HIFLD_3606,hydro,5781888000000.0,9560000.0
SUB_HIFLD_3607,installed_5845__SUB_HIFLD_3607,hydro,677376000000.0,1120000.0
SUB_HIFLD_3607,installed_11942__SUB_HIFLD_3607,solar,181253023147.4904,299690.8451512738
SUB_HIFLD_3621,installed_1721__SUB_HIFLD_3621,hydro,266112000000.0,440000.0
SUB_HIFLD_3621,installed_1722__SUB_HIFLD_3621,hydro,266112000000.0,440000.0
SUB_HIFLD_3621,installed_1723__SUB_HIFLD_3621,hydro,266112000000.0,440000.0
SUB_HIFLD_3621,installed_5757__SUB_HIFLD_3621,hydro,13305600000000.0,22000000.0
SUB_HIFLD_3621,installed_5758__SUB_HIFLD_3621,hydro,13305600000000.0,22000000.0
SUB_HIFLD_3621,installed_5759__SUB_HIFLD_3621,hydro,13305600000000.0,22000000.0
SUB_HIFLD_3621,installed_5760__SUB_HIFLD_3621,hydro,9241344000000.0,15280000.0
SUB_HIFLD_3621,installed_5761__SUB_HIFLD_3621,hydro,241920000000.0,400000.0
SUB_HIFLD_3621,installed_5762__SUB_HIFLD_3621,hydro,798336000000.0,1320000.0
SUB_HIFLD_3621,installed_5856__SUB_HIFLD_3621,hydro,1330560000000.0,2200000.0
SUB_HIFLD_3655,installed_12956__SUB_HIFLD_3655,solar,120835348805.34003,199793.89683422624
SUB_HIFLD_3655,installed_13163__SUB_HIFLD_3655,solar,181253023147.4904,299690.8451512738
SUB_HIFLD_3655,installed_13164__SUB_HIFLD_3655,solar,181253023147.4904,299690.8451512738
SUB_HIFLD_3655,installed_13162__SUB_HIFLD_3655,solar,0.0,0.0
SUB_HIFLD_3659,installed_9870__SUB_HIFLD_3659,natural gas,25727283117461.645,42538497.21802521
SUB_HIFLD_3659,installed_9871__SUB_HIFLD_3659,battery,2212777372308.4346,3658692.745218972
SUB_HIFLD_3660,installed_14826__SUB_HIFLD_3660,solar,241670697610.68005,399587.7936684525
SUB_HIFLD_3666,installed_11330__SUB_HIFLD_3666,solar,60417674342.15039,99896.9483170476
SUB_HIFLD_3666,installed_11331__SUB_HIFLD_3666,solar,60417674342.15039,99896.9483170476
SUB_HIFLD_3677,installed_357__SUB_HIFLD_3677,solar,10651449600000.0,17611523.80952381
SUB_HIFLD_3677,installed_358__SUB_HIFLD_3677,solar,10651449600000.0,17611523.80952381
SUB_HIFLD_3677,installed_11532__SUB_HIFLD_3677,solar,16703409600000.0,27618071.42857143
SUB_HIFLD_3677,installed_11533__SUB_HIFLD_3677,solar,16703409600000.0,27618071.42857143
SUB_HIFLD_3683,installed_14364__SUB_HIFLD_3683,solar,0.0,0.0
SUB_HIFLD_3696,installed_12600__SUB_HIFLD_3696,natural gas,2576091301622.3306,4259410.220936393
SUB_HIFLD_3696,installed_12601__SUB_HIFLD_3696,solar,36311760000.0,60039.28571428572
SUB_HIFLD_3696,installed_12602__SUB_HIFLD_3696,solar,36311760000.0,60039.28571428572
SUB_HIFLD_3696,installed_12603__SUB_HIFLD_3696,solar,242078400000.0,400261.90476190473
SUB_HIFLD_3696,installed_12604__SUB_HIFLD_3696,solar,36311760000.0,60039.28571428572
SUB_HIFLD_3696,installed_12605__SUB_HIFLD_3696,solar,121039200000.0,200130.95238095237
SUB_HIFLD_3696,installed_15740__SUB_HIFLD_3696,solar,132918883625.35439,219773.28641758332
SUB_HIFLD_3696,installed_15741__SUB_HIFLD_3696,solar,265837767371.74802,439546.5730352976
SUB_HIFLD_3706,installed_15259__SUB_HIFLD_3706,waste,269410908816.0,445454.54500000004
SUB_HIFLD_3708,installed_8483__SUB_HIFLD_3708,natural gas,1786445553734.4548,2953779.0240318365
SUB_HIFLD_3708,installed_8484__SUB_HIFLD_3708,natural gas,999037357434.7821,1651847.482531055
SUB_HIFLD_3708,installed_8485__SUB_HIFLD_3708,natural gas,0.0,0.0
SUB_HIFLD_3708,installed_11829__SUB_HIFLD_3708,natural gas,0.0,0.0
SUB_HIFLD_3708,installed_11830__SUB_HIFLD_3708,natural gas,0.0,0.0
SUB_HIFLD_3708,installed_11831__SUB_HIFLD_3708,natural gas,0.0,0.0
SUB_HIFLD_3710,installed_13170__SUB_HIFLD_3710,solar,3849624000000.0,6365119.047619048
SUB_HIFLD_3727,installed_5852__SUB_HIFLD_3727,hydro,459648000000.0,760000.0
SUB_HIFLD_3737,installed_10691__SUB_HIFLD_3737,solar,48334139522.13601,79917.55873369049
SUB_HIFLD_3737,installed_10692__SUB_HIFLD_3737,solar,48334139522.13601,79917.55873369049
SUB_HIFLD_3740,installed_15970__SUB_HIFLD_3740,solar,0.0,0.0
SUB_HIFLD_3767,installed_12688__SUB_HIFLD_3767,solar,0.0,0.0
SUB_HIFLD_3771,installed_16970__SUB_HIFLD_3771,hydro,2443392000000.0,4040000.0
SUB_HIFLD_3900,installed_7067__SUB_HIFLD_3900,wind,3005332137916.4165,4969133.825920001
SUB_HIFLD_3900,installed_7069__SUB_HIFLD_3900,wind,1803199282668.5762,2981480.2954176194
SUB_HIFLD_3900,installed_7460__SUB_HIFLD_3900,wind,2604621186438.048,4306582.64953381
SUB_HIFLD_3900,installed_11469__SUB_HIFLD_3900,wind,60106642742073.61,99382676.49152382
SUB_HIFLD_3908,installed_10864__SUB_HIFLD_3908,waste,1996800000249.6,3301587.302
SUB_HIFLD_3908,installed_10865__SUB_HIFLD_3908,waste,1996800000249.6,3301587.302
SUB_HIFLD_3911,installed_12761__SUB_HIFLD_3911,natural gas,299378581774.3699,495004.2688068285
SUB_HIFLD_3913,installed_9285__SUB_HIFLD_3913,natural gas,9166349343028.955,15156000.897865335
SUB_HIFLD_3920,installed_9618__SUB_HIFLD_3920,natural gas,22982400000000.0,38000000.0
SUB_HIFLD_3920,installed_9619__SUB_HIFLD_3920,natural gas,22982400000000.0,38000000.0
SUB_HIFLD_3920,installed_9620__SUB_HIFLD_3920,natural gas,11141126320616.684,18421174.47191912
SUB_HIFLD_3929,installed_15100__SUB_HIFLD_3929,solar,229587162669.6264,379608.4038849643
SUB_HIFLD_3932,installed_12546__SUB_HIFLD_3932,wind,400710951884.73596,662551.1770580952
SUB_HIFLD_3932,installed_12547__SUB_HIFLD_3932,wind,400710951884.73596,662551.1770580952
SUB_HIFLD_3938,installed_12411__SUB_HIFLD_3938,solar,4869664555947.408,8051694.040918333
SUB_HIFLD_3938,installed_12412__SUB_HIFLD_3938,solar,3649227533316.072,6033775.683392976
SUB_HIFLD_3938,installed_12413__SUB_HIFLD_3938,solar,2440874045262.672,4035836.7150507146
SUB_HIFLD_3938,installed_12414__SUB_HIFLD_3938,solar,4869664555947.408,8051694.040918333
SUB_HIFLD_3938,installed_12415__SUB_HIFLD_3938,solar,4869664555947.408,8051694.040918333
SUB_HIFLD_3938,installed_12416__SUB_HIFLD_3938,solar,3649227533316.072,6033775.683392976
SUB_HIFLD_3938,installed_12417__SUB_HIFLD_3938,solar,3045050789894.5674,5034806.2002225
SUB_HIFLD_3938,installed_12418__SUB_HIFLD_3938,solar,3045050789894.5674,5034806.2002225
SUB_HIFLD_3938,installed_12419__SUB_HIFLD_3938,solar,2440874045262.672,4035836.7150507146
SUB_HIFLD_3938,installed_12420__SUB_HIFLD_3938,solar,2283788092118.328,3776104.649666548
SUB_HIFLD_3938,installed_12421__SUB_HIFLD_3938,solar,2742962418183.816,4535321.458637262
SUB_HIFLD_3938,installed_13074__SUB_HIFLD_3938,solar,4724662137381.0,7811941.364717262
SUB_HIFLD_3938,installed_13075__SUB_HIFLD_3938,solar,4724662137381.0,7811941.364717262
SUB_HIFLD_3938,installed_13076__SUB_HIFLD_3938,solar,3202136743038.912,5294538.265606667
SUB_HIFLD_3938,installed_13077__SUB_HIFLD_3938,solar,1679611348696.8237,2777135.166496071
SUB_HIFLD_3938,installed_13078__SUB_HIFLD_3938,solar,2742962418183.816,4535321.458637262
SUB_HIFLD_3938,installed_13079__SUB_HIFLD_3938,solar,3504225114749.664,5794023.007191905
SUB_HIFLD_3938,installed_13080__SUB_HIFLD_3938,solar,3504225114749.664,5794023.007191905
SUB_HIFLD_3938,installed_13081__SUB_HIFLD_3938,solar,3045050789894.5674,5034806.2002225
SUB_HIFLD_3938,installed_13082__SUB_HIFLD_3938,solar,3045050789894.5674,5034806.2002225
SUB_HIFLD_3955,installed_4384__SUB_HIFLD_3955,hydro,387072000000.0,640000.0
SUB_HIFLD_3980,installed_8403__SUB_HIFLD_3980,natural gas,206801866378.28867,341934.3028741545
SUB_HIFLD_3980,installed_8404__SUB_HIFLD_3980,natural gas,145470190397.62045,240526.10846167404
SUB_HIFLD_3980,installed_8405__SUB_HIFLD_3980,natural gas,0.0,0.0
SUB_HIFLD_3980,installed_12113__SUB_HIFLD_3980,solar,145002418566.408,239752.67620107142
SUB_HIFLD_3980,installed_12975__SUB_HIFLD_3980,solar,5063001114035.951,8371364.275853095
SUB_HIFLD_3980,installed_12976__SUB_HIFLD_3980,solar,2537542324306.944,4195671.832518095
SUB_HIFLD_3980,installed_12977__SUB_HIFLD_3980,solar,4785079812691.464,7911838.314635358
SUB_HIFLD_3980,installed_12978__SUB_HIFLD_3980,solar,3794229951882.48,6273528.359594048
SUB_HIFLD_3980,installed_12979__SUB_HIFLD_3980,solar,3794229951882.48,6273528.359594048
SUB_HIFLD_3980,installed_12980__SUB_HIFLD_3980,solar,3250470882561.0483,5374455.824340357
SUB_HIFLD_3980,installed_12981__SUB_HIFLD_3980,solar,5063001114035.951,8371364.275853095
SUB_HIFLD_3980,installed_12982__SUB_HIFLD_3980,solar,4410490231092.3125,7292477.233948929
SUB_HIFLD_3980,installed_14741__SUB_HIFLD_3980,solar,4011733580337.2876,6633157.374896309
SUB_HIFLD_3980,installed_14742__SUB_HIFLD_3980,solar,4096318324803.625,6773013.103180598
SUB_HIFLD_3980,installed_14743__SUB_HIFLD_3980,solar,3866731161770.881,6393404.69869524
SUB_HIFLD_3980,installed_14744__SUB_HIFLD_3980,solar,3878814696348.8154,6413384.0878783325
SUB_HIFLD_3980,installed_14745__SUB_HIFLD_3980,solar,4676327997858.864,7732023.805983571
SUB_HIFLD_3980,installed_14746__SUB_HIFLD_3980,solar,4386323160726.047,7252518.453581427
SUB_HIFLD_3980,installed_14747__SUB_HIFLD_3980,solar,4205070138425.8325,6952827.609831072
SUB_HIFLD_3980,installed_15244__SUB_HIFLD_3980,solar,2416706976106.8,3995877.9366845232
SUB_HIFLD_3981,installed_12750__SUB_HIFLD_3981,solar,181253023147.4904,299690.8451512738
SUB_HIFLD_3981,installed_12751__SUB_HIFLD_3981,solar,181253023147.4904,299690.8451512738
SUB_HIFLD_3991,installed_12663__SUB_HIFLD_3991,solar,181253023147.4904,299690.8451512738
SUB_HIFLD_3994,installed_14012__SUB_HIFLD_3994,solar,120835348805.34003,199793.89683422624
SUB_HIFLD_3994,installed_14013__SUB_HIFLD_3994,solar,181253023147.4904,299690.8451512738
SUB_HIFLD_3994,installed_14014__SUB_HIFLD_3994,solar,181253023147.4904,299690.8451512738
SUB_HIFLD_3995,installed_14088__SUB_HIFLD_3995,solar,2416706976106.8,3995877.9366845232
SUB_HIFLD_3999,installed_4813__SUB_HIFLD_3999,hydro,1427328000000.0,2360000.0
SUB_HIFLD_3999,installed_4814__SUB_HIFLD_3999,hydro,1330560000000.0,2200000.0
SUB_HIFLD_4002,installed_376__SUB_HIFLD_4002,geothermal,2306010546000.0,3812848.125
SUB_HIFLD_4002,installed_377__SUB_HIFLD_4002,geothermal,2306010546000.0,3812848.125
SUB_HIFLD_4002,installed_378__SUB_HIFLD_4002,geothermal,2306010546000.0,3812848.125
SUB_HIFLD_4002,installed_379__SUB_HIFLD_4002,geothermal,1844808436800.0,3050278.5
SUB_HIFLD_4002,installed_380__SUB_HIFLD_4002,geothermal,1844808436800.0,3050278.5
SUB_HIFLD_4002,installed_381__SUB_HIFLD_4002,geothermal,1729507909651.2002,2859636.0940000005
SUB_HIFLD_4002,installed_382__SUB_HIFLD_4002,geothermal,1729507909651.2002,2859636.0940000005
SUB_HIFLD_4002,installed_383__SUB_HIFLD_4002,geothermal,1729507909651.2002,2859636.0940000005
SUB_HIFLD_4002,installed_384__SUB_HIFLD_4002,geothermal,2190710018851.1997,3622205.7189999996
SUB_HIFLD_4002,installed_385__SUB_HIFLD_4002,geothermal,2651912127446.401,4384775.343000002
SUB_HIFLD_4002,installed_386__SUB_HIFLD_4002,geothermal,2421311073148.8003,4003490.5310000004
SUB_HIFLD_4017,installed_9034__SUB_HIFLD_4017,waste,1693440000000.0,2800000.0
SUB_HIFLD_4017,installed_9035__SUB_HIFLD_4017,waste,1693440000000.0,2800000.0
SUB_HIFLD_4017,installed_9036__SUB_HIFLD_4017,waste,1693440000000.0,2800000.0
SUB_HIFLD_4025,installed_11038__SUB_HIFLD_4025,solar,108751813864.28639,179814.5070507381
SUB_HIFLD_4118,installed_9615__SUB_HIFLD_4118,wind,19366200000000.0,32020833.333333332
SUB_HIFLD_4118,installed_12340__SUB_HIFLD_4118,wind,55387332000000.0,91579583.33333333
SUB_HIFLD_4118,installed_15718__SUB_HIFLD_4118,solar,3463344000000.0,5726428.571428572
SUB_HIFLD_4127,installed_6894__SUB_HIFLD_4127,hydro,846720000000.0,1400000.0
SUB_HIFLD_4127,installed_6895__SUB_HIFLD_4127,hydro,846720000000.0,1400000.0
SUB_HIFLD_4127,installed_6896__SUB_HIFLD_4127,hydro,846720000000.0,1400000.0
SUB_HIFLD_4133,installed_11617__SUB_HIFLD_4133,solar,30259800000000.0,50032738.0952381
SUB_HIFLD_4146,installed_11420__SUB_HIFLD_4146,solar,60417674342.15039,99896.9483170476
SUB_HIFLD_4146,installed_11421__SUB_HIFLD_4146,solar,60417674342.15039,99896.9483170476
SUB_HIFLD_4146,installed_11422__SUB_HIFLD_4146,solar,60417674342.15039,99896.9483170476
SUB_HIFLD_4146,installed_11423__SUB_HIFLD_4146,solar,60417674342.15039,99896.9483170476
SUB_HIFLD_4146,installed_11424__SUB_HIFLD_4146,solar,60417674342.15039,99896.9483170476
SUB_HIFLD_4146,installed_11425__SUB_HIFLD_4146,solar,60417674342.15039,99896.9483170476
SUB_HIFLD_4146,installed_11426__SUB_HIFLD_4146,solar,60417674342.15039,99896.9483170476
SUB_HIFLD_4158,installed_12509__SUB_HIFLD_4158,solar,120835348805.34003,199793.89683422624
SUB_HIFLD_4158,installed_12510__SUB_HIFLD_4158,solar,120835348805.34003,199793.89683422624
SUB_HIFLD_4158,installed_12511__SUB_HIFLD_4158,solar,120835348805.34003,199793.89683422624
SUB_HIFLD_4158,installed_13760__SUB_HIFLD_4158,solar,132918883625.35439,219773.28641758332
SUB_HIFLD_4158,installed_13761__SUB_HIFLD_4158,solar,132918883625.35439,219773.28641758332
SUB_HIFLD_4159,installed_14257__SUB_HIFLD_4159,solar,182306718740.3616,301433.0667003333
SUB_HIFLD_4162,installed_15080__SUB_HIFLD_4162,solar,0.0,0.0
SUB_HIFLD_4162,installed_15722__SUB_HIFLD_4162,solar,0.0,0.0
SUB_HIFLD_4162,installed_5333__SUB_HIFLD_4162,hydro,290304000000.0,480000.0
SUB_HIFLD_4162,installed_5334__SUB_HIFLD_4162,hydro,290304000000.0,480000.0
SUB_HIFLD_4169,installed_11752__SUB_HIFLD_4169,wind,75734369874518.4,125222172.41157143
SUB_HIFLD_4169,installed_12093__SUB_HIFLD_4169,wind,56099533231353.6,92757164.73438095
SUB_HIFLD_4175,installed_14700__SUB_HIFLD_4175,solar,294384240000.0,486746.4285714286
SUB_HIFLD_4175,installed_14701__SUB_HIFLD_4175,solar,86583600000.0,143160.7142857143
SUB_HIFLD_4175,installed_14702__SUB_HIFLD_4175,solar,86583600000.0,143160.7142857143
SUB_HIFLD_4175,installed_15748__SUB_HIFLD_4175,solar,329017680000.0,544010.7142857143
SUB_HIFLD_4179,installed_11602__SUB_HIFLD_4179,solar,29181736731950.64,48250226.077960715
SUB_HIFLD_4189,installed_13023__SUB_HIFLD_4189,solar,2416706976106.8,3995877.9366845232
SUB_HIFLD_4195,installed_15275__SUB_HIFLD_4195,solar,6525108835488.36,10788870.429048214
SUB_HIFLD_4195,installed_15276__SUB_HIFLD_4195,solar,6525108835488.36,10788870.429048214
SUB_HIFLD_4201,installed_14022__SUB_HIFLD_4201,solar,241670697610.68005,399587.7936684525
SUB_HIFLD_4225,installed_5855__SUB_HIFLD_4225,hydro,991872000000.0,1640000.0
SUB_HIFLD_4231,installed_16228__SUB_HIFLD_4231,oil,4806367972707.621,7947036.99191075
SUB_HIFLD_4231,installed_16229__SUB_HIFLD_4231,oil,4713265488058.271,7793097.698509046
SUB_HIFLD_4231,installed_16230__SUB_HIFLD_4231,oil,4700453248925.918,7771913.440684388
SUB_HIFLD_4237,installed_14895__SUB_HIFLD_4237,solar,22354539525961.92,36961870.90932857
SUB_HIFLD_4241,installed_13397__SUB_HIFLD_4241,solar,0.0,0.0
SUB_HIFLD_4241,installed_13595__SUB_HIFLD_4241,solar,0.0,0.0
SUB_HIFLD_4247,installed_12685__SUB_HIFLD_4247,solar,490825781432.25476,811550.5645374584
SUB_HIFLD_4258,installed_12941__SUB_HIFLD_4258,natural gas,237600000000.0,392857.14285714284
SUB_HIFLD_4258,installed_12942__SUB_HIFLD_4258,natural gas,237600000000.0,392857.14285714284
SUB_HIFLD_4258,installed_12943__SUB_HIFLD_4258,natural gas,204480000000.0,338095.2380952381
SUB_HIFLD_4258,installed_12944__SUB_HIFLD_4258,natural gas,237600000000.0,392857.14285714284
SUB_HIFLD_4258,installed_12945__SUB_HIFLD_4258,natural gas,237600000000.0,392857.14285714284
SUB_HIFLD_4258,installed_12946__SUB_HIFLD_4258,natural gas,237600000000.0,392857.14285714284
SUB_HIFLD_4271,installed_12772__SUB_HIFLD_4271,solar,181253023147.4904,299690.8451512738
SUB_HIFLD_4271,installed_12773__SUB_HIFLD_4271,solar,60417674342.15039,99896.9483170476
SUB_HIFLD_4271,installed_12774__SUB_HIFLD_4271,solar,181253023147.4904,299690.8451512738
SUB_HIFLD_4302,installed_14558__SUB_HIFLD_4302,solar,120835348805.34003,199793.89683422624
SUB_HIFLD_4307,installed_12212__SUB_HIFLD_4307,pump hydro,479520000000.0,792857.1428571428
SUB_HIFLD_4307,installed_12213__SUB_HIFLD_4307,pump hydro,479520000000.0,792857.1428571428
SUB_HIFLD_4307,installed_12214__SUB_HIFLD_4307,hydro,290304000000.0,480000.0
SUB_HIFLD_4307,installed_12215__SUB_HIFLD_4307,hydro,290304000000.0,480000.0
SUB_HIFLD_4307,installed_12216__SUB_HIFLD_4307,hydro,120960000000.0,200000.0
SUB_HIFLD_4307,installed_12217__SUB_HIFLD_4307,hydro,120960000000.0,200000.0
SUB_HIFLD_4307,installed_12218__SUB_HIFLD_4307,hydro,48384000000.0,80000.0
SUB_HIFLD_4381,installed_11517__SUB_HIFLD_4381,solar,140235937613.1252,231871.58996879167
SUB_HIFLD_4390,installed_7033__SUB_HIFLD_4390,biomass,23736534276926.06,39246915.14042007
SUB_HIFLD_4400,installed_9711__SUB_HIFLD_4400,natural gas,12020400000000.0,19875000.0
SUB_HIFLD_4400,installed_9712__SUB_HIFLD_4400,natural gas,4233600000000.0,7000000.0
SUB_HIFLD_4404,installed_311__SUB_HIFLD_4404,waste,725760000000.0,1200000.0
SUB_HIFLD_4404,installed_312__SUB_HIFLD_4404,waste,725760000000.0,1200000.0
SUB_HIFLD_4404,installed_313__SUB_HIFLD_4404,waste,1693440000000.0,2800000.0
SUB_HIFLD_4429,installed_5139__SUB_HIFLD_4429,hydro,1185408000000.0,1960000.0
SUB_HIFLD_4429,installed_5140__SUB_HIFLD_4429,hydro,1185408000000.0,1960000.0
SUB_HIFLD_4429,installed_5153__SUB_HIFLD_4429,hydro,653184000000.0,1080000.0
SUB_HIFLD_4429,installed_5154__SUB_HIFLD_4429,hydro,1112832000000.0,1840000.0
SUB_HIFLD_4429,installed_5172__SUB_HIFLD_4429,hydro,1959552000000.0,3240000.0
SUB_HIFLD_4429,installed_5173__SUB_HIFLD_4429,hydro,2661120000000.0,4400000.0
SUB_HIFLD_4429,installed_13149__SUB_HIFLD_4429,hydro,241920000000.0,400000.0
SUB_HIFLD_4434,installed_9872__SUB_HIFLD_4434,natural gas,29635200000000.0,49000000.0
