source,target,line,capacity_W,mean_flow_W,peak_flow_W,binding_hours,n_hours
WECC_AZ,WECC_IID,line_3315,255000000.0,25863954.87302982,255000000.0,4,168
WECC_AZ,WECC_NM,line_3317,2400000000.0,4183847.1565830596,297429316.1942315,0,168
WECC_AZ,WECC_SCE,line_3320,2192000000.0,0.0,0.0,0,168
WECC_AZ,WECC_SNV,line_3321,4727000000.0,0.0,0.0,0,168
WECC_AZ,WECC_UT,line_3322,250000000.0,0.0,0.0,0,168
WECC_AZ,WEC_LADW,line_3326,692000000.0,0.0,0.0,0,168
WECC_AZ,WEC_SDGE,line_3327,1655000000.0,0.0,0.0,0,168
WECC_CO,WECC_NM,line_3381,614000000.0,36139585.111613326,614000000.0,4,168
WECC_CO,WECC_UT,line_3386,650000000.0,0.0,0.0,0,168
WECC_CO,WECC_WY,line_3387,1400000000.0,0.0,0.0,0,168
WECC_ID,WECC_MT,line_3444,200000000.0,0.0,0.0,0,168
WECC_ID,WECC_NNV,line_3446,350000000.0,836981.1036397341,138608247.4257734,0,168
WECC_ID,WECC_PNW,line_3447,2850000000.0,0.0,0.0,0,168
WECC_ID,WECC_UT,line_3450,680000000.0,0.0,0.0,0,168
WECC_ID,WECC_WY,line_3451,1500000000.0,0.0,0.0,0,168
WECC_IID,WECC_AZ,line_3504,163000000.0,91312118.19557506,163000000.0,80,168
WECC_IID,SUB_HIFLD_535,iface_WECC_IID_SUB_HIFLD_535_to_hub,221329041.11209834,65261640.72360954,221329041.11209834,16,168
WECC_IID,SUB_HIFLD_1285,iface_WECC_IID_SUB_HIFLD_1285_to_hub,503523568.5300237,113022598.02820237,373765338.9480001,0,168
WECC_MT,WECC_ID,line_3570,325000000.0,256867863.42686018,325000000.0,116,168
WECC_MT,WECC_PNW,line_3575,2000000000.0,952115259.6359642,1913576499.9955995,0,168
WECC_MT,WECC_WY,line_3579,400000000.0,0.0,0.0,0,168
WECC_NM,WECC_AZ,line_3632,2400000000.0,170064252.05963498,1282145400.0,0,168
WECC_NM,WECC_CO,line_3633,664000000.0,0.0,0.0,0,168
WECC_NM,WECC_UT,line_3642,300000000.0,0.0,0.0,0,168
WECC_NNV,WECC_ID,line_3698,185000000.0,0.0,0.0,0,168
WECC_NNV,WECC_PNW,line_3703,300000000.0,0.0,0.0,0,168
WECC_NNV,WECC_UT,line_3706,235000000.0,0.0,0.0,0,168
WECC_NNV,WEC_CALN,line_3709,100000000.0,37856479.26668576,100000000.0,57,168
WECC_PNW,WECC_ID,line_3762,1650000000.0,75443756.16746756,746829426.0031047,0,168
WECC_PNW,WECC_MT,line_3764,500000000.0,0.0,0.0,0,168
WECC_PNW,WECC_NNV,line_3766,300000000.0,101787695.47317845,300000000.0,18,168
WECC_PNW,WEC_CALN,line_3773,4200000000.0,3468494697.4646897,4200000000.0,86,168
WECC_PNW,WEC_LADW,line_3774,2600000000.0,569946610.3824561,2600000000.0,1,168
WECC_SCE,WECC_AZ,line_3824,1968000000.0,0.0,0.0,0,168
WECC_SCE,WECC_SNV,line_3833,2814000000.0,0.0,0.0,0,168
WECC_SCE,SUB_HIFLD_804,iface_WECC_SCE_SUB_HIFLD_804_to_hub,113551470.17117159,2994961.926144227,113551470.17117159,1,168
WECC_SCE,SUB_HIFLD_589,iface_WECC_SCE_SUB_HIFLD_589_to_hub,113551470.17117159,113551470.17117158,113551470.17117159,168,168
WECC_SCE,SUB_HIFLD_812,iface_WECC_SCE_SUB_HIFLD_812_to_hub,113551470.17117159,0.0,0.0,0,168
WECC_SCE,SUB_HIFLD_1621,iface_WECC_SCE_SUB_HIFLD_1621_to_hub,113551470.17117159,43142990.85591088,113551470.17117159,58,168
WECC_SCE,SUB_HIFLD_811,iface_WECC_SCE_SUB_HIFLD_811_to_hub,113551470.17117159,113551470.17117158,113551470.17117159,168,168
WECC_SCE,SUB_HIFLD_1625,iface_WECC_SCE_SUB_HIFLD_1625_to_hub,113551470.17117159,109440149.9830033,113551470.17117159,160,168
WECC_SCE,SUB_HIFLD_3368,iface_WECC_SCE_SUB_HIFLD_3368_to_hub,381986897.48908323,38771986.201698005,381986897.48908323,9,168
WECC_SCE,SUB_HIFLD_3743,iface_WECC_SCE_SUB_HIFLD_3743_to_hub,113551470.17117159,94636793.5183902,113551470.17117159,105,168
WECC_SCE,SUB_HIFLD_3744,iface_WECC_SCE_SUB_HIFLD_3744_to_hub,113551470.17117159,44880248.45684317,113551470.17117159,56,168
WECC_SCE,SUB_HIFLD_1617,iface_WECC_SCE_SUB_HIFLD_1617_to_hub,113551470.17117159,110777877.52063209,113551470.17117159,159,168
WECC_SCE,SUB_HIFLD_838,iface_WECC_SCE_SUB_HIFLD_838_to_hub,113551470.17117159,84895235.00425549,113551470.17117159,103,168
WECC_SCE,SUB_HIFLD_2946,iface_WECC_SCE_SUB_HIFLD_2946_to_hub,113551470.17117159,2438022.6461245264,113551470.17117159,3,168
WECC_SCE,SUB_HIFLD_1982,iface_WECC_SCE_SUB_HIFLD_1982_to_hub,113551470.17117159,113551470.17117158,113551470.17117159,168,168
WECC_SCE,SUB_HIFLD_1477,iface_WECC_SCE_SUB_HIFLD_1477_to_hub,517864581.56813514,471151023.0418001,517864581.56813514,101,168
WECC_SCE,SUB_HIFLD_3060,iface_WECC_SCE_SUB_HIFLD_3060_to_hub,113551470.17117159,96100737.794826,113551470.17117159,102,168
WECC_SCE,SUB_HIFLD_842,iface_WECC_SCE_SUB_HIFLD_842_to_hub,113551470.17117159,0.0,0.0,0,168
WECC_SCE,SUB_HIFLD_1636,iface_WECC_SCE_SUB_HIFLD_1636_to_hub,113551470.17117159,52028112.18395825,113551470.17117159,56,168
WECC_SCE,SUB_HIFLD_1713,iface_WECC_SCE_SUB_HIFLD_1713_to_hub,113551470.17117159,113515084.72752762,113551470.17117159,168,168
WECC_SCE,SUB_HIFLD_3916,iface_WECC_SCE_SUB_HIFLD_3916_to_hub,5904676448.900923,918011029.4038911,1421241979.099549,0,168
WECC_SCE,SUB_HIFLD_1768,iface_WECC_SCE_SUB_HIFLD_1768_to_hub,113551470.17117159,93809278.82145314,113551470.17117159,114,168
WECC_SCE,SUB_HIFLD_1487,iface_WECC_SCE_SUB_HIFLD_1487_to_hub,113551470.17117159,71275.54838014807,774494.578174709,0,168
WECC_SCE,SUB_HIFLD_1542,iface_WECC_SCE_SUB_HIFLD_1542_to_hub,2259674256.406315,89898873.68088305,412371134.02061856,0,168
WECC_SCE,SUB_HIFLD_1060,iface_WECC_SCE_SUB_HIFLD_1060_to_hub,113551470.17117159,111610679.44322173,113551470.17117159,165,168
WECC_SCE,SUB_HIFLD_2885,iface_WECC_SCE_SUB_HIFLD_2885_to_hub,113551470.17117159,113105456.1518553,113551470.17117159,167,168
WECC_SCE,SUB_HIFLD_1681,iface_WECC_SCE_SUB_HIFLD_1681_to_hub,140697665.33251035,125035944.59342273,140697665.33251035,144,168
WECC_SCE,SUB_HIFLD_3938,iface_WECC_SCE_SUB_HIFLD_3938_to_hub,3193357668.13611,0.0,0.0,0,168
WECC_SCE,SUB_HIFLD_4434,iface_WECC_SCE_SUB_HIFLD_4434_to_hub,278201101.9193704,164874682.97656998,278201101.9193704,55,168
WECC_SCE,SUB_HIFLD_3201,iface_WECC_SCE_SUB_HIFLD_3201_to_hub,2152140775.934586,0.0,0.0,0,168
WECC_SCE,SUB_HIFLD_1156,iface_WECC_SCE_SUB_HIFLD_1156_to_hub,113551470.17117159,2546113.0042712837,113551470.17117159,3,168
WECC_SCE,SUB_HIFLD_2675,iface_WECC_SCE_SUB_HIFLD_2675_to_hub,113551470.17117159,107311634.62675147,113551470.17117159,154,168
WECC_SCE,SUB_HIFLD_1745,iface_WECC_SCE_SUB_HIFLD_1745_to_hub,113551470.17117159,108348625.58643849,113551470.17117159,137,168
WECC_SCE,SUB_HIFLD_1446,iface_WECC_SCE_SUB_HIFLD_1446_to_hub,113551470.17117159,0.0,0.0,0,168
WECC_SCE,SUB_HIFLD_561,iface_WECC_SCE_SUB_HIFLD_561_to_hub,113551470.17117159,112703213.06075023,113551470.17117159,166,168
WECC_SCE,SUB_HIFLD_1687,iface_WECC_SCE_SUB_HIFLD_1687_to_hub,113551470.17117159,112199666.95484811,113551470.17117159,166,168
WECC_SCE,SUB_HIFLD_3509,iface_WECC_SCE_SUB_HIFLD_3509_to_hub,124906617.18828876,104838391.28891876,124906617.18828876,137,168
WECC_SCE,SUB_HIFLD_1539,iface_WECC_SCE_SUB_HIFLD_1539_to_hub,113551470.17117159,12034070.071079973,113551470.17117159,14,168
WECC_SCE,SUB_HIFLD_3449,iface_WECC_SCE_SUB_HIFLD_3449_to_hub,113551470.17117159,14858561.452399675,113551470.17117159,20,168
WECC_SCE,SUB_HIFLD_1748,iface_WECC_SCE_SUB_HIFLD_1748_to_hub,2271029403.423432,9359659.634456603,236515866.3682563,0,168
WECC_SCE,SUB_HIFLD_3063,iface_WECC_SCE_SUB_HIFLD_3063_to_hub,113551470.17117159,29860842.71542959,113551470.17117159,18,168
WECC_SCE,SUB_HIFLD_575,iface_WECC_SCE_SUB_HIFLD_575_to_hub,113551470.17117159,5902108.927893688,113551470.17117159,6,168
WECC_SCE,SUB_HIFLD_1538,iface_WECC_SCE_SUB_HIFLD_1538_to_hub,1190480168.987011,351336850.05040914,1190480168.987011,17,168
WECC_SCE,SUB_HIFLD_1498,iface_WECC_SCE_SUB_HIFLD_1498_to_hub,113551470.17117159,64254497.05123378,113551470.17117159,87,168
WECC_SCE,SUB_HIFLD_841,iface_WECC_SCE_SUB_HIFLD_841_to_hub,113551470.17117159,113551470.17117158,113551470.17117159,168,168
WECC_SCE,SUB_HIFLD_1635,iface_WECC_SCE_SUB_HIFLD_1635_to_hub,113551470.17117159,51315834.18814637,113551470.17117159,42,168
WECC_SCE,SUB_HIFLD_4238,iface_WECC_SCE_SUB_HIFLD_4238_to_hub,113551470.17117159,58519208.27143166,113551470.17117159,19,168
WECC_SCE,SUB_HIFLD_793,iface_WECC_SCE_SUB_HIFLD_793_to_hub,6330494462.042816,2584.1953396186013,12370.478601381697,0,168
WECC_SCE,SUB_HIFLD_2970,iface_WECC_SCE_SUB_HIFLD_2970_to_hub,113551470.17117159,48427317.51062429,113551470.17117159,29,168
WECC_SCE,SUB_HIFLD_851,iface_WECC_SCE_SUB_HIFLD_851_to_hub,113551470.17117159,6460914.538684057,113551470.17117159,7,168
WECC_SCE,SUB_HIFLD_1664,iface_WECC_SCE_SUB_HIFLD_1664_to_hub,113551470.17117159,112935710.51052123,113551470.17117159,166,168
WECC_SCE,SUB_HIFLD_547,iface_WECC_SCE_SUB_HIFLD_547_to_hub,113551470.17117159,0.0,0.0,0,168
WECC_SCE,SUB_HIFLD_3573,iface_WECC_SCE_SUB_HIFLD_3573_to_hub,1078837890.5321758,0.0,0.0,0,168
WECC_SCE,SUB_HIFLD_1981,iface_WECC_SCE_SUB_HIFLD_1981_to_hub,113551470.17117159,113551470.17117158,113551470.17117159,168,168
WECC_SCE,SUB_HIFLD_1733,iface_WECC_SCE_SUB_HIFLD_1733_to_hub,4000000000.0,53465456.67149342,187098704.79623067,0,168
WECC_SCE,SUB_HIFLD_1480,iface_WECC_SCE_SUB_HIFLD_1480_to_hub,2800000000.0,36285469.366416655,301195419.48314536,0,168
WECC_SNV,WECC_AZ,line_3888,4785000000.0,0.0,0.0,0,168
WECC_SNV,WECC_SCE,line_3896,1700000000.0,27628078.339733545,704499400.0,0,168
WECC_SNV,WECC_UT,line_3898,250000000.0,0.0,0.0,0,168
WECC_SNV,WEC_LADW,line_3902,2300000000.0,276374.2044014198,45180297.502557464,0,168
WECC_UT,WECC_AZ,line_3952,250000000.0,53993371.7426155,250000000.0,25,168
WECC_UT,WECC_CO,line_3953,650000000.0,0.0,0.0,0,168
WECC_UT,WECC_ID,line_3954,775000000.0,609199369.1156322,775000000.0,78,168
WECC_UT,WECC_NM,line_3957,350000000.0,7575345.701272343,350000000.0,1,168
WECC_UT,WECC_NNV,line_3958,360000000.0,340345817.77168286,360000000.0,133,168
WECC_UT,WECC_SNV,line_3961,140000000.0,118721478.77198407,140000000.0,137,168
WECC_UT,WECC_WY,line_3963,1600000000.0,0.0,0.0,0,168
WECC_UT,WEC_LADW,line_3966,1920000000.0,1665740330.3317432,1920000000.0,82,168
WECC_WY,WECC_CO,line_4017,1400000000.0,806157041.6452744,1400000000.0,34,168
WECC_WY,WECC_ID,line_4018,3700000000.0,0.0,0.0,0,168
WECC_WY,WECC_MT,line_4020,200000000.0,0.0,0.0,0,168
WECC_WY,WECC_UT,line_4026,1800000000.0,0.0,0.0,0,168
WEC_BANC,SUB_HIFLD_721,iface_WEC_BANC_SUB_HIFLD_721_to_hub,20000000.0,19299224.15505613,20000000.0,162,168
WEC_BANC,SUB_HIFLD_725,iface_WEC_BANC_SUB_HIFLD_725_to_hub,140000000.0,1428065.8598106797,18161755.003848694,0,168
WEC_BANC,SUB_HIFLD_762,iface_WEC_BANC_SUB_HIFLD_762_to_hub,20000000.0,6282984.749874064,11109376.510148196,0,168
WEC_BANC,SUB_HIFLD_1317,iface_WEC_BANC_SUB_HIFLD_1317_to_hub,20000000.0,0.0,0.0,0,168
WEC_BANC,SUB_HIFLD_2287,iface_WEC_BANC_SUB_HIFLD_2287_to_hub,20000000.0,0.0,0.0,0,168
WEC_BANC,SUB_HIFLD_2557,iface_WEC_BANC_SUB_HIFLD_2557_to_hub,20000000.0,20000000.0,20000000.0,168,168
WEC_BANC,SUB_HIFLD_696,iface_WEC_BANC_SUB_HIFLD_696_to_hub,20000000.0,15031654.598740779,20000000.0,121,168
WEC_BANC,SUB_HIFLD_1359,iface_WEC_BANC_SUB_HIFLD_1359_to_hub,20000000.0,58550.091590375705,2407064.182242167,0,168
WEC_BANC,SUB_HIFLD_1366,iface_WEC_BANC_SUB_HIFLD_1366_to_hub,20000000.0,20000000.0,20000000.0,168,168
WEC_BANC,SUB_HIFLD_708,iface_WEC_BANC_SUB_HIFLD_708_to_hub,20000000.0,0.0,0.0,0,168
WEC_BANC,SUB_HIFLD_627,iface_WEC_BANC_SUB_HIFLD_627_to_hub,20000000.0,18298479.273742862,20000000.0,128,168
WEC_BANC,SUB_HIFLD_1383,iface_WEC_BANC_SUB_HIFLD_1383_to_hub,513800000.0,0.0,0.0,0,168
WEC_BANC,SUB_HIFLD_669,iface_WEC_BANC_SUB_HIFLD_669_to_hub,20000000.0,12058579.02384618,20000000.0,93,168
WEC_BANC,SUB_HIFLD_1361,iface_WEC_BANC_SUB_HIFLD_1361_to_hub,215100000.0,2384062.3015312287,117585872.17470117,0,168
WEC_BANC,SUB_HIFLD_1089,iface_WEC_BANC_SUB_HIFLD_1089_to_hub,165200000.0,0.0,0.0,0,168
WEC_BANC,SUB_HIFLD_730,iface_WEC_BANC_SUB_HIFLD_730_to_hub,20000000.0,13346037.451242648,20000000.0,101,168
WEC_BANC,SUB_HIFLD_1382,iface_WEC_BANC_SUB_HIFLD_1382_to_hub,1080000000.0,9931100.441413747,66031944.70475595,0,168
WEC_BANC,SUB_HIFLD_2726,iface_WEC_BANC_SUB_HIFLD_2726_to_hub,20000000.0,0.0,0.0,0,168
WEC_BANC,SUB_HIFLD_726,iface_WEC_BANC_SUB_HIFLD_726_to_hub,20000000.0,16861648.685594007,20000000.0,130,168
WEC_BANC,SUB_HIFLD_761,iface_WEC_BANC_SUB_HIFLD_761_to_hub,20000000.0,10493370.900394328,20000000.0,2,168
WEC_BANC,SUB_HIFLD_3121,iface_WEC_BANC_SUB_HIFLD_3121_to_hub,20000000.0,238095.2380952381,20000000.0,2,168
WEC_BANC,SUB_HIFLD_1301,iface_WEC_BANC_SUB_HIFLD_1301_to_hub,400000000.0,0.0,0.0,0,168
WEC_BANC,SUB_HIFLD_2753,iface_WEC_BANC_SUB_HIFLD_2753_to_hub,20000000.0,18977590.16378681,20000000.0,129,168
WEC_BANC,SUB_HIFLD_1356,iface_WEC_BANC_SUB_HIFLD_1356_to_hub,20000000.0,0.0,0.0,0,168
WEC_BANC,SUB_HIFLD_1016,iface_WEC_BANC_SUB_HIFLD_1016_to_hub,20000000.0,0.0,0.0,0,168
WEC_BANC,SUB_HIFLD_736,iface_WEC_BANC_SUB_HIFLD_736_to_hub,20000000.0,7200420.136347996,20000000.0,24,168
WEC_BANC,SUB_HIFLD_752,iface_WEC_BANC_SUB_HIFLD_752_to_hub,20000000.0,20258.09309092818,1747415.4442855993,0,168
WEC_BANC,SUB_HIFLD_3963,iface_WEC_BANC_SUB_HIFLD_3963_to_hub,20000000.0,0.0,0.0,0,168
WEC_BANC,SUB_HIFLD_4227,iface_WEC_BANC_SUB_HIFLD_4227_to_hub,20000000.0,0.0,0.0,0,168
WEC_BANC,SUB_HIFLD_738,iface_WEC_BANC_SUB_HIFLD_738_to_hub,20000000.0,16380305.936817905,20000000.0,135,168
WEC_BANC,SUB_HIFLD_636,iface_WEC_BANC_SUB_HIFLD_636_to_hub,20000000.0,10038087.12505409,20000000.0,42,168
WEC_BANC,SUB_HIFLD_646,iface_WEC_BANC_SUB_HIFLD_646_to_hub,20000000.0,1521706.7964284956,20000000.0,11,168
WEC_BANC,SUB_HIFLD_3137,iface_WEC_BANC_SUB_HIFLD_3137_to_hub,20000000.0,12904823.991600985,20000000.0,29,168
WEC_BANC,SUB_HIFLD_695,iface_WEC_BANC_SUB_HIFLD_695_to_hub,20000000.0,2399804.6823530295,20000000.0,19,168
WEC_BANC,SUB_HIFLD_3371,iface_WEC_BANC_SUB_HIFLD_3371_to_hub,20000000.0,20000000.0,20000000.0,168,168
WEC_BANC,SUB_HIFLD_691,iface_WEC_BANC_SUB_HIFLD_691_to_hub,2770000000.0,9925400.326761428,147911749.11921352,0,168
WEC_BANC,SUB_HIFLD_2610,iface_WEC_BANC_SUB_HIFLD_2610_to_hub,20000000.0,0.0,0.0,0,168
WEC_BANC,SUB_HIFLD_2649,iface_WEC_BANC_SUB_HIFLD_2649_to_hub,199500000.0,0.0,0.0,0,168
WEC_BANC,SUB_HIFLD_786,iface_WEC_BANC_SUB_HIFLD_786_to_hub,20000000.0,8544037.35712736,18677611.55673155,0,168
WEC_BANC,SUB_HIFLD_3965,iface_WEC_BANC_SUB_HIFLD_3965_to_hub,800000000.0,0.0,0.0,0,168
WEC_BANC,SUB_HIFLD_3257,iface_WEC_BANC_SUB_HIFLD_3257_to_hub,20000000.0,595238.0952380953,20000000.0,5,168
WEC_BANC,SUB_HIFLD_3140,iface_WEC_BANC_SUB_HIFLD_3140_to_hub,1700000000.0,11906863.484253773,72857910.30059999,0,168
WEC_BANC,SUB_HIFLD_3143,iface_WEC_BANC_SUB_HIFLD_3143_to_hub,20000000.0,0.0,0.0,0,168
WEC_BANC,SUB_HIFLD_759,iface_WEC_BANC_SUB_HIFLD_759_to_hub,400000000.0,3163734.8771973103,5594016.604079413,0,168
WEC_CALN,WECC_NNV,line_4150,100000000.0,0.0,0.0,0,168
WEC_CALN,WECC_PNW,line_4151,3675000000.0,0.0,0.0,0,168
WEC_CALN,SUB_25441,iface_WEC_CALN_SUB_25441_to_hub,632273522.7786282,36069347.44559702,371358845.7515987,0,168
WEC_CALN,SUB_02287,iface_WEC_CALN_SUB_02287_to_hub,1281554651.379598,156914666.10175443,249123058.83452123,0,168
WEC_CALN,SUB_10260,iface_WEC_CALN_SUB_10260_to_hub,440000000.0,27799071.190577064,82525753.1150309,0,168
WEC_CALN,SUB_HIFLD_659,iface_WEC_CALN_SUB_HIFLD_659_to_hub,20000000.0,19596453.837292053,20000000.0,164,168
WEC_CALN,SUB_08343,iface_WEC_CALN_SUB_08343_to_hub,1390000000.0,247809042.36846644,382969109.4152706,0,168
WEC_CALN,SUB_18282,iface_WEC_CALN_SUB_18282_to_hub,20000000.0,8601895.596357366,20000000.0,70,168
WEC_CALN,SUB_HIFLD_1851,iface_WEC_CALN_SUB_HIFLD_1851_to_hub,1600000000.0,210880112.1969113,398657935.9841862,0,168
WEC_CALN,SUB_01365,iface_WEC_CALN_SUB_01365_to_hub,1377697612.2250001,54418250.75130079,489997696.8965011,0,168
WEC_CALN,SUB_25526,iface_WEC_CALN_SUB_25526_to_hub,1070000000.0,131506716.43081301,567540218.7761925,0,168
WEC_CALN,SUB_25270,iface_WEC_CALN_SUB_25270_to_hub,230000000.0,107179694.67431714,230000000.0,8,168
WEC_CALN,SUB_10372,iface_WEC_CALN_SUB_10372_to_hub,1471584727.3321764,0.0,0.0,0,168
WEC_CALN,SUB_08337,iface_WEC_CALN_SUB_08337_to_hub,1080000000.0,202286176.3094188,450379153.7679575,0,168
WEC_CALN,SUB_01467,iface_WEC_CALN_SUB_01467_to_hub,20000000.0,20000000.0,20000000.0,168,168
WEC_CALN,SUB_02419,iface_WEC_CALN_SUB_02419_to_hub,20000000.0,20000000.0,20000000.0,168,168
WEC_CALN,SUB_25412,iface_WEC_CALN_SUB_25412_to_hub,70000000.0,39614310.62353991,70000000.0,93,168
WEC_CALN,SUB_HIFLD_2010,iface_WEC_CALN_SUB_HIFLD_2010_to_hub,20000000.0,3645276.463223884,20000000.0,23,168
WEC_CALN,SUB_01440,iface_WEC_CALN_SUB_01440_to_hub,20000000.0,18495942.42943222,20000000.0,153,168
WEC_CALN,SUB_04325,iface_WEC_CALN_SUB_04325_to_hub,20000000.0,19888204.484133374,20000000.0,155,168
WEC_CALN,SUB_01222,iface_WEC_CALN_SUB_01222_to_hub,20000000.0,20000000.0,20000000.0,168,168
WEC_CALN,SUB_15276,iface_WEC_CALN_SUB_15276_to_hub,332700000.0,0.0,0.0,0,168
WEC_CALN,SUB_04337,iface_WEC_CALN_SUB_04337_to_hub,3810000000.0,220020970.83556476,568370711.943533,0,168
WEC_CALN,SUB_04256,iface_WEC_CALN_SUB_04256_to_hub,1540000000.0,410848321.23269355,678047321.4979428,0,168
WEC_CALN,SUB_01466,iface_WEC_CALN_SUB_01466_to_hub,20000000.0,19523809.523809522,20000000.0,164,168
WEC_CALN,SUB_16242,iface_WEC_CALN_SUB_16242_to_hub,380000000.0,62327764.96248687,149037922.91261813,0,168
WEC_CALN,SUB_16348,iface_WEC_CALN_SUB_16348_to_hub,20000000.0,16678224.689421382,20000000.0,136,168
WEC_CALN,SUB_01223,iface_WEC_CALN_SUB_01223_to_hub,20000000.0,20000000.0,20000000.0,168,168
WEC_CALN,SUB_25367,iface_WEC_CALN_SUB_25367_to_hub,547200000.0,6486184.575677993,235003736.2176402,0,168
WEC_CALN,SUB_01469,iface_WEC_CALN_SUB_01469_to_hub,20000000.0,19990954.42504583,20000000.0,167,168
WEC_CALN,SUB_HIFLD_2514,iface_WEC_CALN_SUB_HIFLD_2514_to_hub,20000000.0,339537.20963736274,526367.709370371,0,168
WEC_CALN,SUB_10293,iface_WEC_CALN_SUB_10293_to_hub,20000000.0,0.0,0.0,0,168
WEC_CALN,SUB_10314,iface_WEC_CALN_SUB_10314_to_hub,20000000.0,2083252.883891667,14180927.551898759,0,168
WEC_CALN,SUB_HIFLD_1854,iface_WEC_CALN_SUB_HIFLD_1854_to_hub,20000000.0,271266.8349337229,3232774.399692415,0,168
WEC_CALN,SUB_25337,iface_WEC_CALN_SUB_25337_to_hub,480000000.0,82498216.39708379,219586621.7570379,0,168
WEC_CALN,SUB_01323,iface_WEC_CALN_SUB_01323_to_hub,800000000.0,45407008.974629894,183330382.6181722,0,168
WEC_CALN,SUB_06364,iface_WEC_CALN_SUB_06364_to_hub,135999044.89,20736356.12481899,135999044.89,8,168
WEC_CALN,SUB_10373,iface_WEC_CALN_SUB_10373_to_hub,20000000.0,0.0,0.0,0,168
WEC_CALN,SUB_18301,iface_WEC_CALN_SUB_18301_to_hub,20000000.0,508892.5754848932,20000000.0,3,168
WEC_CALN,SUB_16368,iface_WEC_CALN_SUB_16368_to_hub,20000000.0,13278387.888225768,20000000.0,100,168
WEC_CALN,SUB_16371,iface_WEC_CALN_SUB_16371_to_hub,20000000.0,20000000.0,20000000.0,168,168
WEC_CALN,SUB_25993,iface_WEC_CALN_SUB_25993_to_hub,952000000.0,1627089.7276826405,5103092.783505155,0,168
WEC_CALN,SUB_04248,iface_WEC_CALN_SUB_04248_to_hub,400000000.0,276734721.03652483,400000000.0,24,168
WEC_CALN,SUB_16391,iface_WEC_CALN_SUB_16391_to_hub,800000000.0,2138576.856965595,58233323.74927153,0,168
WEC_CALN,SUB_25430,iface_WEC_CALN_SUB_25430_to_hub,20000000.0,9749691.644642157,20000000.0,34,168
WEC_CALN,SUB_HIFLD_30,iface_WEC_CALN_SUB_HIFLD_30_to_hub,7850000000.0,576231748.8985828,1043922899.6370804,0,168
WEC_CALN,SUB_25461,iface_WEC_CALN_SUB_25461_to_hub,2400000000.0,20612458.093068678,50277320.594394326,0,168
WEC_CALN,SUB_10132,iface_WEC_CALN_SUB_10132_to_hub,795000000.0,0.0,0.0,0,168
WEC_CALN,SUB_25407,iface_WEC_CALN_SUB_25407_to_hub,670000000.0,131884192.78350647,331601457.43219084,0,168
WEC_CALN,SUB_HIFLD_1297,iface_WEC_CALN_SUB_HIFLD_1297_to_hub,400000000.0,0.0,0.0,0,168
WEC_CALN,SUB_25457,iface_WEC_CALN_SUB_25457_to_hub,250000000.0,26786872.35304254,67828971.98426,0,168
WEC_CALN,SUB_01423,iface_WEC_CALN_SUB_01423_to_hub,620000000.0,327362911.04167235,620000000.0,12,168
WEC_CALN,SUB_01465,iface_WEC_CALN_SUB_01465_to_hub,850000000.0,17307051.422346555,190938321.27184895,0,168
WEC_CALN,SUB_25250,iface_WEC_CALN_SUB_25250_to_hub,250000000.0,31700632.978136517,250000000.0,1,168
WEC_CALN,SUB_10225,iface_WEC_CALN_SUB_10225_to_hub,70000000.0,0.0,0.0,0,168
WEC_CALN,SUB_08377,iface_WEC_CALN_SUB_08377_to_hub,800000000.0,37363771.7799925,62559331.709085055,0,168
WEC_CALN,SUB_HIFLD_982,iface_WEC_CALN_SUB_HIFLD_982_to_hub,20000000.0,10641381.070006456,20000000.0,85,168
WEC_CALN,SUB_HIFLD_597,iface_WEC_CALN_SUB_HIFLD_597_to_hub,1443962904.2285295,65031525.878353745,418163650.88227445,0,168
WEC_CALN,SUB_02210,iface_WEC_CALN_SUB_02210_to_hub,1796782303.1405802,626775905.1830732,1114674551.5530055,0,168
WEC_CALN,SUB_HIFLD_1357,iface_WEC_CALN_SUB_HIFLD_1357_to_hub,20000000.0,0.0,0.0,0,168
WEC_CALN,SUB_25348,iface_WEC_CALN_SUB_25348_to_hub,20000000.0,6889446.613413982,20000000.0,46,168
WEC_CALN,SUB_01380,iface_WEC_CALN_SUB_01380_to_hub,20000000.0,20000000.0,20000000.0,168,168
WEC_CALN,SUB_04230,iface_WEC_CALN_SUB_04230_to_hub,20000000.0,20000000.0,20000000.0,168,168
WEC_CALN,SUB_04205,iface_WEC_CALN_SUB_04205_to_hub,3118128259.3757825,162724428.1097858,865507290.3392199,0,168
WEC_CALN,SUB_01409,iface_WEC_CALN_SUB_01409_to_hub,20000000.0,20000000.0,20000000.0,168,168
WEC_CALN,SUB_HIFLD_3283,iface_WEC_CALN_SUB_HIFLD_3283_to_hub,4800000000.0,5796034.115049016,7750306.457399963,0,168
WEC_CALN,SUB_25209,iface_WEC_CALN_SUB_25209_to_hub,2700000000.0,13243403.452581396,34776805.38216817,0,168
WEC_CALN,SUB_25255,iface_WEC_CALN_SUB_25255_to_hub,2700000000.0,23602214.323073003,167767226.1544603,0,168
WEC_LADW,WECC_AZ,line_4208,468000000.0,0.0,0.0,0,168
WEC_LADW,WECC_PNW,line_4215,2858000000.0,0.0,0.0,0,168
WEC_LADW,WECC_SNV,line_4217,3883000000.0,0.0,0.0,0,168
WEC_LADW,WECC_UT,line_4218,1400000000.0,0.0,0.0,0,168
WEC_LADW,SUB_HIFLD_791,iface_WEC_LADW_SUB_HIFLD_791_to_hub,3190000000.0,243340718.45276043,1308242914.0291219,0,168
WEC_LADW,SUB_HIFLD_3946,iface_WEC_LADW_SUB_HIFLD_3946_to_hub,20000000.0,20000000.0,20000000.0,168,168
WEC_LADW,SUB_HIFLD_488,iface_WEC_LADW_SUB_HIFLD_488_to_hub,20000000.0,15286628.559269417,20000000.0,95,168
WEC_LADW,SUB_HIFLD_1507,iface_WEC_LADW_SUB_HIFLD_1507_to_hub,20000000.0,20000000.0,20000000.0,168,168
WEC_LADW,SUB_HIFLD_1157,iface_WEC_LADW_SUB_HIFLD_1157_to_hub,20000000.0,20000000.0,20000000.0,168,168
WEC_LADW,SUB_HIFLD_1126,iface_WEC_LADW_SUB_HIFLD_1126_to_hub,75000000.0,0.0,0.0,0,168
WEC_LADW,SUB_HIFLD_1161,iface_WEC_LADW_SUB_HIFLD_1161_to_hub,40200000.0,0.0,0.0,0,168
WEC_LADW,SUB_HIFLD_1511,iface_WEC_LADW_SUB_HIFLD_1511_to_hub,20000000.0,20000000.0,20000000.0,168,168
WEC_LADW,SUB_HIFLD_1523,iface_WEC_LADW_SUB_HIFLD_1523_to_hub,660074427.1521118,122918097.67980397,164206125.33473274,0,168
WEC_LADW,SUB_HIFLD_1686,iface_WEC_LADW_SUB_HIFLD_1686_to_hub,1678900000.0,189012403.1111792,424182051.8419864,0,168
WEC_LADW,SUB_HIFLD_4162,iface_WEC_LADW_SUB_HIFLD_4162_to_hub,20000000.0,0.0,0.0,0,168
WEC_LADW,SUB_HIFLD_1526,iface_WEC_LADW_SUB_HIFLD_1526_to_hub,20000000.0,20000000.0,20000000.0,168,168
WEC_LADW,SUB_HIFLD_3364,iface_WEC_LADW_SUB_HIFLD_3364_to_hub,20000000.0,12943157.733617045,20000000.0,57,168
WEC_LADW,SUB_HIFLD_1515,iface_WEC_LADW_SUB_HIFLD_1515_to_hub,556000000.0,426493825.5189433,556000000.0,26,168
WEC_LADW,SUB_HIFLD_1525,iface_WEC_LADW_SUB_HIFLD_1525_to_hub,900002529.863594,362706480.99656886,613354632.0306784,0,168
WEC_LADW,SUB_HIFLD_1509,iface_WEC_LADW_SUB_HIFLD_1509_to_hub,725942939.0545931,131983505.83507779,663209344.1207896,0,168
WEC_LADW,SUB_HIFLD_1517,iface_WEC_LADW_SUB_HIFLD_1517_to_hub,1200000000.0,147703900.37213582,452538519.76352745,0,168
WEC_LADW,SUB_HIFLD_2481,iface_WEC_LADW_SUB_HIFLD_2481_to_hub,44425054.21000001,37953406.577741034,44425054.21000001,143,168
WEC_LADW,SUB_HIFLD_493,iface_WEC_LADW_SUB_HIFLD_493_to_hub,20000000.0,20000000.0,20000000.0,168,168
WEC_LADW,SUB_HIFLD_3570,iface_WEC_LADW_SUB_HIFLD_3570_to_hub,322533438.88,68569588.55581899,271536172.5622536,0,168
WEC_LADW,SUB_HIFLD_596,iface_WEC_LADW_SUB_HIFLD_596_to_hub,20000000.0,20000000.0,20000000.0,168,168
WEC_LADW,SUB_HIFLD_497,iface_WEC_LADW_SUB_HIFLD_497_to_hub,20000000.0,20000000.0,20000000.0,168,168
WEC_LADW,SUB_HIFLD_501,iface_WEC_LADW_SUB_HIFLD_501_to_hub,20000000.0,20000000.0,20000000.0,168,168
WEC_LADW,SUB_HIFLD_2921,iface_WEC_LADW_SUB_HIFLD_2921_to_hub,20000000.0,20000000.0,20000000.0,168,168
WEC_LADW,SUB_HIFLD_495,iface_WEC_LADW_SUB_HIFLD_495_to_hub,20000000.0,18928571.42857143,20000000.0,159,168
WEC_LADW,SUB_HIFLD_498,iface_WEC_LADW_SUB_HIFLD_498_to_hub,20000000.0,20000000.0,20000000.0,168,168
WEC_LADW,SUB_HIFLD_491,iface_WEC_LADW_SUB_HIFLD_491_to_hub,20000000.0,20000000.0,20000000.0,168,168
WEC_LADW,SUB_HIFLD_4243,iface_WEC_LADW_SUB_HIFLD_4243_to_hub,20000000.0,20000000.0,20000000.0,168,168
WEC_LADW,SUB_HIFLD_496,iface_WEC_LADW_SUB_HIFLD_496_to_hub,640000000.0,608174775.4236053,640000000.0,113,168
WEC_LADW,SUB_HIFLD_1521,iface_WEC_LADW_SUB_HIFLD_1521_to_hub,638771696.8778288,317374791.9798645,601088665.751375,0,168
WEC_SDGE,WECC_AZ,line_4272,1168000000.0,5070229.869549112,528637369.9072813,0,168
WEC_SDGE,SUB_HIFLD_3206,iface_WEC_SDGE_SUB_HIFLD_3206_to_hub,23537639.307721406,23537639.307721406,23537639.307721406,168,168
WEC_SDGE,SUB_HIFLD_3461,iface_WEC_SDGE_SUB_HIFLD_3461_to_hub,23537639.307721406,23537639.307721406,23537639.307721406,168,168
WEC_SDGE,SUB_HIFLD_2497,iface_WEC_SDGE_SUB_HIFLD_2497_to_hub,23537639.307721406,23537639.307721406,23537639.307721406,168,168
WEC_SDGE,SUB_HIFLD_3016,iface_WEC_SDGE_SUB_HIFLD_3016_to_hub,717897998.8855028,352343368.47293925,717897998.8855028,26,168
WEC_SDGE,SUB_HIFLD_906,iface_WEC_SDGE_SUB_HIFLD_906_to_hub,23537639.307721406,23537639.307721406,23537639.307721406,168,168
WEC_SDGE,SUB_HIFLD_944,iface_WEC_SDGE_SUB_HIFLD_944_to_hub,23537639.307721406,23537639.307721406,23537639.307721406,168,168
WEC_SDGE,SUB_HIFLD_901,iface_WEC_SDGE_SUB_HIFLD_901_to_hub,23537639.307721406,23494844.84932143,23537639.307721406,164,168
WEC_SDGE,SUB_HIFLD_3080,iface_WEC_SDGE_SUB_HIFLD_3080_to_hub,23537639.307721406,23256383.228340656,23537639.307721406,160,168
WEC_SDGE,SUB_HIFLD_3148,iface_WEC_SDGE_SUB_HIFLD_3148_to_hub,23537639.307721406,3148023.2206082763,23537639.307721406,20,168
WEC_SDGE,SUB_HIFLD_969,iface_WEC_SDGE_SUB_HIFLD_969_to_hub,23537639.307721406,23537639.307721406,23537639.307721406,168,168
WEC_SDGE,SUB_HIFLD_902,iface_WEC_SDGE_SUB_HIFLD_902_to_hub,23537639.307721406,23537639.307721406,23537639.307721406,168,168
WEC_SDGE,SUB_HIFLD_928,iface_WEC_SDGE_SUB_HIFLD_928_to_hub,23537639.307721406,22416799.340687055,23537639.307721406,160,168
WEC_SDGE,SUB_HIFLD_1162,iface_WEC_SDGE_SUB_HIFLD_1162_to_hub,23537639.307721406,23537639.307721406,23537639.307721406,168,168
WEC_SDGE,SUB_HIFLD_954,iface_WEC_SDGE_SUB_HIFLD_954_to_hub,23537639.307721406,23537639.307721406,23537639.307721406,168,168
WEC_SDGE,SUB_HIFLD_2486,iface_WEC_SDGE_SUB_HIFLD_2486_to_hub,282451671.6926569,258000958.8828045,282451671.6926569,104,168
WEC_SDGE,SUB_HIFLD_948,iface_WEC_SDGE_SUB_HIFLD_948_to_hub,1318107801.2323987,304589865.4170379,654734661.9637011,0,168
WEC_SDGE,SUB_HIFLD_1047,iface_WEC_SDGE_SUB_HIFLD_1047_to_hub,31305060.279269468,31305060.279269464,31305060.279269468,168,168
WEC_SDGE,SUB_HIFLD_880,iface_WEC_SDGE_SUB_HIFLD_880_to_hub,470752786.1544281,321665327.5616023,470752786.1544281,45,168
WEC_SDGE,SUB_HIFLD_968,iface_WEC_SDGE_SUB_HIFLD_968_to_hub,23537639.307721406,22556904.336566348,23537639.307721406,161,168
WEC_SDGE,SUB_HIFLD_3708,iface_WEC_SDGE_SUB_HIFLD_3708_to_hub,1788860587.3868268,35693124.79808631,331997211.2553598,0,168
WEC_SDGE,SUB_HIFLD_905,iface_WEC_SDGE_SUB_HIFLD_905_to_hub,88266147.40395527,88094727.66901681,88266147.40395527,166,168
WEC_SDGE,SUB_HIFLD_938,iface_WEC_SDGE_SUB_HIFLD_938_to_hub,23537639.307721406,23537639.307721406,23537639.307721406,168,168
WEC_SDGE,SUB_HIFLD_930,iface_WEC_SDGE_SUB_HIFLD_930_to_hub,141225835.84632844,141225835.84632847,141225835.84632844,168,168
WEC_SDGE,SUB_HIFLD_3022,iface_WEC_SDGE_SUB_HIFLD_3022_to_hub,141225835.84632844,141225835.84632847,141225835.84632844,168,168
WEC_SDGE,SUB_HIFLD_2485,iface_WEC_SDGE_SUB_HIFLD_2485_to_hub,23537639.307721406,23537639.307721406,23537639.307721406,168,168
WEC_SDGE,SUB_HIFLD_2493,iface_WEC_SDGE_SUB_HIFLD_2493_to_hub,23537639.307721406,23537639.307721406,23537639.307721406,168,168
SUB_02409,SUB_HIFLD_2062,meso_SUB_02409_SUB_HIFLD_2062_fwd,27095953.89593705,0.0,0.0,0,168
SUB_10349,SUB_10372,meso_SUB_10349_SUB_10372_fwd,60000000.0,7739741.791817283,10780570.64009161,0,168
SUB_10349,SUB_HIFLD_3104,meso_SUB_10349_SUB_HIFLD_3104_rev,5000000.0,1272867.1614070316,1973262.7976091474,0,168
SUB_10349,SUB_HIFLD_1062,meso_SUB_10349_SUB_HIFLD_1062_rev,5000000.0,886031.6344084668,1373570.9062556631,0,168
SUB_04281,SUB_04209,meso_SUB_04281_SUB_04209_rev,60000000.0,0.0,0.0,0,168
SUB_04281,SUB_04285,meso_SUB_04281_SUB_04285_fwd,60000000.0,3079277.552360145,7777543.123104488,0,168
SUB_04281,SUB_04316,meso_SUB_04281_SUB_04316_fwd,60000000.0,969847.0802475672,1700884.0737883577,0,168
SUB_18239,SUB_18219,meso_SUB_18239_SUB_18219_rev,60000000.0,972791.6667347862,1600000.0,0,168
SUB_25404,SUB_25537,meso_SUB_25404_SUB_25537_fwd,6308495.41817971,0.0,0.0,0,168
SUB_25424,SUB_25208,meso_SUB_25424_SUB_25208_rev,300000000.0,646392.835856909,3968358.130489985,0,168
SUB_01216,SUB_01365,meso_SUB_01216_SUB_01365_fwd,180000000.0,0.0,0.0,0,168
SUB_01216,SUB_01445,meso_SUB_01216_SUB_01445_fwd,60000000.0,28507636.98931979,60000000.0,58,168
SUB_01216,SUB_01202,meso_SUB_01216_SUB_01202_rev,150000000.0,146528181.8248493,150000000.0,137,168
SUB_01216,SUB_01324,meso_SUB_01216_SUB_01324_fwd,300000000.0,7042393.09268862,100269539.20448296,0,168
SUB_01216,SUB_01343,meso_SUB_01216_SUB_01343_fwd,150000000.0,26076257.62887195,76144278.10557045,0,168
SUB_01216,SUB_01376,meso_SUB_01216_SUB_01376_fwd,400000000.0,115927507.95821589,400000000.0,5,168
SUB_01216,SUB_01391,meso_SUB_01216_SUB_01391_fwd,300000000.0,21597735.21844565,72668820.45282441,0,168
SUB_01216,SUB_01465,meso_SUB_01216_SUB_01465_fwd,400000000.0,0.0,0.0,0,168
SUB_01216,SUB_01466,meso_SUB_01216_SUB_01466_fwd,400000000.0,13640869.068255838,62012494.96617268,0,168
SUB_01216,SUB_01467,meso_SUB_01216_SUB_01467_fwd,400000000.0,213445185.69804388,400000000.0,35,168
SUB_01216,SUB_02203,meso_SUB_01216_SUB_02203_fwd,400000000.0,147719500.6785397,251402029.6023411,0,168
SUB_01216,SUB_02419,meso_SUB_01216_SUB_02419_fwd,400000000.0,311484066.9346965,400000000.0,76,168
SUB_01216,SUB_HIFLD_30,meso_SUB_01216_SUB_HIFLD_30_fwd,400000000.0,0.0,0.0,0,168
SUB_25229,SUB_25234,meso_SUB_25229_SUB_25234_fwd,300000000.0,0.0,0.0,0,168
SUB_25229,SUB_25235,meso_SUB_25229_SUB_25235_fwd,300000000.0,0.0,0.0,0,168
SUB_25357,SUB_25235,meso_SUB_25357_SUB_25235_rev,150000000.0,0.0,0.0,0,168
SUB_25357,SUB_25392,meso_SUB_25357_SUB_25392_fwd,150000000.0,42427856.52171881,65261343.98155606,0,168
SUB_25357,SUB_25204,meso_SUB_25357_SUB_25204_rev,150000000.0,18392261.466264613,43742935.46129995,0,168
SUB_16299,SUB_16207,meso_SUB_16299_SUB_16207_rev,60000000.0,8542268.060432326,10924227.307506444,0,168
SUB_16299,SUB_16323,meso_SUB_16299_SUB_16323_fwd,60000000.0,0.0,0.0,0,168
SUB_25460,SUB_HIFLD_217,meso_SUB_25460_SUB_HIFLD_217_fwd,5000000.0,0.0,0.0,0,168
SUB_16208,SUB_16223,meso_SUB_16208_SUB_16223_fwd,60000000.0,0.0,0.0,0,168
SUB_16208,SUB_16302,meso_SUB_16208_SUB_16302_fwd,60000000.0,0.0,0.0,0,168
SUB_25455,SUB_25205,meso_SUB_25455_SUB_25205_rev,400000000.0,57169351.30940036,94252065.88273196,0,168
SUB_25455,SUB_25412,meso_SUB_25455_SUB_25412_rev,400000000.0,0.0,0.0,0,168
SUB_16354,SUB_16301,meso_SUB_16354_SUB_16301_rev,120000000.0,0.0,0.0,0,168
SUB_16354,SUB_HIFLD_3129,meso_SUB_16354_SUB_HIFLD_3129_fwd,120000000.0,0.0,0.0,0,168
SUB_15215,SUB_06203,meso_SUB_15215_SUB_06203_rev,210000000.0,42661379.61919158,86256815.05063178,0,168
SUB_15215,SUB_06277,meso_SUB_15215_SUB_06277_rev,60000000.0,0.0,0.0,0,168
SUB_15215,SUB_06344,meso_SUB_15215_SUB_06344_rev,60000000.0,6174555.242709327,12381016.974662514,0,168
SUB_15215,SUB_06368,meso_SUB_15215_SUB_06368_rev,150000000.0,3317281.6400438286,19469951.16172077,0,168
SUB_15215,SUB_15281,meso_SUB_15215_SUB_15281_fwd,60000000.0,0.0,0.0,0,168
SUB_15215,SUB_15290,meso_SUB_15215_SUB_15290_fwd,150000000.0,903019.6988412885,15512151.586158989,0,168
SUB_15215,SUB_15371,meso_SUB_15215_SUB_15371_fwd,60000000.0,996029.0980749127,4275363.854412217,0,168
SUB_15215,SUB_15373,meso_SUB_15215_SUB_15373_fwd,60000000.0,1066216.194931557,17276804.375402708,0,168
SUB_15215,SUB_15376,meso_SUB_15215_SUB_15376_fwd,60000000.0,2612769.859828407,6243815.439755155,0,168
SUB_15215,SUB_15378,meso_SUB_15215_SUB_15378_fwd,150000000.0,3586210.555861539,24924368.441627048,0,168
SUB_25373,SUB_25412,meso_SUB_25373_SUB_25412_fwd,150000000.0,0.0,0.0,0,168
SUB_25373,SUB_25425,meso_SUB_25373_SUB_25425_fwd,150000000.0,0.0,0.0,0,168
SUB_25373,SUB_25228,meso_SUB_25373_SUB_25228_rev,150000000.0,0.0,0.0,0,168
SUB_25232,SUB_25255,meso_SUB_25232_SUB_25255_fwd,160000000.0,4412409.970330005,8854049.2325155,0,168
SUB_25232,SUB_25468,meso_SUB_25232_SUB_25468_fwd,80000000.0,3290771.8716180203,8776545.546163289,0,168
SUB_04341,SUB_04295,meso_SUB_04341_SUB_04295_rev,150000000.0,0.0,0.0,0,168
SUB_04341,SUB_HIFLD_1827,meso_SUB_04341_SUB_HIFLD_1827_fwd,300000000.0,0.0,0.0,0,168
SUB_04341,SUB_HIFLD_1815,meso_SUB_04341_SUB_HIFLD_1815_rev,5000000.0,0.0,0.0,0,168
SUB_04341,SUB_HIFLD_1823,meso_SUB_04341_SUB_HIFLD_1823_rev,5000000.0,0.0,0.0,0,168
SUB_16223,SUB_16208,meso_SUB_16223_SUB_16208_rev,60000000.0,450769.59709693963,3390721.7124073775,0,168
SUB_16223,SUB_16328,meso_SUB_16223_SUB_16328_fwd,60000000.0,0.0,0.0,0,168
SUB_16223,SUB_16368,meso_SUB_16223_SUB_16368_fwd,60000000.0,0.0,0.0,0,168
SUB_16223,SUB_HIFLD_3355,meso_SUB_16223_SUB_HIFLD_3355_fwd,60000000.0,0.0,0.0,0,168
SUB_16325,SUB_16267,meso_SUB_16325_SUB_16267_rev,60000000.0,111111.02867269752,3033915.4187345505,0,168
SUB_16325,SUB_16274,meso_SUB_16325_SUB_16274_rev,60000000.0,9599168.8075798,24924609.221909374,0,168
SUB_16325,SUB_HIFLD_2318,meso_SUB_16325_SUB_HIFLD_2318_fwd,60000000.0,0.0,0.0,0,168
SUB_08299,SUB_08300,meso_SUB_08299_SUB_08300_fwd,150000000.0,453981.5858588332,968980.504989624,0,168
SUB_25367,SUB_18301,meso_SUB_25367_SUB_18301_rev,2400000000.0,151103.06015008656,14386980.00083476,0,168
SUB_25367,SUB_25231,meso_SUB_25367_SUB_25231_rev,150000000.0,1659432.164307319,46010541.51319516,0,168
SUB_25367,SUB_25236,meso_SUB_25367_SUB_25236_rev,60000000.0,11225981.230540669,51714246.304755576,0,168
SUB_25367,SUB_25289,meso_SUB_25367_SUB_25289_rev,300000000.0,10536020.778599724,39747481.41158715,0,168
SUB_25367,SUB_25340,meso_SUB_25367_SUB_25340_rev,150000000.0,5276889.564868196,6606701.273279091,0,168
SUB_25367,SUB_25461,meso_SUB_25367_SUB_25461_fwd,800000000.0,14757726.771755485,254332224.55593476,0,168
SUB_25367,SUB_HIFLD_982,meso_SUB_25367_SUB_HIFLD_982_fwd,2050000000.0,100019257.46323366,865581326.8581406,0,168
SUB_25367,SUB_18238,meso_SUB_25367_SUB_18238_rev,400000000.0,213473276.1162881,400000000.0,35,168
SUB_25367,SUB_25359,meso_SUB_25367_SUB_25359_rev,150000000.0,69581.60056035203,264624.5091231828,0,168
SUB_25367,SUB_25393,meso_SUB_25367_SUB_25393_fwd,800000000.0,1262989.5796271558,27139478.024930622,0,168
SUB_25367,SUB_25412,meso_SUB_25367_SUB_25412_fwd,400000000.0,191454473.61519104,400000000.0,16,168
SUB_25367,SUB_25464,meso_SUB_25367_SUB_25464_fwd,80000000.0,1003869.6841653401,26581703.816604808,0,168
SUB_25367,SUB_25537,meso_SUB_25367_SUB_25537_fwd,150000000.0,15494938.520315345,103065577.14100993,0,168
SUB_25367,WEC_CALN,iface_SUB_25367_WEC_CALN_to_ba,547200000.0,2580516.7921988633,433526821.08940905,0,168
SUB_25202,SUB_25345,meso_SUB_25202_SUB_25345_fwd,160000000.0,0.0,0.0,0,168
SUB_25296,SUB_25246,meso_SUB_25296_SUB_25246_rev,150000000.0,65574.3758454297,11016495.142032191,0,168
SUB_25296,SUB_25290,meso_SUB_25296_SUB_25290_rev,150000000.0,0.0,0.0,0,168
SUB_18258,SUB_18280,meso_SUB_18258_SUB_18280_fwd,60000000.0,1118722.08905703,11022842.408566771,0,168
SUB_18258,SUB_18263,meso_SUB_18258_SUB_18263_fwd,80000000.0,0.0,0.0,0,168
SUB_16209,SUB_01432,meso_SUB_16209_SUB_01432_rev,60000000.0,0.0,0.0,0,168
SUB_16209,SUB_16374,meso_SUB_16209_SUB_16374_fwd,60000000.0,0.0,0.0,0,168
SUB_15371,SUB_15211,meso_SUB_15371_SUB_15211_rev,60000000.0,103494.72338040202,2070103.045591374,0,168
SUB_15371,SUB_15215,meso_SUB_15371_SUB_15215_rev,60000000.0,2326118.4279160034,53666772.41982365,0,168
SUB_04282,SUB_04256,meso_SUB_04282_SUB_04256_rev,300000000.0,0.0,0.0,0,168
SUB_04282,SUB_04277,meso_SUB_04282_SUB_04277_rev,150000000.0,26078959.056496564,29072164.94845361,0,168
SUB_04282,SUB_04289,meso_SUB_04282_SUB_04289_fwd,60000000.0,1957539.7599135537,3448691.0475898036,0,168
SUB_04282,SUB_04331,meso_SUB_04282_SUB_04331_fwd,120000000.0,417151.31412257033,4245102.2118637245,0,168
SUB_04282,SUB_04225,meso_SUB_04282_SUB_04225_rev,300000000.0,1669764.0525048191,2945638.9987591617,0,168
SUB_25380,SUB_25297,meso_SUB_25380_SUB_25297_rev,80000000.0,0.0,0.0,0,168
SUB_25380,SUB_25319,meso_SUB_25380_SUB_25319_rev,80000000.0,0.0,0.0,0,168
SUB_25255,SUB_18263,meso_SUB_25255_SUB_18263_rev,300000000.0,895375.2680976293,36014814.69944768,0,168
SUB_25255,SUB_25232,meso_SUB_25255_SUB_25232_rev,160000000.0,3416122.45492145,9100566.65090061,0,168
SUB_25255,SUB_25278,meso_SUB_25255_SUB_25278_fwd,80000000.0,3680.3934645419918,618306.1020430546,0,168
SUB_25255,SUB_25261,meso_SUB_25255_SUB_25261_fwd,150000000.0,33028440.244880028,150000000.0,2,168
SUB_25255,WEC_CALN,iface_SUB_25255_WEC_CALN_to_ba,2700000000.0,1817307.7316501779,21483268.285293706,0,168
SUB_08293,SUB_18358,meso_SUB_08293_SUB_18358_fwd,60000000.0,0.0,0.0,0,168
SUB_16315,SUB_16365,meso_SUB_16315_SUB_16365_fwd,60000000.0,2382571.611909542,8315979.318520458,0,168
SUB_16315,SUB_16368,meso_SUB_16315_SUB_16368_fwd,60000000.0,0.0,0.0,0,168
SUB_10355,SUB_10330,meso_SUB_10355_SUB_10330_rev,60000000.0,0.0,0.0,0,168
SUB_10355,SUB_10372,meso_SUB_10355_SUB_10372_fwd,60000000.0,52236080.455051854,58374368.357457414,0,168
SUB_10355,SUB_HIFLD_482,meso_SUB_10355_SUB_HIFLD_482_fwd,60000000.0,0.0,0.0,0,168
SUB_10355,SUB_10331,meso_SUB_10355_SUB_10331_rev,5000000.0,199377.14898358038,1417010.3407397713,0,168
SUB_04336,SUB_04271,meso_SUB_04336_SUB_04271_rev,60000000.0,0.0,0.0,0,168
SUB_04336,SUB_04319,meso_SUB_04336_SUB_04319_rev,150000000.0,568424.3750488533,16528347.455273146,0,168
SUB_04336,SUB_04331,meso_SUB_04336_SUB_04331_rev,120000000.0,0.0,0.0,0,168
SUB_16307,SUB_16242,meso_SUB_16307_SUB_16242_rev,60000000.0,5726358.779296191,31878338.565623295,0,168
SUB_16307,SUB_16322,meso_SUB_16307_SUB_16322_fwd,60000000.0,18787852.523662046,33201587.736149423,0,168
SUB_16307,SUB_HIFLD_4390,meso_SUB_16307_SUB_HIFLD_4390_fwd,60000000.0,0.0,0.0,0,168
SUB_16307,SUB_16308,meso_SUB_16307_SUB_16308_rev,6985876.181608301,4409643.458570987,5753092.830697286,0,168
SUB_18208,SUB_18203,meso_SUB_18208_SUB_18203_rev,60000000.0,0.0,0.0,0,168
SUB_18208,SUB_18215,meso_SUB_18208_SUB_18215_fwd,60000000.0,2569995.7014476196,5544330.095507435,0,168
SUB_18208,SUB_18207,meso_SUB_18208_SUB_18207_fwd,53363845.5521088,40470353.69490084,50345146.78549226,0,168
SUB_16324,SUB_16376,meso_SUB_16324_SUB_16376_fwd,5000000.0,0.0,0.0,0,168
SUB_19245,SUB_19239,meso_SUB_19245_SUB_19239_rev,60000000.0,7610912.802961077,9447422.806258054,0,168
SUB_19245,SUB_19243,meso_SUB_19245_SUB_19243_rev,60000000.0,6943816.362286432,9143616.822486235,0,168
SUB_04266,SUB_04228,meso_SUB_04266_SUB_04228_rev,120000000.0,0.0,0.0,0,168
SUB_04266,SUB_04268,meso_SUB_04266_SUB_04268_fwd,60000000.0,0.0,0.0,0,168
SUB_04266,SUB_04276,meso_SUB_04266_SUB_04276_fwd,60000000.0,2509023.45660919,28162175.51549079,0,168
SUB_04266,SUB_04295,meso_SUB_04266_SUB_04295_fwd,60000000.0,0.0,0.0,0,168
SUB_02412,SUB_02408,meso_SUB_02412_SUB_02408_rev,60000000.0,0.0,0.0,0,168
SUB_02412,SUB_02413,meso_SUB_02412_SUB_02413_fwd,120000000.0,51503626.74187827,79840223.83343786,0,168
SUB_02412,SUB_02425,meso_SUB_02412_SUB_02425_fwd,60000000.0,0.0,0.0,0,168
SUB_01352,SUB_01254,meso_SUB_01352_SUB_01254_fwd,5625048.426506585,0.0,0.0,0,168
SUB_18294,SUB_18237,meso_SUB_18294_SUB_18237_rev,60000000.0,0.0,0.0,0,168
SUB_01220,SUB_01353,meso_SUB_01220_SUB_01353_fwd,5000000.0,0.0,0.0,0,168
SUB_25270,SUB_25221,meso_SUB_25270_SUB_25221_rev,80000000.0,20598562.056116205,51840397.53879316,0,168
SUB_25270,SUB_25224,meso_SUB_25270_SUB_25224_rev,80000000.0,38790050.28028251,80000000.0,40,168
SUB_25270,SUB_25268,meso_SUB_25270_SUB_25268_rev,60000000.0,1664074.9116019174,45201671.53492732,0,168
SUB_25270,SUB_25353,meso_SUB_25270_SUB_25353_fwd,60000000.0,8834149.483693365,10837113.622291801,0,168
SUB_25270,SUB_25425,meso_SUB_25270_SUB_25425_fwd,60000000.0,3103020.1179517554,54277755.003171116,0,168
SUB_25270,SUB_25441,meso_SUB_25270_SUB_25441_fwd,480000000.0,0.0,0.0,0,168
SUB_25270,SUB_25228,meso_SUB_25270_SUB_25228_rev,150000000.0,52766089.000289574,109185866.68789265,0,168
SUB_25270,WEC_CALN,iface_SUB_25270_WEC_CALN_to_ba,230000000.0,0.0,0.0,0,168
SUB_25425,SUB_25235,meso_SUB_25425_SUB_25235_rev,300000000.0,3025577.8234052937,57754459.248955466,0,168
SUB_25425,SUB_25270,meso_SUB_25425_SUB_25270_rev,60000000.0,105255.90779761793,13777009.709982045,0,168
SUB_25425,SUB_25373,meso_SUB_25425_SUB_25373_rev,150000000.0,27416918.764447667,65650516.21899162,0,168
SUB_25425,SUB_25412,meso_SUB_25425_SUB_25412_rev,150000000.0,0.0,0.0,0,168
SUB_25425,SUB_25480,meso_SUB_25425_SUB_25480_fwd,150000000.0,5011944.29076484,8090210.710873953,0,168
SUB_15211,SUB_15371,meso_SUB_15211_SUB_15371_fwd,60000000.0,3278357.3174632746,56694095.2781687,0,168
SUB_10319,SUB_10291,meso_SUB_10319_SUB_10291_fwd,5000000.0,0.0,0.0,0,168
SUB_18272,SUB_18304,meso_SUB_18272_SUB_18304_fwd,150000000.0,0.0,0.0,0,168
SUB_16211,SUB_HIFLD_1397,meso_SUB_16211_SUB_HIFLD_1397_fwd,12874704.877142724,0.0,0.0,0,168
SUB_18304,SUB_18268,meso_SUB_18304_SUB_18268_rev,150000000.0,0.0,0.0,0,168
SUB_18304,SUB_18272,meso_SUB_18304_SUB_18272_rev,150000000.0,11556937.271178091,13818557.141490819,0,168
SUB_18304,SUB_HIFLD_48,meso_SUB_18304_SUB_HIFLD_48_fwd,150000000.0,0.0,0.0,0,168
SUB_25461,SUB_25367,meso_SUB_25461_SUB_25367_rev,800000000.0,0.0,0.0,0,168
SUB_25461,SUB_HIFLD_1851,meso_SUB_25461_SUB_HIFLD_1851_fwd,400000000.0,2951350.083911524,217173257.3309755,0,168
SUB_25461,WEC_CALN,iface_SUB_25461_WEC_CALN_to_ba,2400000000.0,0.0,0.0,0,168
SUB_25235,SUB_25224,meso_SUB_25235_SUB_25224_rev,150000000.0,0.0,0.0,0,168
SUB_25235,SUB_25234,meso_SUB_25235_SUB_25234_rev,210000000.0,847937.4246320568,29511275.008845843,0,168
SUB_25235,SUB_25250,meso_SUB_25235_SUB_25250_fwd,150000000.0,0.0,0.0,0,168
SUB_25235,SUB_25357,meso_SUB_25235_SUB_25357_fwd,150000000.0,107465864.73053542,150000000.0,42,168
SUB_25235,SUB_25408,meso_SUB_25235_SUB_25408_fwd,300000000.0,9438291.114322005,68857286.16234463,0,168
SUB_25235,SUB_25412,meso_SUB_25235_SUB_25412_fwd,300000000.0,0.0,0.0,0,168
SUB_25235,SUB_25425,meso_SUB_25235_SUB_25425_fwd,300000000.0,0.0,0.0,0,168
SUB_25235,SUB_25228,meso_SUB_25235_SUB_25228_rev,300000000.0,213390.7810301695,19892260.26761446,0,168
SUB_25235,SUB_25229,meso_SUB_25235_SUB_25229_rev,300000000.0,9248969.124959305,16127835.397622019,0,168
SUB_25235,SUB_25444,meso_SUB_25235_SUB_25444_rev,17264462.953577142,84786.134273061,5320047.34314594,0,168
SUB_25539,SUB_25245,meso_SUB_25539_SUB_25245_rev,80000000.0,0.0,0.0,0,168
SUB_25539,SUB_25276,meso_SUB_25539_SUB_25276_rev,80000000.0,4224346.807366392,23532112.608927187,0,168
SUB_25539,SUB_25347,meso_SUB_25539_SUB_25347_rev,150000000.0,0.0,0.0,0,168
SUB_25539,SUB_25398,meso_SUB_25539_SUB_25398_rev,15506610.358198551,12021241.415723259,14571134.366694184,0,168
SUB_01284,SUB_01467,meso_SUB_01284_SUB_01467_fwd,300000000.0,0.0,0.0,0,168
SUB_16274,SUB_16311,meso_SUB_16274_SUB_16311_fwd,60000000.0,9234020.627826583,14140722.027021585,0,168
SUB_16274,SUB_16325,meso_SUB_16274_SUB_16325_fwd,60000000.0,0.0,0.0,0,168
SUB_16274,SUB_HIFLD_1414,meso_SUB_16274_SUB_HIFLD_1414_fwd,60000000.0,0.0,0.0,0,168
SUB_18254,SUB_18255,meso_SUB_18254_SUB_18255_fwd,60000000.0,6518846.827040407,10671019.55943407,0,168
SUB_18254,SUB_18263,meso_SUB_18254_SUB_18263_fwd,60000000.0,0.0,0.0,0,168
SUB_18254,SUB_18261,meso_SUB_18254_SUB_18261_rev,79962461.7118595,11838902.150792308,22354330.43055058,0,168
SUB_18254,SUB_18305,meso_SUB_18254_SUB_18305_rev,52880470.831450015,23351055.097060975,38521136.94139305,0,168
SUB_15244,SUB_15370,meso_SUB_15244_SUB_15370_fwd,150000000.0,8492422.226279646,25107963.69925902,0,168
SUB_15244,SUB_HIFLD_2010,meso_SUB_15244_SUB_HIFLD_2010_fwd,300000000.0,7871885.496678865,33150322.91728125,0,168
SUB_25292,SUB_HIFLD_2363,meso_SUB_25292_SUB_HIFLD_2363_fwd,5487371.942231637,0.0,0.0,0,168
SUB_16370,SUB_16330,meso_SUB_16370_SUB_16330_rev,60000000.0,0.0,0.0,0,168
SUB_16370,SUB_16372,meso_SUB_16370_SUB_16372_fwd,60000000.0,0.0,0.0,0,168
SUB_16370,SUB_HIFLD_4022,meso_SUB_16370_SUB_HIFLD_4022_fwd,60000000.0,0.0,0.0,0,168
SUB_01265,SUB_01314,meso_SUB_01265_SUB_01314_fwd,60000000.0,1329525.5509920241,2243215.200282496,0,168
SUB_01265,SUB_01260,meso_SUB_01265_SUB_01260_fwd,12001042.64542868,0.0,0.0,0,168
SUB_16375,SUB_16216,meso_SUB_16375_SUB_16216_fwd,13194426.850468406,0.0,0.0,0,168
SUB_15379,SUB_15281,meso_SUB_15379_SUB_15281_rev,120000000.0,60064304.11959139,63402061.8556701,0,168
SUB_15379,SUB_15292,meso_SUB_15379_SUB_15292_rev,60000000.0,60000000.0,60000000.0,168,168
SUB_15379,SUB_15313,meso_SUB_15379_SUB_15313_rev,60000000.0,0.0,0.0,0,168
SUB_15379,SUB_15374,meso_SUB_15379_SUB_15374_rev,120000000.0,0.0,0.0,0,168
SUB_19218,SUB_19202,meso_SUB_19218_SUB_19202_rev,60000000.0,6883499.236415903,7642268.277197769,0,168
SUB_19218,SUB_19223,meso_SUB_19218_SUB_19223_fwd,60000000.0,2162001.434077778,2652559.8187331827,0,168
SUB_19218,SUB_19239,meso_SUB_19218_SUB_19239_fwd,60000000.0,177661.05885161454,1501935.9537581105,0,168
SUB_19218,SUB_19210,meso_SUB_19218_SUB_19210_rev,5000000.0,236275.77281182574,373195.8816960915,0,168
SUB_19231,SUB_19222,meso_SUB_19231_SUB_19222_rev,60000000.0,0.0,0.0,0,168
SUB_19231,SUB_19246,meso_SUB_19231_SUB_19246_fwd,60000000.0,0.0,0.0,0,168
SUB_19231,SUB_HIFLD_255,meso_SUB_19231_SUB_HIFLD_255_fwd,150000000.0,0.0,0.0,0,168
SUB_08324,SUB_08318,meso_SUB_08324_SUB_08318_rev,150000000.0,0.0,0.0,0,168
SUB_08324,SUB_08319,meso_SUB_08324_SUB_08319_rev,450000000.0,66214598.86340792,106746618.95480126,0,168
SUB_06362,SUB_06313,meso_SUB_06362_SUB_06313_rev,150000000.0,0.0,0.0,0,168
SUB_06362,SUB_HIFLD_1370,meso_SUB_06362_SUB_HIFLD_1370_fwd,150000000.0,0.0,0.0,0,168
SUB_06362,SUB_06204,meso_SUB_06362_SUB_06204_rev,150000000.0,0.0,0.0,0,168
SUB_15375,SUB_06254,meso_SUB_15375_SUB_06254_rev,60000000.0,76225.82899945995,1248540.2530001611,0,168
SUB_15375,SUB_15233,meso_SUB_15375_SUB_15233_rev,60000000.0,0.0,0.0,0,168
SUB_15375,SUB_15285,meso_SUB_15375_SUB_15285_rev,60000000.0,0.0,0.0,0,168
SUB_15375,SUB_15290,meso_SUB_15375_SUB_15290_rev,150000000.0,11018012.747680843,25514488.054198343,0,168
SUB_15375,SUB_15377,meso_SUB_15375_SUB_15377_fwd,60000000.0,318263.51059896045,6050300.560824746,0,168
SUB_15375,SUB_HIFLD_595,meso_SUB_15375_SUB_HIFLD_595_fwd,150000000.0,79718343.98782381,150000000.0,6,168
SUB_15375,SUB_10321,meso_SUB_15375_SUB_10321_rev,9524443.514595995,5042998.294427691,7301546.643443943,0,168
SUB_01391,SUB_01392,meso_SUB_01391_SUB_01392_fwd,60000000.0,3523298.8350082613,30958755.83923969,0,168
SUB_01391,SUB_01445,meso_SUB_01391_SUB_01445_fwd,360000000.0,0.0,0.0,0,168
SUB_01391,SUB_01465,meso_SUB_01391_SUB_01465_fwd,300000000.0,0.0,0.0,0,168
SUB_01391,SUB_01216,meso_SUB_01391_SUB_01216_rev,300000000.0,0.0,0.0,0,168
SUB_25445,SUB_25281,meso_SUB_25445_SUB_25281_rev,80000000.0,0.0,0.0,0,168
SUB_16283,SUB_16366,meso_SUB_16283_SUB_16366_fwd,300000000.0,22124103.565353252,22459500.022888184,0,168
SUB_16283,SUB_HIFLD_1009,meso_SUB_16283_SUB_HIFLD_1009_rev,5000000.0,0.0,0.0,0,168
SUB_16283,SUB_16316,meso_SUB_16283_SUB_16316_rev,5000000.0,0.0,0.0,0,168
SUB_01450,SUB_01222,meso_SUB_01450_SUB_01222_rev,400000000.0,0.0,0.0,0,168
SUB_01450,SUB_01315,meso_SUB_01450_SUB_01315_rev,120000000.0,0.0,0.0,0,168
SUB_01450,SUB_01424,meso_SUB_01450_SUB_01424_rev,5000000.0,668979.1253810427,1128721.5714602126,0,168
SUB_25412,SUB_25224,meso_SUB_25412_SUB_25224_rev,150000000.0,3314270.2324295393,68009762.5642255,0,168
SUB_25412,SUB_25235,meso_SUB_25412_SUB_25235_rev,300000000.0,18579418.34130071,131390999.67193913,0,168
SUB_25412,SUB_25250,meso_SUB_25412_SUB_25250_rev,400000000.0,0.0,0.0,0,168
SUB_25412,SUB_25373,meso_SUB_25412_SUB_25373_rev,150000000.0,22771880.814158767,66077837.31676868,0,168
SUB_25412,SUB_25425,meso_SUB_25412_SUB_25425_fwd,150000000.0,0.0,0.0,0,168
SUB_25412,SUB_25441,meso_SUB_25412_SUB_25441_fwd,400000000.0,0.0,0.0,0,168
SUB_25412,SUB_25453,meso_SUB_25412_SUB_25453_fwd,150000000.0,23231347.139705874,43974483.84417982,0,168
SUB_25412,SUB_25217,meso_SUB_25412_SUB_25217_rev,150000000.0,30771591.427527405,80182920.20900357,0,168
SUB_25412,SUB_25234,meso_SUB_25412_SUB_25234_rev,80000000.0,36289598.44473233,80000000.0,28,168
SUB_25412,SUB_25268,meso_SUB_25412_SUB_25268_rev,400000000.0,0.0,0.0,0,168
SUB_25412,SUB_25367,meso_SUB_25412_SUB_25367_rev,400000000.0,0.0,0.0,0,168
SUB_25412,SUB_25393,meso_SUB_25412_SUB_25393_rev,400000000.0,0.0,0.0,0,168
SUB_25412,SUB_25455,meso_SUB_25412_SUB_25455_fwd,400000000.0,114267372.82699719,194135286.185019,0,168
SUB_25412,WEC_CALN,iface_SUB_25412_WEC_CALN_to_ba,70000000.0,0.0,0.0,0,168
SUB_25429,SUB_HIFLD_411,meso_SUB_25429_SUB_HIFLD_411_fwd,9354666.05745792,0.0,0.0,0,168
SUB_01459,SUB_HIFLD_30,meso_SUB_01459_SUB_HIFLD_30_fwd,400000000.0,0.0,0.0,0,168
SUB_01201,SUB_01211,meso_SUB_01201_SUB_01211_fwd,150000000.0,4083937.9528858876,62654927.45332672,0,168
SUB_01201,SUB_HIFLD_1131,meso_SUB_01201_SUB_HIFLD_1131_fwd,150000000.0,0.0,0.0,0,168
SUB_01201,SUB_HIFLD_4010,meso_SUB_01201_SUB_HIFLD_4010_fwd,150000000.0,0.0,0.0,0,168
SUB_01201,SUB_HIFLD_4231,meso_SUB_01201_SUB_HIFLD_4231_fwd,150000000.0,0.0,0.0,0,168
SUB_01201,SUB_01254,meso_SUB_01201_SUB_01254_fwd,150000000.0,0.0,0.0,0,168
SUB_06368,SUB_04305,meso_SUB_06368_SUB_04305_rev,150000000.0,9992.964758144972,405041.8185204575,0,168
SUB_06368,SUB_06203,meso_SUB_06368_SUB_06203_rev,150000000.0,44151.50631908992,3647545.872423117,0,168
SUB_06368,SUB_06332,meso_SUB_06368_SUB_06332_rev,60000000.0,1165345.5150222918,3094552.6280353973,0,168
SUB_06368,SUB_15215,meso_SUB_06368_SUB_15215_fwd,150000000.0,0.0,0.0,0,168
SUB_06368,SUB_04343,meso_SUB_06368_SUB_04343_rev,300000000.0,0.0,0.0,0,168
SUB_06368,SUB_06317,meso_SUB_06368_SUB_06317_rev,300000000.0,3510340.099347047,7352255.877278819,0,168
SUB_06368,SUB_06359,meso_SUB_06368_SUB_06359_rev,150000000.0,0.0,0.0,0,168
SUB_10352,SUB_10344,meso_SUB_10352_SUB_10344_rev,150000000.0,0.0,0.0,0,168
SUB_10352,SUB_HIFLD_2173,meso_SUB_10352_SUB_HIFLD_2173_fwd,150000000.0,0.0,0.0,0,168
SUB_10352,SUB_HIFLD_4403,meso_SUB_10352_SUB_HIFLD_4403_fwd,60000000.0,0.0,0.0,0,168
SUB_06360,SUB_06270,meso_SUB_06360_SUB_06270_rev,150000000.0,0.0,0.0,0,168
SUB_16320,SUB_16216,meso_SUB_16320_SUB_16216_rev,60000000.0,25773312.494822912,26567500.091552734,0,168
SUB_18322,SUB_18249,meso_SUB_18322_SUB_18249_fwd,5000000.0,0.0,0.0,0,168
SUB_01267,SUB_01254,meso_SUB_01267_SUB_01254_fwd,10283825.553015212,0.0,0.0,0,168
SUB_18298,SUB_18307,meso_SUB_18298_SUB_18307_fwd,5000000.0,0.0,0.0,0,168
SUB_08283,SUB_01472,meso_SUB_08283_SUB_01472_rev,150000000.0,0.0,0.0,0,168
SUB_08283,SUB_08353,meso_SUB_08283_SUB_08353_fwd,150000000.0,116632764.50101654,150000000.0,5,168
SUB_08283,SUB_08389,meso_SUB_08283_SUB_08389_fwd,150000000.0,0.0,0.0,0,168
SUB_08283,SUB_01222,meso_SUB_08283_SUB_01222_rev,300000000.0,0.0,0.0,0,168
SUB_08283,SUB_08339,meso_SUB_08283_SUB_08339_fwd,150000000.0,109582495.0493449,150000000.0,16,168
SUB_06254,SUB_06207,meso_SUB_06254_SUB_06207_rev,60000000.0,0.0,0.0,0,168
SUB_06254,SUB_15375,meso_SUB_06254_SUB_15375_fwd,60000000.0,495655.83157164854,10372199.959235633,0,168
SUB_25290,SUB_25296,meso_SUB_25290_SUB_25296_fwd,150000000.0,5611926.228577865,16115458.972234376,0,168
SUB_25290,SUB_25355,meso_SUB_25290_SUB_25355_fwd,150000000.0,13211032.169329774,22729382.02730159,0,168
SUB_25290,SUB_25420,meso_SUB_25290_SUB_25420_fwd,450000000.0,5473603.951772991,11661340.54439584,0,168
SUB_25290,SUB_25450,meso_SUB_25290_SUB_25450_fwd,300000000.0,12387352.47479783,27871722.14145479,0,168
SUB_25290,SUB_25454,meso_SUB_25290_SUB_25454_fwd,300000000.0,4106949.5752651314,7477835.527891966,0,168
SUB_25290,SUB_25261,meso_SUB_25290_SUB_25261_rev,150000000.0,0.0,0.0,0,168
SUB_10249,SUB_10294,meso_SUB_10249_SUB_10294_fwd,150000000.0,0.0,0.0,0,168
SUB_10249,SUB_10265,meso_SUB_10249_SUB_10265_rev,5000000.0,307753.4375146258,564948.4791706518,0,168
SUB_15313,SUB_15379,meso_SUB_15313_SUB_15379_fwd,60000000.0,16407395.81371489,22129500.061035156,0,168
SUB_04284,SUB_04286,meso_SUB_04284_SUB_04286_fwd,60000000.0,0.0,0.0,0,168
SUB_04284,SUB_04338,meso_SUB_04284_SUB_04338_fwd,60000000.0,80174.32330288387,2346377.99213842,0,168
SUB_06277,SUB_06207,meso_SUB_06277_SUB_06207_rev,60000000.0,0.0,0.0,0,168
SUB_06277,SUB_15215,meso_SUB_06277_SUB_15215_fwd,60000000.0,2121603.7083492153,10482937.257959144,0,168
SUB_06277,SUB_06208,meso_SUB_06277_SUB_06208_rev,9195833.727837421,4567992.484713441,7893162.979837912,0,168
SUB_18280,SUB_18255,meso_SUB_18280_SUB_18255_rev,60000000.0,985546.8112584823,10616799.790728714,0,168
SUB_18280,SUB_18258,meso_SUB_18280_SUB_18258_rev,60000000.0,0.0,0.0,0,168
SUB_10334,SUB_10333,meso_SUB_10334_SUB_10333_rev,60000000.0,0.0,0.0,0,168
SUB_10334,SUB_10348,meso_SUB_10334_SUB_10348_fwd,60000000.0,7119824.1185647,10171165.992233273,0,168
SUB_10334,SUB_10358,meso_SUB_10334_SUB_10358_fwd,60000000.0,0.0,0.0,0,168
SUB_25256,SUB_25408,meso_SUB_25256_SUB_25408_fwd,150000000.0,56462758.968560934,77802906.0814175,0,168
SUB_25256,SUB_25410,meso_SUB_25256_SUB_25410_fwd,300000000.0,523852.87572114717,30070073.665170796,0,168
SUB_25256,SUB_25442,meso_SUB_25256_SUB_25442_fwd,150000000.0,20732590.501880832,33095006.068356674,0,168
SUB_25256,SUB_25415,meso_SUB_25256_SUB_25415_rev,11515293.344517233,4684901.202749141,8251546.643443943,0,168
SUB_10331,SUB_10355,meso_SUB_10331_SUB_10355_fwd,5000000.0,565476.1904761905,5000000.0,19,168
SUB_06270,SUB_04204,meso_SUB_06270_SUB_04204_rev,150000000.0,0.0,0.0,0,168
SUB_06270,SUB_06380,meso_SUB_06270_SUB_06380_fwd,150000000.0,0.0,0.0,0,168
SUB_06270,SUB_04230,meso_SUB_06270_SUB_04230_rev,150000000.0,0.0,0.0,0,168
SUB_06270,SUB_06213,meso_SUB_06270_SUB_06213_rev,150000000.0,423731.09716980706,34882466.21542492,0,168
SUB_06270,SUB_06360,meso_SUB_06270_SUB_06360_fwd,150000000.0,61062820.96491998,103913533.19305734,0,168
SUB_10361,SUB_HIFLD_2359,meso_SUB_10361_SUB_HIFLD_2359_fwd,6260103.78918777,0.0,0.0,0,168
SUB_15220,SUB_15210,meso_SUB_15220_SUB_15210_rev,60000000.0,0.0,0.0,0,168
SUB_15220,SUB_15247,meso_SUB_15220_SUB_15247_fwd,60000000.0,998346.2131895383,1477319.713474549,0,168
SUB_18238,SUB_08319,meso_SUB_18238_SUB_08319_rev,300000000.0,164290012.69566378,300000000.0,5,168
SUB_18238,SUB_18201,meso_SUB_18238_SUB_18201_rev,300000000.0,84512716.37116198,128355884.47471626,0,168
SUB_18238,SUB_18222,meso_SUB_18238_SUB_18222_rev,150000000.0,75678727.66628118,91201340.65606281,0,168
SUB_18238,SUB_18235,meso_SUB_18238_SUB_18235_rev,150000000.0,16124116.01455185,24506232.99770227,0,168
SUB_18238,SUB_25367,meso_SUB_18238_SUB_25367_fwd,400000000.0,0.0,0.0,0,168
SUB_18238,SUB_25393,meso_SUB_18238_SUB_25393_fwd,1500000000.0,2305024.764165344,132349152.4583724,0,168
SUB_15361,SUB_16301,meso_SUB_15361_SUB_16301_fwd,60000000.0,0.0,0.0,0,168
SUB_15361,SUB_HIFLD_597,meso_SUB_15361_SUB_HIFLD_597_fwd,300000000.0,314485.40783739486,6781972.474593771,0,168
SUB_15361,SUB_15365,meso_SUB_15361_SUB_15365_rev,45287582.269787274,18370897.74385058,35229383.205138534,0,168
SUB_15225,SUB_15232,meso_SUB_15225_SUB_15232_fwd,5000000.0,5000000.0,5000000.0,168,168
SUB_25442,SUB_25443,meso_SUB_25442_SUB_25443_fwd,150000000.0,11130841.943500202,19055155.52009504,0,168
SUB_25442,SUB_25256,meso_SUB_25442_SUB_25256_rev,150000000.0,0.0,0.0,0,168
SUB_18303,SUB_18268,meso_SUB_18303_SUB_18268_rev,150000000.0,24108779.4256386,28712038.724402305,0,168
SUB_18303,SUB_18281,meso_SUB_18303_SUB_18281_rev,150000000.0,0.0,0.0,0,168
SUB_19226,SUB_19236,meso_SUB_19226_SUB_19236_fwd,60000000.0,0.0,0.0,0,168
SUB_18305,SUB_18254,meso_SUB_18305_SUB_18254_fwd,52880470.831450015,0.0,0.0,0,168
SUB_25344,SUB_25289,meso_SUB_25344_SUB_25289_rev,60000000.0,0.0,0.0,0,168
SUB_25344,SUB_25316,meso_SUB_25344_SUB_25316_rev,60000000.0,0.0,0.0,0,168
SUB_18307,SUB_18255,meso_SUB_18307_SUB_18255_rev,60000000.0,0.0,0.0,0,168
SUB_18307,SUB_18298,meso_SUB_18307_SUB_18298_rev,5000000.0,1617139.1771655488,2821134.142531562,0,168
SUB_04214,SUB_04256,meso_SUB_04214_SUB_04256_fwd,60000000.0,0.0,0.0,0,168
SUB_04214,SUB_04289,meso_SUB_04214_SUB_04289_fwd,60000000.0,8909.874730210826,1496858.9546754188,0,168
SUB_04214,SUB_04295,meso_SUB_04214_SUB_04295_fwd,60000000.0,32104918.462755084,41869917.98409485,0,168
SUB_04214,SUB_04321,meso_SUB_04214_SUB_04321_fwd,60000000.0,10995907.598724581,20530142.690970954,0,168
SUB_04214,SUB_04331,meso_SUB_04214_SUB_04331_fwd,60000000.0,0.0,0.0,0,168
SUB_01469,SUB_01423,meso_SUB_01469_SUB_01423_rev,400000000.0,0.0,0.0,0,168
SUB_01469,SUB_01222,meso_SUB_01469_SUB_01222_rev,400000000.0,197334.56057593937,3103841.552734375,0,168
SUB_01469,SUB_01324,meso_SUB_01469_SUB_01324_rev,400000000.0,0.0,0.0,0,168
SUB_01469,SUB_01376,meso_SUB_01469_SUB_01376_rev,400000000.0,102054.24426850813,3203573.608398435,0,168
SUB_01469,WEC_CALN,iface_SUB_01469_WEC_CALN_to_ba,20000000.0,0.0,0.0,0,168
SUB_25246,SUB_25296,meso_SUB_25246_SUB_25296_fwd,150000000.0,1992209.75310298,11687113.559368959,0,168
SUB_25246,SUB_25349,meso_SUB_25246_SUB_25349_fwd,300000000.0,0.0,0.0,0,168
SUB_25246,SUB_25450,meso_SUB_25246_SUB_25450_fwd,150000000.0,5227666.263673087,27871721.779648453,0,168
SUB_25341,SUB_25282,meso_SUB_25341_SUB_25282_rev,80000000.0,3731294.5856227223,48458134.78560462,0,168
SUB_25341,SUB_25348,meso_SUB_25341_SUB_25348_fwd,80000000.0,0.0,0.0,0,168
SUB_25341,SUB_25387,meso_SUB_25341_SUB_25387_fwd,80000000.0,1632139.333614732,7348453.845682832,0,168
SUB_25500,SUB_25295,meso_SUB_25500_SUB_25295_fwd,11176128.914841287,5022410.634006718,11176128.914841287,66,168
SUB_25470,SUB_HIFLD_1829,meso_SUB_25470_SUB_HIFLD_1829_fwd,150000000.0,0.0,0.0,0,168
SUB_25470,SUB_HIFLD_3623,meso_SUB_25470_SUB_HIFLD_3623_fwd,150000000.0,0.0,0.0,0,168
SUB_25526,SUB_25272,meso_SUB_25526_SUB_25272_rev,600000000.0,0.0,0.0,0,168
SUB_25526,SUB_25277,meso_SUB_25526_SUB_25277_rev,150000000.0,21752913.466161758,150000000.0,19,168
SUB_25526,SUB_25337,meso_SUB_25526_SUB_25337_rev,400000000.0,6432.695636251454,1080692.8668902442,0,168
SUB_25526,SUB_25349,meso_SUB_25526_SUB_25349_rev,230000000.0,41347405.02815662,85583550.82271524,0,168
SUB_25526,SUB_25407,meso_SUB_25526_SUB_25407_rev,400000000.0,1904267.1342725698,128823533.62954617,0,168
SUB_25526,SUB_25457,meso_SUB_25526_SUB_25457_rev,400000000.0,1033923.1095417312,41147536.01125829,0,168
SUB_25526,SUB_25458,meso_SUB_25526_SUB_25458_rev,150000000.0,9039891.866481585,65421070.19938513,0,168
SUB_25526,SUB_25476,meso_SUB_25526_SUB_25476_rev,150000000.0,6181742.805336941,13173711.749204656,0,168
SUB_25526,SUB_25261,meso_SUB_25526_SUB_25261_rev,800000000.0,18004625.818523433,138845587.76907364,0,168
SUB_25526,SUB_25339,meso_SUB_25526_SUB_25339_rev,300000000.0,22309017.7959575,77095953.51639305,0,168
SUB_25526,SUB_25370,meso_SUB_25526_SUB_25370_rev,150000000.0,6067603.636793705,47730928.464279965,0,168
SUB_25526,WEC_CALN,iface_SUB_25526_WEC_CALN_to_ba,1070000000.0,244244.7242803318,41033113.679095745,0,168
SUB_04229,SUB_04226,meso_SUB_04229_SUB_04226_rev,60000000.0,1620296.1973893507,2758671.1450950387,0,168
SUB_04229,SUB_04248,meso_SUB_04229_SUB_04248_fwd,60000000.0,0.0,0.0,0,168
SUB_04229,SUB_04320,meso_SUB_04229_SUB_04320_fwd,60000000.0,0.0,0.0,0,168
SUB_01385,SUB_01430,meso_SUB_01385_SUB_01430_fwd,5000000.0,0.0,0.0,0,168
SUB_10270,SUB_10260,meso_SUB_10270_SUB_10260_rev,120000000.0,19518.692134968376,1386260.6838248442,0,168
SUB_10270,SUB_10274,meso_SUB_10270_SUB_10274_fwd,60000000.0,832323.2619267798,4700695.821467134,0,168
SUB_10270,SUB_10278,meso_SUB_10270_SUB_10278_fwd,60000000.0,0.0,0.0,0,168
SUB_04298,SUB_04260,meso_SUB_04298_SUB_04260_rev,60000000.0,0.0,0.0,0,168
SUB_04298,SUB_04308,meso_SUB_04298_SUB_04308_fwd,60000000.0,0.0,0.0,0,168
SUB_04298,SUB_04338,meso_SUB_04298_SUB_04338_fwd,60000000.0,1272105.094517402,2342267.9625835614,0,168
SUB_15365,SUB_15361,meso_SUB_15365_SUB_15361_fwd,45287582.269787274,0.0,0.0,0,168
SUB_06206,SUB_06359,meso_SUB_06206_SUB_06359_fwd,44467126.100717835,0.0,0.0,0,168
SUB_04289,SUB_04214,meso_SUB_04289_SUB_04214_rev,60000000.0,0.0,0.0,0,168
SUB_04289,SUB_04282,meso_SUB_04289_SUB_04282_rev,60000000.0,0.0,0.0,0,168
SUB_04289,SUB_HIFLD_2251,meso_SUB_04289_SUB_HIFLD_2251_fwd,60000000.0,0.0,0.0,0,168
SUB_25366,SUB_25236,meso_SUB_25366_SUB_25236_rev,60000000.0,0.0,0.0,0,168
SUB_25366,SUB_25289,meso_SUB_25366_SUB_25289_rev,120000000.0,7369472.806175346,32119878.8054763,0,168
SUB_25315,SUB_25236,meso_SUB_25315_SUB_25236_rev,150000000.0,70195119.27882478,150000000.0,59,168
SUB_15218,SUB_15249,meso_SUB_15218_SUB_15249_fwd,60000000.0,4745685.008361702,60000000.0,1,168
SUB_15218,SUB_HIFLD_2726,meso_SUB_15218_SUB_HIFLD_2726_fwd,120000000.0,78676091.63347052,105430726.75191696,0,168
SUB_15377,SUB_10325,meso_SUB_15377_SUB_10325_rev,120000000.0,0.0,0.0,0,168
SUB_15377,SUB_15375,meso_SUB_15377_SUB_15375_rev,60000000.0,47840344.79707011,60000000.0,115,168
SUB_04268,SUB_04266,meso_SUB_04268_SUB_04266_rev,60000000.0,10289712.646995053,45961005.68607298,0,168
SUB_04268,SUB_04306,meso_SUB_04268_SUB_04306_fwd,60000000.0,1867978.938104595,3241252.840179758,0,168
SUB_04268,SUB_19222,meso_SUB_04268_SUB_19222_fwd,60000000.0,0.0,0.0,0,168
SUB_19222,SUB_04268,meso_SUB_19222_SUB_04268_rev,60000000.0,14908956.864002416,54781300.007629395,0,168
SUB_19222,SUB_19231,meso_SUB_19222_SUB_19231_fwd,60000000.0,0.0,0.0,0,168
SUB_19222,SUB_19246,meso_SUB_19222_SUB_19246_fwd,60000000.0,0.0,0.0,0,168
SUB_19222,SUB_HIFLD_255,meso_SUB_19222_SUB_HIFLD_255_fwd,150000000.0,0.0,0.0,0,168
SUB_19232,SUB_HIFLD_255,meso_SUB_19232_SUB_HIFLD_255_fwd,5000000.0,0.0,0.0,0,168
SUB_18215,SUB_18208,meso_SUB_18215_SUB_18208_rev,60000000.0,0.0,0.0,0,168
SUB_08201,SUB_08219,meso_SUB_08201_SUB_08219_fwd,60000000.0,0.0,0.0,0,168
SUB_08201,SUB_08226,meso_SUB_08201_SUB_08226_fwd,150000000.0,0.0,0.0,0,168
SUB_08201,SUB_08231,meso_SUB_08201_SUB_08231_fwd,60000000.0,0.0,0.0,0,168
SUB_08201,SUB_08370,meso_SUB_08201_SUB_08370_fwd,300000000.0,0.0,0.0,0,168
SUB_08201,SUB_08391,meso_SUB_08201_SUB_08391_fwd,150000000.0,2855115.2615277926,48555652.61752188,0,168
SUB_15292,SUB_15233,meso_SUB_15292_SUB_15233_rev,60000000.0,57257500.0,57801500.01525879,0,168
SUB_15292,SUB_15379,meso_SUB_15292_SUB_15379_fwd,60000000.0,0.0,0.0,0,168
SUB_02258,SUB_02264,meso_SUB_02258_SUB_02264_fwd,11535410.81479571,0.0,0.0,0,168
SUB_01314,SUB_01265,meso_SUB_01314_SUB_01265_rev,60000000.0,0.0,0.0,0,168
SUB_01314,SUB_01370,meso_SUB_01314_SUB_01370_fwd,60000000.0,1289639.7844622636,2175918.7442740216,0,168
SUB_02222,SUB_02287,meso_SUB_02222_SUB_02287_fwd,18445348.620402046,0.0,0.0,0,168
SUB_02250,SUB_02264,meso_SUB_02250_SUB_02264_fwd,20064273.059620727,0.0,0.0,0,168
SUB_08369,SUB_08319,meso_SUB_08369_SUB_08319_rev,150000000.0,0.0,0.0,0,168
SUB_08369,SUB_08325,meso_SUB_08369_SUB_08325_rev,150000000.0,0.0,0.0,0,168
SUB_01370,SUB_01314,meso_SUB_01370_SUB_01314_rev,60000000.0,0.0,0.0,0,168
SUB_01206,SUB_01384,meso_SUB_01206_SUB_01384_fwd,90969510.56406508,0.0,0.0,0,168
SUB_08314,SUB_08362,meso_SUB_08314_SUB_08362_fwd,5000000.0,4562500.0,5000000.0,147,168
SUB_02426,SUB_02401,meso_SUB_02426_SUB_02401_rev,150000000.0,0.0,0.0,0,168
SUB_02426,SUB_02419,meso_SUB_02426_SUB_02419_rev,210000000.0,0.0,0.0,0,168
SUB_02426,SUB_HIFLD_2058,meso_SUB_02426_SUB_HIFLD_2058_fwd,210000000.0,70003338.67305598,133539473.60551973,0,168
SUB_02426,SUB_02403,meso_SUB_02426_SUB_02403_rev,300000000.0,0.0,0.0,0,168
SUB_02426,SUB_02416,meso_SUB_02426_SUB_02416_rev,60000000.0,32854340.85806621,55626436.654317014,0,168
SUB_02426,SUB_02418,meso_SUB_02426_SUB_02418_rev,58530515.2715891,27803125.644959126,41268041.2371134,0,168
SUB_15270,SUB_15246,meso_SUB_15270_SUB_15246_rev,300000000.0,0.0,0.0,0,168
SUB_15270,SUB_15269,meso_SUB_15270_SUB_15269_rev,300000000.0,0.0,0.0,0,168
SUB_10302,SUB_10253,meso_SUB_10302_SUB_10253_rev,60000000.0,0.0,0.0,0,168
SUB_10302,SUB_10255,meso_SUB_10302_SUB_10255_rev,120000000.0,1593817.9706641317,2182649.70093227,0,168
SUB_10302,SUB_10310,meso_SUB_10302_SUB_10310_fwd,60000000.0,0.0,0.0,0,168
SUB_02424,SUB_02414,meso_SUB_02424_SUB_02414_fwd,5000000.0,0.0,0.0,0,168
SUB_25345,SUB_18256,meso_SUB_25345_SUB_18256_rev,80000000.0,0.0,0.0,0,168
SUB_25345,SUB_25202,meso_SUB_25345_SUB_25202_rev,160000000.0,210443.9336336531,347274.7011283009,0,168
SUB_08216,SUB_HIFLD_2131,meso_SUB_08216_SUB_HIFLD_2131_fwd,60000000.0,0.0,0.0,0,168
SUB_15210,SUB_15220,meso_SUB_15210_SUB_15220_fwd,60000000.0,1299605.2022497666,1901360.5332878826,0,168
SUB_15210,SUB_15374,meso_SUB_15210_SUB_15374_fwd,60000000.0,0.0,0.0,0,168
SUB_15803,SUB_HIFLD_3065,meso_SUB_15803_SUB_HIFLD_3065_fwd,7355040.534515733,0.0,0.0,0,168
SUB_16369,SUB_HIFLD_41,meso_SUB_16369_SUB_HIFLD_41_fwd,150000000.0,0.0,0.0,0,168
SUB_16388,SUB_16334,meso_SUB_16388_SUB_16334_fwd,5000000.0,0.0,0.0,0,168
SUB_15259,SUB_HIFLD_2007,meso_SUB_15259_SUB_HIFLD_2007_fwd,7346318.457892232,0.0,0.0,0,168
SUB_10253,SUB_10255,meso_SUB_10253_SUB_10255_fwd,60000000.0,60000000.0,60000000.0,168,168
SUB_10253,SUB_10302,meso_SUB_10253_SUB_10302_fwd,60000000.0,3321504.7845924427,4309948.192483131,0,168
SUB_10253,SUB_10310,meso_SUB_10253_SUB_10310_fwd,60000000.0,0.0,0.0,0,168
SUB_19210,SUB_19218,meso_SUB_19210_SUB_19218_fwd,5000000.0,0.0,0.0,0,168
SUB_04306,SUB_04268,meso_SUB_04306_SUB_04268_rev,60000000.0,0.0,0.0,0,168
SUB_01440,SUB_01214,meso_SUB_01440_SUB_01214_rev,120000000.0,7816971.701338413,15549022.493657378,0,168
SUB_01440,SUB_01223,meso_SUB_01440_SUB_01223_rev,400000000.0,1056377.0911664923,49442856.46999552,0,168
SUB_01440,SUB_01323,meso_SUB_01440_SUB_01323_rev,1200000000.0,0.0,0.0,0,168
SUB_01440,SUB_01375,meso_SUB_01440_SUB_01375_rev,120000000.0,0.0,0.0,0,168
SUB_01440,SUB_01423,meso_SUB_01440_SUB_01423_rev,60000000.0,0.0,0.0,0,168
SUB_01440,SUB_01222,meso_SUB_01440_SUB_01222_rev,800000000.0,16912060.36846454,65441418.05273089,0,168
SUB_01440,SUB_01442,meso_SUB_01440_SUB_01442_rev,12427319.868950695,248583.52114303358,3220839.7934117266,0,168
SUB_01440,WEC_CALN,iface_SUB_01440_WEC_CALN_to_ba,20000000.0,0.0,0.0,0,168
SUB_10274,SUB_06288,meso_SUB_10274_SUB_06288_rev,120000000.0,0.0,0.0,0,168
SUB_10274,SUB_10270,meso_SUB_10274_SUB_10270_rev,60000000.0,423114.78332463483,8949077.498839073,0,168
SUB_10274,SUB_10278,meso_SUB_10274_SUB_10278_fwd,60000000.0,0.0,0.0,0,168
SUB_02403,SUB_02401,meso_SUB_02403_SUB_02401_rev,60000000.0,0.0,0.0,0,168
SUB_02403,SUB_02419,meso_SUB_02403_SUB_02419_fwd,300000000.0,0.0,0.0,0,168
SUB_02403,SUB_02426,meso_SUB_02403_SUB_02426_fwd,300000000.0,0.0,0.0,0,168
SUB_18246,SUB_18201,meso_SUB_18246_SUB_18201_rev,150000000.0,0.0,0.0,0,168
SUB_18246,SUB_18235,meso_SUB_18246_SUB_18235_rev,150000000.0,0.0,0.0,0,168
SUB_18246,SUB_18240,meso_SUB_18246_SUB_18240_rev,150000000.0,0.0,0.0,0,168
SUB_25364,SUB_25272,meso_SUB_25364_SUB_25272_rev,150000000.0,35096026.80646076,41921299.1027832,0,168
SUB_06364,SUB_01365,meso_SUB_06364_SUB_01365_rev,1200000000.0,0.0,0.0,0,168
SUB_06364,SUB_04205,meso_SUB_06364_SUB_04205_rev,800000000.0,0.0,0.0,0,168
SUB_06364,SUB_04230,meso_SUB_06364_SUB_04230_rev,860000000.0,39507808.348186135,183056656.67413244,0,168
SUB_06364,SUB_10314,meso_SUB_06364_SUB_10314_fwd,1200000000.0,0.0,0.0,0,168
SUB_06364,SUB_HIFLD_1357,meso_SUB_06364_SUB_HIFLD_1357_fwd,1010000000.0,0.0,0.0,0,168
SUB_06364,SUB_06359,meso_SUB_06364_SUB_06359_rev,400000000.0,6565817.936827667,40633359.810993224,0,168
SUB_06364,WEC_CALN,iface_SUB_06364_WEC_CALN_to_ba,135999044.89,0.0,0.0,0,168
SUB_25252,SUB_25151,meso_SUB_25252_SUB_25151_rev,60000000.0,60000000.0,60000000.0,168,168
SUB_25252,SUB_25253,meso_SUB_25252_SUB_25253_fwd,60000000.0,240163.2308959961,1039175.3835776418,0,168
SUB_02287,SUB_02210,meso_SUB_02287_SUB_02210_rev,400000000.0,0.0,0.0,0,168
SUB_02287,SUB_02233,meso_SUB_02287_SUB_02233_rev,300000000.0,114317449.31133717,201997394.09657642,0,168
SUB_02287,SUB_02222,meso_SUB_02287_SUB_02222_rev,18445348.620402046,9389520.500943424,15672668.944683272,0,168
SUB_02287,WEC_CALN,iface_SUB_02287_WEC_CALN_to_ba,1281554651.379598,0.0,0.0,0,168
SUB_02227,SUB_02210,meso_SUB_02227_SUB_02210_fwd,44394808.451972626,0.0,0.0,0,168
SUB_18230,SUB_18220,meso_SUB_18230_SUB_18220_rev,60000000.0,0.0,0.0,0,168
SUB_18230,SUB_18226,meso_SUB_18230_SUB_18226_rev,60000000.0,0.0,0.0,0,168
SUB_04271,SUB_04331,meso_SUB_04271_SUB_04331_fwd,60000000.0,19833.66878698666,3332056.3562137587,0,168
SUB_04271,SUB_04336,meso_SUB_04271_SUB_04336_fwd,60000000.0,20936487.314875744,57076105.335145265,0,168
SUB_04271,SUB_04343,meso_SUB_04271_SUB_04343_fwd,60000000.0,0.0,0.0,0,168
SUB_04271,SUB_04256,meso_SUB_04271_SUB_04256_rev,60000000.0,0.0,0.0,0,168
SUB_04271,SUB_04314,meso_SUB_04271_SUB_04314_rev,10285740.339479757,0.0,0.0,0,168
SUB_01331,SUB_01211,meso_SUB_01331_SUB_01211_rev,60000000.0,0.0,0.0,0,168
SUB_01331,SUB_01384,meso_SUB_01331_SUB_01384_fwd,60000000.0,20568069.20094621,32439344.090302292,0,168
SUB_01210,SUB_01204,meso_SUB_01210_SUB_01204_rev,150000000.0,80602518.3833576,136703465.03503543,0,168
SUB_01210,SUB_01380,meso_SUB_01210_SUB_01380_fwd,150000000.0,0.0,0.0,0,168
SUB_01210,SUB_01467,meso_SUB_01210_SUB_01467_fwd,300000000.0,0.0,0.0,0,168
SUB_01210,SUB_01269,meso_SUB_01210_SUB_01269_rev,5000000.0,1110720.2472789765,1874040.4738593348,0,168
SUB_19236,SUB_19223,meso_SUB_19236_SUB_19223_rev,120000000.0,0.0,0.0,0,168
SUB_19236,SUB_19226,meso_SUB_19236_SUB_19226_rev,60000000.0,327384.01997335174,390721.65685830655,0,168
SUB_16221,SUB_16323,meso_SUB_16221_SUB_16323_fwd,60000000.0,0.0,0.0,0,168
SUB_25241,SUB_25151,meso_SUB_25241_SUB_25151_rev,150000000.0,51373.68061389855,5127051.900139838,0,168
SUB_25241,SUB_25234,meso_SUB_25241_SUB_25234_rev,80000000.0,0.0,0.0,0,168
SUB_25241,SUB_25529,meso_SUB_25241_SUB_25529_fwd,300000000.0,133055331.24162379,221461695.5686607,0,168
SUB_25241,SUB_25294,meso_SUB_25241_SUB_25294_fwd,160000000.0,0.0,0.0,0,168
SUB_25319,SUB_25293,meso_SUB_25319_SUB_25293_rev,80000000.0,0.0,0.0,0,168
SUB_25319,SUB_25348,meso_SUB_25319_SUB_25348_fwd,80000000.0,0.0,0.0,0,168
SUB_25319,SUB_25380,meso_SUB_25319_SUB_25380_fwd,80000000.0,3976667.4655205538,8513402.55344037,0,168
SUB_16247,SUB_16261,meso_SUB_16247_SUB_16261_fwd,150000000.0,0.0,0.0,0,168
SUB_16247,SUB_16270,meso_SUB_16247_SUB_16270_fwd,150000000.0,0.0,0.0,0,168
SUB_16247,SUB_16277,meso_SUB_16247_SUB_16277_fwd,150000000.0,0.0,0.0,0,168
SUB_16247,SUB_16288,meso_SUB_16247_SUB_16288_fwd,150000000.0,10302759.705708455,118527582.29474722,0,168
SUB_16247,SUB_HIFLD_3391,meso_SUB_16247_SUB_HIFLD_3391_fwd,60000000.0,0.0,0.0,0,168
SUB_18310,SUB_HIFLD_48,meso_SUB_18310_SUB_HIFLD_48_fwd,150000000.0,0.0,0.0,0,168
SUB_02253,SUB_02280,meso_SUB_02253_SUB_02280_fwd,14012747.554205395,0.0,0.0,0,168
SUB_16309,SUB_16277,meso_SUB_16309_SUB_16277_fwd,5000000.0,582803.5714285715,1303500.0,0,168
SUB_01326,SUB_01409,meso_SUB_01326_SUB_01409_fwd,5000000.0,0.0,0.0,0,168
SUB_25371,SUB_HIFLD_459,meso_SUB_25371_SUB_HIFLD_459_fwd,5000000.0,0.0,0.0,0,168
SUB_16323,SUB_16216,meso_SUB_16323_SUB_16216_rev,60000000.0,0.0,0.0,0,168
SUB_16323,SUB_16221,meso_SUB_16323_SUB_16221_rev,60000000.0,4949634.870876562,7753093.0037351,0,168
SUB_16323,SUB_16299,meso_SUB_16323_SUB_16299_rev,60000000.0,8938914.662617873,17364667.579017594,0,168
SUB_16323,SUB_16368,meso_SUB_16323_SUB_16368_fwd,60000000.0,9695379.498889714,40657880.02366785,0,168
SUB_06867,SUB_06866,meso_SUB_06867_SUB_06866_rev,60000000.0,0.0,0.0,0,168
SUB_06867,SUB_06204,meso_SUB_06867_SUB_06204_fwd,5000000.0,1455000.0,1455000.0,0,168
SUB_25151,SUB_25241,meso_SUB_25151_SUB_25241_fwd,150000000.0,77263890.21075018,150000000.0,43,168
SUB_25151,SUB_25252,meso_SUB_25151_SUB_25252_fwd,60000000.0,0.0,0.0,0,168
SUB_25151,SUB_HIFLD_2386,meso_SUB_25151_SUB_HIFLD_2386_fwd,800000000.0,97890035.75621846,308633640.14191896,0,168
SUB_01260,SUB_01335,meso_SUB_01260_SUB_01335_fwd,60000000.0,0.0,0.0,0,168
SUB_01260,SUB_01265,meso_SUB_01260_SUB_01265_rev,12001042.64542868,5572265.236942911,7209500.206476799,0,168
SUB_10278,SUB_10270,meso_SUB_10278_SUB_10270_rev,60000000.0,234260.68484852533,1403500.0228881836,0,168
SUB_10278,SUB_10274,meso_SUB_10278_SUB_10274_rev,60000000.0,999614.3142205069,1473499.9961853027,0,168
SUB_02261,SUB_02201,meso_SUB_02261_SUB_02201_fwd,12018369.134143291,0.0,0.0,0,168
SUB_04225,SUB_04282,meso_SUB_04225_SUB_04282_fwd,300000000.0,0.0,0.0,0,168
SUB_08311,SUB_08319,meso_SUB_08311_SUB_08319_fwd,5000000.0,0.0,0.0,0,168
SUB_16334,SUB_16301,meso_SUB_16334_SUB_16301_rev,120000000.0,4271221.647909593,9259000.091552734,0,168
SUB_16334,SUB_16388,meso_SUB_16334_SUB_16388_rev,5000000.0,2070274.916055686,4061340.3949540914,0,168
SUB_02244,SUB_02286,meso_SUB_02244_SUB_02286_fwd,7193142.353455263,0.0,0.0,0,168
SUB_25346,SUB_18301,meso_SUB_25346_SUB_18301_rev,800000000.0,197405611.43500456,618569244.6463326,0,168
SUB_15246,SUB_15224,meso_SUB_15246_SUB_15224_rev,60000000.0,0.0,0.0,0,168
SUB_15246,SUB_15228,meso_SUB_15246_SUB_15228_rev,60000000.0,2442134.581297434,6600000.125845683,0,168
SUB_15246,SUB_15256,meso_SUB_15246_SUB_15256_fwd,60000000.0,13963772.5807187,28079598.15550806,0,168
SUB_15246,SUB_15257,meso_SUB_15246_SUB_15257_fwd,300000000.0,658256.3803225012,14089300.284545105,0,168
SUB_15246,SUB_15269,meso_SUB_15246_SUB_15269_fwd,150000000.0,130473.21054408772,6351951.948193012,0,168
SUB_15246,SUB_15270,meso_SUB_15246_SUB_15270_fwd,300000000.0,3087724.9016162865,20925258.10949581,0,168
SUB_15246,SUB_15249,meso_SUB_15246_SUB_15249_fwd,60000000.0,0.0,0.0,0,168
SUB_15246,SUB_HIFLD_597,meso_SUB_15246_SUB_HIFLD_597_fwd,150000000.0,1404951.544492168,22073839.393123984,0,168
SUB_15246,SUB_15253,meso_SUB_15246_SUB_15253_rev,9254701.755560763,532337.3504286604,3140770.351763853,0,168
SUB_15246,SUB_15216,meso_SUB_15246_SUB_15216_rev,5181571.521919287,2617439.8628238607,3843814.653219636,0,168
SUB_10330,SUB_10355,meso_SUB_10330_SUB_10355_fwd,60000000.0,0.0,0.0,0,168
SUB_10330,SUB_HIFLD_482,meso_SUB_10330_SUB_HIFLD_482_fwd,60000000.0,0.0,0.0,0,168
SUB_25206,SUB_25408,meso_SUB_25206_SUB_25408_fwd,150000000.0,0.0,0.0,0,168
SUB_25206,SUB_25529,meso_SUB_25206_SUB_25529_fwd,150000000.0,6315993.411432236,32467416.348607298,0,168
SUB_04226,SUB_04229,meso_SUB_04226_SUB_04229_fwd,60000000.0,0.0,0.0,0,168
SUB_04226,SUB_04302,meso_SUB_04226_SUB_04302_fwd,60000000.0,0.0,0.0,0,168
SUB_02213,SUB_02280,meso_SUB_02213_SUB_02280_fwd,107480570.14439425,0.0,0.0,0,168
SUB_10313,SUB_10310,meso_SUB_10313_SUB_10310_fwd,5000000.0,0.0,0.0,0,168
SUB_01252,SUB_01250,meso_SUB_01252_SUB_01250_rev,60000000.0,0.0,0.0,0,168
SUB_01252,SUB_01378,meso_SUB_01252_SUB_01378_fwd,60000000.0,55682.766267816754,1896393.0936203788,0,168
SUB_01252,SUB_01302,meso_SUB_01252_SUB_01302_rev,42909221.75810537,11154132.260155665,13396686.435030138,0,168
SUB_01252,SUB_01374,meso_SUB_01252_SUB_01374_rev,7237469.483512459,2342688.674814396,2350515.463917526,0,168
SUB_08333,SUB_08351,meso_SUB_08333_SUB_08351_fwd,120000000.0,0.0,0.0,0,168
SUB_08333,SUB_18201,meso_SUB_08333_SUB_18201_fwd,120000000.0,0.0,0.0,0,168
SUB_18205,SUB_18207,meso_SUB_18205_SUB_18207_fwd,19896025.500883933,0.0,0.0,0,168
SUB_04308,SUB_04276,meso_SUB_04308_SUB_04276_rev,60000000.0,0.0,0.0,0,168
SUB_04308,SUB_04298,meso_SUB_04308_SUB_04298_rev,60000000.0,0.0,0.0,0,168
SUB_02270,SUB_02286,meso_SUB_02270_SUB_02286_fwd,60000000.0,0.0,0.0,0,168
SUB_02270,SUB_02408,meso_SUB_02270_SUB_02408_fwd,60000000.0,0.0,0.0,0,168
SUB_01208,SUB_HIFLD_2989,meso_SUB_01208_SUB_HIFLD_2989_fwd,13423163.685113057,0.0,0.0,0,168
SUB_01266,SUB_01384,meso_SUB_01266_SUB_01384_fwd,18713616.567268707,13791873.024849664,17476062.004089355,0,168
SUB_01269,SUB_01210,meso_SUB_01269_SUB_01210_fwd,5000000.0,0.0,0.0,0,168
SUB_25273,SUB_25295,meso_SUB_25273_SUB_25295_fwd,5186346.511616938,0.0,0.0,0,168
SUB_25418,SUB_HIFLD_3631,meso_SUB_25418_SUB_HIFLD_3631_fwd,5000000.0,2904798.3714150316,5000000.0,94,168
SUB_25415,SUB_25256,meso_SUB_25415_SUB_25256_fwd,11515293.344517233,0.0,0.0,0,168
SUB_02405,SUB_02419,meso_SUB_02405_SUB_02419_fwd,150000000.0,0.0,0.0,0,168
SUB_02405,SUB_HIFLD_2068,meso_SUB_02405_SUB_HIFLD_2068_fwd,150000000.0,0.0,0.0,0,168
SUB_02405,SUB_HIFLD_3835,meso_SUB_02405_SUB_HIFLD_3835_fwd,150000000.0,0.0,0.0,0,168
SUB_15228,SUB_15224,meso_SUB_15228_SUB_15224_rev,60000000.0,0.0,0.0,0,168
SUB_15228,SUB_15246,meso_SUB_15228_SUB_15246_fwd,60000000.0,0.0,0.0,0,168
SUB_04338,SUB_04284,meso_SUB_04338_SUB_04284_rev,60000000.0,0.0,0.0,0,168
SUB_04338,SUB_04298,meso_SUB_04338_SUB_04298_rev,60000000.0,0.0,0.0,0,168
SUB_01233,SUB_01302,meso_SUB_01233_SUB_01302_fwd,60000000.0,0.0,0.0,0,168
SUB_01233,SUB_01321,meso_SUB_01233_SUB_01321_fwd,60000000.0,267809.77685719536,1767442.2667198575,0,168
SUB_15232,SUB_15230,meso_SUB_15232_SUB_15230_rev,60000000.0,0.0,0.0,0,168
SUB_15232,SUB_15269,meso_SUB_15232_SUB_15269_fwd,150000000.0,49887014.121944785,67356518.57726784,0,168
SUB_15232,SUB_HIFLD_2007,meso_SUB_15232_SUB_HIFLD_2007_fwd,60000000.0,24207156.588942356,43636561.343267694,0,168
SUB_15232,SUB_15225,meso_SUB_15232_SUB_15225_rev,5000000.0,0.0,0.0,0,168
SUB_15232,SUB_15229,meso_SUB_15232_SUB_15229_rev,5000000.0,83039.64429470507,150450.6533907861,0,168
SUB_15229,SUB_15232,meso_SUB_15229_SUB_15232_fwd,5000000.0,0.0,0.0,0,168
SUB_25393,SUB_18238,meso_SUB_25393_SUB_18238_rev,1500000000.0,21972906.085595258,446905517.42329466,0,168
SUB_25393,SUB_18301,meso_SUB_25393_SUB_18301_rev,800000000.0,0.0,0.0,0,168
SUB_25393,SUB_25261,meso_SUB_25393_SUB_25261_rev,6000000000.0,22737396.986395627,102199429.2676981,0,168
SUB_25393,SUB_25268,meso_SUB_25393_SUB_25268_rev,400000000.0,182052.3414739415,9449911.615113474,0,168
SUB_25393,SUB_25316,meso_SUB_25393_SUB_25316_rev,150000000.0,2048772.1983481254,8432750.200908348,0,168
SUB_25393,SUB_25367,meso_SUB_25393_SUB_25367_rev,800000000.0,0.0,0.0,0,168
SUB_25393,SUB_25412,meso_SUB_25393_SUB_25412_fwd,400000000.0,9353930.442353135,307292729.3976917,0,168
SUB_08339,SUB_08353,meso_SUB_08339_SUB_08353_fwd,150000000.0,0.0,0.0,0,168
SUB_08339,SUB_08391,meso_SUB_08339_SUB_08391_fwd,150000000.0,2768489.836735236,22857221.90620973,0,168
SUB_08339,SUB_08283,meso_SUB_08339_SUB_08283_rev,150000000.0,0.0,0.0,0,168
SUB_01356,SUB_01353,meso_SUB_01356_SUB_01353_fwd,5000000.0,0.0,0.0,0,168
SUB_25469,SUB_25456,meso_SUB_25469_SUB_25456_rev,150000000.0,0.0,0.0,0,168
SUB_01355,SUB_01430,meso_SUB_01355_SUB_01430_fwd,7151258.388629189,0.0,0.0,0,168
SUB_01318,SUB_01254,meso_SUB_01318_SUB_01254_rev,150000000.0,0.0,0.0,0,168
SUB_01318,SUB_01380,meso_SUB_01318_SUB_01380_fwd,150000000.0,0.0,0.0,0,168
SUB_01318,SUB_01317,meso_SUB_01318_SUB_01317_rev,5000000.0,1834167.1523710762,2041237.1134020619,0,168
SUB_01318,SUB_01338,meso_SUB_01318_SUB_01338_rev,5489765.268785468,1976056.2117683808,2041237.1134020619,0,168
SUB_16267,SUB_16261,meso_SUB_16267_SUB_16261_rev,60000000.0,0.0,0.0,0,168
SUB_16267,SUB_16325,meso_SUB_16267_SUB_16325_fwd,60000000.0,237504.46247778714,19467219.79153506,0,168
SUB_16267,SUB_HIFLD_1414,meso_SUB_16267_SUB_HIFLD_1414_fwd,150000000.0,358594.3868800242,19425679.956089877,0,168
SUB_16267,SUB_16288,meso_SUB_16267_SUB_16288_fwd,400000000.0,1455215.2787356232,30565604.099548973,0,168
SUB_16267,SUB_HIFLD_2287,meso_SUB_16267_SUB_HIFLD_2287_fwd,400000000.0,0.0,0.0,0,168
SUB_16267,SUB_HIFLD_30,meso_SUB_16267_SUB_HIFLD_30_fwd,400000000.0,0.0,0.0,0,168
SUB_16267,SUB_HIFLD_3551,meso_SUB_16267_SUB_HIFLD_3551_fwd,400000000.0,17263312.82920492,36104838.67733847,0,168
SUB_16267,SUB_HIFLD_4227,meso_SUB_16267_SUB_HIFLD_4227_fwd,400000000.0,0.0,0.0,0,168
SUB_04307,SUB_04337,meso_SUB_04307_SUB_04337_fwd,120000000.0,0.0,0.0,0,168
SUB_04307,SUB_04343,meso_SUB_04307_SUB_04343_fwd,60000000.0,0.0,0.0,0,168
SUB_04295,SUB_04214,meso_SUB_04295_SUB_04214_rev,60000000.0,0.0,0.0,0,168
SUB_04295,SUB_04228,meso_SUB_04295_SUB_04228_rev,120000000.0,0.0,0.0,0,168
SUB_04295,SUB_04260,meso_SUB_04295_SUB_04260_rev,120000000.0,3695287.79113593,6548158.32263747,0,168
SUB_04295,SUB_04266,meso_SUB_04295_SUB_04266_rev,60000000.0,1057803.4899281038,6650031.4362516105,0,168
SUB_04295,SUB_04276,meso_SUB_04295_SUB_04276_rev,60000000.0,16018188.211909816,26448039.556814063,0,168
SUB_04295,SUB_04287,meso_SUB_04295_SUB_04287_rev,60000000.0,280019.9755044562,2077226.8314951472,0,168
SUB_04295,SUB_04319,meso_SUB_04295_SUB_04319_fwd,150000000.0,52390.75852739758,2043293.1959014577,0,168
SUB_04295,SUB_04341,meso_SUB_04295_SUB_04341_fwd,150000000.0,4317664.453359462,8521266.897929084,0,168
SUB_04295,SUB_04335,meso_SUB_04295_SUB_04335_fwd,150000000.0,6344262.656275142,13555439.018957393,0,168
SUB_04295,SUB_06312,meso_SUB_04295_SUB_06312_fwd,150000000.0,0.0,0.0,0,168
SUB_19223,SUB_19218,meso_SUB_19223_SUB_19218_rev,60000000.0,0.0,0.0,0,168
SUB_19223,SUB_19236,meso_SUB_19223_SUB_19236_fwd,120000000.0,393995.55318080494,480125.4168607335,0,168
SUB_01437,SUB_01426,meso_SUB_01437_SUB_01426_fwd,43139308.61098474,0.0,0.0,0,168
SUB_16308,SUB_16307,meso_SUB_16308_SUB_16307_fwd,6985876.181608301,0.0,0.0,0,168
SUB_04228,SUB_04266,meso_SUB_04228_SUB_04266_fwd,120000000.0,3229799.0201130323,3680000.0,0,168
SUB_04228,SUB_04295,meso_SUB_04228_SUB_04295_fwd,120000000.0,450200.9798869677,3680000.0,0,168
SUB_10281,SUB_10236,meso_SUB_10281_SUB_10236_rev,60000000.0,14140833.334332421,14552500.091552734,0,168
SUB_18207,SUB_18213,meso_SUB_18207_SUB_18213_fwd,120000000.0,29173545.97437541,45863029.44562051,0,168
SUB_18207,SUB_18208,meso_SUB_18207_SUB_18208_rev,53363845.5521088,0.0,0.0,0,168
SUB_18207,SUB_18205,meso_SUB_18207_SUB_18205_rev,19896025.500883933,9692445.948829707,16496392.13011437,0,168
SUB_01366,SUB_01409,meso_SUB_01366_SUB_01409_fwd,5000000.0,0.0,0.0,0,168
SUB_19243,SUB_19202,meso_SUB_19243_SUB_19202_rev,60000000.0,2276294.5777361817,5556467.579766231,0,168
SUB_19243,SUB_19217,meso_SUB_19243_SUB_19217_rev,60000000.0,4885369.499775054,5941173.478543206,0,168
SUB_19243,SUB_19233,meso_SUB_19243_SUB_19233_rev,120000000.0,15708394.01705781,19736874.300778035,0,168
SUB_19243,SUB_19239,meso_SUB_19243_SUB_19239_rev,60000000.0,0.0,0.0,0,168
SUB_19243,SUB_19245,meso_SUB_19243_SUB_19245_fwd,60000000.0,0.0,0.0,0,168
SUB_19243,SUB_19246,meso_SUB_19243_SUB_19246_fwd,60000000.0,3787322.8467451874,46049459.802484065,0,168
SUB_19243,SUB_HIFLD_2352,meso_SUB_19243_SUB_HIFLD_2352_fwd,60000000.0,0.0,0.0,0,168
SUB_19243,SUB_10293,meso_SUB_19243_SUB_10293_rev,150000000.0,0.0,0.0,0,168
SUB_19243,SUB_19234,meso_SUB_19243_SUB_19234_rev,300000000.0,0.0,0.0,0,168
SUB_19243,SUB_HIFLD_2358,meso_SUB_19243_SUB_HIFLD_2358_fwd,150000000.0,0.0,0.0,0,168
SUB_19243,SUB_HIFLD_3963,meso_SUB_19243_SUB_HIFLD_3963_fwd,150000000.0,0.0,0.0,0,168
SUB_25342,SUB_25282,meso_SUB_25342_SUB_25282_rev,80000000.0,0.0,0.0,0,168
SUB_25342,SUB_25337,meso_SUB_25342_SUB_25337_rev,80000000.0,0.0,0.0,0,168
SUB_25342,SUB_25339,meso_SUB_25342_SUB_25339_rev,80000000.0,0.0,0.0,0,168
SUB_25342,SUB_25532,meso_SUB_25342_SUB_25532_fwd,80000000.0,5608806.996842585,51621500.732421875,0,168
SUB_18233,SUB_18201,meso_SUB_18233_SUB_18201_rev,60000000.0,0.0,0.0,0,168
SUB_10205,SUB_10307,meso_SUB_10205_SUB_10307_fwd,150000000.0,0.0,0.0,0,168
SUB_10205,SUB_10308,meso_SUB_10205_SUB_10308_fwd,150000000.0,0.0,0.0,0,168
SUB_01410,SUB_01343,meso_SUB_01410_SUB_01343_rev,150000000.0,0.0,0.0,0,168
SUB_01410,SUB_01467,meso_SUB_01410_SUB_01467_fwd,150000000.0,0.0,0.0,0,168
SUB_01410,SUB_04204,meso_SUB_01410_SUB_04204_fwd,150000000.0,0.0,0.0,0,168
SUB_02416,SUB_02426,meso_SUB_02416_SUB_02426_fwd,60000000.0,0.0,0.0,0,168
SUB_02416,SUB_HIFLD_2058,meso_SUB_02416_SUB_HIFLD_2058_fwd,60000000.0,0.0,0.0,0,168
SUB_15374,SUB_10320,meso_SUB_15374_SUB_10320_rev,60000000.0,0.0,0.0,0,168
SUB_15374,SUB_15210,meso_SUB_15374_SUB_15210_rev,60000000.0,1902642.8217337434,2639546.964886707,0,168
SUB_15374,SUB_15379,meso_SUB_15374_SUB_15379_fwd,120000000.0,107724167.71068314,117947758.1401861,0,168
SUB_02402,SUB_HIFLD_1418,meso_SUB_02402_SUB_HIFLD_1418_fwd,122276195.6209459,0.0,0.0,0,168
SUB_08296,SUB_08295,meso_SUB_08296_SUB_08295_rev,150000000.0,121460088.55394109,150000000.0,70,168
SUB_10309,SUB_10252,meso_SUB_10309_SUB_10252_rev,60000000.0,491914.11640618194,2146847.5641209995,0,168
SUB_25464,SUB_25367,meso_SUB_25464_SUB_25367_rev,80000000.0,1940177.651419035,15623126.910692686,0,168
SUB_25464,SUB_25405,meso_SUB_25464_SUB_25405_rev,15562742.341310231,307572.5571547765,15562742.341310231,2,168
SUB_25464,SUB_25209,meso_SUB_25464_SUB_25209_rev,45807250.98954275,8315652.386540928,27014949.208682347,0,168
SUB_25464,SUB_25431,meso_SUB_25464_SUB_25431_rev,13603219.286608716,4011428.6298853527,10662429.709606959,0,168
SUB_02248,SUB_02201,meso_SUB_02248_SUB_02201_fwd,14430905.66325784,0.0,0.0,0,168
SUB_01224,SUB_01409,meso_SUB_01224_SUB_01409_fwd,5000000.0,0.0,0.0,0,168
SUB_02251,SUB_02264,meso_SUB_02251_SUB_02264_fwd,9556601.733853716,0.0,0.0,0,168
SUB_01378,SUB_01252,meso_SUB_01378_SUB_01252_rev,60000000.0,0.0,0.0,0,168
SUB_01378,SUB_01347,meso_SUB_01378_SUB_01347_rev,60000000.0,0.0,0.0,0,168
SUB_16356,SUB_HIFLD_41,meso_SUB_16356_SUB_HIFLD_41_fwd,5000000.0,1341105.4432335354,1746687.4799728394,0,168
SUB_25446,SUB_25231,meso_SUB_25446_SUB_25231_rev,150000000.0,0.0,0.0,0,168
SUB_25446,SUB_25242,meso_SUB_25446_SUB_25242_rev,150000000.0,0.0,0.0,0,168
SUB_25446,SUB_25347,meso_SUB_25446_SUB_25347_rev,150000000.0,0.0,0.0,0,168
SUB_01298,SUB_01311,meso_SUB_01298_SUB_01311_fwd,5000000.0,0.0,0.0,0,168
SUB_18235,SUB_18222,meso_SUB_18235_SUB_18222_rev,150000000.0,0.0,0.0,0,168
SUB_18235,SUB_18246,meso_SUB_18235_SUB_18246_fwd,150000000.0,2054243.375088107,3100515.4953789464,0,168
SUB_18235,SUB_18238,meso_SUB_18235_SUB_18238_fwd,150000000.0,0.0,0.0,0,168
SUB_18235,SUB_18296,meso_SUB_18235_SUB_18296_rev,15797104.821917927,8569243.998988679,11162887.101320876,0,168
SUB_02226,SUB_02264,meso_SUB_02226_SUB_02264_fwd,71840880.3422289,0.0,0.0,0,168
SUB_02228,SUB_02201,meso_SUB_02228_SUB_02201_fwd,40184260.97909613,0.0,0.0,0,168
SUB_02255,SUB_02201,meso_SUB_02255_SUB_02201_fwd,15876682.383846948,0.0,0.0,0,168
SUB_10260,SUB_10211,meso_SUB_10260_SUB_10211_rev,60000000.0,12841706.20116894,21796597.2541806,0,168
SUB_10260,SUB_10270,meso_SUB_10260_SUB_10270_fwd,120000000.0,4498456.543241264,13373398.032863965,0,168
SUB_10260,SUB_10285,meso_SUB_10260_SUB_10285_fwd,120000000.0,4021263.0490578124,6242485.361892874,0,168
SUB_10260,SUB_10293,meso_SUB_10260_SUB_10293_fwd,400000000.0,0.0,0.0,0,168
SUB_10260,SUB_10314,meso_SUB_10260_SUB_10314_fwd,400000000.0,0.0,0.0,0,168
SUB_10260,SUB_10333,meso_SUB_10260_SUB_10333_fwd,60000000.0,25801300.717462715,37395128.80313859,0,168
SUB_10260,WEC_CALN,iface_SUB_10260_WEC_CALN_to_ba,440000000.0,0.0,0.0,0,168
SUB_25204,SUB_25357,meso_SUB_25204_SUB_25357_fwd,150000000.0,0.0,0.0,0,168
SUB_08351,SUB_08319,meso_SUB_08351_SUB_08319_rev,60000000.0,0.0,0.0,0,168
SUB_08351,SUB_08333,meso_SUB_08351_SUB_08333_rev,120000000.0,0.0,0.0,0,168
SUB_01324,SUB_01202,meso_SUB_01324_SUB_01202_rev,300000000.0,30543360.238788754,145500000.0,0,168
SUB_01324,SUB_01216,meso_SUB_01324_SUB_01216_rev,300000000.0,0.0,0.0,0,168
SUB_01324,SUB_01343,meso_SUB_01324_SUB_01343_fwd,150000000.0,0.0,0.0,0,168
SUB_01324,SUB_01365,meso_SUB_01324_SUB_01365_fwd,150000000.0,0.0,0.0,0,168
SUB_01324,SUB_01380,meso_SUB_01324_SUB_01380_fwd,400000000.0,0.0,0.0,0,168
SUB_01324,SUB_01465,meso_SUB_01324_SUB_01465_fwd,400000000.0,0.0,0.0,0,168
SUB_01324,SUB_01466,meso_SUB_01324_SUB_01466_fwd,400000000.0,0.0,0.0,0,168
SUB_01324,SUB_01469,meso_SUB_01324_SUB_01469_fwd,400000000.0,583491.1912701612,21224420.85816688,0,168
SUB_01324,SUB_HIFLD_30,meso_SUB_01324_SUB_HIFLD_30_fwd,400000000.0,0.0,0.0,0,168
SUB_04255,SUB_04328,meso_SUB_04255_SUB_04328_fwd,5000000.0,0.0,0.0,0,168
SUB_25293,SUB_25319,meso_SUB_25293_SUB_25319_fwd,80000000.0,2924419.4640380912,8779252.787596209,0,168
SUB_25293,SUB_25348,meso_SUB_25293_SUB_25348_fwd,80000000.0,6157113.20330953,58953340.62655303,0,168
SUB_25293,SUB_HIFLD_335,meso_SUB_25293_SUB_HIFLD_335_fwd,160000000.0,0.0,0.0,0,168
SUB_04260,SUB_04295,meso_SUB_04260_SUB_04295_fwd,120000000.0,0.0,0.0,0,168
SUB_04260,SUB_04298,meso_SUB_04260_SUB_04298_fwd,60000000.0,1976744.0271008764,3567060.100057956,0,168
SUB_02239,SUB_02201,meso_SUB_02239_SUB_02201_fwd,14409557.755156798,0.0,0.0,0,168
SUB_01335,SUB_01250,meso_SUB_01335_SUB_01250_rev,60000000.0,0.0,0.0,0,168
SUB_01335,SUB_01260,meso_SUB_01335_SUB_01260_rev,60000000.0,7951010.514660828,9978866.192244122,0,168
SUB_15253,SUB_15246,meso_SUB_15253_SUB_15246_fwd,9254701.755560763,894645.0136275518,2412874.4506835938,0,168
SUB_01384,SUB_01331,meso_SUB_01384_SUB_01331_rev,60000000.0,0.0,0.0,0,168
SUB_01384,SUB_01206,meso_SUB_01384_SUB_01206_rev,90969510.56406508,25505154.639175262,25505154.63917526,0,168
SUB_01384,SUB_01266,meso_SUB_01384_SUB_01266_rev,18713616.567268707,0.0,0.0,0,168
SUB_04305,SUB_04343,meso_SUB_04305_SUB_04343_fwd,150000000.0,0.0,0.0,0,168
SUB_04305,SUB_06368,meso_SUB_04305_SUB_06368_fwd,150000000.0,0.0,0.0,0,168
SUB_04287,SUB_04295,meso_SUB_04287_SUB_04295_fwd,60000000.0,0.0,0.0,0,168
SUB_04287,SUB_04321,meso_SUB_04287_SUB_04321_fwd,60000000.0,0.0,0.0,0,168
SUB_01375,SUB_01440,meso_SUB_01375_SUB_01440_fwd,120000000.0,36948245.06511103,77933452.47802734,0,168
SUB_01375,SUB_16374,meso_SUB_01375_SUB_16374_fwd,60000000.0,357142.85714285716,60000000.0,1,168
SUB_18256,SUB_25345,meso_SUB_18256_SUB_25345_fwd,80000000.0,2145195.6337821754,2361633.847565336,0,168
SUB_18256,SUB_25468,meso_SUB_18256_SUB_25468_fwd,9894029.506689508,5190493.364700122,9894029.506689508,84,168
SUB_02278,SUB_02280,meso_SUB_02278_SUB_02280_fwd,28622805.799529888,0.0,0.0,0,168
SUB_02425,SUB_02412,meso_SUB_02425_SUB_02412_rev,60000000.0,7267749.67349111,36587859.62210087,0,168
SUB_02425,SUB_02408,meso_SUB_02425_SUB_02408_rev,120000000.0,0.0,0.0,0,168
SUB_02280,SUB_02201,meso_SUB_02280_SUB_02201_rev,150000000.0,0.0,0.0,0,168
SUB_02280,SUB_02203,meso_SUB_02280_SUB_02203_rev,150000000.0,0.0,0.0,0,168
SUB_02280,SUB_02233,meso_SUB_02280_SUB_02233_rev,150000000.0,0.0,0.0,0,168
SUB_02280,SUB_02253,meso_SUB_02280_SUB_02253_rev,14012747.554205395,5767896.303336995,6123711.340206184,0,168
SUB_02280,SUB_02213,meso_SUB_02280_SUB_02213_rev,107480570.14439425,32659793.814432986,32659793.81443299,0,168
SUB_02280,SUB_02278,meso_SUB_02280_SUB_02278_rev,28622805.799529888,14073262.93462155,19134020.6185567,0,168
SUB_02280,SUB_02234,meso_SUB_02280_SUB_02234_rev,5000000.0,1854493.626263075,2041237.1134020619,0,168
SUB_02280,SUB_02240,meso_SUB_02280_SUB_02240_rev,19520512.40659548,4082474.2268041233,4082474.2268041237,0,168
SUB_02280,SUB_02209,meso_SUB_02280_SUB_02209_rev,78865142.45920935,37005899.37913283,44288659.793814436,0,168
SUB_25859,SUB_HIFLD_3525,meso_SUB_25859_SUB_HIFLD_3525_fwd,5000000.0,2560000.0,2560000.0,0,168
SUB_02268,SUB_02264,meso_SUB_02268_SUB_02264_fwd,12535857.353903452,0.0,0.0,0,168
SUB_02247,SUB_02264,meso_SUB_02247_SUB_02264_fwd,20089782.85668251,0.0,0.0,0,168
SUB_06866,SUB_06867,meso_SUB_06866_SUB_06867_fwd,60000000.0,1500000.0,1500000.0,0,168
SUB_18220,SUB_18201,meso_SUB_18220_SUB_18201_rev,60000000.0,88682.51428672073,4801563.1902939305,0,168
SUB_18220,SUB_18213,meso_SUB_18220_SUB_18213_rev,60000000.0,0.0,0.0,0,168
SUB_18220,SUB_18226,meso_SUB_18220_SUB_18226_fwd,60000000.0,8859764.909858402,17651547.123230606,0,168
SUB_18220,SUB_18230,meso_SUB_18220_SUB_18230_fwd,60000000.0,2183999.13780351,2726288.769908787,0,168
SUB_02285,SUB_02264,meso_SUB_02285_SUB_02264_fwd,5000000.0,0.0,0.0,0,168
SUB_25427,SUB_25529,meso_SUB_25427_SUB_25529_fwd,80000000.0,0.0,0.0,0,168
SUB_10310,SUB_10253,meso_SUB_10310_SUB_10253_rev,60000000.0,0.0,0.0,0,168
SUB_10310,SUB_10302,meso_SUB_10310_SUB_10302_rev,60000000.0,0.0,0.0,0,168
SUB_10310,SUB_10313,meso_SUB_10310_SUB_10313_rev,5000000.0,0.0,0.0,0,168
SUB_10225,SUB_HIFLD_1357,meso_SUB_10225_SUB_HIFLD_1357_fwd,800000000.0,112298192.05849461,159513284.57837078,0,168
SUB_10225,SUB_10221,meso_SUB_10225_SUB_10221_rev,400000000.0,0.0,0.0,0,168
SUB_10225,WEC_CALN,iface_SUB_10225_WEC_CALN_to_ba,70000000.0,47155013.44977591,70000000.0,102,168
SUB_02249,SUB_02233,meso_SUB_02249_SUB_02233_fwd,18342829.33849141,0.0,0.0,0,168
SUB_02234,SUB_02280,meso_SUB_02234_SUB_02280_fwd,5000000.0,0.0,0.0,0,168
SUB_02267,SUB_02210,meso_SUB_02267_SUB_02210_fwd,8822888.407447245,0.0,0.0,0,168
SUB_18240,SUB_18222,meso_SUB_18240_SUB_18222_rev,210000000.0,0.0,0.0,0,168
SUB_18240,SUB_18246,meso_SUB_18240_SUB_18246_fwd,150000000.0,0.0,0.0,0,168
SUB_16207,SUB_16299,meso_SUB_16207_SUB_16299_fwd,60000000.0,0.0,0.0,0,168
SUB_16207,SUB_16321,meso_SUB_16207_SUB_16321_fwd,120000000.0,0.0,0.0,0,168
SUB_04347,SUB_04318,meso_SUB_04347_SUB_04318_rev,150000000.0,0.0,0.0,0,168
SUB_04347,SUB_04349,meso_SUB_04347_SUB_04349_fwd,150000000.0,0.0,0.0,0,168
SUB_02240,SUB_02280,meso_SUB_02240_SUB_02280_fwd,19520512.40659548,0.0,0.0,0,168
SUB_02260,SUB_02264,meso_SUB_02260_SUB_02264_fwd,5000000.0,0.0,0.0,0,168
SUB_25421,SUB_25208,meso_SUB_25421_SUB_25208_rev,160000000.0,0.0,0.0,0,168
SUB_25421,SUB_25387,meso_SUB_25421_SUB_25387_rev,80000000.0,3419146.378474393,44231999.855041504,0,168
SUB_16270,SUB_16247,meso_SUB_16270_SUB_16247_rev,150000000.0,0.0,0.0,0,168
SUB_16270,SUB_16261,meso_SUB_16270_SUB_16261_rev,150000000.0,0.0,0.0,0,168
SUB_16270,SUB_16277,meso_SUB_16270_SUB_16277_fwd,150000000.0,0.0,0.0,0,168
SUB_16270,SUB_16329,meso_SUB_16270_SUB_16329_fwd,150000000.0,7860755.53025684,19684020.681479543,0,168
SUB_18273,SUB_18201,meso_SUB_18273_SUB_18201_rev,60000000.0,0.0,0.0,0,168
SUB_18273,SUB_18237,meso_SUB_18273_SUB_18237_rev,60000000.0,4627648.843072426,6393734.9127892,0,168
SUB_25261,SUB_25255,meso_SUB_25261_SUB_25255_rev,150000000.0,0.0,0.0,0,168
SUB_25261,SUB_25290,meso_SUB_25261_SUB_25290_fwd,150000000.0,53695478.740337074,98524738.23509267,0,168
SUB_25261,SUB_25365,meso_SUB_25261_SUB_25365_fwd,150000000.0,14311040.12715862,34112366.49188468,0,168
SUB_25261,SUB_25393,meso_SUB_25261_SUB_25393_fwd,6000000000.0,0.0,0.0,0,168
SUB_25261,SUB_25526,meso_SUB_25261_SUB_25526_fwd,800000000.0,0.0,0.0,0,168
SUB_25261,SUB_HIFLD_1768,meso_SUB_25261_SUB_HIFLD_1768_fwd,4500000000.0,425941.3957459107,40175794.2238387,0,168
SUB_18213,SUB_18207,meso_SUB_18213_SUB_18207_rev,120000000.0,0.0,0.0,0,168
SUB_18213,SUB_18220,meso_SUB_18213_SUB_18220_fwd,60000000.0,22065125.319239076,41784138.745357364,0,168
SUB_10375,SUB_10291,meso_SUB_10375_SUB_10291_rev,150000000.0,0.0,0.0,0,168
SUB_10375,SUB_10297,meso_SUB_10375_SUB_10297_rev,150000000.0,50371669.12659107,83789358.86528605,0,168
SUB_10375,SUB_10283,meso_SUB_10375_SUB_10283_rev,150000000.0,8860394.537656093,29226283.39120309,0,168
SUB_10375,SUB_10322,meso_SUB_10375_SUB_10322_rev,5000000.0,0.0,0.0,0,168
SUB_25281,SUB_25219,meso_SUB_25281_SUB_25219_rev,80000000.0,0.0,0.0,0,168
SUB_25281,SUB_25445,meso_SUB_25281_SUB_25445_fwd,80000000.0,6706636.598780862,10726804.50124839,0,168
SUB_25281,SUB_25536,meso_SUB_25281_SUB_25536_fwd,120000000.0,7519572.455532961,20560620.374700665,0,168
SUB_25281,SUB_HIFLD_1845,meso_SUB_25281_SUB_HIFLD_1845_fwd,140000000.0,43881892.83844775,76005485.86674376,0,168
SUB_25281,SUB_HIFLD_2311,meso_SUB_25281_SUB_HIFLD_2311_fwd,80000000.0,21205900.13471026,46910576.43724637,0,168
SUB_02207,SUB_02201,meso_SUB_02207_SUB_02201_fwd,140130969.61376655,0.0,0.0,0,168
SUB_02209,SUB_02280,meso_SUB_02209_SUB_02280_fwd,78865142.45920935,0.0,0.0,0,168
SUB_18260,SUB_18263,meso_SUB_18260_SUB_18263_fwd,150000000.0,0.0,0.0,0,168
SUB_18260,SUB_18282,meso_SUB_18260_SUB_18282_fwd,150000000.0,0.0,0.0,0,168
SUB_04245,SUB_04328,meso_SUB_04245_SUB_04328_fwd,48021228.11362854,0.0,0.0,0,168
SUB_04286,SUB_04284,meso_SUB_04286_SUB_04284_rev,60000000.0,2398716.248673065,6443505.058568321,0,168
SUB_04286,SUB_04285,meso_SUB_04286_SUB_04285_rev,60000000.0,0.0,0.0,0,168
SUB_01264,SUB_HIFLD_2989,meso_SUB_01264_SUB_HIFLD_2989_fwd,5000000.0,0.0,0.0,0,168
SUB_02272,SUB_02281,meso_SUB_02272_SUB_02281_fwd,60000000.0,21232044.295111526,30207882.32421875,0,168
SUB_02272,SUB_02286,meso_SUB_02272_SUB_02286_fwd,60000000.0,0.0,0.0,0,168
SUB_02272,SUB_HIFLD_3834,meso_SUB_02272_SUB_HIFLD_3834_fwd,60000000.0,1279982.560943067,12501468.052814916,0,168
SUB_16316,SUB_16283,meso_SUB_16316_SUB_16283_fwd,5000000.0,5000000.0,5000000.0,168,168
SUB_16322,SUB_16230,meso_SUB_16322_SUB_16230_rev,60000000.0,14846887.384109894,27687493.71561581,0,168
SUB_16322,SUB_16242,meso_SUB_16322_SUB_16242_rev,60000000.0,0.0,0.0,0,168
SUB_16322,SUB_16307,meso_SUB_16322_SUB_16307_rev,60000000.0,0.0,0.0,0,168
SUB_16322,SUB_16331,meso_SUB_16322_SUB_16331_fwd,60000000.0,3386963.0640841722,5084020.807325225,0,168
SUB_25282,SUB_25337,meso_SUB_25282_SUB_25337_fwd,80000000.0,0.0,0.0,0,168
SUB_25282,SUB_25339,meso_SUB_25282_SUB_25339_fwd,80000000.0,0.0,0.0,0,168
SUB_25282,SUB_25341,meso_SUB_25282_SUB_25341_fwd,80000000.0,48981.34660182423,8228866.229106471,0,168
SUB_25282,SUB_25342,meso_SUB_25282_SUB_25342_fwd,80000000.0,0.0,0.0,0,168
SUB_25282,SUB_25387,meso_SUB_25282_SUB_25387_fwd,80000000.0,773825.0156474871,6081443.175089728,0,168
SUB_25282,SUB_25532,meso_SUB_25282_SUB_25532_fwd,80000000.0,5001686.227057695,52748455.37008698,0,168
SUB_18229,SUB_18222,meso_SUB_18229_SUB_18222_rev,60000000.0,0.0,0.0,0,168
SUB_18229,SUB_18285,meso_SUB_18229_SUB_18285_fwd,60000000.0,0.0,0.0,0,168
SUB_25278,SUB_25208,meso_SUB_25278_SUB_25208_rev,160000000.0,6194739.206645118,8089332.67219374,0,168
SUB_25278,SUB_25255,meso_SUB_25278_SUB_25255_rev,80000000.0,1744671.838433607,24509269.077704053,0,168
SUB_25250,SUB_25235,meso_SUB_25250_SUB_25235_rev,150000000.0,115340793.87001233,150000000.0,65,168
SUB_25250,SUB_25412,meso_SUB_25250_SUB_25412_fwd,400000000.0,16833746.367949076,290378013.9081094,0,168
SUB_25250,SUB_25993,meso_SUB_25250_SUB_25993_fwd,400000000.0,292690.5512326056,5103092.783505155,0,168
SUB_25250,WEC_CALN,iface_SUB_25250_WEC_CALN_to_ba,250000000.0,13190.09144254967,2215935.3623483446,0,168
SUB_25480,SUB_25425,meso_SUB_25480_SUB_25425_rev,150000000.0,0.0,0.0,0,168
SUB_06332,SUB_06344,meso_SUB_06332_SUB_06344_fwd,60000000.0,0.0,0.0,0,168
SUB_06332,SUB_06368,meso_SUB_06332_SUB_06368_fwd,60000000.0,0.0,0.0,0,168
SUB_25406,SUB_HIFLD_189,meso_SUB_25406_SUB_HIFLD_189_fwd,5000000.0,0.0,0.0,0,168
SUB_18244,SUB_18285,meso_SUB_18244_SUB_18285_fwd,5000000.0,0.0,0.0,0,168
SUB_25476,SUB_25457,meso_SUB_25476_SUB_25457_rev,150000000.0,0.0,0.0,0,168
SUB_25476,SUB_25526,meso_SUB_25476_SUB_25526_fwd,150000000.0,0.0,0.0,0,168
SUB_10294,SUB_10249,meso_SUB_10294_SUB_10249_rev,150000000.0,10032971.714003017,14691540.449257802,0,168
SUB_10294,SUB_10308,meso_SUB_10294_SUB_10308_fwd,150000000.0,0.0,0.0,0,168
SUB_16230,SUB_16322,meso_SUB_16230_SUB_16322_fwd,60000000.0,0.0,0.0,0,168
SUB_16230,SUB_16331,meso_SUB_16230_SUB_16331_fwd,60000000.0,0.0,0.0,0,168
SUB_16230,SUB_16348,meso_SUB_16230_SUB_16348_fwd,60000000.0,0.0,0.0,0,168
SUB_16230,SUB_16362,meso_SUB_16230_SUB_16362_fwd,60000000.0,1450322.7159947131,12685567.262000645,0,168
SUB_16230,SUB_16365,meso_SUB_16230_SUB_16365_fwd,120000000.0,4260104.493037278,8186082.788841012,0,168
SUB_16230,SUB_16313,meso_SUB_16230_SUB_16313_rev,15214501.31462945,9632388.255756512,13188660.202812903,0,168
SUB_18285,SUB_18222,meso_SUB_18285_SUB_18222_rev,60000000.0,0.0,0.0,0,168
SUB_18285,SUB_18229,meso_SUB_18285_SUB_18229_rev,60000000.0,0.0,0.0,0,168
SUB_18285,SUB_18244,meso_SUB_18285_SUB_18244_rev,5000000.0,2066473.361330402,2593814.4959125323,0,168
SUB_25512,SUB_25276,meso_SUB_25512_SUB_25276_rev,450000000.0,9548670.997041661,38356187.58054124,0,168
SUB_25512,SUB_HIFLD_1851,meso_SUB_25512_SUB_HIFLD_1851_fwd,400000000.0,0.0,0.0,0,168
SUB_16216,SUB_16301,meso_SUB_16216_SUB_16301_fwd,120000000.0,24561520.178504083,47711091.58840156,0,168
SUB_16216,SUB_16320,meso_SUB_16216_SUB_16320_fwd,60000000.0,0.0,0.0,0,168
SUB_16216,SUB_16323,meso_SUB_16216_SUB_16323_fwd,60000000.0,23158689.724107366,48894544.94516356,0,168
SUB_16216,SUB_HIFLD_41,meso_SUB_16216_SUB_HIFLD_41_fwd,150000000.0,7442185.087587719,25050309.268679395,0,168
SUB_16216,SUB_16375,meso_SUB_16216_SUB_16375_rev,13194426.850468406,7063402.044439527,10589175.509423325,0,168
SUB_25420,SUB_25290,meso_SUB_25420_SUB_25290_rev,450000000.0,0.0,0.0,0,168
SUB_10255,SUB_10253,meso_SUB_10255_SUB_10253_rev,60000000.0,0.0,0.0,0,168
SUB_10255,SUB_10302,meso_SUB_10255_SUB_10302_fwd,120000000.0,0.0,0.0,0,168
SUB_10255,SUB_HIFLD_523,meso_SUB_10255_SUB_HIFLD_523_fwd,60000000.0,57975670.10309278,57975670.10309278,0,168
SUB_10132,SUB_HIFLD_1297,meso_SUB_10132_SUB_HIFLD_1297_fwd,400000000.0,0.0,0.0,0,168
SUB_10132,SUB_10332,meso_SUB_10132_SUB_10332_fwd,1200000000.0,595532.6449244877,795876.3201212146,0,168
SUB_10132,SUB_10350,meso_SUB_10132_SUB_10350_rev,5000000.0,0.0,0.0,0,168
SUB_10132,WEC_CALN,iface_SUB_10132_WEC_CALN_to_ba,795000000.0,100191842.70971747,100298276.11405087,0,168
SUB_10332,SUB_10132,meso_SUB_10332_SUB_10132_rev,1200000000.0,0.0,0.0,0,168
SUB_10332,SUB_10293,meso_SUB_10332_SUB_10293_rev,1200000000.0,0.0,0.0,0,168
SUB_10350,SUB_10132,meso_SUB_10350_SUB_10132_fwd,5000000.0,5000000.0,5000000.0,168,168
SUB_19241,SUB_19246,meso_SUB_19241_SUB_19246_fwd,150000000.0,0.0,0.0,0,168
SUB_19241,SUB_HIFLD_2356,meso_SUB_19241_SUB_HIFLD_2356_fwd,150000000.0,0.0,0.0,0,168
SUB_10356,SUB_10345,meso_SUB_10356_SUB_10345_rev,60000000.0,0.0,0.0,0,168
SUB_10356,SUB_HIFLD_3086,meso_SUB_10356_SUB_HIFLD_3086_fwd,60000000.0,2380122.273208468,25164375.091189448,0,168
SUB_10356,SUB_HIFLD_2184,meso_SUB_10356_SUB_HIFLD_2184_rev,5000000.0,0.0,0.0,0,168
SUB_10356,SUB_HIFLD_3595,meso_SUB_10356_SUB_HIFLD_3595_rev,5000000.0,0.0,0.0,0,168
SUB_19229,SUB_19215,meso_SUB_19229_SUB_19215_rev,60000000.0,14002751.43127165,29147294.88714218,0,168
SUB_19229,SUB_19225,meso_SUB_19229_SUB_19225_rev,60000000.0,0.0,0.0,0,168
SUB_19229,SUB_19246,meso_SUB_19229_SUB_19246_fwd,60000000.0,10328416.020841934,17209319.33143667,0,168
SUB_01442,SUB_01440,meso_SUB_01442_SUB_01440_fwd,12427319.868950695,7321644.260526283,12427319.868950695,83,168
SUB_02210,SUB_02201,meso_SUB_02210_SUB_02201_rev,150000000.0,75119819.66145423,150000000.0,29,168
SUB_02210,SUB_02233,meso_SUB_02210_SUB_02233_fwd,450000000.0,2106391.3309832164,117901578.86751579,0,168
SUB_02210,SUB_02257,meso_SUB_02210_SUB_02257_fwd,300000000.0,35350632.03896853,59852961.90399484,0,168
SUB_02210,SUB_02264,meso_SUB_02210_SUB_02264_fwd,150000000.0,145459089.49292943,150000000.0,113,168
SUB_02210,SUB_02286,meso_SUB_02210_SUB_02286_fwd,150000000.0,95918476.81596467,136400819.7083551,0,168
SUB_02210,SUB_02287,meso_SUB_02210_SUB_02287_fwd,400000000.0,0.0,0.0,0,168
SUB_02210,SUB_02419,meso_SUB_02210_SUB_02419_fwd,400000000.0,24660087.23823034,327199318.8140925,0,168
SUB_02210,SUB_02203,meso_SUB_02210_SUB_02203_rev,150000000.0,4989293.039149426,150000000.0,1,168
SUB_02210,SUB_02408,meso_SUB_02210_SUB_02408_fwd,400000000.0,91250891.63198799,139060190.32327008,0,168
SUB_02210,SUB_02227,meso_SUB_02210_SUB_02227_rev,44394808.451972626,21955306.04950985,33577319.587628864,0,168
SUB_02210,SUB_02267,meso_SUB_02210_SUB_02267_rev,8822888.407447245,2350515.4639175264,2350515.463917526,0,168
SUB_02210,WEC_CALN,iface_SUB_02210_WEC_CALN_to_ba,1796782303.1405802,0.0,0.0,0,168
SUB_16374,SUB_01375,meso_SUB_16374_SUB_01375_rev,60000000.0,4179794.4232335403,60000000.0,9,168
SUB_16374,SUB_01432,meso_SUB_16374_SUB_01432_rev,60000000.0,1507505.3848350085,3298602.0117690885,0,168
SUB_16374,SUB_16209,meso_SUB_16374_SUB_16209_rev,60000000.0,2677083.3343633204,2964948.5597905423,0,168
SUB_16374,SUB_16348,meso_SUB_16374_SUB_16348_rev,60000000.0,38058852.385424905,60000000.0,37,168
SUB_16374,SUB_HIFLD_1135,meso_SUB_16374_SUB_HIFLD_1135_fwd,60000000.0,37411796.49290356,60000000.0,67,168
SUB_16374,SUB_HIFLD_3849,meso_SUB_16374_SUB_HIFLD_3849_fwd,60000000.0,1400568.8444463988,50760440.313546196,0,168
SUB_10373,SUB_10372,meso_SUB_10373_SUB_10372_rev,400000000.0,0.0,0.0,0,168
SUB_10373,WEC_CALN,iface_SUB_10373_WEC_CALN_to_ba,20000000.0,0.0,0.0,0,168
SUB_18249,SUB_08318,meso_SUB_18249_SUB_08318_rev,150000000.0,0.0,0.0,0,168
SUB_18249,SUB_18322,meso_SUB_18249_SUB_18322_rev,5000000.0,246735.39425265163,497938.17579131766,0,168
SUB_01343,SUB_01410,meso_SUB_01343_SUB_01410_fwd,150000000.0,5097910.919230833,24279949.76240335,0,168
SUB_01343,SUB_01465,meso_SUB_01343_SUB_01465_fwd,300000000.0,0.0,0.0,0,168
SUB_01343,SUB_01216,meso_SUB_01343_SUB_01216_rev,150000000.0,0.0,0.0,0,168
SUB_01343,SUB_01324,meso_SUB_01343_SUB_01324_rev,150000000.0,0.0,0.0,0,168
SUB_08391,SUB_08201,meso_SUB_08391_SUB_08201_rev,150000000.0,9608.06263926917,1614154.5233972205,0,168
SUB_08391,SUB_08339,meso_SUB_08391_SUB_08339_rev,150000000.0,383714.6991724868,30290871.687540263,0,168
SUB_08391,SUB_08353,meso_SUB_08391_SUB_08353_rev,150000000.0,692339.0316336498,33306646.865234375,0,168
SUB_08391,SUB_08295,meso_SUB_08391_SUB_08295_rev,207413628.6534229,578285.7618673678,18683382.32925258,0,168
SUB_02233,SUB_02201,meso_SUB_02233_SUB_02201_rev,150000000.0,0.0,0.0,0,168
SUB_02233,SUB_02203,meso_SUB_02233_SUB_02203_rev,450000000.0,0.0,0.0,0,168
SUB_02233,SUB_02210,meso_SUB_02233_SUB_02210_rev,450000000.0,0.0,0.0,0,168
SUB_02233,SUB_02287,meso_SUB_02233_SUB_02287_fwd,300000000.0,0.0,0.0,0,168
SUB_02233,SUB_02280,meso_SUB_02233_SUB_02280_fwd,150000000.0,68682179.62257665,150000000.0,28,168
SUB_02233,SUB_02249,meso_SUB_02233_SUB_02249_rev,18342829.33849141,4061827.8005278804,4082474.2268041237,0,168
SUB_02203,SUB_02201,meso_SUB_02203_SUB_02201_rev,450000000.0,72147.78644010256,6723197.539982222,0,168
SUB_02203,SUB_02233,meso_SUB_02203_SUB_02233_fwd,450000000.0,327859.19658826006,55080345.02682769,0,168
SUB_02203,SUB_02280,meso_SUB_02203_SUB_02280_fwd,150000000.0,121414056.18002412,150000000.0,115,168
SUB_02203,SUB_01216,meso_SUB_02203_SUB_01216_rev,400000000.0,0.0,0.0,0,168
SUB_02203,SUB_02210,meso_SUB_02203_SUB_02210_fwd,150000000.0,0.0,0.0,0,168
SUB_25440,SUB_25468,meso_SUB_25440_SUB_25468_fwd,5000000.0,0.0,0.0,0,168
SUB_04230,SUB_04202,meso_SUB_04230_SUB_04202_rev,60000000.0,40020509.37144788,60000000.0,47,168
SUB_04230,SUB_04246,meso_SUB_04230_SUB_04246_fwd,60000000.0,6471233.367919922,11265777.210353576,0,168
SUB_04230,SUB_04337,meso_SUB_04230_SUB_04337_fwd,800000000.0,0.0,0.0,0,168
SUB_04230,SUB_06364,meso_SUB_04230_SUB_06364_fwd,860000000.0,0.0,0.0,0,168
SUB_04230,SUB_06270,meso_SUB_04230_SUB_06270_fwd,150000000.0,16453712.77127275,126511520.71537612,0,168
SUB_04230,SUB_06359,meso_SUB_04230_SUB_06359_fwd,400000000.0,0.0,0.0,0,168
SUB_04230,WEC_CALN,iface_SUB_04230_WEC_CALN_to_ba,20000000.0,0.0,0.0,0,168
SUB_06203,SUB_06204,meso_SUB_06203_SUB_06204_fwd,150000000.0,1250892.6472867185,20207001.34969419,0,168
SUB_06203,SUB_06368,meso_SUB_06203_SUB_06368_fwd,150000000.0,0.0,0.0,0,168
SUB_06203,SUB_15215,meso_SUB_06203_SUB_15215_fwd,210000000.0,0.0,0.0,0,168
SUB_06203,SUB_06272,meso_SUB_06203_SUB_06272_fwd,300000000.0,831623.4387430241,2311447.41713931,0,168
SUB_06203,SUB_06317,meso_SUB_06203_SUB_06317_fwd,150000000.0,438650.95205417054,7116211.078589876,0,168
SUB_06203,SUB_06344,meso_SUB_06203_SUB_06344_fwd,60000000.0,0.0,0.0,0,168
SUB_04203,SUB_04201,meso_SUB_04203_SUB_04201_rev,150000000.0,0.0,0.0,0,168
SUB_25269,SUB_25219,meso_SUB_25269_SUB_25219_rev,80000000.0,44587645.833923705,45122500.049591064,0,168
SUB_16380,SUB_HIFLD_30,meso_SUB_16380_SUB_HIFLD_30_fwd,150000000.0,0.0,0.0,0,168
SUB_25353,SUB_25270,meso_SUB_25353_SUB_25270_rev,60000000.0,0.0,0.0,0,168
SUB_04272,SUB_04202,meso_SUB_04272_SUB_04202_rev,150000000.0,11183163.733693672,79391752.57731959,0,168
SUB_04272,SUB_04329,meso_SUB_04272_SUB_04329_fwd,150000000.0,17206524.705395255,61085556.18758054,0,168
SUB_04272,SUB_04337,meso_SUB_04272_SUB_04337_fwd,300000000.0,0.0,0.0,0,168
SUB_16261,SUB_16247,meso_SUB_16261_SUB_16247_rev,150000000.0,1376031.1278313268,25506574.012414973,0,168
SUB_16261,SUB_16267,meso_SUB_16261_SUB_16267_fwd,60000000.0,17030667.27525415,60000000.0,2,168
SUB_16261,SUB_16270,meso_SUB_16261_SUB_16270_fwd,150000000.0,3945503.138010499,37752423.70768877,0,168
SUB_16261,SUB_16277,meso_SUB_16261_SUB_16277_fwd,150000000.0,0.0,0.0,0,168
SUB_16261,SUB_16357,meso_SUB_16261_SUB_16357_fwd,300000000.0,0.0,0.0,0,168
SUB_16261,SUB_HIFLD_3391,meso_SUB_16261_SUB_HIFLD_3391_fwd,60000000.0,0.0,0.0,0,168
SUB_16261,SUB_01222,meso_SUB_16261_SUB_01222_rev,150000000.0,147273969.19126686,150000000.0,136,168
SUB_16261,SUB_16282,meso_SUB_16261_SUB_16282_fwd,300000000.0,0.0,0.0,0,168
SUB_16261,SUB_16298,meso_SUB_16261_SUB_16298_fwd,300000000.0,0.0,0.0,0,168
SUB_16261,SUB_HIFLD_2318,meso_SUB_16261_SUB_HIFLD_2318_fwd,150000000.0,565200.3506612519,19641566.42562496,0,168
SUB_01317,SUB_01318,meso_SUB_01317_SUB_01318_fwd,5000000.0,0.0,0.0,0,168
SUB_08202,SUB_08231,meso_SUB_08202_SUB_08231_fwd,60000000.0,53232713.90775706,60000000.0,113,168
SUB_08202,SUB_08337,meso_SUB_08202_SUB_08337_fwd,60000000.0,0.0,0.0,0,168
SUB_08202,SUB_08343,meso_SUB_08202_SUB_08343_fwd,60000000.0,0.0,0.0,0,168
SUB_06312,SUB_04295,meso_SUB_06312_SUB_04295_rev,150000000.0,1071577.7771318536,17645789.84232422,0,168
SUB_06312,SUB_04319,meso_SUB_06312_SUB_04319_rev,150000000.0,2871991.908641631,16093885.526957864,0,168
SUB_06312,SUB_06359,meso_SUB_06312_SUB_06359_fwd,400000000.0,0.0,0.0,0,168
SUB_25370,SUB_25272,meso_SUB_25370_SUB_25272_rev,150000000.0,0.0,0.0,0,168
SUB_25370,SUB_25526,meso_SUB_25370_SUB_25526_fwd,150000000.0,0.0,0.0,0,168
SUB_01423,SUB_01223,meso_SUB_01423_SUB_01223_rev,2000000000.0,23176080.98911734,143176138.63494423,0,168
SUB_01423,SUB_01315,meso_SUB_01423_SUB_01315_rev,120000000.0,25135015.104768354,89896165.91515629,0,168
SUB_01423,SUB_01380,meso_SUB_01423_SUB_01380_rev,1200000000.0,31322202.487761248,383417818.8106023,0,168
SUB_01423,SUB_01440,meso_SUB_01423_SUB_01440_fwd,60000000.0,3700633.772208489,60000000.0,3,168
SUB_01423,SUB_01466,meso_SUB_01423_SUB_01466_fwd,1200000000.0,3897225.553730934,69086128.78543815,0,168
SUB_01423,SUB_01469,meso_SUB_01423_SUB_01469_fwd,400000000.0,6078188.479409011,25822147.83344072,0,168
SUB_01423,SUB_02419,meso_SUB_01423_SUB_02419_fwd,400000000.0,36719244.59703684,302420661.8282882,0,168
SUB_01423,SUB_01405,meso_SUB_01423_SUB_01405_rev,400000000.0,18520628.428096335,32837834.24613402,0,168
SUB_01423,SUB_01409,meso_SUB_01423_SUB_01409_rev,400000000.0,63289936.95675255,76028281.96848804,0,168
SUB_01423,WEC_CALN,iface_SUB_01423_WEC_CALN_to_ba,620000000.0,0.0,0.0,0,168
SUB_16368,SUB_16223,meso_SUB_16368_SUB_16223_rev,60000000.0,2628829.0346771963,7220576.047132088,0,168
SUB_16368,SUB_16315,meso_SUB_16368_SUB_16315_rev,60000000.0,6015172.618999063,13293899.721333547,0,168
SUB_16368,SUB_16319,meso_SUB_16368_SUB_16319_rev,150000000.0,0.0,0.0,0,168
SUB_16368,SUB_16323,meso_SUB_16368_SUB_16323_rev,60000000.0,0.0,0.0,0,168
SUB_16368,SUB_16328,meso_SUB_16368_SUB_16328_rev,60000000.0,4332855.556029408,6721649.736227448,0,168
SUB_16368,SUB_16348,meso_SUB_16368_SUB_16348_rev,550000000.0,462.2001395104865,77649.62343776174,0,168
SUB_16368,SUB_16371,meso_SUB_16368_SUB_16371_fwd,860000000.0,2387857.5520689087,33549513.127137296,0,168
SUB_16368,SUB_16372,meso_SUB_16368_SUB_16372_fwd,60000000.0,23262520.55190785,50583878.0159372,0,168
SUB_16368,SUB_HIFLD_1383,meso_SUB_16368_SUB_HIFLD_1383_fwd,400000000.0,109275.92105484882,4610868.164162445,0,168
SUB_16368,SUB_HIFLD_2043,meso_SUB_16368_SUB_HIFLD_2043_fwd,60000000.0,32444895.475995343,53162710.22292921,0,168
SUB_16368,SUB_HIFLD_4022,meso_SUB_16368_SUB_HIFLD_4022_fwd,60000000.0,2428365.579494594,20209927.25295497,0,168
SUB_16368,SUB_HIFLD_4127,meso_SUB_16368_SUB_HIFLD_4127_fwd,450000000.0,0.0,0.0,0,168
SUB_16368,SUB_HIFLD_695,meso_SUB_16368_SUB_HIFLD_695_fwd,1200000000.0,27299631.446866147,61864946.0232135,0,168
SUB_16368,SUB_HIFLD_595,meso_SUB_16368_SUB_HIFLD_595_fwd,400000000.0,56695247.920535564,202383476.18603322,0,168
SUB_16368,SUB_HIFLD_597,meso_SUB_16368_SUB_HIFLD_597_fwd,150000000.0,0.0,0.0,0,168
SUB_16368,WEC_CALN,iface_SUB_16368_WEC_CALN_to_ba,20000000.0,0.0,0.0,0,168
SUB_02264,SUB_02210,meso_SUB_02264_SUB_02210_rev,150000000.0,0.0,0.0,0,168
SUB_02264,SUB_02286,meso_SUB_02264_SUB_02286_fwd,150000000.0,0.0,0.0,0,168
SUB_02264,SUB_02258,meso_SUB_02264_SUB_02258_rev,11535410.81479571,4482178.278582671,4701030.927835052,0,168
SUB_02264,SUB_02250,meso_SUB_02264_SUB_02250_rev,20064273.059620727,6978945.531643776,7051546.391752577,0,168
SUB_02264,SUB_02251,meso_SUB_02264_SUB_02251_rev,9556601.733853716,4268876.638211159,4896907.216494845,0,168
SUB_02264,SUB_02226,meso_SUB_02264_SUB_02226_rev,71840880.3422289,25208081.630731136,25505154.63917526,0,168
SUB_02264,SUB_02268,meso_SUB_02264_SUB_02268_rev,12535857.353903452,2659793.81443299,2659793.81443299,0,168
SUB_02264,SUB_02247,meso_SUB_02264_SUB_02247_rev,20089782.85668251,4587628.865979382,4587628.865979382,0,168
SUB_02264,SUB_02285,meso_SUB_02264_SUB_02285_rev,5000000.0,1604326.2865359606,2041237.1134020619,0,168
SUB_02264,SUB_02260,meso_SUB_02264_SUB_02260_rev,5000000.0,1971184.6208829887,3226804.12371134,0,168
SUB_02264,SUB_02259,meso_SUB_02264_SUB_02259_rev,20296414.733600274,6719353.9766921215,6742268.041237112,0,168
SUB_08292,SUB_08225,meso_SUB_08292_SUB_08225_rev,150000000.0,21333224.57020432,32884651.85546875,0,168
SUB_08292,SUB_08343,meso_SUB_08292_SUB_08343_fwd,150000000.0,0.0,0.0,0,168
SUB_10333,SUB_10260,meso_SUB_10333_SUB_10260_rev,60000000.0,0.0,0.0,0,168
SUB_10333,SUB_10334,meso_SUB_10333_SUB_10334_fwd,60000000.0,8515282.595211934,12170274.273854671,0,168
SUB_06272,SUB_06203,meso_SUB_06272_SUB_06203_rev,300000000.0,0.0,0.0,0,168
SUB_06272,SUB_06319,meso_SUB_06272_SUB_06319_fwd,300000000.0,139863.18961835426,1109513.0369835293,0,168
SUB_25236,SUB_25271,meso_SUB_25236_SUB_25271_fwd,60000000.0,26167762.117942996,37462888.48562339,0,168
SUB_25236,SUB_25366,meso_SUB_25236_SUB_25366_fwd,60000000.0,9285427.036301963,20036628.15788398,0,168
SUB_25236,SUB_25367,meso_SUB_25236_SUB_25367_fwd,60000000.0,25094262.62471186,60000000.0,62,168
SUB_25236,SUB_25441,meso_SUB_25236_SUB_25441_fwd,60000000.0,29295364.723472435,60000000.0,69,168
SUB_25236,SUB_25315,meso_SUB_25236_SUB_25315_fwd,150000000.0,2435824.349479371,6046391.909884423,0,168
SUB_01202,SUB_01353,meso_SUB_01202_SUB_01353_fwd,150000000.0,4829103.757790208,40250557.00064745,0,168
SUB_01202,SUB_01430,meso_SUB_01202_SUB_01430_fwd,150000000.0,84413332.73963812,140665324.1384877,0,168
SUB_01202,SUB_01445,meso_SUB_01202_SUB_01445_fwd,300000000.0,0.0,0.0,0,168
SUB_01202,SUB_01216,meso_SUB_01202_SUB_01216_fwd,150000000.0,0.0,0.0,0,168
SUB_01202,SUB_01324,meso_SUB_01202_SUB_01324_fwd,300000000.0,0.0,0.0,0,168
SUB_04221,SUB_04248,meso_SUB_04221_SUB_04248_fwd,60000000.0,0.0,0.0,0,168
SUB_04221,SUB_04320,meso_SUB_04221_SUB_04320_fwd,60000000.0,0.0,0.0,0,168
SUB_06288,SUB_06202,meso_SUB_06288_SUB_06202_rev,60000000.0,1663504.865231531,12195365.669801064,0,168
SUB_06288,SUB_06283,meso_SUB_06288_SUB_06283_rev,60000000.0,836406.4244315197,7037155.474738697,0,168
SUB_06288,SUB_10274,meso_SUB_06288_SUB_10274_fwd,120000000.0,3237983.147881002,16144925.44530365,0,168
SUB_01405,SUB_01423,meso_SUB_01405_SUB_01423_fwd,400000000.0,0.0,0.0,0,168
SUB_25316,SUB_25289,meso_SUB_25316_SUB_25289_rev,80000000.0,0.0,0.0,0,168
SUB_25316,SUB_25344,meso_SUB_25316_SUB_25344_fwd,60000000.0,481665.3845744257,5034020.50450905,0,168
SUB_25316,SUB_25393,meso_SUB_25316_SUB_25393_fwd,150000000.0,8318855.432069083,29611690.5396,0,168
SUB_16301,SUB_16216,meso_SUB_16301_SUB_16216_rev,120000000.0,0.0,0.0,0,168
SUB_16301,SUB_16334,meso_SUB_16301_SUB_16334_fwd,120000000.0,58329.7930894704,805750.3880977068,0,168
SUB_16301,SUB_16354,meso_SUB_16301_SUB_16354_fwd,120000000.0,1263880.4876126961,5452062.075900048,0,168
SUB_16301,SUB_15361,meso_SUB_16301_SUB_15361_rev,60000000.0,20833320.13442496,45348634.05162598,0,168
SUB_15249,SUB_15218,meso_SUB_15249_SUB_15218_rev,60000000.0,560508.5594701227,22440439.981891286,0,168
SUB_15249,SUB_15224,meso_SUB_15249_SUB_15224_rev,60000000.0,2809808.9468871197,12455669.84945535,0,168
SUB_15249,SUB_15243,meso_SUB_15249_SUB_15243_rev,60000000.0,10959.398071666432,1841178.8760399607,0,168
SUB_15249,SUB_15246,meso_SUB_15249_SUB_15246_rev,60000000.0,5516566.321069811,48953953.16589984,0,168
SUB_04309,SUB_04201,meso_SUB_04309_SUB_04201_rev,120000000.0,1001261.4229144146,20493194.04231487,0,168
SUB_04309,SUB_04248,meso_SUB_04309_SUB_04248_rev,60000000.0,0.0,0.0,0,168
SUB_10324,SUB_10325,meso_SUB_10324_SUB_10325_fwd,150000000.0,118239.47383875001,1496046.261374844,0,168
SUB_25410,SUB_25256,meso_SUB_25410_SUB_25256_rev,300000000.0,10857645.411015451,45963877.978059374,0,168
SUB_25410,SUB_25536,meso_SUB_25410_SUB_25536_fwd,300000000.0,11534544.41403763,61924751.839250825,0,168
SUB_15201,SUB_15233,meso_SUB_15201_SUB_15233_fwd,60000000.0,0.0,0.0,0,168
SUB_15201,SUB_15285,meso_SUB_15201_SUB_15285_fwd,60000000.0,0.0,0.0,0,168
SUB_15201,SUB_15373,meso_SUB_15201_SUB_15373_fwd,60000000.0,7146906.612731774,17276805.130476803,0,168
SUB_15366,SUB_15276,meso_SUB_15366_SUB_15276_fwd,15290809.471895237,0.0,0.0,0,168
SUB_04337,SUB_01467,meso_SUB_04337_SUB_01467_rev,400000000.0,4515356.618176075,165379785.939957,0,168
SUB_04337,SUB_04212,meso_SUB_04337_SUB_04212_rev,60000000.0,2588929.2019866058,3515463.9175257734,0,168
SUB_04337,SUB_04230,meso_SUB_04337_SUB_04230_rev,800000000.0,5522838.538032204,118528791.69806013,0,168
SUB_04337,SUB_04248,meso_SUB_04337_SUB_04248_rev,950000000.0,1123360.7437957355,97385886.83878475,0,168
SUB_04337,SUB_04256,meso_SUB_04337_SUB_04256_rev,1200000000.0,0.0,0.0,0,168
SUB_04337,SUB_04263,meso_SUB_04337_SUB_04263_rev,60000000.0,38337265.63972215,60000000.0,4,168
SUB_04337,SUB_04272,meso_SUB_04337_SUB_04272_rev,300000000.0,55935735.132970616,189071917.16882518,0,168
SUB_04337,SUB_04307,meso_SUB_04337_SUB_04307_rev,120000000.0,15700196.448482014,27534442.70497745,0,168
SUB_04337,SUB_04349,meso_SUB_04337_SUB_04349_fwd,150000000.0,26436281.954836063,50689166.31879634,0,168
SUB_04337,SUB_04318,meso_SUB_04337_SUB_04318_rev,150000000.0,49406195.08679296,90618122.5879145,0,168
SUB_04337,SUB_06359,meso_SUB_04337_SUB_06359_fwd,400000000.0,2156572.805399865,31596571.592362184,0,168
SUB_04337,WEC_CALN,iface_SUB_04337_WEC_CALN_to_ba,3810000000.0,0.0,0.0,0,168
SUB_25355,SUB_25290,meso_SUB_25355_SUB_25290_rev,150000000.0,0.0,0.0,0,168
SUB_25355,SUB_25400,meso_SUB_25355_SUB_25400_fwd,300000000.0,0.0,0.0,0,168
SUB_25355,SUB_25454,meso_SUB_25355_SUB_25454_fwd,150000000.0,132461.9542209319,3602061.8271581903,0,168
SUB_10283,SUB_10291,meso_SUB_10283_SUB_10291_fwd,150000000.0,0.0,0.0,0,168
SUB_10283,SUB_10308,meso_SUB_10283_SUB_10308_fwd,300000000.0,95585516.70536831,118042704.57867947,0,168
SUB_10283,SUB_10375,meso_SUB_10283_SUB_10375_fwd,150000000.0,0.0,0.0,0,168
SUB_10283,SUB_10303,meso_SUB_10283_SUB_10303_rev,5814035.813060009,0.0,0.0,0,168
SUB_01424,SUB_01450,meso_SUB_01424_SUB_01450_fwd,5000000.0,0.0,0.0,0,168
SUB_18281,SUB_18206,meso_SUB_18281_SUB_18206_rev,150000000.0,0.0,0.0,0,168
SUB_18281,SUB_18267,meso_SUB_18281_SUB_18267_rev,150000000.0,0.0,0.0,0,168
SUB_18281,SUB_18282,meso_SUB_18281_SUB_18282_fwd,150000000.0,0.0,0.0,0,168
SUB_18281,SUB_18303,meso_SUB_18281_SUB_18303_fwd,150000000.0,26579690.98434705,31317050.254938647,0,168
SUB_01350,SUB_01223,meso_SUB_01350_SUB_01223_rev,150000000.0,0.0,0.0,0,168
SUB_01350,SUB_01222,meso_SUB_01350_SUB_01222_rev,150000000.0,0.0,0.0,0,168
SUB_10353,SUB_10293,meso_SUB_10353_SUB_10293_rev,120000000.0,2623483.83070244,21665571.957145773,0,168
SUB_10353,SUB_10357,meso_SUB_10353_SUB_10357_fwd,60000000.0,7612806.826194948,11509794.160508618,0,168
SUB_25268,SUB_25270,meso_SUB_25268_SUB_25270_fwd,60000000.0,22101113.175433476,60000000.0,39,168
SUB_25268,SUB_25295,meso_SUB_25268_SUB_25295_fwd,60000000.0,9660200.196081195,23654384.181433853,0,168
SUB_25268,SUB_25360,meso_SUB_25268_SUB_25360_fwd,60000000.0,36928657.899706155,60000000.0,39,168
SUB_25268,SUB_25393,meso_SUB_25268_SUB_25393_fwd,400000000.0,0.0,0.0,0,168
SUB_25268,SUB_25412,meso_SUB_25268_SUB_25412_fwd,400000000.0,16171676.15629575,121462235.93197586,0,168
SUB_04201,SUB_04248,meso_SUB_04201_SUB_04248_fwd,150000000.0,0.0,0.0,0,168
SUB_04201,SUB_04299,meso_SUB_04201_SUB_04299_fwd,150000000.0,0.0,0.0,0,168
SUB_04201,SUB_04309,meso_SUB_04201_SUB_04309_fwd,120000000.0,0.0,0.0,0,168
SUB_04201,SUB_04203,meso_SUB_04201_SUB_04203_fwd,150000000.0,40805446.894799724,48783505.15463918,0,168
SUB_25208,SUB_25244,meso_SUB_25208_SUB_25244_fwd,80000000.0,0.0,0.0,0,168
SUB_25208,SUB_25278,meso_SUB_25208_SUB_25278_fwd,160000000.0,0.0,0.0,0,168
SUB_25208,SUB_25314,meso_SUB_25208_SUB_25314_fwd,80000000.0,92539.96436831176,155286.20297146827,0,168
SUB_25208,SUB_25421,meso_SUB_25208_SUB_25421_fwd,160000000.0,224051.66674356614,2374008.891720231,0,168
SUB_25208,SUB_25424,meso_SUB_25208_SUB_25424_fwd,300000000.0,0.0,0.0,0,168
SUB_08367,SUB_08348,meso_SUB_08367_SUB_08348_rev,150000000.0,0.0,0.0,0,168
SUB_02201,SUB_02203,meso_SUB_02201_SUB_02203_fwd,450000000.0,0.0,0.0,0,168
SUB_02201,SUB_02210,meso_SUB_02201_SUB_02210_fwd,150000000.0,0.0,0.0,0,168
SUB_02201,SUB_02233,meso_SUB_02201_SUB_02233_fwd,150000000.0,0.0,0.0,0,168
SUB_02201,SUB_02280,meso_SUB_02201_SUB_02280_fwd,150000000.0,14856398.877966642,95376103.57854784,0,168
SUB_02201,SUB_02261,meso_SUB_02201_SUB_02261_rev,12018369.134143291,4047299.231602739,4082474.2268041237,0,168
SUB_02201,SUB_02248,meso_SUB_02201_SUB_02248_rev,14430905.66325784,4082474.2268041233,4082474.2268041237,0,168
SUB_02201,SUB_02228,meso_SUB_02201_SUB_02228_rev,40184260.97909613,8327621.884690117,20396656.0285116,0,168
SUB_02201,SUB_02255,meso_SUB_02201_SUB_02255_rev,15876682.383846948,6216641.007517591,7247422.68041237,0,168
SUB_02201,SUB_02239,meso_SUB_02201_SUB_02239_rev,14409557.755156798,4082474.2268041233,4082474.2268041237,0,168
SUB_02201,SUB_02207,meso_SUB_02201_SUB_02207_rev,140130969.61376655,21443298.969072163,21443298.969072163,0,168
SUB_25253,SUB_25252,meso_SUB_25253_SUB_25252_rev,60000000.0,0.0,0.0,0,168
SUB_25217,SUB_25224,meso_SUB_25217_SUB_25224_fwd,300000000.0,11690566.594362596,56260240.166756585,0,168
SUB_25217,SUB_25266,meso_SUB_25217_SUB_25266_fwd,60000000.0,9194615.249835443,21427320.44986843,0,168
SUB_25217,SUB_HIFLD_3503,meso_SUB_25217_SUB_HIFLD_3503_fwd,150000000.0,0.0,0.0,0,168
SUB_25217,SUB_25400,meso_SUB_25217_SUB_25400_fwd,300000000.0,18351762.658520587,33780073.25034477,0,168
SUB_25217,SUB_25412,meso_SUB_25217_SUB_25412_fwd,150000000.0,1270267.611904235,31490754.75242141,0,168
SUB_01467,SUB_01210,meso_SUB_01467_SUB_01210_rev,300000000.0,90210512.85237484,171292547.5607162,0,168
SUB_01467,SUB_01250,meso_SUB_01467_SUB_01250_rev,300000000.0,68788116.93515848,178558448.47857994,0,168
SUB_01467,SUB_01380,meso_SUB_01467_SUB_01380_rev,400000000.0,0.0,0.0,0,168
SUB_01467,SUB_01392,meso_SUB_01467_SUB_01392_rev,120000000.0,72962.81308008867,5377222.686452955,0,168
SUB_01467,SUB_01410,meso_SUB_01467_SUB_01410_rev,150000000.0,1550312.0341215755,19432141.050358407,0,168
SUB_01467,SUB_01426,meso_SUB_01467_SUB_01426_rev,150000000.0,17504800.8891271,53904057.66441206,0,168
SUB_01467,SUB_01465,meso_SUB_01467_SUB_01465_rev,400000000.0,0.0,0.0,0,168
SUB_01467,SUB_04205,meso_SUB_01467_SUB_04205_fwd,400000000.0,0.0,0.0,0,168
SUB_01467,SUB_04248,meso_SUB_01467_SUB_04248_fwd,400000000.0,0.0,0.0,0,168
SUB_01467,SUB_04325,meso_SUB_01467_SUB_04325_fwd,800000000.0,0.0,0.0,0,168
SUB_01467,SUB_04337,meso_SUB_01467_SUB_04337_fwd,400000000.0,0.0,0.0,0,168
SUB_01467,SUB_06380,meso_SUB_01467_SUB_06380_fwd,150000000.0,1737917.233163085,83067983.73596688,0,168
SUB_01467,SUB_01216,meso_SUB_01467_SUB_01216_rev,400000000.0,0.0,0.0,0,168
SUB_01467,SUB_01284,meso_SUB_01467_SUB_01284_rev,300000000.0,1428807.702202626,2410727.1489408826,0,168
SUB_01467,SUB_01347,meso_SUB_01467_SUB_01347_rev,150000000.0,73456268.69546276,93939419.70453821,0,168
SUB_01467,SUB_04204,meso_SUB_01467_SUB_04204_fwd,800000000.0,0.0,0.0,0,168
SUB_01467,WEC_CALN,iface_SUB_01467_WEC_CALN_to_ba,20000000.0,0.0,0.0,0,168
SUB_01303,SUB_01311,meso_SUB_01303_SUB_01311_fwd,10543136.493564961,0.0,0.0,0,168
SUB_25441,SUB_25236,meso_SUB_25441_SUB_25236_rev,60000000.0,2292943.0625854665,49385873.709780104,0,168
SUB_25441,SUB_25270,meso_SUB_25441_SUB_25270_rev,480000000.0,6167467.18028601,38200938.56103642,0,168
SUB_25441,SUB_25412,meso_SUB_25441_SUB_25412_rev,400000000.0,17101724.1827046,313433594.9050247,0,168
SUB_25441,SUB_25237,meso_SUB_25441_SUB_25237_rev,27726477.2213718,21124457.251523204,27726477.2213718,28,168
SUB_25441,WEC_CALN,iface_SUB_25441_WEC_CALN_to_ba,632273522.7786282,1759658.309482043,33807340.5700369,0,168
SUB_18267,SUB_18206,meso_SUB_18267_SUB_18206_rev,300000000.0,4425.165448340158,743427.7953211466,0,168
SUB_18267,SUB_18263,meso_SUB_18267_SUB_18263_rev,150000000.0,0.0,0.0,0,168
SUB_18267,SUB_18281,meso_SUB_18267_SUB_18281_fwd,150000000.0,0.0,0.0,0,168
SUB_18267,SUB_18282,meso_SUB_18267_SUB_18282_fwd,300000000.0,0.0,0.0,0,168
SUB_08284,SUB_18358,meso_SUB_08284_SUB_18358_fwd,60000000.0,1326681.1861164924,1823203.7458603256,0,168
SUB_08284,SUB_08362,meso_SUB_08284_SUB_08362_fwd,14112606.346627537,0.0,0.0,0,168
SUB_25228,SUB_25235,meso_SUB_25228_SUB_25235_fwd,300000000.0,1047081.2988989481,50237464.99003675,0,168
SUB_25228,SUB_25270,meso_SUB_25228_SUB_25270_fwd,150000000.0,0.0,0.0,0,168
SUB_25228,SUB_25373,meso_SUB_25228_SUB_25373_fwd,150000000.0,2399430.715502724,47647734.45068361,0,168
SUB_15256,SUB_15246,meso_SUB_15256_SUB_15246_rev,60000000.0,0.0,0.0,0,168
SUB_15256,SUB_15258,meso_SUB_15256_SUB_15258_fwd,60000000.0,2822588.5888556372,17059710.332913127,0,168
SUB_25359,SUB_25367,meso_SUB_25359_SUB_25367_fwd,150000000.0,4577832.798632321,14546627.367616467,0,168
SUB_15216,SUB_15246,meso_SUB_15216_SUB_15246_fwd,5181571.521919287,0.0,0.0,0,168
SUB_08231,SUB_08201,meso_SUB_08231_SUB_08201_rev,60000000.0,20483622.37801621,39543515.01464844,0,168
SUB_08231,SUB_08202,meso_SUB_08231_SUB_08202_rev,60000000.0,0.0,0.0,0,168
SUB_06359,SUB_04205,meso_SUB_06359_SUB_04205_rev,400000000.0,0.0,0.0,0,168
SUB_06359,SUB_04230,meso_SUB_06359_SUB_04230_rev,400000000.0,21976.42762712355,3692039.8413567566,0,168
SUB_06359,SUB_04325,meso_SUB_06359_SUB_04325_rev,400000000.0,0.0,0.0,0,168
SUB_06359,SUB_04337,meso_SUB_06359_SUB_04337_rev,400000000.0,0.0,0.0,0,168
SUB_06359,SUB_06312,meso_SUB_06359_SUB_06312_rev,400000000.0,4121271.3733330136,24578026.86436501,0,168
SUB_06359,SUB_06364,meso_SUB_06359_SUB_06364_fwd,400000000.0,0.0,0.0,0,168
SUB_06359,SUB_06368,meso_SUB_06359_SUB_06368_fwd,150000000.0,5348556.766193685,19628843.96750524,0,168
SUB_06359,SUB_HIFLD_30,meso_SUB_06359_SUB_HIFLD_30_fwd,1500000000.0,0.0,0.0,0,168
SUB_06359,SUB_06206,meso_SUB_06359_SUB_06206_rev,44467126.100717835,21539945.88013894,37252571.65653189,0,168
SUB_18201,SUB_08333,meso_SUB_18201_SUB_08333_rev,120000000.0,13368827.092653405,22699921.72398518,0,168
SUB_18201,SUB_18220,meso_SUB_18201_SUB_18220_fwd,60000000.0,3314007.690635403,24088256.366742156,0,168
SUB_18201,SUB_18226,meso_SUB_18201_SUB_18226_fwd,60000000.0,9789728.877261683,24392789.3262878,0,168
SUB_18201,SUB_18233,meso_SUB_18201_SUB_18233_fwd,60000000.0,9130111.684597878,11944330.400289949,0,168
SUB_18201,SUB_18246,meso_SUB_18201_SUB_18246_fwd,150000000.0,388132.0566655843,3100515.369533264,0,168
SUB_18201,SUB_18273,meso_SUB_18201_SUB_18273_fwd,60000000.0,10297382.832966017,13753446.029541925,0,168
SUB_18201,SUB_18238,meso_SUB_18201_SUB_18238_fwd,300000000.0,0.0,0.0,0,168
SUB_10358,SUB_10284,meso_SUB_10358_SUB_10284_rev,60000000.0,0.0,0.0,0,168
SUB_10358,SUB_10334,meso_SUB_10358_SUB_10334_rev,60000000.0,0.0,0.0,0,168
SUB_10358,SUB_10348,meso_SUB_10358_SUB_10348_rev,60000000.0,0.0,0.0,0,168
SUB_04257,SUB_04209,meso_SUB_04257_SUB_04209_rev,60000000.0,0.0,0.0,0,168
SUB_04257,SUB_04256,meso_SUB_04257_SUB_04256_rev,60000000.0,0.0,0.0,0,168
SUB_04257,SUB_04215,meso_SUB_04257_SUB_04215_rev,60000000.0,0.0,0.0,0,168
SUB_19202,SUB_19218,meso_SUB_19202_SUB_19218_fwd,60000000.0,0.0,0.0,0,168
SUB_19202,SUB_19243,meso_SUB_19202_SUB_19243_fwd,60000000.0,0.0,0.0,0,168
SUB_02404,SUB_02411,meso_SUB_02404_SUB_02411_fwd,60000000.0,22170727.89975696,46214229.5414793,0,168
SUB_02404,SUB_02419,meso_SUB_02404_SUB_02419_fwd,60000000.0,0.0,0.0,0,168
SUB_02259,SUB_02264,meso_SUB_02259_SUB_02264_fwd,20296414.733600274,0.0,0.0,0,168
SUB_16348,SUB_16230,meso_SUB_16348_SUB_16230_rev,60000000.0,3201977.351867859,34974195.17728725,0,168
SUB_16348,SUB_16237,meso_SUB_16348_SUB_16237_rev,360000000.0,381567.5087576297,12265485.794539304,0,168
SUB_16348,SUB_16321,meso_SUB_16348_SUB_16321_rev,120000000.0,12968621.13551878,17960310.222193137,0,168
SUB_16348,SUB_16368,meso_SUB_16348_SUB_16368_fwd,550000000.0,0.0,0.0,0,168
SUB_16348,SUB_16374,meso_SUB_16348_SUB_16374_fwd,60000000.0,0.0,0.0,0,168
SUB_16348,SUB_HIFLD_982,meso_SUB_16348_SUB_HIFLD_982_fwd,400000000.0,0.0,0.0,0,168
SUB_16348,SUB_HIFLD_30,meso_SUB_16348_SUB_HIFLD_30_fwd,800000000.0,0.0,0.0,0,168
SUB_16348,WEC_CALN,iface_SUB_16348_WEC_CALN_to_ba,20000000.0,0.0,0.0,0,168
SUB_01204,SUB_01210,meso_SUB_01204_SUB_01210_fwd,150000000.0,0.0,0.0,0,168
SUB_01204,SUB_01211,meso_SUB_01204_SUB_01211_fwd,150000000.0,0.0,0.0,0,168
SUB_04227,SUB_04263,meso_SUB_04227_SUB_04263_fwd,60000000.0,0.0,0.0,0,168
SUB_04227,SUB_04330,meso_SUB_04227_SUB_04330_fwd,60000000.0,0.0,0.0,0,168
SUB_04227,SUB_04349,meso_SUB_04227_SUB_04349_fwd,60000000.0,0.0,0.0,0,168
SUB_10340,SUB_HIFLD_1310,meso_SUB_10340_SUB_HIFLD_1310_fwd,11438340.326892246,10178413.874046788,11438340.326892246,113,168
SUB_16329,SUB_16270,meso_SUB_16329_SUB_16270_rev,150000000.0,0.0,0.0,0,168
SUB_16329,SUB_HIFLD_30,meso_SUB_16329_SUB_HIFLD_30_fwd,150000000.0,0.0,0.0,0,168
SUB_01315,SUB_01214,meso_SUB_01315_SUB_01214_rev,120000000.0,544325.4805475873,12468090.88323534,0,168
SUB_01315,SUB_01423,meso_SUB_01315_SUB_01423_fwd,120000000.0,0.0,0.0,0,168
SUB_01315,SUB_01435,meso_SUB_01315_SUB_01435_fwd,60000000.0,0.0,0.0,0,168
SUB_01315,SUB_01450,meso_SUB_01315_SUB_01450_fwd,120000000.0,23673643.775248192,79985114.86104146,0,168
SUB_10217,SUB_10308,meso_SUB_10217_SUB_10308_fwd,150000000.0,89791.66439601353,543000.0228881836,0,168
SUB_04329,SUB_04202,meso_SUB_04329_SUB_04202_rev,150000000.0,0.0,0.0,0,168
SUB_04329,SUB_04272,meso_SUB_04329_SUB_04272_rev,150000000.0,0.0,0.0,0,168
SUB_04329,SUB_04343,meso_SUB_04329_SUB_04343_fwd,150000000.0,0.0,0.0,0,168
SUB_02406,SUB_02414,meso_SUB_02406_SUB_02414_fwd,60000000.0,10455690.616313651,16958762.88659794,0,168
SUB_02406,SUB_HIFLD_3834,meso_SUB_02406_SUB_HIFLD_3834_fwd,60000000.0,0.0,0.0,0,168
SUB_02410,SUB_02281,meso_SUB_02410_SUB_02281_rev,60000000.0,683006.4732097911,10588663.497452883,0,168
SUB_02410,SUB_02411,meso_SUB_02410_SUB_02411_fwd,60000000.0,0.0,0.0,0,168
SUB_16372,SUB_16362,meso_SUB_16372_SUB_16362_rev,60000000.0,973111.1197166964,13295360.698896585,0,168
SUB_16372,SUB_16368,meso_SUB_16372_SUB_16368_rev,60000000.0,0.0,0.0,0,168
SUB_16372,SUB_16370,meso_SUB_16372_SUB_16370_rev,60000000.0,76325.47939414771,2757216.494845361,0,168
SUB_04265,SUB_04205,meso_SUB_04265_SUB_04205_fwd,81871740.62421772,0.0,0.0,0,168
SUB_25266,SUB_25217,meso_SUB_25266_SUB_25217_rev,60000000.0,4613978.029891635,15805845.2698,0,168
SUB_08304,SUB_08362,meso_SUB_08304_SUB_08362_fwd,8382466.210595862,0.0,0.0,0,168
SUB_10335,SUB_10254,meso_SUB_10335_SUB_10254_rev,60000000.0,0.0,0.0,0,168
SUB_10335,SUB_10360,meso_SUB_10335_SUB_10360_fwd,120000000.0,0.0,0.0,0,168
SUB_10335,SUB_HIFLD_4403,meso_SUB_10335_SUB_HIFLD_4403_fwd,60000000.0,6220328.129346712,11411080.055503845,0,168
SUB_18296,SUB_18235,meso_SUB_18296_SUB_18235_fwd,15797104.821917927,0.0,0.0,0,168
SUB_01250,SUB_01252,meso_SUB_01250_SUB_01252_fwd,60000000.0,13435612.012579843,15654174.797026897,0,168
SUB_01250,SUB_01335,meso_SUB_01250_SUB_01335_fwd,60000000.0,9313401.555164848,12150239.150448997,0,168
SUB_01250,SUB_01467,meso_SUB_01250_SUB_01467_fwd,300000000.0,0.0,0.0,0,168
SUB_01250,SUB_04204,meso_SUB_01250_SUB_04204_fwd,150000000.0,0.0,0.0,0,168
SUB_01250,SUB_01434,meso_SUB_01250_SUB_01434_fwd,150000000.0,25518466.576045793,26701030.92783505,0,168
SUB_06202,SUB_06207,meso_SUB_06202_SUB_06207_fwd,60000000.0,0.0,0.0,0,168
SUB_06202,SUB_06283,meso_SUB_06202_SUB_06283_fwd,60000000.0,292140.63103814225,926075.1114678137,0,168
SUB_06202,SUB_06288,meso_SUB_06202_SUB_06288_fwd,60000000.0,0.0,0.0,0,168
SUB_10360,SUB_10335,meso_SUB_10360_SUB_10335_rev,120000000.0,2560729.166553134,2733000.0076293945,0,168
SUB_16311,SUB_16274,meso_SUB_16311_SUB_16274_rev,60000000.0,0.0,0.0,0,168
SUB_25238,SUB_25216,meso_SUB_25238_SUB_25216_rev,60000000.0,0.0,0.0,0,168
SUB_08226,SUB_08201,meso_SUB_08226_SUB_08201_rev,150000000.0,57344655.653145745,118606929.92149736,0,168
SUB_08226,SUB_08225,meso_SUB_08226_SUB_08225_rev,150000000.0,7630607.944372437,67567257.48836303,0,168
SUB_08226,SUB_08370,meso_SUB_08226_SUB_08370_fwd,150000000.0,37403591.86201512,63129256.35269008,0,168
SUB_08226,SUB_HIFLD_2109,meso_SUB_08226_SUB_HIFLD_2109_fwd,150000000.0,0.0,0.0,0,168
SUB_08226,SUB_HIFLD_2126,meso_SUB_08226_SUB_HIFLD_2126_fwd,150000000.0,0.0,0.0,0,168
SUB_08226,SUB_08380,meso_SUB_08226_SUB_08380_fwd,150000000.0,0.0,0.0,0,168
SUB_25340,SUB_25367,meso_SUB_25340_SUB_25367_fwd,150000000.0,0.0,0.0,0,168
SUB_25340,SUB_25537,meso_SUB_25340_SUB_25537_fwd,150000000.0,0.0,0.0,0,168
SUB_04275,SUB_04256,meso_SUB_04275_SUB_04256_rev,120000000.0,0.0,0.0,0,168
SUB_04275,SUB_HIFLD_2251,meso_SUB_04275_SUB_HIFLD_2251_fwd,60000000.0,14276771.56077353,25038105.01350668,0,168
SUB_04331,SUB_04214,meso_SUB_04331_SUB_04214_rev,60000000.0,4065.979185558501,683084.5031738281,0,168
SUB_04331,SUB_04271,meso_SUB_04331_SUB_04271_rev,60000000.0,0.0,0.0,0,168
SUB_04331,SUB_04282,meso_SUB_04331_SUB_04282_rev,120000000.0,0.0,0.0,0,168
SUB_04331,SUB_04336,meso_SUB_04331_SUB_04336_fwd,120000000.0,2659855.0368717737,5770217.590332031,0,168
SUB_16366,SUB_16283,meso_SUB_16366_SUB_16283_rev,300000000.0,0.0,0.0,0,168
SUB_16366,SUB_16335,meso_SUB_16366_SUB_16335_rev,150000000.0,79833359.62378775,81171215.09340286,0,168
SUB_25349,SUB_25246,meso_SUB_25349_SUB_25246_rev,300000000.0,18473730.79707768,51921043.672423445,0,168
SUB_25349,SUB_25458,meso_SUB_25349_SUB_25458_fwd,150000000.0,0.0,0.0,0,168
SUB_25349,SUB_25526,meso_SUB_25349_SUB_25526_fwd,230000000.0,0.0,0.0,0,168
SUB_25398,SUB_25539,meso_SUB_25398_SUB_25539_fwd,15506610.358198551,0.0,0.0,0,168
SUB_25537,SUB_25231,meso_SUB_25537_SUB_25231_rev,80000000.0,0.0,0.0,0,168
SUB_25537,SUB_25245,meso_SUB_25537_SUB_25245_rev,150000000.0,9693039.599043911,82892363.81159486,0,168
SUB_25537,SUB_25340,meso_SUB_25537_SUB_25340_rev,150000000.0,42977.28018301696,3777319.5227396856,0,168
SUB_25537,SUB_25367,meso_SUB_25537_SUB_25367_rev,150000000.0,0.0,0.0,0,168
SUB_25537,SUB_25404,meso_SUB_25537_SUB_25404_rev,6308495.41817971,2931035.215502342,5269072.353716978,0,168
SUB_15373,SUB_15201,meso_SUB_15373_SUB_15201_rev,60000000.0,0.0,0.0,0,168
SUB_15373,SUB_15215,meso_SUB_15373_SUB_15215_rev,60000000.0,0.0,0.0,0,168
SUB_06380,SUB_01467,meso_SUB_06380_SUB_01467_rev,150000000.0,0.0,0.0,0,168
SUB_06380,SUB_04204,meso_SUB_06380_SUB_04204_rev,150000000.0,0.0,0.0,0,168
SUB_06380,SUB_04248,meso_SUB_06380_SUB_04248_rev,300000000.0,0.0,0.0,0,168
SUB_06380,SUB_04328,meso_SUB_06380_SUB_04328_rev,150000000.0,696266.968174794,50899982.10055982,0,168
SUB_06380,SUB_06270,meso_SUB_06380_SUB_06270_rev,150000000.0,610591.0686357229,57453765.81789851,0,168
SUB_06380,SUB_06213,meso_SUB_06380_SUB_06213_rev,150000000.0,28877456.341495406,87613992.02641752,0,168
SUB_18237,SUB_18273,meso_SUB_18237_SUB_18273_fwd,60000000.0,0.0,0.0,0,168
SUB_18237,SUB_18294,meso_SUB_18237_SUB_18294_fwd,60000000.0,1730090.2062089762,2147422.7433352126,0,168
SUB_04330,SUB_04215,meso_SUB_04330_SUB_04215_rev,150000000.0,0.0,0.0,0,168
SUB_04330,SUB_04227,meso_SUB_04330_SUB_04227_rev,60000000.0,1735322.3287426028,19584196.55082152,0,168
SUB_04330,SUB_04256,meso_SUB_04330_SUB_04256_rev,150000000.0,0.0,0.0,0,168
SUB_04320,SUB_04221,meso_SUB_04320_SUB_04221_rev,60000000.0,0.0,0.0,0,168
SUB_04320,SUB_04229,meso_SUB_04320_SUB_04229_rev,60000000.0,0.0,0.0,0,168
SUB_04320,SUB_04248,meso_SUB_04320_SUB_04248_rev,60000000.0,0.0,0.0,0,168
SUB_10307,SUB_10297,meso_SUB_10307_SUB_10297_rev,150000000.0,0.0,0.0,0,168
SUB_10307,SUB_10308,meso_SUB_10307_SUB_10308_fwd,300000000.0,0.0,0.0,0,168
SUB_10307,SUB_10205,meso_SUB_10307_SUB_10205_rev,150000000.0,3502865.9801850226,8320618.58816245,0,168
SUB_25444,SUB_25235,meso_SUB_25444_SUB_25235_fwd,17264462.953577142,6467119.850631204,17264462.953577142,59,168
SUB_16319,SUB_16368,meso_SUB_16319_SUB_16368_fwd,150000000.0,132452338.6809816,150000000.0,22,168
SUB_16319,SUB_16378,meso_SUB_16319_SUB_16378_fwd,150000000.0,0.0,0.0,0,168
SUB_16319,SUB_16298,meso_SUB_16319_SUB_16298_rev,150000000.0,0.0,0.0,0,168
SUB_04335,SUB_04295,meso_SUB_04335_SUB_04295_rev,150000000.0,0.0,0.0,0,168
SUB_04335,SUB_04319,meso_SUB_04335_SUB_04319_rev,150000000.0,0.0,0.0,0,168
SUB_04212,SUB_04263,meso_SUB_04212_SUB_04263_fwd,60000000.0,0.0,0.0,0,168
SUB_04212,SUB_04337,meso_SUB_04212_SUB_04337_fwd,60000000.0,0.0,0.0,0,168
SUB_25400,SUB_25355,meso_SUB_25400_SUB_25355_rev,300000000.0,5241355.607091511,20305670.862099558,0,168
SUB_25400,SUB_HIFLD_3503,meso_SUB_25400_SUB_HIFLD_3503_fwd,150000000.0,0.0,0.0,0,168
SUB_25400,SUB_25217,meso_SUB_25400_SUB_25217_rev,300000000.0,0.0,0.0,0,168
SUB_18255,SUB_18254,meso_SUB_18255_SUB_18254_rev,60000000.0,0.0,0.0,0,168
SUB_18255,SUB_18280,meso_SUB_18255_SUB_18280_fwd,60000000.0,0.0,0.0,0,168
SUB_18255,SUB_18307,meso_SUB_18255_SUB_18307_fwd,60000000.0,5029782.665298866,7376942.666672358,0,168
SUB_08234,SUB_01222,meso_SUB_08234_SUB_01222_rev,400000000.0,31817704.01257847,238593245.62324393,0,168
SUB_08234,SUB_08246,meso_SUB_08234_SUB_08246_fwd,300000000.0,3739301.8668662054,8586892.29119684,0,168
SUB_08234,SUB_08380,meso_SUB_08234_SUB_08380_fwd,300000000.0,109343880.74679215,183918448.56289068,0,168
SUB_08234,SUB_08389,meso_SUB_08234_SUB_08389_fwd,150000000.0,114269778.2043106,150000000.0,107,168
SUB_16328,SUB_16223,meso_SUB_16328_SUB_16223_rev,60000000.0,0.0,0.0,0,168
SUB_16328,SUB_16368,meso_SUB_16328_SUB_16368_fwd,60000000.0,0.0,0.0,0,168
SUB_16328,SUB_HIFLD_4330,meso_SUB_16328_SUB_HIFLD_4330_fwd,60000000.0,65994.8736356062,722526.9836248811,0,168
SUB_15230,SUB_15232,meso_SUB_15230_SUB_15232_fwd,60000000.0,26635891.259702012,34672955.635372035,0,168
SUB_15230,SUB_15243,meso_SUB_15230_SUB_15243_fwd,60000000.0,10382254.574289808,34776543.055249415,0,168
SUB_10320,SUB_15374,meso_SUB_10320_SUB_15374_fwd,60000000.0,26839812.49947775,27146000.01144409,0,168
SUB_10284,SUB_10211,meso_SUB_10284_SUB_10211_rev,60000000.0,0.0,0.0,0,168
SUB_10284,SUB_10358,meso_SUB_10284_SUB_10358_fwd,60000000.0,1327212.1982066492,1957732.0197193893,0,168
SUB_16302,SUB_16208,meso_SUB_16302_SUB_16208_rev,60000000.0,2567314.6018973854,3468041.3000362436,0,168
SUB_16302,SUB_16242,meso_SUB_16302_SUB_16242_rev,60000000.0,0.0,0.0,0,168
SUB_15281,SUB_15215,meso_SUB_15281_SUB_15215_rev,60000000.0,60000000.0,60000000.0,168,168
SUB_15281,SUB_15379,meso_SUB_15281_SUB_15379_fwd,120000000.0,0.0,0.0,0,168
SUB_15224,SUB_15228,meso_SUB_15224_SUB_15228_fwd,60000000.0,969978.8076554966,6599999.937077158,0,168
SUB_15224,SUB_15246,meso_SUB_15224_SUB_15246_fwd,60000000.0,80035.86646535553,919103.2157976604,0,168
SUB_15224,SUB_15249,meso_SUB_15224_SUB_15249_fwd,60000000.0,0.0,0.0,0,168
SUB_25289,SUB_25316,meso_SUB_25289_SUB_25316_fwd,80000000.0,522677.1959630886,7059794.0032015145,0,168
SUB_25289,SUB_25344,meso_SUB_25289_SUB_25344_fwd,60000000.0,4415692.867728989,6164948.685636225,0,168
SUB_25289,SUB_25366,meso_SUB_25289_SUB_25366_fwd,120000000.0,1501450.9074329475,11819587.782240406,0,168
SUB_25289,SUB_25367,meso_SUB_25289_SUB_25367_fwd,300000000.0,34372586.46795598,122281284.47761917,0,168
SUB_10293,SUB_10260,meso_SUB_10293_SUB_10260_rev,400000000.0,24848503.60618251,82525751.91339989,0,168
SUB_10293,SUB_10314,meso_SUB_10293_SUB_10314_fwd,1660000000.0,9136356.235465562,14180928.275511436,0,168
SUB_10293,SUB_10326,meso_SUB_10293_SUB_10326_fwd,120000000.0,1834053.2765002318,10117525.647350194,0,168
SUB_10293,SUB_10344,meso_SUB_10293_SUB_10344_fwd,150000000.0,0.0,0.0,0,168
SUB_10293,SUB_10346,meso_SUB_10293_SUB_10346_fwd,150000000.0,0.0,0.0,0,168
SUB_10293,SUB_10353,meso_SUB_10293_SUB_10353_fwd,120000000.0,6042.087556225146,360739.7801337095,0,168
SUB_10293,SUB_10354,meso_SUB_10293_SUB_10354_fwd,60000000.0,11639497.419684086,19598454.23747584,0,168
SUB_10293,SUB_10372,meso_SUB_10293_SUB_10372_fwd,400000000.0,0.0,0.0,0,168
SUB_10293,SUB_HIFLD_1317,meso_SUB_10293_SUB_HIFLD_1317_fwd,800000000.0,0.0,0.0,0,168
SUB_10293,SUB_HIFLD_2171,meso_SUB_10293_SUB_HIFLD_2171_fwd,150000000.0,684659.9843244563,3897366.576833823,0,168
SUB_10293,SUB_HIFLD_2358,meso_SUB_10293_SUB_HIFLD_2358_fwd,60000000.0,0.0,0.0,0,168
SUB_10293,SUB_HIFLD_2359,meso_SUB_10293_SUB_HIFLD_2359_fwd,150000000.0,2625384.6637094566,3145924.115208842,0,168
SUB_10293,SUB_10332,meso_SUB_10293_SUB_10332_fwd,1200000000.0,0.0,0.0,0,168
SUB_10293,SUB_19243,meso_SUB_10293_SUB_19243_fwd,150000000.0,269102.66121673223,10030603.067216692,0,168
SUB_10293,SUB_19246,meso_SUB_10293_SUB_19246_fwd,150000000.0,5754702.25486638,30784298.37978917,0,168
SUB_10293,SUB_HIFLD_1356,meso_SUB_10293_SUB_HIFLD_1356_fwd,400000000.0,19021827.026328333,116931522.8104545,0,168
SUB_10293,SUB_HIFLD_2180,meso_SUB_10293_SUB_HIFLD_2180_fwd,150000000.0,27870766.65449123,39461892.345219254,0,168
SUB_10293,SUB_HIFLD_3920,meso_SUB_10293_SUB_HIFLD_3920_fwd,400000000.0,5217912.66129777,117564871.73287922,0,168
SUB_10293,WEC_CALN,iface_SUB_10293_WEC_CALN_to_ba,20000000.0,0.0,0.0,0,168
SUB_15258,SUB_15206,meso_SUB_15258_SUB_15206_rev,120000000.0,0.0,0.0,0,168
SUB_15258,SUB_15256,meso_SUB_15258_SUB_15256_rev,60000000.0,0.0,0.0,0,168
SUB_08353,SUB_08283,meso_SUB_08353_SUB_08283_rev,150000000.0,0.0,0.0,0,168
SUB_08353,SUB_08339,meso_SUB_08353_SUB_08339_rev,150000000.0,0.0,0.0,0,168
SUB_08353,SUB_08391,meso_SUB_08353_SUB_08391_fwd,150000000.0,6111078.741017694,50570819.23395996,0,168
SUB_08353,SUB_08219,meso_SUB_08353_SUB_08219_rev,150000000.0,0.0,0.0,0,168
SUB_25532,SUB_25282,meso_SUB_25532_SUB_25282_rev,80000000.0,0.0,0.0,0,168
SUB_25532,SUB_25339,meso_SUB_25532_SUB_25339_rev,60000000.0,0.0,0.0,0,168
SUB_25532,SUB_25342,meso_SUB_25532_SUB_25342_rev,80000000.0,0.0,0.0,0,168
SUB_02257,SUB_02210,meso_SUB_02257_SUB_02210_rev,300000000.0,0.0,0.0,0,168
SUB_02257,SUB_HIFLD_2049,meso_SUB_02257_SUB_HIFLD_2049_fwd,300000000.0,0.0,0.0,0,168
SUB_01435,SUB_01222,meso_SUB_01435_SUB_01222_rev,150000000.0,42341090.50455073,150000000.0,17,168
SUB_01435,SUB_01315,meso_SUB_01435_SUB_01315_rev,60000000.0,4274137.992478528,60000000.0,1,168
SUB_01435,SUB_16277,meso_SUB_01435_SUB_16277_fwd,150000000.0,0.0,0.0,0,168
SUB_01435,SUB_HIFLD_982,meso_SUB_01435_SUB_HIFLD_982_fwd,150000000.0,0.0,0.0,0,168
SUB_04314,SUB_04271,meso_SUB_04314_SUB_04271_fwd,10285740.339479757,10285740.33947976,10285740.339479757,168,168
SUB_25407,SUB_25277,meso_SUB_25407_SUB_25277_rev,150000000.0,18854456.048635524,150000000.0,14,168
SUB_25407,SUB_25297,meso_SUB_25407_SUB_25297_rev,80000000.0,7374499.514362599,32061444.96677587,0,168
SUB_25407,SUB_25391,meso_SUB_25407_SUB_25391_rev,300000000.0,30188165.810743734,36790206.68894974,0,168
SUB_25407,SUB_25526,meso_SUB_25407_SUB_25526_fwd,400000000.0,0.0,0.0,0,168
SUB_25407,WEC_CALN,iface_SUB_25407_WEC_CALN_to_ba,670000000.0,0.0,0.0,0,168
SUB_18263,SUB_18254,meso_SUB_18263_SUB_18254_rev,60000000.0,49129200.93051113,60000000.0,75,168
SUB_18263,SUB_18260,meso_SUB_18263_SUB_18260_rev,150000000.0,16147879.846380696,31776289.66655928,0,168
SUB_18263,SUB_18267,meso_SUB_18263_SUB_18267_fwd,150000000.0,66473299.51922939,91814432.98969072,0,168
SUB_18263,SUB_18295,meso_SUB_18263_SUB_18295_fwd,150000000.0,0.0,0.0,0,168
SUB_18263,SUB_25255,meso_SUB_18263_SUB_25255_fwd,300000000.0,0.0,0.0,0,168
SUB_18263,SUB_18258,meso_SUB_18263_SUB_18258_rev,80000000.0,6055512.468844408,18503445.7820276,0,168
SUB_18263,SUB_18301,meso_SUB_18263_SUB_18301_fwd,300000000.0,0.0,0.0,0,168
SUB_06213,SUB_06270,meso_SUB_06213_SUB_06270_fwd,150000000.0,236308.51818266377,5498769.1650390625,0,168
SUB_06213,SUB_06380,meso_SUB_06213_SUB_06380_fwd,150000000.0,101229.4536772228,4389168.701171875,0,168
SUB_25545,SUB_25395,meso_SUB_25545_SUB_25395_fwd,19705812.29071958,1374901.2871817183,19705812.29071958,11,168
SUB_16391,SUB_16242,meso_SUB_16391_SUB_16242_rev,400000000.0,16228571.355723182,143208890.730321,0,168
SUB_16391,SUB_HIFLD_30,meso_SUB_16391_SUB_HIFLD_30_fwd,400000000.0,17095254.282948006,250932411.55327457,0,168
SUB_16391,SUB_HIFLD_3143,meso_SUB_16391_SUB_HIFLD_3143_fwd,1200000000.0,93879802.33243188,223358756.10222277,0,168
SUB_16391,SUB_HIFLD_597,meso_SUB_16391_SUB_HIFLD_597_fwd,800000000.0,528317.3380570415,83003429.5707041,0,168
SUB_16391,WEC_CALN,iface_SUB_16391_WEC_CALN_to_ba,800000000.0,0.0,0.0,0,168
SUB_15226,SUB_15308,meso_SUB_15226_SUB_15308_fwd,150000000.0,0.0,0.0,0,168
SUB_15226,SUB_HIFLD_3129,meso_SUB_15226_SUB_HIFLD_3129_fwd,150000000.0,1682049.2085372075,5620682.552474276,0,168
SUB_15226,SUB_HIFLD_597,meso_SUB_15226_SUB_HIFLD_597_fwd,300000000.0,32078574.500277065,84019060.12390137,0,168
SUB_25286,SUB_25365,meso_SUB_25286_SUB_25365_fwd,150000000.0,345962.2096594022,21399485.49565581,0,168
SUB_25286,SUB_25458,meso_SUB_25286_SUB_25458_fwd,150000000.0,0.0,0.0,0,168
SUB_25286,SUB_25456,meso_SUB_25286_SUB_25456_rev,12595277.90053134,9255898.823429933,12367300.900207821,0,168
SUB_10372,SUB_10293,meso_SUB_10372_SUB_10293_rev,400000000.0,70824006.66519846,115270811.41491741,0,168
SUB_10372,SUB_10349,meso_SUB_10372_SUB_10349_rev,60000000.0,0.0,0.0,0,168
SUB_10372,SUB_10355,meso_SUB_10372_SUB_10355_rev,60000000.0,0.0,0.0,0,168
SUB_10372,SUB_10373,meso_SUB_10372_SUB_10373_fwd,400000000.0,805555.3681193817,1440358.8953706408,0,168
SUB_10372,SUB_HIFLD_1294,meso_SUB_10372_SUB_HIFLD_1294_fwd,400000000.0,0.0,0.0,0,168
SUB_10372,SUB_HIFLD_1862,meso_SUB_10372_SUB_HIFLD_1862_rev,8415272.667823512,3565253.5138937696,5960573.471525942,0,168
SUB_10372,WEC_CALN,iface_SUB_10372_WEC_CALN_to_ba,1471584727.3321764,38012995.48602361,113963293.60652784,0,168
SUB_04209,SUB_04256,meso_SUB_04209_SUB_04256_fwd,60000000.0,0.0,0.0,0,168
SUB_04209,SUB_04257,meso_SUB_04209_SUB_04257_fwd,60000000.0,0.0,0.0,0,168
SUB_04209,SUB_04281,meso_SUB_04209_SUB_04281_fwd,60000000.0,9349336.061491076,18847275.73631632,0,168
SUB_16312,SUB_16242,meso_SUB_16312_SUB_16242_rev,60000000.0,0.0,0.0,0,168
SUB_16312,SUB_16330,meso_SUB_16312_SUB_16330_fwd,60000000.0,0.0,0.0,0,168
SUB_16312,SUB_16362,meso_SUB_16312_SUB_16362_fwd,60000000.0,6200298.96867454,13295361.202279316,0,168
SUB_10291,SUB_10252,meso_SUB_10291_SUB_10252_rev,60000000.0,10074324.972345602,17226796.667818014,0,168
SUB_10291,SUB_10375,meso_SUB_10291_SUB_10375_fwd,150000000.0,6148433.331412511,31644184.40506747,0,168
SUB_10291,SUB_10283,meso_SUB_10291_SUB_10283_rev,150000000.0,90369487.1782507,120976341.14565194,0,168
SUB_10291,SUB_10319,meso_SUB_10291_SUB_10319_rev,5000000.0,1785867.696892238,3662886.7237838274,0,168
SUB_01209,SUB_HIFLD_28,meso_SUB_01209_SUB_HIFLD_28_fwd,150000000.0,0.0,0.0,0,168
SUB_01209,SUB_HIFLD_2989,meso_SUB_01209_SUB_HIFLD_2989_fwd,150000000.0,0.0,0.0,0,168
SUB_02401,SUB_02419,meso_SUB_02401_SUB_02419_fwd,300000000.0,0.0,0.0,0,168
SUB_02401,SUB_02426,meso_SUB_02401_SUB_02426_fwd,150000000.0,0.0,0.0,0,168
SUB_02401,SUB_02403,meso_SUB_02401_SUB_02403_fwd,60000000.0,0.0,0.0,0,168
SUB_06317,SUB_06203,meso_SUB_06317_SUB_06203_rev,150000000.0,0.0,0.0,0,168
SUB_06317,SUB_06319,meso_SUB_06317_SUB_06319_fwd,300000000.0,521516.6882717443,1093121.3064292043,0,168
SUB_06317,SUB_06368,meso_SUB_06317_SUB_06368_fwd,300000000.0,0.0,0.0,0,168
SUB_08387,SUB_HIFLD_2109,meso_SUB_08387_SUB_HIFLD_2109_fwd,150000000.0,0.0,0.0,0,168
SUB_01222,SUB_01223,meso_SUB_01222_SUB_01223_fwd,550000000.0,0.0,0.0,0,168
SUB_01222,SUB_01435,meso_SUB_01222_SUB_01435_fwd,150000000.0,0.0,0.0,0,168
SUB_01222,SUB_01447,meso_SUB_01222_SUB_01447_fwd,150000000.0,10680078.157442294,98482359.45554122,0,168
SUB_01222,SUB_01472,meso_SUB_01222_SUB_01472_fwd,150000000.0,58570422.49286433,150000000.0,4,168
SUB_01222,SUB_08342,meso_SUB_01222_SUB_08342_fwd,300000000.0,65656348.820049375,210770336.87518278,0,168
SUB_01222,SUB_08390,meso_SUB_01222_SUB_08390_fwd,150000000.0,78658358.02959812,134555150.32235715,0,168
SUB_01222,SUB_HIFLD_1423,meso_SUB_01222_SUB_HIFLD_1423_fwd,300000000.0,109802.20496860125,5797385.99639578,0,168
SUB_01222,SUB_HIFLD_2121,meso_SUB_01222_SUB_HIFLD_2121_fwd,300000000.0,14768935.197907468,28277927.009143844,0,168
SUB_01222,SUB_HIFLD_3025,meso_SUB_01222_SUB_HIFLD_3025_fwd,300000000.0,52760288.02606754,182330719.91946566,0,168
SUB_01222,SUB_01350,meso_SUB_01222_SUB_01350_fwd,150000000.0,21131800.035726678,121502145.48941232,0,168
SUB_01222,SUB_01409,meso_SUB_01222_SUB_01409_fwd,800000000.0,0.0,0.0,0,168
SUB_01222,SUB_01440,meso_SUB_01222_SUB_01440_fwd,800000000.0,0.0,0.0,0,168
SUB_01222,SUB_01450,meso_SUB_01222_SUB_01450_fwd,400000000.0,23732527.584069468,71277806.35873067,0,168
SUB_01222,SUB_01469,meso_SUB_01222_SUB_01469_fwd,400000000.0,0.0,0.0,0,168
SUB_01222,SUB_08234,meso_SUB_01222_SUB_08234_fwd,400000000.0,0.0,0.0,0,168
SUB_01222,SUB_08246,meso_SUB_01222_SUB_08246_fwd,300000000.0,87834.91717373351,8772530.463575764,0,168
SUB_01222,SUB_08283,meso_SUB_01222_SUB_08283_fwd,300000000.0,229367420.7011697,300000000.0,31,168
SUB_01222,SUB_08361,meso_SUB_01222_SUB_08361_fwd,150000000.0,145756957.72575754,150000000.0,140,168
SUB_01222,SUB_16261,meso_SUB_01222_SUB_16261_fwd,150000000.0,0.0,0.0,0,168
SUB_01222,SUB_HIFLD_2117,meso_SUB_01222_SUB_HIFLD_2117_fwd,150000000.0,246896.11591925903,16961636.115808066,0,168
SUB_01222,SUB_HIFLD_30,meso_SUB_01222_SUB_HIFLD_30_fwd,800000000.0,0.0,0.0,0,168
SUB_01222,WEC_CALN,iface_SUB_01222_WEC_CALN_to_ba,20000000.0,0.0,0.0,0,168
SUB_01223,SUB_01214,meso_SUB_01223_SUB_01214_rev,120000000.0,883688.8804049756,15598417.050076514,0,168
SUB_01223,SUB_01222,meso_SUB_01223_SUB_01222_rev,550000000.0,0.0,0.0,0,168
SUB_01223,SUB_01350,meso_SUB_01223_SUB_01350_fwd,150000000.0,66260769.36097631,137752577.31958762,0,168
SUB_01223,SUB_01409,meso_SUB_01223_SUB_01409_fwd,400000000.0,0.0,0.0,0,168
SUB_01223,SUB_01423,meso_SUB_01223_SUB_01423_fwd,2000000000.0,0.0,0.0,0,168
SUB_01223,SUB_01440,meso_SUB_01223_SUB_01440_fwd,400000000.0,0.0,0.0,0,168
SUB_01223,SUB_08337,meso_SUB_01223_SUB_08337_fwd,860000000.0,0.0,0.0,0,168
SUB_01223,SUB_HIFLD_2295,meso_SUB_01223_SUB_HIFLD_2295_fwd,150000000.0,15719095.570011696,58608077.65313245,0,168
SUB_01223,SUB_HIFLD_30,meso_SUB_01223_SUB_HIFLD_30_fwd,400000000.0,0.0,0.0,0,168
SUB_01223,WEC_CALN,iface_SUB_01223_WEC_CALN_to_ba,20000000.0,0.0,0.0,0,168
SUB_04319,SUB_04295,meso_SUB_04319_SUB_04295_rev,150000000.0,0.0,0.0,0,168
SUB_04319,SUB_04336,meso_SUB_04319_SUB_04336_fwd,150000000.0,0.0,0.0,0,168
SUB_04319,SUB_04335,meso_SUB_04319_SUB_04335_fwd,150000000.0,1479704.4586336226,12382914.969847374,0,168
SUB_04319,SUB_06312,meso_SUB_04319_SUB_06312_fwd,150000000.0,0.0,0.0,0,168
SUB_19215,SUB_19229,meso_SUB_19215_SUB_19229_fwd,60000000.0,0.0,0.0,0,168
SUB_19215,SUB_19233,meso_SUB_19215_SUB_19233_fwd,60000000.0,880370.960295607,14434314.397537017,0,168
SUB_19215,SUB_19238,meso_SUB_19215_SUB_19238_rev,7584338.119886424,6777131.2744501885,7584338.119886424,21,168
SUB_10221,SUB_10225,meso_SUB_10221_SUB_10225_fwd,400000000.0,135519833.33325526,135585500.00309944,0,168
SUB_25221,SUB_25270,meso_SUB_25221_SUB_25270_fwd,80000000.0,0.0,0.0,0,168
SUB_25221,SUB_25276,meso_SUB_25221_SUB_25276_fwd,160000000.0,10362042.697202915,38356186.07039304,0,168
SUB_10345,SUB_10338,meso_SUB_10345_SUB_10338_rev,60000000.0,0.0,0.0,0,168
SUB_10345,SUB_10356,meso_SUB_10345_SUB_10356_fwd,60000000.0,390547.0153679702,23460696.001759816,0,168
SUB_10345,SUB_HIFLD_1317,meso_SUB_10345_SUB_HIFLD_1317_fwd,400000000.0,124114184.8393031,145049697.99381945,0,168
SUB_10345,SUB_HIFLD_2168,meso_SUB_10345_SUB_HIFLD_2168_fwd,400000000.0,14996198.487152532,25383413.745324448,0,168
SUB_08370,SUB_08201,meso_SUB_08370_SUB_08201_rev,300000000.0,0.0,0.0,0,168
SUB_08370,SUB_08226,meso_SUB_08370_SUB_08226_rev,150000000.0,0.0,0.0,0,168
SUB_25205,SUB_25455,meso_SUB_25205_SUB_25455_fwd,400000000.0,0.0,0.0,0,168
SUB_04302,SUB_04226,meso_SUB_04302_SUB_04226_rev,60000000.0,12282.805051883179,1054876.1269480912,0,168
SUB_04302,SUB_04248,meso_SUB_04302_SUB_04248_rev,60000000.0,0.0,0.0,0,168
SUB_16313,SUB_16230,meso_SUB_16313_SUB_16230_fwd,15214501.31462945,0.0,0.0,0,168
SUB_15248,SUB_15269,meso_SUB_15248_SUB_15269_fwd,39146818.3383892,0.0,0.0,0,168
SUB_18301,SUB_18282,meso_SUB_18301_SUB_18282_rev,800000000.0,99882920.10013127,195267860.77523446,0,168
SUB_18301,SUB_18295,meso_SUB_18301_SUB_18295_rev,150000000.0,0.0,0.0,0,168
SUB_18301,SUB_25348,meso_SUB_18301_SUB_25348_fwd,1200000000.0,105800227.96556117,634647573.8971913,0,168
SUB_18301,SUB_25367,meso_SUB_18301_SUB_25367_fwd,2400000000.0,49834265.35574346,582839543.1624378,0,168
SUB_18301,SUB_18263,meso_SUB_18301_SUB_18263_rev,300000000.0,17597920.545199662,84279976.79553741,0,168
SUB_18301,SUB_25346,meso_SUB_18301_SUB_25346_fwd,800000000.0,92019.51395605027,335567.0221073111,0,168
SUB_18301,SUB_25393,meso_SUB_18301_SUB_25393_fwd,800000000.0,48969086.86059769,425012952.5524555,0,168
SUB_18301,WEC_CALN,iface_SUB_18301_WEC_CALN_to_ba,20000000.0,7764963.479562521,20000000.0,65,168
SUB_16335,SUB_16366,meso_SUB_16335_SUB_16366_fwd,150000000.0,0.0,0.0,0,168
SUB_16335,SUB_16378,meso_SUB_16335_SUB_16378_fwd,150000000.0,86593066.52226196,96290582.88687742,0,168
SUB_16335,SUB_16376,meso_SUB_16335_SUB_16376_fwd,150000000.0,11349000.723166045,18504171.664383627,0,168
SUB_01348,SUB_01311,meso_SUB_01348_SUB_01311_fwd,5000000.0,0.0,0.0,0,168
SUB_16365,SUB_16230,meso_SUB_16365_SUB_16230_rev,120000000.0,0.0,0.0,0,168
SUB_16365,SUB_16315,meso_SUB_16365_SUB_16315_rev,60000000.0,0.0,0.0,0,168
SUB_10354,SUB_10293,meso_SUB_10354_SUB_10293_rev,60000000.0,0.0,0.0,0,168
SUB_25453,SUB_25234,meso_SUB_25453_SUB_25234_rev,150000000.0,43224.69547960225,7261748.840573178,0,168
SUB_25453,SUB_25412,meso_SUB_25453_SUB_25412_rev,150000000.0,0.0,0.0,0,168
SUB_15269,SUB_15232,meso_SUB_15269_SUB_15232_rev,150000000.0,0.0,0.0,0,168
SUB_15269,SUB_15246,meso_SUB_15269_SUB_15246_rev,150000000.0,7295304.747119838,29075828.814199664,0,168
SUB_15269,SUB_15270,meso_SUB_15269_SUB_15270_fwd,300000000.0,10135836.110303456,16221650.365455864,0,168
SUB_15269,SUB_15248,meso_SUB_15269_SUB_15248_rev,39146818.3383892,21378780.16517276,31469588.572708603,0,168
SUB_25396,SUB_25285,meso_SUB_25396_SUB_25285_rev,150000000.0,0.0,0.0,0,168
SUB_08380,SUB_08389,meso_SUB_08380_SUB_08389_fwd,150000000.0,0.0,0.0,0,168
SUB_08380,SUB_HIFLD_2126,meso_SUB_08380_SUB_HIFLD_2126_fwd,150000000.0,841899.2634560083,33753475.292777024,0,168
SUB_08380,SUB_HIFLD_3263,meso_SUB_08380_SUB_HIFLD_3263_fwd,150000000.0,0.0,0.0,0,168
SUB_08380,SUB_08226,meso_SUB_08380_SUB_08226_rev,150000000.0,114357956.83989802,150000000.0,73,168
SUB_08380,SUB_08234,meso_SUB_08380_SUB_08234_rev,300000000.0,0.0,0.0,0,168
SUB_08380,SUB_HIFLD_2117,meso_SUB_08380_SUB_HIFLD_2117_fwd,150000000.0,0.0,0.0,0,168
SUB_08380,SUB_HIFLD_3170,meso_SUB_08380_SUB_HIFLD_3170_fwd,150000000.0,0.0,0.0,0,168
SUB_25245,SUB_25280,meso_SUB_25245_SUB_25280_fwd,80000000.0,26003935.780678757,43784543.28472965,0,168
SUB_25245,SUB_25347,meso_SUB_25245_SUB_25347_fwd,60000000.0,18982.28141684477,3189023.2780299215,0,168
SUB_25245,SUB_25537,meso_SUB_25245_SUB_25537_fwd,150000000.0,0.0,0.0,0,168
SUB_25245,SUB_25539,meso_SUB_25245_SUB_25539_fwd,80000000.0,10429585.596805193,23259889.7891187,0,168
SUB_25245,SUB_HIFLD_1845,meso_SUB_25245_SUB_HIFLD_1845_fwd,60000000.0,345164.7739116439,8388186.393522625,0,168
SUB_25245,SUB_HIFLD_1851,meso_SUB_25245_SUB_HIFLD_1851_fwd,300000000.0,111808.83480976045,8627435.152463902,0,168
SUB_25245,SUB_25354,meso_SUB_25245_SUB_25354_rev,7266232.224228722,3791238.4770836937,6746391.98067262,0,168
SUB_25272,SUB_25337,meso_SUB_25272_SUB_25337_fwd,80000000.0,23814138.248257596,80000000.0,23,168
SUB_25272,SUB_25364,meso_SUB_25272_SUB_25364_fwd,150000000.0,0.0,0.0,0,168
SUB_25272,SUB_25458,meso_SUB_25272_SUB_25458_fwd,150000000.0,40878192.87187854,150000000.0,1,168
SUB_25272,SUB_25526,meso_SUB_25272_SUB_25526_fwd,600000000.0,26238490.126309514,225633124.68944764,0,168
SUB_25272,SUB_25277,meso_SUB_25272_SUB_25277_fwd,150000000.0,63880637.07267739,150000000.0,33,168
SUB_25272,SUB_25370,meso_SUB_25272_SUB_25370_fwd,150000000.0,37273805.284805275,60268558.58871617,0,168
SUB_25272,SUB_25395,meso_SUB_25272_SUB_25395_fwd,150000000.0,65679428.16901728,150000000.0,39,168
SUB_19212,SUB_19233,meso_SUB_19212_SUB_19233_fwd,60000000.0,0.0,0.0,0,168
SUB_18203,SUB_18208,meso_SUB_18203_SUB_18208_fwd,60000000.0,56841931.12022385,60000000.0,127,168
SUB_18203,SUB_18219,meso_SUB_18203_SUB_18219_fwd,60000000.0,1792441.0937777432,2864721.7361214235,0,168
SUB_15285,SUB_15201,meso_SUB_15285_SUB_15201_rev,60000000.0,14677427.60828028,42185881.20027409,0,168
SUB_15285,SUB_15375,meso_SUB_15285_SUB_15375_fwd,60000000.0,24413465.127171393,60000000.0,19,168
SUB_16242,SUB_16302,meso_SUB_16242_SUB_16302_fwd,60000000.0,4332712.65027483,5644431.071484654,0,168
SUB_16242,SUB_16307,meso_SUB_16242_SUB_16307_fwd,60000000.0,0.0,0.0,0,168
SUB_16242,SUB_16312,meso_SUB_16242_SUB_16312_fwd,60000000.0,17445776.44672658,32549857.78659395,0,168
SUB_16242,SUB_16322,meso_SUB_16242_SUB_16322_fwd,60000000.0,763496.7363936328,17455731.434845794,0,168
SUB_16242,SUB_16330,meso_SUB_16242_SUB_16330_fwd,120000000.0,18681223.69218238,30934675.13676442,0,168
SUB_16242,SUB_16391,meso_SUB_16242_SUB_16391_fwd,400000000.0,0.0,0.0,0,168
SUB_16242,SUB_HIFLD_30,meso_SUB_16242_SUB_HIFLD_30_fwd,400000000.0,0.0,0.0,0,168
SUB_16242,SUB_HIFLD_3355,meso_SUB_16242_SUB_HIFLD_3355_fwd,60000000.0,4755546.467050515,42763900.29595886,0,168
SUB_16242,WEC_CALN,iface_SUB_16242_WEC_CALN_to_ba,380000000.0,0.0,0.0,0,168
SUB_10357,SUB_10353,meso_SUB_10357_SUB_10353_rev,60000000.0,0.0,0.0,0,168
SUB_25458,SUB_25272,meso_SUB_25458_SUB_25272_rev,150000000.0,0.0,0.0,0,168
SUB_25458,SUB_25286,meso_SUB_25458_SUB_25286_rev,150000000.0,30851366.735468704,62297212.79036722,0,168
SUB_25458,SUB_25349,meso_SUB_25458_SUB_25349_rev,150000000.0,5585779.621957722,57795492.29593396,0,168
SUB_25458,SUB_25526,meso_SUB_25458_SUB_25526_fwd,150000000.0,0.0,0.0,0,168
SUB_01353,SUB_01202,meso_SUB_01353_SUB_01202_rev,150000000.0,0.0,0.0,0,168
SUB_01353,SUB_01380,meso_SUB_01353_SUB_01380_fwd,150000000.0,0.0,0.0,0,168
SUB_01353,SUB_01430,meso_SUB_01353_SUB_01430_fwd,150000000.0,613801.8931818171,41627267.43639128,0,168
SUB_01353,SUB_01220,meso_SUB_01353_SUB_01220_rev,5000000.0,692273.9361335555,1154994.272448353,0,168
SUB_01353,SUB_01356,meso_SUB_01353_SUB_01356_rev,5000000.0,1498208.2066842604,2340206.18556701,0,168
SUB_01374,SUB_01252,meso_SUB_01374_SUB_01252_fwd,7237469.483512459,0.0,0.0,0,168
SUB_06208,SUB_06381,meso_SUB_06208_SUB_06381_fwd,120000000.0,584153.1045072852,991095.4111630154,0,168
SUB_06208,SUB_06277,meso_SUB_06208_SUB_06277_fwd,9195833.727837421,0.0,0.0,0,168
SUB_19217,SUB_19240,meso_SUB_19217_SUB_19240_fwd,60000000.0,2135975.08788577,2697938.213151755,0,168
SUB_19217,SUB_19243,meso_SUB_19217_SUB_19243_fwd,60000000.0,0.0,0.0,0,168
SUB_19217,SUB_HIFLD_273,meso_SUB_19217_SUB_HIFLD_273_fwd,60000000.0,0.0,0.0,0,168
SUB_01365,SUB_01216,meso_SUB_01365_SUB_01216_rev,180000000.0,0.0,0.0,0,168
SUB_01365,SUB_01323,meso_SUB_01365_SUB_01323_rev,400000000.0,1905450.3168507658,106353291.50224161,0,168
SUB_01365,SUB_01380,meso_SUB_01365_SUB_01380_fwd,400000000.0,292432757.7925634,400000000.0,73,168
SUB_01365,SUB_01432,meso_SUB_01365_SUB_01432_fwd,120000000.0,469591.92148908466,3260769.1499375803,0,168
SUB_01365,SUB_01445,meso_SUB_01365_SUB_01445_fwd,150000000.0,49267732.75923673,150000000.0,18,168
SUB_01365,SUB_01466,meso_SUB_01365_SUB_01466_fwd,1200000000.0,30080701.464500133,95013726.24033505,0,168
SUB_01365,SUB_06246,meso_SUB_01365_SUB_06246_fwd,150000000.0,47010380.00536277,150000000.0,17,168
SUB_01365,SUB_06364,meso_SUB_01365_SUB_06364_fwd,1200000000.0,536174.1316442321,63688007.46238892,0,168
SUB_01365,SUB_HIFLD_30,meso_SUB_01365_SUB_HIFLD_30_fwd,1200000000.0,15235085.66714963,327744355.8937224,0,168
SUB_01365,SUB_01324,meso_SUB_01365_SUB_01324_rev,150000000.0,23280103.427740224,150000000.0,4,168
SUB_01365,SUB_01416,meso_SUB_01365_SUB_01416_fwd,400000000.0,56150343.9925699,253721668.89927214,0,168
SUB_01365,WEC_CALN,iface_SUB_01365_WEC_CALN_to_ba,1377697612.2250001,0.0,0.0,0,168
SUB_08363,SUB_08203,meso_SUB_08363_SUB_08203_rev,150000000.0,0.0,0.0,0,168
SUB_08363,SUB_HIFLD_2121,meso_SUB_08363_SUB_HIFLD_2121_fwd,150000000.0,0.0,0.0,0,168
SUB_08363,SUB_HIFLD_2149,meso_SUB_08363_SUB_HIFLD_2149_fwd,150000000.0,0.0,0.0,0,168
SUB_08363,SUB_HIFLD_3025,meso_SUB_08363_SUB_HIFLD_3025_fwd,150000000.0,0.0,0.0,0,168
SUB_01211,SUB_01201,meso_SUB_01211_SUB_01201_rev,150000000.0,0.0,0.0,0,168
SUB_01211,SUB_01204,meso_SUB_01211_SUB_01204_rev,150000000.0,0.0,0.0,0,168
SUB_01211,SUB_01254,meso_SUB_01211_SUB_01254_fwd,150000000.0,0.0,0.0,0,168
SUB_01211,SUB_01331,meso_SUB_01211_SUB_01331_fwd,60000000.0,24948909.11767473,37525097.000311635,0,168
SUB_15376,SUB_15215,meso_SUB_15376_SUB_15215_rev,60000000.0,0.0,0.0,0,168
SUB_15376,SUB_15290,meso_SUB_15376_SUB_15290_rev,60000000.0,0.0,0.0,0,168
SUB_15376,SUB_HIFLD_659,meso_SUB_15376_SUB_HIFLD_659_fwd,60000000.0,0.0,0.0,0,168
SUB_04325,SUB_01467,meso_SUB_04325_SUB_01467_rev,800000000.0,0.0,0.0,0,168
SUB_04325,SUB_04205,meso_SUB_04325_SUB_04205_rev,800000000.0,0.0,0.0,0,168
SUB_04325,SUB_01380,meso_SUB_04325_SUB_01380_rev,400000000.0,36451.06724330357,2205789.672851565,0,168
SUB_04325,SUB_06359,meso_SUB_04325_SUB_06359_fwd,400000000.0,2280.549548921156,276452.880859375,0,168
SUB_04325,WEC_CALN,iface_SUB_04325_WEC_CALN_to_ba,20000000.0,0.0,0.0,0,168
SUB_08361,SUB_08203,meso_SUB_08361_SUB_08203_rev,210000000.0,4666382.579421295,47709474.86501659,0,168
SUB_08361,SUB_08342,meso_SUB_08361_SUB_08342_rev,300000000.0,0.0,0.0,0,168
SUB_08361,SUB_01222,meso_SUB_08361_SUB_01222_rev,150000000.0,0.0,0.0,0,168
SUB_08361,SUB_HIFLD_2070,meso_SUB_08361_SUB_HIFLD_2070_fwd,60000000.0,307842.5644247784,18644199.93703047,0,168
SUB_08361,SUB_HIFLD_3163,meso_SUB_08361_SUB_HIFLD_3163_fwd,150000000.0,438025.45491869835,4047477.1391586508,0,168
SUB_08361,SUB_08348,meso_SUB_08361_SUB_08348_rev,242599564.40388107,113310114.39275481,194592555.42993474,0,168
SUB_10325,SUB_10308,meso_SUB_10325_SUB_10308_rev,150000000.0,0.0,0.0,0,168
SUB_10325,SUB_15377,meso_SUB_10325_SUB_15377_fwd,120000000.0,56469313.62741182,71038144.32989691,0,168
SUB_10325,SUB_10324,meso_SUB_10325_SUB_10324_rev,150000000.0,3172260.6356128803,6199484.78777384,0,168
SUB_16331,SUB_16230,meso_SUB_16331_SUB_16230_rev,60000000.0,0.0,0.0,0,168
SUB_16331,SUB_16322,meso_SUB_16331_SUB_16322_rev,60000000.0,0.0,0.0,0,168
SUB_25392,SUB_25357,meso_SUB_25392_SUB_25357_rev,150000000.0,0.0,0.0,0,168
SUB_25337,SUB_25272,meso_SUB_25337_SUB_25272_rev,80000000.0,0.0,0.0,0,168
SUB_25337,SUB_25282,meso_SUB_25337_SUB_25282_rev,80000000.0,13728595.124040147,74295831.03351428,0,168
SUB_25337,SUB_25342,meso_SUB_25337_SUB_25342_fwd,80000000.0,20086483.025428373,80000000.0,3,168
SUB_25337,SUB_25395,meso_SUB_25337_SUB_25395_fwd,80000000.0,10686033.720856449,80000000.0,19,168
SUB_25337,SUB_25526,meso_SUB_25337_SUB_25526_fwd,400000000.0,0.0,0.0,0,168
SUB_25337,WEC_CALN,iface_SUB_25337_WEC_CALN_to_ba,480000000.0,0.0,0.0,0,168
SUB_06204,SUB_06203,meso_SUB_06204_SUB_06203_rev,150000000.0,0.0,0.0,0,168
SUB_06204,SUB_06313,meso_SUB_06204_SUB_06313_fwd,150000000.0,0.0,0.0,0,168
SUB_06204,SUB_HIFLD_714,meso_SUB_06204_SUB_HIFLD_714_fwd,150000000.0,270451.07779424405,10510480.359396812,0,168
SUB_06204,SUB_06362,meso_SUB_06204_SUB_06362_fwd,150000000.0,11751157.911980137,32303498.25829575,0,168
SUB_06204,SUB_HIFLD_595,meso_SUB_06204_SUB_HIFLD_595_fwd,150000000.0,0.0,0.0,0,168
SUB_06204,SUB_06867,meso_SUB_06204_SUB_06867_rev,5000000.0,0.0,0.0,0,168
SUB_08325,SUB_08301,meso_SUB_08325_SUB_08301_rev,60000000.0,2587667.443954775,4443507.857175217,0,168
SUB_08325,SUB_08319,meso_SUB_08325_SUB_08319_rev,150000000.0,0.0,0.0,0,168
SUB_08325,SUB_08362,meso_SUB_08325_SUB_08362_fwd,150000000.0,0.0,0.0,0,168
SUB_08325,SUB_08369,meso_SUB_08325_SUB_08369_fwd,150000000.0,0.0,0.0,0,168
SUB_16288,SUB_16237,meso_SUB_16288_SUB_16237_rev,300000000.0,273514.9120755566,12878732.473277101,0,168
SUB_16288,SUB_16247,meso_SUB_16288_SUB_16247_rev,150000000.0,0.0,0.0,0,168
SUB_16288,SUB_16267,meso_SUB_16288_SUB_16267_rev,400000000.0,0.0,0.0,0,168
SUB_16288,SUB_HIFLD_1135,meso_SUB_16288_SUB_HIFLD_1135_fwd,1500000000.0,0.0,0.0,0,168
SUB_16288,SUB_HIFLD_30,meso_SUB_16288_SUB_HIFLD_30_fwd,3000000000.0,0.0,0.0,0,168
SUB_16288,SUB_HIFLD_696,meso_SUB_16288_SUB_HIFLD_696_fwd,400000000.0,17262854.520256154,144141970.74496573,0,168
SUB_10303,SUB_10283,meso_SUB_10303_SUB_10283_fwd,5814035.813060009,5814035.813060008,5814035.813060009,168,168
SUB_25294,SUB_25234,meso_SUB_25294_SUB_25234_rev,300000000.0,14786315.953917373,60472937.73708213,0,168
SUB_25294,SUB_25241,meso_SUB_25294_SUB_25241_rev,160000000.0,47460496.55016981,63290500.091552734,0,168
SUB_01323,SUB_01365,meso_SUB_01323_SUB_01365_fwd,400000000.0,0.0,0.0,0,168
SUB_01323,SUB_01440,meso_SUB_01323_SUB_01440_fwd,1200000000.0,22087742.240378853,138789190.43830094,0,168
SUB_01323,WEC_CALN,iface_SUB_01323_WEC_CALN_to_ba,800000000.0,0.0,0.0,0,168
SUB_25536,SUB_25242,meso_SUB_25536_SUB_25242_rev,150000000.0,472962.7428047648,12979263.808996769,0,168
SUB_25536,SUB_25281,meso_SUB_25536_SUB_25281_rev,120000000.0,0.0,0.0,0,168
SUB_25536,SUB_25410,meso_SUB_25536_SUB_25410_rev,300000000.0,0.0,0.0,0,168
SUB_25536,SUB_HIFLD_1851,meso_SUB_25536_SUB_HIFLD_1851_fwd,300000000.0,6796423.017387129,53112009.09333844,0,168
SUB_25242,SUB_25446,meso_SUB_25242_SUB_25446_fwd,150000000.0,91.09955765654425,15304.725686299433,0,168
SUB_25242,SUB_25536,meso_SUB_25242_SUB_25536_fwd,150000000.0,37305.17130143731,6267268.778641468,0,168
SUB_25242,SUB_HIFLD_1851,meso_SUB_25242_SUB_HIFLD_1851_fwd,150000000.0,4465087.193569133,44491782.68156392,0,168
SUB_25242,SUB_25231,meso_SUB_25242_SUB_25231_rev,150000000.0,0.0,0.0,0,168
SUB_15233,SUB_15201,meso_SUB_15233_SUB_15201_rev,60000000.0,10930508.800811268,41086285.28946479,0,168
SUB_15233,SUB_15292,meso_SUB_15233_SUB_15292_fwd,60000000.0,0.0,0.0,0,168
SUB_15233,SUB_15375,meso_SUB_15233_SUB_15375_fwd,60000000.0,37015537.01753575,51872455.118370056,0,168
SUB_18274,SUB_08318,meso_SUB_18274_SUB_08318_rev,150000000.0,0.0,0.0,0,168
SUB_18274,SUB_18318,meso_SUB_18274_SUB_18318_rev,5000000.0,1301396.0428663956,1634020.665748832,0,168
SUB_01321,SUB_01233,meso_SUB_01321_SUB_01233_rev,60000000.0,434073.8389151437,1282091.079711914,0,168
SUB_01347,SUB_01378,meso_SUB_01347_SUB_01378_fwd,60000000.0,1970732.9456514742,2041237.1134020619,0,168
SUB_01347,SUB_01467,meso_SUB_01347_SUB_01467_fwd,150000000.0,0.0,0.0,0,168
SUB_08219,SUB_08201,meso_SUB_08219_SUB_08201_rev,60000000.0,829074.5898569493,58770383.78417969,0,168
SUB_08219,SUB_01472,meso_SUB_08219_SUB_01472_rev,150000000.0,0.0,0.0,0,168
SUB_08219,SUB_08353,meso_SUB_08219_SUB_08353_fwd,150000000.0,2232125.513652598,57652987.12158203,0,168
SUB_25443,SUB_25442,meso_SUB_25443_SUB_25442_rev,150000000.0,0.0,0.0,0,168
SUB_01214,SUB_01223,meso_SUB_01214_SUB_01223_fwd,120000000.0,0.0,0.0,0,168
SUB_01214,SUB_01315,meso_SUB_01214_SUB_01315_fwd,120000000.0,0.0,0.0,0,168
SUB_01214,SUB_01440,meso_SUB_01214_SUB_01440_fwd,120000000.0,0.0,0.0,0,168
SUB_04332,SUB_04256,meso_SUB_04332_SUB_04256_rev,150000000.0,0.0,0.0,0,168
SUB_04332,SUB_04343,meso_SUB_04332_SUB_04343_fwd,150000000.0,0.0,0.0,0,168
SUB_25387,SUB_25282,meso_SUB_25387_SUB_25282_rev,80000000.0,826274.100942991,37224539.99528885,0,168
SUB_25387,SUB_25341,meso_SUB_25387_SUB_25341_rev,80000000.0,0.0,0.0,0,168
SUB_25387,SUB_25421,meso_SUB_25387_SUB_25421_fwd,80000000.0,0.0,0.0,0,168
SUB_04204,SUB_01250,meso_SUB_04204_SUB_01250_rev,150000000.0,78732111.09000733,140010258.60262275,0,168
SUB_04204,SUB_01392,meso_SUB_04204_SUB_01392_rev,120000000.0,246016.43833095927,11488071.339400774,0,168
SUB_04204,SUB_01410,meso_SUB_04204_SUB_01410_rev,150000000.0,7904555.952666873,19268614.715890788,0,168
SUB_04204,SUB_01426,meso_SUB_04204_SUB_01426_rev,150000000.0,21337822.96773538,47592852.81109675,0,168
SUB_04204,SUB_04328,meso_SUB_04204_SUB_04328_fwd,300000000.0,41311513.408578694,62236581.995961316,0,168
SUB_04204,SUB_06270,meso_SUB_04204_SUB_06270_fwd,150000000.0,51362282.449557915,114132939.97669494,0,168
SUB_04204,SUB_06380,meso_SUB_04204_SUB_06380_fwd,150000000.0,2681885.356413505,67406684.2276355,0,168
SUB_04204,SUB_01467,meso_SUB_04204_SUB_01467_rev,800000000.0,593118.6452446711,18579330.329450242,0,168
SUB_01447,SUB_01222,meso_SUB_01447_SUB_01222_rev,150000000.0,0.0,0.0,0,168
SUB_01447,SUB_01376,meso_SUB_01447_SUB_01376_rev,300000000.0,0.0,0.0,0,168
SUB_18257,SUB_18282,meso_SUB_18257_SUB_18282_fwd,150000000.0,0.0,0.0,0,168
SUB_18257,SUB_18297,meso_SUB_18257_SUB_18297_fwd,150000000.0,2384364.259670222,3175257.983650129,0,168
SUB_02414,SUB_02406,meso_SUB_02414_SUB_02406_rev,60000000.0,0.0,0.0,0,168
SUB_02414,SUB_02424,meso_SUB_02414_SUB_02424_rev,5000000.0,0.0,0.0,0,168
SUB_01311,SUB_01380,meso_SUB_01311_SUB_01380_fwd,150000000.0,0.0,0.0,0,168
SUB_01311,SUB_HIFLD_2791,meso_SUB_01311_SUB_HIFLD_2791_fwd,150000000.0,5412430.664725992,43076826.704732284,0,168
SUB_01311,SUB_HIFLD_28,meso_SUB_01311_SUB_HIFLD_28_fwd,300000000.0,19824069.867532514,81432339.49987668,0,168
SUB_01311,SUB_01298,meso_SUB_01311_SUB_01298_rev,5000000.0,0.0,0.0,0,168
SUB_01311,SUB_01303,meso_SUB_01311_SUB_01303_rev,10543136.493564961,4141035.388764881,4381443.298969072,0,168
SUB_01311,SUB_01348,meso_SUB_01311_SUB_01348_rev,5000000.0,1512770.9774275767,2041237.1134020619,0,168
SUB_18268,SUB_18303,meso_SUB_18268_SUB_18303_fwd,150000000.0,0.0,0.0,0,168
SUB_18268,SUB_18304,meso_SUB_18268_SUB_18304_fwd,150000000.0,19385266.053041972,23270677.654222976,0,168
SUB_04215,SUB_04318,meso_SUB_04215_SUB_04318_fwd,150000000.0,0.0,0.0,0,168
SUB_04215,SUB_04330,meso_SUB_04215_SUB_04330_fwd,150000000.0,0.0,0.0,0,168
SUB_04215,SUB_04256,meso_SUB_04215_SUB_04256_fwd,150000000.0,0.0,0.0,0,168
SUB_04215,SUB_04257,meso_SUB_04215_SUB_04257_fwd,60000000.0,0.0,0.0,0,168
SUB_04215,SUB_04343,meso_SUB_04215_SUB_04343_fwd,150000000.0,0.0,0.0,0,168
SUB_10314,SUB_06364,meso_SUB_10314_SUB_06364_rev,1200000000.0,0.0,0.0,0,168
SUB_10314,SUB_10260,meso_SUB_10314_SUB_10260_rev,400000000.0,0.0,0.0,0,168
SUB_10314,SUB_10293,meso_SUB_10314_SUB_10293_rev,1660000000.0,0.0,0.0,0,168
SUB_10314,WEC_CALN,iface_SUB_10314_WEC_CALN_to_ba,20000000.0,0.0,0.0,0,168
SUB_01409,SUB_01223,meso_SUB_01409_SUB_01223_rev,400000000.0,0.0,0.0,0,168
SUB_01409,SUB_01380,meso_SUB_01409_SUB_01380_rev,400000000.0,0.0,0.0,0,168
SUB_01409,SUB_01222,meso_SUB_01409_SUB_01222_rev,800000000.0,0.0,0.0,0,168
SUB_01409,SUB_01423,meso_SUB_01409_SUB_01423_fwd,400000000.0,0.0,0.0,0,168
SUB_01409,SUB_01326,meso_SUB_01409_SUB_01326_rev,5000000.0,0.0,0.0,0,168
SUB_01409,SUB_01366,meso_SUB_01409_SUB_01366_rev,5000000.0,1320171.7936647364,2227433.5094333924,0,168
SUB_01409,SUB_01224,meso_SUB_01409_SUB_01224_rev,5000000.0,0.0,0.0,0,168
SUB_01409,WEC_CALN,iface_SUB_01409_WEC_CALN_to_ba,20000000.0,0.0,0.0,0,168
SUB_25360,SUB_25268,meso_SUB_25360_SUB_25268_rev,60000000.0,0.0,0.0,0,168
SUB_25360,SUB_HIFLD_3631,meso_SUB_25360_SUB_HIFLD_3631_fwd,60000000.0,20411491.8609617,41256747.923364595,0,168
SUB_25360,SUB_25477,meso_SUB_25360_SUB_25477_rev,5000000.0,534638.413579078,1952207.081588273,0,168
SUB_25360,SUB_HIFLD_3887,meso_SUB_25360_SUB_HIFLD_3887_rev,5000000.0,0.0,0.0,0,168
SUB_06319,SUB_06272,meso_SUB_06319_SUB_06272_rev,300000000.0,0.0,0.0,0,168
SUB_06319,SUB_06317,meso_SUB_06319_SUB_06317_rev,300000000.0,0.0,0.0,0,168
SUB_25339,SUB_25282,meso_SUB_25339_SUB_25282_rev,80000000.0,141491.77412689463,9698968.946319265,0,168
SUB_25339,SUB_25342,meso_SUB_25339_SUB_25342_fwd,80000000.0,1396286.2636185654,27129897.410599228,0,168
SUB_25339,SUB_25395,meso_SUB_25339_SUB_25395_fwd,80000000.0,0.0,0.0,0,168
SUB_25339,SUB_25532,meso_SUB_25339_SUB_25532_fwd,60000000.0,15132999.161746746,53819074.17847938,0,168
SUB_25339,SUB_25526,meso_SUB_25339_SUB_25526_fwd,300000000.0,0.0,0.0,0,168
SUB_01445,SUB_01202,meso_SUB_01445_SUB_01202_rev,300000000.0,5660897.310057849,80182294.95742072,0,168
SUB_01445,SUB_01216,meso_SUB_01445_SUB_01216_rev,60000000.0,0.0,0.0,0,168
SUB_01445,SUB_01365,meso_SUB_01445_SUB_01365_rev,150000000.0,0.0,0.0,0,168
SUB_01445,SUB_01391,meso_SUB_01445_SUB_01391_rev,360000000.0,0.0,0.0,0,168
SUB_01445,SUB_01465,meso_SUB_01445_SUB_01465_fwd,150000000.0,0.0,0.0,0,168
SUB_01472,SUB_01222,meso_SUB_01472_SUB_01222_rev,150000000.0,0.0,0.0,0,168
SUB_01472,SUB_08283,meso_SUB_01472_SUB_08283_fwd,150000000.0,0.0,0.0,0,168
SUB_01472,SUB_08389,meso_SUB_01472_SUB_08389_fwd,150000000.0,0.0,0.0,0,168
SUB_01472,SUB_08219,meso_SUB_01472_SUB_08219_fwd,150000000.0,38570724.2945328,106505550.29296875,0,168
SUB_19240,SUB_19217,meso_SUB_19240_SUB_19217_rev,60000000.0,0.0,0.0,0,168
SUB_08225,SUB_08226,meso_SUB_08225_SUB_08226_fwd,150000000.0,74139.26756968375,6610761.282332465,0,168
SUB_08225,SUB_08292,meso_SUB_08225_SUB_08292_fwd,150000000.0,572203.3283905942,18592521.74613402,0,168
SUB_02419,SUB_01423,meso_SUB_02419_SUB_01423_rev,400000000.0,0.0,0.0,0,168
SUB_02419,SUB_02210,meso_SUB_02419_SUB_02210_rev,400000000.0,0.0,0.0,0,168
SUB_02419,SUB_02401,meso_SUB_02419_SUB_02401_rev,300000000.0,80094173.3643537,136126417.5257732,0,168
SUB_02419,SUB_02404,meso_SUB_02419_SUB_02404_rev,60000000.0,29317238.180159897,56767246.94997865,0,168
SUB_02419,SUB_02405,meso_SUB_02419_SUB_02405_rev,150000000.0,11709420.372986827,19825486.51941044,0,168
SUB_02419,SUB_02426,meso_SUB_02419_SUB_02426_fwd,210000000.0,135017947.9867782,210000000.0,18,168
SUB_02419,SUB_01216,meso_SUB_02419_SUB_01216_rev,400000000.0,0.0,0.0,0,168
SUB_02419,SUB_01376,meso_SUB_02419_SUB_01376_rev,800000000.0,0.0,0.0,0,168
SUB_02419,SUB_02403,meso_SUB_02419_SUB_02403_rev,300000000.0,60125038.37394433,102656548.00257732,0,168
SUB_02419,SUB_HIFLD_2049,meso_SUB_02419_SUB_HIFLD_2049_fwd,150000000.0,0.0,0.0,0,168
SUB_02419,SUB_HIFLD_2068,meso_SUB_02419_SUB_HIFLD_2068_fwd,150000000.0,53042514.55170482,105573930.29149084,0,168
SUB_02419,WEC_CALN,iface_SUB_02419_WEC_CALN_to_ba,20000000.0,0.0,0.0,0,168
SUB_02413,SUB_02412,meso_SUB_02413_SUB_02412_rev,120000000.0,0.0,0.0,0,168
SUB_02413,SUB_HIFLD_2048,meso_SUB_02413_SUB_HIFLD_2048_fwd,60000000.0,2958818.4537948286,7408925.85675741,0,168
SUB_02413,SUB_HIFLD_2056,meso_SUB_02413_SUB_HIFLD_2056_fwd,60000000.0,260272.46177352633,3138503.9024746297,0,168
SUB_02413,SUB_HIFLD_2062,meso_SUB_02413_SUB_HIFLD_2062_fwd,60000000.0,9610289.266252693,26026091.26167731,0,168
SUB_04202,SUB_04230,meso_SUB_04202_SUB_04230_fwd,60000000.0,0.0,0.0,0,168
SUB_04202,SUB_04246,meso_SUB_04202_SUB_04246_fwd,60000000.0,0.0,0.0,0,168
SUB_04202,SUB_04272,meso_SUB_04202_SUB_04272_fwd,150000000.0,0.0,0.0,0,168
SUB_04202,SUB_04329,meso_SUB_04202_SUB_04329_fwd,150000000.0,0.0,0.0,0,168
SUB_08224,SUB_HIFLD_2131,meso_SUB_08224_SUB_HIFLD_2131_fwd,39713606.51214738,0.0,0.0,0,168
SUB_02408,SUB_02412,meso_SUB_02408_SUB_02412_fwd,60000000.0,58905659.85638478,60000000.0,135,168
SUB_02408,SUB_02210,meso_SUB_02408_SUB_02210_rev,400000000.0,0.0,0.0,0,168
SUB_02408,SUB_02270,meso_SUB_02408_SUB_02270_rev,60000000.0,3176299.521474787,5103092.783505155,0,168
SUB_02408,SUB_02425,meso_SUB_02408_SUB_02425_fwd,120000000.0,24537269.783780474,66578287.34398285,0,168
SUB_25405,SUB_25464,meso_SUB_25405_SUB_25464_fwd,15562742.341310231,13463992.832109269,15562742.341310231,137,168
SUB_25456,SUB_25469,meso_SUB_25456_SUB_25469_fwd,150000000.0,13888.554912194002,22918.89928050877,0,168
SUB_25456,SUB_25286,meso_SUB_25456_SUB_25286_fwd,12595277.90053134,0.0,0.0,0,168
SUB_18261,SUB_18266,meso_SUB_18261_SUB_18266_fwd,60000000.0,50605.702494199606,1965399.252693634,0,168
SUB_18261,SUB_18254,meso_SUB_18261_SUB_18254_fwd,79962461.7118595,0.0,0.0,0,168
SUB_08389,SUB_01472,meso_SUB_08389_SUB_01472_rev,150000000.0,5789857.278940682,71678132.54555146,0,168
SUB_08389,SUB_08283,meso_SUB_08389_SUB_08283_rev,150000000.0,82101255.3702911,129037930.90820312,0,168
SUB_08389,SUB_08380,meso_SUB_08389_SUB_08380_rev,150000000.0,0.0,0.0,0,168
SUB_08389,SUB_08234,meso_SUB_08389_SUB_08234_rev,150000000.0,0.0,0.0,0,168
SUB_08390,SUB_01222,meso_SUB_08390_SUB_01222_rev,150000000.0,0.0,0.0,0,168
SUB_08390,SUB_HIFLD_2121,meso_SUB_08390_SUB_HIFLD_2121_fwd,150000000.0,0.0,0.0,0,168
SUB_08390,SUB_HIFLD_3025,meso_SUB_08390_SUB_HIFLD_3025_fwd,150000000.0,0.0,0.0,0,168
SUB_08390,SUB_08203,meso_SUB_08390_SUB_08203_rev,150000000.0,76296810.9141891,130515463.91752577,0,168
SUB_16237,SUB_16348,meso_SUB_16237_SUB_16348_fwd,360000000.0,0.0,0.0,0,168
SUB_16237,SUB_HIFLD_3849,meso_SUB_16237_SUB_HIFLD_3849_fwd,60000000.0,0.0,0.0,0,168
SUB_16237,SUB_HIFLD_4426,meso_SUB_16237_SUB_HIFLD_4426_fwd,60000000.0,0.0,0.0,0,168
SUB_16237,SUB_HIFLD_982,meso_SUB_16237_SUB_HIFLD_982_fwd,150000000.0,0.0,0.0,0,168
SUB_16237,SUB_16288,meso_SUB_16237_SUB_16288_fwd,300000000.0,1006284.7843030805,43595867.47793409,0,168
SUB_10204,SUB_10308,meso_SUB_10204_SUB_10308_fwd,150000000.0,0.0,0.0,0,168
SUB_10204,SUB_10297,meso_SUB_10204_SUB_10297_fwd,150000000.0,0.0,0.0,0,168
SUB_25224,SUB_25217,meso_SUB_25224_SUB_25217_rev,300000000.0,30236.653690833566,2435473.3737855447,0,168
SUB_25224,SUB_25230,meso_SUB_25224_SUB_25230_fwd,60000000.0,16927985.393597204,21395877.04373389,0,168
SUB_25224,SUB_25235,meso_SUB_25224_SUB_25235_fwd,150000000.0,356956.36107222945,25017307.517475963,0,168
SUB_25224,SUB_25270,meso_SUB_25224_SUB_25270_fwd,80000000.0,0.0,0.0,0,168
SUB_25224,SUB_25412,meso_SUB_25224_SUB_25412_fwd,150000000.0,0.0,0.0,0,168
SUB_25224,SUB_HIFLD_2722,meso_SUB_25224_SUB_HIFLD_2722_fwd,60000000.0,2384631.497909536,4061205.438606742,0,168
SUB_25224,SUB_HIFLD_3631,meso_SUB_25224_SUB_HIFLD_3631_fwd,80000000.0,17222157.950288314,46842789.73256987,0,168
SUB_02269,SUB_HIFLD_2068,meso_SUB_02269_SUB_HIFLD_2068_fwd,150000000.0,0.0,0.0,0,168
SUB_02269,SUB_HIFLD_3835,meso_SUB_02269_SUB_HIFLD_3835_fwd,60000000.0,0.0,0.0,0,168
SUB_25318,SUB_25450,meso_SUB_25318_SUB_25450_fwd,12457070.080482632,0.0,0.0,0,168
SUB_10297,SUB_10307,meso_SUB_10297_SUB_10307_fwd,150000000.0,12347563.685575338,16571134.901538339,0,168
SUB_10297,SUB_10375,meso_SUB_10297_SUB_10375_fwd,150000000.0,0.0,0.0,0,168
SUB_10297,SUB_10204,meso_SUB_10297_SUB_10204_rev,150000000.0,12709622.031704843,22277320.468548648,0,168
SUB_10211,SUB_10260,meso_SUB_10211_SUB_10260_fwd,60000000.0,0.0,0.0,0,168
SUB_10211,SUB_10284,meso_SUB_10211_SUB_10284_fwd,60000000.0,7118990.24244642,13007827.973180806,0,168
SUB_10211,SUB_10212,meso_SUB_10211_SUB_10212_rev,5000000.0,2660631.4374467707,3912371.2598663014,0,168
SUB_08246,SUB_HIFLD_1423,meso_SUB_08246_SUB_HIFLD_1423_fwd,150000000.0,0.0,0.0,0,168
SUB_08246,SUB_01222,meso_SUB_08246_SUB_01222_rev,300000000.0,0.0,0.0,0,168
SUB_08246,SUB_08234,meso_SUB_08246_SUB_08234_rev,300000000.0,0.0,0.0,0,168
SUB_08246,SUB_HIFLD_2117,meso_SUB_08246_SUB_HIFLD_2117_fwd,150000000.0,0.0,0.0,0,168
SUB_16357,SUB_16261,meso_SUB_16357_SUB_16261_rev,300000000.0,0.0,0.0,0,168
SUB_16357,SUB_16298,meso_SUB_16357_SUB_16298_rev,300000000.0,0.0,0.0,0,168
SUB_25314,SUB_25208,meso_SUB_25314_SUB_25208_rev,80000000.0,0.0,0.0,0,168
SUB_06205,SUB_06207,meso_SUB_06205_SUB_06207_fwd,60000000.0,16427550.051096098,22049054.19921875,0,168
SUB_25430,SUB_16371,meso_SUB_25430_SUB_16371_rev,800000000.0,2412575.8833138454,16249000.0,0,168
SUB_25430,SUB_HIFLD_1851,meso_SUB_25430_SUB_HIFLD_1851_fwd,400000000.0,0.0,0.0,0,168
SUB_25430,WEC_CALN,iface_SUB_25430_WEC_CALN_to_ba,20000000.0,0.0,0.0,0,168
SUB_25408,SUB_25235,meso_SUB_25408_SUB_25235_rev,300000000.0,1400094.641479651,29947571.231676873,0,168
SUB_25408,SUB_25256,meso_SUB_25408_SUB_25256_rev,150000000.0,0.0,0.0,0,168
SUB_25408,SUB_25206,meso_SUB_25408_SUB_25206_rev,150000000.0,20309653.326472607,42496820.852099985,0,168
SUB_25285,SUB_25396,meso_SUB_25285_SUB_25396_fwd,150000000.0,45887487.64310299,70573733.32053414,0,168
SUB_25285,SUB_25529,meso_SUB_25285_SUB_25529_fwd,175922104.06079763,0.0,0.0,0,168
SUB_01466,SUB_01365,meso_SUB_01466_SUB_01365_rev,1200000000.0,0.0,0.0,0,168
SUB_01466,SUB_01423,meso_SUB_01466_SUB_01423_rev,1200000000.0,0.0,0.0,0,168
SUB_01466,SUB_01216,meso_SUB_01466_SUB_01216_rev,400000000.0,0.0,0.0,0,168
SUB_01466,SUB_01324,meso_SUB_01466_SUB_01324_rev,400000000.0,0.0,0.0,0,168
SUB_01466,WEC_CALN,iface_SUB_01466_WEC_CALN_to_ba,20000000.0,0.0,0.0,0,168
SUB_04256,SUB_04209,meso_SUB_04256_SUB_04209_rev,60000000.0,16506969.735726357,29007500.759088986,0,168
SUB_04256,SUB_04214,meso_SUB_04256_SUB_04214_rev,60000000.0,49497545.25389932,60000000.0,70,168
SUB_04256,SUB_04257,meso_SUB_04256_SUB_04257_fwd,60000000.0,32583287.28579866,43350515.46391752,0,168
SUB_04256,SUB_04275,meso_SUB_04256_SUB_04275_fwd,120000000.0,30361925.553891744,48132067.024233684,0,168
SUB_04256,SUB_04282,meso_SUB_04256_SUB_04282_fwd,300000000.0,21708608.247703843,38735236.3572784,0,168
SUB_04256,SUB_04330,meso_SUB_04256_SUB_04330_fwd,150000000.0,60916568.7024438,107678918.98506416,0,168
SUB_04256,SUB_04332,meso_SUB_04256_SUB_04332_fwd,150000000.0,24728842.958610434,43368583.50616141,0,168
SUB_04256,SUB_04337,meso_SUB_04256_SUB_04337_fwd,1200000000.0,0.0,0.0,0,168
SUB_04256,SUB_04343,meso_SUB_04256_SUB_04343_fwd,150000000.0,33652195.018806495,88753651.03960533,0,168
SUB_04256,SUB_04215,meso_SUB_04256_SUB_04215_rev,150000000.0,88103388.1732864,135000000.0,0,168
SUB_04256,SUB_04248,meso_SUB_04256_SUB_04248_rev,400000000.0,0.0,0.0,0,168
SUB_04256,SUB_04271,meso_SUB_04256_SUB_04271_fwd,60000000.0,17617565.653629303,59523568.26503131,1,168
SUB_04256,WEC_CALN,iface_SUB_04256_WEC_CALN_to_ba,1540000000.0,0.0,0.0,0,168
SUB_25477,SUB_25360,meso_SUB_25477_SUB_25360_fwd,5000000.0,2798645.6494285488,5000000.0,92,168
SUB_08203,SUB_08361,meso_SUB_08203_SUB_08361_fwd,210000000.0,0.0,0.0,0,168
SUB_08203,SUB_08363,meso_SUB_08203_SUB_08363_fwd,150000000.0,0.0,0.0,0,168
SUB_08203,SUB_HIFLD_2149,meso_SUB_08203_SUB_HIFLD_2149_fwd,150000000.0,0.0,0.0,0,168
SUB_08203,SUB_08390,meso_SUB_08203_SUB_08390_fwd,150000000.0,0.0,0.0,0,168
SUB_08203,SUB_HIFLD_2058,meso_SUB_08203_SUB_HIFLD_2058_fwd,150000000.0,0.0,0.0,0,168
SUB_18358,SUB_08284,meso_SUB_18358_SUB_08284_rev,60000000.0,0.0,0.0,0,168
SUB_18358,SUB_08293,meso_SUB_18358_SUB_08293_rev,60000000.0,859068.2518499765,1475173.4389472255,0,168
SUB_25347,SUB_25231,meso_SUB_25347_SUB_25231_rev,60000000.0,0.0,0.0,0,168
SUB_25347,SUB_25245,meso_SUB_25347_SUB_25245_rev,60000000.0,258196.4733269516,11991362.802712508,0,168
SUB_25347,SUB_25446,meso_SUB_25347_SUB_25446_fwd,150000000.0,0.0,0.0,0,168
SUB_25347,SUB_25539,meso_SUB_25347_SUB_25539_fwd,150000000.0,11145406.915603582,34910728.778959855,0,168
SUB_25226,SUB_HIFLD_1844,meso_SUB_25226_SUB_HIFLD_1844_fwd,21726002.548213713,0.0,0.0,0,168
SUB_04248,SUB_01467,meso_SUB_04248_SUB_01467_rev,400000000.0,725389.5499631768,72973896.1603044,0,168
SUB_04248,SUB_04201,meso_SUB_04248_SUB_04201_rev,150000000.0,112201005.55796008,150000000.0,16,168
SUB_04248,SUB_04221,meso_SUB_04248_SUB_04221_rev,60000000.0,6307319.901369609,13530834.536225514,0,168
SUB_04248,SUB_04229,meso_SUB_04248_SUB_04229_rev,60000000.0,3063384.6404660586,5197790.058017195,0,168
SUB_04248,SUB_04299,meso_SUB_04248_SUB_04299_fwd,150000000.0,29549666.311182577,49931919.4990335,0,168
SUB_04248,SUB_04302,meso_SUB_04248_SUB_04302_fwd,60000000.0,5742072.15374181,9681342.056117106,0,168
SUB_04248,SUB_04309,meso_SUB_04248_SUB_04309_fwd,60000000.0,19205509.475576542,51835535.24618478,0,168
SUB_04248,SUB_04320,meso_SUB_04248_SUB_04320_fwd,60000000.0,11507247.124411162,19444515.64513531,0,168
SUB_04248,SUB_04337,meso_SUB_04248_SUB_04337_fwd,950000000.0,0.0,0.0,0,168
SUB_04248,SUB_06380,meso_SUB_04248_SUB_06380_fwd,300000000.0,44676110.46798555,123640410.93997386,0,168
SUB_04248,SUB_04249,meso_SUB_04248_SUB_04249_fwd,150000000.0,11133243.272207389,18812537.690782055,0,168
SUB_04248,SUB_04256,meso_SUB_04248_SUB_04256_fwd,400000000.0,0.0,0.0,0,168
SUB_04248,WEC_CALN,iface_SUB_04248_WEC_CALN_to_ba,400000000.0,0.0,0.0,0,168
SUB_18297,SUB_18257,meso_SUB_18297_SUB_18257_rev,150000000.0,0.0,0.0,0,168
SUB_18297,SUB_HIFLD_2086,meso_SUB_18297_SUB_HIFLD_2086_fwd,150000000.0,0.0,0.0,0,168
SUB_18297,SUB_HIFLD_4291,meso_SUB_18297_SUB_HIFLD_4291_fwd,300000000.0,0.0,0.0,0,168
SUB_16282,SUB_16298,meso_SUB_16282_SUB_16298_fwd,150000000.0,0.0,0.0,0,168
SUB_16282,SUB_16378,meso_SUB_16282_SUB_16378_fwd,150000000.0,0.0,0.0,0,168
SUB_16282,SUB_16261,meso_SUB_16282_SUB_16261_rev,300000000.0,180959116.78242072,245685843.9220572,0,168
SUB_08362,SUB_08319,meso_SUB_08362_SUB_08319_rev,150000000.0,0.0,0.0,0,168
SUB_08362,SUB_08325,meso_SUB_08362_SUB_08325_rev,150000000.0,0.0,0.0,0,168
SUB_08362,SUB_08284,meso_SUB_08362_SUB_08284_rev,14112606.346627537,6536864.285835591,10444076.691741657,0,168
SUB_08362,SUB_08314,meso_SUB_08362_SUB_08314_rev,5000000.0,0.0,0.0,0,168
SUB_08362,SUB_08304,meso_SUB_08362_SUB_08304_rev,8382466.210595862,4100854.491532054,7041932.536646263,0,168
SUB_25276,SUB_25221,meso_SUB_25276_SUB_25221_rev,160000000.0,0.0,0.0,0,168
SUB_25276,SUB_25539,meso_SUB_25276_SUB_25539_fwd,80000000.0,0.0,0.0,0,168
SUB_25276,SUB_25512,meso_SUB_25276_SUB_25512_fwd,450000000.0,0.0,0.0,0,168
SUB_19233,SUB_19212,meso_SUB_19233_SUB_19212_rev,60000000.0,10473872.864931077,12742268.041237114,0,168
SUB_19233,SUB_19215,meso_SUB_19233_SUB_19215_rev,60000000.0,0.0,0.0,0,168
SUB_19233,SUB_19243,meso_SUB_19233_SUB_19243_fwd,120000000.0,0.0,0.0,0,168
SUB_15276,SUB_15308,meso_SUB_15276_SUB_15308_fwd,300000000.0,0.0,0.0,0,168
SUB_15276,SUB_HIFLD_1089,meso_SUB_15276_SUB_HIFLD_1089_fwd,400000000.0,2868590.9705556217,92269565.82879923,0,168
SUB_15276,SUB_HIFLD_2726,meso_SUB_15276_SUB_HIFLD_2726_fwd,400000000.0,31587602.738684386,108855767.93778549,0,168
SUB_15276,SUB_HIFLD_708,meso_SUB_15276_SUB_HIFLD_708_fwd,400000000.0,130910980.90104003,195469437.73219594,0,168
SUB_15276,SUB_15366,meso_SUB_15276_SUB_15366_rev,15290809.471895237,6147852.252216742,10421134.52400129,0,168
SUB_15276,WEC_CALN,iface_SUB_15276_WEC_CALN_to_ba,332700000.0,886881.7014238344,54838800.852449015,0,168
SUB_16277,SUB_01435,meso_SUB_16277_SUB_01435_rev,150000000.0,108300264.86445302,150000000.0,36,168
SUB_16277,SUB_16247,meso_SUB_16277_SUB_16247_rev,150000000.0,5268063.718356417,118272145.64273567,0,168
SUB_16277,SUB_16261,meso_SUB_16277_SUB_16261_rev,150000000.0,682453.834597321,26988773.830849208,0,168
SUB_16277,SUB_HIFLD_30,meso_SUB_16277_SUB_HIFLD_30_fwd,450000000.0,18443981.76046636,157897655.24414062,0,168
SUB_16277,SUB_16270,meso_SUB_16277_SUB_16270_rev,150000000.0,32302848.865615442,67380233.4133833,0,168
SUB_16277,SUB_16309,meso_SUB_16277_SUB_16309_rev,5000000.0,0.0,0.0,0,168
SUB_08343,SUB_08202,meso_SUB_08343_SUB_08202_rev,60000000.0,14475879.134484712,60000000.0,9,168
SUB_08343,SUB_08292,meso_SUB_08343_SUB_08292_rev,150000000.0,121310564.77961299,150000000.0,56,168
SUB_08343,SUB_08377,meso_SUB_08343_SUB_08377_fwd,400000000.0,0.0,0.0,0,168
SUB_08343,WEC_CALN,iface_SUB_08343_WEC_CALN_to_ba,1390000000.0,0.0,0.0,0,168
SUB_04318,SUB_04215,meso_SUB_04318_SUB_04215_rev,150000000.0,0.0,0.0,0,168
SUB_04318,SUB_04349,meso_SUB_04318_SUB_04349_fwd,150000000.0,0.0,0.0,0,168
SUB_04318,SUB_04337,meso_SUB_04318_SUB_04337_fwd,150000000.0,0.0,0.0,0,168
SUB_04318,SUB_04347,meso_SUB_04318_SUB_04347_fwd,150000000.0,2678399.5518335598,8549403.617308311,0,168
SUB_08342,SUB_01222,meso_SUB_08342_SUB_01222_rev,300000000.0,0.0,0.0,0,168
SUB_08342,SUB_08361,meso_SUB_08342_SUB_08361_fwd,300000000.0,32925380.795780376,145613222.61623424,0,168
SUB_08342,SUB_08300,meso_SUB_08342_SUB_08300_rev,150000000.0,0.0,0.0,0,168
SUB_08342,SUB_HIFLD_3163,meso_SUB_08342_SUB_HIFLD_3163_fwd,150000000.0,1761551.7823065459,8318741.569636617,0,168
SUB_08318,SUB_08324,meso_SUB_08318_SUB_08324_fwd,150000000.0,118474674.46670069,140817243.1839124,0,168
SUB_08318,SUB_18249,meso_SUB_08318_SUB_18249_fwd,150000000.0,25752524.597028963,38135505.25510814,0,168
SUB_08318,SUB_18274,meso_SUB_08318_SUB_18274_fwd,150000000.0,5424807.783731627,7715316.345299173,0,168
SUB_16345,SUB_16376,meso_SUB_16345_SUB_16376_fwd,14144163.644552011,0.0,0.0,0,168
SUB_08348,SUB_08367,meso_SUB_08348_SUB_08367_fwd,150000000.0,48178756.50453383,84994455.50045876,0,168
SUB_08348,SUB_08361,meso_SUB_08348_SUB_08361_fwd,242599564.40388107,0.0,0.0,0,168
SUB_25271,SUB_25236,meso_SUB_25271_SUB_25236_rev,60000000.0,0.0,0.0,0,168
SUB_01376,SUB_01216,meso_SUB_01376_SUB_01216_rev,400000000.0,0.0,0.0,0,168
SUB_01376,SUB_01438,meso_SUB_01376_SUB_01438_fwd,300000000.0,232696216.12341326,300000000.0,49,168
SUB_01376,SUB_01447,meso_SUB_01376_SUB_01447_fwd,300000000.0,86582206.60149491,121835051.54639176,0,168
SUB_01376,SUB_01469,meso_SUB_01376_SUB_01469_fwd,400000000.0,1120634.2789132807,24176492.27810889,0,168
SUB_01376,SUB_02419,meso_SUB_01376_SUB_02419_fwd,800000000.0,7674750.76918423,93740063.79716963,0,168
SUB_25230,SUB_25224,meso_SUB_25230_SUB_25224_rev,60000000.0,0.0,0.0,0,168
SUB_10322,SUB_10375,meso_SUB_10322_SUB_10375_fwd,5000000.0,5000000.0,5000000.0,168,168
SUB_18266,SUB_18261,meso_SUB_18266_SUB_18261_rev,60000000.0,7417434.497008597,29089176.012806058,0,168
SUB_18266,SUB_25216,meso_SUB_18266_SUB_25216_fwd,60000000.0,0.0,0.0,0,168
SUB_18295,SUB_18263,meso_SUB_18295_SUB_18263_rev,150000000.0,150000000.0,150000000.0,168,168
SUB_18295,SUB_18301,meso_SUB_18295_SUB_18301_fwd,150000000.0,150000000.0,150000000.0,168,168
SUB_25297,SUB_25277,meso_SUB_25297_SUB_25277_rev,80000000.0,0.0,0.0,0,168
SUB_25297,SUB_25348,meso_SUB_25297_SUB_25348_fwd,160000000.0,0.0,0.0,0,168
SUB_25297,SUB_25380,meso_SUB_25297_SUB_25380_fwd,80000000.0,2587701.108479577,8513402.427594686,0,168
SUB_25297,SUB_25407,meso_SUB_25297_SUB_25407_fwd,80000000.0,436018.2783904465,73251070.76959501,0,168
SUB_25297,SUB_HIFLD_1232,meso_SUB_25297_SUB_HIFLD_1232_fwd,80000000.0,0.0,0.0,0,168
SUB_25297,SUB_HIFLD_411,meso_SUB_25297_SUB_HIFLD_411_fwd,80000000.0,9260332.756964356,9643985.626245279,0,168
SUB_19238,SUB_19215,meso_SUB_19238_SUB_19215_fwd,7584338.119886424,0.0,0.0,0,168
SUB_25277,SUB_25297,meso_SUB_25277_SUB_25297_fwd,80000000.0,969091.5537834341,21850057.948210735,0,168
SUB_25277,SUB_25395,meso_SUB_25277_SUB_25395_fwd,150000000.0,0.0,0.0,0,168
SUB_25277,SUB_25407,meso_SUB_25277_SUB_25407_fwd,150000000.0,17840251.37684426,150000000.0,6,168
SUB_25277,SUB_25526,meso_SUB_25277_SUB_25526_fwd,150000000.0,5410941.794832917,115722832.5440628,0,168
SUB_25277,SUB_HIFLD_1232,meso_SUB_25277_SUB_HIFLD_1232_fwd,80000000.0,0.0,0.0,0,168
SUB_25277,SUB_25272,meso_SUB_25277_SUB_25272_rev,150000000.0,0.0,0.0,0,168
SUB_25277,SUB_HIFLD_1538,meso_SUB_25277_SUB_HIFLD_1538_fwd,1200000000.0,0.0,0.0,0,168
SUB_25277,SUB_HIFLD_2386,meso_SUB_25277_SUB_HIFLD_2386_fwd,1200000000.0,51390613.720199384,404381163.0593586,0,168
SUB_25277,SUB_HIFLD_2394,meso_SUB_25277_SUB_HIFLD_2394_fwd,800000000.0,119263178.46786,372580724.3628912,0,168
SUB_04205,SUB_01467,meso_SUB_04205_SUB_01467_rev,400000000.0,17278293.107604563,322032470.80072194,0,168
SUB_04205,SUB_04325,meso_SUB_04205_SUB_04325_fwd,800000000.0,10409994.18697816,31491946.63136276,0,168
SUB_04205,SUB_06364,meso_SUB_04205_SUB_06364_fwd,800000000.0,0.0,0.0,0,168
SUB_04205,SUB_01380,meso_SUB_04205_SUB_01380_rev,400000000.0,68269243.95448688,400000000.0,3,168
SUB_04205,SUB_06359,meso_SUB_04205_SUB_06359_fwd,400000000.0,1257446.1658784058,34213675.36484588,0,168
SUB_04205,SUB_04265,meso_SUB_04205_SUB_04265_rev,81871740.62421772,40130298.37217411,68818279.33714561,0,168
SUB_04205,WEC_CALN,iface_SUB_04205_WEC_CALN_to_ba,3118128259.3757825,0.0,0.0,0,168
SUB_01296,SUB_01430,meso_SUB_01296_SUB_01430_fwd,5000000.0,0.0,0.0,0,168
SUB_25993,SUB_25250,meso_SUB_25993_SUB_25250_rev,400000000.0,26166875.661586285,375306199.9015498,0,168
SUB_25993,WEC_CALN,iface_SUB_25993_WEC_CALN_to_ba,952000000.0,33289738.492263284,853280715.8263133,0,168
SUB_16378,SUB_16282,meso_SUB_16378_SUB_16282_rev,150000000.0,47618140.14995294,114207571.13232079,0,168
SUB_16378,SUB_16298,meso_SUB_16378_SUB_16298_rev,150000000.0,52073279.47784159,133053138.1993847,0,168
SUB_16378,SUB_16319,meso_SUB_16378_SUB_16319_rev,150000000.0,149701263.71528152,150000000.0,166,168
SUB_16378,SUB_16335,meso_SUB_16378_SUB_16335_rev,150000000.0,0.0,0.0,0,168
SUB_16378,SUB_16376,meso_SUB_16378_SUB_16376_rev,150000000.0,0.0,0.0,0,168
SUB_01368,SUB_HIFLD_11,meso_SUB_01368_SUB_HIFLD_11_fwd,150000000.0,0.0,0.0,0,168
SUB_01368,SUB_HIFLD_2989,meso_SUB_01368_SUB_HIFLD_2989_fwd,150000000.0,0.0,0.0,0,168
SUB_04321,SUB_04214,meso_SUB_04321_SUB_04214_rev,60000000.0,0.0,0.0,0,168
SUB_04321,SUB_04287,meso_SUB_04321_SUB_04287_rev,60000000.0,1108630.9336305077,2526383.948571903,0,168
SUB_16376,SUB_16378,meso_SUB_16376_SUB_16378_fwd,150000000.0,0.0,0.0,0,168
SUB_16376,SUB_16335,meso_SUB_16376_SUB_16335_rev,150000000.0,0.0,0.0,0,168
SUB_16376,SUB_16324,meso_SUB_16376_SUB_16324_rev,5000000.0,594544.6753185873,990721.6966766672,0,168
SUB_16376,SUB_16345,meso_SUB_16376_SUB_16345_rev,14144163.644552011,6405090.190548491,10480412.685748229,0,168
SUB_02418,SUB_02426,meso_SUB_02418_SUB_02426_fwd,58530515.2715891,0.0,0.0,0,168
SUB_10318,SUB_10236,meso_SUB_10318_SUB_10236_rev,60000000.0,0.0,0.0,0,168
SUB_08295,SUB_08296,meso_SUB_08295_SUB_08296_fwd,150000000.0,0.0,0.0,0,168
SUB_08295,SUB_08391,meso_SUB_08295_SUB_08391_fwd,207413628.6534229,21431946.960380904,61781530.2734375,0,168
SUB_04350,SUB_HIFLD_1360,meso_SUB_04350_SUB_HIFLD_1360_fwd,27792316.605766427,0.0,0.0,0,168
SUB_18318,SUB_18274,meso_SUB_18318_SUB_18274_fwd,5000000.0,0.0,0.0,0,168
SUB_08300,SUB_08299,meso_SUB_08300_SUB_08299_rev,150000000.0,2867.5075688078878,28010.36687241387,0,168
SUB_08300,SUB_08342,meso_SUB_08300_SUB_08342_fwd,150000000.0,3032638.543476664,3535923.698129654,0,168
SUB_10285,SUB_06283,meso_SUB_10285_SUB_06283_rev,120000000.0,51686.9901498861,504888.51488251047,0,168
SUB_10285,SUB_10260,meso_SUB_10285_SUB_10260_rev,120000000.0,0.0,0.0,0,168
SUB_10308,SUB_10204,meso_SUB_10308_SUB_10204_rev,150000000.0,0.0,0.0,0,168
SUB_10308,SUB_10217,meso_SUB_10308_SUB_10217_rev,150000000.0,887027.493983902,1664948.5401271544,0,168
SUB_10308,SUB_10294,meso_SUB_10308_SUB_10294_rev,150000000.0,10739210.529964391,15714474.719451576,0,168
SUB_10308,SUB_10307,meso_SUB_10308_SUB_10307_rev,300000000.0,0.0,0.0,0,168
SUB_10308,SUB_10325,meso_SUB_10308_SUB_10325_fwd,150000000.0,63570325.05263692,81429796.27818656,0,168
SUB_10308,SUB_10205,meso_SUB_10308_SUB_10205_rev,150000000.0,3126923.5057557374,9268557.110029398,0,168
SUB_10308,SUB_10283,meso_SUB_10308_SUB_10283_rev,300000000.0,0.0,0.0,0,168
SUB_25391,SUB_25407,meso_SUB_25391_SUB_25407_fwd,300000000.0,0.0,0.0,0,168
SUB_25391,SUB_HIFLD_2869,meso_SUB_25391_SUB_HIFLD_2869_fwd,150000000.0,0.0,0.0,0,168
SUB_25391,SUB_HIFLD_369,meso_SUB_25391_SUB_HIFLD_369_rev,5000000.0,0.0,0.0,0,168
SUB_04343,SUB_04256,meso_SUB_04343_SUB_04256_rev,150000000.0,0.0,0.0,0,168
SUB_04343,SUB_04271,meso_SUB_04343_SUB_04271_rev,60000000.0,0.0,0.0,0,168
SUB_04343,SUB_04305,meso_SUB_04343_SUB_04305_rev,150000000.0,419841.4103096469,747994.7119644007,0,168
SUB_04343,SUB_04307,meso_SUB_04343_SUB_04307_rev,60000000.0,0.0,0.0,0,168
SUB_04343,SUB_04329,meso_SUB_04343_SUB_04329_rev,150000000.0,17882492.359069616,59426187.479864694,0,168
SUB_04343,SUB_04215,meso_SUB_04343_SUB_04215_rev,150000000.0,0.0,0.0,0,168
SUB_04343,SUB_04332,meso_SUB_04343_SUB_04332_rev,150000000.0,0.0,0.0,0,168
SUB_04343,SUB_06368,meso_SUB_04343_SUB_06368_fwd,300000000.0,815839.4514394877,17218911.012329403,0,168
SUB_01416,SUB_01365,meso_SUB_01416_SUB_01365_rev,400000000.0,0.0,0.0,0,168
SUB_01416,SUB_01380,meso_SUB_01416_SUB_01380_rev,400000000.0,1591648.5495308558,161845918.2463565,0,168
SUB_25209,SUB_25464,meso_SUB_25209_SUB_25464_fwd,45807250.98954275,255849.08120770924,10537639.533428166,0,168
SUB_25209,WEC_CALN,iface_SUB_25209_WEC_CALN_to_ba,2700000000.0,846435.1648477631,15154432.992364211,0,168
SUB_06313,SUB_06204,meso_SUB_06313_SUB_06204_rev,150000000.0,0.0,0.0,0,168
SUB_06313,SUB_06362,meso_SUB_06313_SUB_06362_fwd,150000000.0,2974391.3143972517,27071155.66607603,0,168
SUB_06313,SUB_HIFLD_1370,meso_SUB_06313_SUB_HIFLD_1370_fwd,150000000.0,22137.430946675944,3719088.3990415586,0,168
SUB_06313,SUB_HIFLD_4006,meso_SUB_06313_SUB_HIFLD_4006_fwd,60000000.0,17641859.898032203,33944282.02049425,0,168
SUB_06313,SUB_HIFLD_595,meso_SUB_06313_SUB_HIFLD_595_fwd,300000000.0,0.0,0.0,0,168
SUB_18219,SUB_18203,meso_SUB_18219_SUB_18203_rev,60000000.0,0.0,0.0,0,168
SUB_18219,SUB_18239,meso_SUB_18219_SUB_18239_fwd,60000000.0,21692.440798894764,300000.0550574863,0,168
SUB_25348,SUB_18301,meso_SUB_25348_SUB_18301_rev,1200000000.0,95290.31996863607,16008773.75473086,0,168
SUB_25348,SUB_25293,meso_SUB_25348_SUB_25293_rev,80000000.0,1153037.5682084537,12980412.471417299,0,168
SUB_25348,SUB_25297,meso_SUB_25348_SUB_25297_rev,160000000.0,14340276.036411382,105339791.3365551,0,168
SUB_25348,SUB_25319,meso_SUB_25348_SUB_25319_rev,80000000.0,1177592.7794160396,8778970.876867909,0,168
SUB_25348,SUB_25341,meso_SUB_25348_SUB_25341_rev,80000000.0,14225413.575328793,56942407.215698615,0,168
SUB_25348,SUB_HIFLD_1538,meso_SUB_25348_SUB_HIFLD_1538_fwd,1200000000.0,11116840.123286765,354686873.780511,0,168
SUB_25348,SUB_HIFLD_1768,meso_SUB_25348_SUB_HIFLD_1768_fwd,1200000000.0,68200660.94903551,554366196.3976798,0,168
SUB_25348,WEC_CALN,iface_SUB_25348_WEC_CALN_to_ba,20000000.0,2380952.380952381,20000000.0,20,168
SUB_10339,SUB_10348,meso_SUB_10339_SUB_10348_fwd,60000000.0,0.0,0.0,0,168
SUB_25237,SUB_25441,meso_SUB_25237_SUB_25441_fwd,27726477.2213718,0.0,0.0,0,168
SUB_10348,SUB_10334,meso_SUB_10348_SUB_10334_rev,60000000.0,0.0,0.0,0,168
SUB_10348,SUB_10339,meso_SUB_10348_SUB_10339_rev,60000000.0,3407646.056724402,4901031.108738221,0,168
SUB_10348,SUB_10358,meso_SUB_10348_SUB_10358_fwd,60000000.0,0.0,0.0,0,168
SUB_19225,SUB_19229,meso_SUB_19225_SUB_19229_fwd,60000000.0,25709257.682216782,30948000.093460083,0,168
SUB_04316,SUB_04281,meso_SUB_04316_SUB_04281_rev,60000000.0,0.0,0.0,0,168
SUB_04316,SUB_04285,meso_SUB_04316_SUB_04285_rev,60000000.0,0.0,0.0,0,168
SUB_10344,SUB_10293,meso_SUB_10344_SUB_10293_rev,150000000.0,3532676.109230147,12246848.17084646,0,168
SUB_10344,SUB_10326,meso_SUB_10344_SUB_10326_rev,60000000.0,5162746.5509293815,8753093.129580785,0,168
SUB_10344,SUB_10352,meso_SUB_10344_SUB_10352_fwd,150000000.0,4623364.78829871,10054124.214722939,0,168
SUB_10344,SUB_HIFLD_2171,meso_SUB_10344_SUB_HIFLD_2171_fwd,60000000.0,2109417.855563677,7991105.288751751,0,168
SUB_10344,SUB_HIFLD_2173,meso_SUB_10344_SUB_HIFLD_2173_fwd,150000000.0,1265724.7781421733,2104258.6483940706,0,168
SUB_10344,SUB_HIFLD_3963,meso_SUB_10344_SUB_HIFLD_3963_fwd,150000000.0,199331.08932558878,9413117.79892905,0,168
SUB_10236,SUB_10281,meso_SUB_10236_SUB_10281_fwd,60000000.0,0.0,0.0,0,168
SUB_10236,SUB_10318,meso_SUB_10236_SUB_10318_fwd,60000000.0,1333462.2049542344,1892268.0805638894,0,168
SUB_10236,SUB_HIFLD_1048,meso_SUB_10236_SUB_HIFLD_1048_fwd,60000000.0,0.0,0.0,0,168
SUB_10236,SUB_HIFLD_482,meso_SUB_10236_SUB_HIFLD_482_fwd,60000000.0,47515375.207603276,54767334.3606832,0,168
SUB_06246,SUB_01365,meso_SUB_06246_SUB_01365_rev,150000000.0,0.0,0.0,0,168
SUB_06246,SUB_HIFLD_738,meso_SUB_06246_SUB_HIFLD_738_fwd,300000000.0,15301275.146796355,84263926.7057458,0,168
SUB_06246,SUB_HIFLD_595,meso_SUB_06246_SUB_HIFLD_595_fwd,300000000.0,19258080.586854022,131204054.23673853,0,168
SUB_19234,SUB_19243,meso_SUB_19234_SUB_19243_fwd,300000000.0,25199223.82643255,71116611.76471812,0,168
SUB_10338,SUB_10345,meso_SUB_10338_SUB_10345_fwd,60000000.0,20929331.07423238,47987128.55297296,0,168
SUB_10338,SUB_HIFLD_2355,meso_SUB_10338_SUB_HIFLD_2355_fwd,60000000.0,49672793.926766716,60000000.0,48,168
SUB_10212,SUB_10211,meso_SUB_10212_SUB_10211_fwd,5000000.0,0.0,0.0,0,168
SUB_25354,SUB_25245,meso_SUB_25354_SUB_25245_fwd,7266232.224228722,172165.361955441,1105942.69323,0,168
SUB_15243,SUB_15203,meso_SUB_15243_SUB_15203_rev,120000000.0,5830369.429665567,8466495.08132148,0,168
SUB_15243,SUB_15230,meso_SUB_15243_SUB_15230_rev,60000000.0,0.0,0.0,0,168
SUB_15243,SUB_15249,meso_SUB_15243_SUB_15249_fwd,60000000.0,6324256.464033661,32248561.185412824,0,168
SUB_25244,SUB_25208,meso_SUB_25244_SUB_25208_rev,80000000.0,0.0,0.0,0,168
SUB_15308,SUB_15226,meso_SUB_15308_SUB_15226_rev,150000000.0,47434491.79677755,95928000.18310547,0,168
SUB_15308,SUB_15276,meso_SUB_15308_SUB_15276_rev,300000000.0,45384570.68941689,92147989.75553218,0,168
SUB_01465,SUB_01343,meso_SUB_01465_SUB_01343_rev,300000000.0,9842116.087335002,58119562.68028367,0,168
SUB_01465,SUB_01391,meso_SUB_01465_SUB_01391_rev,300000000.0,11935684.51242685,52512675.54045661,0,168
SUB_01465,SUB_01445,meso_SUB_01465_SUB_01445_rev,150000000.0,14353918.215633502,119006812.71791287,0,168
SUB_01465,SUB_01467,meso_SUB_01465_SUB_01467_fwd,400000000.0,13693234.54815048,184024205.5819486,0,168
SUB_01465,SUB_01216,meso_SUB_01465_SUB_01216_rev,400000000.0,0.0,0.0,0,168
SUB_01465,SUB_01324,meso_SUB_01465_SUB_01324_rev,400000000.0,1058737.5261520701,89408426.55594629,0,168
SUB_01465,WEC_CALN,iface_SUB_01465_WEC_CALN_to_ba,850000000.0,0.0,0.0,0,168
SUB_25388,SUB_HIFLD_1833,meso_SUB_25388_SUB_HIFLD_1833_fwd,150000000.0,0.0,0.0,0,168
SUB_08319,SUB_08324,meso_SUB_08319_SUB_08324_fwd,450000000.0,0.0,0.0,0,168
SUB_08319,SUB_08325,meso_SUB_08319_SUB_08325_fwd,150000000.0,107646629.16026908,142271657.58471674,0,168
SUB_08319,SUB_08351,meso_SUB_08319_SUB_08351_fwd,60000000.0,2519825.0567380507,5103092.783505155,0,168
SUB_08319,SUB_08362,meso_SUB_08319_SUB_08362_fwd,150000000.0,43034339.65733725,75927390.01074141,0,168
SUB_08319,SUB_08369,meso_SUB_08319_SUB_08369_fwd,150000000.0,18884947.625573616,22958762.88659794,0,168
SUB_08319,SUB_18238,meso_SUB_08319_SUB_18238_fwd,300000000.0,0.0,0.0,0,168
SUB_08319,SUB_08311,meso_SUB_08319_SUB_08311_rev,5000000.0,399188.4282832645,685480.9947849549,0,168
SUB_04276,SUB_04266,meso_SUB_04276_SUB_04266_rev,60000000.0,0.0,0.0,0,168
SUB_04276,SUB_04295,meso_SUB_04276_SUB_04295_fwd,60000000.0,0.0,0.0,0,168
SUB_04276,SUB_04308,meso_SUB_04276_SUB_04308_fwd,60000000.0,2380503.5387000795,4130478.392925459,0,168
SUB_25234,SUB_25235,meso_SUB_25234_SUB_25235_fwd,210000000.0,0.0,0.0,0,168
SUB_25234,SUB_25241,meso_SUB_25234_SUB_25241_fwd,80000000.0,1334845.1247918562,34058759.44489256,0,168
SUB_25234,SUB_25409,meso_SUB_25234_SUB_25409_fwd,60000000.0,36753584.410602614,52337896.2802041,0,168
SUB_25234,SUB_25453,meso_SUB_25234_SUB_25453_fwd,150000000.0,389384.8802290411,11931552.36264243,0,168
SUB_25234,SUB_HIFLD_217,meso_SUB_25234_SUB_HIFLD_217_fwd,60000000.0,2231075.040812599,3348805.035640867,0,168
SUB_25234,SUB_25229,meso_SUB_25234_SUB_25229_rev,300000000.0,2030133.1149912274,14723196.222364288,0,168
SUB_25234,SUB_25294,meso_SUB_25234_SUB_25294_fwd,300000000.0,0.0,0.0,0,168
SUB_25234,SUB_25412,meso_SUB_25234_SUB_25412_fwd,80000000.0,0.0,0.0,0,168
SUB_10254,SUB_10335,meso_SUB_10254_SUB_10335_fwd,60000000.0,8478333.32706633,9146000.045776367,0,168
SUB_25361,SUB_HIFLD_1833,meso_SUB_25361_SUB_HIFLD_1833_fwd,46665706.83741552,0.0,0.0,0,168
SUB_10321,SUB_15375,meso_SUB_10321_SUB_15375_fwd,9524443.514595995,0.0,0.0,0,168
SUB_25219,SUB_25269,meso_SUB_25219_SUB_25269_fwd,80000000.0,0.0,0.0,0,168
SUB_25219,SUB_25281,meso_SUB_25219_SUB_25281_fwd,80000000.0,41151870.62772978,42028825.03444672,0,168
SUB_04263,SUB_04212,meso_SUB_04263_SUB_04212_rev,60000000.0,0.0,0.0,0,168
SUB_04263,SUB_04227,meso_SUB_04263_SUB_04227_rev,60000000.0,566439.5711652543,15627468.017578125,0,168
SUB_04263,SUB_04337,meso_SUB_04263_SUB_04337_fwd,60000000.0,0.0,0.0,0,168
SUB_16330,SUB_16242,meso_SUB_16330_SUB_16242_rev,120000000.0,0.0,0.0,0,168
SUB_16330,SUB_16312,meso_SUB_16330_SUB_16312_rev,60000000.0,0.0,0.0,0,168
SUB_16330,SUB_16370,meso_SUB_16330_SUB_16370_fwd,60000000.0,2476828.6786011523,3846907.4681862113,0,168
SUB_01392,SUB_01391,meso_SUB_01392_SUB_01391_rev,60000000.0,4136118.408034891,24222561.362355027,0,168
SUB_01392,SUB_01467,meso_SUB_01392_SUB_01467_fwd,120000000.0,5330964.012662875,28846126.46484375,0,168
SUB_01392,SUB_04204,meso_SUB_01392_SUB_04204_fwd,120000000.0,1339886.112772752,20552200.1953125,0,168
SUB_25216,SUB_18266,meso_SUB_25216_SUB_18266_rev,60000000.0,13001581.91411161,37502758.52439735,0,168
SUB_25216,SUB_25238,meso_SUB_25216_SUB_25238_fwd,60000000.0,814822.6916936314,1373834.3464959527,0,168
SUB_01430,SUB_01202,meso_SUB_01430_SUB_01202_rev,150000000.0,0.0,0.0,0,168
SUB_01430,SUB_01353,meso_SUB_01430_SUB_01353_rev,150000000.0,0.0,0.0,0,168
SUB_01430,SUB_01385,meso_SUB_01430_SUB_01385_rev,5000000.0,808538.2085836689,1348970.2952276801,0,168
SUB_01430,SUB_01355,meso_SUB_01430_SUB_01355_rev,7151258.388629189,3499792.349847673,4680412.37113402,0,168
SUB_01430,SUB_01296,meso_SUB_01430_SUB_01296_rev,5000000.0,2230608.202372922,3721561.0936744926,0,168
SUB_02411,SUB_02404,meso_SUB_02411_SUB_02404_rev,60000000.0,0.0,0.0,0,168
SUB_02411,SUB_02410,meso_SUB_02411_SUB_02410_rev,60000000.0,13486848.422833897,35547802.655234925,0,168
SUB_01434,SUB_01250,meso_SUB_01434_SUB_01250_rev,150000000.0,0.0,0.0,0,168
SUB_04249,SUB_04248,meso_SUB_04249_SUB_04248_rev,150000000.0,0.0,0.0,0,168
SUB_04349,SUB_04227,meso_SUB_04349_SUB_04227_rev,60000000.0,11211803.478557453,27711340.20618557,0,168
SUB_04349,SUB_04318,meso_SUB_04349_SUB_04318_rev,150000000.0,0.0,0.0,0,168
SUB_04349,SUB_04337,meso_SUB_04349_SUB_04337_rev,150000000.0,0.0,0.0,0,168
SUB_04349,SUB_04347,meso_SUB_04349_SUB_04347_rev,150000000.0,2196485.1405612384,7227892.311332152,0,168
SUB_18222,SUB_18229,meso_SUB_18222_SUB_18229_fwd,60000000.0,7366967.358820918,9018557.078567976,0,168
SUB_18222,SUB_18235,meso_SUB_18222_SUB_18235_fwd,150000000.0,0.0,0.0,0,168
SUB_18222,SUB_18240,meso_SUB_18222_SUB_18240_fwd,210000000.0,12820167.528020442,16841753.08070232,0,168
SUB_18222,SUB_18285,meso_SUB_18222_SUB_18285_fwd,60000000.0,22858585.108125363,26254406.363338955,0,168
SUB_18222,SUB_18238,meso_SUB_18222_SUB_18238_fwd,150000000.0,0.0,0.0,0,168
SUB_19246,SUB_19222,meso_SUB_19246_SUB_19222_rev,60000000.0,18545421.276347317,60000000.0,2,168
SUB_19246,SUB_19229,meso_SUB_19246_SUB_19229_rev,60000000.0,0.0,0.0,0,168
SUB_19246,SUB_19231,meso_SUB_19246_SUB_19231_rev,60000000.0,1005556.5796715698,1214433.049664055,0,168
SUB_19246,SUB_19241,meso_SUB_19246_SUB_19241_rev,150000000.0,294338.4873938267,393608.2726471203,0,168
SUB_19246,SUB_19243,meso_SUB_19246_SUB_19243_rev,60000000.0,0.0,0.0,0,168
SUB_19246,SUB_HIFLD_2356,meso_SUB_19246_SUB_HIFLD_2356_fwd,150000000.0,0.0,0.0,0,168
SUB_19246,SUB_10293,meso_SUB_19246_SUB_10293_rev,150000000.0,0.0,0.0,0,168
SUB_04285,SUB_04281,meso_SUB_04285_SUB_04281_rev,60000000.0,0.0,0.0,0,168
SUB_04285,SUB_04286,meso_SUB_04285_SUB_04286_fwd,60000000.0,2757723.285911513,7142296.022526588,0,168
SUB_04285,SUB_04316,meso_SUB_04285_SUB_04316_fwd,60000000.0,0.0,0.0,0,168
SUB_01338,SUB_01318,meso_SUB_01338_SUB_01318_fwd,5489765.268785468,0.0,0.0,0,168
SUB_06344,SUB_06332,meso_SUB_06344_SUB_06332_rev,60000000.0,696426.407119651,3130354.1045827963,0,168
SUB_06344,SUB_15215,meso_SUB_06344_SUB_15215_fwd,60000000.0,0.0,0.0,0,168
SUB_06344,SUB_06203,meso_SUB_06344_SUB_06203_rev,60000000.0,0.0,0.0,0,168
SUB_16371,SUB_16368,meso_SUB_16371_SUB_16368_rev,860000000.0,0.0,0.0,0,168
SUB_16371,SUB_25430,meso_SUB_16371_SUB_25430_fwd,800000000.0,0.0,0.0,0,168
SUB_16371,SUB_HIFLD_1851,meso_SUB_16371_SUB_HIFLD_1851_fwd,400000000.0,0.0,0.0,0,168
SUB_16371,SUB_HIFLD_2295,meso_SUB_16371_SUB_HIFLD_2295_fwd,300000000.0,19979004.778098322,69373088.58141983,0,168
SUB_16371,WEC_CALN,iface_SUB_16371_WEC_CALN_to_ba,20000000.0,0.0,0.0,0,168
SUB_25295,SUB_25268,meso_SUB_25295_SUB_25268_rev,60000000.0,4602871.990126659,16057948.520531096,0,168
SUB_25295,SUB_25500,meso_SUB_25295_SUB_25500_rev,11176128.914841287,3653843.580434849,10221649.924995974,0,168
SUB_25295,SUB_25273,meso_SUB_25295_SUB_25273_rev,5186346.511616938,3482409.7896110914,3962371.224595099,0,168
SUB_25284,SUB_HIFLD_2511,meso_SUB_25284_SUB_HIFLD_2511_fwd,60000000.0,0.0,0.0,0,168
SUB_25280,SUB_25245,meso_SUB_25280_SUB_25245_rev,80000000.0,0.0,0.0,0,168
SUB_06207,SUB_06202,meso_SUB_06207_SUB_06202_rev,60000000.0,5670872.38430502,9308563.162054768,0,168
SUB_06207,SUB_06205,meso_SUB_06207_SUB_06205_rev,60000000.0,0.0,0.0,0,168
SUB_06207,SUB_06254,meso_SUB_06207_SUB_06254_fwd,60000000.0,1288246.3379630644,11274686.023334092,0,168
SUB_06207,SUB_06277,meso_SUB_06207_SUB_06277_fwd,60000000.0,7479707.300667639,16615133.060041606,0,168
SUB_16362,SUB_16230,meso_SUB_16362_SUB_16230_rev,60000000.0,0.0,0.0,0,168
SUB_16362,SUB_16312,meso_SUB_16362_SUB_16312_rev,60000000.0,0.0,0.0,0,168
SUB_16362,SUB_16372,meso_SUB_16362_SUB_16372_fwd,60000000.0,0.0,0.0,0,168
SUB_04299,SUB_04201,meso_SUB_04299_SUB_04201_rev,150000000.0,0.0,0.0,0,168
SUB_04299,SUB_04248,meso_SUB_04299_SUB_04248_rev,150000000.0,0.0,0.0,0,168
SUB_10327,SUB_HIFLD_2188,meso_SUB_10327_SUB_HIFLD_2188_fwd,5000000.0,0.0,0.0,0,168
SUB_01302,SUB_01233,meso_SUB_01302_SUB_01233_rev,60000000.0,6069508.292350994,8244785.8419792345,0,168
SUB_01302,SUB_01252,meso_SUB_01302_SUB_01252_fwd,42909221.75810537,0.0,0.0,0,168
SUB_08301,SUB_08325,meso_SUB_08301_SUB_08325_fwd,60000000.0,0.0,0.0,0,168
SUB_02286,SUB_02210,meso_SUB_02286_SUB_02210_rev,150000000.0,0.0,0.0,0,168
SUB_02286,SUB_02272,meso_SUB_02286_SUB_02272_rev,60000000.0,54246174.360594384,60000000.0,98,168
SUB_02286,SUB_02264,meso_SUB_02286_SUB_02264_rev,150000000.0,21618298.964011032,51043681.581464544,0,168
SUB_02286,SUB_02270,meso_SUB_02286_SUB_02270_rev,60000000.0,1463138.3812538711,5103092.783505155,0,168
SUB_02286,SUB_02244,meso_SUB_02286_SUB_02244_rev,7193142.353455263,3353310.8056264585,4453608.24742268,0,168
SUB_01426,SUB_01467,meso_SUB_01426_SUB_01467_fwd,150000000.0,0.0,0.0,0,168
SUB_01426,SUB_04204,meso_SUB_01426_SUB_04204_fwd,150000000.0,0.0,0.0,0,168
SUB_01426,SUB_01437,meso_SUB_01426_SUB_01437_rev,43139308.61098474,21857345.141156606,36466935.934479706,0,168
SUB_15206,SUB_15258,meso_SUB_15206_SUB_15258_fwd,120000000.0,17021247.399701755,41177836.813385956,0,168
SUB_15206,SUB_HIFLD_2010,meso_SUB_15206_SUB_HIFLD_2010_fwd,120000000.0,0.0,0.0,0,168
SUB_10252,SUB_10291,meso_SUB_10252_SUB_10291_fwd,60000000.0,0.0,0.0,0,168
SUB_10252,SUB_10309,meso_SUB_10252_SUB_10309_fwd,60000000.0,1546876.879667954,3938660.0140443784,0,168
SUB_15247,SUB_15220,meso_SUB_15247_SUB_15220_rev,60000000.0,0.0,0.0,0,168
SUB_15290,SUB_15215,meso_SUB_15290_SUB_15215_rev,150000000.0,0.0,0.0,0,168
SUB_15290,SUB_15375,meso_SUB_15290_SUB_15375_fwd,150000000.0,0.0,0.0,0,168
SUB_15290,SUB_15376,meso_SUB_15290_SUB_15376_fwd,60000000.0,67774.26013263252,4110824.7422680412,0,168
SUB_15290,SUB_15378,meso_SUB_15290_SUB_15378_fwd,150000000.0,0.0,0.0,0,168
SUB_15290,SUB_HIFLD_700,meso_SUB_15290_SUB_HIFLD_700_fwd,150000000.0,5845202.929510827,11126221.330347579,0,168
SUB_15257,SUB_15246,meso_SUB_15257_SUB_15246_rev,300000000.0,0.0,0.0,0,168
SUB_15257,SUB_HIFLD_2726,meso_SUB_15257_SUB_HIFLD_2726_fwd,150000000.0,0.0,0.0,0,168
SUB_15257,SUB_HIFLD_597,meso_SUB_15257_SUB_HIFLD_597_fwd,150000000.0,0.0,0.0,0,168
SUB_02281,SUB_02272,meso_SUB_02281_SUB_02272_rev,60000000.0,0.0,0.0,0,168
SUB_02281,SUB_02410,meso_SUB_02281_SUB_02410_fwd,60000000.0,1512433.3876841362,10112862.651367188,0,168
SUB_01432,SUB_01365,meso_SUB_01432_SUB_01365_rev,120000000.0,0.0,0.0,0,168
SUB_01432,SUB_16209,meso_SUB_01432_SUB_16209_fwd,60000000.0,0.0,0.0,0,168
SUB_01432,SUB_16374,meso_SUB_01432_SUB_16374_fwd,60000000.0,0.0,0.0,0,168
SUB_16298,SUB_16282,meso_SUB_16298_SUB_16282_rev,150000000.0,0.0,0.0,0,168
SUB_16298,SUB_16357,meso_SUB_16298_SUB_16357_fwd,300000000.0,7717590.228143017,9841237.585323373,0,168
SUB_16298,SUB_16378,meso_SUB_16298_SUB_16378_fwd,150000000.0,0.0,0.0,0,168
SUB_16298,SUB_16261,meso_SUB_16298_SUB_16261_rev,300000000.0,31950640.574537378,118318497.45061626,0,168
SUB_16298,SUB_16319,meso_SUB_16298_SUB_16319_fwd,150000000.0,3579411.8843709487,23273196.37967139,0,168
SUB_04328,SUB_04204,meso_SUB_04328_SUB_04204_rev,300000000.0,0.0,0.0,0,168
SUB_04328,SUB_06380,meso_SUB_04328_SUB_06380_fwd,150000000.0,0.0,0.0,0,168
SUB_04328,SUB_04255,meso_SUB_04328_SUB_04255_rev,5000000.0,1287012.3658919956,2041237.1134020619,0,168
SUB_04328,SUB_04245,meso_SUB_04328_SUB_04245_rev,48021228.11362854,23608243.67221688,33608247.422680415,0,168
SUB_15370,SUB_15244,meso_SUB_15370_SUB_15244_rev,150000000.0,2973383.555040922,11331775.7,0,168
SUB_15203,SUB_15243,meso_SUB_15203_SUB_15243_fwd,120000000.0,0.0,0.0,0,168
SUB_01254,SUB_01211,meso_SUB_01254_SUB_01211_rev,150000000.0,40043088.72322621,67744896.51618186,0,168
SUB_01254,SUB_01318,meso_SUB_01254_SUB_01318_fwd,150000000.0,0.0,0.0,0,168
SUB_01254,SUB_HIFLD_1131,meso_SUB_01254_SUB_HIFLD_1131_fwd,150000000.0,1538393.2580479025,4573911.1516893525,0,168
SUB_01254,SUB_01201,meso_SUB_01254_SUB_01201_rev,150000000.0,12161611.905731667,29528967.082947407,0,168
SUB_01254,SUB_01380,meso_SUB_01254_SUB_01380_fwd,450000000.0,0.0,0.0,0,168
SUB_01254,SUB_01352,meso_SUB_01254_SUB_01352_rev,5625048.426506585,2009478.6765707668,2041237.1134020619,0,168
SUB_01254,SUB_01267,meso_SUB_01254_SUB_01267_rev,10283825.553015212,2041237.1134020616,2041237.1134020619,0,168
SUB_25468,SUB_25232,meso_SUB_25468_SUB_25232_rev,80000000.0,4590565.007711814,9168152.095395682,0,168
SUB_25468,SUB_18256,meso_SUB_25468_SUB_18256_rev,9894029.506689508,3286093.1467743763,8952967.5663277,0,168
SUB_25468,SUB_25440,meso_SUB_25468_SUB_25440_rev,5000000.0,42541.01843783009,70201.21210629179,0,168
SUB_06381,SUB_06208,meso_SUB_06381_SUB_06208_rev,120000000.0,0.0,0.0,0,168
SUB_04277,SUB_04282,meso_SUB_04277_SUB_04282_fwd,150000000.0,0.0,0.0,0,168
SUB_06283,SUB_06202,meso_SUB_06283_SUB_06202_rev,60000000.0,0.0,0.0,0,168
SUB_06283,SUB_06288,meso_SUB_06283_SUB_06288_fwd,60000000.0,0.0,0.0,0,168
SUB_06283,SUB_10285,meso_SUB_06283_SUB_10285_fwd,120000000.0,410738.15657527104,6048453.804881303,0,168
SUB_10326,SUB_10293,meso_SUB_10326_SUB_10293_rev,120000000.0,0.0,0.0,0,168
SUB_10326,SUB_10344,meso_SUB_10326_SUB_10344_fwd,60000000.0,0.0,0.0,0,168
SUB_08377,SUB_08337,meso_SUB_08377_SUB_08337_rev,400000000.0,0.0,0.0,0,168
SUB_08377,SUB_08343,meso_SUB_08377_SUB_08343_rev,400000000.0,0.0,0.0,0,168
SUB_08377,WEC_CALN,iface_SUB_08377_WEC_CALN_to_ba,800000000.0,0.0,0.0,0,168
SUB_01438,SUB_HIFLD_2791,meso_SUB_01438_SUB_HIFLD_2791_fwd,150000000.0,35748252.483132556,73384031.50804017,0,168
SUB_01438,SUB_01376,meso_SUB_01438_SUB_01376_rev,300000000.0,0.0,0.0,0,168
SUB_01438,SUB_HIFLD_28,meso_SUB_01438_SUB_HIFLD_28_fwd,150000000.0,123123353.95933941,150000000.0,72,168
SUB_01438,SUB_HIFLD_3448,meso_SUB_01438_SUB_HIFLD_3448_fwd,150000000.0,9347857.069134803,59704870.361328125,0,168
SUB_25231,SUB_25347,meso_SUB_25231_SUB_25347_fwd,60000000.0,22625754.87815933,54170202.951620355,0,168
SUB_25231,SUB_25367,meso_SUB_25231_SUB_25367_fwd,150000000.0,0.0,0.0,0,168
SUB_25231,SUB_25446,meso_SUB_25231_SUB_25446_fwd,150000000.0,19948.03620719067,33971.25214645543,0,168
SUB_25231,SUB_25537,meso_SUB_25231_SUB_25537_fwd,80000000.0,520350.1675748625,9896521.052782785,0,168
SUB_25231,SUB_25242,meso_SUB_25231_SUB_25242_fwd,150000000.0,11106154.51329858,54975549.360750705,0,168
SUB_16321,SUB_16207,meso_SUB_16321_SUB_16207_rev,120000000.0,0.0,0.0,0,168
SUB_16321,SUB_16348,meso_SUB_16321_SUB_16348_fwd,120000000.0,0.0,0.0,0,168
SUB_15378,SUB_15290,meso_SUB_15378_SUB_15290_rev,150000000.0,5639876.127031096,21257034.594530288,0,168
SUB_15378,SUB_15215,meso_SUB_15378_SUB_15215_rev,150000000.0,4595430.172545116,39932499.755859375,0,168
SUB_04246,SUB_04202,meso_SUB_04246_SUB_04202_rev,60000000.0,0.0,0.0,0,168
SUB_04246,SUB_04230,meso_SUB_04246_SUB_04230_rev,60000000.0,0.0,0.0,0,168
SUB_18282,SUB_18257,meso_SUB_18282_SUB_18257_rev,150000000.0,17415003.728370648,26765156.455764174,0,168
SUB_18282,SUB_18260,meso_SUB_18282_SUB_18260_rev,150000000.0,7765586.608763348,31776288.659793813,0,168
SUB_18282,SUB_18267,meso_SUB_18282_SUB_18267_rev,300000000.0,6961250.887554253,83202190.36919178,0,168
SUB_18282,SUB_18281,meso_SUB_18282_SUB_18281_rev,150000000.0,36422490.67409781,41829083.47547107,0,168
SUB_18282,SUB_18301,meso_SUB_18282_SUB_18301_fwd,800000000.0,0.0,0.0,0,168
SUB_18282,SUB_18206,meso_SUB_18282_SUB_18206_rev,150000000.0,22427963.143961128,28098969.827239048,0,168
SUB_18282,WEC_CALN,iface_SUB_18282_WEC_CALN_to_ba,20000000.0,1190476.1904761905,20000000.0,10,168
SUB_19239,SUB_19218,meso_SUB_19239_SUB_19218_rev,60000000.0,0.0,0.0,0,168
SUB_19239,SUB_19243,meso_SUB_19239_SUB_19243_fwd,60000000.0,0.0,0.0,0,168
SUB_19239,SUB_19245,meso_SUB_19239_SUB_19245_fwd,60000000.0,0.0,0.0,0,168
SUB_25409,SUB_25234,meso_SUB_25409_SUB_25234_rev,60000000.0,0.0,0.0,0,168
SUB_25409,SUB_HIFLD_2511,meso_SUB_25409_SUB_HIFLD_2511_fwd,60000000.0,12991018.545859471,17766900.675445784,0,168
SUB_25450,SUB_25246,meso_SUB_25450_SUB_25246_rev,150000000.0,0.0,0.0,0,168
SUB_25450,SUB_25290,meso_SUB_25450_SUB_25290_rev,300000000.0,0.0,0.0,0,168
SUB_25450,SUB_25318,meso_SUB_25450_SUB_25318_rev,12457070.080482632,8497609.873773513,12457070.080482632,7,168
SUB_25457,SUB_25476,meso_SUB_25457_SUB_25476_fwd,150000000.0,2937630.051203955,13173711.387398317,0,168
SUB_25457,SUB_25526,meso_SUB_25457_SUB_25526_fwd,400000000.0,0.0,0.0,0,168
SUB_25457,WEC_CALN,iface_SUB_25457_WEC_CALN_to_ba,250000000.0,0.0,0.0,0,168
SUB_25431,SUB_25464,meso_SUB_25431_SUB_25464_fwd,13603219.286608716,3521539.6705309004,13603219.286608716,14,168
SUB_01380,SUB_01210,meso_SUB_01380_SUB_01210_rev,150000000.0,10879813.687992312,150000000.0,1,168
SUB_01380,SUB_01311,meso_SUB_01380_SUB_01311_rev,150000000.0,128161556.48460223,150000000.0,93,168
SUB_01380,SUB_01318,meso_SUB_01380_SUB_01318_rev,150000000.0,5839602.96478205,6755128.06887023,0,168
SUB_01380,SUB_01353,meso_SUB_01380_SUB_01353_rev,150000000.0,89668277.9705258,150000000.0,8,168
SUB_01380,SUB_01365,meso_SUB_01380_SUB_01365_rev,400000000.0,0.0,0.0,0,168
SUB_01380,SUB_01409,meso_SUB_01380_SUB_01409_fwd,400000000.0,0.0,0.0,0,168
SUB_01380,SUB_01423,meso_SUB_01380_SUB_01423_fwd,1200000000.0,0.0,0.0,0,168
SUB_01380,SUB_01467,meso_SUB_01380_SUB_01467_fwd,400000000.0,0.0,0.0,0,168
SUB_01380,SUB_01254,meso_SUB_01380_SUB_01254_rev,450000000.0,141876923.65673506,193987291.25083724,0,168
SUB_01380,SUB_01324,meso_SUB_01380_SUB_01324_rev,400000000.0,0.0,0.0,0,168
SUB_01380,SUB_01416,meso_SUB_01380_SUB_01416_fwd,400000000.0,0.0,0.0,0,168
SUB_01380,SUB_04205,meso_SUB_01380_SUB_04205_fwd,400000000.0,0.0,0.0,0,168
SUB_01380,SUB_04325,meso_SUB_01380_SUB_04325_fwd,400000000.0,0.0,0.0,0,168
SUB_01380,WEC_CALN,iface_SUB_01380_WEC_CALN_to_ba,20000000.0,0.0,0.0,0,168
SUB_18226,SUB_18201,meso_SUB_18226_SUB_18201_rev,60000000.0,0.0,0.0,0,168
SUB_18226,SUB_18220,meso_SUB_18226_SUB_18220_rev,60000000.0,0.0,0.0,0,168
SUB_18226,SUB_18230,meso_SUB_18226_SUB_18230_fwd,60000000.0,26589.347406760935,2233505.217562017,0,168
SUB_25395,SUB_25277,meso_SUB_25395_SUB_25277_rev,150000000.0,0.0,0.0,0,168
SUB_25395,SUB_25337,meso_SUB_25395_SUB_25337_rev,80000000.0,5085924.072103656,80000000.0,1,168
SUB_25395,SUB_25339,meso_SUB_25395_SUB_25339_rev,80000000.0,6794038.63834376,80000000.0,4,168
SUB_25395,SUB_HIFLD_1547,meso_SUB_25395_SUB_HIFLD_1547_fwd,380000000.0,0.0,0.0,0,168
SUB_25395,SUB_HIFLD_2386,meso_SUB_25395_SUB_HIFLD_2386_fwd,380000000.0,80295376.89620623,314830860.688722,0,168
SUB_25395,SUB_HIFLD_2394,meso_SUB_25395_SUB_HIFLD_2394_fwd,380000000.0,71995079.34800291,315649637.5563183,0,168
SUB_25395,SUB_HIFLD_2635,meso_SUB_25395_SUB_HIFLD_2635_fwd,380000000.0,0.0,0.0,0,168
SUB_25395,SUB_25272,meso_SUB_25395_SUB_25272_rev,150000000.0,0.0,0.0,0,168
SUB_25395,SUB_25545,meso_SUB_25395_SUB_25545_rev,19705812.29071958,1073073.1595188717,11535567.010309279,0,168
SUB_25529,SUB_25241,meso_SUB_25529_SUB_25241_rev,300000000.0,0.0,0.0,0,168
SUB_25529,SUB_25427,meso_SUB_25529_SUB_25427_rev,80000000.0,9227770.623238461,16761856.613945715,0,168
SUB_25529,SUB_25206,meso_SUB_25529_SUB_25206_rev,150000000.0,453333.8344842066,14204683.878580615,0,168
SUB_25529,SUB_25285,meso_SUB_25529_SUB_25285_rev,175922104.06079763,94853788.92567752,146060546.5429959,0,168
SUB_25454,SUB_25290,meso_SUB_25454_SUB_25290_rev,300000000.0,0.0,0.0,0,168
SUB_25454,SUB_25355,meso_SUB_25454_SUB_25355_rev,150000000.0,0.0,0.0,0,168
SUB_18206,SUB_18267,meso_SUB_18206_SUB_18267_fwd,300000000.0,0.0,0.0,0,168
SUB_18206,SUB_18281,meso_SUB_18206_SUB_18281_fwd,150000000.0,0.0,0.0,0,168
SUB_18206,SUB_18282,meso_SUB_18206_SUB_18282_fwd,150000000.0,0.0,0.0,0,168
SUB_25365,SUB_25286,meso_SUB_25365_SUB_25286_rev,150000000.0,666896.3926446291,25610995.603939664,0,168
SUB_25365,SUB_25261,meso_SUB_25365_SUB_25261_rev,150000000.0,0.0,0.0,0,168
SUB_08337,SUB_01223,meso_SUB_08337_SUB_01223_rev,860000000.0,31247398.47726901,214657779.15491876,0,168
SUB_08337,SUB_08202,meso_SUB_08337_SUB_08202_rev,60000000.0,55068262.884431586,60000000.0,138,168
SUB_08337,SUB_08377,meso_SUB_08337_SUB_08377_fwd,400000000.0,0.0,0.0,0,168
SUB_08337,WEC_CALN,iface_SUB_08337_WEC_CALN_to_ba,1080000000.0,0.0,0.0,0,168
SUB_10265,SUB_10249,meso_SUB_10265_SUB_10249_fwd,5000000.0,0.0,0.0,0,168
SUB_10346,SUB_10293,meso_SUB_10346_SUB_10293_rev,150000000.0,38148943.1898487,54297500.091552734,0,168
SUB_HIFLD_1,SUB_HIFLD_1140,meso_SUB_HIFLD_1_SUB_HIFLD_1140_fwd,150000000.0,0.0,0.0,0,168
SUB_HIFLD_1,SUB_HIFLD_28,meso_SUB_HIFLD_1_SUB_HIFLD_28_fwd,150000000.0,4593873.072388021,46506067.07701212,0,168
SUB_HIFLD_11,SUB_01368,meso_SUB_HIFLD_11_SUB_01368_rev,150000000.0,28786860.234578677,49866037.14461179,0,168
SUB_HIFLD_11,SUB_HIFLD_2791,meso_SUB_HIFLD_11_SUB_HIFLD_2791_fwd,150000000.0,0.0,0.0,0,168
SUB_HIFLD_11,SUB_HIFLD_2989,meso_SUB_HIFLD_11_SUB_HIFLD_2989_fwd,150000000.0,0.0,0.0,0,168
SUB_HIFLD_11,SUB_HIFLD_3448,meso_SUB_HIFLD_11_SUB_HIFLD_3448_fwd,150000000.0,0.0,0.0,0,168
SUB_HIFLD_28,SUB_01209,meso_SUB_HIFLD_28_SUB_01209_rev,150000000.0,121118136.63567825,150000000.0,35,168
SUB_HIFLD_28,SUB_HIFLD_1,meso_SUB_HIFLD_28_SUB_HIFLD_1_rev,150000000.0,3517896.3043002877,18916089.118878867,0,168
SUB_HIFLD_28,SUB_HIFLD_2989,meso_SUB_HIFLD_28_SUB_HIFLD_2989_fwd,150000000.0,392269.65482507955,27167107.148789875,0,168
SUB_HIFLD_28,SUB_HIFLD_3547,meso_SUB_HIFLD_28_SUB_HIFLD_3547_fwd,150000000.0,11143448.612885436,18801560.234777708,0,168
SUB_HIFLD_28,SUB_01311,meso_SUB_HIFLD_28_SUB_01311_rev,300000000.0,0.0,0.0,0,168
SUB_HIFLD_28,SUB_01438,meso_SUB_HIFLD_28_SUB_01438_rev,150000000.0,0.0,0.0,0,168
SUB_HIFLD_28,SUB_HIFLD_3448,meso_SUB_HIFLD_28_SUB_HIFLD_3448_fwd,150000000.0,0.0,0.0,0,168
SUB_HIFLD_30,SUB_01223,meso_SUB_HIFLD_30_SUB_01223_rev,400000000.0,23902403.42615407,152461021.46425864,0,168
SUB_HIFLD_30,SUB_01365,meso_SUB_HIFLD_30_SUB_01365_rev,1200000000.0,0.0,0.0,0,168
SUB_HIFLD_30,SUB_16242,meso_SUB_HIFLD_30_SUB_16242_rev,400000000.0,0.0,0.0,0,168
SUB_HIFLD_30,SUB_16277,meso_SUB_HIFLD_30_SUB_16277_rev,450000000.0,0.0,0.0,0,168
SUB_HIFLD_30,SUB_16391,meso_SUB_HIFLD_30_SUB_16391_rev,400000000.0,0.0,0.0,0,168
SUB_HIFLD_30,SUB_HIFLD_2318,meso_SUB_HIFLD_30_SUB_HIFLD_2318_rev,150000000.0,51878.092883791396,8715519.604476955,0,168
SUB_HIFLD_30,SUB_HIFLD_982,meso_SUB_HIFLD_30_SUB_HIFLD_982_fwd,2750000000.0,24090.295807330363,4047169.6956315013,0,168
SUB_HIFLD_30,SUB_01216,meso_SUB_HIFLD_30_SUB_01216_rev,400000000.0,0.0,0.0,0,168
SUB_HIFLD_30,SUB_01222,meso_SUB_HIFLD_30_SUB_01222_rev,800000000.0,475326115.79494333,800000000.0,28,168
SUB_HIFLD_30,SUB_01324,meso_SUB_HIFLD_30_SUB_01324_rev,400000000.0,708303.5101808502,69816577.69488424,0,168
SUB_HIFLD_30,SUB_01459,meso_SUB_HIFLD_30_SUB_01459_rev,400000000.0,76208655.11924657,127147015.94716495,0,168
SUB_HIFLD_30,SUB_06359,meso_SUB_HIFLD_30_SUB_06359_rev,1500000000.0,2232268.09395417,41554419.00763985,0,168
SUB_HIFLD_30,SUB_16267,meso_SUB_HIFLD_30_SUB_16267_rev,400000000.0,1740027.3321354864,27060986.35636192,0,168
SUB_HIFLD_30,SUB_16288,meso_SUB_HIFLD_30_SUB_16288_rev,3000000000.0,47000139.76481353,203183096.6926193,0,168
SUB_HIFLD_30,SUB_16329,meso_SUB_HIFLD_30_SUB_16329_rev,150000000.0,7659970.439105488,19684021.247785117,0,168
SUB_HIFLD_30,SUB_16348,meso_SUB_HIFLD_30_SUB_16348_rev,800000000.0,1092147.5616815619,47841444.386431456,0,168
SUB_HIFLD_30,SUB_16380,meso_SUB_HIFLD_30_SUB_16380_rev,150000000.0,16431486.311225722,28280929.34519974,0,168
SUB_HIFLD_30,SUB_HIFLD_1135,meso_SUB_HIFLD_30_SUB_HIFLD_1135_rev,3000000000.0,385187.56635987124,39994841.46516116,0,168
SUB_HIFLD_30,WEC_CALN,iface_SUB_HIFLD_30_WEC_CALN_to_ba,7850000000.0,0.0,0.0,0,168
SUB_HIFLD_41,SUB_16216,meso_SUB_HIFLD_41_SUB_16216_rev,150000000.0,655473.1068205878,4583929.372740478,0,168
SUB_HIFLD_41,SUB_HIFLD_2947,meso_SUB_HIFLD_41_SUB_HIFLD_2947_rev,150000000.0,25464318.70807603,42634888.37255795,0,168
SUB_HIFLD_41,SUB_16369,meso_SUB_HIFLD_41_SUB_16369_rev,150000000.0,0.0,0.0,0,168
SUB_HIFLD_41,SUB_16356,meso_SUB_HIFLD_41_SUB_16356_rev,5000000.0,0.0,0.0,0,168
SUB_HIFLD_48,SUB_18304,meso_SUB_HIFLD_48_SUB_18304_rev,150000000.0,0.0,0.0,0,168
SUB_HIFLD_48,SUB_HIFLD_3903,meso_SUB_HIFLD_48_SUB_HIFLD_3903_rev,150000000.0,0.0,0.0,0,168
SUB_HIFLD_48,SUB_HIFLD_4291,meso_SUB_HIFLD_48_SUB_HIFLD_4291_rev,150000000.0,0.0,0.0,0,168
SUB_HIFLD_48,SUB_18310,meso_SUB_HIFLD_48_SUB_18310_rev,150000000.0,0.0,0.0,0,168
SUB_HIFLD_55,SUB_HIFLD_575,meso_SUB_HIFLD_55_SUB_HIFLD_575_fwd,150000000.0,58005988.15633429,150000000.0,52,168
SUB_HIFLD_55,SUB_HIFLD_535,meso_SUB_HIFLD_55_SUB_HIFLD_535_rev,400000000.0,0.0,0.0,0,168
SUB_HIFLD_55,SUB_HIFLD_536,meso_SUB_HIFLD_55_SUB_HIFLD_536_rev,300000000.0,20054225.927992646,154639175.25773194,0,168
SUB_HIFLD_87,SUB_HIFLD_1574,meso_SUB_HIFLD_87_SUB_HIFLD_1574_rev,80000000.0,54636015.265337594,80000000.0,14,168
SUB_HIFLD_87,SUB_HIFLD_1589,meso_SUB_HIFLD_87_SUB_HIFLD_1589_rev,400000000.0,0.0,0.0,0,168
SUB_HIFLD_87,SUB_HIFLD_1943,meso_SUB_HIFLD_87_SUB_HIFLD_1943_rev,80000000.0,12968977.266324803,32687335.89722938,0,168
SUB_HIFLD_87,SUB_HIFLD_1971,meso_SUB_HIFLD_87_SUB_HIFLD_1971_rev,80000000.0,0.0,0.0,0,168
SUB_HIFLD_87,SUB_HIFLD_3209,meso_SUB_HIFLD_87_SUB_HIFLD_3209_rev,80000000.0,0.0,0.0,0,168
SUB_HIFLD_87,SUB_HIFLD_1924,meso_SUB_HIFLD_87_SUB_HIFLD_1924_rev,80000000.0,57867339.31585446,80000000.0,89,168
SUB_HIFLD_135,SUB_HIFLD_3267,meso_SUB_HIFLD_135_SUB_HIFLD_3267_fwd,80000000.0,1616788.504260629,2478764.9095672923,0,168
SUB_HIFLD_135,SUB_HIFLD_136,meso_SUB_HIFLD_135_SUB_HIFLD_136_fwd,160000000.0,0.0,0.0,0,168
SUB_HIFLD_135,SUB_HIFLD_140,meso_SUB_HIFLD_135_SUB_HIFLD_140_fwd,80000000.0,0.0,0.0,0,168
SUB_HIFLD_136,SUB_HIFLD_141,meso_SUB_HIFLD_136_SUB_HIFLD_141_fwd,150000000.0,550306.2507599432,843697.0661595925,0,168
SUB_HIFLD_136,SUB_HIFLD_3269,meso_SUB_HIFLD_136_SUB_HIFLD_3269_fwd,80000000.0,0.0,0.0,0,168
SUB_HIFLD_136,SUB_HIFLD_3270,meso_SUB_HIFLD_136_SUB_HIFLD_3270_fwd,80000000.0,2282344.3606361845,3499155.714286604,0,168
SUB_HIFLD_136,SUB_HIFLD_135,meso_SUB_HIFLD_136_SUB_HIFLD_135_rev,160000000.0,3319714.4817061075,5146540.857899492,0,168
SUB_HIFLD_136,SUB_HIFLD_138,meso_SUB_HIFLD_136_SUB_HIFLD_138_fwd,80000000.0,2509425.0092391707,4669615.566607603,0,168
SUB_HIFLD_136,SUB_HIFLD_142,meso_SUB_HIFLD_136_SUB_HIFLD_142_fwd,160000000.0,0.0,0.0,0,168
SUB_HIFLD_138,SUB_HIFLD_3269,meso_SUB_HIFLD_138_SUB_HIFLD_3269_fwd,80000000.0,0.0,0.0,0,168
SUB_HIFLD_138,SUB_HIFLD_136,meso_SUB_HIFLD_138_SUB_HIFLD_136_rev,80000000.0,0.0,0.0,0,168
SUB_HIFLD_139,SUB_HIFLD_146,meso_SUB_HIFLD_139_SUB_HIFLD_146_fwd,80000000.0,880269.6256469031,1349577.4849173948,0,168
SUB_HIFLD_139,SUB_HIFLD_3268,meso_SUB_HIFLD_139_SUB_HIFLD_3268_fwd,80000000.0,0.0,0.0,0,168
SUB_HIFLD_139,SUB_HIFLD_142,meso_SUB_HIFLD_139_SUB_HIFLD_142_fwd,160000000.0,0.0,0.0,0,168
SUB_HIFLD_140,SUB_HIFLD_3268,meso_SUB_HIFLD_140_SUB_HIFLD_3268_fwd,80000000.0,0.0,0.0,0,168
SUB_HIFLD_140,SUB_HIFLD_135,meso_SUB_HIFLD_140_SUB_HIFLD_135_rev,80000000.0,37146.07388817495,3609302.6003785385,0,168
SUB_HIFLD_140,SUB_HIFLD_142,meso_SUB_HIFLD_140_SUB_HIFLD_142_fwd,80000000.0,0.0,0.0,0,168
SUB_HIFLD_141,SUB_HIFLD_136,meso_SUB_HIFLD_141_SUB_HIFLD_136_rev,150000000.0,0.0,0.0,0,168
SUB_HIFLD_142,SUB_HIFLD_3268,meso_SUB_HIFLD_142_SUB_HIFLD_3268_fwd,80000000.0,2301212.4822955537,3528083.1995698595,0,168
SUB_HIFLD_142,SUB_HIFLD_3269,meso_SUB_HIFLD_142_SUB_HIFLD_3269_fwd,80000000.0,2770612.5920502404,6982969.837592124,0,168
SUB_HIFLD_142,SUB_HIFLD_136,meso_SUB_HIFLD_142_SUB_HIFLD_136_rev,160000000.0,9521357.104653407,15504040.350464791,0,168
SUB_HIFLD_142,SUB_HIFLD_139,meso_SUB_HIFLD_142_SUB_HIFLD_139_rev,160000000.0,1053989.7888300808,1615914.9905575842,0,168
SUB_HIFLD_142,SUB_HIFLD_140,meso_SUB_HIFLD_142_SUB_HIFLD_140_rev,80000000.0,1623349.8866751527,5425184.453880198,0,168
SUB_HIFLD_142,SUB_HIFLD_2349,meso_SUB_HIFLD_142_SUB_HIFLD_2349_fwd,42597309.87205025,0.0,0.0,0,168
SUB_HIFLD_146,SUB_HIFLD_139,meso_SUB_HIFLD_146_SUB_HIFLD_139_rev,80000000.0,0.0,0.0,0,168
SUB_HIFLD_147,SUB_HIFLD_148,meso_SUB_HIFLD_147_SUB_HIFLD_148_fwd,60000000.0,0.0,0.0,0,168
SUB_HIFLD_148,SUB_HIFLD_147,meso_SUB_HIFLD_148_SUB_HIFLD_147_rev,60000000.0,10021074.052575644,17449722.93499819,0,168
SUB_HIFLD_148,SUB_HIFLD_3065,meso_SUB_HIFLD_148_SUB_HIFLD_3065_fwd,41327325.465435386,0.0,0.0,0,168
SUB_HIFLD_150,SUB_HIFLD_1467,meso_SUB_HIFLD_150_SUB_HIFLD_1467_rev,800000000.0,0.0,0.0,0,168
SUB_HIFLD_150,SUB_HIFLD_2864,meso_SUB_HIFLD_150_SUB_HIFLD_2864_fwd,80000000.0,0.0,0.0,0,168
SUB_HIFLD_150,SUB_HIFLD_3059,meso_SUB_HIFLD_150_SUB_HIFLD_3059_fwd,400000000.0,0.0,0.0,0,168
SUB_HIFLD_150,SUB_HIFLD_3658,meso_SUB_HIFLD_150_SUB_HIFLD_3658_fwd,400000000.0,0.0,0.0,0,168
SUB_HIFLD_150,SUB_HIFLD_4396,meso_SUB_HIFLD_150_SUB_HIFLD_4396_fwd,80000000.0,5858326.444727706,74711201.46024604,0,168
SUB_HIFLD_150,SUB_HIFLD_853,meso_SUB_HIFLD_150_SUB_HIFLD_853_fwd,150000000.0,85005130.68912967,127762094.52839452,0,168
SUB_HIFLD_150,SUB_HIFLD_1044,meso_SUB_HIFLD_150_SUB_HIFLD_1044_rev,60000000.0,60000000.0,60000000.0,168,168
SUB_HIFLD_150,SUB_HIFLD_3659,meso_SUB_HIFLD_150_SUB_HIFLD_3659_fwd,400000000.0,8165380.361922679,95256512.62087809,0,168
SUB_HIFLD_150,SUB_HIFLD_561,meso_SUB_HIFLD_150_SUB_HIFLD_561_fwd,400000000.0,0.0,0.0,0,168
SUB_HIFLD_150,SUB_HIFLD_807,meso_SUB_HIFLD_150_SUB_HIFLD_807_fwd,60000000.0,25307556.991638254,60000000.0,28,168
SUB_HIFLD_150,SUB_HIFLD_814,meso_SUB_HIFLD_150_SUB_HIFLD_814_fwd,80000000.0,41026975.49240585,80000000.0,57,168
SUB_HIFLD_150,SUB_HIFLD_832,meso_SUB_HIFLD_150_SUB_HIFLD_832_fwd,150000000.0,9789333.897753673,103246445.32960665,0,168
SUB_HIFLD_150,SUB_HIFLD_866,meso_SUB_HIFLD_150_SUB_HIFLD_866_fwd,300000000.0,449055.1013000486,21915246.9595683,0,168
SUB_HIFLD_150,SUB_HIFLD_870,meso_SUB_HIFLD_150_SUB_HIFLD_870_fwd,800000000.0,125955.07026361153,21160451.804286737,0,168
SUB_HIFLD_189,SUB_HIFLD_217,meso_SUB_HIFLD_189_SUB_HIFLD_217_fwd,60000000.0,0.0,0.0,0,168
SUB_HIFLD_189,SUB_25406,meso_SUB_HIFLD_189_SUB_25406_rev,5000000.0,664635.1722039366,1117887.3593045264,0,168
SUB_HIFLD_217,SUB_25234,meso_SUB_HIFLD_217_SUB_25234_rev,60000000.0,0.0,0.0,0,168
SUB_HIFLD_217,SUB_HIFLD_189,meso_SUB_HIFLD_217_SUB_HIFLD_189_rev,60000000.0,685190.8991793161,1152461.1951593054,0,168
SUB_HIFLD_217,SUB_25460,meso_SUB_HIFLD_217_SUB_25460_rev,5000000.0,1478951.890408905,2346907.3108791076,0,168
SUB_HIFLD_255,SUB_19222,meso_SUB_HIFLD_255_SUB_19222_rev,150000000.0,2166583.2104048543,2251855.6701030927,0,168
SUB_HIFLD_255,SUB_19231,meso_SUB_HIFLD_255_SUB_19231_rev,150000000.0,42574.86519652017,1127319.5913157512,0,168
SUB_HIFLD_255,SUB_19232,meso_SUB_HIFLD_255_SUB_19232_rev,5000000.0,230841.92439862544,281958.76288659795,0,168
SUB_HIFLD_271,SUB_HIFLD_3391,meso_SUB_HIFLD_271_SUB_HIFLD_3391_fwd,60000000.0,0.0,0.0,0,168
SUB_HIFLD_273,SUB_19217,meso_SUB_HIFLD_273_SUB_19217_rev,60000000.0,0.0,0.0,0,168
SUB_HIFLD_274,SUB_HIFLD_2642,meso_SUB_HIFLD_274_SUB_HIFLD_2642_rev,150000000.0,5887817.898548217,25943771.40083311,0,168
SUB_HIFLD_274,SUB_HIFLD_3594,meso_SUB_HIFLD_274_SUB_HIFLD_3594_fwd,150000000.0,110370332.92866352,150000000.0,76,168
SUB_HIFLD_275,SUB_HIFLD_310,meso_SUB_HIFLD_275_SUB_HIFLD_310_fwd,150000000.0,275784.01985353505,655329.8458002467,0,168
SUB_HIFLD_275,SUB_HIFLD_2670,meso_SUB_HIFLD_275_SUB_HIFLD_2670_rev,300000000.0,126984.99485740604,469272.99106243957,0,168
SUB_HIFLD_275,SUB_HIFLD_283,meso_SUB_HIFLD_275_SUB_HIFLD_283_fwd,300000000.0,14567419.465019215,34469054.11326494,0,168
SUB_HIFLD_279,SUB_HIFLD_1286,meso_SUB_HIFLD_279_SUB_HIFLD_1286_rev,60000000.0,0.0,0.0,0,168
SUB_HIFLD_279,SUB_HIFLD_308,meso_SUB_HIFLD_279_SUB_HIFLD_308_fwd,60000000.0,0.0,0.0,0,168
SUB_HIFLD_279,SUB_HIFLD_3712,meso_SUB_HIFLD_279_SUB_HIFLD_3712_fwd,60000000.0,0.0,0.0,0,168
SUB_HIFLD_282,SUB_HIFLD_286,meso_SUB_HIFLD_282_SUB_HIFLD_286_fwd,150000000.0,0.0,0.0,0,168
SUB_HIFLD_282,SUB_HIFLD_3710,meso_SUB_HIFLD_282_SUB_HIFLD_3710_fwd,60000000.0,12716.153919686018,2092891.8740184037,0,168
SUB_HIFLD_282,SUB_HIFLD_4207,meso_SUB_HIFLD_282_SUB_HIFLD_4207_fwd,60000000.0,5366.913079630234,55387.79976441687,0,168
SUB_HIFLD_282,SUB_HIFLD_3251,meso_SUB_HIFLD_282_SUB_HIFLD_3251_fwd,150000000.0,933246.1843484961,23880093.246379565,0,168
SUB_HIFLD_283,SUB_HIFLD_310,meso_SUB_HIFLD_283_SUB_HIFLD_310_fwd,150000000.0,149917.5027536431,554020.0577974193,0,168
SUB_HIFLD_283,SUB_HIFLD_3481,meso_SUB_HIFLD_283_SUB_HIFLD_3481_fwd,150000000.0,12587944.214220008,31386392.25654595,0,168
SUB_HIFLD_283,SUB_HIFLD_275,meso_SUB_HIFLD_283_SUB_HIFLD_275_rev,300000000.0,339621.7469471292,1255072.0016993578,0,168
SUB_HIFLD_283,SUB_HIFLD_3695,meso_SUB_HIFLD_283_SUB_HIFLD_3695_fwd,150000000.0,148301.48670583157,1870953.3376792043,0,168
SUB_HIFLD_283,SUB_HIFLD_543,meso_SUB_HIFLD_283_SUB_HIFLD_543_rev,5000000.0,1218425.8753140299,1875658.880804003,0,168
SUB_HIFLD_286,SUB_HIFLD_282,meso_SUB_HIFLD_286_SUB_HIFLD_282_rev,150000000.0,804868.6933519092,20714392.278612275,0,168
SUB_HIFLD_286,SUB_HIFLD_311,meso_SUB_HIFLD_286_SUB_HIFLD_311_fwd,150000000.0,39162.47802022052,6579296.307397048,0,168
SUB_HIFLD_286,SUB_HIFLD_3251,meso_SUB_HIFLD_286_SUB_HIFLD_3251_fwd,150000000.0,26641818.889740717,97457724.65266205,0,168
SUB_HIFLD_286,SUB_HIFLD_3710,meso_SUB_HIFLD_286_SUB_HIFLD_3710_fwd,150000000.0,2332162.920853626,17887561.42842401,0,168
SUB_HIFLD_287,SUB_HIFLD_3968,meso_SUB_HIFLD_287_SUB_HIFLD_3968_fwd,60000000.0,20166676.656881794,60000000.0,6,168
SUB_HIFLD_287,SUB_HIFLD_4429,meso_SUB_HIFLD_287_SUB_HIFLD_4429_fwd,150000000.0,19694.319367538064,3308645.653746395,0,168
SUB_HIFLD_287,SUB_HIFLD_296,meso_SUB_HIFLD_287_SUB_HIFLD_296_rev,5000000.0,0.0,0.0,0,168
SUB_HIFLD_289,SUB_HIFLD_314,meso_SUB_HIFLD_289_SUB_HIFLD_314_fwd,150000000.0,0.0,0.0,0,168
SUB_HIFLD_292,SUB_HIFLD_2909,meso_SUB_HIFLD_292_SUB_HIFLD_2909_rev,60000000.0,401115.439028868,617481.7497487756,0,168
SUB_HIFLD_292,SUB_HIFLD_3219,meso_SUB_HIFLD_292_SUB_HIFLD_3219_fwd,150000000.0,0.0,0.0,0,168
SUB_HIFLD_292,SUB_HIFLD_3711,meso_SUB_HIFLD_292_SUB_HIFLD_3711_fwd,150000000.0,43735933.171205364,90273655.65057164,0,168
SUB_HIFLD_293,SUB_HIFLD_312,meso_SUB_HIFLD_293_SUB_HIFLD_312_fwd,60000000.0,342163.5701998315,1263915.8740486067,0,168
SUB_HIFLD_293,SUB_HIFLD_3251,meso_SUB_HIFLD_293_SUB_HIFLD_3251_fwd,60000000.0,0.0,0.0,0,168
SUB_HIFLD_293,SUB_HIFLD_3594,meso_SUB_HIFLD_293_SUB_HIFLD_3594_fwd,60000000.0,0.0,0.0,0,168
SUB_HIFLD_293,SUB_HIFLD_3709,meso_SUB_HIFLD_293_SUB_HIFLD_3709_fwd,60000000.0,94774.31442856685,10792461.236740274,0,168
SUB_HIFLD_293,SUB_HIFLD_1276,meso_SUB_HIFLD_293_SUB_HIFLD_1276_rev,150000000.0,0.0,0.0,0,168
SUB_HIFLD_293,SUB_HIFLD_3148,meso_SUB_HIFLD_293_SUB_HIFLD_3148_fwd,1500000000.0,143281496.3349008,260629952.6909975,0,168
SUB_HIFLD_293,SUB_HIFLD_3240,meso_SUB_HIFLD_293_SUB_HIFLD_3240_fwd,150000000.0,0.0,0.0,0,168
SUB_HIFLD_296,SUB_HIFLD_287,meso_SUB_HIFLD_296_SUB_HIFLD_287_fwd,5000000.0,5000000.0,5000000.0,168,168
SUB_HIFLD_302,SUB_HIFLD_311,meso_SUB_HIFLD_302_SUB_HIFLD_311_fwd,150000000.0,0.0,0.0,0,168
SUB_HIFLD_304,SUB_HIFLD_2642,meso_SUB_HIFLD_304_SUB_HIFLD_2642_rev,60000000.0,0.0,0.0,0,168
SUB_HIFLD_304,SUB_HIFLD_309,meso_SUB_HIFLD_304_SUB_HIFLD_309_fwd,60000000.0,19863722.579029646,49592126.90734863,0,168
SUB_HIFLD_305,SUB_HIFLD_1286,meso_SUB_HIFLD_305_SUB_HIFLD_1286_rev,150000000.0,0.0,0.0,0,168
SUB_HIFLD_305,SUB_HIFLD_308,meso_SUB_HIFLD_305_SUB_HIFLD_308_fwd,60000000.0,679695.3740499769,17308514.03119929,0,168
SUB_HIFLD_305,SUB_HIFLD_3709,meso_SUB_HIFLD_305_SUB_HIFLD_3709_fwd,60000000.0,0.0,0.0,0,168
SUB_HIFLD_305,SUB_HIFLD_1285,meso_SUB_HIFLD_305_SUB_HIFLD_1285_rev,150000000.0,2263044.1560672033,29013216.23762685,0,168
SUB_HIFLD_307,SUB_HIFLD_3344,meso_SUB_HIFLD_307_SUB_HIFLD_3344_fwd,60000000.0,41017449.455064796,60000000.0,75,168
SUB_HIFLD_307,SUB_HIFLD_760,meso_SUB_HIFLD_307_SUB_HIFLD_760_fwd,150000000.0,137991759.2409395,150000000.0,140,168
SUB_HIFLD_308,SUB_HIFLD_1285,meso_SUB_HIFLD_308_SUB_HIFLD_1285_rev,60000000.0,0.0,0.0,0,168
SUB_HIFLD_308,SUB_HIFLD_1286,meso_SUB_HIFLD_308_SUB_HIFLD_1286_rev,60000000.0,0.0,0.0,0,168
SUB_HIFLD_308,SUB_HIFLD_279,meso_SUB_HIFLD_308_SUB_HIFLD_279_rev,60000000.0,0.0,0.0,0,168
SUB_HIFLD_308,SUB_HIFLD_305,meso_SUB_HIFLD_308_SUB_HIFLD_305_rev,60000000.0,0.0,0.0,0,168
SUB_HIFLD_309,SUB_HIFLD_1276,meso_SUB_HIFLD_309_SUB_HIFLD_1276_rev,150000000.0,14875735.848664831,45381567.00714111,0,168
SUB_HIFLD_309,SUB_HIFLD_304,meso_SUB_HIFLD_309_SUB_HIFLD_304_rev,60000000.0,0.0,0.0,0,168
SUB_HIFLD_309,SUB_HIFLD_3594,meso_SUB_HIFLD_309_SUB_HIFLD_3594_fwd,150000000.0,208933.80765148904,29515031.83476858,0,168
SUB_HIFLD_310,SUB_HIFLD_275,meso_SUB_HIFLD_310_SUB_HIFLD_275_rev,150000000.0,0.0,0.0,0,168
SUB_HIFLD_310,SUB_HIFLD_283,meso_SUB_HIFLD_310_SUB_HIFLD_283_rev,150000000.0,0.0,0.0,0,168
SUB_HIFLD_310,SUB_HIFLD_1012,meso_SUB_HIFLD_310_SUB_HIFLD_1012_rev,5000000.0,174212.33188772414,268184.4691640323,0,168
SUB_HIFLD_311,SUB_HIFLD_286,meso_SUB_HIFLD_311_SUB_HIFLD_286_rev,150000000.0,38849462.73037089,109195399.09892699,0,168
SUB_HIFLD_311,SUB_HIFLD_302,meso_SUB_HIFLD_311_SUB_HIFLD_302_rev,150000000.0,2150409.2680922197,3310364.9336038176,0,168
SUB_HIFLD_311,SUB_HIFLD_760,meso_SUB_HIFLD_311_SUB_HIFLD_760_fwd,150000000.0,4301054.689942644,75304939.75357021,0,168
SUB_HIFLD_312,SUB_HIFLD_293,meso_SUB_HIFLD_312_SUB_HIFLD_293_rev,60000000.0,32201650.48557608,60000000.0,81,168
SUB_HIFLD_312,SUB_HIFLD_4207,meso_SUB_HIFLD_312_SUB_HIFLD_4207_fwd,60000000.0,29490179.25916245,60000000.0,81,168
SUB_HIFLD_314,SUB_HIFLD_289,meso_SUB_HIFLD_314_SUB_HIFLD_289_rev,150000000.0,61414.19860154435,94541.74238381926,0,168
SUB_HIFLD_314,SUB_HIFLD_3709,meso_SUB_HIFLD_314_SUB_HIFLD_3709_fwd,60000000.0,0.0,0.0,0,168
SUB_HIFLD_314,SUB_HIFLD_3251,meso_SUB_HIFLD_314_SUB_HIFLD_3251_fwd,150000000.0,0.0,0.0,0,168
SUB_HIFLD_321,SUB_HIFLD_1161,meso_SUB_HIFLD_321_SUB_HIFLD_1161_fwd,5000000.0,0.0,0.0,0,168
SUB_HIFLD_322,SUB_HIFLD_3955,meso_SUB_HIFLD_322_SUB_HIFLD_3955_fwd,60000000.0,41532213.643140554,60000000.0,43,168
SUB_HIFLD_322,SUB_HIFLD_434,meso_SUB_HIFLD_322_SUB_HIFLD_434_fwd,60000000.0,0.0,0.0,0,168
SUB_HIFLD_322,SUB_HIFLD_1160,meso_SUB_HIFLD_322_SUB_HIFLD_1160_rev,5000000.0,0.0,0.0,0,168
SUB_HIFLD_323,SUB_HIFLD_3051,meso_SUB_HIFLD_323_SUB_HIFLD_3051_rev,60000000.0,0.0,0.0,0,168
SUB_HIFLD_326,SUB_HIFLD_1248,meso_SUB_HIFLD_326_SUB_HIFLD_1248_rev,80000000.0,0.0,0.0,0,168
SUB_HIFLD_326,SUB_HIFLD_364,meso_SUB_HIFLD_326_SUB_HIFLD_364_fwd,80000000.0,0.0,0.0,0,168
SUB_HIFLD_326,SUB_HIFLD_427,meso_SUB_HIFLD_326_SUB_HIFLD_427_rev,6360785.622938175,4885704.647470586,5383856.877592421,0,168
SUB_HIFLD_335,SUB_25293,meso_SUB_HIFLD_335_SUB_25293_rev,160000000.0,18821115.541429136,81301086.23739392,0,168
SUB_HIFLD_335,SUB_HIFLD_364,meso_SUB_HIFLD_335_SUB_HIFLD_364_fwd,80000000.0,5170459.450682299,5941165.3147015935,0,168
SUB_HIFLD_364,SUB_HIFLD_1248,meso_SUB_HIFLD_364_SUB_HIFLD_1248_rev,80000000.0,39222.83123048347,212562.44021681367,0,168
SUB_HIFLD_364,SUB_HIFLD_326,meso_SUB_HIFLD_364_SUB_HIFLD_326_rev,80000000.0,4976122.835931347,5550367.915043732,0,168
SUB_HIFLD_364,SUB_HIFLD_335,meso_SUB_HIFLD_364_SUB_HIFLD_335_rev,80000000.0,0.0,0.0,0,168
SUB_HIFLD_369,SUB_25391,meso_SUB_HIFLD_369_SUB_25391_fwd,5000000.0,0.0,0.0,0,168
SUB_HIFLD_396,SUB_HIFLD_4068,meso_SUB_HIFLD_396_SUB_HIFLD_4068_fwd,80000000.0,0.0,0.0,0,168
SUB_HIFLD_396,SUB_HIFLD_423,meso_SUB_HIFLD_396_SUB_HIFLD_423_fwd,80000000.0,9928757.824275633,9930134.910902023,0,168
SUB_HIFLD_411,SUB_25297,meso_SUB_HIFLD_411_SUB_25297_rev,80000000.0,0.0,0.0,0,168
SUB_HIFLD_411,SUB_25429,meso_SUB_HIFLD_411_SUB_25429_rev,9354666.05745792,8982522.774255427,9354666.05745792,56,168
SUB_HIFLD_417,SUB_HIFLD_3434,meso_SUB_HIFLD_417_SUB_HIFLD_3434_rev,80000000.0,0.0,0.0,0,168
SUB_HIFLD_417,SUB_HIFLD_1680,meso_SUB_HIFLD_417_SUB_HIFLD_1680_fwd,5000000.0,5000000.0,5000000.0,168,168
SUB_HIFLD_418,SUB_HIFLD_432,meso_SUB_HIFLD_418_SUB_HIFLD_432_fwd,80000000.0,576147.9503305508,690177.6225296493,0,168
SUB_HIFLD_418,SUB_HIFLD_435,meso_SUB_HIFLD_418_SUB_HIFLD_435_fwd,80000000.0,0.0,0.0,0,168
SUB_HIFLD_419,SUB_HIFLD_439,meso_SUB_HIFLD_419_SUB_HIFLD_439_fwd,80000000.0,0.0,0.0,0,168
SUB_HIFLD_420,SUB_HIFLD_2972,meso_SUB_HIFLD_420_SUB_HIFLD_2972_rev,80000000.0,324714.58686455886,11750710.234827047,0,168
SUB_HIFLD_420,SUB_HIFLD_441,meso_SUB_HIFLD_420_SUB_HIFLD_441_fwd,80000000.0,0.0,0.0,0,168
SUB_HIFLD_422,SUB_HIFLD_1643,meso_SUB_HIFLD_422_SUB_HIFLD_1643_rev,80000000.0,77298554.58973855,77593868.54553223,0,168
SUB_HIFLD_422,SUB_HIFLD_3418,meso_SUB_HIFLD_422_SUB_HIFLD_3418_rev,80000000.0,0.0,0.0,0,168
SUB_HIFLD_423,SUB_HIFLD_396,meso_SUB_HIFLD_423_SUB_HIFLD_396_rev,80000000.0,0.0,0.0,0,168
SUB_HIFLD_423,SUB_HIFLD_439,meso_SUB_HIFLD_423_SUB_HIFLD_439_fwd,80000000.0,6523595.951523622,7743000.708850674,0,168
SUB_HIFLD_424,SUB_HIFLD_2366,meso_SUB_HIFLD_424_SUB_HIFLD_2366_rev,80000000.0,0.0,0.0,0,168
SUB_HIFLD_424,SUB_HIFLD_2982,meso_SUB_HIFLD_424_SUB_HIFLD_2982_rev,80000000.0,14659152.096365832,22809292.64096103,0,168
SUB_HIFLD_424,SUB_HIFLD_441,meso_SUB_HIFLD_424_SUB_HIFLD_441_fwd,80000000.0,0.0,0.0,0,168
SUB_HIFLD_426,SUB_HIFLD_1448,meso_SUB_HIFLD_426_SUB_HIFLD_1448_rev,150000000.0,36809865.71666441,150000000.0,2,168
SUB_HIFLD_426,SUB_HIFLD_2654,meso_SUB_HIFLD_426_SUB_HIFLD_2654_rev,150000000.0,1842842.485017717,2833429.8989207475,0,168
SUB_HIFLD_426,SUB_HIFLD_3976,meso_SUB_HIFLD_426_SUB_HIFLD_3976_rev,60000000.0,210695.33104531714,611142.6662494126,0,168
SUB_HIFLD_426,SUB_HIFLD_444,meso_SUB_HIFLD_426_SUB_HIFLD_444_fwd,150000000.0,0.0,0.0,0,168
SUB_HIFLD_426,SUB_HIFLD_855,meso_SUB_HIFLD_426_SUB_HIFLD_855_fwd,150000000.0,100570719.54638067,150000000.0,58,168
SUB_HIFLD_426,SUB_HIFLD_867,meso_SUB_HIFLD_426_SUB_HIFLD_867_fwd,150000000.0,33720976.43825633,84577154.43674372,0,168
SUB_HIFLD_426,SUB_HIFLD_433,meso_SUB_HIFLD_426_SUB_HIFLD_433_fwd,150000000.0,182373.36876829382,2025250.2478785284,0,168
SUB_HIFLD_427,SUB_HIFLD_326,meso_SUB_HIFLD_427_SUB_HIFLD_326_fwd,6360785.622938175,0.0,0.0,0,168
SUB_HIFLD_429,SUB_HIFLD_3418,meso_SUB_HIFLD_429_SUB_HIFLD_3418_rev,80000000.0,62755604.002490304,77474226.80412371,0,168
SUB_HIFLD_429,SUB_HIFLD_3316,meso_SUB_HIFLD_429_SUB_HIFLD_3316_rev,5000000.0,0.0,0.0,0,168
SUB_HIFLD_430,SUB_HIFLD_446,meso_SUB_HIFLD_430_SUB_HIFLD_446_fwd,6270497.932635992,0.0,0.0,0,168
SUB_HIFLD_431,SUB_HIFLD_1214,meso_SUB_HIFLD_431_SUB_HIFLD_1214_rev,80000000.0,0.0,0.0,0,168
SUB_HIFLD_432,SUB_HIFLD_418,meso_SUB_HIFLD_432_SUB_HIFLD_418_rev,80000000.0,0.0,0.0,0,168
SUB_HIFLD_433,SUB_HIFLD_1249,meso_SUB_HIFLD_433_SUB_HIFLD_1249_rev,150000000.0,0.0,0.0,0,168
SUB_HIFLD_433,SUB_HIFLD_3652,meso_SUB_HIFLD_433_SUB_HIFLD_3652_rev,150000000.0,120253.18235031165,218692.3615419848,0,168
SUB_HIFLD_433,SUB_HIFLD_426,meso_SUB_HIFLD_433_SUB_HIFLD_426_rev,150000000.0,10023627.185081784,35977804.18276313,0,168
SUB_HIFLD_433,SUB_HIFLD_447,meso_SUB_HIFLD_433_SUB_HIFLD_447_fwd,150000000.0,0.0,0.0,0,168
SUB_HIFLD_434,SUB_HIFLD_1206,meso_SUB_HIFLD_434_SUB_HIFLD_1206_rev,400000000.0,0.0,0.0,0,168
SUB_HIFLD_434,SUB_HIFLD_1209,meso_SUB_HIFLD_434_SUB_HIFLD_1209_rev,150000000.0,0.0,0.0,0,168
SUB_HIFLD_434,SUB_HIFLD_1233,meso_SUB_HIFLD_434_SUB_HIFLD_1233_rev,60000000.0,16057021.838329716,26356599.47346166,0,168
SUB_HIFLD_434,SUB_HIFLD_322,meso_SUB_HIFLD_434_SUB_HIFLD_322_rev,60000000.0,39758388.85845549,59728316.914666556,4,168
SUB_HIFLD_434,SUB_HIFLD_3997,meso_SUB_HIFLD_434_SUB_HIFLD_3997_rev,60000000.0,0.0,0.0,0,168
SUB_HIFLD_434,SUB_HIFLD_444,meso_SUB_HIFLD_434_SUB_HIFLD_444_fwd,400000000.0,150489519.2839949,154886233.56769994,0,168
SUB_HIFLD_434,SUB_HIFLD_859,meso_SUB_HIFLD_434_SUB_HIFLD_859_fwd,150000000.0,34599.8153922942,51308.32993680006,0,168
SUB_HIFLD_435,SUB_HIFLD_418,meso_SUB_HIFLD_435_SUB_HIFLD_418_rev,80000000.0,593966.9591036604,711523.3221955147,0,168
SUB_HIFLD_435,SUB_HIFLD_436,meso_SUB_HIFLD_435_SUB_HIFLD_436_fwd,80000000.0,0.0,0.0,0,168
SUB_HIFLD_435,SUB_HIFLD_449,meso_SUB_HIFLD_435_SUB_HIFLD_449_fwd,80000000.0,2076050.3852958474,2791994.586433332,0,168
SUB_HIFLD_435,SUB_HIFLD_3394,meso_SUB_HIFLD_435_SUB_HIFLD_3394_fwd,16080175.754561285,6001812.357714507,7903481.010611336,0,168
SUB_HIFLD_436,SUB_HIFLD_1214,meso_SUB_HIFLD_436_SUB_HIFLD_1214_rev,80000000.0,0.0,0.0,0,168
SUB_HIFLD_436,SUB_HIFLD_435,meso_SUB_HIFLD_436_SUB_HIFLD_435_rev,80000000.0,13961071.793083917,14269463.487243652,0,168
SUB_HIFLD_437,SUB_HIFLD_3394,meso_SUB_HIFLD_437_SUB_HIFLD_3394_fwd,5000000.0,4720000.0,4720000.0,0,168
SUB_HIFLD_438,SUB_HIFLD_439,meso_SUB_HIFLD_438_SUB_HIFLD_439_fwd,80000000.0,9228737.541488823,11073639.473638609,0,168
SUB_HIFLD_438,SUB_HIFLD_448,meso_SUB_HIFLD_438_SUB_HIFLD_448_fwd,80000000.0,0.0,0.0,0,168
SUB_HIFLD_439,SUB_HIFLD_3575,meso_SUB_HIFLD_439_SUB_HIFLD_3575_rev,160000000.0,16704943.977634631,20841262.74316196,0,168
SUB_HIFLD_439,SUB_HIFLD_419,meso_SUB_HIFLD_439_SUB_HIFLD_419_rev,80000000.0,0.0,0.0,0,168
SUB_HIFLD_439,SUB_HIFLD_423,meso_SUB_HIFLD_439_SUB_HIFLD_423_rev,80000000.0,0.0,0.0,0,168
SUB_HIFLD_439,SUB_HIFLD_438,meso_SUB_HIFLD_439_SUB_HIFLD_438_rev,80000000.0,0.0,0.0,0,168
SUB_HIFLD_441,SUB_HIFLD_420,meso_SUB_HIFLD_441_SUB_HIFLD_420_rev,80000000.0,904660.0536257448,12553825.157395596,0,168
SUB_HIFLD_441,SUB_HIFLD_424,meso_SUB_HIFLD_441_SUB_HIFLD_424_rev,80000000.0,43380697.57892679,49474492.212669134,0,168
SUB_HIFLD_443,SUB_HIFLD_2972,meso_SUB_HIFLD_443_SUB_HIFLD_2972_rev,80000000.0,0.0,0.0,0,168
SUB_HIFLD_444,SUB_HIFLD_426,meso_SUB_HIFLD_444_SUB_HIFLD_426_rev,150000000.0,145761765.4753456,150000000.0,118,168
SUB_HIFLD_444,SUB_HIFLD_434,meso_SUB_HIFLD_444_SUB_HIFLD_434_rev,400000000.0,0.0,0.0,0,168
SUB_HIFLD_446,SUB_HIFLD_1590,meso_SUB_HIFLD_446_SUB_HIFLD_1590_rev,80000000.0,0.0,0.0,0,168
SUB_HIFLD_446,SUB_HIFLD_2933,meso_SUB_HIFLD_446_SUB_HIFLD_2933_rev,80000000.0,0.0,0.0,0,168
SUB_HIFLD_446,SUB_HIFLD_430,meso_SUB_HIFLD_446_SUB_HIFLD_430_rev,6270497.932635992,1891729.8213020514,2900203.0834709248,0,168
SUB_HIFLD_447,SUB_HIFLD_4158,meso_SUB_HIFLD_447_SUB_HIFLD_4158_rev,150000000.0,0.0,0.0,0,168
SUB_HIFLD_447,SUB_HIFLD_433,meso_SUB_HIFLD_447_SUB_HIFLD_433_rev,150000000.0,158169.59612337215,1116538.5291186818,0,168
SUB_HIFLD_448,SUB_HIFLD_3394,meso_SUB_HIFLD_448_SUB_HIFLD_3394_rev,80000000.0,0.0,0.0,0,168
SUB_HIFLD_448,SUB_HIFLD_438,meso_SUB_HIFLD_448_SUB_HIFLD_438_rev,80000000.0,9998199.188788867,11803959.689887606,0,168
SUB_HIFLD_449,SUB_HIFLD_435,meso_SUB_HIFLD_449_SUB_HIFLD_435_rev,80000000.0,0.0,0.0,0,168
SUB_HIFLD_450,SUB_HIFLD_3445,meso_SUB_HIFLD_450_SUB_HIFLD_3445_rev,80000000.0,0.0,0.0,0,168
SUB_HIFLD_459,SUB_HIFLD_2722,meso_SUB_HIFLD_459_SUB_HIFLD_2722_rev,60000000.0,0.0,0.0,0,168
SUB_HIFLD_459,SUB_25371,meso_SUB_HIFLD_459_SUB_25371_rev,5000000.0,2275201.8664008444,3821188.1971850838,0,168
SUB_HIFLD_464,SUB_HIFLD_3631,meso_SUB_HIFLD_464_SUB_HIFLD_3631_fwd,5000000.0,0.0,0.0,0,168
SUB_HIFLD_476,SUB_HIFLD_2521,meso_SUB_HIFLD_476_SUB_HIFLD_2521_rev,60000000.0,0.0,0.0,0,168
SUB_HIFLD_479,SUB_HIFLD_1053,meso_SUB_HIFLD_479_SUB_HIFLD_1053_rev,60000000.0,49705256.46213784,52196672.35405627,0,168
SUB_HIFLD_479,SUB_HIFLD_1072,meso_SUB_HIFLD_479_SUB_HIFLD_1072_rev,60000000.0,0.0,0.0,0,168
SUB_HIFLD_479,SUB_HIFLD_2919,meso_SUB_HIFLD_479_SUB_HIFLD_2919_rev,6791043.712815058,3651141.1757696243,5100816.990173969,0,168
SUB_HIFLD_481,SUB_HIFLD_1860,meso_SUB_HIFLD_481_SUB_HIFLD_1860_rev,80000000.0,0.0,0.0,0,168
SUB_HIFLD_481,SUB_HIFLD_1864,meso_SUB_HIFLD_481_SUB_HIFLD_1864_rev,160000000.0,0.0,0.0,0,168
SUB_HIFLD_482,SUB_10236,meso_SUB_HIFLD_482_SUB_10236_rev,60000000.0,0.0,0.0,0,168
SUB_HIFLD_482,SUB_10330,meso_SUB_HIFLD_482_SUB_10330_rev,60000000.0,0.0,0.0,0,168
SUB_HIFLD_482,SUB_10355,meso_SUB_HIFLD_482_SUB_10355_rev,60000000.0,46089913.95137518,53124314.32986271,0,168
SUB_HIFLD_485,SUB_HIFLD_3590,meso_SUB_HIFLD_485_SUB_HIFLD_3590_rev,80000000.0,19554798.142681185,26277676.916553203,0,168
SUB_HIFLD_485,SUB_HIFLD_3757,meso_SUB_HIFLD_485_SUB_HIFLD_3757_rev,80000000.0,129289.10257670897,15500795.195103202,0,168
SUB_HIFLD_485,SUB_HIFLD_1157,meso_SUB_HIFLD_485_SUB_HIFLD_1157_rev,400000000.0,1178262.1560671236,72225503.30344918,0,168
SUB_HIFLD_485,SUB_HIFLD_495,meso_SUB_HIFLD_485_SUB_HIFLD_495_fwd,400000000.0,0.0,0.0,0,168
SUB_HIFLD_485,SUB_HIFLD_3226,meso_SUB_HIFLD_485_SUB_HIFLD_3226_rev,15361832.932945123,7071969.443814218,9503290.738764497,0,168
SUB_HIFLD_486,SUB_HIFLD_1739,meso_SUB_HIFLD_486_SUB_HIFLD_1739_rev,200000000.0,15526821.025999894,42744334.301506124,0,168
SUB_HIFLD_486,SUB_HIFLD_490,meso_SUB_HIFLD_486_SUB_HIFLD_490_fwd,200000000.0,0.0,0.0,0,168
SUB_HIFLD_486,SUB_HIFLD_498,meso_SUB_HIFLD_486_SUB_HIFLD_498_fwd,200000000.0,0.0,0.0,0,168
SUB_HIFLD_487,SUB_HIFLD_2522,meso_SUB_HIFLD_487_SUB_HIFLD_2522_rev,80000000.0,11240778.624439867,32504000.975726824,0,168
SUB_HIFLD_487,SUB_HIFLD_3383,meso_SUB_HIFLD_487_SUB_HIFLD_3383_rev,80000000.0,11637549.621277204,43752254.210370846,0,168
SUB_HIFLD_487,SUB_HIFLD_4187,meso_SUB_HIFLD_487_SUB_HIFLD_4187_rev,150000000.0,0.0,0.0,0,168
SUB_HIFLD_487,SUB_HIFLD_3428,meso_SUB_HIFLD_487_SUB_HIFLD_3428_rev,200000000.0,0.0,0.0,0,168
SUB_HIFLD_487,SUB_HIFLD_4109,meso_SUB_HIFLD_487_SUB_HIFLD_4109_rev,200000000.0,0.0,0.0,0,168
SUB_HIFLD_487,SUB_HIFLD_499,meso_SUB_HIFLD_487_SUB_HIFLD_499_fwd,200000000.0,0.0,0.0,0,168
SUB_HIFLD_488,SUB_HIFLD_1655,meso_SUB_HIFLD_488_SUB_HIFLD_1655_rev,200000000.0,1936204.7731193665,12433941.587467782,0,168
SUB_HIFLD_488,SUB_HIFLD_1727,meso_SUB_HIFLD_488_SUB_HIFLD_1727_rev,80000000.0,8811000.538620446,19400000.0,0,168
SUB_HIFLD_488,SUB_HIFLD_1745,meso_SUB_HIFLD_488_SUB_HIFLD_1745_rev,400000000.0,2912096.698652727,12433941.461622102,0,168
SUB_HIFLD_488,SUB_HIFLD_3509,meso_SUB_HIFLD_488_SUB_HIFLD_3509_rev,400000000.0,1168727.6920987945,12433941.587467782,0,168
SUB_HIFLD_488,WEC_LADW,iface_SUB_HIFLD_488_WEC_LADW_to_ba,20000000.0,0.0,0.0,0,168
SUB_HIFLD_489,SUB_HIFLD_2529,meso_SUB_HIFLD_489_SUB_HIFLD_2529_rev,80000000.0,0.0,0.0,0,168
SUB_HIFLD_489,SUB_HIFLD_4245,meso_SUB_HIFLD_489_SUB_HIFLD_4245_rev,80000000.0,0.0,0.0,0,168
SUB_HIFLD_489,SUB_HIFLD_2596,meso_SUB_HIFLD_489_SUB_HIFLD_2596_rev,80000000.0,0.0,0.0,0,168
SUB_HIFLD_489,SUB_HIFLD_3754,meso_SUB_HIFLD_489_SUB_HIFLD_3754_rev,60000000.0,0.0,0.0,0,168
SUB_HIFLD_489,SUB_HIFLD_2603,meso_SUB_HIFLD_489_SUB_HIFLD_2603_rev,83507846.74394836,37714287.60912681,51611439.57225355,0,168
SUB_HIFLD_490,SUB_HIFLD_1626,meso_SUB_HIFLD_490_SUB_HIFLD_1626_rev,80000000.0,38964891.103574924,61033919.238523714,0,168
SUB_HIFLD_490,SUB_HIFLD_1648,meso_SUB_HIFLD_490_SUB_HIFLD_1648_rev,80000000.0,15101034.723764649,31762883.829333115,0,168
SUB_HIFLD_490,SUB_HIFLD_4109,meso_SUB_HIFLD_490_SUB_HIFLD_4109_rev,150000000.0,0.0,0.0,0,168
SUB_HIFLD_490,SUB_HIFLD_486,meso_SUB_HIFLD_490_SUB_HIFLD_486_rev,200000000.0,8314480.191295977,59461408.48719893,0,168
SUB_HIFLD_490,SUB_HIFLD_3428,meso_SUB_HIFLD_490_SUB_HIFLD_3428_rev,200000000.0,0.0,0.0,0,168
SUB_HIFLD_491,SUB_HIFLD_1255,meso_SUB_HIFLD_491_SUB_HIFLD_1255_rev,400000000.0,15244187.21524418,20485091.187781893,0,168
SUB_HIFLD_491,SUB_HIFLD_1525,meso_SUB_HIFLD_491_SUB_HIFLD_1525_rev,400000000.0,0.0,0.0,0,168
SUB_HIFLD_491,SUB_HIFLD_1511,meso_SUB_HIFLD_491_SUB_HIFLD_1511_rev,400000000.0,146808688.6314447,296853822.6589242,0,168
SUB_HIFLD_491,WEC_LADW,iface_SUB_HIFLD_491_WEC_LADW_to_ba,20000000.0,0.0,0.0,0,168
SUB_HIFLD_492,SUB_HIFLD_1638,meso_SUB_HIFLD_492_SUB_HIFLD_1638_rev,80000000.0,0.0,0.0,0,168
SUB_HIFLD_492,SUB_HIFLD_4194,meso_SUB_HIFLD_492_SUB_HIFLD_4194_rev,80000000.0,30280716.659072716,40691132.117007665,0,168
SUB_HIFLD_493,SUB_HIFLD_1507,meso_SUB_HIFLD_493_SUB_HIFLD_1507_rev,400000000.0,91030142.04562771,152685068.88714844,0,168
SUB_HIFLD_493,SUB_HIFLD_2921,meso_SUB_HIFLD_493_SUB_HIFLD_2921_rev,400000000.0,0.0,0.0,0,168
SUB_HIFLD_493,SUB_HIFLD_501,meso_SUB_HIFLD_493_SUB_HIFLD_501_fwd,400000000.0,0.0,0.0,0,168
SUB_HIFLD_493,WEC_LADW,iface_SUB_HIFLD_493_WEC_LADW_to_ba,20000000.0,0.0,0.0,0,168
SUB_HIFLD_494,SUB_HIFLD_1515,meso_SUB_HIFLD_494_SUB_HIFLD_1515_rev,80000000.0,0.0,0.0,0,168
SUB_HIFLD_494,SUB_HIFLD_3153,meso_SUB_HIFLD_494_SUB_HIFLD_3153_rev,80000000.0,0.0,0.0,0,168
SUB_HIFLD_494,SUB_HIFLD_4352,meso_SUB_HIFLD_494_SUB_HIFLD_4352_rev,80000000.0,3932935.307802165,43247185.000730686,0,168
SUB_HIFLD_495,SUB_HIFLD_1509,meso_SUB_HIFLD_495_SUB_HIFLD_1509_rev,400000000.0,0.0,0.0,0,168
SUB_HIFLD_495,SUB_HIFLD_1515,meso_SUB_HIFLD_495_SUB_HIFLD_1515_rev,400000000.0,0.0,0.0,0,168
SUB_HIFLD_495,SUB_HIFLD_1526,meso_SUB_HIFLD_495_SUB_HIFLD_1526_rev,400000000.0,0.0,0.0,0,168
SUB_HIFLD_495,SUB_HIFLD_1724,meso_SUB_HIFLD_495_SUB_HIFLD_1724_rev,80000000.0,49539788.86325357,80000000.0,67,168
SUB_HIFLD_495,SUB_HIFLD_2481,meso_SUB_HIFLD_495_SUB_HIFLD_2481_rev,1500000000.0,0.0,0.0,0,168
SUB_HIFLD_495,SUB_HIFLD_3364,meso_SUB_HIFLD_495_SUB_HIFLD_3364_rev,400000000.0,0.0,0.0,0,168
SUB_HIFLD_495,SUB_HIFLD_3587,meso_SUB_HIFLD_495_SUB_HIFLD_3587_rev,80000000.0,13777721.15139661,45760910.12856395,0,168
SUB_HIFLD_495,SUB_HIFLD_4243,meso_SUB_HIFLD_495_SUB_HIFLD_4243_rev,400000000.0,3216312.860864616,112175445.10983148,0,168
SUB_HIFLD_495,SUB_HIFLD_1525,meso_SUB_HIFLD_495_SUB_HIFLD_1525_rev,400000000.0,0.0,0.0,0,168
SUB_HIFLD_495,SUB_HIFLD_1621,meso_SUB_HIFLD_495_SUB_HIFLD_1621_rev,400000000.0,0.0,0.0,0,168
SUB_HIFLD_495,SUB_HIFLD_3570,meso_SUB_HIFLD_495_SUB_HIFLD_3570_rev,400000000.0,0.0,0.0,0,168
SUB_HIFLD_495,SUB_HIFLD_3589,meso_SUB_HIFLD_495_SUB_HIFLD_3589_rev,400000000.0,6949054.540544856,151388915.35493517,0,168
SUB_HIFLD_495,SUB_HIFLD_485,meso_SUB_HIFLD_495_SUB_HIFLD_485_rev,400000000.0,34932779.09605071,124732671.85209137,0,168
SUB_HIFLD_495,SUB_HIFLD_791,meso_SUB_HIFLD_495_SUB_HIFLD_791_fwd,1500000000.0,0.0,0.0,0,168
SUB_HIFLD_495,SUB_HIFLD_3337,meso_SUB_HIFLD_495_SUB_HIFLD_3337_rev,68956447.94631131,32746546.328530103,44004706.88023518,0,168
SUB_HIFLD_495,SUB_HIFLD_4247,meso_SUB_HIFLD_495_SUB_HIFLD_4247_rev,110991625.68031321,52356146.35278531,68567649.3164813,0,168
SUB_HIFLD_495,WEC_LADW,iface_SUB_HIFLD_495_WEC_LADW_to_ba,20000000.0,0.0,0.0,0,168
SUB_HIFLD_496,SUB_HIFLD_1259,meso_SUB_HIFLD_496_SUB_HIFLD_1259_rev,80000000.0,34504391.32902184,80000000.0,3,168
SUB_HIFLD_496,SUB_HIFLD_1517,meso_SUB_HIFLD_496_SUB_HIFLD_1517_rev,400000000.0,0.0,0.0,0,168
SUB_HIFLD_496,SUB_HIFLD_1550,meso_SUB_HIFLD_496_SUB_HIFLD_1550_rev,160000000.0,103327842.9811465,160000000.0,25,168
SUB_HIFLD_496,SUB_HIFLD_1563,meso_SUB_HIFLD_496_SUB_HIFLD_1563_rev,80000000.0,80000000.0,80000000.0,168,168
SUB_HIFLD_496,SUB_HIFLD_1636,meso_SUB_HIFLD_496_SUB_HIFLD_1636_rev,400000000.0,1478322.4694800247,16752230.158540392,0,168
SUB_HIFLD_496,SUB_HIFLD_1681,meso_SUB_HIFLD_496_SUB_HIFLD_1681_rev,400000000.0,158512385.10646197,344636915.1734899,0,168
SUB_HIFLD_496,SUB_HIFLD_3176,meso_SUB_HIFLD_496_SUB_HIFLD_3176_rev,160000000.0,53377174.122360215,99628093.68832609,0,168
SUB_HIFLD_496,SUB_HIFLD_3740,meso_SUB_HIFLD_496_SUB_HIFLD_3740_rev,80000000.0,3367656.741846878,4181320.8511195234,0,168
SUB_HIFLD_496,SUB_HIFLD_596,meso_SUB_HIFLD_496_SUB_HIFLD_596_fwd,400000000.0,14249492.315807717,108355061.77070105,0,168
SUB_HIFLD_496,SUB_HIFLD_3946,meso_SUB_HIFLD_496_SUB_HIFLD_3946_rev,400000000.0,50112769.88068928,194391477.50445855,0,168
SUB_HIFLD_496,SUB_HIFLD_497,meso_SUB_HIFLD_496_SUB_HIFLD_497_fwd,800000000.0,96484840.23153725,159448889.8270897,0,168
SUB_HIFLD_496,WEC_LADW,iface_SUB_HIFLD_496_WEC_LADW_to_ba,640000000.0,0.0,0.0,0,168
SUB_HIFLD_497,SUB_HIFLD_1157,meso_SUB_HIFLD_497_SUB_HIFLD_1157_rev,400000000.0,1964607.358311427,60172488.50092937,0,168
SUB_HIFLD_497,SUB_HIFLD_1259,meso_SUB_HIFLD_497_SUB_HIFLD_1259_rev,80000000.0,0.0,0.0,0,168
SUB_HIFLD_497,SUB_HIFLD_1681,meso_SUB_HIFLD_497_SUB_HIFLD_1681_rev,400000000.0,0.0,0.0,0,168
SUB_HIFLD_497,SUB_HIFLD_3002,meso_SUB_HIFLD_497_SUB_HIFLD_3002_rev,80000000.0,80000000.0,80000000.0,168,168
SUB_HIFLD_497,SUB_HIFLD_3946,meso_SUB_HIFLD_497_SUB_HIFLD_3946_rev,400000000.0,0.0,0.0,0,168
SUB_HIFLD_497,SUB_HIFLD_496,meso_SUB_HIFLD_497_SUB_HIFLD_496_rev,800000000.0,0.0,0.0,0,168
SUB_HIFLD_497,WEC_LADW,iface_SUB_HIFLD_497_WEC_LADW_to_ba,20000000.0,0.0,0.0,0,168
SUB_HIFLD_498,SUB_HIFLD_1636,meso_SUB_HIFLD_498_SUB_HIFLD_1636_rev,400000000.0,0.0,0.0,0,168
SUB_HIFLD_498,SUB_HIFLD_3743,meso_SUB_HIFLD_498_SUB_HIFLD_3743_rev,400000000.0,244802.78610536226,27409058.35545483,0,168
SUB_HIFLD_498,SUB_HIFLD_486,meso_SUB_HIFLD_498_SUB_HIFLD_486_rev,200000000.0,40921718.28958521,87940039.2635936,0,168
SUB_HIFLD_498,SUB_HIFLD_499,meso_SUB_HIFLD_498_SUB_HIFLD_499_fwd,150000000.0,4079220.6899718246,57955643.03393007,0,168
SUB_HIFLD_498,SUB_HIFLD_3428,meso_SUB_HIFLD_498_SUB_HIFLD_3428_rev,200000000.0,0.0,0.0,0,168
SUB_HIFLD_498,SUB_HIFLD_596,meso_SUB_HIFLD_498_SUB_HIFLD_596_fwd,800000000.0,0.0,0.0,0,168
SUB_HIFLD_498,SUB_HIFLD_791,meso_SUB_HIFLD_498_SUB_HIFLD_791_fwd,400000000.0,0.0,0.0,0,168
SUB_HIFLD_498,WEC_LADW,iface_SUB_HIFLD_498_WEC_LADW_to_ba,20000000.0,0.0,0.0,0,168
SUB_HIFLD_499,SUB_HIFLD_1265,meso_SUB_HIFLD_499_SUB_HIFLD_1265_rev,80000000.0,0.0,0.0,0,168
SUB_HIFLD_499,SUB_HIFLD_1266,meso_SUB_HIFLD_499_SUB_HIFLD_1266_rev,200000000.0,0.0,0.0,0,168
SUB_HIFLD_499,SUB_HIFLD_1772,meso_SUB_HIFLD_499_SUB_HIFLD_1772_rev,80000000.0,44941537.83635358,60857731.069734484,0,168
SUB_HIFLD_499,SUB_HIFLD_2744,meso_SUB_HIFLD_499_SUB_HIFLD_2744_rev,80000000.0,327653.1066210318,7314809.778314654,0,168
SUB_HIFLD_499,SUB_HIFLD_3156,meso_SUB_HIFLD_499_SUB_HIFLD_3156_rev,200000000.0,0.0,0.0,0,168
SUB_HIFLD_499,SUB_HIFLD_3593,meso_SUB_HIFLD_499_SUB_HIFLD_3593_rev,80000000.0,0.0,0.0,0,168
SUB_HIFLD_499,SUB_HIFLD_4109,meso_SUB_HIFLD_499_SUB_HIFLD_4109_rev,150000000.0,43167.663025092676,7252167.38821557,0,168
SUB_HIFLD_499,SUB_HIFLD_498,meso_SUB_HIFLD_499_SUB_HIFLD_498_rev,150000000.0,20409.39414388316,3428778.216172371,0,168
SUB_HIFLD_499,SUB_HIFLD_487,meso_SUB_HIFLD_499_SUB_HIFLD_487_rev,200000000.0,0.0,0.0,0,168
SUB_HIFLD_500,SUB_HIFLD_1507,meso_SUB_HIFLD_500_SUB_HIFLD_1507_rev,200000000.0,0.0,0.0,0,168
SUB_HIFLD_500,SUB_HIFLD_1511,meso_SUB_HIFLD_500_SUB_HIFLD_1511_rev,200000000.0,0.0,0.0,0,168
SUB_HIFLD_500,SUB_HIFLD_1778,meso_SUB_HIFLD_500_SUB_HIFLD_1778_rev,200000000.0,0.0,0.0,0,168
SUB_HIFLD_500,SUB_HIFLD_1739,meso_SUB_HIFLD_500_SUB_HIFLD_1739_rev,400000000.0,0.0,0.0,0,168
SUB_HIFLD_501,SUB_HIFLD_1157,meso_SUB_HIFLD_501_SUB_HIFLD_1157_rev,400000000.0,23082859.94744409,72865845.4816366,0,168
SUB_HIFLD_501,SUB_HIFLD_1521,meso_SUB_HIFLD_501_SUB_HIFLD_1521_rev,400000000.0,0.0,0.0,0,168
SUB_HIFLD_501,SUB_HIFLD_1528,meso_SUB_HIFLD_501_SUB_HIFLD_1528_rev,80000000.0,5063666.240234639,23520751.577858366,0,168
SUB_HIFLD_501,SUB_HIFLD_1657,meso_SUB_HIFLD_501_SUB_HIFLD_1657_rev,80000000.0,56380685.182614386,80000000.0,80,168
SUB_HIFLD_501,SUB_HIFLD_2921,meso_SUB_HIFLD_501_SUB_HIFLD_2921_rev,400000000.0,28131.49303797714,930711.3804768041,0,168
SUB_HIFLD_501,SUB_HIFLD_3589,meso_SUB_HIFLD_501_SUB_HIFLD_3589_rev,80000000.0,0.0,0.0,0,168
SUB_HIFLD_501,SUB_HIFLD_4243,meso_SUB_HIFLD_501_SUB_HIFLD_4243_rev,1500000000.0,0.0,0.0,0,168
SUB_HIFLD_501,SUB_HIFLD_4258,meso_SUB_HIFLD_501_SUB_HIFLD_4258_rev,80000000.0,79908501.2920142,80000000.0,165,168
SUB_HIFLD_501,SUB_HIFLD_1515,meso_SUB_HIFLD_501_SUB_HIFLD_1515_rev,800000000.0,0.0,0.0,0,168
SUB_HIFLD_501,SUB_HIFLD_2481,meso_SUB_HIFLD_501_SUB_HIFLD_2481_rev,3000000000.0,0.0,0.0,0,168
SUB_HIFLD_501,SUB_HIFLD_3757,meso_SUB_HIFLD_501_SUB_HIFLD_3757_rev,400000000.0,4780245.077027362,17598845.670712013,0,168
SUB_HIFLD_501,SUB_HIFLD_493,meso_SUB_HIFLD_501_SUB_HIFLD_493_rev,400000000.0,93932785.39137554,168711327.4106395,0,168
SUB_HIFLD_501,WEC_LADW,iface_SUB_HIFLD_501_WEC_LADW_to_ba,20000000.0,0.0,0.0,0,168
SUB_HIFLD_520,SUB_HIFLD_658,meso_SUB_HIFLD_520_SUB_HIFLD_658_fwd,60000000.0,0.0,0.0,0,168
SUB_HIFLD_520,SUB_HIFLD_778,meso_SUB_HIFLD_520_SUB_HIFLD_778_fwd,60000000.0,0.0,0.0,0,168
SUB_HIFLD_521,SUB_HIFLD_2862,meso_SUB_HIFLD_521_SUB_HIFLD_2862_rev,60000000.0,3425339.269797099,6904479.09954897,0,168
SUB_HIFLD_521,SUB_HIFLD_3596,meso_SUB_HIFLD_521_SUB_HIFLD_3596_rev,60000000.0,0.0,0.0,0,168
SUB_HIFLD_523,SUB_10255,meso_SUB_HIFLD_523_SUB_10255_rev,60000000.0,0.0,0.0,0,168
SUB_HIFLD_523,SUB_HIFLD_1072,meso_SUB_HIFLD_523_SUB_HIFLD_1072_rev,60000000.0,60000000.0,60000000.0,168,168
SUB_HIFLD_523,SUB_HIFLD_1327,meso_SUB_HIFLD_523_SUB_HIFLD_1327_rev,60000000.0,0.0,0.0,0,168
SUB_HIFLD_523,SUB_HIFLD_4077,meso_SUB_HIFLD_523_SUB_HIFLD_4077_rev,5000000.0,0.0,0.0,0,168
SUB_HIFLD_534,SUB_HIFLD_2818,meso_SUB_HIFLD_534_SUB_HIFLD_2818_rev,150000000.0,0.0,0.0,0,168
SUB_HIFLD_534,SUB_HIFLD_3694,meso_SUB_HIFLD_534_SUB_HIFLD_3694_rev,150000000.0,7759380.185454491,17691199.170928642,0,168
SUB_HIFLD_534,SUB_HIFLD_3374,meso_SUB_HIFLD_534_SUB_HIFLD_3374_rev,150000000.0,0.0,0.0,0,168
SUB_HIFLD_535,SUB_HIFLD_1275,meso_SUB_HIFLD_535_SUB_HIFLD_1275_rev,150000000.0,0.0,0.0,0,168
SUB_HIFLD_535,SUB_HIFLD_1500,meso_SUB_HIFLD_535_SUB_HIFLD_1500_rev,250000000.0,6840047.964455185,66502329.87935778,0,168
SUB_HIFLD_535,SUB_HIFLD_3251,meso_SUB_HIFLD_535_SUB_HIFLD_3251_rev,250000000.0,0.0,0.0,0,168
SUB_HIFLD_535,SUB_HIFLD_541,meso_SUB_HIFLD_535_SUB_HIFLD_541_fwd,150000000.0,0.0,0.0,0,168
SUB_HIFLD_535,SUB_HIFLD_575,meso_SUB_HIFLD_535_SUB_HIFLD_575_fwd,400000000.0,378796528.05694044,400000000.0,125,168
SUB_HIFLD_535,SUB_HIFLD_55,meso_SUB_HIFLD_535_SUB_HIFLD_55_fwd,400000000.0,81342715.3689957,314876316.71851593,0,168
SUB_HIFLD_535,WECC_IID,iface_SUB_HIFLD_535_WECC_IID_to_ba,221329041.11209834,0.0,0.0,0,168
SUB_HIFLD_536,SUB_HIFLD_1006,meso_SUB_HIFLD_536_SUB_HIFLD_1006_rev,150000000.0,7902701.571361355,35743420.863131724,0,168
SUB_HIFLD_536,SUB_HIFLD_575,meso_SUB_HIFLD_536_SUB_HIFLD_575_fwd,150000000.0,11665902.828889918,150000000.0,2,168
SUB_HIFLD_536,SUB_HIFLD_55,meso_SUB_HIFLD_536_SUB_HIFLD_55_fwd,300000000.0,0.0,0.0,0,168
SUB_HIFLD_537,SUB_HIFLD_547,meso_SUB_HIFLD_537_SUB_HIFLD_547_fwd,5000000.0,0.0,0.0,0,168
SUB_HIFLD_538,SUB_HIFLD_1501,meso_SUB_HIFLD_538_SUB_HIFLD_1501_rev,150000000.0,0.0,0.0,0,168
SUB_HIFLD_538,SUB_HIFLD_2818,meso_SUB_HIFLD_538_SUB_HIFLD_2818_rev,150000000.0,27162867.68874651,87768760.77171636,0,168
SUB_HIFLD_539,SUB_HIFLD_1502,meso_SUB_HIFLD_539_SUB_HIFLD_1502_rev,150000000.0,106983841.34498332,150000000.0,4,168
SUB_HIFLD_539,SUB_HIFLD_1503,meso_SUB_HIFLD_539_SUB_HIFLD_1503_rev,150000000.0,0.0,0.0,0,168
SUB_HIFLD_539,SUB_HIFLD_3374,meso_SUB_HIFLD_539_SUB_HIFLD_3374_rev,150000000.0,25416309.930893473,59156212.52914327,0,168
SUB_HIFLD_540,SUB_HIFLD_1007,meso_SUB_HIFLD_540_SUB_HIFLD_1007_rev,60000000.0,0.0,0.0,0,168
SUB_HIFLD_541,SUB_HIFLD_535,meso_SUB_HIFLD_541_SUB_HIFLD_535_rev,150000000.0,45281265.8155305,45790798.027038574,0,168
SUB_HIFLD_542,SUB_HIFLD_2642,meso_SUB_HIFLD_542_SUB_HIFLD_2642_rev,150000000.0,0.0,0.0,0,168
SUB_HIFLD_542,SUB_HIFLD_2860,meso_SUB_HIFLD_542_SUB_HIFLD_2860_rev,150000000.0,28724107.960257,106232735.58781588,0,168
SUB_HIFLD_543,SUB_HIFLD_283,meso_SUB_HIFLD_543_SUB_HIFLD_283_fwd,5000000.0,0.0,0.0,0,168
SUB_HIFLD_544,SUB_HIFLD_4024,meso_SUB_HIFLD_544_SUB_HIFLD_4024_rev,150000000.0,0.0,0.0,0,168
SUB_HIFLD_544,SUB_HIFLD_1006,meso_SUB_HIFLD_544_SUB_HIFLD_1006_rev,150000000.0,1040531.5196336007,8948368.330606936,0,168
SUB_HIFLD_544,SUB_HIFLD_3236,meso_SUB_HIFLD_544_SUB_HIFLD_3236_rev,150000000.0,0.0,0.0,0,168
SUB_HIFLD_545,SUB_HIFLD_3402,meso_SUB_HIFLD_545_SUB_HIFLD_3402_rev,150000000.0,8383721.574103367,85115231.95844264,0,168
SUB_HIFLD_545,SUB_HIFLD_4219,meso_SUB_HIFLD_545_SUB_HIFLD_4219_rev,150000000.0,0.0,0.0,0,168
SUB_HIFLD_546,SUB_HIFLD_1497,meso_SUB_HIFLD_546_SUB_HIFLD_1497_rev,150000000.0,15986272.419443801,44307557.32950628,0,168
SUB_HIFLD_546,SUB_HIFLD_1501,meso_SUB_HIFLD_546_SUB_HIFLD_1501_rev,150000000.0,0.0,0.0,0,168
SUB_HIFLD_546,SUB_HIFLD_3236,meso_SUB_HIFLD_546_SUB_HIFLD_3236_rev,150000000.0,180837.87982406485,244847.87675523266,0,168
SUB_HIFLD_547,SUB_HIFLD_2615,meso_SUB_HIFLD_547_SUB_HIFLD_2615_rev,400000000.0,0.0,0.0,0,168
SUB_HIFLD_547,SUB_HIFLD_3938,meso_SUB_HIFLD_547_SUB_HIFLD_3938_rev,400000000.0,0.0,0.0,0,168
SUB_HIFLD_547,SUB_HIFLD_575,meso_SUB_HIFLD_547_SUB_HIFLD_575_fwd,400000000.0,51498370.50696766,400000000.0,1,168
SUB_HIFLD_547,SUB_HIFLD_537,meso_SUB_HIFLD_547_SUB_HIFLD_537_rev,5000000.0,0.0,0.0,0,168
SUB_HIFLD_547,WECC_SCE,iface_SUB_HIFLD_547_WECC_SCE_to_ba,113551470.17117159,0.0,0.0,0,168
SUB_HIFLD_548,SUB_HIFLD_1044,meso_SUB_HIFLD_548_SUB_HIFLD_1044_rev,80000000.0,73496355.20855768,80000000.0,97,168
SUB_HIFLD_548,SUB_HIFLD_3090,meso_SUB_HIFLD_548_SUB_HIFLD_3090_rev,80000000.0,0.0,0.0,0,168
SUB_HIFLD_548,SUB_HIFLD_3091,meso_SUB_HIFLD_548_SUB_HIFLD_3091_rev,80000000.0,115438.1063505534,19393601.86689297,0,168
SUB_HIFLD_548,SUB_HIFLD_3093,meso_SUB_HIFLD_548_SUB_HIFLD_3093_rev,80000000.0,80000000.0,80000000.0,168,168
SUB_HIFLD_548,SUB_HIFLD_3664,meso_SUB_HIFLD_548_SUB_HIFLD_3664_rev,80000000.0,0.0,0.0,0,168
SUB_HIFLD_548,SUB_HIFLD_3092,meso_SUB_HIFLD_548_SUB_HIFLD_3092_rev,80000000.0,27262648.757610243,55856345.77657281,0,168
SUB_HIFLD_548,SUB_HIFLD_870,meso_SUB_HIFLD_548_SUB_HIFLD_870_fwd,160000000.0,0.0,0.0,0,168
SUB_HIFLD_549,SUB_HIFLD_3430,meso_SUB_HIFLD_549_SUB_HIFLD_3430_rev,150000000.0,78804520.36992402,139454091.5892296,0,168
SUB_HIFLD_549,SUB_HIFLD_4025,meso_SUB_HIFLD_549_SUB_HIFLD_4025_rev,150000000.0,0.0,0.0,0,168
SUB_HIFLD_549,SUB_HIFLD_573,meso_SUB_HIFLD_549_SUB_HIFLD_573_fwd,150000000.0,596158.7384565811,25054562.15769974,0,168
SUB_HIFLD_549,SUB_HIFLD_4071,meso_SUB_HIFLD_549_SUB_HIFLD_4071_rev,150000000.0,0.0,0.0,0,168
SUB_HIFLD_549,SUB_HIFLD_553,meso_SUB_HIFLD_549_SUB_HIFLD_553_fwd,60000000.0,0.0,0.0,0,168
SUB_HIFLD_549,SUB_HIFLD_587,meso_SUB_HIFLD_549_SUB_HIFLD_587_fwd,150000000.0,1316503.80973359,26005523.37699383,0,168
SUB_HIFLD_550,SUB_HIFLD_4268,meso_SUB_HIFLD_550_SUB_HIFLD_4268_rev,150000000.0,0.0,0.0,0,168
SUB_HIFLD_550,SUB_HIFLD_576,meso_SUB_HIFLD_550_SUB_HIFLD_576_fwd,150000000.0,117481301.47771874,150000000.0,28,168
SUB_HIFLD_550,SUB_HIFLD_589,meso_SUB_HIFLD_550_SUB_HIFLD_589_fwd,150000000.0,0.0,0.0,0,168
SUB_HIFLD_550,SUB_HIFLD_2560,meso_SUB_HIFLD_550_SUB_HIFLD_2560_rev,300000000.0,0.0,0.0,0,168
SUB_HIFLD_550,SUB_HIFLD_3062,meso_SUB_HIFLD_550_SUB_HIFLD_3062_rev,300000000.0,28895830.868947323,49560068.82886007,0,168
SUB_HIFLD_551,SUB_HIFLD_2622,meso_SUB_HIFLD_551_SUB_HIFLD_2622_rev,80000000.0,0.0,0.0,0,168
SUB_HIFLD_551,SUB_HIFLD_2776,meso_SUB_HIFLD_551_SUB_HIFLD_2776_rev,80000000.0,0.0,0.0,0,168
SUB_HIFLD_551,SUB_HIFLD_863,meso_SUB_HIFLD_551_SUB_HIFLD_863_fwd,80000000.0,0.0,0.0,0,168
SUB_HIFLD_551,SUB_HIFLD_567,meso_SUB_HIFLD_551_SUB_HIFLD_567_fwd,80000000.0,21243501.302265983,30670157.458118558,0,168
SUB_HIFLD_551,SUB_HIFLD_581,meso_SUB_HIFLD_551_SUB_HIFLD_581_fwd,80000000.0,0.0,0.0,0,168
SUB_HIFLD_551,SUB_HIFLD_856,meso_SUB_HIFLD_551_SUB_HIFLD_856_fwd,80000000.0,0.0,0.0,0,168
SUB_HIFLD_552,SUB_HIFLD_3658,meso_SUB_HIFLD_552_SUB_HIFLD_3658_rev,150000000.0,0.0,0.0,0,168
SUB_HIFLD_552,SUB_HIFLD_3689,meso_SUB_HIFLD_552_SUB_HIFLD_3689_rev,60000000.0,29553330.22251982,51781540.81364268,0,168
SUB_HIFLD_552,SUB_HIFLD_1483,meso_SUB_HIFLD_552_SUB_HIFLD_1483_rev,150000000.0,0.0,0.0,0,168
SUB_HIFLD_552,SUB_HIFLD_4313,meso_SUB_HIFLD_552_SUB_HIFLD_4313_rev,150000000.0,33906.17273967952,3980161.68252681,0,168
SUB_HIFLD_552,SUB_HIFLD_572,meso_SUB_HIFLD_552_SUB_HIFLD_572_fwd,150000000.0,3346835.3343265625,27287630.69852605,0,168
SUB_HIFLD_552,SUB_HIFLD_874,meso_SUB_HIFLD_552_SUB_HIFLD_874_fwd,300000000.0,4572394.146083176,21574132.249785192,0,168
SUB_HIFLD_553,SUB_HIFLD_4025,meso_SUB_HIFLD_553_SUB_HIFLD_4025_rev,150000000.0,0.0,0.0,0,168
SUB_HIFLD_553,SUB_HIFLD_4071,meso_SUB_HIFLD_553_SUB_HIFLD_4071_rev,150000000.0,0.0,0.0,0,168
SUB_HIFLD_553,SUB_HIFLD_2835,meso_SUB_HIFLD_553_SUB_HIFLD_2835_rev,150000000.0,0.0,0.0,0,168
SUB_HIFLD_553,SUB_HIFLD_549,meso_SUB_HIFLD_553_SUB_HIFLD_549_rev,60000000.0,48824206.94431591,60000000.0,125,168
SUB_HIFLD_553,SUB_HIFLD_554,meso_SUB_HIFLD_553_SUB_HIFLD_554_fwd,150000000.0,97983.07838974916,16461157.16947786,0,168
SUB_HIFLD_553,SUB_HIFLD_589,meso_SUB_HIFLD_553_SUB_HIFLD_589_fwd,150000000.0,0.0,0.0,0,168
SUB_HIFLD_554,SUB_HIFLD_2835,meso_SUB_HIFLD_554_SUB_HIFLD_2835_rev,150000000.0,0.0,0.0,0,168
SUB_HIFLD_554,SUB_HIFLD_3923,meso_SUB_HIFLD_554_SUB_HIFLD_3923_rev,150000000.0,7321856.29962026,14037271.648387318,0,168
SUB_HIFLD_554,SUB_HIFLD_4025,meso_SUB_HIFLD_554_SUB_HIFLD_4025_rev,150000000.0,0.0,0.0,0,168
SUB_HIFLD_554,SUB_HIFLD_4126,meso_SUB_HIFLD_554_SUB_HIFLD_4126_rev,60000000.0,0.0,0.0,0,168
SUB_HIFLD_554,SUB_HIFLD_553,meso_SUB_HIFLD_554_SUB_HIFLD_553_rev,150000000.0,0.0,0.0,0,168
SUB_HIFLD_555,SUB_HIFLD_3607,meso_SUB_HIFLD_555_SUB_HIFLD_3607_rev,80000000.0,34362.526298249824,937749.5746022647,0,168
SUB_HIFLD_555,SUB_HIFLD_559,meso_SUB_HIFLD_555_SUB_HIFLD_559_fwd,80000000.0,0.0,0.0,0,168
SUB_HIFLD_555,SUB_HIFLD_570,meso_SUB_HIFLD_555_SUB_HIFLD_570_fwd,80000000.0,0.0,0.0,0,168
SUB_HIFLD_556,SUB_HIFLD_2784,meso_SUB_HIFLD_556_SUB_HIFLD_2784_rev,150000000.0,0.0,0.0,0,168
SUB_HIFLD_556,SUB_HIFLD_575,meso_SUB_HIFLD_556_SUB_HIFLD_575_fwd,150000000.0,0.0,0.0,0,168
SUB_HIFLD_556,SUB_HIFLD_582,meso_SUB_HIFLD_556_SUB_HIFLD_582_fwd,150000000.0,0.0,0.0,0,168
SUB_HIFLD_557,SUB_HIFLD_3181,meso_SUB_HIFLD_557_SUB_HIFLD_3181_rev,60000000.0,0.0,0.0,0,168
SUB_HIFLD_557,SUB_HIFLD_4040,meso_SUB_HIFLD_557_SUB_HIFLD_4040_rev,80000000.0,0.0,0.0,0,168
SUB_HIFLD_557,SUB_HIFLD_570,meso_SUB_HIFLD_557_SUB_HIFLD_570_fwd,80000000.0,9051403.899846477,35342715.99970622,0,168
SUB_HIFLD_557,SUB_HIFLD_581,meso_SUB_HIFLD_557_SUB_HIFLD_581_fwd,80000000.0,0.0,0.0,0,168
SUB_HIFLD_557,SUB_HIFLD_841,meso_SUB_HIFLD_557_SUB_HIFLD_841_fwd,80000000.0,0.0,0.0,0,168
SUB_HIFLD_558,SUB_HIFLD_1013,meso_SUB_HIFLD_558_SUB_HIFLD_1013_rev,150000000.0,0.0,0.0,0,168
SUB_HIFLD_559,SUB_HIFLD_555,meso_SUB_HIFLD_559_SUB_HIFLD_555_rev,80000000.0,0.0,0.0,0,168
SUB_HIFLD_560,SUB_HIFLD_4040,meso_SUB_HIFLD_560_SUB_HIFLD_4040_rev,80000000.0,0.0,0.0,0,168
SUB_HIFLD_560,SUB_HIFLD_4400,meso_SUB_HIFLD_560_SUB_HIFLD_4400_rev,80000000.0,0.0,0.0,0,168
SUB_HIFLD_561,SUB_HIFLD_1480,meso_SUB_HIFLD_561_SUB_HIFLD_1480_rev,400000000.0,0.0,0.0,0,168
SUB_HIFLD_561,SUB_HIFLD_2970,meso_SUB_HIFLD_561_SUB_HIFLD_2970_rev,1500000000.0,0.0,0.0,0,168
SUB_HIFLD_561,SUB_HIFLD_3368,meso_SUB_HIFLD_561_SUB_HIFLD_3368_rev,1500000000.0,0.0,0.0,0,168
SUB_HIFLD_561,SUB_HIFLD_873,meso_SUB_HIFLD_561_SUB_HIFLD_873_fwd,150000000.0,185016.42074255226,9220829.309593577,0,168
SUB_HIFLD_561,SUB_HIFLD_1476,meso_SUB_HIFLD_561_SUB_HIFLD_1476_rev,800000000.0,0.0,0.0,0,168
SUB_HIFLD_561,SUB_HIFLD_1477,meso_SUB_HIFLD_561_SUB_HIFLD_1477_rev,150000000.0,0.0,0.0,0,168
SUB_HIFLD_561,SUB_HIFLD_1483,meso_SUB_HIFLD_561_SUB_HIFLD_1483_rev,150000000.0,0.0,0.0,0,168
SUB_HIFLD_561,SUB_HIFLD_150,meso_SUB_HIFLD_561_SUB_HIFLD_150_rev,400000000.0,172917541.67800042,400000000.0,4,168
SUB_HIFLD_561,SUB_HIFLD_3059,meso_SUB_HIFLD_561_SUB_HIFLD_3059_rev,800000000.0,16804285.371935118,66939449.26029788,0,168
SUB_HIFLD_561,SUB_HIFLD_3185,meso_SUB_HIFLD_561_SUB_HIFLD_3185_rev,4500000000.0,0.0,0.0,0,168
SUB_HIFLD_561,SUB_HIFLD_3934,meso_SUB_HIFLD_561_SUB_HIFLD_3934_rev,150000000.0,78298.84425946124,13154205.835589489,0,168
SUB_HIFLD_561,SUB_HIFLD_566,meso_SUB_HIFLD_561_SUB_HIFLD_566_fwd,150000000.0,0.0,0.0,0,168
SUB_HIFLD_561,SUB_HIFLD_575,meso_SUB_HIFLD_561_SUB_HIFLD_575_fwd,800000000.0,0.0,0.0,0,168
SUB_HIFLD_561,SUB_HIFLD_589,meso_SUB_HIFLD_561_SUB_HIFLD_589_fwd,4500000000.0,66175689.58294608,387803719.26746124,0,168
SUB_HIFLD_561,SUB_HIFLD_870,meso_SUB_HIFLD_561_SUB_HIFLD_870_fwd,800000000.0,545669382.180356,800000000.0,7,168
SUB_HIFLD_561,WECC_SCE,iface_SUB_HIFLD_561_WECC_SCE_to_ba,113551470.17117159,0.0,0.0,0,168
SUB_HIFLD_562,SUB_HIFLD_3690,meso_SUB_HIFLD_562_SUB_HIFLD_3690_rev,150000000.0,0.0,0.0,0,168
SUB_HIFLD_562,SUB_HIFLD_588,meso_SUB_HIFLD_562_SUB_HIFLD_588_fwd,150000000.0,41622594.395941906,59455742.10454582,0,168
SUB_HIFLD_562,SUB_HIFLD_564,meso_SUB_HIFLD_562_SUB_HIFLD_564_fwd,150000000.0,0.0,0.0,0,168
SUB_HIFLD_562,SUB_HIFLD_586,meso_SUB_HIFLD_562_SUB_HIFLD_586_fwd,300000000.0,0.0,0.0,0,168
SUB_HIFLD_563,SUB_HIFLD_4342,meso_SUB_HIFLD_563_SUB_HIFLD_4342_rev,150000000.0,0.0,0.0,0,168
SUB_HIFLD_563,SUB_HIFLD_583,meso_SUB_HIFLD_563_SUB_HIFLD_583_fwd,150000000.0,0.0,0.0,0,168
SUB_HIFLD_564,SUB_HIFLD_3690,meso_SUB_HIFLD_564_SUB_HIFLD_3690_rev,150000000.0,0.0,0.0,0,168
SUB_HIFLD_564,SUB_HIFLD_566,meso_SUB_HIFLD_564_SUB_HIFLD_566_fwd,150000000.0,0.0,0.0,0,168
SUB_HIFLD_564,SUB_HIFLD_562,meso_SUB_HIFLD_564_SUB_HIFLD_562_rev,150000000.0,9566078.73445112,45859788.41451023,0,168
SUB_HIFLD_565,SUB_HIFLD_3689,meso_SUB_HIFLD_565_SUB_HIFLD_3689_rev,60000000.0,0.0,0.0,0,168
SUB_HIFLD_566,SUB_HIFLD_1474,meso_SUB_HIFLD_566_SUB_HIFLD_1474_rev,150000000.0,0.0,0.0,0,168
SUB_HIFLD_566,SUB_HIFLD_1485,meso_SUB_HIFLD_566_SUB_HIFLD_1485_rev,150000000.0,132804.7888746482,16106997.909010772,0,168
SUB_HIFLD_566,SUB_HIFLD_3368,meso_SUB_HIFLD_566_SUB_HIFLD_3368_rev,150000000.0,0.0,0.0,0,168
SUB_HIFLD_566,SUB_HIFLD_3934,meso_SUB_HIFLD_566_SUB_HIFLD_3934_rev,150000000.0,3896113.5019155242,27129069.79619538,0,168
SUB_HIFLD_566,SUB_HIFLD_564,meso_SUB_HIFLD_566_SUB_HIFLD_564_rev,150000000.0,47764126.30639809,90718182.90055017,0,168
SUB_HIFLD_566,SUB_HIFLD_1483,meso_SUB_HIFLD_566_SUB_HIFLD_1483_rev,300000000.0,0.0,0.0,0,168
SUB_HIFLD_566,SUB_HIFLD_561,meso_SUB_HIFLD_566_SUB_HIFLD_561_rev,150000000.0,233096.65475259078,39160237.99843525,0,168
SUB_HIFLD_567,SUB_HIFLD_2622,meso_SUB_HIFLD_567_SUB_HIFLD_2622_rev,80000000.0,0.0,0.0,0,168
SUB_HIFLD_567,SUB_HIFLD_551,meso_SUB_HIFLD_567_SUB_HIFLD_551_rev,80000000.0,0.0,0.0,0,168
SUB_HIFLD_567,SUB_HIFLD_805,meso_SUB_HIFLD_567_SUB_HIFLD_805_fwd,160000000.0,0.0,0.0,0,168
SUB_HIFLD_568,SUB_HIFLD_1007,meso_SUB_HIFLD_568_SUB_HIFLD_1007_rev,150000000.0,0.0,0.0,0,168
SUB_HIFLD_569,SUB_HIFLD_1033,meso_SUB_HIFLD_569_SUB_HIFLD_1033_rev,150000000.0,0.0,0.0,0,168
SUB_HIFLD_569,SUB_HIFLD_3078,meso_SUB_HIFLD_569_SUB_HIFLD_3078_rev,150000000.0,0.0,0.0,0,168
SUB_HIFLD_569,SUB_HIFLD_1495,meso_SUB_HIFLD_569_SUB_HIFLD_1495_rev,5000000.0,0.0,0.0,0,168
SUB_HIFLD_570,SUB_HIFLD_3686,meso_SUB_HIFLD_570_SUB_HIFLD_3686_rev,80000000.0,0.0,0.0,0,168
SUB_HIFLD_570,SUB_HIFLD_555,meso_SUB_HIFLD_570_SUB_HIFLD_555_rev,80000000.0,1220181.9863752285,2368813.9944353243,0,168
SUB_HIFLD_570,SUB_HIFLD_557,meso_SUB_HIFLD_570_SUB_HIFLD_557_rev,80000000.0,0.0,0.0,0,168
SUB_HIFLD_570,SUB_HIFLD_4400,meso_SUB_HIFLD_570_SUB_HIFLD_4400_rev,80000000.0,0.0,0.0,0,168
SUB_HIFLD_571,SUB_HIFLD_1487,meso_SUB_HIFLD_571_SUB_HIFLD_1487_rev,80000000.0,0.0,0.0,0,168
SUB_HIFLD_572,SUB_HIFLD_3930,meso_SUB_HIFLD_572_SUB_HIFLD_3930_rev,80000000.0,734460.968472645,1076342.8520910519,0,168
SUB_HIFLD_572,SUB_HIFLD_3059,meso_SUB_HIFLD_572_SUB_HIFLD_3059_rev,300000000.0,0.0,0.0,0,168
SUB_HIFLD_572,SUB_HIFLD_4313,meso_SUB_HIFLD_572_SUB_HIFLD_4313_rev,150000000.0,0.0,0.0,0,168
SUB_HIFLD_572,SUB_HIFLD_552,meso_SUB_HIFLD_572_SUB_HIFLD_552_rev,150000000.0,0.0,0.0,0,168
SUB_HIFLD_573,SUB_HIFLD_1029,meso_SUB_HIFLD_573_SUB_HIFLD_1029_rev,150000000.0,0.0,0.0,0,168
SUB_HIFLD_573,SUB_HIFLD_3479,meso_SUB_HIFLD_573_SUB_HIFLD_3479_rev,150000000.0,0.0,0.0,0,168
SUB_HIFLD_573,SUB_HIFLD_549,meso_SUB_HIFLD_573_SUB_HIFLD_549_rev,150000000.0,0.0,0.0,0,168
SUB_HIFLD_574,SUB_HIFLD_3149,meso_SUB_HIFLD_574_SUB_HIFLD_3149_rev,60000000.0,3204246.958952546,5376572.325542505,0,168
SUB_HIFLD_574,SUB_HIFLD_3931,meso_SUB_HIFLD_574_SUB_HIFLD_3931_rev,150000000.0,0.0,0.0,0,168
SUB_HIFLD_574,SUB_HIFLD_3487,meso_SUB_HIFLD_574_SUB_HIFLD_3487_rev,150000000.0,0.0,0.0,0,168
SUB_HIFLD_574,SUB_HIFLD_577,meso_SUB_HIFLD_574_SUB_HIFLD_577_fwd,150000000.0,478418.45565294015,18384737.687258374,0,168
SUB_HIFLD_574,SUB_HIFLD_578,meso_SUB_HIFLD_574_SUB_HIFLD_578_fwd,150000000.0,0.0,0.0,0,168
SUB_HIFLD_574,SUB_HIFLD_589,meso_SUB_HIFLD_574_SUB_HIFLD_589_fwd,150000000.0,0.0,0.0,0,168
SUB_HIFLD_575,SUB_HIFLD_2970,meso_SUB_HIFLD_575_SUB_HIFLD_2970_rev,400000000.0,287821.4615885482,48354005.546876095,0,168
SUB_HIFLD_575,SUB_HIFLD_4259,meso_SUB_HIFLD_575_SUB_HIFLD_4259_rev,150000000.0,32694844.445923645,112485101.84626485,0,168
SUB_HIFLD_575,SUB_HIFLD_535,meso_SUB_HIFLD_575_SUB_HIFLD_535_rev,400000000.0,0.0,0.0,0,168
SUB_HIFLD_575,SUB_HIFLD_536,meso_SUB_HIFLD_575_SUB_HIFLD_536_rev,150000000.0,119593.04133856492,10378750.165775504,0,168
SUB_HIFLD_575,SUB_HIFLD_547,meso_SUB_HIFLD_575_SUB_HIFLD_547_rev,400000000.0,0.0,0.0,0,168
SUB_HIFLD_575,SUB_HIFLD_55,meso_SUB_HIFLD_575_SUB_HIFLD_55_rev,150000000.0,0.0,0.0,0,168
SUB_HIFLD_575,SUB_HIFLD_2784,meso_SUB_HIFLD_575_SUB_HIFLD_2784_rev,150000000.0,0.0,0.0,0,168
SUB_HIFLD_575,SUB_HIFLD_556,meso_SUB_HIFLD_575_SUB_HIFLD_556_rev,150000000.0,30992968.813110113,43634288.54401579,0,168
SUB_HIFLD_575,SUB_HIFLD_561,meso_SUB_HIFLD_575_SUB_HIFLD_561_rev,800000000.0,370857513.0694961,800000000.0,1,168
SUB_HIFLD_575,SUB_HIFLD_582,meso_SUB_HIFLD_575_SUB_HIFLD_582_fwd,150000000.0,55740090.69125826,79240944.2532264,0,168
SUB_HIFLD_575,WECC_SCE,iface_SUB_HIFLD_575_WECC_SCE_to_ba,113551470.17117159,0.0,0.0,0,168
SUB_HIFLD_576,SUB_HIFLD_2490,meso_SUB_HIFLD_576_SUB_HIFLD_2490_rev,150000000.0,27183757.009574585,38808617.912371136,0,168
SUB_HIFLD_576,SUB_HIFLD_2538,meso_SUB_HIFLD_576_SUB_HIFLD_2538_rev,150000000.0,0.0,0.0,0,168
SUB_HIFLD_576,SUB_HIFLD_4202,meso_SUB_HIFLD_576_SUB_HIFLD_4202_rev,150000000.0,0.0,0.0,0,168
SUB_HIFLD_576,SUB_HIFLD_550,meso_SUB_HIFLD_576_SUB_HIFLD_550_rev,150000000.0,0.0,0.0,0,168
SUB_HIFLD_576,SUB_HIFLD_3062,meso_SUB_HIFLD_576_SUB_HIFLD_3062_rev,150000000.0,0.0,0.0,0,168
SUB_HIFLD_576,SUB_HIFLD_3688,meso_SUB_HIFLD_576_SUB_HIFLD_3688_rev,150000000.0,0.0,0.0,0,168
SUB_HIFLD_577,SUB_HIFLD_4354,meso_SUB_HIFLD_577_SUB_HIFLD_4354_rev,150000000.0,0.0,0.0,0,168
SUB_HIFLD_577,SUB_HIFLD_832,meso_SUB_HIFLD_577_SUB_HIFLD_832_fwd,150000000.0,0.0,0.0,0,168
SUB_HIFLD_577,SUB_HIFLD_3059,meso_SUB_HIFLD_577_SUB_HIFLD_3059_rev,150000000.0,0.0,0.0,0,168
SUB_HIFLD_577,SUB_HIFLD_3971,meso_SUB_HIFLD_577_SUB_HIFLD_3971_rev,150000000.0,0.0,0.0,0,168
SUB_HIFLD_577,SUB_HIFLD_4295,meso_SUB_HIFLD_577_SUB_HIFLD_4295_rev,150000000.0,0.0,0.0,0,168
SUB_HIFLD_577,SUB_HIFLD_574,meso_SUB_HIFLD_577_SUB_HIFLD_574_rev,150000000.0,0.0,0.0,0,168
SUB_HIFLD_577,SUB_HIFLD_870,meso_SUB_HIFLD_577_SUB_HIFLD_870_fwd,150000000.0,0.0,0.0,0,168
SUB_HIFLD_578,SUB_HIFLD_3487,meso_SUB_HIFLD_578_SUB_HIFLD_3487_rev,150000000.0,0.0,0.0,0,168
SUB_HIFLD_578,SUB_HIFLD_3931,meso_SUB_HIFLD_578_SUB_HIFLD_3931_rev,150000000.0,0.0,0.0,0,168
SUB_HIFLD_578,SUB_HIFLD_585,meso_SUB_HIFLD_578_SUB_HIFLD_585_fwd,150000000.0,3840574.4535277677,37743135.34784304,0,168
SUB_HIFLD_578,SUB_HIFLD_589,meso_SUB_HIFLD_578_SUB_HIFLD_589_fwd,150000000.0,0.0,0.0,0,168
SUB_HIFLD_578,SUB_HIFLD_574,meso_SUB_HIFLD_578_SUB_HIFLD_574_rev,150000000.0,0.0,0.0,0,168
SUB_HIFLD_579,SUB_HIFLD_4268,meso_SUB_HIFLD_579_SUB_HIFLD_4268_rev,150000000.0,0.0,0.0,0,168
SUB_HIFLD_579,SUB_HIFLD_589,meso_SUB_HIFLD_579_SUB_HIFLD_589_fwd,150000000.0,0.0,0.0,0,168
SUB_HIFLD_579,SUB_HIFLD_3985,meso_SUB_HIFLD_579_SUB_HIFLD_3985_rev,12060568.844819747,3686768.3567951634,6087533.6637202,0,168
SUB_HIFLD_580,SUB_HIFLD_2490,meso_SUB_HIFLD_580_SUB_HIFLD_2490_rev,150000000.0,79320.8565728361,5486870.721246778,0,168
SUB_HIFLD_580,SUB_HIFLD_4202,meso_SUB_HIFLD_580_SUB_HIFLD_4202_rev,150000000.0,0.0,0.0,0,168
SUB_HIFLD_580,SUB_HIFLD_3062,meso_SUB_HIFLD_580_SUB_HIFLD_3062_rev,150000000.0,0.0,0.0,0,168
SUB_HIFLD_581,SUB_HIFLD_1486,meso_SUB_HIFLD_581_SUB_HIFLD_1486_rev,80000000.0,0.0,0.0,0,168
SUB_HIFLD_581,SUB_HIFLD_4040,meso_SUB_HIFLD_581_SUB_HIFLD_4040_rev,80000000.0,0.0,0.0,0,168
SUB_HIFLD_581,SUB_HIFLD_4435,meso_SUB_HIFLD_581_SUB_HIFLD_4435_rev,80000000.0,0.0,0.0,0,168
SUB_HIFLD_581,SUB_HIFLD_551,meso_SUB_HIFLD_581_SUB_HIFLD_551_rev,80000000.0,32835462.465112038,51385526.47502557,0,168
SUB_HIFLD_581,SUB_HIFLD_557,meso_SUB_HIFLD_581_SUB_HIFLD_557_rev,80000000.0,681006.7149697476,18675333.343119133,0,168
SUB_HIFLD_582,SUB_HIFLD_2784,meso_SUB_HIFLD_582_SUB_HIFLD_2784_rev,150000000.0,0.0,0.0,0,168
SUB_HIFLD_582,SUB_HIFLD_4259,meso_SUB_HIFLD_582_SUB_HIFLD_4259_rev,150000000.0,0.0,0.0,0,168
SUB_HIFLD_582,SUB_HIFLD_556,meso_SUB_HIFLD_582_SUB_HIFLD_556_rev,150000000.0,0.0,0.0,0,168
SUB_HIFLD_582,SUB_HIFLD_575,meso_SUB_HIFLD_582_SUB_HIFLD_575_rev,150000000.0,0.0,0.0,0,168
SUB_HIFLD_582,SUB_HIFLD_3006,meso_SUB_HIFLD_582_SUB_HIFLD_3006_rev,5000000.0,1283002.9892742957,2247999.6017574035,0,168
SUB_HIFLD_583,SUB_HIFLD_3019,meso_SUB_HIFLD_583_SUB_HIFLD_3019_rev,150000000.0,0.0,0.0,0,168
SUB_HIFLD_583,SUB_HIFLD_563,meso_SUB_HIFLD_583_SUB_HIFLD_563_rev,150000000.0,0.0,0.0,0,168
SUB_HIFLD_583,SUB_HIFLD_4268,meso_SUB_HIFLD_583_SUB_HIFLD_4268_rev,150000000.0,0.0,0.0,0,168
SUB_HIFLD_584,SUB_HIFLD_3019,meso_SUB_HIFLD_584_SUB_HIFLD_3019_rev,150000000.0,0.0,0.0,0,168
SUB_HIFLD_584,SUB_HIFLD_3688,meso_SUB_HIFLD_584_SUB_HIFLD_3688_rev,150000000.0,24795.877792028718,4165707.4690608243,0,168
SUB_HIFLD_584,SUB_HIFLD_2538,meso_SUB_HIFLD_584_SUB_HIFLD_2538_rev,150000000.0,66845.65336159834,7064359.537755948,0,168
SUB_HIFLD_584,SUB_HIFLD_3929,meso_SUB_HIFLD_584_SUB_HIFLD_3929_rev,14524797.770991676,6053638.967067693,8345448.188640013,0,168
SUB_HIFLD_585,SUB_HIFLD_3687,meso_SUB_HIFLD_585_SUB_HIFLD_3687_rev,60000000.0,4403221.341939785,6571150.946862919,0,168
SUB_HIFLD_585,SUB_HIFLD_578,meso_SUB_HIFLD_585_SUB_HIFLD_578_rev,150000000.0,0.0,0.0,0,168
SUB_HIFLD_585,SUB_HIFLD_1504,meso_SUB_HIFLD_585_SUB_HIFLD_1504_rev,150000000.0,0.0,0.0,0,168
SUB_HIFLD_585,SUB_HIFLD_2843,meso_SUB_HIFLD_585_SUB_HIFLD_2843_rev,150000000.0,0.0,0.0,0,168
SUB_HIFLD_586,SUB_HIFLD_3690,meso_SUB_HIFLD_586_SUB_HIFLD_3690_rev,150000000.0,0.0,0.0,0,168
SUB_HIFLD_586,SUB_HIFLD_4259,meso_SUB_HIFLD_586_SUB_HIFLD_4259_rev,150000000.0,0.0,0.0,0,168
SUB_HIFLD_586,SUB_HIFLD_1485,meso_SUB_HIFLD_586_SUB_HIFLD_1485_rev,150000000.0,0.0,0.0,0,168
SUB_HIFLD_586,SUB_HIFLD_562,meso_SUB_HIFLD_586_SUB_HIFLD_562_rev,300000000.0,404500.01687409845,39906615.07706532,0,168
SUB_HIFLD_586,SUB_HIFLD_3986,meso_SUB_HIFLD_586_SUB_HIFLD_3986_rev,5000000.0,2103102.5163203874,3833367.746884061,0,168
SUB_HIFLD_587,SUB_HIFLD_3430,meso_SUB_HIFLD_587_SUB_HIFLD_3430_rev,150000000.0,479279.97160262207,46140623.741543174,0,168
SUB_HIFLD_587,SUB_HIFLD_1029,meso_SUB_HIFLD_587_SUB_HIFLD_1029_rev,150000000.0,0.0,0.0,0,168
SUB_HIFLD_587,SUB_HIFLD_549,meso_SUB_HIFLD_587_SUB_HIFLD_549_rev,150000000.0,0.0,0.0,0,168
SUB_HIFLD_588,SUB_HIFLD_3691,meso_SUB_HIFLD_588_SUB_HIFLD_3691_rev,60000000.0,14881323.499881426,21585220.115941804,0,168
SUB_HIFLD_588,SUB_HIFLD_3937,meso_SUB_HIFLD_588_SUB_HIFLD_3937_rev,60000000.0,2280713.323149309,3372392.3280067053,0,168
SUB_HIFLD_588,SUB_HIFLD_562,meso_SUB_HIFLD_588_SUB_HIFLD_562_rev,150000000.0,0.0,0.0,0,168
SUB_HIFLD_589,SUB_HIFLD_1477,meso_SUB_HIFLD_589_SUB_HIFLD_1477_rev,1500000000.0,0.0,0.0,0,168
SUB_HIFLD_589,SUB_HIFLD_1498,meso_SUB_HIFLD_589_SUB_HIFLD_1498_rev,1500000000.0,0.0,0.0,0,168
SUB_HIFLD_589,SUB_HIFLD_1982,meso_SUB_HIFLD_589_SUB_HIFLD_1982_rev,1500000000.0,15843222.524150545,253899630.78902587,0,168
SUB_HIFLD_589,SUB_HIFLD_2560,meso_SUB_HIFLD_589_SUB_HIFLD_2560_rev,150000000.0,37525648.50642152,105180309.84271282,0,168
SUB_HIFLD_589,SUB_HIFLD_2843,meso_SUB_HIFLD_589_SUB_HIFLD_2843_rev,150000000.0,16272576.80908059,51928665.37469089,0,168
SUB_HIFLD_589,SUB_HIFLD_3353,meso_SUB_HIFLD_589_SUB_HIFLD_3353_rev,150000000.0,5997913.377450036,7925257.731958763,0,168
SUB_HIFLD_589,SUB_HIFLD_4071,meso_SUB_HIFLD_589_SUB_HIFLD_4071_rev,150000000.0,3972274.872403237,150000000.0,1,168
SUB_HIFLD_589,SUB_HIFLD_4342,meso_SUB_HIFLD_589_SUB_HIFLD_4342_rev,150000000.0,46082631.710422456,64488892.207585216,0,168
SUB_HIFLD_589,SUB_HIFLD_550,meso_SUB_HIFLD_589_SUB_HIFLD_550_rev,150000000.0,150000000.0,150000000.0,168,168
SUB_HIFLD_589,SUB_HIFLD_578,meso_SUB_HIFLD_589_SUB_HIFLD_578_rev,150000000.0,43597081.52612402,90265500.861507,0,168
SUB_HIFLD_589,SUB_HIFLD_1504,meso_SUB_HIFLD_589_SUB_HIFLD_1504_rev,150000000.0,6368141.194212251,33553491.28307055,0,168
SUB_HIFLD_589,SUB_HIFLD_2835,meso_SUB_HIFLD_589_SUB_HIFLD_2835_rev,150000000.0,9678575.232645642,38428927.26474442,0,168
SUB_HIFLD_589,SUB_HIFLD_3019,meso_SUB_HIFLD_589_SUB_HIFLD_3019_rev,150000000.0,53229249.204654455,108081894.67388128,0,168
SUB_HIFLD_589,SUB_HIFLD_3487,meso_SUB_HIFLD_589_SUB_HIFLD_3487_rev,150000000.0,15918.70491172204,18776.629984423158,0,168
SUB_HIFLD_589,SUB_HIFLD_3971,meso_SUB_HIFLD_589_SUB_HIFLD_3971_rev,150000000.0,25434856.876591988,51461923.3818269,0,168
SUB_HIFLD_589,SUB_HIFLD_4025,meso_SUB_HIFLD_589_SUB_HIFLD_4025_rev,150000000.0,81978331.0456079,150000000.0,29,168
SUB_HIFLD_589,SUB_HIFLD_4268,meso_SUB_HIFLD_589_SUB_HIFLD_4268_rev,150000000.0,92644622.76947376,150000000.0,56,168
SUB_HIFLD_589,SUB_HIFLD_553,meso_SUB_HIFLD_589_SUB_HIFLD_553_rev,150000000.0,71087444.50346868,93940096.89266403,0,168
SUB_HIFLD_589,SUB_HIFLD_561,meso_SUB_HIFLD_589_SUB_HIFLD_561_rev,4500000000.0,0.0,0.0,0,168
SUB_HIFLD_589,SUB_HIFLD_574,meso_SUB_HIFLD_589_SUB_HIFLD_574_rev,150000000.0,35767291.821459316,51956707.967315085,0,168
SUB_HIFLD_589,SUB_HIFLD_579,meso_SUB_HIFLD_589_SUB_HIFLD_579_rev,150000000.0,40789754.89219811,66150330.18015082,0,168
SUB_HIFLD_589,WECC_SCE,iface_SUB_HIFLD_589_WECC_SCE_to_ba,113551470.17117159,0.0,0.0,0,168
SUB_HIFLD_590,SUB_HIFLD_2763,meso_SUB_HIFLD_590_SUB_HIFLD_2763_rev,80000000.0,0.0,0.0,0,168
SUB_HIFLD_590,SUB_HIFLD_3475,meso_SUB_HIFLD_590_SUB_HIFLD_3475_rev,80000000.0,0.0,0.0,0,168
SUB_HIFLD_593,SUB_HIFLD_3136,meso_SUB_HIFLD_593_SUB_HIFLD_3136_rev,60000000.0,2244674.8070697165,22495453.888843667,0,168
SUB_HIFLD_593,SUB_HIFLD_708,meso_SUB_HIFLD_593_SUB_HIFLD_708_fwd,150000000.0,0.0,0.0,0,168
SUB_HIFLD_593,SUB_HIFLD_742,meso_SUB_HIFLD_593_SUB_HIFLD_742_fwd,60000000.0,3898020.3666208796,13234886.376018137,0,168
SUB_HIFLD_594,SUB_HIFLD_2730,meso_SUB_HIFLD_594_SUB_HIFLD_2730_rev,60000000.0,5652773.694169041,9995057.03618263,0,168
SUB_HIFLD_594,SUB_HIFLD_3541,meso_SUB_HIFLD_594_SUB_HIFLD_3541_rev,60000000.0,0.0,0.0,0,168
SUB_HIFLD_594,SUB_HIFLD_783,meso_SUB_HIFLD_594_SUB_HIFLD_783_fwd,60000000.0,0.0,0.0,0,168
SUB_HIFLD_595,SUB_HIFLD_3110,meso_SUB_HIFLD_595_SUB_HIFLD_3110_rev,60000000.0,5023847.005737404,12034655.452942744,0,168
SUB_HIFLD_595,SUB_HIFLD_3140,meso_SUB_HIFLD_595_SUB_HIFLD_3140_rev,150000000.0,0.0,0.0,0,168
SUB_HIFLD_595,SUB_HIFLD_4414,meso_SUB_HIFLD_595_SUB_HIFLD_4414_rev,60000000.0,18229457.019722804,60000000.0,21,168
SUB_HIFLD_595,SUB_HIFLD_607,meso_SUB_HIFLD_595_SUB_HIFLD_607_fwd,150000000.0,596442.6181471413,15101727.52421878,0,168
SUB_HIFLD_595,SUB_HIFLD_648,meso_SUB_HIFLD_595_SUB_HIFLD_648_fwd,150000000.0,303499.4211510577,3686694.6505517075,0,168
SUB_HIFLD_595,SUB_HIFLD_696,meso_SUB_HIFLD_595_SUB_HIFLD_696_fwd,150000000.0,368067.48516939284,61835337.508457996,0,168
SUB_HIFLD_595,SUB_06204,meso_SUB_HIFLD_595_SUB_06204_rev,150000000.0,77865611.67848042,145297269.5942316,0,168
SUB_HIFLD_595,SUB_06246,meso_SUB_HIFLD_595_SUB_06246_rev,300000000.0,0.0,0.0,0,168
SUB_HIFLD_595,SUB_06313,meso_SUB_HIFLD_595_SUB_06313_rev,300000000.0,46767044.293813854,91071980.41267881,0,168
SUB_HIFLD_595,SUB_15375,meso_SUB_HIFLD_595_SUB_15375_rev,150000000.0,0.0,0.0,0,168
SUB_HIFLD_595,SUB_16368,meso_SUB_HIFLD_595_SUB_16368_rev,400000000.0,0.0,0.0,0,168
SUB_HIFLD_596,SUB_HIFLD_1259,meso_SUB_HIFLD_596_SUB_HIFLD_1259_rev,160000000.0,573058.5863760787,10959155.582253454,0,168
SUB_HIFLD_596,SUB_HIFLD_1578,meso_SUB_HIFLD_596_SUB_HIFLD_1578_rev,80000000.0,3881605.959770468,12885785.758972168,0,168
SUB_HIFLD_596,SUB_HIFLD_496,meso_SUB_HIFLD_596_SUB_HIFLD_496_rev,400000000.0,0.0,0.0,0,168
SUB_HIFLD_596,SUB_HIFLD_1157,meso_SUB_HIFLD_596_SUB_HIFLD_1157_rev,400000000.0,12707446.725513544,71051410.855952,0,168
SUB_HIFLD_596,SUB_HIFLD_1641,meso_SUB_HIFLD_596_SUB_HIFLD_1641_rev,800000000.0,10515619.500108019,115010228.25658377,0,168
SUB_HIFLD_596,SUB_HIFLD_3946,meso_SUB_HIFLD_596_SUB_HIFLD_3946_rev,400000000.0,0.0,0.0,0,168
SUB_HIFLD_596,SUB_HIFLD_498,meso_SUB_HIFLD_596_SUB_HIFLD_498_rev,800000000.0,0.0,0.0,0,168
SUB_HIFLD_596,WEC_LADW,iface_SUB_HIFLD_596_WEC_LADW_to_ba,20000000.0,0.0,0.0,0,168
SUB_HIFLD_597,SUB_HIFLD_3121,meso_SUB_HIFLD_597_SUB_HIFLD_3121_rev,400000000.0,40894281.77166651,171280335.9688478,0,168
SUB_HIFLD_597,SUB_HIFLD_4127,meso_SUB_HIFLD_597_SUB_HIFLD_4127_rev,150000000.0,0.0,0.0,0,168
SUB_HIFLD_597,SUB_HIFLD_708,meso_SUB_HIFLD_597_SUB_HIFLD_708_fwd,400000000.0,0.0,0.0,0,168
SUB_HIFLD_597,SUB_HIFLD_752,meso_SUB_HIFLD_597_SUB_HIFLD_752_fwd,400000000.0,559804.3956297779,1836537.579408626,0,168
SUB_HIFLD_597,SUB_15226,meso_SUB_HIFLD_597_SUB_15226_rev,300000000.0,0.0,0.0,0,168
SUB_HIFLD_597,SUB_15246,meso_SUB_HIFLD_597_SUB_15246_rev,150000000.0,11069211.376417805,62715644.30483275,0,168
SUB_HIFLD_597,SUB_15257,meso_SUB_HIFLD_597_SUB_15257_rev,150000000.0,9801039.510874094,27846392.25596005,0,168
SUB_HIFLD_597,SUB_15361,meso_SUB_HIFLD_597_SUB_15361_rev,300000000.0,25601324.011982996,92574850.3655908,0,168
SUB_HIFLD_597,SUB_16368,meso_SUB_HIFLD_597_SUB_16368_rev,150000000.0,2447677.6008355515,139527502.19494084,0,168
SUB_HIFLD_597,SUB_16391,meso_SUB_HIFLD_597_SUB_16391_rev,800000000.0,0.0,0.0,0,168
SUB_HIFLD_597,SUB_HIFLD_2010,meso_SUB_HIFLD_597_SUB_HIFLD_2010_rev,150000000.0,40508.88988374294,6164615.650873643,0,168
SUB_HIFLD_597,SUB_HIFLD_3113,meso_SUB_HIFLD_597_SUB_HIFLD_3113_rev,6037095.771470515,2906015.0197047377,5138324.666760632,0,168
SUB_HIFLD_597,WEC_CALN,iface_SUB_HIFLD_597_WEC_CALN_to_ba,1443962904.2285295,0.0,0.0,0,168
SUB_HIFLD_600,SUB_HIFLD_4319,meso_SUB_HIFLD_600_SUB_HIFLD_4319_rev,60000000.0,0.0,0.0,0,168
SUB_HIFLD_600,SUB_HIFLD_676,meso_SUB_HIFLD_600_SUB_HIFLD_676_fwd,60000000.0,382052.267898727,16080950.174102783,0,168
SUB_HIFLD_601,SUB_HIFLD_2777,meso_SUB_HIFLD_601_SUB_HIFLD_2777_rev,60000000.0,0.0,0.0,0,168
SUB_HIFLD_602,SUB_HIFLD_3406,meso_SUB_HIFLD_602_SUB_HIFLD_3406_rev,60000000.0,0.0,0.0,0,168
SUB_HIFLD_602,SUB_HIFLD_4045,meso_SUB_HIFLD_602_SUB_HIFLD_4045_rev,60000000.0,0.0,0.0,0,168
SUB_HIFLD_602,SUB_HIFLD_718,meso_SUB_HIFLD_602_SUB_HIFLD_718_fwd,60000000.0,0.0,0.0,0,168
SUB_HIFLD_603,SUB_HIFLD_674,meso_SUB_HIFLD_603_SUB_HIFLD_674_fwd,60000000.0,65576.20567150784,4001376.759875554,0,168
SUB_HIFLD_603,SUB_HIFLD_751,meso_SUB_HIFLD_603_SUB_HIFLD_751_fwd,60000000.0,0.0,0.0,0,168
SUB_HIFLD_605,SUB_HIFLD_4278,meso_SUB_HIFLD_605_SUB_HIFLD_4278_rev,60000000.0,0.0,0.0,0,168
SUB_HIFLD_606,SUB_HIFLD_3257,meso_SUB_HIFLD_606_SUB_HIFLD_3257_rev,60000000.0,0.0,0.0,0,168
SUB_HIFLD_606,SUB_HIFLD_658,meso_SUB_HIFLD_606_SUB_HIFLD_658_fwd,60000000.0,23201775.515594225,47332256.16455078,0,168
SUB_HIFLD_606,SUB_HIFLD_730,meso_SUB_HIFLD_606_SUB_HIFLD_730_fwd,60000000.0,0.0,0.0,0,168
SUB_HIFLD_606,SUB_HIFLD_778,meso_SUB_HIFLD_606_SUB_HIFLD_778_fwd,60000000.0,752570.223898526,12672438.979945887,0,168
SUB_HIFLD_607,SUB_HIFLD_2796,meso_SUB_HIFLD_607_SUB_HIFLD_2796_rev,60000000.0,468519.5246313927,21204065.932619892,0,168
SUB_HIFLD_607,SUB_HIFLD_595,meso_SUB_HIFLD_607_SUB_HIFLD_595_rev,150000000.0,0.0,0.0,0,168
SUB_HIFLD_607,SUB_HIFLD_636,meso_SUB_HIFLD_607_SUB_HIFLD_636_fwd,60000000.0,0.0,0.0,0,168
SUB_HIFLD_607,SUB_HIFLD_738,meso_SUB_HIFLD_607_SUB_HIFLD_738_fwd,150000000.0,0.0,0.0,0,168
SUB_HIFLD_608,SUB_HIFLD_3136,meso_SUB_HIFLD_608_SUB_HIFLD_3136_fwd,5000000.0,0.0,0.0,0,168
SUB_HIFLD_609,SUB_HIFLD_4006,meso_SUB_HIFLD_609_SUB_HIFLD_4006_rev,60000000.0,0.0,0.0,0,168
SUB_HIFLD_609,SUB_HIFLD_4393,meso_SUB_HIFLD_609_SUB_HIFLD_4393_rev,60000000.0,615407.6348906603,4145786.7966484777,0,168
SUB_HIFLD_609,SUB_HIFLD_4294,meso_SUB_HIFLD_609_SUB_HIFLD_4294_rev,12595446.801825974,6503554.30873633,11499380.666201876,0,168
SUB_HIFLD_610,SUB_HIFLD_665,meso_SUB_HIFLD_610_SUB_HIFLD_665_fwd,60000000.0,0.0,0.0,0,168
SUB_HIFLD_611,SUB_HIFLD_4371,meso_SUB_HIFLD_611_SUB_HIFLD_4371_rev,60000000.0,0.0,0.0,0,168
SUB_HIFLD_612,SUB_HIFLD_2771,meso_SUB_HIFLD_612_SUB_HIFLD_2771_rev,60000000.0,1306.9541886207458,29059.6165607885,0,168
SUB_HIFLD_612,SUB_HIFLD_738,meso_SUB_HIFLD_612_SUB_HIFLD_738_fwd,60000000.0,859945.8128856553,2064134.6700477598,0,168
SUB_HIFLD_613,SUB_HIFLD_4317,meso_SUB_HIFLD_613_SUB_HIFLD_4317_rev,60000000.0,0.0,0.0,0,168
SUB_HIFLD_614,SUB_HIFLD_769,meso_SUB_HIFLD_614_SUB_HIFLD_769_fwd,60000000.0,0.0,0.0,0,168
SUB_HIFLD_615,SUB_HIFLD_2802,meso_SUB_HIFLD_615_SUB_HIFLD_2802_rev,60000000.0,6848121.751852382,12108633.730656205,0,168
SUB_HIFLD_615,SUB_HIFLD_749,meso_SUB_HIFLD_615_SUB_HIFLD_749_fwd,60000000.0,0.0,0.0,0,168
SUB_HIFLD_616,SUB_HIFLD_3325,meso_SUB_HIFLD_616_SUB_HIFLD_3325_rev,60000000.0,0.0,0.0,0,168
SUB_HIFLD_617,SUB_HIFLD_2557,meso_SUB_HIFLD_617_SUB_HIFLD_2557_rev,60000000.0,0.0,0.0,0,168
SUB_HIFLD_617,SUB_HIFLD_3422,meso_SUB_HIFLD_617_SUB_HIFLD_3422_rev,60000000.0,0.0,0.0,0,168
SUB_HIFLD_618,SUB_HIFLD_4217,meso_SUB_HIFLD_618_SUB_HIFLD_4217_rev,60000000.0,0.0,0.0,0,168
SUB_HIFLD_619,SUB_HIFLD_2841,meso_SUB_HIFLD_619_SUB_HIFLD_2841_rev,60000000.0,0.0,0.0,0,168
SUB_HIFLD_620,SUB_HIFLD_4327,meso_SUB_HIFLD_620_SUB_HIFLD_4327_rev,60000000.0,0.0,0.0,0,168
SUB_HIFLD_621,SUB_HIFLD_2726,meso_SUB_HIFLD_621_SUB_HIFLD_2726_rev,60000000.0,0.0,0.0,0,168
SUB_HIFLD_622,SUB_HIFLD_782,meso_SUB_HIFLD_622_SUB_HIFLD_782_fwd,60000000.0,0.0,0.0,0,168
SUB_HIFLD_623,SUB_HIFLD_4107,meso_SUB_HIFLD_623_SUB_HIFLD_4107_rev,60000000.0,1849147.6337875756,3269604.6927540572,0,168
SUB_HIFLD_623,SUB_HIFLD_634,meso_SUB_HIFLD_623_SUB_HIFLD_634_fwd,60000000.0,0.0,0.0,0,168
SUB_HIFLD_624,SUB_HIFLD_758,meso_SUB_HIFLD_624_SUB_HIFLD_758_fwd,150000000.0,0.0,0.0,0,168
SUB_HIFLD_624,SUB_HIFLD_786,meso_SUB_HIFLD_624_SUB_HIFLD_786_fwd,150000000.0,0.0,0.0,0,168
SUB_HIFLD_625,SUB_HIFLD_1375,meso_SUB_HIFLD_625_SUB_HIFLD_1375_rev,60000000.0,4239887.806089789,15356270.636881365,0,168
SUB_HIFLD_625,SUB_HIFLD_2796,meso_SUB_HIFLD_625_SUB_HIFLD_2796_rev,60000000.0,0.0,0.0,0,168
SUB_HIFLD_625,SUB_HIFLD_667,meso_SUB_HIFLD_625_SUB_HIFLD_667_fwd,60000000.0,1308048.1741421733,4119544.5739116864,0,168
SUB_HIFLD_626,SUB_HIFLD_4377,meso_SUB_HIFLD_626_SUB_HIFLD_4377_rev,60000000.0,10414595.30330489,32575244.61347922,0,168
SUB_HIFLD_626,SUB_HIFLD_726,meso_SUB_HIFLD_626_SUB_HIFLD_726_fwd,60000000.0,0.0,0.0,0,168
SUB_HIFLD_627,SUB_HIFLD_1366,meso_SUB_HIFLD_627_SUB_HIFLD_1366_rev,400000000.0,1435584.7761658374,7319258.026735291,0,168
SUB_HIFLD_627,SUB_HIFLD_3371,meso_SUB_HIFLD_627_SUB_HIFLD_3371_rev,400000000.0,580116.8919151473,8768692.373813536,0,168
SUB_HIFLD_627,SUB_HIFLD_637,meso_SUB_HIFLD_627_SUB_HIFLD_637_fwd,60000000.0,13222750.508114878,17591474.92980957,0,168
SUB_HIFLD_627,WEC_BANC,iface_SUB_HIFLD_627_WEC_BANC_to_ba,20000000.0,0.0,0.0,0,168
SUB_HIFLD_629,SUB_HIFLD_765,meso_SUB_HIFLD_629_SUB_HIFLD_765_fwd,60000000.0,13928.008723270676,1346262.9613188123,0,168
SUB_HIFLD_629,SUB_HIFLD_784,meso_SUB_HIFLD_629_SUB_HIFLD_784_fwd,60000000.0,62874.533435729085,9141551.756863238,0,168
SUB_HIFLD_629,SUB_HIFLD_785,meso_SUB_HIFLD_629_SUB_HIFLD_785_fwd,60000000.0,29213847.731718984,54495971.76588055,0,168
SUB_HIFLD_629,SUB_HIFLD_691,meso_SUB_HIFLD_629_SUB_HIFLD_691_fwd,80000000.0,0.0,0.0,0,168
SUB_HIFLD_629,SUB_HIFLD_1368,meso_SUB_HIFLD_629_SUB_HIFLD_1368_rev,16836559.803415217,8587025.973365458,15183309.47919763,0,168
SUB_HIFLD_630,SUB_HIFLD_1382,meso_SUB_HIFLD_630_SUB_HIFLD_1382_rev,60000000.0,0.0,0.0,0,168
SUB_HIFLD_630,SUB_HIFLD_2547,meso_SUB_HIFLD_630_SUB_HIFLD_2547_rev,60000000.0,10409145.609925726,21830771.10970756,0,168
SUB_HIFLD_631,SUB_HIFLD_4358,meso_SUB_HIFLD_631_SUB_HIFLD_4358_rev,60000000.0,0.0,0.0,0,168
SUB_HIFLD_631,SUB_HIFLD_692,meso_SUB_HIFLD_631_SUB_HIFLD_692_fwd,60000000.0,830537.3995925611,1468530.2419760793,0,168
SUB_HIFLD_632,SUB_HIFLD_654,meso_SUB_HIFLD_632_SUB_HIFLD_654_fwd,12045055.470050339,0.0,0.0,0,168
SUB_HIFLD_633,SUB_HIFLD_1368,meso_SUB_HIFLD_633_SUB_HIFLD_1368_rev,60000000.0,0.0,0.0,0,168
SUB_HIFLD_634,SUB_HIFLD_3122,meso_SUB_HIFLD_634_SUB_HIFLD_3122_rev,60000000.0,1561018.4067420415,2760143.8935270016,0,168
SUB_HIFLD_634,SUB_HIFLD_3456,meso_SUB_HIFLD_634_SUB_HIFLD_3456_rev,60000000.0,0.0,0.0,0,168
SUB_HIFLD_634,SUB_HIFLD_623,meso_SUB_HIFLD_634_SUB_HIFLD_623_rev,60000000.0,3755485.4005788905,6640331.180129373,0,168
SUB_HIFLD_634,SUB_HIFLD_662,meso_SUB_HIFLD_634_SUB_HIFLD_662_fwd,60000000.0,0.0,0.0,0,168
SUB_HIFLD_635,SUB_HIFLD_1373,meso_SUB_HIFLD_635_SUB_HIFLD_1373_rev,60000000.0,0.0,0.0,0,168
SUB_HIFLD_635,SUB_HIFLD_3122,meso_SUB_HIFLD_635_SUB_HIFLD_3122_rev,60000000.0,0.0,0.0,0,168
SUB_HIFLD_636,SUB_HIFLD_2557,meso_SUB_HIFLD_636_SUB_HIFLD_2557_rev,800000000.0,9801841.447912034,38840041.07693293,0,168
SUB_HIFLD_636,SUB_HIFLD_607,meso_SUB_HIFLD_636_SUB_HIFLD_607_rev,60000000.0,45524.765459114475,1470278.914933352,0,168
SUB_HIFLD_636,SUB_HIFLD_695,meso_SUB_HIFLD_636_SUB_HIFLD_695_fwd,400000000.0,0.0,0.0,0,168
SUB_HIFLD_636,WEC_BANC,iface_SUB_HIFLD_636_WEC_BANC_to_ba,20000000.0,0.0,0.0,0,168
SUB_HIFLD_637,SUB_HIFLD_4105,meso_SUB_HIFLD_637_SUB_HIFLD_4105_rev,60000000.0,10836765.597663892,15644234.46609497,0,168
SUB_HIFLD_637,SUB_HIFLD_627,meso_SUB_HIFLD_637_SUB_HIFLD_627_rev,60000000.0,0.0,0.0,0,168
SUB_HIFLD_638,SUB_HIFLD_2736,meso_SUB_HIFLD_638_SUB_HIFLD_2736_rev,60000000.0,6445719.525576456,11397118.826010793,0,168
SUB_HIFLD_638,SUB_HIFLD_645,meso_SUB_HIFLD_638_SUB_HIFLD_645_fwd,60000000.0,11255223.007331112,19901132.04321961,0,168
SUB_HIFLD_638,SUB_HIFLD_669,meso_SUB_HIFLD_638_SUB_HIFLD_669_fwd,400000000.0,0.0,0.0,0,168
SUB_HIFLD_639,SUB_HIFLD_747,meso_SUB_HIFLD_639_SUB_HIFLD_747_fwd,60000000.0,0.0,0.0,0,168
SUB_HIFLD_640,SUB_HIFLD_3371,meso_SUB_HIFLD_640_SUB_HIFLD_3371_rev,60000000.0,0.0,0.0,0,168
SUB_HIFLD_640,SUB_HIFLD_4157,meso_SUB_HIFLD_640_SUB_HIFLD_4157_rev,60000000.0,1349739.6904152702,9966665.263567772,0,168
SUB_HIFLD_640,SUB_HIFLD_701,meso_SUB_HIFLD_640_SUB_HIFLD_701_fwd,60000000.0,78273.11967746777,3987170.3382473867,0,168
SUB_HIFLD_641,SUB_HIFLD_4017,meso_SUB_HIFLD_641_SUB_HIFLD_4017_rev,60000000.0,82547.81426099509,1812456.2458515991,0,168
SUB_HIFLD_641,SUB_HIFLD_642,meso_SUB_HIFLD_641_SUB_HIFLD_642_fwd,60000000.0,4095347.758983341,7175931.610870361,0,168
SUB_HIFLD_642,SUB_HIFLD_4358,meso_SUB_HIFLD_642_SUB_HIFLD_4358_rev,60000000.0,2833406.6230524103,6014261.290613251,0,168
SUB_HIFLD_642,SUB_HIFLD_641,meso_SUB_HIFLD_642_SUB_HIFLD_641_rev,60000000.0,0.0,0.0,0,168
SUB_HIFLD_643,SUB_HIFLD_2910,meso_SUB_HIFLD_643_SUB_HIFLD_2910_rev,60000000.0,0.0,0.0,0,168
SUB_HIFLD_643,SUB_HIFLD_2592,meso_SUB_HIFLD_643_SUB_HIFLD_2592_rev,6057564.025726333,3126730.5336691434,5528586.712080179,0,168
SUB_HIFLD_643,SUB_HIFLD_4249,meso_SUB_HIFLD_643_SUB_HIFLD_4249_rev,5000000.0,2057498.5653498506,3638004.6097273678,0,168
SUB_HIFLD_644,SUB_HIFLD_665,meso_SUB_HIFLD_644_SUB_HIFLD_665_fwd,60000000.0,0.0,0.0,0,168
SUB_HIFLD_645,SUB_HIFLD_638,meso_SUB_HIFLD_645_SUB_HIFLD_638_rev,60000000.0,0.0,0.0,0,168
SUB_HIFLD_645,SUB_HIFLD_757,meso_SUB_HIFLD_645_SUB_HIFLD_757_fwd,60000000.0,4293450.3466812605,7591544.0352921635,0,168
SUB_HIFLD_646,SUB_HIFLD_1016,meso_SUB_HIFLD_646_SUB_HIFLD_1016_rev,400000000.0,0.0,0.0,0,168
SUB_HIFLD_646,SUB_HIFLD_3312,meso_SUB_HIFLD_646_SUB_HIFLD_3312_rev,60000000.0,8824354.301081013,30251976.02010015,0,168
SUB_HIFLD_646,SUB_HIFLD_669,meso_SUB_HIFLD_646_SUB_HIFLD_669_fwd,400000000.0,2229518.93663516,32541175.924358625,0,168
SUB_HIFLD_646,SUB_HIFLD_779,meso_SUB_HIFLD_646_SUB_HIFLD_779_fwd,60000000.0,12203221.143281844,28598959.155006174,0,168
SUB_HIFLD_646,WEC_BANC,iface_SUB_HIFLD_646_WEC_BANC_to_ba,20000000.0,0.0,0.0,0,168
SUB_HIFLD_647,SUB_HIFLD_2726,meso_SUB_HIFLD_647_SUB_HIFLD_2726_rev,150000000.0,0.0,0.0,0,168
SUB_HIFLD_648,SUB_HIFLD_595,meso_SUB_HIFLD_648_SUB_HIFLD_595_rev,150000000.0,0.0,0.0,0,168
SUB_HIFLD_648,SUB_HIFLD_722,meso_SUB_HIFLD_648_SUB_HIFLD_722_fwd,150000000.0,9298681.589844618,20730673.878463272,0,168
SUB_HIFLD_648,SUB_HIFLD_1376,meso_SUB_HIFLD_648_SUB_HIFLD_1376_rev,150000000.0,0.0,0.0,0,168
SUB_HIFLD_648,SUB_HIFLD_691,meso_SUB_HIFLD_648_SUB_HIFLD_691_fwd,150000000.0,0.0,0.0,0,168
SUB_HIFLD_648,SUB_HIFLD_696,meso_SUB_HIFLD_648_SUB_HIFLD_696_fwd,150000000.0,137317.35772109483,23069316.097143933,0,168
SUB_HIFLD_649,SUB_HIFLD_4371,meso_SUB_HIFLD_649_SUB_HIFLD_4371_rev,60000000.0,0.0,0.0,0,168
SUB_HIFLD_650,SUB_HIFLD_4371,meso_SUB_HIFLD_650_SUB_HIFLD_4371_rev,60000000.0,6353681.740779312,11234380.39660669,0,168
SUB_HIFLD_650,SUB_HIFLD_663,meso_SUB_HIFLD_650_SUB_HIFLD_663_fwd,60000000.0,0.0,0.0,0,168
SUB_HIFLD_651,SUB_HIFLD_2753,meso_SUB_HIFLD_651_SUB_HIFLD_2753_rev,60000000.0,0.0,0.0,0,168
SUB_HIFLD_651,SUB_HIFLD_3456,meso_SUB_HIFLD_651_SUB_HIFLD_3456_rev,60000000.0,259145.26826595567,8659344.26394787,0,168
SUB_HIFLD_653,SUB_HIFLD_4006,meso_SUB_HIFLD_653_SUB_HIFLD_4006_rev,60000000.0,1413673.1402428849,22426307.8044094,0,168
SUB_HIFLD_653,SUB_HIFLD_4013,meso_SUB_HIFLD_653_SUB_HIFLD_4013_rev,60000000.0,1601425.4480407927,2996141.1495423266,0,168
SUB_HIFLD_653,SUB_HIFLD_665,meso_SUB_HIFLD_653_SUB_HIFLD_665_fwd,60000000.0,3524764.132486391,6232377.291997746,0,168
SUB_HIFLD_653,SUB_HIFLD_696,meso_SUB_HIFLD_653_SUB_HIFLD_696_fwd,80000000.0,0.0,0.0,0,168
SUB_HIFLD_654,SUB_HIFLD_784,meso_SUB_HIFLD_654_SUB_HIFLD_784_fwd,60000000.0,0.0,0.0,0,168
SUB_HIFLD_654,SUB_HIFLD_632,meso_SUB_HIFLD_654_SUB_HIFLD_632_rev,12045055.470050339,6153602.116097407,10880605.953255879,0,168
SUB_HIFLD_655,SUB_HIFLD_691,meso_SUB_HIFLD_655_SUB_HIFLD_691_fwd,60000000.0,0.0,0.0,0,168
SUB_HIFLD_657,SUB_HIFLD_4192,meso_SUB_HIFLD_657_SUB_HIFLD_4192_rev,60000000.0,0.0,0.0,0,168
SUB_HIFLD_658,SUB_HIFLD_520,meso_SUB_HIFLD_658_SUB_HIFLD_520_rev,60000000.0,696345.2428614799,7328189.999295263,0,168
SUB_HIFLD_658,SUB_HIFLD_606,meso_SUB_HIFLD_658_SUB_HIFLD_606_rev,60000000.0,0.0,0.0,0,168
SUB_HIFLD_658,SUB_HIFLD_776,meso_SUB_HIFLD_658_SUB_HIFLD_776_fwd,60000000.0,19726929.676381353,35087640.420559704,0,168
SUB_HIFLD_659,SUB_15376,meso_SUB_HIFLD_659_SUB_15376_rev,60000000.0,2501500.499644615,6243815.439755155,0,168
SUB_HIFLD_659,SUB_HIFLD_1016,meso_SUB_HIFLD_659_SUB_HIFLD_1016_rev,1200000000.0,0.0,0.0,0,168
SUB_HIFLD_659,SUB_HIFLD_4382,meso_SUB_HIFLD_659_SUB_HIFLD_4382_rev,60000000.0,20296021.39691563,46193492.89914717,0,168
SUB_HIFLD_659,SUB_HIFLD_660,meso_SUB_HIFLD_659_SUB_HIFLD_660_fwd,60000000.0,64015.208842917986,221176.49548263292,0,168
SUB_HIFLD_659,SUB_HIFLD_726,meso_SUB_HIFLD_659_SUB_HIFLD_726_fwd,400000000.0,5961921.125519305,40702209.60641625,0,168
SUB_HIFLD_659,SUB_HIFLD_744,meso_SUB_HIFLD_659_SUB_HIFLD_744_fwd,60000000.0,12357116.505704077,26276132.98544051,0,168
SUB_HIFLD_659,SUB_HIFLD_747,meso_SUB_HIFLD_659_SUB_HIFLD_747_fwd,60000000.0,18061418.601429634,31935633.167199362,0,168
SUB_HIFLD_659,SUB_HIFLD_1356,meso_SUB_HIFLD_659_SUB_HIFLD_1356_rev,400000000.0,0.0,0.0,0,168
SUB_HIFLD_659,SUB_HIFLD_3125,meso_SUB_HIFLD_659_SUB_HIFLD_3125_rev,80000000.0,46449225.49408607,80000000.0,5,168
SUB_HIFLD_659,SUB_HIFLD_3126,meso_SUB_HIFLD_659_SUB_HIFLD_3126_rev,80000000.0,13142388.470686708,23237957.700749032,0,168
SUB_HIFLD_659,SUB_HIFLD_3920,meso_SUB_HIFLD_659_SUB_HIFLD_3920_rev,400000000.0,0.0,0.0,0,168
SUB_HIFLD_659,SUB_HIFLD_669,meso_SUB_HIFLD_659_SUB_HIFLD_669_fwd,1200000000.0,2215547.7827978227,38414580.08154612,0,168
SUB_HIFLD_659,SUB_HIFLD_696,meso_SUB_HIFLD_659_SUB_HIFLD_696_fwd,800000000.0,9505396.272288743,65681886.73125642,0,168
SUB_HIFLD_659,SUB_HIFLD_725,meso_SUB_HIFLD_659_SUB_HIFLD_725_fwd,150000000.0,899589.1934001544,19314863.53846287,0,168
SUB_HIFLD_659,SUB_HIFLD_730,meso_SUB_HIFLD_659_SUB_HIFLD_730_fwd,400000000.0,7937600.008133715,95025523.97090322,0,168
SUB_HIFLD_659,WEC_CALN,iface_SUB_HIFLD_659_WEC_CALN_to_ba,20000000.0,0.0,0.0,0,168
SUB_HIFLD_660,SUB_HIFLD_659,meso_SUB_HIFLD_660_SUB_HIFLD_659_rev,60000000.0,0.0,0.0,0,168
SUB_HIFLD_660,SUB_HIFLD_740,meso_SUB_HIFLD_660_SUB_HIFLD_740_fwd,60000000.0,42001.836043569936,184625.30706346646,0,168
SUB_HIFLD_662,SUB_HIFLD_3422,meso_SUB_HIFLD_662_SUB_HIFLD_3422_rev,60000000.0,0.0,0.0,0,168
SUB_HIFLD_662,SUB_HIFLD_634,meso_SUB_HIFLD_662_SUB_HIFLD_634_rev,60000000.0,1306437.5807616638,8547822.502659608,0,168
SUB_HIFLD_663,SUB_HIFLD_3456,meso_SUB_HIFLD_663_SUB_HIFLD_3456_rev,60000000.0,0.0,0.0,0,168
SUB_HIFLD_663,SUB_HIFLD_650,meso_SUB_HIFLD_663_SUB_HIFLD_650_rev,60000000.0,10843708.589017658,19173505.105433766,0,168
SUB_HIFLD_663,SUB_HIFLD_781,meso_SUB_HIFLD_663_SUB_HIFLD_781_fwd,60000000.0,1336740.4612289076,4193893.338232925,0,168
SUB_HIFLD_663,SUB_HIFLD_4348,meso_SUB_HIFLD_663_SUB_HIFLD_4348_rev,6218334.027561686,3128427.753532758,5531588.052965931,0,168
SUB_HIFLD_664,SUB_HIFLD_2828,meso_SUB_HIFLD_664_SUB_HIFLD_2828_rev,60000000.0,4746979.057675316,11085804.6875,0,168
SUB_HIFLD_665,SUB_HIFLD_610,meso_SUB_HIFLD_665_SUB_HIFLD_610_rev,60000000.0,820330.2627920402,1450482.2352497848,0,168
SUB_HIFLD_665,SUB_HIFLD_644,meso_SUB_HIFLD_665_SUB_HIFLD_644_rev,60000000.0,1193302.4460624468,2109959.8402829515,0,168
SUB_HIFLD_665,SUB_HIFLD_653,meso_SUB_HIFLD_665_SUB_HIFLD_653_rev,60000000.0,0.0,0.0,0,168
SUB_HIFLD_666,SUB_HIFLD_700,meso_SUB_HIFLD_666_SUB_HIFLD_700_fwd,60000000.0,0.0,0.0,0,168
SUB_HIFLD_667,SUB_HIFLD_3110,meso_SUB_HIFLD_667_SUB_HIFLD_3110_rev,60000000.0,0.0,0.0,0,168
SUB_HIFLD_667,SUB_HIFLD_625,meso_SUB_HIFLD_667_SUB_HIFLD_625_rev,60000000.0,0.0,0.0,0,168
SUB_HIFLD_668,SUB_HIFLD_2844,meso_SUB_HIFLD_668_SUB_HIFLD_2844_rev,60000000.0,0.0,0.0,0,168
SUB_HIFLD_669,SUB_HIFLD_2647,meso_SUB_HIFLD_669_SUB_HIFLD_2647_rev,60000000.0,4246068.266811006,7507764.505602649,0,168
SUB_HIFLD_669,SUB_HIFLD_646,meso_SUB_HIFLD_669_SUB_HIFLD_646_rev,400000000.0,0.0,0.0,0,168
SUB_HIFLD_669,SUB_HIFLD_681,meso_SUB_HIFLD_669_SUB_HIFLD_681_fwd,60000000.0,3037414.599245914,13958296.240306642,0,168
SUB_HIFLD_669,SUB_HIFLD_1361,meso_SUB_HIFLD_669_SUB_HIFLD_1361_rev,400000000.0,0.0,0.0,0,168
SUB_HIFLD_669,SUB_HIFLD_638,meso_SUB_HIFLD_669_SUB_HIFLD_638_rev,400000000.0,25383806.40687731,44882849.70259336,0,168
SUB_HIFLD_669,SUB_HIFLD_659,meso_SUB_HIFLD_669_SUB_HIFLD_659_rev,1200000000.0,0.0,0.0,0,168
SUB_HIFLD_669,WEC_BANC,iface_SUB_HIFLD_669_WEC_BANC_to_ba,20000000.0,0.0,0.0,0,168
SUB_HIFLD_670,SUB_HIFLD_683,meso_SUB_HIFLD_670_SUB_HIFLD_683_fwd,60000000.0,0.0,0.0,0,168
SUB_HIFLD_671,SUB_HIFLD_3128,meso_SUB_HIFLD_671_SUB_HIFLD_3128_rev,60000000.0,0.0,0.0,0,168
SUB_HIFLD_672,SUB_HIFLD_4282,meso_SUB_HIFLD_672_SUB_HIFLD_4282_rev,60000000.0,0.0,0.0,0,168
SUB_HIFLD_673,SUB_HIFLD_2759,meso_SUB_HIFLD_673_SUB_HIFLD_2759_rev,60000000.0,0.0,0.0,0,168
SUB_HIFLD_673,SUB_HIFLD_4192,meso_SUB_HIFLD_673_SUB_HIFLD_4192_rev,60000000.0,22933347.883433014,31195911.232914995,0,168
SUB_HIFLD_673,SUB_HIFLD_3128,meso_SUB_HIFLD_673_SUB_HIFLD_3128_rev,42743102.068689264,21957079.992455564,38823820.107851565,0,168
SUB_HIFLD_673,SUB_HIFLD_4286,meso_SUB_HIFLD_673_SUB_HIFLD_4286_rev,5995672.836807515,3044010.2210159563,5382323.353560929,0,168
SUB_HIFLD_674,SUB_HIFLD_603,meso_SUB_HIFLD_674_SUB_HIFLD_603_rev,60000000.0,3068525.909254042,6790986.240033022,0,168
SUB_HIFLD_674,SUB_HIFLD_682,meso_SUB_HIFLD_674_SUB_HIFLD_682_fwd,60000000.0,22605573.44700111,39141424.7428285,0,168
SUB_HIFLD_674,SUB_HIFLD_720,meso_SUB_HIFLD_674_SUB_HIFLD_720_fwd,60000000.0,0.0,0.0,0,168
SUB_HIFLD_674,SUB_HIFLD_733,meso_SUB_HIFLD_674_SUB_HIFLD_733_fwd,60000000.0,0.0,0.0,0,168
SUB_HIFLD_675,SUB_HIFLD_2753,meso_SUB_HIFLD_675_SUB_HIFLD_2753_rev,60000000.0,0.0,0.0,0,168
SUB_HIFLD_675,SUB_HIFLD_702,meso_SUB_HIFLD_675_SUB_HIFLD_702_fwd,60000000.0,679247.2860840993,7774875.192574965,0,168
SUB_HIFLD_675,SUB_HIFLD_734,meso_SUB_HIFLD_675_SUB_HIFLD_734_fwd,60000000.0,4890138.197354472,9478029.815985197,0,168
SUB_HIFLD_676,SUB_HIFLD_1380,meso_SUB_HIFLD_676_SUB_HIFLD_1380_rev,60000000.0,0.0,0.0,0,168
SUB_HIFLD_676,SUB_HIFLD_600,meso_SUB_HIFLD_676_SUB_HIFLD_600_rev,60000000.0,7608423.230909944,12420649.26304768,0,168
SUB_HIFLD_676,SUB_HIFLD_679,meso_SUB_HIFLD_676_SUB_HIFLD_679_fwd,60000000.0,24986850.76211056,53710775.66668244,0,168
SUB_HIFLD_677,SUB_HIFLD_4319,meso_SUB_HIFLD_677_SUB_HIFLD_4319_rev,60000000.0,0.0,0.0,0,168
SUB_HIFLD_678,SUB_HIFLD_679,meso_SUB_HIFLD_678_SUB_HIFLD_679_fwd,60000000.0,0.0,0.0,0,168
SUB_HIFLD_678,SUB_HIFLD_751,meso_SUB_HIFLD_678_SUB_HIFLD_751_fwd,60000000.0,8755283.328922555,24866901.52955445,0,168
SUB_HIFLD_679,SUB_HIFLD_676,meso_SUB_HIFLD_679_SUB_HIFLD_676_rev,60000000.0,0.0,0.0,0,168
SUB_HIFLD_679,SUB_HIFLD_678,meso_SUB_HIFLD_679_SUB_HIFLD_678_rev,60000000.0,12394837.451651767,31496762.913039383,0,168
SUB_HIFLD_680,SUB_HIFLD_1386,meso_SUB_HIFLD_680_SUB_HIFLD_1386_rev,60000000.0,128114.10985393272,3352307.789596086,0,168
SUB_HIFLD_680,SUB_HIFLD_2547,meso_SUB_HIFLD_680_SUB_HIFLD_2547_rev,60000000.0,0.0,0.0,0,168
SUB_HIFLD_681,SUB_HIFLD_3406,meso_SUB_HIFLD_681_SUB_HIFLD_3406_rev,60000000.0,12774563.74135088,26647199.7475117,0,168
SUB_HIFLD_681,SUB_HIFLD_669,meso_SUB_HIFLD_681_SUB_HIFLD_669_rev,60000000.0,0.0,0.0,0,168
SUB_HIFLD_681,SUB_HIFLD_719,meso_SUB_HIFLD_681_SUB_HIFLD_719_fwd,60000000.0,0.0,0.0,0,168
SUB_HIFLD_682,SUB_HIFLD_674,meso_SUB_HIFLD_682_SUB_HIFLD_674_rev,60000000.0,0.0,0.0,0,168
SUB_HIFLD_682,SUB_HIFLD_689,meso_SUB_HIFLD_682_SUB_HIFLD_689_rev,22188994.946507547,11106227.186787693,19253511.34624678,0,168
SUB_HIFLD_683,SUB_HIFLD_4171,meso_SUB_HIFLD_683_SUB_HIFLD_4171_rev,60000000.0,0.0,0.0,0,168
SUB_HIFLD_683,SUB_HIFLD_670,meso_SUB_HIFLD_683_SUB_HIFLD_670_rev,60000000.0,4316874.478901492,8091073.350414787,0,168
SUB_HIFLD_684,SUB_HIFLD_4171,meso_SUB_HIFLD_684_SUB_HIFLD_4171_rev,60000000.0,0.0,0.0,0,168
SUB_HIFLD_685,SUB_HIFLD_3426,meso_SUB_HIFLD_685_SUB_HIFLD_3426_rev,60000000.0,21330.330044849346,1666745.2830573653,0,168
SUB_HIFLD_685,SUB_HIFLD_4093,meso_SUB_HIFLD_685_SUB_HIFLD_4093_rev,60000000.0,0.0,0.0,0,168
SUB_HIFLD_686,SUB_HIFLD_730,meso_SUB_HIFLD_686_SUB_HIFLD_730_fwd,60000000.0,0.0,0.0,0,168
SUB_HIFLD_687,SUB_HIFLD_719,meso_SUB_HIFLD_687_SUB_HIFLD_719_fwd,60000000.0,0.0,0.0,0,168
SUB_HIFLD_687,SUB_HIFLD_729,meso_SUB_HIFLD_687_SUB_HIFLD_729_fwd,60000000.0,0.0,0.0,0,168
SUB_HIFLD_689,SUB_HIFLD_682,meso_SUB_HIFLD_689_SUB_HIFLD_682_fwd,22188994.946507547,0.0,0.0,0,168
SUB_HIFLD_690,SUB_HIFLD_2660,meso_SUB_HIFLD_690_SUB_HIFLD_2660_rev,60000000.0,0.0,0.0,0,168
SUB_HIFLD_690,SUB_HIFLD_4301,meso_SUB_HIFLD_690_SUB_HIFLD_4301_rev,60000000.0,228420.992499561,3553299.2018866786,0,168
SUB_HIFLD_691,SUB_HIFLD_2544,meso_SUB_HIFLD_691_SUB_HIFLD_2544_rev,60000000.0,2447977.0013351245,10493247.6784001,0,168
SUB_HIFLD_691,SUB_HIFLD_2595,meso_SUB_HIFLD_691_SUB_HIFLD_2595_rev,60000000.0,15835.01795796173,87962.09675280772,0,168
SUB_HIFLD_691,SUB_HIFLD_2822,meso_SUB_HIFLD_691_SUB_HIFLD_2822_rev,60000000.0,7105999.990009595,12443534.73058022,0,168
SUB_HIFLD_691,SUB_HIFLD_3121,meso_SUB_HIFLD_691_SUB_HIFLD_3121_rev,800000000.0,0.0,0.0,0,168
SUB_HIFLD_691,SUB_HIFLD_3140,meso_SUB_HIFLD_691_SUB_HIFLD_3140_rev,400000000.0,0.0,0.0,0,168
SUB_HIFLD_691,SUB_HIFLD_3143,meso_SUB_HIFLD_691_SUB_HIFLD_3143_rev,400000000.0,0.0,0.0,0,168
SUB_HIFLD_691,SUB_HIFLD_655,meso_SUB_HIFLD_691_SUB_HIFLD_655_rev,60000000.0,4494174.790417498,7946458.796864932,0,168
SUB_HIFLD_691,SUB_HIFLD_717,meso_SUB_HIFLD_691_SUB_HIFLD_717_fwd,60000000.0,21809457.00619636,38294162.26154618,0,168
SUB_HIFLD_691,SUB_HIFLD_738,meso_SUB_HIFLD_691_SUB_HIFLD_738_fwd,400000000.0,153594.956064076,9744495.60658543,0,168
SUB_HIFLD_691,SUB_HIFLD_1376,meso_SUB_HIFLD_691_SUB_HIFLD_1376_rev,150000000.0,0.0,0.0,0,168
SUB_HIFLD_691,SUB_HIFLD_1380,meso_SUB_HIFLD_691_SUB_HIFLD_1380_rev,150000000.0,0.0,0.0,0,168
SUB_HIFLD_691,SUB_HIFLD_629,meso_SUB_HIFLD_691_SUB_HIFLD_629_rev,80000000.0,43759686.32083438,80000000.0,4,168
SUB_HIFLD_691,SUB_HIFLD_648,meso_SUB_HIFLD_691_SUB_HIFLD_648_rev,150000000.0,0.0,0.0,0,168
SUB_HIFLD_691,SUB_HIFLD_696,meso_SUB_HIFLD_691_SUB_HIFLD_696_fwd,800000000.0,378286.52036991983,63552135.42214654,0,168
SUB_HIFLD_691,SUB_HIFLD_736,meso_SUB_HIFLD_691_SUB_HIFLD_736_fwd,400000000.0,0.0,0.0,0,168
SUB_HIFLD_691,SUB_HIFLD_758,meso_SUB_HIFLD_691_SUB_HIFLD_758_fwd,800000000.0,0.0,0.0,0,168
SUB_HIFLD_691,SUB_HIFLD_782,meso_SUB_HIFLD_691_SUB_HIFLD_782_fwd,800000000.0,0.0,0.0,0,168
SUB_HIFLD_691,WEC_BANC,iface_SUB_HIFLD_691_WEC_BANC_to_ba,2770000000.0,0.0,0.0,0,168
SUB_HIFLD_692,SUB_HIFLD_631,meso_SUB_HIFLD_692_SUB_HIFLD_631_rev,60000000.0,0.0,0.0,0,168
SUB_HIFLD_694,SUB_HIFLD_4083,meso_SUB_HIFLD_694_SUB_HIFLD_4083_fwd,5000000.0,0.0,0.0,0,168
SUB_HIFLD_695,SUB_16368,meso_SUB_HIFLD_695_SUB_16368_rev,1200000000.0,0.0,0.0,0,168
SUB_HIFLD_695,SUB_HIFLD_4414,meso_SUB_HIFLD_695_SUB_HIFLD_4414_rev,60000000.0,28683754.40643709,60000000.0,7,168
SUB_HIFLD_695,SUB_HIFLD_636,meso_SUB_HIFLD_695_SUB_HIFLD_636_rev,400000000.0,119350.42689045574,20050871.717596564,0,168
SUB_HIFLD_695,WEC_BANC,iface_SUB_HIFLD_695_WEC_BANC_to_ba,20000000.0,0.0,0.0,0,168
SUB_HIFLD_696,SUB_HIFLD_2557,meso_SUB_HIFLD_696_SUB_HIFLD_2557_rev,60000000.0,3725098.1720191278,20494476.94003711,0,168
SUB_HIFLD_696,SUB_HIFLD_2753,meso_SUB_HIFLD_696_SUB_HIFLD_2753_rev,150000000.0,14087.019909148612,2366619.344736967,0,168
SUB_HIFLD_696,SUB_HIFLD_3110,meso_SUB_HIFLD_696_SUB_HIFLD_3110_rev,60000000.0,486877.0858194308,6424619.410868875,0,168
SUB_HIFLD_696,SUB_HIFLD_3140,meso_SUB_HIFLD_696_SUB_HIFLD_3140_rev,400000000.0,0.0,0.0,0,168
SUB_HIFLD_696,SUB_HIFLD_595,meso_SUB_HIFLD_696_SUB_HIFLD_595_rev,150000000.0,0.0,0.0,0,168
SUB_HIFLD_696,SUB_HIFLD_700,meso_SUB_HIFLD_696_SUB_HIFLD_700_fwd,150000000.0,447308.552591015,7454754.694317653,0,168
SUB_HIFLD_696,SUB_HIFLD_725,meso_SUB_HIFLD_696_SUB_HIFLD_725_fwd,150000000.0,0.0,0.0,0,168
SUB_HIFLD_696,SUB_HIFLD_726,meso_SUB_HIFLD_696_SUB_HIFLD_726_fwd,400000000.0,0.0,0.0,0,168
SUB_HIFLD_696,SUB_HIFLD_727,meso_SUB_HIFLD_696_SUB_HIFLD_727_fwd,60000000.0,7963685.761220872,14081139.425755508,0,168
SUB_HIFLD_696,SUB_16288,meso_SUB_HIFLD_696_SUB_16288_rev,400000000.0,0.0,0.0,0,168
SUB_HIFLD_696,SUB_HIFLD_1135,meso_SUB_HIFLD_696_SUB_HIFLD_1135_rev,400000000.0,0.0,0.0,0,168
SUB_HIFLD_696,SUB_HIFLD_1366,meso_SUB_HIFLD_696_SUB_HIFLD_1366_rev,800000000.0,7681838.398298959,43529652.574466005,0,168
SUB_HIFLD_696,SUB_HIFLD_648,meso_SUB_HIFLD_696_SUB_HIFLD_648_rev,150000000.0,0.0,0.0,0,168
SUB_HIFLD_696,SUB_HIFLD_653,meso_SUB_HIFLD_696_SUB_HIFLD_653_rev,80000000.0,8342188.48478124,31224189.536799047,0,168
SUB_HIFLD_696,SUB_HIFLD_659,meso_SUB_HIFLD_696_SUB_HIFLD_659_rev,800000000.0,0.0,0.0,0,168
SUB_HIFLD_696,SUB_HIFLD_691,meso_SUB_HIFLD_696_SUB_HIFLD_691_rev,800000000.0,0.0,0.0,0,168
SUB_HIFLD_696,SUB_HIFLD_739,meso_SUB_HIFLD_696_SUB_HIFLD_739_fwd,80000000.0,55252194.9792158,71452755.10807627,0,168
SUB_HIFLD_696,WEC_BANC,iface_SUB_HIFLD_696_WEC_BANC_to_ba,20000000.0,0.0,0.0,0,168
SUB_HIFLD_697,SUB_HIFLD_2736,meso_SUB_HIFLD_697_SUB_HIFLD_2736_rev,60000000.0,0.0,0.0,0,168
SUB_HIFLD_697,SUB_HIFLD_766,meso_SUB_HIFLD_697_SUB_HIFLD_766_fwd,80000000.0,0.0,0.0,0,168
SUB_HIFLD_700,SUB_15290,meso_SUB_HIFLD_700_SUB_15290_rev,150000000.0,0.0,0.0,0,168
SUB_HIFLD_700,SUB_HIFLD_666,meso_SUB_HIFLD_700_SUB_HIFLD_666_rev,60000000.0,438779.72149942577,775836.5680261985,0,168
SUB_HIFLD_700,SUB_HIFLD_696,meso_SUB_HIFLD_700_SUB_HIFLD_696_rev,150000000.0,0.0,0.0,0,168
SUB_HIFLD_700,SUB_HIFLD_750,meso_SUB_HIFLD_700_SUB_HIFLD_750_fwd,60000000.0,4331623.862979738,7659041.344456851,0,168
SUB_HIFLD_701,SUB_HIFLD_640,meso_SUB_HIFLD_701_SUB_HIFLD_640_rev,60000000.0,0.0,0.0,0,168
SUB_HIFLD_701,SUB_HIFLD_755,meso_SUB_HIFLD_701_SUB_HIFLD_755_fwd,60000000.0,0.0,0.0,0,168
SUB_HIFLD_702,SUB_HIFLD_4217,meso_SUB_HIFLD_702_SUB_HIFLD_4217_rev,60000000.0,0.0,0.0,0,168
SUB_HIFLD_702,SUB_HIFLD_675,meso_SUB_HIFLD_702_SUB_HIFLD_675_rev,60000000.0,3281290.013807629,14555324.24403894,0,168
SUB_HIFLD_702,SUB_HIFLD_713,meso_SUB_HIFLD_702_SUB_HIFLD_713_fwd,60000000.0,10641219.406174818,24381913.898507345,0,168
SUB_HIFLD_703,SUB_HIFLD_4157,meso_SUB_HIFLD_703_SUB_HIFLD_4157_rev,60000000.0,0.0,0.0,0,168
SUB_HIFLD_703,SUB_HIFLD_4301,meso_SUB_HIFLD_703_SUB_HIFLD_4301_rev,60000000.0,3419384.974152076,6888591.522531411,0,168
SUB_HIFLD_703,SUB_HIFLD_785,meso_SUB_HIFLD_703_SUB_HIFLD_785_fwd,60000000.0,0.0,0.0,0,168
SUB_HIFLD_704,SUB_HIFLD_4017,meso_SUB_HIFLD_704_SUB_HIFLD_4017_rev,60000000.0,0.0,0.0,0,168
SUB_HIFLD_704,SUB_HIFLD_712,meso_SUB_HIFLD_704_SUB_HIFLD_712_fwd,60000000.0,1904507.864931956,3367491.071248792,0,168
SUB_HIFLD_705,SUB_HIFLD_1364,meso_SUB_HIFLD_705_SUB_HIFLD_1364_rev,60000000.0,2966807.440325625,5245815.835539828,0,168
SUB_HIFLD_705,SUB_HIFLD_748,meso_SUB_HIFLD_705_SUB_HIFLD_748_fwd,11658412.014160156,0.0,0.0,0,168
SUB_HIFLD_706,SUB_HIFLD_2890,meso_SUB_HIFLD_706_SUB_HIFLD_2890_rev,60000000.0,0.0,0.0,0,168
SUB_HIFLD_707,SUB_HIFLD_4414,meso_SUB_HIFLD_707_SUB_HIFLD_4414_rev,60000000.0,0.0,0.0,0,168
SUB_HIFLD_708,SUB_HIFLD_3121,meso_SUB_HIFLD_708_SUB_HIFLD_3121_rev,400000000.0,7807350.64627021,55120377.564588115,0,168
SUB_HIFLD_708,SUB_HIFLD_3129,meso_SUB_HIFLD_708_SUB_HIFLD_3129_rev,150000000.0,0.0,0.0,0,168
SUB_HIFLD_708,SUB_HIFLD_3144,meso_SUB_HIFLD_708_SUB_HIFLD_3144_rev,150000000.0,0.0,0.0,0,168
SUB_HIFLD_708,SUB_HIFLD_593,meso_SUB_HIFLD_708_SUB_HIFLD_593_rev,150000000.0,6332675.436794429,27451856.196958713,0,168
SUB_HIFLD_708,SUB_HIFLD_597,meso_SUB_HIFLD_708_SUB_HIFLD_597_rev,400000000.0,0.0,0.0,0,168
SUB_HIFLD_708,SUB_HIFLD_752,meso_SUB_HIFLD_708_SUB_HIFLD_752_fwd,400000000.0,56046.613478812746,1352154.8870912532,0,168
SUB_HIFLD_708,SUB_15276,meso_SUB_HIFLD_708_SUB_15276_rev,400000000.0,0.0,0.0,0,168
SUB_HIFLD_708,SUB_HIFLD_1361,meso_SUB_HIFLD_708_SUB_HIFLD_1361_rev,800000000.0,2837234.667377613,63180036.78794034,0,168
SUB_HIFLD_708,SUB_HIFLD_1380,meso_SUB_HIFLD_708_SUB_HIFLD_1380_rev,400000000.0,95929398.42329173,148818493.14783686,0,168
SUB_HIFLD_708,SUB_HIFLD_3119,meso_SUB_HIFLD_708_SUB_HIFLD_3119_rev,80000000.0,8034210.223623837,23096927.77949405,0,168
SUB_HIFLD_708,WEC_BANC,iface_SUB_HIFLD_708_WEC_BANC_to_ba,20000000.0,3167900.894058602,20000000.0,23,168
SUB_HIFLD_709,SUB_HIFLD_4084,meso_SUB_HIFLD_709_SUB_HIFLD_4084_rev,60000000.0,0.0,0.0,0,168
SUB_HIFLD_710,SUB_HIFLD_2531,meso_SUB_HIFLD_710_SUB_HIFLD_2531_rev,60000000.0,2976995.1983766924,5263829.150642317,0,168
SUB_HIFLD_710,SUB_HIFLD_3145,meso_SUB_HIFLD_710_SUB_HIFLD_3145_rev,60000000.0,0.0,0.0,0,168
SUB_HIFLD_711,SUB_HIFLD_2547,meso_SUB_HIFLD_711_SUB_HIFLD_2547_rev,60000000.0,0.0,0.0,0,168
SUB_HIFLD_712,SUB_HIFLD_704,meso_SUB_HIFLD_712_SUB_HIFLD_704_rev,60000000.0,0.0,0.0,0,168
SUB_HIFLD_713,SUB_HIFLD_4393,meso_SUB_HIFLD_713_SUB_HIFLD_4393_rev,60000000.0,5264896.819596131,18411752.76145935,0,168
SUB_HIFLD_713,SUB_HIFLD_702,meso_SUB_HIFLD_713_SUB_HIFLD_702_rev,60000000.0,0.0,0.0,0,168
SUB_HIFLD_714,SUB_06204,meso_SUB_HIFLD_714_SUB_06204_rev,150000000.0,0.0,0.0,0,168
SUB_HIFLD_714,SUB_HIFLD_3480,meso_SUB_HIFLD_714_SUB_HIFLD_3480_rev,60000000.0,5279173.441078362,9334468.298843227,0,168
SUB_HIFLD_714,SUB_HIFLD_4282,meso_SUB_HIFLD_714_SUB_HIFLD_4282_rev,60000000.0,12691661.618223516,23795751.036527317,0,168
SUB_HIFLD_714,SUB_HIFLD_738,meso_SUB_HIFLD_714_SUB_HIFLD_738_fwd,150000000.0,0.0,0.0,0,168
SUB_HIFLD_715,SUB_HIFLD_3325,meso_SUB_HIFLD_715_SUB_HIFLD_3325_rev,60000000.0,0.0,0.0,0,168
SUB_HIFLD_715,SUB_HIFLD_767,meso_SUB_HIFLD_715_SUB_HIFLD_767_fwd,60000000.0,193911.91258684578,2493711.1608760874,0,168
SUB_HIFLD_717,SUB_HIFLD_4171,meso_SUB_HIFLD_717_SUB_HIFLD_4171_rev,60000000.0,17898893.35940166,31387685.233055267,0,168
SUB_HIFLD_717,SUB_HIFLD_691,meso_SUB_HIFLD_717_SUB_HIFLD_691_rev,60000000.0,0.0,0.0,0,168
SUB_HIFLD_718,SUB_HIFLD_4045,meso_SUB_HIFLD_718_SUB_HIFLD_4045_rev,60000000.0,0.0,0.0,0,168
SUB_HIFLD_718,SUB_HIFLD_602,meso_SUB_HIFLD_718_SUB_HIFLD_602_rev,60000000.0,0.0,0.0,0,168
SUB_HIFLD_719,SUB_HIFLD_1363,meso_SUB_HIFLD_719_SUB_HIFLD_1363_rev,60000000.0,0.0,0.0,0,168
SUB_HIFLD_719,SUB_HIFLD_681,meso_SUB_HIFLD_719_SUB_HIFLD_681_rev,60000000.0,14064488.47397718,33613227.79945179,0,168
SUB_HIFLD_719,SUB_HIFLD_687,meso_SUB_HIFLD_719_SUB_HIFLD_687_rev,60000000.0,1496588.4594865798,2646220.5198622243,0,168
SUB_HIFLD_719,SUB_HIFLD_3492,meso_SUB_HIFLD_719_SUB_HIFLD_3492_rev,5322717.530799203,2714009.7895497256,4798826.913735301,0,168
SUB_HIFLD_719,SUB_HIFLD_3499,meso_SUB_HIFLD_719_SUB_HIFLD_3499_rev,5000000.0,1200602.070045752,2122866.8527504834,0,168
SUB_HIFLD_720,SUB_HIFLD_674,meso_SUB_HIFLD_720_SUB_HIFLD_674_rev,60000000.0,31203531.19995963,43729499.78465902,0,168
SUB_HIFLD_720,SUB_HIFLD_721,meso_SUB_HIFLD_720_SUB_HIFLD_721_fwd,60000000.0,0.0,0.0,0,168
SUB_HIFLD_721,SUB_HIFLD_1382,meso_SUB_HIFLD_721_SUB_HIFLD_1382_rev,400000000.0,0.0,0.0,0,168
SUB_HIFLD_721,SUB_HIFLD_2779,meso_SUB_HIFLD_721_SUB_HIFLD_2779_rev,60000000.0,8303537.27328391,51680869.99635278,0,168
SUB_HIFLD_721,SUB_HIFLD_720,meso_SUB_HIFLD_721_SUB_HIFLD_720_rev,60000000.0,44853079.7022072,60000000.0,44,168
SUB_HIFLD_721,SUB_HIFLD_736,meso_SUB_HIFLD_721_SUB_HIFLD_736_fwd,400000000.0,0.0,0.0,0,168
SUB_HIFLD_721,SUB_HIFLD_753,meso_SUB_HIFLD_721_SUB_HIFLD_753_fwd,60000000.0,0.0,0.0,0,168
SUB_HIFLD_721,WEC_BANC,iface_SUB_HIFLD_721_WEC_BANC_to_ba,20000000.0,0.0,0.0,0,168
SUB_HIFLD_722,SUB_HIFLD_2578,meso_SUB_HIFLD_722_SUB_HIFLD_2578_rev,60000000.0,0.0,0.0,0,168
SUB_HIFLD_722,SUB_HIFLD_3137,meso_SUB_HIFLD_722_SUB_HIFLD_3137_rev,150000000.0,0.0,0.0,0,168
SUB_HIFLD_722,SUB_HIFLD_648,meso_SUB_HIFLD_722_SUB_HIFLD_648_rev,150000000.0,0.0,0.0,0,168
SUB_HIFLD_722,SUB_HIFLD_761,meso_SUB_HIFLD_722_SUB_HIFLD_761_fwd,300000000.0,0.0,0.0,0,168
SUB_HIFLD_723,SUB_HIFLD_2911,meso_SUB_HIFLD_723_SUB_HIFLD_2911_rev,60000000.0,0.0,0.0,0,168
SUB_HIFLD_723,SUB_HIFLD_3123,meso_SUB_HIFLD_723_SUB_HIFLD_3123_rev,60000000.0,13982706.399607724,19373866.419062905,0,168
SUB_HIFLD_724,SUB_HIFLD_4385,meso_SUB_HIFLD_724_SUB_HIFLD_4385_rev,60000000.0,0.0,0.0,0,168
SUB_HIFLD_724,SUB_HIFLD_732,meso_SUB_HIFLD_724_SUB_HIFLD_732_fwd,60000000.0,140274.6031272744,5794669.609158335,0,168
SUB_HIFLD_725,SUB_HIFLD_2578,meso_SUB_HIFLD_725_SUB_HIFLD_2578_rev,60000000.0,13465277.309675308,27772071.55382026,0,168
SUB_HIFLD_725,SUB_HIFLD_696,meso_SUB_HIFLD_725_SUB_HIFLD_696_rev,150000000.0,428263.6149894089,33013117.534623303,0,168
SUB_HIFLD_725,SUB_HIFLD_759,meso_SUB_HIFLD_725_SUB_HIFLD_759_fwd,400000000.0,0.0,0.0,0,168
SUB_HIFLD_725,SUB_HIFLD_761,meso_SUB_HIFLD_725_SUB_HIFLD_761_fwd,400000000.0,0.0,0.0,0,168
SUB_HIFLD_725,SUB_HIFLD_1376,meso_SUB_HIFLD_725_SUB_HIFLD_1376_rev,150000000.0,0.0,0.0,0,168
SUB_HIFLD_725,SUB_HIFLD_659,meso_SUB_HIFLD_725_SUB_HIFLD_659_rev,150000000.0,0.0,0.0,0,168
SUB_HIFLD_725,SUB_HIFLD_726,meso_SUB_HIFLD_725_SUB_HIFLD_726_fwd,150000000.0,2759473.2457810254,43945997.72632161,0,168
SUB_HIFLD_725,WEC_BANC,iface_SUB_HIFLD_725_WEC_BANC_to_ba,140000000.0,0.0,0.0,0,168
SUB_HIFLD_726,SUB_HIFLD_3115,meso_SUB_HIFLD_726_SUB_HIFLD_3115_rev,60000000.0,6834305.259782317,15216420.218870811,0,168
SUB_HIFLD_726,SUB_HIFLD_3140,meso_SUB_HIFLD_726_SUB_HIFLD_3140_rev,400000000.0,0.0,0.0,0,168
SUB_HIFLD_726,SUB_HIFLD_626,meso_SUB_HIFLD_726_SUB_HIFLD_626_rev,60000000.0,13712769.329842726,38760314.799656406,0,168
SUB_HIFLD_726,SUB_HIFLD_659,meso_SUB_HIFLD_726_SUB_HIFLD_659_rev,400000000.0,0.0,0.0,0,168
SUB_HIFLD_726,SUB_HIFLD_696,meso_SUB_HIFLD_726_SUB_HIFLD_696_rev,400000000.0,0.0,0.0,0,168
SUB_HIFLD_726,SUB_HIFLD_725,meso_SUB_HIFLD_726_SUB_HIFLD_725_rev,150000000.0,0.0,0.0,0,168
SUB_HIFLD_726,WEC_BANC,iface_SUB_HIFLD_726_WEC_BANC_to_ba,20000000.0,0.0,0.0,0,168
SUB_HIFLD_727,SUB_HIFLD_1372,meso_SUB_HIFLD_727_SUB_HIFLD_1372_rev,60000000.0,2138430.4094150714,3781105.450502376,0,168
SUB_HIFLD_727,SUB_HIFLD_696,meso_SUB_HIFLD_727_SUB_HIFLD_696_rev,60000000.0,0.0,0.0,0,168
SUB_HIFLD_728,SUB_HIFLD_3371,meso_SUB_HIFLD_728_SUB_HIFLD_3371_rev,60000000.0,0.0,0.0,0,168
SUB_HIFLD_728,SUB_HIFLD_4153,meso_SUB_HIFLD_728_SUB_HIFLD_4153_rev,60000000.0,3801988.660300194,6722556.737526176,0,168
SUB_HIFLD_728,SUB_HIFLD_4185,meso_SUB_HIFLD_728_SUB_HIFLD_4185_rev,60000000.0,195778.426646484,647049.372958154,0,168
SUB_HIFLD_728,SUB_HIFLD_731,meso_SUB_HIFLD_728_SUB_HIFLD_731_fwd,60000000.0,6856993.853939508,20233653.3823661,0,168
SUB_HIFLD_729,SUB_HIFLD_1366,meso_SUB_HIFLD_729_SUB_HIFLD_1366_rev,60000000.0,2765399.2546354616,22385475.788254466,0,168
SUB_HIFLD_729,SUB_HIFLD_4217,meso_SUB_HIFLD_729_SUB_HIFLD_4217_rev,60000000.0,0.0,0.0,0,168
SUB_HIFLD_729,SUB_HIFLD_687,meso_SUB_HIFLD_729_SUB_HIFLD_687_rev,60000000.0,0.0,0.0,0,168
SUB_HIFLD_730,SUB_HIFLD_3257,meso_SUB_HIFLD_730_SUB_HIFLD_3257_rev,400000000.0,0.0,0.0,0,168
SUB_HIFLD_730,SUB_HIFLD_3371,meso_SUB_HIFLD_730_SUB_HIFLD_3371_rev,400000000.0,23672386.880013365,73606149.41941886,0,168
SUB_HIFLD_730,SUB_HIFLD_606,meso_SUB_HIFLD_730_SUB_HIFLD_606_rev,60000000.0,0.0,0.0,0,168
SUB_HIFLD_730,SUB_HIFLD_686,meso_SUB_HIFLD_730_SUB_HIFLD_686_rev,60000000.0,3052259.3036608538,5396908.868219434,0,168
SUB_HIFLD_730,SUB_HIFLD_755,meso_SUB_HIFLD_730_SUB_HIFLD_755_fwd,60000000.0,41165384.66349155,60000000.0,16,168
SUB_HIFLD_730,SUB_HIFLD_766,meso_SUB_HIFLD_730_SUB_HIFLD_766_fwd,60000000.0,19798886.095515393,34589587.69230777,0,168
SUB_HIFLD_730,SUB_HIFLD_769,meso_SUB_HIFLD_730_SUB_HIFLD_769_fwd,60000000.0,12190514.084319165,21554883.776451986,0,168
SUB_HIFLD_730,SUB_HIFLD_1361,meso_SUB_HIFLD_730_SUB_HIFLD_1361_rev,800000000.0,0.0,0.0,0,168
SUB_HIFLD_730,SUB_HIFLD_659,meso_SUB_HIFLD_730_SUB_HIFLD_659_rev,400000000.0,0.0,0.0,0,168
SUB_HIFLD_730,SUB_HIFLD_778,meso_SUB_HIFLD_730_SUB_HIFLD_778_fwd,80000000.0,8544594.976694133,17000569.314193442,0,168
SUB_HIFLD_730,WEC_BANC,iface_SUB_HIFLD_730_WEC_BANC_to_ba,20000000.0,0.0,0.0,0,168
SUB_HIFLD_731,SUB_HIFLD_2785,meso_SUB_HIFLD_731_SUB_HIFLD_2785_rev,60000000.0,134916.41892706178,6830137.926374643,0,168
SUB_HIFLD_731,SUB_HIFLD_728,meso_SUB_HIFLD_731_SUB_HIFLD_728_rev,60000000.0,0.0,0.0,0,168
SUB_HIFLD_731,SUB_HIFLD_732,meso_SUB_HIFLD_731_SUB_HIFLD_732_fwd,60000000.0,150381.31361248757,8370507.2147330055,0,168
SUB_HIFLD_731,SUB_HIFLD_757,meso_SUB_HIFLD_731_SUB_HIFLD_757_fwd,60000000.0,0.0,0.0,0,168
SUB_HIFLD_732,SUB_HIFLD_4359,meso_SUB_HIFLD_732_SUB_HIFLD_4359_rev,60000000.0,0.0,0.0,0,168
SUB_HIFLD_732,SUB_HIFLD_724,meso_SUB_HIFLD_732_SUB_HIFLD_724_rev,60000000.0,373193.9487616455,3504123.6798787853,0,168
SUB_HIFLD_732,SUB_HIFLD_731,meso_SUB_HIFLD_732_SUB_HIFLD_731_rev,60000000.0,0.0,0.0,0,168
SUB_HIFLD_733,SUB_HIFLD_4028,meso_SUB_HIFLD_733_SUB_HIFLD_4028_rev,60000000.0,0.0,0.0,0,168
SUB_HIFLD_733,SUB_HIFLD_674,meso_SUB_HIFLD_733_SUB_HIFLD_674_rev,60000000.0,4592903.280991211,24734953.00852099,0,168
SUB_HIFLD_733,SUB_HIFLD_746,meso_SUB_HIFLD_733_SUB_HIFLD_746_fwd,60000000.0,21041063.033172097,37204147.08847319,0,168
SUB_HIFLD_734,SUB_HIFLD_4013,meso_SUB_HIFLD_734_SUB_HIFLD_4013_rev,60000000.0,0.0,0.0,0,168
SUB_HIFLD_734,SUB_HIFLD_675,meso_SUB_HIFLD_734_SUB_HIFLD_675_rev,60000000.0,0.0,0.0,0,168
SUB_HIFLD_734,SUB_HIFLD_772,meso_SUB_HIFLD_734_SUB_HIFLD_772_fwd,60000000.0,3069438.387923975,6610618.41827078,0,168
SUB_HIFLD_735,SUB_HIFLD_3497,meso_SUB_HIFLD_735_SUB_HIFLD_3497_rev,60000000.0,0.0,0.0,0,168
SUB_HIFLD_735,SUB_HIFLD_3412,meso_SUB_HIFLD_735_SUB_HIFLD_3412_rev,9889113.485996455,5080777.0780564295,8983670.720365858,0,168
SUB_HIFLD_736,SUB_HIFLD_721,meso_SUB_HIFLD_736_SUB_HIFLD_721_rev,400000000.0,8189839.330336788,58457190.194395,0,168
SUB_HIFLD_736,SUB_HIFLD_758,meso_SUB_HIFLD_736_SUB_HIFLD_758_fwd,60000000.0,0.0,0.0,0,168
SUB_HIFLD_736,SUB_HIFLD_786,meso_SUB_HIFLD_736_SUB_HIFLD_786_fwd,400000000.0,0.0,0.0,0,168
SUB_HIFLD_736,SUB_HIFLD_1380,meso_SUB_HIFLD_736_SUB_HIFLD_1380_rev,400000000.0,0.0,0.0,0,168
SUB_HIFLD_736,SUB_HIFLD_1382,meso_SUB_HIFLD_736_SUB_HIFLD_1382_rev,400000000.0,0.0,0.0,0,168
SUB_HIFLD_736,SUB_HIFLD_3121,meso_SUB_HIFLD_736_SUB_HIFLD_3121_rev,400000000.0,0.0,0.0,0,168
SUB_HIFLD_736,SUB_HIFLD_4083,meso_SUB_HIFLD_736_SUB_HIFLD_4083_rev,400000000.0,3034337.850373689,52606537.71364178,0,168
SUB_HIFLD_736,SUB_HIFLD_691,meso_SUB_HIFLD_736_SUB_HIFLD_691_rev,400000000.0,0.0,0.0,0,168
SUB_HIFLD_736,SUB_HIFLD_753,meso_SUB_HIFLD_736_SUB_HIFLD_753_fwd,80000000.0,44038.47519767361,661430.0442725113,0,168
SUB_HIFLD_736,WEC_BANC,iface_SUB_HIFLD_736_WEC_BANC_to_ba,20000000.0,0.0,0.0,0,168
SUB_HIFLD_737,SUB_HIFLD_2736,meso_SUB_HIFLD_737_SUB_HIFLD_2736_rev,60000000.0,0.0,0.0,0,168
SUB_HIFLD_737,SUB_HIFLD_766,meso_SUB_HIFLD_737_SUB_HIFLD_766_fwd,60000000.0,0.0,0.0,0,168
SUB_HIFLD_738,SUB_06246,meso_SUB_HIFLD_738_SUB_06246_rev,300000000.0,0.0,0.0,0,168
SUB_HIFLD_738,SUB_HIFLD_607,meso_SUB_HIFLD_738_SUB_HIFLD_607_rev,150000000.0,558760.8449895108,24775344.91879457,0,168
SUB_HIFLD_738,SUB_HIFLD_612,meso_SUB_HIFLD_738_SUB_HIFLD_612_rev,60000000.0,1347.3754521863357,29958.36758844175,0,168
SUB_HIFLD_738,SUB_HIFLD_691,meso_SUB_HIFLD_738_SUB_HIFLD_691_rev,400000000.0,0.0,0.0,0,168
SUB_HIFLD_738,SUB_HIFLD_714,meso_SUB_HIFLD_738_SUB_HIFLD_714_rev,150000000.0,26110558.726805136,48042725.93646246,0,168
SUB_HIFLD_738,SUB_HIFLD_786,meso_SUB_HIFLD_738_SUB_HIFLD_786_fwd,400000000.0,0.0,0.0,0,168
SUB_HIFLD_738,WEC_BANC,iface_SUB_HIFLD_738_WEC_BANC_to_ba,20000000.0,0.0,0.0,0,168
SUB_HIFLD_739,SUB_HIFLD_2890,meso_SUB_HIFLD_739_SUB_HIFLD_2890_rev,60000000.0,48329761.864138044,60000000.0,44,168
SUB_HIFLD_739,SUB_HIFLD_696,meso_SUB_HIFLD_739_SUB_HIFLD_696_rev,80000000.0,0.0,0.0,0,168
SUB_HIFLD_740,SUB_HIFLD_3125,meso_SUB_HIFLD_740_SUB_HIFLD_3125_rev,60000000.0,2189436.5302541414,5135955.749511719,0,168
SUB_HIFLD_740,SUB_HIFLD_660,meso_SUB_HIFLD_740_SUB_HIFLD_660_rev,60000000.0,559.7673096841728,22417.42635510631,0,168
SUB_HIFLD_741,SUB_HIFLD_2660,meso_SUB_HIFLD_741_SUB_HIFLD_2660_rev,60000000.0,4813729.131704177,20502193.713305008,0,168
SUB_HIFLD_741,SUB_HIFLD_3112,meso_SUB_HIFLD_741_SUB_HIFLD_3112_rev,60000000.0,0.0,0.0,0,168
SUB_HIFLD_741,SUB_HIFLD_742,meso_SUB_HIFLD_741_SUB_HIFLD_742_fwd,60000000.0,0.0,0.0,0,168
SUB_HIFLD_741,SUB_HIFLD_3136,meso_SUB_HIFLD_741_SUB_HIFLD_3136_rev,160000000.0,0.0,0.0,0,168
SUB_HIFLD_742,SUB_HIFLD_1367,meso_SUB_HIFLD_742_SUB_HIFLD_1367_rev,60000000.0,3686.5263141272035,6518.34840437015,0,168
SUB_HIFLD_742,SUB_HIFLD_2646,meso_SUB_HIFLD_742_SUB_HIFLD_2646_rev,60000000.0,1711980.0374036215,3027069.3906803722,0,168
SUB_HIFLD_742,SUB_HIFLD_593,meso_SUB_HIFLD_742_SUB_HIFLD_593_rev,60000000.0,0.0,0.0,0,168
SUB_HIFLD_742,SUB_HIFLD_741,meso_SUB_HIFLD_742_SUB_HIFLD_741_rev,60000000.0,1346714.8260572348,9371177.08210488,0,168
SUB_HIFLD_744,SUB_HIFLD_659,meso_SUB_HIFLD_744_SUB_HIFLD_659_rev,60000000.0,0.0,0.0,0,168
SUB_HIFLD_744,SUB_HIFLD_780,meso_SUB_HIFLD_744_SUB_HIFLD_780_fwd,60000000.0,5308837.291655071,13680787.045193702,0,168
SUB_HIFLD_745,SUB_HIFLD_746,meso_SUB_HIFLD_745_SUB_HIFLD_746_fwd,60000000.0,0.0,0.0,0,168
SUB_HIFLD_746,SUB_HIFLD_733,meso_SUB_HIFLD_746_SUB_HIFLD_733_rev,60000000.0,0.0,0.0,0,168
SUB_HIFLD_746,SUB_HIFLD_745,meso_SUB_HIFLD_746_SUB_HIFLD_745_rev,60000000.0,3436956.95003459,6077119.39860865,0,168
SUB_HIFLD_746,SUB_HIFLD_763,meso_SUB_HIFLD_746_SUB_HIFLD_763_fwd,60000000.0,1556261.0806936603,2751731.8096357523,0,168
SUB_HIFLD_746,SUB_HIFLD_1378,meso_SUB_HIFLD_746_SUB_HIFLD_1378_rev,15709435.700035933,8122948.134829147,14362741.749557024,0,168
SUB_HIFLD_747,SUB_HIFLD_3497,meso_SUB_HIFLD_747_SUB_HIFLD_3497_rev,60000000.0,16062683.590193082,28401532.609378207,0,168
SUB_HIFLD_747,SUB_HIFLD_639,meso_SUB_HIFLD_747_SUB_HIFLD_639_rev,60000000.0,0.0,0.0,0,168
SUB_HIFLD_747,SUB_HIFLD_659,meso_SUB_HIFLD_747_SUB_HIFLD_659_rev,60000000.0,0.0,0.0,0,168
SUB_HIFLD_748,SUB_HIFLD_2743,meso_SUB_HIFLD_748_SUB_HIFLD_2743_rev,60000000.0,0.0,0.0,0,168
SUB_HIFLD_748,SUB_HIFLD_4341,meso_SUB_HIFLD_748_SUB_HIFLD_4341_rev,60000000.0,0.0,0.0,0,168
SUB_HIFLD_748,SUB_HIFLD_705,meso_SUB_HIFLD_748_SUB_HIFLD_705_rev,11658412.014160156,6025371.811795341,10653873.39795202,0,168
SUB_HIFLD_748,SUB_HIFLD_2980,meso_SUB_HIFLD_748_SUB_HIFLD_2980_rev,5829206.007080078,2966807.440325625,5245815.835539828,0,168
SUB_HIFLD_749,SUB_HIFLD_3483,meso_SUB_HIFLD_749_SUB_HIFLD_3483_rev,60000000.0,0.0,0.0,0,168
SUB_HIFLD_749,SUB_HIFLD_615,meso_SUB_HIFLD_749_SUB_HIFLD_615_rev,60000000.0,8135823.635101205,14385507.723972045,0,168
SUB_HIFLD_750,SUB_HIFLD_2711,meso_SUB_HIFLD_750_SUB_HIFLD_2711_rev,60000000.0,2149838.2952380665,3801276.5471468265,0,168
SUB_HIFLD_750,SUB_HIFLD_700,meso_SUB_HIFLD_750_SUB_HIFLD_700_rev,60000000.0,0.0,0.0,0,168
SUB_HIFLD_751,SUB_HIFLD_603,meso_SUB_HIFLD_751_SUB_HIFLD_603_rev,60000000.0,1332907.1977972526,11664858.872485671,0,168
SUB_HIFLD_751,SUB_HIFLD_678,meso_SUB_HIFLD_751_SUB_HIFLD_678_rev,60000000.0,0.0,0.0,0,168
SUB_HIFLD_751,SUB_HIFLD_3133,meso_SUB_HIFLD_751_SUB_HIFLD_3133_rev,7033085.1453567855,3539720.503770082,6258822.663297358,0,168
SUB_HIFLD_752,SUB_HIFLD_2726,meso_SUB_HIFLD_752_SUB_HIFLD_2726_rev,400000000.0,0.0,0.0,0,168
SUB_HIFLD_752,SUB_HIFLD_597,meso_SUB_HIFLD_752_SUB_HIFLD_597_rev,400000000.0,0.0,0.0,0,168
SUB_HIFLD_752,SUB_HIFLD_708,meso_SUB_HIFLD_752_SUB_HIFLD_708_rev,400000000.0,0.0,0.0,0,168
SUB_HIFLD_752,WEC_BANC,iface_SUB_HIFLD_752_WEC_BANC_to_ba,20000000.0,0.0,0.0,0,168
SUB_HIFLD_753,SUB_HIFLD_2759,meso_SUB_HIFLD_753_SUB_HIFLD_2759_rev,60000000.0,2328783.8608138924,11440265.993727852,0,168
SUB_HIFLD_753,SUB_HIFLD_721,meso_SUB_HIFLD_753_SUB_HIFLD_721_rev,60000000.0,20385098.975121267,45735195.86593628,0,168
SUB_HIFLD_753,SUB_HIFLD_1381,meso_SUB_HIFLD_753_SUB_HIFLD_1381_rev,80000000.0,0.0,0.0,0,168
SUB_HIFLD_753,SUB_HIFLD_736,meso_SUB_HIFLD_753_SUB_HIFLD_736_rev,80000000.0,226809.3815140123,13322216.387876531,0,168
SUB_HIFLD_754,SUB_HIFLD_1376,meso_SUB_HIFLD_754_SUB_HIFLD_1376_rev,60000000.0,0.0,0.0,0,168
SUB_HIFLD_755,SUB_HIFLD_2733,meso_SUB_HIFLD_755_SUB_HIFLD_2733_rev,60000000.0,8045956.077146314,14226606.577126121,0,168
SUB_HIFLD_755,SUB_HIFLD_4359,meso_SUB_HIFLD_755_SUB_HIFLD_4359_rev,60000000.0,19358900.178135138,29913922.11273064,0,168
SUB_HIFLD_755,SUB_HIFLD_701,meso_SUB_HIFLD_755_SUB_HIFLD_701_rev,60000000.0,7055962.3683976345,12002381.912703367,0,168
SUB_HIFLD_755,SUB_HIFLD_730,meso_SUB_HIFLD_755_SUB_HIFLD_730_rev,60000000.0,0.0,0.0,0,168
SUB_HIFLD_756,SUB_HIFLD_4192,meso_SUB_HIFLD_756_SUB_HIFLD_4192_rev,60000000.0,0.0,0.0,0,168
SUB_HIFLD_756,SUB_HIFLD_4178,meso_SUB_HIFLD_756_SUB_HIFLD_4178_rev,106965117.71702117,40416248.726923004,47464141.3269043,0,168
SUB_HIFLD_757,SUB_HIFLD_645,meso_SUB_HIFLD_757_SUB_HIFLD_645_rev,60000000.0,0.0,0.0,0,168
SUB_HIFLD_757,SUB_HIFLD_731,meso_SUB_HIFLD_757_SUB_HIFLD_731_rev,60000000.0,0.0,0.0,0,168
SUB_HIFLD_758,SUB_HIFLD_2777,meso_SUB_HIFLD_758_SUB_HIFLD_2777_rev,60000000.0,9623311.887662044,60000000.0,16,168
SUB_HIFLD_758,SUB_HIFLD_3137,meso_SUB_HIFLD_758_SUB_HIFLD_3137_rev,150000000.0,171436.45589162366,9595011.733749172,0,168
SUB_HIFLD_758,SUB_HIFLD_624,meso_SUB_HIFLD_758_SUB_HIFLD_624_rev,150000000.0,5250074.368383684,10104724.54582293,0,168
SUB_HIFLD_758,SUB_HIFLD_736,meso_SUB_HIFLD_758_SUB_HIFLD_736_rev,60000000.0,0.0,0.0,0,168
SUB_HIFLD_758,SUB_HIFLD_1380,meso_SUB_HIFLD_758_SUB_HIFLD_1380_rev,150000000.0,0.0,0.0,0,168
SUB_HIFLD_758,SUB_HIFLD_4083,meso_SUB_HIFLD_758_SUB_HIFLD_4083_rev,80000000.0,28996198.085477512,56820735.79024902,0,168
SUB_HIFLD_758,SUB_HIFLD_691,meso_SUB_HIFLD_758_SUB_HIFLD_691_rev,800000000.0,9681.073582447878,1626420.3618512435,0,168
SUB_HIFLD_758,SUB_HIFLD_761,meso_SUB_HIFLD_758_SUB_HIFLD_761_fwd,150000000.0,120538.56049735515,8815954.338152384,0,168
SUB_HIFLD_759,SUB_HIFLD_725,meso_SUB_HIFLD_759_SUB_HIFLD_725_rev,400000000.0,0.0,0.0,0,168
SUB_HIFLD_759,SUB_HIFLD_762,meso_SUB_HIFLD_759_SUB_HIFLD_762_fwd,400000000.0,0.0,0.0,0,168
SUB_HIFLD_759,WEC_BANC,iface_SUB_HIFLD_759_WEC_BANC_to_ba,400000000.0,0.0,0.0,0,168
SUB_HIFLD_760,SUB_HIFLD_1285,meso_SUB_HIFLD_760_SUB_HIFLD_1285_rev,150000000.0,148790752.97622222,150000000.0,161,168
SUB_HIFLD_760,SUB_HIFLD_311,meso_SUB_HIFLD_760_SUB_HIFLD_311_rev,150000000.0,5358060.02562207,27105951.9106555,0,168
SUB_HIFLD_760,SUB_HIFLD_3252,meso_SUB_HIFLD_760_SUB_HIFLD_3252_rev,60000000.0,1859.6751115224968,107808.37265486571,0,168
SUB_HIFLD_760,SUB_HIFLD_307,meso_SUB_HIFLD_760_SUB_HIFLD_307_rev,150000000.0,0.0,0.0,0,168
SUB_HIFLD_760,SUB_HIFLD_3240,meso_SUB_HIFLD_760_SUB_HIFLD_3240_rev,150000000.0,69927607.1356972,150000000.0,11,168
SUB_HIFLD_761,SUB_HIFLD_3137,meso_SUB_HIFLD_761_SUB_HIFLD_3137_rev,400000000.0,0.0,0.0,0,168
SUB_HIFLD_761,SUB_HIFLD_725,meso_SUB_HIFLD_761_SUB_HIFLD_725_rev,400000000.0,0.0,0.0,0,168
SUB_HIFLD_761,SUB_HIFLD_1380,meso_SUB_HIFLD_761_SUB_HIFLD_1380_rev,150000000.0,0.0,0.0,0,168
SUB_HIFLD_761,SUB_HIFLD_722,meso_SUB_HIFLD_761_SUB_HIFLD_722_rev,300000000.0,1670062.666293567,10455660.475898033,0,168
SUB_HIFLD_761,SUB_HIFLD_758,meso_SUB_HIFLD_761_SUB_HIFLD_758_rev,150000000.0,0.0,0.0,0,168
SUB_HIFLD_761,SUB_HIFLD_762,meso_SUB_HIFLD_761_SUB_HIFLD_762_fwd,400000000.0,0.0,0.0,0,168
SUB_HIFLD_761,WEC_BANC,iface_SUB_HIFLD_761_WEC_BANC_to_ba,20000000.0,0.0,0.0,0,168
SUB_HIFLD_762,SUB_HIFLD_3137,meso_SUB_HIFLD_762_SUB_HIFLD_3137_rev,400000000.0,0.0,0.0,0,168
SUB_HIFLD_762,SUB_HIFLD_759,meso_SUB_HIFLD_762_SUB_HIFLD_759_rev,400000000.0,0.0,0.0,0,168
SUB_HIFLD_762,SUB_HIFLD_761,meso_SUB_HIFLD_762_SUB_HIFLD_761_rev,400000000.0,0.0,0.0,0,168
SUB_HIFLD_762,WEC_BANC,iface_SUB_HIFLD_762_WEC_BANC_to_ba,20000000.0,0.0,0.0,0,168
SUB_HIFLD_763,SUB_HIFLD_746,meso_SUB_HIFLD_763_SUB_HIFLD_746_rev,60000000.0,0.0,0.0,0,168
SUB_HIFLD_764,SUB_HIFLD_3132,meso_SUB_HIFLD_764_SUB_HIFLD_3132_rev,60000000.0,4406254.844052789,9408376.990865732,0,168
SUB_HIFLD_764,SUB_HIFLD_3329,meso_SUB_HIFLD_764_SUB_HIFLD_3329_rev,60000000.0,0.0,0.0,0,168
SUB_HIFLD_765,SUB_HIFLD_3460,meso_SUB_HIFLD_765_SUB_HIFLD_3460_rev,60000000.0,0.0,0.0,0,168
SUB_HIFLD_765,SUB_HIFLD_629,meso_SUB_HIFLD_765_SUB_HIFLD_629_rev,60000000.0,0.0,0.0,0,168
SUB_HIFLD_766,SUB_HIFLD_730,meso_SUB_HIFLD_766_SUB_HIFLD_730_rev,60000000.0,0.0,0.0,0,168
SUB_HIFLD_766,SUB_HIFLD_737,meso_SUB_HIFLD_766_SUB_HIFLD_737_rev,60000000.0,5907353.980130405,10445198.137735583,0,168
SUB_HIFLD_766,SUB_HIFLD_697,meso_SUB_HIFLD_766_SUB_HIFLD_697_rev,80000000.0,4223607.640601164,7278514.240697487,0,168
SUB_HIFLD_767,SUB_HIFLD_4276,meso_SUB_HIFLD_767_SUB_HIFLD_4276_rev,60000000.0,0.0,0.0,0,168
SUB_HIFLD_767,SUB_HIFLD_715,meso_SUB_HIFLD_767_SUB_HIFLD_715_rev,60000000.0,0.0,0.0,0,168
SUB_HIFLD_768,SUB_HIFLD_785,meso_SUB_HIFLD_768_SUB_HIFLD_785_fwd,11292513.548880812,0.0,0.0,0,168
SUB_HIFLD_769,SUB_HIFLD_614,meso_SUB_HIFLD_769_SUB_HIFLD_614_rev,60000000.0,5424716.97259078,9591813.801244361,0,168
SUB_HIFLD_769,SUB_HIFLD_730,meso_SUB_HIFLD_769_SUB_HIFLD_730_rev,60000000.0,0.0,0.0,0,168
SUB_HIFLD_770,SUB_HIFLD_2725,meso_SUB_HIFLD_770_SUB_HIFLD_2725_rev,60000000.0,0.0,0.0,0,168
SUB_HIFLD_771,SUB_HIFLD_1367,meso_SUB_HIFLD_771_SUB_HIFLD_1367_rev,60000000.0,0.0,0.0,0,168
SUB_HIFLD_772,SUB_HIFLD_4377,meso_SUB_HIFLD_772_SUB_HIFLD_4377_rev,60000000.0,0.0,0.0,0,168
SUB_HIFLD_772,SUB_HIFLD_734,meso_SUB_HIFLD_772_SUB_HIFLD_734_rev,60000000.0,0.0,0.0,0,168
SUB_HIFLD_773,SUB_HIFLD_4100,meso_SUB_HIFLD_773_SUB_HIFLD_4100_rev,60000000.0,0.0,0.0,0,168
SUB_HIFLD_773,SUB_HIFLD_4274,meso_SUB_HIFLD_773_SUB_HIFLD_4274_rev,60000000.0,4990897.850704067,15636313.775186522,0,168
SUB_HIFLD_774,SUB_HIFLD_2826,meso_SUB_HIFLD_774_SUB_HIFLD_2826_rev,60000000.0,3335412.202295152,7028400.462006359,0,168
SUB_HIFLD_774,SUB_HIFLD_2905,meso_SUB_HIFLD_774_SUB_HIFLD_2905_rev,60000000.0,6845384.058449926,15859614.102905544,0,168
SUB_HIFLD_774,SUB_HIFLD_782,meso_SUB_HIFLD_774_SUB_HIFLD_782_fwd,60000000.0,0.0,0.0,0,168
SUB_HIFLD_776,SUB_HIFLD_3325,meso_SUB_HIFLD_776_SUB_HIFLD_3325_rev,60000000.0,13060214.511298742,23293550.48406596,0,168
SUB_HIFLD_776,SUB_HIFLD_658,meso_SUB_HIFLD_776_SUB_HIFLD_658_rev,60000000.0,0.0,0.0,0,168
SUB_HIFLD_777,SUB_HIFLD_4100,meso_SUB_HIFLD_777_SUB_HIFLD_4100_fwd,10410370.026397744,0.0,0.0,0,168
SUB_HIFLD_778,SUB_HIFLD_520,meso_SUB_HIFLD_778_SUB_HIFLD_520_rev,60000000.0,3541180.395106469,7372185.9017598275,0,168
SUB_HIFLD_778,SUB_HIFLD_606,meso_SUB_HIFLD_778_SUB_HIFLD_606_rev,60000000.0,0.0,0.0,0,168
SUB_HIFLD_778,SUB_HIFLD_730,meso_SUB_HIFLD_778_SUB_HIFLD_730_rev,80000000.0,0.0,0.0,0,168
SUB_HIFLD_779,SUB_HIFLD_3312,meso_SUB_HIFLD_779_SUB_HIFLD_3312_rev,60000000.0,0.0,0.0,0,168
SUB_HIFLD_779,SUB_HIFLD_646,meso_SUB_HIFLD_779_SUB_HIFLD_646_rev,60000000.0,0.0,0.0,0,168
SUB_HIFLD_779,SUB_HIFLD_780,meso_SUB_HIFLD_779_SUB_HIFLD_780_fwd,60000000.0,2428426.458075709,12518362.206527866,0,168
SUB_HIFLD_780,SUB_HIFLD_744,meso_SUB_HIFLD_780_SUB_HIFLD_744_rev,60000000.0,0.0,0.0,0,168
SUB_HIFLD_780,SUB_HIFLD_779,meso_SUB_HIFLD_780_SUB_HIFLD_779_rev,60000000.0,0.0,0.0,0,168
SUB_HIFLD_781,SUB_HIFLD_2743,meso_SUB_HIFLD_781_SUB_HIFLD_2743_rev,60000000.0,0.0,0.0,0,168
SUB_HIFLD_781,SUB_HIFLD_663,meso_SUB_HIFLD_781_SUB_HIFLD_663_rev,60000000.0,0.0,0.0,0,168
SUB_HIFLD_782,SUB_HIFLD_1382,meso_SUB_HIFLD_782_SUB_HIFLD_1382_rev,60000000.0,0.0,0.0,0,168
SUB_HIFLD_782,SUB_HIFLD_2828,meso_SUB_HIFLD_782_SUB_HIFLD_2828_rev,60000000.0,8188375.9616652755,34136534.89880662,0,168
SUB_HIFLD_782,SUB_HIFLD_2991,meso_SUB_HIFLD_782_SUB_HIFLD_2991_rev,60000000.0,2853450.2672692635,5045381.337588595,0,168
SUB_HIFLD_782,SUB_HIFLD_3142,meso_SUB_HIFLD_782_SUB_HIFLD_3142_rev,60000000.0,7205440.283909711,16796449.087713998,0,168
SUB_HIFLD_782,SUB_HIFLD_3143,meso_SUB_HIFLD_782_SUB_HIFLD_3143_rev,60000000.0,0.0,0.0,0,168
SUB_HIFLD_782,SUB_HIFLD_622,meso_SUB_HIFLD_782_SUB_HIFLD_622_rev,60000000.0,8804546.891419865,15567923.005094234,0,168
SUB_HIFLD_782,SUB_HIFLD_774,meso_SUB_HIFLD_782_SUB_HIFLD_774_rev,60000000.0,10495666.2481908,23595891.30403289,0,168
SUB_HIFLD_782,SUB_HIFLD_691,meso_SUB_HIFLD_782_SUB_HIFLD_691_rev,800000000.0,0.0,0.0,0,168
SUB_HIFLD_783,SUB_HIFLD_2660,meso_SUB_HIFLD_783_SUB_HIFLD_2660_rev,60000000.0,0.0,0.0,0,168
SUB_HIFLD_783,SUB_HIFLD_3483,meso_SUB_HIFLD_783_SUB_HIFLD_3483_rev,60000000.0,0.0,0.0,0,168
SUB_HIFLD_783,SUB_HIFLD_594,meso_SUB_HIFLD_783_SUB_HIFLD_594_rev,60000000.0,9419042.07309839,17016005.204572182,0,168
SUB_HIFLD_784,SUB_HIFLD_1367,meso_SUB_HIFLD_784_SUB_HIFLD_1367_rev,60000000.0,0.0,0.0,0,168
SUB_HIFLD_784,SUB_HIFLD_3460,meso_SUB_HIFLD_784_SUB_HIFLD_3460_rev,60000000.0,0.0,0.0,0,168
SUB_HIFLD_784,SUB_HIFLD_629,meso_SUB_HIFLD_784_SUB_HIFLD_629_rev,60000000.0,0.0,0.0,0,168
SUB_HIFLD_784,SUB_HIFLD_654,meso_SUB_HIFLD_784_SUB_HIFLD_654_rev,60000000.0,6748632.025385957,11932719.169735894,0,168
SUB_HIFLD_785,SUB_HIFLD_4157,meso_SUB_HIFLD_785_SUB_HIFLD_4157_rev,60000000.0,10750301.02421558,21409451.547074493,0,168
SUB_HIFLD_785,SUB_HIFLD_629,meso_SUB_HIFLD_785_SUB_HIFLD_629_rev,60000000.0,0.0,0.0,0,168
SUB_HIFLD_785,SUB_HIFLD_703,meso_SUB_HIFLD_785_SUB_HIFLD_703_rev,60000000.0,6675925.985259814,12672763.124770625,0,168
SUB_HIFLD_785,SUB_HIFLD_768,meso_SUB_HIFLD_785_SUB_HIFLD_768_rev,11292513.548880812,5489370.046249487,9706131.893826514,0,168
SUB_HIFLD_786,SUB_HIFLD_1380,meso_SUB_HIFLD_786_SUB_HIFLD_1380_rev,60000000.0,0.0,0.0,0,168
SUB_HIFLD_786,SUB_HIFLD_624,meso_SUB_HIFLD_786_SUB_HIFLD_624_rev,150000000.0,464722.35774761456,6083112.372627257,0,168
SUB_HIFLD_786,SUB_HIFLD_736,meso_SUB_HIFLD_786_SUB_HIFLD_736_rev,400000000.0,0.0,0.0,0,168
SUB_HIFLD_786,SUB_HIFLD_738,meso_SUB_HIFLD_786_SUB_HIFLD_738_rev,400000000.0,0.0,0.0,0,168
SUB_HIFLD_786,WEC_BANC,iface_SUB_HIFLD_786_WEC_BANC_to_ba,20000000.0,0.0,0.0,0,168
SUB_HIFLD_791,SUB_HIFLD_2481,meso_SUB_HIFLD_791_SUB_HIFLD_2481_rev,1650000000.0,0.0,0.0,0,168
SUB_HIFLD_791,SUB_HIFLD_3414,meso_SUB_HIFLD_791_SUB_HIFLD_3414_rev,150000000.0,0.0,0.0,0,168
SUB_HIFLD_791,SUB_HIFLD_4238,meso_SUB_HIFLD_791_SUB_HIFLD_4238_rev,400000000.0,8437340.842955375,78154298.37902471,0,168
SUB_HIFLD_791,SUB_HIFLD_838,meso_SUB_HIFLD_791_SUB_HIFLD_838_fwd,1500000000.0,57483417.99620754,973484734.143557,0,168
SUB_HIFLD_791,SUB_HIFLD_869,meso_SUB_HIFLD_791_SUB_HIFLD_869_fwd,210000000.0,115790533.58446862,210000000.0,78,168
SUB_HIFLD_791,SUB_HIFLD_495,meso_SUB_HIFLD_791_SUB_HIFLD_495_rev,1500000000.0,7344926.362927152,214528541.48885566,0,168
SUB_HIFLD_791,SUB_HIFLD_498,meso_SUB_HIFLD_791_SUB_HIFLD_498_rev,400000000.0,58246317.06724419,181044014.6575892,0,168
SUB_HIFLD_791,WEC_LADW,iface_SUB_HIFLD_791_WEC_LADW_to_ba,3190000000.0,0.0,0.0,0,168
SUB_HIFLD_792,SUB_HIFLD_793,meso_SUB_HIFLD_792_SUB_HIFLD_793_fwd,5000000.0,0.0,0.0,0,168
SUB_HIFLD_793,SUB_HIFLD_1446,meso_SUB_HIFLD_793_SUB_HIFLD_1446_rev,400000000.0,0.0,0.0,0,168
SUB_HIFLD_793,SUB_HIFLD_836,meso_SUB_HIFLD_793_SUB_HIFLD_836_fwd,80000000.0,2506.669479430044,11999.364243340246,0,168
SUB_HIFLD_793,SUB_HIFLD_792,meso_SUB_HIFLD_793_SUB_HIFLD_792_rev,5000000.0,0.0,0.0,0,168
SUB_HIFLD_793,WECC_SCE,iface_SUB_HIFLD_793_WECC_SCE_to_ba,6330494462.042816,2805315.0945891,46216525.37233826,0,168
SUB_HIFLD_795,SUB_HIFLD_2783,meso_SUB_HIFLD_795_SUB_HIFLD_2783_rev,80000000.0,0.0,0.0,0,168
SUB_HIFLD_796,SUB_HIFLD_2559,meso_SUB_HIFLD_796_SUB_HIFLD_2559_rev,80000000.0,0.0,0.0,0,168
SUB_HIFLD_796,SUB_HIFLD_3666,meso_SUB_HIFLD_796_SUB_HIFLD_3666_rev,80000000.0,3769552.1662021037,35463613.794863276,0,168
SUB_HIFLD_796,SUB_HIFLD_3060,meso_SUB_HIFLD_796_SUB_HIFLD_3060_rev,80000000.0,0.0,0.0,0,168
SUB_HIFLD_796,SUB_HIFLD_852,meso_SUB_HIFLD_796_SUB_HIFLD_852_fwd,80000000.0,27917920.915890172,41910928.95674273,0,168
SUB_HIFLD_797,SUB_HIFLD_3659,meso_SUB_HIFLD_797_SUB_HIFLD_3659_rev,80000000.0,0.0,0.0,0,168
SUB_HIFLD_798,SUB_HIFLD_2824,meso_SUB_HIFLD_798_SUB_HIFLD_2824_rev,150000000.0,0.0,0.0,0,168
SUB_HIFLD_799,SUB_HIFLD_2824,meso_SUB_HIFLD_799_SUB_HIFLD_2824_rev,150000000.0,34720632.64693848,52502734.354241945,0,168
SUB_HIFLD_799,SUB_HIFLD_3574,meso_SUB_HIFLD_799_SUB_HIFLD_3574_rev,150000000.0,0.0,0.0,0,168
SUB_HIFLD_799,SUB_HIFLD_4252,meso_SUB_HIFLD_799_SUB_HIFLD_4252_rev,150000000.0,3771050.4109273404,81541153.88163792,0,168
SUB_HIFLD_799,SUB_HIFLD_829,meso_SUB_HIFLD_799_SUB_HIFLD_829_fwd,150000000.0,16710290.588768428,22718114.4793009,0,168
SUB_HIFLD_799,SUB_HIFLD_869,meso_SUB_HIFLD_799_SUB_HIFLD_869_fwd,150000000.0,0.0,0.0,0,168
SUB_HIFLD_800,SUB_HIFLD_2904,meso_SUB_HIFLD_800_SUB_HIFLD_2904_rev,80000000.0,0.0,0.0,0,168
SUB_HIFLD_800,SUB_HIFLD_4400,meso_SUB_HIFLD_800_SUB_HIFLD_4400_rev,80000000.0,1966458.8891589688,27743077.93143499,0,168
SUB_HIFLD_800,SUB_HIFLD_4434,meso_SUB_HIFLD_800_SUB_HIFLD_4434_rev,80000000.0,0.0,0.0,0,168
SUB_HIFLD_800,SUB_HIFLD_811,meso_SUB_HIFLD_800_SUB_HIFLD_811_fwd,80000000.0,0.0,0.0,0,168
SUB_HIFLD_800,SUB_HIFLD_822,meso_SUB_HIFLD_800_SUB_HIFLD_822_fwd,80000000.0,23916183.666452054,33160683.956650402,0,168
SUB_HIFLD_800,SUB_HIFLD_841,meso_SUB_HIFLD_800_SUB_HIFLD_841_fwd,80000000.0,0.0,0.0,0,168
SUB_HIFLD_801,SUB_HIFLD_3682,meso_SUB_HIFLD_801_SUB_HIFLD_3682_rev,80000000.0,0.0,0.0,0,168
SUB_HIFLD_801,SUB_HIFLD_4314,meso_SUB_HIFLD_801_SUB_HIFLD_4314_rev,80000000.0,0.0,0.0,0,168
SUB_HIFLD_801,SUB_HIFLD_827,meso_SUB_HIFLD_801_SUB_HIFLD_827_fwd,80000000.0,0.0,0.0,0,168
SUB_HIFLD_801,SUB_HIFLD_2673,meso_SUB_HIFLD_801_SUB_HIFLD_2673_rev,5000000.0,0.0,0.0,0,168
SUB_HIFLD_801,SUB_HIFLD_3341,meso_SUB_HIFLD_801_SUB_HIFLD_3341_rev,5000000.0,0.0,0.0,0,168
SUB_HIFLD_802,SUB_HIFLD_3668,meso_SUB_HIFLD_802_SUB_HIFLD_3668_rev,80000000.0,0.0,0.0,0,168
SUB_HIFLD_802,SUB_HIFLD_3670,meso_SUB_HIFLD_802_SUB_HIFLD_3670_rev,80000000.0,0.0,0.0,0,168
SUB_HIFLD_803,SUB_HIFLD_1461,meso_SUB_HIFLD_803_SUB_HIFLD_1461_rev,150000000.0,0.0,0.0,0,168
SUB_HIFLD_803,SUB_HIFLD_3657,meso_SUB_HIFLD_803_SUB_HIFLD_3657_rev,60000000.0,5178.851500011626,290016.0934448242,0,168
SUB_HIFLD_803,SUB_HIFLD_820,meso_SUB_HIFLD_803_SUB_HIFLD_820_fwd,150000000.0,0.0,0.0,0,168
SUB_HIFLD_803,SUB_HIFLD_3574,meso_SUB_HIFLD_803_SUB_HIFLD_3574_rev,150000000.0,0.0,0.0,0,168
SUB_HIFLD_804,SUB_HIFLD_3449,meso_SUB_HIFLD_804_SUB_HIFLD_3449_rev,1500000000.0,20111894.57567425,247029487.25759527,0,168
SUB_HIFLD_804,SUB_HIFLD_842,meso_SUB_HIFLD_804_SUB_HIFLD_842_fwd,1650000000.0,0.0,0.0,0,168
SUB_HIFLD_804,SUB_HIFLD_821,meso_SUB_HIFLD_804_SUB_HIFLD_821_fwd,150000000.0,0.0,0.0,0,168
SUB_HIFLD_804,WECC_SCE,iface_SUB_HIFLD_804_WECC_SCE_to_ba,113551470.17117159,470395.78107360145,24956697.52443292,0,168
SUB_HIFLD_805,SUB_HIFLD_1013,meso_SUB_HIFLD_805_SUB_HIFLD_1013_rev,80000000.0,0.0,0.0,0,168
SUB_HIFLD_805,SUB_HIFLD_4050,meso_SUB_HIFLD_805_SUB_HIFLD_4050_rev,80000000.0,14577.386545625382,2449000.939665064,0,168
SUB_HIFLD_805,SUB_HIFLD_4170,meso_SUB_HIFLD_805_SUB_HIFLD_4170_rev,80000000.0,0.0,0.0,0,168
SUB_HIFLD_805,SUB_HIFLD_3659,meso_SUB_HIFLD_805_SUB_HIFLD_3659_rev,80000000.0,0.0,0.0,0,168
SUB_HIFLD_805,SUB_HIFLD_3664,meso_SUB_HIFLD_805_SUB_HIFLD_3664_rev,80000000.0,2110504.10345254,66804123.711340204,0,168
SUB_HIFLD_805,SUB_HIFLD_567,meso_SUB_HIFLD_805_SUB_HIFLD_567_rev,160000000.0,970898.4147250524,28775545.859372914,0,168
SUB_HIFLD_805,SUB_HIFLD_814,meso_SUB_HIFLD_805_SUB_HIFLD_814_fwd,80000000.0,0.0,0.0,0,168
SUB_HIFLD_805,SUB_HIFLD_818,meso_SUB_HIFLD_805_SUB_HIFLD_818_fwd,80000000.0,20375714.49001592,32554700.0845683,0,168
SUB_HIFLD_805,SUB_HIFLD_4208,meso_SUB_HIFLD_805_SUB_HIFLD_4208_rev,5000000.0,0.0,0.0,0,168
SUB_HIFLD_806,SUB_HIFLD_1611,meso_SUB_HIFLD_806_SUB_HIFLD_1611_rev,80000000.0,1228462.5815688702,3678804.566688144,0,168
SUB_HIFLD_806,SUB_HIFLD_4442,meso_SUB_HIFLD_806_SUB_HIFLD_4442_rev,80000000.0,0.0,0.0,0,168
SUB_HIFLD_806,SUB_HIFLD_3361,meso_SUB_HIFLD_806_SUB_HIFLD_3361_rev,5000000.0,0.0,0.0,0,168
SUB_HIFLD_807,SUB_HIFLD_3669,meso_SUB_HIFLD_807_SUB_HIFLD_3669_rev,150000000.0,6186117.67936935,7447532.92123067,0,168
SUB_HIFLD_807,SUB_HIFLD_4252,meso_SUB_HIFLD_807_SUB_HIFLD_4252_rev,150000000.0,0.0,0.0,0,168
SUB_HIFLD_807,SUB_HIFLD_809,meso_SUB_HIFLD_807_SUB_HIFLD_809_fwd,80000000.0,32146119.893857554,63767104.459005766,0,168
SUB_HIFLD_807,SUB_HIFLD_814,meso_SUB_HIFLD_807_SUB_HIFLD_814_fwd,150000000.0,0.0,0.0,0,168
SUB_HIFLD_807,SUB_HIFLD_832,meso_SUB_HIFLD_807_SUB_HIFLD_832_fwd,150000000.0,0.0,0.0,0,168
SUB_HIFLD_807,SUB_HIFLD_846,meso_SUB_HIFLD_807_SUB_HIFLD_846_fwd,150000000.0,1725552.801916749,36296998.328769326,0,168
SUB_HIFLD_807,SUB_HIFLD_860,meso_SUB_HIFLD_807_SUB_HIFLD_860_fwd,150000000.0,0.0,0.0,0,168
SUB_HIFLD_807,SUB_HIFLD_1029,meso_SUB_HIFLD_807_SUB_HIFLD_1029_rev,300000000.0,67265.91418264469,11300673.582684308,0,168
SUB_HIFLD_807,SUB_HIFLD_150,meso_SUB_HIFLD_807_SUB_HIFLD_150_rev,60000000.0,0.0,0.0,0,168
SUB_HIFLD_807,SUB_HIFLD_3666,meso_SUB_HIFLD_807_SUB_HIFLD_3666_rev,60000000.0,0.0,0.0,0,168
SUB_HIFLD_807,SUB_HIFLD_870,meso_SUB_HIFLD_807_SUB_HIFLD_870_fwd,300000000.0,0.0,0.0,0,168
SUB_HIFLD_807,SUB_HIFLD_2593,meso_SUB_HIFLD_807_SUB_HIFLD_2593_rev,70950591.21153916,27086222.80872084,47317115.32068957,0,168
SUB_HIFLD_807,SUB_HIFLD_3403,meso_SUB_HIFLD_807_SUB_HIFLD_3403_rev,53640876.65047171,20326929.45781852,35509257.34215176,0,168
SUB_HIFLD_808,SUB_HIFLD_1467,meso_SUB_HIFLD_808_SUB_HIFLD_1467_rev,80000000.0,0.0,0.0,0,168
SUB_HIFLD_808,SUB_HIFLD_3439,meso_SUB_HIFLD_808_SUB_HIFLD_3439_rev,80000000.0,0.0,0.0,0,168
SUB_HIFLD_808,SUB_HIFLD_4004,meso_SUB_HIFLD_808_SUB_HIFLD_4004_rev,80000000.0,0.0,0.0,0,168
SUB_HIFLD_808,SUB_HIFLD_832,meso_SUB_HIFLD_808_SUB_HIFLD_832_fwd,80000000.0,179814.5070507381,689137.4136140001,0,168
SUB_HIFLD_809,SUB_HIFLD_3671,meso_SUB_HIFLD_809_SUB_HIFLD_3671_rev,80000000.0,0.0,0.0,0,168
SUB_HIFLD_809,SUB_HIFLD_807,meso_SUB_HIFLD_809_SUB_HIFLD_807_rev,80000000.0,0.0,0.0,0,168
SUB_HIFLD_809,SUB_HIFLD_819,meso_SUB_HIFLD_809_SUB_HIFLD_819_fwd,60000000.0,4065262.077476119,31066778.50153028,0,168
SUB_HIFLD_809,SUB_HIFLD_862,meso_SUB_HIFLD_809_SUB_HIFLD_862_rev,6185836.489822674,2507349.155624119,4033314.3096609213,0,168
SUB_HIFLD_809,SUB_HIFLD_3362,meso_SUB_HIFLD_809_SUB_HIFLD_3362_rev,5000000.0,0.0,0.0,0,168
SUB_HIFLD_810,SUB_HIFLD_2794,meso_SUB_HIFLD_810_SUB_HIFLD_2794_rev,150000000.0,0.0,0.0,0,168
SUB_HIFLD_810,SUB_HIFLD_2945,meso_SUB_HIFLD_810_SUB_HIFLD_2945_rev,150000000.0,42704.18557456018,2156573.4761118055,0,168
SUB_HIFLD_810,SUB_HIFLD_3222,meso_SUB_HIFLD_810_SUB_HIFLD_3222_rev,150000000.0,0.0,0.0,0,168
SUB_HIFLD_810,SUB_HIFLD_830,meso_SUB_HIFLD_810_SUB_HIFLD_830_fwd,150000000.0,11562.278195339031,1942462.7368169574,0,168
SUB_HIFLD_811,SUB_HIFLD_1679,meso_SUB_HIFLD_811_SUB_HIFLD_1679_rev,400000000.0,40369736.236395665,329702309.7475399,0,168
SUB_HIFLD_811,SUB_HIFLD_2833,meso_SUB_HIFLD_811_SUB_HIFLD_2833_rev,80000000.0,11803418.86721552,62851285.574425004,0,168
SUB_HIFLD_811,SUB_HIFLD_2935,meso_SUB_HIFLD_811_SUB_HIFLD_2935_rev,80000000.0,3406653.51073332,60672088.75908271,0,168
SUB_HIFLD_811,SUB_HIFLD_3061,meso_SUB_HIFLD_811_SUB_HIFLD_3061_rev,80000000.0,17886294.960168045,25930301.62693299,0,168
SUB_HIFLD_811,SUB_HIFLD_3916,meso_SUB_HIFLD_811_SUB_HIFLD_3916_rev,400000000.0,0.0,0.0,0,168
SUB_HIFLD_811,SUB_HIFLD_4434,meso_SUB_HIFLD_811_SUB_HIFLD_4434_rev,2300000000.0,0.0,0.0,0,168
SUB_HIFLD_811,SUB_HIFLD_800,meso_SUB_HIFLD_811_SUB_HIFLD_800_rev,80000000.0,0.0,0.0,0,168
SUB_HIFLD_811,SUB_HIFLD_841,meso_SUB_HIFLD_811_SUB_HIFLD_841_fwd,150000000.0,0.0,0.0,0,168
SUB_HIFLD_811,SUB_HIFLD_861,meso_SUB_HIFLD_811_SUB_HIFLD_861_fwd,400000000.0,28432032.7799834,109754652.05533527,0,168
SUB_HIFLD_811,SUB_HIFLD_1982,meso_SUB_HIFLD_811_SUB_HIFLD_1982_rev,400000000.0,24568981.41893386,289517743.0286586,0,168
SUB_HIFLD_811,SUB_HIFLD_3662,meso_SUB_HIFLD_811_SUB_HIFLD_3662_rev,400000000.0,0.0,0.0,0,168
SUB_HIFLD_811,SUB_HIFLD_843,meso_SUB_HIFLD_811_SUB_HIFLD_843_fwd,160000000.0,145896779.65688726,160000000.0,76,168
SUB_HIFLD_811,WECC_SCE,iface_SUB_HIFLD_811_WECC_SCE_to_ba,113551470.17117159,0.0,0.0,0,168
SUB_HIFLD_812,SUB_HIFLD_851,meso_SUB_HIFLD_812_SUB_HIFLD_851_fwd,1500000000.0,0.0,0.0,0,168
SUB_HIFLD_812,WECC_SCE,iface_SUB_HIFLD_812_WECC_SCE_to_ba,113551470.17117159,0.0,0.0,0,168
SUB_HIFLD_813,SUB_HIFLD_1471,meso_SUB_HIFLD_813_SUB_HIFLD_1471_rev,80000000.0,0.0,0.0,0,168
SUB_HIFLD_813,SUB_HIFLD_2935,meso_SUB_HIFLD_813_SUB_HIFLD_2935_rev,80000000.0,5182994.071752659,29152594.86552256,0,168
SUB_HIFLD_814,SUB_HIFLD_1014,meso_SUB_HIFLD_814_SUB_HIFLD_1014_rev,80000000.0,457016.43085178256,26007591.926837966,0,168
SUB_HIFLD_814,SUB_HIFLD_1015,meso_SUB_HIFLD_814_SUB_HIFLD_1015_rev,80000000.0,17536380.393164497,30634427.115843467,0,168
SUB_HIFLD_814,SUB_HIFLD_2684,meso_SUB_HIFLD_814_SUB_HIFLD_2684_rev,80000000.0,0.0,0.0,0,168
SUB_HIFLD_814,SUB_HIFLD_807,meso_SUB_HIFLD_814_SUB_HIFLD_807_rev,150000000.0,0.0,0.0,0,168
SUB_HIFLD_814,SUB_HIFLD_870,meso_SUB_HIFLD_814_SUB_HIFLD_870_fwd,150000000.0,0.0,0.0,0,168
SUB_HIFLD_814,SUB_HIFLD_1013,meso_SUB_HIFLD_814_SUB_HIFLD_1013_rev,80000000.0,0.0,0.0,0,168
SUB_HIFLD_814,SUB_HIFLD_150,meso_SUB_HIFLD_814_SUB_HIFLD_150_rev,80000000.0,0.0,0.0,0,168
SUB_HIFLD_814,SUB_HIFLD_3664,meso_SUB_HIFLD_814_SUB_HIFLD_3664_rev,80000000.0,28890748.217263717,80000000.0,1,168
SUB_HIFLD_814,SUB_HIFLD_805,meso_SUB_HIFLD_814_SUB_HIFLD_805_rev,80000000.0,2256447.023277674,51561639.27719274,0,168
SUB_HIFLD_815,SUB_HIFLD_1013,meso_SUB_HIFLD_815_SUB_HIFLD_1013_rev,80000000.0,0.0,0.0,0,168
SUB_HIFLD_815,SUB_HIFLD_2894,meso_SUB_HIFLD_815_SUB_HIFLD_2894_rev,80000000.0,0.0,0.0,0,168
SUB_HIFLD_815,SUB_HIFLD_3433,meso_SUB_HIFLD_815_SUB_HIFLD_3433_rev,80000000.0,0.0,0.0,0,168
SUB_HIFLD_817,SUB_HIFLD_2619,meso_SUB_HIFLD_817_SUB_HIFLD_2619_rev,80000000.0,0.0,0.0,0,168
SUB_HIFLD_817,SUB_HIFLD_2877,meso_SUB_HIFLD_817_SUB_HIFLD_2877_rev,80000000.0,0.0,0.0,0,168
SUB_HIFLD_817,SUB_HIFLD_4314,meso_SUB_HIFLD_817_SUB_HIFLD_4314_rev,80000000.0,0.0,0.0,0,168
SUB_HIFLD_817,SUB_HIFLD_827,meso_SUB_HIFLD_817_SUB_HIFLD_827_fwd,80000000.0,0.0,0.0,0,168
SUB_HIFLD_817,SUB_HIFLD_845,meso_SUB_HIFLD_817_SUB_HIFLD_845_fwd,80000000.0,0.0,0.0,0,168
SUB_HIFLD_818,SUB_HIFLD_3665,meso_SUB_HIFLD_818_SUB_HIFLD_3665_rev,80000000.0,0.0,0.0,0,168
SUB_HIFLD_818,SUB_HIFLD_4320,meso_SUB_HIFLD_818_SUB_HIFLD_4320_rev,80000000.0,0.0,0.0,0,168
SUB_HIFLD_818,SUB_HIFLD_826,meso_SUB_HIFLD_818_SUB_HIFLD_826_fwd,80000000.0,0.0,0.0,0,168
SUB_HIFLD_818,SUB_HIFLD_805,meso_SUB_HIFLD_818_SUB_HIFLD_805_rev,80000000.0,0.0,0.0,0,168
SUB_HIFLD_819,SUB_HIFLD_831,meso_SUB_HIFLD_819_SUB_HIFLD_831_fwd,80000000.0,0.0,0.0,0,168
SUB_HIFLD_819,SUB_HIFLD_809,meso_SUB_HIFLD_819_SUB_HIFLD_809_rev,60000000.0,0.0,0.0,0,168
SUB_HIFLD_820,SUB_HIFLD_803,meso_SUB_HIFLD_820_SUB_HIFLD_803_rev,150000000.0,2198876.9651149847,4942432.628513612,0,168
SUB_HIFLD_820,SUB_HIFLD_860,meso_SUB_HIFLD_820_SUB_HIFLD_860_fwd,150000000.0,102601123.03488502,104800000.0,0,168
SUB_HIFLD_821,SUB_HIFLD_1448,meso_SUB_HIFLD_821_SUB_HIFLD_1448_rev,150000000.0,0.0,0.0,0,168
SUB_HIFLD_821,SUB_HIFLD_804,meso_SUB_HIFLD_821_SUB_HIFLD_804_rev,150000000.0,0.0,0.0,0,168
SUB_HIFLD_822,SUB_HIFLD_2904,meso_SUB_HIFLD_822_SUB_HIFLD_2904_rev,80000000.0,0.0,0.0,0,168
SUB_HIFLD_822,SUB_HIFLD_4200,meso_SUB_HIFLD_822_SUB_HIFLD_4200_rev,80000000.0,735281.5612228779,5635841.994803013,0,168
SUB_HIFLD_822,SUB_HIFLD_1470,meso_SUB_HIFLD_822_SUB_HIFLD_1470_rev,80000000.0,0.0,0.0,0,168
SUB_HIFLD_822,SUB_HIFLD_800,meso_SUB_HIFLD_822_SUB_HIFLD_800_rev,80000000.0,0.0,0.0,0,168
SUB_HIFLD_823,SUB_HIFLD_4442,meso_SUB_HIFLD_823_SUB_HIFLD_4442_rev,80000000.0,1305625.0202666277,3909878.3788799485,0,168
SUB_HIFLD_823,SUB_HIFLD_843,meso_SUB_HIFLD_823_SUB_HIFLD_843_fwd,80000000.0,0.0,0.0,0,168
SUB_HIFLD_824,SUB_HIFLD_826,meso_SUB_HIFLD_824_SUB_HIFLD_826_fwd,80000000.0,0.0,0.0,0,168
SUB_HIFLD_825,SUB_HIFLD_2551,meso_SUB_HIFLD_825_SUB_HIFLD_2551_rev,150000000.0,0.0,0.0,0,168
SUB_HIFLD_825,SUB_HIFLD_3991,meso_SUB_HIFLD_825_SUB_HIFLD_3991_rev,60000000.0,515464.5892975234,928879.2266059169,0,168
SUB_HIFLD_825,SUB_HIFLD_3401,meso_SUB_HIFLD_825_SUB_HIFLD_3401_rev,300000000.0,0.0,0.0,0,168
SUB_HIFLD_825,SUB_HIFLD_869,meso_SUB_HIFLD_825_SUB_HIFLD_869_fwd,300000000.0,78942722.26017112,298938218.280028,3,168
SUB_HIFLD_826,SUB_HIFLD_818,meso_SUB_HIFLD_826_SUB_HIFLD_818_rev,80000000.0,5255031.523245494,17975943.0891766,0,168
SUB_HIFLD_826,SUB_HIFLD_824,meso_SUB_HIFLD_826_SUB_HIFLD_824_rev,80000000.0,0.0,0.0,0,168
SUB_HIFLD_826,SUB_HIFLD_863,meso_SUB_HIFLD_826_SUB_HIFLD_863_fwd,80000000.0,0.0,0.0,0,168
SUB_HIFLD_826,SUB_HIFLD_856,meso_SUB_HIFLD_826_SUB_HIFLD_856_fwd,80000000.0,0.0,0.0,0,168
SUB_HIFLD_827,SUB_HIFLD_3659,meso_SUB_HIFLD_827_SUB_HIFLD_3659_rev,80000000.0,0.0,0.0,0,168
SUB_HIFLD_827,SUB_HIFLD_4314,meso_SUB_HIFLD_827_SUB_HIFLD_4314_rev,80000000.0,0.0,0.0,0,168
SUB_HIFLD_827,SUB_HIFLD_801,meso_SUB_HIFLD_827_SUB_HIFLD_801_rev,80000000.0,31788663.487135738,44915526.70446878,0,168
SUB_HIFLD_827,SUB_HIFLD_817,meso_SUB_HIFLD_827_SUB_HIFLD_817_rev,80000000.0,0.0,0.0,0,168
SUB_HIFLD_829,SUB_HIFLD_2824,meso_SUB_HIFLD_829_SUB_HIFLD_2824_rev,150000000.0,0.0,0.0,0,168
SUB_HIFLD_829,SUB_HIFLD_799,meso_SUB_HIFLD_829_SUB_HIFLD_799_rev,150000000.0,0.0,0.0,0,168
SUB_HIFLD_830,SUB_HIFLD_2618,meso_SUB_HIFLD_830_SUB_HIFLD_2618_rev,150000000.0,0.0,0.0,0,168
SUB_HIFLD_830,SUB_HIFLD_2640,meso_SUB_HIFLD_830_SUB_HIFLD_2640_rev,150000000.0,0.0,0.0,0,168
SUB_HIFLD_830,SUB_HIFLD_3222,meso_SUB_HIFLD_830_SUB_HIFLD_3222_rev,150000000.0,4807.518960963799,807663.1854419182,0,168
SUB_HIFLD_830,SUB_HIFLD_810,meso_SUB_HIFLD_830_SUB_HIFLD_810_rev,150000000.0,2587096.1988476017,9002202.378241435,0,168
SUB_HIFLD_830,SUB_HIFLD_873,meso_SUB_HIFLD_830_SUB_HIFLD_873_fwd,150000000.0,3155174.9238742557,20030348.444785774,0,168
SUB_HIFLD_831,SUB_HIFLD_4396,meso_SUB_HIFLD_831_SUB_HIFLD_4396_rev,80000000.0,0.0,0.0,0,168
SUB_HIFLD_831,SUB_HIFLD_819,meso_SUB_HIFLD_831_SUB_HIFLD_819_rev,80000000.0,20392478.266504478,35311446.419942014,0,168
SUB_HIFLD_831,SUB_HIFLD_1465,meso_SUB_HIFLD_831_SUB_HIFLD_1465_rev,60000000.0,0.0,0.0,0,168
SUB_HIFLD_831,SUB_HIFLD_832,meso_SUB_HIFLD_831_SUB_HIFLD_832_fwd,80000000.0,0.0,0.0,0,168
SUB_HIFLD_832,SUB_HIFLD_1467,meso_SUB_HIFLD_832_SUB_HIFLD_1467_rev,150000000.0,0.0,0.0,0,168
SUB_HIFLD_832,SUB_HIFLD_4004,meso_SUB_HIFLD_832_SUB_HIFLD_4004_rev,80000000.0,0.0,0.0,0,168
SUB_HIFLD_832,SUB_HIFLD_577,meso_SUB_HIFLD_832_SUB_HIFLD_577_rev,150000000.0,5438744.948857302,26217536.09254188,0,168
SUB_HIFLD_832,SUB_HIFLD_807,meso_SUB_HIFLD_832_SUB_HIFLD_807_rev,150000000.0,1895276.909432473,41352083.821186855,0,168
SUB_HIFLD_832,SUB_HIFLD_808,meso_SUB_HIFLD_832_SUB_HIFLD_808_rev,80000000.0,0.0,0.0,0,168
SUB_HIFLD_832,SUB_HIFLD_150,meso_SUB_HIFLD_832_SUB_HIFLD_150_rev,150000000.0,0.0,0.0,0,168
SUB_HIFLD_832,SUB_HIFLD_4295,meso_SUB_HIFLD_832_SUB_HIFLD_4295_rev,150000000.0,3005638.9795460287,12252576.485859979,0,168
SUB_HIFLD_832,SUB_HIFLD_831,meso_SUB_HIFLD_832_SUB_HIFLD_831_rev,80000000.0,50183533.28832987,80000000.0,35,168
SUB_HIFLD_833,SUB_HIFLD_2619,meso_SUB_HIFLD_833_SUB_HIFLD_2619_rev,80000000.0,0.0,0.0,0,168
SUB_HIFLD_833,SUB_HIFLD_872,meso_SUB_HIFLD_833_SUB_HIFLD_872_fwd,80000000.0,0.0,0.0,0,168
SUB_HIFLD_833,SUB_HIFLD_837,meso_SUB_HIFLD_833_SUB_HIFLD_837_fwd,160000000.0,0.0,0.0,0,168
SUB_HIFLD_834,SUB_HIFLD_2776,meso_SUB_HIFLD_834_SUB_HIFLD_2776_rev,80000000.0,0.0,0.0,0,168
SUB_HIFLD_834,SUB_HIFLD_2904,meso_SUB_HIFLD_834_SUB_HIFLD_2904_rev,80000000.0,0.0,0.0,0,168
SUB_HIFLD_834,SUB_HIFLD_2999,meso_SUB_HIFLD_834_SUB_HIFLD_2999_rev,80000000.0,0.0,0.0,0,168
SUB_HIFLD_834,SUB_HIFLD_4302,meso_SUB_HIFLD_834_SUB_HIFLD_4302_rev,80000000.0,0.0,0.0,0,168
SUB_HIFLD_836,SUB_HIFLD_3203,meso_SUB_HIFLD_836_SUB_HIFLD_3203_rev,80000000.0,0.0,0.0,0,168
SUB_HIFLD_836,SUB_HIFLD_3204,meso_SUB_HIFLD_836_SUB_HIFLD_3204_rev,80000000.0,0.0,0.0,0,168
SUB_HIFLD_836,SUB_HIFLD_793,meso_SUB_HIFLD_836_SUB_HIFLD_793_rev,80000000.0,2892077.417102165,47645902.44570954,0,168
SUB_HIFLD_837,SUB_HIFLD_850,meso_SUB_HIFLD_837_SUB_HIFLD_850_fwd,80000000.0,0.0,0.0,0,168
SUB_HIFLD_837,SUB_HIFLD_833,meso_SUB_HIFLD_837_SUB_HIFLD_833_rev,160000000.0,0.0,0.0,0,168
SUB_HIFLD_837,SUB_HIFLD_856,meso_SUB_HIFLD_837_SUB_HIFLD_856_fwd,80000000.0,299690.84495114285,1148562.355512,0,168
SUB_HIFLD_838,SUB_HIFLD_1768,meso_SUB_HIFLD_838_SUB_HIFLD_1768_rev,1500000000.0,1912046.4319027173,73459721.2664156,0,168
SUB_HIFLD_838,SUB_HIFLD_3060,meso_SUB_HIFLD_838_SUB_HIFLD_3060_rev,3000000000.0,0.0,0.0,0,168
SUB_HIFLD_838,SUB_HIFLD_791,meso_SUB_HIFLD_838_SUB_HIFLD_791_rev,1500000000.0,3594778.722065424,152670421.19867676,0,168
SUB_HIFLD_838,SUB_HIFLD_851,meso_SUB_HIFLD_838_SUB_HIFLD_851_fwd,1500000000.0,0.0,0.0,0,168
SUB_HIFLD_838,SUB_HIFLD_869,meso_SUB_HIFLD_838_SUB_HIFLD_869_fwd,400000000.0,15314682.405515943,94169996.22329117,0,168
SUB_HIFLD_838,SUB_HIFLD_1060,meso_SUB_HIFLD_838_SUB_HIFLD_1060_rev,3000000000.0,86234126.41806732,259416218.4427545,0,168
SUB_HIFLD_838,SUB_HIFLD_3656,meso_SUB_HIFLD_838_SUB_HIFLD_3656_rev,1500000000.0,18499093.73035108,35934263.69273684,0,168
SUB_HIFLD_838,SUB_HIFLD_841,meso_SUB_HIFLD_838_SUB_HIFLD_841_fwd,1500000000.0,18723033.626190573,781206052.0185487,0,168
SUB_HIFLD_838,SUB_HIFLD_3010,meso_SUB_HIFLD_838_SUB_HIFLD_3010_rev,5000000.0,393711.2183212707,547685.1945070876,0,168
SUB_HIFLD_838,WECC_SCE,iface_SUB_HIFLD_838_WECC_SCE_to_ba,113551470.17117159,0.0,0.0,0,168
SUB_HIFLD_840,SUB_HIFLD_1463,meso_SUB_HIFLD_840_SUB_HIFLD_1463_rev,80000000.0,0.0,0.0,0,168
SUB_HIFLD_840,SUB_HIFLD_1464,meso_SUB_HIFLD_840_SUB_HIFLD_1464_rev,150000000.0,0.0,0.0,0,168
SUB_HIFLD_840,SUB_HIFLD_1466,meso_SUB_HIFLD_840_SUB_HIFLD_1466_rev,150000000.0,0.0,0.0,0,168
SUB_HIFLD_840,SUB_HIFLD_4389,meso_SUB_HIFLD_840_SUB_HIFLD_4389_rev,80000000.0,0.0,0.0,0,168
SUB_HIFLD_840,SUB_HIFLD_874,meso_SUB_HIFLD_840_SUB_HIFLD_874_fwd,300000000.0,0.0,0.0,0,168
SUB_HIFLD_841,SUB_HIFLD_1060,meso_SUB_HIFLD_841_SUB_HIFLD_1060_rev,3400000000.0,94362.27852833012,15852862.792759461,0,168
SUB_HIFLD_841,SUB_HIFLD_2776,meso_SUB_HIFLD_841_SUB_HIFLD_2776_rev,80000000.0,4590483.920466342,48498768.77393423,0,168
SUB_HIFLD_841,SUB_HIFLD_4434,meso_SUB_HIFLD_841_SUB_HIFLD_4434_rev,1500000000.0,0.0,0.0,0,168
SUB_HIFLD_841,SUB_HIFLD_4435,meso_SUB_HIFLD_841_SUB_HIFLD_4435_rev,80000000.0,0.0,0.0,0,168
SUB_HIFLD_841,SUB_HIFLD_811,meso_SUB_HIFLD_841_SUB_HIFLD_811_rev,150000000.0,1277297.577836214,88455956.76350038,0,168
SUB_HIFLD_841,SUB_HIFLD_1257,meso_SUB_HIFLD_841_SUB_HIFLD_1257_rev,400000000.0,1899409.9520120616,112192782.53754814,0,168
SUB_HIFLD_841,SUB_HIFLD_1470,meso_SUB_HIFLD_841_SUB_HIFLD_1470_rev,80000000.0,25110614.333453074,43896183.70047231,0,168
SUB_HIFLD_841,SUB_HIFLD_1679,meso_SUB_HIFLD_841_SUB_HIFLD_1679_rev,800000000.0,6017443.694592841,104818574.65512855,0,168
SUB_HIFLD_841,SUB_HIFLD_1982,meso_SUB_HIFLD_841_SUB_HIFLD_1982_rev,3000000000.0,24481060.526098873,242091948.37737796,0,168
SUB_HIFLD_841,SUB_HIFLD_3662,meso_SUB_HIFLD_841_SUB_HIFLD_3662_rev,1500000000.0,0.0,0.0,0,168
SUB_HIFLD_841,SUB_HIFLD_557,meso_SUB_HIFLD_841_SUB_HIFLD_557_rev,80000000.0,37147760.45276882,71036380.6617461,0,168
SUB_HIFLD_841,SUB_HIFLD_800,meso_SUB_HIFLD_841_SUB_HIFLD_800_rev,80000000.0,246328.4119553798,32982282.94136598,0,168
SUB_HIFLD_841,SUB_HIFLD_838,meso_SUB_HIFLD_841_SUB_HIFLD_838_rev,1500000000.0,0.0,0.0,0,168
SUB_HIFLD_841,SUB_HIFLD_870,meso_SUB_HIFLD_841_SUB_HIFLD_870_fwd,800000000.0,28989247.143321764,586706562.2602394,0,168
SUB_HIFLD_841,SUB_HIFLD_872,meso_SUB_HIFLD_841_SUB_HIFLD_872_fwd,80000000.0,9800727.27659823,13234653.999879189,0,168
SUB_HIFLD_841,WECC_SCE,iface_SUB_HIFLD_841_WECC_SCE_to_ba,113551470.17117159,0.0,0.0,0,168
SUB_HIFLD_842,SUB_HIFLD_3207,meso_SUB_HIFLD_842_SUB_HIFLD_3207_rev,150000000.0,0.0,0.0,0,168
SUB_HIFLD_842,SUB_HIFLD_804,meso_SUB_HIFLD_842_SUB_HIFLD_804_rev,1650000000.0,22016518.796160806,145500000.0,0,168
SUB_HIFLD_842,WECC_SCE,iface_SUB_HIFLD_842_WECC_SCE_to_ba,113551470.17117159,17285405.954897184,113551470.17117159,22,168
SUB_HIFLD_843,SUB_HIFLD_2833,meso_SUB_HIFLD_843_SUB_HIFLD_2833_rev,80000000.0,0.0,0.0,0,168
SUB_HIFLD_843,SUB_HIFLD_2959,meso_SUB_HIFLD_843_SUB_HIFLD_2959_rev,80000000.0,0.0,0.0,0,168
SUB_HIFLD_843,SUB_HIFLD_3388,meso_SUB_HIFLD_843_SUB_HIFLD_3388_rev,80000000.0,0.0,0.0,0,168
SUB_HIFLD_843,SUB_HIFLD_4200,meso_SUB_HIFLD_843_SUB_HIFLD_4200_rev,80000000.0,100380.21334322092,4611978.9839525735,0,168
SUB_HIFLD_843,SUB_HIFLD_823,meso_SUB_HIFLD_843_SUB_HIFLD_823_rev,80000000.0,44493475.45782365,57219474.83083628,0,168
SUB_HIFLD_843,SUB_HIFLD_811,meso_SUB_HIFLD_843_SUB_HIFLD_811_rev,160000000.0,0.0,0.0,0,168
SUB_HIFLD_843,SUB_HIFLD_857,meso_SUB_HIFLD_843_SUB_HIFLD_857_fwd,80000000.0,67983986.69124743,80000000.0,52,168
SUB_HIFLD_844,SUB_HIFLD_3661,meso_SUB_HIFLD_844_SUB_HIFLD_3661_rev,80000000.0,0.0,0.0,0,168
SUB_HIFLD_845,SUB_HIFLD_1060,meso_SUB_HIFLD_845_SUB_HIFLD_1060_rev,400000000.0,0.0,0.0,0,168
SUB_HIFLD_845,SUB_HIFLD_2877,meso_SUB_HIFLD_845_SUB_HIFLD_2877_rev,80000000.0,18133103.9249404,24909048.650875803,0,168
SUB_HIFLD_845,SUB_HIFLD_3306,meso_SUB_HIFLD_845_SUB_HIFLD_3306_rev,80000000.0,18573747.644203775,39944788.17470293,0,168
SUB_HIFLD_845,SUB_HIFLD_1647,meso_SUB_HIFLD_845_SUB_HIFLD_1647_rev,80000000.0,73427815.03727938,80000000.0,81,168
SUB_HIFLD_845,SUB_HIFLD_817,meso_SUB_HIFLD_845_SUB_HIFLD_817_rev,80000000.0,527572.7329619328,31512789.69676224,0,168
SUB_HIFLD_846,SUB_HIFLD_1013,meso_SUB_HIFLD_846_SUB_HIFLD_1013_rev,150000000.0,0.0,0.0,0,168
SUB_HIFLD_846,SUB_HIFLD_3665,meso_SUB_HIFLD_846_SUB_HIFLD_3665_rev,80000000.0,0.0,0.0,0,168
SUB_HIFLD_846,SUB_HIFLD_807,meso_SUB_HIFLD_846_SUB_HIFLD_807_rev,150000000.0,0.0,0.0,0,168
SUB_HIFLD_846,SUB_HIFLD_1029,meso_SUB_HIFLD_846_SUB_HIFLD_1029_rev,150000000.0,0.0,0.0,0,168
SUB_HIFLD_847,SUB_HIFLD_3200,meso_SUB_HIFLD_847_SUB_HIFLD_3200_rev,60000000.0,13453172.209457943,29049747.239048272,0,168
SUB_HIFLD_847,SUB_HIFLD_4418,meso_SUB_HIFLD_847_SUB_HIFLD_4418_rev,150000000.0,22481.12536713021,1861384.0959000355,0,168
SUB_HIFLD_847,SUB_HIFLD_4425,meso_SUB_HIFLD_847_SUB_HIFLD_4425_rev,150000000.0,60480.54926746457,3105873.1427771943,0,168
SUB_HIFLD_848,SUB_HIFLD_2825,meso_SUB_HIFLD_848_SUB_HIFLD_2825_rev,80000000.0,7280328.565017535,40959238.19504241,0,168
SUB_HIFLD_848,SUB_HIFLD_4260,meso_SUB_HIFLD_848_SUB_HIFLD_4260_rev,80000000.0,0.0,0.0,0,168
SUB_HIFLD_849,SUB_HIFLD_869,meso_SUB_HIFLD_849_SUB_HIFLD_869_fwd,72717702.11024489,0.0,0.0,0,168
SUB_HIFLD_850,SUB_HIFLD_1060,meso_SUB_HIFLD_850_SUB_HIFLD_1060_rev,80000000.0,0.0,0.0,0,168
SUB_HIFLD_850,SUB_HIFLD_2894,meso_SUB_HIFLD_850_SUB_HIFLD_2894_rev,80000000.0,0.0,0.0,0,168
SUB_HIFLD_850,SUB_HIFLD_3606,meso_SUB_HIFLD_850_SUB_HIFLD_3606_rev,80000000.0,0.0,0.0,0,168
SUB_HIFLD_850,SUB_HIFLD_3659,meso_SUB_HIFLD_850_SUB_HIFLD_3659_rev,80000000.0,1642070.3121421249,9273200.0,0,168
SUB_HIFLD_850,SUB_HIFLD_837,meso_SUB_HIFLD_850_SUB_HIFLD_837_rev,80000000.0,0.0,0.0,0,168
SUB_HIFLD_850,SUB_HIFLD_852,meso_SUB_HIFLD_850_SUB_HIFLD_852_fwd,80000000.0,3948275.558953518,25391293.995650772,0,168
SUB_HIFLD_850,SUB_HIFLD_863,meso_SUB_HIFLD_850_SUB_HIFLD_863_fwd,80000000.0,3400314.3695713407,9273200.0,0,168
SUB_HIFLD_851,SUB_HIFLD_812,meso_SUB_HIFLD_851_SUB_HIFLD_812_rev,1500000000.0,0.0,0.0,0,168
SUB_HIFLD_851,SUB_HIFLD_838,meso_SUB_HIFLD_851_SUB_HIFLD_838_rev,1500000000.0,6267087.1025235355,110144926.06603645,0,168
SUB_HIFLD_851,WECC_SCE,iface_SUB_HIFLD_851_WECC_SCE_to_ba,113551470.17117159,0.0,0.0,0,168
SUB_HIFLD_852,SUB_HIFLD_2559,meso_SUB_HIFLD_852_SUB_HIFLD_2559_rev,80000000.0,0.0,0.0,0,168
SUB_HIFLD_852,SUB_HIFLD_3663,meso_SUB_HIFLD_852_SUB_HIFLD_3663_rev,80000000.0,0.0,0.0,0,168
SUB_HIFLD_852,SUB_HIFLD_850,meso_SUB_HIFLD_852_SUB_HIFLD_850_rev,80000000.0,0.0,0.0,0,168
SUB_HIFLD_852,SUB_HIFLD_3659,meso_SUB_HIFLD_852_SUB_HIFLD_3659_rev,80000000.0,0.0,0.0,0,168
SUB_HIFLD_852,SUB_HIFLD_796,meso_SUB_HIFLD_852_SUB_HIFLD_796_rev,80000000.0,0.0,0.0,0,168
SUB_HIFLD_853,SUB_HIFLD_150,meso_SUB_HIFLD_853_SUB_HIFLD_150_rev,150000000.0,0.0,0.0,0,168
SUB_HIFLD_853,SUB_HIFLD_3475,meso_SUB_HIFLD_853_SUB_HIFLD_3475_rev,150000000.0,29412377.14280418,44104616.528224304,0,168
SUB_HIFLD_853,SUB_HIFLD_4322,meso_SUB_HIFLD_853_SUB_HIFLD_4322_rev,80000000.0,140050.9417038636,2051172.247347536,0,168
SUB_HIFLD_853,SUB_HIFLD_1029,meso_SUB_HIFLD_853_SUB_HIFLD_1029_rev,80000000.0,7882.920874560119,1324330.7069261,0,168
SUB_HIFLD_853,SUB_HIFLD_864,meso_SUB_HIFLD_853_SUB_HIFLD_864_fwd,160000000.0,19151633.96948626,27665494.87556379,0,168
SUB_HIFLD_853,SUB_HIFLD_866,meso_SUB_HIFLD_853_SUB_HIFLD_866_fwd,80000000.0,0.0,0.0,0,168
SUB_HIFLD_854,SUB_HIFLD_3659,meso_SUB_HIFLD_854_SUB_HIFLD_3659_rev,80000000.0,0.0,0.0,0,168
SUB_HIFLD_854,SUB_HIFLD_3015,meso_SUB_HIFLD_854_SUB_HIFLD_3015_rev,80000000.0,0.0,0.0,0,168
SUB_HIFLD_855,SUB_HIFLD_426,meso_SUB_HIFLD_855_SUB_HIFLD_426_rev,150000000.0,0.0,0.0,0,168
SUB_HIFLD_855,SUB_HIFLD_869,meso_SUB_HIFLD_855_SUB_HIFLD_869_fwd,300000000.0,85911055.53619601,136179246.15478516,0,168
SUB_HIFLD_856,SUB_HIFLD_863,meso_SUB_HIFLD_856_SUB_HIFLD_863_fwd,80000000.0,0.0,0.0,0,168
SUB_HIFLD_856,SUB_HIFLD_3659,meso_SUB_HIFLD_856_SUB_HIFLD_3659_rev,80000000.0,0.0,0.0,0,168
SUB_HIFLD_856,SUB_HIFLD_551,meso_SUB_HIFLD_856_SUB_HIFLD_551_rev,80000000.0,22562.65070513143,2923353.25268184,0,168
SUB_HIFLD_856,SUB_HIFLD_826,meso_SUB_HIFLD_856_SUB_HIFLD_826_rev,80000000.0,1766591.6936531914,6856917.262406637,0,168
SUB_HIFLD_856,SUB_HIFLD_837,meso_SUB_HIFLD_856_SUB_HIFLD_837_rev,80000000.0,0.0,0.0,0,168
SUB_HIFLD_856,SUB_HIFLD_872,meso_SUB_HIFLD_856_SUB_HIFLD_872_fwd,80000000.0,0.0,0.0,0,168
SUB_HIFLD_857,SUB_HIFLD_3505,meso_SUB_HIFLD_857_SUB_HIFLD_3505_rev,80000000.0,244004.9352455509,1100923.8720132972,0,168
SUB_HIFLD_857,SUB_HIFLD_4021,meso_SUB_HIFLD_857_SUB_HIFLD_4021_rev,80000000.0,0.0,0.0,0,168
SUB_HIFLD_857,SUB_HIFLD_4122,meso_SUB_HIFLD_857_SUB_HIFLD_4122_rev,80000000.0,0.0,0.0,0,168
SUB_HIFLD_857,SUB_HIFLD_1653,meso_SUB_HIFLD_857_SUB_HIFLD_1653_rev,80000000.0,23001174.912920024,31701245.1171875,0,168
SUB_HIFLD_857,SUB_HIFLD_843,meso_SUB_HIFLD_857_SUB_HIFLD_843_rev,80000000.0,0.0,0.0,0,168
SUB_HIFLD_858,SUB_HIFLD_4418,meso_SUB_HIFLD_858_SUB_HIFLD_4418_rev,150000000.0,0.0,0.0,0,168
SUB_HIFLD_858,SUB_HIFLD_869,meso_SUB_HIFLD_858_SUB_HIFLD_869_fwd,150000000.0,0.0,0.0,0,168
SUB_HIFLD_858,SUB_HIFLD_3208,meso_SUB_HIFLD_858_SUB_HIFLD_3208_rev,5000000.0,0.0,0.0,0,168
SUB_HIFLD_859,SUB_HIFLD_1233,meso_SUB_HIFLD_859_SUB_HIFLD_1233_rev,60000000.0,0.0,0.0,0,168
SUB_HIFLD_859,SUB_HIFLD_1442,meso_SUB_HIFLD_859_SUB_HIFLD_1442_rev,150000000.0,33561.82093052537,49769.080038696055,0,168
SUB_HIFLD_859,SUB_HIFLD_434,meso_SUB_HIFLD_859_SUB_HIFLD_434_rev,150000000.0,0.0,0.0,0,168
SUB_HIFLD_860,SUB_HIFLD_807,meso_SUB_HIFLD_860_SUB_HIFLD_807_rev,150000000.0,70698241.56492901,121378047.99602075,0,168
SUB_HIFLD_860,SUB_HIFLD_820,meso_SUB_HIFLD_860_SUB_HIFLD_820_rev,150000000.0,0.0,0.0,0,168
SUB_HIFLD_860,SUB_HIFLD_3657,meso_SUB_HIFLD_860_SUB_HIFLD_3657_rev,60000000.0,0.0,0.0,0,168
SUB_HIFLD_860,SUB_HIFLD_4000,meso_SUB_HIFLD_860_SUB_HIFLD_4000_rev,5000000.0,1830024.1669779848,2223624.7898377096,0,168
SUB_HIFLD_861,SUB_HIFLD_2764,meso_SUB_HIFLD_861_SUB_HIFLD_2764_rev,80000000.0,0.0,0.0,0,168
SUB_HIFLD_861,SUB_HIFLD_2912,meso_SUB_HIFLD_861_SUB_HIFLD_2912_rev,80000000.0,6057110.760991688,78899022.01515959,0,168
SUB_HIFLD_861,SUB_HIFLD_811,meso_SUB_HIFLD_861_SUB_HIFLD_811_rev,400000000.0,0.0,0.0,0,168
SUB_HIFLD_862,SUB_HIFLD_4146,meso_SUB_HIFLD_862_SUB_HIFLD_4146_rev,60000000.0,0.0,0.0,0,168
SUB_HIFLD_862,SUB_HIFLD_809,meso_SUB_HIFLD_862_SUB_HIFLD_809_fwd,6185836.489822674,0.0,0.0,0,168
SUB_HIFLD_863,SUB_HIFLD_551,meso_SUB_HIFLD_863_SUB_HIFLD_551_rev,80000000.0,346616.99896961905,11549195.035704,0,168
SUB_HIFLD_863,SUB_HIFLD_826,meso_SUB_HIFLD_863_SUB_HIFLD_826_rev,80000000.0,3650966.5777339153,11674982.829527998,0,168
SUB_HIFLD_863,SUB_HIFLD_850,meso_SUB_HIFLD_863_SUB_HIFLD_850_rev,80000000.0,0.0,0.0,0,168
SUB_HIFLD_863,SUB_HIFLD_856,meso_SUB_HIFLD_863_SUB_HIFLD_856_rev,80000000.0,0.0,0.0,0,168
SUB_HIFLD_864,SUB_HIFLD_2763,meso_SUB_HIFLD_864_SUB_HIFLD_2763_rev,80000000.0,0.0,0.0,0,168
SUB_HIFLD_864,SUB_HIFLD_3475,meso_SUB_HIFLD_864_SUB_HIFLD_3475_rev,150000000.0,0.0,0.0,0,168
SUB_HIFLD_864,SUB_HIFLD_4062,meso_SUB_HIFLD_864_SUB_HIFLD_4062_rev,80000000.0,0.0,0.0,0,168
SUB_HIFLD_864,SUB_HIFLD_853,meso_SUB_HIFLD_864_SUB_HIFLD_853_rev,160000000.0,0.0,0.0,0,168
SUB_HIFLD_865,SUB_HIFLD_1448,meso_SUB_HIFLD_865_SUB_HIFLD_1448_rev,150000000.0,0.0,0.0,0,168
SUB_HIFLD_865,SUB_HIFLD_3972,meso_SUB_HIFLD_865_SUB_HIFLD_3972_rev,80000000.0,27424184.826582626,47907502.50275602,0,168
SUB_HIFLD_865,SUB_HIFLD_3989,meso_SUB_HIFLD_865_SUB_HIFLD_3989_rev,33262328.62807545,12618578.747516178,22043485.684738945,0,168
SUB_HIFLD_866,SUB_HIFLD_1467,meso_SUB_HIFLD_866_SUB_HIFLD_1467_rev,150000000.0,0.0,0.0,0,168
SUB_HIFLD_866,SUB_HIFLD_2638,meso_SUB_HIFLD_866_SUB_HIFLD_2638_rev,80000000.0,0.0,0.0,0,168
SUB_HIFLD_866,SUB_HIFLD_2864,meso_SUB_HIFLD_866_SUB_HIFLD_2864_rev,150000000.0,0.0,0.0,0,168
SUB_HIFLD_866,SUB_HIFLD_3059,meso_SUB_HIFLD_866_SUB_HIFLD_3059_rev,150000000.0,0.0,0.0,0,168
SUB_HIFLD_866,SUB_HIFLD_4322,meso_SUB_HIFLD_866_SUB_HIFLD_4322_rev,80000000.0,1299668.8137015153,2161063.454662756,0,168
SUB_HIFLD_866,SUB_HIFLD_150,meso_SUB_HIFLD_866_SUB_HIFLD_150_rev,300000000.0,0.0,0.0,0,168
SUB_HIFLD_866,SUB_HIFLD_853,meso_SUB_HIFLD_866_SUB_HIFLD_853_rev,80000000.0,3658468.9469524347,80000000.0,6,168
SUB_HIFLD_867,SUB_HIFLD_3401,meso_SUB_HIFLD_867_SUB_HIFLD_3401_rev,150000000.0,0.0,0.0,0,168
SUB_HIFLD_867,SUB_HIFLD_3673,meso_SUB_HIFLD_867_SUB_HIFLD_3673_rev,60000000.0,106247.19480848375,1304445.2937354518,0,168
SUB_HIFLD_867,SUB_HIFLD_3676,meso_SUB_HIFLD_867_SUB_HIFLD_3676_rev,60000000.0,10361271.124188885,28641601.70130694,0,168
SUB_HIFLD_867,SUB_HIFLD_426,meso_SUB_HIFLD_867_SUB_HIFLD_426_rev,150000000.0,0.0,0.0,0,168
SUB_HIFLD_868,SUB_HIFLD_2877,meso_SUB_HIFLD_868_SUB_HIFLD_2877_rev,80000000.0,0.0,0.0,0,168
SUB_HIFLD_868,SUB_HIFLD_3377,meso_SUB_HIFLD_868_SUB_HIFLD_3377_rev,80000000.0,883620.1792379295,1626923.875609041,0,168
SUB_HIFLD_868,SUB_HIFLD_3505,meso_SUB_HIFLD_868_SUB_HIFLD_3505_rev,80000000.0,0.0,0.0,0,168
SUB_HIFLD_868,SUB_HIFLD_3661,meso_SUB_HIFLD_868_SUB_HIFLD_3661_rev,80000000.0,2655.9002505977064,446191.2421004147,0,168
SUB_HIFLD_869,SUB_HIFLD_1450,meso_SUB_HIFLD_869_SUB_HIFLD_1450_rev,400000000.0,0.0,0.0,0,168
SUB_HIFLD_869,SUB_HIFLD_3656,meso_SUB_HIFLD_869_SUB_HIFLD_3656_rev,60000000.0,5675332.025908399,30636934.249476578,0,168
SUB_HIFLD_869,SUB_HIFLD_4425,meso_SUB_HIFLD_869_SUB_HIFLD_4425_rev,150000000.0,10609807.937644098,17765283.581143446,0,168
SUB_HIFLD_869,SUB_HIFLD_791,meso_SUB_HIFLD_869_SUB_HIFLD_791_rev,210000000.0,3771904.2989597293,131743605.9681422,0,168
SUB_HIFLD_869,SUB_HIFLD_799,meso_SUB_HIFLD_869_SUB_HIFLD_799_rev,150000000.0,87005242.5612056,150000000.0,3,168
SUB_HIFLD_869,SUB_HIFLD_838,meso_SUB_HIFLD_869_SUB_HIFLD_838_rev,400000000.0,500107.88919312455,46297823.01511376,0,168
SUB_HIFLD_869,SUB_HIFLD_855,meso_SUB_HIFLD_869_SUB_HIFLD_855_rev,300000000.0,0.0,0.0,0,168
SUB_HIFLD_869,SUB_HIFLD_858,meso_SUB_HIFLD_869_SUB_HIFLD_858_rev,150000000.0,37616888.31180562,52389688.56430039,0,168
SUB_HIFLD_869,SUB_HIFLD_3657,meso_SUB_HIFLD_869_SUB_HIFLD_3657_rev,60000000.0,16326134.789720546,60000000.0,10,168
SUB_HIFLD_869,SUB_HIFLD_825,meso_SUB_HIFLD_869_SUB_HIFLD_825_rev,300000000.0,0.0,0.0,0,168
SUB_HIFLD_869,SUB_HIFLD_849,meso_SUB_HIFLD_869_SUB_HIFLD_849_rev,72717702.11024489,42236118.26539859,60735925.92219716,0,168
SUB_HIFLD_870,SUB_HIFLD_1029,meso_SUB_HIFLD_870_SUB_HIFLD_1029_rev,150000000.0,127479610.81410758,150000000.0,38,168
SUB_HIFLD_870,SUB_HIFLD_1045,meso_SUB_HIFLD_870_SUB_HIFLD_1045_rev,80000000.0,65068100.04395619,80000000.0,87,168
SUB_HIFLD_870,SUB_HIFLD_2684,meso_SUB_HIFLD_870_SUB_HIFLD_2684_rev,80000000.0,6569955.073035425,13004368.017137665,0,168
SUB_HIFLD_870,SUB_HIFLD_2894,meso_SUB_HIFLD_870_SUB_HIFLD_2894_rev,400000000.0,0.0,0.0,0,168
SUB_HIFLD_870,SUB_HIFLD_3658,meso_SUB_HIFLD_870_SUB_HIFLD_3658_rev,400000000.0,0.0,0.0,0,168
SUB_HIFLD_870,SUB_HIFLD_3664,meso_SUB_HIFLD_870_SUB_HIFLD_3664_rev,80000000.0,78877709.73655032,80000000.0,156,168
SUB_HIFLD_870,SUB_HIFLD_4016,meso_SUB_HIFLD_870_SUB_HIFLD_4016_rev,400000000.0,0.0,0.0,0,168
SUB_HIFLD_870,SUB_HIFLD_814,meso_SUB_HIFLD_870_SUB_HIFLD_814_rev,150000000.0,19522153.966517624,132128051.1694525,0,168
SUB_HIFLD_870,SUB_HIFLD_150,meso_SUB_HIFLD_870_SUB_HIFLD_150_rev,800000000.0,0.0,0.0,0,168
SUB_HIFLD_870,SUB_HIFLD_3090,meso_SUB_HIFLD_870_SUB_HIFLD_3090_rev,300000000.0,114782360.35866283,177818867.65111807,0,168
SUB_HIFLD_870,SUB_HIFLD_3659,meso_SUB_HIFLD_870_SUB_HIFLD_3659_rev,800000000.0,1461731.1404272749,98806882.98834641,0,168
SUB_HIFLD_870,SUB_HIFLD_4354,meso_SUB_HIFLD_870_SUB_HIFLD_4354_rev,150000000.0,0.0,0.0,0,168
SUB_HIFLD_870,SUB_HIFLD_548,meso_SUB_HIFLD_870_SUB_HIFLD_548_rev,160000000.0,159759702.63103667,160000000.0,167,168
SUB_HIFLD_870,SUB_HIFLD_561,meso_SUB_HIFLD_870_SUB_HIFLD_561_rev,800000000.0,0.0,0.0,0,168
SUB_HIFLD_870,SUB_HIFLD_577,meso_SUB_HIFLD_870_SUB_HIFLD_577_rev,150000000.0,4324457.9173047645,23864804.23445554,0,168
SUB_HIFLD_870,SUB_HIFLD_807,meso_SUB_HIFLD_870_SUB_HIFLD_807_rev,300000000.0,7498811.1987246135,127041056.51183897,0,168
SUB_HIFLD_870,SUB_HIFLD_841,meso_SUB_HIFLD_870_SUB_HIFLD_841_rev,800000000.0,0.0,0.0,0,168
SUB_HIFLD_872,SUB_HIFLD_2999,meso_SUB_HIFLD_872_SUB_HIFLD_2999_rev,80000000.0,0.0,0.0,0,168
SUB_HIFLD_872,SUB_HIFLD_833,meso_SUB_HIFLD_872_SUB_HIFLD_833_rev,80000000.0,0.0,0.0,0,168
SUB_HIFLD_872,SUB_HIFLD_3659,meso_SUB_HIFLD_872_SUB_HIFLD_3659_rev,80000000.0,0.0,0.0,0,168
SUB_HIFLD_872,SUB_HIFLD_841,meso_SUB_HIFLD_872_SUB_HIFLD_841_rev,80000000.0,0.0,0.0,0,168
SUB_HIFLD_872,SUB_HIFLD_856,meso_SUB_HIFLD_872_SUB_HIFLD_856_rev,80000000.0,0.0,0.0,0,168
SUB_HIFLD_873,SUB_HIFLD_2640,meso_SUB_HIFLD_873_SUB_HIFLD_2640_rev,150000000.0,0.0,0.0,0,168
SUB_HIFLD_873,SUB_HIFLD_3679,meso_SUB_HIFLD_873_SUB_HIFLD_3679_rev,150000000.0,6613225.183930546,9262394.494287696,0,168
SUB_HIFLD_873,SUB_HIFLD_561,meso_SUB_HIFLD_873_SUB_HIFLD_561_rev,150000000.0,0.0,0.0,0,168
SUB_HIFLD_873,SUB_HIFLD_1483,meso_SUB_HIFLD_873_SUB_HIFLD_1483_rev,150000000.0,0.0,0.0,0,168
SUB_HIFLD_873,SUB_HIFLD_830,meso_SUB_HIFLD_873_SUB_HIFLD_830_rev,150000000.0,356839.90133872296,8212531.760581016,0,168
SUB_HIFLD_874,SUB_HIFLD_1464,meso_SUB_HIFLD_874_SUB_HIFLD_1464_rev,150000000.0,0.0,0.0,0,168
SUB_HIFLD_874,SUB_HIFLD_1469,meso_SUB_HIFLD_874_SUB_HIFLD_1469_rev,150000000.0,8204831.015231105,26014503.20952329,0,168
SUB_HIFLD_874,SUB_HIFLD_3658,meso_SUB_HIFLD_874_SUB_HIFLD_3658_rev,80000000.0,0.0,0.0,0,168
SUB_HIFLD_874,SUB_HIFLD_552,meso_SUB_HIFLD_874_SUB_HIFLD_552_rev,300000000.0,0.0,0.0,0,168
SUB_HIFLD_874,SUB_HIFLD_840,meso_SUB_HIFLD_874_SUB_HIFLD_840_rev,300000000.0,5281810.155004054,7568169.473864368,0,168
SUB_HIFLD_876,SUB_HIFLD_1030,meso_SUB_HIFLD_876_SUB_HIFLD_1030_rev,80000000.0,72375.68139979547,12159114.47516564,0,168
SUB_HIFLD_876,SUB_HIFLD_924,meso_SUB_HIFLD_876_SUB_HIFLD_924_fwd,80000000.0,66036.89123385184,5159193.694922309,0,168
SUB_HIFLD_877,SUB_HIFLD_3393,meso_SUB_HIFLD_877_SUB_HIFLD_3393_rev,80000000.0,0.0,0.0,0,168
SUB_HIFLD_878,SUB_HIFLD_931,meso_SUB_HIFLD_878_SUB_HIFLD_931_fwd,80000000.0,0.0,0.0,0,168
SUB_HIFLD_878,SUB_HIFLD_3009,meso_SUB_HIFLD_878_SUB_HIFLD_3009_rev,12976486.024085863,3970603.4868677636,5581271.267920425,0,168
SUB_HIFLD_879,SUB_HIFLD_887,meso_SUB_HIFLD_879_SUB_HIFLD_887_fwd,80000000.0,0.0,0.0,0,168
SUB_HIFLD_880,SUB_HIFLD_2485,meso_SUB_HIFLD_880_SUB_HIFLD_2485_rev,400000000.0,116399911.70225447,400000000.0,20,168
SUB_HIFLD_880,SUB_HIFLD_2497,meso_SUB_HIFLD_880_SUB_HIFLD_2497_rev,400000000.0,134238656.4654814,400000000.0,7,168
SUB_HIFLD_880,SUB_HIFLD_3016,meso_SUB_HIFLD_880_SUB_HIFLD_3016_rev,400000000.0,0.0,0.0,0,168
SUB_HIFLD_880,SUB_HIFLD_968,meso_SUB_HIFLD_880_SUB_HIFLD_968_fwd,400000000.0,31742520.596390802,175532008.9102447,0,168
SUB_HIFLD_880,WEC_SDGE,iface_SUB_HIFLD_880_WEC_SDGE_to_ba,470752786.1544281,0.0,0.0,0,168
SUB_HIFLD_881,SUB_HIFLD_3705,meso_SUB_HIFLD_881_SUB_HIFLD_3705_rev,80000000.0,9219555.52851673,18741350.085910715,0,168
SUB_HIFLD_881,SUB_HIFLD_907,meso_SUB_HIFLD_881_SUB_HIFLD_907_fwd,80000000.0,0.0,0.0,0,168
SUB_HIFLD_881,SUB_HIFLD_949,meso_SUB_HIFLD_881_SUB_HIFLD_949_fwd,80000000.0,141070.93801939976,9206833.9873953,0,168
SUB_HIFLD_881,SUB_HIFLD_950,meso_SUB_HIFLD_881_SUB_HIFLD_950_fwd,80000000.0,444248.6624039227,9344908.213359645,0,168
SUB_HIFLD_882,SUB_HIFLD_3514,meso_SUB_HIFLD_882_SUB_HIFLD_3514_rev,80000000.0,338592.48527805496,3750001.879370791,0,168
SUB_HIFLD_884,SUB_HIFLD_957,meso_SUB_HIFLD_884_SUB_HIFLD_957_fwd,5000000.0,0.0,0.0,0,168
SUB_HIFLD_886,SUB_HIFLD_2500,meso_SUB_HIFLD_886_SUB_HIFLD_2500_rev,80000000.0,0.0,0.0,0,168
SUB_HIFLD_886,SUB_HIFLD_946,meso_SUB_HIFLD_886_SUB_HIFLD_946_fwd,80000000.0,0.0,0.0,0,168
SUB_HIFLD_887,SUB_HIFLD_2577,meso_SUB_HIFLD_887_SUB_HIFLD_2577_rev,80000000.0,0.0,0.0,0,168
SUB_HIFLD_887,SUB_HIFLD_879,meso_SUB_HIFLD_887_SUB_HIFLD_879_rev,80000000.0,656177.4597018152,821222.8676707475,0,168
SUB_HIFLD_887,SUB_HIFLD_3704,meso_SUB_HIFLD_887_SUB_HIFLD_3704_rev,160000000.0,53005140.97941015,66039498.276974134,0,168
SUB_HIFLD_887,SUB_HIFLD_896,meso_SUB_HIFLD_887_SUB_HIFLD_896_fwd,80000000.0,9358890.562036904,68042790.92305635,0,168
SUB_HIFLD_888,SUB_HIFLD_3461,meso_SUB_HIFLD_888_SUB_HIFLD_3461_rev,200000000.0,0.0,0.0,0,168
SUB_HIFLD_888,SUB_HIFLD_902,meso_SUB_HIFLD_888_SUB_HIFLD_902_fwd,400000000.0,0.0,0.0,0,168
SUB_HIFLD_888,SUB_HIFLD_2497,meso_SUB_HIFLD_888_SUB_HIFLD_2497_rev,200000000.0,0.0,0.0,0,168
SUB_HIFLD_889,SUB_HIFLD_4404,meso_SUB_HIFLD_889_SUB_HIFLD_4404_rev,200000000.0,0.0,0.0,0,168
SUB_HIFLD_889,SUB_HIFLD_930,meso_SUB_HIFLD_889_SUB_HIFLD_930_fwd,200000000.0,0.0,0.0,0,168
SUB_HIFLD_890,SUB_HIFLD_968,meso_SUB_HIFLD_890_SUB_HIFLD_968_fwd,200000000.0,0.0,0.0,0,168
SUB_HIFLD_891,SUB_HIFLD_2535,meso_SUB_HIFLD_891_SUB_HIFLD_2535_rev,80000000.0,0.0,0.0,0,168
SUB_HIFLD_891,SUB_HIFLD_943,meso_SUB_HIFLD_891_SUB_HIFLD_943_fwd,80000000.0,0.0,0.0,0,168
SUB_HIFLD_891,SUB_HIFLD_961,meso_SUB_HIFLD_891_SUB_HIFLD_961_fwd,80000000.0,1742589.81781168,21552326.19785499,0,168
SUB_HIFLD_891,SUB_HIFLD_964,meso_SUB_HIFLD_891_SUB_HIFLD_964_fwd,80000000.0,6507129.589146945,33950240.22618408,0,168
SUB_HIFLD_892,SUB_HIFLD_4431,meso_SUB_HIFLD_892_SUB_HIFLD_4431_rev,80000000.0,53796088.28702528,69708433.38627328,0,168
SUB_HIFLD_892,SUB_HIFLD_926,meso_SUB_HIFLD_892_SUB_HIFLD_926_fwd,80000000.0,0.0,0.0,0,168
SUB_HIFLD_892,SUB_HIFLD_952,meso_SUB_HIFLD_892_SUB_HIFLD_952_fwd,80000000.0,155795.1415144068,9433985.636868948,0,168
SUB_HIFLD_892,SUB_HIFLD_3706,meso_SUB_HIFLD_892_SUB_HIFLD_3706_rev,80000000.0,0.0,0.0,0,168
SUB_HIFLD_892,SUB_HIFLD_930,meso_SUB_HIFLD_892_SUB_HIFLD_930_fwd,80000000.0,0.0,0.0,0,168
SUB_HIFLD_893,SUB_HIFLD_2499,meso_SUB_HIFLD_893_SUB_HIFLD_2499_rev,80000000.0,9656906.774349328,12085865.105000447,0,168
SUB_HIFLD_893,SUB_HIFLD_962,meso_SUB_HIFLD_893_SUB_HIFLD_962_fwd,36099489.54966888,0.0,0.0,0,168
SUB_HIFLD_894,SUB_HIFLD_924,meso_SUB_HIFLD_894_SUB_HIFLD_924_fwd,80000000.0,0.0,0.0,0,168
SUB_HIFLD_894,SUB_HIFLD_957,meso_SUB_HIFLD_894_SUB_HIFLD_957_fwd,80000000.0,2688866.3082728917,3365184.84661513,0,168
SUB_HIFLD_894,SUB_HIFLD_968,meso_SUB_HIFLD_894_SUB_HIFLD_968_fwd,200000000.0,0.0,0.0,0,168
SUB_HIFLD_895,SUB_HIFLD_2496,meso_SUB_HIFLD_895_SUB_HIFLD_2496_rev,80000000.0,0.0,0.0,0,168
SUB_HIFLD_895,SUB_HIFLD_903,meso_SUB_HIFLD_895_SUB_HIFLD_903_fwd,80000000.0,0.0,0.0,0,168
SUB_HIFLD_895,SUB_HIFLD_950,meso_SUB_HIFLD_895_SUB_HIFLD_950_fwd,80000000.0,20227966.011782438,31308044.023576546,0,168
SUB_HIFLD_896,SUB_HIFLD_2807,meso_SUB_HIFLD_896_SUB_HIFLD_2807_rev,80000000.0,2191394.363021001,2803419.7086152188,0,168
SUB_HIFLD_896,SUB_HIFLD_1030,meso_SUB_HIFLD_896_SUB_HIFLD_1030_rev,80000000.0,4352884.321493511,62102267.8681781,0,168
SUB_HIFLD_896,SUB_HIFLD_887,meso_SUB_HIFLD_896_SUB_HIFLD_887_rev,80000000.0,0.0,0.0,0,168
SUB_HIFLD_897,SUB_HIFLD_953,meso_SUB_HIFLD_897_SUB_HIFLD_953_fwd,80000000.0,0.0,0.0,0,168
SUB_HIFLD_897,SUB_HIFLD_959,meso_SUB_HIFLD_897_SUB_HIFLD_959_fwd,80000000.0,14364477.825116044,17977510.633052047,0,168
SUB_HIFLD_898,SUB_HIFLD_2486,meso_SUB_HIFLD_898_SUB_HIFLD_2486_rev,80000000.0,0.0,0.0,0,168
SUB_HIFLD_898,SUB_HIFLD_2496,meso_SUB_HIFLD_898_SUB_HIFLD_2496_rev,80000000.0,4555411.6363118915,27972218.730159726,0,168
SUB_HIFLD_898,SUB_HIFLD_3706,meso_SUB_HIFLD_898_SUB_HIFLD_3706_rev,80000000.0,45720404.68188403,80000000.0,10,168
SUB_HIFLD_898,SUB_HIFLD_938,meso_SUB_HIFLD_898_SUB_HIFLD_938_fwd,200000000.0,9590642.761790123,76889356.56527163,0,168
SUB_HIFLD_898,SUB_HIFLD_968,meso_SUB_HIFLD_898_SUB_HIFLD_968_fwd,150000000.0,0.0,0.0,0,168
SUB_HIFLD_899,SUB_HIFLD_2496,meso_SUB_HIFLD_899_SUB_HIFLD_2496_rev,80000000.0,0.0,0.0,0,168
SUB_HIFLD_900,SUB_HIFLD_916,meso_SUB_HIFLD_900_SUB_HIFLD_916_fwd,80000000.0,7318645.034952186,24111832.763671875,0,168
SUB_HIFLD_901,SUB_HIFLD_4404,meso_SUB_HIFLD_901_SUB_HIFLD_4404_rev,80000000.0,101357.194854308,2468068.575755391,0,168
SUB_HIFLD_901,SUB_HIFLD_930,meso_SUB_HIFLD_901_SUB_HIFLD_930_fwd,400000000.0,209062.54743833415,4339231.46638039,0,168
SUB_HIFLD_901,SUB_HIFLD_968,meso_SUB_HIFLD_901_SUB_HIFLD_968_fwd,400000000.0,0.0,0.0,0,168
SUB_HIFLD_901,WEC_SDGE,iface_SUB_HIFLD_901_WEC_SDGE_to_ba,23537639.307721406,0.0,0.0,0,168
SUB_HIFLD_902,SUB_HIFLD_2485,meso_SUB_HIFLD_902_SUB_HIFLD_2485_rev,400000000.0,0.0,0.0,0,168
SUB_HIFLD_902,SUB_HIFLD_2486,meso_SUB_HIFLD_902_SUB_HIFLD_2486_rev,400000000.0,0.0,0.0,0,168
SUB_HIFLD_902,SUB_HIFLD_888,meso_SUB_HIFLD_902_SUB_HIFLD_888_rev,400000000.0,8191489.033272729,15515685.028390786,0,168
SUB_HIFLD_902,SUB_HIFLD_954,meso_SUB_HIFLD_902_SUB_HIFLD_954_fwd,400000000.0,10928853.318622336,123421757.28949699,0,168
SUB_HIFLD_902,SUB_HIFLD_944,meso_SUB_HIFLD_902_SUB_HIFLD_944_fwd,800000000.0,322690.92392197635,11984491.451731954,0,168
SUB_HIFLD_902,WEC_SDGE,iface_SUB_HIFLD_902_WEC_SDGE_to_ba,23537639.307721406,0.0,0.0,0,168
SUB_HIFLD_903,SUB_HIFLD_2486,meso_SUB_HIFLD_903_SUB_HIFLD_2486_rev,80000000.0,0.0,0.0,0,168
SUB_HIFLD_903,SUB_HIFLD_895,meso_SUB_HIFLD_903_SUB_HIFLD_895_rev,80000000.0,37924347.51462602,44116855.46875,0,168
SUB_HIFLD_904,SUB_HIFLD_2495,meso_SUB_HIFLD_904_SUB_HIFLD_2495_rev,80000000.0,1608982.0914552447,16677192.73521865,0,168
SUB_HIFLD_904,SUB_HIFLD_3016,meso_SUB_HIFLD_904_SUB_HIFLD_3016_rev,80000000.0,0.0,0.0,0,168
SUB_HIFLD_904,SUB_HIFLD_907,meso_SUB_HIFLD_904_SUB_HIFLD_907_fwd,80000000.0,59041797.94991918,80000000.0,14,168
SUB_HIFLD_905,SUB_HIFLD_2495,meso_SUB_HIFLD_905_SUB_HIFLD_2495_rev,80000000.0,8319160.247851592,20788350.807348944,0,168
SUB_HIFLD_905,SUB_HIFLD_3016,meso_SUB_HIFLD_905_SUB_HIFLD_3016_rev,400000000.0,0.0,0.0,0,168
SUB_HIFLD_905,SUB_HIFLD_3393,meso_SUB_HIFLD_905_SUB_HIFLD_3393_rev,80000000.0,64199200.565170765,80000000.0,4,168
SUB_HIFLD_905,SUB_HIFLD_923,meso_SUB_HIFLD_905_SUB_HIFLD_923_fwd,80000000.0,3763369.725393084,9973886.391551225,0,168
SUB_HIFLD_905,SUB_HIFLD_969,meso_SUB_HIFLD_905_SUB_HIFLD_969_fwd,400000000.0,122657794.1539086,400000000.0,5,168
SUB_HIFLD_905,SUB_HIFLD_2485,meso_SUB_HIFLD_905_SUB_HIFLD_2485_rev,400000000.0,130557.71918704279,8642363.130134521,0,168
SUB_HIFLD_905,WEC_SDGE,iface_SUB_HIFLD_905_WEC_SDGE_to_ba,88266147.40395527,0.0,0.0,0,168
SUB_HIFLD_906,SUB_HIFLD_3080,meso_SUB_HIFLD_906_SUB_HIFLD_3080_rev,400000000.0,5737.406603644109,552051.1622367108,0,168
SUB_HIFLD_906,SUB_HIFLD_938,meso_SUB_HIFLD_906_SUB_HIFLD_938_fwd,400000000.0,5522144.301243575,17934416.08166488,0,168
SUB_HIFLD_906,SUB_HIFLD_944,meso_SUB_HIFLD_906_SUB_HIFLD_944_fwd,400000000.0,0.0,0.0,0,168
SUB_HIFLD_906,WEC_SDGE,iface_SUB_HIFLD_906_WEC_SDGE_to_ba,23537639.307721406,0.0,0.0,0,168
SUB_HIFLD_907,SUB_HIFLD_4111,meso_SUB_HIFLD_907_SUB_HIFLD_4111_rev,80000000.0,12225161.300708618,23412407.151833516,0,168
SUB_HIFLD_907,SUB_HIFLD_881,meso_SUB_HIFLD_907_SUB_HIFLD_881_rev,80000000.0,30351116.29661561,44911906.843680255,0,168
SUB_HIFLD_907,SUB_HIFLD_904,meso_SUB_HIFLD_907_SUB_HIFLD_904_rev,80000000.0,0.0,0.0,0,168
SUB_HIFLD_908,SUB_HIFLD_3706,meso_SUB_HIFLD_908_SUB_HIFLD_3706_rev,80000000.0,0.0,0.0,0,168
SUB_HIFLD_908,SUB_HIFLD_929,meso_SUB_HIFLD_908_SUB_HIFLD_929_fwd,80000000.0,39669774.1237159,49647735.566512115,0,168
SUB_HIFLD_908,SUB_HIFLD_927,meso_SUB_HIFLD_908_SUB_HIFLD_927_rev,27426847.095623426,3011980.1692786687,12996591.66298557,0,168
SUB_HIFLD_909,SUB_HIFLD_959,meso_SUB_HIFLD_909_SUB_HIFLD_959_fwd,80000000.0,0.0,0.0,0,168
SUB_HIFLD_910,SUB_HIFLD_918,meso_SUB_HIFLD_910_SUB_HIFLD_918_fwd,80000000.0,0.0,0.0,0,168
SUB_HIFLD_910,SUB_HIFLD_920,meso_SUB_HIFLD_910_SUB_HIFLD_920_fwd,80000000.0,11093299.128064701,13883546.62079172,0,168
SUB_HIFLD_910,SUB_HIFLD_926,meso_SUB_HIFLD_910_SUB_HIFLD_926_fwd,80000000.0,0.0,0.0,0,168
SUB_HIFLD_911,SUB_HIFLD_3020,meso_SUB_HIFLD_911_SUB_HIFLD_3020_rev,80000000.0,1845881.3539485342,13391318.535558956,0,168
SUB_HIFLD_911,SUB_HIFLD_4235,meso_SUB_HIFLD_911_SUB_HIFLD_4235_rev,80000000.0,1267332.8438536464,5036607.534493458,0,168
SUB_HIFLD_911,SUB_HIFLD_944,meso_SUB_HIFLD_911_SUB_HIFLD_944_fwd,80000000.0,43802.854270660086,3228484.7980806013,0,168
SUB_HIFLD_913,SUB_HIFLD_2745,meso_SUB_HIFLD_913_SUB_HIFLD_2745_rev,80000000.0,0.0,0.0,0,168
SUB_HIFLD_913,SUB_HIFLD_2963,meso_SUB_HIFLD_913_SUB_HIFLD_2963_rev,80000000.0,2682362.859390093,16037502.07645377,0,168
SUB_HIFLD_914,SUB_HIFLD_2880,meso_SUB_HIFLD_914_SUB_HIFLD_2880_rev,80000000.0,0.0,0.0,0,168
SUB_HIFLD_915,SUB_HIFLD_1162,meso_SUB_HIFLD_915_SUB_HIFLD_1162_rev,80000000.0,0.0,0.0,0,168
SUB_HIFLD_915,SUB_HIFLD_4029,meso_SUB_HIFLD_915_SUB_HIFLD_4029_rev,80000000.0,42935180.760998815,47394069.82421875,0,168
SUB_HIFLD_916,SUB_HIFLD_4273,meso_SUB_HIFLD_916_SUB_HIFLD_4273_rev,80000000.0,0.0,0.0,0,168
SUB_HIFLD_916,SUB_HIFLD_900,meso_SUB_HIFLD_916_SUB_HIFLD_900_rev,80000000.0,3152538.039479657,23221863.9255799,0,168
SUB_HIFLD_916,SUB_HIFLD_961,meso_SUB_HIFLD_916_SUB_HIFLD_961_fwd,80000000.0,41386855.44258698,62768804.708458856,0,168
SUB_HIFLD_918,SUB_HIFLD_910,meso_SUB_HIFLD_918_SUB_HIFLD_910_rev,80000000.0,16750596.419615928,23080535.500755798,0,168
SUB_HIFLD_918,SUB_HIFLD_930,meso_SUB_HIFLD_918_SUB_HIFLD_930_fwd,80000000.0,0.0,0.0,0,168
SUB_HIFLD_919,SUB_HIFLD_2625,meso_SUB_HIFLD_919_SUB_HIFLD_2625_rev,80000000.0,717728.6450542228,14630108.67014741,0,168
SUB_HIFLD_919,SUB_HIFLD_962,meso_SUB_HIFLD_919_SUB_HIFLD_962_fwd,80000000.0,0.0,0.0,0,168
SUB_HIFLD_920,SUB_HIFLD_910,meso_SUB_HIFLD_920_SUB_HIFLD_910_rev,80000000.0,0.0,0.0,0,168
SUB_HIFLD_921,SUB_HIFLD_952,meso_SUB_HIFLD_921_SUB_HIFLD_952_fwd,80000000.0,0.0,0.0,0,168
SUB_HIFLD_922,SUB_HIFLD_965,meso_SUB_HIFLD_922_SUB_HIFLD_965_fwd,80000000.0,0.0,0.0,0,168
SUB_HIFLD_923,SUB_HIFLD_905,meso_SUB_HIFLD_923_SUB_HIFLD_905_rev,80000000.0,0.0,0.0,0,168
SUB_HIFLD_923,SUB_HIFLD_951,meso_SUB_HIFLD_923_SUB_HIFLD_951_fwd,80000000.0,0.0,0.0,0,168
SUB_HIFLD_924,SUB_HIFLD_2745,meso_SUB_HIFLD_924_SUB_HIFLD_2745_rev,80000000.0,4570048.779110924,55908996.227425575,0,168
SUB_HIFLD_924,SUB_HIFLD_3416,meso_SUB_HIFLD_924_SUB_HIFLD_3416_rev,80000000.0,43331353.708104685,77587966.75709738,0,168
SUB_HIFLD_924,SUB_HIFLD_876,meso_SUB_HIFLD_924_SUB_HIFLD_876_rev,80000000.0,888022.2871103203,18379701.755869053,0,168
SUB_HIFLD_924,SUB_HIFLD_894,meso_SUB_HIFLD_924_SUB_HIFLD_894_rev,80000000.0,26584.06511652426,4466122.939576075,0,168
SUB_HIFLD_924,SUB_HIFLD_958,meso_SUB_HIFLD_924_SUB_HIFLD_958_fwd,160000000.0,0.0,0.0,0,168
SUB_HIFLD_924,SUB_HIFLD_928,meso_SUB_HIFLD_924_SUB_HIFLD_928_fwd,400000000.0,0.0,0.0,0,168
SUB_HIFLD_925,SUB_HIFLD_3461,meso_SUB_HIFLD_925_SUB_HIFLD_3461_rev,80000000.0,0.0,0.0,0,168
SUB_HIFLD_926,SUB_HIFLD_3706,meso_SUB_HIFLD_926_SUB_HIFLD_3706_rev,80000000.0,0.0,0.0,0,168
SUB_HIFLD_926,SUB_HIFLD_892,meso_SUB_HIFLD_926_SUB_HIFLD_892_rev,80000000.0,392506.961498174,17907569.601594523,0,168
SUB_HIFLD_926,SUB_HIFLD_910,meso_SUB_HIFLD_926_SUB_HIFLD_910_rev,80000000.0,1691325.52917145,21795414.153147813,0,168
SUB_HIFLD_926,SUB_HIFLD_930,meso_SUB_HIFLD_926_SUB_HIFLD_930_fwd,80000000.0,0.0,0.0,0,168
SUB_HIFLD_927,SUB_HIFLD_3018,meso_SUB_HIFLD_927_SUB_HIFLD_3018_rev,80000000.0,134955.8759566669,2289286.44239288,0,168
SUB_HIFLD_927,SUB_HIFLD_908,meso_SUB_HIFLD_927_SUB_HIFLD_908_fwd,27426847.095623426,7638545.9866197,27426847.095623426,44,168
SUB_HIFLD_928,SUB_HIFLD_1285,meso_SUB_HIFLD_928_SUB_HIFLD_1285_rev,1500000000.0,0.0,0.0,0,168
SUB_HIFLD_928,SUB_HIFLD_3708,meso_SUB_HIFLD_928_SUB_HIFLD_3708_rev,400000000.0,0.0,0.0,0,168
SUB_HIFLD_928,SUB_HIFLD_4273,meso_SUB_HIFLD_928_SUB_HIFLD_4273_rev,80000000.0,72757018.14175132,80000000.0,93,168
SUB_HIFLD_928,SUB_HIFLD_4438,meso_SUB_HIFLD_928_SUB_HIFLD_4438_rev,80000000.0,78367233.3979296,80000000.0,143,168
SUB_HIFLD_928,SUB_HIFLD_948,meso_SUB_HIFLD_928_SUB_HIFLD_948_fwd,400000000.0,0.0,0.0,0,168
SUB_HIFLD_928,SUB_HIFLD_968,meso_SUB_HIFLD_928_SUB_HIFLD_968_fwd,400000000.0,0.0,0.0,0,168
SUB_HIFLD_928,SUB_HIFLD_1047,meso_SUB_HIFLD_928_SUB_HIFLD_1047_rev,400000000.0,72106543.3046315,227740572.35309634,0,168
SUB_HIFLD_928,SUB_HIFLD_924,meso_SUB_HIFLD_928_SUB_HIFLD_924_rev,400000000.0,74825788.45585619,138944843.2140854,0,168
SUB_HIFLD_928,SUB_HIFLD_930,meso_SUB_HIFLD_928_SUB_HIFLD_930_fwd,400000000.0,177083249.35020185,350038019.3957176,0,168
SUB_HIFLD_928,WEC_SDGE,iface_SUB_HIFLD_928_WEC_SDGE_to_ba,23537639.307721406,0.0,0.0,0,168
SUB_HIFLD_929,SUB_HIFLD_908,meso_SUB_HIFLD_929_SUB_HIFLD_908_rev,80000000.0,0.0,0.0,0,168
SUB_HIFLD_929,SUB_HIFLD_960,meso_SUB_HIFLD_929_SUB_HIFLD_960_fwd,80000000.0,24699517.536865592,30912077.91357925,0,168
SUB_HIFLD_930,SUB_HIFLD_3080,meso_SUB_HIFLD_930_SUB_HIFLD_3080_rev,400000000.0,1236.618879024691,207751.9716761481,0,168
SUB_HIFLD_930,SUB_HIFLD_3707,meso_SUB_HIFLD_930_SUB_HIFLD_3707_rev,200000000.0,38611882.60033878,108696427.52284697,0,168
SUB_HIFLD_930,SUB_HIFLD_901,meso_SUB_HIFLD_930_SUB_HIFLD_901_rev,400000000.0,0.0,0.0,0,168
SUB_HIFLD_930,SUB_HIFLD_918,meso_SUB_HIFLD_930_SUB_HIFLD_918_rev,80000000.0,21519530.458089776,29114444.04173439,0,168
SUB_HIFLD_930,SUB_HIFLD_926,meso_SUB_HIFLD_930_SUB_HIFLD_926_rev,80000000.0,2333649.327655272,42582672.14038956,0,168
SUB_HIFLD_930,SUB_HIFLD_934,meso_SUB_HIFLD_930_SUB_HIFLD_934_fwd,80000000.0,41405892.73259301,76342149.10020077,0,168
SUB_HIFLD_930,SUB_HIFLD_944,meso_SUB_HIFLD_930_SUB_HIFLD_944_fwd,400000000.0,0.0,0.0,0,168
SUB_HIFLD_930,SUB_HIFLD_963,meso_SUB_HIFLD_930_SUB_HIFLD_963_fwd,80000000.0,70896308.42816141,80000000.0,107,168
SUB_HIFLD_930,SUB_HIFLD_4404,meso_SUB_HIFLD_930_SUB_HIFLD_4404_rev,200000000.0,0.0,0.0,0,168
SUB_HIFLD_930,SUB_HIFLD_889,meso_SUB_HIFLD_930_SUB_HIFLD_889_rev,200000000.0,7273819.175542843,15955319.119482925,0,168
SUB_HIFLD_930,SUB_HIFLD_892,meso_SUB_HIFLD_930_SUB_HIFLD_892_rev,80000000.0,75822599.5435142,80000000.0,101,168
SUB_HIFLD_930,SUB_HIFLD_928,meso_SUB_HIFLD_930_SUB_HIFLD_928_rev,400000000.0,0.0,0.0,0,168
SUB_HIFLD_930,SUB_HIFLD_938,meso_SUB_HIFLD_930_SUB_HIFLD_938_fwd,800000000.0,1099829.604607752,42459751.91478076,0,168
SUB_HIFLD_930,SUB_HIFLD_947,meso_SUB_HIFLD_930_SUB_HIFLD_947_fwd,80000000.0,32645618.126275823,71032341.24005072,0,168
SUB_HIFLD_930,SUB_HIFLD_954,meso_SUB_HIFLD_930_SUB_HIFLD_954_fwd,400000000.0,3040696.1590676093,94115944.72992887,0,168
SUB_HIFLD_930,WEC_SDGE,iface_SUB_HIFLD_930_WEC_SDGE_to_ba,141225835.84632844,0.0,0.0,0,168
SUB_HIFLD_931,SUB_HIFLD_878,meso_SUB_HIFLD_931_SUB_HIFLD_878_rev,80000000.0,25241837.066158008,32221690.161234006,0,168
SUB_HIFLD_931,SUB_HIFLD_933,meso_SUB_HIFLD_931_SUB_HIFLD_933_fwd,80000000.0,9394061.106947908,43445933.1709085,0,168
SUB_HIFLD_931,SUB_HIFLD_942,meso_SUB_HIFLD_931_SUB_HIFLD_942_fwd,80000000.0,114027.28442296111,4308279.450406733,0,168
SUB_HIFLD_931,SUB_HIFLD_945,meso_SUB_HIFLD_931_SUB_HIFLD_945_fwd,80000000.0,1811090.2502540287,2266625.724871134,0,168
SUB_HIFLD_932,SUB_HIFLD_1162,meso_SUB_HIFLD_932_SUB_HIFLD_1162_rev,80000000.0,0.0,0.0,0,168
SUB_HIFLD_932,SUB_HIFLD_967,meso_SUB_HIFLD_932_SUB_HIFLD_967_fwd,80000000.0,1440292.5438509232,27396650.709462218,0,168
SUB_HIFLD_933,SUB_HIFLD_931,meso_SUB_HIFLD_933_SUB_HIFLD_931_rev,80000000.0,7076799.222468511,37079532.71484376,0,168
SUB_HIFLD_933,SUB_HIFLD_954,meso_SUB_HIFLD_933_SUB_HIFLD_954_fwd,80000000.0,0.0,0.0,0,168
SUB_HIFLD_934,SUB_HIFLD_3954,meso_SUB_HIFLD_934_SUB_HIFLD_3954_rev,80000000.0,5216989.603918091,24776016.707272872,0,168
SUB_HIFLD_934,SUB_HIFLD_930,meso_SUB_HIFLD_934_SUB_HIFLD_930_rev,80000000.0,0.0,0.0,0,168
SUB_HIFLD_935,SUB_HIFLD_3251,meso_SUB_HIFLD_935_SUB_HIFLD_3251_rev,150000000.0,394360.3951613942,8880381.862491498,0,168
SUB_HIFLD_935,SUB_HIFLD_973,meso_SUB_HIFLD_935_SUB_HIFLD_973_fwd,80000000.0,15677664.212053256,28735029.75951837,0,168
SUB_HIFLD_936,SUB_HIFLD_2535,meso_SUB_HIFLD_936_SUB_HIFLD_2535_rev,80000000.0,0.0,0.0,0,168
SUB_HIFLD_936,SUB_HIFLD_967,meso_SUB_HIFLD_936_SUB_HIFLD_967_fwd,80000000.0,0.0,0.0,0,168
SUB_HIFLD_937,SUB_HIFLD_954,meso_SUB_HIFLD_937_SUB_HIFLD_954_fwd,80000000.0,0.0,0.0,0,168
SUB_HIFLD_937,SUB_HIFLD_965,meso_SUB_HIFLD_937_SUB_HIFLD_965_fwd,80000000.0,2823968.710827751,3534268.87284355,0,168
SUB_HIFLD_938,SUB_HIFLD_2498,meso_SUB_HIFLD_938_SUB_HIFLD_2498_rev,80000000.0,20317753.882412963,28160302.446637917,0,168
SUB_HIFLD_938,SUB_HIFLD_4430,meso_SUB_HIFLD_938_SUB_HIFLD_4430_rev,80000000.0,37852157.402057044,63650039.44661664,0,168
SUB_HIFLD_938,SUB_HIFLD_898,meso_SUB_HIFLD_938_SUB_HIFLD_898_rev,200000000.0,0.0,0.0,0,168
SUB_HIFLD_938,SUB_HIFLD_906,meso_SUB_HIFLD_938_SUB_HIFLD_906_rev,400000000.0,0.0,0.0,0,168
SUB_HIFLD_938,SUB_HIFLD_952,meso_SUB_HIFLD_938_SUB_HIFLD_952_fwd,80000000.0,14921362.397085764,39910254.21762076,0,168
SUB_HIFLD_938,SUB_HIFLD_1047,meso_SUB_HIFLD_938_SUB_HIFLD_1047_rev,400000000.0,0.0,0.0,0,168
SUB_HIFLD_938,SUB_HIFLD_930,meso_SUB_HIFLD_938_SUB_HIFLD_930_rev,800000000.0,0.0,0.0,0,168
SUB_HIFLD_938,SUB_HIFLD_944,meso_SUB_HIFLD_938_SUB_HIFLD_944_fwd,800000000.0,0.0,0.0,0,168
SUB_HIFLD_938,WEC_SDGE,iface_SUB_HIFLD_938_WEC_SDGE_to_ba,23537639.307721406,0.0,0.0,0,168
SUB_HIFLD_939,SUB_HIFLD_1162,meso_SUB_HIFLD_939_SUB_HIFLD_1162_rev,80000000.0,0.0,0.0,0,168
SUB_HIFLD_939,SUB_HIFLD_3513,meso_SUB_HIFLD_939_SUB_HIFLD_3513_rev,80000000.0,22194460.171554577,41998034.30175781,0,168
SUB_HIFLD_940,SUB_HIFLD_3708,meso_SUB_HIFLD_940_SUB_HIFLD_3708_rev,80000000.0,0.0,0.0,0,168
SUB_HIFLD_940,SUB_HIFLD_4373,meso_SUB_HIFLD_940_SUB_HIFLD_4373_rev,80000000.0,8858709.140367279,16773112.861887619,0,168
SUB_HIFLD_941,SUB_HIFLD_4431,meso_SUB_HIFLD_941_SUB_HIFLD_4431_rev,80000000.0,0.0,0.0,0,168
SUB_HIFLD_942,SUB_HIFLD_931,meso_SUB_HIFLD_942_SUB_HIFLD_931_rev,80000000.0,41891837.35531219,80000000.0,39,168
SUB_HIFLD_943,SUB_HIFLD_4438,meso_SUB_HIFLD_943_SUB_HIFLD_4438_rev,80000000.0,0.0,0.0,0,168
SUB_HIFLD_943,SUB_HIFLD_891,meso_SUB_HIFLD_943_SUB_HIFLD_891_rev,80000000.0,4131756.5366756567,32477620.70279542,0,168
SUB_HIFLD_944,SUB_HIFLD_2486,meso_SUB_HIFLD_944_SUB_HIFLD_2486_rev,800000000.0,0.0,0.0,0,168
SUB_HIFLD_944,SUB_HIFLD_906,meso_SUB_HIFLD_944_SUB_HIFLD_906_rev,400000000.0,0.0,0.0,0,168
SUB_HIFLD_944,SUB_HIFLD_930,meso_SUB_HIFLD_944_SUB_HIFLD_930_rev,400000000.0,741129.1115954733,38168513.041577436,0,168
SUB_HIFLD_944,SUB_HIFLD_3706,meso_SUB_HIFLD_944_SUB_HIFLD_3706_rev,80000000.0,31550103.935541824,80000000.0,32,168
SUB_HIFLD_944,SUB_HIFLD_902,meso_SUB_HIFLD_944_SUB_HIFLD_902_rev,800000000.0,0.0,0.0,0,168
SUB_HIFLD_944,SUB_HIFLD_911,meso_SUB_HIFLD_944_SUB_HIFLD_911_rev,80000000.0,11414745.17085383,29407889.97877593,0,168
SUB_HIFLD_944,SUB_HIFLD_938,meso_SUB_HIFLD_944_SUB_HIFLD_938_rev,800000000.0,43079005.22741127,112721670.16893594,0,168
SUB_HIFLD_944,WEC_SDGE,iface_SUB_HIFLD_944_WEC_SDGE_to_ba,23537639.307721406,0.0,0.0,0,168
SUB_HIFLD_945,SUB_HIFLD_931,meso_SUB_HIFLD_945_SUB_HIFLD_931_rev,80000000.0,0.0,0.0,0,168
SUB_HIFLD_946,SUB_HIFLD_4430,meso_SUB_HIFLD_946_SUB_HIFLD_4430_rev,80000000.0,0.0,0.0,0,168
SUB_HIFLD_946,SUB_HIFLD_886,meso_SUB_HIFLD_946_SUB_HIFLD_886_rev,80000000.0,1688042.9267415125,3370255.9952883376,0,168
SUB_HIFLD_947,SUB_HIFLD_2494,meso_SUB_HIFLD_947_SUB_HIFLD_2494_rev,80000000.0,0.0,0.0,0,168
SUB_HIFLD_947,SUB_HIFLD_4111,meso_SUB_HIFLD_947_SUB_HIFLD_4111_rev,80000000.0,6934748.988730533,22904058.694530334,0,168
SUB_HIFLD_947,SUB_HIFLD_949,meso_SUB_HIFLD_947_SUB_HIFLD_949_fwd,80000000.0,31886325.203167073,40066137.947003864,0,168
SUB_HIFLD_947,SUB_HIFLD_930,meso_SUB_HIFLD_947_SUB_HIFLD_930_rev,80000000.0,0.0,0.0,0,168
SUB_HIFLD_948,SUB_HIFLD_2493,meso_SUB_HIFLD_948_SUB_HIFLD_2493_rev,400000000.0,186170848.60775456,363606756.7245395,0,168
SUB_HIFLD_948,SUB_HIFLD_928,meso_SUB_HIFLD_948_SUB_HIFLD_928_rev,400000000.0,17619113.36650984,296607023.55137897,0,168
SUB_HIFLD_948,SUB_HIFLD_966,meso_SUB_HIFLD_948_SUB_HIFLD_966_fwd,80000000.0,72083645.75264776,80000000.0,100,168
SUB_HIFLD_948,WEC_SDGE,iface_SUB_HIFLD_948_WEC_SDGE_to_ba,1318107801.2323987,0.0,0.0,0,168
SUB_HIFLD_949,SUB_HIFLD_881,meso_SUB_HIFLD_949_SUB_HIFLD_881_rev,80000000.0,13150.151261238725,2209225.411888106,0,168
SUB_HIFLD_949,SUB_HIFLD_947,meso_SUB_HIFLD_949_SUB_HIFLD_947_rev,80000000.0,0.0,0.0,0,168
SUB_HIFLD_950,SUB_HIFLD_2542,meso_SUB_HIFLD_950_SUB_HIFLD_2542_rev,80000000.0,9572216.182729017,17841045.86693175,0,168
SUB_HIFLD_950,SUB_HIFLD_895,meso_SUB_HIFLD_950_SUB_HIFLD_895_rev,80000000.0,0.0,0.0,0,168
SUB_HIFLD_950,SUB_HIFLD_881,meso_SUB_HIFLD_950_SUB_HIFLD_881_rev,80000000.0,0.0,0.0,0,168
SUB_HIFLD_951,SUB_HIFLD_4364,meso_SUB_HIFLD_951_SUB_HIFLD_4364_rev,80000000.0,8125874.880623471,20636758.72862982,0,168
SUB_HIFLD_951,SUB_HIFLD_923,meso_SUB_HIFLD_951_SUB_HIFLD_923_rev,80000000.0,3320482.936743498,9344781.179526418,0,168
SUB_HIFLD_951,SUB_HIFLD_973,meso_SUB_HIFLD_951_SUB_HIFLD_973_fwd,80000000.0,0.0,0.0,0,168
SUB_HIFLD_952,SUB_HIFLD_3706,meso_SUB_HIFLD_952_SUB_HIFLD_3706_rev,80000000.0,0.0,0.0,0,168
SUB_HIFLD_952,SUB_HIFLD_892,meso_SUB_HIFLD_952_SUB_HIFLD_892_rev,80000000.0,0.0,0.0,0,168
SUB_HIFLD_952,SUB_HIFLD_921,meso_SUB_HIFLD_952_SUB_HIFLD_921_rev,80000000.0,12454564.108307827,15587204.51433634,0,168
SUB_HIFLD_952,SUB_HIFLD_938,meso_SUB_HIFLD_952_SUB_HIFLD_938_rev,80000000.0,0.0,0.0,0,168
SUB_HIFLD_953,SUB_HIFLD_1047,meso_SUB_HIFLD_953_SUB_HIFLD_1047_rev,80000000.0,0.0,0.0,0,168
SUB_HIFLD_953,SUB_HIFLD_897,meso_SUB_HIFLD_953_SUB_HIFLD_897_rev,80000000.0,23951655.581091173,29976108.241880734,0,168
SUB_HIFLD_954,SUB_HIFLD_3206,meso_SUB_HIFLD_954_SUB_HIFLD_3206_rev,400000000.0,164382117.7300631,400000000.0,14,168
SUB_HIFLD_954,SUB_HIFLD_3461,meso_SUB_HIFLD_954_SUB_HIFLD_3461_rev,800000000.0,0.0,0.0,0,168
SUB_HIFLD_954,SUB_HIFLD_902,meso_SUB_HIFLD_954_SUB_HIFLD_902_rev,400000000.0,0.0,0.0,0,168
SUB_HIFLD_954,SUB_HIFLD_933,meso_SUB_HIFLD_954_SUB_HIFLD_933_rev,80000000.0,46860409.87084849,80000000.0,31,168
SUB_HIFLD_954,SUB_HIFLD_937,meso_SUB_HIFLD_954_SUB_HIFLD_937_rev,80000000.0,32275411.673693463,40393501.908617705,0,168
SUB_HIFLD_954,SUB_HIFLD_2485,meso_SUB_HIFLD_954_SUB_HIFLD_2485_rev,400000000.0,0.0,0.0,0,168
SUB_HIFLD_954,SUB_HIFLD_2497,meso_SUB_HIFLD_954_SUB_HIFLD_2497_rev,400000000.0,0.0,0.0,0,168
SUB_HIFLD_954,SUB_HIFLD_930,meso_SUB_HIFLD_954_SUB_HIFLD_930_rev,400000000.0,0.0,0.0,0,168
SUB_HIFLD_954,WEC_SDGE,iface_SUB_HIFLD_954_WEC_SDGE_to_ba,23537639.307721406,0.0,0.0,0,168
SUB_HIFLD_955,SUB_HIFLD_2497,meso_SUB_HIFLD_955_SUB_HIFLD_2497_rev,80000000.0,0.0,0.0,0,168
SUB_HIFLD_955,SUB_HIFLD_3016,meso_SUB_HIFLD_955_SUB_HIFLD_3016_rev,80000000.0,0.0,0.0,0,168
SUB_HIFLD_956,SUB_HIFLD_4029,meso_SUB_HIFLD_956_SUB_HIFLD_4029_rev,80000000.0,0.0,0.0,0,168
SUB_HIFLD_957,SUB_HIFLD_894,meso_SUB_HIFLD_957_SUB_HIFLD_894_rev,80000000.0,0.0,0.0,0,168
SUB_HIFLD_957,SUB_HIFLD_884,meso_SUB_HIFLD_957_SUB_HIFLD_884_rev,5000000.0,1164325.5009040216,1457183.0670858168,0,168
SUB_HIFLD_958,SUB_HIFLD_924,meso_SUB_HIFLD_958_SUB_HIFLD_924_rev,160000000.0,0.0,0.0,0,168
SUB_HIFLD_958,SUB_HIFLD_968,meso_SUB_HIFLD_958_SUB_HIFLD_968_fwd,80000000.0,0.0,0.0,0,168
SUB_HIFLD_958,SUB_HIFLD_4404,meso_SUB_HIFLD_958_SUB_HIFLD_4404_rev,200000000.0,0.0,0.0,0,168
SUB_HIFLD_958,SUB_HIFLD_3046,meso_SUB_HIFLD_958_SUB_HIFLD_3046_rev,39648886.18711065,19909880.2584319,24917723.602609538,0,168
SUB_HIFLD_959,SUB_HIFLD_3512,meso_SUB_HIFLD_959_SUB_HIFLD_3512_rev,80000000.0,5976170.093918408,7479329.437570473,0,168
SUB_HIFLD_959,SUB_HIFLD_897,meso_SUB_HIFLD_959_SUB_HIFLD_897_rev,80000000.0,0.0,0.0,0,168
SUB_HIFLD_959,SUB_HIFLD_909,meso_SUB_HIFLD_959_SUB_HIFLD_909_rev,80000000.0,4040613.106389109,5056930.400415794,0,168
SUB_HIFLD_960,SUB_HIFLD_929,meso_SUB_HIFLD_960_SUB_HIFLD_929_rev,80000000.0,0.0,0.0,0,168
SUB_HIFLD_961,SUB_HIFLD_891,meso_SUB_HIFLD_961_SUB_HIFLD_891_rev,80000000.0,1006625.770064842,11615692.22736134,0,168
SUB_HIFLD_961,SUB_HIFLD_916,meso_SUB_HIFLD_961_SUB_HIFLD_916_rev,80000000.0,0.0,0.0,0,168
SUB_HIFLD_962,SUB_HIFLD_1047,meso_SUB_HIFLD_962_SUB_HIFLD_1047_rev,80000000.0,0.0,0.0,0,168
SUB_HIFLD_962,SUB_HIFLD_919,meso_SUB_HIFLD_962_SUB_HIFLD_919_rev,80000000.0,13844739.178999951,29032755.363020442,0,168
SUB_HIFLD_962,SUB_HIFLD_971,meso_SUB_HIFLD_962_SUB_HIFLD_971_fwd,80000000.0,14873488.7253729,18614550.089098744,0,168
SUB_HIFLD_962,SUB_HIFLD_893,meso_SUB_HIFLD_962_SUB_HIFLD_893_rev,36099489.54966888,18361062.326474465,22979337.20101125,0,168
SUB_HIFLD_963,SUB_HIFLD_3707,meso_SUB_HIFLD_963_SUB_HIFLD_3707_rev,80000000.0,0.0,0.0,0,168
SUB_HIFLD_963,SUB_HIFLD_930,meso_SUB_HIFLD_963_SUB_HIFLD_930_rev,80000000.0,0.0,0.0,0,168
SUB_HIFLD_963,SUB_HIFLD_972,meso_SUB_HIFLD_963_SUB_HIFLD_972_fwd,80000000.0,16991768.260365095,48330878.04037444,0,168
SUB_HIFLD_964,SUB_HIFLD_891,meso_SUB_HIFLD_964_SUB_HIFLD_891_rev,80000000.0,27794.325132794194,4669446.622309425,0,168
SUB_HIFLD_964,SUB_HIFLD_972,meso_SUB_HIFLD_964_SUB_HIFLD_972_fwd,80000000.0,0.0,0.0,0,168
SUB_HIFLD_965,SUB_HIFLD_922,meso_SUB_HIFLD_965_SUB_HIFLD_922_rev,80000000.0,966535.0838625144,1209643.302996134,0,168
SUB_HIFLD_965,SUB_HIFLD_937,meso_SUB_HIFLD_965_SUB_HIFLD_937_rev,80000000.0,0.0,0.0,0,168
SUB_HIFLD_966,SUB_HIFLD_4438,meso_SUB_HIFLD_966_SUB_HIFLD_4438_rev,80000000.0,8824536.186812446,31588355.66739811,0,168
SUB_HIFLD_966,SUB_HIFLD_948,meso_SUB_HIFLD_966_SUB_HIFLD_948_rev,80000000.0,0.0,0.0,0,168
SUB_HIFLD_966,SUB_HIFLD_967,meso_SUB_HIFLD_966_SUB_HIFLD_967_fwd,80000000.0,41590875.556269735,58248787.778484814,0,168
SUB_HIFLD_967,SUB_HIFLD_932,meso_SUB_HIFLD_967_SUB_HIFLD_932_rev,80000000.0,4267781.10530649,20545146.352237027,0,168
SUB_HIFLD_967,SUB_HIFLD_936,meso_SUB_HIFLD_967_SUB_HIFLD_936_rev,80000000.0,15891918.787922433,20934798.97410599,0,168
SUB_HIFLD_967,SUB_HIFLD_966,meso_SUB_HIFLD_967_SUB_HIFLD_966_rev,80000000.0,0.0,0.0,0,168
SUB_HIFLD_968,SUB_HIFLD_2494,meso_SUB_HIFLD_968_SUB_HIFLD_2494_rev,80000000.0,38762984.98213564,80000000.0,27,168
SUB_HIFLD_968,SUB_HIFLD_2896,meso_SUB_HIFLD_968_SUB_HIFLD_2896_rev,80000000.0,25605070.336500566,32451760.581105027,0,168
SUB_HIFLD_968,SUB_HIFLD_3148,meso_SUB_HIFLD_968_SUB_HIFLD_3148_rev,400000000.0,0.0,0.0,0,168
SUB_HIFLD_968,SUB_HIFLD_4404,meso_SUB_HIFLD_968_SUB_HIFLD_4404_rev,80000000.0,5198390.7225733055,17233785.437625375,0,168
SUB_HIFLD_968,SUB_HIFLD_880,meso_SUB_HIFLD_968_SUB_HIFLD_880_rev,400000000.0,0.0,0.0,0,168
SUB_HIFLD_968,SUB_HIFLD_890,meso_SUB_HIFLD_968_SUB_HIFLD_890_rev,200000000.0,37471657.892975315,46896736.06636598,0,168
SUB_HIFLD_968,SUB_HIFLD_894,meso_SUB_HIFLD_968_SUB_HIFLD_894_rev,200000000.0,22343612.698622722,31986622.13367217,0,168
SUB_HIFLD_968,SUB_HIFLD_898,meso_SUB_HIFLD_968_SUB_HIFLD_898_rev,150000000.0,4739863.751236845,88534742.57991575,0,168
SUB_HIFLD_968,SUB_HIFLD_901,meso_SUB_HIFLD_968_SUB_HIFLD_901_rev,400000000.0,2832098.348438277,9417052.72272318,0,168
SUB_HIFLD_968,SUB_HIFLD_928,meso_SUB_HIFLD_968_SUB_HIFLD_928_rev,400000000.0,0.0,0.0,0,168
SUB_HIFLD_968,SUB_HIFLD_958,meso_SUB_HIFLD_968_SUB_HIFLD_958_rev,80000000.0,45848439.850578964,57380493.384616785,0,168
SUB_HIFLD_968,SUB_HIFLD_2485,meso_SUB_HIFLD_968_SUB_HIFLD_2485_rev,400000000.0,840952.7370427907,47927497.334906265,0,168
SUB_HIFLD_968,WEC_SDGE,iface_SUB_HIFLD_968_WEC_SDGE_to_ba,23537639.307721406,0.0,0.0,0,168
SUB_HIFLD_969,SUB_HIFLD_1999,meso_SUB_HIFLD_969_SUB_HIFLD_1999_rev,200000000.0,5258337.172843922,6977325.156300338,0,168
SUB_HIFLD_969,SUB_HIFLD_2001,meso_SUB_HIFLD_969_SUB_HIFLD_2001_rev,80000000.0,20429648.95205046,26339652.259863667,0,168
SUB_HIFLD_969,SUB_HIFLD_3206,meso_SUB_HIFLD_969_SUB_HIFLD_3206_rev,480000000.0,94033625.36596625,373218133.96240866,0,168
SUB_HIFLD_969,SUB_HIFLD_905,meso_SUB_HIFLD_969_SUB_HIFLD_905_rev,400000000.0,0.0,0.0,0,168
SUB_HIFLD_969,SUB_HIFLD_3079,meso_SUB_HIFLD_969_SUB_HIFLD_3079_rev,200000000.0,16027519.097726807,23328886.143476296,0,168
SUB_HIFLD_969,WEC_SDGE,iface_SUB_HIFLD_969_WEC_SDGE_to_ba,23537639.307721406,0.0,0.0,0,168
SUB_HIFLD_970,SUB_HIFLD_4318,meso_SUB_HIFLD_970_SUB_HIFLD_4318_rev,80000000.0,0.0,0.0,0,168
SUB_HIFLD_971,SUB_HIFLD_962,meso_SUB_HIFLD_971_SUB_HIFLD_962_rev,80000000.0,0.0,0.0,0,168
SUB_HIFLD_972,SUB_HIFLD_3707,meso_SUB_HIFLD_972_SUB_HIFLD_3707_rev,80000000.0,0.0,0.0,0,168
SUB_HIFLD_972,SUB_HIFLD_963,meso_SUB_HIFLD_972_SUB_HIFLD_963_rev,80000000.0,0.0,0.0,0,168
SUB_HIFLD_972,SUB_HIFLD_964,meso_SUB_HIFLD_972_SUB_HIFLD_964_rev,80000000.0,53433094.3479499,79794724.89252259,1,168
SUB_HIFLD_973,SUB_HIFLD_935,meso_SUB_HIFLD_973_SUB_HIFLD_935_rev,80000000.0,0.0,0.0,0,168
SUB_HIFLD_973,SUB_HIFLD_951,meso_SUB_HIFLD_973_SUB_HIFLD_951_rev,80000000.0,15207334.285691658,27872978.86673282,0,168
SUB_HIFLD_974,SUB_HIFLD_4111,meso_SUB_HIFLD_974_SUB_HIFLD_4111_rev,80000000.0,0.0,0.0,0,168
SUB_HIFLD_982,SUB_01435,meso_SUB_HIFLD_982_SUB_01435_rev,150000000.0,17122134.19173395,150000000.0,8,168
SUB_HIFLD_982,SUB_16237,meso_SUB_HIFLD_982_SUB_16237_rev,150000000.0,32569737.875459712,86741102.25455512,0,168
SUB_HIFLD_982,SUB_16348,meso_SUB_HIFLD_982_SUB_16348_rev,400000000.0,13335754.755938768,88625215.79152754,0,168
SUB_HIFLD_982,SUB_25367,meso_SUB_HIFLD_982_SUB_25367_rev,2050000000.0,0.0,0.0,0,168
SUB_HIFLD_982,SUB_HIFLD_30,meso_SUB_HIFLD_982_SUB_HIFLD_30_rev,2750000000.0,45113631.56961502,659872882.2697638,0,168
SUB_HIFLD_982,WEC_CALN,iface_SUB_HIFLD_982_WEC_CALN_to_ba,20000000.0,0.0,0.0,0,168
SUB_HIFLD_1004,SUB_HIFLD_3709,meso_SUB_HIFLD_1004_SUB_HIFLD_3709_fwd,60000000.0,0.0,0.0,0,168
SUB_HIFLD_1006,SUB_HIFLD_1496,meso_SUB_HIFLD_1006_SUB_HIFLD_1496_fwd,150000000.0,5587372.0427768845,31012868.786554176,0,168
SUB_HIFLD_1006,SUB_HIFLD_536,meso_SUB_HIFLD_1006_SUB_HIFLD_536_fwd,150000000.0,0.0,0.0,0,168
SUB_HIFLD_1006,SUB_HIFLD_544,meso_SUB_HIFLD_1006_SUB_HIFLD_544_fwd,150000000.0,0.0,0.0,0,168
SUB_HIFLD_1007,SUB_HIFLD_1008,meso_SUB_HIFLD_1007_SUB_HIFLD_1008_fwd,150000000.0,0.0,0.0,0,168
SUB_HIFLD_1007,SUB_HIFLD_540,meso_SUB_HIFLD_1007_SUB_HIFLD_540_fwd,60000000.0,12405144.295905462,18622582.59881403,0,168
SUB_HIFLD_1007,SUB_HIFLD_568,meso_SUB_HIFLD_1007_SUB_HIFLD_568_fwd,150000000.0,36799605.583883844,55226316.59753544,0,168
SUB_HIFLD_1008,SUB_HIFLD_1007,meso_SUB_HIFLD_1008_SUB_HIFLD_1007_rev,150000000.0,72553872.81970991,107107630.54725175,0,168
SUB_HIFLD_1008,SUB_HIFLD_1502,meso_SUB_HIFLD_1008_SUB_HIFLD_1502_fwd,150000000.0,0.0,0.0,0,168
SUB_HIFLD_1009,SUB_HIFLD_1870,meso_SUB_HIFLD_1009_SUB_HIFLD_1870_fwd,60000000.0,0.0,0.0,0,168
SUB_HIFLD_1009,SUB_16283,meso_SUB_HIFLD_1009_SUB_16283_fwd,5000000.0,4852834.430231126,5000000.0,42,168
SUB_HIFLD_1010,SUB_HIFLD_1944,meso_SUB_HIFLD_1010_SUB_HIFLD_1944_fwd,400000000.0,0.0,0.0,0,168
SUB_HIFLD_1010,SUB_HIFLD_1951,meso_SUB_HIFLD_1010_SUB_HIFLD_1951_fwd,80000000.0,0.0,0.0,0,168
SUB_HIFLD_1010,SUB_HIFLD_1996,meso_SUB_HIFLD_1010_SUB_HIFLD_1996_fwd,80000000.0,0.0,0.0,0,168
SUB_HIFLD_1010,SUB_HIFLD_2540,meso_SUB_HIFLD_1010_SUB_HIFLD_2540_fwd,80000000.0,0.0,0.0,0,168
SUB_HIFLD_1010,SUB_HIFLD_1958,meso_SUB_HIFLD_1010_SUB_HIFLD_1958_fwd,80000000.0,29905013.340691112,33944696.611227445,0,168
SUB_HIFLD_1012,SUB_HIFLD_310,meso_SUB_HIFLD_1012_SUB_HIFLD_310_fwd,5000000.0,0.0,0.0,0,168
SUB_HIFLD_1013,SUB_HIFLD_1014,meso_SUB_HIFLD_1013_SUB_HIFLD_1014_fwd,80000000.0,12031352.85818484,51480938.358896784,0,168
SUB_HIFLD_1013,SUB_HIFLD_1029,meso_SUB_HIFLD_1013_SUB_HIFLD_1029_fwd,150000000.0,2104272.589391819,54316122.87311749,0,168
SUB_HIFLD_1013,SUB_HIFLD_3433,meso_SUB_HIFLD_1013_SUB_HIFLD_3433_fwd,80000000.0,0.0,0.0,0,168
SUB_HIFLD_1013,SUB_HIFLD_558,meso_SUB_HIFLD_1013_SUB_HIFLD_558_fwd,150000000.0,0.0,0.0,0,168
SUB_HIFLD_1013,SUB_HIFLD_805,meso_SUB_HIFLD_1013_SUB_HIFLD_805_fwd,80000000.0,30881761.80351201,65619245.15651239,0,168
SUB_HIFLD_1013,SUB_HIFLD_815,meso_SUB_HIFLD_1013_SUB_HIFLD_815_fwd,80000000.0,0.0,0.0,0,168
SUB_HIFLD_1013,SUB_HIFLD_846,meso_SUB_HIFLD_1013_SUB_HIFLD_846_fwd,150000000.0,25588771.87623554,38643305.26135632,0,168
SUB_HIFLD_1013,SUB_HIFLD_1468,meso_SUB_HIFLD_1013_SUB_HIFLD_1468_fwd,80000000.0,0.0,0.0,0,168
SUB_HIFLD_1013,SUB_HIFLD_814,meso_SUB_HIFLD_1013_SUB_HIFLD_814_fwd,80000000.0,886795.8231085995,23419031.771382634,0,168
SUB_HIFLD_1014,SUB_HIFLD_1013,meso_SUB_HIFLD_1014_SUB_HIFLD_1013_rev,80000000.0,0.0,0.0,0,168
SUB_HIFLD_1014,SUB_HIFLD_3433,meso_SUB_HIFLD_1014_SUB_HIFLD_3433_fwd,80000000.0,0.0,0.0,0,168
SUB_HIFLD_1014,SUB_HIFLD_814,meso_SUB_HIFLD_1014_SUB_HIFLD_814_fwd,80000000.0,0.0,0.0,0,168
SUB_HIFLD_1015,SUB_HIFLD_814,meso_SUB_HIFLD_1015_SUB_HIFLD_814_fwd,80000000.0,0.0,0.0,0,168
SUB_HIFLD_1016,SUB_HIFLD_1317,meso_SUB_HIFLD_1016_SUB_HIFLD_1317_fwd,800000000.0,0.0,0.0,0,168
SUB_HIFLD_1016,SUB_HIFLD_1356,meso_SUB_HIFLD_1016_SUB_HIFLD_1356_fwd,400000000.0,0.0,0.0,0,168
SUB_HIFLD_1016,SUB_HIFLD_2010,meso_SUB_HIFLD_1016_SUB_HIFLD_2010_fwd,400000000.0,0.0,0.0,0,168
SUB_HIFLD_1016,SUB_HIFLD_3596,meso_SUB_HIFLD_1016_SUB_HIFLD_3596_fwd,60000000.0,22079747.143552218,35043452.157454945,0,168
SUB_HIFLD_1016,SUB_HIFLD_3919,meso_SUB_HIFLD_1016_SUB_HIFLD_3919_fwd,60000000.0,7573075.418726834,16909775.851583466,0,168
SUB_HIFLD_1016,SUB_HIFLD_646,meso_SUB_HIFLD_1016_SUB_HIFLD_646_fwd,400000000.0,32762879.81601996,63843861.81822832,0,168
SUB_HIFLD_1016,SUB_HIFLD_659,meso_SUB_HIFLD_1016_SUB_HIFLD_659_fwd,1200000000.0,22756501.484247457,62161308.946462385,0,168
SUB_HIFLD_1016,SUB_HIFLD_3920,meso_SUB_HIFLD_1016_SUB_HIFLD_3920_fwd,800000000.0,0.0,0.0,0,168
SUB_HIFLD_1016,WEC_BANC,iface_SUB_HIFLD_1016_WEC_BANC_to_ba,20000000.0,2652746.9033275326,20000000.0,16,168
SUB_HIFLD_1027,SUB_HIFLD_4364,meso_SUB_HIFLD_1027_SUB_HIFLD_4364_fwd,80000000.0,423774.40447126114,2678186.657714844,0,168
SUB_HIFLD_1028,SUB_HIFLD_2577,meso_SUB_HIFLD_1028_SUB_HIFLD_2577_fwd,80000000.0,71333963.048758,77941260.20240784,0,168
SUB_HIFLD_1028,SUB_HIFLD_4118,meso_SUB_HIFLD_1028_SUB_HIFLD_4118_fwd,80000000.0,0.0,0.0,0,168
SUB_HIFLD_1029,SUB_HIFLD_1013,meso_SUB_HIFLD_1029_SUB_HIFLD_1013_rev,150000000.0,0.0,0.0,0,168
SUB_HIFLD_1029,SUB_HIFLD_1045,meso_SUB_HIFLD_1029_SUB_HIFLD_1045_fwd,80000000.0,3565025.0322579322,34519681.76930221,0,168
SUB_HIFLD_1029,SUB_HIFLD_573,meso_SUB_HIFLD_1029_SUB_HIFLD_573_fwd,150000000.0,31576747.457549628,46487245.288337626,0,168
SUB_HIFLD_1029,SUB_HIFLD_870,meso_SUB_HIFLD_1029_SUB_HIFLD_870_fwd,150000000.0,0.0,0.0,0,168
SUB_HIFLD_1029,SUB_HIFLD_3090,meso_SUB_HIFLD_1029_SUB_HIFLD_3090_fwd,80000000.0,0.0,0.0,0,168
SUB_HIFLD_1029,SUB_HIFLD_3091,meso_SUB_HIFLD_1029_SUB_HIFLD_3091_fwd,80000000.0,76150037.30905649,80000000.0,152,168
SUB_HIFLD_1029,SUB_HIFLD_3479,meso_SUB_HIFLD_1029_SUB_HIFLD_3479_fwd,150000000.0,316472.95779307606,29025979.18952864,0,168
SUB_HIFLD_1029,SUB_HIFLD_587,meso_SUB_HIFLD_1029_SUB_HIFLD_587_fwd,150000000.0,14072027.33987708,56381409.81655747,0,168
SUB_HIFLD_1029,SUB_HIFLD_807,meso_SUB_HIFLD_1029_SUB_HIFLD_807_fwd,300000000.0,0.0,0.0,0,168
SUB_HIFLD_1029,SUB_HIFLD_846,meso_SUB_HIFLD_1029_SUB_HIFLD_846_fwd,150000000.0,88951.17486570311,13210295.571568253,0,168
SUB_HIFLD_1029,SUB_HIFLD_853,meso_SUB_HIFLD_1029_SUB_HIFLD_853_fwd,80000000.0,0.0,0.0,0,168
SUB_HIFLD_1030,SUB_HIFLD_2745,meso_SUB_HIFLD_1030_SUB_HIFLD_2745_fwd,80000000.0,38972155.57614094,49870553.54270882,0,168
SUB_HIFLD_1030,SUB_HIFLD_2807,meso_SUB_HIFLD_1030_SUB_HIFLD_2807_fwd,80000000.0,48607.56230167662,2047327.5618340815,0,168
SUB_HIFLD_1030,SUB_HIFLD_876,meso_SUB_HIFLD_1030_SUB_HIFLD_876_fwd,80000000.0,5840817.771290835,11386318.151579056,0,168
SUB_HIFLD_1030,SUB_HIFLD_3704,meso_SUB_HIFLD_1030_SUB_HIFLD_3704_fwd,80000000.0,17920.122924212836,1527507.093804386,0,168
SUB_HIFLD_1030,SUB_HIFLD_896,meso_SUB_HIFLD_1030_SUB_HIFLD_896_fwd,80000000.0,11391.974881428883,1110420.6875244458,0,168
SUB_HIFLD_1032,SUB_HIFLD_2542,meso_SUB_HIFLD_1032_SUB_HIFLD_2542_fwd,80000000.0,417586.48167124443,3773718.890947165,0,168
SUB_HIFLD_1032,SUB_HIFLD_3014,meso_SUB_HIFLD_1032_SUB_HIFLD_3014_fwd,80000000.0,2443146.85254104,3057660.6042606314,0,168
SUB_HIFLD_1033,SUB_HIFLD_3078,meso_SUB_HIFLD_1033_SUB_HIFLD_3078_fwd,150000000.0,0.0,0.0,0,168
SUB_HIFLD_1033,SUB_HIFLD_569,meso_SUB_HIFLD_1033_SUB_HIFLD_569_fwd,150000000.0,0.0,0.0,0,168
SUB_HIFLD_1034,SUB_HIFLD_1848,meso_SUB_HIFLD_1034_SUB_HIFLD_1848_fwd,150000000.0,63594234.98742367,114922851.23017055,0,168
SUB_HIFLD_1034,SUB_HIFLD_2308,meso_SUB_HIFLD_1034_SUB_HIFLD_2308_fwd,150000000.0,0.0,0.0,0,168
SUB_HIFLD_1035,SUB_HIFLD_1414,meso_SUB_HIFLD_1035_SUB_HIFLD_1414_fwd,150000000.0,10891603.856007919,31264941.40425567,0,168
SUB_HIFLD_1035,SUB_HIFLD_1416,meso_SUB_HIFLD_1035_SUB_HIFLD_1416_fwd,150000000.0,0.0,0.0,0,168
SUB_HIFLD_1035,SUB_HIFLD_2318,meso_SUB_HIFLD_1035_SUB_HIFLD_2318_fwd,150000000.0,0.0,0.0,0,168
SUB_HIFLD_1035,SUB_HIFLD_3077,meso_SUB_HIFLD_1035_SUB_HIFLD_3077_fwd,300000000.0,2375574.6144901966,3996915.372868174,0,168
SUB_HIFLD_1036,SUB_HIFLD_2303,meso_SUB_HIFLD_1036_SUB_HIFLD_2303_fwd,150000000.0,0.0,0.0,0,168
SUB_HIFLD_1036,SUB_HIFLD_2313,meso_SUB_HIFLD_1036_SUB_HIFLD_2313_fwd,150000000.0,0.0,0.0,0,168
SUB_HIFLD_1036,SUB_HIFLD_2309,meso_SUB_HIFLD_1036_SUB_HIFLD_2309_fwd,150000000.0,0.0,0.0,0,168
SUB_HIFLD_1039,SUB_HIFLD_1416,meso_SUB_HIFLD_1039_SUB_HIFLD_1416_fwd,80000000.0,0.0,0.0,0,168
SUB_HIFLD_1039,SUB_HIFLD_2304,meso_SUB_HIFLD_1039_SUB_HIFLD_2304_fwd,80000000.0,755097.247746049,16350044.784598596,0,168
SUB_HIFLD_1039,SUB_HIFLD_2314,meso_SUB_HIFLD_1039_SUB_HIFLD_2314_fwd,80000000.0,25401989.255393103,41214994.2543999,0,168
SUB_HIFLD_1041,SUB_HIFLD_3968,meso_SUB_HIFLD_1041_SUB_HIFLD_3968_fwd,60000000.0,1957980.1887752856,7503940.729428001,0,168
SUB_HIFLD_1042,SUB_HIFLD_1222,meso_SUB_HIFLD_1042_SUB_HIFLD_1222_fwd,60000000.0,6557.049497296311,18213.318303688284,0,168
SUB_HIFLD_1042,SUB_HIFLD_3976,meso_SUB_HIFLD_1042_SUB_HIFLD_3976_fwd,60000000.0,23859853.241705824,58200000.0,0,168
SUB_HIFLD_1043,SUB_HIFLD_1044,meso_SUB_HIFLD_1043_SUB_HIFLD_1044_fwd,80000000.0,0.0,0.0,0,168
SUB_HIFLD_1043,SUB_HIFLD_2949,meso_SUB_HIFLD_1043_SUB_HIFLD_2949_fwd,80000000.0,35904287.0639951,80000000.0,1,168
SUB_HIFLD_1043,SUB_HIFLD_3095,meso_SUB_HIFLD_1043_SUB_HIFLD_3095_fwd,80000000.0,4851720.7510536285,28224156.022219323,0,168
SUB_HIFLD_1043,SUB_HIFLD_3096,meso_SUB_HIFLD_1043_SUB_HIFLD_3096_fwd,80000000.0,0.0,0.0,0,168
SUB_HIFLD_1044,SUB_HIFLD_1043,meso_SUB_HIFLD_1044_SUB_HIFLD_1043_rev,80000000.0,76522030.94759762,80000000.0,134,168
SUB_HIFLD_1044,SUB_HIFLD_1486,meso_SUB_HIFLD_1044_SUB_HIFLD_1486_fwd,80000000.0,0.0,0.0,0,168
SUB_HIFLD_1044,SUB_HIFLD_3093,meso_SUB_HIFLD_1044_SUB_HIFLD_3093_fwd,80000000.0,67580397.85689084,80000000.0,74,168
SUB_HIFLD_1044,SUB_HIFLD_3097,meso_SUB_HIFLD_1044_SUB_HIFLD_3097_fwd,80000000.0,76223440.19802172,80000000.0,145,168
SUB_HIFLD_1044,SUB_HIFLD_3664,meso_SUB_HIFLD_1044_SUB_HIFLD_3664_fwd,80000000.0,0.0,0.0,0,168
SUB_HIFLD_1044,SUB_HIFLD_548,meso_SUB_HIFLD_1044_SUB_HIFLD_548_fwd,80000000.0,0.0,0.0,0,168
SUB_HIFLD_1044,SUB_HIFLD_150,meso_SUB_HIFLD_1044_SUB_HIFLD_150_fwd,60000000.0,0.0,0.0,0,168
SUB_HIFLD_1045,SUB_HIFLD_1029,meso_SUB_HIFLD_1045_SUB_HIFLD_1029_rev,80000000.0,0.0,0.0,0,168
SUB_HIFLD_1045,SUB_HIFLD_3090,meso_SUB_HIFLD_1045_SUB_HIFLD_3090_fwd,80000000.0,0.0,0.0,0,168
SUB_HIFLD_1045,SUB_HIFLD_3091,meso_SUB_HIFLD_1045_SUB_HIFLD_3091_fwd,80000000.0,53856728.06006972,80000000.0,50,168
SUB_HIFLD_1045,SUB_HIFLD_870,meso_SUB_HIFLD_1045_SUB_HIFLD_870_fwd,80000000.0,0.0,0.0,0,168
SUB_HIFLD_1046,SUB_HIFLD_2430,meso_SUB_HIFLD_1046_SUB_HIFLD_2430_fwd,80000000.0,0.0,0.0,0,168
SUB_HIFLD_1047,SUB_HIFLD_1162,meso_SUB_HIFLD_1047_SUB_HIFLD_1162_fwd,400000000.0,5421067.753493464,132671070.19948192,0,168
SUB_HIFLD_1047,SUB_HIFLD_3022,meso_SUB_HIFLD_1047_SUB_HIFLD_3022_fwd,400000000.0,0.0,0.0,0,168
SUB_HIFLD_1047,SUB_HIFLD_953,meso_SUB_HIFLD_1047_SUB_HIFLD_953_fwd,80000000.0,31693849.11937289,39665661.61700212,0,168
SUB_HIFLD_1047,SUB_HIFLD_962,meso_SUB_HIFLD_1047_SUB_HIFLD_962_fwd,80000000.0,60386285.877607934,80000000.0,1,168
SUB_HIFLD_1047,SUB_HIFLD_928,meso_SUB_HIFLD_1047_SUB_HIFLD_928_fwd,400000000.0,0.0,0.0,0,168
SUB_HIFLD_1047,SUB_HIFLD_938,meso_SUB_HIFLD_1047_SUB_HIFLD_938_fwd,400000000.0,4527403.30135673,77515217.90583132,0,168
SUB_HIFLD_1047,WEC_SDGE,iface_SUB_HIFLD_1047_WEC_SDGE_to_ba,31305060.279269468,0.0,0.0,0,168
SUB_HIFLD_1048,SUB_10236,meso_SUB_HIFLD_1048_SUB_10236_rev,60000000.0,36144308.3298244,42579642.460536845,0,168
SUB_HIFLD_1048,SUB_HIFLD_1049,meso_SUB_HIFLD_1048_SUB_HIFLD_1049_fwd,60000000.0,0.0,0.0,0,168
SUB_HIFLD_1049,SUB_HIFLD_1048,meso_SUB_HIFLD_1049_SUB_HIFLD_1048_rev,60000000.0,37262173.53590145,43896538.61911015,0,168
SUB_HIFLD_1049,SUB_HIFLD_1053,meso_SUB_HIFLD_1049_SUB_HIFLD_1053_fwd,60000000.0,0.0,0.0,0,168
SUB_HIFLD_1049,SUB_HIFLD_1052,meso_SUB_HIFLD_1049_SUB_HIFLD_1052_fwd,60000000.0,0.0,0.0,0,168
SUB_HIFLD_1052,SUB_HIFLD_1049,meso_SUB_HIFLD_1052_SUB_HIFLD_1049_rev,60000000.0,0.0,0.0,0,168
SUB_HIFLD_1052,SUB_HIFLD_1053,meso_SUB_HIFLD_1052_SUB_HIFLD_1053_fwd,120000000.0,0.0,0.0,0,168
SUB_HIFLD_1053,SUB_HIFLD_1049,meso_SUB_HIFLD_1053_SUB_HIFLD_1049_rev,60000000.0,38414611.892681904,45254163.52485583,0,168
SUB_HIFLD_1053,SUB_HIFLD_479,meso_SUB_HIFLD_1053_SUB_HIFLD_479_fwd,60000000.0,0.0,0.0,0,168
SUB_HIFLD_1053,SUB_HIFLD_1052,meso_SUB_HIFLD_1053_SUB_HIFLD_1052_rev,120000000.0,2177410.0134872487,3041944.9019677863,0,168
SUB_HIFLD_1053,SUB_HIFLD_1054,meso_SUB_HIFLD_1053_SUB_HIFLD_1054_fwd,60000000.0,5509989.149021918,8587832.295689464,0,168
SUB_HIFLD_1054,SUB_HIFLD_4388,meso_SUB_HIFLD_1054_SUB_HIFLD_4388_fwd,60000000.0,0.0,0.0,0,168
SUB_HIFLD_1054,SUB_HIFLD_1053,meso_SUB_HIFLD_1054_SUB_HIFLD_1053_rev,60000000.0,0.0,0.0,0,168
SUB_HIFLD_1054,SUB_HIFLD_1055,meso_SUB_HIFLD_1054_SUB_HIFLD_1055_fwd,60000000.0,3232601.761468629,5379510.7719100285,0,168
SUB_HIFLD_1055,SUB_HIFLD_2521,meso_SUB_HIFLD_1055_SUB_HIFLD_2521_fwd,60000000.0,439744.4711910081,1296020.466828887,0,168
SUB_HIFLD_1055,SUB_HIFLD_4055,meso_SUB_HIFLD_1055_SUB_HIFLD_4055_fwd,60000000.0,2177410.0134872487,3041944.9019677863,0,168
SUB_HIFLD_1055,SUB_HIFLD_1054,meso_SUB_HIFLD_1055_SUB_HIFLD_1054_rev,60000000.0,0.0,0.0,0,168
SUB_HIFLD_1059,SUB_HIFLD_1071,meso_SUB_HIFLD_1059_SUB_HIFLD_1071_fwd,60000000.0,0.0,0.0,0,168
SUB_HIFLD_1059,SUB_HIFLD_2521,meso_SUB_HIFLD_1059_SUB_HIFLD_2521_fwd,60000000.0,616991.7818363508,1177021.68507576,0,168
SUB_HIFLD_1060,SUB_HIFLD_2619,meso_SUB_HIFLD_1060_SUB_HIFLD_2619_fwd,80000000.0,27748817.00455386,35873941.572937146,0,168
SUB_HIFLD_1060,SUB_HIFLD_3060,meso_SUB_HIFLD_1060_SUB_HIFLD_3060_fwd,1500000000.0,0.0,0.0,0,168
SUB_HIFLD_1060,SUB_HIFLD_3659,meso_SUB_HIFLD_1060_SUB_HIFLD_3659_fwd,400000000.0,24316514.98912018,126945024.126211,0,168
SUB_HIFLD_1060,SUB_HIFLD_841,meso_SUB_HIFLD_1060_SUB_HIFLD_841_fwd,3400000000.0,0.0,0.0,0,168
SUB_HIFLD_1060,SUB_HIFLD_845,meso_SUB_HIFLD_1060_SUB_HIFLD_845_fwd,400000000.0,166363076.14570603,218779724.40803364,0,168
SUB_HIFLD_1060,SUB_HIFLD_850,meso_SUB_HIFLD_1060_SUB_HIFLD_850_fwd,80000000.0,98908.28421484272,16616591.748093577,0,168
SUB_HIFLD_1060,SUB_HIFLD_838,meso_SUB_HIFLD_1060_SUB_HIFLD_838_fwd,3000000000.0,0.0,0.0,0,168
SUB_HIFLD_1060,WECC_SCE,iface_SUB_HIFLD_1060_WECC_SCE_to_ba,113551470.17117159,0.0,0.0,0,168
SUB_HIFLD_1062,SUB_10349,meso_SUB_HIFLD_1062_SUB_10349_fwd,5000000.0,0.0,0.0,0,168
SUB_HIFLD_1071,SUB_HIFLD_1059,meso_SUB_HIFLD_1071_SUB_HIFLD_1059_rev,60000000.0,1208362.1620223636,1574442.4676895142,0,168
SUB_HIFLD_1072,SUB_HIFLD_479,meso_SUB_HIFLD_1072_SUB_HIFLD_479_fwd,60000000.0,57176587.350538,57554397.8783814,0,168
SUB_HIFLD_1072,SUB_HIFLD_523,meso_SUB_HIFLD_1072_SUB_HIFLD_523_fwd,60000000.0,0.0,0.0,0,168
SUB_HIFLD_1072,SUB_HIFLD_2891,meso_SUB_HIFLD_1072_SUB_HIFLD_2891_rev,5000000.0,602857.4100825854,842220.3083628232,0,168
SUB_HIFLD_1089,SUB_15276,meso_SUB_HIFLD_1089_SUB_15276_rev,400000000.0,0.0,0.0,0,168
SUB_HIFLD_1089,WEC_BANC,iface_SUB_HIFLD_1089_WEC_BANC_to_ba,165200000.0,68862533.24143896,155581478.85393527,0,168
SUB_HIFLD_1126,SUB_HIFLD_1161,meso_SUB_HIFLD_1126_SUB_HIFLD_1161_fwd,400000000.0,876846.0731388577,49183693.05560967,0,168
SUB_HIFLD_1126,SUB_HIFLD_1871,meso_SUB_HIFLD_1126_SUB_HIFLD_1871_rev,5000000.0,1041507.1468173024,1304930.7105467492,0,168
SUB_HIFLD_1126,SUB_HIFLD_1872,meso_SUB_HIFLD_1126_SUB_HIFLD_1872_rev,5000000.0,1140265.2995458818,1201864.7518354594,0,168
SUB_HIFLD_1126,SUB_HIFLD_3999,meso_SUB_HIFLD_1126_SUB_HIFLD_3999_rev,8479972.079173844,0.0,0.0,0,168
SUB_HIFLD_1126,SUB_HIFLD_4002,meso_SUB_HIFLD_1126_SUB_HIFLD_4002_rev,21309857.90622843,0.0,0.0,0,168
SUB_HIFLD_1126,WEC_LADW,iface_SUB_HIFLD_1126_WEC_LADW_to_ba,75000000.0,47888015.469418034,49193548.19938816,0,168
SUB_HIFLD_1131,SUB_01201,meso_SUB_HIFLD_1131_SUB_01201_rev,150000000.0,181416.08936204965,5229068.088171265,0,168
SUB_HIFLD_1131,SUB_01254,meso_SUB_HIFLD_1131_SUB_01254_rev,150000000.0,0.0,0.0,0,168
SUB_HIFLD_1131,SUB_HIFLD_1139,meso_SUB_HIFLD_1131_SUB_HIFLD_1139_fwd,150000000.0,0.0,0.0,0,168
SUB_HIFLD_1135,SUB_16374,meso_SUB_HIFLD_1135_SUB_16374_rev,60000000.0,0.0,0.0,0,168
SUB_HIFLD_1135,SUB_16288,meso_SUB_HIFLD_1135_SUB_16288_rev,1500000000.0,192016.69470090367,28834763.181848053,0,168
SUB_HIFLD_1135,SUB_HIFLD_30,meso_SUB_HIFLD_1135_SUB_HIFLD_30_fwd,3000000000.0,0.0,0.0,0,168
SUB_HIFLD_1135,SUB_HIFLD_696,meso_SUB_HIFLD_1135_SUB_HIFLD_696_fwd,400000000.0,43464700.69992748,96994996.22120634,0,168
SUB_HIFLD_1139,SUB_HIFLD_1140,meso_SUB_HIFLD_1139_SUB_HIFLD_1140_fwd,150000000.0,37462386.272479,110516173.3238968,0,168
SUB_HIFLD_1139,SUB_HIFLD_4231,meso_SUB_HIFLD_1139_SUB_HIFLD_4231_fwd,150000000.0,1670343.726101387,8266322.968661265,0,168
SUB_HIFLD_1139,SUB_HIFLD_1131,meso_SUB_HIFLD_1139_SUB_HIFLD_1131_rev,150000000.0,1449697.75615014,7515330.603316663,0,168
SUB_HIFLD_1140,SUB_HIFLD_1,meso_SUB_HIFLD_1140_SUB_HIFLD_1_rev,150000000.0,25483632.600230157,88886007.15494162,0,168
SUB_HIFLD_1140,SUB_HIFLD_1139,meso_SUB_HIFLD_1140_SUB_HIFLD_1139_rev,150000000.0,0.0,0.0,0,168
SUB_HIFLD_1153,SUB_HIFLD_1833,meso_SUB_HIFLD_1153_SUB_HIFLD_1833_fwd,150000000.0,0.0,0.0,0,168
SUB_HIFLD_1153,SUB_HIFLD_2705,meso_SUB_HIFLD_1153_SUB_HIFLD_2705_fwd,150000000.0,0.0,0.0,0,168
SUB_HIFLD_1153,SUB_HIFLD_3623,meso_SUB_HIFLD_1153_SUB_HIFLD_3623_fwd,150000000.0,0.0,0.0,0,168
SUB_HIFLD_1156,SUB_HIFLD_1161,meso_SUB_HIFLD_1156_SUB_HIFLD_1161_fwd,400000000.0,0.0,0.0,0,168
SUB_HIFLD_1156,SUB_HIFLD_3955,meso_SUB_HIFLD_1156_SUB_HIFLD_3955_fwd,60000000.0,0.0,0.0,0,168
SUB_HIFLD_1156,SUB_HIFLD_4162,meso_SUB_HIFLD_1156_SUB_HIFLD_4162_fwd,400000000.0,0.0,0.0,0,168
SUB_HIFLD_1156,SUB_HIFLD_3570,meso_SUB_HIFLD_1156_SUB_HIFLD_3570_fwd,800000000.0,27847864.301648386,136126799.15186068,0,168
SUB_HIFLD_1156,SUB_HIFLD_1183,meso_SUB_HIFLD_1156_SUB_HIFLD_1183_rev,46865357.08219311,17818685.006363813,35670417.43563622,0,168
SUB_HIFLD_1156,WECC_SCE,iface_SUB_HIFLD_1156_WECC_SCE_to_ba,113551470.17117159,5542155.076526938,88366652.46683174,0,168
SUB_HIFLD_1157,SUB_HIFLD_2921,meso_SUB_HIFLD_1157_SUB_HIFLD_2921_fwd,400000000.0,0.0,0.0,0,168
SUB_HIFLD_1157,SUB_HIFLD_4038,meso_SUB_HIFLD_1157_SUB_HIFLD_4038_fwd,80000000.0,67147907.26412939,80000000.0,102,168
SUB_HIFLD_1157,SUB_HIFLD_497,meso_SUB_HIFLD_1157_SUB_HIFLD_497_fwd,400000000.0,0.0,0.0,0,168
SUB_HIFLD_1157,SUB_HIFLD_501,meso_SUB_HIFLD_1157_SUB_HIFLD_501_fwd,400000000.0,0.0,0.0,0,168
SUB_HIFLD_1157,SUB_HIFLD_1597,meso_SUB_HIFLD_1157_SUB_HIFLD_1597_fwd,80000000.0,0.0,0.0,0,168
SUB_HIFLD_1157,SUB_HIFLD_3757,meso_SUB_HIFLD_1157_SUB_HIFLD_3757_fwd,400000000.0,0.0,0.0,0,168
SUB_HIFLD_1157,SUB_HIFLD_3946,meso_SUB_HIFLD_1157_SUB_HIFLD_3946_fwd,400000000.0,0.0,0.0,0,168
SUB_HIFLD_1157,SUB_HIFLD_485,meso_SUB_HIFLD_1157_SUB_HIFLD_485_fwd,400000000.0,0.0,0.0,0,168
SUB_HIFLD_1157,SUB_HIFLD_596,meso_SUB_HIFLD_1157_SUB_HIFLD_596_fwd,400000000.0,0.0,0.0,0,168
SUB_HIFLD_1157,WEC_LADW,iface_SUB_HIFLD_1157_WEC_LADW_to_ba,20000000.0,0.0,0.0,0,168
SUB_HIFLD_1159,SUB_HIFLD_1160,meso_SUB_HIFLD_1159_SUB_HIFLD_1160_fwd,150000000.0,1866847.14935036,1900903.3765989481,0,168
SUB_HIFLD_1159,SUB_HIFLD_1164,meso_SUB_HIFLD_1159_SUB_HIFLD_1164_fwd,60000000.0,0.0,0.0,0,168
SUB_HIFLD_1160,SUB_HIFLD_1159,meso_SUB_HIFLD_1160_SUB_HIFLD_1159_rev,150000000.0,0.0,0.0,0,168
SUB_HIFLD_1160,SUB_HIFLD_322,meso_SUB_HIFLD_1160_SUB_HIFLD_322_fwd,5000000.0,5000000.0,5000000.0,168,168
SUB_HIFLD_1161,SUB_HIFLD_1126,meso_SUB_HIFLD_1161_SUB_HIFLD_1126_rev,400000000.0,0.0,0.0,0,168
SUB_HIFLD_1161,SUB_HIFLD_1156,meso_SUB_HIFLD_1161_SUB_HIFLD_1156_rev,400000000.0,9308689.937401371,63788182.26394138,0,168
SUB_HIFLD_1161,SUB_HIFLD_321,meso_SUB_HIFLD_1161_SUB_HIFLD_321_rev,5000000.0,0.0,0.0,0,168
SUB_HIFLD_1161,WEC_LADW,iface_SUB_HIFLD_1161_WEC_LADW_to_ba,40200000.0,7621850.753543322,16080000.0,0,168
SUB_HIFLD_1162,SUB_HIFLD_1047,meso_SUB_HIFLD_1162_SUB_HIFLD_1047_rev,400000000.0,0.0,0.0,0,168
SUB_HIFLD_1162,SUB_HIFLD_2493,meso_SUB_HIFLD_1162_SUB_HIFLD_2493_fwd,400000000.0,0.0,0.0,0,168
SUB_HIFLD_1162,SUB_HIFLD_915,meso_SUB_HIFLD_1162_SUB_HIFLD_915_fwd,80000000.0,78018689.66029784,80000000.0,114,168
SUB_HIFLD_1162,SUB_HIFLD_932,meso_SUB_HIFLD_1162_SUB_HIFLD_932_fwd,80000000.0,17648250.723059364,53665295.61300872,0,168
SUB_HIFLD_1162,SUB_HIFLD_939,meso_SUB_HIFLD_1162_SUB_HIFLD_939_fwd,80000000.0,59114206.8359068,80000000.0,29,168
SUB_HIFLD_1162,SUB_HIFLD_3707,meso_SUB_HIFLD_1162_SUB_HIFLD_3707_fwd,200000000.0,13209362.68607885,101993346.61284089,0,168
SUB_HIFLD_1162,WEC_SDGE,iface_SUB_HIFLD_1162_WEC_SDGE_to_ba,23537639.307721406,0.0,0.0,0,168
SUB_HIFLD_1163,SUB_HIFLD_3955,meso_SUB_HIFLD_1163_SUB_HIFLD_3955_fwd,60000000.0,0.0,0.0,0,168
SUB_HIFLD_1163,SUB_HIFLD_3051,meso_SUB_HIFLD_1163_SUB_HIFLD_3051_rev,5000000.0,0.0,0.0,0,168
SUB_HIFLD_1164,SUB_HIFLD_1159,meso_SUB_HIFLD_1164_SUB_HIFLD_1159_rev,60000000.0,0.0,0.0,0,168
SUB_HIFLD_1183,SUB_HIFLD_1156,meso_SUB_HIFLD_1183_SUB_HIFLD_1156_fwd,46865357.08219311,0.0,0.0,0,168
SUB_HIFLD_1206,SUB_HIFLD_434,meso_SUB_HIFLD_1206_SUB_HIFLD_434_fwd,400000000.0,79400816.93000002,79400816.93,0,168
SUB_HIFLD_1209,SUB_HIFLD_434,meso_SUB_HIFLD_1209_SUB_HIFLD_434_fwd,150000000.0,141170701.81999996,141170701.82,0,168
SUB_HIFLD_1213,SUB_HIFLD_4068,meso_SUB_HIFLD_1213_SUB_HIFLD_4068_fwd,80000000.0,10552404.957249051,10553868.54171753,0,168
SUB_HIFLD_1214,SUB_HIFLD_431,meso_SUB_HIFLD_1214_SUB_HIFLD_431_fwd,80000000.0,0.0,0.0,0,168
SUB_HIFLD_1214,SUB_HIFLD_436,meso_SUB_HIFLD_1214_SUB_HIFLD_436_fwd,80000000.0,16080000.0,16080000.0,0,168
SUB_HIFLD_1222,SUB_HIFLD_1042,meso_SUB_HIFLD_1222_SUB_HIFLD_1042_rev,60000000.0,24597786.847119406,60000000.0,54,168
SUB_HIFLD_1232,SUB_25277,meso_SUB_HIFLD_1232_SUB_25277_rev,80000000.0,4819264.414255424,9960000.0,0,168
SUB_HIFLD_1232,SUB_25297,meso_SUB_HIFLD_1232_SUB_25297_rev,80000000.0,5140735.585744576,9960000.0,0,168
SUB_HIFLD_1233,SUB_HIFLD_2556,meso_SUB_HIFLD_1233_SUB_HIFLD_2556_fwd,60000000.0,0.0,0.0,0,168
SUB_HIFLD_1233,SUB_HIFLD_434,meso_SUB_HIFLD_1233_SUB_HIFLD_434_fwd,60000000.0,0.0,0.0,0,168
SUB_HIFLD_1233,SUB_HIFLD_859,meso_SUB_HIFLD_1233_SUB_HIFLD_859_fwd,60000000.0,0.0,0.0,0,168
SUB_HIFLD_1248,SUB_HIFLD_1616,meso_SUB_HIFLD_1248_SUB_HIFLD_1616_fwd,80000000.0,38046.14629356897,206185.56701030929,0,168
SUB_HIFLD_1248,SUB_HIFLD_326,meso_SUB_HIFLD_1248_SUB_HIFLD_326_fwd,80000000.0,60686.078986781606,5097630.659215495,0,168
SUB_HIFLD_1248,SUB_HIFLD_364,meso_SUB_HIFLD_1248_SUB_HIFLD_364_fwd,80000000.0,0.0,0.0,0,168
SUB_HIFLD_1249,SUB_HIFLD_433,meso_SUB_HIFLD_1249_SUB_HIFLD_433_fwd,150000000.0,12061694.456689525,39000000.0,0,168
SUB_HIFLD_1250,SUB_HIFLD_1621,meso_SUB_HIFLD_1250_SUB_HIFLD_1621_fwd,400000000.0,30800000.0,30800000.0,0,168
SUB_HIFLD_1250,SUB_HIFLD_3331,meso_SUB_HIFLD_1250_SUB_HIFLD_3331_rev,5000000.0,0.0,0.0,0,168
SUB_HIFLD_1251,SUB_HIFLD_3228,meso_SUB_HIFLD_1251_SUB_HIFLD_3228_fwd,80000000.0,63526411.78053917,80000000.0,87,168
SUB_HIFLD_1251,SUB_HIFLD_3756,meso_SUB_HIFLD_1251_SUB_HIFLD_3756_fwd,80000000.0,12018336.736447798,16150203.492469395,0,168
SUB_HIFLD_1251,SUB_HIFLD_3757,meso_SUB_HIFLD_1251_SUB_HIFLD_3757_fwd,80000000.0,486488.3245461895,5267570.98325749,0,168
SUB_HIFLD_1251,SUB_HIFLD_3758,meso_SUB_HIFLD_1251_SUB_HIFLD_3758_fwd,80000000.0,42917375.33903686,71898478.267718,0,168
SUB_HIFLD_1252,SUB_HIFLD_1528,meso_SUB_HIFLD_1252_SUB_HIFLD_1528_fwd,80000000.0,0.0,0.0,0,168
SUB_HIFLD_1252,SUB_HIFLD_1657,meso_SUB_HIFLD_1252_SUB_HIFLD_1657_fwd,80000000.0,47227049.02800146,80000000.0,93,168
SUB_HIFLD_1253,SUB_HIFLD_3590,meso_SUB_HIFLD_1253_SUB_HIFLD_3590_fwd,80000000.0,0.0,0.0,0,168
SUB_HIFLD_1254,SUB_HIFLD_2845,meso_SUB_HIFLD_1254_SUB_HIFLD_2845_fwd,80000000.0,0.0,0.0,0,168
SUB_HIFLD_1254,SUB_HIFLD_3759,meso_SUB_HIFLD_1254_SUB_HIFLD_3759_fwd,1901111430.3751273,0.0,0.0,0,168
SUB_HIFLD_1255,SUB_HIFLD_1511,meso_SUB_HIFLD_1255_SUB_HIFLD_1511_fwd,400000000.0,0.0,0.0,0,168
SUB_HIFLD_1255,SUB_HIFLD_491,meso_SUB_HIFLD_1255_SUB_HIFLD_491_fwd,400000000.0,0.0,0.0,0,168
SUB_HIFLD_1256,SUB_HIFLD_1735,meso_SUB_HIFLD_1256_SUB_HIFLD_1735_fwd,80000000.0,0.0,0.0,0,168
SUB_HIFLD_1256,SUB_HIFLD_1759,meso_SUB_HIFLD_1256_SUB_HIFLD_1759_fwd,80000000.0,0.0,0.0,0,168
SUB_HIFLD_1257,SUB_HIFLD_1663,meso_SUB_HIFLD_1257_SUB_HIFLD_1663_fwd,80000000.0,60301157.11962234,80000000.0,36,168
SUB_HIFLD_1257,SUB_HIFLD_1679,meso_SUB_HIFLD_1257_SUB_HIFLD_1679_fwd,400000000.0,145635414.40084943,278900608.85855013,0,168
SUB_HIFLD_1257,SUB_HIFLD_1699,meso_SUB_HIFLD_1257_SUB_HIFLD_1699_fwd,80000000.0,66704829.087716125,80000000.0,57,168
SUB_HIFLD_1257,SUB_HIFLD_4193,meso_SUB_HIFLD_1257_SUB_HIFLD_4193_fwd,80000000.0,255173.29655456485,15104793.516554957,0,168
SUB_HIFLD_1257,SUB_HIFLD_1645,meso_SUB_HIFLD_1257_SUB_HIFLD_1645_fwd,80000000.0,79108769.23368447,80000000.0,150,168
SUB_HIFLD_1257,SUB_HIFLD_1664,meso_SUB_HIFLD_1257_SUB_HIFLD_1664_fwd,800000000.0,625758.4174957732,57937637.79072507,0,168
SUB_HIFLD_1257,SUB_HIFLD_841,meso_SUB_HIFLD_1257_SUB_HIFLD_841_fwd,400000000.0,0.0,0.0,0,168
SUB_HIFLD_1258,SUB_HIFLD_1624,meso_SUB_HIFLD_1258_SUB_HIFLD_1624_fwd,80000000.0,32661290.32,32661290.32,0,168
SUB_HIFLD_1259,SUB_HIFLD_1550,meso_SUB_HIFLD_1259_SUB_HIFLD_1550_fwd,80000000.0,1309709.469345015,22862241.22981435,0,168
SUB_HIFLD_1259,SUB_HIFLD_496,meso_SUB_HIFLD_1259_SUB_HIFLD_496_fwd,80000000.0,0.0,0.0,0,168
SUB_HIFLD_1259,SUB_HIFLD_497,meso_SUB_HIFLD_1259_SUB_HIFLD_497_fwd,80000000.0,0.0,0.0,0,168
SUB_HIFLD_1259,SUB_HIFLD_596,meso_SUB_HIFLD_1259_SUB_HIFLD_596_fwd,160000000.0,0.0,0.0,0,168
SUB_HIFLD_1260,SUB_HIFLD_1631,meso_SUB_HIFLD_1260_SUB_HIFLD_1631_fwd,80000000.0,10970804.122902332,13018177.15045103,0,168
SUB_HIFLD_1260,SUB_HIFLD_1655,meso_SUB_HIFLD_1260_SUB_HIFLD_1655_fwd,200000000.0,0.0,0.0,0,168
SUB_HIFLD_1260,SUB_HIFLD_1739,meso_SUB_HIFLD_1260_SUB_HIFLD_1739_fwd,200000000.0,16096146.14265745,43503801.35762323,0,168
SUB_HIFLD_1260,SUB_HIFLD_4154,meso_SUB_HIFLD_1260_SUB_HIFLD_4154_fwd,80000000.0,1289834.2095055764,2391644.772303473,0,168
SUB_HIFLD_1260,SUB_HIFLD_3509,meso_SUB_HIFLD_1260_SUB_HIFLD_3509_fwd,200000000.0,0.0,0.0,0,168
SUB_HIFLD_1261,SUB_HIFLD_1716,meso_SUB_HIFLD_1261_SUB_HIFLD_1716_fwd,400000000.0,0.0,0.0,0,168
SUB_HIFLD_1261,SUB_HIFLD_1775,meso_SUB_HIFLD_1261_SUB_HIFLD_1775_fwd,80000000.0,0.0,0.0,0,168
SUB_HIFLD_1261,SUB_HIFLD_3776,meso_SUB_HIFLD_1261_SUB_HIFLD_3776_fwd,80000000.0,0.0,0.0,0,168
SUB_HIFLD_1261,SUB_HIFLD_1599,meso_SUB_HIFLD_1261_SUB_HIFLD_1599_fwd,400000000.0,43116939.79110769,45900000.0,0,168
SUB_HIFLD_1261,SUB_HIFLD_1749,meso_SUB_HIFLD_1261_SUB_HIFLD_1749_fwd,80000000.0,0.0,0.0,0,168
SUB_HIFLD_1261,SUB_HIFLD_3775,meso_SUB_HIFLD_1261_SUB_HIFLD_3775_fwd,80000000.0,0.0,0.0,0,168
SUB_HIFLD_1262,SUB_HIFLD_1633,meso_SUB_HIFLD_1262_SUB_HIFLD_1633_fwd,80000000.0,0.0,0.0,0,168
SUB_HIFLD_1262,SUB_HIFLD_1676,meso_SUB_HIFLD_1262_SUB_HIFLD_1676_fwd,80000000.0,0.0,0.0,0,168
SUB_HIFLD_1263,SUB_HIFLD_1639,meso_SUB_HIFLD_1263_SUB_HIFLD_1639_fwd,400000000.0,0.0,0.0,0,168
SUB_HIFLD_1263,SUB_HIFLD_1650,meso_SUB_HIFLD_1263_SUB_HIFLD_1650_fwd,800000000.0,0.0,0.0,0,168
SUB_HIFLD_1263,SUB_HIFLD_1666,meso_SUB_HIFLD_1263_SUB_HIFLD_1666_fwd,80000000.0,0.0,0.0,0,168
SUB_HIFLD_1264,SUB_HIFLD_2744,meso_SUB_HIFLD_1264_SUB_HIFLD_2744_fwd,80000000.0,0.0,0.0,0,168
SUB_HIFLD_1264,SUB_HIFLD_2934,meso_SUB_HIFLD_1264_SUB_HIFLD_2934_fwd,80000000.0,3873523.7670291294,17381740.109945085,0,168
SUB_HIFLD_1265,SUB_HIFLD_3156,meso_SUB_HIFLD_1265_SUB_HIFLD_3156_fwd,80000000.0,0.0,0.0,0,168
SUB_HIFLD_1265,SUB_HIFLD_499,meso_SUB_HIFLD_1265_SUB_HIFLD_499_fwd,80000000.0,0.0,0.0,0,168
SUB_HIFLD_1266,SUB_HIFLD_3156,meso_SUB_HIFLD_1266_SUB_HIFLD_3156_fwd,200000000.0,0.0,0.0,0,168
SUB_HIFLD_1266,SUB_HIFLD_499,meso_SUB_HIFLD_1266_SUB_HIFLD_499_fwd,200000000.0,15000121.61492544,74638349.77300836,0,168
SUB_HIFLD_1266,SUB_HIFLD_1519,meso_SUB_HIFLD_1266_SUB_HIFLD_1519_fwd,200000000.0,0.0,0.0,0,168
SUB_HIFLD_1267,SUB_HIFLD_1565,meso_SUB_HIFLD_1267_SUB_HIFLD_1565_fwd,80000000.0,0.0,0.0,0,168
SUB_HIFLD_1267,SUB_HIFLD_1620,meso_SUB_HIFLD_1267_SUB_HIFLD_1620_fwd,80000000.0,0.0,0.0,0,168
SUB_HIFLD_1267,SUB_HIFLD_1625,meso_SUB_HIFLD_1267_SUB_HIFLD_1625_fwd,80000000.0,1651309.5238095238,10670000.0,0,168
SUB_HIFLD_1268,SUB_HIFLD_1570,meso_SUB_HIFLD_1268_SUB_HIFLD_1570_fwd,80000000.0,20345851.785855368,53238713.16811473,0,168
SUB_HIFLD_1268,SUB_HIFLD_1620,meso_SUB_HIFLD_1268_SUB_HIFLD_1620_fwd,400000000.0,0.0,0.0,0,168
SUB_HIFLD_1268,SUB_HIFLD_1650,meso_SUB_HIFLD_1268_SUB_HIFLD_1650_fwd,400000000.0,137404898.1474909,195000000.0,0,168
SUB_HIFLD_1274,SUB_HIFLD_2642,meso_SUB_HIFLD_1274_SUB_HIFLD_2642_fwd,150000000.0,1702037.5621118578,30422061.987722583,0,168
SUB_HIFLD_1274,SUB_HIFLD_1275,meso_SUB_HIFLD_1274_SUB_HIFLD_1275_fwd,150000000.0,38299205.433058,40725886.94461609,0,168
SUB_HIFLD_1275,SUB_HIFLD_2642,meso_SUB_HIFLD_1275_SUB_HIFLD_2642_fwd,300000000.0,0.0,0.0,0,168
SUB_HIFLD_1275,SUB_HIFLD_3219,meso_SUB_HIFLD_1275_SUB_HIFLD_3219_fwd,150000000.0,1250562.9137427062,19008260.789569132,0,168
SUB_HIFLD_1275,SUB_HIFLD_535,meso_SUB_HIFLD_1275_SUB_HIFLD_535_fwd,150000000.0,150000000.0,150000000.0,168,168
SUB_HIFLD_1275,SUB_HIFLD_1274,meso_SUB_HIFLD_1275_SUB_HIFLD_1274_rev,150000000.0,0.0,0.0,0,168
SUB_HIFLD_1276,SUB_HIFLD_309,meso_SUB_HIFLD_1276_SUB_HIFLD_309_fwd,150000000.0,0.0,0.0,0,168
SUB_HIFLD_1276,SUB_HIFLD_3594,meso_SUB_HIFLD_1276_SUB_HIFLD_3594_fwd,150000000.0,0.0,0.0,0,168
SUB_HIFLD_1276,SUB_HIFLD_293,meso_SUB_HIFLD_1276_SUB_HIFLD_293_fwd,150000000.0,13650942.96514858,106737033.21228623,0,168
SUB_HIFLD_1276,SUB_HIFLD_3238,meso_SUB_HIFLD_1276_SUB_HIFLD_3238_fwd,150000000.0,2492241.070746907,3836584.976038982,0,168
SUB_HIFLD_1285,SUB_HIFLD_2692,meso_SUB_HIFLD_1285_SUB_HIFLD_2692_fwd,210000000.0,0.0,0.0,0,168
SUB_HIFLD_1285,SUB_HIFLD_308,meso_SUB_HIFLD_1285_SUB_HIFLD_308_fwd,60000000.0,0.0,0.0,0,168
SUB_HIFLD_1285,SUB_HIFLD_3148,meso_SUB_HIFLD_1285_SUB_HIFLD_3148_fwd,1500000000.0,283152.6946435358,37188234.1531665,0,168
SUB_HIFLD_1285,SUB_HIFLD_760,meso_SUB_HIFLD_1285_SUB_HIFLD_760_fwd,150000000.0,0.0,0.0,0,168
SUB_HIFLD_1285,SUB_HIFLD_928,meso_SUB_HIFLD_1285_SUB_HIFLD_928_fwd,1500000000.0,438140638.8548324,784206785.1411269,0,168
SUB_HIFLD_1285,SUB_HIFLD_2872,meso_SUB_HIFLD_1285_SUB_HIFLD_2872_fwd,150000000.0,28802.499082899587,44338.894873550256,0,168
SUB_HIFLD_1285,SUB_HIFLD_305,meso_SUB_HIFLD_1285_SUB_HIFLD_305_fwd,150000000.0,0.0,0.0,0,168
SUB_HIFLD_1285,SUB_HIFLD_3241,meso_SUB_HIFLD_1285_SUB_HIFLD_3241_fwd,150000000.0,0.0,0.0,0,168
SUB_HIFLD_1285,WECC_IID,iface_SUB_HIFLD_1285_WECC_IID_to_ba,503523568.5300237,90195.98544467724,12960208.416596204,0,168
SUB_HIFLD_1286,SUB_HIFLD_279,meso_SUB_HIFLD_1286_SUB_HIFLD_279_fwd,60000000.0,7143230.668294061,10996371.286923124,0,168
SUB_HIFLD_1286,SUB_HIFLD_305,meso_SUB_HIFLD_1286_SUB_HIFLD_305_fwd,150000000.0,7845000.736718249,25324447.128453206,0,168
SUB_HIFLD_1286,SUB_HIFLD_308,meso_SUB_HIFLD_1286_SUB_HIFLD_308_fwd,60000000.0,12056645.746529948,19606470.701866545,0,168
SUB_HIFLD_1286,SUB_HIFLD_3712,meso_SUB_HIFLD_1286_SUB_HIFLD_3712_fwd,150000000.0,137000.75224444276,210900.53283062179,0,168
SUB_HIFLD_1286,SUB_HIFLD_4429,meso_SUB_HIFLD_1286_SUB_HIFLD_4429_fwd,150000000.0,0.0,0.0,0,168
SUB_HIFLD_1287,SUB_HIFLD_2201,meso_SUB_HIFLD_1287_SUB_HIFLD_2201_fwd,80000000.0,0.0,0.0,0,168
SUB_HIFLD_1287,SUB_HIFLD_2211,meso_SUB_HIFLD_1287_SUB_HIFLD_2211_fwd,80000000.0,1497459.9341171072,1936558.6428298163,0,168
SUB_HIFLD_1287,SUB_HIFLD_3276,meso_SUB_HIFLD_1287_SUB_HIFLD_3276_fwd,80000000.0,0.0,0.0,0,168
SUB_HIFLD_1294,SUB_10372,meso_SUB_HIFLD_1294_SUB_10372_rev,400000000.0,32778665.074665632,32793207.352638245,0,168
SUB_HIFLD_1294,SUB_HIFLD_1295,meso_SUB_HIFLD_1294_SUB_HIFLD_1295_rev,5000000.0,0.0,0.0,0,168
SUB_HIFLD_1295,SUB_HIFLD_1294,meso_SUB_HIFLD_1295_SUB_HIFLD_1294_fwd,5000000.0,5000000.0,5000000.0,168,168
SUB_HIFLD_1297,SUB_10132,meso_SUB_HIFLD_1297_SUB_10132_rev,400000000.0,0.0,0.0,0,168
SUB_HIFLD_1297,WEC_CALN,iface_SUB_HIFLD_1297_WEC_CALN_to_ba,400000000.0,68774261.43052535,68786206.48634434,0,168
SUB_HIFLD_1301,SUB_HIFLD_3963,meso_SUB_HIFLD_1301_SUB_HIFLD_3963_fwd,400000000.0,0.0,0.0,0,168
SUB_HIFLD_1301,WEC_BANC,iface_SUB_HIFLD_1301_WEC_BANC_to_ba,400000000.0,60139046.70289506,83194360.40568298,0,168
SUB_HIFLD_1310,SUB_HIFLD_1312,meso_SUB_HIFLD_1310_SUB_HIFLD_1312_fwd,150000000.0,876107.2558932501,2494513.3809813582,0,168
SUB_HIFLD_1310,SUB_HIFLD_1316,meso_SUB_HIFLD_1310_SUB_HIFLD_1316_fwd,150000000.0,0.0,0.0,0,168
SUB_HIFLD_1310,SUB_HIFLD_2167,meso_SUB_HIFLD_1310_SUB_HIFLD_2167_fwd,150000000.0,486633.1197571165,2495287.068285039,0,168
SUB_HIFLD_1310,SUB_10340,meso_SUB_HIFLD_1310_SUB_10340_rev,11438340.326892246,0.0,0.0,0,168
SUB_HIFLD_1310,SUB_HIFLD_2177,meso_SUB_HIFLD_1310_SUB_HIFLD_2177_rev,5000000.0,1980137.634698702,3540549.7442815723,0,168
SUB_HIFLD_1311,SUB_HIFLD_1312,meso_SUB_HIFLD_1311_SUB_HIFLD_1312_fwd,150000000.0,1680871.2038696755,5888289.888083457,0,168
SUB_HIFLD_1311,SUB_HIFLD_4097,meso_SUB_HIFLD_1311_SUB_HIFLD_4097_fwd,150000000.0,167411.75044907926,3992861.031933563,0,168
SUB_HIFLD_1311,SUB_HIFLD_4323,meso_SUB_HIFLD_1311_SUB_HIFLD_4323_fwd,150000000.0,2829614.2546340474,4979307.369897489,0,168
SUB_HIFLD_1311,SUB_HIFLD_4413,meso_SUB_HIFLD_1311_SUB_HIFLD_4413_fwd,150000000.0,0.0,0.0,0,168
SUB_HIFLD_1311,SUB_HIFLD_2168,meso_SUB_HIFLD_1311_SUB_HIFLD_2168_fwd,150000000.0,0.0,0.0,0,168
SUB_HIFLD_1312,SUB_HIFLD_1310,meso_SUB_HIFLD_1312_SUB_HIFLD_1310_rev,150000000.0,126120.7320710324,2257558.265644445,0,168
SUB_HIFLD_1312,SUB_HIFLD_1311,meso_SUB_HIFLD_1312_SUB_HIFLD_1311_rev,150000000.0,0.0,0.0,0,168
SUB_HIFLD_1316,SUB_HIFLD_1310,meso_SUB_HIFLD_1316_SUB_HIFLD_1310_rev,150000000.0,0.0,0.0,0,168
SUB_HIFLD_1316,SUB_HIFLD_3088,meso_SUB_HIFLD_1316_SUB_HIFLD_3088_rev,5000000.0,0.0,0.0,0,168
SUB_HIFLD_1317,SUB_10293,meso_SUB_HIFLD_1317_SUB_10293_rev,800000000.0,131667.64138086335,16232139.224032704,0,168
SUB_HIFLD_1317,SUB_HIFLD_1016,meso_SUB_HIFLD_1317_SUB_HIFLD_1016_rev,800000000.0,100378139.27179077,120698207.05400486,0,168
SUB_HIFLD_1317,SUB_HIFLD_3085,meso_SUB_HIFLD_1317_SUB_HIFLD_3085_fwd,150000000.0,0.0,0.0,0,168
SUB_HIFLD_1317,SUB_10345,meso_SUB_HIFLD_1317_SUB_10345_rev,400000000.0,0.0,0.0,0,168
SUB_HIFLD_1317,SUB_HIFLD_2166,meso_SUB_HIFLD_1317_SUB_HIFLD_2166_fwd,150000000.0,0.0,0.0,0,168
SUB_HIFLD_1317,WEC_BANC,iface_SUB_HIFLD_1317_WEC_BANC_to_ba,20000000.0,19880952.38095238,20000000.0,167,168
SUB_HIFLD_1318,SUB_HIFLD_2166,meso_SUB_HIFLD_1318_SUB_HIFLD_2166_fwd,60000000.0,0.0,0.0,0,168
SUB_HIFLD_1318,SUB_HIFLD_2171,meso_SUB_HIFLD_1318_SUB_HIFLD_2171_fwd,60000000.0,0.0,0.0,0,168
SUB_HIFLD_1318,SUB_HIFLD_2569,meso_SUB_HIFLD_1318_SUB_HIFLD_2569_fwd,60000000.0,675643.296877537,4222432.192574421,0,168
SUB_HIFLD_1318,SUB_HIFLD_2168,meso_SUB_HIFLD_1318_SUB_HIFLD_2168_fwd,400000000.0,0.0,0.0,0,168
SUB_HIFLD_1327,SUB_HIFLD_2193,meso_SUB_HIFLD_1327_SUB_HIFLD_2193_fwd,60000000.0,0.0,0.0,0,168
SUB_HIFLD_1327,SUB_HIFLD_3082,meso_SUB_HIFLD_1327_SUB_HIFLD_3082_fwd,60000000.0,0.0,0.0,0,168
SUB_HIFLD_1327,SUB_HIFLD_523,meso_SUB_HIFLD_1327_SUB_HIFLD_523_fwd,60000000.0,3880000.0,3880000.0,0,168
SUB_HIFLD_1332,SUB_HIFLD_2003,meso_SUB_HIFLD_1332_SUB_HIFLD_2003_fwd,60000000.0,2149149.755379354,3892623.6516421605,0,168
SUB_HIFLD_1332,SUB_HIFLD_2009,meso_SUB_HIFLD_1332_SUB_HIFLD_2009_fwd,60000000.0,0.0,0.0,0,168
SUB_HIFLD_1332,SUB_HIFLD_2751,meso_SUB_HIFLD_1332_SUB_HIFLD_2751_fwd,60000000.0,2622981.050556409,4750845.258260511,0,168
SUB_HIFLD_1333,SUB_HIFLD_1917,meso_SUB_HIFLD_1333_SUB_HIFLD_1917_fwd,60000000.0,0.0,0.0,0,168
SUB_HIFLD_1333,SUB_HIFLD_2005,meso_SUB_HIFLD_1333_SUB_HIFLD_2005_fwd,60000000.0,14212457.001364946,25163354.784155108,0,168
SUB_HIFLD_1333,SUB_HIFLD_2009,meso_SUB_HIFLD_1333_SUB_HIFLD_2009_fwd,60000000.0,6893523.507343786,13690131.56668906,0,168
SUB_HIFLD_1355,SUB_HIFLD_1356,meso_SUB_HIFLD_1355_SUB_HIFLD_1356_fwd,60000000.0,0.0,0.0,0,168
SUB_HIFLD_1355,SUB_HIFLD_3599,meso_SUB_HIFLD_1355_SUB_HIFLD_3599_fwd,60000000.0,17360556.7077106,29309995.572632108,0,168
SUB_HIFLD_1356,SUB_HIFLD_1016,meso_SUB_HIFLD_1356_SUB_HIFLD_1016_rev,400000000.0,0.0,0.0,0,168
SUB_HIFLD_1356,SUB_HIFLD_1355,meso_SUB_HIFLD_1356_SUB_HIFLD_1355_rev,60000000.0,25050958.531979963,40201716.973185085,0,168
SUB_HIFLD_1356,SUB_HIFLD_1357,meso_SUB_HIFLD_1356_SUB_HIFLD_1357_fwd,60000000.0,0.0,0.0,0,168
SUB_HIFLD_1356,SUB_HIFLD_1359,meso_SUB_HIFLD_1356_SUB_HIFLD_1359_fwd,400000000.0,538330.6131807958,2514369.406159391,0,168
SUB_HIFLD_1356,SUB_HIFLD_2010,meso_SUB_HIFLD_1356_SUB_HIFLD_2010_fwd,400000000.0,0.0,0.0,0,168
SUB_HIFLD_1356,SUB_HIFLD_3598,meso_SUB_HIFLD_1356_SUB_HIFLD_3598_fwd,150000000.0,9723563.195661038,14829173.140475646,0,168
SUB_HIFLD_1356,SUB_10293,meso_SUB_HIFLD_1356_SUB_10293_rev,400000000.0,0.0,0.0,0,168
SUB_HIFLD_1356,SUB_HIFLD_1361,meso_SUB_HIFLD_1356_SUB_HIFLD_1361_fwd,800000000.0,2238785.0979564246,103168640.3001176,0,168
SUB_HIFLD_1356,SUB_HIFLD_659,meso_SUB_HIFLD_1356_SUB_HIFLD_659_fwd,400000000.0,10381263.803177107,107544560.67220856,0,168
SUB_HIFLD_1356,WEC_BANC,iface_SUB_HIFLD_1356_WEC_BANC_to_ba,20000000.0,821117.1804993919,20000000.0,4,168
SUB_HIFLD_1357,SUB_06364,meso_SUB_HIFLD_1357_SUB_06364_rev,1010000000.0,30795251.94015868,149031705.8490576,0,168
SUB_HIFLD_1357,SUB_10225,meso_SUB_HIFLD_1357_SUB_10225_rev,800000000.0,0.0,0.0,0,168
SUB_HIFLD_1357,SUB_HIFLD_1356,meso_SUB_HIFLD_1357_SUB_HIFLD_1356_rev,60000000.0,32039583.114083163,60000000.0,30,168
SUB_HIFLD_1357,SUB_HIFLD_2010,meso_SUB_HIFLD_1357_SUB_HIFLD_2010_fwd,400000000.0,40805969.93406766,121794333.67636041,0,168
SUB_HIFLD_1357,WEC_CALN,iface_SUB_HIFLD_1357_WEC_CALN_to_ba,20000000.0,0.0,0.0,0,168
SUB_HIFLD_1359,SUB_HIFLD_1356,meso_SUB_HIFLD_1359_SUB_HIFLD_1356_rev,400000000.0,0.0,0.0,0,168
SUB_HIFLD_1359,SUB_HIFLD_2010,meso_SUB_HIFLD_1359_SUB_HIFLD_2010_fwd,400000000.0,0.0,0.0,0,168
SUB_HIFLD_1359,SUB_HIFLD_3257,meso_SUB_HIFLD_1359_SUB_HIFLD_3257_fwd,400000000.0,208203.55817908,17726074.79748382,0,168
SUB_HIFLD_1359,WEC_BANC,iface_SUB_HIFLD_1359_WEC_BANC_to_ba,20000000.0,0.0,0.0,0,168
SUB_HIFLD_1360,SUB_HIFLD_2251,meso_SUB_HIFLD_1360_SUB_HIFLD_2251_fwd,60000000.0,0.0,0.0,0,168
SUB_HIFLD_1360,SUB_04350,meso_SUB_HIFLD_1360_SUB_04350_rev,27792316.605766427,13433014.361531815,23558353.00720844,0,168
SUB_HIFLD_1361,SUB_HIFLD_2726,meso_SUB_HIFLD_1361_SUB_HIFLD_2726_fwd,400000000.0,0.0,0.0,0,168
SUB_HIFLD_1361,SUB_HIFLD_3257,meso_SUB_HIFLD_1361_SUB_HIFLD_3257_fwd,800000000.0,0.0,0.0,0,168
SUB_HIFLD_1361,SUB_HIFLD_3965,meso_SUB_HIFLD_1361_SUB_HIFLD_3965_fwd,400000000.0,0.0,0.0,0,168
SUB_HIFLD_1361,SUB_HIFLD_1356,meso_SUB_HIFLD_1361_SUB_HIFLD_1356_rev,800000000.0,0.0,0.0,0,168
SUB_HIFLD_1361,SUB_HIFLD_3920,meso_SUB_HIFLD_1361_SUB_HIFLD_3920_fwd,400000000.0,0.0,0.0,0,168
SUB_HIFLD_1361,SUB_HIFLD_669,meso_SUB_HIFLD_1361_SUB_HIFLD_669_fwd,400000000.0,23906359.174889132,47349234.3822726,0,168
SUB_HIFLD_1361,SUB_HIFLD_708,meso_SUB_HIFLD_1361_SUB_HIFLD_708_fwd,800000000.0,0.0,0.0,0,168
SUB_HIFLD_1361,SUB_HIFLD_730,meso_SUB_HIFLD_1361_SUB_HIFLD_730_fwd,800000000.0,87336709.29725325,204004311.5080425,0,168
SUB_HIFLD_1361,WEC_BANC,iface_SUB_HIFLD_1361_WEC_BANC_to_ba,215100000.0,0.0,0.0,0,168
SUB_HIFLD_1362,SUB_HIFLD_3497,meso_SUB_HIFLD_1362_SUB_HIFLD_3497_fwd,60000000.0,0.0,0.0,0,168
SUB_HIFLD_1363,SUB_HIFLD_4217,meso_SUB_HIFLD_1363_SUB_HIFLD_4217_fwd,60000000.0,24175057.37648124,52112119.94035505,0,168
SUB_HIFLD_1363,SUB_HIFLD_719,meso_SUB_HIFLD_1363_SUB_HIFLD_719_fwd,60000000.0,20106304.784073383,43410276.21386378,0,168
SUB_HIFLD_1364,SUB_HIFLD_705,meso_SUB_HIFLD_1364_SUB_HIFLD_705_fwd,60000000.0,0.0,0.0,0,168
SUB_HIFLD_1365,SUB_HIFLD_4217,meso_SUB_HIFLD_1365_SUB_HIFLD_4217_fwd,60000000.0,0.0,0.0,0,168
SUB_HIFLD_1366,SUB_HIFLD_2753,meso_SUB_HIFLD_1366_SUB_HIFLD_2753_fwd,150000000.0,0.0,0.0,0,168
SUB_HIFLD_1366,SUB_HIFLD_3456,meso_SUB_HIFLD_1366_SUB_HIFLD_3456_fwd,60000000.0,29568989.62698788,57067893.8294991,0,168
SUB_HIFLD_1366,SUB_HIFLD_627,meso_SUB_HIFLD_1366_SUB_HIFLD_627_fwd,400000000.0,24144.552886677957,1478857.7541587104,0,168
SUB_HIFLD_1366,SUB_HIFLD_729,meso_SUB_HIFLD_1366_SUB_HIFLD_729_fwd,60000000.0,14172.975140338911,126362.63739202441,0,168
SUB_HIFLD_1366,SUB_HIFLD_696,meso_SUB_HIFLD_1366_SUB_HIFLD_696_fwd,800000000.0,0.0,0.0,0,168
SUB_HIFLD_1366,WEC_BANC,iface_SUB_HIFLD_1366_WEC_BANC_to_ba,20000000.0,0.0,0.0,0,168
SUB_HIFLD_1367,SUB_HIFLD_742,meso_SUB_HIFLD_1367_SUB_HIFLD_742_fwd,60000000.0,0.0,0.0,0,168
SUB_HIFLD_1367,SUB_HIFLD_771,meso_SUB_HIFLD_1367_SUB_HIFLD_771_fwd,60000000.0,1446.0146514937521,2556.8067413015465,0,168
SUB_HIFLD_1367,SUB_HIFLD_784,meso_SUB_HIFLD_1367_SUB_HIFLD_784_fwd,60000000.0,0.0,0.0,0,168
SUB_HIFLD_1368,SUB_HIFLD_633,meso_SUB_HIFLD_1368_SUB_HIFLD_633_fwd,60000000.0,3781502.9210299915,6686334.700436936,0,168
SUB_HIFLD_1368,SUB_HIFLD_629,meso_SUB_HIFLD_1368_SUB_HIFLD_629_fwd,16836559.803415217,0.0,0.0,0,168
SUB_HIFLD_1370,SUB_06313,meso_SUB_HIFLD_1370_SUB_06313_rev,150000000.0,0.0,0.0,0,168
SUB_HIFLD_1370,SUB_06362,meso_SUB_HIFLD_1370_SUB_06362_rev,150000000.0,5325121.773815332,33636466.30355992,0,168
SUB_HIFLD_1370,SUB_HIFLD_3140,meso_SUB_HIFLD_1370_SUB_HIFLD_3140_fwd,150000000.0,0.0,0.0,0,168
SUB_HIFLD_1371,SUB_HIFLD_4006,meso_SUB_HIFLD_1371_SUB_HIFLD_4006_fwd,60000000.0,0.0,0.0,0,168
SUB_HIFLD_1372,SUB_HIFLD_727,meso_SUB_HIFLD_1372_SUB_HIFLD_727_fwd,60000000.0,0.0,0.0,0,168
SUB_HIFLD_1373,SUB_HIFLD_2712,meso_SUB_HIFLD_1373_SUB_HIFLD_2712_fwd,60000000.0,0.0,0.0,0,168
SUB_HIFLD_1373,SUB_HIFLD_3118,meso_SUB_HIFLD_1373_SUB_HIFLD_3118_fwd,60000000.0,17803235.650997262,31479121.348207336,0,168
SUB_HIFLD_1373,SUB_HIFLD_635,meso_SUB_HIFLD_1373_SUB_HIFLD_635_fwd,60000000.0,985905.8490031247,1743247.7970713193,0,168
SUB_HIFLD_1374,SUB_HIFLD_2964,meso_SUB_HIFLD_1374_SUB_HIFLD_2964_fwd,60000000.0,0.0,0.0,0,168
SUB_HIFLD_1375,SUB_HIFLD_2964,meso_SUB_HIFLD_1375_SUB_HIFLD_2964_fwd,60000000.0,1288835.878889545,11421615.400465354,0,168
SUB_HIFLD_1375,SUB_HIFLD_625,meso_SUB_HIFLD_1375_SUB_HIFLD_625_fwd,60000000.0,0.0,0.0,0,168
SUB_HIFLD_1376,SUB_HIFLD_2796,meso_SUB_HIFLD_1376_SUB_HIFLD_2796_fwd,60000000.0,31987892.934549343,60000000.0,15,168
SUB_HIFLD_1376,SUB_HIFLD_4278,meso_SUB_HIFLD_1376_SUB_HIFLD_4278_fwd,60000000.0,63804.88658211679,179178.8887185312,0,168
SUB_HIFLD_1376,SUB_HIFLD_754,meso_SUB_HIFLD_1376_SUB_HIFLD_754_fwd,60000000.0,5513.620634083661,9749.013369845361,0,168
SUB_HIFLD_1376,SUB_HIFLD_648,meso_SUB_HIFLD_1376_SUB_HIFLD_648_fwd,150000000.0,14483907.69196755,46812124.96186603,0,168
SUB_HIFLD_1376,SUB_HIFLD_691,meso_SUB_HIFLD_1376_SUB_HIFLD_691_fwd,150000000.0,24413703.09569474,81464627.14418587,0,168
SUB_HIFLD_1376,SUB_HIFLD_725,meso_SUB_HIFLD_1376_SUB_HIFLD_725_fwd,150000000.0,18475098.727285974,92650470.33211517,0,168
SUB_HIFLD_1378,SUB_HIFLD_746,meso_SUB_HIFLD_1378_SUB_HIFLD_746_fwd,15709435.700035933,0.0,0.0,0,168
SUB_HIFLD_1380,SUB_HIFLD_2777,meso_SUB_HIFLD_1380_SUB_HIFLD_2777_fwd,60000000.0,38175174.1187728,60000000.0,7,168
SUB_HIFLD_1380,SUB_HIFLD_676,meso_SUB_HIFLD_1380_SUB_HIFLD_676_fwd,60000000.0,45124846.631283335,60000000.0,23,168
SUB_HIFLD_1380,SUB_HIFLD_786,meso_SUB_HIFLD_1380_SUB_HIFLD_786_fwd,60000000.0,950087.3916976161,10508242.285711527,0,168
SUB_HIFLD_1380,SUB_HIFLD_691,meso_SUB_HIFLD_1380_SUB_HIFLD_691_fwd,150000000.0,1128203.3931092706,43160196.841435194,0,168
SUB_HIFLD_1380,SUB_HIFLD_708,meso_SUB_HIFLD_1380_SUB_HIFLD_708_fwd,400000000.0,0.0,0.0,0,168
SUB_HIFLD_1380,SUB_HIFLD_736,meso_SUB_HIFLD_1380_SUB_HIFLD_736_fwd,400000000.0,497396.83590848034,25870705.713347152,0,168
SUB_HIFLD_1380,SUB_HIFLD_758,meso_SUB_HIFLD_1380_SUB_HIFLD_758_fwd,150000000.0,1112613.1515009399,61944009.843802854,0,168
SUB_HIFLD_1380,SUB_HIFLD_761,meso_SUB_HIFLD_1380_SUB_HIFLD_761_fwd,150000000.0,1295120.415085089,19863959.258536953,0,168
SUB_HIFLD_1381,SUB_HIFLD_2759,meso_SUB_HIFLD_1381_SUB_HIFLD_2759_fwd,60000000.0,57038757.01631656,60000000.0,112,168
SUB_HIFLD_1381,SUB_HIFLD_753,meso_SUB_HIFLD_1381_SUB_HIFLD_753_fwd,80000000.0,23300096.05554177,45700662.41455078,0,168
SUB_HIFLD_1382,SUB_HIFLD_1383,meso_SUB_HIFLD_1382_SUB_HIFLD_1383_fwd,400000000.0,0.0,0.0,0,168
SUB_HIFLD_1382,SUB_HIFLD_630,meso_SUB_HIFLD_1382_SUB_HIFLD_630_fwd,60000000.0,12283757.160597969,24852938.8497861,0,168
SUB_HIFLD_1382,SUB_HIFLD_721,meso_SUB_HIFLD_1382_SUB_HIFLD_721_fwd,400000000.0,14530658.451993676,90845367.73302898,0,168
SUB_HIFLD_1382,SUB_HIFLD_782,meso_SUB_HIFLD_1382_SUB_HIFLD_782_fwd,60000000.0,1282307.6646951667,60000000.0,2,168
SUB_HIFLD_1382,SUB_HIFLD_4083,meso_SUB_HIFLD_1382_SUB_HIFLD_4083_fwd,400000000.0,14769090.464760363,74529507.63944294,0,168
SUB_HIFLD_1382,SUB_HIFLD_736,meso_SUB_HIFLD_1382_SUB_HIFLD_736_fwd,400000000.0,872206.7447888961,14001679.190409552,0,168
SUB_HIFLD_1382,WEC_BANC,iface_SUB_HIFLD_1382_WEC_BANC_to_ba,1080000000.0,0.0,0.0,0,168
SUB_HIFLD_1383,SUB_16368,meso_SUB_HIFLD_1383_SUB_16368_rev,400000000.0,11218825.233285656,197550887.34621754,0,168
SUB_HIFLD_1383,SUB_HIFLD_1382,meso_SUB_HIFLD_1383_SUB_HIFLD_1382_rev,400000000.0,35580749.01549635,261955005.3966562,0,168
SUB_HIFLD_1383,WEC_BANC,iface_SUB_HIFLD_1383_WEC_BANC_to_ba,513800000.0,14340339.624153998,273814563.13952816,0,168
SUB_HIFLD_1385,SUB_HIFLD_2823,meso_SUB_HIFLD_1385_SUB_HIFLD_2823_fwd,60000000.0,3420071.102277168,6047262.2900894005,0,168
SUB_HIFLD_1385,SUB_HIFLD_3542,meso_SUB_HIFLD_1385_SUB_HIFLD_3542_fwd,60000000.0,0.0,0.0,0,168
SUB_HIFLD_1386,SUB_HIFLD_2905,meso_SUB_HIFLD_1386_SUB_HIFLD_2905_fwd,60000000.0,0.0,0.0,0,168
SUB_HIFLD_1386,SUB_HIFLD_680,meso_SUB_HIFLD_1386_SUB_HIFLD_680_fwd,60000000.0,0.0,0.0,0,168
SUB_HIFLD_1394,SUB_HIFLD_3355,meso_SUB_HIFLD_1394_SUB_HIFLD_3355_fwd,60000000.0,16014727.626800537,18172519.02770996,0,168
SUB_HIFLD_1396,SUB_HIFLD_4309,meso_SUB_HIFLD_1396_SUB_HIFLD_4309_fwd,60000000.0,0.0,0.0,0,168
SUB_HIFLD_1397,SUB_HIFLD_3355,meso_SUB_HIFLD_1397_SUB_HIFLD_3355_fwd,60000000.0,0.0,0.0,0,168
SUB_HIFLD_1397,SUB_HIFLD_4022,meso_SUB_HIFLD_1397_SUB_HIFLD_4022_fwd,60000000.0,0.0,0.0,0,168
SUB_HIFLD_1397,SUB_HIFLD_4309,meso_SUB_HIFLD_1397_SUB_HIFLD_4309_fwd,60000000.0,401776.41859961656,28782439.713139042,0,168
SUB_HIFLD_1397,SUB_HIFLD_4330,meso_SUB_HIFLD_1397_SUB_HIFLD_4330_fwd,60000000.0,0.0,0.0,0,168
SUB_HIFLD_1397,SUB_16211,meso_SUB_HIFLD_1397_SUB_16211_rev,12874704.877142724,6205927.841793279,9288660.297197165,0,168
SUB_HIFLD_1409,SUB_HIFLD_1412,meso_SUB_HIFLD_1409_SUB_HIFLD_1412_fwd,60000000.0,101404.19893692997,2886343.6432644967,0,168
SUB_HIFLD_1409,SUB_HIFLD_2288,meso_SUB_HIFLD_1409_SUB_HIFLD_2288_fwd,60000000.0,1143670.0448187457,2241195.8517487515,0,168
SUB_HIFLD_1409,SUB_HIFLD_3551,meso_SUB_HIFLD_1409_SUB_HIFLD_3551_fwd,60000000.0,0.0,0.0,0,168
SUB_HIFLD_1409,SUB_HIFLD_4376,meso_SUB_HIFLD_1409_SUB_HIFLD_4376_fwd,60000000.0,0.0,0.0,0,168
SUB_HIFLD_1410,SUB_HIFLD_2279,meso_SUB_HIFLD_1410_SUB_HIFLD_2279_fwd,60000000.0,34519582.645366974,60000000.0,37,168
SUB_HIFLD_1410,SUB_HIFLD_2289,meso_SUB_HIFLD_1410_SUB_HIFLD_2289_fwd,60000000.0,32976055.344634578,60000000.0,11,168
SUB_HIFLD_1411,SUB_HIFLD_2293,meso_SUB_HIFLD_1411_SUB_HIFLD_2293_fwd,60000000.0,0.0,0.0,0,168
SUB_HIFLD_1411,SUB_HIFLD_3452,meso_SUB_HIFLD_1411_SUB_HIFLD_3452_fwd,60000000.0,2131286.6531416397,13574853.884404745,0,168
SUB_HIFLD_1412,SUB_HIFLD_1409,meso_SUB_HIFLD_1412_SUB_HIFLD_1409_rev,60000000.0,507998.2953837968,4644047.725911424,0,168
SUB_HIFLD_1412,SUB_HIFLD_2279,meso_SUB_HIFLD_1412_SUB_HIFLD_2279_fwd,60000000.0,0.0,0.0,0,168
SUB_HIFLD_1412,SUB_HIFLD_2780,meso_SUB_HIFLD_1412_SUB_HIFLD_2780_fwd,60000000.0,7042807.068635157,11849555.544509102,0,168
SUB_HIFLD_1412,SUB_HIFLD_3452,meso_SUB_HIFLD_1412_SUB_HIFLD_3452_fwd,60000000.0,8426848.200341538,26688807.657140262,0,168
SUB_HIFLD_1413,SUB_HIFLD_3450,meso_SUB_HIFLD_1413_SUB_HIFLD_3450_fwd,60000000.0,48040250.340089284,60000000.0,31,168
SUB_HIFLD_1413,SUB_HIFLD_3952,meso_SUB_HIFLD_1413_SUB_HIFLD_3952_fwd,60000000.0,13545228.996144596,49062534.408569336,0,168
SUB_HIFLD_1414,SUB_16267,meso_SUB_HIFLD_1414_SUB_16267_rev,150000000.0,0.0,0.0,0,168
SUB_HIFLD_1414,SUB_16274,meso_SUB_HIFLD_1414_SUB_16274_rev,60000000.0,12581672.915443335,33802290.66906934,0,168
SUB_HIFLD_1414,SUB_HIFLD_1035,meso_SUB_HIFLD_1414_SUB_HIFLD_1035_rev,150000000.0,0.0,0.0,0,168
SUB_HIFLD_1414,SUB_HIFLD_2318,meso_SUB_HIFLD_1414_SUB_HIFLD_2318_fwd,60000000.0,0.0,0.0,0,168
SUB_HIFLD_1414,SUB_HIFLD_2316,meso_SUB_HIFLD_1414_SUB_HIFLD_2316_rev,6571931.252663586,3486310.5585250896,5865733.793592945,0,168
SUB_HIFLD_1415,SUB_HIFLD_2489,meso_SUB_HIFLD_1415_SUB_HIFLD_2489_fwd,80000000.0,0.0,0.0,0,168
SUB_HIFLD_1416,SUB_HIFLD_1035,meso_SUB_HIFLD_1416_SUB_HIFLD_1035_rev,150000000.0,22139890.22923812,48401409.89111087,0,168
SUB_HIFLD_1416,SUB_HIFLD_1039,meso_SUB_HIFLD_1416_SUB_HIFLD_1039_rev,80000000.0,27630738.153018884,43354477.14038891,0,168
SUB_HIFLD_1416,SUB_HIFLD_1417,meso_SUB_HIFLD_1416_SUB_HIFLD_1417_fwd,150000000.0,0.0,0.0,0,168
SUB_HIFLD_1416,SUB_HIFLD_2308,meso_SUB_HIFLD_1416_SUB_HIFLD_2308_fwd,150000000.0,81209061.75998557,147146694.16047642,0,168
SUB_HIFLD_1416,SUB_HIFLD_2310,meso_SUB_HIFLD_1416_SUB_HIFLD_2310_fwd,80000000.0,21012.46965531354,3530094.9020926747,0,168
SUB_HIFLD_1416,SUB_HIFLD_2287,meso_SUB_HIFLD_1416_SUB_HIFLD_2287_fwd,400000000.0,3622840.870918718,29660310.231891684,0,168
SUB_HIFLD_1417,SUB_HIFLD_1416,meso_SUB_HIFLD_1417_SUB_HIFLD_1416_rev,150000000.0,132528273.58506688,150000000.0,97,168
SUB_HIFLD_1417,SUB_HIFLD_2310,meso_SUB_HIFLD_1417_SUB_HIFLD_2310_fwd,80000000.0,69935869.75856183,80000000.0,84,168
SUB_HIFLD_1418,SUB_HIFLD_2058,meso_SUB_HIFLD_1418_SUB_HIFLD_2058_fwd,120000000.0,0.0,0.0,0,168
SUB_HIFLD_1418,SUB_HIFLD_2062,meso_SUB_HIFLD_1418_SUB_HIFLD_2062_fwd,60000000.0,5771121.064214228,23786808.019673128,0,168
SUB_HIFLD_1418,SUB_02402,meso_SUB_HIFLD_1418_SUB_02402_rev,122276195.6209459,56819203.062436715,72195876.2886598,0,168
SUB_HIFLD_1423,SUB_01222,meso_SUB_HIFLD_1423_SUB_01222_rev,300000000.0,0.0,0.0,0,168
SUB_HIFLD_1423,SUB_08246,meso_SUB_HIFLD_1423_SUB_08246_rev,150000000.0,0.0,0.0,0,168
SUB_HIFLD_1423,SUB_HIFLD_2117,meso_SUB_HIFLD_1423_SUB_HIFLD_2117_fwd,150000000.0,0.0,0.0,0,168
SUB_HIFLD_1423,SUB_HIFLD_3161,meso_SUB_HIFLD_1423_SUB_HIFLD_3161_fwd,60000000.0,66116.41212954026,1279531.0108932026,0,168
SUB_HIFLD_1423,SUB_HIFLD_3263,meso_SUB_HIFLD_1423_SUB_HIFLD_3263_fwd,150000000.0,0.0,0.0,0,168
SUB_HIFLD_1423,SUB_HIFLD_3165,meso_SUB_HIFLD_1423_SUB_HIFLD_3165_fwd,300000000.0,0.0,0.0,0,168
SUB_HIFLD_1423,SUB_HIFLD_3170,meso_SUB_HIFLD_1423_SUB_HIFLD_3170_fwd,300000000.0,0.0,0.0,0,168
SUB_HIFLD_1442,SUB_HIFLD_859,meso_SUB_HIFLD_1442_SUB_HIFLD_859_fwd,150000000.0,0.0,0.0,0,168
SUB_HIFLD_1442,SUB_HIFLD_4427,meso_SUB_HIFLD_1442_SUB_HIFLD_4427_rev,5000000.0,7829.941032298009,9106.659151844142,0,168
SUB_HIFLD_1446,SUB_HIFLD_3938,meso_SUB_HIFLD_1446_SUB_HIFLD_3938_fwd,400000000.0,0.0,0.0,0,168
SUB_HIFLD_1446,SUB_HIFLD_793,meso_SUB_HIFLD_1446_SUB_HIFLD_793_fwd,400000000.0,0.0,0.0,0,168
SUB_HIFLD_1446,SUB_HIFLD_1487,meso_SUB_HIFLD_1446_SUB_HIFLD_1487_fwd,400000000.0,0.0,0.0,0,168
SUB_HIFLD_1446,WECC_SCE,iface_SUB_HIFLD_1446_WECC_SCE_to_ba,113551470.17117159,0.0,0.0,0,168
SUB_HIFLD_1448,SUB_HIFLD_3449,meso_SUB_HIFLD_1448_SUB_HIFLD_3449_fwd,150000000.0,14789063.553967288,150000000.0,8,168
SUB_HIFLD_1448,SUB_HIFLD_3673,meso_SUB_HIFLD_1448_SUB_HIFLD_3673_fwd,60000000.0,388783.54504250095,1325795.5754470946,0,168
SUB_HIFLD_1448,SUB_HIFLD_426,meso_SUB_HIFLD_1448_SUB_HIFLD_426_fwd,150000000.0,0.0,0.0,0,168
SUB_HIFLD_1448,SUB_HIFLD_865,meso_SUB_HIFLD_1448_SUB_HIFLD_865_fwd,150000000.0,41281199.560926594,72114420.81185047,0,168
SUB_HIFLD_1448,SUB_HIFLD_3401,meso_SUB_HIFLD_1448_SUB_HIFLD_3401_fwd,400000000.0,0.0,0.0,0,168
SUB_HIFLD_1448,SUB_HIFLD_821,meso_SUB_HIFLD_1448_SUB_HIFLD_821_fwd,150000000.0,0.0,0.0,0,168
SUB_HIFLD_1448,SUB_HIFLD_3990,meso_SUB_HIFLD_1448_SUB_HIFLD_3990_rev,5000000.0,7829.941049123079,9106.659643428842,0,168
SUB_HIFLD_1450,SUB_HIFLD_869,meso_SUB_HIFLD_1450_SUB_HIFLD_869_fwd,400000000.0,24384280.93194179,150074314.5694906,0,168
SUB_HIFLD_1450,SUB_HIFLD_3605,meso_SUB_HIFLD_1450_SUB_HIFLD_3605_rev,5000000.0,0.0,0.0,0,168
SUB_HIFLD_1453,SUB_HIFLD_1454,meso_SUB_HIFLD_1453_SUB_HIFLD_1454_fwd,150000000.0,0.0,0.0,0,168
SUB_HIFLD_1454,SUB_HIFLD_1453,meso_SUB_HIFLD_1454_SUB_HIFLD_1453_rev,150000000.0,0.0,0.0,0,168
SUB_HIFLD_1454,SUB_HIFLD_1455,meso_SUB_HIFLD_1454_SUB_HIFLD_1455_fwd,150000000.0,0.0,0.0,0,168
SUB_HIFLD_1454,SUB_HIFLD_2551,meso_SUB_HIFLD_1454_SUB_HIFLD_2551_fwd,150000000.0,5863655.128414464,16908216.373993002,0,168
SUB_HIFLD_1455,SUB_HIFLD_1454,meso_SUB_HIFLD_1455_SUB_HIFLD_1454_rev,150000000.0,3995877.9366845232,15314164.7555,0,168
SUB_HIFLD_1456,SUB_HIFLD_4418,meso_SUB_HIFLD_1456_SUB_HIFLD_4418_fwd,150000000.0,0.0,0.0,0,168
SUB_HIFLD_1457,SUB_HIFLD_2551,meso_SUB_HIFLD_1457_SUB_HIFLD_2551_fwd,150000000.0,1171029.857712393,2745243.94122,0,168
SUB_HIFLD_1457,SUB_HIFLD_3414,meso_SUB_HIFLD_1457_SUB_HIFLD_3414_fwd,150000000.0,2044688.458721234,19123944.221102275,0,168
SUB_HIFLD_1458,SUB_HIFLD_2103,meso_SUB_HIFLD_1458_SUB_HIFLD_2103_fwd,80000000.0,0.0,0.0,0,168
SUB_HIFLD_1461,SUB_HIFLD_3574,meso_SUB_HIFLD_1461_SUB_HIFLD_3574_fwd,150000000.0,16175.936313604878,298985.68694124644,0,168
SUB_HIFLD_1461,SUB_HIFLD_803,meso_SUB_HIFLD_1461_SUB_HIFLD_803_fwd,150000000.0,12943824.063686393,12960000.0,0,168
SUB_HIFLD_1462,SUB_HIFLD_1465,meso_SUB_HIFLD_1462_SUB_HIFLD_1465_fwd,60000000.0,848692.3311051492,1280000.0,0,168
SUB_HIFLD_1462,SUB_HIFLD_3005,meso_SUB_HIFLD_1462_SUB_HIFLD_3005_fwd,60000000.0,431307.6688948509,1280000.0,0,168
SUB_HIFLD_1463,SUB_HIFLD_1465,meso_SUB_HIFLD_1463_SUB_HIFLD_1465_fwd,60000000.0,0.0,0.0,0,168
SUB_HIFLD_1463,SUB_HIFLD_840,meso_SUB_HIFLD_1463_SUB_HIFLD_840_fwd,80000000.0,0.0,0.0,0,168
SUB_HIFLD_1464,SUB_HIFLD_840,meso_SUB_HIFLD_1464_SUB_HIFLD_840_fwd,150000000.0,0.0,0.0,0,168
SUB_HIFLD_1464,SUB_HIFLD_874,meso_SUB_HIFLD_1464_SUB_HIFLD_874_fwd,150000000.0,0.0,0.0,0,168
SUB_HIFLD_1465,SUB_HIFLD_1462,meso_SUB_HIFLD_1465_SUB_HIFLD_1462_rev,60000000.0,0.0,0.0,0,168
SUB_HIFLD_1465,SUB_HIFLD_1463,meso_SUB_HIFLD_1465_SUB_HIFLD_1463_rev,60000000.0,0.0,0.0,0,168
SUB_HIFLD_1465,SUB_HIFLD_831,meso_SUB_HIFLD_1465_SUB_HIFLD_831_fwd,60000000.0,2063231.5611719948,2481600.0,0,168
SUB_HIFLD_1466,SUB_HIFLD_840,meso_SUB_HIFLD_1466_SUB_HIFLD_840_fwd,150000000.0,0.0,0.0,0,168
SUB_HIFLD_1467,SUB_HIFLD_150,meso_SUB_HIFLD_1467_SUB_HIFLD_150_fwd,800000000.0,75714461.63208003,419181963.1729861,0,168
SUB_HIFLD_1467,SUB_HIFLD_808,meso_SUB_HIFLD_1467_SUB_HIFLD_808_fwd,80000000.0,0.0,0.0,0,168
SUB_HIFLD_1467,SUB_HIFLD_832,meso_SUB_HIFLD_1467_SUB_HIFLD_832_fwd,150000000.0,71772471.53363748,150000000.0,15,168
SUB_HIFLD_1467,SUB_HIFLD_866,meso_SUB_HIFLD_1467_SUB_HIFLD_866_fwd,150000000.0,24530400.50346586,120125851.63413024,0,168
SUB_HIFLD_1468,SUB_HIFLD_2894,meso_SUB_HIFLD_1468_SUB_HIFLD_2894_fwd,150000000.0,0.0,0.0,0,168
SUB_HIFLD_1468,SUB_HIFLD_3664,meso_SUB_HIFLD_1468_SUB_HIFLD_3664_fwd,80000000.0,69359291.1172132,80000000.0,105,168
SUB_HIFLD_1468,SUB_HIFLD_4050,meso_SUB_HIFLD_1468_SUB_HIFLD_4050_fwd,80000000.0,2662916.562790693,3060102.5489225737,0,168
SUB_HIFLD_1468,SUB_HIFLD_1013,meso_SUB_HIFLD_1468_SUB_HIFLD_1013_rev,80000000.0,0.0,0.0,0,168
SUB_HIFLD_1469,SUB_HIFLD_4321,meso_SUB_HIFLD_1469_SUB_HIFLD_4321_fwd,60000000.0,9127025.707202628,26434068.113237597,0,168
SUB_HIFLD_1469,SUB_HIFLD_874,meso_SUB_HIFLD_1469_SUB_HIFLD_874_fwd,150000000.0,31660.377571543773,831094.7039946067,0,168
SUB_HIFLD_1470,SUB_HIFLD_2776,meso_SUB_HIFLD_1470_SUB_HIFLD_2776_fwd,80000000.0,0.0,0.0,0,168
SUB_HIFLD_1470,SUB_HIFLD_822,meso_SUB_HIFLD_1470_SUB_HIFLD_822_fwd,80000000.0,232561.80904945044,20850444.612797998,0,168
SUB_HIFLD_1470,SUB_HIFLD_841,meso_SUB_HIFLD_1470_SUB_HIFLD_841_fwd,80000000.0,0.0,0.0,0,168
SUB_HIFLD_1471,SUB_HIFLD_813,meso_SUB_HIFLD_1471_SUB_HIFLD_813_fwd,80000000.0,5343292.857476968,30054221.510847997,0,168
SUB_HIFLD_1474,SUB_HIFLD_3220,meso_SUB_HIFLD_1474_SUB_HIFLD_3220_fwd,150000000.0,0.0,0.0,0,168
SUB_HIFLD_1474,SUB_HIFLD_566,meso_SUB_HIFLD_1474_SUB_HIFLD_566_fwd,150000000.0,22259146.555150885,57689860.70332804,0,168
SUB_HIFLD_1474,SUB_HIFLD_1477,meso_SUB_HIFLD_1474_SUB_HIFLD_1477_fwd,150000000.0,15900245.321765933,57123425.83925292,0,168
SUB_HIFLD_1474,SUB_HIFLD_1490,meso_SUB_HIFLD_1474_SUB_HIFLD_1490_fwd,300000000.0,0.0,0.0,0,168
SUB_HIFLD_1476,SUB_HIFLD_1477,meso_SUB_HIFLD_1476_SUB_HIFLD_1477_fwd,150000000.0,767101.4422561309,16520117.879619999,0,168
SUB_HIFLD_1476,SUB_HIFLD_3368,meso_SUB_HIFLD_1476_SUB_HIFLD_3368_fwd,150000000.0,0.0,0.0,0,168
SUB_HIFLD_1476,SUB_HIFLD_561,meso_SUB_HIFLD_1476_SUB_HIFLD_561_fwd,800000000.0,12341370.91647244,16819885.896099996,0,168
SUB_HIFLD_1477,SUB_HIFLD_1476,meso_SUB_HIFLD_1477_SUB_HIFLD_1476_rev,150000000.0,0.0,0.0,0,168
SUB_HIFLD_1477,SUB_HIFLD_3368,meso_SUB_HIFLD_1477_SUB_HIFLD_3368_fwd,1500000000.0,0.0,0.0,0,168
SUB_HIFLD_1477,SUB_HIFLD_589,meso_SUB_HIFLD_1477_SUB_HIFLD_589_fwd,1500000000.0,528764757.8832494,632531354.4339641,0,168
SUB_HIFLD_1477,SUB_HIFLD_1474,meso_SUB_HIFLD_1477_SUB_HIFLD_1474_rev,150000000.0,0.0,0.0,0,168
SUB_HIFLD_1477,SUB_HIFLD_561,meso_SUB_HIFLD_1477_SUB_HIFLD_561_fwd,150000000.0,5827210.922984829,150000000.0,1,168
SUB_HIFLD_1477,WECC_SCE,iface_SUB_HIFLD_1477_WECC_SCE_to_ba,517864581.56813514,0.0,0.0,0,168
SUB_HIFLD_1480,SUB_HIFLD_2640,meso_SUB_HIFLD_1480_SUB_HIFLD_2640_fwd,150000000.0,3539702.7380935657,51474789.477796815,0,168
SUB_HIFLD_1480,SUB_HIFLD_2970,meso_SUB_HIFLD_1480_SUB_HIFLD_2970_fwd,400000000.0,5851355.046050149,131310242.93443173,0,168
SUB_HIFLD_1480,SUB_HIFLD_3368,meso_SUB_HIFLD_1480_SUB_HIFLD_3368_fwd,150000000.0,79007.36680449035,13273237.623154378,0,168
SUB_HIFLD_1480,SUB_HIFLD_561,meso_SUB_HIFLD_1480_SUB_HIFLD_561_fwd,400000000.0,277531299.5093619,400000000.0,37,168
SUB_HIFLD_1480,WECC_SCE,iface_SUB_HIFLD_1480_WECC_SCE_to_ba,2800000000.0,0.0,0.0,0,168
SUB_HIFLD_1483,SUB_HIFLD_3934,meso_SUB_HIFLD_1483_SUB_HIFLD_3934_fwd,60000000.0,15775199.712484589,27861097.637334228,0,168
SUB_HIFLD_1483,SUB_HIFLD_552,meso_SUB_HIFLD_1483_SUB_HIFLD_552_fwd,150000000.0,48221541.14910552,88375754.37813972,0,168
SUB_HIFLD_1483,SUB_HIFLD_561,meso_SUB_HIFLD_1483_SUB_HIFLD_561_fwd,150000000.0,3491458.414654313,60482310.7031252,0,168
SUB_HIFLD_1483,SUB_HIFLD_566,meso_SUB_HIFLD_1483_SUB_HIFLD_566_fwd,300000000.0,556919.3271926263,32143937.05130743,0,168
SUB_HIFLD_1483,SUB_HIFLD_873,meso_SUB_HIFLD_1483_SUB_HIFLD_873_fwd,150000000.0,23990118.84391261,42788529.14823853,0,168
SUB_HIFLD_1484,SUB_HIFLD_3092,meso_SUB_HIFLD_1484_SUB_HIFLD_3092_fwd,80000000.0,66388.34338162286,11153241.68811264,0,168
SUB_HIFLD_1484,SUB_HIFLD_3096,meso_SUB_HIFLD_1484_SUB_HIFLD_3096_fwd,80000000.0,22672472.587906867,31212663.13894999,0,168
SUB_HIFLD_1484,SUB_HIFLD_3927,meso_SUB_HIFLD_1484_SUB_HIFLD_3927_fwd,60000000.0,1561862.1485339818,2028106.6265302836,0,168
SUB_HIFLD_1485,SUB_HIFLD_2970,meso_SUB_HIFLD_1485_SUB_HIFLD_2970_fwd,150000000.0,0.0,0.0,0,168
SUB_HIFLD_1485,SUB_HIFLD_566,meso_SUB_HIFLD_1485_SUB_HIFLD_566_fwd,150000000.0,0.0,0.0,0,168
SUB_HIFLD_1485,SUB_HIFLD_586,meso_SUB_HIFLD_1485_SUB_HIFLD_586_fwd,150000000.0,13832649.959418178,58539740.11413399,0,168
SUB_HIFLD_1486,SUB_HIFLD_1044,meso_SUB_HIFLD_1486_SUB_HIFLD_1044_rev,80000000.0,80000000.0,80000000.0,168,168
SUB_HIFLD_1486,SUB_HIFLD_581,meso_SUB_HIFLD_1486_SUB_HIFLD_581_fwd,80000000.0,38842472.32922277,80000000.0,8,168
SUB_HIFLD_1487,SUB_HIFLD_3938,meso_SUB_HIFLD_1487_SUB_HIFLD_3938_fwd,400000000.0,0.0,0.0,0,168
SUB_HIFLD_1487,SUB_HIFLD_571,meso_SUB_HIFLD_1487_SUB_HIFLD_571_fwd,80000000.0,0.0,0.0,0,168
SUB_HIFLD_1487,SUB_HIFLD_1446,meso_SUB_HIFLD_1487_SUB_HIFLD_1446_rev,400000000.0,0.0,0.0,0,168
SUB_HIFLD_1487,WECC_SCE,iface_SUB_HIFLD_1487_WECC_SCE_to_ba,113551470.17117159,0.0,0.0,0,168
SUB_HIFLD_1489,SUB_HIFLD_3607,meso_SUB_HIFLD_1489_SUB_HIFLD_3607_fwd,80000000.0,264420.33716985426,937749.6719360352,0,168
SUB_HIFLD_1489,SUB_HIFLD_3923,meso_SUB_HIFLD_1489_SUB_HIFLD_3923_fwd,80000000.0,1695579.6628301456,1960000.0,0,168
SUB_HIFLD_1490,SUB_HIFLD_2644,meso_SUB_HIFLD_1490_SUB_HIFLD_2644_fwd,150000000.0,315726.51915071835,14226961.69723318,0,168
SUB_HIFLD_1490,SUB_HIFLD_1474,meso_SUB_HIFLD_1490_SUB_HIFLD_1474_rev,300000000.0,1935329.6392161527,29394895.595607612,0,168
SUB_HIFLD_1490,SUB_HIFLD_3220,meso_SUB_HIFLD_1490_SUB_HIFLD_3220_fwd,150000000.0,0.0,0.0,0,168
SUB_HIFLD_1490,SUB_HIFLD_3357,meso_SUB_HIFLD_1490_SUB_HIFLD_3357_fwd,150000000.0,25538833.275825076,35173437.9909,0,168
SUB_HIFLD_1491,SUB_HIFLD_3971,meso_SUB_HIFLD_1491_SUB_HIFLD_3971_fwd,150000000.0,3160000.0,3160000.0,0,168
SUB_HIFLD_1492,SUB_HIFLD_1925,meso_SUB_HIFLD_1492_SUB_HIFLD_1925_fwd,80000000.0,6313137.516684127,23515981.772533502,0,168
SUB_HIFLD_1492,SUB_HIFLD_2936,meso_SUB_HIFLD_1492_SUB_HIFLD_2936_fwd,80000000.0,35368481.75374097,71660586.78348145,0,168
SUB_HIFLD_1492,SUB_HIFLD_3160,meso_SUB_HIFLD_1492_SUB_HIFLD_3160_fwd,80000000.0,0.0,0.0,0,168
SUB_HIFLD_1492,SUB_HIFLD_3701,meso_SUB_HIFLD_1492_SUB_HIFLD_3701_fwd,160000000.0,7404513.611779483,27848024.196746465,0,168
SUB_HIFLD_1493,SUB_HIFLD_2645,meso_SUB_HIFLD_1493_SUB_HIFLD_2645_fwd,80000000.0,0.0,0.0,0,168
SUB_HIFLD_1493,SUB_HIFLD_3699,meso_SUB_HIFLD_1493_SUB_HIFLD_3699_fwd,80000000.0,605438.7993089294,11973705.652654065,0,168
SUB_HIFLD_1493,SUB_HIFLD_3700,meso_SUB_HIFLD_1493_SUB_HIFLD_3700_fwd,80000000.0,0.0,0.0,0,168
SUB_HIFLD_1493,SUB_HIFLD_4197,meso_SUB_HIFLD_1493_SUB_HIFLD_4197_fwd,80000000.0,34261375.6608988,60638859.92960195,0,168
SUB_HIFLD_1494,SUB_HIFLD_1960,meso_SUB_HIFLD_1494_SUB_HIFLD_1960_fwd,80000000.0,0.0,0.0,0,168
SUB_HIFLD_1494,SUB_HIFLD_1961,meso_SUB_HIFLD_1494_SUB_HIFLD_1961_fwd,80000000.0,0.0,0.0,0,168
SUB_HIFLD_1494,SUB_HIFLD_3698,meso_SUB_HIFLD_1494_SUB_HIFLD_3698_fwd,80000000.0,24569611.178153757,67148537.93172581,0,168
SUB_HIFLD_1495,SUB_HIFLD_569,meso_SUB_HIFLD_1495_SUB_HIFLD_569_fwd,5000000.0,0.0,0.0,0,168
SUB_HIFLD_1496,SUB_HIFLD_1006,meso_SUB_HIFLD_1496_SUB_HIFLD_1006_rev,150000000.0,0.0,0.0,0,168
SUB_HIFLD_1496,SUB_HIFLD_3608,meso_SUB_HIFLD_1496_SUB_HIFLD_3608_fwd,150000000.0,1263624.9599236913,24198483.821590368,0,168
SUB_HIFLD_1497,SUB_HIFLD_3608,meso_SUB_HIFLD_1497_SUB_HIFLD_3608_fwd,150000000.0,13187397.253549922,40395783.62018018,0,168
SUB_HIFLD_1497,SUB_HIFLD_546,meso_SUB_HIFLD_1497_SUB_HIFLD_546_fwd,150000000.0,0.0,0.0,0,168
SUB_HIFLD_1498,SUB_HIFLD_589,meso_SUB_HIFLD_1498_SUB_HIFLD_589_fwd,1500000000.0,62326862.13969677,110144926.06603645,0,168
SUB_HIFLD_1498,WECC_SCE,iface_SUB_HIFLD_1498_WECC_SCE_to_ba,113551470.17117159,0.0,0.0,0,168
SUB_HIFLD_1499,SUB_HIFLD_3078,meso_SUB_HIFLD_1499_SUB_HIFLD_3078_fwd,150000000.0,0.0,0.0,0,168
SUB_HIFLD_1500,SUB_HIFLD_1501,meso_SUB_HIFLD_1500_SUB_HIFLD_1501_fwd,250000000.0,3899232.105476715,55589789.64606298,0,168
SUB_HIFLD_1500,SUB_HIFLD_3402,meso_SUB_HIFLD_1500_SUB_HIFLD_3402_fwd,150000000.0,0.0,0.0,0,168
SUB_HIFLD_1500,SUB_HIFLD_535,meso_SUB_HIFLD_1500_SUB_HIFLD_535_fwd,250000000.0,1574362.3849881834,70955036.92952351,0,168
SUB_HIFLD_1501,SUB_HIFLD_1500,meso_SUB_HIFLD_1501_SUB_HIFLD_1500_rev,250000000.0,694224.8788295629,6996802.13534955,0,168
SUB_HIFLD_1501,SUB_HIFLD_4024,meso_SUB_HIFLD_1501_SUB_HIFLD_4024_fwd,150000000.0,1286654.778987149,9701610.704420067,0,168
SUB_HIFLD_1501,SUB_HIFLD_4141,meso_SUB_HIFLD_1501_SUB_HIFLD_4141_fwd,150000000.0,236306.96292224812,2416451.176908827,0,168
SUB_HIFLD_1501,SUB_HIFLD_538,meso_SUB_HIFLD_1501_SUB_HIFLD_538_fwd,150000000.0,38391390.62460562,103913729.03938219,0,168
SUB_HIFLD_1501,SUB_HIFLD_546,meso_SUB_HIFLD_1501_SUB_HIFLD_546_fwd,150000000.0,26351199.539536033,56668792.35432349,0,168
SUB_HIFLD_1502,SUB_HIFLD_1008,meso_SUB_HIFLD_1502_SUB_HIFLD_1008_rev,150000000.0,87267075.68507144,125400211.37984759,0,168
SUB_HIFLD_1502,SUB_HIFLD_539,meso_SUB_HIFLD_1502_SUB_HIFLD_539_fwd,150000000.0,0.0,0.0,0,168
SUB_HIFLD_1502,SUB_HIFLD_3245,meso_SUB_HIFLD_1502_SUB_HIFLD_3245_fwd,150000000.0,11252240.73622586,15235121.957051385,0,168
SUB_HIFLD_1503,SUB_HIFLD_4141,meso_SUB_HIFLD_1503_SUB_HIFLD_4141_fwd,150000000.0,15997551.58507888,89596426.26953125,0,168
SUB_HIFLD_1503,SUB_HIFLD_539,meso_SUB_HIFLD_1503_SUB_HIFLD_539_fwd,150000000.0,140441216.58277497,150000000.0,103,168
SUB_HIFLD_1503,SUB_HIFLD_3251,meso_SUB_HIFLD_1503_SUB_HIFLD_3251_fwd,250000000.0,0.0,0.0,0,168
SUB_HIFLD_1504,SUB_HIFLD_2843,meso_SUB_HIFLD_1504_SUB_HIFLD_2843_fwd,150000000.0,0.0,0.0,0,168
SUB_HIFLD_1504,SUB_HIFLD_585,meso_SUB_HIFLD_1504_SUB_HIFLD_585_fwd,150000000.0,18057096.958385885,44426886.54457844,0,168
SUB_HIFLD_1504,SUB_HIFLD_589,meso_SUB_HIFLD_1504_SUB_HIFLD_589_fwd,150000000.0,0.0,0.0,0,168
SUB_HIFLD_1507,SUB_HIFLD_3767,meso_SUB_HIFLD_1507_SUB_HIFLD_3767_fwd,80000000.0,25853460.92806352,58648313.164465204,0,168
SUB_HIFLD_1507,SUB_HIFLD_493,meso_SUB_HIFLD_1507_SUB_HIFLD_493_fwd,400000000.0,0.0,0.0,0,168
SUB_HIFLD_1507,SUB_HIFLD_500,meso_SUB_HIFLD_1507_SUB_HIFLD_500_fwd,200000000.0,0.0,0.0,0,168
SUB_HIFLD_1507,WEC_LADW,iface_SUB_HIFLD_1507_WEC_LADW_to_ba,20000000.0,0.0,0.0,0,168
SUB_HIFLD_1509,SUB_HIFLD_1525,meso_SUB_HIFLD_1509_SUB_HIFLD_1525_fwd,400000000.0,0.0,0.0,0,168
SUB_HIFLD_1509,SUB_HIFLD_495,meso_SUB_HIFLD_1509_SUB_HIFLD_495_fwd,400000000.0,4392157.568271526,199671585.01126447,0,168
SUB_HIFLD_1509,SUB_HIFLD_1526,meso_SUB_HIFLD_1509_SUB_HIFLD_1526_fwd,400000000.0,31879021.36855487,400000000.0,4,168
SUB_HIFLD_1509,SUB_HIFLD_1686,meso_SUB_HIFLD_1509_SUB_HIFLD_1686_fwd,800000000.0,0.0,0.0,0,168
SUB_HIFLD_1509,SUB_HIFLD_3364,meso_SUB_HIFLD_1509_SUB_HIFLD_3364_fwd,400000000.0,0.0,0.0,0,168
SUB_HIFLD_1509,SUB_HIFLD_2608,meso_SUB_HIFLD_1509_SUB_HIFLD_2608_rev,74057060.94540705,33972201.56580195,45821862.667123064,0,168
SUB_HIFLD_1509,WEC_LADW,iface_SUB_HIFLD_1509_WEC_LADW_to_ba,725942939.0545931,0.0,0.0,0,168
SUB_HIFLD_1511,SUB_HIFLD_1255,meso_SUB_HIFLD_1511_SUB_HIFLD_1255_rev,400000000.0,0.0,0.0,0,168
SUB_HIFLD_1511,SUB_HIFLD_1723,meso_SUB_HIFLD_1511_SUB_HIFLD_1723_fwd,80000000.0,1694792.6696867233,2082526.5786082475,0,168
SUB_HIFLD_1511,SUB_HIFLD_1725,meso_SUB_HIFLD_1511_SUB_HIFLD_1725_fwd,80000000.0,78350804.60393225,80000000.0,119,168
SUB_HIFLD_1511,SUB_HIFLD_1745,meso_SUB_HIFLD_1511_SUB_HIFLD_1745_fwd,400000000.0,0.0,0.0,0,168
SUB_HIFLD_1511,SUB_HIFLD_2977,meso_SUB_HIFLD_1511_SUB_HIFLD_2977_fwd,80000000.0,29870615.39364599,52153470.71112714,0,168
SUB_HIFLD_1511,SUB_HIFLD_3769,meso_SUB_HIFLD_1511_SUB_HIFLD_3769_fwd,80000000.0,79259846.57461452,80000000.0,151,168
SUB_HIFLD_1511,SUB_HIFLD_500,meso_SUB_HIFLD_1511_SUB_HIFLD_500_fwd,200000000.0,80883234.83989942,111520789.70682992,0,168
SUB_HIFLD_1511,SUB_HIFLD_3509,meso_SUB_HIFLD_1511_SUB_HIFLD_3509_fwd,400000000.0,0.0,0.0,0,168
SUB_HIFLD_1511,SUB_HIFLD_491,meso_SUB_HIFLD_1511_SUB_HIFLD_491_fwd,400000000.0,0.0,0.0,0,168
SUB_HIFLD_1511,WEC_LADW,iface_SUB_HIFLD_1511_WEC_LADW_to_ba,20000000.0,0.0,0.0,0,168
SUB_HIFLD_1515,SUB_HIFLD_4243,meso_SUB_HIFLD_1515_SUB_HIFLD_4243_fwd,400000000.0,78854538.14887364,147723447.29387096,0,168
SUB_HIFLD_1515,SUB_HIFLD_4245,meso_SUB_HIFLD_1515_SUB_HIFLD_4245_fwd,80000000.0,76850798.79970086,80000000.0,138,168
SUB_HIFLD_1515,SUB_HIFLD_494,meso_SUB_HIFLD_1515_SUB_HIFLD_494_fwd,80000000.0,20188923.033395357,63824138.629461154,0,168
SUB_HIFLD_1515,SUB_HIFLD_495,meso_SUB_HIFLD_1515_SUB_HIFLD_495_fwd,400000000.0,823526.0444228548,138352375.4630396,0,168
SUB_HIFLD_1515,SUB_HIFLD_3589,meso_SUB_HIFLD_1515_SUB_HIFLD_3589_fwd,400000000.0,123053208.94458961,152403377.6037472,0,168
SUB_HIFLD_1515,SUB_HIFLD_3754,meso_SUB_HIFLD_1515_SUB_HIFLD_3754_fwd,60000000.0,57963121.16108972,60000000.0,138,168
SUB_HIFLD_1515,SUB_HIFLD_501,meso_SUB_HIFLD_1515_SUB_HIFLD_501_fwd,800000000.0,29817229.049636148,216588839.88339967,0,168
SUB_HIFLD_1515,WEC_LADW,iface_SUB_HIFLD_1515_WEC_LADW_to_ba,556000000.0,0.0,0.0,0,168
SUB_HIFLD_1517,SUB_HIFLD_496,meso_SUB_HIFLD_1517_SUB_HIFLD_496_fwd,400000000.0,35134106.58136097,296991065.9528482,0,168
SUB_HIFLD_1517,WEC_LADW,iface_SUB_HIFLD_1517_WEC_LADW_to_ba,1200000000.0,0.0,0.0,0,168
SUB_HIFLD_1519,SUB_HIFLD_3156,meso_SUB_HIFLD_1519_SUB_HIFLD_3156_fwd,80000000.0,32121945.41539346,80000000.0,16,168
SUB_HIFLD_1519,SUB_HIFLD_3593,meso_SUB_HIFLD_1519_SUB_HIFLD_3593_fwd,80000000.0,62150177.78440966,80000000.0,52,168
SUB_HIFLD_1519,SUB_HIFLD_1266,meso_SUB_HIFLD_1519_SUB_HIFLD_1266_rev,200000000.0,3921190.9857108523,67589263.48731633,0,168
SUB_HIFLD_1519,SUB_HIFLD_3428,meso_SUB_HIFLD_1519_SUB_HIFLD_3428_fwd,200000000.0,152472457.20571533,200000000.0,6,168
SUB_HIFLD_1521,SUB_HIFLD_501,meso_SUB_HIFLD_1521_SUB_HIFLD_501_fwd,400000000.0,170104109.726797,400000000.0,3,168
SUB_HIFLD_1521,SUB_HIFLD_2916,meso_SUB_HIFLD_1521_SUB_HIFLD_2916_rev,161228303.12217122,77806649.01845762,104556326.76586662,0,168
SUB_HIFLD_1521,WEC_LADW,iface_SUB_HIFLD_1521_WEC_LADW_to_ba,638771696.8778288,0.0,0.0,0,168
SUB_HIFLD_1523,SUB_HIFLD_1525,meso_SUB_HIFLD_1523_SUB_HIFLD_1525_fwd,400000000.0,0.0,0.0,0,168
SUB_HIFLD_1523,SUB_HIFLD_4143,meso_SUB_HIFLD_1523_SUB_HIFLD_4143_rev,139925572.84788823,67172553.14268433,90266265.55452642,0,168
SUB_HIFLD_1523,WEC_LADW,iface_SUB_HIFLD_1523_WEC_LADW_to_ba,660074427.1521118,0.0,0.0,0,168
SUB_HIFLD_1525,SUB_HIFLD_1509,meso_SUB_HIFLD_1525_SUB_HIFLD_1509_rev,400000000.0,0.0,0.0,0,168
SUB_HIFLD_1525,SUB_HIFLD_1523,meso_SUB_HIFLD_1525_SUB_HIFLD_1523_rev,400000000.0,0.0,0.0,0,168
SUB_HIFLD_1525,SUB_HIFLD_491,meso_SUB_HIFLD_1525_SUB_HIFLD_491_fwd,400000000.0,156903709.99197987,315203496.01970214,0,168
SUB_HIFLD_1525,SUB_HIFLD_495,meso_SUB_HIFLD_1525_SUB_HIFLD_495_fwd,400000000.0,10466435.58787808,178386618.82274732,0,168
SUB_HIFLD_1525,SUB_HIFLD_2627,meso_SUB_HIFLD_1525_SUB_HIFLD_2627_rev,67532134.78754833,31664177.564902816,42550220.73332796,0,168
SUB_HIFLD_1525,SUB_HIFLD_2663,meso_SUB_HIFLD_1525_SUB_HIFLD_2663_rev,89176857.6506629,42508103.1758117,57122254.298888534,0,168
SUB_HIFLD_1525,SUB_HIFLD_2903,meso_SUB_HIFLD_1525_SUB_HIFLD_2903_rev,143288477.69819474,69213517.07956636,93008903.83376288,0,168
SUB_HIFLD_1525,WEC_LADW,iface_SUB_HIFLD_1525_WEC_LADW_to_ba,900002529.863594,0.0,0.0,0,168
SUB_HIFLD_1526,SUB_HIFLD_1687,meso_SUB_HIFLD_1526_SUB_HIFLD_1687_fwd,400000000.0,22092935.69035241,315238590.9949176,0,168
SUB_HIFLD_1526,SUB_HIFLD_2596,meso_SUB_HIFLD_1526_SUB_HIFLD_2596_fwd,80000000.0,30199680.445232198,80000000.0,6,168
SUB_HIFLD_1526,SUB_HIFLD_3153,meso_SUB_HIFLD_1526_SUB_HIFLD_3153_fwd,400000000.0,0.0,0.0,0,168
SUB_HIFLD_1526,SUB_HIFLD_3183,meso_SUB_HIFLD_1526_SUB_HIFLD_3183_fwd,400000000.0,57949454.19886678,113518027.55139537,0,168
SUB_HIFLD_1526,SUB_HIFLD_3364,meso_SUB_HIFLD_1526_SUB_HIFLD_3364_fwd,400000000.0,0.0,0.0,0,168
SUB_HIFLD_1526,SUB_HIFLD_3587,meso_SUB_HIFLD_1526_SUB_HIFLD_3587_fwd,80000000.0,12870114.303792318,45122551.79808312,0,168
SUB_HIFLD_1526,SUB_HIFLD_495,meso_SUB_HIFLD_1526_SUB_HIFLD_495_fwd,400000000.0,0.0,0.0,0,168
SUB_HIFLD_1526,SUB_HIFLD_1509,meso_SUB_HIFLD_1526_SUB_HIFLD_1509_rev,400000000.0,0.0,0.0,0,168
SUB_HIFLD_1526,SUB_HIFLD_1597,meso_SUB_HIFLD_1526_SUB_HIFLD_1597_fwd,400000000.0,138553143.7710685,299400220.1040996,0,168
SUB_HIFLD_1526,SUB_HIFLD_1617,meso_SUB_HIFLD_1526_SUB_HIFLD_1617_fwd,400000000.0,1295851.5275337826,85318284.4336107,0,168
SUB_HIFLD_1526,SUB_HIFLD_1686,meso_SUB_HIFLD_1526_SUB_HIFLD_1686_fwd,400000000.0,0.0,0.0,0,168
SUB_HIFLD_1526,WEC_LADW,iface_SUB_HIFLD_1526_WEC_LADW_to_ba,20000000.0,0.0,0.0,0,168
SUB_HIFLD_1527,SUB_HIFLD_3050,meso_SUB_HIFLD_1527_SUB_HIFLD_3050_fwd,80000000.0,213038.12236468308,23433685.32550616,0,168
SUB_HIFLD_1527,SUB_HIFLD_4245,meso_SUB_HIFLD_1527_SUB_HIFLD_4245_fwd,80000000.0,0.0,0.0,0,168
SUB_HIFLD_1527,SUB_HIFLD_2604,meso_SUB_HIFLD_1527_SUB_HIFLD_2604_rev,31582359.443511467,15275480.646237358,20527142.711521424,0,168
SUB_HIFLD_1528,SUB_HIFLD_1252,meso_SUB_HIFLD_1528_SUB_HIFLD_1252_rev,80000000.0,0.0,0.0,0,168
SUB_HIFLD_1528,SUB_HIFLD_501,meso_SUB_HIFLD_1528_SUB_HIFLD_501_fwd,80000000.0,0.0,0.0,0,168
SUB_HIFLD_1528,SUB_HIFLD_3404,meso_SUB_HIFLD_1528_SUB_HIFLD_3404_rev,20010893.473662764,9690547.86155899,13022128.044207072,0,168
SUB_HIFLD_1529,SUB_HIFLD_1546,meso_SUB_HIFLD_1529_SUB_HIFLD_1546_fwd,80000000.0,0.0,0.0,0,168
SUB_HIFLD_1529,SUB_HIFLD_3948,meso_SUB_HIFLD_1529_SUB_HIFLD_3948_fwd,80000000.0,0.0,0.0,0,168
SUB_HIFLD_1529,SUB_HIFLD_4089,meso_SUB_HIFLD_1529_SUB_HIFLD_4089_fwd,80000000.0,0.0,0.0,0,168
SUB_HIFLD_1529,SUB_HIFLD_4283,meso_SUB_HIFLD_1529_SUB_HIFLD_4283_fwd,80000000.0,844202.4334130337,9339233.760243839,0,168
SUB_HIFLD_1530,SUB_HIFLD_1609,meso_SUB_HIFLD_1530_SUB_HIFLD_1609_fwd,80000000.0,0.0,0.0,0,168
SUB_HIFLD_1530,SUB_HIFLD_1716,meso_SUB_HIFLD_1530_SUB_HIFLD_1716_fwd,400000000.0,0.0,0.0,0,168
SUB_HIFLD_1531,SUB_HIFLD_1630,meso_SUB_HIFLD_1531_SUB_HIFLD_1630_fwd,80000000.0,0.0,0.0,0,168
SUB_HIFLD_1531,SUB_HIFLD_2998,meso_SUB_HIFLD_1531_SUB_HIFLD_2998_fwd,80000000.0,0.0,0.0,0,168
SUB_HIFLD_1532,SUB_HIFLD_1613,meso_SUB_HIFLD_1532_SUB_HIFLD_1613_fwd,80000000.0,0.0,0.0,0,168
SUB_HIFLD_1532,SUB_HIFLD_1703,meso_SUB_HIFLD_1532_SUB_HIFLD_1703_fwd,80000000.0,8163186.512568596,31771732.762451164,0,168
SUB_HIFLD_1533,SUB_HIFLD_4326,meso_SUB_HIFLD_1533_SUB_HIFLD_4326_fwd,80000000.0,0.0,0.0,0,168
SUB_HIFLD_1534,SUB_HIFLD_1618,meso_SUB_HIFLD_1534_SUB_HIFLD_1618_fwd,80000000.0,0.0,0.0,0,168
SUB_HIFLD_1534,SUB_HIFLD_1713,meso_SUB_HIFLD_1534_SUB_HIFLD_1713_fwd,80000000.0,0.0,0.0,0,168
SUB_HIFLD_1534,SUB_HIFLD_3724,meso_SUB_HIFLD_1534_SUB_HIFLD_3724_fwd,80000000.0,2947631.4105055733,3620279.0484011313,0,168
SUB_HIFLD_1535,SUB_HIFLD_1639,meso_SUB_HIFLD_1535_SUB_HIFLD_1639_fwd,80000000.0,0.0,0.0,0,168
SUB_HIFLD_1535,SUB_HIFLD_1666,meso_SUB_HIFLD_1535_SUB_HIFLD_1666_fwd,80000000.0,0.0,0.0,0,168
SUB_HIFLD_1535,SUB_HIFLD_1755,meso_SUB_HIFLD_1535_SUB_HIFLD_1755_fwd,80000000.0,25028732.5591056,29635633.36082391,0,168
SUB_HIFLD_1535,SUB_HIFLD_2643,meso_SUB_HIFLD_1535_SUB_HIFLD_2643_fwd,80000000.0,0.0,0.0,0,168
SUB_HIFLD_1536,SUB_HIFLD_2983,meso_SUB_HIFLD_1536_SUB_HIFLD_2983_fwd,80000000.0,0.0,0.0,0,168
SUB_HIFLD_1537,SUB_HIFLD_1541,meso_SUB_HIFLD_1537_SUB_HIFLD_1541_fwd,80000000.0,13525030.466525367,17718387.62022025,0,168
SUB_HIFLD_1537,SUB_HIFLD_1713,meso_SUB_HIFLD_1537_SUB_HIFLD_1713_fwd,80000000.0,0.0,0.0,0,168
SUB_HIFLD_1537,SUB_HIFLD_2827,meso_SUB_HIFLD_1537_SUB_HIFLD_2827_fwd,80000000.0,0.0,0.0,0,168
SUB_HIFLD_1537,SUB_HIFLD_2832,meso_SUB_HIFLD_1537_SUB_HIFLD_2832_fwd,80000000.0,1037882.0782722932,2649638.2689093384,0,168
SUB_HIFLD_1538,SUB_25348,meso_SUB_HIFLD_1538_SUB_25348_rev,1200000000.0,4359399.070577564,74643685.34742554,0,168
SUB_HIFLD_1538,SUB_HIFLD_1590,meso_SUB_HIFLD_1538_SUB_HIFLD_1590_fwd,80000000.0,1145685.68222336,2949700.6131201675,0,168
SUB_HIFLD_1538,SUB_HIFLD_1687,meso_SUB_HIFLD_1538_SUB_HIFLD_1687_fwd,1500000000.0,332557842.46498495,808338512.0179675,0,168
SUB_HIFLD_1538,SUB_HIFLD_1701,meso_SUB_HIFLD_1538_SUB_HIFLD_1701_fwd,80000000.0,21102072.53554914,54024928.03613175,0,168
SUB_HIFLD_1538,SUB_HIFLD_1730,meso_SUB_HIFLD_1538_SUB_HIFLD_1730_fwd,80000000.0,41808588.37381796,80000000.0,35,168
SUB_HIFLD_1538,SUB_HIFLD_2635,meso_SUB_HIFLD_1538_SUB_HIFLD_2635_fwd,400000000.0,0.0,0.0,0,168
SUB_HIFLD_1538,SUB_HIFLD_2933,meso_SUB_HIFLD_1538_SUB_HIFLD_2933_fwd,80000000.0,3213123.3093093634,11626986.666372085,0,168
SUB_HIFLD_1538,SUB_HIFLD_2946,meso_SUB_HIFLD_1538_SUB_HIFLD_2946_fwd,1500000000.0,0.0,0.0,0,168
SUB_HIFLD_1538,SUB_HIFLD_3063,meso_SUB_HIFLD_1538_SUB_HIFLD_3063_fwd,1500000000.0,0.0,0.0,0,168
SUB_HIFLD_1538,SUB_HIFLD_4073,meso_SUB_HIFLD_1538_SUB_HIFLD_4073_fwd,80000000.0,0.0,0.0,0,168
SUB_HIFLD_1538,SUB_25277,meso_SUB_HIFLD_1538_SUB_25277_rev,1200000000.0,120680630.46749231,703448942.8503586,0,168
SUB_HIFLD_1538,SUB_HIFLD_1768,meso_SUB_HIFLD_1538_SUB_HIFLD_1768_fwd,4500000000.0,28751775.188332263,334938713.10003275,0,168
SUB_HIFLD_1538,SUB_HIFLD_2898,meso_SUB_HIFLD_1538_SUB_HIFLD_2898_fwd,150000000.0,0.0,0.0,0,168
SUB_HIFLD_1538,WECC_SCE,iface_SUB_HIFLD_1538_WECC_SCE_to_ba,1190480168.987011,0.0,0.0,0,168
SUB_HIFLD_1539,SUB_HIFLD_1748,meso_SUB_HIFLD_1539_SUB_HIFLD_1748_fwd,400000000.0,0.0,0.0,0,168
SUB_HIFLD_1539,SUB_HIFLD_3364,meso_SUB_HIFLD_1539_SUB_HIFLD_3364_fwd,400000000.0,11673047.968947574,110144926.06603645,0,168
SUB_HIFLD_1539,SUB_HIFLD_1621,meso_SUB_HIFLD_1539_SUB_HIFLD_1621_fwd,400000000.0,0.0,0.0,0,168
SUB_HIFLD_1539,WECC_SCE,iface_SUB_HIFLD_1539_WECC_SCE_to_ba,113551470.17117159,0.0,0.0,0,168
SUB_HIFLD_1541,SUB_HIFLD_1537,meso_SUB_HIFLD_1541_SUB_HIFLD_1537_rev,80000000.0,0.0,0.0,0,168
SUB_HIFLD_1541,SUB_HIFLD_3717,meso_SUB_HIFLD_1541_SUB_HIFLD_3717_fwd,80000000.0,0.0,0.0,0,168
SUB_HIFLD_1541,SUB_HIFLD_3719,meso_SUB_HIFLD_1541_SUB_HIFLD_3719_fwd,80000000.0,2492679.43789108,3164031.9194990336,0,168
SUB_HIFLD_1542,SUB_HIFLD_1625,meso_SUB_HIFLD_1542_SUB_HIFLD_1625_fwd,400000000.0,285864462.45909834,400000000.0,45,168
SUB_HIFLD_1542,WECC_SCE,iface_SUB_HIFLD_1542_WECC_SCE_to_ba,2259674256.406315,0.0,0.0,0,168
SUB_HIFLD_1543,SUB_HIFLD_1597,meso_SUB_HIFLD_1543_SUB_HIFLD_1597_fwd,80000000.0,0.0,0.0,0,168
SUB_HIFLD_1543,SUB_HIFLD_1617,meso_SUB_HIFLD_1543_SUB_HIFLD_1617_fwd,80000000.0,0.0,0.0,0,168
SUB_HIFLD_1543,SUB_HIFLD_1634,meso_SUB_HIFLD_1543_SUB_HIFLD_1634_rev,5000000.0,0.0,0.0,0,168
SUB_HIFLD_1543,SUB_HIFLD_3753,meso_SUB_HIFLD_1543_SUB_HIFLD_3753_rev,88412753.95671706,31650371.79800828,55381436.77072427,0,168
SUB_HIFLD_1544,SUB_HIFLD_1569,meso_SUB_HIFLD_1544_SUB_HIFLD_1569_fwd,80000000.0,57148092.43291881,65078496.80561066,0,168
SUB_HIFLD_1544,SUB_HIFLD_1744,meso_SUB_HIFLD_1544_SUB_HIFLD_1744_fwd,80000000.0,0.0,0.0,0,168
SUB_HIFLD_1545,SUB_HIFLD_1561,meso_SUB_HIFLD_1545_SUB_HIFLD_1561_fwd,80000000.0,0.0,0.0,0,168
SUB_HIFLD_1546,SUB_HIFLD_1529,meso_SUB_HIFLD_1546_SUB_HIFLD_1529_rev,80000000.0,2720000.0,2720000.0,0,168
SUB_HIFLD_1546,SUB_HIFLD_3948,meso_SUB_HIFLD_1546_SUB_HIFLD_3948_fwd,80000000.0,0.0,0.0,0,168
SUB_HIFLD_1546,SUB_HIFLD_1651,meso_SUB_HIFLD_1546_SUB_HIFLD_1651_fwd,80000000.0,0.0,0.0,0,168
SUB_HIFLD_1547,SUB_25395,meso_SUB_HIFLD_1547_SUB_25395_rev,380000000.0,1452120.417232265,8975925.319426153,0,168
SUB_HIFLD_1547,SUB_HIFLD_1616,meso_SUB_HIFLD_1547_SUB_HIFLD_1616_fwd,80000000.0,232637.3258998433,5624009.628244759,0,168
SUB_HIFLD_1547,SUB_HIFLD_1680,meso_SUB_HIFLD_1547_SUB_HIFLD_1680_fwd,80000000.0,0.0,0.0,0,168
SUB_HIFLD_1547,SUB_HIFLD_2782,meso_SUB_HIFLD_1547_SUB_HIFLD_2782_fwd,800000000.0,0.0,0.0,0,168
SUB_HIFLD_1547,SUB_HIFLD_3445,meso_SUB_HIFLD_1547_SUB_HIFLD_3445_fwd,80000000.0,47116.421285593686,130663.20493302621,0,168
SUB_HIFLD_1547,SUB_HIFLD_1687,meso_SUB_HIFLD_1547_SUB_HIFLD_1687_fwd,800000000.0,5436475.406633036,9178981.894313049,0,168
SUB_HIFLD_1548,SUB_HIFLD_1708,meso_SUB_HIFLD_1548_SUB_HIFLD_1708_fwd,80000000.0,0.0,0.0,0,168
SUB_HIFLD_1548,SUB_HIFLD_2750,meso_SUB_HIFLD_1548_SUB_HIFLD_2750_fwd,80000000.0,0.0,0.0,0,168
SUB_HIFLD_1548,SUB_HIFLD_3178,meso_SUB_HIFLD_1548_SUB_HIFLD_3178_fwd,80000000.0,0.0,0.0,0,168
SUB_HIFLD_1548,SUB_HIFLD_1641,meso_SUB_HIFLD_1548_SUB_HIFLD_1641_fwd,80000000.0,0.0,0.0,0,168
SUB_HIFLD_1549,SUB_HIFLD_1585,meso_SUB_HIFLD_1549_SUB_HIFLD_1585_fwd,80000000.0,0.0,0.0,0,168
SUB_HIFLD_1549,SUB_HIFLD_2998,meso_SUB_HIFLD_1549_SUB_HIFLD_2998_fwd,80000000.0,0.0,0.0,0,168
SUB_HIFLD_1549,SUB_HIFLD_4193,meso_SUB_HIFLD_1549_SUB_HIFLD_4193_fwd,80000000.0,0.0,0.0,0,168
SUB_HIFLD_1550,SUB_HIFLD_1259,meso_SUB_HIFLD_1550_SUB_HIFLD_1259_rev,80000000.0,0.0,0.0,0,168
SUB_HIFLD_1550,SUB_HIFLD_1578,meso_SUB_HIFLD_1550_SUB_HIFLD_1578_fwd,80000000.0,264719.1288466027,5318938.721332354,0,168
SUB_HIFLD_1550,SUB_HIFLD_3176,meso_SUB_HIFLD_1550_SUB_HIFLD_3176_fwd,80000000.0,0.0,0.0,0,168
SUB_HIFLD_1550,SUB_HIFLD_496,meso_SUB_HIFLD_1550_SUB_HIFLD_496_fwd,160000000.0,0.0,0.0,0,168
SUB_HIFLD_1551,SUB_HIFLD_1657,meso_SUB_HIFLD_1551_SUB_HIFLD_1657_fwd,80000000.0,0.0,0.0,0,168
SUB_HIFLD_1551,SUB_HIFLD_2977,meso_SUB_HIFLD_1551_SUB_HIFLD_2977_fwd,80000000.0,0.0,0.0,0,168
SUB_HIFLD_1551,SUB_HIFLD_3767,meso_SUB_HIFLD_1551_SUB_HIFLD_3767_fwd,80000000.0,22718541.164840084,58648313.164465204,0,168
SUB_HIFLD_1552,SUB_HIFLD_2605,meso_SUB_HIFLD_1552_SUB_HIFLD_2605_fwd,80000000.0,0.0,0.0,0,168
SUB_HIFLD_1553,SUB_HIFLD_1559,meso_SUB_HIFLD_1553_SUB_HIFLD_1559_fwd,80000000.0,6189154.643513844,10829707.97351955,0,168
SUB_HIFLD_1553,SUB_HIFLD_1589,meso_SUB_HIFLD_1553_SUB_HIFLD_1589_fwd,80000000.0,0.0,0.0,0,168
SUB_HIFLD_1553,SUB_HIFLD_1945,meso_SUB_HIFLD_1553_SUB_HIFLD_1945_fwd,80000000.0,0.0,0.0,0,168
SUB_HIFLD_1553,SUB_HIFLD_4052,meso_SUB_HIFLD_1553_SUB_HIFLD_4052_fwd,80000000.0,0.0,0.0,0,168
SUB_HIFLD_1554,SUB_HIFLD_1561,meso_SUB_HIFLD_1554_SUB_HIFLD_1561_fwd,80000000.0,33718565.69845499,40828701.416015625,0,168
SUB_HIFLD_1554,SUB_HIFLD_2554,meso_SUB_HIFLD_1554_SUB_HIFLD_2554_fwd,80000000.0,0.0,0.0,0,168
SUB_HIFLD_1555,SUB_HIFLD_3431,meso_SUB_HIFLD_1555_SUB_HIFLD_3431_fwd,80000000.0,0.0,0.0,0,168
SUB_HIFLD_1555,SUB_HIFLD_3716,meso_SUB_HIFLD_1555_SUB_HIFLD_3716_fwd,80000000.0,1626693.3081603015,2174598.8354240498,0,168
SUB_HIFLD_1555,SUB_HIFLD_3717,meso_SUB_HIFLD_1555_SUB_HIFLD_3717_fwd,80000000.0,3248945.8171307184,5374675.424696772,0,168
SUB_HIFLD_1555,SUB_HIFLD_3718,meso_SUB_HIFLD_1555_SUB_HIFLD_3718_fwd,80000000.0,2238898.867933435,3105349.385369684,0,168
SUB_HIFLD_1555,SUB_HIFLD_1713,meso_SUB_HIFLD_1555_SUB_HIFLD_1713_fwd,80000000.0,0.0,0.0,0,168
SUB_HIFLD_1556,SUB_HIFLD_1568,meso_SUB_HIFLD_1556_SUB_HIFLD_1568_fwd,80000000.0,0.0,0.0,0,168
SUB_HIFLD_1556,SUB_HIFLD_3307,meso_SUB_HIFLD_1556_SUB_HIFLD_3307_fwd,80000000.0,1448729.0832158166,15019627.585755352,0,168
SUB_HIFLD_1556,SUB_HIFLD_3592,meso_SUB_HIFLD_1556_SUB_HIFLD_3592_fwd,80000000.0,303193.43296105444,4209765.591268167,0,168
SUB_HIFLD_1557,SUB_HIFLD_4283,meso_SUB_HIFLD_1557_SUB_HIFLD_4283_fwd,80000000.0,0.0,0.0,0,168
SUB_HIFLD_1558,SUB_HIFLD_1560,meso_SUB_HIFLD_1558_SUB_HIFLD_1560_fwd,80000000.0,340818.79330275924,17153222.43355109,0,168
SUB_HIFLD_1558,SUB_HIFLD_1639,meso_SUB_HIFLD_1558_SUB_HIFLD_1639_fwd,80000000.0,0.0,0.0,0,168
SUB_HIFLD_1558,SUB_HIFLD_1779,meso_SUB_HIFLD_1558_SUB_HIFLD_1779_fwd,80000000.0,1860119.0978718733,26865715.357200388,0,168
SUB_HIFLD_1558,SUB_HIFLD_2558,meso_SUB_HIFLD_1558_SUB_HIFLD_2558_fwd,80000000.0,0.0,0.0,0,168
SUB_HIFLD_1559,SUB_HIFLD_1553,meso_SUB_HIFLD_1559_SUB_HIFLD_1553_rev,80000000.0,0.0,0.0,0,168
SUB_HIFLD_1560,SUB_HIFLD_1558,meso_SUB_HIFLD_1560_SUB_HIFLD_1558_rev,80000000.0,52072.403485949384,4514845.763530928,0,168
SUB_HIFLD_1560,SUB_HIFLD_1626,meso_SUB_HIFLD_1560_SUB_HIFLD_1626_fwd,80000000.0,0.0,0.0,0,168
SUB_HIFLD_1560,SUB_HIFLD_2643,meso_SUB_HIFLD_1560_SUB_HIFLD_2643_fwd,80000000.0,0.0,0.0,0,168
SUB_HIFLD_1561,SUB_HIFLD_1545,meso_SUB_HIFLD_1561_SUB_HIFLD_1545_rev,80000000.0,3571662.5092105553,4478076.549412049,0,168
SUB_HIFLD_1561,SUB_HIFLD_1554,meso_SUB_HIFLD_1561_SUB_HIFLD_1554_rev,80000000.0,0.0,0.0,0,168
SUB_HIFLD_1561,SUB_HIFLD_1751,meso_SUB_HIFLD_1561_SUB_HIFLD_1751_rev,5000000.0,0.0,0.0,0,168
SUB_HIFLD_1561,SUB_HIFLD_1752,meso_SUB_HIFLD_1561_SUB_HIFLD_1752_rev,5000000.0,0.0,0.0,0,168
SUB_HIFLD_1562,SUB_HIFLD_3748,meso_SUB_HIFLD_1562_SUB_HIFLD_3748_fwd,80000000.0,0.0,0.0,0,168
SUB_HIFLD_1562,SUB_HIFLD_4137,meso_SUB_HIFLD_1562_SUB_HIFLD_4137_fwd,80000000.0,0.0,0.0,0,168
SUB_HIFLD_1562,SUB_HIFLD_1604,meso_SUB_HIFLD_1562_SUB_HIFLD_1604_fwd,80000000.0,20912128.540747013,67034354.248046875,0,168
SUB_HIFLD_1562,SUB_HIFLD_1650,meso_SUB_HIFLD_1562_SUB_HIFLD_1650_fwd,80000000.0,0.0,0.0,0,168
SUB_HIFLD_1563,SUB_HIFLD_4288,meso_SUB_HIFLD_1563_SUB_HIFLD_4288_fwd,80000000.0,68810234.5880631,70871173.55063528,0,168
SUB_HIFLD_1563,SUB_HIFLD_496,meso_SUB_HIFLD_1563_SUB_HIFLD_496_fwd,80000000.0,0.0,0.0,0,168
SUB_HIFLD_1563,SUB_HIFLD_3745,meso_SUB_HIFLD_1563_SUB_HIFLD_3745_rev,7575997.57584138,4115705.0788665903,5228693.822487113,0,168
SUB_HIFLD_1564,SUB_HIFLD_1654,meso_SUB_HIFLD_1564_SUB_HIFLD_1654_fwd,80000000.0,0.0,0.0,0,168
SUB_HIFLD_1565,SUB_HIFLD_1267,meso_SUB_HIFLD_1565_SUB_HIFLD_1267_rev,80000000.0,1702380.9523809524,11000000.0,0,168
SUB_HIFLD_1565,SUB_HIFLD_1620,meso_SUB_HIFLD_1565_SUB_HIFLD_1620_fwd,80000000.0,5529579.316465676,11000000.0,0,168
SUB_HIFLD_1566,SUB_HIFLD_2674,meso_SUB_HIFLD_1566_SUB_HIFLD_2674_fwd,80000000.0,145898.58884618426,23183143.792498786,0,168
SUB_HIFLD_1566,SUB_HIFLD_2699,meso_SUB_HIFLD_1566_SUB_HIFLD_2699_fwd,80000000.0,0.0,0.0,0,168
SUB_HIFLD_1566,SUB_HIFLD_4023,meso_SUB_HIFLD_1566_SUB_HIFLD_4023_fwd,80000000.0,0.0,0.0,0,168
SUB_HIFLD_1566,SUB_HIFLD_4166,meso_SUB_HIFLD_1566_SUB_HIFLD_4166_fwd,80000000.0,0.0,0.0,0,168
SUB_HIFLD_1566,SUB_HIFLD_1640,meso_SUB_HIFLD_1566_SUB_HIFLD_1640_fwd,80000000.0,0.0,0.0,0,168
SUB_HIFLD_1566,SUB_HIFLD_1691,meso_SUB_HIFLD_1566_SUB_HIFLD_1691_fwd,80000000.0,0.0,0.0,0,168
SUB_HIFLD_1566,SUB_HIFLD_1747,meso_SUB_HIFLD_1566_SUB_HIFLD_1747_fwd,80000000.0,0.0,0.0,0,168
SUB_HIFLD_1567,SUB_HIFLD_1760,meso_SUB_HIFLD_1567_SUB_HIFLD_1760_fwd,80000000.0,0.0,0.0,0,168
SUB_HIFLD_1567,SUB_HIFLD_3441,meso_SUB_HIFLD_1567_SUB_HIFLD_3441_fwd,80000000.0,0.0,0.0,0,168
SUB_HIFLD_1567,SUB_HIFLD_1633,meso_SUB_HIFLD_1567_SUB_HIFLD_1633_fwd,80000000.0,0.0,0.0,0,168
SUB_HIFLD_1567,SUB_HIFLD_1650,meso_SUB_HIFLD_1567_SUB_HIFLD_1650_fwd,80000000.0,0.0,0.0,0,168
SUB_HIFLD_1568,SUB_HIFLD_1556,meso_SUB_HIFLD_1568_SUB_HIFLD_1556_rev,80000000.0,5326086.480968714,24661738.948696446,0,168
SUB_HIFLD_1568,SUB_HIFLD_1589,meso_SUB_HIFLD_1568_SUB_HIFLD_1589_fwd,400000000.0,4645922.713153381,212464325.6884389,0,168
SUB_HIFLD_1568,SUB_HIFLD_1610,meso_SUB_HIFLD_1568_SUB_HIFLD_1610_fwd,80000000.0,25563951.65888239,31068753.17857653,0,168
SUB_HIFLD_1568,SUB_HIFLD_2675,meso_SUB_HIFLD_1568_SUB_HIFLD_2675_fwd,400000000.0,0.0,0.0,0,168
SUB_HIFLD_1568,SUB_HIFLD_2913,meso_SUB_HIFLD_1568_SUB_HIFLD_2913_fwd,80000000.0,7837746.9304647045,35514312.62413314,0,168
SUB_HIFLD_1568,SUB_HIFLD_3319,meso_SUB_HIFLD_1568_SUB_HIFLD_3319_fwd,80000000.0,45650128.36687248,80000000.0,7,168
SUB_HIFLD_1568,SUB_HIFLD_3730,meso_SUB_HIFLD_1568_SUB_HIFLD_3730_fwd,80000000.0,36203911.82402367,69515905.92484133,0,168
SUB_HIFLD_1568,SUB_HIFLD_1641,meso_SUB_HIFLD_1568_SUB_HIFLD_1641_fwd,160000000.0,0.0,0.0,0,168
SUB_HIFLD_1568,SUB_HIFLD_1664,meso_SUB_HIFLD_1568_SUB_HIFLD_1664_fwd,800000000.0,0.0,0.0,0,168
SUB_HIFLD_1568,SUB_HIFLD_1679,meso_SUB_HIFLD_1568_SUB_HIFLD_1679_fwd,400000000.0,0.0,0.0,0,168
SUB_HIFLD_1568,SUB_HIFLD_1691,meso_SUB_HIFLD_1568_SUB_HIFLD_1691_fwd,80000000.0,41643003.22709072,66103914.59838854,0,168
SUB_HIFLD_1568,SUB_HIFLD_3209,meso_SUB_HIFLD_1568_SUB_HIFLD_3209_fwd,400000000.0,0.0,0.0,0,168
SUB_HIFLD_1569,SUB_HIFLD_1544,meso_SUB_HIFLD_1569_SUB_HIFLD_1544_rev,80000000.0,0.0,0.0,0,168
SUB_HIFLD_1569,SUB_HIFLD_1774,meso_SUB_HIFLD_1569_SUB_HIFLD_1774_fwd,80000000.0,55433649.65993125,63126141.901442334,0,168
SUB_HIFLD_1570,SUB_HIFLD_1268,meso_SUB_HIFLD_1570_SUB_HIFLD_1268_rev,80000000.0,0.0,0.0,0,168
SUB_HIFLD_1570,SUB_HIFLD_1728,meso_SUB_HIFLD_1570_SUB_HIFLD_1728_fwd,80000000.0,0.0,0.0,0,168
SUB_HIFLD_1570,SUB_HIFLD_1625,meso_SUB_HIFLD_1570_SUB_HIFLD_1625_fwd,80000000.0,0.0,0.0,0,168
SUB_HIFLD_1571,SUB_HIFLD_3766,meso_SUB_HIFLD_1571_SUB_HIFLD_3766_fwd,80000000.0,0.0,0.0,0,168
SUB_HIFLD_1572,SUB_HIFLD_1749,meso_SUB_HIFLD_1572_SUB_HIFLD_1749_fwd,80000000.0,0.0,0.0,0,168
SUB_HIFLD_1572,SUB_HIFLD_1775,meso_SUB_HIFLD_1572_SUB_HIFLD_1775_fwd,80000000.0,0.0,0.0,0,168
SUB_HIFLD_1572,SUB_HIFLD_3775,meso_SUB_HIFLD_1572_SUB_HIFLD_3775_fwd,80000000.0,0.0,0.0,0,168
SUB_HIFLD_1573,SUB_HIFLD_1581,meso_SUB_HIFLD_1573_SUB_HIFLD_1581_fwd,80000000.0,0.0,0.0,0,168
SUB_HIFLD_1573,SUB_HIFLD_1719,meso_SUB_HIFLD_1573_SUB_HIFLD_1719_fwd,80000000.0,5744650.003121958,29437852.734375,0,168
SUB_HIFLD_1573,SUB_HIFLD_3948,meso_SUB_HIFLD_1573_SUB_HIFLD_3948_fwd,80000000.0,19229543.03130724,51788018.81334672,0,168
SUB_HIFLD_1573,SUB_HIFLD_1645,meso_SUB_HIFLD_1573_SUB_HIFLD_1645_fwd,80000000.0,0.0,0.0,0,168
SUB_HIFLD_1573,SUB_HIFLD_1651,meso_SUB_HIFLD_1573_SUB_HIFLD_1651_fwd,80000000.0,7843492.220971062,21361010.00899161,0,168
SUB_HIFLD_1574,SUB_HIFLD_1943,meso_SUB_HIFLD_1574_SUB_HIFLD_1943_fwd,80000000.0,0.0,0.0,0,168
SUB_HIFLD_1574,SUB_HIFLD_2819,meso_SUB_HIFLD_1574_SUB_HIFLD_2819_fwd,80000000.0,447498.47823773156,26017005.87034998,0,168
SUB_HIFLD_1574,SUB_HIFLD_87,meso_SUB_HIFLD_1574_SUB_HIFLD_87_fwd,80000000.0,0.0,0.0,0,168
SUB_HIFLD_1574,SUB_HIFLD_1575,meso_SUB_HIFLD_1574_SUB_HIFLD_1575_fwd,80000000.0,52549436.32913973,77600000.0,0,168
SUB_HIFLD_1574,SUB_HIFLD_1642,meso_SUB_HIFLD_1574_SUB_HIFLD_1642_fwd,80000000.0,0.0,0.0,0,168
SUB_HIFLD_1575,SUB_HIFLD_2819,meso_SUB_HIFLD_1575_SUB_HIFLD_2819_fwd,80000000.0,0.0,0.0,0,168
SUB_HIFLD_1575,SUB_HIFLD_1574,meso_SUB_HIFLD_1575_SUB_HIFLD_1574_rev,80000000.0,0.0,0.0,0,168
SUB_HIFLD_1575,SUB_HIFLD_1622,meso_SUB_HIFLD_1575_SUB_HIFLD_1622_fwd,80000000.0,50972953.239265546,75272000.0,0,168
SUB_HIFLD_1576,SUB_HIFLD_3769,meso_SUB_HIFLD_1576_SUB_HIFLD_3769_fwd,80000000.0,0.0,0.0,0,168
SUB_HIFLD_1576,SUB_HIFLD_4139,meso_SUB_HIFLD_1576_SUB_HIFLD_4139_fwd,80000000.0,28980900.4768241,43626103.45932007,0,168
SUB_HIFLD_1578,SUB_HIFLD_1550,meso_SUB_HIFLD_1578_SUB_HIFLD_1550_rev,80000000.0,35921.77376474653,3296897.8496932983,0,168
SUB_HIFLD_1578,SUB_HIFLD_1700,meso_SUB_HIFLD_1578_SUB_HIFLD_1700_fwd,80000000.0,108381.47787820725,5135040.629730225,0,168
SUB_HIFLD_1578,SUB_HIFLD_3178,meso_SUB_HIFLD_1578_SUB_HIFLD_3178_fwd,80000000.0,0.0,0.0,0,168
SUB_HIFLD_1578,SUB_HIFLD_596,meso_SUB_HIFLD_1578_SUB_HIFLD_596_fwd,80000000.0,0.0,0.0,0,168
SUB_HIFLD_1579,SUB_HIFLD_1712,meso_SUB_HIFLD_1579_SUB_HIFLD_1712_fwd,80000000.0,0.0,0.0,0,168
SUB_HIFLD_1580,SUB_HIFLD_2997,meso_SUB_HIFLD_1580_SUB_HIFLD_2997_fwd,80000000.0,0.0,0.0,0,168
SUB_HIFLD_1580,SUB_HIFLD_3731,meso_SUB_HIFLD_1580_SUB_HIFLD_3731_fwd,80000000.0,0.0,0.0,0,168
SUB_HIFLD_1581,SUB_HIFLD_1573,meso_SUB_HIFLD_1581_SUB_HIFLD_1573_rev,80000000.0,3591963.787894117,22045140.374913465,0,168
SUB_HIFLD_1581,SUB_HIFLD_1645,meso_SUB_HIFLD_1581_SUB_HIFLD_1645_fwd,80000000.0,0.0,0.0,0,168
SUB_HIFLD_1581,SUB_HIFLD_1663,meso_SUB_HIFLD_1581_SUB_HIFLD_1663_fwd,80000000.0,0.0,0.0,0,168
SUB_HIFLD_1581,SUB_HIFLD_4437,meso_SUB_HIFLD_1581_SUB_HIFLD_4437_fwd,80000000.0,0.0,0.0,0,168
SUB_HIFLD_1582,SUB_HIFLD_2902,meso_SUB_HIFLD_1582_SUB_HIFLD_2902_fwd,80000000.0,0.0,0.0,0,168
SUB_HIFLD_1583,SUB_HIFLD_1659,meso_SUB_HIFLD_1583_SUB_HIFLD_1659_fwd,80000000.0,0.0,0.0,0,168
SUB_HIFLD_1583,SUB_HIFLD_1746,meso_SUB_HIFLD_1583_SUB_HIFLD_1746_fwd,80000000.0,7763849.338200025,8738678.796512565,0,168
SUB_HIFLD_1583,SUB_HIFLD_1763,meso_SUB_HIFLD_1583_SUB_HIFLD_1763_fwd,80000000.0,44801970.7775406,57263875.43882519,0,168
SUB_HIFLD_1583,SUB_HIFLD_4328,meso_SUB_HIFLD_1583_SUB_HIFLD_4328_fwd,80000000.0,0.0,0.0,0,168
SUB_HIFLD_1583,SUB_HIFLD_3017,meso_SUB_HIFLD_1583_SUB_HIFLD_3017_rev,5000000.0,0.0,0.0,0,168
SUB_HIFLD_1584,SUB_HIFLD_1661,meso_SUB_HIFLD_1584_SUB_HIFLD_1661_fwd,80000000.0,350515.46391752583,350515.4639175258,0,168
SUB_HIFLD_1584,SUB_HIFLD_1685,meso_SUB_HIFLD_1584_SUB_HIFLD_1685_fwd,80000000.0,0.0,0.0,0,168
SUB_HIFLD_1584,SUB_HIFLD_3780,meso_SUB_HIFLD_1584_SUB_HIFLD_3780_fwd,80000000.0,3323118.645804269,4608069.602730348,0,168
SUB_HIFLD_1585,SUB_HIFLD_1549,meso_SUB_HIFLD_1585_SUB_HIFLD_1549_rev,80000000.0,0.0,0.0,0,168
SUB_HIFLD_1585,SUB_HIFLD_2998,meso_SUB_HIFLD_1585_SUB_HIFLD_2998_fwd,80000000.0,0.0,0.0,0,168
SUB_HIFLD_1586,SUB_HIFLD_3294,meso_SUB_HIFLD_1586_SUB_HIFLD_3294_fwd,80000000.0,0.0,0.0,0,168
SUB_HIFLD_1586,SUB_HIFLD_4372,meso_SUB_HIFLD_1586_SUB_HIFLD_4372_fwd,80000000.0,0.0,0.0,0,168
SUB_HIFLD_1587,SUB_HIFLD_2883,meso_SUB_HIFLD_1587_SUB_HIFLD_2883_fwd,80000000.0,0.0,0.0,0,168
SUB_HIFLD_1587,SUB_HIFLD_3770,meso_SUB_HIFLD_1587_SUB_HIFLD_3770_fwd,80000000.0,1817500.1669020872,14429903.529845564,0,168
SUB_HIFLD_1589,SUB_HIFLD_1553,meso_SUB_HIFLD_1589_SUB_HIFLD_1553_rev,80000000.0,27411329.129566,34875708.504383996,0,168
SUB_HIFLD_1589,SUB_HIFLD_1568,meso_SUB_HIFLD_1589_SUB_HIFLD_1568_rev,400000000.0,0.0,0.0,0,168
SUB_HIFLD_1589,SUB_HIFLD_1650,meso_SUB_HIFLD_1589_SUB_HIFLD_1650_fwd,400000000.0,0.0,0.0,0,168
SUB_HIFLD_1589,SUB_HIFLD_1945,meso_SUB_HIFLD_1589_SUB_HIFLD_1945_fwd,400000000.0,69432428.32367666,110329354.51232281,0,168
SUB_HIFLD_1589,SUB_HIFLD_2997,meso_SUB_HIFLD_1589_SUB_HIFLD_2997_fwd,80000000.0,74995459.41906495,80000000.0,94,168
SUB_HIFLD_1589,SUB_HIFLD_3751,meso_SUB_HIFLD_1589_SUB_HIFLD_3751_fwd,80000000.0,15972675.639002886,29376585.01654709,0,168
SUB_HIFLD_1589,SUB_HIFLD_87,meso_SUB_HIFLD_1589_SUB_HIFLD_87_fwd,400000000.0,60609223.7130107,133494626.7334011,0,168
SUB_HIFLD_1589,SUB_HIFLD_1625,meso_SUB_HIFLD_1589_SUB_HIFLD_1625_fwd,400000000.0,0.0,0.0,0,168
SUB_HIFLD_1589,SUB_HIFLD_1641,meso_SUB_HIFLD_1589_SUB_HIFLD_1641_fwd,800000000.0,0.0,0.0,0,168
SUB_HIFLD_1589,SUB_HIFLD_1656,meso_SUB_HIFLD_1589_SUB_HIFLD_1656_fwd,160000000.0,230922.80833663928,352467.0787693299,0,168
SUB_HIFLD_1589,SUB_HIFLD_1926,meso_SUB_HIFLD_1589_SUB_HIFLD_1926_fwd,800000000.0,96319002.87926444,330439871.9393796,0,168
SUB_HIFLD_1590,SUB_HIFLD_1538,meso_SUB_HIFLD_1590_SUB_HIFLD_1538_rev,80000000.0,3399741.8857724667,16667376.26022674,0,168
SUB_HIFLD_1590,SUB_HIFLD_2898,meso_SUB_HIFLD_1590_SUB_HIFLD_2898_fwd,80000000.0,0.0,0.0,0,168
SUB_HIFLD_1590,SUB_HIFLD_446,meso_SUB_HIFLD_1590_SUB_HIFLD_446_fwd,80000000.0,2680780.729211402,15896071.46104295,0,168
SUB_HIFLD_1591,SUB_HIFLD_2852,meso_SUB_HIFLD_1591_SUB_HIFLD_2852_fwd,80000000.0,0.0,0.0,0,168
SUB_HIFLD_1593,SUB_HIFLD_1766,meso_SUB_HIFLD_1593_SUB_HIFLD_1766_fwd,80000000.0,48135577.736750305,61144223.010095894,0,168
SUB_HIFLD_1593,SUB_HIFLD_4214,meso_SUB_HIFLD_1593_SUB_HIFLD_4214_fwd,80000000.0,0.0,0.0,0,168
SUB_HIFLD_1593,SUB_HIFLD_1599,meso_SUB_HIFLD_1593_SUB_HIFLD_1599_fwd,80000000.0,0.0,0.0,0,168
SUB_HIFLD_1593,SUB_HIFLD_1639,meso_SUB_HIFLD_1593_SUB_HIFLD_1639_fwd,80000000.0,0.0,0.0,0,168
SUB_HIFLD_1594,SUB_HIFLD_3441,meso_SUB_HIFLD_1594_SUB_HIFLD_3441_fwd,80000000.0,0.0,0.0,0,168
SUB_HIFLD_1595,SUB_HIFLD_1758,meso_SUB_HIFLD_1595_SUB_HIFLD_1758_fwd,80000000.0,0.0,0.0,0,168
SUB_HIFLD_1595,SUB_HIFLD_4296,meso_SUB_HIFLD_1595_SUB_HIFLD_4296_fwd,80000000.0,0.0,0.0,0,168
SUB_HIFLD_1596,SUB_HIFLD_2668,meso_SUB_HIFLD_1596_SUB_HIFLD_2668_fwd,80000000.0,0.0,0.0,0,168
SUB_HIFLD_1597,SUB_HIFLD_1543,meso_SUB_HIFLD_1597_SUB_HIFLD_1543_rev,80000000.0,543491.5889089437,27893297.19481011,0,168
SUB_HIFLD_1597,SUB_HIFLD_1617,meso_SUB_HIFLD_1597_SUB_HIFLD_1617_fwd,400000000.0,0.0,0.0,0,168
SUB_HIFLD_1597,SUB_HIFLD_3183,meso_SUB_HIFLD_1597_SUB_HIFLD_3183_fwd,400000000.0,878206.9139237925,52430073.04495463,0,168
SUB_HIFLD_1597,SUB_HIFLD_4381,meso_SUB_HIFLD_1597_SUB_HIFLD_4381_fwd,80000000.0,77956087.27322474,80000000.0,152,168
SUB_HIFLD_1597,SUB_HIFLD_1157,meso_SUB_HIFLD_1597_SUB_HIFLD_1157_rev,80000000.0,3991729.34913088,72917385.0777223,0,168
SUB_HIFLD_1597,SUB_HIFLD_1526,meso_SUB_HIFLD_1597_SUB_HIFLD_1526_rev,400000000.0,0.0,0.0,0,168
SUB_HIFLD_1597,SUB_HIFLD_1664,meso_SUB_HIFLD_1597_SUB_HIFLD_1664_fwd,400000000.0,0.0,0.0,0,168
SUB_HIFLD_1597,SUB_HIFLD_1687,meso_SUB_HIFLD_1597_SUB_HIFLD_1687_fwd,400000000.0,0.0,0.0,0,168
SUB_HIFLD_1597,SUB_HIFLD_1769,meso_SUB_HIFLD_1597_SUB_HIFLD_1769_fwd,80000000.0,75796285.1878498,80000000.0,150,168
SUB_HIFLD_1598,SUB_HIFLD_1615,meso_SUB_HIFLD_1598_SUB_HIFLD_1615_fwd,400000000.0,3427963.1806751154,68965094.65483046,0,168
SUB_HIFLD_1598,SUB_HIFLD_1617,meso_SUB_HIFLD_1598_SUB_HIFLD_1617_fwd,400000000.0,0.0,0.0,0,168
SUB_HIFLD_1598,SUB_HIFLD_1664,meso_SUB_HIFLD_1598_SUB_HIFLD_1664_fwd,400000000.0,0.0,0.0,0,168
SUB_HIFLD_1598,SUB_HIFLD_1768,meso_SUB_HIFLD_1598_SUB_HIFLD_1768_fwd,400000000.0,0.0,0.0,0,168
SUB_HIFLD_1598,SUB_HIFLD_3210,meso_SUB_HIFLD_1598_SUB_HIFLD_3210_rev,226869468.1945589,81195879.60465609,142075556.01768887,0,168
SUB_HIFLD_1599,SUB_HIFLD_1603,meso_SUB_HIFLD_1599_SUB_HIFLD_1603_fwd,80000000.0,23099893.29823648,27646245.77158505,0,168
SUB_HIFLD_1599,SUB_HIFLD_1639,meso_SUB_HIFLD_1599_SUB_HIFLD_1639_fwd,400000000.0,15141960.390146354,90549720.86832854,0,168
SUB_HIFLD_1599,SUB_HIFLD_1711,meso_SUB_HIFLD_1599_SUB_HIFLD_1711_fwd,80000000.0,0.0,0.0,0,168
SUB_HIFLD_1599,SUB_HIFLD_1737,meso_SUB_HIFLD_1599_SUB_HIFLD_1737_fwd,80000000.0,0.0,0.0,0,168
SUB_HIFLD_1599,SUB_HIFLD_3024,meso_SUB_HIFLD_1599_SUB_HIFLD_3024_fwd,400000000.0,93315541.78143515,167038238.4250508,0,168
SUB_HIFLD_1599,SUB_HIFLD_3781,meso_SUB_HIFLD_1599_SUB_HIFLD_3781_fwd,400000000.0,0.0,0.0,0,168
SUB_HIFLD_1599,SUB_HIFLD_1261,meso_SUB_HIFLD_1599_SUB_HIFLD_1261_rev,400000000.0,0.0,0.0,0,168
SUB_HIFLD_1599,SUB_HIFLD_1593,meso_SUB_HIFLD_1599_SUB_HIFLD_1593_rev,80000000.0,58958752.20945074,76410344.82422753,0,168
SUB_HIFLD_1599,SUB_HIFLD_1609,meso_SUB_HIFLD_1599_SUB_HIFLD_1609_fwd,80000000.0,0.0,0.0,0,168
SUB_HIFLD_1599,SUB_HIFLD_1627,meso_SUB_HIFLD_1599_SUB_HIFLD_1627_fwd,80000000.0,0.0,0.0,0,168
SUB_HIFLD_1599,SUB_HIFLD_1638,meso_SUB_HIFLD_1599_SUB_HIFLD_1638_fwd,400000000.0,38576799.35044542,51224452.03757351,0,168
SUB_HIFLD_1599,SUB_HIFLD_1648,meso_SUB_HIFLD_1599_SUB_HIFLD_1648_fwd,80000000.0,10814747.674286405,31762884.08102449,0,168
SUB_HIFLD_1599,SUB_HIFLD_1775,meso_SUB_HIFLD_1599_SUB_HIFLD_1775_fwd,400000000.0,0.0,0.0,0,168
SUB_HIFLD_1599,SUB_HIFLD_1778,meso_SUB_HIFLD_1599_SUB_HIFLD_1778_fwd,80000000.0,9807637.644754486,80000000.0,1,168
SUB_HIFLD_1600,SUB_HIFLD_1606,meso_SUB_HIFLD_1600_SUB_HIFLD_1606_fwd,80000000.0,0.0,0.0,0,168
SUB_HIFLD_1600,SUB_HIFLD_1687,meso_SUB_HIFLD_1600_SUB_HIFLD_1687_fwd,80000000.0,0.0,0.0,0,168
SUB_HIFLD_1601,SUB_HIFLD_2590,meso_SUB_HIFLD_1601_SUB_HIFLD_2590_fwd,80000000.0,19495043.897957828,37356764.668543614,0,168
SUB_HIFLD_1601,SUB_HIFLD_2997,meso_SUB_HIFLD_1601_SUB_HIFLD_2997_fwd,80000000.0,0.0,0.0,0,168
SUB_HIFLD_1602,SUB_HIFLD_3178,meso_SUB_HIFLD_1602_SUB_HIFLD_3178_fwd,80000000.0,0.0,0.0,0,168
SUB_HIFLD_1602,SUB_HIFLD_4027,meso_SUB_HIFLD_1602_SUB_HIFLD_4027_fwd,80000000.0,0.0,0.0,0,168
SUB_HIFLD_1603,SUB_HIFLD_1599,meso_SUB_HIFLD_1603_SUB_HIFLD_1599_rev,80000000.0,0.0,0.0,0,168
SUB_HIFLD_1603,SUB_HIFLD_4154,meso_SUB_HIFLD_1603_SUB_HIFLD_4154_fwd,80000000.0,76985.71125285908,2191903.6272874814,0,168
SUB_HIFLD_1604,SUB_HIFLD_3747,meso_SUB_HIFLD_1604_SUB_HIFLD_3747_fwd,80000000.0,13354340.723299846,31319910.072516,0,168
SUB_HIFLD_1604,SUB_HIFLD_4288,meso_SUB_HIFLD_1604_SUB_HIFLD_4288_fwd,80000000.0,1116358.108585657,24469869.747546308,0,168
SUB_HIFLD_1604,SUB_HIFLD_1562,meso_SUB_HIFLD_1604_SUB_HIFLD_1562_rev,80000000.0,0.0,0.0,0,168
SUB_HIFLD_1605,SUB_HIFLD_1625,meso_SUB_HIFLD_1605_SUB_HIFLD_1625_fwd,80000000.0,0.0,0.0,0,168
SUB_HIFLD_1606,SUB_HIFLD_1600,meso_SUB_HIFLD_1606_SUB_HIFLD_1600_rev,80000000.0,13280000.0,13280000.0,0,168
SUB_HIFLD_1607,SUB_HIFLD_1649,meso_SUB_HIFLD_1607_SUB_HIFLD_1649_fwd,80000000.0,0.0,0.0,0,168
SUB_HIFLD_1607,SUB_HIFLD_1704,meso_SUB_HIFLD_1607_SUB_HIFLD_1704_fwd,80000000.0,11533134.256192282,26704797.111589883,0,168
SUB_HIFLD_1607,SUB_HIFLD_1765,meso_SUB_HIFLD_1607_SUB_HIFLD_1765_fwd,80000000.0,0.0,0.0,0,168
SUB_HIFLD_1607,SUB_HIFLD_3176,meso_SUB_HIFLD_1607_SUB_HIFLD_3176_fwd,80000000.0,418630.6847557534,15030365.839573974,0,168
SUB_HIFLD_1607,SUB_HIFLD_3177,meso_SUB_HIFLD_1607_SUB_HIFLD_3177_fwd,80000000.0,0.0,0.0,0,168
SUB_HIFLD_1609,SUB_HIFLD_1530,meso_SUB_HIFLD_1609_SUB_HIFLD_1530_rev,80000000.0,0.0,0.0,0,168
SUB_HIFLD_1609,SUB_HIFLD_1711,meso_SUB_HIFLD_1609_SUB_HIFLD_1711_fwd,80000000.0,0.0,0.0,0,168
SUB_HIFLD_1609,SUB_HIFLD_1599,meso_SUB_HIFLD_1609_SUB_HIFLD_1599_rev,80000000.0,0.0,0.0,0,168
SUB_HIFLD_1609,SUB_HIFLD_1775,meso_SUB_HIFLD_1609_SUB_HIFLD_1775_fwd,80000000.0,0.0,0.0,0,168
SUB_HIFLD_1610,SUB_HIFLD_1568,meso_SUB_HIFLD_1610_SUB_HIFLD_1568_rev,80000000.0,0.0,0.0,0,168
SUB_HIFLD_1610,SUB_HIFLD_1662,meso_SUB_HIFLD_1610_SUB_HIFLD_1662_fwd,80000000.0,4778561.523280193,5858603.1884262245,0,168
SUB_HIFLD_1610,SUB_HIFLD_1738,meso_SUB_HIFLD_1610_SUB_HIFLD_1738_fwd,80000000.0,0.0,0.0,0,168
SUB_HIFLD_1610,SUB_HIFLD_1741,meso_SUB_HIFLD_1610_SUB_HIFLD_1741_fwd,80000000.0,0.0,0.0,0,168
SUB_HIFLD_1611,SUB_HIFLD_1612,meso_SUB_HIFLD_1611_SUB_HIFLD_1612_fwd,80000000.0,0.0,0.0,0,168
SUB_HIFLD_1611,SUB_HIFLD_806,meso_SUB_HIFLD_1611_SUB_HIFLD_806_fwd,80000000.0,0.0,0.0,0,168
SUB_HIFLD_1612,SUB_HIFLD_1611,meso_SUB_HIFLD_1612_SUB_HIFLD_1611_rev,80000000.0,1576850.240199065,3678804.755456669,0,168
SUB_HIFLD_1612,SUB_HIFLD_1732,meso_SUB_HIFLD_1612_SUB_HIFLD_1732_fwd,80000000.0,0.0,0.0,0,168
SUB_HIFLD_1612,SUB_HIFLD_1759,meso_SUB_HIFLD_1612_SUB_HIFLD_1759_fwd,80000000.0,0.0,0.0,0,168
SUB_HIFLD_1612,SUB_HIFLD_2695,meso_SUB_HIFLD_1612_SUB_HIFLD_2695_fwd,80000000.0,0.0,0.0,0,168
SUB_HIFLD_1612,SUB_HIFLD_2825,meso_SUB_HIFLD_1612_SUB_HIFLD_2825_fwd,80000000.0,25078924.021601547,41088495.253210865,0,168
SUB_HIFLD_1613,SUB_HIFLD_1532,meso_SUB_HIFLD_1613_SUB_HIFLD_1532_rev,80000000.0,55477161.26555094,73157789.0625,0,168
SUB_HIFLD_1613,SUB_HIFLD_3725,meso_SUB_HIFLD_1613_SUB_HIFLD_3725_fwd,80000000.0,76451779.56101236,80000000.0,143,168
SUB_HIFLD_1613,SUB_HIFLD_3762,meso_SUB_HIFLD_1613_SUB_HIFLD_3762_fwd,80000000.0,80000000.0,80000000.0,168,168
SUB_HIFLD_1614,SUB_HIFLD_1729,meso_SUB_HIFLD_1614_SUB_HIFLD_1729_fwd,80000000.0,0.0,0.0,0,168
SUB_HIFLD_1614,SUB_HIFLD_1740,meso_SUB_HIFLD_1614_SUB_HIFLD_1740_fwd,80000000.0,786110.8784652477,11436584.618624669,0,168
SUB_HIFLD_1614,SUB_HIFLD_1767,meso_SUB_HIFLD_1614_SUB_HIFLD_1767_fwd,80000000.0,0.0,0.0,0,168
SUB_HIFLD_1615,SUB_HIFLD_1598,meso_SUB_HIFLD_1615_SUB_HIFLD_1598_rev,400000000.0,0.0,0.0,0,168
SUB_HIFLD_1615,SUB_HIFLD_1664,meso_SUB_HIFLD_1615_SUB_HIFLD_1664_fwd,400000000.0,0.0,0.0,0,168
SUB_HIFLD_1615,SUB_HIFLD_1705,meso_SUB_HIFLD_1615_SUB_HIFLD_1705_fwd,80000000.0,10629156.461694505,19292080.326183707,0,168
SUB_HIFLD_1615,SUB_HIFLD_1617,meso_SUB_HIFLD_1615_SUB_HIFLD_1617_fwd,800000000.0,0.0,0.0,0,168
SUB_HIFLD_1615,SUB_HIFLD_1641,meso_SUB_HIFLD_1615_SUB_HIFLD_1641_fwd,400000000.0,0.0,0.0,0,168
SUB_HIFLD_1616,SUB_HIFLD_1248,meso_SUB_HIFLD_1616_SUB_HIFLD_1248_rev,80000000.0,62562.96802760989,5255289.339397416,0,168
SUB_HIFLD_1616,SUB_HIFLD_1547,meso_SUB_HIFLD_1616_SUB_HIFLD_1547_rev,80000000.0,0.0,0.0,0,168
SUB_HIFLD_1617,SUB_HIFLD_1597,meso_SUB_HIFLD_1617_SUB_HIFLD_1597_rev,400000000.0,5269178.065942121,186313835.18046945,0,168
SUB_HIFLD_1617,SUB_HIFLD_1598,meso_SUB_HIFLD_1617_SUB_HIFLD_1598_rev,400000000.0,3521059.257156696,44377479.70622745,0,168
SUB_HIFLD_1617,SUB_HIFLD_1637,meso_SUB_HIFLD_1617_SUB_HIFLD_1637_fwd,80000000.0,5450099.676522661,6982857.804445877,0,168
SUB_HIFLD_1617,SUB_HIFLD_1768,meso_SUB_HIFLD_1617_SUB_HIFLD_1768_fwd,1500000000.0,0.0,0.0,0,168
SUB_HIFLD_1617,SUB_HIFLD_3183,meso_SUB_HIFLD_1617_SUB_HIFLD_3183_fwd,400000000.0,13563015.193967717,113824110.61709689,0,168
SUB_HIFLD_1617,SUB_HIFLD_1526,meso_SUB_HIFLD_1617_SUB_HIFLD_1526_rev,400000000.0,0.0,0.0,0,168
SUB_HIFLD_1617,SUB_HIFLD_1543,meso_SUB_HIFLD_1617_SUB_HIFLD_1543_rev,80000000.0,50372589.43108088,74007562.0515223,0,168
SUB_HIFLD_1617,SUB_HIFLD_1615,meso_SUB_HIFLD_1617_SUB_HIFLD_1615_rev,800000000.0,38921135.08499082,84915790.83473703,0,168
SUB_HIFLD_1617,SUB_HIFLD_1664,meso_SUB_HIFLD_1617_SUB_HIFLD_1664_fwd,400000000.0,0.0,0.0,0,168
SUB_HIFLD_1617,WECC_SCE,iface_SUB_HIFLD_1617_WECC_SCE_to_ba,113551470.17117159,0.0,0.0,0,168
SUB_HIFLD_1618,SUB_HIFLD_1534,meso_SUB_HIFLD_1618_SUB_HIFLD_1534_rev,80000000.0,0.0,0.0,0,168
SUB_HIFLD_1618,SUB_HIFLD_2827,meso_SUB_HIFLD_1618_SUB_HIFLD_2827_fwd,80000000.0,0.0,0.0,0,168
SUB_HIFLD_1619,SUB_HIFLD_2590,meso_SUB_HIFLD_1619_SUB_HIFLD_2590_fwd,80000000.0,10702085.071574302,37876702.89351601,0,168
SUB_HIFLD_1619,SUB_HIFLD_4166,meso_SUB_HIFLD_1619_SUB_HIFLD_4166_fwd,80000000.0,0.0,0.0,0,168
SUB_HIFLD_1620,SUB_HIFLD_1267,meso_SUB_HIFLD_1620_SUB_HIFLD_1267_rev,80000000.0,0.0,0.0,0,168
SUB_HIFLD_1620,SUB_HIFLD_1268,meso_SUB_HIFLD_1620_SUB_HIFLD_1268_rev,400000000.0,762142.8571428572,10670000.0,0,168
SUB_HIFLD_1620,SUB_HIFLD_1565,meso_SUB_HIFLD_1620_SUB_HIFLD_1565_rev,80000000.0,0.0,0.0,0,168
SUB_HIFLD_1620,SUB_HIFLD_1625,meso_SUB_HIFLD_1620_SUB_HIFLD_1625_fwd,480000000.0,4601549.079828848,10670000.0,0,168
SUB_HIFLD_1621,SUB_HIFLD_1686,meso_SUB_HIFLD_1621_SUB_HIFLD_1686_fwd,400000000.0,305858.49300831516,10147113.42333509,0,168
SUB_HIFLD_1621,SUB_HIFLD_1733,meso_SUB_HIFLD_1621_SUB_HIFLD_1733_fwd,80000000.0,730518.7218075707,31697741.69921875,0,168
SUB_HIFLD_1621,SUB_HIFLD_1748,meso_SUB_HIFLD_1621_SUB_HIFLD_1748_fwd,400000000.0,0.0,0.0,0,168
SUB_HIFLD_1621,SUB_HIFLD_3570,meso_SUB_HIFLD_1621_SUB_HIFLD_3570_fwd,400000000.0,0.0,0.0,0,168
SUB_HIFLD_1621,SUB_HIFLD_1250,meso_SUB_HIFLD_1621_SUB_HIFLD_1250_rev,400000000.0,0.0,0.0,0,168
SUB_HIFLD_1621,SUB_HIFLD_1539,meso_SUB_HIFLD_1621_SUB_HIFLD_1539_rev,400000000.0,0.0,0.0,0,168
SUB_HIFLD_1621,SUB_HIFLD_3364,meso_SUB_HIFLD_1621_SUB_HIFLD_3364_fwd,400000000.0,169686.25551056775,28507290.92577538,0,168
SUB_HIFLD_1621,SUB_HIFLD_495,meso_SUB_HIFLD_1621_SUB_HIFLD_495_fwd,400000000.0,72672186.74438073,400000000.0,5,168
SUB_HIFLD_1621,WECC_SCE,iface_SUB_HIFLD_1621_WECC_SCE_to_ba,113551470.17117159,0.0,0.0,0,168
SUB_HIFLD_1622,SUB_HIFLD_2819,meso_SUB_HIFLD_1622_SUB_HIFLD_2819_fwd,80000000.0,0.0,0.0,0,168
SUB_HIFLD_1622,SUB_HIFLD_3462,meso_SUB_HIFLD_1622_SUB_HIFLD_3462_fwd,80000000.0,41637918.676616564,65810165.927734375,0,168
SUB_HIFLD_1622,SUB_HIFLD_1575,meso_SUB_HIFLD_1622_SUB_HIFLD_1575_rev,80000000.0,0.0,0.0,0,168
SUB_HIFLD_1623,SUB_HIFLD_1714,meso_SUB_HIFLD_1623_SUB_HIFLD_1714_fwd,5000000.0,0.0,0.0,0,168
SUB_HIFLD_1624,SUB_HIFLD_1258,meso_SUB_HIFLD_1624_SUB_HIFLD_1258_rev,80000000.0,0.0,0.0,0,168
SUB_HIFLD_1624,SUB_HIFLD_4106,meso_SUB_HIFLD_1624_SUB_HIFLD_4106_fwd,80000000.0,31681451.610400006,31681451.610400002,0,168
SUB_HIFLD_1625,SUB_HIFLD_1542,meso_SUB_HIFLD_1625_SUB_HIFLD_1542_rev,400000000.0,0.0,0.0,0,168
SUB_HIFLD_1625,SUB_HIFLD_1605,meso_SUB_HIFLD_1625_SUB_HIFLD_1605_rev,80000000.0,0.0,0.0,0,168
SUB_HIFLD_1625,SUB_HIFLD_1620,meso_SUB_HIFLD_1625_SUB_HIFLD_1620_rev,480000000.0,0.0,0.0,0,168
SUB_HIFLD_1625,SUB_HIFLD_1650,meso_SUB_HIFLD_1625_SUB_HIFLD_1650_fwd,400000000.0,4243679.246112151,58259897.34595411,0,168
SUB_HIFLD_1625,SUB_HIFLD_1267,meso_SUB_HIFLD_1625_SUB_HIFLD_1267_rev,80000000.0,0.0,0.0,0,168
SUB_HIFLD_1625,SUB_HIFLD_1570,meso_SUB_HIFLD_1625_SUB_HIFLD_1570_rev,80000000.0,4558253.92904242,45729421.77290769,0,168
SUB_HIFLD_1625,SUB_HIFLD_1589,meso_SUB_HIFLD_1625_SUB_HIFLD_1589_rev,400000000.0,322898580.14275277,400000000.0,79,168
SUB_HIFLD_1625,SUB_HIFLD_1639,meso_SUB_HIFLD_1625_SUB_HIFLD_1639_fwd,400000000.0,53286725.458150014,135723021.66153425,0,168
SUB_HIFLD_1625,SUB_HIFLD_1690,meso_SUB_HIFLD_1625_SUB_HIFLD_1690_fwd,80000000.0,2876145.746368965,21537481.97541408,0,168
SUB_HIFLD_1625,SUB_HIFLD_1729,meso_SUB_HIFLD_1625_SUB_HIFLD_1729_fwd,80000000.0,1647362.3919414927,24484229.77373042,0,168
SUB_HIFLD_1625,WECC_SCE,iface_SUB_HIFLD_1625_WECC_SCE_to_ba,113551470.17117159,0.0,0.0,0,168
SUB_HIFLD_1626,SUB_HIFLD_1560,meso_SUB_HIFLD_1626_SUB_HIFLD_1560_rev,80000000.0,20833134.488773596,23894873.046875,0,168
SUB_HIFLD_1626,SUB_HIFLD_2902,meso_SUB_HIFLD_1626_SUB_HIFLD_2902_fwd,80000000.0,9600731.056424657,27949914.144701876,0,168
SUB_HIFLD_1626,SUB_HIFLD_490,meso_SUB_HIFLD_1626_SUB_HIFLD_490_fwd,80000000.0,0.0,0.0,0,168
SUB_HIFLD_1627,SUB_HIFLD_3774,meso_SUB_HIFLD_1627_SUB_HIFLD_3774_fwd,80000000.0,0.0,0.0,0,168
SUB_HIFLD_1627,SUB_HIFLD_1599,meso_SUB_HIFLD_1627_SUB_HIFLD_1599_rev,80000000.0,0.0,0.0,0,168
SUB_HIFLD_1627,SUB_HIFLD_1727,meso_SUB_HIFLD_1627_SUB_HIFLD_1727_fwd,80000000.0,0.0,0.0,0,168
SUB_HIFLD_1628,SUB_HIFLD_3910,meso_SUB_HIFLD_1628_SUB_HIFLD_3910_fwd,80000000.0,0.0,0.0,0,168
SUB_HIFLD_1629,SUB_HIFLD_2913,meso_SUB_HIFLD_1629_SUB_HIFLD_2913_fwd,80000000.0,0.0,0.0,0,168
SUB_HIFLD_1629,SUB_HIFLD_3748,meso_SUB_HIFLD_1629_SUB_HIFLD_3748_fwd,80000000.0,0.0,0.0,0,168
SUB_HIFLD_1630,SUB_HIFLD_1531,meso_SUB_HIFLD_1630_SUB_HIFLD_1531_rev,80000000.0,0.0,0.0,0,168
SUB_HIFLD_1631,SUB_HIFLD_1260,meso_SUB_HIFLD_1631_SUB_HIFLD_1260_rev,80000000.0,0.0,0.0,0,168
SUB_HIFLD_1632,SUB_HIFLD_3462,meso_SUB_HIFLD_1632_SUB_HIFLD_3462_fwd,80000000.0,0.0,0.0,0,168
SUB_HIFLD_1633,SUB_HIFLD_1262,meso_SUB_HIFLD_1633_SUB_HIFLD_1262_rev,80000000.0,0.0,0.0,0,168
SUB_HIFLD_1633,SUB_HIFLD_2483,meso_SUB_HIFLD_1633_SUB_HIFLD_2483_fwd,80000000.0,8642440.587653795,9542087.578527706,0,168
SUB_HIFLD_1633,SUB_HIFLD_2522,meso_SUB_HIFLD_1633_SUB_HIFLD_2522_fwd,80000000.0,0.0,0.0,0,168
SUB_HIFLD_1633,SUB_HIFLD_1567,meso_SUB_HIFLD_1633_SUB_HIFLD_1567_rev,80000000.0,0.0,0.0,0,168
SUB_HIFLD_1633,SUB_HIFLD_1650,meso_SUB_HIFLD_1633_SUB_HIFLD_1650_fwd,80000000.0,0.0,0.0,0,168
SUB_HIFLD_1634,SUB_HIFLD_1543,meso_SUB_HIFLD_1634_SUB_HIFLD_1543_fwd,5000000.0,0.0,0.0,0,168
SUB_HIFLD_1635,SUB_HIFLD_1713,meso_SUB_HIFLD_1635_SUB_HIFLD_1713_fwd,1500000000.0,31938505.4889273,110144926.06603645,0,168
SUB_HIFLD_1635,SUB_HIFLD_2675,meso_SUB_HIFLD_1635_SUB_HIFLD_2675_fwd,1500000000.0,18559382.76667209,136138659.9087009,0,168
SUB_HIFLD_1635,SUB_HIFLD_3743,meso_SUB_HIFLD_1635_SUB_HIFLD_3743_fwd,400000000.0,608543.3032206611,74096621.76633136,0,168
SUB_HIFLD_1635,SUB_HIFLD_4238,meso_SUB_HIFLD_1635_SUB_HIFLD_4238_fwd,400000000.0,0.0,0.0,0,168
SUB_HIFLD_1635,WECC_SCE,iface_SUB_HIFLD_1635_WECC_SCE_to_ba,113551470.17117159,0.0,0.0,0,168
SUB_HIFLD_1636,SUB_HIFLD_3744,meso_SUB_HIFLD_1636_SUB_HIFLD_3744_fwd,400000000.0,0.0,0.0,0,168
SUB_HIFLD_1636,SUB_HIFLD_496,meso_SUB_HIFLD_1636_SUB_HIFLD_496_fwd,400000000.0,11836201.715472432,84170911.08190559,0,168
SUB_HIFLD_1636,SUB_HIFLD_498,meso_SUB_HIFLD_1636_SUB_HIFLD_498_fwd,400000000.0,19865207.641568724,95705869.34430575,0,168
SUB_HIFLD_1636,WECC_SCE,iface_SUB_HIFLD_1636_WECC_SCE_to_ba,113551470.17117159,0.0,0.0,0,168
SUB_HIFLD_1637,SUB_HIFLD_1617,meso_SUB_HIFLD_1637_SUB_HIFLD_1617_rev,80000000.0,0.0,0.0,0,168
SUB_HIFLD_1638,SUB_HIFLD_3024,meso_SUB_HIFLD_1638_SUB_HIFLD_3024_fwd,400000000.0,0.0,0.0,0,168
SUB_HIFLD_1638,SUB_HIFLD_492,meso_SUB_HIFLD_1638_SUB_HIFLD_492_fwd,80000000.0,37623762.24083263,49391939.62207619,0,168
SUB_HIFLD_1638,SUB_HIFLD_1599,meso_SUB_HIFLD_1638_SUB_HIFLD_1599_rev,400000000.0,0.0,0.0,0,168
SUB_HIFLD_1638,SUB_HIFLD_1639,meso_SUB_HIFLD_1638_SUB_HIFLD_1639_fwd,400000000.0,0.0,0.0,0,168
SUB_HIFLD_1639,SUB_HIFLD_1263,meso_SUB_HIFLD_1639_SUB_HIFLD_1263_rev,400000000.0,0.0,0.0,0,168
SUB_HIFLD_1639,SUB_HIFLD_1535,meso_SUB_HIFLD_1639_SUB_HIFLD_1535_rev,80000000.0,25802817.071242884,30552199.341055576,0,168
SUB_HIFLD_1639,SUB_HIFLD_1558,meso_SUB_HIFLD_1639_SUB_HIFLD_1558_rev,80000000.0,7337332.670453508,35259199.778613664,0,168
SUB_HIFLD_1639,SUB_HIFLD_1599,meso_SUB_HIFLD_1639_SUB_HIFLD_1599_rev,400000000.0,0.0,0.0,0,168
SUB_HIFLD_1639,SUB_HIFLD_1650,meso_SUB_HIFLD_1639_SUB_HIFLD_1650_fwd,800000000.0,0.0,0.0,0,168
SUB_HIFLD_1639,SUB_HIFLD_1666,meso_SUB_HIFLD_1639_SUB_HIFLD_1666_fwd,80000000.0,2375294.60433114,51200262.32712254,0,168
SUB_HIFLD_1639,SUB_HIFLD_2558,meso_SUB_HIFLD_1639_SUB_HIFLD_2558_fwd,80000000.0,9816808.366436085,27949912.847323705,0,168
SUB_HIFLD_1639,SUB_HIFLD_3773,meso_SUB_HIFLD_1639_SUB_HIFLD_3773_fwd,400000000.0,2597281.8690184345,3367192.5338273197,0,168
SUB_HIFLD_1639,SUB_HIFLD_3777,meso_SUB_HIFLD_1639_SUB_HIFLD_3777_fwd,80000000.0,4520988.44625885,31991765.458666485,0,168
SUB_HIFLD_1639,SUB_HIFLD_1593,meso_SUB_HIFLD_1639_SUB_HIFLD_1593_rev,80000000.0,651128.7903238566,44133517.997949906,0,168
SUB_HIFLD_1639,SUB_HIFLD_1625,meso_SUB_HIFLD_1639_SUB_HIFLD_1625_rev,400000000.0,0.0,0.0,0,168
SUB_HIFLD_1639,SUB_HIFLD_1638,meso_SUB_HIFLD_1639_SUB_HIFLD_1638_rev,400000000.0,525833.124210871,32020731.76030044,0,168
SUB_HIFLD_1639,SUB_HIFLD_1641,meso_SUB_HIFLD_1639_SUB_HIFLD_1641_fwd,400000000.0,0.0,0.0,0,168
SUB_HIFLD_1639,SUB_HIFLD_1778,meso_SUB_HIFLD_1639_SUB_HIFLD_1778_fwd,80000000.0,72888.98061640894,6507453.588112112,0,168
SUB_HIFLD_1640,SUB_HIFLD_3319,meso_SUB_HIFLD_1640_SUB_HIFLD_3319_fwd,80000000.0,0.0,0.0,0,168
SUB_HIFLD_1640,SUB_HIFLD_4061,meso_SUB_HIFLD_1640_SUB_HIFLD_4061_fwd,80000000.0,0.0,0.0,0,168
SUB_HIFLD_1640,SUB_HIFLD_1566,meso_SUB_HIFLD_1640_SUB_HIFLD_1566_rev,80000000.0,0.0,0.0,0,168
SUB_HIFLD_1641,SUB_HIFLD_1650,meso_SUB_HIFLD_1641_SUB_HIFLD_1650_fwd,400000000.0,0.0,0.0,0,168
SUB_HIFLD_1641,SUB_HIFLD_1664,meso_SUB_HIFLD_1641_SUB_HIFLD_1664_fwd,400000000.0,0.0,0.0,0,168
SUB_HIFLD_1641,SUB_HIFLD_2517,meso_SUB_HIFLD_1641_SUB_HIFLD_2517_fwd,80000000.0,0.0,0.0,0,168
SUB_HIFLD_1641,SUB_HIFLD_3333,meso_SUB_HIFLD_1641_SUB_HIFLD_3333_fwd,80000000.0,0.0,0.0,0,168
SUB_HIFLD_1641,SUB_HIFLD_3743,meso_SUB_HIFLD_1641_SUB_HIFLD_3743_fwd,400000000.0,0.0,0.0,0,168
SUB_HIFLD_1641,SUB_HIFLD_1548,meso_SUB_HIFLD_1641_SUB_HIFLD_1548_rev,80000000.0,9715879.028325865,11909224.74025451,0,168
SUB_HIFLD_1641,SUB_HIFLD_1568,meso_SUB_HIFLD_1641_SUB_HIFLD_1568_rev,160000000.0,92345.74790616873,15514085.648236347,0,168
SUB_HIFLD_1641,SUB_HIFLD_1589,meso_SUB_HIFLD_1641_SUB_HIFLD_1589_rev,800000000.0,22518032.856144186,258498034.776739,0,168
SUB_HIFLD_1641,SUB_HIFLD_1615,meso_SUB_HIFLD_1641_SUB_HIFLD_1615_rev,400000000.0,827241.0097935244,36711565.951504394,0,168
SUB_HIFLD_1641,SUB_HIFLD_1639,meso_SUB_HIFLD_1641_SUB_HIFLD_1639_rev,400000000.0,311884.7947011341,28041932.76607497,0,168
SUB_HIFLD_1641,SUB_HIFLD_1713,meso_SUB_HIFLD_1641_SUB_HIFLD_1713_fwd,400000000.0,0.0,0.0,0,168
SUB_HIFLD_1641,SUB_HIFLD_1741,meso_SUB_HIFLD_1641_SUB_HIFLD_1741_fwd,80000000.0,4766283.244020387,22278693.814841665,0,168
SUB_HIFLD_1641,SUB_HIFLD_1762,meso_SUB_HIFLD_1641_SUB_HIFLD_1762_fwd,160000000.0,23663459.48483439,29676135.03452323,0,168
SUB_HIFLD_1641,SUB_HIFLD_3178,meso_SUB_HIFLD_1641_SUB_HIFLD_3178_fwd,80000000.0,0.0,0.0,0,168
SUB_HIFLD_1641,SUB_HIFLD_3209,meso_SUB_HIFLD_1641_SUB_HIFLD_3209_fwd,400000000.0,247010.57602650445,41497776.77245275,0,168
SUB_HIFLD_1641,SUB_HIFLD_596,meso_SUB_HIFLD_1641_SUB_HIFLD_596_fwd,800000000.0,0.0,0.0,0,168
SUB_HIFLD_1642,SUB_HIFLD_1943,meso_SUB_HIFLD_1642_SUB_HIFLD_1943_fwd,80000000.0,0.0,0.0,0,168
SUB_HIFLD_1642,SUB_HIFLD_1574,meso_SUB_HIFLD_1642_SUB_HIFLD_1574_rev,80000000.0,0.0,0.0,0,168
SUB_HIFLD_1642,SUB_HIFLD_1656,meso_SUB_HIFLD_1642_SUB_HIFLD_1656_fwd,80000000.0,0.0,0.0,0,168
SUB_HIFLD_1643,SUB_HIFLD_1693,meso_SUB_HIFLD_1643_SUB_HIFLD_1693_fwd,80000000.0,23208032.007529512,36041282.80397999,0,168
SUB_HIFLD_1643,SUB_HIFLD_422,meso_SUB_HIFLD_1643_SUB_HIFLD_422_fwd,80000000.0,0.0,0.0,0,168
SUB_HIFLD_1643,SUB_HIFLD_4337,meso_SUB_HIFLD_1643_SUB_HIFLD_4337_fwd,80000000.0,20975633.32987252,38552148.3363045,0,168
SUB_HIFLD_1644,SUB_HIFLD_4398,meso_SUB_HIFLD_1644_SUB_HIFLD_4398_fwd,80000000.0,0.0,0.0,0,168
SUB_HIFLD_1645,SUB_HIFLD_1581,meso_SUB_HIFLD_1645_SUB_HIFLD_1581_rev,80000000.0,1117286.278212856,23603724.8536837,0,168
SUB_HIFLD_1645,SUB_HIFLD_3715,meso_SUB_HIFLD_1645_SUB_HIFLD_3715_fwd,80000000.0,0.0,0.0,0,168
SUB_HIFLD_1645,SUB_HIFLD_4204,meso_SUB_HIFLD_1645_SUB_HIFLD_4204_fwd,80000000.0,0.0,0.0,0,168
SUB_HIFLD_1645,SUB_HIFLD_4437,meso_SUB_HIFLD_1645_SUB_HIFLD_4437_fwd,80000000.0,0.0,0.0,0,168
SUB_HIFLD_1645,SUB_HIFLD_1257,meso_SUB_HIFLD_1645_SUB_HIFLD_1257_rev,80000000.0,0.0,0.0,0,168
SUB_HIFLD_1645,SUB_HIFLD_1573,meso_SUB_HIFLD_1645_SUB_HIFLD_1573_rev,80000000.0,61874779.298455775,78553962.3577881,0,168
SUB_HIFLD_1646,SUB_HIFLD_4328,meso_SUB_HIFLD_1646_SUB_HIFLD_4328_fwd,80000000.0,1056813.7352891972,11822810.094125612,0,168
SUB_HIFLD_1646,SUB_HIFLD_2426,meso_SUB_HIFLD_1646_SUB_HIFLD_2426_fwd,80000000.0,0.0,0.0,0,168
SUB_HIFLD_1647,SUB_HIFLD_2976,meso_SUB_HIFLD_1647_SUB_HIFLD_2976_fwd,80000000.0,185220.45837131742,8739639.178287294,0,168
SUB_HIFLD_1647,SUB_HIFLD_4122,meso_SUB_HIFLD_1647_SUB_HIFLD_4122_fwd,80000000.0,3304762.6244307137,29514375.20976008,0,168
SUB_HIFLD_1647,SUB_HIFLD_1732,meso_SUB_HIFLD_1647_SUB_HIFLD_1732_fwd,80000000.0,50269542.7998009,61700501.708984375,0,168
SUB_HIFLD_1647,SUB_HIFLD_845,meso_SUB_HIFLD_1647_SUB_HIFLD_845_fwd,80000000.0,0.0,0.0,0,168
SUB_HIFLD_1648,SUB_HIFLD_1758,meso_SUB_HIFLD_1648_SUB_HIFLD_1758_fwd,80000000.0,0.0,0.0,0,168
SUB_HIFLD_1648,SUB_HIFLD_490,meso_SUB_HIFLD_1648_SUB_HIFLD_490_fwd,80000000.0,0.0,0.0,0,168
SUB_HIFLD_1648,SUB_HIFLD_1599,meso_SUB_HIFLD_1648_SUB_HIFLD_1599_rev,80000000.0,0.0,0.0,0,168
SUB_HIFLD_1649,SUB_HIFLD_1607,meso_SUB_HIFLD_1649_SUB_HIFLD_1607_rev,80000000.0,0.0,0.0,0,168
SUB_HIFLD_1649,SUB_HIFLD_1700,meso_SUB_HIFLD_1649_SUB_HIFLD_1700_fwd,80000000.0,0.0,0.0,0,168
SUB_HIFLD_1649,SUB_HIFLD_1704,meso_SUB_HIFLD_1649_SUB_HIFLD_1704_fwd,80000000.0,2142830.4988774457,26704796.60820715,0,168
SUB_HIFLD_1649,SUB_HIFLD_1765,meso_SUB_HIFLD_1649_SUB_HIFLD_1765_fwd,80000000.0,0.0,0.0,0,168
SUB_HIFLD_1650,SUB_HIFLD_1589,meso_SUB_HIFLD_1650_SUB_HIFLD_1589_rev,400000000.0,9559377.09111973,206078660.23257893,0,168
SUB_HIFLD_1650,SUB_HIFLD_1625,meso_SUB_HIFLD_1650_SUB_HIFLD_1625_rev,400000000.0,0.0,0.0,0,168
SUB_HIFLD_1650,SUB_HIFLD_1639,meso_SUB_HIFLD_1650_SUB_HIFLD_1639_rev,800000000.0,0.0,0.0,0,168
SUB_HIFLD_1650,SUB_HIFLD_1641,meso_SUB_HIFLD_1650_SUB_HIFLD_1641_rev,400000000.0,0.0,0.0,0,168
SUB_HIFLD_1650,SUB_HIFLD_1742,meso_SUB_HIFLD_1650_SUB_HIFLD_1742_fwd,80000000.0,4771148.811231716,6116732.253241785,0,168
SUB_HIFLD_1650,SUB_HIFLD_1757,meso_SUB_HIFLD_1650_SUB_HIFLD_1757_fwd,80000000.0,242928.5031049299,2550749.282601764,0,168
SUB_HIFLD_1650,SUB_HIFLD_1760,meso_SUB_HIFLD_1650_SUB_HIFLD_1760_fwd,80000000.0,2484291.7777535724,3169231.6114288014,0,168
SUB_HIFLD_1650,SUB_HIFLD_4137,meso_SUB_HIFLD_1650_SUB_HIFLD_4137_fwd,80000000.0,0.0,0.0,0,168
SUB_HIFLD_1650,SUB_HIFLD_1263,meso_SUB_HIFLD_1650_SUB_HIFLD_1263_rev,800000000.0,0.0,0.0,0,168
SUB_HIFLD_1650,SUB_HIFLD_1268,meso_SUB_HIFLD_1650_SUB_HIFLD_1268_rev,400000000.0,0.0,0.0,0,168
SUB_HIFLD_1650,SUB_HIFLD_1562,meso_SUB_HIFLD_1650_SUB_HIFLD_1562_rev,80000000.0,32367772.9271267,80000000.0,7,168
SUB_HIFLD_1650,SUB_HIFLD_1567,meso_SUB_HIFLD_1650_SUB_HIFLD_1567_rev,80000000.0,8886128.910347475,10583866.52051788,0,168
SUB_HIFLD_1650,SUB_HIFLD_1633,meso_SUB_HIFLD_1650_SUB_HIFLD_1633_rev,80000000.0,16041374.069373656,23452951.594379175,0,168
SUB_HIFLD_1650,SUB_HIFLD_1664,meso_SUB_HIFLD_1650_SUB_HIFLD_1664_fwd,400000000.0,0.0,0.0,0,168
SUB_HIFLD_1650,SUB_HIFLD_1712,meso_SUB_HIFLD_1650_SUB_HIFLD_1712_fwd,80000000.0,74532862.50843912,80000000.0,131,168
SUB_HIFLD_1650,SUB_HIFLD_3209,meso_SUB_HIFLD_1650_SUB_HIFLD_3209_fwd,400000000.0,0.0,0.0,0,168
SUB_HIFLD_1651,SUB_HIFLD_3948,meso_SUB_HIFLD_1651_SUB_HIFLD_3948_fwd,80000000.0,0.0,0.0,0,168
SUB_HIFLD_1651,SUB_HIFLD_4089,meso_SUB_HIFLD_1651_SUB_HIFLD_4089_fwd,80000000.0,7957478.896457553,20720179.708721865,0,168
SUB_HIFLD_1651,SUB_HIFLD_4229,meso_SUB_HIFLD_1651_SUB_HIFLD_4229_fwd,80000000.0,0.0,0.0,0,168
SUB_HIFLD_1651,SUB_HIFLD_1546,meso_SUB_HIFLD_1651_SUB_HIFLD_1546_rev,80000000.0,0.0,0.0,0,168
SUB_HIFLD_1651,SUB_HIFLD_1573,meso_SUB_HIFLD_1651_SUB_HIFLD_1573_rev,80000000.0,0.0,0.0,0,168
SUB_HIFLD_1652,SUB_HIFLD_1693,meso_SUB_HIFLD_1652_SUB_HIFLD_1693_fwd,80000000.0,0.0,0.0,0,168
SUB_HIFLD_1652,SUB_HIFLD_1777,meso_SUB_HIFLD_1652_SUB_HIFLD_1777_fwd,80000000.0,965240.7757665982,2075782.634302513,0,168
SUB_HIFLD_1652,SUB_HIFLD_4014,meso_SUB_HIFLD_1652_SUB_HIFLD_4014_fwd,80000000.0,8214341.044931968,24335946.7519121,0,168
SUB_HIFLD_1653,SUB_HIFLD_4021,meso_SUB_HIFLD_1653_SUB_HIFLD_4021_fwd,80000000.0,0.0,0.0,0,168
SUB_HIFLD_1653,SUB_HIFLD_4122,meso_SUB_HIFLD_1653_SUB_HIFLD_4122_fwd,80000000.0,0.0,0.0,0,168
SUB_HIFLD_1653,SUB_HIFLD_857,meso_SUB_HIFLD_1653_SUB_HIFLD_857_fwd,80000000.0,0.0,0.0,0,168
SUB_HIFLD_1654,SUB_HIFLD_1564,meso_SUB_HIFLD_1654_SUB_HIFLD_1564_rev,80000000.0,7932239.16841712,9534886.43685567,0,168
SUB_HIFLD_1654,SUB_HIFLD_1774,meso_SUB_HIFLD_1654_SUB_HIFLD_1774_fwd,47935195.1817964,0.0,0.0,0,168
SUB_HIFLD_1655,SUB_HIFLD_1260,meso_SUB_HIFLD_1655_SUB_HIFLD_1260_rev,200000000.0,8103118.629925786,20460923.33984375,0,168
SUB_HIFLD_1655,SUB_HIFLD_1727,meso_SUB_HIFLD_1655_SUB_HIFLD_1727_fwd,80000000.0,0.0,0.0,0,168
SUB_HIFLD_1655,SUB_HIFLD_488,meso_SUB_HIFLD_1655_SUB_HIFLD_488_fwd,200000000.0,0.0,0.0,0,168
SUB_HIFLD_1656,SUB_HIFLD_3751,meso_SUB_HIFLD_1656_SUB_HIFLD_3751_fwd,80000000.0,0.0,0.0,0,168
SUB_HIFLD_1656,SUB_HIFLD_1589,meso_SUB_HIFLD_1656_SUB_HIFLD_1589_rev,160000000.0,0.0,0.0,0,168
SUB_HIFLD_1656,SUB_HIFLD_1642,meso_SUB_HIFLD_1656_SUB_HIFLD_1642_rev,80000000.0,29.403319473528786,705.6796673646908,0,168
SUB_HIFLD_1657,SUB_HIFLD_1252,meso_SUB_HIFLD_1657_SUB_HIFLD_1252_rev,80000000.0,0.0,0.0,0,168
SUB_HIFLD_1657,SUB_HIFLD_1551,meso_SUB_HIFLD_1657_SUB_HIFLD_1551_rev,80000000.0,25928807.101098962,63733778.4214042,0,168
SUB_HIFLD_1657,SUB_HIFLD_3589,meso_SUB_HIFLD_1657_SUB_HIFLD_3589_fwd,80000000.0,0.0,0.0,0,168
SUB_HIFLD_1657,SUB_HIFLD_3591,meso_SUB_HIFLD_1657_SUB_HIFLD_3591_fwd,80000000.0,39339698.85873397,68836126.80336864,0,168
SUB_HIFLD_1657,SUB_HIFLD_4258,meso_SUB_HIFLD_1657_SUB_HIFLD_4258_fwd,80000000.0,65804742.575360775,80000000.0,92,168
SUB_HIFLD_1657,SUB_HIFLD_501,meso_SUB_HIFLD_1657_SUB_HIFLD_501_fwd,80000000.0,0.0,0.0,0,168
SUB_HIFLD_1657,SUB_HIFLD_3754,meso_SUB_HIFLD_1657_SUB_HIFLD_3754_fwd,60000000.0,0.0,0.0,0,168
SUB_HIFLD_1657,SUB_HIFLD_3757,meso_SUB_HIFLD_1657_SUB_HIFLD_3757_fwd,80000000.0,0.0,0.0,0,168
SUB_HIFLD_1659,SUB_HIFLD_1583,meso_SUB_HIFLD_1659_SUB_HIFLD_1583_rev,80000000.0,52959948.73098716,61367762.37326953,0,168
SUB_HIFLD_1659,SUB_HIFLD_4086,meso_SUB_HIFLD_1659_SUB_HIFLD_4086_fwd,80000000.0,0.0,0.0,0,168
SUB_HIFLD_1659,SUB_HIFLD_2423,meso_SUB_HIFLD_1659_SUB_HIFLD_2423_fwd,80000000.0,0.0,0.0,0,168
SUB_HIFLD_1660,SUB_HIFLD_4139,meso_SUB_HIFLD_1660_SUB_HIFLD_4139_fwd,80000000.0,0.0,0.0,0,168
SUB_HIFLD_1661,SUB_HIFLD_1584,meso_SUB_HIFLD_1661_SUB_HIFLD_1584_rev,80000000.0,0.0,0.0,0,168
SUB_HIFLD_1662,SUB_HIFLD_1610,meso_SUB_HIFLD_1662_SUB_HIFLD_1610_rev,80000000.0,0.0,0.0,0,168
SUB_HIFLD_1662,SUB_HIFLD_3726,meso_SUB_HIFLD_1662_SUB_HIFLD_3726_fwd,80000000.0,0.0,0.0,0,168
SUB_HIFLD_1663,SUB_HIFLD_1257,meso_SUB_HIFLD_1663_SUB_HIFLD_1257_rev,80000000.0,0.0,0.0,0,168
SUB_HIFLD_1663,SUB_HIFLD_1581,meso_SUB_HIFLD_1663_SUB_HIFLD_1581_rev,80000000.0,40689333.49975461,60713023.92578125,0,168
SUB_HIFLD_1664,SUB_HIFLD_1615,meso_SUB_HIFLD_1664_SUB_HIFLD_1615_rev,400000000.0,7200641.325170691,83106424.05120356,0,168
SUB_HIFLD_1664,SUB_HIFLD_1641,meso_SUB_HIFLD_1664_SUB_HIFLD_1641_rev,400000000.0,20511.85924750722,3445992.3535812125,0,168
SUB_HIFLD_1664,SUB_HIFLD_1673,meso_SUB_HIFLD_1664_SUB_HIFLD_1673_fwd,80000000.0,33564951.93622116,80000000.0,2,168
SUB_HIFLD_1664,SUB_HIFLD_1717,meso_SUB_HIFLD_1664_SUB_HIFLD_1717_fwd,160000000.0,38811532.09003079,64029189.01766603,0,168
SUB_HIFLD_1664,SUB_HIFLD_2675,meso_SUB_HIFLD_1664_SUB_HIFLD_2675_fwd,1500000000.0,0.0,0.0,0,168
SUB_HIFLD_1664,SUB_HIFLD_3727,meso_SUB_HIFLD_1664_SUB_HIFLD_3727_fwd,80000000.0,0.0,0.0,0,168
SUB_HIFLD_1664,SUB_HIFLD_4329,meso_SUB_HIFLD_1664_SUB_HIFLD_4329_fwd,80000000.0,533860.2649517531,735473.8597523229,0,168
SUB_HIFLD_1664,SUB_HIFLD_1257,meso_SUB_HIFLD_1664_SUB_HIFLD_1257_rev,800000000.0,0.0,0.0,0,168
SUB_HIFLD_1664,SUB_HIFLD_1568,meso_SUB_HIFLD_1664_SUB_HIFLD_1568_rev,800000000.0,18226537.921177734,173397166.92348868,0,168
SUB_HIFLD_1664,SUB_HIFLD_1597,meso_SUB_HIFLD_1664_SUB_HIFLD_1597_rev,400000000.0,5886183.698306334,256553568.73187822,0,168
SUB_HIFLD_1664,SUB_HIFLD_1598,meso_SUB_HIFLD_1664_SUB_HIFLD_1598_rev,400000000.0,1937621.6761620971,52463384.10560044,0,168
SUB_HIFLD_1664,SUB_HIFLD_1617,meso_SUB_HIFLD_1664_SUB_HIFLD_1617_rev,400000000.0,0.0,0.0,0,168
SUB_HIFLD_1664,SUB_HIFLD_1650,meso_SUB_HIFLD_1664_SUB_HIFLD_1650_rev,400000000.0,14309316.248828314,184729444.08491963,0,168
SUB_HIFLD_1664,SUB_HIFLD_1713,meso_SUB_HIFLD_1664_SUB_HIFLD_1713_fwd,800000000.0,43230.07660686392,7262652.869953139,0,168
SUB_HIFLD_1664,SUB_HIFLD_1768,meso_SUB_HIFLD_1664_SUB_HIFLD_1768_fwd,1500000000.0,0.0,0.0,0,168
SUB_HIFLD_1664,WECC_SCE,iface_SUB_HIFLD_1664_WECC_SCE_to_ba,113551470.17117159,0.0,0.0,0,168
SUB_HIFLD_1665,SUB_HIFLD_1666,meso_SUB_HIFLD_1665_SUB_HIFLD_1666_fwd,80000000.0,0.0,0.0,0,168
SUB_HIFLD_1666,SUB_HIFLD_1535,meso_SUB_HIFLD_1666_SUB_HIFLD_1535_rev,80000000.0,0.0,0.0,0,168
SUB_HIFLD_1666,SUB_HIFLD_1639,meso_SUB_HIFLD_1666_SUB_HIFLD_1639_rev,80000000.0,0.0,0.0,0,168
SUB_HIFLD_1666,SUB_HIFLD_1665,meso_SUB_HIFLD_1666_SUB_HIFLD_1665_rev,80000000.0,0.0,0.0,0,168
SUB_HIFLD_1666,SUB_HIFLD_1766,meso_SUB_HIFLD_1666_SUB_HIFLD_1766_fwd,80000000.0,580838.0570975173,48069053.51950684,0,168
SUB_HIFLD_1666,SUB_HIFLD_2643,meso_SUB_HIFLD_1666_SUB_HIFLD_2643_fwd,80000000.0,0.0,0.0,0,168
SUB_HIFLD_1666,SUB_HIFLD_3777,meso_SUB_HIFLD_1666_SUB_HIFLD_3777_fwd,80000000.0,0.0,0.0,0,168
SUB_HIFLD_1666,SUB_HIFLD_3779,meso_SUB_HIFLD_1666_SUB_HIFLD_3779_fwd,80000000.0,1723197.7091036886,2259280.049432184,0,168
SUB_HIFLD_1666,SUB_HIFLD_1263,meso_SUB_HIFLD_1666_SUB_HIFLD_1263_rev,80000000.0,0.0,0.0,0,168
SUB_HIFLD_1667,SUB_HIFLD_1697,meso_SUB_HIFLD_1667_SUB_HIFLD_1697_fwd,80000000.0,0.0,0.0,0,168
SUB_HIFLD_1667,SUB_HIFLD_1722,meso_SUB_HIFLD_1667_SUB_HIFLD_1722_fwd,80000000.0,0.0,0.0,0,168
SUB_HIFLD_1667,SUB_HIFLD_4035,meso_SUB_HIFLD_1667_SUB_HIFLD_4035_fwd,80000000.0,0.0,0.0,0,168
SUB_HIFLD_1668,SUB_HIFLD_2533,meso_SUB_HIFLD_1668_SUB_HIFLD_2533_fwd,80000000.0,0.0,0.0,0,168
SUB_HIFLD_1668,SUB_HIFLD_3733,meso_SUB_HIFLD_1668_SUB_HIFLD_3733_fwd,80000000.0,19384855.10980388,25687072.435513593,0,168
SUB_HIFLD_1668,SUB_HIFLD_4106,meso_SUB_HIFLD_1668_SUB_HIFLD_4106_fwd,80000000.0,0.0,0.0,0,168
SUB_HIFLD_1669,SUB_HIFLD_1728,meso_SUB_HIFLD_1669_SUB_HIFLD_1728_fwd,80000000.0,0.0,0.0,0,168
SUB_HIFLD_1671,SUB_HIFLD_3445,meso_SUB_HIFLD_1671_SUB_HIFLD_3445_fwd,80000000.0,2618609.385748472,4758859.4970703125,0,168
SUB_HIFLD_1671,SUB_HIFLD_2867,meso_SUB_HIFLD_1671_SUB_HIFLD_2867_rev,5000000.0,0.0,0.0,0,168
SUB_HIFLD_1672,SUB_HIFLD_1676,meso_SUB_HIFLD_1672_SUB_HIFLD_1676_fwd,80000000.0,1806699.2408337898,9530456.442292204,0,168
SUB_HIFLD_1672,SUB_HIFLD_1721,meso_SUB_HIFLD_1672_SUB_HIFLD_1721_fwd,80000000.0,13275491.917990891,40912986.81436126,0,168
SUB_HIFLD_1672,SUB_HIFLD_1772,meso_SUB_HIFLD_1672_SUB_HIFLD_1772_fwd,80000000.0,0.0,0.0,0,168
SUB_HIFLD_1672,SUB_HIFLD_4109,meso_SUB_HIFLD_1672_SUB_HIFLD_4109_fwd,80000000.0,0.0,0.0,0,168
SUB_HIFLD_1672,SUB_HIFLD_4326,meso_SUB_HIFLD_1672_SUB_HIFLD_4326_fwd,80000000.0,5309771.961896987,6439274.923620752,0,168
SUB_HIFLD_1673,SUB_HIFLD_1664,meso_SUB_HIFLD_1673_SUB_HIFLD_1664_rev,80000000.0,0.0,0.0,0,168
SUB_HIFLD_1673,SUB_HIFLD_2617,meso_SUB_HIFLD_1673_SUB_HIFLD_2617_fwd,80000000.0,485240.99588148296,6438850.901255985,0,168
SUB_HIFLD_1673,SUB_HIFLD_3333,meso_SUB_HIFLD_1673_SUB_HIFLD_3333_fwd,80000000.0,0.0,0.0,0,168
SUB_HIFLD_1673,SUB_HIFLD_1710,meso_SUB_HIFLD_1673_SUB_HIFLD_1710_fwd,80000000.0,25626422.835449412,53454006.51217524,0,168
SUB_HIFLD_1673,SUB_HIFLD_1762,meso_SUB_HIFLD_1673_SUB_HIFLD_1762_fwd,80000000.0,396623.22476761276,22611146.844248362,0,168
SUB_HIFLD_1674,SUB_HIFLD_1724,meso_SUB_HIFLD_1674_SUB_HIFLD_1724_fwd,80000000.0,0.0,0.0,0,168
SUB_HIFLD_1674,SUB_HIFLD_2596,meso_SUB_HIFLD_1674_SUB_HIFLD_2596_fwd,80000000.0,0.0,0.0,0,168
SUB_HIFLD_1675,SUB_HIFLD_2629,meso_SUB_HIFLD_1675_SUB_HIFLD_2629_fwd,80000000.0,0.0,0.0,0,168
SUB_HIFLD_1675,SUB_HIFLD_2961,meso_SUB_HIFLD_1675_SUB_HIFLD_2961_fwd,80000000.0,0.0,0.0,0,168
SUB_HIFLD_1676,SUB_HIFLD_1262,meso_SUB_HIFLD_1676_SUB_HIFLD_1262_rev,80000000.0,0.0,0.0,0,168
SUB_HIFLD_1676,SUB_HIFLD_1672,meso_SUB_HIFLD_1676_SUB_HIFLD_1672_rev,80000000.0,0.0,0.0,0,168
SUB_HIFLD_1676,SUB_HIFLD_1683,meso_SUB_HIFLD_1676_SUB_HIFLD_1683_fwd,80000000.0,0.0,0.0,0,168
SUB_HIFLD_1676,SUB_HIFLD_2522,meso_SUB_HIFLD_1676_SUB_HIFLD_2522_fwd,80000000.0,0.0,0.0,0,168
SUB_HIFLD_1676,SUB_HIFLD_3441,meso_SUB_HIFLD_1676_SUB_HIFLD_3441_fwd,80000000.0,0.0,0.0,0,168
SUB_HIFLD_1677,SUB_HIFLD_1724,meso_SUB_HIFLD_1677_SUB_HIFLD_1724_fwd,80000000.0,391654.2933902874,18687219.853534255,0,168
SUB_HIFLD_1677,SUB_HIFLD_4352,meso_SUB_HIFLD_1677_SUB_HIFLD_4352_fwd,80000000.0,0.0,0.0,0,168
SUB_HIFLD_1678,SUB_HIFLD_1756,meso_SUB_HIFLD_1678_SUB_HIFLD_1756_fwd,80000000.0,0.0,0.0,0,168
SUB_HIFLD_1678,SUB_HIFLD_2801,meso_SUB_HIFLD_1678_SUB_HIFLD_2801_fwd,80000000.0,0.0,0.0,0,168
SUB_HIFLD_1678,SUB_HIFLD_4337,meso_SUB_HIFLD_1678_SUB_HIFLD_4337_fwd,80000000.0,0.0,0.0,0,168
SUB_HIFLD_1678,SUB_HIFLD_1730,meso_SUB_HIFLD_1678_SUB_HIFLD_1730_fwd,150000000.0,0.0,0.0,0,168
SUB_HIFLD_1679,SUB_HIFLD_1257,meso_SUB_HIFLD_1679_SUB_HIFLD_1257_rev,400000000.0,0.0,0.0,0,168
SUB_HIFLD_1679,SUB_HIFLD_1955,meso_SUB_HIFLD_1679_SUB_HIFLD_1955_fwd,80000000.0,25692592.929132245,76691790.14469011,0,168
SUB_HIFLD_1679,SUB_HIFLD_2653,meso_SUB_HIFLD_1679_SUB_HIFLD_2653_fwd,80000000.0,21484496.660748255,62940415.3007252,0,168
SUB_HIFLD_1679,SUB_HIFLD_2675,meso_SUB_HIFLD_1679_SUB_HIFLD_2675_fwd,400000000.0,0.0,0.0,0,168
SUB_HIFLD_1679,SUB_HIFLD_2817,meso_SUB_HIFLD_1679_SUB_HIFLD_2817_fwd,80000000.0,5670944.833955286,80000000.0,2,168
SUB_HIFLD_1679,SUB_HIFLD_4102,meso_SUB_HIFLD_1679_SUB_HIFLD_4102_fwd,80000000.0,34923043.73181274,80000000.0,3,168
SUB_HIFLD_1679,SUB_HIFLD_811,meso_SUB_HIFLD_1679_SUB_HIFLD_811_fwd,400000000.0,0.0,0.0,0,168
SUB_HIFLD_1679,SUB_HIFLD_1568,meso_SUB_HIFLD_1679_SUB_HIFLD_1568_rev,400000000.0,455447.44227362785,38352840.36321564,0,168
SUB_HIFLD_1679,SUB_HIFLD_1937,meso_SUB_HIFLD_1679_SUB_HIFLD_1937_fwd,80000000.0,48103020.766922034,80000000.0,64,168
SUB_HIFLD_1679,SUB_HIFLD_1978,meso_SUB_HIFLD_1679_SUB_HIFLD_1978_fwd,80000000.0,60326493.77940568,80000000.0,72,168
SUB_HIFLD_1679,SUB_HIFLD_841,meso_SUB_HIFLD_1679_SUB_HIFLD_841_fwd,800000000.0,0.0,0.0,0,168
SUB_HIFLD_1680,SUB_HIFLD_1547,meso_SUB_HIFLD_1680_SUB_HIFLD_1547_rev,80000000.0,4850000.0,4850000.0,0,168
SUB_HIFLD_1680,SUB_HIFLD_417,meso_SUB_HIFLD_1680_SUB_HIFLD_417_rev,5000000.0,0.0,0.0,0,168
SUB_HIFLD_1681,SUB_HIFLD_496,meso_SUB_HIFLD_1681_SUB_HIFLD_496_fwd,400000000.0,0.0,0.0,0,168
SUB_HIFLD_1681,SUB_HIFLD_497,meso_SUB_HIFLD_1681_SUB_HIFLD_497_fwd,400000000.0,235211.6563659769,32123903.219214715,0,168
SUB_HIFLD_1681,WECC_SCE,iface_SUB_HIFLD_1681_WECC_SCE_to_ba,140697665.33251035,0.0,0.0,0,168
SUB_HIFLD_1682,SUB_HIFLD_1698,meso_SUB_HIFLD_1682_SUB_HIFLD_1698_fwd,80000000.0,7872688.763973815,8993093.872070312,0,168
SUB_HIFLD_1682,SUB_HIFLD_2998,meso_SUB_HIFLD_1682_SUB_HIFLD_2998_fwd,80000000.0,0.0,0.0,0,168
SUB_HIFLD_1683,SUB_HIFLD_1676,meso_SUB_HIFLD_1683_SUB_HIFLD_1676_rev,80000000.0,3395000.0,3395000.0,0,168
SUB_HIFLD_1683,SUB_HIFLD_2952,meso_SUB_HIFLD_1683_SUB_HIFLD_2952_fwd,80000000.0,0.0,0.0,0,168
SUB_HIFLD_1684,SUB_HIFLD_4014,meso_SUB_HIFLD_1684_SUB_HIFLD_4014_fwd,80000000.0,0.0,0.0,0,168
SUB_HIFLD_1684,SUB_HIFLD_4075,meso_SUB_HIFLD_1684_SUB_HIFLD_4075_fwd,80000000.0,0.0,0.0,0,168
SUB_HIFLD_1685,SUB_HIFLD_1584,meso_SUB_HIFLD_1685_SUB_HIFLD_1584_rev,80000000.0,27535096.740954332,34208970.38926327,0,168
SUB_HIFLD_1685,SUB_HIFLD_1715,meso_SUB_HIFLD_1685_SUB_HIFLD_1715_fwd,80000000.0,0.0,0.0,0,168
SUB_HIFLD_1685,SUB_HIFLD_1754,meso_SUB_HIFLD_1685_SUB_HIFLD_1754_fwd,80000000.0,0.0,0.0,0,168
SUB_HIFLD_1686,SUB_HIFLD_1621,meso_SUB_HIFLD_1686_SUB_HIFLD_1621_rev,400000000.0,38432.0850400405,6456590.286726804,0,168
SUB_HIFLD_1686,SUB_HIFLD_1509,meso_SUB_HIFLD_1686_SUB_HIFLD_1509_rev,800000000.0,0.0,0.0,0,168
SUB_HIFLD_1686,SUB_HIFLD_1526,meso_SUB_HIFLD_1686_SUB_HIFLD_1526_rev,400000000.0,205990043.5757838,400000000.0,29,168
SUB_HIFLD_1686,SUB_HIFLD_3364,meso_SUB_HIFLD_1686_SUB_HIFLD_3364_fwd,400000000.0,0.0,0.0,0,168
SUB_HIFLD_1686,WEC_LADW,iface_SUB_HIFLD_1686_WEC_LADW_to_ba,1678900000.0,0.0,0.0,0,168
SUB_HIFLD_1687,SUB_HIFLD_1526,meso_SUB_HIFLD_1687_SUB_HIFLD_1526_rev,400000000.0,330158.994710359,40528797.93050686,0,168
SUB_HIFLD_1687,SUB_HIFLD_1538,meso_SUB_HIFLD_1687_SUB_HIFLD_1538_rev,1500000000.0,0.0,0.0,0,168
SUB_HIFLD_1687,SUB_HIFLD_1600,meso_SUB_HIFLD_1687_SUB_HIFLD_1600_rev,80000000.0,8073127.046490512,17554076.99742268,0,168
SUB_HIFLD_1687,SUB_HIFLD_1724,meso_SUB_HIFLD_1687_SUB_HIFLD_1724_fwd,400000000.0,39706736.663771845,146661688.47957242,0,168
SUB_HIFLD_1687,SUB_HIFLD_1768,meso_SUB_HIFLD_1687_SUB_HIFLD_1768_fwd,1500000000.0,0.0,0.0,0,168
SUB_HIFLD_1687,SUB_HIFLD_2115,meso_SUB_HIFLD_1687_SUB_HIFLD_2115_fwd,400000000.0,0.0,0.0,0,168
SUB_HIFLD_1687,SUB_HIFLD_2431,meso_SUB_HIFLD_1687_SUB_HIFLD_2431_fwd,400000000.0,120860286.83147791,207187722.9336226,0,168
SUB_HIFLD_1687,SUB_HIFLD_2782,meso_SUB_HIFLD_1687_SUB_HIFLD_2782_fwd,400000000.0,0.0,0.0,0,168
SUB_HIFLD_1687,SUB_HIFLD_3908,meso_SUB_HIFLD_1687_SUB_HIFLD_3908_fwd,80000000.0,0.0,0.0,0,168
SUB_HIFLD_1687,SUB_HIFLD_1547,meso_SUB_HIFLD_1687_SUB_HIFLD_1547_rev,800000000.0,0.0,0.0,0,168
SUB_HIFLD_1687,SUB_HIFLD_1597,meso_SUB_HIFLD_1687_SUB_HIFLD_1597_rev,400000000.0,92674908.1494517,400000000.0,2,168
SUB_HIFLD_1687,SUB_HIFLD_1771,meso_SUB_HIFLD_1687_SUB_HIFLD_1771_fwd,400000000.0,0.0,0.0,0,168
SUB_HIFLD_1687,SUB_HIFLD_2421,meso_SUB_HIFLD_1687_SUB_HIFLD_2421_fwd,1200000000.0,240155850.2248711,304158345.81396794,0,168
SUB_HIFLD_1687,WECC_SCE,iface_SUB_HIFLD_1687_WECC_SCE_to_ba,113551470.17117159,0.0,0.0,0,168
SUB_HIFLD_1688,SUB_HIFLD_1697,meso_SUB_HIFLD_1688_SUB_HIFLD_1697_fwd,80000000.0,13421104.939495075,18031639.136855338,0,168
SUB_HIFLD_1688,SUB_HIFLD_2717,meso_SUB_HIFLD_1688_SUB_HIFLD_2717_fwd,80000000.0,2524354.0614398355,24916459.224545643,0,168
SUB_HIFLD_1688,SUB_HIFLD_3730,meso_SUB_HIFLD_1688_SUB_HIFLD_3730_fwd,80000000.0,0.0,0.0,0,168
SUB_HIFLD_1689,SUB_HIFLD_1768,meso_SUB_HIFLD_1689_SUB_HIFLD_1768_fwd,400000000.0,0.0,0.0,0,168
SUB_HIFLD_1690,SUB_HIFLD_1726,meso_SUB_HIFLD_1690_SUB_HIFLD_1726_fwd,80000000.0,1104269.116058131,16779746.008735888,0,168
SUB_HIFLD_1690,SUB_HIFLD_3011,meso_SUB_HIFLD_1690_SUB_HIFLD_3011_fwd,80000000.0,0.0,0.0,0,168
SUB_HIFLD_1690,SUB_HIFLD_3912,meso_SUB_HIFLD_1690_SUB_HIFLD_3912_fwd,80000000.0,0.0,0.0,0,168
SUB_HIFLD_1690,SUB_HIFLD_1625,meso_SUB_HIFLD_1690_SUB_HIFLD_1625_rev,80000000.0,0.0,0.0,0,168
SUB_HIFLD_1690,SUB_HIFLD_1695,meso_SUB_HIFLD_1690_SUB_HIFLD_1695_fwd,80000000.0,0.0,0.0,0,168
SUB_HIFLD_1690,SUB_HIFLD_3913,meso_SUB_HIFLD_1690_SUB_HIFLD_3913_fwd,80000000.0,0.0,0.0,0,168
SUB_HIFLD_1691,SUB_HIFLD_4191,meso_SUB_HIFLD_1691_SUB_HIFLD_4191_fwd,80000000.0,0.0,0.0,0,168
SUB_HIFLD_1691,SUB_HIFLD_1566,meso_SUB_HIFLD_1691_SUB_HIFLD_1566_rev,80000000.0,19524687.593967892,43965545.20731188,0,168
SUB_HIFLD_1691,SUB_HIFLD_1568,meso_SUB_HIFLD_1691_SUB_HIFLD_1568_rev,80000000.0,0.0,0.0,0,168
SUB_HIFLD_1692,SUB_HIFLD_2115,meso_SUB_HIFLD_1692_SUB_HIFLD_2115_fwd,80000000.0,0.0,0.0,0,168
SUB_HIFLD_1693,SUB_HIFLD_1643,meso_SUB_HIFLD_1693_SUB_HIFLD_1643_rev,80000000.0,0.0,0.0,0,168
SUB_HIFLD_1693,SUB_HIFLD_1652,meso_SUB_HIFLD_1693_SUB_HIFLD_1652_rev,80000000.0,16740416.380779706,30423381.20639435,0,168
SUB_HIFLD_1693,SUB_HIFLD_1706,meso_SUB_HIFLD_1693_SUB_HIFLD_1706_fwd,80000000.0,614717.3341489857,933164.7420666881,0,168
SUB_HIFLD_1694,SUB_HIFLD_1727,meso_SUB_HIFLD_1694_SUB_HIFLD_1727_fwd,80000000.0,0.0,0.0,0,168
SUB_HIFLD_1694,SUB_HIFLD_1758,meso_SUB_HIFLD_1694_SUB_HIFLD_1758_fwd,80000000.0,0.0,0.0,0,168
SUB_HIFLD_1695,SUB_HIFLD_1690,meso_SUB_HIFLD_1695_SUB_HIFLD_1690_rev,80000000.0,0.0,0.0,0,168
SUB_HIFLD_1695,SUB_HIFLD_1750,meso_SUB_HIFLD_1695_SUB_HIFLD_1750_fwd,80000000.0,0.0,0.0,0,168
SUB_HIFLD_1696,SUB_HIFLD_1776,meso_SUB_HIFLD_1696_SUB_HIFLD_1776_fwd,80000000.0,0.0,0.0,0,168
SUB_HIFLD_1696,SUB_HIFLD_4191,meso_SUB_HIFLD_1696_SUB_HIFLD_4191_fwd,80000000.0,0.0,0.0,0,168
SUB_HIFLD_1696,SUB_HIFLD_4196,meso_SUB_HIFLD_1696_SUB_HIFLD_4196_fwd,80000000.0,0.0,0.0,0,168
SUB_HIFLD_1697,SUB_HIFLD_1667,meso_SUB_HIFLD_1697_SUB_HIFLD_1667_rev,80000000.0,13018471.791310223,17490689.96274968,0,168
SUB_HIFLD_1697,SUB_HIFLD_1688,meso_SUB_HIFLD_1697_SUB_HIFLD_1688_rev,80000000.0,0.0,0.0,0,168
SUB_HIFLD_1697,SUB_HIFLD_2717,meso_SUB_HIFLD_1697_SUB_HIFLD_2717_fwd,80000000.0,0.0,0.0,0,168
SUB_HIFLD_1698,SUB_HIFLD_1682,meso_SUB_HIFLD_1698_SUB_HIFLD_1682_rev,80000000.0,0.0,0.0,0,168
SUB_HIFLD_1699,SUB_HIFLD_1257,meso_SUB_HIFLD_1699_SUB_HIFLD_1257_rev,80000000.0,0.0,0.0,0,168
SUB_HIFLD_1699,SUB_HIFLD_3914,meso_SUB_HIFLD_1699_SUB_HIFLD_3914_fwd,80000000.0,0.0,0.0,0,168
SUB_HIFLD_1699,SUB_HIFLD_4436,meso_SUB_HIFLD_1699_SUB_HIFLD_4436_fwd,80000000.0,6074662.089320539,20107690.079532094,0,168
SUB_HIFLD_1699,SUB_HIFLD_1702,meso_SUB_HIFLD_1699_SUB_HIFLD_1702_fwd,80000000.0,43598830.77074005,60776528.67489292,0,168
SUB_HIFLD_1700,SUB_HIFLD_1578,meso_SUB_HIFLD_1700_SUB_HIFLD_1578_rev,80000000.0,1450227.8971772848,7126330.682420239,0,168
SUB_HIFLD_1700,SUB_HIFLD_1649,meso_SUB_HIFLD_1700_SUB_HIFLD_1649_rev,80000000.0,0.0,0.0,0,168
SUB_HIFLD_1700,SUB_HIFLD_1704,meso_SUB_HIFLD_1700_SUB_HIFLD_1704_fwd,80000000.0,2749683.265422169,26704797.111589883,0,168
SUB_HIFLD_1700,SUB_HIFLD_3178,meso_SUB_HIFLD_1700_SUB_HIFLD_3178_fwd,80000000.0,1177579.6432557192,10938741.493610255,0,168
SUB_HIFLD_1700,SUB_HIFLD_1765,meso_SUB_HIFLD_1700_SUB_HIFLD_1765_fwd,80000000.0,0.0,0.0,0,168
SUB_HIFLD_1701,SUB_HIFLD_1538,meso_SUB_HIFLD_1701_SUB_HIFLD_1538_rev,80000000.0,0.0,0.0,0,168
SUB_HIFLD_1701,SUB_HIFLD_1730,meso_SUB_HIFLD_1701_SUB_HIFLD_1730_fwd,80000000.0,357211.2970023973,15925329.256047597,0,168
SUB_HIFLD_1701,SUB_HIFLD_4337,meso_SUB_HIFLD_1701_SUB_HIFLD_4337_fwd,80000000.0,1725349.8326176472,17523865.00950092,0,168
SUB_HIFLD_1702,SUB_HIFLD_3507,meso_SUB_HIFLD_1702_SUB_HIFLD_3507_fwd,80000000.0,3818156.128577143,19504457.772142205,0,168
SUB_HIFLD_1702,SUB_HIFLD_3914,meso_SUB_HIFLD_1702_SUB_HIFLD_3914_fwd,80000000.0,0.0,0.0,0,168
SUB_HIFLD_1702,SUB_HIFLD_1699,meso_SUB_HIFLD_1702_SUB_HIFLD_1699_rev,80000000.0,0.0,0.0,0,168
SUB_HIFLD_1702,SUB_HIFLD_3231,meso_SUB_HIFLD_1702_SUB_HIFLD_3231_fwd,80000000.0,3298689.6065034973,19504459.377146136,0,168
SUB_HIFLD_1703,SUB_HIFLD_1532,meso_SUB_HIFLD_1703_SUB_HIFLD_1532_rev,80000000.0,0.0,0.0,0,168
SUB_HIFLD_1703,SUB_HIFLD_2617,meso_SUB_HIFLD_1703_SUB_HIFLD_2617_fwd,80000000.0,0.0,0.0,0,168
SUB_HIFLD_1703,SUB_HIFLD_3735,meso_SUB_HIFLD_1703_SUB_HIFLD_3735_fwd,80000000.0,7886347.712660564,30445344.634558097,0,168
SUB_HIFLD_1704,SUB_HIFLD_1607,meso_SUB_HIFLD_1704_SUB_HIFLD_1607_rev,80000000.0,0.0,0.0,0,168
SUB_HIFLD_1704,SUB_HIFLD_1649,meso_SUB_HIFLD_1704_SUB_HIFLD_1649_rev,80000000.0,0.0,0.0,0,168
SUB_HIFLD_1704,SUB_HIFLD_1700,meso_SUB_HIFLD_1704_SUB_HIFLD_1700_rev,80000000.0,0.0,0.0,0,168
SUB_HIFLD_1704,SUB_HIFLD_3294,meso_SUB_HIFLD_1704_SUB_HIFLD_3294_fwd,80000000.0,74237760.62835553,80000000.0,84,168
SUB_HIFLD_1704,SUB_HIFLD_3739,meso_SUB_HIFLD_1704_SUB_HIFLD_3739_fwd,80000000.0,0.0,0.0,0,168
SUB_HIFLD_1704,SUB_HIFLD_1765,meso_SUB_HIFLD_1704_SUB_HIFLD_1765_fwd,80000000.0,0.0,0.0,0,168
SUB_HIFLD_1705,SUB_HIFLD_1615,meso_SUB_HIFLD_1705_SUB_HIFLD_1615_rev,80000000.0,0.0,0.0,0,168
SUB_HIFLD_1705,SUB_HIFLD_2597,meso_SUB_HIFLD_1705_SUB_HIFLD_2597_fwd,80000000.0,0.0,0.0,0,168
SUB_HIFLD_1705,SUB_HIFLD_3720,meso_SUB_HIFLD_1705_SUB_HIFLD_3720_fwd,80000000.0,2709528.0251669195,3797061.1886879834,0,168
SUB_HIFLD_1705,SUB_HIFLD_1717,meso_SUB_HIFLD_1705_SUB_HIFLD_1717_fwd,80000000.0,0.0,0.0,0,168
SUB_HIFLD_1705,SUB_HIFLD_3723,meso_SUB_HIFLD_1705_SUB_HIFLD_3723_rev,5761640.0310649425,3038093.2951652366,3537669.388289304,0,168
SUB_HIFLD_1706,SUB_HIFLD_1693,meso_SUB_HIFLD_1706_SUB_HIFLD_1693_rev,80000000.0,0.0,0.0,0,168
SUB_HIFLD_1706,SUB_HIFLD_3435,meso_SUB_HIFLD_1706_SUB_HIFLD_3435_fwd,80000000.0,0.0,0.0,0,168
SUB_HIFLD_1707,SUB_HIFLD_2952,meso_SUB_HIFLD_1707_SUB_HIFLD_2952_fwd,80000000.0,0.0,0.0,0,168
SUB_HIFLD_1708,SUB_HIFLD_1548,meso_SUB_HIFLD_1708_SUB_HIFLD_1548_rev,80000000.0,0.0,0.0,0,168
SUB_HIFLD_1708,SUB_HIFLD_1762,meso_SUB_HIFLD_1708_SUB_HIFLD_1762_fwd,80000000.0,0.0,0.0,0,168
SUB_HIFLD_1709,SUB_HIFLD_4106,meso_SUB_HIFLD_1709_SUB_HIFLD_4106_fwd,80000000.0,0.0,0.0,0,168
SUB_HIFLD_1709,SUB_HIFLD_4193,meso_SUB_HIFLD_1709_SUB_HIFLD_4193_fwd,80000000.0,0.0,0.0,0,168
SUB_HIFLD_1710,SUB_HIFLD_1769,meso_SUB_HIFLD_1710_SUB_HIFLD_1769_fwd,80000000.0,15604106.857022855,42278301.26017214,0,168
SUB_HIFLD_1710,SUB_HIFLD_3737,meso_SUB_HIFLD_1710_SUB_HIFLD_3737_fwd,80000000.0,1772976.7714950545,2489962.0292113,0,168
SUB_HIFLD_1710,SUB_HIFLD_1673,meso_SUB_HIFLD_1710_SUB_HIFLD_1673_rev,80000000.0,0.0,0.0,0,168
SUB_HIFLD_1711,SUB_HIFLD_1599,meso_SUB_HIFLD_1711_SUB_HIFLD_1599_rev,80000000.0,0.0,0.0,0,168
SUB_HIFLD_1711,SUB_HIFLD_1609,meso_SUB_HIFLD_1711_SUB_HIFLD_1609_rev,80000000.0,0.0,0.0,0,168
SUB_HIFLD_1711,SUB_HIFLD_1727,meso_SUB_HIFLD_1711_SUB_HIFLD_1727_fwd,80000000.0,0.0,0.0,0,168
SUB_HIFLD_1712,SUB_HIFLD_1579,meso_SUB_HIFLD_1712_SUB_HIFLD_1579_rev,80000000.0,0.0,0.0,0,168
SUB_HIFLD_1712,SUB_HIFLD_1757,meso_SUB_HIFLD_1712_SUB_HIFLD_1757_fwd,80000000.0,0.0,0.0,0,168
SUB_HIFLD_1712,SUB_HIFLD_1650,meso_SUB_HIFLD_1712_SUB_HIFLD_1650_rev,80000000.0,0.0,0.0,0,168
SUB_HIFLD_1712,SUB_HIFLD_1744,meso_SUB_HIFLD_1712_SUB_HIFLD_1744_fwd,80000000.0,72525448.06175739,80000000.0,16,168
SUB_HIFLD_1713,SUB_HIFLD_1534,meso_SUB_HIFLD_1713_SUB_HIFLD_1534_rev,80000000.0,17845766.71339793,21907206.227608483,0,168
SUB_HIFLD_1713,SUB_HIFLD_1537,meso_SUB_HIFLD_1713_SUB_HIFLD_1537_rev,80000000.0,62296037.151842706,80000000.0,16,168
SUB_HIFLD_1713,SUB_HIFLD_1635,meso_SUB_HIFLD_1713_SUB_HIFLD_1635_rev,1500000000.0,0.0,0.0,0,168
SUB_HIFLD_1713,SUB_HIFLD_1768,meso_SUB_HIFLD_1713_SUB_HIFLD_1768_fwd,1650000000.0,0.0,0.0,0,168
SUB_HIFLD_1713,SUB_HIFLD_3431,meso_SUB_HIFLD_1713_SUB_HIFLD_3431_fwd,80000000.0,0.0,0.0,0,168
SUB_HIFLD_1713,SUB_HIFLD_3714,meso_SUB_HIFLD_1713_SUB_HIFLD_3714_fwd,80000000.0,1453567.9700916477,20200428.635108195,0,168
SUB_HIFLD_1713,SUB_HIFLD_1555,meso_SUB_HIFLD_1713_SUB_HIFLD_1555_rev,80000000.0,39684391.82954028,53025200.858369075,0,168
SUB_HIFLD_1713,SUB_HIFLD_1641,meso_SUB_HIFLD_1713_SUB_HIFLD_1641_rev,400000000.0,1890783.1257692717,65141249.08491312,0,168
SUB_HIFLD_1713,SUB_HIFLD_1664,meso_SUB_HIFLD_1713_SUB_HIFLD_1664_rev,800000000.0,3279.943589507814,551030.5230373128,0,168
SUB_HIFLD_1713,WECC_SCE,iface_SUB_HIFLD_1713_WECC_SCE_to_ba,113551470.17117159,0.0,0.0,0,168
SUB_HIFLD_1714,SUB_HIFLD_4287,meso_SUB_HIFLD_1714_SUB_HIFLD_4287_fwd,80000000.0,0.0,0.0,0,168
SUB_HIFLD_1714,SUB_HIFLD_1623,meso_SUB_HIFLD_1714_SUB_HIFLD_1623_rev,5000000.0,0.0,0.0,0,168
SUB_HIFLD_1715,SUB_HIFLD_1685,meso_SUB_HIFLD_1715_SUB_HIFLD_1685_rev,80000000.0,0.0,0.0,0,168
SUB_HIFLD_1715,SUB_HIFLD_1754,meso_SUB_HIFLD_1715_SUB_HIFLD_1754_fwd,80000000.0,0.0,0.0,0,168
SUB_HIFLD_1716,SUB_HIFLD_1261,meso_SUB_HIFLD_1716_SUB_HIFLD_1261_rev,400000000.0,0.0,0.0,0,168
SUB_HIFLD_1716,SUB_HIFLD_1530,meso_SUB_HIFLD_1716_SUB_HIFLD_1530_rev,400000000.0,0.0,0.0,0,168
SUB_HIFLD_1716,SUB_HIFLD_3776,meso_SUB_HIFLD_1716_SUB_HIFLD_3776_fwd,80000000.0,0.0,0.0,0,168
SUB_HIFLD_1716,SUB_HIFLD_1775,meso_SUB_HIFLD_1716_SUB_HIFLD_1775_fwd,400000000.0,0.0,0.0,0,168
SUB_HIFLD_1717,SUB_HIFLD_1664,meso_SUB_HIFLD_1717_SUB_HIFLD_1664_rev,160000000.0,0.0,0.0,0,168
SUB_HIFLD_1717,SUB_HIFLD_2597,meso_SUB_HIFLD_1717_SUB_HIFLD_2597_fwd,80000000.0,2074720.3673516356,2513327.5443454236,0,168
SUB_HIFLD_1717,SUB_HIFLD_2832,meso_SUB_HIFLD_1717_SUB_HIFLD_2832_fwd,80000000.0,1084260.3558158341,6376358.479404063,0,168
SUB_HIFLD_1717,SUB_HIFLD_4329,meso_SUB_HIFLD_1717_SUB_HIFLD_4329_fwd,80000000.0,0.0,0.0,0,168
SUB_HIFLD_1717,SUB_HIFLD_1705,meso_SUB_HIFLD_1717_SUB_HIFLD_1705_rev,80000000.0,4115028.848137454,19292079.303849705,0,168
SUB_HIFLD_1717,SUB_HIFLD_1720,meso_SUB_HIFLD_1717_SUB_HIFLD_1720_fwd,160000000.0,9148.153605622641,278928.0842259987,0,168
SUB_HIFLD_1718,SUB_HIFLD_3722,meso_SUB_HIFLD_1718_SUB_HIFLD_3722_fwd,80000000.0,0.0,0.0,0,168
SUB_HIFLD_1718,SUB_HIFLD_3724,meso_SUB_HIFLD_1718_SUB_HIFLD_3724_fwd,80000000.0,0.0,0.0,0,168
SUB_HIFLD_1719,SUB_HIFLD_1573,meso_SUB_HIFLD_1719_SUB_HIFLD_1573_rev,80000000.0,0.0,0.0,0,168
SUB_HIFLD_1719,SUB_HIFLD_2976,meso_SUB_HIFLD_1719_SUB_HIFLD_2976_fwd,80000000.0,40057.884918060976,6729724.666234244,0,168
SUB_HIFLD_1719,SUB_HIFLD_3306,meso_SUB_HIFLD_1719_SUB_HIFLD_3306_fwd,80000000.0,0.0,0.0,0,168
SUB_HIFLD_1720,SUB_HIFLD_2597,meso_SUB_HIFLD_1720_SUB_HIFLD_2597_fwd,80000000.0,0.0,0.0,0,168
SUB_HIFLD_1720,SUB_HIFLD_4329,meso_SUB_HIFLD_1720_SUB_HIFLD_4329_fwd,80000000.0,0.0,0.0,0,168
SUB_HIFLD_1720,SUB_HIFLD_1717,meso_SUB_HIFLD_1720_SUB_HIFLD_1717_rev,160000000.0,0.0,0.0,0,168
SUB_HIFLD_1721,SUB_HIFLD_1672,meso_SUB_HIFLD_1721_SUB_HIFLD_1672_rev,80000000.0,0.0,0.0,0,168
SUB_HIFLD_1721,SUB_HIFLD_2934,meso_SUB_HIFLD_1721_SUB_HIFLD_2934_fwd,80000000.0,0.0,0.0,0,168
SUB_HIFLD_1721,SUB_HIFLD_3383,meso_SUB_HIFLD_1721_SUB_HIFLD_3383_fwd,80000000.0,0.0,0.0,0,168
SUB_HIFLD_1722,SUB_HIFLD_1667,meso_SUB_HIFLD_1722_SUB_HIFLD_1667_rev,80000000.0,0.0,0.0,0,168
SUB_HIFLD_1722,SUB_HIFLD_2717,meso_SUB_HIFLD_1722_SUB_HIFLD_2717_fwd,80000000.0,0.0,0.0,0,168
SUB_HIFLD_1722,SUB_HIFLD_4035,meso_SUB_HIFLD_1722_SUB_HIFLD_4035_fwd,80000000.0,0.0,0.0,0,168
SUB_HIFLD_1723,SUB_HIFLD_1511,meso_SUB_HIFLD_1723_SUB_HIFLD_1511_rev,80000000.0,0.0,0.0,0,168
SUB_HIFLD_1724,SUB_HIFLD_1674,meso_SUB_HIFLD_1724_SUB_HIFLD_1674_rev,80000000.0,16002148.398288682,50001344.031894326,0,168
SUB_HIFLD_1724,SUB_HIFLD_1677,meso_SUB_HIFLD_1724_SUB_HIFLD_1677_rev,80000000.0,715101.5942377315,24790396.715931058,0,168
SUB_HIFLD_1724,SUB_HIFLD_1687,meso_SUB_HIFLD_1724_SUB_HIFLD_1687_rev,400000000.0,0.0,0.0,0,168
SUB_HIFLD_1724,SUB_HIFLD_2421,meso_SUB_HIFLD_1724_SUB_HIFLD_2421_fwd,480000000.0,215004.79759444646,15725141.36748954,0,168
SUB_HIFLD_1724,SUB_HIFLD_2431,meso_SUB_HIFLD_1724_SUB_HIFLD_2431_fwd,80000000.0,41287.37336412107,6936278.72517234,0,168
SUB_HIFLD_1724,SUB_HIFLD_2432,meso_SUB_HIFLD_1724_SUB_HIFLD_2432_fwd,80000000.0,26897552.707468,38357392.17541882,0,168
SUB_HIFLD_1724,SUB_HIFLD_495,meso_SUB_HIFLD_1724_SUB_HIFLD_495_fwd,80000000.0,0.0,0.0,0,168
SUB_HIFLD_1725,SUB_HIFLD_1511,meso_SUB_HIFLD_1725_SUB_HIFLD_1511_rev,80000000.0,0.0,0.0,0,168
SUB_HIFLD_1725,SUB_HIFLD_2691,meso_SUB_HIFLD_1725_SUB_HIFLD_2691_fwd,80000000.0,3646376.905705827,15204002.0276464,0,168
SUB_HIFLD_1725,SUB_HIFLD_2977,meso_SUB_HIFLD_1725_SUB_HIFLD_2977_fwd,80000000.0,0.0,0.0,0,168
SUB_HIFLD_1725,SUB_HIFLD_3771,meso_SUB_HIFLD_1725_SUB_HIFLD_3771_fwd,80000000.0,78877934.28922582,80000000.0,151,168
SUB_HIFLD_1726,SUB_HIFLD_1690,meso_SUB_HIFLD_1726_SUB_HIFLD_1690_rev,80000000.0,0.0,0.0,0,168
SUB_HIFLD_1726,SUB_HIFLD_1740,meso_SUB_HIFLD_1726_SUB_HIFLD_1740_fwd,80000000.0,10619960.892341962,13606734.258481527,0,168
SUB_HIFLD_1726,SUB_HIFLD_3913,meso_SUB_HIFLD_1726_SUB_HIFLD_3913_fwd,80000000.0,0.0,0.0,0,168
SUB_HIFLD_1727,SUB_HIFLD_1655,meso_SUB_HIFLD_1727_SUB_HIFLD_1655_rev,80000000.0,0.0,0.0,0,168
SUB_HIFLD_1727,SUB_HIFLD_1711,meso_SUB_HIFLD_1727_SUB_HIFLD_1711_rev,80000000.0,0.0,0.0,0,168
SUB_HIFLD_1727,SUB_HIFLD_1758,meso_SUB_HIFLD_1727_SUB_HIFLD_1758_fwd,80000000.0,315988.18392888596,10129894.104003906,0,168
SUB_HIFLD_1727,SUB_HIFLD_4296,meso_SUB_HIFLD_1727_SUB_HIFLD_4296_fwd,80000000.0,0.0,0.0,0,168
SUB_HIFLD_1727,SUB_HIFLD_488,meso_SUB_HIFLD_1727_SUB_HIFLD_488_fwd,80000000.0,0.0,0.0,0,168
SUB_HIFLD_1727,SUB_HIFLD_1627,meso_SUB_HIFLD_1727_SUB_HIFLD_1627_rev,80000000.0,0.0,0.0,0,168
SUB_HIFLD_1727,SUB_HIFLD_1694,meso_SUB_HIFLD_1727_SUB_HIFLD_1694_rev,80000000.0,0.0,0.0,0,168
SUB_HIFLD_1728,SUB_HIFLD_1570,meso_SUB_HIFLD_1728_SUB_HIFLD_1570_rev,80000000.0,5521703.93989612,27493379.98138944,0,168
SUB_HIFLD_1728,SUB_HIFLD_1669,meso_SUB_HIFLD_1728_SUB_HIFLD_1669_rev,80000000.0,1094815.6458679351,2955968.3259000485,0,168
SUB_HIFLD_1728,SUB_HIFLD_3156,meso_SUB_HIFLD_1728_SUB_HIFLD_3156_fwd,80000000.0,0.0,0.0,0,168
SUB_HIFLD_1729,SUB_HIFLD_1614,meso_SUB_HIFLD_1729_SUB_HIFLD_1614_rev,80000000.0,810423.5860466469,11790293.421262544,0,168
SUB_HIFLD_1729,SUB_HIFLD_1772,meso_SUB_HIFLD_1729_SUB_HIFLD_1772_fwd,80000000.0,787517.9341366014,23749702.880518507,0,168
SUB_HIFLD_1729,SUB_HIFLD_1625,meso_SUB_HIFLD_1729_SUB_HIFLD_1625_rev,80000000.0,0.0,0.0,0,168
SUB_HIFLD_1730,SUB_HIFLD_1538,meso_SUB_HIFLD_1730_SUB_HIFLD_1538_rev,80000000.0,0.0,0.0,0,168
SUB_HIFLD_1730,SUB_HIFLD_1701,meso_SUB_HIFLD_1730_SUB_HIFLD_1701_rev,80000000.0,0.0,0.0,0,168
SUB_HIFLD_1730,SUB_HIFLD_2801,meso_SUB_HIFLD_1730_SUB_HIFLD_2801_fwd,80000000.0,0.0,0.0,0,168
SUB_HIFLD_1730,SUB_HIFLD_4287,meso_SUB_HIFLD_1730_SUB_HIFLD_4287_fwd,80000000.0,5528454.482305261,29402528.17939636,0,168
SUB_HIFLD_1730,SUB_HIFLD_4398,meso_SUB_HIFLD_1730_SUB_HIFLD_4398_fwd,80000000.0,0.0,0.0,0,168
SUB_HIFLD_1730,SUB_HIFLD_1678,meso_SUB_HIFLD_1730_SUB_HIFLD_1678_rev,150000000.0,4567925.587980791,30857752.97499194,0,168
SUB_HIFLD_1731,SUB_HIFLD_2554,meso_SUB_HIFLD_1731_SUB_HIFLD_2554_fwd,80000000.0,0.0,0.0,0,168
SUB_HIFLD_1732,SUB_HIFLD_1612,meso_SUB_HIFLD_1732_SUB_HIFLD_1612_rev,80000000.0,48580116.33598066,70674239.21940145,0,168
SUB_HIFLD_1732,SUB_HIFLD_1647,meso_SUB_HIFLD_1732_SUB_HIFLD_1647_rev,80000000.0,0.0,0.0,0,168
SUB_HIFLD_1732,SUB_HIFLD_1759,meso_SUB_HIFLD_1732_SUB_HIFLD_1759_fwd,80000000.0,181340.17982621506,9146570.72999145,0,168
SUB_HIFLD_1733,SUB_HIFLD_1621,meso_SUB_HIFLD_1733_SUB_HIFLD_1621_rev,80000000.0,5627929.305287521,80000000.0,10,168
SUB_HIFLD_1733,SUB_HIFLD_4352,meso_SUB_HIFLD_1733_SUB_HIFLD_4352_fwd,80000000.0,30047223.688455194,80000000.0,4,168
SUB_HIFLD_1733,WECC_SCE,iface_SUB_HIFLD_1733_WECC_SCE_to_ba,4000000000.0,0.0,0.0,0,168
SUB_HIFLD_1734,SUB_HIFLD_2605,meso_SUB_HIFLD_1734_SUB_HIFLD_2605_fwd,80000000.0,408996.42685265734,667770.1149144933,0,168
SUB_HIFLD_1734,SUB_HIFLD_2668,meso_SUB_HIFLD_1734_SUB_HIFLD_2668_fwd,80000000.0,0.0,0.0,0,168
SUB_HIFLD_1734,SUB_HIFLD_3751,meso_SUB_HIFLD_1734_SUB_HIFLD_3751_fwd,80000000.0,0.0,0.0,0,168
SUB_HIFLD_1735,SUB_HIFLD_1256,meso_SUB_HIFLD_1735_SUB_HIFLD_1256_rev,80000000.0,17918118.091936372,22859749.768443942,0,168
SUB_HIFLD_1735,SUB_HIFLD_3231,meso_SUB_HIFLD_1735_SUB_HIFLD_3231_fwd,80000000.0,0.0,0.0,0,168
SUB_HIFLD_1735,SUB_HIFLD_3507,meso_SUB_HIFLD_1735_SUB_HIFLD_3507_fwd,80000000.0,0.0,0.0,0,168
SUB_HIFLD_1736,SUB_HIFLD_3306,meso_SUB_HIFLD_1736_SUB_HIFLD_3306_fwd,80000000.0,3960000.0,3960000.0,0,168
SUB_HIFLD_1737,SUB_HIFLD_1599,meso_SUB_HIFLD_1737_SUB_HIFLD_1599_rev,80000000.0,0.0,0.0,0,168
SUB_HIFLD_1737,SUB_HIFLD_4214,meso_SUB_HIFLD_1737_SUB_HIFLD_4214_fwd,80000000.0,0.0,0.0,0,168
SUB_HIFLD_1738,SUB_HIFLD_1610,meso_SUB_HIFLD_1738_SUB_HIFLD_1610_rev,80000000.0,0.0,0.0,0,168
SUB_HIFLD_1738,SUB_HIFLD_3348,meso_SUB_HIFLD_1738_SUB_HIFLD_3348_fwd,80000000.0,0.0,0.0,0,168
SUB_HIFLD_1739,SUB_HIFLD_1260,meso_SUB_HIFLD_1739_SUB_HIFLD_1260_rev,200000000.0,0.0,0.0,0,168
SUB_HIFLD_1739,SUB_HIFLD_1778,meso_SUB_HIFLD_1739_SUB_HIFLD_1778_fwd,200000000.0,0.0,0.0,0,168
SUB_HIFLD_1739,SUB_HIFLD_3024,meso_SUB_HIFLD_1739_SUB_HIFLD_3024_fwd,400000000.0,0.0,0.0,0,168
SUB_HIFLD_1739,SUB_HIFLD_3773,meso_SUB_HIFLD_1739_SUB_HIFLD_3773_fwd,400000000.0,29661.85950390193,2664486.977488724,0,168
SUB_HIFLD_1739,SUB_HIFLD_486,meso_SUB_HIFLD_1739_SUB_HIFLD_486_fwd,200000000.0,0.0,0.0,0,168
SUB_HIFLD_1739,SUB_HIFLD_500,meso_SUB_HIFLD_1739_SUB_HIFLD_500_fwd,400000000.0,0.0,0.0,0,168
SUB_HIFLD_1740,SUB_HIFLD_1614,meso_SUB_HIFLD_1740_SUB_HIFLD_1614_rev,80000000.0,0.0,0.0,0,168
SUB_HIFLD_1740,SUB_HIFLD_1726,meso_SUB_HIFLD_1740_SUB_HIFLD_1726_rev,80000000.0,0.0,0.0,0,168
SUB_HIFLD_1740,SUB_HIFLD_3766,meso_SUB_HIFLD_1740_SUB_HIFLD_3766_rev,13147410.202494288,8808545.84951777,10402143.119222516,0,168
SUB_HIFLD_1741,SUB_HIFLD_1610,meso_SUB_HIFLD_1741_SUB_HIFLD_1610_rev,80000000.0,161687.87073843204,19851491.860353123,0,168
SUB_HIFLD_1741,SUB_HIFLD_3307,meso_SUB_HIFLD_1741_SUB_HIFLD_3307_fwd,80000000.0,3510286.3318914636,15019626.482659867,0,168
SUB_HIFLD_1741,SUB_HIFLD_3396,meso_SUB_HIFLD_1741_SUB_HIFLD_3396_fwd,80000000.0,602027.087765239,4209765.721005985,0,168
SUB_HIFLD_1741,SUB_HIFLD_1641,meso_SUB_HIFLD_1741_SUB_HIFLD_1641_rev,80000000.0,0.0,0.0,0,168
SUB_HIFLD_1742,SUB_HIFLD_1650,meso_SUB_HIFLD_1742_SUB_HIFLD_1650_rev,80000000.0,0.0,0.0,0,168
SUB_HIFLD_1742,SUB_HIFLD_1760,meso_SUB_HIFLD_1742_SUB_HIFLD_1760_fwd,80000000.0,0.0,0.0,0,168
SUB_HIFLD_1743,SUB_HIFLD_4349,meso_SUB_HIFLD_1743_SUB_HIFLD_4349_fwd,80000000.0,30417570.869588193,56487325.99563915,0,168
SUB_HIFLD_1743,SUB_HIFLD_4258,meso_SUB_HIFLD_1743_SUB_HIFLD_4258_fwd,357573718.1342347,0.0,0.0,0,168
SUB_HIFLD_1744,SUB_HIFLD_1544,meso_SUB_HIFLD_1744_SUB_HIFLD_1544_rev,80000000.0,58915559.20919466,67091233.82021718,0,168
SUB_HIFLD_1744,SUB_HIFLD_3734,meso_SUB_HIFLD_1744_SUB_HIFLD_3734_fwd,80000000.0,480958.96347925597,489145.4480358006,0,168
SUB_HIFLD_1744,SUB_HIFLD_1712,meso_SUB_HIFLD_1744_SUB_HIFLD_1712_rev,80000000.0,0.0,0.0,0,168
SUB_HIFLD_1745,SUB_HIFLD_1511,meso_SUB_HIFLD_1745_SUB_HIFLD_1511_rev,400000000.0,19298748.415924765,35202267.80187629,0,168
SUB_HIFLD_1745,SUB_HIFLD_1764,meso_SUB_HIFLD_1745_SUB_HIFLD_1764_fwd,80000000.0,79878848.67568815,80000000.0,166,168
SUB_HIFLD_1745,SUB_HIFLD_488,meso_SUB_HIFLD_1745_SUB_HIFLD_488_fwd,400000000.0,0.0,0.0,0,168
SUB_HIFLD_1745,WECC_SCE,iface_SUB_HIFLD_1745_WECC_SCE_to_ba,113551470.17117159,0.0,0.0,0,168
SUB_HIFLD_1746,SUB_HIFLD_1583,meso_SUB_HIFLD_1746_SUB_HIFLD_1583_rev,80000000.0,0.0,0.0,0,168
SUB_HIFLD_1747,SUB_HIFLD_1968,meso_SUB_HIFLD_1747_SUB_HIFLD_1968_fwd,80000000.0,0.0,0.0,0,168
SUB_HIFLD_1747,SUB_HIFLD_2674,meso_SUB_HIFLD_1747_SUB_HIFLD_2674_fwd,80000000.0,569561.3563338654,24819408.64952795,0,168
SUB_HIFLD_1747,SUB_HIFLD_4102,meso_SUB_HIFLD_1747_SUB_HIFLD_4102_fwd,80000000.0,0.0,0.0,0,168
SUB_HIFLD_1747,SUB_HIFLD_1566,meso_SUB_HIFLD_1747_SUB_HIFLD_1566_rev,80000000.0,751323.3871699186,23975154.79019008,0,168
SUB_HIFLD_1747,SUB_HIFLD_1978,meso_SUB_HIFLD_1747_SUB_HIFLD_1978_fwd,80000000.0,104544.54507524312,17563483.572640844,0,168
SUB_HIFLD_1748,SUB_HIFLD_1539,meso_SUB_HIFLD_1748_SUB_HIFLD_1539_rev,400000000.0,0.0,0.0,0,168
SUB_HIFLD_1748,SUB_HIFLD_1621,meso_SUB_HIFLD_1748_SUB_HIFLD_1621_rev,400000000.0,26265963.226035863,229420390.37720865,0,168
SUB_HIFLD_1748,WECC_SCE,iface_SUB_HIFLD_1748_WECC_SCE_to_ba,2271029403.423432,1829573.2860537097,19600000.0,0,168
SUB_HIFLD_1749,SUB_HIFLD_1572,meso_SUB_HIFLD_1749_SUB_HIFLD_1572_rev,80000000.0,0.0,0.0,0,168
SUB_HIFLD_1749,SUB_HIFLD_1261,meso_SUB_HIFLD_1749_SUB_HIFLD_1261_rev,80000000.0,0.0,0.0,0,168
SUB_HIFLD_1749,SUB_HIFLD_1775,meso_SUB_HIFLD_1749_SUB_HIFLD_1775_fwd,160000000.0,0.0,0.0,0,168
SUB_HIFLD_1750,SUB_HIFLD_1695,meso_SUB_HIFLD_1750_SUB_HIFLD_1695_rev,80000000.0,0.0,0.0,0,168
SUB_HIFLD_1751,SUB_HIFLD_1561,meso_SUB_HIFLD_1751_SUB_HIFLD_1561_fwd,5000000.0,0.0,0.0,0,168
SUB_HIFLD_1752,SUB_HIFLD_1561,meso_SUB_HIFLD_1752_SUB_HIFLD_1561_fwd,5000000.0,0.0,0.0,0,168
SUB_HIFLD_1754,SUB_HIFLD_1685,meso_SUB_HIFLD_1754_SUB_HIFLD_1685_rev,80000000.0,28386697.671086937,35266979.78274564,0,168
SUB_HIFLD_1754,SUB_HIFLD_1715,meso_SUB_HIFLD_1754_SUB_HIFLD_1715_rev,80000000.0,7739011.813403931,9420599.679848582,0,168
SUB_HIFLD_1754,SUB_HIFLD_1766,meso_SUB_HIFLD_1754_SUB_HIFLD_1766_fwd,80000000.0,0.0,0.0,0,168
SUB_HIFLD_1755,SUB_HIFLD_1535,meso_SUB_HIFLD_1755_SUB_HIFLD_1535_rev,80000000.0,0.0,0.0,0,168
SUB_HIFLD_1755,SUB_HIFLD_3777,meso_SUB_HIFLD_1755_SUB_HIFLD_3777_fwd,80000000.0,0.0,0.0,0,168
SUB_HIFLD_1755,SUB_HIFLD_3779,meso_SUB_HIFLD_1755_SUB_HIFLD_3779_fwd,80000000.0,0.0,0.0,0,168
SUB_HIFLD_1755,SUB_HIFLD_3910,meso_SUB_HIFLD_1755_SUB_HIFLD_3910_fwd,80000000.0,415560.0576817434,588683.028073655,0,168
SUB_HIFLD_1756,SUB_HIFLD_1678,meso_SUB_HIFLD_1756_SUB_HIFLD_1678_rev,80000000.0,0.0,0.0,0,168
SUB_HIFLD_1757,SUB_HIFLD_1650,meso_SUB_HIFLD_1757_SUB_HIFLD_1650_rev,80000000.0,0.0,0.0,0,168
SUB_HIFLD_1757,SUB_HIFLD_1712,meso_SUB_HIFLD_1757_SUB_HIFLD_1712_rev,80000000.0,235640.64801178206,2474226.8041237113,0,168
SUB_HIFLD_1758,SUB_HIFLD_1595,meso_SUB_HIFLD_1758_SUB_HIFLD_1595_rev,80000000.0,0.0,0.0,0,168
SUB_HIFLD_1758,SUB_HIFLD_1648,meso_SUB_HIFLD_1758_SUB_HIFLD_1648_rev,80000000.0,306508.53841101937,9825997.280883789,0,168
SUB_HIFLD_1758,SUB_HIFLD_1727,meso_SUB_HIFLD_1758_SUB_HIFLD_1727_rev,80000000.0,0.0,0.0,0,168
SUB_HIFLD_1758,SUB_HIFLD_4296,meso_SUB_HIFLD_1758_SUB_HIFLD_4296_fwd,80000000.0,0.0,0.0,0,168
SUB_HIFLD_1758,SUB_HIFLD_1694,meso_SUB_HIFLD_1758_SUB_HIFLD_1694_rev,80000000.0,0.0,0.0,0,168
SUB_HIFLD_1759,SUB_HIFLD_1256,meso_SUB_HIFLD_1759_SUB_HIFLD_1256_rev,80000000.0,387864.3676324048,8872173.608091708,0,168
SUB_HIFLD_1759,SUB_HIFLD_1612,meso_SUB_HIFLD_1759_SUB_HIFLD_1612_rev,80000000.0,0.0,0.0,0,168
SUB_HIFLD_1759,SUB_HIFLD_2976,meso_SUB_HIFLD_1759_SUB_HIFLD_2976_fwd,80000000.0,0.0,0.0,0,168
SUB_HIFLD_1759,SUB_HIFLD_1732,meso_SUB_HIFLD_1759_SUB_HIFLD_1732_rev,80000000.0,0.0,0.0,0,168
SUB_HIFLD_1760,SUB_HIFLD_1567,meso_SUB_HIFLD_1760_SUB_HIFLD_1567_rev,80000000.0,0.0,0.0,0,168
SUB_HIFLD_1760,SUB_HIFLD_1650,meso_SUB_HIFLD_1760_SUB_HIFLD_1650_rev,80000000.0,0.0,0.0,0,168
SUB_HIFLD_1760,SUB_HIFLD_1742,meso_SUB_HIFLD_1760_SUB_HIFLD_1742_rev,80000000.0,0.0,0.0,0,168
SUB_HIFLD_1761,SUB_HIFLD_4349,meso_SUB_HIFLD_1761_SUB_HIFLD_4349_fwd,80000000.0,0.0,0.0,0,168
SUB_HIFLD_1762,SUB_HIFLD_1708,meso_SUB_HIFLD_1762_SUB_HIFLD_1708_rev,80000000.0,0.0,0.0,0,168
SUB_HIFLD_1762,SUB_HIFLD_3333,meso_SUB_HIFLD_1762_SUB_HIFLD_3333_fwd,80000000.0,0.0,0.0,0,168
SUB_HIFLD_1762,SUB_HIFLD_3728,meso_SUB_HIFLD_1762_SUB_HIFLD_3728_fwd,80000000.0,0.0,0.0,0,168
SUB_HIFLD_1762,SUB_HIFLD_3738,meso_SUB_HIFLD_1762_SUB_HIFLD_3738_fwd,80000000.0,5783194.735498652,9166565.705167217,0,168
SUB_HIFLD_1762,SUB_HIFLD_1641,meso_SUB_HIFLD_1762_SUB_HIFLD_1641_rev,160000000.0,0.0,0.0,0,168
SUB_HIFLD_1762,SUB_HIFLD_1673,meso_SUB_HIFLD_1762_SUB_HIFLD_1673_rev,80000000.0,0.0,0.0,0,168
SUB_HIFLD_1763,SUB_HIFLD_1583,meso_SUB_HIFLD_1763_SUB_HIFLD_1583_rev,80000000.0,0.0,0.0,0,168
SUB_HIFLD_1763,SUB_HIFLD_3685,meso_SUB_HIFLD_1763_SUB_HIFLD_3685_fwd,80000000.0,9121153.458064834,15960082.944889659,0,168
SUB_HIFLD_1764,SUB_HIFLD_1745,meso_SUB_HIFLD_1764_SUB_HIFLD_1745_rev,80000000.0,0.0,0.0,0,168
SUB_HIFLD_1764,SUB_HIFLD_2883,meso_SUB_HIFLD_1764_SUB_HIFLD_2883_fwd,80000000.0,23095271.0204298,56596141.90673828,0,168
SUB_HIFLD_1765,SUB_HIFLD_1607,meso_SUB_HIFLD_1765_SUB_HIFLD_1607_rev,80000000.0,18864199.419430014,37608038.66934251,0,168
SUB_HIFLD_1765,SUB_HIFLD_1649,meso_SUB_HIFLD_1765_SUB_HIFLD_1649_rev,80000000.0,2209103.6070901505,27530718.152790874,0,168
SUB_HIFLD_1765,SUB_HIFLD_3177,meso_SUB_HIFLD_1765_SUB_HIFLD_3177_fwd,80000000.0,32424947.571370214,46886471.71492429,0,168
SUB_HIFLD_1765,SUB_HIFLD_1700,meso_SUB_HIFLD_1765_SUB_HIFLD_1700_rev,80000000.0,5435423.476611661,27530718.671742145,0,168
SUB_HIFLD_1765,SUB_HIFLD_1704,meso_SUB_HIFLD_1765_SUB_HIFLD_1704_rev,80000000.0,79855641.82359076,80000000.0,147,168
SUB_HIFLD_1766,SUB_HIFLD_1593,meso_SUB_HIFLD_1766_SUB_HIFLD_1593_rev,80000000.0,0.0,0.0,0,168
SUB_HIFLD_1766,SUB_HIFLD_1666,meso_SUB_HIFLD_1766_SUB_HIFLD_1666_rev,80000000.0,0.0,0.0,0,168
SUB_HIFLD_1766,SUB_HIFLD_1754,meso_SUB_HIFLD_1766_SUB_HIFLD_1754_rev,80000000.0,40765657.50669833,50999378.73160037,0,168
SUB_HIFLD_1766,SUB_HIFLD_3778,meso_SUB_HIFLD_1766_SUB_HIFLD_3778_fwd,80000000.0,6097821.170767559,7778043.955380155,0,168
SUB_HIFLD_1766,SUB_HIFLD_4214,meso_SUB_HIFLD_1766_SUB_HIFLD_4214_fwd,80000000.0,0.0,0.0,0,168
SUB_HIFLD_1767,SUB_HIFLD_1614,meso_SUB_HIFLD_1767_SUB_HIFLD_1614_rev,80000000.0,0.0,0.0,0,168
SUB_HIFLD_1768,SUB_25348,meso_SUB_HIFLD_1768_SUB_25348_rev,1200000000.0,0.0,0.0,0,168
SUB_HIFLD_1768,SUB_HIFLD_1617,meso_SUB_HIFLD_1768_SUB_HIFLD_1617_rev,1500000000.0,16199326.674707776,192710567.56982014,0,168
SUB_HIFLD_1768,SUB_HIFLD_1687,meso_SUB_HIFLD_1768_SUB_HIFLD_1687_rev,1500000000.0,8030593.446989103,434054148.2066467,0,168
SUB_HIFLD_1768,SUB_HIFLD_1689,meso_SUB_HIFLD_1768_SUB_HIFLD_1689_rev,400000000.0,0.0,0.0,0,168
SUB_HIFLD_1768,SUB_HIFLD_1713,meso_SUB_HIFLD_1768_SUB_HIFLD_1713_rev,1650000000.0,3353098.5409269356,71256982.64931415,0,168
SUB_HIFLD_1768,SUB_HIFLD_2115,meso_SUB_HIFLD_1768_SUB_HIFLD_2115_fwd,400000000.0,25987726.014726702,30119828.623348903,0,168
SUB_HIFLD_1768,SUB_HIFLD_3063,meso_SUB_HIFLD_1768_SUB_HIFLD_3063_fwd,1500000000.0,0.0,0.0,0,168
SUB_HIFLD_1768,SUB_HIFLD_838,meso_SUB_HIFLD_1768_SUB_HIFLD_838_fwd,1500000000.0,0.0,0.0,0,168
SUB_HIFLD_1768,SUB_25261,meso_SUB_HIFLD_1768_SUB_25261_rev,4500000000.0,8489461.603928622,90724440.88902198,0,168
SUB_HIFLD_1768,SUB_HIFLD_1538,meso_SUB_HIFLD_1768_SUB_HIFLD_1538_rev,4500000000.0,0.0,0.0,0,168
SUB_HIFLD_1768,SUB_HIFLD_1598,meso_SUB_HIFLD_1768_SUB_HIFLD_1598_rev,400000000.0,102095796.72077921,237074238.02514753,0,168
SUB_HIFLD_1768,SUB_HIFLD_1664,meso_SUB_HIFLD_1768_SUB_HIFLD_1664_rev,1500000000.0,27336116.249195248,309054066.06188077,0,168
SUB_HIFLD_1768,WECC_SCE,iface_SUB_HIFLD_1768_WECC_SCE_to_ba,113551470.17117159,0.0,0.0,0,168
SUB_HIFLD_1769,SUB_HIFLD_1710,meso_SUB_HIFLD_1769_SUB_HIFLD_1710_rev,80000000.0,0.0,0.0,0,168
SUB_HIFLD_1769,SUB_HIFLD_3485,meso_SUB_HIFLD_1769_SUB_HIFLD_3485_fwd,80000000.0,20652811.705398124,38462381.543656036,0,168
SUB_HIFLD_1769,SUB_HIFLD_4159,meso_SUB_HIFLD_1769_SUB_HIFLD_4159_fwd,80000000.0,67875324.13232759,80000000.0,96,168
SUB_HIFLD_1769,SUB_HIFLD_1597,meso_SUB_HIFLD_1769_SUB_HIFLD_1597_rev,80000000.0,0.0,0.0,0,168
SUB_HIFLD_1770,SUB_HIFLD_1772,meso_SUB_HIFLD_1770_SUB_HIFLD_1772_fwd,150000000.0,0.0,0.0,0,168
SUB_HIFLD_1771,SUB_HIFLD_2782,meso_SUB_HIFLD_1771_SUB_HIFLD_2782_fwd,400000000.0,0.0,0.0,0,168
SUB_HIFLD_1771,SUB_HIFLD_1687,meso_SUB_HIFLD_1771_SUB_HIFLD_1687_rev,400000000.0,30400000.0,30400000.0,0,168
SUB_HIFLD_1772,SUB_HIFLD_1672,meso_SUB_HIFLD_1772_SUB_HIFLD_1672_rev,80000000.0,0.0,0.0,0,168
SUB_HIFLD_1772,SUB_HIFLD_1729,meso_SUB_HIFLD_1772_SUB_HIFLD_1729_rev,80000000.0,0.0,0.0,0,168
SUB_HIFLD_1772,SUB_HIFLD_2934,meso_SUB_HIFLD_1772_SUB_HIFLD_2934_fwd,80000000.0,12323416.803440737,28341211.14986459,0,168
SUB_HIFLD_1772,SUB_HIFLD_499,meso_SUB_HIFLD_1772_SUB_HIFLD_499_fwd,80000000.0,0.0,0.0,0,168
SUB_HIFLD_1772,SUB_HIFLD_1770,meso_SUB_HIFLD_1772_SUB_HIFLD_1770_rev,150000000.0,24691586.579372913,32643124.295264177,0,168
SUB_HIFLD_1773,SUB_HIFLD_3734,meso_SUB_HIFLD_1773_SUB_HIFLD_3734_fwd,80000000.0,0.0,0.0,0,168
SUB_HIFLD_1774,SUB_HIFLD_1569,meso_SUB_HIFLD_1774_SUB_HIFLD_1569_rev,80000000.0,0.0,0.0,0,168
SUB_HIFLD_1774,SUB_HIFLD_2554,meso_SUB_HIFLD_1774_SUB_HIFLD_2554_fwd,80000000.0,32878128.586061366,44462096.69100261,0,168
SUB_HIFLD_1774,SUB_HIFLD_1654,meso_SUB_HIFLD_1774_SUB_HIFLD_1654_rev,47935195.1817964,26592511.58407195,31900786.370751657,0,168
SUB_HIFLD_1775,SUB_HIFLD_1261,meso_SUB_HIFLD_1775_SUB_HIFLD_1261_rev,80000000.0,0.0,0.0,0,168
SUB_HIFLD_1775,SUB_HIFLD_1572,meso_SUB_HIFLD_1775_SUB_HIFLD_1572_rev,80000000.0,0.0,0.0,0,168
SUB_HIFLD_1775,SUB_HIFLD_3509,meso_SUB_HIFLD_1775_SUB_HIFLD_3509_fwd,80000000.0,1497646.027164049,80000000.0,3,168
SUB_HIFLD_1775,SUB_HIFLD_1599,meso_SUB_HIFLD_1775_SUB_HIFLD_1599_rev,400000000.0,227603996.04650694,306000000.0,0,168
SUB_HIFLD_1775,SUB_HIFLD_1609,meso_SUB_HIFLD_1775_SUB_HIFLD_1609_rev,80000000.0,0.0,0.0,0,168
SUB_HIFLD_1775,SUB_HIFLD_1716,meso_SUB_HIFLD_1775_SUB_HIFLD_1716_rev,400000000.0,0.0,0.0,0,168
SUB_HIFLD_1775,SUB_HIFLD_1749,meso_SUB_HIFLD_1775_SUB_HIFLD_1749_rev,160000000.0,0.0,0.0,0,168
SUB_HIFLD_1776,SUB_HIFLD_1696,meso_SUB_HIFLD_1776_SUB_HIFLD_1696_rev,80000000.0,0.0,0.0,0,168
SUB_HIFLD_1776,SUB_HIFLD_4035,meso_SUB_HIFLD_1776_SUB_HIFLD_4035_fwd,80000000.0,0.0,0.0,0,168
SUB_HIFLD_1777,SUB_HIFLD_1652,meso_SUB_HIFLD_1777_SUB_HIFLD_1652_rev,80000000.0,216033.42038660642,1520790.9094750392,0,168
SUB_HIFLD_1778,SUB_HIFLD_1739,meso_SUB_HIFLD_1778_SUB_HIFLD_1739_rev,200000000.0,311972.960690965,28993730.61976482,0,168
SUB_HIFLD_1778,SUB_HIFLD_3024,meso_SUB_HIFLD_1778_SUB_HIFLD_3024_fwd,400000000.0,0.0,0.0,0,168
SUB_HIFLD_1778,SUB_HIFLD_500,meso_SUB_HIFLD_1778_SUB_HIFLD_500_fwd,200000000.0,2621872.219120533,71297496.58203125,0,168
SUB_HIFLD_1778,SUB_HIFLD_1599,meso_SUB_HIFLD_1778_SUB_HIFLD_1599_rev,80000000.0,0.0,0.0,0,168
SUB_HIFLD_1778,SUB_HIFLD_1639,meso_SUB_HIFLD_1778_SUB_HIFLD_1639_rev,80000000.0,0.0,0.0,0,168
SUB_HIFLD_1779,SUB_HIFLD_1558,meso_SUB_HIFLD_1779_SUB_HIFLD_1558_rev,80000000.0,0.0,0.0,0,168
SUB_HIFLD_1779,SUB_HIFLD_2558,meso_SUB_HIFLD_1779_SUB_HIFLD_2558_fwd,80000000.0,0.0,0.0,0,168
SUB_HIFLD_1779,SUB_HIFLD_2902,meso_SUB_HIFLD_1779_SUB_HIFLD_2902_fwd,80000000.0,0.0,0.0,0,168
SUB_HIFLD_1779,SUB_HIFLD_3772,meso_SUB_HIFLD_1779_SUB_HIFLD_3772_fwd,80000000.0,0.0,0.0,0,168
SUB_HIFLD_1815,SUB_04341,meso_SUB_HIFLD_1815_SUB_04341_fwd,5000000.0,1400000.0,1400000.0,0,168
SUB_HIFLD_1823,SUB_04341,meso_SUB_HIFLD_1823_SUB_04341_fwd,5000000.0,0.0,0.0,0,168
SUB_HIFLD_1827,SUB_04341,meso_SUB_HIFLD_1827_SUB_04341_rev,300000000.0,0.0,0.0,0,168
SUB_HIFLD_1827,SUB_HIFLD_3212,meso_SUB_HIFLD_1827_SUB_HIFLD_3212_fwd,150000000.0,0.0,0.0,0,168
SUB_HIFLD_1829,SUB_25470,meso_SUB_HIFLD_1829_SUB_25470_rev,150000000.0,1380385.6346427433,15786597.623530122,0,168
SUB_HIFLD_1829,SUB_HIFLD_2705,meso_SUB_HIFLD_1829_SUB_HIFLD_2705_fwd,150000000.0,0.0,0.0,0,168
SUB_HIFLD_1829,SUB_HIFLD_1844,meso_SUB_HIFLD_1829_SUB_HIFLD_1844_fwd,150000000.0,0.0,0.0,0,168
SUB_HIFLD_1832,SUB_HIFLD_3356,meso_SUB_HIFLD_1832_SUB_HIFLD_3356_fwd,150000000.0,0.0,0.0,0,168
SUB_HIFLD_1832,SUB_HIFLD_1848,meso_SUB_HIFLD_1832_SUB_HIFLD_1848_fwd,150000000.0,0.0,0.0,0,168
SUB_HIFLD_1833,SUB_25388,meso_SUB_HIFLD_1833_SUB_25388_rev,150000000.0,28703031.051816218,46217015.49527513,0,168
SUB_HIFLD_1833,SUB_HIFLD_1153,meso_SUB_HIFLD_1833_SUB_HIFLD_1153_rev,150000000.0,9176165.778877031,17479495.648256283,0,168
SUB_HIFLD_1833,SUB_HIFLD_1840,meso_SUB_HIFLD_1833_SUB_HIFLD_1840_fwd,150000000.0,0.0,0.0,0,168
SUB_HIFLD_1833,SUB_HIFLD_3623,meso_SUB_HIFLD_1833_SUB_HIFLD_3623_fwd,150000000.0,18121304.102242727,25877618.535508357,0,168
SUB_HIFLD_1833,SUB_HIFLD_1836,meso_SUB_HIFLD_1833_SUB_HIFLD_1836_fwd,150000000.0,2590710.4539707354,4681742.371234697,0,168
SUB_HIFLD_1833,SUB_HIFLD_1851,meso_SUB_HIFLD_1833_SUB_HIFLD_1851_fwd,150000000.0,0.0,0.0,0,168
SUB_HIFLD_1833,SUB_HIFLD_2705,meso_SUB_HIFLD_1833_SUB_HIFLD_2705_fwd,150000000.0,515352.50130691717,23093056.050202902,0,168
SUB_HIFLD_1833,SUB_25361,meso_SUB_HIFLD_1833_SUB_25361_rev,46665706.83741552,23856550.719683,40486599.259524,0,168
SUB_HIFLD_1836,SUB_HIFLD_3623,meso_SUB_HIFLD_1836_SUB_HIFLD_3623_fwd,150000000.0,0.0,0.0,0,168
SUB_HIFLD_1836,SUB_HIFLD_1833,meso_SUB_HIFLD_1836_SUB_HIFLD_1833_rev,150000000.0,0.0,0.0,0,168
SUB_HIFLD_1840,SUB_HIFLD_1833,meso_SUB_HIFLD_1840_SUB_HIFLD_1833_rev,150000000.0,13930.929343009615,2340396.129625615,0,168
SUB_HIFLD_1840,SUB_HIFLD_1851,meso_SUB_HIFLD_1840_SUB_HIFLD_1851_fwd,150000000.0,0.0,0.0,0,168
SUB_HIFLD_1844,SUB_HIFLD_1829,meso_SUB_HIFLD_1844_SUB_HIFLD_1829_rev,150000000.0,0.0,0.0,0,168
SUB_HIFLD_1844,SUB_HIFLD_2705,meso_SUB_HIFLD_1844_SUB_HIFLD_2705_fwd,150000000.0,0.0,0.0,0,168
SUB_HIFLD_1844,SUB_25226,meso_SUB_HIFLD_1844_SUB_25226_rev,21726002.548213713,12332646.069833329,19434536.96339401,0,168
SUB_HIFLD_1845,SUB_25245,meso_SUB_HIFLD_1845_SUB_25245_rev,60000000.0,211871.07708195774,16766986.04635854,0,168
SUB_HIFLD_1845,SUB_25281,meso_SUB_HIFLD_1845_SUB_25281_rev,140000000.0,0.0,0.0,0,168
SUB_HIFLD_1845,SUB_HIFLD_1851,meso_SUB_HIFLD_1845_SUB_HIFLD_1851_fwd,150000000.0,0.0,0.0,0,168
SUB_HIFLD_1845,SUB_HIFLD_2705,meso_SUB_HIFLD_1845_SUB_HIFLD_2705_fwd,150000000.0,23203762.068795342,50409739.63143975,0,168
SUB_HIFLD_1848,SUB_HIFLD_1034,meso_SUB_HIFLD_1848_SUB_HIFLD_1034_rev,150000000.0,0.0,0.0,0,168
SUB_HIFLD_1848,SUB_HIFLD_2303,meso_SUB_HIFLD_1848_SUB_HIFLD_2303_fwd,150000000.0,0.0,0.0,0,168
SUB_HIFLD_1848,SUB_HIFLD_3356,meso_SUB_HIFLD_1848_SUB_HIFLD_3356_fwd,150000000.0,40707259.996522486,73563183.90187731,0,168
SUB_HIFLD_1848,SUB_HIFLD_1832,meso_SUB_HIFLD_1848_SUB_HIFLD_1832_rev,150000000.0,7286199.202090428,13167087.138067815,0,168
SUB_HIFLD_1851,SUB_16371,meso_SUB_HIFLD_1851_SUB_16371_rev,400000000.0,15346951.139920488,71941619.10731186,0,168
SUB_HIFLD_1851,SUB_25242,meso_SUB_HIFLD_1851_SUB_25242_rev,150000000.0,14493180.990228925,32501861.359941576,0,168
SUB_HIFLD_1851,SUB_25245,meso_SUB_HIFLD_1851_SUB_25245_rev,300000000.0,36085912.04847773,89511689.72634657,0,168
SUB_HIFLD_1851,SUB_25430,meso_SUB_HIFLD_1851_SUB_25430_rev,400000000.0,0.0,0.0,0,168
SUB_HIFLD_1851,SUB_25461,meso_SUB_HIFLD_1851_SUB_25461_rev,400000000.0,0.0,0.0,0,168
SUB_HIFLD_1851,SUB_25536,meso_SUB_HIFLD_1851_SUB_25536_rev,300000000.0,219349.38695006134,12716494.389170224,0,168
SUB_HIFLD_1851,SUB_HIFLD_1840,meso_SUB_HIFLD_1851_SUB_HIFLD_1840_rev,150000000.0,10976229.599567495,19809486.562197972,0,168
SUB_HIFLD_1851,SUB_HIFLD_1845,meso_SUB_HIFLD_1851_SUB_HIFLD_1845_rev,150000000.0,1789265.4741970706,27563420.59063811,0,168
SUB_HIFLD_1851,SUB_25512,meso_SUB_HIFLD_1851_SUB_25512_rev,400000000.0,21604192.62249202,56430090.7926005,0,168
SUB_HIFLD_1851,SUB_HIFLD_1833,meso_SUB_HIFLD_1851_SUB_HIFLD_1833_rev,150000000.0,105268649.80602257,150000000.0,7,168
SUB_HIFLD_1851,WEC_CALN,iface_SUB_HIFLD_1851_WEC_CALN_to_ba,1600000000.0,0.0,0.0,0,168
SUB_HIFLD_1853,SUB_HIFLD_1866,meso_SUB_HIFLD_1853_SUB_HIFLD_1866_fwd,80000000.0,206470.95375103172,320081.6970510581,0,168
SUB_HIFLD_1853,SUB_HIFLD_1867,meso_SUB_HIFLD_1853_SUB_HIFLD_1867_fwd,80000000.0,0.0,0.0,0,168
SUB_HIFLD_1854,SUB_HIFLD_1856,meso_SUB_HIFLD_1854_SUB_HIFLD_1856_fwd,80000000.0,320381.50207634707,496671.5802851411,0,168
SUB_HIFLD_1854,SUB_HIFLD_2514,meso_SUB_HIFLD_1854_SUB_HIFLD_2514_fwd,400000000.0,0.0,0.0,0,168
SUB_HIFLD_1854,SUB_HIFLD_3436,meso_SUB_HIFLD_1854_SUB_HIFLD_3436_fwd,80000000.0,340903.86734444194,528486.3796430764,0,168
SUB_HIFLD_1854,SUB_HIFLD_1862,meso_SUB_HIFLD_1854_SUB_HIFLD_1862_fwd,400000000.0,0.0,0.0,0,168
SUB_HIFLD_1854,WEC_CALN,iface_SUB_HIFLD_1854_WEC_CALN_to_ba,20000000.0,0.0,0.0,0,168
SUB_HIFLD_1856,SUB_HIFLD_1854,meso_SUB_HIFLD_1856_SUB_HIFLD_1854_rev,80000000.0,0.0,0.0,0,168
SUB_HIFLD_1860,SUB_HIFLD_3104,meso_SUB_HIFLD_1860_SUB_HIFLD_3104_fwd,80000000.0,0.0,0.0,0,168
SUB_HIFLD_1860,SUB_HIFLD_481,meso_SUB_HIFLD_1860_SUB_HIFLD_481_fwd,80000000.0,0.0,0.0,0,168
SUB_HIFLD_1862,SUB_HIFLD_1854,meso_SUB_HIFLD_1862_SUB_HIFLD_1854_rev,400000000.0,1938464.9628375734,3425637.653183387,0,168
SUB_HIFLD_1862,SUB_10372,meso_SUB_HIFLD_1862_SUB_10372_fwd,8415272.667823512,0.0,0.0,0,168
SUB_HIFLD_1864,SUB_HIFLD_3104,meso_SUB_HIFLD_1864_SUB_HIFLD_3104_fwd,80000000.0,0.0,0.0,0,168
SUB_HIFLD_1864,SUB_HIFLD_481,meso_SUB_HIFLD_1864_SUB_HIFLD_481_fwd,160000000.0,0.0,0.0,0,168
SUB_HIFLD_1866,SUB_HIFLD_1853,meso_SUB_HIFLD_1866_SUB_HIFLD_1853_rev,80000000.0,0.0,0.0,0,168
SUB_HIFLD_1867,SUB_HIFLD_1853,meso_SUB_HIFLD_1867_SUB_HIFLD_1853_rev,80000000.0,286725.1203318479,444495.75224317005,0,168
SUB_HIFLD_1867,SUB_HIFLD_3283,meso_SUB_HIFLD_1867_SUB_HIFLD_3283_fwd,80000000.0,0.0,0.0,0,168
SUB_HIFLD_1870,SUB_HIFLD_1009,meso_SUB_HIFLD_1870_SUB_HIFLD_1009_rev,60000000.0,5686082.216931124,5699908.211231232,0,168
SUB_HIFLD_1871,SUB_HIFLD_1126,meso_SUB_HIFLD_1871_SUB_HIFLD_1126_fwd,5000000.0,0.0,0.0,0,168
SUB_HIFLD_1872,SUB_HIFLD_1126,meso_SUB_HIFLD_1872_SUB_HIFLD_1126_fwd,5000000.0,0.0,0.0,0,168
SUB_HIFLD_1917,SUB_HIFLD_1333,meso_SUB_HIFLD_1917_SUB_HIFLD_1333_rev,60000000.0,21758742.79248323,40055140.567880586,0,168
SUB_HIFLD_1917,SUB_HIFLD_2007,meso_SUB_HIFLD_1917_SUB_HIFLD_2007_fwd,60000000.0,0.0,0.0,0,168
SUB_HIFLD_1923,SUB_HIFLD_1930,meso_SUB_HIFLD_1923_SUB_HIFLD_1930_fwd,80000000.0,24086065.326563433,40458700.0,0,168
SUB_HIFLD_1923,SUB_HIFLD_1959,meso_SUB_HIFLD_1923_SUB_HIFLD_1959_fwd,80000000.0,0.0,0.0,0,168
SUB_HIFLD_1923,SUB_HIFLD_2817,meso_SUB_HIFLD_1923_SUB_HIFLD_2817_fwd,80000000.0,16372634.673436567,30244350.445997104,0,168
SUB_HIFLD_1924,SUB_HIFLD_4019,meso_SUB_HIFLD_1924_SUB_HIFLD_4019_fwd,80000000.0,0.0,0.0,0,168
SUB_HIFLD_1924,SUB_HIFLD_4043,meso_SUB_HIFLD_1924_SUB_HIFLD_4043_fwd,80000000.0,66313611.44575379,80000000.0,69,168
SUB_HIFLD_1924,SUB_HIFLD_1973,meso_SUB_HIFLD_1924_SUB_HIFLD_1973_fwd,80000000.0,33352628.396093257,80000000.0,9,168
SUB_HIFLD_1924,SUB_HIFLD_1992,meso_SUB_HIFLD_1924_SUB_HIFLD_1992_fwd,80000000.0,0.0,0.0,0,168
SUB_HIFLD_1924,SUB_HIFLD_87,meso_SUB_HIFLD_1924_SUB_HIFLD_87_fwd,80000000.0,0.0,0.0,0,168
SUB_HIFLD_1925,SUB_HIFLD_1492,meso_SUB_HIFLD_1925_SUB_HIFLD_1492_rev,80000000.0,12810.790145242454,1767224.582392768,0,168
SUB_HIFLD_1925,SUB_HIFLD_1979,meso_SUB_HIFLD_1925_SUB_HIFLD_1979_fwd,80000000.0,3188396.958237029,67833292.6286817,0,168
SUB_HIFLD_1925,SUB_HIFLD_3292,meso_SUB_HIFLD_1925_SUB_HIFLD_3292_fwd,80000000.0,0.0,0.0,0,168
SUB_HIFLD_1925,SUB_HIFLD_3701,meso_SUB_HIFLD_1925_SUB_HIFLD_3701_fwd,80000000.0,0.0,0.0,0,168
SUB_HIFLD_1925,SUB_HIFLD_4210,meso_SUB_HIFLD_1925_SUB_HIFLD_4210_fwd,80000000.0,0.0,0.0,0,168
SUB_HIFLD_1925,SUB_HIFLD_4226,meso_SUB_HIFLD_1925_SUB_HIFLD_4226_fwd,80000000.0,0.0,0.0,0,168
SUB_HIFLD_1926,SUB_HIFLD_1943,meso_SUB_HIFLD_1926_SUB_HIFLD_1943_fwd,80000000.0,13537975.579567453,32687335.89722938,0,168
SUB_HIFLD_1926,SUB_HIFLD_1945,meso_SUB_HIFLD_1926_SUB_HIFLD_1945_fwd,400000000.0,0.0,0.0,0,168
SUB_HIFLD_1926,SUB_HIFLD_1956,meso_SUB_HIFLD_1926_SUB_HIFLD_1956_fwd,80000000.0,53211901.196472146,80000000.0,90,168
SUB_HIFLD_1926,SUB_HIFLD_1961,meso_SUB_HIFLD_1926_SUB_HIFLD_1961_fwd,400000000.0,3058390.6672157524,85782052.32469088,0,168
SUB_HIFLD_1926,SUB_HIFLD_1983,meso_SUB_HIFLD_1926_SUB_HIFLD_1983_fwd,80000000.0,48314529.00235916,80000000.0,60,168
SUB_HIFLD_1926,SUB_HIFLD_1991,meso_SUB_HIFLD_1926_SUB_HIFLD_1991_fwd,400000000.0,18294751.33384732,21466007.82516241,0,168
SUB_HIFLD_1926,SUB_HIFLD_1992,meso_SUB_HIFLD_1926_SUB_HIFLD_1992_fwd,80000000.0,66072397.5611266,80000000.0,86,168
SUB_HIFLD_1926,SUB_HIFLD_3157,meso_SUB_HIFLD_1926_SUB_HIFLD_3157_fwd,80000000.0,77268191.86692621,80000000.0,142,168
SUB_HIFLD_1926,SUB_HIFLD_3698,meso_SUB_HIFLD_1926_SUB_HIFLD_3698_fwd,80000000.0,71055142.83421437,80000000.0,112,168
SUB_HIFLD_1926,SUB_HIFLD_1589,meso_SUB_HIFLD_1926_SUB_HIFLD_1589_rev,800000000.0,0.0,0.0,0,168
SUB_HIFLD_1926,SUB_HIFLD_1944,meso_SUB_HIFLD_1926_SUB_HIFLD_1944_fwd,1200000000.0,115228688.988281,297052854.2230407,0,168
SUB_HIFLD_1926,SUB_HIFLD_1964,meso_SUB_HIFLD_1926_SUB_HIFLD_1964_fwd,80000000.0,28648673.91534804,35541148.51804124,0,168
SUB_HIFLD_1926,SUB_HIFLD_1994,meso_SUB_HIFLD_1926_SUB_HIFLD_1994_fwd,400000000.0,0.0,0.0,0,168
SUB_HIFLD_1926,SUB_HIFLD_3209,meso_SUB_HIFLD_1926_SUB_HIFLD_3209_fwd,400000000.0,0.0,0.0,0,168
SUB_HIFLD_1927,SUB_HIFLD_1950,meso_SUB_HIFLD_1927_SUB_HIFLD_1950_fwd,80000000.0,0.0,0.0,0,168
SUB_HIFLD_1927,SUB_HIFLD_1958,meso_SUB_HIFLD_1927_SUB_HIFLD_1958_fwd,80000000.0,0.0,0.0,0,168
SUB_HIFLD_1927,SUB_HIFLD_4129,meso_SUB_HIFLD_1927_SUB_HIFLD_4129_fwd,80000000.0,0.0,0.0,0,168
SUB_HIFLD_1927,SUB_HIFLD_4164,meso_SUB_HIFLD_1927_SUB_HIFLD_4164_fwd,80000000.0,6676209.848983749,14756840.374800855,0,168
SUB_HIFLD_1928,SUB_HIFLD_3346,meso_SUB_HIFLD_1928_SUB_HIFLD_3346_fwd,80000000.0,0.0,0.0,0,168
SUB_HIFLD_1928,SUB_HIFLD_4123,meso_SUB_HIFLD_1928_SUB_HIFLD_4123_rev,5000000.0,0.0,0.0,0,168
SUB_HIFLD_1929,SUB_HIFLD_1940,meso_SUB_HIFLD_1929_SUB_HIFLD_1940_fwd,80000000.0,0.0,0.0,0,168
SUB_HIFLD_1929,SUB_HIFLD_2648,meso_SUB_HIFLD_1929_SUB_HIFLD_2648_fwd,80000000.0,0.0,0.0,0,168
SUB_HIFLD_1929,SUB_HIFLD_1967,meso_SUB_HIFLD_1929_SUB_HIFLD_1967_fwd,80000000.0,201516.84088959562,15654309.89247745,0,168
SUB_HIFLD_1929,SUB_HIFLD_1970,meso_SUB_HIFLD_1929_SUB_HIFLD_1970_fwd,80000000.0,10596258.024555894,23245764.034310568,0,168
SUB_HIFLD_1929,SUB_HIFLD_2624,meso_SUB_HIFLD_1929_SUB_HIFLD_2624_rev,13162507.122313235,4646631.099268334,8123298.291078548,0,168
SUB_HIFLD_1930,SUB_HIFLD_1923,meso_SUB_HIFLD_1930_SUB_HIFLD_1923_rev,80000000.0,0.0,0.0,0,168
SUB_HIFLD_1930,SUB_HIFLD_2817,meso_SUB_HIFLD_1930_SUB_HIFLD_2817_fwd,80000000.0,0.0,0.0,0,168
SUB_HIFLD_1930,SUB_HIFLD_4226,meso_SUB_HIFLD_1930_SUB_HIFLD_4226_fwd,80000000.0,9481694.704980105,71317997.71582033,0,168
SUB_HIFLD_1930,SUB_HIFLD_1937,meso_SUB_HIFLD_1930_SUB_HIFLD_1937_fwd,80000000.0,2465752.4334910656,28825613.8046875,0,168
SUB_HIFLD_1931,SUB_HIFLD_1990,meso_SUB_HIFLD_1931_SUB_HIFLD_1990_fwd,80000000.0,0.0,0.0,0,168
SUB_HIFLD_1931,SUB_HIFLD_1993,meso_SUB_HIFLD_1931_SUB_HIFLD_1993_fwd,80000000.0,42588798.93765974,63445872.68194847,0,168
SUB_HIFLD_1931,SUB_HIFLD_4043,meso_SUB_HIFLD_1931_SUB_HIFLD_4043_fwd,80000000.0,0.0,0.0,0,168
SUB_HIFLD_1931,SUB_HIFLD_1973,meso_SUB_HIFLD_1931_SUB_HIFLD_1973_fwd,80000000.0,0.0,0.0,0,168
SUB_HIFLD_1932,SUB_HIFLD_1952,meso_SUB_HIFLD_1932_SUB_HIFLD_1952_fwd,80000000.0,0.0,0.0,0,168
SUB_HIFLD_1932,SUB_HIFLD_2758,meso_SUB_HIFLD_1932_SUB_HIFLD_2758_fwd,80000000.0,308634.4232433167,11949754.271731861,0,168
SUB_HIFLD_1932,SUB_HIFLD_4378,meso_SUB_HIFLD_1932_SUB_HIFLD_4378_fwd,80000000.0,0.0,0.0,0,168
SUB_HIFLD_1932,SUB_HIFLD_1938,meso_SUB_HIFLD_1932_SUB_HIFLD_1938_fwd,80000000.0,0.0,0.0,0,168
SUB_HIFLD_1932,SUB_HIFLD_1965,meso_SUB_HIFLD_1932_SUB_HIFLD_1965_fwd,80000000.0,0.0,0.0,0,168
SUB_HIFLD_1933,SUB_HIFLD_3390,meso_SUB_HIFLD_1933_SUB_HIFLD_3390_fwd,80000000.0,0.0,0.0,0,168
SUB_HIFLD_1933,SUB_HIFLD_4210,meso_SUB_HIFLD_1933_SUB_HIFLD_4210_fwd,80000000.0,0.0,0.0,0,168
SUB_HIFLD_1934,SUB_HIFLD_1939,meso_SUB_HIFLD_1934_SUB_HIFLD_1939_fwd,80000000.0,50283382.79611478,67292068.30992709,0,168
SUB_HIFLD_1934,SUB_HIFLD_1946,meso_SUB_HIFLD_1934_SUB_HIFLD_1946_fwd,80000000.0,0.0,0.0,0,168
SUB_HIFLD_1934,SUB_HIFLD_1981,meso_SUB_HIFLD_1934_SUB_HIFLD_1981_fwd,80000000.0,0.0,0.0,0,168
SUB_HIFLD_1935,SUB_HIFLD_1990,meso_SUB_HIFLD_1935_SUB_HIFLD_1990_fwd,80000000.0,0.0,0.0,0,168
SUB_HIFLD_1935,SUB_HIFLD_2795,meso_SUB_HIFLD_1935_SUB_HIFLD_2795_fwd,80000000.0,0.0,0.0,0,168
SUB_HIFLD_1935,SUB_HIFLD_4058,meso_SUB_HIFLD_1935_SUB_HIFLD_4058_fwd,80000000.0,0.0,0.0,0,168
SUB_HIFLD_1935,SUB_HIFLD_1947,meso_SUB_HIFLD_1935_SUB_HIFLD_1947_fwd,160000000.0,0.0,0.0,0,168
SUB_HIFLD_1936,SUB_HIFLD_2885,meso_SUB_HIFLD_1936_SUB_HIFLD_2885_fwd,80000000.0,0.0,0.0,0,168
SUB_HIFLD_1937,SUB_HIFLD_1972,meso_SUB_HIFLD_1937_SUB_HIFLD_1972_fwd,80000000.0,0.0,0.0,0,168
SUB_HIFLD_1937,SUB_HIFLD_1979,meso_SUB_HIFLD_1937_SUB_HIFLD_1979_fwd,80000000.0,41784701.011251986,80000000.0,19,168
SUB_HIFLD_1937,SUB_HIFLD_2817,meso_SUB_HIFLD_1937_SUB_HIFLD_2817_fwd,80000000.0,0.0,0.0,0,168
SUB_HIFLD_1937,SUB_HIFLD_1679,meso_SUB_HIFLD_1937_SUB_HIFLD_1679_rev,80000000.0,0.0,0.0,0,168
SUB_HIFLD_1937,SUB_HIFLD_1930,meso_SUB_HIFLD_1937_SUB_HIFLD_1930_rev,80000000.0,0.0,0.0,0,168
SUB_HIFLD_1938,SUB_HIFLD_2758,meso_SUB_HIFLD_1938_SUB_HIFLD_2758_fwd,80000000.0,891596.6865820718,27895191.49113505,0,168
SUB_HIFLD_1938,SUB_HIFLD_3496,meso_SUB_HIFLD_1938_SUB_HIFLD_3496_fwd,80000000.0,0.0,0.0,0,168
SUB_HIFLD_1938,SUB_HIFLD_1932,meso_SUB_HIFLD_1938_SUB_HIFLD_1932_rev,80000000.0,45818.70652002478,7697542.695364163,0,168
SUB_HIFLD_1938,SUB_HIFLD_1957,meso_SUB_HIFLD_1938_SUB_HIFLD_1957_fwd,80000000.0,0.0,0.0,0,168
SUB_HIFLD_1938,SUB_HIFLD_3925,meso_SUB_HIFLD_1938_SUB_HIFLD_3925_rev,5000000.0,0.0,0.0,0,168
SUB_HIFLD_1939,SUB_HIFLD_1934,meso_SUB_HIFLD_1939_SUB_HIFLD_1934_rev,80000000.0,0.0,0.0,0,168
SUB_HIFLD_1939,SUB_HIFLD_4164,meso_SUB_HIFLD_1939_SUB_HIFLD_4164_fwd,80000000.0,3455749.6097094216,14756841.712304126,0,168
SUB_HIFLD_1939,SUB_HIFLD_1942,meso_SUB_HIFLD_1939_SUB_HIFLD_1942_fwd,80000000.0,45319131.70252191,52213438.78868574,0,168
SUB_HIFLD_1940,SUB_HIFLD_1929,meso_SUB_HIFLD_1940_SUB_HIFLD_1929_rev,80000000.0,6533287.691740955,33771779.14082636,0,168
SUB_HIFLD_1940,SUB_HIFLD_3916,meso_SUB_HIFLD_1940_SUB_HIFLD_3916_fwd,80000000.0,0.0,0.0,0,168
SUB_HIFLD_1940,SUB_HIFLD_3926,meso_SUB_HIFLD_1940_SUB_HIFLD_3926_fwd,80000000.0,24148904.25264923,32383281.652706187,0,168
SUB_HIFLD_1940,SUB_HIFLD_1967,meso_SUB_HIFLD_1940_SUB_HIFLD_1967_fwd,80000000.0,15361297.291624047,36659371.49645619,0,168
SUB_HIFLD_1941,SUB_HIFLD_1981,meso_SUB_HIFLD_1941_SUB_HIFLD_1981_fwd,80000000.0,0.0,0.0,0,168
SUB_HIFLD_1942,SUB_HIFLD_4392,meso_SUB_HIFLD_1942_SUB_HIFLD_4392_fwd,80000000.0,36582.75539541721,3507792.3187666154,0,168
SUB_HIFLD_1942,SUB_HIFLD_1939,meso_SUB_HIFLD_1942_SUB_HIFLD_1939_rev,80000000.0,0.0,0.0,0,168
SUB_HIFLD_1942,SUB_HIFLD_3378,meso_SUB_HIFLD_1942_SUB_HIFLD_3378_rev,5000000.0,477260.35139170947,544485.3792485503,0,168
SUB_HIFLD_1943,SUB_HIFLD_1574,meso_SUB_HIFLD_1943_SUB_HIFLD_1574_rev,80000000.0,0.0,0.0,0,168
SUB_HIFLD_1943,SUB_HIFLD_1642,meso_SUB_HIFLD_1943_SUB_HIFLD_1642_rev,80000000.0,0.0,0.0,0,168
SUB_HIFLD_1943,SUB_HIFLD_1926,meso_SUB_HIFLD_1943_SUB_HIFLD_1926_rev,80000000.0,0.0,0.0,0,168
SUB_HIFLD_1943,SUB_HIFLD_4052,meso_SUB_HIFLD_1943_SUB_HIFLD_4052_fwd,80000000.0,0.0,0.0,0,168
SUB_HIFLD_1943,SUB_HIFLD_87,meso_SUB_HIFLD_1943_SUB_HIFLD_87_fwd,80000000.0,0.0,0.0,0,168
SUB_HIFLD_1943,SUB_HIFLD_1964,meso_SUB_HIFLD_1943_SUB_HIFLD_1964_fwd,80000000.0,0.0,0.0,0,168
SUB_HIFLD_1944,SUB_HIFLD_1010,meso_SUB_HIFLD_1944_SUB_HIFLD_1010_rev,400000000.0,30829910.660506293,34994532.58889428,0,168
SUB_HIFLD_1944,SUB_HIFLD_1951,meso_SUB_HIFLD_1944_SUB_HIFLD_1951_fwd,80000000.0,29521466.79705478,37579433.29172036,0,168
SUB_HIFLD_1944,SUB_HIFLD_1953,meso_SUB_HIFLD_1944_SUB_HIFLD_1953_fwd,400000000.0,0.0,0.0,0,168
SUB_HIFLD_1944,SUB_HIFLD_1975,meso_SUB_HIFLD_1944_SUB_HIFLD_1975_fwd,80000000.0,0.0,0.0,0,168
SUB_HIFLD_1944,SUB_HIFLD_1991,meso_SUB_HIFLD_1944_SUB_HIFLD_1991_fwd,400000000.0,0.0,0.0,0,168
SUB_HIFLD_1944,SUB_HIFLD_1996,meso_SUB_HIFLD_1944_SUB_HIFLD_1996_fwd,80000000.0,30067570.98048755,58025864.14468112,0,168
SUB_HIFLD_1944,SUB_HIFLD_3498,meso_SUB_HIFLD_1944_SUB_HIFLD_3498_fwd,80000000.0,13924141.919185786,34339229.72685726,0,168
SUB_HIFLD_1944,SUB_HIFLD_3924,meso_SUB_HIFLD_1944_SUB_HIFLD_3924_fwd,80000000.0,0.0,0.0,0,168
SUB_HIFLD_1944,SUB_HIFLD_1926,meso_SUB_HIFLD_1944_SUB_HIFLD_1926_rev,1200000000.0,0.0,0.0,0,168
SUB_HIFLD_1944,SUB_HIFLD_1950,meso_SUB_HIFLD_1944_SUB_HIFLD_1950_fwd,80000000.0,42720159.41857125,58125234.416823395,0,168
SUB_HIFLD_1944,SUB_HIFLD_1981,meso_SUB_HIFLD_1944_SUB_HIFLD_1981_fwd,400000000.0,0.0,0.0,0,168
SUB_HIFLD_1944,SUB_HIFLD_1990,meso_SUB_HIFLD_1944_SUB_HIFLD_1990_fwd,80000000.0,80000000.0,80000000.0,168,168
SUB_HIFLD_1945,SUB_HIFLD_1553,meso_SUB_HIFLD_1945_SUB_HIFLD_1553_rev,80000000.0,0.0,0.0,0,168
SUB_HIFLD_1945,SUB_HIFLD_1589,meso_SUB_HIFLD_1945_SUB_HIFLD_1589_rev,400000000.0,0.0,0.0,0,168
SUB_HIFLD_1945,SUB_HIFLD_1926,meso_SUB_HIFLD_1945_SUB_HIFLD_1926_rev,400000000.0,0.0,0.0,0,168
SUB_HIFLD_1945,SUB_HIFLD_1956,meso_SUB_HIFLD_1945_SUB_HIFLD_1956_fwd,80000000.0,46434379.02961297,80000000.0,57,168
SUB_HIFLD_1945,SUB_HIFLD_4061,meso_SUB_HIFLD_1945_SUB_HIFLD_4061_fwd,80000000.0,0.0,0.0,0,168
SUB_HIFLD_1946,SUB_HIFLD_1934,meso_SUB_HIFLD_1946_SUB_HIFLD_1934_rev,80000000.0,18803236.988171645,42761318.90404616,0,168
SUB_HIFLD_1946,SUB_HIFLD_1981,meso_SUB_HIFLD_1946_SUB_HIFLD_1981_fwd,160000000.0,0.0,0.0,0,168
SUB_HIFLD_1947,SUB_HIFLD_1990,meso_SUB_HIFLD_1947_SUB_HIFLD_1990_fwd,80000000.0,0.0,0.0,0,168
SUB_HIFLD_1947,SUB_HIFLD_2665,meso_SUB_HIFLD_1947_SUB_HIFLD_2665_fwd,80000000.0,0.0,0.0,0,168
SUB_HIFLD_1947,SUB_HIFLD_2943,meso_SUB_HIFLD_1947_SUB_HIFLD_2943_fwd,80000000.0,0.0,0.0,0,168
SUB_HIFLD_1947,SUB_HIFLD_4058,meso_SUB_HIFLD_1947_SUB_HIFLD_4058_fwd,80000000.0,0.0,0.0,0,168
SUB_HIFLD_1947,SUB_HIFLD_1935,meso_SUB_HIFLD_1947_SUB_HIFLD_1935_rev,160000000.0,0.0,0.0,0,168
SUB_HIFLD_1948,SUB_HIFLD_2678,meso_SUB_HIFLD_1948_SUB_HIFLD_2678_fwd,80000000.0,22222120.139634702,80000000.0,14,168
SUB_HIFLD_1948,SUB_HIFLD_2809,meso_SUB_HIFLD_1948_SUB_HIFLD_2809_fwd,80000000.0,4918363.699556587,62112220.736474104,0,168
SUB_HIFLD_1948,SUB_HIFLD_3915,meso_SUB_HIFLD_1948_SUB_HIFLD_3915_fwd,80000000.0,1687578.060279363,2551950.136165029,0,168
SUB_HIFLD_1948,SUB_HIFLD_1949,meso_SUB_HIFLD_1948_SUB_HIFLD_1949_fwd,80000000.0,0.0,0.0,0,168
SUB_HIFLD_1948,SUB_HIFLD_1956,meso_SUB_HIFLD_1948_SUB_HIFLD_1956_fwd,80000000.0,0.0,0.0,0,168
SUB_HIFLD_1948,SUB_HIFLD_1979,meso_SUB_HIFLD_1948_SUB_HIFLD_1979_fwd,80000000.0,0.0,0.0,0,168
SUB_HIFLD_1948,SUB_HIFLD_3699,meso_SUB_HIFLD_1948_SUB_HIFLD_3699_fwd,80000000.0,27926932.328877915,80000000.0,30,168
SUB_HIFLD_1948,SUB_HIFLD_3702,meso_SUB_HIFLD_1948_SUB_HIFLD_3702_fwd,80000000.0,0.0,0.0,0,168
SUB_HIFLD_1949,SUB_HIFLD_4246,meso_SUB_HIFLD_1949_SUB_HIFLD_4246_fwd,80000000.0,14339.616946521992,1537632.7085236113,0,168
SUB_HIFLD_1949,SUB_HIFLD_4370,meso_SUB_HIFLD_1949_SUB_HIFLD_4370_fwd,80000000.0,0.0,0.0,0,168
SUB_HIFLD_1949,SUB_HIFLD_1948,meso_SUB_HIFLD_1949_SUB_HIFLD_1948_rev,80000000.0,19445513.297734182,80000000.0,9,168
SUB_HIFLD_1949,SUB_HIFLD_1978,meso_SUB_HIFLD_1949_SUB_HIFLD_1978_fwd,80000000.0,0.0,0.0,0,168
SUB_HIFLD_1949,SUB_HIFLD_1989,meso_SUB_HIFLD_1949_SUB_HIFLD_1989_fwd,80000000.0,0.0,0.0,0,168
SUB_HIFLD_1950,SUB_HIFLD_1927,meso_SUB_HIFLD_1950_SUB_HIFLD_1927_rev,80000000.0,30041071.421772003,42439576.74955307,0,168
SUB_HIFLD_1950,SUB_HIFLD_3924,meso_SUB_HIFLD_1950_SUB_HIFLD_3924_fwd,80000000.0,0.0,0.0,0,168
SUB_HIFLD_1950,SUB_HIFLD_1944,meso_SUB_HIFLD_1950_SUB_HIFLD_1944_rev,80000000.0,0.0,0.0,0,168
SUB_HIFLD_1951,SUB_HIFLD_1010,meso_SUB_HIFLD_1951_SUB_HIFLD_1010_rev,80000000.0,0.0,0.0,0,168
SUB_HIFLD_1951,SUB_HIFLD_1944,meso_SUB_HIFLD_1951_SUB_HIFLD_1944_rev,80000000.0,0.0,0.0,0,168
SUB_HIFLD_1951,SUB_HIFLD_1976,meso_SUB_HIFLD_1951_SUB_HIFLD_1976_fwd,80000000.0,0.0,0.0,0,168
SUB_HIFLD_1951,SUB_HIFLD_2693,meso_SUB_HIFLD_1951_SUB_HIFLD_2693_fwd,80000000.0,0.0,0.0,0,168
SUB_HIFLD_1952,SUB_HIFLD_1932,meso_SUB_HIFLD_1952_SUB_HIFLD_1932_rev,80000000.0,6136403.8574412465,49799976.04948055,0,168
SUB_HIFLD_1952,SUB_HIFLD_1981,meso_SUB_HIFLD_1952_SUB_HIFLD_1981_fwd,80000000.0,0.0,0.0,0,168
SUB_HIFLD_1952,SUB_HIFLD_2584,meso_SUB_HIFLD_1952_SUB_HIFLD_2584_rev,35860592.88981569,0.0,0.0,0,168
SUB_HIFLD_1953,SUB_HIFLD_1944,meso_SUB_HIFLD_1953_SUB_HIFLD_1944_rev,400000000.0,0.0,0.0,0,168
SUB_HIFLD_1953,SUB_HIFLD_1981,meso_SUB_HIFLD_1953_SUB_HIFLD_1981_fwd,400000000.0,0.0,0.0,0,168
SUB_HIFLD_1954,SUB_HIFLD_2943,meso_SUB_HIFLD_1954_SUB_HIFLD_2943_fwd,80000000.0,0.0,0.0,0,168
SUB_HIFLD_1955,SUB_HIFLD_1679,meso_SUB_HIFLD_1955_SUB_HIFLD_1679_rev,80000000.0,0.0,0.0,0,168
SUB_HIFLD_1955,SUB_HIFLD_1968,meso_SUB_HIFLD_1955_SUB_HIFLD_1968_fwd,80000000.0,0.0,0.0,0,168
SUB_HIFLD_1955,SUB_HIFLD_1972,meso_SUB_HIFLD_1955_SUB_HIFLD_1972_fwd,80000000.0,2171531.244221683,49705363.588786915,0,168
SUB_HIFLD_1956,SUB_HIFLD_1926,meso_SUB_HIFLD_1956_SUB_HIFLD_1926_rev,80000000.0,0.0,0.0,0,168
SUB_HIFLD_1956,SUB_HIFLD_1945,meso_SUB_HIFLD_1956_SUB_HIFLD_1945_rev,80000000.0,0.0,0.0,0,168
SUB_HIFLD_1956,SUB_HIFLD_3157,meso_SUB_HIFLD_1956_SUB_HIFLD_3157_fwd,80000000.0,19083793.749730725,78648760.08967763,0,168
SUB_HIFLD_1956,SUB_HIFLD_3697,meso_SUB_HIFLD_1956_SUB_HIFLD_3697_fwd,80000000.0,62059177.91907214,80000000.0,76,168
SUB_HIFLD_1956,SUB_HIFLD_1948,meso_SUB_HIFLD_1956_SUB_HIFLD_1948_rev,80000000.0,319374.57467659534,14171105.608036522,0,168
SUB_HIFLD_1957,SUB_HIFLD_2680,meso_SUB_HIFLD_1957_SUB_HIFLD_2680_fwd,80000000.0,0.0,0.0,0,168
SUB_HIFLD_1957,SUB_HIFLD_3310,meso_SUB_HIFLD_1957_SUB_HIFLD_3310_fwd,80000000.0,0.0,0.0,0,168
SUB_HIFLD_1957,SUB_HIFLD_3496,meso_SUB_HIFLD_1957_SUB_HIFLD_3496_fwd,80000000.0,0.0,0.0,0,168
SUB_HIFLD_1957,SUB_HIFLD_1938,meso_SUB_HIFLD_1957_SUB_HIFLD_1938_rev,80000000.0,0.0,0.0,0,168
SUB_HIFLD_1958,SUB_HIFLD_1927,meso_SUB_HIFLD_1958_SUB_HIFLD_1927_rev,80000000.0,0.0,0.0,0,168
SUB_HIFLD_1958,SUB_HIFLD_2866,meso_SUB_HIFLD_1958_SUB_HIFLD_2866_fwd,80000000.0,0.0,0.0,0,168
SUB_HIFLD_1958,SUB_HIFLD_3415,meso_SUB_HIFLD_1958_SUB_HIFLD_3415_fwd,80000000.0,0.0,0.0,0,168
SUB_HIFLD_1958,SUB_HIFLD_3703,meso_SUB_HIFLD_1958_SUB_HIFLD_3703_fwd,80000000.0,0.0,0.0,0,168
SUB_HIFLD_1958,SUB_HIFLD_1010,meso_SUB_HIFLD_1958_SUB_HIFLD_1010_rev,80000000.0,0.0,0.0,0,168
SUB_HIFLD_1959,SUB_HIFLD_1923,meso_SUB_HIFLD_1959_SUB_HIFLD_1923_rev,80000000.0,41710000.0,41710000.0,0,168
SUB_HIFLD_1959,SUB_HIFLD_3349,meso_SUB_HIFLD_1959_SUB_HIFLD_3349_fwd,80000000.0,0.0,0.0,0,168
SUB_HIFLD_1960,SUB_HIFLD_1494,meso_SUB_HIFLD_1960_SUB_HIFLD_1494_rev,80000000.0,0.0,0.0,0,168
SUB_HIFLD_1960,SUB_HIFLD_1961,meso_SUB_HIFLD_1960_SUB_HIFLD_1961_fwd,80000000.0,0.0,0.0,0,168
SUB_HIFLD_1961,SUB_HIFLD_1494,meso_SUB_HIFLD_1961_SUB_HIFLD_1494_rev,80000000.0,25329496.059952326,69225296.83683074,0,168
SUB_HIFLD_1961,SUB_HIFLD_1926,meso_SUB_HIFLD_1961_SUB_HIFLD_1926_rev,400000000.0,589408.2294158685,54425381.648912184,0,168
SUB_HIFLD_1961,SUB_HIFLD_1960,meso_SUB_HIFLD_1961_SUB_HIFLD_1960_rev,80000000.0,20538801.33500097,24909069.950064432,0,168
SUB_HIFLD_1961,SUB_HIFLD_1994,meso_SUB_HIFLD_1961_SUB_HIFLD_1994_fwd,400000000.0,0.0,0.0,0,168
SUB_HIFLD_1961,SUB_HIFLD_2645,meso_SUB_HIFLD_1961_SUB_HIFLD_2645_fwd,80000000.0,76733337.57509151,80000000.0,136,168
SUB_HIFLD_1961,SUB_HIFLD_2936,meso_SUB_HIFLD_1961_SUB_HIFLD_2936_fwd,80000000.0,40296527.29050512,80000000.0,35,168
SUB_HIFLD_1961,SUB_HIFLD_3390,meso_SUB_HIFLD_1961_SUB_HIFLD_3390_fwd,80000000.0,15837464.01183293,61307535.69787943,0,168
SUB_HIFLD_1961,SUB_HIFLD_3699,meso_SUB_HIFLD_1961_SUB_HIFLD_3699_fwd,80000000.0,79646298.98805955,80000000.0,164,168
SUB_HIFLD_1961,SUB_HIFLD_3700,meso_SUB_HIFLD_1961_SUB_HIFLD_3700_fwd,80000000.0,70183354.70798264,80000000.0,117,168
SUB_HIFLD_1961,SUB_HIFLD_1982,meso_SUB_HIFLD_1961_SUB_HIFLD_1982_fwd,400000000.0,0.0,0.0,0,168
SUB_HIFLD_1962,SUB_HIFLD_2930,meso_SUB_HIFLD_1962_SUB_HIFLD_2930_fwd,80000000.0,29135697.6440647,52026290.63987484,0,168
SUB_HIFLD_1962,SUB_HIFLD_3916,meso_SUB_HIFLD_1962_SUB_HIFLD_3916_fwd,80000000.0,0.0,0.0,0,168
SUB_HIFLD_1962,SUB_HIFLD_4190,meso_SUB_HIFLD_1962_SUB_HIFLD_4190_fwd,80000000.0,0.0,0.0,0,168
SUB_HIFLD_1963,SUB_HIFLD_4392,meso_SUB_HIFLD_1963_SUB_HIFLD_4392_fwd,80000000.0,0.0,0.0,0,168
SUB_HIFLD_1964,SUB_HIFLD_4052,meso_SUB_HIFLD_1964_SUB_HIFLD_4052_fwd,80000000.0,0.0,0.0,0,168
SUB_HIFLD_1964,SUB_HIFLD_1926,meso_SUB_HIFLD_1964_SUB_HIFLD_1926_rev,80000000.0,0.0,0.0,0,168
SUB_HIFLD_1964,SUB_HIFLD_1943,meso_SUB_HIFLD_1964_SUB_HIFLD_1943_rev,80000000.0,0.0,0.0,0,168
SUB_HIFLD_1965,SUB_HIFLD_2681,meso_SUB_HIFLD_1965_SUB_HIFLD_2681_fwd,80000000.0,0.0,0.0,0,168
SUB_HIFLD_1965,SUB_HIFLD_1932,meso_SUB_HIFLD_1965_SUB_HIFLD_1932_rev,80000000.0,30159826.89428741,43217266.6015625,0,168
SUB_HIFLD_1965,SUB_HIFLD_1994,meso_SUB_HIFLD_1965_SUB_HIFLD_1994_fwd,80000000.0,0.0,0.0,0,168
SUB_HIFLD_1966,SUB_HIFLD_2648,meso_SUB_HIFLD_1966_SUB_HIFLD_2648_fwd,80000000.0,0.0,0.0,0,168
SUB_HIFLD_1967,SUB_HIFLD_1970,meso_SUB_HIFLD_1967_SUB_HIFLD_1970_fwd,80000000.0,9527119.00209894,21366043.562741622,0,168
SUB_HIFLD_1967,SUB_HIFLD_3297,meso_SUB_HIFLD_1967_SUB_HIFLD_3297_fwd,80000000.0,0.0,0.0,0,168
SUB_HIFLD_1967,SUB_HIFLD_1929,meso_SUB_HIFLD_1967_SUB_HIFLD_1929_rev,80000000.0,0.0,0.0,0,168
SUB_HIFLD_1967,SUB_HIFLD_1940,meso_SUB_HIFLD_1967_SUB_HIFLD_1940_rev,80000000.0,0.0,0.0,0,168
SUB_HIFLD_1968,SUB_HIFLD_1747,meso_SUB_HIFLD_1968_SUB_HIFLD_1747_rev,80000000.0,1240000.0,1240000.0,0,168
SUB_HIFLD_1968,SUB_HIFLD_1955,meso_SUB_HIFLD_1968_SUB_HIFLD_1955_rev,80000000.0,0.0,0.0,0,168
SUB_HIFLD_1969,SUB_HIFLD_4151,meso_SUB_HIFLD_1969_SUB_HIFLD_4151_fwd,80000000.0,2040000.0,2040000.0,0,168
SUB_HIFLD_1970,SUB_HIFLD_1967,meso_SUB_HIFLD_1970_SUB_HIFLD_1967_rev,80000000.0,0.0,0.0,0,168
SUB_HIFLD_1970,SUB_HIFLD_1929,meso_SUB_HIFLD_1970_SUB_HIFLD_1929_rev,80000000.0,0.0,0.0,0,168
SUB_HIFLD_1971,SUB_HIFLD_3946,meso_SUB_HIFLD_1971_SUB_HIFLD_3946_fwd,80000000.0,0.0,0.0,0,168
SUB_HIFLD_1971,SUB_HIFLD_4019,meso_SUB_HIFLD_1971_SUB_HIFLD_4019_fwd,80000000.0,58941360.95450045,77600000.0,0,168
SUB_HIFLD_1971,SUB_HIFLD_87,meso_SUB_HIFLD_1971_SUB_HIFLD_87_fwd,80000000.0,8797849.276077114,77600000.0,0,168
SUB_HIFLD_1972,SUB_HIFLD_1937,meso_SUB_HIFLD_1972_SUB_HIFLD_1937_rev,80000000.0,0.0,0.0,0,168
SUB_HIFLD_1972,SUB_HIFLD_1955,meso_SUB_HIFLD_1972_SUB_HIFLD_1955_rev,80000000.0,0.0,0.0,0,168
SUB_HIFLD_1972,SUB_HIFLD_1978,meso_SUB_HIFLD_1972_SUB_HIFLD_1978_fwd,80000000.0,2922025.375823716,48214202.68112331,0,168
SUB_HIFLD_1972,SUB_HIFLD_4102,meso_SUB_HIFLD_1972_SUB_HIFLD_4102_fwd,80000000.0,0.0,0.0,0,168
SUB_HIFLD_1973,SUB_HIFLD_3346,meso_SUB_HIFLD_1973_SUB_HIFLD_3346_fwd,80000000.0,21998020.880252082,24192124.55640045,0,168
SUB_HIFLD_1973,SUB_HIFLD_4290,meso_SUB_HIFLD_1973_SUB_HIFLD_4290_fwd,80000000.0,40486.736914609595,6051928.547467956,0,168
SUB_HIFLD_1973,SUB_HIFLD_1924,meso_SUB_HIFLD_1973_SUB_HIFLD_1924_rev,80000000.0,0.0,0.0,0,168
SUB_HIFLD_1973,SUB_HIFLD_1931,meso_SUB_HIFLD_1973_SUB_HIFLD_1931_rev,80000000.0,6976234.527290697,70014134.81797273,0,168
SUB_HIFLD_1973,SUB_HIFLD_1975,meso_SUB_HIFLD_1973_SUB_HIFLD_1975_fwd,80000000.0,0.0,0.0,0,168
SUB_HIFLD_1973,SUB_HIFLD_1984,meso_SUB_HIFLD_1973_SUB_HIFLD_1984_fwd,80000000.0,2124166.0691596246,31804203.74919459,0,168
SUB_HIFLD_1973,SUB_HIFLD_1992,meso_SUB_HIFLD_1973_SUB_HIFLD_1992_fwd,80000000.0,0.0,0.0,0,168
SUB_HIFLD_1974,SUB_HIFLD_1995,meso_SUB_HIFLD_1974_SUB_HIFLD_1995_fwd,80000000.0,11544109.724453986,13604384.46359536,0,168
SUB_HIFLD_1974,SUB_HIFLD_4224,meso_SUB_HIFLD_1974_SUB_HIFLD_4224_fwd,80000000.0,0.0,0.0,0,168
SUB_HIFLD_1975,SUB_HIFLD_1944,meso_SUB_HIFLD_1975_SUB_HIFLD_1944_rev,80000000.0,0.0,0.0,0,168
SUB_HIFLD_1975,SUB_HIFLD_1973,meso_SUB_HIFLD_1975_SUB_HIFLD_1973_rev,80000000.0,0.0,0.0,0,168
SUB_HIFLD_1976,SUB_HIFLD_1951,meso_SUB_HIFLD_1976_SUB_HIFLD_1951_rev,80000000.0,0.0,0.0,0,168
SUB_HIFLD_1977,SUB_HIFLD_1979,meso_SUB_HIFLD_1977_SUB_HIFLD_1979_fwd,80000000.0,19088.993933630052,2081045.6801681186,0,168
SUB_HIFLD_1977,SUB_HIFLD_2685,meso_SUB_HIFLD_1977_SUB_HIFLD_2685_fwd,80000000.0,11608461.249052057,72137971.28481,0,168
SUB_HIFLD_1977,SUB_HIFLD_3696,meso_SUB_HIFLD_1977_SUB_HIFLD_3696_fwd,80000000.0,0.0,0.0,0,168
SUB_HIFLD_1978,SUB_HIFLD_1972,meso_SUB_HIFLD_1978_SUB_HIFLD_1972_rev,80000000.0,0.0,0.0,0,168
SUB_HIFLD_1978,SUB_HIFLD_4370,meso_SUB_HIFLD_1978_SUB_HIFLD_4370_fwd,80000000.0,794885.4884464343,24794510.495611098,0,168
SUB_HIFLD_1978,SUB_HIFLD_1679,meso_SUB_HIFLD_1978_SUB_HIFLD_1679_rev,80000000.0,0.0,0.0,0,168
SUB_HIFLD_1978,SUB_HIFLD_1747,meso_SUB_HIFLD_1978_SUB_HIFLD_1747_rev,80000000.0,1941012.1526628286,34429819.436614044,0,168
SUB_HIFLD_1978,SUB_HIFLD_1949,meso_SUB_HIFLD_1978_SUB_HIFLD_1949_rev,80000000.0,40846061.96803953,80000000.0,16,168
SUB_HIFLD_1979,SUB_HIFLD_1925,meso_SUB_HIFLD_1979_SUB_HIFLD_1925_rev,80000000.0,0.0,0.0,0,168
SUB_HIFLD_1979,SUB_HIFLD_1937,meso_SUB_HIFLD_1979_SUB_HIFLD_1937_rev,80000000.0,0.0,0.0,0,168
SUB_HIFLD_1979,SUB_HIFLD_1977,meso_SUB_HIFLD_1979_SUB_HIFLD_1977_rev,80000000.0,6287924.404279327,67407098.9395198,0,168
SUB_HIFLD_1979,SUB_HIFLD_1948,meso_SUB_HIFLD_1979_SUB_HIFLD_1948_rev,80000000.0,21149674.550537042,80000000.0,14,168
SUB_HIFLD_1979,SUB_HIFLD_4210,meso_SUB_HIFLD_1979_SUB_HIFLD_4210_fwd,80000000.0,0.0,0.0,0,168
SUB_HIFLD_1980,SUB_HIFLD_1986,meso_SUB_HIFLD_1980_SUB_HIFLD_1986_fwd,80000000.0,0.0,0.0,0,168
SUB_HIFLD_1980,SUB_HIFLD_3358,meso_SUB_HIFLD_1980_SUB_HIFLD_3358_fwd,80000000.0,0.0,0.0,0,168
SUB_HIFLD_1981,SUB_HIFLD_1934,meso_SUB_HIFLD_1981_SUB_HIFLD_1934_rev,80000000.0,79888646.81881617,80000000.0,161,168
SUB_HIFLD_1981,SUB_HIFLD_1941,meso_SUB_HIFLD_1981_SUB_HIFLD_1941_rev,80000000.0,0.0,0.0,0,168
SUB_HIFLD_1981,SUB_HIFLD_1952,meso_SUB_HIFLD_1981_SUB_HIFLD_1952_rev,80000000.0,29259560.17854166,66354214.11351087,0,168
SUB_HIFLD_1981,SUB_HIFLD_1953,meso_SUB_HIFLD_1981_SUB_HIFLD_1953_rev,400000000.0,11585978.017066352,17003311.188687984,0,168
SUB_HIFLD_1981,SUB_HIFLD_2648,meso_SUB_HIFLD_1981_SUB_HIFLD_2648_fwd,80000000.0,39186773.137431465,73203511.30672355,0,168
SUB_HIFLD_1981,SUB_HIFLD_2875,meso_SUB_HIFLD_1981_SUB_HIFLD_2875_fwd,80000000.0,0.0,0.0,0,168
SUB_HIFLD_1981,SUB_HIFLD_3206,meso_SUB_HIFLD_1981_SUB_HIFLD_3206_fwd,400000000.0,0.0,0.0,0,168
SUB_HIFLD_1981,SUB_HIFLD_1944,meso_SUB_HIFLD_1981_SUB_HIFLD_1944_rev,400000000.0,137301440.99708915,234513365.05061343,0,168
SUB_HIFLD_1981,SUB_HIFLD_1946,meso_SUB_HIFLD_1981_SUB_HIFLD_1946_rev,160000000.0,33492401.201620393,63145785.10867355,0,168
SUB_HIFLD_1981,WECC_SCE,iface_SUB_HIFLD_1981_WECC_SCE_to_ba,113551470.17117159,0.0,0.0,0,168
SUB_HIFLD_1982,SUB_HIFLD_1994,meso_SUB_HIFLD_1982_SUB_HIFLD_1994_fwd,400000000.0,277920130.5804182,400000000.0,31,168
SUB_HIFLD_1982,SUB_HIFLD_2885,meso_SUB_HIFLD_1982_SUB_HIFLD_2885_fwd,3000000000.0,0.0,0.0,0,168
SUB_HIFLD_1982,SUB_HIFLD_3916,meso_SUB_HIFLD_1982_SUB_HIFLD_3916_fwd,400000000.0,0.0,0.0,0,168
SUB_HIFLD_1982,SUB_HIFLD_589,meso_SUB_HIFLD_1982_SUB_HIFLD_589_fwd,1500000000.0,412388.8840639263,69281332.52273962,0,168
SUB_HIFLD_1982,SUB_HIFLD_1961,meso_SUB_HIFLD_1982_SUB_HIFLD_1961_rev,400000000.0,333201524.0925406,400000000.0,56,168
SUB_HIFLD_1982,SUB_HIFLD_811,meso_SUB_HIFLD_1982_SUB_HIFLD_811_fwd,400000000.0,0.0,0.0,0,168
SUB_HIFLD_1982,SUB_HIFLD_841,meso_SUB_HIFLD_1982_SUB_HIFLD_841_fwd,3000000000.0,0.0,0.0,0,168
SUB_HIFLD_1982,WECC_SCE,iface_SUB_HIFLD_1982_WECC_SCE_to_ba,113551470.17117159,0.0,0.0,0,168
SUB_HIFLD_1983,SUB_HIFLD_1926,meso_SUB_HIFLD_1983_SUB_HIFLD_1926_rev,80000000.0,0.0,0.0,0,168
SUB_HIFLD_1983,SUB_HIFLD_3697,meso_SUB_HIFLD_1983_SUB_HIFLD_3697_fwd,80000000.0,45775240.12249944,80000000.0,49,168
SUB_HIFLD_1983,SUB_HIFLD_4019,meso_SUB_HIFLD_1983_SUB_HIFLD_4019_fwd,80000000.0,0.0,0.0,0,168
SUB_HIFLD_1984,SUB_HIFLD_3358,meso_SUB_HIFLD_1984_SUB_HIFLD_3358_fwd,80000000.0,0.0,0.0,0,168
SUB_HIFLD_1984,SUB_HIFLD_3498,meso_SUB_HIFLD_1984_SUB_HIFLD_3498_fwd,80000000.0,0.0,0.0,0,168
SUB_HIFLD_1984,SUB_HIFLD_1973,meso_SUB_HIFLD_1984_SUB_HIFLD_1973_rev,80000000.0,0.0,0.0,0,168
SUB_HIFLD_1984,SUB_HIFLD_1996,meso_SUB_HIFLD_1984_SUB_HIFLD_1996_fwd,80000000.0,0.0,0.0,0,168
SUB_HIFLD_1985,SUB_HIFLD_2943,meso_SUB_HIFLD_1985_SUB_HIFLD_2943_fwd,5000000.0,0.0,0.0,0,168
SUB_HIFLD_1986,SUB_HIFLD_1980,meso_SUB_HIFLD_1986_SUB_HIFLD_1980_rev,80000000.0,0.0,0.0,0,168
SUB_HIFLD_1987,SUB_HIFLD_2665,meso_SUB_HIFLD_1987_SUB_HIFLD_2665_fwd,5000000.0,0.0,0.0,0,168
SUB_HIFLD_1988,SUB_HIFLD_2528,meso_SUB_HIFLD_1988_SUB_HIFLD_2528_fwd,80000000.0,0.0,0.0,0,168
SUB_HIFLD_1988,SUB_HIFLD_2795,meso_SUB_HIFLD_1988_SUB_HIFLD_2795_fwd,80000000.0,0.0,0.0,0,168
SUB_HIFLD_1988,SUB_HIFLD_1993,meso_SUB_HIFLD_1988_SUB_HIFLD_1993_fwd,160000000.0,0.0,0.0,0,168
SUB_HIFLD_1989,SUB_HIFLD_4140,meso_SUB_HIFLD_1989_SUB_HIFLD_4140_fwd,80000000.0,0.0,0.0,0,168
SUB_HIFLD_1989,SUB_HIFLD_1949,meso_SUB_HIFLD_1989_SUB_HIFLD_1949_rev,80000000.0,0.0,0.0,0,168
SUB_HIFLD_1990,SUB_HIFLD_1931,meso_SUB_HIFLD_1990_SUB_HIFLD_1931_rev,80000000.0,0.0,0.0,0,168
SUB_HIFLD_1990,SUB_HIFLD_1935,meso_SUB_HIFLD_1990_SUB_HIFLD_1935_rev,80000000.0,19730754.958289947,24364277.19273518,0,168
SUB_HIFLD_1990,SUB_HIFLD_1947,meso_SUB_HIFLD_1990_SUB_HIFLD_1947_rev,80000000.0,34681269.81263313,43409514.24824823,0,168
SUB_HIFLD_1990,SUB_HIFLD_2528,meso_SUB_HIFLD_1990_SUB_HIFLD_2528_fwd,80000000.0,5410437.546359899,35695601.24411043,0,168
SUB_HIFLD_1990,SUB_HIFLD_4290,meso_SUB_HIFLD_1990_SUB_HIFLD_4290_fwd,80000000.0,0.0,0.0,0,168
SUB_HIFLD_1990,SUB_HIFLD_1944,meso_SUB_HIFLD_1990_SUB_HIFLD_1944_rev,80000000.0,0.0,0.0,0,168
SUB_HIFLD_1991,SUB_HIFLD_1926,meso_SUB_HIFLD_1991_SUB_HIFLD_1926_rev,400000000.0,0.0,0.0,0,168
SUB_HIFLD_1991,SUB_HIFLD_1944,meso_SUB_HIFLD_1991_SUB_HIFLD_1944_rev,400000000.0,0.0,0.0,0,168
SUB_HIFLD_1991,SUB_HIFLD_1992,meso_SUB_HIFLD_1991_SUB_HIFLD_1992_fwd,80000000.0,0.0,0.0,0,168
SUB_HIFLD_1991,SUB_HIFLD_3922,meso_SUB_HIFLD_1991_SUB_HIFLD_3922_rev,5000000.0,971481.7068655232,1347471.2961727811,0,168
SUB_HIFLD_1992,SUB_HIFLD_1926,meso_SUB_HIFLD_1992_SUB_HIFLD_1926_rev,80000000.0,0.0,0.0,0,168
SUB_HIFLD_1992,SUB_HIFLD_1991,meso_SUB_HIFLD_1992_SUB_HIFLD_1991_rev,80000000.0,0.0,0.0,0,168
SUB_HIFLD_1992,SUB_HIFLD_1924,meso_SUB_HIFLD_1992_SUB_HIFLD_1924_rev,80000000.0,0.0,0.0,0,168
SUB_HIFLD_1992,SUB_HIFLD_1973,meso_SUB_HIFLD_1992_SUB_HIFLD_1973_rev,80000000.0,21750027.166129902,44489077.392578125,0,168
SUB_HIFLD_1993,SUB_HIFLD_1931,meso_SUB_HIFLD_1993_SUB_HIFLD_1931_rev,80000000.0,0.0,0.0,0,168
SUB_HIFLD_1993,SUB_HIFLD_2528,meso_SUB_HIFLD_1993_SUB_HIFLD_2528_fwd,80000000.0,0.0,0.0,0,168
SUB_HIFLD_1993,SUB_HIFLD_1988,meso_SUB_HIFLD_1993_SUB_HIFLD_1988_rev,160000000.0,21789701.30457227,37201022.62201998,0,168
SUB_HIFLD_1994,SUB_HIFLD_1961,meso_SUB_HIFLD_1994_SUB_HIFLD_1961_rev,400000000.0,3074815.3411104716,37753764.752068534,0,168
SUB_HIFLD_1994,SUB_HIFLD_1982,meso_SUB_HIFLD_1994_SUB_HIFLD_1982_rev,400000000.0,0.0,0.0,0,168
SUB_HIFLD_1994,SUB_HIFLD_2680,meso_SUB_HIFLD_1994_SUB_HIFLD_2680_fwd,80000000.0,40259987.920872435,73926383.44704221,0,168
SUB_HIFLD_1994,SUB_HIFLD_2681,meso_SUB_HIFLD_1994_SUB_HIFLD_2681_fwd,80000000.0,6678837.935126773,58814220.00398345,0,168
SUB_HIFLD_1994,SUB_HIFLD_3496,meso_SUB_HIFLD_1994_SUB_HIFLD_3496_fwd,80000000.0,50445807.53348335,80000000.0,20,168
SUB_HIFLD_1994,SUB_HIFLD_3702,meso_SUB_HIFLD_1994_SUB_HIFLD_3702_fwd,80000000.0,34595094.462013155,80000000.0,25,168
SUB_HIFLD_1994,SUB_HIFLD_4210,meso_SUB_HIFLD_1994_SUB_HIFLD_4210_fwd,80000000.0,21892457.96279272,80000000.0,11,168
SUB_HIFLD_1994,SUB_HIFLD_1926,meso_SUB_HIFLD_1994_SUB_HIFLD_1926_rev,400000000.0,2260240.7384746755,76266028.39560156,0,168
SUB_HIFLD_1994,SUB_HIFLD_1965,meso_SUB_HIFLD_1994_SUB_HIFLD_1965_rev,80000000.0,62244632.593396984,80000000.0,48,168
SUB_HIFLD_1994,SUB_HIFLD_3701,meso_SUB_HIFLD_1994_SUB_HIFLD_3701_fwd,80000000.0,11670346.103318356,76311250.78676529,0,168
SUB_HIFLD_1995,SUB_HIFLD_1974,meso_SUB_HIFLD_1995_SUB_HIFLD_1974_rev,80000000.0,0.0,0.0,0,168
SUB_HIFLD_1996,SUB_HIFLD_1010,meso_SUB_HIFLD_1996_SUB_HIFLD_1010_rev,80000000.0,0.0,0.0,0,168
SUB_HIFLD_1996,SUB_HIFLD_1944,meso_SUB_HIFLD_1996_SUB_HIFLD_1944_rev,80000000.0,0.0,0.0,0,168
SUB_HIFLD_1996,SUB_HIFLD_3358,meso_SUB_HIFLD_1996_SUB_HIFLD_3358_fwd,80000000.0,0.0,0.0,0,168
SUB_HIFLD_1996,SUB_HIFLD_1984,meso_SUB_HIFLD_1996_SUB_HIFLD_1984_rev,80000000.0,10019956.590417929,33309052.331668813,0,168
SUB_HIFLD_1997,SUB_HIFLD_3701,meso_SUB_HIFLD_1997_SUB_HIFLD_3701_fwd,80000000.0,0.0,0.0,0,168
SUB_HIFLD_1997,SUB_HIFLD_4225,meso_SUB_HIFLD_1997_SUB_HIFLD_4225_fwd,80000000.0,0.0,0.0,0,168
SUB_HIFLD_1998,SUB_HIFLD_2754,meso_SUB_HIFLD_1998_SUB_HIFLD_2754_fwd,200000000.0,60456475.387432754,80220127.26293889,0,168
SUB_HIFLD_1998,SUB_HIFLD_3206,meso_SUB_HIFLD_1998_SUB_HIFLD_3206_fwd,200000000.0,0.0,0.0,0,168
SUB_HIFLD_1998,SUB_HIFLD_2002,meso_SUB_HIFLD_1998_SUB_HIFLD_2002_fwd,200000000.0,16603023.81670001,22030670.48062983,0,168
SUB_HIFLD_1999,SUB_HIFLD_3079,meso_SUB_HIFLD_1999_SUB_HIFLD_3079_fwd,200000000.0,0.0,0.0,0,168
SUB_HIFLD_1999,SUB_HIFLD_969,meso_SUB_HIFLD_1999_SUB_HIFLD_969_fwd,200000000.0,0.0,0.0,0,168
SUB_HIFLD_2000,SUB_HIFLD_2754,meso_SUB_HIFLD_2000_SUB_HIFLD_2754_fwd,200000000.0,0.0,0.0,0,168
SUB_HIFLD_2001,SUB_HIFLD_2880,meso_SUB_HIFLD_2001_SUB_HIFLD_2880_fwd,160000000.0,4621939.665083069,5721973.692530817,0,168
SUB_HIFLD_2001,SUB_HIFLD_969,meso_SUB_HIFLD_2001_SUB_HIFLD_969_fwd,80000000.0,0.0,0.0,0,168
SUB_HIFLD_2002,SUB_HIFLD_2754,meso_SUB_HIFLD_2002_SUB_HIFLD_2754_fwd,200000000.0,0.0,0.0,0,168
SUB_HIFLD_2002,SUB_HIFLD_1998,meso_SUB_HIFLD_2002_SUB_HIFLD_1998_rev,200000000.0,0.0,0.0,0,168
SUB_HIFLD_2003,SUB_HIFLD_1332,meso_SUB_HIFLD_2003_SUB_HIFLD_1332_rev,60000000.0,0.0,0.0,0,168
SUB_HIFLD_2003,SUB_HIFLD_2751,meso_SUB_HIFLD_2003_SUB_HIFLD_2751_fwd,60000000.0,0.0,0.0,0,168
SUB_HIFLD_2004,SUB_HIFLD_2009,meso_SUB_HIFLD_2004_SUB_HIFLD_2009_fwd,5000000.0,0.0,0.0,0,168
SUB_HIFLD_2005,SUB_HIFLD_1333,meso_SUB_HIFLD_2005_SUB_HIFLD_1333_rev,60000000.0,0.0,0.0,0,168
SUB_HIFLD_2005,SUB_HIFLD_2006,meso_SUB_HIFLD_2005_SUB_HIFLD_2006_fwd,60000000.0,13034503.84885983,23047164.15640423,0,168
SUB_HIFLD_2006,SUB_HIFLD_2005,meso_SUB_HIFLD_2006_SUB_HIFLD_2005_rev,60000000.0,0.0,0.0,0,168
SUB_HIFLD_2006,SUB_HIFLD_2751,meso_SUB_HIFLD_2006_SUB_HIFLD_2751_fwd,60000000.0,0.0,0.0,0,168
SUB_HIFLD_2006,SUB_HIFLD_2973,meso_SUB_HIFLD_2006_SUB_HIFLD_2973_rev,15383595.317595227,7596917.598716875,13228532.110784471,0,168
SUB_HIFLD_2007,SUB_15232,meso_SUB_HIFLD_2007_SUB_15232_rev,60000000.0,0.0,0.0,0,168
SUB_HIFLD_2007,SUB_HIFLD_1917,meso_SUB_HIFLD_2007_SUB_HIFLD_1917_rev,60000000.0,22431693.60049817,41293959.3483305,0,168
SUB_HIFLD_2007,SUB_15259,meso_SUB_HIFLD_2007_SUB_15259_rev,7346318.457892232,1049248.2907759189,1159278.476361147,0,168
SUB_HIFLD_2009,SUB_HIFLD_1332,meso_SUB_HIFLD_2009_SUB_HIFLD_1332_rev,60000000.0,7202475.136293772,13045403.324864674,0,168
SUB_HIFLD_2009,SUB_HIFLD_1333,meso_SUB_HIFLD_2009_SUB_HIFLD_1333_rev,60000000.0,0.0,0.0,0,168
SUB_HIFLD_2009,SUB_HIFLD_2004,meso_SUB_HIFLD_2009_SUB_HIFLD_2004_rev,5000000.0,924242.665829703,1674024.2948237155,0,168
SUB_HIFLD_2010,SUB_15206,meso_SUB_HIFLD_2010_SUB_15206_rev,120000000.0,25560070.345956925,56508079.18905768,0,168
SUB_HIFLD_2010,SUB_HIFLD_1016,meso_SUB_HIFLD_2010_SUB_HIFLD_1016_rev,400000000.0,411934.38684008527,19562823.76052957,0,168
SUB_HIFLD_2010,SUB_HIFLD_1356,meso_SUB_HIFLD_2010_SUB_HIFLD_1356_rev,400000000.0,2632972.896765246,21308075.0866662,0,168
SUB_HIFLD_2010,SUB_HIFLD_1357,meso_SUB_HIFLD_2010_SUB_HIFLD_1357_rev,400000000.0,0.0,0.0,0,168
SUB_HIFLD_2010,SUB_HIFLD_1359,meso_SUB_HIFLD_2010_SUB_HIFLD_1359_rev,400000000.0,1393454.9137664337,20613674.611009415,0,168
SUB_HIFLD_2010,SUB_15244,meso_SUB_HIFLD_2010_SUB_15244_rev,300000000.0,17330219.85598833,57560789.82016886,0,168
SUB_HIFLD_2010,SUB_HIFLD_597,meso_SUB_HIFLD_2010_SUB_HIFLD_597_fwd,150000000.0,17832.397110941143,1600154.8742336803,0,168
SUB_HIFLD_2010,WEC_CALN,iface_SUB_HIFLD_2010_WEC_CALN_to_ba,20000000.0,0.0,0.0,0,168
SUB_HIFLD_2013,SUB_HIFLD_3391,meso_SUB_HIFLD_2013_SUB_HIFLD_3391_fwd,5000000.0,4434523.80952381,5000000.0,149,168
SUB_HIFLD_2020,SUB_HIFLD_2990,meso_SUB_HIFLD_2020_SUB_HIFLD_2990_fwd,60000000.0,0.0,0.0,0,168
SUB_HIFLD_2020,SUB_HIFLD_4426,meso_SUB_HIFLD_2020_SUB_HIFLD_4426_fwd,60000000.0,0.0,0.0,0,168
SUB_HIFLD_2043,SUB_16368,meso_SUB_HIFLD_2043_SUB_16368_rev,60000000.0,0.0,0.0,0,168
SUB_HIFLD_2043,SUB_HIFLD_4309,meso_SUB_HIFLD_2043_SUB_HIFLD_4309_fwd,60000000.0,27389270.269843135,44589490.44959705,0,168
SUB_HIFLD_2043,SUB_HIFLD_4330,meso_SUB_HIFLD_2043_SUB_HIFLD_4330_fwd,60000000.0,0.0,0.0,0,168
SUB_HIFLD_2048,SUB_02413,meso_SUB_HIFLD_2048_SUB_02413_rev,60000000.0,0.0,0.0,0,168
SUB_HIFLD_2048,SUB_HIFLD_2056,meso_SUB_HIFLD_2048_SUB_HIFLD_2056_fwd,60000000.0,0.0,0.0,0,168
SUB_HIFLD_2049,SUB_02257,meso_SUB_HIFLD_2049_SUB_02257_rev,300000000.0,0.0,0.0,0,168
SUB_HIFLD_2049,SUB_HIFLD_3835,meso_SUB_HIFLD_2049_SUB_HIFLD_3835_fwd,150000000.0,0.0,0.0,0,168
SUB_HIFLD_2049,SUB_02419,meso_SUB_HIFLD_2049_SUB_02419_rev,150000000.0,0.0,0.0,0,168
SUB_HIFLD_2049,SUB_HIFLD_2068,meso_SUB_HIFLD_2049_SUB_HIFLD_2068_fwd,150000000.0,0.0,0.0,0,168
SUB_HIFLD_2056,SUB_02413,meso_SUB_HIFLD_2056_SUB_02413_rev,60000000.0,0.0,0.0,0,168
SUB_HIFLD_2056,SUB_HIFLD_2048,meso_SUB_HIFLD_2056_SUB_HIFLD_2048_rev,60000000.0,1430912.521899786,6760212.503020297,0,168
SUB_HIFLD_2056,SUB_HIFLD_2070,meso_SUB_HIFLD_2056_SUB_HIFLD_2070_fwd,60000000.0,0.0,0.0,0,168
SUB_HIFLD_2058,SUB_02426,meso_SUB_HIFLD_2058_SUB_02426_rev,210000000.0,0.0,0.0,0,168
SUB_HIFLD_2058,SUB_HIFLD_1418,meso_SUB_HIFLD_2058_SUB_HIFLD_1418_rev,120000000.0,63070052.95264094,99826449.56657025,0,168
SUB_HIFLD_2058,SUB_HIFLD_2070,meso_SUB_HIFLD_2058_SUB_HIFLD_2070_fwd,150000000.0,0.0,0.0,0,168
SUB_HIFLD_2058,SUB_HIFLD_2131,meso_SUB_HIFLD_2058_SUB_HIFLD_2131_fwd,60000000.0,30420502.191087406,59228609.086826354,0,168
SUB_HIFLD_2058,SUB_HIFLD_3025,meso_SUB_HIFLD_2058_SUB_HIFLD_3025_fwd,210000000.0,0.0,0.0,0,168
SUB_HIFLD_2058,SUB_02416,meso_SUB_HIFLD_2058_SUB_02416_rev,60000000.0,0.0,0.0,0,168
SUB_HIFLD_2058,SUB_08203,meso_SUB_HIFLD_2058_SUB_08203_rev,150000000.0,0.0,0.0,0,168
SUB_HIFLD_2062,SUB_02413,meso_SUB_HIFLD_2062_SUB_02413_rev,60000000.0,0.0,0.0,0,168
SUB_HIFLD_2062,SUB_HIFLD_1418,meso_SUB_HIFLD_2062_SUB_HIFLD_1418_rev,60000000.0,0.0,0.0,0,168
SUB_HIFLD_2062,SUB_02409,meso_SUB_HIFLD_2062_SUB_02409_rev,27095953.89593705,13186875.224499712,22320218.870811857,0,168
SUB_HIFLD_2068,SUB_02269,meso_SUB_HIFLD_2068_SUB_02269_rev,150000000.0,35196634.02199687,59592225.002013534,0,168
SUB_HIFLD_2068,SUB_02405,meso_SUB_HIFLD_2068_SUB_02405_rev,150000000.0,0.0,0.0,0,168
SUB_HIFLD_2068,SUB_HIFLD_3834,meso_SUB_HIFLD_2068_SUB_HIFLD_3834_fwd,150000000.0,16254605.093156803,42814487.38073257,0,168
SUB_HIFLD_2068,SUB_HIFLD_3835,meso_SUB_HIFLD_2068_SUB_HIFLD_3835_fwd,150000000.0,0.0,0.0,0,168
SUB_HIFLD_2068,SUB_02419,meso_SUB_HIFLD_2068_SUB_02419_rev,150000000.0,0.0,0.0,0,168
SUB_HIFLD_2068,SUB_HIFLD_2049,meso_SUB_HIFLD_2068_SUB_HIFLD_2049_rev,150000000.0,0.0,0.0,0,168
SUB_HIFLD_2070,SUB_HIFLD_2058,meso_SUB_HIFLD_2070_SUB_HIFLD_2058_rev,150000000.0,0.0,0.0,0,168
SUB_HIFLD_2070,SUB_HIFLD_2131,meso_SUB_HIFLD_2070_SUB_HIFLD_2131_fwd,60000000.0,4671987.954231073,52779224.00905216,0,168
SUB_HIFLD_2070,SUB_HIFLD_3025,meso_SUB_HIFLD_2070_SUB_HIFLD_3025_fwd,150000000.0,0.0,0.0,0,168
SUB_HIFLD_2070,SUB_08361,meso_SUB_HIFLD_2070_SUB_08361_rev,60000000.0,0.0,0.0,0,168
SUB_HIFLD_2070,SUB_HIFLD_2056,meso_SUB_HIFLD_2070_SUB_HIFLD_2056_rev,60000000.0,5809225.113636886,14044587.60681055,0,168
SUB_HIFLD_2086,SUB_18297,meso_SUB_HIFLD_2086_SUB_18297_rev,150000000.0,0.0,0.0,0,168
SUB_HIFLD_2086,SUB_HIFLD_3903,meso_SUB_HIFLD_2086_SUB_HIFLD_3903_fwd,150000000.0,0.0,0.0,0,168
SUB_HIFLD_2086,SUB_HIFLD_4291,meso_SUB_HIFLD_2086_SUB_HIFLD_4291_fwd,150000000.0,0.0,0.0,0,168
SUB_HIFLD_2095,SUB_HIFLD_2101,meso_SUB_HIFLD_2095_SUB_HIFLD_2101_fwd,80000000.0,0.0,0.0,0,168
SUB_HIFLD_2095,SUB_HIFLD_2410,meso_SUB_HIFLD_2095_SUB_HIFLD_2410_fwd,80000000.0,0.0,0.0,0,168
SUB_HIFLD_2095,SUB_HIFLD_4428,meso_SUB_HIFLD_2095_SUB_HIFLD_4428_fwd,80000000.0,0.0,0.0,0,168
SUB_HIFLD_2095,SUB_HIFLD_2102,meso_SUB_HIFLD_2095_SUB_HIFLD_2102_fwd,80000000.0,0.0,0.0,0,168
SUB_HIFLD_2095,SUB_HIFLD_2431,meso_SUB_HIFLD_2095_SUB_HIFLD_2431_fwd,80000000.0,0.0,0.0,0,168
SUB_HIFLD_2096,SUB_HIFLD_2103,meso_SUB_HIFLD_2096_SUB_HIFLD_2103_fwd,80000000.0,0.0,0.0,0,168
SUB_HIFLD_2097,SUB_HIFLD_2099,meso_SUB_HIFLD_2097_SUB_HIFLD_2099_fwd,80000000.0,0.0,0.0,0,168
SUB_HIFLD_2097,SUB_HIFLD_2698,meso_SUB_HIFLD_2097_SUB_HIFLD_2698_fwd,80000000.0,0.0,0.0,0,168
SUB_HIFLD_2097,SUB_HIFLD_3905,meso_SUB_HIFLD_2097_SUB_HIFLD_3905_fwd,80000000.0,0.0,0.0,0,168
SUB_HIFLD_2099,SUB_HIFLD_2097,meso_SUB_HIFLD_2099_SUB_HIFLD_2097_rev,80000000.0,0.0,0.0,0,168
SUB_HIFLD_2099,SUB_HIFLD_2102,meso_SUB_HIFLD_2099_SUB_HIFLD_2102_fwd,80000000.0,14626810.503634198,17184349.45930499,0,168
SUB_HIFLD_2099,SUB_HIFLD_2431,meso_SUB_HIFLD_2099_SUB_HIFLD_2431_fwd,400000000.0,0.0,0.0,0,168
SUB_HIFLD_2099,SUB_HIFLD_3440,meso_SUB_HIFLD_2099_SUB_HIFLD_3440_fwd,80000000.0,0.0,0.0,0,168
SUB_HIFLD_2099,SUB_HIFLD_2100,meso_SUB_HIFLD_2099_SUB_HIFLD_2100_fwd,150000000.0,5329966.751570554,6975915.52734375,0,168
SUB_HIFLD_2100,SUB_HIFLD_2698,meso_SUB_HIFLD_2100_SUB_HIFLD_2698_fwd,80000000.0,0.0,0.0,0,168
SUB_HIFLD_2100,SUB_HIFLD_3440,meso_SUB_HIFLD_2100_SUB_HIFLD_3440_fwd,80000000.0,0.0,0.0,0,168
SUB_HIFLD_2100,SUB_HIFLD_2099,meso_SUB_HIFLD_2100_SUB_HIFLD_2099_rev,150000000.0,0.0,0.0,0,168
SUB_HIFLD_2101,SUB_HIFLD_2095,meso_SUB_HIFLD_2101_SUB_HIFLD_2095_rev,80000000.0,0.0,0.0,0,168
SUB_HIFLD_2101,SUB_HIFLD_2103,meso_SUB_HIFLD_2101_SUB_HIFLD_2103_fwd,80000000.0,0.0,0.0,0,168
SUB_HIFLD_2102,SUB_HIFLD_2099,meso_SUB_HIFLD_2102_SUB_HIFLD_2099_rev,80000000.0,0.0,0.0,0,168
SUB_HIFLD_2102,SUB_HIFLD_2103,meso_SUB_HIFLD_2102_SUB_HIFLD_2103_fwd,80000000.0,13962284.176777357,16393935.348635614,0,168
SUB_HIFLD_2102,SUB_HIFLD_2095,meso_SUB_HIFLD_2102_SUB_HIFLD_2095_rev,80000000.0,0.0,0.0,0,168
SUB_HIFLD_2103,SUB_HIFLD_1458,meso_SUB_HIFLD_2103_SUB_HIFLD_1458_rev,80000000.0,2090350.8161527012,2674143.6830500965,0,168
SUB_HIFLD_2103,SUB_HIFLD_2096,meso_SUB_HIFLD_2103_SUB_HIFLD_2096_rev,80000000.0,0.0,0.0,0,168
SUB_HIFLD_2103,SUB_HIFLD_2101,meso_SUB_HIFLD_2103_SUB_HIFLD_2101_rev,80000000.0,0.0,0.0,0,168
SUB_HIFLD_2103,SUB_HIFLD_2102,meso_SUB_HIFLD_2103_SUB_HIFLD_2102_rev,80000000.0,0.0,0.0,0,168
SUB_HIFLD_2103,SUB_HIFLD_4428,meso_SUB_HIFLD_2103_SUB_HIFLD_4428_fwd,80000000.0,0.0,0.0,0,168
SUB_HIFLD_2104,SUB_HIFLD_3440,meso_SUB_HIFLD_2104_SUB_HIFLD_3440_fwd,80000000.0,0.0,0.0,0,168
SUB_HIFLD_2108,SUB_HIFLD_2109,meso_SUB_HIFLD_2108_SUB_HIFLD_2109_fwd,150000000.0,0.0,0.0,0,168
SUB_HIFLD_2108,SUB_HIFLD_3164,meso_SUB_HIFLD_2108_SUB_HIFLD_3164_fwd,60000000.0,0.0,0.0,0,168
SUB_HIFLD_2108,SUB_HIFLD_3862,meso_SUB_HIFLD_2108_SUB_HIFLD_3862_fwd,60000000.0,0.0,0.0,0,168
SUB_HIFLD_2109,SUB_08226,meso_SUB_HIFLD_2109_SUB_08226_rev,150000000.0,41526162.40714457,134998816.80739316,0,168
SUB_HIFLD_2109,SUB_08387,meso_SUB_HIFLD_2109_SUB_08387_rev,150000000.0,6259743.902387137,10565107.522551546,0,168
SUB_HIFLD_2109,SUB_HIFLD_2108,meso_SUB_HIFLD_2109_SUB_HIFLD_2108_rev,150000000.0,164631.69627875515,3578668.0241221003,0,168
SUB_HIFLD_2109,SUB_HIFLD_2117,meso_SUB_HIFLD_2109_SUB_HIFLD_2117_fwd,150000000.0,0.0,0.0,0,168
SUB_HIFLD_2115,SUB_HIFLD_1687,meso_SUB_HIFLD_2115_SUB_HIFLD_1687_rev,400000000.0,0.0,0.0,0,168
SUB_HIFLD_2115,SUB_HIFLD_1692,meso_SUB_HIFLD_2115_SUB_HIFLD_1692_rev,80000000.0,0.0,0.0,0,168
SUB_HIFLD_2115,SUB_HIFLD_1768,meso_SUB_HIFLD_2115_SUB_HIFLD_1768_rev,400000000.0,0.0,0.0,0,168
SUB_HIFLD_2117,SUB_HIFLD_1423,meso_SUB_HIFLD_2117_SUB_HIFLD_1423_rev,150000000.0,2354164.3549306015,4835746.780867429,0,168
SUB_HIFLD_2117,SUB_HIFLD_3166,meso_SUB_HIFLD_2117_SUB_HIFLD_3166_fwd,60000000.0,3222.354236308067,5438.644369852912,0,168
SUB_HIFLD_2117,SUB_HIFLD_3169,meso_SUB_HIFLD_2117_SUB_HIFLD_3169_fwd,60000000.0,2745244.236363729,5403964.828570675,0,168
SUB_HIFLD_2117,SUB_HIFLD_3862,meso_SUB_HIFLD_2117_SUB_HIFLD_3862_fwd,60000000.0,10909134.021706287,15800810.608559249,0,168
SUB_HIFLD_2117,SUB_01222,meso_SUB_HIFLD_2117_SUB_01222_rev,150000000.0,30589239.795757633,137949309.34581742,0,168
SUB_HIFLD_2117,SUB_08246,meso_SUB_HIFLD_2117_SUB_08246_rev,150000000.0,166962.4107634255,4347083.966756605,0,168
SUB_HIFLD_2117,SUB_08380,meso_SUB_HIFLD_2117_SUB_08380_rev,150000000.0,7356451.004179288,129810025.17435208,0,168
SUB_HIFLD_2117,SUB_HIFLD_2109,meso_SUB_HIFLD_2117_SUB_HIFLD_2109_rev,150000000.0,49433544.33588708,150000000.0,2,168
SUB_HIFLD_2117,SUB_HIFLD_3165,meso_SUB_HIFLD_2117_SUB_HIFLD_3165_fwd,300000000.0,9801010.14868543,30208125.511692688,0,168
SUB_HIFLD_2117,SUB_HIFLD_3174,meso_SUB_HIFLD_2117_SUB_HIFLD_3174_fwd,150000000.0,1438794.9689783927,12365599.755736804,0,168
SUB_HIFLD_2117,SUB_HIFLD_3259,meso_SUB_HIFLD_2117_SUB_HIFLD_3259_rev,5000000.0,906225.1596399306,1529514.0217259987,0,168
SUB_HIFLD_2118,SUB_HIFLD_3163,meso_SUB_HIFLD_2118_SUB_HIFLD_3163_fwd,60000000.0,0.0,0.0,0,168
SUB_HIFLD_2118,SUB_HIFLD_3602,meso_SUB_HIFLD_2118_SUB_HIFLD_3602_fwd,60000000.0,0.0,0.0,0,168
SUB_HIFLD_2121,SUB_01222,meso_SUB_HIFLD_2121_SUB_01222_rev,300000000.0,0.0,0.0,0,168
SUB_HIFLD_2121,SUB_08363,meso_SUB_HIFLD_2121_SUB_08363_rev,150000000.0,13869630.115267452,26659558.734697163,0,168
SUB_HIFLD_2121,SUB_08390,meso_SUB_HIFLD_2121_SUB_08390_rev,150000000.0,0.0,0.0,0,168
SUB_HIFLD_2121,SUB_HIFLD_2149,meso_SUB_HIFLD_2121_SUB_HIFLD_2149_fwd,150000000.0,0.0,0.0,0,168
SUB_HIFLD_2121,SUB_HIFLD_3025,meso_SUB_HIFLD_2121_SUB_HIFLD_3025_fwd,150000000.0,0.0,0.0,0,168
SUB_HIFLD_2126,SUB_08226,meso_SUB_HIFLD_2126_SUB_08226_rev,150000000.0,962333.1390648971,32740871.033993717,0,168
SUB_HIFLD_2126,SUB_08380,meso_SUB_HIFLD_2126_SUB_08380_rev,150000000.0,0.0,0.0,0,168
SUB_HIFLD_2126,SUB_HIFLD_3165,meso_SUB_HIFLD_2126_SUB_HIFLD_3165_fwd,150000000.0,0.0,0.0,0,168
SUB_HIFLD_2126,SUB_HIFLD_3174,meso_SUB_HIFLD_2126_SUB_HIFLD_3174_fwd,150000000.0,0.0,0.0,0,168
SUB_HIFLD_2131,SUB_08216,meso_SUB_HIFLD_2131_SUB_08216_rev,60000000.0,10217098.78778247,17244274.776498068,0,168
SUB_HIFLD_2131,SUB_HIFLD_2058,meso_SUB_HIFLD_2131_SUB_HIFLD_2058_rev,60000000.0,0.0,0.0,0,168
SUB_HIFLD_2131,SUB_HIFLD_2070,meso_SUB_HIFLD_2131_SUB_HIFLD_2070_rev,60000000.0,0.0,0.0,0,168
SUB_HIFLD_2131,SUB_08224,meso_SUB_HIFLD_2131_SUB_08224_rev,39713606.51214738,19436475.460331526,32804608.972293813,0,168
SUB_HIFLD_2149,SUB_08203,meso_SUB_HIFLD_2149_SUB_08203_rev,150000000.0,0.0,0.0,0,168
SUB_HIFLD_2149,SUB_08363,meso_SUB_HIFLD_2149_SUB_08363_rev,150000000.0,0.0,0.0,0,168
SUB_HIFLD_2149,SUB_HIFLD_2121,meso_SUB_HIFLD_2149_SUB_HIFLD_2121_rev,150000000.0,0.0,0.0,0,168
SUB_HIFLD_2165,SUB_HIFLD_2166,meso_SUB_HIFLD_2165_SUB_HIFLD_2166_fwd,150000000.0,0.0,0.0,0,168
SUB_HIFLD_2165,SUB_HIFLD_3086,meso_SUB_HIFLD_2165_SUB_HIFLD_3086_fwd,150000000.0,0.0,0.0,0,168
SUB_HIFLD_2166,SUB_HIFLD_1318,meso_SUB_HIFLD_2166_SUB_HIFLD_1318_rev,60000000.0,0.0,0.0,0,168
SUB_HIFLD_2166,SUB_HIFLD_2165,meso_SUB_HIFLD_2166_SUB_HIFLD_2165_rev,150000000.0,0.0,0.0,0,168
SUB_HIFLD_2166,SUB_HIFLD_3085,meso_SUB_HIFLD_2166_SUB_HIFLD_3085_fwd,150000000.0,0.0,0.0,0,168
SUB_HIFLD_2166,SUB_HIFLD_4413,meso_SUB_HIFLD_2166_SUB_HIFLD_4413_fwd,150000000.0,0.0,0.0,0,168
SUB_HIFLD_2166,SUB_HIFLD_1317,meso_SUB_HIFLD_2166_SUB_HIFLD_1317_rev,150000000.0,0.0,0.0,0,168
SUB_HIFLD_2167,SUB_HIFLD_1310,meso_SUB_HIFLD_2167_SUB_HIFLD_1310_rev,150000000.0,0.0,0.0,0,168
SUB_HIFLD_2167,SUB_HIFLD_4080,meso_SUB_HIFLD_2167_SUB_HIFLD_4080_fwd,150000000.0,456402.52875066176,1730840.561070393,0,168
SUB_HIFLD_2167,SUB_HIFLD_4323,meso_SUB_HIFLD_2167_SUB_HIFLD_4323_fwd,150000000.0,15631.597413741281,1196266.6750041067,0,168
SUB_HIFLD_2168,SUB_HIFLD_4413,meso_SUB_HIFLD_2168_SUB_HIFLD_4413_fwd,150000000.0,2534281.960752899,4764440.260666141,0,168
SUB_HIFLD_2168,SUB_10345,meso_SUB_HIFLD_2168_SUB_10345_rev,400000000.0,0.0,0.0,0,168
SUB_HIFLD_2168,SUB_HIFLD_1311,meso_SUB_HIFLD_2168_SUB_HIFLD_1311_rev,150000000.0,7597701.842433645,14369670.428307775,0,168
SUB_HIFLD_2168,SUB_HIFLD_1318,meso_SUB_HIFLD_2168_SUB_HIFLD_1318_rev,400000000.0,4414328.729351414,9056834.367143411,0,168
SUB_HIFLD_2170,SUB_HIFLD_2188,meso_SUB_HIFLD_2170_SUB_HIFLD_2188_fwd,5000000.0,0.0,0.0,0,168
SUB_HIFLD_2171,SUB_10293,meso_SUB_HIFLD_2171_SUB_10293_rev,150000000.0,0.0,0.0,0,168
SUB_HIFLD_2171,SUB_10344,meso_SUB_HIFLD_2171_SUB_10344_rev,60000000.0,0.0,0.0,0,168
SUB_HIFLD_2171,SUB_HIFLD_1318,meso_SUB_HIFLD_2171_SUB_HIFLD_1318_rev,60000000.0,25777.468355953195,4330614.683800137,0,168
SUB_HIFLD_2173,SUB_10352,meso_SUB_HIFLD_2173_SUB_10352_rev,150000000.0,0.0,0.0,0,168
SUB_HIFLD_2173,SUB_HIFLD_2188,meso_SUB_HIFLD_2173_SUB_HIFLD_2188_fwd,150000000.0,1414381.6213513815,2041130.897050862,0,168
SUB_HIFLD_2173,SUB_HIFLD_3086,meso_SUB_HIFLD_2173_SUB_HIFLD_3086_fwd,60000000.0,0.0,0.0,0,168
SUB_HIFLD_2173,SUB_10344,meso_SUB_HIFLD_2173_SUB_10344_rev,150000000.0,0.0,0.0,0,168
SUB_HIFLD_2177,SUB_HIFLD_1310,meso_SUB_HIFLD_2177_SUB_HIFLD_1310_fwd,5000000.0,0.0,0.0,0,168
SUB_HIFLD_2180,SUB_HIFLD_3086,meso_SUB_HIFLD_2180_SUB_HIFLD_3086_fwd,60000000.0,0.0,0.0,0,168
SUB_HIFLD_2180,SUB_HIFLD_4403,meso_SUB_HIFLD_2180_SUB_HIFLD_4403_fwd,60000000.0,0.0,0.0,0,168
SUB_HIFLD_2180,SUB_10293,meso_SUB_HIFLD_2180_SUB_10293_rev,150000000.0,0.0,0.0,0,168
SUB_HIFLD_2180,SUB_HIFLD_2187,meso_SUB_HIFLD_2180_SUB_HIFLD_2187_fwd,150000000.0,31419963.175195117,45048007.2501812,0,168
SUB_HIFLD_2184,SUB_10356,meso_SUB_HIFLD_2184_SUB_10356_fwd,5000000.0,0.0,0.0,0,168
SUB_HIFLD_2187,SUB_HIFLD_2190,meso_SUB_HIFLD_2187_SUB_HIFLD_2190_fwd,230000000.0,0.0,0.0,0,168
SUB_HIFLD_2187,SUB_HIFLD_2225,meso_SUB_HIFLD_2187_SUB_HIFLD_2225_fwd,150000000.0,27416648.79073173,39863506.00547049,0,168
SUB_HIFLD_2187,SUB_HIFLD_3287,meso_SUB_HIFLD_2187_SUB_HIFLD_3287_fwd,80000000.0,2532534.680354702,3275147.3544140356,0,168
SUB_HIFLD_2187,SUB_HIFLD_2180,meso_SUB_HIFLD_2187_SUB_HIFLD_2180_rev,150000000.0,0.0,0.0,0,168
SUB_HIFLD_2188,SUB_HIFLD_2173,meso_SUB_HIFLD_2188_SUB_HIFLD_2173_rev,150000000.0,0.0,0.0,0,168
SUB_HIFLD_2188,SUB_HIFLD_2190,meso_SUB_HIFLD_2188_SUB_HIFLD_2190_fwd,150000000.0,0.0,0.0,0,168
SUB_HIFLD_2188,SUB_10327,meso_SUB_HIFLD_2188_SUB_10327_rev,5000000.0,1371950.1727108401,1979896.9701393363,0,168
SUB_HIFLD_2188,SUB_HIFLD_2170,meso_SUB_HIFLD_2188_SUB_HIFLD_2170_rev,5000000.0,0.0,0.0,0,168
SUB_HIFLD_2188,SUB_HIFLD_2191,meso_SUB_HIFLD_2188_SUB_HIFLD_2191_rev,5000000.0,0.0,0.0,0,168
SUB_HIFLD_2190,SUB_HIFLD_2187,meso_SUB_HIFLD_2190_SUB_HIFLD_2187_rev,230000000.0,0.0,0.0,0,168
SUB_HIFLD_2190,SUB_HIFLD_2188,meso_SUB_HIFLD_2190_SUB_HIFLD_2188_rev,150000000.0,0.0,0.0,0,168
SUB_HIFLD_2191,SUB_HIFLD_2188,meso_SUB_HIFLD_2191_SUB_HIFLD_2188_fwd,5000000.0,0.0,0.0,0,168
SUB_HIFLD_2193,SUB_HIFLD_1327,meso_SUB_HIFLD_2193_SUB_HIFLD_1327_rev,60000000.0,4000000.0,4000000.0,0,168
SUB_HIFLD_2194,SUB_HIFLD_2195,meso_SUB_HIFLD_2194_SUB_HIFLD_2195_fwd,60000000.0,0.0,0.0,0,168
SUB_HIFLD_2194,SUB_HIFLD_3082,meso_SUB_HIFLD_2194_SUB_HIFLD_3082_fwd,60000000.0,0.0,0.0,0,168
SUB_HIFLD_2195,SUB_HIFLD_2194,meso_SUB_HIFLD_2195_SUB_HIFLD_2194_rev,60000000.0,0.0,0.0,0,168
SUB_HIFLD_2195,SUB_HIFLD_3082,meso_SUB_HIFLD_2195_SUB_HIFLD_3082_fwd,120000000.0,0.0,0.0,0,168
SUB_HIFLD_2199,SUB_HIFLD_2224,meso_SUB_HIFLD_2199_SUB_HIFLD_2224_fwd,80000000.0,0.0,0.0,0,168
SUB_HIFLD_2200,SUB_HIFLD_3288,meso_SUB_HIFLD_2200_SUB_HIFLD_3288_fwd,80000000.0,0.0,0.0,0,168
SUB_HIFLD_2201,SUB_HIFLD_1287,meso_SUB_HIFLD_2201_SUB_HIFLD_1287_rev,80000000.0,0.0,0.0,0,168
SUB_HIFLD_2201,SUB_HIFLD_2209,meso_SUB_HIFLD_2201_SUB_HIFLD_2209_fwd,80000000.0,148668.23205540565,192262.07536520416,0,168
SUB_HIFLD_2201,SUB_HIFLD_3277,meso_SUB_HIFLD_2201_SUB_HIFLD_3277_fwd,150000000.0,0.0,0.0,0,168
SUB_HIFLD_2205,SUB_HIFLD_2226,meso_SUB_HIFLD_2205_SUB_HIFLD_2226_fwd,80000000.0,9323994.450999856,12058060.582149694,0,168
SUB_HIFLD_2205,SUB_HIFLD_2225,meso_SUB_HIFLD_2205_SUB_HIFLD_2225_fwd,28020309.827476356,0.0,0.0,0,168
SUB_HIFLD_2207,SUB_HIFLD_3271,meso_SUB_HIFLD_2207_SUB_HIFLD_3271_fwd,80000000.0,487501.42153104924,779717.9429282012,0,168
SUB_HIFLD_2207,SUB_HIFLD_3291,meso_SUB_HIFLD_2207_SUB_HIFLD_3291_fwd,5000000.0,0.0,0.0,0,168
SUB_HIFLD_2209,SUB_HIFLD_2201,meso_SUB_HIFLD_2209_SUB_HIFLD_2201_rev,80000000.0,0.0,0.0,0,168
SUB_HIFLD_2211,SUB_HIFLD_1287,meso_SUB_HIFLD_2211_SUB_HIFLD_1287_rev,80000000.0,0.0,0.0,0,168
SUB_HIFLD_2212,SUB_HIFLD_3288,meso_SUB_HIFLD_2212_SUB_HIFLD_3288_fwd,80000000.0,0.0,0.0,0,168
SUB_HIFLD_2215,SUB_HIFLD_2225,meso_SUB_HIFLD_2215_SUB_HIFLD_2225_fwd,80000000.0,0.0,0.0,0,168
SUB_HIFLD_2215,SUB_HIFLD_3288,meso_SUB_HIFLD_2215_SUB_HIFLD_3288_fwd,80000000.0,2729001.553039233,3552541.017202936,0,168
SUB_HIFLD_2216,SUB_HIFLD_3287,meso_SUB_HIFLD_2216_SUB_HIFLD_3287_fwd,80000000.0,0.0,0.0,0,168
SUB_HIFLD_2219,SUB_HIFLD_3291,meso_SUB_HIFLD_2219_SUB_HIFLD_3291_fwd,5000000.0,0.0,0.0,0,168
SUB_HIFLD_2222,SUB_HIFLD_3283,meso_SUB_HIFLD_2222_SUB_HIFLD_3283_fwd,80000000.0,0.0,0.0,0,168
SUB_HIFLD_2222,SUB_HIFLD_2225,meso_SUB_HIFLD_2222_SUB_HIFLD_2225_fwd,5000000.0,4011487.547976312,5000000.0,133,168
SUB_HIFLD_2224,SUB_HIFLD_2199,meso_SUB_HIFLD_2224_SUB_HIFLD_2199_rev,80000000.0,534713.9954215824,691507.6953848613,0,168
SUB_HIFLD_2224,SUB_HIFLD_3276,meso_SUB_HIFLD_2224_SUB_HIFLD_3276_fwd,150000000.0,0.0,0.0,0,168
SUB_HIFLD_2225,SUB_HIFLD_2187,meso_SUB_HIFLD_2225_SUB_HIFLD_2187_rev,150000000.0,0.0,0.0,0,168
SUB_HIFLD_2225,SUB_HIFLD_2215,meso_SUB_HIFLD_2225_SUB_HIFLD_2215_rev,80000000.0,5375537.773579573,6975839.612562224,0,168
SUB_HIFLD_2225,SUB_HIFLD_3291,meso_SUB_HIFLD_2225_SUB_HIFLD_3291_fwd,150000000.0,6863240.904689957,9354091.043473182,0,168
SUB_HIFLD_2225,SUB_HIFLD_2205,meso_SUB_HIFLD_2225_SUB_HIFLD_2205_rev,28020309.827476356,16987153.253592007,21968280.1600468,0,168
SUB_HIFLD_2225,SUB_HIFLD_2222,meso_SUB_HIFLD_2225_SUB_HIFLD_2222_rev,5000000.0,0.0,0.0,0,168
SUB_HIFLD_2226,SUB_HIFLD_2205,meso_SUB_HIFLD_2226_SUB_HIFLD_2205_rev,80000000.0,0.0,0.0,0,168
SUB_HIFLD_2226,SUB_HIFLD_3276,meso_SUB_HIFLD_2226_SUB_HIFLD_3276_fwd,150000000.0,4700166.698852964,6078392.162904581,0,168
SUB_HIFLD_2226,SUB_HIFLD_3277,meso_SUB_HIFLD_2226_SUB_HIFLD_3277_fwd,150000000.0,1520381.3146320633,1966201.2447249577,0,168
SUB_HIFLD_2227,SUB_HIFLD_3291,meso_SUB_HIFLD_2227_SUB_HIFLD_3291_fwd,5000000.0,0.0,0.0,0,168
SUB_HIFLD_2251,SUB_04275,meso_SUB_HIFLD_2251_SUB_04275_rev,60000000.0,0.0,0.0,0,168
SUB_HIFLD_2251,SUB_04289,meso_SUB_HIFLD_2251_SUB_04289_rev,60000000.0,0.0,0.0,0,168
SUB_HIFLD_2251,SUB_HIFLD_1360,meso_SUB_HIFLD_2251_SUB_HIFLD_1360_rev,60000000.0,13848468.413950324,24286961.863101482,0,168
SUB_HIFLD_2277,SUB_HIFLD_2279,meso_SUB_HIFLD_2277_SUB_HIFLD_2279_fwd,60000000.0,0.0,0.0,0,168
SUB_HIFLD_2277,SUB_HIFLD_2285,meso_SUB_HIFLD_2277_SUB_HIFLD_2285_fwd,60000000.0,0.0,0.0,0,168
SUB_HIFLD_2277,SUB_HIFLD_2291,meso_SUB_HIFLD_2277_SUB_HIFLD_2291_fwd,60000000.0,0.0,0.0,0,168
SUB_HIFLD_2277,SUB_HIFLD_2297,meso_SUB_HIFLD_2277_SUB_HIFLD_2297_fwd,60000000.0,11303.994307614055,1432252.4994746018,0,168
SUB_HIFLD_2278,SUB_HIFLD_3450,meso_SUB_HIFLD_2278_SUB_HIFLD_3450_fwd,60000000.0,0.0,0.0,0,168
SUB_HIFLD_2278,SUB_HIFLD_3952,meso_SUB_HIFLD_2278_SUB_HIFLD_3952_fwd,60000000.0,0.0,0.0,0,168
SUB_HIFLD_2278,SUB_HIFLD_4181,meso_SUB_HIFLD_2278_SUB_HIFLD_4181_fwd,150000000.0,624495.5672624124,12709904.61777707,0,168
SUB_HIFLD_2278,SUB_HIFLD_2287,meso_SUB_HIFLD_2278_SUB_HIFLD_2287_fwd,450000000.0,6363152.23317307,33294185.620208424,0,168
SUB_HIFLD_2279,SUB_HIFLD_1410,meso_SUB_HIFLD_2279_SUB_HIFLD_1410_rev,60000000.0,0.0,0.0,0,168
SUB_HIFLD_2279,SUB_HIFLD_1412,meso_SUB_HIFLD_2279_SUB_HIFLD_1412_rev,60000000.0,22660237.61426356,46078323.84141879,0,168
SUB_HIFLD_2279,SUB_HIFLD_2277,meso_SUB_HIFLD_2279_SUB_HIFLD_2277_rev,60000000.0,7060102.469130597,20464934.104141824,0,168
SUB_HIFLD_2280,SUB_HIFLD_2296,meso_SUB_HIFLD_2280_SUB_HIFLD_2296_fwd,60000000.0,212103.59770934487,5210119.565983408,0,168
SUB_HIFLD_2280,SUB_HIFLD_4376,meso_SUB_HIFLD_2280_SUB_HIFLD_4376_fwd,60000000.0,0.0,0.0,0,168
SUB_HIFLD_2281,SUB_HIFLD_3619,meso_SUB_HIFLD_2281_SUB_HIFLD_3619_fwd,60000000.0,0.0,0.0,0,168
SUB_HIFLD_2282,SUB_HIFLD_2292,meso_SUB_HIFLD_2282_SUB_HIFLD_2292_fwd,150000000.0,8813241.9470074,14828320.878805574,0,168
SUB_HIFLD_2282,SUB_HIFLD_2293,meso_SUB_HIFLD_2282_SUB_HIFLD_2293_fwd,60000000.0,12925333.488729546,22121783.61175316,0,168
SUB_HIFLD_2282,SUB_HIFLD_4181,meso_SUB_HIFLD_2282_SUB_HIFLD_4181_fwd,150000000.0,0.0,0.0,0,168
SUB_HIFLD_2283,SUB_HIFLD_4181,meso_SUB_HIFLD_2283_SUB_HIFLD_4181_fwd,60000000.0,0.0,0.0,0,168
SUB_HIFLD_2285,SUB_HIFLD_2277,meso_SUB_HIFLD_2285_SUB_HIFLD_2277_rev,60000000.0,0.0,0.0,0,168
SUB_HIFLD_2285,SUB_HIFLD_2295,meso_SUB_HIFLD_2285_SUB_HIFLD_2295_fwd,150000000.0,620748.2021215564,17987296.47824878,0,168
SUB_HIFLD_2285,SUB_HIFLD_2313,meso_SUB_HIFLD_2285_SUB_HIFLD_2313_fwd,150000000.0,0.0,0.0,0,168
SUB_HIFLD_2285,SUB_HIFLD_4355,meso_SUB_HIFLD_2285_SUB_HIFLD_4355_fwd,150000000.0,0.0,0.0,0,168
SUB_HIFLD_2286,SUB_HIFLD_3452,meso_SUB_HIFLD_2286_SUB_HIFLD_3452_fwd,60000000.0,0.0,0.0,0,168
SUB_HIFLD_2286,SUB_HIFLD_4376,meso_SUB_HIFLD_2286_SUB_HIFLD_4376_fwd,60000000.0,0.0,0.0,0,168
SUB_HIFLD_2287,SUB_HIFLD_2290,meso_SUB_HIFLD_2287_SUB_HIFLD_2290_fwd,150000000.0,0.0,0.0,0,168
SUB_HIFLD_2287,SUB_HIFLD_2649,meso_SUB_HIFLD_2287_SUB_HIFLD_2649_fwd,400000000.0,3034704.3335416876,21758808.228186276,0,168
SUB_HIFLD_2287,SUB_HIFLD_4094,meso_SUB_HIFLD_2287_SUB_HIFLD_4094_fwd,150000000.0,45652.251223361316,4536460.838587932,0,168
SUB_HIFLD_2287,SUB_HIFLD_4355,meso_SUB_HIFLD_2287_SUB_HIFLD_4355_fwd,60000000.0,12131249.972564695,34304487.35020134,0,168
SUB_HIFLD_2287,SUB_16267,meso_SUB_HIFLD_2287_SUB_16267_rev,400000000.0,8978247.94464257,58559315.17379811,0,168
SUB_HIFLD_2287,SUB_HIFLD_1416,meso_SUB_HIFLD_2287_SUB_HIFLD_1416_rev,400000000.0,0.0,0.0,0,168
SUB_HIFLD_2287,SUB_HIFLD_2278,meso_SUB_HIFLD_2287_SUB_HIFLD_2278_rev,450000000.0,0.0,0.0,0,168
SUB_HIFLD_2287,SUB_HIFLD_4227,meso_SUB_HIFLD_2287_SUB_HIFLD_4227_fwd,400000000.0,464963.9108366915,1062010.4445624598,0,168
SUB_HIFLD_2287,WEC_BANC,iface_SUB_HIFLD_2287_WEC_BANC_to_ba,20000000.0,11279115.788062908,20000000.0,68,168
SUB_HIFLD_2288,SUB_HIFLD_1409,meso_SUB_HIFLD_2288_SUB_HIFLD_1409_rev,60000000.0,0.0,0.0,0,168
SUB_HIFLD_2288,SUB_HIFLD_2294,meso_SUB_HIFLD_2288_SUB_HIFLD_2294_fwd,60000000.0,0.0,0.0,0,168
SUB_HIFLD_2289,SUB_HIFLD_1410,meso_SUB_HIFLD_2289_SUB_HIFLD_1410_rev,60000000.0,0.0,0.0,0,168
SUB_HIFLD_2289,SUB_HIFLD_2298,meso_SUB_HIFLD_2289_SUB_HIFLD_2298_fwd,60000000.0,21108483.16721515,42415361.267089844,0,168
SUB_HIFLD_2290,SUB_HIFLD_2287,meso_SUB_HIFLD_2290_SUB_HIFLD_2287_rev,150000000.0,31108803.519662675,48479606.441903226,0,168
SUB_HIFLD_2290,SUB_HIFLD_3621,meso_SUB_HIFLD_2290_SUB_HIFLD_3621_fwd,60000000.0,0.0,0.0,0,168
SUB_HIFLD_2291,SUB_HIFLD_2277,meso_SUB_HIFLD_2291_SUB_HIFLD_2277_rev,60000000.0,4822296.069727479,12182029.620835584,0,168
SUB_HIFLD_2291,SUB_HIFLD_2297,meso_SUB_HIFLD_2291_SUB_HIFLD_2297_fwd,60000000.0,14865305.858939776,21391919.986986972,0,168
SUB_HIFLD_2291,SUB_HIFLD_4094,meso_SUB_HIFLD_2291_SUB_HIFLD_4094_fwd,60000000.0,0.0,0.0,0,168
SUB_HIFLD_2292,SUB_HIFLD_2282,meso_SUB_HIFLD_2292_SUB_HIFLD_2282_rev,150000000.0,0.0,0.0,0,168
SUB_HIFLD_2293,SUB_HIFLD_1411,meso_SUB_HIFLD_2293_SUB_HIFLD_1411_rev,60000000.0,6911911.019108379,17276304.267218925,0,168
SUB_HIFLD_2293,SUB_HIFLD_2282,meso_SUB_HIFLD_2293_SUB_HIFLD_2282_rev,60000000.0,0.0,0.0,0,168
SUB_HIFLD_2294,SUB_HIFLD_2288,meso_SUB_HIFLD_2294_SUB_HIFLD_2288_rev,60000000.0,257431.9841417618,2357360.5566909635,0,168
SUB_HIFLD_2294,SUB_HIFLD_2295,meso_SUB_HIFLD_2294_SUB_HIFLD_2295_fwd,60000000.0,0.0,0.0,0,168
SUB_HIFLD_2295,SUB_01223,meso_SUB_HIFLD_2295_SUB_01223_rev,150000000.0,0.0,0.0,0,168
SUB_HIFLD_2295,SUB_16371,meso_SUB_HIFLD_2295_SUB_16371_rev,300000000.0,0.0,0.0,0,168
SUB_HIFLD_2295,SUB_HIFLD_2294,meso_SUB_HIFLD_2295_SUB_HIFLD_2294_rev,60000000.0,11267399.681077829,20941194.34857396,0,168
SUB_HIFLD_2295,SUB_HIFLD_2773,meso_SUB_HIFLD_2295_SUB_HIFLD_2773_fwd,60000000.0,1816965.940617766,20322214.695047762,0,168
SUB_HIFLD_2295,SUB_HIFLD_3620,meso_SUB_HIFLD_2295_SUB_HIFLD_3620_fwd,60000000.0,13089743.210663415,31115328.772668906,0,168
SUB_HIFLD_2295,SUB_HIFLD_2285,meso_SUB_HIFLD_2295_SUB_HIFLD_2285_rev,150000000.0,0.0,0.0,0,168
SUB_HIFLD_2296,SUB_HIFLD_2280,meso_SUB_HIFLD_2296_SUB_HIFLD_2280_rev,60000000.0,0.0,0.0,0,168
SUB_HIFLD_2296,SUB_HIFLD_3620,meso_SUB_HIFLD_2296_SUB_HIFLD_3620_fwd,60000000.0,0.0,0.0,0,168
SUB_HIFLD_2297,SUB_HIFLD_2277,meso_SUB_HIFLD_2297_SUB_HIFLD_2277_rev,60000000.0,0.0,0.0,0,168
SUB_HIFLD_2297,SUB_HIFLD_2291,meso_SUB_HIFLD_2297_SUB_HIFLD_2291_rev,60000000.0,0.0,0.0,0,168
SUB_HIFLD_2297,SUB_HIFLD_2298,meso_SUB_HIFLD_2297_SUB_HIFLD_2298_fwd,60000000.0,853980.3069277314,5108723.622744845,0,168
SUB_HIFLD_2297,SUB_HIFLD_4147,meso_SUB_HIFLD_2297_SUB_HIFLD_4147_rev,5000000.0,2066178.7869243217,3476355.483851482,0,168
SUB_HIFLD_2298,SUB_HIFLD_2289,meso_SUB_HIFLD_2298_SUB_HIFLD_2289_rev,60000000.0,0.0,0.0,0,168
SUB_HIFLD_2298,SUB_HIFLD_2297,meso_SUB_HIFLD_2298_SUB_HIFLD_2297_rev,60000000.0,306909.2216610323,9040115.519380985,0,168
SUB_HIFLD_2298,SUB_HIFLD_2773,meso_SUB_HIFLD_2298_SUB_HIFLD_2773_fwd,60000000.0,14603973.832718302,29294384.9405554,0,168
SUB_HIFLD_2301,SUB_HIFLD_2313,meso_SUB_HIFLD_2301_SUB_HIFLD_2313_fwd,80000000.0,0.0,0.0,0,168
SUB_HIFLD_2301,SUB_HIFLD_3076,meso_SUB_HIFLD_2301_SUB_HIFLD_3076_fwd,80000000.0,5904512.395294105,34242230.224609375,0,168
SUB_HIFLD_2302,SUB_HIFLD_2304,meso_SUB_HIFLD_2302_SUB_HIFLD_2304_fwd,80000000.0,0.0,0.0,0,168
SUB_HIFLD_2302,SUB_HIFLD_2305,meso_SUB_HIFLD_2302_SUB_HIFLD_2305_fwd,80000000.0,12018939.557986585,20772877.343488313,0,168
SUB_HIFLD_2303,SUB_HIFLD_1036,meso_SUB_HIFLD_2303_SUB_HIFLD_1036_rev,150000000.0,0.0,0.0,0,168
SUB_HIFLD_2303,SUB_HIFLD_1848,meso_SUB_HIFLD_2303_SUB_HIFLD_1848_rev,150000000.0,0.0,0.0,0,168
SUB_HIFLD_2303,SUB_HIFLD_4103,meso_SUB_HIFLD_2303_SUB_HIFLD_4103_fwd,80000000.0,0.0,0.0,0,168
SUB_HIFLD_2303,SUB_HIFLD_2313,meso_SUB_HIFLD_2303_SUB_HIFLD_2313_fwd,150000000.0,0.0,0.0,0,168
SUB_HIFLD_2304,SUB_HIFLD_1039,meso_SUB_HIFLD_2304_SUB_HIFLD_1039_rev,80000000.0,0.0,0.0,0,168
SUB_HIFLD_2304,SUB_HIFLD_2302,meso_SUB_HIFLD_2304_SUB_HIFLD_2302_rev,80000000.0,27568977.57230403,36507470.97971572,0,168
SUB_HIFLD_2304,SUB_HIFLD_2310,meso_SUB_HIFLD_2304_SUB_HIFLD_2310_fwd,80000000.0,0.0,0.0,0,168
SUB_HIFLD_2305,SUB_HIFLD_2302,meso_SUB_HIFLD_2305_SUB_HIFLD_2302_rev,80000000.0,0.0,0.0,0,168
SUB_HIFLD_2305,SUB_HIFLD_4103,meso_SUB_HIFLD_2305_SUB_HIFLD_4103_fwd,80000000.0,0.0,0.0,0,168
SUB_HIFLD_2306,SUB_HIFLD_2314,meso_SUB_HIFLD_2306_SUB_HIFLD_2314_fwd,80000000.0,0.0,0.0,0,168
SUB_HIFLD_2306,SUB_HIFLD_3076,meso_SUB_HIFLD_2306_SUB_HIFLD_3076_fwd,80000000.0,15502298.619142553,27852103.951051064,0,168
SUB_HIFLD_2308,SUB_HIFLD_1034,meso_SUB_HIFLD_2308_SUB_HIFLD_1034_rev,150000000.0,70117201.28991656,125106801.80532643,0,168
SUB_HIFLD_2308,SUB_HIFLD_1416,meso_SUB_HIFLD_2308_SUB_HIFLD_1416_rev,150000000.0,0.0,0.0,0,168
SUB_HIFLD_2308,SUB_HIFLD_4103,meso_SUB_HIFLD_2308_SUB_HIFLD_4103_fwd,80000000.0,6444906.709524802,32209685.587469958,0,168
SUB_HIFLD_2309,SUB_HIFLD_2312,meso_SUB_HIFLD_2309_SUB_HIFLD_2312_fwd,80000000.0,15907561.74086588,26764547.320493717,0,168
SUB_HIFLD_2309,SUB_HIFLD_2313,meso_SUB_HIFLD_2309_SUB_HIFLD_2313_fwd,80000000.0,17687138.69396227,80000000.0,5,168
SUB_HIFLD_2309,SUB_HIFLD_2649,meso_SUB_HIFLD_2309_SUB_HIFLD_2649_fwd,150000000.0,0.0,0.0,0,168
SUB_HIFLD_2309,SUB_HIFLD_1036,meso_SUB_HIFLD_2309_SUB_HIFLD_1036_rev,150000000.0,1005687.6814593623,1946972.5933271586,0,168
SUB_HIFLD_2310,SUB_HIFLD_1416,meso_SUB_HIFLD_2310_SUB_HIFLD_1416_rev,80000000.0,0.0,0.0,0,168
SUB_HIFLD_2310,SUB_HIFLD_1417,meso_SUB_HIFLD_2310_SUB_HIFLD_1417_rev,80000000.0,0.0,0.0,0,168
SUB_HIFLD_2310,SUB_HIFLD_2304,meso_SUB_HIFLD_2310_SUB_HIFLD_2304_rev,80000000.0,40748997.0780645,50644751.890935995,0,168
SUB_HIFLD_2310,SUB_HIFLD_2489,meso_SUB_HIFLD_2310_SUB_HIFLD_2489_fwd,80000000.0,24819705.21777266,41759268.222532734,0,168
SUB_HIFLD_2311,SUB_25281,meso_SUB_HIFLD_2311_SUB_25281_rev,80000000.0,0.0,0.0,0,168
SUB_HIFLD_2311,SUB_HIFLD_2313,meso_SUB_HIFLD_2311_SUB_HIFLD_2313_fwd,160000000.0,15787991.95786899,33780641.94357829,0,168
SUB_HIFLD_2311,SUB_HIFLD_4103,meso_SUB_HIFLD_2311_SUB_HIFLD_4103_fwd,80000000.0,3362365.2036416046,36816050.59290961,0,168
SUB_HIFLD_2312,SUB_HIFLD_2309,meso_SUB_HIFLD_2312_SUB_HIFLD_2309_rev,80000000.0,0.0,0.0,0,168
SUB_HIFLD_2313,SUB_HIFLD_1036,meso_SUB_HIFLD_2313_SUB_HIFLD_1036_rev,150000000.0,151499.29971746446,924019.441899565,0,168
SUB_HIFLD_2313,SUB_HIFLD_2301,meso_SUB_HIFLD_2313_SUB_HIFLD_2301_rev,80000000.0,24874758.17410999,65506151.3671875,0,168
SUB_HIFLD_2313,SUB_HIFLD_2309,meso_SUB_HIFLD_2313_SUB_HIFLD_2309_rev,80000000.0,0.0,0.0,0,168
SUB_HIFLD_2313,SUB_HIFLD_2311,meso_SUB_HIFLD_2313_SUB_HIFLD_2311_rev,160000000.0,0.0,0.0,0,168
SUB_HIFLD_2313,SUB_HIFLD_2285,meso_SUB_HIFLD_2313_SUB_HIFLD_2285_rev,150000000.0,14423.731780864373,2423186.9391852147,0,168
SUB_HIFLD_2313,SUB_HIFLD_2303,meso_SUB_HIFLD_2313_SUB_HIFLD_2303_rev,150000000.0,0.0,0.0,0,168
SUB_HIFLD_2314,SUB_HIFLD_1039,meso_SUB_HIFLD_2314_SUB_HIFLD_1039_rev,80000000.0,0.0,0.0,0,168
SUB_HIFLD_2314,SUB_HIFLD_2306,meso_SUB_HIFLD_2314_SUB_HIFLD_2306_rev,80000000.0,23127435.838149063,38010659.79847202,0,168
SUB_HIFLD_2316,SUB_HIFLD_1414,meso_SUB_HIFLD_2316_SUB_HIFLD_1414_fwd,6571931.252663586,0.0,0.0,0,168
SUB_HIFLD_2318,SUB_16325,meso_SUB_HIFLD_2318_SUB_16325_rev,60000000.0,5308261.951705937,22791184.508387182,0,168
SUB_HIFLD_2318,SUB_HIFLD_1035,meso_SUB_HIFLD_2318_SUB_HIFLD_1035_rev,150000000.0,156014.23778238433,4598430.343297911,0,168
SUB_HIFLD_2318,SUB_HIFLD_1414,meso_SUB_HIFLD_2318_SUB_HIFLD_1414_rev,60000000.0,7875062.374120471,31467253.560663834,0,168
SUB_HIFLD_2318,SUB_HIFLD_30,meso_SUB_HIFLD_2318_SUB_HIFLD_30_fwd,150000000.0,831507.4176212936,13747713.203430176,0,168
SUB_HIFLD_2318,SUB_16261,meso_SUB_HIFLD_2318_SUB_16261_rev,150000000.0,0.0,0.0,0,168
SUB_HIFLD_2349,SUB_HIFLD_2352,meso_SUB_HIFLD_2349_SUB_HIFLD_2352_fwd,180000000.0,0.0,0.0,0,168
SUB_HIFLD_2349,SUB_HIFLD_2358,meso_SUB_HIFLD_2349_SUB_HIFLD_2358_fwd,120000000.0,0.0,0.0,0,168
SUB_HIFLD_2349,SUB_HIFLD_142,meso_SUB_HIFLD_2349_SUB_HIFLD_142_rev,42597309.87205025,21263490.817638636,32599930.54891151,0,168
SUB_HIFLD_2351,SUB_HIFLD_2356,meso_SUB_HIFLD_2351_SUB_HIFLD_2356_fwd,150000000.0,0.0,0.0,0,168
SUB_HIFLD_2351,SUB_HIFLD_2359,meso_SUB_HIFLD_2351_SUB_HIFLD_2359_fwd,150000000.0,0.0,0.0,0,168
SUB_HIFLD_2352,SUB_19243,meso_SUB_HIFLD_2352_SUB_19243_rev,60000000.0,274328.6149792186,1920000.0,0,168
SUB_HIFLD_2352,SUB_HIFLD_2349,meso_SUB_HIFLD_2352_SUB_HIFLD_2349_rev,180000000.0,1645671.3850207815,1920000.0,0,168
SUB_HIFLD_2353,SUB_HIFLD_2358,meso_SUB_HIFLD_2353_SUB_HIFLD_2358_fwd,60000000.0,0.0,0.0,0,168
SUB_HIFLD_2355,SUB_10338,meso_SUB_HIFLD_2355_SUB_10338_rev,60000000.0,0.0,0.0,0,168
SUB_HIFLD_2355,SUB_HIFLD_2358,meso_SUB_HIFLD_2355_SUB_HIFLD_2358_fwd,60000000.0,22551304.762434095,37581443.298969075,0,168
SUB_HIFLD_2355,SUB_HIFLD_4306,meso_SUB_HIFLD_2355_SUB_HIFLD_4306_fwd,120000000.0,0.0,0.0,0,168
SUB_HIFLD_2355,SUB_HIFLD_3963,meso_SUB_HIFLD_2355_SUB_HIFLD_3963_fwd,150000000.0,25631305.34652962,45304892.042673595,0,168
SUB_HIFLD_2356,SUB_19241,meso_SUB_HIFLD_2356_SUB_19241_rev,150000000.0,160000.0,160000.0,0,168
SUB_HIFLD_2356,SUB_19246,meso_SUB_HIFLD_2356_SUB_19246_rev,150000000.0,0.0,0.0,0,168
SUB_HIFLD_2356,SUB_HIFLD_2351,meso_SUB_HIFLD_2356_SUB_HIFLD_2351_rev,150000000.0,0.0,0.0,0,168
SUB_HIFLD_2358,SUB_10293,meso_SUB_HIFLD_2358_SUB_10293_rev,60000000.0,66538.08412851999,7696912.233519876,0,168
SUB_HIFLD_2358,SUB_HIFLD_2349,meso_SUB_HIFLD_2358_SUB_HIFLD_2349_rev,120000000.0,20275453.16924585,31688175.823620103,0,168
SUB_HIFLD_2358,SUB_HIFLD_2353,meso_SUB_HIFLD_2358_SUB_HIFLD_2353_rev,60000000.0,0.0,0.0,0,168
SUB_HIFLD_2358,SUB_HIFLD_2355,meso_SUB_HIFLD_2358_SUB_HIFLD_2355_rev,60000000.0,0.0,0.0,0,168
SUB_HIFLD_2358,SUB_19243,meso_SUB_HIFLD_2358_SUB_19243_rev,150000000.0,1532774.3661867012,18463524.46040936,0,168
SUB_HIFLD_2359,SUB_10293,meso_SUB_HIFLD_2359_SUB_10293_rev,150000000.0,0.0,0.0,0,168
SUB_HIFLD_2359,SUB_HIFLD_2351,meso_SUB_HIFLD_2359_SUB_HIFLD_2351_rev,150000000.0,0.0,0.0,0,168
SUB_HIFLD_2359,SUB_10361,meso_SUB_HIFLD_2359_SUB_10361_rev,6260103.78918777,2546623.123798174,3051546.3917525774,0,168
SUB_HIFLD_2363,SUB_HIFLD_2511,meso_SUB_HIFLD_2363_SUB_HIFLD_2511_fwd,60000000.0,0.0,0.0,0,168
SUB_HIFLD_2363,SUB_25292,meso_SUB_HIFLD_2363_SUB_25292_rev,5487371.942231637,3787478.5173741053,4722680.443832555,0,168
SUB_HIFLD_2364,SUB_HIFLD_2397,meso_SUB_HIFLD_2364_SUB_HIFLD_2397_fwd,80000000.0,0.0,0.0,0,168
SUB_HIFLD_2364,SUB_HIFLD_2527,meso_SUB_HIFLD_2364_SUB_HIFLD_2527_fwd,80000000.0,0.0,0.0,0,168
SUB_HIFLD_2365,SUB_HIFLD_2386,meso_SUB_HIFLD_2365_SUB_HIFLD_2386_fwd,80000000.0,23834.191666376024,2018491.9150390625,0,168
SUB_HIFLD_2365,SUB_HIFLD_3525,meso_SUB_HIFLD_2365_SUB_HIFLD_3525_fwd,80000000.0,0.0,0.0,0,168
SUB_HIFLD_2365,SUB_HIFLD_4335,meso_SUB_HIFLD_2365_SUB_HIFLD_4335_fwd,80000000.0,0.0,0.0,0,168
SUB_HIFLD_2366,SUB_HIFLD_424,meso_SUB_HIFLD_2366_SUB_HIFLD_424_fwd,80000000.0,1382330.4920584823,13948202.546942966,0,168
SUB_HIFLD_2367,SUB_HIFLD_4271,meso_SUB_HIFLD_2367_SUB_HIFLD_4271_fwd,80000000.0,65565.94471425725,11000678.955055665,0,168
SUB_HIFLD_2367,SUB_HIFLD_2385,meso_SUB_HIFLD_2367_SUB_HIFLD_2385_fwd,60000000.0,0.0,0.0,0,168
SUB_HIFLD_2367,SUB_HIFLD_2392,meso_SUB_HIFLD_2367_SUB_HIFLD_2392_fwd,60000000.0,0.0,0.0,0,168
SUB_HIFLD_2368,SUB_HIFLD_2394,meso_SUB_HIFLD_2368_SUB_HIFLD_2394_fwd,80000000.0,0.0,0.0,0,168
SUB_HIFLD_2368,SUB_HIFLD_3447,meso_SUB_HIFLD_2368_SUB_HIFLD_3447_fwd,80000000.0,244935.88048278497,5644212.758520535,0,168
SUB_HIFLD_2369,SUB_HIFLD_4104,meso_SUB_HIFLD_2369_SUB_HIFLD_4104_fwd,80000000.0,0.0,0.0,0,168
SUB_HIFLD_2369,SUB_HIFLD_2378,meso_SUB_HIFLD_2369_SUB_HIFLD_2378_fwd,60000000.0,0.0,0.0,0,168
SUB_HIFLD_2369,SUB_HIFLD_2391,meso_SUB_HIFLD_2369_SUB_HIFLD_2391_fwd,80000000.0,0.0,0.0,0,168
SUB_HIFLD_2369,SUB_HIFLD_3023,meso_SUB_HIFLD_2369_SUB_HIFLD_3023_fwd,80000000.0,0.0,0.0,0,168
SUB_HIFLD_2370,SUB_HIFLD_2390,meso_SUB_HIFLD_2370_SUB_HIFLD_2390_fwd,80000000.0,3435536.20709065,10687372.650381269,0,168
SUB_HIFLD_2370,SUB_HIFLD_2396,meso_SUB_HIFLD_2370_SUB_HIFLD_2396_fwd,80000000.0,2494947.7717375485,3305288.7321747458,0,168
SUB_HIFLD_2370,SUB_HIFLD_3447,meso_SUB_HIFLD_2370_SUB_HIFLD_3447_fwd,80000000.0,0.0,0.0,0,168
SUB_HIFLD_2371,SUB_HIFLD_2372,meso_SUB_HIFLD_2371_SUB_HIFLD_2372_fwd,80000000.0,22953520.537065532,38504311.42999818,0,168
SUB_HIFLD_2371,SUB_HIFLD_2380,meso_SUB_HIFLD_2371_SUB_HIFLD_2380_fwd,80000000.0,27877113.255885545,77600000.0,0,168
SUB_HIFLD_2371,SUB_HIFLD_2385,meso_SUB_HIFLD_2371_SUB_HIFLD_2385_fwd,80000000.0,0.0,0.0,0,168
SUB_HIFLD_2372,SUB_HIFLD_2371,meso_SUB_HIFLD_2372_SUB_HIFLD_2371_rev,80000000.0,0.0,0.0,0,168
SUB_HIFLD_2372,SUB_HIFLD_2374,meso_SUB_HIFLD_2372_SUB_HIFLD_2374_fwd,80000000.0,4266313.7902974915,10986754.00203543,0,168
SUB_HIFLD_2372,SUB_HIFLD_2715,meso_SUB_HIFLD_2372_SUB_HIFLD_2715_fwd,80000000.0,0.0,0.0,0,168
SUB_HIFLD_2372,SUB_HIFLD_3973,meso_SUB_HIFLD_2372_SUB_HIFLD_3973_fwd,80000000.0,6193110.748998957,13120553.116945876,0,168
SUB_HIFLD_2372,SUB_HIFLD_2376,meso_SUB_HIFLD_2372_SUB_HIFLD_2376_fwd,80000000.0,0.0,0.0,0,168
SUB_HIFLD_2372,SUB_HIFLD_2513,meso_SUB_HIFLD_2372_SUB_HIFLD_2513_rev,5000000.0,0.0,0.0,0,168
SUB_HIFLD_2373,SUB_HIFLD_2375,meso_SUB_HIFLD_2373_SUB_HIFLD_2375_fwd,80000000.0,12240000.0,12240000.0,0,168
SUB_HIFLD_2374,SUB_HIFLD_2372,meso_SUB_HIFLD_2374_SUB_HIFLD_2372_rev,80000000.0,0.0,0.0,0,168
SUB_HIFLD_2374,SUB_HIFLD_2381,meso_SUB_HIFLD_2374_SUB_HIFLD_2381_fwd,80000000.0,422607.6440478753,2219989.2142384322,0,168
SUB_HIFLD_2374,SUB_HIFLD_2391,meso_SUB_HIFLD_2374_SUB_HIFLD_2391_fwd,80000000.0,0.0,0.0,0,168
SUB_HIFLD_2375,SUB_HIFLD_2373,meso_SUB_HIFLD_2375_SUB_HIFLD_2373_rev,80000000.0,0.0,0.0,0,168
SUB_HIFLD_2375,SUB_HIFLD_2393,meso_SUB_HIFLD_2375_SUB_HIFLD_2393_fwd,80000000.0,7082741.035462661,8650146.389770508,0,168
SUB_HIFLD_2375,SUB_HIFLD_2377,meso_SUB_HIFLD_2375_SUB_HIFLD_2377_fwd,80000000.0,416284.2644633705,7049625.2630174775,0,168
SUB_HIFLD_2376,SUB_HIFLD_2391,meso_SUB_HIFLD_2376_SUB_HIFLD_2391_fwd,80000000.0,0.0,0.0,0,168
SUB_HIFLD_2376,SUB_HIFLD_2715,meso_SUB_HIFLD_2376_SUB_HIFLD_2715_fwd,80000000.0,0.0,0.0,0,168
SUB_HIFLD_2376,SUB_HIFLD_4419,meso_SUB_HIFLD_2376_SUB_HIFLD_4419_fwd,80000000.0,0.0,0.0,0,168
SUB_HIFLD_2376,SUB_HIFLD_2372,meso_SUB_HIFLD_2376_SUB_HIFLD_2372_rev,80000000.0,64981.23828136985,10916848.031270135,0,168
SUB_HIFLD_2376,SUB_HIFLD_3973,meso_SUB_HIFLD_2376_SUB_HIFLD_3973_fwd,80000000.0,1558816.5690215933,12709895.497744845,0,168
SUB_HIFLD_2377,SUB_HIFLD_2387,meso_SUB_HIFLD_2377_SUB_HIFLD_2387_fwd,80000000.0,0.0,0.0,0,168
SUB_HIFLD_2377,SUB_HIFLD_2393,meso_SUB_HIFLD_2377_SUB_HIFLD_2393_fwd,80000000.0,0.0,0.0,0,168
SUB_HIFLD_2377,SUB_HIFLD_2527,meso_SUB_HIFLD_2377_SUB_HIFLD_2527_fwd,80000000.0,0.0,0.0,0,168
SUB_HIFLD_2377,SUB_HIFLD_2375,meso_SUB_HIFLD_2377_SUB_HIFLD_2375_rev,80000000.0,0.0,0.0,0,168
SUB_HIFLD_2377,SUB_HIFLD_2391,meso_SUB_HIFLD_2377_SUB_HIFLD_2391_fwd,60000000.0,14446013.228540258,60000000.0,17,168
SUB_HIFLD_2378,SUB_HIFLD_4039,meso_SUB_HIFLD_2378_SUB_HIFLD_4039_fwd,80000000.0,0.0,0.0,0,168
SUB_HIFLD_2378,SUB_HIFLD_2369,meso_SUB_HIFLD_2378_SUB_HIFLD_2369_rev,60000000.0,0.0,0.0,0,168
SUB_HIFLD_2378,SUB_HIFLD_2381,meso_SUB_HIFLD_2378_SUB_HIFLD_2381_fwd,80000000.0,1442069.9144865696,7245900.342568629,0,168
SUB_HIFLD_2378,SUB_HIFLD_2390,meso_SUB_HIFLD_2378_SUB_HIFLD_2390_fwd,80000000.0,0.0,0.0,0,168
SUB_HIFLD_2379,SUB_HIFLD_2394,meso_SUB_HIFLD_2379_SUB_HIFLD_2394_fwd,80000000.0,0.0,0.0,0,168
SUB_HIFLD_2379,SUB_HIFLD_2982,meso_SUB_HIFLD_2379_SUB_HIFLD_2982_fwd,80000000.0,0.0,0.0,0,168
SUB_HIFLD_2380,SUB_HIFLD_2371,meso_SUB_HIFLD_2380_SUB_HIFLD_2371_rev,80000000.0,0.0,0.0,0,168
SUB_HIFLD_2380,SUB_HIFLD_3637,meso_SUB_HIFLD_2380_SUB_HIFLD_3637_fwd,80000000.0,427482.21672406455,21449146.809056863,0,168
SUB_HIFLD_2380,SUB_HIFLD_4347,meso_SUB_HIFLD_2380_SUB_HIFLD_4347_fwd,80000000.0,0.0,0.0,0,168
SUB_HIFLD_2380,SUB_HIFLD_2395,meso_SUB_HIFLD_2380_SUB_HIFLD_2395_fwd,80000000.0,9213581.889560854,56530198.18940006,0,168
SUB_HIFLD_2381,SUB_HIFLD_2374,meso_SUB_HIFLD_2381_SUB_HIFLD_2374_rev,80000000.0,65861.10875878418,5516235.139542547,0,168
SUB_HIFLD_2381,SUB_HIFLD_4039,meso_SUB_HIFLD_2381_SUB_HIFLD_4039_fwd,80000000.0,0.0,0.0,0,168
SUB_HIFLD_2381,SUB_HIFLD_2378,meso_SUB_HIFLD_2381_SUB_HIFLD_2378_rev,80000000.0,0.0,0.0,0,168
SUB_HIFLD_2383,SUB_HIFLD_4365,meso_SUB_HIFLD_2383_SUB_HIFLD_4365_fwd,80000000.0,0.0,0.0,0,168
SUB_HIFLD_2384,SUB_HIFLD_2388,meso_SUB_HIFLD_2384_SUB_HIFLD_2388_fwd,80000000.0,0.0,0.0,0,168
SUB_HIFLD_2384,SUB_HIFLD_2397,meso_SUB_HIFLD_2384_SUB_HIFLD_2397_fwd,80000000.0,0.0,0.0,0,168
SUB_HIFLD_2385,SUB_HIFLD_2386,meso_SUB_HIFLD_2385_SUB_HIFLD_2386_fwd,400000000.0,0.0,0.0,0,168
SUB_HIFLD_2385,SUB_HIFLD_2392,meso_SUB_HIFLD_2385_SUB_HIFLD_2392_fwd,80000000.0,7177680.623185371,22592051.76580167,0,168
SUB_HIFLD_2385,SUB_HIFLD_2394,meso_SUB_HIFLD_2385_SUB_HIFLD_2394_fwd,400000000.0,0.0,0.0,0,168
SUB_HIFLD_2385,SUB_HIFLD_2395,meso_SUB_HIFLD_2385_SUB_HIFLD_2395_fwd,80000000.0,77721726.64396779,80000000.0,142,168
SUB_HIFLD_2385,SUB_HIFLD_2856,meso_SUB_HIFLD_2385_SUB_HIFLD_2856_fwd,80000000.0,71385.92713507457,6588204.184361365,0,168
SUB_HIFLD_2385,SUB_HIFLD_4012,meso_SUB_HIFLD_2385_SUB_HIFLD_4012_fwd,80000000.0,52414722.47940133,80000000.0,53,168
SUB_HIFLD_2385,SUB_HIFLD_4419,meso_SUB_HIFLD_2385_SUB_HIFLD_4419_fwd,80000000.0,34513321.57122213,59619623.23898113,0,168
SUB_HIFLD_2385,SUB_HIFLD_2367,meso_SUB_HIFLD_2385_SUB_HIFLD_2367_rev,60000000.0,2390131.151373164,13614249.58531532,0,168
SUB_HIFLD_2385,SUB_HIFLD_2371,meso_SUB_HIFLD_2385_SUB_HIFLD_2371_rev,80000000.0,52402715.25046503,80000000.0,13,168
SUB_HIFLD_2385,SUB_HIFLD_2393,meso_SUB_HIFLD_2385_SUB_HIFLD_2393_fwd,800000000.0,51046154.614967674,104775147.9945232,0,168
SUB_HIFLD_2386,SUB_25395,meso_SUB_HIFLD_2386_SUB_25395_rev,380000000.0,0.0,0.0,0,168
SUB_HIFLD_2386,SUB_HIFLD_2365,meso_SUB_HIFLD_2386_SUB_HIFLD_2365_rev,80000000.0,0.0,0.0,0,168
SUB_HIFLD_2386,SUB_HIFLD_2385,meso_SUB_HIFLD_2386_SUB_HIFLD_2385_rev,400000000.0,202044613.47358042,400000000.0,8,168
SUB_HIFLD_2386,SUB_HIFLD_2387,meso_SUB_HIFLD_2386_SUB_HIFLD_2387_fwd,80000000.0,22477318.504512697,75729110.10281618,0,168
SUB_HIFLD_2386,SUB_HIFLD_4335,meso_SUB_HIFLD_2386_SUB_HIFLD_4335_fwd,80000000.0,0.0,0.0,0,168
SUB_HIFLD_2386,SUB_25151,meso_SUB_HIFLD_2386_SUB_25151_rev,800000000.0,252123.57473399973,42356760.555311956,0,168
SUB_HIFLD_2386,SUB_25277,meso_SUB_HIFLD_2386_SUB_25277_rev,1200000000.0,0.0,0.0,0,168
SUB_HIFLD_2387,SUB_HIFLD_2377,meso_SUB_HIFLD_2387_SUB_HIFLD_2377_rev,80000000.0,18926885.27712085,70128373.67106959,0,168
SUB_HIFLD_2387,SUB_HIFLD_2386,meso_SUB_HIFLD_2387_SUB_HIFLD_2386_rev,80000000.0,0.0,0.0,0,168
SUB_HIFLD_2388,SUB_HIFLD_2384,meso_SUB_HIFLD_2388_SUB_HIFLD_2384_rev,80000000.0,41271588.46365225,63701296.210534796,0,168
SUB_HIFLD_2388,SUB_HIFLD_2394,meso_SUB_HIFLD_2388_SUB_HIFLD_2394_fwd,80000000.0,0.0,0.0,0,168
SUB_HIFLD_2390,SUB_HIFLD_2370,meso_SUB_HIFLD_2390_SUB_HIFLD_2370_rev,80000000.0,0.0,0.0,0,168
SUB_HIFLD_2390,SUB_HIFLD_2397,meso_SUB_HIFLD_2390_SUB_HIFLD_2397_fwd,160000000.0,0.0,0.0,0,168
SUB_HIFLD_2390,SUB_HIFLD_3458,meso_SUB_HIFLD_2390_SUB_HIFLD_3458_fwd,80000000.0,0.0,0.0,0,168
SUB_HIFLD_2390,SUB_HIFLD_2378,meso_SUB_HIFLD_2390_SUB_HIFLD_2378_rev,80000000.0,1486670.0149346075,7470000.353163535,0,168
SUB_HIFLD_2391,SUB_HIFLD_2374,meso_SUB_HIFLD_2391_SUB_HIFLD_2374_rev,80000000.0,2695522.091730913,10778722.589415561,0,168
SUB_HIFLD_2391,SUB_HIFLD_2376,meso_SUB_HIFLD_2391_SUB_HIFLD_2376_rev,80000000.0,0.0,0.0,0,168
SUB_HIFLD_2391,SUB_HIFLD_3023,meso_SUB_HIFLD_2391_SUB_HIFLD_3023_fwd,80000000.0,0.0,0.0,0,168
SUB_HIFLD_2391,SUB_HIFLD_4104,meso_SUB_HIFLD_2391_SUB_HIFLD_4104_fwd,80000000.0,0.0,0.0,0,168
SUB_HIFLD_2391,SUB_HIFLD_2369,meso_SUB_HIFLD_2391_SUB_HIFLD_2369_rev,80000000.0,0.0,0.0,0,168
SUB_HIFLD_2391,SUB_HIFLD_2377,meso_SUB_HIFLD_2391_SUB_HIFLD_2377_rev,60000000.0,0.0,0.0,0,168
SUB_HIFLD_2391,SUB_HIFLD_2393,meso_SUB_HIFLD_2391_SUB_HIFLD_2393_fwd,80000000.0,0.0,0.0,0,168
SUB_HIFLD_2392,SUB_HIFLD_2385,meso_SUB_HIFLD_2392_SUB_HIFLD_2385_rev,80000000.0,0.0,0.0,0,168
SUB_HIFLD_2392,SUB_HIFLD_4271,meso_SUB_HIFLD_2392_SUB_HIFLD_4271_fwd,80000000.0,325964.3199637929,15181115.835386213,0,168
SUB_HIFLD_2392,SUB_HIFLD_2367,meso_SUB_HIFLD_2392_SUB_HIFLD_2367_rev,60000000.0,0.0,0.0,0,168
SUB_HIFLD_2392,SUB_HIFLD_2393,meso_SUB_HIFLD_2392_SUB_HIFLD_2393_fwd,80000000.0,0.0,0.0,0,168
SUB_HIFLD_2393,SUB_HIFLD_2375,meso_SUB_HIFLD_2393_SUB_HIFLD_2375_rev,80000000.0,0.0,0.0,0,168
SUB_HIFLD_2393,SUB_HIFLD_2377,meso_SUB_HIFLD_2393_SUB_HIFLD_2377_rev,80000000.0,0.0,0.0,0,168
SUB_HIFLD_2393,SUB_HIFLD_2385,meso_SUB_HIFLD_2393_SUB_HIFLD_2385_rev,800000000.0,0.0,0.0,0,168
SUB_HIFLD_2393,SUB_HIFLD_2391,meso_SUB_HIFLD_2393_SUB_HIFLD_2391_rev,80000000.0,40596937.44678155,80000000.0,13,168
SUB_HIFLD_2393,SUB_HIFLD_2392,meso_SUB_HIFLD_2393_SUB_HIFLD_2392_rev,80000000.0,0.0,0.0,0,168
SUB_HIFLD_2394,SUB_25395,meso_SUB_HIFLD_2394_SUB_25395_rev,380000000.0,0.0,0.0,0,168
SUB_HIFLD_2394,SUB_HIFLD_2368,meso_SUB_HIFLD_2394_SUB_HIFLD_2368_rev,80000000.0,426639.4911370295,6156258.1047357265,0,168
SUB_HIFLD_2394,SUB_HIFLD_2379,meso_SUB_HIFLD_2394_SUB_HIFLD_2379_rev,80000000.0,42546.81796594717,147206.46966363967,0,168
SUB_HIFLD_2394,SUB_HIFLD_2385,meso_SUB_HIFLD_2394_SUB_HIFLD_2385_rev,400000000.0,112967200.06497483,400000000.0,1,168
SUB_HIFLD_2394,SUB_HIFLD_2388,meso_SUB_HIFLD_2394_SUB_HIFLD_2388_rev,80000000.0,45701656.387298904,69130362.76360908,0,168
SUB_HIFLD_2394,SUB_HIFLD_2837,meso_SUB_HIFLD_2394_SUB_HIFLD_2837_fwd,80000000.0,0.0,0.0,0,168
SUB_HIFLD_2394,SUB_HIFLD_4365,meso_SUB_HIFLD_2394_SUB_HIFLD_4365_fwd,80000000.0,23279068.028168622,32585406.502180524,0,168
SUB_HIFLD_2394,SUB_25277,meso_SUB_HIFLD_2394_SUB_25277_rev,800000000.0,0.0,0.0,0,168
SUB_HIFLD_2394,SUB_HIFLD_2655,meso_SUB_HIFLD_2394_SUB_HIFLD_2655_rev,5000000.0,0.0,0.0,0,168
SUB_HIFLD_2395,SUB_HIFLD_2385,meso_SUB_HIFLD_2395_SUB_HIFLD_2385_rev,80000000.0,0.0,0.0,0,168
SUB_HIFLD_2395,SUB_HIFLD_3638,meso_SUB_HIFLD_2395_SUB_HIFLD_3638_fwd,80000000.0,0.0,0.0,0,168
SUB_HIFLD_2395,SUB_HIFLD_4012,meso_SUB_HIFLD_2395_SUB_HIFLD_4012_fwd,80000000.0,0.0,0.0,0,168
SUB_HIFLD_2395,SUB_HIFLD_2380,meso_SUB_HIFLD_2395_SUB_HIFLD_2380_rev,80000000.0,155228.99075237982,26078470.446399808,0,168
SUB_HIFLD_2396,SUB_HIFLD_2370,meso_SUB_HIFLD_2396_SUB_HIFLD_2370_rev,80000000.0,0.0,0.0,0,168
SUB_HIFLD_2397,SUB_HIFLD_2364,meso_SUB_HIFLD_2397_SUB_HIFLD_2364_rev,80000000.0,9859489.428370854,11587420.40260551,0,168
SUB_HIFLD_2397,SUB_HIFLD_2384,meso_SUB_HIFLD_2397_SUB_HIFLD_2384_rev,80000000.0,0.0,0.0,0,168
SUB_HIFLD_2397,SUB_HIFLD_2390,meso_SUB_HIFLD_2397_SUB_HIFLD_2390_rev,160000000.0,1551835.955544335,6778790.083053283,0,168
SUB_HIFLD_2397,SUB_HIFLD_4365,meso_SUB_HIFLD_2397_SUB_HIFLD_4365_fwd,80000000.0,0.0,0.0,0,168
SUB_HIFLD_2406,SUB_HIFLD_2421,meso_SUB_HIFLD_2406_SUB_HIFLD_2421_fwd,80000000.0,0.0,0.0,0,168
SUB_HIFLD_2407,SUB_HIFLD_2413,meso_SUB_HIFLD_2407_SUB_HIFLD_2413_fwd,80000000.0,0.0,0.0,0,168
SUB_HIFLD_2407,SUB_HIFLD_2438,meso_SUB_HIFLD_2407_SUB_HIFLD_2438_fwd,80000000.0,0.0,0.0,0,168
SUB_HIFLD_2408,SUB_HIFLD_2414,meso_SUB_HIFLD_2408_SUB_HIFLD_2414_fwd,80000000.0,0.0,0.0,0,168
SUB_HIFLD_2408,SUB_HIFLD_2436,meso_SUB_HIFLD_2408_SUB_HIFLD_2436_fwd,80000000.0,3557210.1281742454,8345123.768470856,0,168
SUB_HIFLD_2408,SUB_HIFLD_2434,meso_SUB_HIFLD_2408_SUB_HIFLD_2434_rev,5000000.0,0.0,0.0,0,168
SUB_HIFLD_2409,SUB_HIFLD_2414,meso_SUB_HIFLD_2409_SUB_HIFLD_2414_fwd,80000000.0,25357492.82792995,28300000.0,0,168
SUB_HIFLD_2410,SUB_HIFLD_2095,meso_SUB_HIFLD_2410_SUB_HIFLD_2095_rev,80000000.0,0.0,0.0,0,168
SUB_HIFLD_2410,SUB_HIFLD_2431,meso_SUB_HIFLD_2410_SUB_HIFLD_2431_fwd,80000000.0,0.0,0.0,0,168
SUB_HIFLD_2410,SUB_HIFLD_4379,meso_SUB_HIFLD_2410_SUB_HIFLD_4379_fwd,80000000.0,0.0,0.0,0,168
SUB_HIFLD_2410,SUB_HIFLD_4428,meso_SUB_HIFLD_2410_SUB_HIFLD_4428_fwd,80000000.0,0.0,0.0,0,168
SUB_HIFLD_2411,SUB_HIFLD_2425,meso_SUB_HIFLD_2411_SUB_HIFLD_2425_fwd,80000000.0,0.0,0.0,0,168
SUB_HIFLD_2411,SUB_HIFLD_2661,meso_SUB_HIFLD_2411_SUB_HIFLD_2661_fwd,80000000.0,154522.62393246192,6611716.190043184,0,168
SUB_HIFLD_2412,SUB_HIFLD_2427,meso_SUB_HIFLD_2412_SUB_HIFLD_2427_fwd,80000000.0,0.0,0.0,0,168
SUB_HIFLD_2413,SUB_HIFLD_2407,meso_SUB_HIFLD_2413_SUB_HIFLD_2407_rev,80000000.0,0.0,0.0,0,168
SUB_HIFLD_2413,SUB_HIFLD_2416,meso_SUB_HIFLD_2413_SUB_HIFLD_2416_fwd,80000000.0,0.0,0.0,0,168
SUB_HIFLD_2413,SUB_HIFLD_2428,meso_SUB_HIFLD_2413_SUB_HIFLD_2428_fwd,80000000.0,6890745.547429919,12057342.261874799,0,168
SUB_HIFLD_2413,SUB_HIFLD_2596,meso_SUB_HIFLD_2413_SUB_HIFLD_2596_fwd,80000000.0,0.0,0.0,0,168
SUB_HIFLD_2414,SUB_HIFLD_2408,meso_SUB_HIFLD_2414_SUB_HIFLD_2408_rev,80000000.0,23797081.149027247,32880359.253094956,0,168
SUB_HIFLD_2414,SUB_HIFLD_2409,meso_SUB_HIFLD_2414_SUB_HIFLD_2409_rev,80000000.0,0.0,0.0,0,168
SUB_HIFLD_2414,SUB_HIFLD_3382,meso_SUB_HIFLD_2414_SUB_HIFLD_3382_fwd,160000000.0,0.0,0.0,0,168
SUB_HIFLD_2414,SUB_HIFLD_3453,meso_SUB_HIFLD_2414_SUB_HIFLD_3453_fwd,80000000.0,974796.9665126052,6975918.367680821,0,168
SUB_HIFLD_2415,SUB_HIFLD_2739,meso_SUB_HIFLD_2415_SUB_HIFLD_2739_fwd,80000000.0,0.0,0.0,0,168
SUB_HIFLD_2415,SUB_HIFLD_3453,meso_SUB_HIFLD_2415_SUB_HIFLD_3453_fwd,80000000.0,0.0,0.0,0,168
SUB_HIFLD_2415,SUB_HIFLD_3654,meso_SUB_HIFLD_2415_SUB_HIFLD_3654_fwd,80000000.0,0.0,0.0,0,168
SUB_HIFLD_2416,SUB_HIFLD_2413,meso_SUB_HIFLD_2416_SUB_HIFLD_2413_rev,80000000.0,0.0,0.0,0,168
SUB_HIFLD_2416,SUB_HIFLD_3464,meso_SUB_HIFLD_2416_SUB_HIFLD_3464_fwd,80000000.0,0.0,0.0,0,168
SUB_HIFLD_2417,SUB_HIFLD_2630,meso_SUB_HIFLD_2417_SUB_HIFLD_2630_fwd,80000000.0,0.0,0.0,0,168
SUB_HIFLD_2417,SUB_HIFLD_2439,meso_SUB_HIFLD_2417_SUB_HIFLD_2439_rev,5000000.0,0.0,0.0,0,168
SUB_HIFLD_2418,SUB_HIFLD_4379,meso_SUB_HIFLD_2418_SUB_HIFLD_4379_fwd,5000000.0,0.0,0.0,0,168
SUB_HIFLD_2419,SUB_HIFLD_2425,meso_SUB_HIFLD_2419_SUB_HIFLD_2425_fwd,80000000.0,0.0,0.0,0,168
SUB_HIFLD_2420,SUB_HIFLD_2425,meso_SUB_HIFLD_2420_SUB_HIFLD_2425_fwd,80000000.0,0.0,0.0,0,168
SUB_HIFLD_2420,SUB_HIFLD_3453,meso_SUB_HIFLD_2420_SUB_HIFLD_3453_fwd,80000000.0,0.0,0.0,0,168
SUB_HIFLD_2420,SUB_HIFLD_3506,meso_SUB_HIFLD_2420_SUB_HIFLD_3506_fwd,80000000.0,0.0,0.0,0,168
SUB_HIFLD_2421,SUB_HIFLD_1724,meso_SUB_HIFLD_2421_SUB_HIFLD_1724_rev,480000000.0,0.0,0.0,0,168
SUB_HIFLD_2421,SUB_HIFLD_2406,meso_SUB_HIFLD_2421_SUB_HIFLD_2406_rev,80000000.0,29514098.190734595,37269163.27722294,0,168
SUB_HIFLD_2421,SUB_HIFLD_2423,meso_SUB_HIFLD_2421_SUB_HIFLD_2423_fwd,80000000.0,74028272.80867921,80000000.0,95,168
SUB_HIFLD_2421,SUB_HIFLD_2426,meso_SUB_HIFLD_2421_SUB_HIFLD_2426_fwd,80000000.0,47322304.682755634,73315236.4346824,0,168
SUB_HIFLD_2421,SUB_HIFLD_2429,meso_SUB_HIFLD_2421_SUB_HIFLD_2429_fwd,80000000.0,26525548.72163558,36858471.931378864,0,168
SUB_HIFLD_2421,SUB_HIFLD_2431,meso_SUB_HIFLD_2421_SUB_HIFLD_2431_fwd,400000000.0,0.0,0.0,0,168
SUB_HIFLD_2421,SUB_HIFLD_2442,meso_SUB_HIFLD_2421_SUB_HIFLD_2442_fwd,400000000.0,0.0,0.0,0,168
SUB_HIFLD_2421,SUB_HIFLD_2804,meso_SUB_HIFLD_2421_SUB_HIFLD_2804_fwd,80000000.0,0.0,0.0,0,168
SUB_HIFLD_2421,SUB_HIFLD_1687,meso_SUB_HIFLD_2421_SUB_HIFLD_1687_rev,1200000000.0,0.0,0.0,0,168
SUB_HIFLD_2421,SUB_HIFLD_2422,meso_SUB_HIFLD_2421_SUB_HIFLD_2422_fwd,80000000.0,26398091.67278567,33500322.37690761,0,168
SUB_HIFLD_2422,SUB_HIFLD_2804,meso_SUB_HIFLD_2422_SUB_HIFLD_2804_fwd,80000000.0,0.0,0.0,0,168
SUB_HIFLD_2422,SUB_HIFLD_3909,meso_SUB_HIFLD_2422_SUB_HIFLD_3909_fwd,80000000.0,6264412.605376236,10818013.256112324,0,168
SUB_HIFLD_2422,SUB_HIFLD_2421,meso_SUB_HIFLD_2422_SUB_HIFLD_2421_rev,80000000.0,0.0,0.0,0,168
SUB_HIFLD_2422,SUB_HIFLD_2433,meso_SUB_HIFLD_2422_SUB_HIFLD_2433_fwd,80000000.0,0.0,0.0,0,168
SUB_HIFLD_2423,SUB_HIFLD_2421,meso_SUB_HIFLD_2423_SUB_HIFLD_2421_rev,80000000.0,0.0,0.0,0,168
SUB_HIFLD_2423,SUB_HIFLD_4086,meso_SUB_HIFLD_2423_SUB_HIFLD_4086_fwd,80000000.0,0.0,0.0,0,168
SUB_HIFLD_2423,SUB_HIFLD_1659,meso_SUB_HIFLD_2423_SUB_HIFLD_1659_rev,80000000.0,56577732.82434676,63422125.244140625,0,168
SUB_HIFLD_2424,SUB_HIFLD_4379,meso_SUB_HIFLD_2424_SUB_HIFLD_4379_fwd,80000000.0,0.0,0.0,0,168
SUB_HIFLD_2425,SUB_HIFLD_2411,meso_SUB_HIFLD_2425_SUB_HIFLD_2411_rev,80000000.0,22085260.35777261,32648951.659026306,0,168
SUB_HIFLD_2425,SUB_HIFLD_2419,meso_SUB_HIFLD_2425_SUB_HIFLD_2419_rev,80000000.0,27151402.308932696,32756832.91720361,0,168
SUB_HIFLD_2425,SUB_HIFLD_2420,meso_SUB_HIFLD_2425_SUB_HIFLD_2420_rev,80000000.0,6570750.419595808,17895906.74331508,0,168
SUB_HIFLD_2425,SUB_HIFLD_2739,meso_SUB_HIFLD_2425_SUB_HIFLD_2739_fwd,80000000.0,0.0,0.0,0,168
SUB_HIFLD_2425,SUB_HIFLD_3526,meso_SUB_HIFLD_2425_SUB_HIFLD_3526_fwd,80000000.0,0.0,0.0,0,168
SUB_HIFLD_2426,SUB_HIFLD_2421,meso_SUB_HIFLD_2426_SUB_HIFLD_2421_rev,80000000.0,0.0,0.0,0,168
SUB_HIFLD_2426,SUB_HIFLD_4086,meso_SUB_HIFLD_2426_SUB_HIFLD_4086_fwd,80000000.0,5710131.891359235,23301581.29184302,0,168
SUB_HIFLD_2426,SUB_HIFLD_1646,meso_SUB_HIFLD_2426_SUB_HIFLD_1646_rev,80000000.0,15489411.96303008,27794206.10138594,0,168
SUB_HIFLD_2427,SUB_HIFLD_2412,meso_SUB_HIFLD_2427_SUB_HIFLD_2412_rev,80000000.0,0.0,0.0,0,168
SUB_HIFLD_2427,SUB_HIFLD_3506,meso_SUB_HIFLD_2427_SUB_HIFLD_3506_fwd,80000000.0,0.0,0.0,0,168
SUB_HIFLD_2428,SUB_HIFLD_2413,meso_SUB_HIFLD_2428_SUB_HIFLD_2413_rev,80000000.0,0.0,0.0,0,168
SUB_HIFLD_2428,SUB_HIFLD_2438,meso_SUB_HIFLD_2428_SUB_HIFLD_2438_fwd,80000000.0,0.0,0.0,0,168
SUB_HIFLD_2429,SUB_HIFLD_2421,meso_SUB_HIFLD_2429_SUB_HIFLD_2421_rev,80000000.0,0.0,0.0,0,168
SUB_HIFLD_2429,SUB_HIFLD_3464,meso_SUB_HIFLD_2429_SUB_HIFLD_3464_fwd,80000000.0,0.0,0.0,0,168
SUB_HIFLD_2430,SUB_HIFLD_1046,meso_SUB_HIFLD_2430_SUB_HIFLD_1046_rev,80000000.0,3483691.0362037653,4724691.929768041,0,168
SUB_HIFLD_2430,SUB_HIFLD_2431,meso_SUB_HIFLD_2430_SUB_HIFLD_2431_fwd,80000000.0,0.0,0.0,0,168
SUB_HIFLD_2430,SUB_HIFLD_2435,meso_SUB_HIFLD_2430_SUB_HIFLD_2435_fwd,80000000.0,0.0,0.0,0,168
SUB_HIFLD_2430,SUB_HIFLD_3653,meso_SUB_HIFLD_2430_SUB_HIFLD_3653_fwd,80000000.0,0.0,0.0,0,168
SUB_HIFLD_2431,SUB_HIFLD_1687,meso_SUB_HIFLD_2431_SUB_HIFLD_1687_rev,400000000.0,0.0,0.0,0,168
SUB_HIFLD_2431,SUB_HIFLD_1724,meso_SUB_HIFLD_2431_SUB_HIFLD_1724_rev,80000000.0,0.0,0.0,0,168
SUB_HIFLD_2431,SUB_HIFLD_2099,meso_SUB_HIFLD_2431_SUB_HIFLD_2099_rev,400000000.0,20769028.473191835,25109192.90337549,0,168
SUB_HIFLD_2431,SUB_HIFLD_2410,meso_SUB_HIFLD_2431_SUB_HIFLD_2410_rev,80000000.0,11020938.115220591,13155729.75394652,0,168
SUB_HIFLD_2431,SUB_HIFLD_2421,meso_SUB_HIFLD_2431_SUB_HIFLD_2421_rev,400000000.0,0.0,0.0,0,168
SUB_HIFLD_2431,SUB_HIFLD_2430,meso_SUB_HIFLD_2431_SUB_HIFLD_2430_rev,80000000.0,30902649.19674023,34074281.281033285,0,168
SUB_HIFLD_2431,SUB_HIFLD_2433,meso_SUB_HIFLD_2431_SUB_HIFLD_2433_fwd,80000000.0,25727761.252589952,35199416.327722296,0,168
SUB_HIFLD_2431,SUB_HIFLD_2440,meso_SUB_HIFLD_2431_SUB_HIFLD_2440_fwd,80000000.0,4800765.495007862,77994105.80365272,0,168
SUB_HIFLD_2431,SUB_HIFLD_2996,meso_SUB_HIFLD_2431_SUB_HIFLD_2996_fwd,80000000.0,3830734.0698641785,9962135.156606095,0,168
SUB_HIFLD_2431,SUB_HIFLD_3527,meso_SUB_HIFLD_2431_SUB_HIFLD_3527_fwd,400000000.0,2293690.1136446125,3960973.1478979457,0,168
SUB_HIFLD_2431,SUB_HIFLD_4379,meso_SUB_HIFLD_2431_SUB_HIFLD_4379_fwd,80000000.0,6639362.422836022,8467002.509440761,0,168
SUB_HIFLD_2431,SUB_HIFLD_2095,meso_SUB_HIFLD_2431_SUB_HIFLD_2095_rev,80000000.0,18883305.998976815,20336063.093991622,0,168
SUB_HIFLD_2432,SUB_HIFLD_1724,meso_SUB_HIFLD_2432_SUB_HIFLD_1724_rev,80000000.0,0.0,0.0,0,168
SUB_HIFLD_2432,SUB_HIFLD_3464,meso_SUB_HIFLD_2432_SUB_HIFLD_3464_fwd,80000000.0,0.0,0.0,0,168
SUB_HIFLD_2433,SUB_HIFLD_2431,meso_SUB_HIFLD_2433_SUB_HIFLD_2431_rev,80000000.0,0.0,0.0,0,168
SUB_HIFLD_2433,SUB_HIFLD_2748,meso_SUB_HIFLD_2433_SUB_HIFLD_2748_fwd,80000000.0,7739.962427853911,318569.1351033584,0,168
SUB_HIFLD_2433,SUB_HIFLD_2422,meso_SUB_HIFLD_2433_SUB_HIFLD_2422_rev,80000000.0,0.0,0.0,0,168
SUB_HIFLD_2434,SUB_HIFLD_2408,meso_SUB_HIFLD_2434_SUB_HIFLD_2408_fwd,5000000.0,0.0,0.0,0,168
SUB_HIFLD_2435,SUB_HIFLD_2430,meso_SUB_HIFLD_2435_SUB_HIFLD_2430_rev,80000000.0,0.0,0.0,0,168
SUB_HIFLD_2435,SUB_HIFLD_3527,meso_SUB_HIFLD_2435_SUB_HIFLD_3527_fwd,80000000.0,0.0,0.0,0,168
SUB_HIFLD_2436,SUB_HIFLD_2408,meso_SUB_HIFLD_2436_SUB_HIFLD_2408_rev,80000000.0,7129.106059985004,1197689.8180774807,0,168
SUB_HIFLD_2436,SUB_HIFLD_2630,meso_SUB_HIFLD_2436_SUB_HIFLD_2630_fwd,80000000.0,24298.69582925765,393240.51440110523,0,168
SUB_HIFLD_2436,SUB_HIFLD_2996,meso_SUB_HIFLD_2436_SUB_HIFLD_2996_fwd,80000000.0,0.0,0.0,0,168
SUB_HIFLD_2436,SUB_HIFLD_3907,meso_SUB_HIFLD_2436_SUB_HIFLD_3907_rev,5000000.0,0.0,0.0,0,168
SUB_HIFLD_2437,SUB_HIFLD_4172,meso_SUB_HIFLD_2437_SUB_HIFLD_4172_fwd,80000000.0,0.0,0.0,0,168
SUB_HIFLD_2437,SUB_HIFLD_4379,meso_SUB_HIFLD_2437_SUB_HIFLD_4379_fwd,80000000.0,0.0,0.0,0,168
SUB_HIFLD_2438,SUB_HIFLD_2407,meso_SUB_HIFLD_2438_SUB_HIFLD_2407_rev,80000000.0,0.0,0.0,0,168
SUB_HIFLD_2438,SUB_HIFLD_2428,meso_SUB_HIFLD_2438_SUB_HIFLD_2428_rev,80000000.0,0.0,0.0,0,168
SUB_HIFLD_2439,SUB_HIFLD_2417,meso_SUB_HIFLD_2439_SUB_HIFLD_2417_fwd,5000000.0,0.0,0.0,0,168
SUB_HIFLD_2440,SUB_HIFLD_2431,meso_SUB_HIFLD_2440_SUB_HIFLD_2431_rev,80000000.0,7828565.11275804,38287156.653873794,0,168
SUB_HIFLD_2440,SUB_HIFLD_2661,meso_SUB_HIFLD_2440_SUB_HIFLD_2661_fwd,80000000.0,40691405.93234242,78911354.46766947,0,168
SUB_HIFLD_2441,SUB_HIFLD_2748,meso_SUB_HIFLD_2441_SUB_HIFLD_2748_fwd,80000000.0,0.0,0.0,0,168
SUB_HIFLD_2442,SUB_HIFLD_2421,meso_SUB_HIFLD_2442_SUB_HIFLD_2421_rev,400000000.0,0.0,0.0,0,168
SUB_HIFLD_2481,SUB_HIFLD_3449,meso_SUB_HIFLD_2481_SUB_HIFLD_3449_fwd,1500000000.0,25387.68483853187,2605254.9709728565,0,168
SUB_HIFLD_2481,SUB_HIFLD_4243,meso_SUB_HIFLD_2481_SUB_HIFLD_4243_fwd,1500000000.0,10773706.16816694,118425519.10918906,0,168
SUB_HIFLD_2481,SUB_HIFLD_495,meso_SUB_HIFLD_2481_SUB_HIFLD_495_fwd,1500000000.0,513003.6021869049,43092302.58370001,0,168
SUB_HIFLD_2481,SUB_HIFLD_791,meso_SUB_HIFLD_2481_SUB_HIFLD_791_fwd,1650000000.0,0.0,0.0,0,168
SUB_HIFLD_2481,SUB_HIFLD_501,meso_SUB_HIFLD_2481_SUB_HIFLD_501_fwd,3000000000.0,72243908.77991417,387141649.6837378,0,168
SUB_HIFLD_2481,WEC_LADW,iface_SUB_HIFLD_2481_WEC_LADW_to_ba,44425054.21000001,0.0,0.0,0,168
SUB_HIFLD_2482,SUB_HIFLD_4021,meso_SUB_HIFLD_2482_SUB_HIFLD_4021_fwd,80000000.0,0.0,0.0,0,168
SUB_HIFLD_2483,SUB_HIFLD_1633,meso_SUB_HIFLD_2483_SUB_HIFLD_1633_rev,80000000.0,0.0,0.0,0,168
SUB_HIFLD_2485,SUB_HIFLD_880,meso_SUB_HIFLD_2485_SUB_HIFLD_880_fwd,400000000.0,0.0,0.0,0,168
SUB_HIFLD_2485,SUB_HIFLD_902,meso_SUB_HIFLD_2485_SUB_HIFLD_902_fwd,400000000.0,0.0,0.0,0,168
SUB_HIFLD_2485,SUB_HIFLD_905,meso_SUB_HIFLD_2485_SUB_HIFLD_905_fwd,400000000.0,105649.54959947329,17749124.332711514,0,168
SUB_HIFLD_2485,SUB_HIFLD_954,meso_SUB_HIFLD_2485_SUB_HIFLD_954_fwd,400000000.0,117009894.00695002,400000000.0,2,168
SUB_HIFLD_2485,SUB_HIFLD_968,meso_SUB_HIFLD_2485_SUB_HIFLD_968_fwd,400000000.0,0.0,0.0,0,168
SUB_HIFLD_2485,WEC_SDGE,iface_SUB_HIFLD_2485_WEC_SDGE_to_ba,23537639.307721406,0.0,0.0,0,168
SUB_HIFLD_2486,SUB_HIFLD_898,meso_SUB_HIFLD_2486_SUB_HIFLD_898_fwd,80000000.0,64482476.68159476,80000000.0,120,168
SUB_HIFLD_2486,SUB_HIFLD_902,meso_SUB_HIFLD_2486_SUB_HIFLD_902_fwd,400000000.0,7403269.057836555,122323076.65186368,0,168
SUB_HIFLD_2486,SUB_HIFLD_903,meso_SUB_HIFLD_2486_SUB_HIFLD_903_fwd,80000000.0,78124355.88515624,80000000.0,116,168
SUB_HIFLD_2486,SUB_HIFLD_944,meso_SUB_HIFLD_2486_SUB_HIFLD_944_fwd,800000000.0,75173264.78120217,167714923.78797093,0,168
SUB_HIFLD_2486,WEC_SDGE,iface_SUB_HIFLD_2486_WEC_SDGE_to_ba,282451671.6926569,0.0,0.0,0,168
SUB_HIFLD_2489,SUB_HIFLD_1415,meso_SUB_HIFLD_2489_SUB_HIFLD_1415_rev,80000000.0,15174080.738859782,25530460.69587629,0,168
SUB_HIFLD_2489,SUB_HIFLD_2310,meso_SUB_HIFLD_2489_SUB_HIFLD_2310_rev,80000000.0,0.0,0.0,0,168
SUB_HIFLD_2490,SUB_HIFLD_576,meso_SUB_HIFLD_2490_SUB_HIFLD_576_fwd,150000000.0,0.0,0.0,0,168
SUB_HIFLD_2490,SUB_HIFLD_580,meso_SUB_HIFLD_2490_SUB_HIFLD_580_fwd,150000000.0,0.0,0.0,0,168
SUB_HIFLD_2490,SUB_HIFLD_2906,meso_SUB_HIFLD_2490_SUB_HIFLD_2906_rev,5000000.0,0.0,0.0,0,168
SUB_HIFLD_2491,SUB_HIFLD_2569,meso_SUB_HIFLD_2491_SUB_HIFLD_2569_fwd,60000000.0,0.0,0.0,0,168
SUB_HIFLD_2492,SUB_HIFLD_3079,meso_SUB_HIFLD_2492_SUB_HIFLD_3079_fwd,200000000.0,0.0,0.0,0,168
SUB_HIFLD_2493,SUB_HIFLD_1162,meso_SUB_HIFLD_2493_SUB_HIFLD_1162_rev,400000000.0,163998835.36948305,326484085.63566816,0,168
SUB_HIFLD_2493,SUB_HIFLD_948,meso_SUB_HIFLD_2493_SUB_HIFLD_948_fwd,400000000.0,0.0,0.0,0,168
SUB_HIFLD_2493,WEC_SDGE,iface_SUB_HIFLD_2493_WEC_SDGE_to_ba,23537639.307721406,0.0,0.0,0,168
SUB_HIFLD_2494,SUB_HIFLD_947,meso_SUB_HIFLD_2494_SUB_HIFLD_947_fwd,80000000.0,21347566.274942193,62343363.69147081,0,168
SUB_HIFLD_2494,SUB_HIFLD_968,meso_SUB_HIFLD_2494_SUB_HIFLD_968_fwd,80000000.0,0.0,0.0,0,168
SUB_HIFLD_2495,SUB_HIFLD_904,meso_SUB_HIFLD_2495_SUB_HIFLD_904_fwd,80000000.0,5883863.453465155,34447406.799316406,0,168
SUB_HIFLD_2495,SUB_HIFLD_905,meso_SUB_HIFLD_2495_SUB_HIFLD_905_fwd,80000000.0,0.0,0.0,0,168
SUB_HIFLD_2496,SUB_HIFLD_4235,meso_SUB_HIFLD_2496_SUB_HIFLD_4235_fwd,80000000.0,718994.1199613502,2354538.404327078,0,168
SUB_HIFLD_2496,SUB_HIFLD_4318,meso_SUB_HIFLD_2496_SUB_HIFLD_4318_fwd,80000000.0,216305.29764855874,270711.6169381666,0,168
SUB_HIFLD_2496,SUB_HIFLD_895,meso_SUB_HIFLD_2496_SUB_HIFLD_895_fwd,80000000.0,2470695.4595111054,23290507.133076653,0,168
SUB_HIFLD_2496,SUB_HIFLD_898,meso_SUB_HIFLD_2496_SUB_HIFLD_898_fwd,80000000.0,0.0,0.0,0,168
SUB_HIFLD_2496,SUB_HIFLD_899,meso_SUB_HIFLD_2496_SUB_HIFLD_899_fwd,80000000.0,500367.47571470455,626222.6694637967,0,168
SUB_HIFLD_2497,SUB_HIFLD_3461,meso_SUB_HIFLD_2497_SUB_HIFLD_3461_fwd,400000000.0,88446081.2040264,110087882.70017163,0,168
SUB_HIFLD_2497,SUB_HIFLD_880,meso_SUB_HIFLD_2497_SUB_HIFLD_880_fwd,400000000.0,0.0,0.0,0,168
SUB_HIFLD_2497,SUB_HIFLD_955,meso_SUB_HIFLD_2497_SUB_HIFLD_955_fwd,80000000.0,0.0,0.0,0,168
SUB_HIFLD_2497,SUB_HIFLD_3016,meso_SUB_HIFLD_2497_SUB_HIFLD_3016_fwd,200000000.0,0.0,0.0,0,168
SUB_HIFLD_2497,SUB_HIFLD_888,meso_SUB_HIFLD_2497_SUB_HIFLD_888_fwd,200000000.0,5223347.944281913,16691287.57752094,0,168
SUB_HIFLD_2497,SUB_HIFLD_954,meso_SUB_HIFLD_2497_SUB_HIFLD_954_fwd,400000000.0,137184695.30574137,400000000.0,28,168
SUB_HIFLD_2497,WEC_SDGE,iface_SUB_HIFLD_2497_WEC_SDGE_to_ba,23537639.307721406,0.0,0.0,0,168
SUB_HIFLD_2498,SUB_HIFLD_2625,meso_SUB_HIFLD_2498_SUB_HIFLD_2625_fwd,80000000.0,12218469.00019205,17941876.796090342,0,168
SUB_HIFLD_2498,SUB_HIFLD_938,meso_SUB_HIFLD_2498_SUB_HIFLD_938_fwd,80000000.0,0.0,0.0,0,168
SUB_HIFLD_2499,SUB_HIFLD_3511,meso_SUB_HIFLD_2499_SUB_HIFLD_3511_fwd,80000000.0,4129804.401088709,5168555.631342622,0,168
SUB_HIFLD_2499,SUB_HIFLD_893,meso_SUB_HIFLD_2499_SUB_HIFLD_893_fwd,80000000.0,0.0,0.0,0,168
SUB_HIFLD_2500,SUB_HIFLD_886,meso_SUB_HIFLD_2500_SUB_HIFLD_886_fwd,80000000.0,5000000.0,5000000.0,0,168
SUB_HIFLD_2511,SUB_25284,meso_SUB_HIFLD_2511_SUB_25284_rev,60000000.0,8696670.961262962,12495876.792042525,0,168
SUB_HIFLD_2511,SUB_25409,meso_SUB_HIFLD_2511_SUB_25409_rev,60000000.0,0.0,0.0,0,168
SUB_HIFLD_2511,SUB_HIFLD_2363,meso_SUB_HIFLD_2511_SUB_HIFLD_2363_rev,60000000.0,3904617.0282207257,4868742.725600571,0,168
SUB_HIFLD_2513,SUB_HIFLD_2372,meso_SUB_HIFLD_2513_SUB_HIFLD_2372_fwd,5000000.0,0.0,0.0,0,168
SUB_HIFLD_2514,SUB_HIFLD_1854,meso_SUB_HIFLD_2514_SUB_HIFLD_1854_rev,400000000.0,0.0,0.0,0,168
SUB_HIFLD_2514,SUB_HIFLD_4059,meso_SUB_HIFLD_2514_SUB_HIFLD_4059_fwd,80000000.0,205918.68235307638,319225.5275765645,0,168
SUB_HIFLD_2514,WEC_CALN,iface_SUB_HIFLD_2514_WEC_CALN_to_ba,20000000.0,0.0,0.0,0,168
SUB_HIFLD_2517,SUB_HIFLD_1641,meso_SUB_HIFLD_2517_SUB_HIFLD_1641_rev,80000000.0,0.0,0.0,0,168
SUB_HIFLD_2521,SUB_HIFLD_1055,meso_SUB_HIFLD_2521_SUB_HIFLD_1055_rev,60000000.0,114995.15947580112,567628.728615284,0,168
SUB_HIFLD_2521,SUB_HIFLD_1059,meso_SUB_HIFLD_2521_SUB_HIFLD_1059_rev,60000000.0,0.0,0.0,0,168
SUB_HIFLD_2521,SUB_HIFLD_476,meso_SUB_HIFLD_2521_SUB_HIFLD_476_fwd,60000000.0,0.0,0.0,0,168
SUB_HIFLD_2522,SUB_HIFLD_1633,meso_SUB_HIFLD_2522_SUB_HIFLD_1633_rev,80000000.0,4960180.151143024,23221858.405884452,0,168
SUB_HIFLD_2522,SUB_HIFLD_1676,meso_SUB_HIFLD_2522_SUB_HIFLD_1676_rev,80000000.0,5943375.114563647,9738588.212789949,0,168
SUB_HIFLD_2522,SUB_HIFLD_487,meso_SUB_HIFLD_2522_SUB_HIFLD_487_fwd,80000000.0,0.0,0.0,0,168
SUB_HIFLD_2527,SUB_HIFLD_2364,meso_SUB_HIFLD_2527_SUB_HIFLD_2364_rev,80000000.0,0.0,0.0,0,168
SUB_HIFLD_2527,SUB_HIFLD_2377,meso_SUB_HIFLD_2527_SUB_HIFLD_2377_rev,80000000.0,0.0,0.0,0,168
SUB_HIFLD_2527,SUB_HIFLD_4419,meso_SUB_HIFLD_2527_SUB_HIFLD_4419_fwd,80000000.0,0.0,0.0,0,168
SUB_HIFLD_2527,SUB_HIFLD_2549,meso_SUB_HIFLD_2527_SUB_HIFLD_2549_rev,5000000.0,0.0,0.0,0,168
SUB_HIFLD_2528,SUB_HIFLD_1988,meso_SUB_HIFLD_2528_SUB_HIFLD_1988_rev,80000000.0,5248124.419969103,34624733.20678712,0,168
SUB_HIFLD_2528,SUB_HIFLD_1990,meso_SUB_HIFLD_2528_SUB_HIFLD_1990_rev,80000000.0,0.0,0.0,0,168
SUB_HIFLD_2528,SUB_HIFLD_1993,meso_SUB_HIFLD_2528_SUB_HIFLD_1993_rev,80000000.0,0.0,0.0,0,168
SUB_HIFLD_2529,SUB_HIFLD_3050,meso_SUB_HIFLD_2529_SUB_HIFLD_3050_fwd,80000000.0,22861899.507943697,60865630.9922858,0,168
SUB_HIFLD_2529,SUB_HIFLD_3754,meso_SUB_HIFLD_2529_SUB_HIFLD_3754_fwd,80000000.0,0.0,0.0,0,168
SUB_HIFLD_2529,SUB_HIFLD_4243,meso_SUB_HIFLD_2529_SUB_HIFLD_4243_fwd,80000000.0,0.0,0.0,0,168
SUB_HIFLD_2529,SUB_HIFLD_489,meso_SUB_HIFLD_2529_SUB_HIFLD_489_fwd,80000000.0,617726.2253868245,22240717.941334326,0,168
SUB_HIFLD_2531,SUB_HIFLD_710,meso_SUB_HIFLD_2531_SUB_HIFLD_710_fwd,60000000.0,0.0,0.0,0,168
SUB_HIFLD_2533,SUB_HIFLD_1668,meso_SUB_HIFLD_2533_SUB_HIFLD_1668_rev,80000000.0,15092469.685307719,27930127.65326512,0,168
SUB_HIFLD_2533,SUB_HIFLD_2675,meso_SUB_HIFLD_2533_SUB_HIFLD_2675_fwd,80000000.0,0.0,0.0,0,168
SUB_HIFLD_2533,SUB_HIFLD_3727,meso_SUB_HIFLD_2533_SUB_HIFLD_3727_fwd,80000000.0,0.0,0.0,0,168
SUB_HIFLD_2534,SUB_HIFLD_2776,meso_SUB_HIFLD_2534_SUB_HIFLD_2776_fwd,5000000.0,0.0,0.0,0,168
SUB_HIFLD_2535,SUB_HIFLD_3022,meso_SUB_HIFLD_2535_SUB_HIFLD_3022_fwd,80000000.0,0.0,0.0,0,168
SUB_HIFLD_2535,SUB_HIFLD_891,meso_SUB_HIFLD_2535_SUB_HIFLD_891_fwd,80000000.0,44502007.298621215,55366652.52685547,0,168
SUB_HIFLD_2535,SUB_HIFLD_936,meso_SUB_HIFLD_2535_SUB_HIFLD_936_fwd,80000000.0,835505.4544371143,15288610.273538178,0,168
SUB_HIFLD_2538,SUB_HIFLD_576,meso_SUB_HIFLD_2538_SUB_HIFLD_576_fwd,150000000.0,64840.283760750375,6852428.751623269,0,168
SUB_HIFLD_2538,SUB_HIFLD_3688,meso_SUB_HIFLD_2538_SUB_HIFLD_3688_fwd,150000000.0,0.0,0.0,0,168
SUB_HIFLD_2538,SUB_HIFLD_584,meso_SUB_HIFLD_2538_SUB_HIFLD_584_fwd,150000000.0,0.0,0.0,0,168
SUB_HIFLD_2540,SUB_HIFLD_1010,meso_SUB_HIFLD_2540_SUB_HIFLD_1010_rev,80000000.0,0.0,0.0,0,168
SUB_HIFLD_2540,SUB_HIFLD_2866,meso_SUB_HIFLD_2540_SUB_HIFLD_2866_fwd,80000000.0,0.0,0.0,0,168
SUB_HIFLD_2542,SUB_HIFLD_1032,meso_SUB_HIFLD_2542_SUB_HIFLD_1032_rev,80000000.0,7216779.864004311,13827352.332720675,0,168
SUB_HIFLD_2542,SUB_HIFLD_3705,meso_SUB_HIFLD_2542_SUB_HIFLD_3705_fwd,80000000.0,0.0,0.0,0,168
SUB_HIFLD_2542,SUB_HIFLD_950,meso_SUB_HIFLD_2542_SUB_HIFLD_950_fwd,80000000.0,0.0,0.0,0,168
SUB_HIFLD_2544,SUB_HIFLD_4017,meso_SUB_HIFLD_2544_SUB_HIFLD_4017_fwd,60000000.0,96296.19846431818,2505979.0707459683,0,168
SUB_HIFLD_2544,SUB_HIFLD_4093,meso_SUB_HIFLD_2544_SUB_HIFLD_4093_fwd,60000000.0,3886990.038478017,8192782.043009436,0,168
SUB_HIFLD_2544,SUB_HIFLD_691,meso_SUB_HIFLD_2544_SUB_HIFLD_691_fwd,60000000.0,8514.432976295775,1430424.7400176902,0,168
SUB_HIFLD_2547,SUB_HIFLD_630,meso_SUB_HIFLD_2547_SUB_HIFLD_630_fwd,60000000.0,0.0,0.0,0,168
SUB_HIFLD_2547,SUB_HIFLD_680,meso_SUB_HIFLD_2547_SUB_HIFLD_680_fwd,60000000.0,3753047.280175259,10189958.467227086,0,168
SUB_HIFLD_2547,SUB_HIFLD_711,meso_SUB_HIFLD_2547_SUB_HIFLD_711_fwd,60000000.0,2831482.209536628,5006537.793346287,0,168
SUB_HIFLD_2549,SUB_HIFLD_2527,meso_SUB_HIFLD_2549_SUB_HIFLD_2527_fwd,5000000.0,0.0,0.0,0,168
SUB_HIFLD_2551,SUB_HIFLD_1454,meso_SUB_HIFLD_2551_SUB_HIFLD_1454_rev,150000000.0,0.0,0.0,0,168
SUB_HIFLD_2551,SUB_HIFLD_1457,meso_SUB_HIFLD_2551_SUB_HIFLD_1457_rev,150000000.0,1129437.6805324573,17073934.580031212,0,168
SUB_HIFLD_2551,SUB_HIFLD_825,meso_SUB_HIFLD_2551_SUB_HIFLD_825_fwd,150000000.0,5874021.263061332,16777056.157197218,0,168
SUB_HIFLD_2552,SUB_HIFLD_2706,meso_SUB_HIFLD_2552_SUB_HIFLD_2706_fwd,80000000.0,0.0,0.0,0,168
SUB_HIFLD_2552,SUB_HIFLD_3471,meso_SUB_HIFLD_2552_SUB_HIFLD_3471_fwd,80000000.0,231926.34922228768,6433756.24823816,0,168
SUB_HIFLD_2552,SUB_HIFLD_4267,meso_SUB_HIFLD_2552_SUB_HIFLD_4267_fwd,80000000.0,118009.23902889033,3320189.0139235663,0,168
SUB_HIFLD_2554,SUB_HIFLD_1554,meso_SUB_HIFLD_2554_SUB_HIFLD_1554_rev,80000000.0,67483726.9847294,80000000.0,21,168
SUB_HIFLD_2554,SUB_HIFLD_1731,meso_SUB_HIFLD_2554_SUB_HIFLD_1731_rev,80000000.0,3585175.4265786624,3962338.0995288338,0,168
SUB_HIFLD_2554,SUB_HIFLD_1774,meso_SUB_HIFLD_2554_SUB_HIFLD_1774_rev,80000000.0,0.0,0.0,0,168
SUB_HIFLD_2554,SUB_HIFLD_3462,meso_SUB_HIFLD_2554_SUB_HIFLD_3462_fwd,80000000.0,0.0,0.0,0,168
SUB_HIFLD_2555,SUB_HIFLD_3993,meso_SUB_HIFLD_2555_SUB_HIFLD_3993_fwd,60000000.0,2464917.639263754,10245901.644181188,0,168
SUB_HIFLD_2555,SUB_HIFLD_3994,meso_SUB_HIFLD_2555_SUB_HIFLD_3994_rev,10562785.20018679,3743791.458738984,9530920.807235058,0,168
SUB_HIFLD_2556,SUB_HIFLD_1233,meso_SUB_HIFLD_2556_SUB_HIFLD_1233_rev,60000000.0,2217712.255360238,8499361.44122,0,168
SUB_HIFLD_2557,SUB_HIFLD_2712,meso_SUB_HIFLD_2557_SUB_HIFLD_2712_fwd,60000000.0,26935346.554629292,47626233.21317484,0,168
SUB_HIFLD_2557,SUB_HIFLD_2753,meso_SUB_HIFLD_2557_SUB_HIFLD_2753_fwd,400000000.0,0.0,0.0,0,168
SUB_HIFLD_2557,SUB_HIFLD_617,meso_SUB_HIFLD_2557_SUB_HIFLD_617_fwd,60000000.0,1578851.772063847,3213374.4277167567,0,168
SUB_HIFLD_2557,SUB_HIFLD_636,meso_SUB_HIFLD_2557_SUB_HIFLD_636_fwd,800000000.0,0.0,0.0,0,168
SUB_HIFLD_2557,SUB_HIFLD_696,meso_SUB_HIFLD_2557_SUB_HIFLD_696_fwd,60000000.0,0.0,0.0,0,168
SUB_HIFLD_2557,WEC_BANC,iface_SUB_HIFLD_2557_WEC_BANC_to_ba,20000000.0,0.0,0.0,0,168
SUB_HIFLD_2558,SUB_HIFLD_1558,meso_SUB_HIFLD_2558_SUB_HIFLD_1558_rev,80000000.0,0.0,0.0,0,168
SUB_HIFLD_2558,SUB_HIFLD_1639,meso_SUB_HIFLD_2558_SUB_HIFLD_1639_rev,80000000.0,0.0,0.0,0,168
SUB_HIFLD_2558,SUB_HIFLD_1779,meso_SUB_HIFLD_2558_SUB_HIFLD_1779_rev,80000000.0,9522304.115443002,27111415.461903993,0,168
SUB_HIFLD_2559,SUB_HIFLD_3606,meso_SUB_HIFLD_2559_SUB_HIFLD_3606_fwd,80000000.0,0.0,0.0,0,168
SUB_HIFLD_2559,SUB_HIFLD_796,meso_SUB_HIFLD_2559_SUB_HIFLD_796_fwd,80000000.0,0.0,0.0,0,168
SUB_HIFLD_2559,SUB_HIFLD_852,meso_SUB_HIFLD_2559_SUB_HIFLD_852_fwd,80000000.0,386383.3333333333,9273200.0,0,168
SUB_HIFLD_2560,SUB_HIFLD_4268,meso_SUB_HIFLD_2560_SUB_HIFLD_4268_fwd,150000000.0,0.0,0.0,0,168
SUB_HIFLD_2560,SUB_HIFLD_589,meso_SUB_HIFLD_2560_SUB_HIFLD_589_fwd,150000000.0,0.0,0.0,0,168
SUB_HIFLD_2560,SUB_HIFLD_550,meso_SUB_HIFLD_2560_SUB_HIFLD_550_fwd,300000000.0,19869956.805658285,74172483.0669627,0,168
SUB_HIFLD_2561,SUB_HIFLD_4267,meso_SUB_HIFLD_2561_SUB_HIFLD_4267_fwd,80000000.0,2019163.8175150657,4645249.78165774,0,168
SUB_HIFLD_2561,SUB_HIFLD_4353,meso_SUB_HIFLD_2561_SUB_HIFLD_4353_fwd,80000000.0,0.0,0.0,0,168
SUB_HIFLD_2564,SUB_HIFLD_2844,meso_SUB_HIFLD_2564_SUB_HIFLD_2844_fwd,60000000.0,0.0,0.0,0,168
SUB_HIFLD_2564,SUB_HIFLD_3145,meso_SUB_HIFLD_2564_SUB_HIFLD_3145_rev,23577778.032056488,12190615.356092038,21555063.08443797,0,168
SUB_HIFLD_2565,SUB_HIFLD_3355,meso_SUB_HIFLD_2565_SUB_HIFLD_3355_fwd,60000000.0,0.0,0.0,0,168
SUB_HIFLD_2565,SUB_HIFLD_4330,meso_SUB_HIFLD_2565_SUB_HIFLD_4330_fwd,60000000.0,0.0,0.0,0,168
SUB_HIFLD_2567,SUB_HIFLD_2785,meso_SUB_HIFLD_2567_SUB_HIFLD_2785_fwd,60000000.0,0.0,0.0,0,168
SUB_HIFLD_2569,SUB_HIFLD_1318,meso_SUB_HIFLD_2569_SUB_HIFLD_1318_rev,60000000.0,0.0,0.0,0,168
SUB_HIFLD_2569,SUB_HIFLD_2491,meso_SUB_HIFLD_2569_SUB_HIFLD_2491_rev,60000000.0,468885.8454374923,838383.0208139322,0,168
SUB_HIFLD_2569,SUB_HIFLD_4403,meso_SUB_HIFLD_2569_SUB_HIFLD_4403_fwd,60000000.0,0.0,0.0,0,168
SUB_HIFLD_2577,SUB_HIFLD_1028,meso_SUB_HIFLD_2577_SUB_HIFLD_1028_rev,80000000.0,0.0,0.0,0,168
SUB_HIFLD_2577,SUB_HIFLD_887,meso_SUB_HIFLD_2577_SUB_HIFLD_887_fwd,80000000.0,65780630.36588398,73032395.7254982,0,168
SUB_HIFLD_2578,SUB_HIFLD_2925,meso_SUB_HIFLD_2578_SUB_HIFLD_2925_fwd,60000000.0,2226750.686535018,3937270.677704172,0,168
SUB_HIFLD_2578,SUB_HIFLD_3137,meso_SUB_HIFLD_2578_SUB_HIFLD_3137_fwd,60000000.0,0.0,0.0,0,168
SUB_HIFLD_2578,SUB_HIFLD_4234,meso_SUB_HIFLD_2578_SUB_HIFLD_4234_fwd,60000000.0,11637822.264594035,22913471.296334982,0,168
SUB_HIFLD_2578,SUB_HIFLD_722,meso_SUB_HIFLD_2578_SUB_HIFLD_722_fwd,60000000.0,0.0,0.0,0,168
SUB_HIFLD_2578,SUB_HIFLD_725,meso_SUB_HIFLD_2578_SUB_HIFLD_725_fwd,60000000.0,0.0,0.0,0,168
SUB_HIFLD_2580,SUB_HIFLD_3119,meso_SUB_HIFLD_2580_SUB_HIFLD_3119_fwd,60000000.0,0.0,0.0,0,168
SUB_HIFLD_2584,SUB_HIFLD_1952,meso_SUB_HIFLD_2584_SUB_HIFLD_1952_fwd,35860592.88981569,10309541.205996558,15442508.7890625,0,168
SUB_HIFLD_2590,SUB_HIFLD_1601,meso_SUB_HIFLD_2590_SUB_HIFLD_1601_rev,80000000.0,0.0,0.0,0,168
SUB_HIFLD_2590,SUB_HIFLD_1619,meso_SUB_HIFLD_2590_SUB_HIFLD_1619_rev,80000000.0,0.0,0.0,0,168
SUB_HIFLD_2590,SUB_HIFLD_3359,meso_SUB_HIFLD_2590_SUB_HIFLD_3359_rev,42075896.66269112,15019040.070600703,26280134.865672316,0,168
SUB_HIFLD_2591,SUB_HIFLD_3588,meso_SUB_HIFLD_2591_SUB_HIFLD_3588_fwd,12244641.169246305,0.0,0.0,0,168
SUB_HIFLD_2592,SUB_HIFLD_643,meso_SUB_HIFLD_2592_SUB_HIFLD_643_fwd,6057564.025726333,0.0,0.0,0,168
SUB_HIFLD_2593,SUB_HIFLD_3179,meso_SUB_HIFLD_2593_SUB_HIFLD_3179_fwd,80000000.0,6575853.589087885,11487405.556747593,0,168
SUB_HIFLD_2593,SUB_HIFLD_807,meso_SUB_HIFLD_2593_SUB_HIFLD_807_fwd,70950591.21153916,0.0,0.0,0,168
SUB_HIFLD_2595,SUB_HIFLD_2771,meso_SUB_HIFLD_2595_SUB_HIFLD_2771_fwd,60000000.0,8676.869053494187,43440.80403908012,0,168
SUB_HIFLD_2595,SUB_HIFLD_4278,meso_SUB_HIFLD_2595_SUB_HIFLD_4278_fwd,60000000.0,419.5079759231414,70477.33995508775,0,168
SUB_HIFLD_2595,SUB_HIFLD_691,meso_SUB_HIFLD_2595_SUB_HIFLD_691_fwd,60000000.0,17820.164812049414,1767380.7426952366,0,168
SUB_HIFLD_2596,SUB_HIFLD_1526,meso_SUB_HIFLD_2596_SUB_HIFLD_1526_rev,80000000.0,0.0,0.0,0,168
SUB_HIFLD_2596,SUB_HIFLD_1674,meso_SUB_HIFLD_2596_SUB_HIFLD_1674_rev,80000000.0,19080540.727997098,50001344.031894326,0,168
SUB_HIFLD_2596,SUB_HIFLD_2413,meso_SUB_HIFLD_2596_SUB_HIFLD_2413_rev,80000000.0,14311871.177679863,18764342.923103046,0,168
SUB_HIFLD_2596,SUB_HIFLD_489,meso_SUB_HIFLD_2596_SUB_HIFLD_489_fwd,80000000.0,15901278.126198271,61804641.311601594,0,168
SUB_HIFLD_2597,SUB_HIFLD_1705,meso_SUB_HIFLD_2597_SUB_HIFLD_1705_rev,80000000.0,0.0,0.0,0,168
SUB_HIFLD_2597,SUB_HIFLD_1717,meso_SUB_HIFLD_2597_SUB_HIFLD_1717_rev,80000000.0,0.0,0.0,0,168
SUB_HIFLD_2597,SUB_HIFLD_1720,meso_SUB_HIFLD_2597_SUB_HIFLD_1720_rev,80000000.0,0.0,0.0,0,168
SUB_HIFLD_2597,SUB_HIFLD_3721,meso_SUB_HIFLD_2597_SUB_HIFLD_3721_fwd,80000000.0,2012478.7563310869,2437927.718015061,0,168
SUB_HIFLD_2598,SUB_HIFLD_3049,meso_SUB_HIFLD_2598_SUB_HIFLD_3049_fwd,6164184.776639633,0.0,0.0,0,168
SUB_HIFLD_2603,SUB_HIFLD_489,meso_SUB_HIFLD_2603_SUB_HIFLD_489_fwd,83507846.74394836,0.0,0.0,0,168
SUB_HIFLD_2604,SUB_HIFLD_1527,meso_SUB_HIFLD_2604_SUB_HIFLD_1527_fwd,31582359.443511467,0.0,0.0,0,168
SUB_HIFLD_2605,SUB_HIFLD_1552,meso_SUB_HIFLD_2605_SUB_HIFLD_1552_rev,80000000.0,396726.53404707764,647737.0114670587,0,168
SUB_HIFLD_2605,SUB_HIFLD_1734,meso_SUB_HIFLD_2605_SUB_HIFLD_1734_rev,80000000.0,0.0,0.0,0,168
SUB_HIFLD_2607,SUB_HIFLD_4194,meso_SUB_HIFLD_2607_SUB_HIFLD_4194_fwd,80000000.0,0.0,0.0,0,168
SUB_HIFLD_2608,SUB_HIFLD_1509,meso_SUB_HIFLD_2608_SUB_HIFLD_1509_fwd,74057060.94540705,0.0,0.0,0,168
SUB_HIFLD_2610,SUB_HIFLD_3965,meso_SUB_HIFLD_2610_SUB_HIFLD_3965_fwd,400000000.0,1662548.8755165744,5661160.530090333,0,168
SUB_HIFLD_2610,WEC_BANC,iface_SUB_HIFLD_2610_WEC_BANC_to_ba,20000000.0,4300231.58976841,5236806.41815343,0,168
SUB_HIFLD_2613,SUB_HIFLD_2829,meso_SUB_HIFLD_2613_SUB_HIFLD_2829_fwd,80000000.0,13492.145584982545,1446758.615449866,0,168
SUB_HIFLD_2613,SUB_HIFLD_3915,meso_SUB_HIFLD_2613_SUB_HIFLD_3915_fwd,80000000.0,0.0,0.0,0,168
SUB_HIFLD_2613,SUB_HIFLD_4246,meso_SUB_HIFLD_2613_SUB_HIFLD_4246_fwd,80000000.0,0.0,0.0,0,168
SUB_HIFLD_2615,SUB_HIFLD_3204,meso_SUB_HIFLD_2615_SUB_HIFLD_3204_fwd,250000000.0,78.0167602408089,13106.815720455896,0,168
SUB_HIFLD_2615,SUB_HIFLD_547,meso_SUB_HIFLD_2615_SUB_HIFLD_547_fwd,400000000.0,48531677.93562071,185997500.00000003,0,168
SUB_HIFLD_2615,SUB_HIFLD_4133,meso_SUB_HIFLD_2615_SUB_HIFLD_4133_fwd,800000000.0,0.0,0.0,0,168
SUB_HIFLD_2617,SUB_HIFLD_1673,meso_SUB_HIFLD_2617_SUB_HIFLD_1673_rev,80000000.0,0.0,0.0,0,168
SUB_HIFLD_2617,SUB_HIFLD_1703,meso_SUB_HIFLD_2617_SUB_HIFLD_1703_rev,80000000.0,470683.7660050385,6245685.3742183065,0,168
SUB_HIFLD_2618,SUB_HIFLD_2794,meso_SUB_HIFLD_2618_SUB_HIFLD_2794_fwd,150000000.0,0.0,0.0,0,168
SUB_HIFLD_2618,SUB_HIFLD_830,meso_SUB_HIFLD_2618_SUB_HIFLD_830_fwd,150000000.0,265829.05655732664,4114041.6289875307,0,168
SUB_HIFLD_2619,SUB_HIFLD_1060,meso_SUB_HIFLD_2619_SUB_HIFLD_1060_rev,80000000.0,0.0,0.0,0,168
SUB_HIFLD_2619,SUB_HIFLD_2999,meso_SUB_HIFLD_2619_SUB_HIFLD_2999_fwd,80000000.0,0.0,0.0,0,168
SUB_HIFLD_2619,SUB_HIFLD_817,meso_SUB_HIFLD_2619_SUB_HIFLD_817_fwd,80000000.0,26916352.494417246,34797723.32574903,0,168
SUB_HIFLD_2619,SUB_HIFLD_833,meso_SUB_HIFLD_2619_SUB_HIFLD_833_fwd,80000000.0,0.0,0.0,0,168
SUB_HIFLD_2620,SUB_HIFLD_3418,meso_SUB_HIFLD_2620_SUB_HIFLD_3418_fwd,5000000.0,3958333.3333333335,5000000.0,133,168
SUB_HIFLD_2622,SUB_HIFLD_4050,meso_SUB_HIFLD_2622_SUB_HIFLD_4050_fwd,80000000.0,0.0,0.0,0,168
SUB_HIFLD_2622,SUB_HIFLD_551,meso_SUB_HIFLD_2622_SUB_HIFLD_551_fwd,80000000.0,0.0,0.0,0,168
SUB_HIFLD_2622,SUB_HIFLD_567,meso_SUB_HIFLD_2622_SUB_HIFLD_567_fwd,80000000.0,0.0,0.0,0,168
SUB_HIFLD_2624,SUB_HIFLD_1929,meso_SUB_HIFLD_2624_SUB_HIFLD_1929_fwd,13162507.122313235,0.0,0.0,0,168
SUB_HIFLD_2625,SUB_HIFLD_2498,meso_SUB_HIFLD_2625_SUB_HIFLD_2498_rev,80000000.0,0.0,0.0,0,168
SUB_HIFLD_2625,SUB_HIFLD_4175,meso_SUB_HIFLD_2625_SUB_HIFLD_4175_fwd,80000000.0,5210188.5553359045,8220021.859395135,0,168
SUB_HIFLD_2625,SUB_HIFLD_919,meso_SUB_HIFLD_2625_SUB_HIFLD_919_fwd,80000000.0,0.0,0.0,0,168
SUB_HIFLD_2626,SUB_HIFLD_3588,meso_SUB_HIFLD_2626_SUB_HIFLD_3588_fwd,10826064.56961666,0.0,0.0,0,168
SUB_HIFLD_2627,SUB_HIFLD_1525,meso_SUB_HIFLD_2627_SUB_HIFLD_1525_fwd,67532134.78754833,0.0,0.0,0,168
SUB_HIFLD_2629,SUB_HIFLD_1675,meso_SUB_HIFLD_2629_SUB_HIFLD_1675_rev,80000000.0,22090477.732085805,27277122.26159794,0,168
SUB_HIFLD_2629,SUB_HIFLD_2852,meso_SUB_HIFLD_2629_SUB_HIFLD_2852_fwd,80000000.0,0.0,0.0,0,168
SUB_HIFLD_2629,SUB_HIFLD_2961,meso_SUB_HIFLD_2629_SUB_HIFLD_2961_fwd,80000000.0,0.0,0.0,0,168
SUB_HIFLD_2630,SUB_HIFLD_2417,meso_SUB_HIFLD_2630_SUB_HIFLD_2417_rev,80000000.0,381443.29896907223,381443.2989690722,0,168
SUB_HIFLD_2630,SUB_HIFLD_2436,meso_SUB_HIFLD_2630_SUB_HIFLD_2436_rev,80000000.0,0.0,0.0,0,168
SUB_HIFLD_2630,SUB_HIFLD_2996,meso_SUB_HIFLD_2630_SUB_HIFLD_2996_fwd,80000000.0,0.0,0.0,0,168
SUB_HIFLD_2632,SUB_HIFLD_2671,meso_SUB_HIFLD_2632_SUB_HIFLD_2671_fwd,80000000.0,32772964.686662395,67205658.05053711,0,168
SUB_HIFLD_2632,SUB_HIFLD_3160,meso_SUB_HIFLD_2632_SUB_HIFLD_3160_fwd,80000000.0,0.0,0.0,0,168
SUB_HIFLD_2633,SUB_HIFLD_3351,meso_SUB_HIFLD_2633_SUB_HIFLD_3351_fwd,80000000.0,15654679.093432233,37139270.17211914,0,168
SUB_HIFLD_2633,SUB_HIFLD_3698,meso_SUB_HIFLD_2633_SUB_HIFLD_3698_fwd,80000000.0,0.0,0.0,0,168
SUB_HIFLD_2634,SUB_HIFLD_3295,meso_SUB_HIFLD_2634_SUB_HIFLD_3295_fwd,80000000.0,0.0,0.0,0,168
SUB_HIFLD_2635,SUB_25395,meso_SUB_HIFLD_2635_SUB_25395_rev,380000000.0,72119371.67880443,277621312.37638,0,168
SUB_HIFLD_2635,SUB_HIFLD_1538,meso_SUB_HIFLD_2635_SUB_HIFLD_1538_rev,400000000.0,3095791.3211665675,142088758.00606,0,168
SUB_HIFLD_2635,SUB_HIFLD_2664,meso_SUB_HIFLD_2635_SUB_HIFLD_2664_rev,5000000.0,0.0,0.0,0,168
SUB_HIFLD_2635,SUB_HIFLD_4179,meso_SUB_HIFLD_2635_SUB_HIFLD_4179_rev,5000000.0,0.0,0.0,0,168
SUB_HIFLD_2638,SUB_HIFLD_2783,meso_SUB_HIFLD_2638_SUB_HIFLD_2783_fwd,80000000.0,0.0,0.0,0,168
SUB_HIFLD_2638,SUB_HIFLD_2864,meso_SUB_HIFLD_2638_SUB_HIFLD_2864_fwd,80000000.0,0.0,0.0,0,168
SUB_HIFLD_2638,SUB_HIFLD_4016,meso_SUB_HIFLD_2638_SUB_HIFLD_4016_fwd,80000000.0,0.0,0.0,0,168
SUB_HIFLD_2638,SUB_HIFLD_866,meso_SUB_HIFLD_2638_SUB_HIFLD_866_fwd,80000000.0,0.0,0.0,0,168
SUB_HIFLD_2640,SUB_HIFLD_1480,meso_SUB_HIFLD_2640_SUB_HIFLD_1480_rev,150000000.0,0.0,0.0,0,168
SUB_HIFLD_2640,SUB_HIFLD_830,meso_SUB_HIFLD_2640_SUB_HIFLD_830_fwd,150000000.0,2937990.0672569177,11631746.037440829,0,168
SUB_HIFLD_2640,SUB_HIFLD_873,meso_SUB_HIFLD_2640_SUB_HIFLD_873_fwd,150000000.0,495521.5886938414,38958363.62455017,0,168
SUB_HIFLD_2642,SUB_HIFLD_1274,meso_SUB_HIFLD_2642_SUB_HIFLD_1274_rev,150000000.0,0.0,0.0,0,168
SUB_HIFLD_2642,SUB_HIFLD_1275,meso_SUB_HIFLD_2642_SUB_HIFLD_1275_rev,300000000.0,14972978.939231113,50615368.815258555,0,168
SUB_HIFLD_2642,SUB_HIFLD_274,meso_SUB_HIFLD_2642_SUB_HIFLD_274_fwd,150000000.0,5829435.372709895,53853307.370560244,0,168
SUB_HIFLD_2642,SUB_HIFLD_304,meso_SUB_HIFLD_2642_SUB_HIFLD_304_fwd,60000000.0,34111694.88223325,60000000.0,41,168
SUB_HIFLD_2642,SUB_HIFLD_3711,meso_SUB_HIFLD_2642_SUB_HIFLD_3711_fwd,150000000.0,149899021.2370888,150000000.0,167,168
SUB_HIFLD_2642,SUB_HIFLD_542,meso_SUB_HIFLD_2642_SUB_HIFLD_542_fwd,150000000.0,33859245.11832345,113411648.61436197,0,168
SUB_HIFLD_2643,SUB_HIFLD_1535,meso_SUB_HIFLD_2643_SUB_HIFLD_1535_rev,80000000.0,0.0,0.0,0,168
SUB_HIFLD_2643,SUB_HIFLD_1560,meso_SUB_HIFLD_2643_SUB_HIFLD_1560_rev,80000000.0,0.0,0.0,0,168
SUB_HIFLD_2643,SUB_HIFLD_1666,meso_SUB_HIFLD_2643_SUB_HIFLD_1666_rev,80000000.0,0.0,0.0,0,168
SUB_HIFLD_2643,SUB_HIFLD_4135,meso_SUB_HIFLD_2643_SUB_HIFLD_4135_fwd,80000000.0,0.0,0.0,0,168
SUB_HIFLD_2644,SUB_HIFLD_1490,meso_SUB_HIFLD_2644_SUB_HIFLD_1490_rev,150000000.0,0.0,0.0,0,168
SUB_HIFLD_2644,SUB_HIFLD_3357,meso_SUB_HIFLD_2644_SUB_HIFLD_3357_fwd,150000000.0,0.0,0.0,0,168
SUB_HIFLD_2644,SUB_HIFLD_3368,meso_SUB_HIFLD_2644_SUB_HIFLD_3368_fwd,150000000.0,306254.72357619676,13800152.846316183,0,168
SUB_HIFLD_2645,SUB_HIFLD_1493,meso_SUB_HIFLD_2645_SUB_HIFLD_1493_rev,80000000.0,25562152.7848265,46649398.19619091,0,168
SUB_HIFLD_2645,SUB_HIFLD_1961,meso_SUB_HIFLD_2645_SUB_HIFLD_1961_rev,80000000.0,0.0,0.0,0,168
SUB_HIFLD_2645,SUB_HIFLD_2892,meso_SUB_HIFLD_2645_SUB_HIFLD_2892_fwd,80000000.0,24827144.435532372,43403125.519113444,0,168
SUB_HIFLD_2645,SUB_HIFLD_3700,meso_SUB_HIFLD_2645_SUB_HIFLD_3700_fwd,80000000.0,0.0,0.0,0,168
SUB_HIFLD_2646,SUB_HIFLD_742,meso_SUB_HIFLD_2646_SUB_HIFLD_742_fwd,60000000.0,0.0,0.0,0,168
SUB_HIFLD_2647,SUB_HIFLD_669,meso_SUB_HIFLD_2647_SUB_HIFLD_669_fwd,60000000.0,0.0,0.0,0,168
SUB_HIFLD_2648,SUB_HIFLD_1929,meso_SUB_HIFLD_2648_SUB_HIFLD_1929_rev,80000000.0,27790605.95044914,60707024.90679376,0,168
SUB_HIFLD_2648,SUB_HIFLD_1966,meso_SUB_HIFLD_2648_SUB_HIFLD_1966_rev,80000000.0,10220563.992859397,12024861.318057345,0,168
SUB_HIFLD_2648,SUB_HIFLD_1981,meso_SUB_HIFLD_2648_SUB_HIFLD_1981_rev,80000000.0,0.0,0.0,0,168
SUB_HIFLD_2649,SUB_HIFLD_2287,meso_SUB_HIFLD_2649_SUB_HIFLD_2287_rev,400000000.0,0.0,0.0,0,168
SUB_HIFLD_2649,SUB_HIFLD_2309,meso_SUB_HIFLD_2649_SUB_HIFLD_2309_rev,150000000.0,42755614.81966057,123994465.19788234,0,168
SUB_HIFLD_2649,SUB_HIFLD_4227,meso_SUB_HIFLD_2649_SUB_HIFLD_4227_fwd,400000000.0,350658.8219278583,1372288.9772395499,0,168
SUB_HIFLD_2649,WEC_BANC,iface_SUB_HIFLD_2649_WEC_BANC_to_ba,199500000.0,43890107.97928267,139161104.49795294,0,168
SUB_HIFLD_2651,SUB_HIFLD_2910,meso_SUB_HIFLD_2651_SUB_HIFLD_2910_fwd,60000000.0,14534921.699434876,30615169.81849772,0,168
SUB_HIFLD_2651,SUB_HIFLD_3460,meso_SUB_HIFLD_2651_SUB_HIFLD_3460_fwd,60000000.0,0.0,0.0,0,168
SUB_HIFLD_2653,SUB_HIFLD_1679,meso_SUB_HIFLD_2653_SUB_HIFLD_1679_rev,80000000.0,0.0,0.0,0,168
SUB_HIFLD_2653,SUB_HIFLD_2859,meso_SUB_HIFLD_2653_SUB_HIFLD_2859_fwd,80000000.0,20839961.76092581,61052202.841703445,0,168
SUB_HIFLD_2653,SUB_HIFLD_4102,meso_SUB_HIFLD_2653_SUB_HIFLD_4102_fwd,80000000.0,0.0,0.0,0,168
SUB_HIFLD_2654,SUB_HIFLD_4158,meso_SUB_HIFLD_2654_SUB_HIFLD_4158_fwd,150000000.0,0.0,0.0,0,168
SUB_HIFLD_2654,SUB_HIFLD_426,meso_SUB_HIFLD_2654_SUB_HIFLD_426_fwd,150000000.0,0.0,0.0,0,168
SUB_HIFLD_2654,SUB_HIFLD_3360,meso_SUB_HIFLD_2654_SUB_HIFLD_3360_rev,5000000.0,0.0,0.0,0,168
SUB_HIFLD_2655,SUB_HIFLD_2394,meso_SUB_HIFLD_2655_SUB_HIFLD_2394_fwd,5000000.0,2609258.119262857,5000000.0,82,168
SUB_HIFLD_2660,SUB_HIFLD_3111,meso_SUB_HIFLD_2660_SUB_HIFLD_3111_fwd,60000000.0,1051644.1139451535,1859484.1868607039,0,168
SUB_HIFLD_2660,SUB_HIFLD_690,meso_SUB_HIFLD_2660_SUB_HIFLD_690_fwd,60000000.0,3257656.141011253,6419606.167427069,0,168
SUB_HIFLD_2660,SUB_HIFLD_741,meso_SUB_HIFLD_2660_SUB_HIFLD_741_fwd,60000000.0,0.0,0.0,0,168
SUB_HIFLD_2660,SUB_HIFLD_783,meso_SUB_HIFLD_2660_SUB_HIFLD_783_fwd,60000000.0,360017.0027966454,16214503.98638103,0,168
SUB_HIFLD_2661,SUB_HIFLD_2411,meso_SUB_HIFLD_2661_SUB_HIFLD_2411_rev,80000000.0,1174664.8180718566,17451514.71864916,0,168
SUB_HIFLD_2661,SUB_HIFLD_2440,meso_SUB_HIFLD_2661_SUB_HIFLD_2440_rev,80000000.0,0.0,0.0,0,168
SUB_HIFLD_2663,SUB_HIFLD_1525,meso_SUB_HIFLD_2663_SUB_HIFLD_1525_fwd,89176857.6506629,0.0,0.0,0,168
SUB_HIFLD_2664,SUB_HIFLD_4195,meso_SUB_HIFLD_2664_SUB_HIFLD_4195_fwd,1200000000.0,0.0,0.0,0,168
SUB_HIFLD_2664,SUB_HIFLD_2635,meso_SUB_HIFLD_2664_SUB_HIFLD_2635_fwd,5000000.0,2768389.427952536,5000000.0,90,168
SUB_HIFLD_2665,SUB_HIFLD_1947,meso_SUB_HIFLD_2665_SUB_HIFLD_1947_rev,80000000.0,5118463.174008085,46269836.32626585,0,168
SUB_HIFLD_2665,SUB_HIFLD_2758,meso_SUB_HIFLD_2665_SUB_HIFLD_2758_fwd,80000000.0,0.0,0.0,0,168
SUB_HIFLD_2665,SUB_HIFLD_2795,meso_SUB_HIFLD_2665_SUB_HIFLD_2795_fwd,80000000.0,3742571.426525445,38290600.98293521,0,168
SUB_HIFLD_2665,SUB_HIFLD_1987,meso_SUB_HIFLD_2665_SUB_HIFLD_1987_rev,5000000.0,0.0,0.0,0,168
SUB_HIFLD_2668,SUB_HIFLD_1596,meso_SUB_HIFLD_2668_SUB_HIFLD_1596_rev,80000000.0,0.0,0.0,0,168
SUB_HIFLD_2668,SUB_HIFLD_1734,meso_SUB_HIFLD_2668_SUB_HIFLD_1734_rev,80000000.0,0.0,0.0,0,168
SUB_HIFLD_2668,SUB_HIFLD_3396,meso_SUB_HIFLD_2668_SUB_HIFLD_3396_fwd,80000000.0,0.0,0.0,0,168
SUB_HIFLD_2670,SUB_HIFLD_275,meso_SUB_HIFLD_2670_SUB_HIFLD_275_fwd,300000000.0,15686207.53639085,36517044.578552246,0,168
SUB_HIFLD_2671,SUB_HIFLD_2632,meso_SUB_HIFLD_2671_SUB_HIFLD_2632_rev,80000000.0,0.0,0.0,0,168
SUB_HIFLD_2671,SUB_HIFLD_2917,meso_SUB_HIFLD_2671_SUB_HIFLD_2917_fwd,80000000.0,15989675.210669765,49402844.266052246,0,168
SUB_HIFLD_2673,SUB_HIFLD_801,meso_SUB_HIFLD_2673_SUB_HIFLD_801_fwd,5000000.0,0.0,0.0,0,168
SUB_HIFLD_2674,SUB_HIFLD_1566,meso_SUB_HIFLD_2674_SUB_HIFLD_1566_rev,80000000.0,0.0,0.0,0,168
SUB_HIFLD_2674,SUB_HIFLD_1747,meso_SUB_HIFLD_2674_SUB_HIFLD_1747_rev,80000000.0,0.0,0.0,0,168
SUB_HIFLD_2674,SUB_HIFLD_4370,meso_SUB_HIFLD_2674_SUB_HIFLD_4370_fwd,80000000.0,693996.1468246484,24074826.39004211,0,168
SUB_HIFLD_2675,SUB_HIFLD_1568,meso_SUB_HIFLD_2675_SUB_HIFLD_1568_rev,400000000.0,89439354.01982297,217032622.1461725,0,168
SUB_HIFLD_2675,SUB_HIFLD_1635,meso_SUB_HIFLD_2675_SUB_HIFLD_1635_rev,1500000000.0,0.0,0.0,0,168
SUB_HIFLD_2675,SUB_HIFLD_1664,meso_SUB_HIFLD_2675_SUB_HIFLD_1664_rev,1500000000.0,1772.922893830565,297851.0461635349,0,168
SUB_HIFLD_2675,SUB_HIFLD_1679,meso_SUB_HIFLD_2675_SUB_HIFLD_1679_rev,400000000.0,17849989.021124873,102276240.81852703,0,168
SUB_HIFLD_2675,SUB_HIFLD_2533,meso_SUB_HIFLD_2675_SUB_HIFLD_2533_rev,80000000.0,14803770.907779189,28033946.034293935,0,168
SUB_HIFLD_2675,WECC_SCE,iface_SUB_HIFLD_2675_WECC_SCE_to_ba,113551470.17117159,0.0,0.0,0,168
SUB_HIFLD_2678,SUB_HIFLD_1948,meso_SUB_HIFLD_2678_SUB_HIFLD_1948_rev,80000000.0,0.0,0.0,0,168
SUB_HIFLD_2678,SUB_HIFLD_2685,meso_SUB_HIFLD_2678_SUB_HIFLD_2685_fwd,80000000.0,13719.442999591181,2304866.4239313183,0,168
SUB_HIFLD_2678,SUB_HIFLD_4125,meso_SUB_HIFLD_2678_SUB_HIFLD_4125_fwd,80000000.0,15755998.245789073,80000000.0,1,168
SUB_HIFLD_2679,SUB_HIFLD_3696,meso_SUB_HIFLD_2679_SUB_HIFLD_3696_fwd,5000000.0,0.0,0.0,0,168
SUB_HIFLD_2680,SUB_HIFLD_1957,meso_SUB_HIFLD_2680_SUB_HIFLD_1957_rev,80000000.0,15365410.658158103,33022460.9375,0,168
SUB_HIFLD_2680,SUB_HIFLD_1994,meso_SUB_HIFLD_2680_SUB_HIFLD_1994_rev,80000000.0,0.0,0.0,0,168
SUB_HIFLD_2680,SUB_HIFLD_4210,meso_SUB_HIFLD_2680_SUB_HIFLD_4210_fwd,80000000.0,111687.92817885293,15781245.526167924,0,168
SUB_HIFLD_2680,SUB_HIFLD_4224,meso_SUB_HIFLD_2680_SUB_HIFLD_4224_fwd,80000000.0,23575089.696909316,31009957.585007917,0,168
SUB_HIFLD_2681,SUB_HIFLD_1965,meso_SUB_HIFLD_2681_SUB_HIFLD_1965_rev,80000000.0,0.0,0.0,0,168
SUB_HIFLD_2681,SUB_HIFLD_1994,meso_SUB_HIFLD_2681_SUB_HIFLD_1994_rev,80000000.0,0.0,0.0,0,168
SUB_HIFLD_2681,SUB_HIFLD_4378,meso_SUB_HIFLD_2681_SUB_HIFLD_4378_fwd,80000000.0,6478472.797072969,57049793.40386396,0,168
SUB_HIFLD_2684,SUB_HIFLD_3433,meso_SUB_HIFLD_2684_SUB_HIFLD_3433_fwd,80000000.0,0.0,0.0,0,168
SUB_HIFLD_2684,SUB_HIFLD_3474,meso_SUB_HIFLD_2684_SUB_HIFLD_3474_fwd,80000000.0,0.0,0.0,0,168
SUB_HIFLD_2684,SUB_HIFLD_814,meso_SUB_HIFLD_2684_SUB_HIFLD_814_fwd,80000000.0,0.0,0.0,0,168
SUB_HIFLD_2684,SUB_HIFLD_870,meso_SUB_HIFLD_2684_SUB_HIFLD_870_fwd,80000000.0,0.0,0.0,0,168
SUB_HIFLD_2685,SUB_HIFLD_1977,meso_SUB_HIFLD_2685_SUB_HIFLD_1977_rev,80000000.0,0.0,0.0,0,168
SUB_HIFLD_2685,SUB_HIFLD_2678,meso_SUB_HIFLD_2685_SUB_HIFLD_2678_rev,80000000.0,180086.99874158934,13228250.019820696,0,168
SUB_HIFLD_2685,SUB_HIFLD_3699,meso_SUB_HIFLD_2685_SUB_HIFLD_3699_fwd,80000000.0,2678374.318640233,55071255.25722763,0,168
SUB_HIFLD_2691,SUB_HIFLD_1725,meso_SUB_HIFLD_2691_SUB_HIFLD_1725_rev,80000000.0,2499772.7990002576,10562478.956084892,0,168
SUB_HIFLD_2691,SUB_HIFLD_4138,meso_SUB_HIFLD_2691_SUB_HIFLD_4138_rev,51002480.76554541,23089363.596283693,31027413.21681701,0,168
SUB_HIFLD_2692,SUB_HIFLD_1285,meso_SUB_HIFLD_2692_SUB_HIFLD_1285_rev,210000000.0,39878594.962418064,210000000.0,1,168
SUB_HIFLD_2692,SUB_HIFLD_3251,meso_SUB_HIFLD_2692_SUB_HIFLD_3251_fwd,300000000.0,184410.84331724414,16683659.121517228,0,168
SUB_HIFLD_2692,SUB_HIFLD_4429,meso_SUB_HIFLD_2692_SUB_HIFLD_4429_fwd,150000000.0,0.0,0.0,0,168
SUB_HIFLD_2693,SUB_HIFLD_1951,meso_SUB_HIFLD_2693_SUB_HIFLD_1951_rev,80000000.0,0.0,0.0,0,168
SUB_HIFLD_2693,SUB_HIFLD_3415,meso_SUB_HIFLD_2693_SUB_HIFLD_3415_fwd,80000000.0,0.0,0.0,0,168
SUB_HIFLD_2693,SUB_HIFLD_4129,meso_SUB_HIFLD_2693_SUB_HIFLD_4129_fwd,80000000.0,0.0,0.0,0,168
SUB_HIFLD_2695,SUB_HIFLD_1612,meso_SUB_HIFLD_2695_SUB_HIFLD_1612_rev,80000000.0,0.0,0.0,0,168
SUB_HIFLD_2698,SUB_HIFLD_2097,meso_SUB_HIFLD_2698_SUB_HIFLD_2097_rev,80000000.0,0.0,0.0,0,168
SUB_HIFLD_2698,SUB_HIFLD_2100,meso_SUB_HIFLD_2698_SUB_HIFLD_2100_rev,80000000.0,0.0,0.0,0,168
SUB_HIFLD_2698,SUB_HIFLD_3906,meso_SUB_HIFLD_2698_SUB_HIFLD_3906_fwd,80000000.0,0.0,0.0,0,168
SUB_HIFLD_2699,SUB_HIFLD_1566,meso_SUB_HIFLD_2699_SUB_HIFLD_1566_rev,80000000.0,0.0,0.0,0,168
SUB_HIFLD_2699,SUB_HIFLD_3473,meso_SUB_HIFLD_2699_SUB_HIFLD_3473_fwd,80000000.0,0.0,0.0,0,168
SUB_HIFLD_2705,SUB_HIFLD_1153,meso_SUB_HIFLD_2705_SUB_HIFLD_1153_rev,150000000.0,496367.4476979631,13744803.092405967,0,168
SUB_HIFLD_2705,SUB_HIFLD_1829,meso_SUB_HIFLD_2705_SUB_HIFLD_1829_rev,150000000.0,5053508.956061507,19624467.088454258,0,168
SUB_HIFLD_2705,SUB_HIFLD_1845,meso_SUB_HIFLD_2705_SUB_HIFLD_1845_rev,150000000.0,0.0,0.0,0,168
SUB_HIFLD_2705,SUB_HIFLD_3623,meso_SUB_HIFLD_2705_SUB_HIFLD_3623_fwd,150000000.0,456032.28555032087,12950909.895749437,0,168
SUB_HIFLD_2705,SUB_HIFLD_1833,meso_SUB_HIFLD_2705_SUB_HIFLD_1833_rev,150000000.0,0.0,0.0,0,168
SUB_HIFLD_2705,SUB_HIFLD_1844,meso_SUB_HIFLD_2705_SUB_HIFLD_1844_rev,150000000.0,17001632.4436894,25135154.0859732,0,168
SUB_HIFLD_2706,SUB_HIFLD_2552,meso_SUB_HIFLD_2706_SUB_HIFLD_2552_rev,80000000.0,3389511.656965173,15398704.807258382,0,168
SUB_HIFLD_2706,SUB_HIFLD_3760,meso_SUB_HIFLD_2706_SUB_HIFLD_3760_fwd,80000000.0,23069406.588660665,47559213.39351172,0,168
SUB_HIFLD_2706,SUB_HIFLD_4381,meso_SUB_HIFLD_2706_SUB_HIFLD_4381_fwd,80000000.0,0.0,0.0,0,168
SUB_HIFLD_2708,SUB_HIFLD_3417,meso_SUB_HIFLD_2708_SUB_HIFLD_3417_fwd,80000000.0,0.0,0.0,0,168
SUB_HIFLD_2708,SUB_HIFLD_3746,meso_SUB_HIFLD_2708_SUB_HIFLD_3746_fwd,80000000.0,1682308.7838581826,13589388.643196456,0,168
SUB_HIFLD_2708,SUB_HIFLD_4288,meso_SUB_HIFLD_2708_SUB_HIFLD_4288_fwd,80000000.0,0.0,0.0,0,168
SUB_HIFLD_2711,SUB_HIFLD_750,meso_SUB_HIFLD_2711_SUB_HIFLD_750_fwd,60000000.0,0.0,0.0,0,168
SUB_HIFLD_2712,SUB_HIFLD_1373,meso_SUB_HIFLD_2712_SUB_HIFLD_1373_rev,60000000.0,20827855.376898453,36827158.970075496,0,168
SUB_HIFLD_2712,SUB_HIFLD_2557,meso_SUB_HIFLD_2712_SUB_HIFLD_2557_rev,60000000.0,0.0,0.0,0,168
SUB_HIFLD_2715,SUB_HIFLD_2372,meso_SUB_HIFLD_2715_SUB_HIFLD_2372_rev,80000000.0,67167.01884139168,6198841.31706561,0,168
SUB_HIFLD_2715,SUB_HIFLD_2376,meso_SUB_HIFLD_2715_SUB_HIFLD_2376_rev,80000000.0,0.0,0.0,0,168
SUB_HIFLD_2715,SUB_HIFLD_2856,meso_SUB_HIFLD_2715_SUB_HIFLD_2856_fwd,80000000.0,0.0,0.0,0,168
SUB_HIFLD_2715,SUB_HIFLD_4347,meso_SUB_HIFLD_2715_SUB_HIFLD_4347_fwd,80000000.0,0.0,0.0,0,168
SUB_HIFLD_2717,SUB_HIFLD_1688,meso_SUB_HIFLD_2717_SUB_HIFLD_1688_rev,80000000.0,0.0,0.0,0,168
SUB_HIFLD_2717,SUB_HIFLD_1697,meso_SUB_HIFLD_2717_SUB_HIFLD_1697_rev,80000000.0,0.0,0.0,0,168
SUB_HIFLD_2717,SUB_HIFLD_1722,meso_SUB_HIFLD_2717_SUB_HIFLD_1722_rev,80000000.0,20687833.612411115,24168966.45457474,0,168
SUB_HIFLD_2717,SUB_HIFLD_3733,meso_SUB_HIFLD_2717_SUB_HIFLD_3733_fwd,80000000.0,0.0,0.0,0,168
SUB_HIFLD_2721,SUB_HIFLD_2885,meso_SUB_HIFLD_2721_SUB_HIFLD_2885_fwd,80000000.0,0.0,0.0,0,168
SUB_HIFLD_2721,SUB_HIFLD_3159,meso_SUB_HIFLD_2721_SUB_HIFLD_3159_fwd,80000000.0,26146375.377169404,52283690.48317191,0,168
SUB_HIFLD_2721,SUB_HIFLD_3309,meso_SUB_HIFLD_2721_SUB_HIFLD_3309_fwd,80000000.0,9796184.149545372,21963370.90663402,0,168
SUB_HIFLD_2722,SUB_25224,meso_SUB_HIFLD_2722_SUB_25224_rev,60000000.0,0.0,0.0,0,168
SUB_HIFLD_2722,SUB_HIFLD_3631,meso_SUB_HIFLD_2722_SUB_HIFLD_3631_fwd,60000000.0,0.0,0.0,0,168
SUB_HIFLD_2722,SUB_HIFLD_459,meso_SUB_HIFLD_2722_SUB_HIFLD_459_fwd,60000000.0,2345568.9344338602,3939369.2754485398,0,168
SUB_HIFLD_2725,SUB_HIFLD_770,meso_SUB_HIFLD_2725_SUB_HIFLD_770_fwd,60000000.0,1171764.2768902935,2071876.7303781412,0,168
SUB_HIFLD_2725,SUB_HIFLD_4414,meso_SUB_HIFLD_2725_SUB_HIFLD_4414_fwd,6413940.941035329,0.0,0.0,0,168
SUB_HIFLD_2726,SUB_15218,meso_SUB_HIFLD_2726_SUB_15218_rev,120000000.0,0.0,0.0,0,168
SUB_HIFLD_2726,SUB_15257,meso_SUB_HIFLD_2726_SUB_15257_rev,150000000.0,3450583.7904425915,27526289.163176548,0,168
SUB_HIFLD_2726,SUB_15276,meso_SUB_HIFLD_2726_SUB_15276_rev,400000000.0,0.0,0.0,0,168
SUB_HIFLD_2726,SUB_HIFLD_1361,meso_SUB_HIFLD_2726_SUB_HIFLD_1361_rev,400000000.0,13850802.72705627,95112460.34673975,0,168
SUB_HIFLD_2726,SUB_HIFLD_2844,meso_SUB_HIFLD_2726_SUB_HIFLD_2844_fwd,150000000.0,20359277.857282776,35998635.24170645,0,168
SUB_HIFLD_2726,SUB_HIFLD_3257,meso_SUB_HIFLD_2726_SUB_HIFLD_3257_fwd,400000000.0,47750376.01571737,119831556.77169593,0,168
SUB_HIFLD_2726,SUB_HIFLD_621,meso_SUB_HIFLD_2726_SUB_HIFLD_621_fwd,60000000.0,4953913.266318185,8759353.606233891,0,168
SUB_HIFLD_2726,SUB_HIFLD_647,meso_SUB_HIFLD_2726_SUB_HIFLD_647_fwd,150000000.0,2402343.7356738173,4247749.061191205,0,168
SUB_HIFLD_2726,SUB_HIFLD_752,meso_SUB_HIFLD_2726_SUB_HIFLD_752_fwd,400000000.0,402557.44013648195,1449050.887589602,0,168
SUB_HIFLD_2726,WEC_BANC,iface_SUB_HIFLD_2726_WEC_BANC_to_ba,20000000.0,8965047.18754653,20000000.0,71,168
SUB_HIFLD_2730,SUB_HIFLD_3501,meso_SUB_HIFLD_2730_SUB_HIFLD_3501_fwd,60000000.0,3286686.930611957,5811416.720360825,0,168
SUB_HIFLD_2730,SUB_HIFLD_594,meso_SUB_HIFLD_2730_SUB_HIFLD_594_fwd,60000000.0,0.0,0.0,0,168
SUB_HIFLD_2733,SUB_HIFLD_3134,meso_SUB_HIFLD_2733_SUB_HIFLD_3134_fwd,60000000.0,3029258.0417282856,5356238.799734214,0,168
SUB_HIFLD_2733,SUB_HIFLD_755,meso_SUB_HIFLD_2733_SUB_HIFLD_755_fwd,60000000.0,0.0,0.0,0,168
SUB_HIFLD_2736,SUB_HIFLD_638,meso_SUB_HIFLD_2736_SUB_HIFLD_638_fwd,60000000.0,0.0,0.0,0,168
SUB_HIFLD_2736,SUB_HIFLD_697,meso_SUB_HIFLD_2736_SUB_HIFLD_697_fwd,60000000.0,0.0,0.0,0,168
SUB_HIFLD_2736,SUB_HIFLD_737,meso_SUB_HIFLD_2736_SUB_HIFLD_737_fwd,60000000.0,0.0,0.0,0,168
SUB_HIFLD_2739,SUB_HIFLD_2415,meso_SUB_HIFLD_2739_SUB_HIFLD_2415_rev,80000000.0,8877712.704448298,9909759.33271585,0,168
SUB_HIFLD_2739,SUB_HIFLD_2425,meso_SUB_HIFLD_2739_SUB_HIFLD_2425_rev,80000000.0,15563488.153722242,20859466.7836612,0,168
SUB_HIFLD_2739,SUB_HIFLD_3453,meso_SUB_HIFLD_2739_SUB_HIFLD_3453_fwd,80000000.0,2916172.8172818813,17478403.4798219,0,168
SUB_HIFLD_2739,SUB_HIFLD_3529,meso_SUB_HIFLD_2739_SUB_HIFLD_3529_fwd,80000000.0,0.0,0.0,0,168
SUB_HIFLD_2739,SUB_HIFLD_3654,meso_SUB_HIFLD_2739_SUB_HIFLD_3654_fwd,80000000.0,5258.52996576166,6499.656205324783,0,168
SUB_HIFLD_2743,SUB_HIFLD_2774,meso_SUB_HIFLD_2743_SUB_HIFLD_2774_fwd,60000000.0,0.0,0.0,0,168
SUB_HIFLD_2743,SUB_HIFLD_4341,meso_SUB_HIFLD_2743_SUB_HIFLD_4341_fwd,60000000.0,502335.7196498036,5937912.08168895,0,168
SUB_HIFLD_2743,SUB_HIFLD_748,meso_SUB_HIFLD_2743_SUB_HIFLD_748_fwd,60000000.0,10445787.763840329,19985034.204952937,0,168
SUB_HIFLD_2743,SUB_HIFLD_781,meso_SUB_HIFLD_2743_SUB_HIFLD_781_fwd,60000000.0,1035145.0620077039,3264156.9629157935,0,168
SUB_HIFLD_2744,SUB_HIFLD_1264,meso_SUB_HIFLD_2744_SUB_HIFLD_1264_rev,80000000.0,20979048.387842223,38051416.73278808,0,168
SUB_HIFLD_2744,SUB_HIFLD_3593,meso_SUB_HIFLD_2744_SUB_HIFLD_3593_fwd,80000000.0,0.0,0.0,0,168
SUB_HIFLD_2744,SUB_HIFLD_499,meso_SUB_HIFLD_2744_SUB_HIFLD_499_fwd,80000000.0,0.0,0.0,0,168
SUB_HIFLD_2745,SUB_HIFLD_1030,meso_SUB_HIFLD_2745_SUB_HIFLD_1030_rev,80000000.0,422500.6554339926,12172626.299885966,0,168
SUB_HIFLD_2745,SUB_HIFLD_4273,meso_SUB_HIFLD_2745_SUB_HIFLD_4273_fwd,80000000.0,735173.8081337898,13256195.217845414,0,168
SUB_HIFLD_2745,SUB_HIFLD_913,meso_SUB_HIFLD_2745_SUB_HIFLD_913_fwd,80000000.0,32444562.6653958,41422842.88044526,0,168
SUB_HIFLD_2745,SUB_HIFLD_924,meso_SUB_HIFLD_2745_SUB_HIFLD_924_fwd,80000000.0,62680.206521676024,4830340.5991576305,0,168
SUB_HIFLD_2746,SUB_HIFLD_2984,meso_SUB_HIFLD_2746_SUB_HIFLD_2984_fwd,60000000.0,0.0,0.0,0,168
SUB_HIFLD_2746,SUB_HIFLD_2988,meso_SUB_HIFLD_2746_SUB_HIFLD_2988_fwd,60000000.0,0.0,0.0,0,168
SUB_HIFLD_2746,SUB_HIFLD_3187,meso_SUB_HIFLD_2746_SUB_HIFLD_3187_fwd,60000000.0,0.0,0.0,0,168
SUB_HIFLD_2748,SUB_HIFLD_2433,meso_SUB_HIFLD_2748_SUB_HIFLD_2433_rev,80000000.0,0.0,0.0,0,168
SUB_HIFLD_2748,SUB_HIFLD_2441,meso_SUB_HIFLD_2748_SUB_HIFLD_2441_rev,80000000.0,257897.0057506683,331668.1852045747,0,168
SUB_HIFLD_2748,SUB_HIFLD_2996,meso_SUB_HIFLD_2748_SUB_HIFLD_2996_fwd,80000000.0,0.0,0.0,0,168
SUB_HIFLD_2750,SUB_HIFLD_1548,meso_SUB_HIFLD_2750_SUB_HIFLD_1548_rev,80000000.0,0.0,0.0,0,168
SUB_HIFLD_2750,SUB_HIFLD_3317,meso_SUB_HIFLD_2750_SUB_HIFLD_3317_fwd,80000000.0,0.0,0.0,0,168
SUB_HIFLD_2751,SUB_HIFLD_1332,meso_SUB_HIFLD_2751_SUB_HIFLD_1332_rev,60000000.0,0.0,0.0,0,168
SUB_HIFLD_2751,SUB_HIFLD_2003,meso_SUB_HIFLD_2751_SUB_HIFLD_2003_rev,60000000.0,0.0,0.0,0,168
SUB_HIFLD_2751,SUB_HIFLD_2006,meso_SUB_HIFLD_2751_SUB_HIFLD_2006_rev,60000000.0,0.0,0.0,0,168
SUB_HIFLD_2753,SUB_HIFLD_1366,meso_SUB_HIFLD_2753_SUB_HIFLD_1366_rev,150000000.0,434221.12973419274,7843353.186883157,0,168
SUB_HIFLD_2753,SUB_HIFLD_2557,meso_SUB_HIFLD_2753_SUB_HIFLD_2557_rev,400000000.0,241582.19213149368,10338355.855579115,0,168
SUB_HIFLD_2753,SUB_HIFLD_3422,meso_SUB_HIFLD_2753_SUB_HIFLD_3422_fwd,60000000.0,7431715.8123257505,15192995.605311442,0,168
SUB_HIFLD_2753,SUB_HIFLD_651,meso_SUB_HIFLD_2753_SUB_HIFLD_651_fwd,60000000.0,2263213.373771395,11020845.571413143,0,168
SUB_HIFLD_2753,SUB_HIFLD_675,meso_SUB_HIFLD_2753_SUB_HIFLD_675_fwd,60000000.0,5975157.911175889,12211284.749128269,0,168
SUB_HIFLD_2753,SUB_HIFLD_696,meso_SUB_HIFLD_2753_SUB_HIFLD_696_fwd,150000000.0,0.0,0.0,0,168
SUB_HIFLD_2753,WEC_BANC,iface_SUB_HIFLD_2753_WEC_BANC_to_ba,20000000.0,0.0,0.0,0,168
SUB_HIFLD_2754,SUB_HIFLD_1998,meso_SUB_HIFLD_2754_SUB_HIFLD_1998_rev,200000000.0,0.0,0.0,0,168
SUB_HIFLD_2754,SUB_HIFLD_2000,meso_SUB_HIFLD_2754_SUB_HIFLD_2000_rev,200000000.0,34517829.70325468,45801953.376691364,0,168
SUB_HIFLD_2754,SUB_HIFLD_2002,meso_SUB_HIFLD_2754_SUB_HIFLD_2002_rev,200000000.0,0.0,0.0,0,168
SUB_HIFLD_2755,SUB_HIFLD_3128,meso_SUB_HIFLD_2755_SUB_HIFLD_3128_fwd,60000000.0,0.0,0.0,0,168
SUB_HIFLD_2758,SUB_HIFLD_1932,meso_SUB_HIFLD_2758_SUB_HIFLD_1932_rev,80000000.0,0.0,0.0,0,168
SUB_HIFLD_2758,SUB_HIFLD_1938,meso_SUB_HIFLD_2758_SUB_HIFLD_1938_rev,80000000.0,0.0,0.0,0,168
SUB_HIFLD_2758,SUB_HIFLD_2665,meso_SUB_HIFLD_2758_SUB_HIFLD_2665_rev,80000000.0,9135087.217044875,47765403.183281,0,168
SUB_HIFLD_2758,SUB_HIFLD_4378,meso_SUB_HIFLD_2758_SUB_HIFLD_4378_fwd,80000000.0,0.0,0.0,0,168
SUB_HIFLD_2759,SUB_HIFLD_1381,meso_SUB_HIFLD_2759_SUB_HIFLD_1381_rev,60000000.0,0.0,0.0,0,168
SUB_HIFLD_2759,SUB_HIFLD_673,meso_SUB_HIFLD_2759_SUB_HIFLD_673_fwd,60000000.0,52328498.90919579,60000000.0,37,168
SUB_HIFLD_2759,SUB_HIFLD_753,meso_SUB_HIFLD_2759_SUB_HIFLD_753_fwd,60000000.0,0.0,0.0,0,168
SUB_HIFLD_2763,SUB_HIFLD_4062,meso_SUB_HIFLD_2763_SUB_HIFLD_4062_fwd,80000000.0,0.0,0.0,0,168
SUB_HIFLD_2763,SUB_HIFLD_590,meso_SUB_HIFLD_2763_SUB_HIFLD_590_fwd,80000000.0,0.0,0.0,0,168
SUB_HIFLD_2763,SUB_HIFLD_864,meso_SUB_HIFLD_2763_SUB_HIFLD_864_fwd,80000000.0,0.0,0.0,0,168
SUB_HIFLD_2764,SUB_HIFLD_861,meso_SUB_HIFLD_2764_SUB_HIFLD_861_fwd,80000000.0,0.0,0.0,0,168
SUB_HIFLD_2769,SUB_HIFLD_2908,meso_SUB_HIFLD_2769_SUB_HIFLD_2908_fwd,60000000.0,106870.61124472391,434263.89598846436,0,168
SUB_HIFLD_2771,SUB_HIFLD_2595,meso_SUB_HIFLD_2771_SUB_HIFLD_2595_rev,60000000.0,38613.362892242556,1875025.757713318,0,168
SUB_HIFLD_2771,SUB_HIFLD_3141,meso_SUB_HIFLD_2771_SUB_HIFLD_3141_fwd,60000000.0,0.0,0.0,0,168
SUB_HIFLD_2771,SUB_HIFLD_612,meso_SUB_HIFLD_2771_SUB_HIFLD_612_fwd,60000000.0,886542.075139851,2127973.886647175,0,168
SUB_HIFLD_2773,SUB_HIFLD_2295,meso_SUB_HIFLD_2773_SUB_HIFLD_2295_rev,60000000.0,0.0,0.0,0,168
SUB_HIFLD_2773,SUB_HIFLD_2298,meso_SUB_HIFLD_2773_SUB_HIFLD_2298_rev,60000000.0,0.0,0.0,0,168
SUB_HIFLD_2773,SUB_HIFLD_2830,meso_SUB_HIFLD_2773_SUB_HIFLD_2830_fwd,60000000.0,6956863.752842228,14311658.072217934,0,168
SUB_HIFLD_2774,SUB_HIFLD_2743,meso_SUB_HIFLD_2774_SUB_HIFLD_2743_rev,60000000.0,14920284.57001337,31262513.871991064,0,168
SUB_HIFLD_2774,SUB_HIFLD_3371,meso_SUB_HIFLD_2774_SUB_HIFLD_3371_fwd,60000000.0,0.0,0.0,0,168
SUB_HIFLD_2774,SUB_HIFLD_4185,meso_SUB_HIFLD_2774_SUB_HIFLD_4185_fwd,60000000.0,523540.26767747564,1271876.7893683051,0,168
SUB_HIFLD_2776,SUB_HIFLD_1470,meso_SUB_HIFLD_2776_SUB_HIFLD_1470_rev,80000000.0,0.0,0.0,0,168
SUB_HIFLD_2776,SUB_HIFLD_2904,meso_SUB_HIFLD_2776_SUB_HIFLD_2904_fwd,80000000.0,0.0,0.0,0,168
SUB_HIFLD_2776,SUB_HIFLD_551,meso_SUB_HIFLD_2776_SUB_HIFLD_551_fwd,80000000.0,4452769.402852352,47043805.71071621,0,168
SUB_HIFLD_2776,SUB_HIFLD_834,meso_SUB_HIFLD_2776_SUB_HIFLD_834_fwd,80000000.0,0.0,0.0,0,168
SUB_HIFLD_2776,SUB_HIFLD_841,meso_SUB_HIFLD_2776_SUB_HIFLD_841_fwd,80000000.0,0.0,0.0,0,168
SUB_HIFLD_2776,SUB_HIFLD_2534,meso_SUB_HIFLD_2776_SUB_HIFLD_2534_rev,5000000.0,0.0,0.0,0,168
SUB_HIFLD_2777,SUB_HIFLD_1380,meso_SUB_HIFLD_2777_SUB_HIFLD_1380_rev,60000000.0,0.0,0.0,0,168
SUB_HIFLD_2777,SUB_HIFLD_4028,meso_SUB_HIFLD_2777_SUB_HIFLD_4028_fwd,60000000.0,34584793.8715191,60000000.0,6,168
SUB_HIFLD_2777,SUB_HIFLD_601,meso_SUB_HIFLD_2777_SUB_HIFLD_601_fwd,60000000.0,8551101.468553951,15119788.41565319,0,168
SUB_HIFLD_2777,SUB_HIFLD_758,meso_SUB_HIFLD_2777_SUB_HIFLD_758_fwd,60000000.0,0.0,0.0,0,168
SUB_HIFLD_2779,SUB_HIFLD_4028,meso_SUB_HIFLD_2779_SUB_HIFLD_4028_fwd,60000000.0,1426679.5512979524,32926021.95629631,0,168
SUB_HIFLD_2779,SUB_HIFLD_4282,meso_SUB_HIFLD_2779_SUB_HIFLD_4282_fwd,60000000.0,766190.3089138855,21455829.11430275,0,168
SUB_HIFLD_2779,SUB_HIFLD_721,meso_SUB_HIFLD_2779_SUB_HIFLD_721_fwd,60000000.0,0.0,0.0,0,168
SUB_HIFLD_2780,SUB_HIFLD_1412,meso_SUB_HIFLD_2780_SUB_HIFLD_1412_rev,60000000.0,0.0,0.0,0,168
SUB_HIFLD_2782,SUB_HIFLD_1547,meso_SUB_HIFLD_2782_SUB_HIFLD_1547_rev,800000000.0,0.0,0.0,0,168
SUB_HIFLD_2782,SUB_HIFLD_1687,meso_SUB_HIFLD_2782_SUB_HIFLD_1687_rev,400000000.0,0.0,0.0,0,168
SUB_HIFLD_2782,SUB_HIFLD_1771,meso_SUB_HIFLD_2782_SUB_HIFLD_1771_rev,400000000.0,0.0,0.0,0,168
SUB_HIFLD_2783,SUB_HIFLD_2638,meso_SUB_HIFLD_2783_SUB_HIFLD_2638_rev,80000000.0,0.0,0.0,0,168
SUB_HIFLD_2783,SUB_HIFLD_4343,meso_SUB_HIFLD_2783_SUB_HIFLD_4343_fwd,80000000.0,0.0,0.0,0,168
SUB_HIFLD_2783,SUB_HIFLD_795,meso_SUB_HIFLD_2783_SUB_HIFLD_795_fwd,80000000.0,0.0,0.0,0,168
SUB_HIFLD_2784,SUB_HIFLD_556,meso_SUB_HIFLD_2784_SUB_HIFLD_556_fwd,150000000.0,0.0,0.0,0,168
SUB_HIFLD_2784,SUB_HIFLD_582,meso_SUB_HIFLD_2784_SUB_HIFLD_582_fwd,150000000.0,0.0,0.0,0,168
SUB_HIFLD_2784,SUB_HIFLD_575,meso_SUB_HIFLD_2784_SUB_HIFLD_575_fwd,150000000.0,0.0,0.0,0,168
SUB_HIFLD_2785,SUB_HIFLD_2567,meso_SUB_HIFLD_2785_SUB_HIFLD_2567_rev,60000000.0,3592143.841005156,6351515.874174452,0,168
SUB_HIFLD_2785,SUB_HIFLD_4359,meso_SUB_HIFLD_2785_SUB_HIFLD_4359_fwd,60000000.0,0.0,0.0,0,168
SUB_HIFLD_2785,SUB_HIFLD_731,meso_SUB_HIFLD_2785_SUB_HIFLD_731_fwd,60000000.0,0.0,0.0,0,168
SUB_HIFLD_2791,SUB_01311,meso_SUB_HIFLD_2791_SUB_01311_rev,150000000.0,0.0,0.0,0,168
SUB_HIFLD_2791,SUB_01438,meso_SUB_HIFLD_2791_SUB_01438_rev,150000000.0,0.0,0.0,0,168
SUB_HIFLD_2791,SUB_HIFLD_11,meso_SUB_HIFLD_2791_SUB_HIFLD_11_rev,150000000.0,25508525.728420105,49464744.50511042,0,168
SUB_HIFLD_2791,SUB_HIFLD_2989,meso_SUB_HIFLD_2791_SUB_HIFLD_2989_fwd,150000000.0,14417336.925002689,71182510.56279898,0,168
SUB_HIFLD_2794,SUB_HIFLD_2618,meso_SUB_HIFLD_2794_SUB_HIFLD_2618_rev,150000000.0,274050.57377043983,4241280.029884052,0,168
SUB_HIFLD_2794,SUB_HIFLD_3222,meso_SUB_HIFLD_2794_SUB_HIFLD_3222_fwd,150000000.0,29704.485186445454,3993298.190275527,0,168
SUB_HIFLD_2794,SUB_HIFLD_810,meso_SUB_HIFLD_2794_SUB_HIFLD_810_fwd,150000000.0,2453400.716354781,10318792.026619999,0,168
SUB_HIFLD_2795,SUB_HIFLD_1935,meso_SUB_HIFLD_2795_SUB_HIFLD_1935_rev,80000000.0,0.0,0.0,0,168
SUB_HIFLD_2795,SUB_HIFLD_1988,meso_SUB_HIFLD_2795_SUB_HIFLD_1988_rev,80000000.0,3630294.283729682,37141882.95344716,0,168
SUB_HIFLD_2795,SUB_HIFLD_2665,meso_SUB_HIFLD_2795_SUB_HIFLD_2665_rev,80000000.0,0.0,0.0,0,168
SUB_HIFLD_2796,SUB_HIFLD_1376,meso_SUB_HIFLD_2796_SUB_HIFLD_1376_rev,60000000.0,0.0,0.0,0,168
SUB_HIFLD_2796,SUB_HIFLD_4319,meso_SUB_HIFLD_2796_SUB_HIFLD_4319_fwd,60000000.0,17226349.666022517,60000000.0,2,168
SUB_HIFLD_2796,SUB_HIFLD_607,meso_SUB_HIFLD_2796_SUB_HIFLD_607_fwd,60000000.0,931153.3659103314,2583734.9881830905,0,168
SUB_HIFLD_2796,SUB_HIFLD_625,meso_SUB_HIFLD_2796_SUB_HIFLD_625_fwd,60000000.0,8371348.952852019,21797233.887479294,0,168
SUB_HIFLD_2801,SUB_HIFLD_1678,meso_SUB_HIFLD_2801_SUB_HIFLD_1678_rev,80000000.0,0.0,0.0,0,168
SUB_HIFLD_2801,SUB_HIFLD_1730,meso_SUB_HIFLD_2801_SUB_HIFLD_1730_rev,80000000.0,0.0,0.0,0,168
SUB_HIFLD_2801,SUB_HIFLD_2983,meso_SUB_HIFLD_2801_SUB_HIFLD_2983_fwd,80000000.0,0.0,0.0,0,168
SUB_HIFLD_2801,SUB_HIFLD_4337,meso_SUB_HIFLD_2801_SUB_HIFLD_4337_fwd,80000000.0,0.0,0.0,0,168
SUB_HIFLD_2802,SUB_HIFLD_4087,meso_SUB_HIFLD_2802_SUB_HIFLD_4087_fwd,60000000.0,0.0,0.0,0,168
SUB_HIFLD_2802,SUB_HIFLD_4422,meso_SUB_HIFLD_2802_SUB_HIFLD_4422_fwd,60000000.0,5783820.639388369,10226769.967149606,0,168
SUB_HIFLD_2802,SUB_HIFLD_615,meso_SUB_HIFLD_2802_SUB_HIFLD_615_fwd,60000000.0,0.0,0.0,0,168
SUB_HIFLD_2804,SUB_HIFLD_2421,meso_SUB_HIFLD_2804_SUB_HIFLD_2421_rev,80000000.0,0.0,0.0,0,168
SUB_HIFLD_2804,SUB_HIFLD_2422,meso_SUB_HIFLD_2804_SUB_HIFLD_2422_rev,80000000.0,0.0,0.0,0,168
SUB_HIFLD_2807,SUB_HIFLD_1030,meso_SUB_HIFLD_2807_SUB_HIFLD_1030_rev,80000000.0,0.0,0.0,0,168
SUB_HIFLD_2807,SUB_HIFLD_4031,meso_SUB_HIFLD_2807_SUB_HIFLD_4031_fwd,80000000.0,968130.8068419183,1211640.4739851805,0,168
SUB_HIFLD_2807,SUB_HIFLD_896,meso_SUB_HIFLD_2807_SUB_HIFLD_896_fwd,80000000.0,0.0,0.0,0,168
SUB_HIFLD_2809,SUB_HIFLD_1948,meso_SUB_HIFLD_2809_SUB_HIFLD_1948_rev,80000000.0,0.0,0.0,0,168
SUB_HIFLD_2809,SUB_HIFLD_2829,meso_SUB_HIFLD_2809_SUB_HIFLD_2829_fwd,80000000.0,0.0,0.0,0,168
SUB_HIFLD_2809,SUB_HIFLD_3697,meso_SUB_HIFLD_2809_SUB_HIFLD_3697_fwd,80000000.0,4770812.78856989,60248854.114379875,0,168
SUB_HIFLD_2817,SUB_HIFLD_1679,meso_SUB_HIFLD_2817_SUB_HIFLD_1679_rev,80000000.0,0.0,0.0,0,168
SUB_HIFLD_2817,SUB_HIFLD_1923,meso_SUB_HIFLD_2817_SUB_HIFLD_1923_rev,80000000.0,0.0,0.0,0,168
SUB_HIFLD_2817,SUB_HIFLD_1930,meso_SUB_HIFLD_2817_SUB_HIFLD_1930_rev,80000000.0,1818177.2625069786,46750282.14602127,0,168
SUB_HIFLD_2817,SUB_HIFLD_1937,meso_SUB_HIFLD_2817_SUB_HIFLD_1937_rev,80000000.0,19564094.85966312,35518543.361388534,0,168
SUB_HIFLD_2818,SUB_HIFLD_3374,meso_SUB_HIFLD_2818_SUB_HIFLD_3374_fwd,150000000.0,6646729.769887578,40369706.32534653,0,168
SUB_HIFLD_2818,SUB_HIFLD_534,meso_SUB_HIFLD_2818_SUB_HIFLD_534_fwd,150000000.0,11321322.938586691,35277274.108036935,0,168
SUB_HIFLD_2818,SUB_HIFLD_538,meso_SUB_HIFLD_2818_SUB_HIFLD_538_fwd,150000000.0,0.0,0.0,0,168
SUB_HIFLD_2819,SUB_HIFLD_1574,meso_SUB_HIFLD_2819_SUB_HIFLD_1574_rev,80000000.0,0.0,0.0,0,168
SUB_HIFLD_2819,SUB_HIFLD_1575,meso_SUB_HIFLD_2819_SUB_HIFLD_1575_rev,80000000.0,0.0,0.0,0,168
SUB_HIFLD_2819,SUB_HIFLD_1622,meso_SUB_HIFLD_2819_SUB_HIFLD_1622_rev,80000000.0,434073.5238905997,25236495.694239482,0,168
SUB_HIFLD_2822,SUB_HIFLD_3146,meso_SUB_HIFLD_2822_SUB_HIFLD_3146_fwd,60000000.0,136726.9545018117,241756.28976723584,0,168
SUB_HIFLD_2822,SUB_HIFLD_4093,meso_SUB_HIFLD_2822_SUB_HIFLD_4093_fwd,60000000.0,74706.04585162662,3095393.270518174,0,168
SUB_HIFLD_2822,SUB_HIFLD_691,meso_SUB_HIFLD_2822_SUB_HIFLD_691_fwd,60000000.0,0.0,0.0,0,168
SUB_HIFLD_2822,SUB_HIFLD_3116,meso_SUB_HIFLD_2822_SUB_HIFLD_3116_rev,8894765.899287831,4311705.012408085,7623821.581024485,0,168
SUB_HIFLD_2823,SUB_HIFLD_1385,meso_SUB_HIFLD_2823_SUB_HIFLD_1385_rev,60000000.0,0.0,0.0,0,168
SUB_HIFLD_2824,SUB_HIFLD_798,meso_SUB_HIFLD_2824_SUB_HIFLD_798_fwd,150000000.0,33679013.667530335,50927652.323614694,0,168
SUB_HIFLD_2824,SUB_HIFLD_799,meso_SUB_HIFLD_2824_SUB_HIFLD_799_fwd,150000000.0,0.0,0.0,0,168
SUB_HIFLD_2824,SUB_HIFLD_829,meso_SUB_HIFLD_2824_SUB_HIFLD_829_fwd,150000000.0,0.0,0.0,0,168
SUB_HIFLD_2825,SUB_HIFLD_1612,meso_SUB_HIFLD_2825_SUB_HIFLD_1612_rev,80000000.0,0.0,0.0,0,168
SUB_HIFLD_2825,SUB_HIFLD_2852,meso_SUB_HIFLD_2825_SUB_HIFLD_2852_fwd,80000000.0,31388475.00902051,39855840.663115196,0,168
SUB_HIFLD_2825,SUB_HIFLD_848,meso_SUB_HIFLD_2825_SUB_HIFLD_848_fwd,80000000.0,0.0,0.0,0,168
SUB_HIFLD_2826,SUB_HIFLD_3305,meso_SUB_HIFLD_2826_SUB_HIFLD_3305_fwd,60000000.0,313283.68994804047,1165532.7149053419,0,168
SUB_HIFLD_2826,SUB_HIFLD_3542,meso_SUB_HIFLD_2826_SUB_HIFLD_3542_fwd,60000000.0,3634893.2960752137,6427104.145062599,0,168
SUB_HIFLD_2826,SUB_HIFLD_774,meso_SUB_HIFLD_2826_SUB_HIFLD_774_fwd,60000000.0,0.0,0.0,0,168
SUB_HIFLD_2827,SUB_HIFLD_1537,meso_SUB_HIFLD_2827_SUB_HIFLD_1537_rev,80000000.0,0.0,0.0,0,168
SUB_HIFLD_2827,SUB_HIFLD_1618,meso_SUB_HIFLD_2827_SUB_HIFLD_1618_rev,80000000.0,0.0,0.0,0,168
SUB_HIFLD_2828,SUB_HIFLD_2842,meso_SUB_HIFLD_2828_SUB_HIFLD_2842_fwd,60000000.0,13985232.789426418,42068941.92324396,0,168
SUB_HIFLD_2828,SUB_HIFLD_664,meso_SUB_HIFLD_2828_SUB_HIFLD_664_fwd,60000000.0,62999.05753568744,273320.7152061856,0,168
SUB_HIFLD_2828,SUB_HIFLD_782,meso_SUB_HIFLD_2828_SUB_HIFLD_782_fwd,60000000.0,0.0,0.0,0,168
SUB_HIFLD_2829,SUB_HIFLD_2613,meso_SUB_HIFLD_2829_SUB_HIFLD_2613_rev,80000000.0,0.0,0.0,0,168
SUB_HIFLD_2829,SUB_HIFLD_2809,meso_SUB_HIFLD_2829_SUB_HIFLD_2809_rev,80000000.0,0.0,0.0,0,168
SUB_HIFLD_2829,SUB_HIFLD_3697,meso_SUB_HIFLD_2829_SUB_HIFLD_3697_fwd,80000000.0,13087.38121743307,1403355.8569863702,0,168
SUB_HIFLD_2830,SUB_HIFLD_2773,meso_SUB_HIFLD_2830_SUB_HIFLD_2773_rev,60000000.0,0.0,0.0,0,168
SUB_HIFLD_2830,SUB_HIFLD_3619,meso_SUB_HIFLD_2830_SUB_HIFLD_3619_fwd,60000000.0,4319680.5439459,7267882.566465203,0,168
SUB_HIFLD_2830,SUB_HIFLD_3620,meso_SUB_HIFLD_2830_SUB_HIFLD_3620_fwd,60000000.0,0.0,0.0,0,168
SUB_HIFLD_2832,SUB_HIFLD_1537,meso_SUB_HIFLD_2832_SUB_HIFLD_1537_rev,80000000.0,0.0,0.0,0,168
SUB_HIFLD_2832,SUB_HIFLD_1717,meso_SUB_HIFLD_2832_SUB_HIFLD_1717_rev,80000000.0,0.0,0.0,0,168
SUB_HIFLD_2832,SUB_HIFLD_3722,meso_SUB_HIFLD_2832_SUB_HIFLD_3722_fwd,80000000.0,2058478.1610654837,6185067.725021942,0,168
SUB_HIFLD_2833,SUB_HIFLD_4200,meso_SUB_HIFLD_2833_SUB_HIFLD_4200_fwd,80000000.0,3836954.706459581,31380748.339368127,0,168
SUB_HIFLD_2833,SUB_HIFLD_811,meso_SUB_HIFLD_2833_SUB_HIFLD_811_fwd,80000000.0,0.0,0.0,0,168
SUB_HIFLD_2833,SUB_HIFLD_843,meso_SUB_HIFLD_2833_SUB_HIFLD_843_fwd,80000000.0,7612361.594739474,29584998.66782413,0,168
SUB_HIFLD_2835,SUB_HIFLD_3988,meso_SUB_HIFLD_2835_SUB_HIFLD_3988_fwd,60000000.0,7162016.048066218,7824742.268041237,0,168
SUB_HIFLD_2835,SUB_HIFLD_554,meso_SUB_HIFLD_2835_SUB_HIFLD_554_fwd,150000000.0,2226201.927600055,29467153.347816914,0,168
SUB_HIFLD_2835,SUB_HIFLD_553,meso_SUB_HIFLD_2835_SUB_HIFLD_553_fwd,150000000.0,0.0,0.0,0,168
SUB_HIFLD_2835,SUB_HIFLD_589,meso_SUB_HIFLD_2835_SUB_HIFLD_589_fwd,150000000.0,0.0,0.0,0,168
SUB_HIFLD_2837,SUB_HIFLD_2394,meso_SUB_HIFLD_2837_SUB_HIFLD_2394_rev,80000000.0,311143.0915355588,10968512.556507124,0,168
SUB_HIFLD_2837,SUB_HIFLD_2972,meso_SUB_HIFLD_2837_SUB_HIFLD_2972_fwd,80000000.0,43502.023312645484,230400.13430361563,0,168
SUB_HIFLD_2841,SUB_HIFLD_3329,meso_SUB_HIFLD_2841_SUB_HIFLD_3329_fwd,60000000.0,14509527.559345325,23864022.970177155,0,168
SUB_HIFLD_2841,SUB_HIFLD_4178,meso_SUB_HIFLD_2841_SUB_HIFLD_4178_fwd,60000000.0,0.0,0.0,0,168
SUB_HIFLD_2841,SUB_HIFLD_619,meso_SUB_HIFLD_2841_SUB_HIFLD_619_fwd,60000000.0,8747306.098031245,13739176.925187258,0,168
SUB_HIFLD_2842,SUB_HIFLD_2828,meso_SUB_HIFLD_2842_SUB_HIFLD_2828_rev,60000000.0,0.0,0.0,0,168
SUB_HIFLD_2842,SUB_HIFLD_4083,meso_SUB_HIFLD_2842_SUB_HIFLD_4083_fwd,60000000.0,0.0,0.0,0,168
SUB_HIFLD_2842,SUB_HIFLD_4192,meso_SUB_HIFLD_2842_SUB_HIFLD_4192_fwd,60000000.0,48109811.78581301,60000000.0,38,168
SUB_HIFLD_2843,SUB_HIFLD_1504,meso_SUB_HIFLD_2843_SUB_HIFLD_1504_rev,150000000.0,0.0,0.0,0,168
SUB_HIFLD_2843,SUB_HIFLD_589,meso_SUB_HIFLD_2843_SUB_HIFLD_589_fwd,150000000.0,0.0,0.0,0,168
SUB_HIFLD_2843,SUB_HIFLD_585,meso_SUB_HIFLD_2843_SUB_HIFLD_585_fwd,150000000.0,16044131.570592603,50405846.29889417,0,168
SUB_HIFLD_2844,SUB_HIFLD_2564,meso_SUB_HIFLD_2844_SUB_HIFLD_2564_rev,60000000.0,17516090.97993524,30971401.29013418,0,168
SUB_HIFLD_2844,SUB_HIFLD_2726,meso_SUB_HIFLD_2844_SUB_HIFLD_2726_rev,150000000.0,0.0,0.0,0,168
SUB_HIFLD_2844,SUB_HIFLD_668,meso_SUB_HIFLD_2844_SUB_HIFLD_668_fwd,60000000.0,1742797.2224277202,3081559.4859958924,0,168
SUB_HIFLD_2845,SUB_HIFLD_1254,meso_SUB_HIFLD_2845_SUB_HIFLD_1254_rev,80000000.0,0.0,0.0,0,168
SUB_HIFLD_2852,SUB_HIFLD_1591,meso_SUB_HIFLD_2852_SUB_HIFLD_1591_rev,80000000.0,7673132.375156289,10742429.627094071,0,168
SUB_HIFLD_2852,SUB_HIFLD_2629,meso_SUB_HIFLD_2852_SUB_HIFLD_2629_rev,80000000.0,22773688.38359361,28120744.5995855,0,168
SUB_HIFLD_2852,SUB_HIFLD_2825,meso_SUB_HIFLD_2852_SUB_HIFLD_2825_rev,80000000.0,0.0,0.0,0,168
SUB_HIFLD_2856,SUB_HIFLD_2385,meso_SUB_HIFLD_2856_SUB_HIFLD_2385_rev,80000000.0,0.0,0.0,0,168
SUB_HIFLD_2856,SUB_HIFLD_2715,meso_SUB_HIFLD_2856_SUB_HIFLD_2715_rev,80000000.0,69244.34932102234,6390558.058830525,0,168
SUB_HIFLD_2856,SUB_HIFLD_4419,meso_SUB_HIFLD_2856_SUB_HIFLD_4419_fwd,80000000.0,0.0,0.0,0,168
SUB_HIFLD_2859,SUB_HIFLD_2653,meso_SUB_HIFLD_2859_SUB_HIFLD_2653_rev,80000000.0,0.0,0.0,0,168
SUB_HIFLD_2859,SUB_HIFLD_2912,meso_SUB_HIFLD_2859_SUB_HIFLD_2912_fwd,80000000.0,0.0,0.0,0,168
SUB_HIFLD_2859,SUB_HIFLD_4260,meso_SUB_HIFLD_2859_SUB_HIFLD_4260_fwd,80000000.0,25970166.28435568,77612062.12085912,0,168
SUB_HIFLD_2860,SUB_HIFLD_4219,meso_SUB_HIFLD_2860_SUB_HIFLD_4219_fwd,150000000.0,27351883.290517744,102611308.2343843,0,168
SUB_HIFLD_2860,SUB_HIFLD_542,meso_SUB_HIFLD_2860_SUB_HIFLD_542_fwd,150000000.0,0.0,0.0,0,168
SUB_HIFLD_2862,SUB_HIFLD_3599,meso_SUB_HIFLD_2862_SUB_HIFLD_3599_fwd,60000000.0,0.0,0.0,0,168
SUB_HIFLD_2862,SUB_HIFLD_521,meso_SUB_HIFLD_2862_SUB_HIFLD_521_fwd,60000000.0,0.0,0.0,0,168
SUB_HIFLD_2864,SUB_HIFLD_150,meso_SUB_HIFLD_2864_SUB_HIFLD_150_rev,80000000.0,8925.418855047617,738753.7097599999,0,168
SUB_HIFLD_2864,SUB_HIFLD_2638,meso_SUB_HIFLD_2864_SUB_HIFLD_2638_rev,80000000.0,0.0,0.0,0,168
SUB_HIFLD_2864,SUB_HIFLD_4389,meso_SUB_HIFLD_2864_SUB_HIFLD_4389_fwd,150000000.0,35986.9085127619,756723.3945919999,0,168
SUB_HIFLD_2864,SUB_HIFLD_866,meso_SUB_HIFLD_2864_SUB_HIFLD_866_fwd,150000000.0,354675.4659003809,1531416.4740159998,0,168
SUB_HIFLD_2866,SUB_HIFLD_1958,meso_SUB_HIFLD_2866_SUB_HIFLD_1958_rev,80000000.0,0.0,0.0,0,168
SUB_HIFLD_2866,SUB_HIFLD_2540,meso_SUB_HIFLD_2866_SUB_HIFLD_2540_rev,80000000.0,0.0,0.0,0,168
SUB_HIFLD_2867,SUB_HIFLD_4237,meso_SUB_HIFLD_2867_SUB_HIFLD_4237_fwd,800000000.0,0.0,0.0,0,168
SUB_HIFLD_2867,SUB_HIFLD_1671,meso_SUB_HIFLD_2867_SUB_HIFLD_1671_fwd,5000000.0,2762290.401144238,5000000.0,89,168
SUB_HIFLD_2869,SUB_25391,meso_SUB_HIFLD_2869_SUB_25391_rev,150000000.0,0.0,0.0,0,168
SUB_HIFLD_2869,SUB_HIFLD_3898,meso_SUB_HIFLD_2869_SUB_HIFLD_3898_fwd,150000000.0,0.0,0.0,0,168
SUB_HIFLD_2869,SUB_HIFLD_4241,meso_SUB_HIFLD_2869_SUB_HIFLD_4241_rev,5000000.0,0.0,0.0,0,168
SUB_HIFLD_2871,SUB_HIFLD_4398,meso_SUB_HIFLD_2871_SUB_HIFLD_4398_fwd,80000000.0,0.0,0.0,0,168
SUB_HIFLD_2872,SUB_HIFLD_1285,meso_SUB_HIFLD_2872_SUB_HIFLD_1285_rev,150000000.0,0.0,0.0,0,168
SUB_HIFLD_2873,SUB_HIFLD_3631,meso_SUB_HIFLD_2873_SUB_HIFLD_3631_fwd,75762228.05893546,0.0,0.0,0,168
SUB_HIFLD_2875,SUB_HIFLD_1981,meso_SUB_HIFLD_2875_SUB_HIFLD_1981_rev,80000000.0,0.0,0.0,0,168
SUB_HIFLD_2875,SUB_HIFLD_4165,meso_SUB_HIFLD_2875_SUB_HIFLD_4165_fwd,80000000.0,0.0,0.0,0,168
SUB_HIFLD_2877,SUB_HIFLD_817,meso_SUB_HIFLD_2877_SUB_HIFLD_817_fwd,80000000.0,0.0,0.0,0,168
SUB_HIFLD_2877,SUB_HIFLD_845,meso_SUB_HIFLD_2877_SUB_HIFLD_845_fwd,80000000.0,0.0,0.0,0,168
SUB_HIFLD_2877,SUB_HIFLD_868,meso_SUB_HIFLD_2877_SUB_HIFLD_868_fwd,80000000.0,17589110.807192188,24161777.191349532,0,168
SUB_HIFLD_2879,SUB_HIFLD_2935,meso_SUB_HIFLD_2879_SUB_HIFLD_2935_fwd,80000000.0,0.0,0.0,0,168
SUB_HIFLD_2879,SUB_HIFLD_4257,meso_SUB_HIFLD_2879_SUB_HIFLD_4257_fwd,80000000.0,0.0,0.0,0,168
SUB_HIFLD_2879,SUB_HIFLD_4368,meso_SUB_HIFLD_2879_SUB_HIFLD_4368_fwd,80000000.0,8081999.410361059,57995226.37232032,0,168
SUB_HIFLD_2879,SUB_HIFLD_3324,meso_SUB_HIFLD_2879_SUB_HIFLD_3324_rev,5000000.0,0.0,0.0,0,168
SUB_HIFLD_2880,SUB_HIFLD_2001,meso_SUB_HIFLD_2880_SUB_HIFLD_2001_rev,160000000.0,0.0,0.0,0,168
SUB_HIFLD_2880,SUB_HIFLD_914,meso_SUB_HIFLD_2880_SUB_HIFLD_914_fwd,80000000.0,2780722.4605150186,3480145.2007490336,0,168
SUB_HIFLD_2883,SUB_HIFLD_1587,meso_SUB_HIFLD_2883_SUB_HIFLD_1587_rev,80000000.0,6758211.0637721345,29185772.601287868,0,168
SUB_HIFLD_2883,SUB_HIFLD_1764,meso_SUB_HIFLD_2883_SUB_HIFLD_1764_rev,80000000.0,0.0,0.0,0,168
SUB_HIFLD_2883,SUB_HIFLD_3768,meso_SUB_HIFLD_2883_SUB_HIFLD_3768_fwd,80000000.0,492451.9336549433,16453416.002050985,0,168
SUB_HIFLD_2883,SUB_HIFLD_3771,meso_SUB_HIFLD_2883_SUB_HIFLD_3771_fwd,80000000.0,22475.346183370108,3775858.158806178,0,168
SUB_HIFLD_2885,SUB_HIFLD_1936,meso_SUB_HIFLD_2885_SUB_HIFLD_1936_rev,80000000.0,10157960.164178278,13589814.553801546,0,168
SUB_HIFLD_2885,SUB_HIFLD_1982,meso_SUB_HIFLD_2885_SUB_HIFLD_1982_rev,3000000000.0,74900352.47282451,247543546.6945434,0,168
SUB_HIFLD_2885,SUB_HIFLD_2721,meso_SUB_HIFLD_2885_SUB_HIFLD_2721_rev,80000000.0,44834829.4994078,80000000.0,14,168
SUB_HIFLD_2885,SUB_HIFLD_4434,meso_SUB_HIFLD_2885_SUB_HIFLD_4434_fwd,1500000000.0,0.0,0.0,0,168
SUB_HIFLD_2885,WECC_SCE,iface_SUB_HIFLD_2885_WECC_SCE_to_ba,113551470.17117159,0.0,0.0,0,168
SUB_HIFLD_2890,SUB_HIFLD_2911,meso_SUB_HIFLD_2890_SUB_HIFLD_2911_fwd,60000000.0,37666328.2599623,47367881.10335831,0,168
SUB_HIFLD_2890,SUB_HIFLD_706,meso_SUB_HIFLD_2890_SUB_HIFLD_706_fwd,60000000.0,3480936.2834027777,6154882.482155082,0,168
SUB_HIFLD_2890,SUB_HIFLD_739,meso_SUB_HIFLD_2890_SUB_HIFLD_739_fwd,60000000.0,0.0,0.0,0,168
SUB_HIFLD_2891,SUB_HIFLD_1072,meso_SUB_HIFLD_2891_SUB_HIFLD_1072_fwd,5000000.0,0.0,0.0,0,168
SUB_HIFLD_2892,SUB_HIFLD_2645,meso_SUB_HIFLD_2892_SUB_HIFLD_2645_rev,80000000.0,0.0,0.0,0,168
SUB_HIFLD_2894,SUB_HIFLD_1468,meso_SUB_HIFLD_2894_SUB_HIFLD_1468_rev,150000000.0,31981869.87955636,43546589.43395612,0,168
SUB_HIFLD_2894,SUB_HIFLD_3433,meso_SUB_HIFLD_2894_SUB_HIFLD_3433_fwd,80000000.0,18561207.064067148,55765068.35340705,0,168
SUB_HIFLD_2894,SUB_HIFLD_4434,meso_SUB_HIFLD_2894_SUB_HIFLD_4434_fwd,400000000.0,0.0,0.0,0,168
SUB_HIFLD_2894,SUB_HIFLD_815,meso_SUB_HIFLD_2894_SUB_HIFLD_815_fwd,80000000.0,0.0,0.0,0,168
SUB_HIFLD_2894,SUB_HIFLD_850,meso_SUB_HIFLD_2894_SUB_HIFLD_850_fwd,80000000.0,8146.946713319955,684344.3587817338,0,168
SUB_HIFLD_2894,SUB_HIFLD_870,meso_SUB_HIFLD_2894_SUB_HIFLD_870_fwd,400000000.0,5713280.411949245,141241040.55349603,0,168
SUB_HIFLD_2896,SUB_HIFLD_968,meso_SUB_HIFLD_2896_SUB_HIFLD_968_fwd,80000000.0,0.0,0.0,0,168
SUB_HIFLD_2898,SUB_HIFLD_1590,meso_SUB_HIFLD_2898_SUB_HIFLD_1590_rev,80000000.0,0.0,0.0,0,168
SUB_HIFLD_2898,SUB_HIFLD_1538,meso_SUB_HIFLD_2898_SUB_HIFLD_1538_rev,150000000.0,0.0,0.0,0,168
SUB_HIFLD_2902,SUB_HIFLD_1582,meso_SUB_HIFLD_2902_SUB_HIFLD_1582_rev,80000000.0,0.0,0.0,0,168
SUB_HIFLD_2902,SUB_HIFLD_1626,meso_SUB_HIFLD_2902_SUB_HIFLD_1626_rev,80000000.0,0.0,0.0,0,168
SUB_HIFLD_2902,SUB_HIFLD_1779,meso_SUB_HIFLD_2902_SUB_HIFLD_1779_rev,80000000.0,9312709.124731919,27111416.72036082,0,168
SUB_HIFLD_2903,SUB_HIFLD_1525,meso_SUB_HIFLD_2903_SUB_HIFLD_1525_fwd,143288477.69819474,0.0,0.0,0,168
SUB_HIFLD_2904,SUB_HIFLD_2776,meso_SUB_HIFLD_2904_SUB_HIFLD_2776_rev,80000000.0,0.0,0.0,0,168
SUB_HIFLD_2904,SUB_HIFLD_800,meso_SUB_HIFLD_2904_SUB_HIFLD_800_fwd,80000000.0,0.0,0.0,0,168
SUB_HIFLD_2904,SUB_HIFLD_822,meso_SUB_HIFLD_2904_SUB_HIFLD_822_fwd,80000000.0,0.0,0.0,0,168
SUB_HIFLD_2904,SUB_HIFLD_834,meso_SUB_HIFLD_2904_SUB_HIFLD_834_fwd,80000000.0,0.0,0.0,0,168
SUB_HIFLD_2905,SUB_HIFLD_1386,meso_SUB_HIFLD_2905_SUB_HIFLD_1386_rev,60000000.0,1974571.3875816918,3717902.618093589,0,168
SUB_HIFLD_2905,SUB_HIFLD_774,meso_SUB_HIFLD_2905_SUB_HIFLD_774_fwd,60000000.0,0.0,0.0,0,168
SUB_HIFLD_2905,SUB_HIFLD_3308,meso_SUB_HIFLD_2905_SUB_HIFLD_3308_rev,5000000.0,567351.8895751773,2358368.800841656,0,168
SUB_HIFLD_2906,SUB_HIFLD_2490,meso_SUB_HIFLD_2906_SUB_HIFLD_2490_fwd,5000000.0,0.0,0.0,0,168
SUB_HIFLD_2908,SUB_HIFLD_2769,meso_SUB_HIFLD_2908_SUB_HIFLD_2769_rev,60000000.0,164397.3005801132,578487.1701112728,0,168
SUB_HIFLD_2908,SUB_HIFLD_4083,meso_SUB_HIFLD_2908_SUB_HIFLD_4083_fwd,6127760.845520822,0.0,0.0,0,168
SUB_HIFLD_2909,SUB_HIFLD_292,meso_SUB_HIFLD_2909_SUB_HIFLD_292_fwd,60000000.0,0.0,0.0,0,168
SUB_HIFLD_2909,SUB_HIFLD_3234,meso_SUB_HIFLD_2909_SUB_HIFLD_3234_rev,5000000.0,310845.3277752689,478518.8969877577,0,168
SUB_HIFLD_2910,SUB_HIFLD_2651,meso_SUB_HIFLD_2910_SUB_HIFLD_2651_rev,60000000.0,0.0,0.0,0,168
SUB_HIFLD_2910,SUB_HIFLD_3541,meso_SUB_HIFLD_2910_SUB_HIFLD_3541_fwd,60000000.0,2433842.510359241,14387260.059955582,0,168
SUB_HIFLD_2910,SUB_HIFLD_643,meso_SUB_HIFLD_2910_SUB_HIFLD_643_fwd,60000000.0,8487506.655185632,15007343.030571366,0,168
SUB_HIFLD_2911,SUB_HIFLD_2890,meso_SUB_HIFLD_2911_SUB_HIFLD_2890_rev,60000000.0,0.0,0.0,0,168
SUB_HIFLD_2911,SUB_HIFLD_4046,meso_SUB_HIFLD_2911_SUB_HIFLD_4046_fwd,60000000.0,6642921.644855962,11745805.185848905,0,168
SUB_HIFLD_2911,SUB_HIFLD_723,meso_SUB_HIFLD_2911_SUB_HIFLD_723_fwd,60000000.0,23751571.02394649,30916128.04799345,0,168
SUB_HIFLD_2912,SUB_HIFLD_2859,meso_SUB_HIFLD_2912_SUB_HIFLD_2859_rev,80000000.0,5933405.542533655,76790615.15312082,0,168
SUB_HIFLD_2912,SUB_HIFLD_4040,meso_SUB_HIFLD_2912_SUB_HIFLD_4040_fwd,80000000.0,0.0,0.0,0,168
SUB_HIFLD_2912,SUB_HIFLD_4368,meso_SUB_HIFLD_2912_SUB_HIFLD_4368_fwd,80000000.0,141785.79226237838,18451070.598607562,0,168
SUB_HIFLD_2912,SUB_HIFLD_861,meso_SUB_HIFLD_2912_SUB_HIFLD_861_fwd,80000000.0,0.0,0.0,0,168
SUB_HIFLD_2913,SUB_HIFLD_1568,meso_SUB_HIFLD_2913_SUB_HIFLD_1568_rev,80000000.0,0.0,0.0,0,168
SUB_HIFLD_2913,SUB_HIFLD_1629,meso_SUB_HIFLD_2913_SUB_HIFLD_1629_rev,80000000.0,7602614.5225507645,34448883.245409146,0,168
SUB_HIFLD_2913,SUB_HIFLD_4023,meso_SUB_HIFLD_2913_SUB_HIFLD_4023_fwd,80000000.0,0.0,0.0,0,168
SUB_HIFLD_2916,SUB_HIFLD_1521,meso_SUB_HIFLD_2916_SUB_HIFLD_1521_fwd,161228303.12217122,0.0,0.0,0,168
SUB_HIFLD_2917,SUB_HIFLD_2671,meso_SUB_HIFLD_2917_SUB_HIFLD_2671_rev,80000000.0,0.0,0.0,0,168
SUB_HIFLD_2917,SUB_HIFLD_3339,meso_SUB_HIFLD_2917_SUB_HIFLD_3339_fwd,80000000.0,11089503.354497366,38618356.84235563,0,168
SUB_HIFLD_2917,SUB_HIFLD_4210,meso_SUB_HIFLD_2917_SUB_HIFLD_4210_fwd,80000000.0,428091.1068259723,17456956.58205723,0,168
SUB_HIFLD_2919,SUB_HIFLD_479,meso_SUB_HIFLD_2919_SUB_HIFLD_479_fwd,6791043.712815058,0.0,0.0,0,168
SUB_HIFLD_2921,SUB_HIFLD_1157,meso_SUB_HIFLD_2921_SUB_HIFLD_1157_rev,400000000.0,966039.4106039534,8587349.487304688,0,168
SUB_HIFLD_2921,SUB_HIFLD_493,meso_SUB_HIFLD_2921_SUB_HIFLD_493_fwd,400000000.0,3352721.662190643,8581804.504394531,0,168
SUB_HIFLD_2921,SUB_HIFLD_501,meso_SUB_HIFLD_2921_SUB_HIFLD_501_fwd,400000000.0,0.0,0.0,0,168
SUB_HIFLD_2921,WEC_LADW,iface_SUB_HIFLD_2921_WEC_LADW_to_ba,20000000.0,0.0,0.0,0,168
SUB_HIFLD_2922,SUB_HIFLD_4226,meso_SUB_HIFLD_2922_SUB_HIFLD_4226_fwd,5000000.0,0.0,0.0,0,168
SUB_HIFLD_2925,SUB_HIFLD_2578,meso_SUB_HIFLD_2925_SUB_HIFLD_2578_rev,60000000.0,0.0,0.0,0,168
SUB_HIFLD_2925,SUB_HIFLD_4234,meso_SUB_HIFLD_2925_SUB_HIFLD_4234_fwd,60000000.0,0.0,0.0,0,168
SUB_HIFLD_2930,SUB_HIFLD_1962,meso_SUB_HIFLD_2930_SUB_HIFLD_1962_rev,80000000.0,0.0,0.0,0,168
SUB_HIFLD_2930,SUB_HIFLD_4152,meso_SUB_HIFLD_2930_SUB_HIFLD_4152_fwd,80000000.0,28261626.714742757,50465501.9206786,0,168
SUB_HIFLD_2930,SUB_HIFLD_4165,meso_SUB_HIFLD_2930_SUB_HIFLD_4165_fwd,80000000.0,0.0,0.0,0,168
SUB_HIFLD_2931,SUB_HIFLD_3746,meso_SUB_HIFLD_2931_SUB_HIFLD_3746_fwd,80000000.0,0.0,0.0,0,168
SUB_HIFLD_2931,SUB_HIFLD_3747,meso_SUB_HIFLD_2931_SUB_HIFLD_3747_fwd,80000000.0,0.0,0.0,0,168
SUB_HIFLD_2933,SUB_HIFLD_1538,meso_SUB_HIFLD_2933_SUB_HIFLD_1538_rev,80000000.0,6308538.048009311,25014164.7555,0,168
SUB_HIFLD_2933,SUB_HIFLD_446,meso_SUB_HIFLD_2933_SUB_HIFLD_446_fwd,80000000.0,7616271.526639791,16444556.425623488,0,168
SUB_HIFLD_2933,SUB_HIFLD_3387,meso_SUB_HIFLD_2933_SUB_HIFLD_3387_rev,5000000.0,0.0,0.0,0,168
SUB_HIFLD_2933,SUB_HIFLD_4189,meso_SUB_HIFLD_2933_SUB_HIFLD_4189_rev,5000000.0,0.0,0.0,0,168
SUB_HIFLD_2934,SUB_HIFLD_1264,meso_SUB_HIFLD_2934_SUB_HIFLD_1264_rev,80000000.0,0.0,0.0,0,168
SUB_HIFLD_2934,SUB_HIFLD_1721,meso_SUB_HIFLD_2934_SUB_HIFLD_1721_rev,80000000.0,0.0,0.0,0,168
SUB_HIFLD_2934,SUB_HIFLD_1772,meso_SUB_HIFLD_2934_SUB_HIFLD_1772_rev,80000000.0,0.0,0.0,0,168
SUB_HIFLD_2935,SUB_HIFLD_2879,meso_SUB_HIFLD_2935_SUB_HIFLD_2879_rev,80000000.0,8331958.1550114,59788893.167340524,0,168
SUB_HIFLD_2935,SUB_HIFLD_4257,meso_SUB_HIFLD_2935_SUB_HIFLD_4257_fwd,80000000.0,0.0,0.0,0,168
SUB_HIFLD_2935,SUB_HIFLD_811,meso_SUB_HIFLD_2935_SUB_HIFLD_811_fwd,80000000.0,0.0,0.0,0,168
SUB_HIFLD_2935,SUB_HIFLD_813,meso_SUB_HIFLD_2935_SUB_HIFLD_813_fwd,80000000.0,0.0,0.0,0,168
SUB_HIFLD_2936,SUB_HIFLD_1492,meso_SUB_HIFLD_2936_SUB_HIFLD_1492_rev,80000000.0,0.0,0.0,0,168
SUB_HIFLD_2936,SUB_HIFLD_1961,meso_SUB_HIFLD_2936_SUB_HIFLD_1961_rev,80000000.0,0.0,0.0,0,168
SUB_HIFLD_2936,SUB_HIFLD_3339,meso_SUB_HIFLD_2936_SUB_HIFLD_3339_fwd,80000000.0,11000694.329369769,30910250.52414727,0,168
SUB_HIFLD_2936,SUB_HIFLD_3700,meso_SUB_HIFLD_2936_SUB_HIFLD_3700_fwd,80000000.0,27542424.584067855,80000000.0,21,168
SUB_HIFLD_2939,SUB_HIFLD_3390,meso_SUB_HIFLD_2939_SUB_HIFLD_3390_fwd,80000000.0,0.0,0.0,0,168
SUB_HIFLD_2939,SUB_HIFLD_4224,meso_SUB_HIFLD_2939_SUB_HIFLD_4224_fwd,80000000.0,39761.083512079145,1490006.6528320312,0,168
SUB_HIFLD_2943,SUB_HIFLD_1947,meso_SUB_HIFLD_2943_SUB_HIFLD_1947_rev,80000000.0,0.0,0.0,0,168
SUB_HIFLD_2943,SUB_HIFLD_1954,meso_SUB_HIFLD_2943_SUB_HIFLD_1954_rev,80000000.0,0.0,0.0,0,168
SUB_HIFLD_2943,SUB_HIFLD_4058,meso_SUB_HIFLD_2943_SUB_HIFLD_4058_fwd,80000000.0,0.0,0.0,0,168
SUB_HIFLD_2943,SUB_HIFLD_1985,meso_SUB_HIFLD_2943_SUB_HIFLD_1985_rev,5000000.0,0.0,0.0,0,168
SUB_HIFLD_2945,SUB_HIFLD_3222,meso_SUB_HIFLD_2945_SUB_HIFLD_3222_fwd,150000000.0,0.0,0.0,0,168
SUB_HIFLD_2945,SUB_HIFLD_3680,meso_SUB_HIFLD_2945_SUB_HIFLD_3680_fwd,150000000.0,7722799.390100882,10243384.512675177,0,168
SUB_HIFLD_2945,SUB_HIFLD_810,meso_SUB_HIFLD_2945_SUB_HIFLD_810_fwd,150000000.0,0.0,0.0,0,168
SUB_HIFLD_2946,SUB_HIFLD_1538,meso_SUB_HIFLD_2946_SUB_HIFLD_1538_rev,1500000000.0,195483596.39845562,488726273.2181172,0,168
SUB_HIFLD_2946,SUB_HIFLD_3063,meso_SUB_HIFLD_2946_SUB_HIFLD_3063_fwd,1500000000.0,39690104.72289387,82491740.77610222,0,168
SUB_HIFLD_2946,SUB_HIFLD_3575,meso_SUB_HIFLD_2946_SUB_HIFLD_3575_fwd,400000000.0,0.0,0.0,0,168
SUB_HIFLD_2946,SUB_HIFLD_3684,meso_SUB_HIFLD_2946_SUB_HIFLD_3684_fwd,150000000.0,7060383.718881059,10060180.034834085,0,168
SUB_HIFLD_2946,WECC_SCE,iface_SUB_HIFLD_2946_WECC_SCE_to_ba,113551470.17117159,0.0,0.0,0,168
SUB_HIFLD_2947,SUB_HIFLD_3065,meso_SUB_HIFLD_2947_SUB_HIFLD_3065_fwd,60000000.0,24700389.146833755,41355841.721381225,0,168
SUB_HIFLD_2947,SUB_HIFLD_41,meso_SUB_HIFLD_2947_SUB_HIFLD_41_fwd,150000000.0,0.0,0.0,0,168
SUB_HIFLD_2948,SUB_HIFLD_3514,meso_SUB_HIFLD_2948_SUB_HIFLD_3514_fwd,7433854.820642991,1567919.1655442168,7433854.820642991,22,168
SUB_HIFLD_2949,SUB_HIFLD_1043,meso_SUB_HIFLD_2949_SUB_HIFLD_1043_rev,80000000.0,0.0,0.0,0,168
SUB_HIFLD_2949,SUB_HIFLD_3097,meso_SUB_HIFLD_2949_SUB_HIFLD_3097_fwd,80000000.0,0.0,0.0,0,168
SUB_HIFLD_2949,SUB_HIFLD_3098,meso_SUB_HIFLD_2949_SUB_HIFLD_3098_fwd,80000000.0,4500564.064623834,37029600.037250325,0,168
SUB_HIFLD_2950,SUB_HIFLD_4125,meso_SUB_HIFLD_2950_SUB_HIFLD_4125_fwd,100061538.93043189,0.0,0.0,0,168
SUB_HIFLD_2951,SUB_HIFLD_3379,meso_SUB_HIFLD_2951_SUB_HIFLD_3379_fwd,80000000.0,0.0,0.0,0,168
SUB_HIFLD_2952,SUB_HIFLD_1683,meso_SUB_HIFLD_2952_SUB_HIFLD_1683_rev,80000000.0,3500000.0,3500000.0,0,168
SUB_HIFLD_2952,SUB_HIFLD_1707,meso_SUB_HIFLD_2952_SUB_HIFLD_1707_rev,80000000.0,0.0,0.0,0,168
SUB_HIFLD_2956,SUB_HIFLD_4257,meso_SUB_HIFLD_2956_SUB_HIFLD_4257_fwd,80000000.0,0.0,0.0,0,168
SUB_HIFLD_2959,SUB_HIFLD_3388,meso_SUB_HIFLD_2959_SUB_HIFLD_3388_fwd,80000000.0,0.0,0.0,0,168
SUB_HIFLD_2959,SUB_HIFLD_843,meso_SUB_HIFLD_2959_SUB_HIFLD_843_fwd,80000000.0,0.0,0.0,0,168
SUB_HIFLD_2960,SUB_HIFLD_3190,meso_SUB_HIFLD_2960_SUB_HIFLD_3190_fwd,60000000.0,0.0,0.0,0,168
SUB_HIFLD_2960,SUB_HIFLD_3193,meso_SUB_HIFLD_2960_SUB_HIFLD_3193_fwd,60000000.0,0.0,0.0,0,168
SUB_HIFLD_2960,SUB_HIFLD_3196,meso_SUB_HIFLD_2960_SUB_HIFLD_3196_fwd,60000000.0,2653734.217549673,16648703.2290029,0,168
SUB_HIFLD_2961,SUB_HIFLD_1675,meso_SUB_HIFLD_2961_SUB_HIFLD_1675_rev,80000000.0,0.0,0.0,0,168
SUB_HIFLD_2961,SUB_HIFLD_2629,meso_SUB_HIFLD_2961_SUB_HIFLD_2629_rev,80000000.0,0.0,0.0,0,168
SUB_HIFLD_2963,SUB_HIFLD_3416,meso_SUB_HIFLD_2963_SUB_HIFLD_3416_fwd,80000000.0,2143662.919527475,22606648.14905901,0,168
SUB_HIFLD_2963,SUB_HIFLD_913,meso_SUB_HIFLD_2963_SUB_HIFLD_913_fwd,80000000.0,3369167.5131696165,29820754.516601562,0,168
SUB_HIFLD_2964,SUB_HIFLD_1374,meso_SUB_HIFLD_2964_SUB_HIFLD_1374_rev,60000000.0,5749291.614182275,10165717.119039949,0,168
SUB_HIFLD_2964,SUB_HIFLD_1375,meso_SUB_HIFLD_2964_SUB_HIFLD_1375_rev,60000000.0,7194.779144900238,1208722.89634324,0,168
SUB_HIFLD_2964,SUB_HIFLD_4234,meso_SUB_HIFLD_2964_SUB_HIFLD_4234_fwd,60000000.0,0.0,0.0,0,168
SUB_HIFLD_2966,SUB_HIFLD_3309,meso_SUB_HIFLD_2966_SUB_HIFLD_3309_fwd,80000000.0,0.0,0.0,0,168
SUB_HIFLD_2966,SUB_HIFLD_3701,meso_SUB_HIFLD_2966_SUB_HIFLD_3701_fwd,80000000.0,92470.08563011754,7096291.427712302,0,168
SUB_HIFLD_2970,SUB_HIFLD_1480,meso_SUB_HIFLD_2970_SUB_HIFLD_1480_rev,400000000.0,0.0,0.0,0,168
SUB_HIFLD_2970,SUB_HIFLD_1485,meso_SUB_HIFLD_2970_SUB_HIFLD_1485_rev,150000000.0,466810.0822339332,43841048.58739586,0,168
SUB_HIFLD_2970,SUB_HIFLD_3368,meso_SUB_HIFLD_2970_SUB_HIFLD_3368_fwd,400000000.0,0.0,0.0,0,168
SUB_HIFLD_2970,SUB_HIFLD_3690,meso_SUB_HIFLD_2970_SUB_HIFLD_3690_fwd,150000000.0,41503413.30410276,81269796.96938096,0,168
SUB_HIFLD_2970,SUB_HIFLD_4259,meso_SUB_HIFLD_2970_SUB_HIFLD_4259_fwd,150000000.0,1306237.6542377905,51608584.281645715,0,168
SUB_HIFLD_2970,SUB_HIFLD_561,meso_SUB_HIFLD_2970_SUB_HIFLD_561_fwd,1500000000.0,9653038.157140616,167340274.82865295,0,168
SUB_HIFLD_2970,SUB_HIFLD_575,meso_SUB_HIFLD_2970_SUB_HIFLD_575_fwd,400000000.0,0.0,0.0,0,168
SUB_HIFLD_2970,WECC_SCE,iface_SUB_HIFLD_2970_WECC_SCE_to_ba,113551470.17117159,0.0,0.0,0,168
SUB_HIFLD_2971,SUB_HIFLD_4276,meso_SUB_HIFLD_2971_SUB_HIFLD_4276_fwd,60000000.0,0.0,0.0,0,168
SUB_HIFLD_2972,SUB_HIFLD_2837,meso_SUB_HIFLD_2972_SUB_HIFLD_2837_rev,80000000.0,159640.4309422455,11207913.321115592,0,168
SUB_HIFLD_2972,SUB_HIFLD_420,meso_SUB_HIFLD_2972_SUB_HIFLD_420_fwd,80000000.0,0.0,0.0,0,168
SUB_HIFLD_2972,SUB_HIFLD_443,meso_SUB_HIFLD_2972_SUB_HIFLD_443_fwd,80000000.0,197529.68092964278,223702.3982805075,0,168
SUB_HIFLD_2973,SUB_HIFLD_2006,meso_SUB_HIFLD_2973_SUB_HIFLD_2006_fwd,15383595.317595227,0.0,0.0,0,168
SUB_HIFLD_2976,SUB_HIFLD_1647,meso_SUB_HIFLD_2976_SUB_HIFLD_1647_rev,80000000.0,0.0,0.0,0,168
SUB_HIFLD_2976,SUB_HIFLD_1719,meso_SUB_HIFLD_2976_SUB_HIFLD_1719_rev,80000000.0,0.0,0.0,0,168
SUB_HIFLD_2976,SUB_HIFLD_1759,meso_SUB_HIFLD_2976_SUB_HIFLD_1759_rev,80000000.0,218519.99299069706,8477450.002938675,0,168
SUB_HIFLD_2977,SUB_HIFLD_1511,meso_SUB_HIFLD_2977_SUB_HIFLD_1511_rev,80000000.0,0.0,0.0,0,168
SUB_HIFLD_2977,SUB_HIFLD_1551,meso_SUB_HIFLD_2977_SUB_HIFLD_1551_rev,80000000.0,0.0,0.0,0,168
SUB_HIFLD_2977,SUB_HIFLD_1725,meso_SUB_HIFLD_2977_SUB_HIFLD_1725_rev,80000000.0,7037829.054639347,21110441.05268395,0,168
SUB_HIFLD_2978,SUB_HIFLD_3575,meso_SUB_HIFLD_2978_SUB_HIFLD_3575_fwd,800000000.0,144899942.37328762,187620265.56767997,0,168
SUB_HIFLD_2980,SUB_HIFLD_748,meso_SUB_HIFLD_2980_SUB_HIFLD_748_fwd,5829206.007080078,0.0,0.0,0,168
SUB_HIFLD_2982,SUB_HIFLD_2379,meso_SUB_HIFLD_2982_SUB_HIFLD_2379_rev,80000000.0,81509.08931206225,147206.46573096205,0,168
SUB_HIFLD_2982,SUB_HIFLD_3447,meso_SUB_HIFLD_2982_SUB_HIFLD_3447_fwd,80000000.0,14137868.444162797,22008984.3189862,0,168
SUB_HIFLD_2982,SUB_HIFLD_424,meso_SUB_HIFLD_2982_SUB_HIFLD_424_fwd,80000000.0,0.0,0.0,0,168
SUB_HIFLD_2983,SUB_HIFLD_1536,meso_SUB_HIFLD_2983_SUB_HIFLD_1536_rev,80000000.0,28643183.088419653,38226969.98832152,0,168
SUB_HIFLD_2983,SUB_HIFLD_2801,meso_SUB_HIFLD_2983_SUB_HIFLD_2801_rev,80000000.0,0.0,0.0,0,168
SUB_HIFLD_2983,SUB_HIFLD_3063,meso_SUB_HIFLD_2983_SUB_HIFLD_3063_fwd,80000000.0,0.0,0.0,0,168
SUB_HIFLD_2983,SUB_HIFLD_4075,meso_SUB_HIFLD_2983_SUB_HIFLD_4075_fwd,80000000.0,32611895.80792076,46936380.47680412,0,168
SUB_HIFLD_2984,SUB_HIFLD_2746,meso_SUB_HIFLD_2984_SUB_HIFLD_2746_rev,60000000.0,0.0,0.0,0,168
SUB_HIFLD_2984,SUB_HIFLD_3188,meso_SUB_HIFLD_2984_SUB_HIFLD_3188_fwd,60000000.0,0.0,0.0,0,168
SUB_HIFLD_2984,SUB_HIFLD_4081,meso_SUB_HIFLD_2984_SUB_HIFLD_4081_fwd,60000000.0,0.0,0.0,0,168
SUB_HIFLD_2988,SUB_HIFLD_2746,meso_SUB_HIFLD_2988_SUB_HIFLD_2746_rev,60000000.0,0.0,0.0,0,168
SUB_HIFLD_2988,SUB_HIFLD_3200,meso_SUB_HIFLD_2988_SUB_HIFLD_3200_fwd,60000000.0,0.0,0.0,0,168
SUB_HIFLD_2988,SUB_HIFLD_4081,meso_SUB_HIFLD_2988_SUB_HIFLD_4081_fwd,60000000.0,2907650.6235526553,18241695.79795052,0,168
SUB_HIFLD_2989,SUB_01209,meso_SUB_HIFLD_2989_SUB_01209_rev,150000000.0,1763756.1316347679,19900847.0252634,0,168
SUB_HIFLD_2989,SUB_01368,meso_SUB_HIFLD_2989_SUB_01368_rev,150000000.0,6599722.617439866,59705302.382007085,0,168
SUB_HIFLD_2989,SUB_HIFLD_28,meso_SUB_HIFLD_2989_SUB_HIFLD_28_rev,150000000.0,0.0,0.0,0,168
SUB_HIFLD_2989,SUB_HIFLD_11,meso_SUB_HIFLD_2989_SUB_HIFLD_11_rev,150000000.0,0.0,0.0,0,168
SUB_HIFLD_2989,SUB_HIFLD_2791,meso_SUB_HIFLD_2989_SUB_HIFLD_2791_rev,150000000.0,0.0,0.0,0,168
SUB_HIFLD_2989,SUB_01208,meso_SUB_HIFLD_2989_SUB_01208_rev,13423163.685113057,4082338.309112458,4082474.2268041237,0,168
SUB_HIFLD_2989,SUB_01264,meso_SUB_HIFLD_2989_SUB_01264_rev,5000000.0,815711.1580721817,1376292.195270971,0,168
SUB_HIFLD_2990,SUB_HIFLD_2020,meso_SUB_HIFLD_2990_SUB_HIFLD_2020_rev,60000000.0,0.0,0.0,0,168
SUB_HIFLD_2990,SUB_HIFLD_4390,meso_SUB_HIFLD_2990_SUB_HIFLD_4390_fwd,120000000.0,0.0,0.0,0,168
SUB_HIFLD_2990,SUB_HIFLD_4426,meso_SUB_HIFLD_2990_SUB_HIFLD_4426_fwd,60000000.0,3602819.590618306,26702243.57164682,0,168
SUB_HIFLD_2991,SUB_HIFLD_782,meso_SUB_HIFLD_2991_SUB_HIFLD_782_fwd,60000000.0,0.0,0.0,0,168
SUB_HIFLD_2996,SUB_HIFLD_2431,meso_SUB_HIFLD_2996_SUB_HIFLD_2431_rev,80000000.0,0.0,0.0,0,168
SUB_HIFLD_2996,SUB_HIFLD_2436,meso_SUB_HIFLD_2996_SUB_HIFLD_2436_rev,80000000.0,3088736.989819447,8933465.26026029,0,168
SUB_HIFLD_2996,SUB_HIFLD_2630,meso_SUB_HIFLD_2996_SUB_HIFLD_2630_rev,80000000.0,368941.8185718476,393240.51440110523,0,168
SUB_HIFLD_2996,SUB_HIFLD_2748,meso_SUB_HIFLD_2996_SUB_HIFLD_2748_rev,80000000.0,258133.23937695872,341925.96412842756,0,168
SUB_HIFLD_2997,SUB_HIFLD_1580,meso_SUB_HIFLD_2997_SUB_HIFLD_1580_rev,80000000.0,19855613.920801185,26323066.003543813,0,168
SUB_HIFLD_2997,SUB_HIFLD_1589,meso_SUB_HIFLD_2997_SUB_HIFLD_1589_rev,80000000.0,0.0,0.0,0,168
SUB_HIFLD_2997,SUB_HIFLD_1601,meso_SUB_HIFLD_2997_SUB_HIFLD_1601_rev,80000000.0,52889981.71569184,65486694.7342025,0,168
SUB_HIFLD_2997,SUB_HIFLD_4023,meso_SUB_HIFLD_2997_SUB_HIFLD_4023_fwd,80000000.0,0.0,0.0,0,168
SUB_HIFLD_2998,SUB_HIFLD_1531,meso_SUB_HIFLD_2998_SUB_HIFLD_1531_rev,80000000.0,31524913.90207672,40840794.13659794,0,168
SUB_HIFLD_2998,SUB_HIFLD_1549,meso_SUB_HIFLD_2998_SUB_HIFLD_1549_rev,80000000.0,14718226.799943836,17597922.539465208,0,168
SUB_HIFLD_2998,SUB_HIFLD_1585,meso_SUB_HIFLD_2998_SUB_HIFLD_1585_rev,80000000.0,0.0,0.0,0,168
SUB_HIFLD_2998,SUB_HIFLD_1682,meso_SUB_HIFLD_2998_SUB_HIFLD_1682_rev,80000000.0,8116173.983478159,9271230.795948775,0,168
SUB_HIFLD_2998,SUB_HIFLD_3715,meso_SUB_HIFLD_2998_SUB_HIFLD_3715_fwd,80000000.0,5117520.926489952,24885159.081852216,0,168
SUB_HIFLD_2998,SUB_HIFLD_4238,meso_SUB_HIFLD_2998_SUB_HIFLD_4238_fwd,80000000.0,0.0,0.0,0,168
SUB_HIFLD_2999,SUB_HIFLD_2619,meso_SUB_HIFLD_2999_SUB_HIFLD_2619_rev,80000000.0,0.0,0.0,0,168
SUB_HIFLD_2999,SUB_HIFLD_834,meso_SUB_HIFLD_2999_SUB_HIFLD_834_fwd,80000000.0,0.0,0.0,0,168
SUB_HIFLD_2999,SUB_HIFLD_872,meso_SUB_HIFLD_2999_SUB_HIFLD_872_fwd,80000000.0,0.0,0.0,0,168
SUB_HIFLD_3002,SUB_HIFLD_3488,meso_SUB_HIFLD_3002_SUB_HIFLD_3488_fwd,80000000.0,0.0,0.0,0,168
SUB_HIFLD_3002,SUB_HIFLD_3759,meso_SUB_HIFLD_3002_SUB_HIFLD_3759_fwd,80000000.0,68077857.46717303,80000000.0,83,168
SUB_HIFLD_3002,SUB_HIFLD_497,meso_SUB_HIFLD_3002_SUB_HIFLD_497_fwd,80000000.0,0.0,0.0,0,168
SUB_HIFLD_3003,SUB_HIFLD_3968,meso_SUB_HIFLD_3003_SUB_HIFLD_3968_fwd,5000000.0,1557440.620650907,5000000.0,42,168
SUB_HIFLD_3004,SUB_HIFLD_4050,meso_SUB_HIFLD_3004_SUB_HIFLD_4050_fwd,5000000.0,0.0,0.0,0,168
SUB_HIFLD_3005,SUB_HIFLD_1462,meso_SUB_HIFLD_3005_SUB_HIFLD_1462_rev,60000000.0,0.0,0.0,0,168
SUB_HIFLD_3005,SUB_HIFLD_3984,meso_SUB_HIFLD_3005_SUB_HIFLD_3984_fwd,60000000.0,76560.58322192621,898653.9321899414,0,168
SUB_HIFLD_3006,SUB_HIFLD_582,meso_SUB_HIFLD_3006_SUB_HIFLD_582_fwd,5000000.0,0.0,0.0,0,168
SUB_HIFLD_3009,SUB_HIFLD_878,meso_SUB_HIFLD_3009_SUB_HIFLD_878_fwd,12976486.024085863,0.0,0.0,0,168
SUB_HIFLD_3010,SUB_HIFLD_838,meso_SUB_HIFLD_3010_SUB_HIFLD_838_fwd,5000000.0,0.0,0.0,0,168
SUB_HIFLD_3011,SUB_HIFLD_1690,meso_SUB_HIFLD_3011_SUB_HIFLD_1690_rev,80000000.0,0.0,0.0,0,168
SUB_HIFLD_3011,SUB_HIFLD_3912,meso_SUB_HIFLD_3011_SUB_HIFLD_3912_fwd,80000000.0,0.0,0.0,0,168
SUB_HIFLD_3011,SUB_HIFLD_3913,meso_SUB_HIFLD_3011_SUB_HIFLD_3913_fwd,80000000.0,0.0,0.0,0,168
SUB_HIFLD_3014,SUB_HIFLD_1032,meso_SUB_HIFLD_3014_SUB_HIFLD_1032_rev,80000000.0,0.0,0.0,0,168
SUB_HIFLD_3015,SUB_HIFLD_3682,meso_SUB_HIFLD_3015_SUB_HIFLD_3682_fwd,80000000.0,1404661.0063739289,3143983.06577,0,168
SUB_HIFLD_3015,SUB_HIFLD_3659,meso_SUB_HIFLD_3015_SUB_HIFLD_3659_fwd,80000000.0,0.0,0.0,0,168
SUB_HIFLD_3015,SUB_HIFLD_854,meso_SUB_HIFLD_3015_SUB_HIFLD_854_fwd,80000000.0,0.0,0.0,0,168
SUB_HIFLD_3016,SUB_HIFLD_880,meso_SUB_HIFLD_3016_SUB_HIFLD_880_fwd,400000000.0,0.0,0.0,0,168
SUB_HIFLD_3016,SUB_HIFLD_904,meso_SUB_HIFLD_3016_SUB_HIFLD_904_fwd,80000000.0,76767107.22396769,80000000.0,126,168
SUB_HIFLD_3016,SUB_HIFLD_905,meso_SUB_HIFLD_3016_SUB_HIFLD_905_fwd,400000000.0,129662045.15585716,400000000.0,19,168
SUB_HIFLD_3016,SUB_HIFLD_955,meso_SUB_HIFLD_3016_SUB_HIFLD_955_fwd,80000000.0,41300664.55209964,51688836.481153354,0,168
SUB_HIFLD_3016,SUB_HIFLD_2497,meso_SUB_HIFLD_3016_SUB_HIFLD_2497_rev,200000000.0,106767954.93578225,200000000.0,54,168
SUB_HIFLD_3016,WEC_SDGE,iface_SUB_HIFLD_3016_WEC_SDGE_to_ba,717897998.8855028,0.0,0.0,0,168
SUB_HIFLD_3017,SUB_HIFLD_1583,meso_SUB_HIFLD_3017_SUB_HIFLD_1583_fwd,5000000.0,0.0,0.0,0,168
SUB_HIFLD_3018,SUB_HIFLD_927,meso_SUB_HIFLD_3018_SUB_HIFLD_927_fwd,80000000.0,15502312.627858195,41416585.37966976,0,168
SUB_HIFLD_3019,SUB_HIFLD_583,meso_SUB_HIFLD_3019_SUB_HIFLD_583_fwd,150000000.0,1098466.5916572863,31435756.53390786,0,168
SUB_HIFLD_3019,SUB_HIFLD_584,meso_SUB_HIFLD_3019_SUB_HIFLD_584_fwd,150000000.0,36841982.8789346,55669687.06943882,0,168
SUB_HIFLD_3019,SUB_HIFLD_589,meso_SUB_HIFLD_3019_SUB_HIFLD_589_fwd,150000000.0,0.0,0.0,0,168
SUB_HIFLD_3020,SUB_HIFLD_911,meso_SUB_HIFLD_3020_SUB_HIFLD_911_fwd,80000000.0,5016777.45323178,21679790.161132812,0,168
SUB_HIFLD_3021,SUB_HIFLD_4392,meso_SUB_HIFLD_3021_SUB_HIFLD_4392_fwd,80000000.0,19000000.0,19000000.0,0,168
SUB_HIFLD_3022,SUB_HIFLD_1047,meso_SUB_HIFLD_3022_SUB_HIFLD_1047_rev,400000000.0,0.0,0.0,0,168
SUB_HIFLD_3022,SUB_HIFLD_2535,meso_SUB_HIFLD_3022_SUB_HIFLD_2535_rev,80000000.0,75276434.56398503,80000000.0,131,168
SUB_HIFLD_3022,SUB_HIFLD_3707,meso_SUB_HIFLD_3022_SUB_HIFLD_3707_fwd,200000000.0,52857918.821844965,101117138.4685835,0,168
SUB_HIFLD_3022,WEC_SDGE,iface_SUB_HIFLD_3022_WEC_SDGE_to_ba,141225835.84632844,0.0,0.0,0,168
SUB_HIFLD_3023,SUB_HIFLD_2391,meso_SUB_HIFLD_3023_SUB_HIFLD_2391_rev,80000000.0,0.0,0.0,0,168
SUB_HIFLD_3023,SUB_HIFLD_2369,meso_SUB_HIFLD_3023_SUB_HIFLD_2369_rev,80000000.0,0.0,0.0,0,168
SUB_HIFLD_3024,SUB_HIFLD_1599,meso_SUB_HIFLD_3024_SUB_HIFLD_1599_rev,400000000.0,0.0,0.0,0,168
SUB_HIFLD_3024,SUB_HIFLD_1638,meso_SUB_HIFLD_3024_SUB_HIFLD_1638_rev,400000000.0,0.0,0.0,0,168
SUB_HIFLD_3024,SUB_HIFLD_1739,meso_SUB_HIFLD_3024_SUB_HIFLD_1739_rev,400000000.0,469433.3277037653,29505187.736589883,0,168
SUB_HIFLD_3024,SUB_HIFLD_1778,meso_SUB_HIFLD_3024_SUB_HIFLD_1778_rev,400000000.0,0.0,0.0,0,168
SUB_HIFLD_3025,SUB_01222,meso_SUB_HIFLD_3025_SUB_01222_rev,300000000.0,0.0,0.0,0,168
SUB_HIFLD_3025,SUB_08363,meso_SUB_HIFLD_3025_SUB_08363_rev,150000000.0,1925950.1820987035,18531829.14183312,0,168
SUB_HIFLD_3025,SUB_08390,meso_SUB_HIFLD_3025_SUB_08390_rev,150000000.0,0.0,0.0,0,168
SUB_HIFLD_3025,SUB_HIFLD_2058,meso_SUB_HIFLD_3025_SUB_HIFLD_2058_rev,210000000.0,26378676.939035088,146379686.19912374,0,168
SUB_HIFLD_3025,SUB_HIFLD_2070,meso_SUB_HIFLD_3025_SUB_HIFLD_2070_rev,150000000.0,22385721.847224843,88718114.36569335,0,168
SUB_HIFLD_3025,SUB_HIFLD_2121,meso_SUB_HIFLD_3025_SUB_HIFLD_2121_rev,150000000.0,0.0,0.0,0,168
SUB_HIFLD_3046,SUB_HIFLD_958,meso_SUB_HIFLD_3046_SUB_HIFLD_958_fwd,39648886.18711065,0.0,0.0,0,168
SUB_HIFLD_3047,SUB_HIFLD_3287,meso_SUB_HIFLD_3047_SUB_HIFLD_3287_fwd,80000000.0,0.0,0.0,0,168
SUB_HIFLD_3048,SUB_HIFLD_3621,meso_SUB_HIFLD_3048_SUB_HIFLD_3621_fwd,60000000.0,0.0,0.0,0,168
SUB_HIFLD_3048,SUB_HIFLD_4094,meso_SUB_HIFLD_3048_SUB_HIFLD_4094_fwd,60000000.0,51635713.828690395,59496865.26489258,20,168
SUB_HIFLD_3049,SUB_HIFLD_3050,meso_SUB_HIFLD_3049_SUB_HIFLD_3050_fwd,60000000.0,45801627.15331176,51545911.49571999,0,168
SUB_HIFLD_3049,SUB_HIFLD_3589,meso_SUB_HIFLD_3049_SUB_HIFLD_3589_fwd,60000000.0,0.0,0.0,0,168
SUB_HIFLD_3049,SUB_HIFLD_2598,meso_SUB_HIFLD_3049_SUB_HIFLD_2598_rev,6164184.776639633,2910785.8695759163,3911505.001107442,0,168
SUB_HIFLD_3049,SUB_HIFLD_3298,meso_SUB_HIFLD_3049_SUB_HIFLD_3298_rev,6910623.705501159,3261110.979678529,4382270.482643363,0,168
SUB_HIFLD_3050,SUB_HIFLD_1527,meso_SUB_HIFLD_3050_SUB_HIFLD_1527_rev,80000000.0,59373.27500333426,5169347.71475296,0,168
SUB_HIFLD_3050,SUB_HIFLD_2529,meso_SUB_HIFLD_3050_SUB_HIFLD_2529_rev,80000000.0,0.0,0.0,0,168
SUB_HIFLD_3050,SUB_HIFLD_3049,meso_SUB_HIFLD_3050_SUB_HIFLD_3049_rev,60000000.0,0.0,0.0,0,168
SUB_HIFLD_3050,SUB_HIFLD_3755,meso_SUB_HIFLD_3050_SUB_HIFLD_3755_fwd,80000000.0,64731414.13066777,80000000.0,58,168
SUB_HIFLD_3051,SUB_HIFLD_323,meso_SUB_HIFLD_3051_SUB_HIFLD_323_fwd,60000000.0,0.0,0.0,0,168
SUB_HIFLD_3051,SUB_HIFLD_1163,meso_SUB_HIFLD_3051_SUB_HIFLD_1163_fwd,5000000.0,0.0,0.0,0,168
SUB_HIFLD_3059,SUB_HIFLD_150,meso_SUB_HIFLD_3059_SUB_HIFLD_150_rev,400000000.0,0.0,0.0,0,168
SUB_HIFLD_3059,SUB_HIFLD_3658,meso_SUB_HIFLD_3059_SUB_HIFLD_3658_fwd,400000000.0,0.0,0.0,0,168
SUB_HIFLD_3059,SUB_HIFLD_866,meso_SUB_HIFLD_3059_SUB_HIFLD_866_fwd,150000000.0,5759532.829108174,36408748.26398627,0,168
SUB_HIFLD_3059,SUB_HIFLD_561,meso_SUB_HIFLD_3059_SUB_HIFLD_561_fwd,800000000.0,0.0,0.0,0,168
SUB_HIFLD_3059,SUB_HIFLD_572,meso_SUB_HIFLD_3059_SUB_HIFLD_572_fwd,300000000.0,120897.13037237724,8540745.861042306,0,168
SUB_HIFLD_3059,SUB_HIFLD_577,meso_SUB_HIFLD_3059_SUB_HIFLD_577_fwd,150000000.0,6694130.456174751,25335797.056217782,0,168
SUB_HIFLD_3060,SUB_HIFLD_1060,meso_SUB_HIFLD_3060_SUB_HIFLD_1060_rev,1500000000.0,26663682.629808206,72089375.55970207,0,168
SUB_HIFLD_3060,SUB_HIFLD_838,meso_SUB_HIFLD_3060_SUB_HIFLD_838_fwd,3000000000.0,0.0,0.0,0,168
SUB_HIFLD_3060,SUB_HIFLD_796,meso_SUB_HIFLD_3060_SUB_HIFLD_796_fwd,80000000.0,60308656.19793851,80000000.0,24,168
SUB_HIFLD_3060,SUB_HIFLD_3397,meso_SUB_HIFLD_3060_SUB_HIFLD_3397_rev,5000000.0,0.0,0.0,0,168
SUB_HIFLD_3060,WECC_SCE,iface_SUB_HIFLD_3060_WECC_SCE_to_ba,113551470.17117159,0.0,0.0,0,168
SUB_HIFLD_3061,SUB_HIFLD_811,meso_SUB_HIFLD_3061_SUB_HIFLD_811_fwd,80000000.0,0.0,0.0,0,168
SUB_HIFLD_3062,SUB_HIFLD_550,meso_SUB_HIFLD_3062_SUB_HIFLD_550_fwd,300000000.0,0.0,0.0,0,168
SUB_HIFLD_3062,SUB_HIFLD_576,meso_SUB_HIFLD_3062_SUB_HIFLD_576_fwd,150000000.0,626167.7686745155,6852435.578427257,0,168
SUB_HIFLD_3062,SUB_HIFLD_580,meso_SUB_HIFLD_3062_SUB_HIFLD_580_fwd,150000000.0,12278000.89988915,24095943.86130467,0,168
SUB_HIFLD_3063,SUB_HIFLD_1538,meso_SUB_HIFLD_3063_SUB_HIFLD_1538_rev,1500000000.0,0.0,0.0,0,168
SUB_HIFLD_3063,SUB_HIFLD_1768,meso_SUB_HIFLD_3063_SUB_HIFLD_1768_rev,1500000000.0,4314853.142657864,60659687.64520282,0,168
SUB_HIFLD_3063,SUB_HIFLD_2946,meso_SUB_HIFLD_3063_SUB_HIFLD_2946_rev,1500000000.0,0.0,0.0,0,168
SUB_HIFLD_3063,SUB_HIFLD_2983,meso_SUB_HIFLD_3063_SUB_HIFLD_2983_rev,80000000.0,63149565.87251588,80000000.0,70,168
SUB_HIFLD_3063,SUB_HIFLD_3684,meso_SUB_HIFLD_3063_SUB_HIFLD_3684_fwd,150000000.0,0.0,0.0,0,168
SUB_HIFLD_3063,WECC_SCE,iface_SUB_HIFLD_3063_WECC_SCE_to_ba,113551470.17117159,0.0,0.0,0,168
SUB_HIFLD_3065,SUB_HIFLD_2947,meso_SUB_HIFLD_3065_SUB_HIFLD_2947_rev,60000000.0,0.0,0.0,0,168
SUB_HIFLD_3065,SUB_HIFLD_148,meso_SUB_HIFLD_3065_SUB_HIFLD_148_rev,41327325.465435386,20734395.937895026,36104857.19138928,0,168
SUB_HIFLD_3065,SUB_15803,meso_SUB_HIFLD_3065_SUB_15803_rev,7355040.534515733,3224981.5345337186,4010309.2783505153,0,168
SUB_HIFLD_3073,SUB_HIFLD_4068,meso_SUB_HIFLD_3073_SUB_HIFLD_4068_fwd,80000000.0,0.0,0.0,0,168
SUB_HIFLD_3074,SUB_HIFLD_3527,meso_SUB_HIFLD_3074_SUB_HIFLD_3527_fwd,6254562.027066169,0.0,0.0,0,168
SUB_HIFLD_3076,SUB_HIFLD_2301,meso_SUB_HIFLD_3076_SUB_HIFLD_2301_rev,80000000.0,0.0,0.0,0,168
SUB_HIFLD_3076,SUB_HIFLD_2306,meso_SUB_HIFLD_3076_SUB_HIFLD_2306_rev,80000000.0,0.0,0.0,0,168
SUB_HIFLD_3077,SUB_HIFLD_1035,meso_SUB_HIFLD_3077_SUB_HIFLD_1035_rev,300000000.0,0.0,0.0,0,168
SUB_HIFLD_3078,SUB_HIFLD_1033,meso_SUB_HIFLD_3078_SUB_HIFLD_1033_rev,150000000.0,0.0,0.0,0,168
SUB_HIFLD_3078,SUB_HIFLD_1499,meso_SUB_HIFLD_3078_SUB_HIFLD_1499_rev,150000000.0,0.0,0.0,0,168
SUB_HIFLD_3078,SUB_HIFLD_4342,meso_SUB_HIFLD_3078_SUB_HIFLD_4342_fwd,80000000.0,0.0,0.0,0,168
SUB_HIFLD_3078,SUB_HIFLD_569,meso_SUB_HIFLD_3078_SUB_HIFLD_569_fwd,150000000.0,16754466.733712452,23416970.79373389,0,168
SUB_HIFLD_3079,SUB_HIFLD_1999,meso_SUB_HIFLD_3079_SUB_HIFLD_1999_rev,200000000.0,0.0,0.0,0,168
SUB_HIFLD_3079,SUB_HIFLD_2492,meso_SUB_HIFLD_3079_SUB_HIFLD_2492_rev,200000000.0,14988032.34072251,19887728.03237758,0,168
SUB_HIFLD_3079,SUB_HIFLD_969,meso_SUB_HIFLD_3079_SUB_HIFLD_969_fwd,200000000.0,0.0,0.0,0,168
SUB_HIFLD_3080,SUB_HIFLD_906,meso_SUB_HIFLD_3080_SUB_HIFLD_906_fwd,400000000.0,509926.56988307694,8770192.07429055,0,168
SUB_HIFLD_3080,SUB_HIFLD_930,meso_SUB_HIFLD_3080_SUB_HIFLD_930_fwd,400000000.0,3384716.1678752624,7834933.71247414,0,168
SUB_HIFLD_3080,WEC_SDGE,iface_SUB_HIFLD_3080_WEC_SDGE_to_ba,23537639.307721406,0.0,0.0,0,168
SUB_HIFLD_3082,SUB_HIFLD_1327,meso_SUB_HIFLD_3082_SUB_HIFLD_1327_rev,60000000.0,0.0,0.0,0,168
SUB_HIFLD_3082,SUB_HIFLD_2194,meso_SUB_HIFLD_3082_SUB_HIFLD_2194_rev,60000000.0,0.0,0.0,0,168
SUB_HIFLD_3082,SUB_HIFLD_2195,meso_SUB_HIFLD_3082_SUB_HIFLD_2195_rev,120000000.0,0.0,0.0,0,168
SUB_HIFLD_3085,SUB_HIFLD_1317,meso_SUB_HIFLD_3085_SUB_HIFLD_1317_rev,150000000.0,0.0,0.0,0,168
SUB_HIFLD_3085,SUB_HIFLD_2166,meso_SUB_HIFLD_3085_SUB_HIFLD_2166_rev,150000000.0,0.0,0.0,0,168
SUB_HIFLD_3086,SUB_10356,meso_SUB_HIFLD_3086_SUB_10356_rev,60000000.0,0.0,0.0,0,168
SUB_HIFLD_3086,SUB_HIFLD_2165,meso_SUB_HIFLD_3086_SUB_HIFLD_2165_rev,150000000.0,0.0,0.0,0,168
SUB_HIFLD_3086,SUB_HIFLD_2173,meso_SUB_HIFLD_3086_SUB_HIFLD_2173_rev,60000000.0,192400.60469430237,1327419.572853253,0,168
SUB_HIFLD_3086,SUB_HIFLD_2180,meso_SUB_HIFLD_3086_SUB_HIFLD_2180_rev,60000000.0,2116318.000317912,24409443.838453766,0,168
SUB_HIFLD_3088,SUB_HIFLD_1316,meso_SUB_HIFLD_3088_SUB_HIFLD_1316_fwd,5000000.0,0.0,0.0,0,168
SUB_HIFLD_3090,SUB_HIFLD_1045,meso_SUB_HIFLD_3090_SUB_HIFLD_1045_rev,80000000.0,7282781.199860422,38206482.22461189,0,168
SUB_HIFLD_3090,SUB_HIFLD_548,meso_SUB_HIFLD_3090_SUB_HIFLD_548_fwd,80000000.0,73078072.82639901,80000000.0,147,168
SUB_HIFLD_3090,SUB_HIFLD_1029,meso_SUB_HIFLD_3090_SUB_HIFLD_1029_rev,80000000.0,0.0,0.0,0,168
SUB_HIFLD_3090,SUB_HIFLD_870,meso_SUB_HIFLD_3090_SUB_HIFLD_870_fwd,300000000.0,0.0,0.0,0,168
SUB_HIFLD_3091,SUB_HIFLD_1045,meso_SUB_HIFLD_3091_SUB_HIFLD_1045_rev,80000000.0,0.0,0.0,0,168
SUB_HIFLD_3091,SUB_HIFLD_3092,meso_SUB_HIFLD_3091_SUB_HIFLD_3092_fwd,80000000.0,67324431.7284261,80000000.0,63,168
SUB_HIFLD_3091,SUB_HIFLD_548,meso_SUB_HIFLD_3091_SUB_HIFLD_548_fwd,80000000.0,198475.64262650523,4952524.240665436,0,168
SUB_HIFLD_3091,SUB_HIFLD_1029,meso_SUB_HIFLD_3091_SUB_HIFLD_1029_rev,80000000.0,0.0,0.0,0,168
SUB_HIFLD_3092,SUB_HIFLD_1484,meso_SUB_HIFLD_3092_SUB_HIFLD_1484_rev,80000000.0,940617.9290038528,9985787.793860432,0,168
SUB_HIFLD_3092,SUB_HIFLD_3091,meso_SUB_HIFLD_3092_SUB_HIFLD_3091_rev,80000000.0,0.0,0.0,0,168
SUB_HIFLD_3092,SUB_HIFLD_3096,meso_SUB_HIFLD_3092_SUB_HIFLD_3096_fwd,80000000.0,61537751.56175984,80000000.0,36,168
SUB_HIFLD_3092,SUB_HIFLD_548,meso_SUB_HIFLD_3092_SUB_HIFLD_548_fwd,80000000.0,0.0,0.0,0,168
SUB_HIFLD_3093,SUB_HIFLD_1044,meso_SUB_HIFLD_3093_SUB_HIFLD_1044_rev,80000000.0,0.0,0.0,0,168
SUB_HIFLD_3093,SUB_HIFLD_548,meso_SUB_HIFLD_3093_SUB_HIFLD_548_fwd,80000000.0,0.0,0.0,0,168
SUB_HIFLD_3093,SUB_HIFLD_3095,meso_SUB_HIFLD_3093_SUB_HIFLD_3095_fwd,160000000.0,67577196.00401028,112282123.5961914,0,168
SUB_HIFLD_3094,SUB_HIFLD_3095,meso_SUB_HIFLD_3094_SUB_HIFLD_3095_fwd,80000000.0,0.0,0.0,0,168
SUB_HIFLD_3095,SUB_HIFLD_1043,meso_SUB_HIFLD_3095_SUB_HIFLD_1043_rev,80000000.0,0.0,0.0,0,168
SUB_HIFLD_3095,SUB_HIFLD_3094,meso_SUB_HIFLD_3095_SUB_HIFLD_3094_rev,80000000.0,14423339.444285044,55358000.30700684,0,168
SUB_HIFLD_3095,SUB_HIFLD_3093,meso_SUB_HIFLD_3095_SUB_HIFLD_3093_rev,160000000.0,0.0,0.0,0,168
SUB_HIFLD_3096,SUB_HIFLD_1043,meso_SUB_HIFLD_3096_SUB_HIFLD_1043_rev,80000000.0,61303056.11076645,80000000.0,102,168
SUB_HIFLD_3096,SUB_HIFLD_1484,meso_SUB_HIFLD_3096_SUB_HIFLD_1484_rev,80000000.0,0.0,0.0,0,168
SUB_HIFLD_3096,SUB_HIFLD_3092,meso_SUB_HIFLD_3096_SUB_HIFLD_3092_rev,80000000.0,0.0,0.0,0,168
SUB_HIFLD_3097,SUB_HIFLD_1044,meso_SUB_HIFLD_3097_SUB_HIFLD_1044_rev,80000000.0,0.0,0.0,0,168
SUB_HIFLD_3097,SUB_HIFLD_2949,meso_SUB_HIFLD_3097_SUB_HIFLD_2949_rev,80000000.0,1674382.539295015,27580531.860351562,0,168
SUB_HIFLD_3098,SUB_HIFLD_2949,meso_SUB_HIFLD_3098_SUB_HIFLD_2949_rev,80000000.0,0.0,0.0,0,168
SUB_HIFLD_3099,SUB_HIFLD_3262,meso_SUB_HIFLD_3099_SUB_HIFLD_3262_fwd,5000000.0,109978.47532183588,5000000.0,3,168
SUB_HIFLD_3101,SUB_HIFLD_3824,meso_SUB_HIFLD_3101_SUB_HIFLD_3824_fwd,60000000.0,9800000.0,9800000.0,0,168
SUB_HIFLD_3104,SUB_HIFLD_1860,meso_SUB_HIFLD_3104_SUB_HIFLD_1860_rev,80000000.0,146819.14397531358,227606.42435132843,0,168
SUB_HIFLD_3104,SUB_HIFLD_1864,meso_SUB_HIFLD_3104_SUB_HIFLD_1864_rev,80000000.0,336882.23308713984,522251.7937729039,0,168
SUB_HIFLD_3104,SUB_10349,meso_SUB_HIFLD_3104_SUB_10349_fwd,5000000.0,0.0,0.0,0,168
SUB_HIFLD_3109,SUB_HIFLD_3665,meso_SUB_HIFLD_3109_SUB_HIFLD_3665_fwd,5000000.0,0.0,0.0,0,168
SUB_HIFLD_3110,SUB_HIFLD_595,meso_SUB_HIFLD_3110_SUB_HIFLD_595_fwd,60000000.0,0.0,0.0,0,168
SUB_HIFLD_3110,SUB_HIFLD_667,meso_SUB_HIFLD_3110_SUB_HIFLD_667_fwd,60000000.0,1088803.0567544522,4147230.718553681,0,168
SUB_HIFLD_3110,SUB_HIFLD_696,meso_SUB_HIFLD_3110_SUB_HIFLD_696_fwd,60000000.0,0.0,0.0,0,168
SUB_HIFLD_3111,SUB_HIFLD_2660,meso_SUB_HIFLD_3111_SUB_HIFLD_2660_rev,60000000.0,0.0,0.0,0,168
SUB_HIFLD_3112,SUB_HIFLD_3119,meso_SUB_HIFLD_3112_SUB_HIFLD_3119_fwd,60000000.0,0.0,0.0,0,168
SUB_HIFLD_3112,SUB_HIFLD_741,meso_SUB_HIFLD_3112_SUB_HIFLD_741_fwd,60000000.0,2197618.5366582074,17693686.805840578,0,168
SUB_HIFLD_3113,SUB_HIFLD_597,meso_SUB_HIFLD_3113_SUB_HIFLD_597_fwd,6037095.771470515,0.0,0.0,0,168
SUB_HIFLD_3114,SUB_HIFLD_3138,meso_SUB_HIFLD_3114_SUB_HIFLD_3138_fwd,60000000.0,585152.8716426769,2395497.115616946,0,168
SUB_HIFLD_3114,SUB_HIFLD_3329,meso_SUB_HIFLD_3114_SUB_HIFLD_3329_fwd,60000000.0,108067.81977698917,2698200.0439453125,0,168
SUB_HIFLD_3115,SUB_HIFLD_3124,meso_SUB_HIFLD_3115_SUB_HIFLD_3124_fwd,60000000.0,0.0,0.0,0,168
SUB_HIFLD_3115,SUB_HIFLD_726,meso_SUB_HIFLD_3115_SUB_HIFLD_726_fwd,60000000.0,0.0,0.0,0,168
SUB_HIFLD_3115,SUB_HIFLD_3125,meso_SUB_HIFLD_3115_SUB_HIFLD_3125_fwd,80000000.0,0.0,0.0,0,168
SUB_HIFLD_3116,SUB_HIFLD_2822,meso_SUB_HIFLD_3116_SUB_HIFLD_2822_fwd,8894765.899287831,0.0,0.0,0,168
SUB_HIFLD_3117,SUB_HIFLD_3460,meso_SUB_HIFLD_3117_SUB_HIFLD_3460_fwd,60000000.0,0.0,0.0,0,168
SUB_HIFLD_3118,SUB_HIFLD_1373,meso_SUB_HIFLD_3118_SUB_HIFLD_1373_rev,60000000.0,0.0,0.0,0,168
SUB_HIFLD_3118,SUB_HIFLD_4087,meso_SUB_HIFLD_3118_SUB_HIFLD_4087_fwd,60000000.0,15954672.143491782,28210549.419797253,0,168
SUB_HIFLD_3119,SUB_HIFLD_2580,meso_SUB_HIFLD_3119_SUB_HIFLD_2580_rev,60000000.0,2980224.811111997,5269540.027736388,0,168
SUB_HIFLD_3119,SUB_HIFLD_3112,meso_SUB_HIFLD_3119_SUB_HIFLD_3112_rev,60000000.0,3108810.949727876,18935286.044210345,0,168
SUB_HIFLD_3119,SUB_HIFLD_708,meso_SUB_HIFLD_3119_SUB_HIFLD_708_fwd,80000000.0,0.0,0.0,0,168
SUB_HIFLD_3121,SUB_HIFLD_3143,meso_SUB_HIFLD_3121_SUB_HIFLD_3143_fwd,400000000.0,0.0,0.0,0,168
SUB_HIFLD_3121,SUB_HIFLD_597,meso_SUB_HIFLD_3121_SUB_HIFLD_597_fwd,400000000.0,0.0,0.0,0,168
SUB_HIFLD_3121,SUB_HIFLD_691,meso_SUB_HIFLD_3121_SUB_HIFLD_691_fwd,800000000.0,4179124.010372846,65530003.83338454,0,168
SUB_HIFLD_3121,SUB_HIFLD_708,meso_SUB_HIFLD_3121_SUB_HIFLD_708_fwd,400000000.0,0.0,0.0,0,168
SUB_HIFLD_3121,SUB_HIFLD_3460,meso_SUB_HIFLD_3121_SUB_HIFLD_3460_fwd,80000000.0,31362017.29174962,60723417.98001899,0,168
SUB_HIFLD_3121,SUB_HIFLD_736,meso_SUB_HIFLD_3121_SUB_HIFLD_736_fwd,400000000.0,10738630.95218118,74846459.9401829,0,168
SUB_HIFLD_3121,WEC_BANC,iface_SUB_HIFLD_3121_WEC_BANC_to_ba,20000000.0,0.0,0.0,0,168
SUB_HIFLD_3122,SUB_HIFLD_634,meso_SUB_HIFLD_3122_SUB_HIFLD_634_fwd,60000000.0,0.0,0.0,0,168
SUB_HIFLD_3122,SUB_HIFLD_635,meso_SUB_HIFLD_3122_SUB_HIFLD_635_fwd,60000000.0,0.0,0.0,0,168
SUB_HIFLD_3123,SUB_HIFLD_4285,meso_SUB_HIFLD_3123_SUB_HIFLD_4285_fwd,60000000.0,6542297.634699752,9980524.877174614,0,168
SUB_HIFLD_3123,SUB_HIFLD_723,meso_SUB_HIFLD_3123_SUB_HIFLD_723_fwd,60000000.0,0.0,0.0,0,168
SUB_HIFLD_3124,SUB_HIFLD_3115,meso_SUB_HIFLD_3124_SUB_HIFLD_3115_rev,60000000.0,0.0,0.0,0,168
SUB_HIFLD_3124,SUB_HIFLD_3125,meso_SUB_HIFLD_3124_SUB_HIFLD_3125_fwd,60000000.0,0.0,0.0,0,168
SUB_HIFLD_3125,SUB_HIFLD_3124,meso_SUB_HIFLD_3125_SUB_HIFLD_3124_rev,60000000.0,9976139.136208117,17639495.53499517,0,168
SUB_HIFLD_3125,SUB_HIFLD_4100,meso_SUB_HIFLD_3125_SUB_HIFLD_4100_fwd,60000000.0,25504480.114501584,48658905.61086753,0,168
SUB_HIFLD_3125,SUB_HIFLD_740,meso_SUB_HIFLD_3125_SUB_HIFLD_740_fwd,60000000.0,726.2786580583426,122014.81455380155,0,168
SUB_HIFLD_3125,SUB_HIFLD_3115,meso_SUB_HIFLD_3125_SUB_HIFLD_3115_rev,80000000.0,1822802.1188032662,11005040.148068791,0,168
SUB_HIFLD_3125,SUB_HIFLD_659,meso_SUB_HIFLD_3125_SUB_HIFLD_659_fwd,80000000.0,0.0,0.0,0,168
SUB_HIFLD_3126,SUB_HIFLD_659,meso_SUB_HIFLD_3126_SUB_HIFLD_659_fwd,80000000.0,0.0,0.0,0,168
SUB_HIFLD_3128,SUB_HIFLD_2755,meso_SUB_HIFLD_3128_SUB_HIFLD_2755_rev,60000000.0,7597451.194478533,13433575.18776176,0,168
SUB_HIFLD_3128,SUB_HIFLD_671,meso_SUB_HIFLD_3128_SUB_HIFLD_671_fwd,60000000.0,4069877.401098178,7196229.474569105,0,168
SUB_HIFLD_3128,SUB_HIFLD_673,meso_SUB_HIFLD_3128_SUB_HIFLD_673_fwd,42743102.068689264,0.0,0.0,0,168
SUB_HIFLD_3129,SUB_15226,meso_SUB_HIFLD_3129_SUB_15226_rev,150000000.0,0.0,0.0,0,168
SUB_HIFLD_3129,SUB_16354,meso_SUB_HIFLD_3129_SUB_16354_rev,120000000.0,1631587.7322810914,5452062.075900048,0,168
SUB_HIFLD_3129,SUB_HIFLD_708,meso_SUB_HIFLD_3129_SUB_HIFLD_708_fwd,150000000.0,0.0,0.0,0,168
SUB_HIFLD_3131,SUB_HIFLD_4274,meso_SUB_HIFLD_3131_SUB_HIFLD_4274_fwd,9109110.198659146,0.0,0.0,0,168
SUB_HIFLD_3132,SUB_HIFLD_4280,meso_SUB_HIFLD_3132_SUB_HIFLD_4280_fwd,60000000.0,635902.409235019,1720835.1843135874,0,168
SUB_HIFLD_3132,SUB_HIFLD_764,meso_SUB_HIFLD_3132_SUB_HIFLD_764_fwd,60000000.0,0.0,0.0,0,168
SUB_HIFLD_3133,SUB_HIFLD_751,meso_SUB_HIFLD_3133_SUB_HIFLD_751_fwd,7033085.1453567855,0.0,0.0,0,168
SUB_HIFLD_3134,SUB_HIFLD_2733,meso_SUB_HIFLD_3134_SUB_HIFLD_2733_rev,60000000.0,0.0,0.0,0,168
SUB_HIFLD_3135,SUB_HIFLD_4105,meso_SUB_HIFLD_3135_SUB_HIFLD_4105_fwd,60000000.0,0.0,0.0,0,168
SUB_HIFLD_3136,SUB_HIFLD_593,meso_SUB_HIFLD_3136_SUB_HIFLD_593_fwd,60000000.0,0.0,0.0,0,168
SUB_HIFLD_3136,SUB_HIFLD_741,meso_SUB_HIFLD_3136_SUB_HIFLD_741_fwd,160000000.0,1418273.9895569044,21136282.178664953,0,168
SUB_HIFLD_3136,SUB_HIFLD_608,meso_SUB_HIFLD_3136_SUB_HIFLD_608_rev,5000000.0,755922.5186800687,1336598.4572577723,0,168
SUB_HIFLD_3137,SUB_HIFLD_2578,meso_SUB_HIFLD_3137_SUB_HIFLD_2578_rev,60000000.0,1687018.5427163914,12997874.369983071,0,168
SUB_HIFLD_3137,SUB_HIFLD_722,meso_SUB_HIFLD_3137_SUB_HIFLD_722_fwd,150000000.0,755631.8028382562,9666306.0139135,0,168
SUB_HIFLD_3137,SUB_HIFLD_758,meso_SUB_HIFLD_3137_SUB_HIFLD_758_fwd,150000000.0,0.0,0.0,0,168
SUB_HIFLD_3137,SUB_HIFLD_761,meso_SUB_HIFLD_3137_SUB_HIFLD_761_fwd,400000000.0,0.0,0.0,0,168
SUB_HIFLD_3137,SUB_HIFLD_762,meso_SUB_HIFLD_3137_SUB_HIFLD_762_fwd,400000000.0,0.0,0.0,0,168
SUB_HIFLD_3137,WEC_BANC,iface_SUB_HIFLD_3137_WEC_BANC_to_ba,20000000.0,0.0,0.0,0,168
SUB_HIFLD_3138,SUB_HIFLD_3114,meso_SUB_HIFLD_3138_SUB_HIFLD_3114_rev,60000000.0,3304374.1731189545,9059629.150390625,0,168
SUB_HIFLD_3140,SUB_HIFLD_1370,meso_SUB_HIFLD_3140_SUB_HIFLD_1370_rev,150000000.0,10917140.260634795,43844747.73084664,0,168
SUB_HIFLD_3140,SUB_HIFLD_595,meso_SUB_HIFLD_3140_SUB_HIFLD_595_fwd,150000000.0,0.0,0.0,0,168
SUB_HIFLD_3140,SUB_HIFLD_691,meso_SUB_HIFLD_3140_SUB_HIFLD_691_fwd,400000000.0,0.0,0.0,0,168
SUB_HIFLD_3140,SUB_HIFLD_696,meso_SUB_HIFLD_3140_SUB_HIFLD_696_fwd,400000000.0,10991.819318522126,1846625.6455117173,0,168
SUB_HIFLD_3140,SUB_HIFLD_726,meso_SUB_HIFLD_3140_SUB_HIFLD_726_fwd,400000000.0,533362.6420955872,32973215.972447522,0,168
SUB_HIFLD_3140,WEC_BANC,iface_SUB_HIFLD_3140_WEC_BANC_to_ba,1700000000.0,0.0,0.0,0,168
SUB_HIFLD_3141,SUB_HIFLD_2771,meso_SUB_HIFLD_3141_SUB_HIFLD_2771_rev,60000000.0,973750.0,2253000.0,0,168
SUB_HIFLD_3142,SUB_HIFLD_3426,meso_SUB_HIFLD_3142_SUB_HIFLD_3426_fwd,60000000.0,5270623.5899894005,13247172.436371638,0,168
SUB_HIFLD_3142,SUB_HIFLD_782,meso_SUB_HIFLD_3142_SUB_HIFLD_782_fwd,60000000.0,0.0,0.0,0,168
SUB_HIFLD_3143,SUB_16391,meso_SUB_HIFLD_3143_SUB_16391_rev,1200000000.0,0.0,0.0,0,168
SUB_HIFLD_3143,SUB_HIFLD_3121,meso_SUB_HIFLD_3143_SUB_HIFLD_3121_rev,400000000.0,1213453.2139222552,54850384.25241408,0,168
SUB_HIFLD_3143,SUB_HIFLD_691,meso_SUB_HIFLD_3143_SUB_HIFLD_691_fwd,400000000.0,42961895.36164445,196339374.810038,0,168
SUB_HIFLD_3143,SUB_HIFLD_782,meso_SUB_HIFLD_3143_SUB_HIFLD_782_fwd,60000000.0,39558323.77202611,60000000.0,30,168
SUB_HIFLD_3143,WEC_BANC,iface_SUB_HIFLD_3143_WEC_BANC_to_ba,20000000.0,0.0,0.0,0,168
SUB_HIFLD_3144,SUB_HIFLD_708,meso_SUB_HIFLD_3144_SUB_HIFLD_708_fwd,150000000.0,0.0,0.0,0,168
SUB_HIFLD_3145,SUB_HIFLD_710,meso_SUB_HIFLD_3145_SUB_HIFLD_710_fwd,60000000.0,7208956.04969271,12746649.503672408,0,168
SUB_HIFLD_3145,SUB_HIFLD_2564,meso_SUB_HIFLD_3145_SUB_HIFLD_2564_fwd,23577778.032056488,0.0,0.0,0,168
SUB_HIFLD_3146,SUB_HIFLD_2822,meso_SUB_HIFLD_3146_SUB_HIFLD_2822_rev,60000000.0,0.0,0.0,0,168
SUB_HIFLD_3148,SUB_HIFLD_1285,meso_SUB_HIFLD_3148_SUB_HIFLD_1285_rev,1500000000.0,0.0,0.0,0,168
SUB_HIFLD_3148,SUB_HIFLD_968,meso_SUB_HIFLD_3148_SUB_HIFLD_968_fwd,400000000.0,138898605.74912795,249758543.4596328,0,168
SUB_HIFLD_3148,SUB_HIFLD_293,meso_SUB_HIFLD_3148_SUB_HIFLD_293_rev,1500000000.0,0.0,0.0,0,168
SUB_HIFLD_3148,WEC_SDGE,iface_SUB_HIFLD_3148_WEC_SDGE_to_ba,23537639.307721406,0.0,0.0,0,168
SUB_HIFLD_3149,SUB_HIFLD_3150,meso_SUB_HIFLD_3149_SUB_HIFLD_3150_fwd,60000000.0,2813844.1183295855,4944036.008589951,0,168
SUB_HIFLD_3149,SUB_HIFLD_3996,meso_SUB_HIFLD_3149_SUB_HIFLD_3996_fwd,60000000.0,0.0,0.0,0,168
SUB_HIFLD_3149,SUB_HIFLD_574,meso_SUB_HIFLD_3149_SUB_HIFLD_574_fwd,60000000.0,0.0,0.0,0,168
SUB_HIFLD_3150,SUB_HIFLD_3149,meso_SUB_HIFLD_3150_SUB_HIFLD_3149_rev,60000000.0,0.0,0.0,0,168
SUB_HIFLD_3150,SUB_HIFLD_3152,meso_SUB_HIFLD_3150_SUB_HIFLD_3152_fwd,60000000.0,1510963.3502265315,2781130.6392583093,0,168
SUB_HIFLD_3151,SUB_HIFLD_3152,meso_SUB_HIFLD_3151_SUB_HIFLD_3152_fwd,60000000.0,0.0,0.0,0,168
SUB_HIFLD_3152,SUB_HIFLD_3150,meso_SUB_HIFLD_3152_SUB_HIFLD_3150_rev,60000000.0,1185.1524821129212,145474.49882778313,0,168
SUB_HIFLD_3152,SUB_HIFLD_3151,meso_SUB_HIFLD_3152_SUB_HIFLD_3151_rev,60000000.0,0.0,0.0,0,168
SUB_HIFLD_3153,SUB_HIFLD_1526,meso_SUB_HIFLD_3153_SUB_HIFLD_1526_rev,400000000.0,0.0,0.0,0,168
SUB_HIFLD_3153,SUB_HIFLD_3364,meso_SUB_HIFLD_3153_SUB_HIFLD_3364_fwd,150000000.0,0.0,0.0,0,168
SUB_HIFLD_3153,SUB_HIFLD_494,meso_SUB_HIFLD_3153_SUB_HIFLD_494_fwd,80000000.0,0.0,0.0,0,168
SUB_HIFLD_3156,SUB_HIFLD_1265,meso_SUB_HIFLD_3156_SUB_HIFLD_1265_rev,80000000.0,0.0,0.0,0,168
SUB_HIFLD_3156,SUB_HIFLD_1266,meso_SUB_HIFLD_3156_SUB_HIFLD_1266_rev,200000000.0,0.0,0.0,0,168
SUB_HIFLD_3156,SUB_HIFLD_1519,meso_SUB_HIFLD_3156_SUB_HIFLD_1519_rev,80000000.0,0.0,0.0,0,168
SUB_HIFLD_3156,SUB_HIFLD_1728,meso_SUB_HIFLD_3156_SUB_HIFLD_1728_rev,80000000.0,29990186.086045317,62106949.52895961,0,168
SUB_HIFLD_3156,SUB_HIFLD_499,meso_SUB_HIFLD_3156_SUB_HIFLD_499_fwd,200000000.0,26481682.34922909,60389206.293702856,0,168
SUB_HIFLD_3157,SUB_HIFLD_1926,meso_SUB_HIFLD_3157_SUB_HIFLD_1926_rev,80000000.0,0.0,0.0,0,168
SUB_HIFLD_3157,SUB_HIFLD_1956,meso_SUB_HIFLD_3157_SUB_HIFLD_1956_rev,80000000.0,0.0,0.0,0,168
SUB_HIFLD_3157,SUB_HIFLD_3697,meso_SUB_HIFLD_3157_SUB_HIFLD_3697_fwd,80000000.0,1198208.1652622526,35610227.63360407,0,168
SUB_HIFLD_3157,SUB_HIFLD_4198,meso_SUB_HIFLD_3157_SUB_HIFLD_4198_fwd,80000000.0,49997590.00234439,80000000.0,24,168
SUB_HIFLD_3158,SUB_HIFLD_3159,meso_SUB_HIFLD_3158_SUB_HIFLD_3159_fwd,80000000.0,0.0,0.0,0,168
SUB_HIFLD_3159,SUB_HIFLD_2721,meso_SUB_HIFLD_3159_SUB_HIFLD_2721_rev,80000000.0,0.0,0.0,0,168
SUB_HIFLD_3159,SUB_HIFLD_3158,meso_SUB_HIFLD_3159_SUB_HIFLD_3158_rev,80000000.0,0.0,0.0,0,168
SUB_HIFLD_3159,SUB_HIFLD_4211,meso_SUB_HIFLD_3159_SUB_HIFLD_4211_fwd,80000000.0,9199853.69712227,26988744.28283691,0,168
SUB_HIFLD_3160,SUB_HIFLD_1492,meso_SUB_HIFLD_3160_SUB_HIFLD_1492_rev,80000000.0,65524240.95383646,80000000.0,109,168
SUB_HIFLD_3160,SUB_HIFLD_2632,meso_SUB_HIFLD_3160_SUB_HIFLD_2632_rev,80000000.0,44511511.94181127,80000000.0,34,168
SUB_HIFLD_3161,SUB_HIFLD_1423,meso_SUB_HIFLD_3161_SUB_HIFLD_1423_rev,60000000.0,0.0,0.0,0,168
SUB_HIFLD_3161,SUB_HIFLD_3263,meso_SUB_HIFLD_3161_SUB_HIFLD_3263_fwd,60000000.0,0.0,0.0,0,168
SUB_HIFLD_3161,SUB_HIFLD_3258,meso_SUB_HIFLD_3161_SUB_HIFLD_3258_rev,5000000.0,0.0,0.0,0,168
SUB_HIFLD_3162,SUB_HIFLD_3164,meso_SUB_HIFLD_3162_SUB_HIFLD_3164_fwd,60000000.0,0.0,0.0,0,168
SUB_HIFLD_3163,SUB_HIFLD_2118,meso_SUB_HIFLD_3163_SUB_HIFLD_2118_rev,60000000.0,3466891.574462513,8069179.32254752,0,168
SUB_HIFLD_3163,SUB_HIFLD_3172,meso_SUB_HIFLD_3163_SUB_HIFLD_3172_fwd,60000000.0,0.0,0.0,0,168
SUB_HIFLD_3163,SUB_08342,meso_SUB_HIFLD_3163_SUB_08342_rev,150000000.0,0.0,0.0,0,168
SUB_HIFLD_3163,SUB_08361,meso_SUB_HIFLD_3163_SUB_08361_rev,150000000.0,0.0,0.0,0,168
SUB_HIFLD_3164,SUB_HIFLD_2108,meso_SUB_HIFLD_3164_SUB_HIFLD_2108_rev,60000000.0,16363.019907661645,2748987.3444871563,0,168
SUB_HIFLD_3164,SUB_HIFLD_3162,meso_SUB_HIFLD_3164_SUB_HIFLD_3162_rev,60000000.0,2899746.3604136314,4894151.007268847,0,168
SUB_HIFLD_3164,SUB_HIFLD_3165,meso_SUB_HIFLD_3164_SUB_HIFLD_3165_fwd,60000000.0,0.0,0.0,0,168
SUB_HIFLD_3165,SUB_HIFLD_2126,meso_SUB_HIFLD_3165_SUB_HIFLD_2126_rev,150000000.0,0.0,0.0,0,168
SUB_HIFLD_3165,SUB_HIFLD_3164,meso_SUB_HIFLD_3165_SUB_HIFLD_3164_rev,60000000.0,17164610.39695194,28941715.585175678,0,168
SUB_HIFLD_3165,SUB_HIFLD_3166,meso_SUB_HIFLD_3165_SUB_HIFLD_3166_fwd,60000000.0,0.0,0.0,0,168
SUB_HIFLD_3165,SUB_HIFLD_3167,meso_SUB_HIFLD_3165_SUB_HIFLD_3167_fwd,60000000.0,0.0,0.0,0,168
SUB_HIFLD_3165,SUB_HIFLD_3172,meso_SUB_HIFLD_3165_SUB_HIFLD_3172_fwd,60000000.0,4762017.998068788,12673026.306165785,0,168
SUB_HIFLD_3165,SUB_HIFLD_3263,meso_SUB_HIFLD_3165_SUB_HIFLD_3263_fwd,150000000.0,0.0,0.0,0,168
SUB_HIFLD_3165,SUB_HIFLD_1423,meso_SUB_HIFLD_3165_SUB_HIFLD_1423_rev,300000000.0,0.0,0.0,0,168
SUB_HIFLD_3165,SUB_HIFLD_2117,meso_SUB_HIFLD_3165_SUB_HIFLD_2117_rev,300000000.0,0.0,0.0,0,168
SUB_HIFLD_3165,SUB_HIFLD_3174,meso_SUB_HIFLD_3165_SUB_HIFLD_3174_fwd,150000000.0,0.0,0.0,0,168
SUB_HIFLD_3166,SUB_HIFLD_2117,meso_SUB_HIFLD_3166_SUB_HIFLD_2117_rev,60000000.0,0.0,0.0,0,168
SUB_HIFLD_3166,SUB_HIFLD_3165,meso_SUB_HIFLD_3166_SUB_HIFLD_3165_rev,60000000.0,0.0,0.0,0,168
SUB_HIFLD_3167,SUB_HIFLD_3165,meso_SUB_HIFLD_3167_SUB_HIFLD_3165_rev,60000000.0,26058.201926095157,316228.06549072254,0,168
SUB_HIFLD_3167,SUB_HIFLD_3168,meso_SUB_HIFLD_3167_SUB_HIFLD_3168_fwd,60000000.0,0.0,0.0,0,168
SUB_HIFLD_3168,SUB_HIFLD_3167,meso_SUB_HIFLD_3168_SUB_HIFLD_3167_rev,60000000.0,26864.125697005315,326008.31493888923,0,168
SUB_HIFLD_3168,SUB_HIFLD_3170,meso_SUB_HIFLD_3168_SUB_HIFLD_3170_fwd,60000000.0,660528.340665043,1000000.0,0,168
SUB_HIFLD_3169,SUB_HIFLD_2117,meso_SUB_HIFLD_3169_SUB_HIFLD_2117_rev,60000000.0,0.0,0.0,0,168
SUB_HIFLD_3169,SUB_HIFLD_3170,meso_SUB_HIFLD_3169_SUB_HIFLD_3170_fwd,60000000.0,0.0,0.0,0,168
SUB_HIFLD_3169,SUB_HIFLD_3171,meso_SUB_HIFLD_3169_SUB_HIFLD_3171_fwd,60000000.0,1806603.2677464585,3758217.2826393363,0,168
SUB_HIFLD_3170,SUB_HIFLD_3168,meso_SUB_HIFLD_3170_SUB_HIFLD_3168_rev,60000000.0,0.0,0.0,0,168
SUB_HIFLD_3170,SUB_HIFLD_3169,meso_SUB_HIFLD_3170_SUB_HIFLD_3169_rev,60000000.0,23458.51889110747,404208.31298828125,0,168
SUB_HIFLD_3170,SUB_HIFLD_3263,meso_SUB_HIFLD_3170_SUB_HIFLD_3263_fwd,60000000.0,0.0,0.0,0,168
SUB_HIFLD_3170,SUB_08380,meso_SUB_HIFLD_3170_SUB_08380_rev,150000000.0,18732.52330507551,463100.1586914063,0,168
SUB_HIFLD_3170,SUB_HIFLD_1423,meso_SUB_HIFLD_3170_SUB_HIFLD_1423_rev,300000000.0,19146.372363680886,469604.57611083984,0,168
SUB_HIFLD_3171,SUB_HIFLD_3169,meso_SUB_HIFLD_3171_SUB_HIFLD_3169_rev,60000000.0,0.0,0.0,0,168
SUB_HIFLD_3172,SUB_HIFLD_3163,meso_SUB_HIFLD_3172_SUB_HIFLD_3163_rev,60000000.0,1374537.7879938413,7412916.6685694875,0,168
SUB_HIFLD_3172,SUB_HIFLD_3165,meso_SUB_HIFLD_3172_SUB_HIFLD_3165_rev,60000000.0,0.0,0.0,0,168
SUB_HIFLD_3172,SUB_HIFLD_3260,meso_SUB_HIFLD_3172_SUB_HIFLD_3260_rev,5000000.0,1129452.4598718565,1906273.9736026095,0,168
SUB_HIFLD_3174,SUB_HIFLD_2126,meso_SUB_HIFLD_3174_SUB_HIFLD_2126_rev,150000000.0,150196.75619852467,9948949.939572196,0,168
SUB_HIFLD_3174,SUB_HIFLD_3263,meso_SUB_HIFLD_3174_SUB_HIFLD_3263_fwd,150000000.0,0.0,0.0,0,168
SUB_HIFLD_3174,SUB_HIFLD_3618,meso_SUB_HIFLD_3174_SUB_HIFLD_3618_fwd,60000000.0,4214859.764954697,12196523.026584009,0,168
SUB_HIFLD_3174,SUB_HIFLD_2117,meso_SUB_HIFLD_3174_SUB_HIFLD_2117_rev,150000000.0,0.0,0.0,0,168
SUB_HIFLD_3174,SUB_HIFLD_3165,meso_SUB_HIFLD_3174_SUB_HIFLD_3165_rev,150000000.0,0.0,0.0,0,168
SUB_HIFLD_3176,SUB_HIFLD_1550,meso_SUB_HIFLD_3176_SUB_HIFLD_1550_rev,80000000.0,119879.7954780305,14880334.881654719,0,168
SUB_HIFLD_3176,SUB_HIFLD_1607,meso_SUB_HIFLD_3176_SUB_HIFLD_1607_rev,80000000.0,2348668.6732520475,19586364.890102714,0,168
SUB_HIFLD_3176,SUB_HIFLD_3177,meso_SUB_HIFLD_3176_SUB_HIFLD_3177_fwd,80000000.0,2747006.4436599775,18370013.138419036,0,168
SUB_HIFLD_3176,SUB_HIFLD_496,meso_SUB_HIFLD_3176_SUB_HIFLD_496_fwd,160000000.0,0.0,0.0,0,168
SUB_HIFLD_3177,SUB_HIFLD_1765,meso_SUB_HIFLD_3177_SUB_HIFLD_1765_rev,80000000.0,0.0,0.0,0,168
SUB_HIFLD_3177,SUB_HIFLD_3176,meso_SUB_HIFLD_3177_SUB_HIFLD_3176_rev,80000000.0,272485.725992922,12259081.751510544,0,168
SUB_HIFLD_3177,SUB_HIFLD_1607,meso_SUB_HIFLD_3177_SUB_HIFLD_1607_rev,80000000.0,0.0,0.0,0,168
SUB_HIFLD_3178,SUB_HIFLD_1548,meso_SUB_HIFLD_3178_SUB_HIFLD_1548_rev,80000000.0,1142252.2539580478,10610579.248801949,0,168
SUB_HIFLD_3178,SUB_HIFLD_1578,meso_SUB_HIFLD_3178_SUB_HIFLD_1578_rev,80000000.0,0.0,0.0,0,168
SUB_HIFLD_3178,SUB_HIFLD_1602,meso_SUB_HIFLD_3178_SUB_HIFLD_1602_rev,80000000.0,0.0,0.0,0,168
SUB_HIFLD_3178,SUB_HIFLD_1700,meso_SUB_HIFLD_3178_SUB_HIFLD_1700_rev,80000000.0,0.0,0.0,0,168
SUB_HIFLD_3178,SUB_HIFLD_3317,meso_SUB_HIFLD_3178_SUB_HIFLD_3317_fwd,80000000.0,0.0,0.0,0,168
SUB_HIFLD_3178,SUB_HIFLD_1641,meso_SUB_HIFLD_3178_SUB_HIFLD_1641_rev,80000000.0,0.0,0.0,0,168
SUB_HIFLD_3179,SUB_HIFLD_2593,meso_SUB_HIFLD_3179_SUB_HIFLD_2593_rev,80000000.0,0.0,0.0,0,168
SUB_HIFLD_3180,SUB_HIFLD_3605,meso_SUB_HIFLD_3180_SUB_HIFLD_3605_fwd,60000000.0,0.0,0.0,0,168
SUB_HIFLD_3181,SUB_HIFLD_557,meso_SUB_HIFLD_3181_SUB_HIFLD_557_fwd,60000000.0,0.0,0.0,0,168
SUB_HIFLD_3183,SUB_HIFLD_1526,meso_SUB_HIFLD_3183_SUB_HIFLD_1526_rev,400000000.0,0.0,0.0,0,168
SUB_HIFLD_3183,SUB_HIFLD_1597,meso_SUB_HIFLD_3183_SUB_HIFLD_1597_rev,400000000.0,0.0,0.0,0,168
SUB_HIFLD_3183,SUB_HIFLD_1617,meso_SUB_HIFLD_3183_SUB_HIFLD_1617_rev,400000000.0,0.0,0.0,0,168
SUB_HIFLD_3183,SUB_HIFLD_3184,meso_SUB_HIFLD_3183_SUB_HIFLD_3184_fwd,80000000.0,52840057.24944843,80000000.0,29,168
SUB_HIFLD_3184,SUB_HIFLD_3183,meso_SUB_HIFLD_3184_SUB_HIFLD_3183_rev,80000000.0,0.0,0.0,0,168
SUB_HIFLD_3185,SUB_HIFLD_561,meso_SUB_HIFLD_3185_SUB_HIFLD_561_fwd,4500000000.0,0.0,0.0,0,168
SUB_HIFLD_3187,SUB_HIFLD_2746,meso_SUB_HIFLD_3187_SUB_HIFLD_2746_rev,60000000.0,0.0,0.0,0,168
SUB_HIFLD_3188,SUB_HIFLD_2984,meso_SUB_HIFLD_3188_SUB_HIFLD_2984_rev,60000000.0,0.0,0.0,0,168
SUB_HIFLD_3190,SUB_HIFLD_2960,meso_SUB_HIFLD_3190_SUB_HIFLD_2960_rev,60000000.0,2735808.4717006935,17163611.57629165,0,168
SUB_HIFLD_3190,SUB_HIFLD_4081,meso_SUB_HIFLD_3190_SUB_HIFLD_4081_fwd,60000000.0,0.0,0.0,0,168
SUB_HIFLD_3191,SUB_HIFLD_3192,meso_SUB_HIFLD_3191_SUB_HIFLD_3192_fwd,60000000.0,0.0,0.0,0,168
SUB_HIFLD_3192,SUB_HIFLD_3191,meso_SUB_HIFLD_3192_SUB_HIFLD_3191_rev,60000000.0,0.0,0.0,0,168
SUB_HIFLD_3192,SUB_HIFLD_3504,meso_SUB_HIFLD_3192_SUB_HIFLD_3504_fwd,60000000.0,0.0,0.0,0,168
SUB_HIFLD_3193,SUB_HIFLD_2960,meso_SUB_HIFLD_3193_SUB_HIFLD_2960_rev,60000000.0,0.0,0.0,0,168
SUB_HIFLD_3193,SUB_HIFLD_3504,meso_SUB_HIFLD_3193_SUB_HIFLD_3504_fwd,60000000.0,0.0,0.0,0,168
SUB_HIFLD_3195,SUB_HIFLD_3196,meso_SUB_HIFLD_3195_SUB_HIFLD_3196_fwd,60000000.0,0.0,0.0,0,168
SUB_HIFLD_3196,SUB_HIFLD_2960,meso_SUB_HIFLD_3196_SUB_HIFLD_2960_rev,60000000.0,0.0,0.0,0,168
SUB_HIFLD_3196,SUB_HIFLD_3195,meso_SUB_HIFLD_3196_SUB_HIFLD_3195_rev,60000000.0,4938784.6858392,8627599.158729475,0,168
SUB_HIFLD_3196,SUB_HIFLD_3197,meso_SUB_HIFLD_3196_SUB_HIFLD_3197_fwd,60000000.0,0.0,0.0,0,168
SUB_HIFLD_3196,SUB_HIFLD_3504,meso_SUB_HIFLD_3196_SUB_HIFLD_3504_fwd,60000000.0,0.0,0.0,0,168
SUB_HIFLD_3197,SUB_HIFLD_3196,meso_SUB_HIFLD_3197_SUB_HIFLD_3196_rev,60000000.0,7125572.758474626,16405523.776724253,0,168
SUB_HIFLD_3197,SUB_HIFLD_3198,meso_SUB_HIFLD_3197_SUB_HIFLD_3198_fwd,60000000.0,0.0,0.0,0,168
SUB_HIFLD_3198,SUB_HIFLD_3197,meso_SUB_HIFLD_3198_SUB_HIFLD_3197_rev,60000000.0,11497311.316849843,23877130.162300434,0,168
SUB_HIFLD_3198,SUB_HIFLD_3987,meso_SUB_HIFLD_3198_SUB_HIFLD_3987_fwd,60000000.0,0.0,0.0,0,168
SUB_HIFLD_3200,SUB_HIFLD_2988,meso_SUB_HIFLD_3200_SUB_HIFLD_2988_rev,60000000.0,2997577.9624254173,18805871.956650022,0,168
SUB_HIFLD_3200,SUB_HIFLD_847,meso_SUB_HIFLD_3200_SUB_HIFLD_847_fwd,60000000.0,0.0,0.0,0,168
SUB_HIFLD_3201,SUB_HIFLD_3573,meso_SUB_HIFLD_3201_SUB_HIFLD_3573_fwd,400000000.0,0.0,0.0,0,168
SUB_HIFLD_3201,SUB_HIFLD_3575,meso_SUB_HIFLD_3201_SUB_HIFLD_3575_fwd,400000000.0,679672.7238336641,114185017.60405557,0,168
SUB_HIFLD_3201,WECC_SCE,iface_SUB_HIFLD_3201_WECC_SCE_to_ba,2152140775.934586,159535098.23977697,205906955.86780402,0,168
SUB_HIFLD_3203,SUB_HIFLD_3968,meso_SUB_HIFLD_3203_SUB_HIFLD_3968_fwd,60000000.0,1593775.1142811298,4850000.0,0,168
SUB_HIFLD_3203,SUB_HIFLD_836,meso_SUB_HIFLD_3203_SUB_HIFLD_836_fwd,80000000.0,2990148.5024107974,49131486.419709526,0,168
SUB_HIFLD_3203,SUB_HIFLD_3979,meso_SUB_HIFLD_3203_SUB_HIFLD_3979_rev,5000000.0,468441.730955575,2301615.5825523804,0,168
SUB_HIFLD_3204,SUB_HIFLD_2615,meso_SUB_HIFLD_3204_SUB_HIFLD_2615_rev,250000000.0,0.0,0.0,0,168
SUB_HIFLD_3204,SUB_HIFLD_836,meso_SUB_HIFLD_3204_SUB_HIFLD_836_fwd,80000000.0,75.67625743358465,12713.61124884222,0,168
SUB_HIFLD_3206,SUB_HIFLD_1981,meso_SUB_HIFLD_3206_SUB_HIFLD_1981_rev,400000000.0,363893094.82439876,400000000.0,95,168
SUB_HIFLD_3206,SUB_HIFLD_1998,meso_SUB_HIFLD_3206_SUB_HIFLD_1998_rev,200000000.0,103662685.50379004,137550757.6055235,0,168
SUB_HIFLD_3206,SUB_HIFLD_3916,meso_SUB_HIFLD_3206_SUB_HIFLD_3916_fwd,400000000.0,20585545.352175288,279718684.94422245,0,168
SUB_HIFLD_3206,SUB_HIFLD_954,meso_SUB_HIFLD_3206_SUB_HIFLD_954_fwd,400000000.0,776317.506676043,37288256.42352662,0,168
SUB_HIFLD_3206,SUB_HIFLD_969,meso_SUB_HIFLD_3206_SUB_HIFLD_969_fwd,480000000.0,26649.00140325961,4477032.235747614,0,168
SUB_HIFLD_3206,WEC_SDGE,iface_SUB_HIFLD_3206_WEC_SDGE_to_ba,23537639.307721406,0.0,0.0,0,168
SUB_HIFLD_3207,SUB_HIFLD_842,meso_SUB_HIFLD_3207_SUB_HIFLD_842_fwd,150000000.0,40517448.19696699,150000000.0,28,168
SUB_HIFLD_3207,SUB_HIFLD_3401,meso_SUB_HIFLD_3207_SUB_HIFLD_3401_fwd,300000000.0,90594079.74226116,300000000.0,27,168
SUB_HIFLD_3208,SUB_HIFLD_858,meso_SUB_HIFLD_3208_SUB_HIFLD_858_fwd,5000000.0,199793.89683422624,765708.237775,0,168
SUB_HIFLD_3209,SUB_HIFLD_3946,meso_SUB_HIFLD_3209_SUB_HIFLD_3946_fwd,80000000.0,0.0,0.0,0,168
SUB_HIFLD_3209,SUB_HIFLD_87,meso_SUB_HIFLD_3209_SUB_HIFLD_87_fwd,80000000.0,76618808.56601617,80000000.0,150,168
SUB_HIFLD_3209,SUB_HIFLD_1568,meso_SUB_HIFLD_3209_SUB_HIFLD_1568_rev,400000000.0,41595071.988622226,393466040.1600623,0,168
SUB_HIFLD_3209,SUB_HIFLD_1641,meso_SUB_HIFLD_3209_SUB_HIFLD_1641_rev,400000000.0,8838827.801373001,247800726.5379349,0,168
SUB_HIFLD_3209,SUB_HIFLD_1650,meso_SUB_HIFLD_3209_SUB_HIFLD_1650_rev,400000000.0,13338797.59589627,230340152.05048454,0,168
SUB_HIFLD_3209,SUB_HIFLD_1926,meso_SUB_HIFLD_3209_SUB_HIFLD_1926_rev,400000000.0,384644721.0615045,400000000.0,133,168
SUB_HIFLD_3210,SUB_HIFLD_1598,meso_SUB_HIFLD_3210_SUB_HIFLD_1598_fwd,226869468.1945589,0.0,0.0,0,168
SUB_HIFLD_3212,SUB_HIFLD_1827,meso_SUB_HIFLD_3212_SUB_HIFLD_1827_rev,150000000.0,0.0,0.0,0,168
SUB_HIFLD_3213,SUB_HIFLD_3222,meso_SUB_HIFLD_3213_SUB_HIFLD_3222_fwd,5000000.0,0.0,0.0,0,168
SUB_HIFLD_3214,SUB_HIFLD_3934,meso_SUB_HIFLD_3214_SUB_HIFLD_3934_fwd,60000000.0,0.0,0.0,0,168
SUB_HIFLD_3219,SUB_HIFLD_1275,meso_SUB_HIFLD_3219_SUB_HIFLD_1275_rev,150000000.0,17107359.624447446,62762115.07178208,0,168
SUB_HIFLD_3219,SUB_HIFLD_292,meso_SUB_HIFLD_3219_SUB_HIFLD_292_rev,150000000.0,47725579.27678596,95508983.48558074,0,168
SUB_HIFLD_3220,SUB_HIFLD_1474,meso_SUB_HIFLD_3220_SUB_HIFLD_1474_rev,150000000.0,10287464.334006881,14155164.0711,0,168
SUB_HIFLD_3220,SUB_HIFLD_1490,meso_SUB_HIFLD_3220_SUB_HIFLD_1490_rev,150000000.0,644630.0854359759,8688342.08502,0,168
SUB_HIFLD_3222,SUB_HIFLD_2794,meso_SUB_HIFLD_3222_SUB_HIFLD_2794_rev,150000000.0,0.0,0.0,0,168
SUB_HIFLD_3222,SUB_HIFLD_2945,meso_SUB_HIFLD_3222_SUB_HIFLD_2945_rev,150000000.0,6168173.409384228,10560190.219252758,0,168
SUB_HIFLD_3222,SUB_HIFLD_810,meso_SUB_HIFLD_3222_SUB_HIFLD_810_fwd,150000000.0,3555083.346104572,7321432.526578608,0,168
SUB_HIFLD_3222,SUB_HIFLD_830,meso_SUB_HIFLD_3222_SUB_HIFLD_830_fwd,150000000.0,453125.5582584486,7423394.5218661735,0,168
SUB_HIFLD_3222,SUB_HIFLD_3213,meso_SUB_HIFLD_3222_SUB_HIFLD_3213_rev,5000000.0,7312.111389833774,9106.659274740317,0,168
SUB_HIFLD_3225,SUB_HIFLD_3758,meso_SUB_HIFLD_3225_SUB_HIFLD_3758_fwd,20414874.566159166,0.0,0.0,0,168
SUB_HIFLD_3226,SUB_HIFLD_485,meso_SUB_HIFLD_3226_SUB_HIFLD_485_fwd,15361832.932945123,0.0,0.0,0,168
SUB_HIFLD_3227,SUB_HIFLD_3228,meso_SUB_HIFLD_3227_SUB_HIFLD_3228_fwd,39146641.74682298,0.0,0.0,0,168
SUB_HIFLD_3228,SUB_HIFLD_1251,meso_SUB_HIFLD_3228_SUB_HIFLD_1251_rev,80000000.0,0.0,0.0,0,168
SUB_HIFLD_3228,SUB_HIFLD_3229,meso_SUB_HIFLD_3228_SUB_HIFLD_3229_fwd,80000000.0,27578414.292138968,48885132.564584,0,168
SUB_HIFLD_3228,SUB_HIFLD_3227,meso_SUB_HIFLD_3228_SUB_HIFLD_3227_rev,39146641.74682298,19109850.42336061,25679756.306127176,0,168
SUB_HIFLD_3229,SUB_HIFLD_3228,meso_SUB_HIFLD_3229_SUB_HIFLD_3228_rev,80000000.0,0.0,0.0,0,168
SUB_HIFLD_3229,SUB_HIFLD_4381,meso_SUB_HIFLD_3229_SUB_HIFLD_4381_fwd,80000000.0,11864640.154511414,34658308.99536133,0,168
SUB_HIFLD_3230,SUB_HIFLD_3758,meso_SUB_HIFLD_3230_SUB_HIFLD_3758_fwd,28338411.046291955,0.0,0.0,0,168
SUB_HIFLD_3231,SUB_HIFLD_1735,meso_SUB_HIFLD_3231_SUB_HIFLD_1735_rev,80000000.0,3199728.918308393,18919325.595831756,0,168
SUB_HIFLD_3231,SUB_HIFLD_1702,meso_SUB_HIFLD_3231_SUB_HIFLD_1702_rev,80000000.0,0.0,0.0,0,168
SUB_HIFLD_3234,SUB_HIFLD_2909,meso_SUB_HIFLD_3234_SUB_HIFLD_2909_fwd,5000000.0,0.0,0.0,0,168
SUB_HIFLD_3235,SUB_HIFLD_3354,meso_SUB_HIFLD_3235_SUB_HIFLD_3354_fwd,60000000.0,10529735.865785966,10553110.836083481,0,168
SUB_HIFLD_3236,SUB_HIFLD_544,meso_SUB_HIFLD_3236_SUB_HIFLD_544_fwd,150000000.0,0.0,0.0,0,168
SUB_HIFLD_3236,SUB_HIFLD_546,meso_SUB_HIFLD_3236_SUB_HIFLD_546_fwd,150000000.0,0.0,0.0,0,168
SUB_HIFLD_3238,SUB_HIFLD_1276,meso_SUB_HIFLD_3238_SUB_HIFLD_1276_rev,150000000.0,0.0,0.0,0,168
SUB_HIFLD_3240,SUB_HIFLD_293,meso_SUB_HIFLD_3240_SUB_HIFLD_293_rev,150000000.0,51436464.178046964,141803280.6749344,0,168
SUB_HIFLD_3240,SUB_HIFLD_3251,meso_SUB_HIFLD_3240_SUB_HIFLD_3251_fwd,150000000.0,12332444.706615094,139648796.63658142,0,168
SUB_HIFLD_3240,SUB_HIFLD_760,meso_SUB_HIFLD_3240_SUB_HIFLD_760_fwd,150000000.0,0.0,0.0,0,168
SUB_HIFLD_3241,SUB_HIFLD_1285,meso_SUB_HIFLD_3241_SUB_HIFLD_1285_rev,150000000.0,102697352.383924,150000000.0,73,168
SUB_HIFLD_3241,SUB_HIFLD_3381,meso_SUB_HIFLD_3241_SUB_HIFLD_3381_fwd,300000000.0,22166.810248725604,81917.4383104462,0,168
SUB_HIFLD_3243,SUB_HIFLD_3711,meso_SUB_HIFLD_3243_SUB_HIFLD_3711_fwd,5000000.0,0.0,0.0,0,168
SUB_HIFLD_3245,SUB_HIFLD_1502,meso_SUB_HIFLD_3245_SUB_HIFLD_1502_rev,150000000.0,0.0,0.0,0,168
SUB_HIFLD_3251,SUB_HIFLD_2692,meso_SUB_HIFLD_3251_SUB_HIFLD_2692_rev,300000000.0,11425999.229467746,183826994.63341329,0,168
SUB_HIFLD_3251,SUB_HIFLD_286,meso_SUB_HIFLD_3251_SUB_HIFLD_286_rev,150000000.0,1054703.018279992,16033042.51919104,0,168
SUB_HIFLD_3251,SUB_HIFLD_293,meso_SUB_HIFLD_3251_SUB_HIFLD_293_rev,60000000.0,7523199.928815354,60000000.0,15,168
SUB_HIFLD_3251,SUB_HIFLD_3709,meso_SUB_HIFLD_3251_SUB_HIFLD_3709_fwd,60000000.0,4276325.905807975,20046138.678246748,0,168
SUB_HIFLD_3251,SUB_HIFLD_3710,meso_SUB_HIFLD_3251_SUB_HIFLD_3710_fwd,150000000.0,6487599.00006298,20049327.166055895,0,168
SUB_HIFLD_3251,SUB_HIFLD_3711,meso_SUB_HIFLD_3251_SUB_HIFLD_3711_fwd,500000000.0,0.0,0.0,0,168
SUB_HIFLD_3251,SUB_HIFLD_535,meso_SUB_HIFLD_3251_SUB_HIFLD_535_fwd,250000000.0,220033404.26871437,250000000.0,93,168
SUB_HIFLD_3251,SUB_HIFLD_935,meso_SUB_HIFLD_3251_SUB_HIFLD_935_fwd,150000000.0,10532907.405483827,30026701.196560707,0,168
SUB_HIFLD_3251,SUB_HIFLD_1503,meso_SUB_HIFLD_3251_SUB_HIFLD_1503_rev,250000000.0,163860085.4639516,250000000.0,3,168
SUB_HIFLD_3251,SUB_HIFLD_282,meso_SUB_HIFLD_3251_SUB_HIFLD_282_rev,150000000.0,5945682.267752389,20104700.006216776,0,168
SUB_HIFLD_3251,SUB_HIFLD_314,meso_SUB_HIFLD_3251_SUB_HIFLD_314_rev,150000000.0,49159.72728628952,136570.18333302886,0,168
SUB_HIFLD_3251,SUB_HIFLD_3240,meso_SUB_HIFLD_3251_SUB_HIFLD_3240_rev,150000000.0,229498.61102084222,5747059.356060225,0,168
SUB_HIFLD_3251,SUB_HIFLD_3594,meso_SUB_HIFLD_3251_SUB_HIFLD_3594_fwd,150000000.0,0.0,0.0,0,168
SUB_HIFLD_3252,SUB_HIFLD_3344,meso_SUB_HIFLD_3252_SUB_HIFLD_3344_fwd,60000000.0,0.0,0.0,0,168
SUB_HIFLD_3252,SUB_HIFLD_760,meso_SUB_HIFLD_3252_SUB_HIFLD_760_fwd,60000000.0,38388865.5833679,56336563.5005188,0,168
SUB_HIFLD_3255,SUB_HIFLD_3599,meso_SUB_HIFLD_3255_SUB_HIFLD_3599_fwd,120000000.0,0.0,0.0,0,168
SUB_HIFLD_3256,SUB_HIFLD_3919,meso_SUB_HIFLD_3256_SUB_HIFLD_3919_fwd,60000000.0,7471815.450589356,24316486.638360485,0,168
SUB_HIFLD_3256,SUB_HIFLD_3920,meso_SUB_HIFLD_3256_SUB_HIFLD_3920_fwd,60000000.0,1209888.6526923622,21004140.779491797,0,168
SUB_HIFLD_3257,SUB_HIFLD_1359,meso_SUB_HIFLD_3257_SUB_HIFLD_1359_rev,400000000.0,0.0,0.0,0,168
SUB_HIFLD_3257,SUB_HIFLD_1361,meso_SUB_HIFLD_3257_SUB_HIFLD_1361_rev,800000000.0,0.0,0.0,0,168
SUB_HIFLD_3257,SUB_HIFLD_2726,meso_SUB_HIFLD_3257_SUB_HIFLD_2726_rev,400000000.0,0.0,0.0,0,168
SUB_HIFLD_3257,SUB_HIFLD_606,meso_SUB_HIFLD_3257_SUB_HIFLD_606_fwd,60000000.0,31031622.30185083,60000000.0,4,168
SUB_HIFLD_3257,SUB_HIFLD_730,meso_SUB_HIFLD_3257_SUB_HIFLD_730_fwd,400000000.0,8244317.514197821,75121569.05913395,0,168
SUB_HIFLD_3257,WEC_BANC,iface_SUB_HIFLD_3257_WEC_BANC_to_ba,20000000.0,0.0,0.0,0,168
SUB_HIFLD_3258,SUB_HIFLD_3161,meso_SUB_HIFLD_3258_SUB_HIFLD_3161_fwd,5000000.0,0.0,0.0,0,168
SUB_HIFLD_3259,SUB_HIFLD_2117,meso_SUB_HIFLD_3259_SUB_HIFLD_2117_fwd,5000000.0,0.0,0.0,0,168
SUB_HIFLD_3260,SUB_HIFLD_3172,meso_SUB_HIFLD_3260_SUB_HIFLD_3172_fwd,5000000.0,0.0,0.0,0,168
SUB_HIFLD_3261,SUB_HIFLD_3862,meso_SUB_HIFLD_3261_SUB_HIFLD_3862_fwd,10642999.62544644,0.0,0.0,0,168
SUB_HIFLD_3262,SUB_HIFLD_3862,meso_SUB_HIFLD_3262_SUB_HIFLD_3862_fwd,60000000.0,2305425.306927897,10624867.92755127,0,168
SUB_HIFLD_3262,SUB_HIFLD_3099,meso_SUB_HIFLD_3262_SUB_HIFLD_3099_rev,5000000.0,1743425.9536866762,3029437.806434238,0,168
SUB_HIFLD_3263,SUB_08380,meso_SUB_HIFLD_3263_SUB_08380_rev,150000000.0,4310275.208548333,43569624.02877933,0,168
SUB_HIFLD_3263,SUB_HIFLD_1423,meso_SUB_HIFLD_3263_SUB_HIFLD_1423_rev,150000000.0,1019954.3275217925,5481954.389749114,0,168
SUB_HIFLD_3263,SUB_HIFLD_3161,meso_SUB_HIFLD_3263_SUB_HIFLD_3161_rev,60000000.0,1905013.0647014151,3326844.488714159,0,168
SUB_HIFLD_3263,SUB_HIFLD_3165,meso_SUB_HIFLD_3263_SUB_HIFLD_3165_rev,150000000.0,12780925.54488326,39657720.441065036,0,168
SUB_HIFLD_3263,SUB_HIFLD_3170,meso_SUB_HIFLD_3263_SUB_HIFLD_3170_rev,60000000.0,81.00370127135221,8241.004550579897,0,168
SUB_HIFLD_3263,SUB_HIFLD_3174,meso_SUB_HIFLD_3263_SUB_HIFLD_3174_rev,150000000.0,3967488.4598916634,16575022.597614454,0,168
SUB_HIFLD_3266,SUB_HIFLD_3270,meso_SUB_HIFLD_3266_SUB_HIFLD_3270_fwd,80000000.0,0.0,0.0,0,168
SUB_HIFLD_3267,SUB_HIFLD_135,meso_SUB_HIFLD_3267_SUB_HIFLD_135_rev,80000000.0,0.0,0.0,0,168
SUB_HIFLD_3268,SUB_HIFLD_139,meso_SUB_HIFLD_3268_SUB_HIFLD_139_rev,80000000.0,0.0,0.0,0,168
SUB_HIFLD_3268,SUB_HIFLD_140,meso_SUB_HIFLD_3268_SUB_HIFLD_140_rev,80000000.0,0.0,0.0,0,168
SUB_HIFLD_3268,SUB_HIFLD_142,meso_SUB_HIFLD_3268_SUB_HIFLD_142_rev,80000000.0,0.0,0.0,0,168
SUB_HIFLD_3269,SUB_HIFLD_136,meso_SUB_HIFLD_3269_SUB_HIFLD_136_rev,80000000.0,0.0,0.0,0,168
SUB_HIFLD_3269,SUB_HIFLD_138,meso_SUB_HIFLD_3269_SUB_HIFLD_138_rev,80000000.0,536358.3399492207,3969766.203890141,0,168
SUB_HIFLD_3269,SUB_HIFLD_142,meso_SUB_HIFLD_3269_SUB_HIFLD_142_rev,80000000.0,0.0,0.0,0,168
SUB_HIFLD_3270,SUB_HIFLD_136,meso_SUB_HIFLD_3270_SUB_HIFLD_136_rev,80000000.0,0.0,0.0,0,168
SUB_HIFLD_3270,SUB_HIFLD_3266,meso_SUB_HIFLD_3270_SUB_HIFLD_3266_rev,80000000.0,1659285.1010267795,2543918.0118521466,0,168
SUB_HIFLD_3271,SUB_HIFLD_2207,meso_SUB_HIFLD_3271_SUB_HIFLD_2207_rev,80000000.0,0.0,0.0,0,168
SUB_HIFLD_3271,SUB_HIFLD_3272,meso_SUB_HIFLD_3271_SUB_HIFLD_3272_fwd,80000000.0,194870.5674563779,311679.26223007677,0,168
SUB_HIFLD_3272,SUB_HIFLD_3271,meso_SUB_HIFLD_3272_SUB_HIFLD_3271_rev,80000000.0,0.0,0.0,0,168
SUB_HIFLD_3276,SUB_HIFLD_1287,meso_SUB_HIFLD_3276_SUB_HIFLD_1287_rev,80000000.0,1673452.3862617817,2164157.192450373,0,168
SUB_HIFLD_3276,SUB_HIFLD_2224,meso_SUB_HIFLD_3276_SUB_HIFLD_2224_rev,150000000.0,1921073.264716443,2484387.809906671,0,168
SUB_HIFLD_3276,SUB_HIFLD_2226,meso_SUB_HIFLD_3276_SUB_HIFLD_2226_rev,150000000.0,0.0,0.0,0,168
SUB_HIFLD_3277,SUB_HIFLD_2226,meso_SUB_HIFLD_3277_SUB_HIFLD_2226_rev,150000000.0,0.0,0.0,0,168
SUB_HIFLD_3277,SUB_HIFLD_2201,meso_SUB_HIFLD_3277_SUB_HIFLD_2201_rev,150000000.0,819120.2071353418,1059310.00261026,0,168
SUB_HIFLD_3283,SUB_HIFLD_1867,meso_SUB_HIFLD_3283_SUB_HIFLD_1867_rev,80000000.0,492566.9218142637,773286.5979048485,0,168
SUB_HIFLD_3283,SUB_HIFLD_2222,meso_SUB_HIFLD_3283_SUB_HIFLD_2222_rev,80000000.0,4865956.428057106,6322856.811641417,0,168
SUB_HIFLD_3283,WEC_CALN,iface_SUB_HIFLD_3283_WEC_CALN_to_ba,4800000000.0,0.0,0.0,0,168
SUB_HIFLD_3287,SUB_HIFLD_2187,meso_SUB_HIFLD_3287_SUB_HIFLD_2187_rev,80000000.0,0.0,0.0,0,168
SUB_HIFLD_3287,SUB_HIFLD_2216,meso_SUB_HIFLD_3287_SUB_HIFLD_2216_rev,80000000.0,967623.2796647003,1251358.542983065,0,168
SUB_HIFLD_3287,SUB_HIFLD_3047,meso_SUB_HIFLD_3287_SUB_HIFLD_3047_rev,80000000.0,696374.0928388427,900571.1592349809,0,168
SUB_HIFLD_3288,SUB_HIFLD_2200,meso_SUB_HIFLD_3288_SUB_HIFLD_2200_rev,80000000.0,1056593.7432226855,1366417.7727453487,0,168
SUB_HIFLD_3288,SUB_HIFLD_2212,meso_SUB_HIFLD_3288_SUB_HIFLD_2212_rev,80000000.0,46484.21402649372,83115.26799939343,0,168
SUB_HIFLD_3288,SUB_HIFLD_2215,meso_SUB_HIFLD_3288_SUB_HIFLD_2215_rev,80000000.0,0.0,0.0,0,168
SUB_HIFLD_3290,SUB_HIFLD_3291,meso_SUB_HIFLD_3290_SUB_HIFLD_3291_fwd,5000000.0,0.0,0.0,0,168
SUB_HIFLD_3291,SUB_HIFLD_2225,meso_SUB_HIFLD_3291_SUB_HIFLD_2225_rev,150000000.0,0.0,0.0,0,168
SUB_HIFLD_3291,SUB_HIFLD_2207,meso_SUB_HIFLD_3291_SUB_HIFLD_2207_rev,5000000.0,1459881.2503561962,2334958.5559922457,0,168
SUB_HIFLD_3291,SUB_HIFLD_2219,meso_SUB_HIFLD_3291_SUB_HIFLD_2219_rev,5000000.0,194208.17666008123,310619.80429383897,0,168
SUB_HIFLD_3291,SUB_HIFLD_2227,meso_SUB_HIFLD_3291_SUB_HIFLD_2227_rev,5000000.0,2391298.4086300265,3092496.7343045264,0,168
SUB_HIFLD_3291,SUB_HIFLD_3290,meso_SUB_HIFLD_3291_SUB_HIFLD_3290_rev,5000000.0,1284456.6715541985,1661096.61613543,0,168
SUB_HIFLD_3292,SUB_HIFLD_1925,meso_SUB_HIFLD_3292_SUB_HIFLD_1925_rev,80000000.0,0.0,0.0,0,168
SUB_HIFLD_3292,SUB_HIFLD_4225,meso_SUB_HIFLD_3292_SUB_HIFLD_4225_fwd,80000000.0,0.0,0.0,0,168
SUB_HIFLD_3293,SUB_HIFLD_3743,meso_SUB_HIFLD_3293_SUB_HIFLD_3743_fwd,80000000.0,0.0,0.0,0,168
SUB_HIFLD_3293,SUB_HIFLD_3748,meso_SUB_HIFLD_3293_SUB_HIFLD_3748_fwd,80000000.0,48724056.28829225,77600000.0,0,168
SUB_HIFLD_3294,SUB_HIFLD_1586,meso_SUB_HIFLD_3294_SUB_HIFLD_1586_rev,80000000.0,72010627.80950487,77600000.0,0,168
SUB_HIFLD_3294,SUB_HIFLD_1704,meso_SUB_HIFLD_3294_SUB_HIFLD_1704_rev,80000000.0,0.0,0.0,0,168
SUB_HIFLD_3295,SUB_HIFLD_2634,meso_SUB_HIFLD_3295_SUB_HIFLD_2634_rev,80000000.0,11088853.422753882,14901166.211944265,0,168
SUB_HIFLD_3295,SUB_HIFLD_4194,meso_SUB_HIFLD_3295_SUB_HIFLD_4194_fwd,80000000.0,0.0,0.0,0,168
SUB_HIFLD_3296,SUB_HIFLD_3631,meso_SUB_HIFLD_3296_SUB_HIFLD_3631_fwd,80000000.0,0.0,0.0,0,168
SUB_HIFLD_3297,SUB_HIFLD_1967,meso_SUB_HIFLD_3297_SUB_HIFLD_1967_rev,80000000.0,26591364.575901464,47482990.75716651,0,168
SUB_HIFLD_3297,SUB_HIFLD_4152,meso_SUB_HIFLD_3297_SUB_HIFLD_4152_fwd,80000000.0,0.0,0.0,0,168
SUB_HIFLD_3298,SUB_HIFLD_3049,meso_SUB_HIFLD_3298_SUB_HIFLD_3049_fwd,6910623.705501159,0.0,0.0,0,168
SUB_HIFLD_3305,SUB_HIFLD_2826,meso_SUB_HIFLD_3305_SUB_HIFLD_2826_rev,60000000.0,734873.3503061397,2118847.148516429,0,168
SUB_HIFLD_3305,SUB_HIFLD_4084,meso_SUB_HIFLD_3305_SUB_HIFLD_4084_fwd,60000000.0,769970.1622767929,1361437.0904752812,0,168
SUB_HIFLD_3306,SUB_HIFLD_1719,meso_SUB_HIFLD_3306_SUB_HIFLD_1719_rev,80000000.0,21857735.21487767,42587644.529461846,0,168
SUB_HIFLD_3306,SUB_HIFLD_1736,meso_SUB_HIFLD_3306_SUB_HIFLD_1736_rev,80000000.0,0.0,0.0,0,168
SUB_HIFLD_3306,SUB_HIFLD_845,meso_SUB_HIFLD_3306_SUB_HIFLD_845_fwd,80000000.0,0.0,0.0,0,168
SUB_HIFLD_3307,SUB_HIFLD_1556,meso_SUB_HIFLD_3307_SUB_HIFLD_1556_rev,80000000.0,0.0,0.0,0,168
SUB_HIFLD_3307,SUB_HIFLD_1741,meso_SUB_HIFLD_3307_SUB_HIFLD_1741_rev,80000000.0,0.0,0.0,0,168
SUB_HIFLD_3307,SUB_HIFLD_3742,meso_SUB_HIFLD_3307_SUB_HIFLD_3742_fwd,80000000.0,4810244.952654062,14569038.758182691,0,168
SUB_HIFLD_3308,SUB_HIFLD_2905,meso_SUB_HIFLD_3308_SUB_HIFLD_2905_fwd,5000000.0,2702646.0580825806,5000000.0,88,168
SUB_HIFLD_3309,SUB_HIFLD_2721,meso_SUB_HIFLD_3309_SUB_HIFLD_2721_rev,80000000.0,0.0,0.0,0,168
SUB_HIFLD_3309,SUB_HIFLD_2966,meso_SUB_HIFLD_3309_SUB_HIFLD_2966_rev,80000000.0,95329.98518568819,7315764.358466289,0,168
SUB_HIFLD_3310,SUB_HIFLD_1957,meso_SUB_HIFLD_3310_SUB_HIFLD_1957_rev,80000000.0,0.0,0.0,0,168
SUB_HIFLD_3310,SUB_HIFLD_3496,meso_SUB_HIFLD_3310_SUB_HIFLD_3496_fwd,80000000.0,0.0,0.0,0,168
SUB_HIFLD_3312,SUB_HIFLD_4327,meso_SUB_HIFLD_3312_SUB_HIFLD_4327_fwd,60000000.0,4458768.85461273,21207486.07543465,0,168
SUB_HIFLD_3312,SUB_HIFLD_646,meso_SUB_HIFLD_3312_SUB_HIFLD_646_fwd,60000000.0,0.0,0.0,0,168
SUB_HIFLD_3312,SUB_HIFLD_779,meso_SUB_HIFLD_3312_SUB_HIFLD_779_fwd,60000000.0,0.0,0.0,0,168
SUB_HIFLD_3316,SUB_HIFLD_429,meso_SUB_HIFLD_3316_SUB_HIFLD_429_fwd,5000000.0,145707.5743544421,5000000.0,4,168
SUB_HIFLD_3317,SUB_HIFLD_2750,meso_SUB_HIFLD_3317_SUB_HIFLD_2750_rev,80000000.0,0.0,0.0,0,168
SUB_HIFLD_3317,SUB_HIFLD_3178,meso_SUB_HIFLD_3317_SUB_HIFLD_3178_rev,80000000.0,0.0,0.0,0,168
SUB_HIFLD_3317,SUB_HIFLD_3333,meso_SUB_HIFLD_3317_SUB_HIFLD_3333_fwd,80000000.0,0.0,0.0,0,168
SUB_HIFLD_3319,SUB_HIFLD_1568,meso_SUB_HIFLD_3319_SUB_HIFLD_1568_rev,80000000.0,0.0,0.0,0,168
SUB_HIFLD_3319,SUB_HIFLD_1640,meso_SUB_HIFLD_3319_SUB_HIFLD_1640_rev,80000000.0,13710528.5283357,15787947.381403029,0,168
SUB_HIFLD_3319,SUB_HIFLD_4061,meso_SUB_HIFLD_3319_SUB_HIFLD_4061_fwd,80000000.0,0.0,0.0,0,168
SUB_HIFLD_3319,SUB_HIFLD_4166,meso_SUB_HIFLD_3319_SUB_HIFLD_4166_fwd,80000000.0,24760602.72360478,54693824.796924405,0,168
SUB_HIFLD_3324,SUB_HIFLD_2879,meso_SUB_HIFLD_3324_SUB_HIFLD_2879_fwd,5000000.0,0.0,0.0,0,168
SUB_HIFLD_3325,SUB_HIFLD_4301,meso_SUB_HIFLD_3325_SUB_HIFLD_4301_fwd,60000000.0,248084.5633573446,3293392.3465689435,0,168
SUB_HIFLD_3325,SUB_HIFLD_616,meso_SUB_HIFLD_3325_SUB_HIFLD_616_fwd,60000000.0,5188795.014158089,9174664.275179204,0,168
SUB_HIFLD_3325,SUB_HIFLD_715,meso_SUB_HIFLD_3325_SUB_HIFLD_715_fwd,60000000.0,3066469.900607171,6055553.937528845,0,168
SUB_HIFLD_3325,SUB_HIFLD_776,meso_SUB_HIFLD_3325_SUB_HIFLD_776_fwd,60000000.0,0.0,0.0,0,168
SUB_HIFLD_3326,SUB_HIFLD_3747,meso_SUB_HIFLD_3326_SUB_HIFLD_3747_fwd,80000000.0,0.0,0.0,0,168
SUB_HIFLD_3329,SUB_HIFLD_2841,meso_SUB_HIFLD_3329_SUB_HIFLD_2841_rev,60000000.0,0.0,0.0,0,168
SUB_HIFLD_3329,SUB_HIFLD_3114,meso_SUB_HIFLD_3329_SUB_HIFLD_3114_rev,60000000.0,4166885.555131208,9949375.537503777,0,168
SUB_HIFLD_3329,SUB_HIFLD_764,meso_SUB_HIFLD_3329_SUB_HIFLD_764_fwd,60000000.0,7127291.653829776,13655930.658295251,0,168
SUB_HIFLD_3331,SUB_HIFLD_1250,meso_SUB_HIFLD_3331_SUB_HIFLD_1250_fwd,5000000.0,0.0,0.0,0,168
SUB_HIFLD_3333,SUB_HIFLD_1641,meso_SUB_HIFLD_3333_SUB_HIFLD_1641_rev,80000000.0,0.0,0.0,0,168
SUB_HIFLD_3333,SUB_HIFLD_1673,meso_SUB_HIFLD_3333_SUB_HIFLD_1673_rev,80000000.0,0.0,0.0,0,168
SUB_HIFLD_3333,SUB_HIFLD_1762,meso_SUB_HIFLD_3333_SUB_HIFLD_1762_rev,80000000.0,0.0,0.0,0,168
SUB_HIFLD_3333,SUB_HIFLD_3317,meso_SUB_HIFLD_3333_SUB_HIFLD_3317_rev,80000000.0,0.0,0.0,0,168
SUB_HIFLD_3333,SUB_HIFLD_4027,meso_SUB_HIFLD_3333_SUB_HIFLD_4027_fwd,80000000.0,0.0,0.0,0,168
SUB_HIFLD_3337,SUB_HIFLD_495,meso_SUB_HIFLD_3337_SUB_HIFLD_495_fwd,68956447.94631131,0.0,0.0,0,168
SUB_HIFLD_3339,SUB_HIFLD_2917,meso_SUB_HIFLD_3339_SUB_HIFLD_2917_rev,80000000.0,0.0,0.0,0,168
SUB_HIFLD_3339,SUB_HIFLD_2936,meso_SUB_HIFLD_3339_SUB_HIFLD_2936_rev,80000000.0,0.0,0.0,0,168
SUB_HIFLD_3341,SUB_HIFLD_801,meso_SUB_HIFLD_3341_SUB_HIFLD_801_fwd,5000000.0,0.0,0.0,0,168
SUB_HIFLD_3342,SUB_HIFLD_3687,meso_SUB_HIFLD_3342_SUB_HIFLD_3687_fwd,60000000.0,0.0,0.0,0,168
SUB_HIFLD_3344,SUB_HIFLD_307,meso_SUB_HIFLD_3344_SUB_HIFLD_307_rev,60000000.0,0.0,0.0,0,168
SUB_HIFLD_3344,SUB_HIFLD_3252,meso_SUB_HIFLD_3344_SUB_HIFLD_3252_rev,60000000.0,39676947.54759036,58137381.45446777,0,168
SUB_HIFLD_3346,SUB_HIFLD_1928,meso_SUB_HIFLD_3346_SUB_HIFLD_1928_rev,80000000.0,21338080.253844526,23466360.81970844,0,168
SUB_HIFLD_3346,SUB_HIFLD_1973,meso_SUB_HIFLD_3346_SUB_HIFLD_1973_rev,80000000.0,0.0,0.0,0,168
SUB_HIFLD_3347,SUB_HIFLD_3697,meso_SUB_HIFLD_3347_SUB_HIFLD_3697_fwd,80000000.0,0.0,0.0,0,168
SUB_HIFLD_3347,SUB_HIFLD_4197,meso_SUB_HIFLD_3347_SUB_HIFLD_4197_fwd,80000000.0,837379.6513543437,24968504.704547476,0,168
SUB_HIFLD_3348,SUB_HIFLD_1738,meso_SUB_HIFLD_3348_SUB_HIFLD_1738_rev,80000000.0,0.0,0.0,0,168
SUB_HIFLD_3348,SUB_HIFLD_3726,meso_SUB_HIFLD_3348_SUB_HIFLD_3726_fwd,80000000.0,0.0,0.0,0,168
SUB_HIFLD_3349,SUB_HIFLD_1959,meso_SUB_HIFLD_3349_SUB_HIFLD_1959_rev,80000000.0,43000000.0,43000000.0,0,168
SUB_HIFLD_3351,SUB_HIFLD_2633,meso_SUB_HIFLD_3351_SUB_HIFLD_2633_rev,80000000.0,0.0,0.0,0,168
SUB_HIFLD_3351,SUB_HIFLD_4198,meso_SUB_HIFLD_3351_SUB_HIFLD_4198_fwd,80000000.0,0.0,0.0,0,168
SUB_HIFLD_3353,SUB_HIFLD_589,meso_SUB_HIFLD_3353_SUB_HIFLD_589_fwd,150000000.0,0.0,0.0,0,168
SUB_HIFLD_3353,SUB_HIFLD_3971,meso_SUB_HIFLD_3353_SUB_HIFLD_3971_fwd,300000000.0,0.0,0.0,0,168
SUB_HIFLD_3354,SUB_HIFLD_3235,meso_SUB_HIFLD_3354_SUB_HIFLD_3235_rev,60000000.0,0.0,0.0,0,168
SUB_HIFLD_3354,SUB_HIFLD_4429,meso_SUB_HIFLD_3354_SUB_HIFLD_4429_fwd,60000000.0,60000000.0,60000000.0,168,168
SUB_HIFLD_3355,SUB_16223,meso_SUB_HIFLD_3355_SUB_16223_rev,60000000.0,159034.81524715642,3769072.054833481,0,168
SUB_HIFLD_3355,SUB_16242,meso_SUB_HIFLD_3355_SUB_16242_rev,60000000.0,0.0,0.0,0,168
SUB_HIFLD_3355,SUB_HIFLD_1394,meso_SUB_HIFLD_3355_SUB_HIFLD_1394_rev,60000000.0,0.0,0.0,0,168
SUB_HIFLD_3355,SUB_HIFLD_1397,meso_SUB_HIFLD_3355_SUB_HIFLD_1397_rev,60000000.0,15368063.170960162,47666583.799918175,0,168
SUB_HIFLD_3355,SUB_HIFLD_2565,meso_SUB_HIFLD_3355_SUB_HIFLD_2565_rev,60000000.0,388714.27687853354,555636.9798699605,0,168
SUB_HIFLD_3355,SUB_HIFLD_4330,meso_SUB_HIFLD_3355_SUB_HIFLD_4330_fwd,60000000.0,356678.2878239072,723195.2849122667,0,168
SUB_HIFLD_3356,SUB_HIFLD_1832,meso_SUB_HIFLD_3356_SUB_HIFLD_1832_rev,150000000.0,0.0,0.0,0,168
SUB_HIFLD_3356,SUB_HIFLD_1848,meso_SUB_HIFLD_3356_SUB_HIFLD_1848_rev,150000000.0,0.0,0.0,0,168
SUB_HIFLD_3356,SUB_HIFLD_3625,meso_SUB_HIFLD_3356_SUB_HIFLD_3625_fwd,150000000.0,20513021.10244084,37069633.78277022,0,168
SUB_HIFLD_3357,SUB_HIFLD_2644,meso_SUB_HIFLD_3357_SUB_HIFLD_2644_rev,150000000.0,0.0,0.0,0,168
SUB_HIFLD_3357,SUB_HIFLD_4313,meso_SUB_HIFLD_3357_SUB_HIFLD_4313_fwd,150000000.0,26721042.062104315,37173261.29134361,0,168
SUB_HIFLD_3357,SUB_HIFLD_1490,meso_SUB_HIFLD_3357_SUB_HIFLD_1490_rev,150000000.0,0.0,0.0,0,168
SUB_HIFLD_3357,SUB_HIFLD_3932,meso_SUB_HIFLD_3357_SUB_HIFLD_3932_rev,5000000.0,243306.10793894134,1344953.3158310566,0,168
SUB_HIFLD_3358,SUB_HIFLD_1980,meso_SUB_HIFLD_3358_SUB_HIFLD_1980_rev,80000000.0,0.0,0.0,0,168
SUB_HIFLD_3358,SUB_HIFLD_1984,meso_SUB_HIFLD_3358_SUB_HIFLD_1984_rev,80000000.0,0.0,0.0,0,168
SUB_HIFLD_3358,SUB_HIFLD_1996,meso_SUB_HIFLD_3358_SUB_HIFLD_1996_rev,80000000.0,0.0,0.0,0,168
SUB_HIFLD_3359,SUB_HIFLD_2590,meso_SUB_HIFLD_3359_SUB_HIFLD_2590_fwd,42075896.66269112,0.0,0.0,0,168
SUB_HIFLD_3360,SUB_HIFLD_2654,meso_SUB_HIFLD_3360_SUB_HIFLD_2654_fwd,5000000.0,0.0,0.0,0,168
SUB_HIFLD_3361,SUB_HIFLD_806,meso_SUB_HIFLD_3361_SUB_HIFLD_806_fwd,5000000.0,0.0,0.0,0,168
SUB_HIFLD_3362,SUB_HIFLD_809,meso_SUB_HIFLD_3362_SUB_HIFLD_809_fwd,5000000.0,0.0,0.0,0,168
SUB_HIFLD_3364,SUB_HIFLD_1526,meso_SUB_HIFLD_3364_SUB_HIFLD_1526_rev,400000000.0,10809406.970195277,143418748.6426843,0,168
SUB_HIFLD_3364,SUB_HIFLD_1539,meso_SUB_HIFLD_3364_SUB_HIFLD_1539_rev,400000000.0,0.0,0.0,0,168
SUB_HIFLD_3364,SUB_HIFLD_3153,meso_SUB_HIFLD_3364_SUB_HIFLD_3153_rev,150000000.0,6147705.398825495,8261267.184228012,0,168
SUB_HIFLD_3364,SUB_HIFLD_3570,meso_SUB_HIFLD_3364_SUB_HIFLD_3570_fwd,150000000.0,0.0,0.0,0,168
SUB_HIFLD_3364,SUB_HIFLD_495,meso_SUB_HIFLD_3364_SUB_HIFLD_495_fwd,400000000.0,1288553.3883624296,10585059.233360685,0,168
SUB_HIFLD_3364,SUB_HIFLD_1509,meso_SUB_HIFLD_3364_SUB_HIFLD_1509_rev,400000000.0,327659.0097188157,40843495.67783333,0,168
SUB_HIFLD_3364,SUB_HIFLD_1621,meso_SUB_HIFLD_3364_SUB_HIFLD_1621_rev,400000000.0,0.0,0.0,0,168
SUB_HIFLD_3364,SUB_HIFLD_1686,meso_SUB_HIFLD_3364_SUB_HIFLD_1686_rev,400000000.0,30682.376043200788,5154639.175257732,0,168
SUB_HIFLD_3364,WEC_LADW,iface_SUB_HIFLD_3364_WEC_LADW_to_ba,20000000.0,0.0,0.0,0,168
SUB_HIFLD_3367,SUB_HIFLD_3746,meso_SUB_HIFLD_3367_SUB_HIFLD_3746_fwd,80000000.0,20763251.227499366,67781665.94856998,0,168
SUB_HIFLD_3367,SUB_HIFLD_3748,meso_SUB_HIFLD_3367_SUB_HIFLD_3748_fwd,80000000.0,0.0,0.0,0,168
SUB_HIFLD_3368,SUB_HIFLD_1476,meso_SUB_HIFLD_3368_SUB_HIFLD_1476_rev,150000000.0,0.0,0.0,0,168
SUB_HIFLD_3368,SUB_HIFLD_1477,meso_SUB_HIFLD_3368_SUB_HIFLD_1477_rev,1500000000.0,125944.5775562468,21158689.029449463,0,168
SUB_HIFLD_3368,SUB_HIFLD_1480,meso_SUB_HIFLD_3368_SUB_HIFLD_1480_rev,150000000.0,0.0,0.0,0,168
SUB_HIFLD_3368,SUB_HIFLD_2644,meso_SUB_HIFLD_3368_SUB_HIFLD_2644_rev,150000000.0,0.0,0.0,0,168
SUB_HIFLD_3368,SUB_HIFLD_2970,meso_SUB_HIFLD_3368_SUB_HIFLD_2970_rev,400000000.0,0.0,0.0,0,168
SUB_HIFLD_3368,SUB_HIFLD_3658,meso_SUB_HIFLD_3368_SUB_HIFLD_3658_fwd,400000000.0,42565787.67601422,400000000.0,2,168
SUB_HIFLD_3368,SUB_HIFLD_561,meso_SUB_HIFLD_3368_SUB_HIFLD_561_fwd,1500000000.0,33990885.97298444,411114243.92535406,0,168
SUB_HIFLD_3368,SUB_HIFLD_566,meso_SUB_HIFLD_3368_SUB_HIFLD_566_fwd,150000000.0,1279396.581155171,32317931.010260783,0,168
SUB_HIFLD_3368,WECC_SCE,iface_SUB_HIFLD_3368_WECC_SCE_to_ba,381986897.48908323,0.0,0.0,0,168
SUB_HIFLD_3371,SUB_HIFLD_2774,meso_SUB_HIFLD_3371_SUB_HIFLD_2774_rev,60000000.0,18153505.408705916,37487225.8983942,0,168
SUB_HIFLD_3371,SUB_HIFLD_627,meso_SUB_HIFLD_3371_SUB_HIFLD_627_fwd,400000000.0,0.0,0.0,0,168
SUB_HIFLD_3371,SUB_HIFLD_640,meso_SUB_HIFLD_3371_SUB_HIFLD_640_fwd,60000000.0,9104401.716414507,17605543.17651148,0,168
SUB_HIFLD_3371,SUB_HIFLD_728,meso_SUB_HIFLD_3371_SUB_HIFLD_728_fwd,60000000.0,12775183.572362512,30591938.827628855,0,168
SUB_HIFLD_3371,SUB_HIFLD_730,meso_SUB_HIFLD_3371_SUB_HIFLD_730_fwd,400000000.0,0.0,0.0,0,168
SUB_HIFLD_3371,WEC_BANC,iface_SUB_HIFLD_3371_WEC_BANC_to_ba,20000000.0,0.0,0.0,0,168
SUB_HIFLD_3374,SUB_HIFLD_2818,meso_SUB_HIFLD_3374_SUB_HIFLD_2818_rev,150000000.0,197556.46759523632,8160055.384685084,0,168
SUB_HIFLD_3374,SUB_HIFLD_3693,meso_SUB_HIFLD_3374_SUB_HIFLD_3693_fwd,150000000.0,14265344.318140443,24239028.940979555,0,168
SUB_HIFLD_3374,SUB_HIFLD_539,meso_SUB_HIFLD_3374_SUB_HIFLD_539_fwd,150000000.0,810427.4854213989,10788701.448735503,0,168
SUB_HIFLD_3374,SUB_HIFLD_534,meso_SUB_HIFLD_3374_SUB_HIFLD_534_fwd,150000000.0,9262516.858179314,27555347.219396822,0,168
SUB_HIFLD_3377,SUB_HIFLD_3505,meso_SUB_HIFLD_3377_SUB_HIFLD_3505_fwd,80000000.0,0.0,0.0,0,168
SUB_HIFLD_3377,SUB_HIFLD_3667,meso_SUB_HIFLD_3377_SUB_HIFLD_3667_fwd,80000000.0,1086695.8174333307,1578116.15934077,0,168
SUB_HIFLD_3377,SUB_HIFLD_868,meso_SUB_HIFLD_3377_SUB_HIFLD_868_fwd,80000000.0,0.0,0.0,0,168
SUB_HIFLD_3378,SUB_HIFLD_1942,meso_SUB_HIFLD_3378_SUB_HIFLD_1942_fwd,5000000.0,0.0,0.0,0,168
SUB_HIFLD_3379,SUB_HIFLD_2951,meso_SUB_HIFLD_3379_SUB_HIFLD_2951_rev,80000000.0,5529049.943351241,21485443.052311532,0,168
SUB_HIFLD_3379,SUB_HIFLD_3771,meso_SUB_HIFLD_3379_SUB_HIFLD_3771_fwd,80000000.0,0.0,0.0,0,168
SUB_HIFLD_3381,SUB_HIFLD_3241,meso_SUB_HIFLD_3381_SUB_HIFLD_3241_rev,300000000.0,49869936.46144172,98646231.31330541,0,168
SUB_HIFLD_3382,SUB_HIFLD_2414,meso_SUB_HIFLD_3382_SUB_HIFLD_2414_rev,160000000.0,0.0,0.0,0,168
SUB_HIFLD_3382,SUB_HIFLD_3506,meso_SUB_HIFLD_3382_SUB_HIFLD_3506_fwd,80000000.0,0.0,0.0,0,168
SUB_HIFLD_3383,SUB_HIFLD_1721,meso_SUB_HIFLD_3383_SUB_HIFLD_1721_rev,80000000.0,10106190.894363225,40907086.74008084,0,168
SUB_HIFLD_3383,SUB_HIFLD_4187,meso_SUB_HIFLD_3383_SUB_HIFLD_4187_fwd,80000000.0,0.0,0.0,0,168
SUB_HIFLD_3383,SUB_HIFLD_487,meso_SUB_HIFLD_3383_SUB_HIFLD_487_fwd,80000000.0,0.0,0.0,0,168
SUB_HIFLD_3387,SUB_HIFLD_4169,meso_SUB_HIFLD_3387_SUB_HIFLD_4169_fwd,400000000.0,0.0,0.0,0,168
SUB_HIFLD_3387,SUB_HIFLD_2933,meso_SUB_HIFLD_3387_SUB_HIFLD_2933_fwd,5000000.0,5000000.0,5000000.0,168,168
SUB_HIFLD_3388,SUB_HIFLD_2959,meso_SUB_HIFLD_3388_SUB_HIFLD_2959_rev,80000000.0,0.0,0.0,0,168
SUB_HIFLD_3388,SUB_HIFLD_843,meso_SUB_HIFLD_3388_SUB_HIFLD_843_fwd,80000000.0,0.0,0.0,0,168
SUB_HIFLD_3390,SUB_HIFLD_1933,meso_SUB_HIFLD_3390_SUB_HIFLD_1933_rev,80000000.0,4338262.955761371,27654259.215679366,0,168
SUB_HIFLD_3390,SUB_HIFLD_1961,meso_SUB_HIFLD_3390_SUB_HIFLD_1961_rev,80000000.0,0.0,0.0,0,168
SUB_HIFLD_3390,SUB_HIFLD_2939,meso_SUB_HIFLD_3390_SUB_HIFLD_2939_rev,80000000.0,2008581.4768623125,6381419.655711381,0,168
SUB_HIFLD_3390,SUB_HIFLD_3702,meso_SUB_HIFLD_3390_SUB_HIFLD_3702_fwd,80000000.0,649878.1776282267,15317152.51490013,0,168
SUB_HIFLD_3391,SUB_16261,meso_SUB_HIFLD_3391_SUB_16261_rev,60000000.0,324181.18296351406,4850000.0,0,168
SUB_HIFLD_3391,SUB_HIFLD_271,meso_SUB_HIFLD_3391_SUB_HIFLD_271_rev,60000000.0,0.0,0.0,0,168
SUB_HIFLD_3391,SUB_16247,meso_SUB_HIFLD_3391_SUB_16247_rev,60000000.0,3977306.9122745814,4850000.0,0,168
SUB_HIFLD_3391,SUB_HIFLD_2013,meso_SUB_HIFLD_3391_SUB_HIFLD_2013_rev,5000000.0,0.0,0.0,0,168
SUB_HIFLD_3393,SUB_HIFLD_4364,meso_SUB_HIFLD_3393_SUB_HIFLD_4364_fwd,80000000.0,47932.72188375643,8052697.27647108,0,168
SUB_HIFLD_3393,SUB_HIFLD_877,meso_SUB_HIFLD_3393_SUB_HIFLD_877_fwd,80000000.0,32171426.8848717,40408571.349468425,0,168
SUB_HIFLD_3393,SUB_HIFLD_905,meso_SUB_HIFLD_3393_SUB_HIFLD_905_fwd,80000000.0,0.0,0.0,0,168
SUB_HIFLD_3394,SUB_HIFLD_448,meso_SUB_HIFLD_3394_SUB_HIFLD_448_fwd,80000000.0,10400157.986983072,12244776.580292994,0,168
SUB_HIFLD_3394,SUB_HIFLD_435,meso_SUB_HIFLD_3394_SUB_HIFLD_435_rev,16080175.754561285,0.0,0.0,0,168
SUB_HIFLD_3394,SUB_HIFLD_437,meso_SUB_HIFLD_3394_SUB_HIFLD_437_rev,5000000.0,0.0,0.0,0,168
SUB_HIFLD_3396,SUB_HIFLD_1741,meso_SUB_HIFLD_3396_SUB_HIFLD_1741_rev,80000000.0,0.0,0.0,0,168
SUB_HIFLD_3396,SUB_HIFLD_2668,meso_SUB_HIFLD_3396_SUB_HIFLD_2668_rev,80000000.0,0.0,0.0,0,168
SUB_HIFLD_3396,SUB_HIFLD_3731,meso_SUB_HIFLD_3396_SUB_HIFLD_3731_fwd,80000000.0,583966.2751322818,4083472.7493758053,0,168
SUB_HIFLD_3397,SUB_HIFLD_3060,meso_SUB_HIFLD_3397_SUB_HIFLD_3060_fwd,5000000.0,0.0,0.0,0,168
SUB_HIFLD_3398,SUB_HIFLD_4436,meso_SUB_HIFLD_3398_SUB_HIFLD_4436_fwd,80000000.0,2627027.0270000002,2627027.0270000002,0,168
SUB_HIFLD_3401,SUB_HIFLD_867,meso_SUB_HIFLD_3401_SUB_HIFLD_867_fwd,150000000.0,461811.37685752055,20326197.151959002,0,168
SUB_HIFLD_3401,SUB_HIFLD_1448,meso_SUB_HIFLD_3401_SUB_HIFLD_1448_rev,400000000.0,11423606.719103763,141597035.58157685,0,168
SUB_HIFLD_3401,SUB_HIFLD_3207,meso_SUB_HIFLD_3401_SUB_HIFLD_3207_rev,300000000.0,0.0,0.0,0,168
SUB_HIFLD_3401,SUB_HIFLD_825,meso_SUB_HIFLD_3401_SUB_HIFLD_825_fwd,300000000.0,75990839.25403205,291000000.0,0,168
SUB_HIFLD_3402,SUB_HIFLD_1500,meso_SUB_HIFLD_3402_SUB_HIFLD_1500_rev,150000000.0,6022097.430595053,80580360.24291447,0,168
SUB_HIFLD_3402,SUB_HIFLD_545,meso_SUB_HIFLD_3402_SUB_HIFLD_545_fwd,150000000.0,0.0,0.0,0,168
SUB_HIFLD_3403,SUB_HIFLD_807,meso_SUB_HIFLD_3403_SUB_HIFLD_807_fwd,53640876.65047171,0.0,0.0,0,168
SUB_HIFLD_3404,SUB_HIFLD_1528,meso_SUB_HIFLD_3404_SUB_HIFLD_1528_fwd,20010893.473662764,0.0,0.0,0,168
SUB_HIFLD_3406,SUB_HIFLD_4385,meso_SUB_HIFLD_3406_SUB_HIFLD_4385_fwd,60000000.0,6854660.94669112,17519539.571802028,0,168
SUB_HIFLD_3406,SUB_HIFLD_602,meso_SUB_HIFLD_3406_SUB_HIFLD_602_fwd,60000000.0,1472302.0373206476,5597327.446691768,0,168
SUB_HIFLD_3406,SUB_HIFLD_681,meso_SUB_HIFLD_3406_SUB_HIFLD_681_fwd,60000000.0,0.0,0.0,0,168
SUB_HIFLD_3410,SUB_HIFLD_4151,meso_SUB_HIFLD_3410_SUB_HIFLD_4151_fwd,5000000.0,0.0,0.0,0,168
SUB_HIFLD_3412,SUB_HIFLD_735,meso_SUB_HIFLD_3412_SUB_HIFLD_735_fwd,9889113.485996455,0.0,0.0,0,168
SUB_HIFLD_3413,SUB_HIFLD_4245,meso_SUB_HIFLD_3413_SUB_HIFLD_4245_fwd,65098375.12874939,0.0,0.0,0,168
SUB_HIFLD_3414,SUB_HIFLD_1457,meso_SUB_HIFLD_3414_SUB_HIFLD_1457_rev,150000000.0,0.0,0.0,0,168
SUB_HIFLD_3414,SUB_HIFLD_791,meso_SUB_HIFLD_3414_SUB_HIFLD_791_fwd,150000000.0,1983347.8049595964,18550225.894469205,0,168
SUB_HIFLD_3415,SUB_HIFLD_1958,meso_SUB_HIFLD_3415_SUB_HIFLD_1958_rev,80000000.0,0.0,0.0,0,168
SUB_HIFLD_3415,SUB_HIFLD_2693,meso_SUB_HIFLD_3415_SUB_HIFLD_2693_rev,80000000.0,0.0,0.0,0,168
SUB_HIFLD_3416,SUB_HIFLD_2963,meso_SUB_HIFLD_3416_SUB_HIFLD_2963_rev,80000000.0,6941971.517680885,25456162.78894169,0,168
SUB_HIFLD_3416,SUB_HIFLD_3954,meso_SUB_HIFLD_3416_SUB_HIFLD_3954_fwd,80000000.0,15508868.41606848,25938939.17123067,0,168
SUB_HIFLD_3416,SUB_HIFLD_924,meso_SUB_HIFLD_3416_SUB_HIFLD_924_fwd,80000000.0,0.0,0.0,0,168
SUB_HIFLD_3417,SUB_HIFLD_2708,meso_SUB_HIFLD_3417_SUB_HIFLD_2708_rev,80000000.0,0.0,0.0,0,168
SUB_HIFLD_3417,SUB_HIFLD_4079,meso_SUB_HIFLD_3417_SUB_HIFLD_4079_fwd,80000000.0,0.0,0.0,0,168
SUB_HIFLD_3418,SUB_HIFLD_422,meso_SUB_HIFLD_3418_SUB_HIFLD_422_fwd,80000000.0,79697061.47611445,80000000.0,164,168
SUB_HIFLD_3418,SUB_HIFLD_429,meso_SUB_HIFLD_3418_SUB_HIFLD_429_fwd,80000000.0,0.0,0.0,0,168
SUB_HIFLD_3418,SUB_HIFLD_2620,meso_SUB_HIFLD_3418_SUB_HIFLD_2620_rev,5000000.0,0.0,0.0,0,168
SUB_HIFLD_3420,SUB_HIFLD_3948,meso_SUB_HIFLD_3420_SUB_HIFLD_3948_fwd,80000000.0,966537.9697451653,18436385.80369011,0,168
SUB_HIFLD_3420,SUB_HIFLD_4204,meso_SUB_HIFLD_3420_SUB_HIFLD_4204_fwd,80000000.0,0.0,0.0,0,168
SUB_HIFLD_3420,SUB_HIFLD_4437,meso_SUB_HIFLD_3420_SUB_HIFLD_4437_fwd,80000000.0,0.0,0.0,0,168
SUB_HIFLD_3422,SUB_HIFLD_2753,meso_SUB_HIFLD_3422_SUB_HIFLD_2753_rev,60000000.0,0.0,0.0,0,168
SUB_HIFLD_3422,SUB_HIFLD_617,meso_SUB_HIFLD_3422_SUB_HIFLD_617_fwd,60000000.0,126913.57315329644,2056731.981100495,0,168
SUB_HIFLD_3422,SUB_HIFLD_662,meso_SUB_HIFLD_3422_SUB_HIFLD_662_fwd,60000000.0,3798830.7449535388,11345414.05014038,0,168
SUB_HIFLD_3426,SUB_HIFLD_3142,meso_SUB_HIFLD_3426_SUB_HIFLD_3142_rev,60000000.0,3798.062446291519,483242.36473283713,0,168
SUB_HIFLD_3426,SUB_HIFLD_4358,meso_SUB_HIFLD_3426_SUB_HIFLD_4358_fwd,60000000.0,1054124.7731818312,5642452.605291134,0,168
SUB_HIFLD_3426,SUB_HIFLD_685,meso_SUB_HIFLD_3426_SUB_HIFLD_685_fwd,60000000.0,783040.353401436,3483659.7245993074,0,168
SUB_HIFLD_3428,SUB_HIFLD_1519,meso_SUB_HIFLD_3428_SUB_HIFLD_1519_rev,200000000.0,0.0,0.0,0,168
SUB_HIFLD_3428,SUB_HIFLD_4109,meso_SUB_HIFLD_3428_SUB_HIFLD_4109_fwd,200000000.0,51673064.72572097,82474226.80412371,0,168
SUB_HIFLD_3428,SUB_HIFLD_487,meso_SUB_HIFLD_3428_SUB_HIFLD_487_fwd,200000000.0,23076577.965638604,54618375.357992776,0,168
SUB_HIFLD_3428,SUB_HIFLD_490,meso_SUB_HIFLD_3428_SUB_HIFLD_490_fwd,200000000.0,71170811.11737227,141611335.64860162,0,168
SUB_HIFLD_3428,SUB_HIFLD_498,meso_SUB_HIFLD_3428_SUB_HIFLD_498_fwd,200000000.0,1977829.680812037,31885012.934553396,0,168
SUB_HIFLD_3430,SUB_HIFLD_3479,meso_SUB_HIFLD_3430_SUB_HIFLD_3479_fwd,150000000.0,0.0,0.0,0,168
SUB_HIFLD_3430,SUB_HIFLD_549,meso_SUB_HIFLD_3430_SUB_HIFLD_549_fwd,150000000.0,0.0,0.0,0,168
SUB_HIFLD_3430,SUB_HIFLD_587,meso_SUB_HIFLD_3430_SUB_HIFLD_587_fwd,150000000.0,0.0,0.0,0,168
SUB_HIFLD_3431,SUB_HIFLD_1555,meso_SUB_HIFLD_3431_SUB_HIFLD_1555_rev,80000000.0,0.0,0.0,0,168
SUB_HIFLD_3431,SUB_HIFLD_1713,meso_SUB_HIFLD_3431_SUB_HIFLD_1713_rev,80000000.0,0.0,0.0,0,168
SUB_HIFLD_3431,SUB_HIFLD_3752,meso_SUB_HIFLD_3431_SUB_HIFLD_3752_fwd,80000000.0,0.0,0.0,0,168
SUB_HIFLD_3433,SUB_HIFLD_1013,meso_SUB_HIFLD_3433_SUB_HIFLD_1013_rev,80000000.0,148708.63858443755,24983051.282185506,0,168
SUB_HIFLD_3433,SUB_HIFLD_1014,meso_SUB_HIFLD_3433_SUB_HIFLD_1014_rev,80000000.0,16981393.38644582,49529401.89322245,0,168
SUB_HIFLD_3433,SUB_HIFLD_2684,meso_SUB_HIFLD_3433_SUB_HIFLD_2684_rev,80000000.0,874268.8271148797,10908435.310285114,0,168
SUB_HIFLD_3433,SUB_HIFLD_2894,meso_SUB_HIFLD_3433_SUB_HIFLD_2894_rev,80000000.0,0.0,0.0,0,168
SUB_HIFLD_3433,SUB_HIFLD_3474,meso_SUB_HIFLD_3433_SUB_HIFLD_3474_fwd,80000000.0,0.0,0.0,0,168
SUB_HIFLD_3433,SUB_HIFLD_815,meso_SUB_HIFLD_3433_SUB_HIFLD_815_fwd,80000000.0,0.0,0.0,0,168
SUB_HIFLD_3434,SUB_HIFLD_417,meso_SUB_HIFLD_3434_SUB_HIFLD_417_fwd,80000000.0,0.0,0.0,0,168
SUB_HIFLD_3435,SUB_HIFLD_1706,meso_SUB_HIFLD_3435_SUB_HIFLD_1706_rev,80000000.0,0.0,0.0,0,168
SUB_HIFLD_3435,SUB_HIFLD_3683,meso_SUB_HIFLD_3435_SUB_HIFLD_3683_fwd,80000000.0,0.0,0.0,0,168
SUB_HIFLD_3436,SUB_HIFLD_1854,meso_SUB_HIFLD_3436_SUB_HIFLD_1854_rev,80000000.0,0.0,0.0,0,168
SUB_HIFLD_3439,SUB_HIFLD_4004,meso_SUB_HIFLD_3439_SUB_HIFLD_4004_fwd,80000000.0,0.0,0.0,0,168
SUB_HIFLD_3439,SUB_HIFLD_808,meso_SUB_HIFLD_3439_SUB_HIFLD_808_fwd,80000000.0,0.0,0.0,0,168
SUB_HIFLD_3440,SUB_HIFLD_2099,meso_SUB_HIFLD_3440_SUB_HIFLD_2099_rev,80000000.0,0.0,0.0,0,168
SUB_HIFLD_3440,SUB_HIFLD_2100,meso_SUB_HIFLD_3440_SUB_HIFLD_2100_rev,80000000.0,0.0,0.0,0,168
SUB_HIFLD_3440,SUB_HIFLD_2104,meso_SUB_HIFLD_3440_SUB_HIFLD_2104_rev,80000000.0,0.0,0.0,0,168
SUB_HIFLD_3441,SUB_HIFLD_1567,meso_SUB_HIFLD_3441_SUB_HIFLD_1567_rev,80000000.0,0.0,0.0,0,168
SUB_HIFLD_3441,SUB_HIFLD_1594,meso_SUB_HIFLD_3441_SUB_HIFLD_1594_rev,80000000.0,0.0,0.0,0,168
SUB_HIFLD_3441,SUB_HIFLD_1676,meso_SUB_HIFLD_3441_SUB_HIFLD_1676_rev,80000000.0,0.0,0.0,0,168
SUB_HIFLD_3445,SUB_HIFLD_1547,meso_SUB_HIFLD_3445_SUB_HIFLD_1547_rev,80000000.0,2540051.1041760184,4616093.712158203,0,168
SUB_HIFLD_3445,SUB_HIFLD_1671,meso_SUB_HIFLD_3445_SUB_HIFLD_1671_rev,80000000.0,45702.92864702587,126743.30878503543,0,168
SUB_HIFLD_3445,SUB_HIFLD_450,meso_SUB_HIFLD_3445_SUB_HIFLD_450_fwd,80000000.0,0.0,0.0,0,168
SUB_HIFLD_3447,SUB_HIFLD_2368,meso_SUB_HIFLD_3447_SUB_HIFLD_2368_rev,80000000.0,112811.83313761695,324518.4809891219,0,168
SUB_HIFLD_3447,SUB_HIFLD_2370,meso_SUB_HIFLD_3447_SUB_HIFLD_2370_rev,80000000.0,13838508.3617686,21081943.247742504,0,168
SUB_HIFLD_3447,SUB_HIFLD_2982,meso_SUB_HIFLD_3447_SUB_HIFLD_2982_rev,80000000.0,0.0,0.0,0,168
SUB_HIFLD_3448,SUB_01438,meso_SUB_HIFLD_3448_SUB_01438_rev,150000000.0,0.0,0.0,0,168
SUB_HIFLD_3448,SUB_HIFLD_11,meso_SUB_HIFLD_3448_SUB_HIFLD_11_rev,150000000.0,5316427.856948724,52928448.70727539,0,168
SUB_HIFLD_3448,SUB_HIFLD_28,meso_SUB_HIFLD_3448_SUB_HIFLD_28_rev,150000000.0,213277.4383836931,11643879.767173951,0,168
SUB_HIFLD_3449,SUB_HIFLD_1448,meso_SUB_HIFLD_3449_SUB_HIFLD_1448_rev,150000000.0,0.0,0.0,0,168
SUB_HIFLD_3449,SUB_HIFLD_2481,meso_SUB_HIFLD_3449_SUB_HIFLD_2481_rev,1500000000.0,48186806.03577087,441868151.7766563,0,168
SUB_HIFLD_3449,SUB_HIFLD_804,meso_SUB_HIFLD_3449_SUB_HIFLD_804_fwd,1500000000.0,14599.954408936837,2452792.3407013887,0,168
SUB_HIFLD_3449,WECC_SCE,iface_SUB_HIFLD_3449_WECC_SCE_to_ba,113551470.17117159,0.0,0.0,0,168
SUB_HIFLD_3450,SUB_HIFLD_1413,meso_SUB_HIFLD_3450_SUB_HIFLD_1413_rev,60000000.0,0.0,0.0,0,168
SUB_HIFLD_3450,SUB_HIFLD_2278,meso_SUB_HIFLD_3450_SUB_HIFLD_2278_rev,60000000.0,2670657.680233022,21432237.738736063,0,168
SUB_HIFLD_3450,SUB_HIFLD_4181,meso_SUB_HIFLD_3450_SUB_HIFLD_4181_fwd,60000000.0,40480907.007959746,53556379.37927246,0,168
SUB_HIFLD_3452,SUB_HIFLD_1411,meso_SUB_HIFLD_3452_SUB_HIFLD_1411_rev,60000000.0,0.0,0.0,0,168
SUB_HIFLD_3452,SUB_HIFLD_1412,meso_SUB_HIFLD_3452_SUB_HIFLD_1412_rev,60000000.0,0.0,0.0,0,168
SUB_HIFLD_3452,SUB_HIFLD_2286,meso_SUB_HIFLD_3452_SUB_HIFLD_2286_rev,60000000.0,4336046.779360368,18736942.881161407,0,168
SUB_HIFLD_3453,SUB_HIFLD_2414,meso_SUB_HIFLD_3453_SUB_HIFLD_2414_rev,80000000.0,717330.0774408741,9664554.179253822,0,168
SUB_HIFLD_3453,SUB_HIFLD_2415,meso_SUB_HIFLD_3453_SUB_HIFLD_2415_rev,80000000.0,0.0,0.0,0,168
SUB_HIFLD_3453,SUB_HIFLD_2420,meso_SUB_HIFLD_3453_SUB_HIFLD_2420_rev,80000000.0,3056910.6128397775,9914758.930009665,0,168
SUB_HIFLD_3453,SUB_HIFLD_2739,meso_SUB_HIFLD_3453_SUB_HIFLD_2739_rev,80000000.0,0.0,0.0,0,168
SUB_HIFLD_3456,SUB_HIFLD_1366,meso_SUB_HIFLD_3456_SUB_HIFLD_1366_rev,60000000.0,0.0,0.0,0,168
SUB_HIFLD_3456,SUB_HIFLD_634,meso_SUB_HIFLD_3456_SUB_HIFLD_634_fwd,60000000.0,7169836.417709158,14987481.570326723,0,168
SUB_HIFLD_3456,SUB_HIFLD_651,meso_SUB_HIFLD_3456_SUB_HIFLD_651_fwd,60000000.0,0.0,0.0,0,168
SUB_HIFLD_3456,SUB_HIFLD_663,meso_SUB_HIFLD_3456_SUB_HIFLD_663_fwd,60000000.0,20068318.138365723,37371088.70112335,0,168
SUB_HIFLD_3458,SUB_HIFLD_2390,meso_SUB_HIFLD_3458_SUB_HIFLD_2390_rev,80000000.0,0.0,0.0,0,168
SUB_HIFLD_3458,SUB_HIFLD_4039,meso_SUB_HIFLD_3458_SUB_HIFLD_4039_fwd,80000000.0,0.0,0.0,0,168
SUB_HIFLD_3460,SUB_HIFLD_2651,meso_SUB_HIFLD_3460_SUB_HIFLD_2651_rev,60000000.0,16017159.247365095,33388025.48792049,0,168
SUB_HIFLD_3460,SUB_HIFLD_3117,meso_SUB_HIFLD_3460_SUB_HIFLD_3117_rev,60000000.0,5683283.607808761,9958197.587789949,0,168
SUB_HIFLD_3460,SUB_HIFLD_765,meso_SUB_HIFLD_3460_SUB_HIFLD_765_fwd,60000000.0,786292.9033659578,1414925.4789057467,0,168
SUB_HIFLD_3460,SUB_HIFLD_784,meso_SUB_HIFLD_3460_SUB_HIFLD_784_fwd,60000000.0,7299190.388123992,13017371.970230756,0,168
SUB_HIFLD_3460,SUB_HIFLD_3121,meso_SUB_HIFLD_3460_SUB_HIFLD_3121_rev,80000000.0,0.0,0.0,0,168
SUB_HIFLD_3461,SUB_HIFLD_2497,meso_SUB_HIFLD_3461_SUB_HIFLD_2497_rev,400000000.0,0.0,0.0,0,168
SUB_HIFLD_3461,SUB_HIFLD_888,meso_SUB_HIFLD_3461_SUB_HIFLD_888_fwd,200000000.0,0.0,0.0,0,168
SUB_HIFLD_3461,SUB_HIFLD_925,meso_SUB_HIFLD_3461_SUB_HIFLD_925_fwd,80000000.0,68979185.98278049,80000000.0,20,168
SUB_HIFLD_3461,SUB_HIFLD_954,meso_SUB_HIFLD_3461_SUB_HIFLD_954_fwd,800000000.0,0.0,0.0,0,168
SUB_HIFLD_3461,WEC_SDGE,iface_SUB_HIFLD_3461_WEC_SDGE_to_ba,23537639.307721406,0.0,0.0,0,168
SUB_HIFLD_3462,SUB_HIFLD_1622,meso_SUB_HIFLD_3462_SUB_HIFLD_1622_rev,80000000.0,0.0,0.0,0,168
SUB_HIFLD_3462,SUB_HIFLD_1632,meso_SUB_HIFLD_3462_SUB_HIFLD_1632_rev,80000000.0,0.0,0.0,0,168
SUB_HIFLD_3462,SUB_HIFLD_2554,meso_SUB_HIFLD_3462_SUB_HIFLD_2554_rev,80000000.0,40388781.11631807,63835860.94990234,0,168
SUB_HIFLD_3464,SUB_HIFLD_2416,meso_SUB_HIFLD_3464_SUB_HIFLD_2416_rev,80000000.0,0.0,0.0,0,168
SUB_HIFLD_3464,SUB_HIFLD_2429,meso_SUB_HIFLD_3464_SUB_HIFLD_2429_rev,80000000.0,0.0,0.0,0,168
SUB_HIFLD_3464,SUB_HIFLD_2432,meso_SUB_HIFLD_3464_SUB_HIFLD_2432_rev,80000000.0,0.0,0.0,0,168
SUB_HIFLD_3465,SUB_HIFLD_4385,meso_SUB_HIFLD_3465_SUB_HIFLD_4385_fwd,5000000.0,0.0,0.0,0,168
SUB_HIFLD_3471,SUB_HIFLD_2552,meso_SUB_HIFLD_3471_SUB_HIFLD_2552_rev,80000000.0,0.0,0.0,0,168
SUB_HIFLD_3471,SUB_HIFLD_3488,meso_SUB_HIFLD_3471_SUB_HIFLD_3488_fwd,80000000.0,0.0,0.0,0,168
SUB_HIFLD_3471,SUB_HIFLD_4267,meso_SUB_HIFLD_3471_SUB_HIFLD_4267_fwd,80000000.0,0.0,0.0,0,168
SUB_HIFLD_3473,SUB_HIFLD_2699,meso_SUB_HIFLD_3473_SUB_HIFLD_2699_rev,80000000.0,0.0,0.0,0,168
SUB_HIFLD_3473,SUB_HIFLD_3729,meso_SUB_HIFLD_3473_SUB_HIFLD_3729_fwd,80000000.0,0.0,0.0,0,168
SUB_HIFLD_3473,SUB_HIFLD_4035,meso_SUB_HIFLD_3473_SUB_HIFLD_4035_fwd,80000000.0,0.0,0.0,0,168
SUB_HIFLD_3474,SUB_HIFLD_2684,meso_SUB_HIFLD_3474_SUB_HIFLD_2684_rev,80000000.0,0.0,0.0,0,168
SUB_HIFLD_3474,SUB_HIFLD_3433,meso_SUB_HIFLD_3474_SUB_HIFLD_3433_rev,80000000.0,0.0,0.0,0,168
SUB_HIFLD_3475,SUB_HIFLD_590,meso_SUB_HIFLD_3475_SUB_HIFLD_590_fwd,80000000.0,28789737.89430449,42781478.03237758,0,168
SUB_HIFLD_3475,SUB_HIFLD_853,meso_SUB_HIFLD_3475_SUB_HIFLD_853_fwd,150000000.0,0.0,0.0,0,168
SUB_HIFLD_3475,SUB_HIFLD_864,meso_SUB_HIFLD_3475_SUB_HIFLD_864_fwd,150000000.0,0.0,0.0,0,168
SUB_HIFLD_3479,SUB_HIFLD_3430,meso_SUB_HIFLD_3479_SUB_HIFLD_3430_rev,150000000.0,306978.7690592838,28155199.813842777,0,168
SUB_HIFLD_3479,SUB_HIFLD_573,meso_SUB_HIFLD_3479_SUB_HIFLD_573_fwd,150000000.0,0.0,0.0,0,168
SUB_HIFLD_3479,SUB_HIFLD_1029,meso_SUB_HIFLD_3479_SUB_HIFLD_1029_rev,150000000.0,0.0,0.0,0,168
SUB_HIFLD_3480,SUB_HIFLD_714,meso_SUB_HIFLD_3480_SUB_HIFLD_714_fwd,60000000.0,0.0,0.0,0,168
SUB_HIFLD_3481,SUB_HIFLD_283,meso_SUB_HIFLD_3481_SUB_HIFLD_283_rev,150000000.0,0.0,0.0,0,168
SUB_HIFLD_3481,SUB_HIFLD_3695,meso_SUB_HIFLD_3481_SUB_HIFLD_3695_fwd,150000000.0,0.0,0.0,0,168
SUB_HIFLD_3481,SUB_HIFLD_4141,meso_SUB_HIFLD_3481_SUB_HIFLD_4141_fwd,150000000.0,13113262.06774528,72155204.05225514,0,168
SUB_HIFLD_3483,SUB_HIFLD_4414,meso_SUB_HIFLD_3483_SUB_HIFLD_4414_fwd,60000000.0,0.0,0.0,0,168
SUB_HIFLD_3483,SUB_HIFLD_749,meso_SUB_HIFLD_3483_SUB_HIFLD_749_fwd,60000000.0,13780067.527697844,24365482.828957967,0,168
SUB_HIFLD_3483,SUB_HIFLD_783,meso_SUB_HIFLD_3483_SUB_HIFLD_783_fwd,60000000.0,16141064.949173644,28183153.21282208,0,168
SUB_HIFLD_3485,SUB_HIFLD_1769,meso_SUB_HIFLD_3485_SUB_HIFLD_1769_rev,80000000.0,0.0,0.0,0,168
SUB_HIFLD_3485,SUB_HIFLD_3735,meso_SUB_HIFLD_3485_SUB_HIFLD_3735_fwd,80000000.0,41206.483274449536,1104198.4951373227,0,168
SUB_HIFLD_3485,SUB_HIFLD_3736,meso_SUB_HIFLD_3485_SUB_HIFLD_3736_fwd,80000000.0,1026877.6437167635,4486433.143222455,0,168
SUB_HIFLD_3487,SUB_HIFLD_3931,meso_SUB_HIFLD_3487_SUB_HIFLD_3931_fwd,150000000.0,0.0,0.0,0,168
SUB_HIFLD_3487,SUB_HIFLD_4354,meso_SUB_HIFLD_3487_SUB_HIFLD_4354_fwd,150000000.0,0.0,0.0,0,168
SUB_HIFLD_3487,SUB_HIFLD_578,meso_SUB_HIFLD_3487_SUB_HIFLD_578_fwd,150000000.0,0.0,0.0,0,168
SUB_HIFLD_3487,SUB_HIFLD_574,meso_SUB_HIFLD_3487_SUB_HIFLD_574_fwd,150000000.0,0.0,0.0,0,168
SUB_HIFLD_3487,SUB_HIFLD_589,meso_SUB_HIFLD_3487_SUB_HIFLD_589_fwd,150000000.0,0.0,0.0,0,168
SUB_HIFLD_3487,SUB_HIFLD_4441,meso_SUB_HIFLD_3487_SUB_HIFLD_4441_rev,5000000.0,15441.14376437038,18213.331084890466,0,168
SUB_HIFLD_3488,SUB_HIFLD_3002,meso_SUB_HIFLD_3488_SUB_HIFLD_3002_rev,80000000.0,10724528.065461267,24739783.847454898,0,168
SUB_HIFLD_3488,SUB_HIFLD_3471,meso_SUB_HIFLD_3488_SUB_HIFLD_3471_rev,80000000.0,4423297.443279396,9230436.28181379,0,168
SUB_HIFLD_3488,SUB_HIFLD_3761,meso_SUB_HIFLD_3488_SUB_HIFLD_3761_fwd,80000000.0,32785845.43723909,61510777.57965088,0,168
SUB_HIFLD_3488,SUB_HIFLD_4353,meso_SUB_HIFLD_3488_SUB_HIFLD_4353_fwd,80000000.0,0.0,0.0,0,168
SUB_HIFLD_3492,SUB_HIFLD_719,meso_SUB_HIFLD_3492_SUB_HIFLD_719_fwd,5322717.530799203,0.0,0.0,0,168
SUB_HIFLD_3496,SUB_HIFLD_1938,meso_SUB_HIFLD_3496_SUB_HIFLD_1938_rev,80000000.0,37361361.83609894,77600000.0,0,168
SUB_HIFLD_3496,SUB_HIFLD_1957,meso_SUB_HIFLD_3496_SUB_HIFLD_1957_rev,80000000.0,9380461.858876608,32847399.273115337,0,168
SUB_HIFLD_3496,SUB_HIFLD_1994,meso_SUB_HIFLD_3496_SUB_HIFLD_1994_rev,80000000.0,0.0,0.0,0,168
SUB_HIFLD_3496,SUB_HIFLD_3310,meso_SUB_HIFLD_3496_SUB_HIFLD_3310_rev,80000000.0,0.0,0.0,0,168
SUB_HIFLD_3496,SUB_HIFLD_4378,meso_SUB_HIFLD_3496_SUB_HIFLD_4378_fwd,80000000.0,2190609.6125032986,38976408.968266755,0,168
SUB_HIFLD_3497,SUB_HIFLD_1362,meso_SUB_HIFLD_3497_SUB_HIFLD_1362_rev,60000000.0,1238424.133716053,2189742.6447917507,0,168
SUB_HIFLD_3497,SUB_HIFLD_735,meso_SUB_HIFLD_3497_SUB_HIFLD_735_fwd,60000000.0,9182620.906708203,16236421.995338313,0,168
SUB_HIFLD_3497,SUB_HIFLD_747,meso_SUB_HIFLD_3497_SUB_HIFLD_747_fwd,60000000.0,0.0,0.0,0,168
SUB_HIFLD_3498,SUB_HIFLD_1944,meso_SUB_HIFLD_3498_SUB_HIFLD_1944_rev,80000000.0,0.0,0.0,0,168
SUB_HIFLD_3498,SUB_HIFLD_1984,meso_SUB_HIFLD_3498_SUB_HIFLD_1984_rev,80000000.0,13447749.438930376,33309052.835051548,0,168
SUB_HIFLD_3498,SUB_HIFLD_4290,meso_SUB_HIFLD_3498_SUB_HIFLD_4290_fwd,80000000.0,58668.22267984328,6317215.023249356,0,168
SUB_HIFLD_3499,SUB_HIFLD_719,meso_SUB_HIFLD_3499_SUB_HIFLD_719_fwd,5000000.0,0.0,0.0,0,168
SUB_HIFLD_3501,SUB_HIFLD_2730,meso_SUB_HIFLD_3501_SUB_HIFLD_2730_rev,60000000.0,0.0,0.0,0,168
SUB_HIFLD_3503,SUB_25217,meso_SUB_HIFLD_3503_SUB_25217_rev,150000000.0,0.0,0.0,0,168
SUB_HIFLD_3503,SUB_25400,meso_SUB_HIFLD_3503_SUB_25400_rev,150000000.0,0.0,0.0,0,168
SUB_HIFLD_3504,SUB_HIFLD_3192,meso_SUB_HIFLD_3504_SUB_HIFLD_3192_rev,60000000.0,0.0,0.0,0,168
SUB_HIFLD_3504,SUB_HIFLD_3193,meso_SUB_HIFLD_3504_SUB_HIFLD_3193_rev,60000000.0,0.0,0.0,0,168
SUB_HIFLD_3504,SUB_HIFLD_3196,meso_SUB_HIFLD_3504_SUB_HIFLD_3196_rev,60000000.0,0.0,0.0,0,168
SUB_HIFLD_3505,SUB_HIFLD_3377,meso_SUB_HIFLD_3505_SUB_HIFLD_3377_rev,80000000.0,236684.7871881844,1067896.1558528983,0,168
SUB_HIFLD_3505,SUB_HIFLD_857,meso_SUB_HIFLD_3505_SUB_HIFLD_857_fwd,80000000.0,0.0,0.0,0,168
SUB_HIFLD_3505,SUB_HIFLD_868,meso_SUB_HIFLD_3505_SUB_HIFLD_868_fwd,80000000.0,0.0,0.0,0,168
SUB_HIFLD_3506,SUB_HIFLD_2420,meso_SUB_HIFLD_3506_SUB_HIFLD_2420_rev,80000000.0,0.0,0.0,0,168
SUB_HIFLD_3506,SUB_HIFLD_2427,meso_SUB_HIFLD_3506_SUB_HIFLD_2427_rev,80000000.0,0.0,0.0,0,168
SUB_HIFLD_3506,SUB_HIFLD_3382,meso_SUB_HIFLD_3506_SUB_HIFLD_3382_rev,80000000.0,0.0,0.0,0,168
SUB_HIFLD_3507,SUB_HIFLD_1702,meso_SUB_HIFLD_3507_SUB_HIFLD_1702_rev,80000000.0,0.0,0.0,0,168
SUB_HIFLD_3507,SUB_HIFLD_1735,meso_SUB_HIFLD_3507_SUB_HIFLD_1735_rev,80000000.0,15272557.774409516,23566752.338602003,0,168
SUB_HIFLD_3507,SUB_HIFLD_4436,meso_SUB_HIFLD_3507_SUB_HIFLD_4436_fwd,80000000.0,0.0,0.0,0,168
SUB_HIFLD_3509,SUB_HIFLD_1775,meso_SUB_HIFLD_3509_SUB_HIFLD_1775_rev,80000000.0,0.0,0.0,0,168
SUB_HIFLD_3509,SUB_HIFLD_488,meso_SUB_HIFLD_3509_SUB_HIFLD_488_fwd,400000000.0,0.0,0.0,0,168
SUB_HIFLD_3509,SUB_HIFLD_1260,meso_SUB_HIFLD_3509_SUB_HIFLD_1260_rev,200000000.0,23692936.112886798,53735277.68082669,0,168
SUB_HIFLD_3509,SUB_HIFLD_1511,meso_SUB_HIFLD_3509_SUB_HIFLD_1511_rev,400000000.0,102586685.94504938,214515613.8576013,0,168
SUB_HIFLD_3509,WECC_SCE,iface_SUB_HIFLD_3509_WECC_SCE_to_ba,124906617.18828876,0.0,0.0,0,168
SUB_HIFLD_3511,SUB_HIFLD_2499,meso_SUB_HIFLD_3511_SUB_HIFLD_2499_rev,80000000.0,0.0,0.0,0,168
SUB_HIFLD_3512,SUB_HIFLD_959,meso_SUB_HIFLD_3512_SUB_HIFLD_959_fwd,80000000.0,0.0,0.0,0,168
SUB_HIFLD_3513,SUB_HIFLD_4029,meso_SUB_HIFLD_3513_SUB_HIFLD_4029_fwd,80000000.0,8639327.170353498,26448537.156379014,0,168
SUB_HIFLD_3513,SUB_HIFLD_939,meso_SUB_HIFLD_3513_SUB_HIFLD_939_fwd,80000000.0,0.0,0.0,0,168
SUB_HIFLD_3514,SUB_HIFLD_4373,meso_SUB_HIFLD_3514_SUB_HIFLD_4373_fwd,80000000.0,1038001.5276048547,8379336.848622745,0,168
SUB_HIFLD_3514,SUB_HIFLD_882,meso_SUB_HIFLD_3514_SUB_HIFLD_882_fwd,80000000.0,231356.72912447838,1434580.9700562782,0,168
SUB_HIFLD_3514,SUB_HIFLD_2948,meso_SUB_HIFLD_3514_SUB_HIFLD_2948_rev,7433854.820642991,481371.4815344832,3097897.7478656573,0,168
SUB_HIFLD_3518,SUB_HIFLD_4100,meso_SUB_HIFLD_3518_SUB_HIFLD_4100_fwd,60000000.0,0.0,0.0,0,168
SUB_HIFLD_3525,SUB_HIFLD_2365,meso_SUB_HIFLD_3525_SUB_HIFLD_2365_rev,80000000.0,1926653.2835951494,3523200.0,0,168
SUB_HIFLD_3525,SUB_HIFLD_4335,meso_SUB_HIFLD_3525_SUB_HIFLD_4335_fwd,80000000.0,1596546.716404851,2410794.8876449745,0,168
SUB_HIFLD_3525,SUB_25859,meso_SUB_HIFLD_3525_SUB_25859_rev,5000000.0,0.0,0.0,0,168
SUB_HIFLD_3526,SUB_HIFLD_2425,meso_SUB_HIFLD_3526_SUB_HIFLD_2425_rev,80000000.0,69657153.21616091,80000000.0,66,168
SUB_HIFLD_3527,SUB_HIFLD_2431,meso_SUB_HIFLD_3527_SUB_HIFLD_2431_rev,400000000.0,0.0,0.0,0,168
SUB_HIFLD_3527,SUB_HIFLD_2435,meso_SUB_HIFLD_3527_SUB_HIFLD_2435_rev,80000000.0,0.0,0.0,0,168
SUB_HIFLD_3527,SUB_HIFLD_3074,meso_SUB_HIFLD_3527_SUB_HIFLD_3074_rev,6254562.027066169,2224879.4102352746,3842143.953461008,0,168
SUB_HIFLD_3528,SUB_HIFLD_3529,meso_SUB_HIFLD_3528_SUB_HIFLD_3529_fwd,80000000.0,0.0,0.0,0,168
SUB_HIFLD_3529,SUB_HIFLD_2739,meso_SUB_HIFLD_3529_SUB_HIFLD_2739_rev,80000000.0,28208899.180843484,28357834.20838032,0,168
SUB_HIFLD_3529,SUB_HIFLD_3528,meso_SUB_HIFLD_3529_SUB_HIFLD_3528_rev,80000000.0,0.0,0.0,0,168
SUB_HIFLD_3529,SUB_HIFLD_3530,meso_SUB_HIFLD_3529_SUB_HIFLD_3530_rev,5000000.0,791100.8191565176,1098627.4011356314,0,168
SUB_HIFLD_3530,SUB_HIFLD_3529,meso_SUB_HIFLD_3530_SUB_HIFLD_3529_fwd,5000000.0,0.0,0.0,0,168
SUB_HIFLD_3541,SUB_HIFLD_2910,meso_SUB_HIFLD_3541_SUB_HIFLD_2910_rev,60000000.0,0.0,0.0,0,168
SUB_HIFLD_3541,SUB_HIFLD_594,meso_SUB_HIFLD_3541_SUB_HIFLD_594_fwd,60000000.0,1440124.9342728453,12864883.820046563,0,168
SUB_HIFLD_3542,SUB_HIFLD_1385,meso_SUB_HIFLD_3542_SUB_HIFLD_1385_rev,60000000.0,3525846.4971929574,6234291.020710723,0,168
SUB_HIFLD_3542,SUB_HIFLD_2826,meso_SUB_HIFLD_3542_SUB_HIFLD_2826_rev,60000000.0,0.0,0.0,0,168
SUB_HIFLD_3547,SUB_HIFLD_28,meso_SUB_HIFLD_3547_SUB_HIFLD_28_rev,150000000.0,0.0,0.0,0,168
SUB_HIFLD_3551,SUB_HIFLD_1409,meso_SUB_HIFLD_3551_SUB_HIFLD_1409_rev,60000000.0,2956555.250146565,5799183.038773782,0,168
SUB_HIFLD_3551,SUB_HIFLD_4376,meso_SUB_HIFLD_3551_SUB_HIFLD_4376_fwd,60000000.0,13226317.519966938,29395110.914027832,0,168
SUB_HIFLD_3551,SUB_16267,meso_SUB_HIFLD_3551_SUB_16267_rev,400000000.0,0.0,0.0,0,168
SUB_HIFLD_3570,SUB_HIFLD_1621,meso_SUB_HIFLD_3570_SUB_HIFLD_1621_rev,400000000.0,0.0,0.0,0,168
SUB_HIFLD_3570,SUB_HIFLD_3364,meso_SUB_HIFLD_3570_SUB_HIFLD_3364_rev,150000000.0,382747.6423360551,53382308.096627355,0,168
SUB_HIFLD_3570,SUB_HIFLD_4162,meso_SUB_HIFLD_3570_SUB_HIFLD_4162_fwd,400000000.0,0.0,0.0,0,168
SUB_HIFLD_3570,SUB_HIFLD_1156,meso_SUB_HIFLD_3570_SUB_HIFLD_1156_rev,800000000.0,0.0,0.0,0,168
SUB_HIFLD_3570,SUB_HIFLD_495,meso_SUB_HIFLD_3570_SUB_HIFLD_495_fwd,400000000.0,94017953.05797875,259321287.38538605,0,168
SUB_HIFLD_3570,WEC_LADW,iface_SUB_HIFLD_3570_WEC_LADW_to_ba,322533438.88,0.0,0.0,0,168
SUB_HIFLD_3573,SUB_HIFLD_3201,meso_SUB_HIFLD_3573_SUB_HIFLD_3201_rev,400000000.0,0.0,0.0,0,168
SUB_HIFLD_3573,SUB_HIFLD_3575,meso_SUB_HIFLD_3573_SUB_HIFLD_3575_fwd,400000000.0,1387184.3993632372,118032599.34223936,0,168
SUB_HIFLD_3573,WECC_SCE,iface_SUB_HIFLD_3573_WECC_SCE_to_ba,1078837890.5321758,126286427.37847678,165315158.55288002,0,168
SUB_HIFLD_3574,SUB_HIFLD_1461,meso_SUB_HIFLD_3574_SUB_HIFLD_1461_rev,150000000.0,0.0,0.0,0,168
SUB_HIFLD_3574,SUB_HIFLD_4252,meso_SUB_HIFLD_3574_SUB_HIFLD_4252_fwd,150000000.0,2981.357292901916,290015.6051635751,0,168
SUB_HIFLD_3574,SUB_HIFLD_799,meso_SUB_HIFLD_3574_SUB_HIFLD_799_fwd,150000000.0,12709.300931294814,290016.1163330091,0,168
SUB_HIFLD_3574,SUB_HIFLD_803,meso_SUB_HIFLD_3574_SUB_HIFLD_803_fwd,150000000.0,0.0,0.0,0,168
SUB_HIFLD_3575,SUB_HIFLD_2946,meso_SUB_HIFLD_3575_SUB_HIFLD_2946_rev,400000000.0,249581823.23098218,400000000.0,3,168
SUB_HIFLD_3575,SUB_HIFLD_3573,meso_SUB_HIFLD_3575_SUB_HIFLD_3573_rev,400000000.0,0.0,0.0,0,168
SUB_HIFLD_3575,SUB_HIFLD_3900,meso_SUB_HIFLD_3575_SUB_HIFLD_3900_fwd,80000000.0,0.0,0.0,0,168
SUB_HIFLD_3575,SUB_HIFLD_439,meso_SUB_HIFLD_3575_SUB_HIFLD_439_fwd,160000000.0,0.0,0.0,0,168
SUB_HIFLD_3575,SUB_HIFLD_2978,meso_SUB_HIFLD_3575_SUB_HIFLD_2978_rev,800000000.0,0.0,0.0,0,168
SUB_HIFLD_3575,SUB_HIFLD_3201,meso_SUB_HIFLD_3575_SUB_HIFLD_3201_rev,400000000.0,240254.30263697813,35427177.81182755,0,168
SUB_HIFLD_3575,SUB_HIFLD_4220,meso_SUB_HIFLD_3575_SUB_HIFLD_4220_fwd,400000000.0,0.0,0.0,0,168
SUB_HIFLD_3587,SUB_HIFLD_1526,meso_SUB_HIFLD_3587_SUB_HIFLD_1526_rev,80000000.0,0.0,0.0,0,168
SUB_HIFLD_3587,SUB_HIFLD_495,meso_SUB_HIFLD_3587_SUB_HIFLD_495_fwd,80000000.0,0.0,0.0,0,168
SUB_HIFLD_3588,SUB_HIFLD_3755,meso_SUB_HIFLD_3588_SUB_HIFLD_3755_fwd,80000000.0,0.0,0.0,0,168
SUB_HIFLD_3588,SUB_HIFLD_2591,meso_SUB_HIFLD_3588_SUB_HIFLD_2591_rev,12244641.169246305,3643539.313963692,6823720.967400935,0,168
SUB_HIFLD_3588,SUB_HIFLD_2626,meso_SUB_HIFLD_3588_SUB_HIFLD_2626_rev,10826064.56961666,3436018.2849093094,6252940.63607442,0,168
SUB_HIFLD_3589,SUB_HIFLD_1657,meso_SUB_HIFLD_3589_SUB_HIFLD_1657_rev,80000000.0,63871502.54942709,80000000.0,116,168
SUB_HIFLD_3589,SUB_HIFLD_3049,meso_SUB_HIFLD_3589_SUB_HIFLD_3049_rev,60000000.0,56402969.723225914,60000000.0,127,168
SUB_HIFLD_3589,SUB_HIFLD_501,meso_SUB_HIFLD_3589_SUB_HIFLD_501_fwd,80000000.0,0.0,0.0,0,168
SUB_HIFLD_3589,SUB_HIFLD_1515,meso_SUB_HIFLD_3589_SUB_HIFLD_1515_rev,400000000.0,0.0,0.0,0,168
SUB_HIFLD_3589,SUB_HIFLD_495,meso_SUB_HIFLD_3589_SUB_HIFLD_495_fwd,400000000.0,0.0,0.0,0,168
SUB_HIFLD_3590,SUB_HIFLD_1253,meso_SUB_HIFLD_3590_SUB_HIFLD_1253_rev,80000000.0,11799983.520489087,15856781.1946279,0,168
SUB_HIFLD_3590,SUB_HIFLD_485,meso_SUB_HIFLD_3590_SUB_HIFLD_485_fwd,80000000.0,0.0,0.0,0,168
SUB_HIFLD_3591,SUB_HIFLD_1657,meso_SUB_HIFLD_3591_SUB_HIFLD_1657_rev,80000000.0,0.0,0.0,0,168
SUB_HIFLD_3592,SUB_HIFLD_1556,meso_SUB_HIFLD_3592_SUB_HIFLD_1556_rev,80000000.0,0.0,0.0,0,168
SUB_HIFLD_3592,SUB_HIFLD_3731,meso_SUB_HIFLD_3592_SUB_HIFLD_3731_fwd,80000000.0,1294097.6299722227,5083472.623530122,0,168
SUB_HIFLD_3593,SUB_HIFLD_1519,meso_SUB_HIFLD_3593_SUB_HIFLD_1519_rev,80000000.0,0.0,0.0,0,168
SUB_HIFLD_3593,SUB_HIFLD_2744,meso_SUB_HIFLD_3593_SUB_HIFLD_2744_rev,80000000.0,52317806.60627926,77600000.0,0,168
SUB_HIFLD_3593,SUB_HIFLD_499,meso_SUB_HIFLD_3593_SUB_HIFLD_499_fwd,80000000.0,7967865.8445981145,41210293.8042813,0,168
SUB_HIFLD_3594,SUB_HIFLD_1276,meso_SUB_HIFLD_3594_SUB_HIFLD_1276_rev,150000000.0,5527475.212955438,84599291.09954834,0,168
SUB_HIFLD_3594,SUB_HIFLD_274,meso_SUB_HIFLD_3594_SUB_HIFLD_274_rev,150000000.0,0.0,0.0,0,168
SUB_HIFLD_3594,SUB_HIFLD_293,meso_SUB_HIFLD_3594_SUB_HIFLD_293_rev,60000000.0,51182474.29804014,60000000.0,137,168
SUB_HIFLD_3594,SUB_HIFLD_309,meso_SUB_HIFLD_3594_SUB_HIFLD_309_rev,150000000.0,0.0,0.0,0,168
SUB_HIFLD_3594,SUB_HIFLD_3251,meso_SUB_HIFLD_3594_SUB_HIFLD_3251_rev,150000000.0,54015501.88110928,150000000.0,2,168
SUB_HIFLD_3595,SUB_10356,meso_SUB_HIFLD_3595_SUB_10356_fwd,5000000.0,5000000.0,5000000.0,168,168
SUB_HIFLD_3596,SUB_HIFLD_1016,meso_SUB_HIFLD_3596_SUB_HIFLD_1016_rev,60000000.0,0.0,0.0,0,168
SUB_HIFLD_3596,SUB_HIFLD_521,meso_SUB_HIFLD_3596_SUB_HIFLD_521_fwd,60000000.0,8194835.743134057,14125093.539020361,0,168
SUB_HIFLD_3597,SUB_HIFLD_3598,meso_SUB_HIFLD_3597_SUB_HIFLD_3598_fwd,60000000.0,0.0,0.0,0,168
SUB_HIFLD_3597,SUB_HIFLD_3612,meso_SUB_HIFLD_3597_SUB_HIFLD_3612_fwd,60000000.0,0.0,0.0,0,168
SUB_HIFLD_3598,SUB_HIFLD_1356,meso_SUB_HIFLD_3598_SUB_HIFLD_1356_rev,150000000.0,0.0,0.0,0,168
SUB_HIFLD_3598,SUB_HIFLD_3597,meso_SUB_HIFLD_3598_SUB_HIFLD_3597_rev,60000000.0,3807898.9624117515,5926546.3288297355,0,168
SUB_HIFLD_3599,SUB_HIFLD_1355,meso_SUB_HIFLD_3599_SUB_HIFLD_1355_rev,60000000.0,0.0,0.0,0,168
SUB_HIFLD_3599,SUB_HIFLD_2862,meso_SUB_HIFLD_3599_SUB_HIFLD_2862_rev,60000000.0,1169936.9525629946,6414345.56626782,0,168
SUB_HIFLD_3599,SUB_HIFLD_3255,meso_SUB_HIFLD_3599_SUB_HIFLD_3255_rev,120000000.0,5643056.735280804,8486475.144219153,0,168
SUB_HIFLD_3602,SUB_HIFLD_2118,meso_SUB_HIFLD_3602_SUB_HIFLD_2118_rev,60000000.0,1314034.5781521047,7381551.903793492,0,168
SUB_HIFLD_3602,SUB_HIFLD_3618,meso_SUB_HIFLD_3602_SUB_HIFLD_3618_fwd,60000000.0,0.0,0.0,0,168
SUB_HIFLD_3605,SUB_HIFLD_3180,meso_SUB_HIFLD_3605_SUB_HIFLD_3180_rev,60000000.0,0.0,0.0,0,168
SUB_HIFLD_3605,SUB_HIFLD_1450,meso_SUB_HIFLD_3605_SUB_HIFLD_1450_fwd,5000000.0,2169096.2319712797,5000000.0,56,168
SUB_HIFLD_3606,SUB_HIFLD_2559,meso_SUB_HIFLD_3606_SUB_HIFLD_2559_rev,80000000.0,398333.3333333333,9560000.0,0,168
SUB_HIFLD_3606,SUB_HIFLD_850,meso_SUB_HIFLD_3606_SUB_HIFLD_850_fwd,80000000.0,9161666.666666666,9560000.0,0,168
SUB_HIFLD_3607,SUB_HIFLD_1489,meso_SUB_HIFLD_3607_SUB_HIFLD_1489_rev,80000000.0,0.0,0.0,0,168
SUB_HIFLD_3607,SUB_HIFLD_555,meso_SUB_HIFLD_3607_SUB_HIFLD_555_fwd,80000000.0,217305.15413843121,1190577.5504518761,0,168
SUB_HIFLD_3608,SUB_HIFLD_1496,meso_SUB_HIFLD_3608_SUB_HIFLD_1496_rev,150000000.0,835022.3190569159,6272588.7967139175,0,168
SUB_HIFLD_3608,SUB_HIFLD_1497,meso_SUB_HIFLD_3608_SUB_HIFLD_1497_rev,150000000.0,0.0,0.0,0,168
SUB_HIFLD_3608,SUB_HIFLD_3693,meso_SUB_HIFLD_3608_SUB_HIFLD_3693_fwd,150000000.0,1411524.2127280044,17267211.788216818,0,168
SUB_HIFLD_3608,SUB_HIFLD_3694,meso_SUB_HIFLD_3608_SUB_HIFLD_3694_fwd,150000000.0,5306851.063482563,16551896.840518283,0,168
SUB_HIFLD_3612,SUB_HIFLD_3597,meso_SUB_HIFLD_3612_SUB_HIFLD_3597_rev,60000000.0,132940.4976400047,5019249.355670103,0,168
SUB_HIFLD_3612,SUB_HIFLD_3919,meso_SUB_HIFLD_3612_SUB_HIFLD_3919_fwd,60000000.0,0.0,0.0,0,168
SUB_HIFLD_3618,SUB_HIFLD_3174,meso_SUB_HIFLD_3618_SUB_HIFLD_3174_rev,60000000.0,0.0,0.0,0,168
SUB_HIFLD_3618,SUB_HIFLD_3602,meso_SUB_HIFLD_3618_SUB_HIFLD_3602_rev,60000000.0,4085288.288396838,11825801.409959463,0,168
SUB_HIFLD_3619,SUB_HIFLD_2281,meso_SUB_HIFLD_3619_SUB_HIFLD_2281_rev,60000000.0,924542.9114845961,1555547.7496274968,0,168
SUB_HIFLD_3619,SUB_HIFLD_2830,meso_SUB_HIFLD_3619_SUB_HIFLD_2830_rev,60000000.0,0.0,0.0,0,168
SUB_HIFLD_3620,SUB_HIFLD_2295,meso_SUB_HIFLD_3620_SUB_HIFLD_2295_rev,60000000.0,0.0,0.0,0,168
SUB_HIFLD_3620,SUB_HIFLD_2296,meso_SUB_HIFLD_3620_SUB_HIFLD_2296_rev,60000000.0,4201256.887316996,7425499.355670103,0,168
SUB_HIFLD_3620,SUB_HIFLD_2830,meso_SUB_HIFLD_3620_SUB_HIFLD_2830_rev,60000000.0,1835905.3807644837,11551075.852646863,0,168
SUB_HIFLD_3621,SUB_HIFLD_2290,meso_SUB_HIFLD_3621_SUB_HIFLD_2290_rev,60000000.0,34551262.76058887,52074509.05674523,0,168
SUB_HIFLD_3621,SUB_HIFLD_3048,meso_SUB_HIFLD_3621_SUB_HIFLD_3048_rev,60000000.0,51968737.23941113,60000000.0,37,168
SUB_HIFLD_3623,SUB_25470,meso_SUB_HIFLD_3623_SUB_25470_rev,150000000.0,9179580.021040384,15786598.252758536,0,168
SUB_HIFLD_3623,SUB_HIFLD_1153,meso_SUB_HIFLD_3623_SUB_HIFLD_1153_rev,150000000.0,0.0,0.0,0,168
SUB_HIFLD_3623,SUB_HIFLD_1833,meso_SUB_HIFLD_3623_SUB_HIFLD_1833_rev,150000000.0,0.0,0.0,0,168
SUB_HIFLD_3623,SUB_HIFLD_1836,meso_SUB_HIFLD_3623_SUB_HIFLD_1836_rev,150000000.0,0.0,0.0,0,168
SUB_HIFLD_3623,SUB_HIFLD_2705,meso_SUB_HIFLD_3623_SUB_HIFLD_2705_rev,150000000.0,0.0,0.0,0,168
SUB_HIFLD_3625,SUB_HIFLD_3356,meso_SUB_HIFLD_3625_SUB_HIFLD_3356_rev,150000000.0,0.0,0.0,0,168
SUB_HIFLD_3631,SUB_25224,meso_SUB_HIFLD_3631_SUB_25224_rev,80000000.0,0.0,0.0,0,168
SUB_HIFLD_3631,SUB_25360,meso_SUB_HIFLD_3631_SUB_25360_rev,60000000.0,0.0,0.0,0,168
SUB_HIFLD_3631,SUB_HIFLD_2722,meso_SUB_HIFLD_3631_SUB_HIFLD_2722_rev,60000000.0,33480.805630525676,3132313.0265226075,0,168
SUB_HIFLD_3631,SUB_HIFLD_3296,meso_SUB_HIFLD_3631_SUB_HIFLD_3296_rev,80000000.0,0.0,0.0,0,168
SUB_HIFLD_3631,SUB_25418,meso_SUB_HIFLD_3631_SUB_25418_rev,5000000.0,0.0,0.0,0,168
SUB_HIFLD_3631,SUB_HIFLD_464,meso_SUB_HIFLD_3631_SUB_HIFLD_464_rev,5000000.0,0.0,0.0,0,168
SUB_HIFLD_3631,SUB_HIFLD_2873,meso_SUB_HIFLD_3631_SUB_HIFLD_2873_rev,75762228.05893546,39288813.93155457,59490590.2665915,0,168
SUB_HIFLD_3631,SUB_HIFLD_3888,meso_SUB_HIFLD_3631_SUB_HIFLD_3888_rev,5000000.0,0.0,0.0,0,168
SUB_HIFLD_3637,SUB_HIFLD_2380,meso_SUB_HIFLD_3637_SUB_HIFLD_2380_rev,80000000.0,0.0,0.0,0,168
SUB_HIFLD_3637,SUB_HIFLD_4012,meso_SUB_HIFLD_3637_SUB_HIFLD_4012_fwd,80000000.0,0.0,0.0,0,168
SUB_HIFLD_3638,SUB_HIFLD_2395,meso_SUB_HIFLD_3638_SUB_HIFLD_2395_rev,80000000.0,0.0,0.0,0,168
SUB_HIFLD_3638,SUB_HIFLD_4347,meso_SUB_HIFLD_3638_SUB_HIFLD_4347_fwd,80000000.0,0.0,0.0,0,168
SUB_HIFLD_3652,SUB_HIFLD_433,meso_SUB_HIFLD_3652_SUB_HIFLD_433_fwd,150000000.0,0.0,0.0,0,168
SUB_HIFLD_3652,SUB_HIFLD_4003,meso_SUB_HIFLD_3652_SUB_HIFLD_4003_rev,5000000.0,116645.58687980233,212131.5906957253,0,168
SUB_HIFLD_3653,SUB_HIFLD_2430,meso_SUB_HIFLD_3653_SUB_HIFLD_2430_rev,80000000.0,0.0,0.0,0,168
SUB_HIFLD_3654,SUB_HIFLD_2415,meso_SUB_HIFLD_3654_SUB_HIFLD_2415_rev,80000000.0,0.0,0.0,0,168
SUB_HIFLD_3654,SUB_HIFLD_2739,meso_SUB_HIFLD_3654_SUB_HIFLD_2739_rev,80000000.0,0.0,0.0,0,168
SUB_HIFLD_3655,SUB_HIFLD_3656,meso_SUB_HIFLD_3655_SUB_HIFLD_3656_fwd,60000000.0,0.0,0.0,0,168
SUB_HIFLD_3656,SUB_HIFLD_3655,meso_SUB_HIFLD_3656_SUB_HIFLD_3655_rev,60000000.0,12957018.089874592,21367543.64328286,0,168
SUB_HIFLD_3656,SUB_HIFLD_869,meso_SUB_HIFLD_3656_SUB_HIFLD_869_fwd,60000000.0,0.0,0.0,0,168
SUB_HIFLD_3656,SUB_HIFLD_838,meso_SUB_HIFLD_3656_SUB_HIFLD_838_fwd,1500000000.0,0.0,0.0,0,168
SUB_HIFLD_3657,SUB_HIFLD_3984,meso_SUB_HIFLD_3657_SUB_HIFLD_3984_fwd,60000000.0,956579.1139244018,1461389.8471179937,0,168
SUB_HIFLD_3657,SUB_HIFLD_803,meso_SUB_HIFLD_3657_SUB_HIFLD_803_fwd,60000000.0,110086.50177649909,4288359.365561574,0,168
SUB_HIFLD_3657,SUB_HIFLD_860,meso_SUB_HIFLD_3657_SUB_HIFLD_860_fwd,60000000.0,3511069.625335864,46099929.912322655,0,168
SUB_HIFLD_3657,SUB_HIFLD_869,meso_SUB_HIFLD_3657_SUB_HIFLD_869_fwd,60000000.0,0.0,0.0,0,168
SUB_HIFLD_3658,SUB_HIFLD_150,meso_SUB_HIFLD_3658_SUB_HIFLD_150_rev,400000000.0,5666075.379043545,177456044.4156321,0,168
SUB_HIFLD_3658,SUB_HIFLD_3059,meso_SUB_HIFLD_3658_SUB_HIFLD_3059_rev,400000000.0,3561901.6244784785,70947107.643766,0,168
SUB_HIFLD_3658,SUB_HIFLD_3368,meso_SUB_HIFLD_3658_SUB_HIFLD_3368_rev,400000000.0,0.0,0.0,0,168
SUB_HIFLD_3658,SUB_HIFLD_552,meso_SUB_HIFLD_3658_SUB_HIFLD_552_fwd,150000000.0,189677.65126048136,18330859.867062874,0,168
SUB_HIFLD_3658,SUB_HIFLD_870,meso_SUB_HIFLD_3658_SUB_HIFLD_870_fwd,400000000.0,22571460.13085843,379474333.19750506,0,168
SUB_HIFLD_3658,SUB_HIFLD_874,meso_SUB_HIFLD_3658_SUB_HIFLD_874_fwd,80000000.0,9299699.260092864,30776633.926330607,0,168
SUB_HIFLD_3659,SUB_HIFLD_1060,meso_SUB_HIFLD_3659_SUB_HIFLD_1060_rev,400000000.0,0.0,0.0,0,168
SUB_HIFLD_3659,SUB_HIFLD_797,meso_SUB_HIFLD_3659_SUB_HIFLD_797_fwd,80000000.0,0.0,0.0,0,168
SUB_HIFLD_3659,SUB_HIFLD_827,meso_SUB_HIFLD_3659_SUB_HIFLD_827_fwd,80000000.0,38646300.455018654,54897495.38939274,0,168
SUB_HIFLD_3659,SUB_HIFLD_850,meso_SUB_HIFLD_3659_SUB_HIFLD_850_fwd,80000000.0,0.0,0.0,0,168
SUB_HIFLD_3659,SUB_HIFLD_854,meso_SUB_HIFLD_3659_SUB_HIFLD_854_fwd,80000000.0,0.0,0.0,0,168
SUB_HIFLD_3659,SUB_HIFLD_150,meso_SUB_HIFLD_3659_SUB_HIFLD_150_rev,400000000.0,0.0,0.0,0,168
SUB_HIFLD_3659,SUB_HIFLD_3015,meso_SUB_HIFLD_3659_SUB_HIFLD_3015_rev,80000000.0,0.0,0.0,0,168
SUB_HIFLD_3659,SUB_HIFLD_805,meso_SUB_HIFLD_3659_SUB_HIFLD_805_fwd,80000000.0,38289221.1641528,80000000.0,8,168
SUB_HIFLD_3659,SUB_HIFLD_852,meso_SUB_HIFLD_3659_SUB_HIFLD_852_fwd,80000000.0,121101.49835765395,17025973.948936857,0,168
SUB_HIFLD_3659,SUB_HIFLD_856,meso_SUB_HIFLD_3659_SUB_HIFLD_856_fwd,80000000.0,0.0,0.0,0,168
SUB_HIFLD_3659,SUB_HIFLD_870,meso_SUB_HIFLD_3659_SUB_HIFLD_870_fwd,800000000.0,0.0,0.0,0,168
SUB_HIFLD_3659,SUB_HIFLD_872,meso_SUB_HIFLD_3659_SUB_HIFLD_872_fwd,80000000.0,0.0,0.0,0,168
SUB_HIFLD_3660,SUB_HIFLD_4302,meso_SUB_HIFLD_3660_SUB_HIFLD_4302_fwd,80000000.0,399587.7936684525,1531416.47555,0,168
SUB_HIFLD_3661,SUB_HIFLD_4200,meso_SUB_HIFLD_3661_SUB_HIFLD_4200_fwd,80000000.0,0.0,0.0,0,168
SUB_HIFLD_3661,SUB_HIFLD_844,meso_SUB_HIFLD_3661_SUB_HIFLD_844_fwd,80000000.0,0.0,0.0,0,168
SUB_HIFLD_3661,SUB_HIFLD_868,meso_SUB_HIFLD_3661_SUB_HIFLD_868_fwd,80000000.0,229871.23206141716,24161777.124474365,0,168
SUB_HIFLD_3662,SUB_HIFLD_4257,meso_SUB_HIFLD_3662_SUB_HIFLD_4257_fwd,80000000.0,0.0,0.0,0,168
SUB_HIFLD_3662,SUB_HIFLD_811,meso_SUB_HIFLD_3662_SUB_HIFLD_811_fwd,400000000.0,0.0,0.0,0,168
SUB_HIFLD_3662,SUB_HIFLD_841,meso_SUB_HIFLD_3662_SUB_HIFLD_841_fwd,1500000000.0,0.0,0.0,0,168
SUB_HIFLD_3663,SUB_HIFLD_852,meso_SUB_HIFLD_3663_SUB_HIFLD_852_fwd,80000000.0,0.0,0.0,0,168
SUB_HIFLD_3664,SUB_HIFLD_1044,meso_SUB_HIFLD_3664_SUB_HIFLD_1044_rev,80000000.0,79717616.85178205,80000000.0,165,168
SUB_HIFLD_3664,SUB_HIFLD_1468,meso_SUB_HIFLD_3664_SUB_HIFLD_1468_rev,80000000.0,0.0,0.0,0,168
SUB_HIFLD_3664,SUB_HIFLD_548,meso_SUB_HIFLD_3664_SUB_HIFLD_548_fwd,80000000.0,43353881.563227415,80000000.0,58,168
SUB_HIFLD_3664,SUB_HIFLD_870,meso_SUB_HIFLD_3664_SUB_HIFLD_870_fwd,80000000.0,0.0,0.0,0,168
SUB_HIFLD_3664,SUB_HIFLD_3969,meso_SUB_HIFLD_3664_SUB_HIFLD_3969_fwd,60000000.0,50789607.164235935,60000000.0,74,168
SUB_HIFLD_3664,SUB_HIFLD_805,meso_SUB_HIFLD_3664_SUB_HIFLD_805_fwd,80000000.0,0.0,0.0,0,168
SUB_HIFLD_3664,SUB_HIFLD_814,meso_SUB_HIFLD_3664_SUB_HIFLD_814_fwd,80000000.0,0.0,0.0,0,168
SUB_HIFLD_3665,SUB_HIFLD_818,meso_SUB_HIFLD_3665_SUB_HIFLD_818_fwd,80000000.0,0.0,0.0,0,168
SUB_HIFLD_3665,SUB_HIFLD_846,meso_SUB_HIFLD_3665_SUB_HIFLD_846_fwd,80000000.0,0.0,0.0,0,168
SUB_HIFLD_3665,SUB_HIFLD_3109,meso_SUB_HIFLD_3665_SUB_HIFLD_3109_rev,5000000.0,0.0,0.0,0,168
SUB_HIFLD_3666,SUB_HIFLD_796,meso_SUB_HIFLD_3666_SUB_HIFLD_796_fwd,80000000.0,0.0,0.0,0,168
SUB_HIFLD_3666,SUB_HIFLD_807,meso_SUB_HIFLD_3666_SUB_HIFLD_807_fwd,60000000.0,2289984.083519517,33234387.113195114,0,168
SUB_HIFLD_3667,SUB_HIFLD_3377,meso_SUB_HIFLD_3667_SUB_HIFLD_3377_rev,80000000.0,0.0,0.0,0,168
SUB_HIFLD_3668,SUB_HIFLD_802,meso_SUB_HIFLD_3668_SUB_HIFLD_802_fwd,80000000.0,0.0,0.0,0,168
SUB_HIFLD_3669,SUB_HIFLD_807,meso_SUB_HIFLD_3669_SUB_HIFLD_807_fwd,150000000.0,0.0,0.0,0,168
SUB_HIFLD_3670,SUB_HIFLD_3671,meso_SUB_HIFLD_3670_SUB_HIFLD_3671_fwd,80000000.0,0.0,0.0,0,168
SUB_HIFLD_3670,SUB_HIFLD_802,meso_SUB_HIFLD_3670_SUB_HIFLD_802_fwd,80000000.0,0.0,0.0,0,168
SUB_HIFLD_3671,SUB_HIFLD_3670,meso_SUB_HIFLD_3671_SUB_HIFLD_3670_rev,80000000.0,0.0,0.0,0,168
SUB_HIFLD_3671,SUB_HIFLD_809,meso_SUB_HIFLD_3671_SUB_HIFLD_809_fwd,80000000.0,0.0,0.0,0,168
SUB_HIFLD_3672,SUB_HIFLD_4425,meso_SUB_HIFLD_3672_SUB_HIFLD_4425_fwd,150000000.0,0.0,0.0,0,168
SUB_HIFLD_3673,SUB_HIFLD_1448,meso_SUB_HIFLD_3673_SUB_HIFLD_1448_rev,60000000.0,3017911.9858702985,22891286.95916005,0,168
SUB_HIFLD_3673,SUB_HIFLD_3674,meso_SUB_HIFLD_3673_SUB_HIFLD_3674_fwd,60000000.0,451156.9145394787,1208564.3984607814,0,168
SUB_HIFLD_3673,SUB_HIFLD_867,meso_SUB_HIFLD_3673_SUB_HIFLD_867_fwd,60000000.0,0.0,0.0,0,168
SUB_HIFLD_3674,SUB_HIFLD_3673,meso_SUB_HIFLD_3674_SUB_HIFLD_3673_rev,60000000.0,3139144.926176606,23648290.87256226,0,168
SUB_HIFLD_3674,SUB_HIFLD_3675,meso_SUB_HIFLD_3674_SUB_HIFLD_3675_fwd,60000000.0,0.0,0.0,0,168
SUB_HIFLD_3675,SUB_HIFLD_3674,meso_SUB_HIFLD_3675_SUB_HIFLD_3674_rev,60000000.0,3734813.777436874,25127327.29074915,0,168
SUB_HIFLD_3675,SUB_HIFLD_3676,meso_SUB_HIFLD_3675_SUB_HIFLD_3676_fwd,60000000.0,20026585.622977015,51508119.402290165,0,168
SUB_HIFLD_3675,SUB_HIFLD_3677,meso_SUB_HIFLD_3675_SUB_HIFLD_3677_fwd,60000000.0,845682.0922501836,2193097.8558727144,0,168
SUB_HIFLD_3676,SUB_HIFLD_3675,meso_SUB_HIFLD_3676_SUB_HIFLD_3675_rev,60000000.0,3615523.7631670167,10133364.38553938,0,168
SUB_HIFLD_3676,SUB_HIFLD_3678,meso_SUB_HIFLD_3676_SUB_HIFLD_3678_fwd,60000000.0,7207560.918137973,16303753.924555212,0,168
SUB_HIFLD_3676,SUB_HIFLD_867,meso_SUB_HIFLD_3676_SUB_HIFLD_867_fwd,60000000.0,18601535.553421248,50968148.835172355,0,168
SUB_HIFLD_3677,SUB_HIFLD_3675,meso_SUB_HIFLD_3677_SUB_HIFLD_3675_rev,60000000.0,27588405.168096226,60000000.0,65,168
SUB_HIFLD_3678,SUB_HIFLD_3676,meso_SUB_HIFLD_3678_SUB_HIFLD_3676_rev,60000000.0,1014495.358262442,6272743.590133858,0,168
SUB_HIFLD_3678,SUB_HIFLD_3993,meso_SUB_HIFLD_3678_SUB_HIFLD_3993_fwd,60000000.0,3983904.8855558904,10138364.161432814,0,168
SUB_HIFLD_3679,SUB_HIFLD_873,meso_SUB_HIFLD_3679_SUB_HIFLD_873_fwd,150000000.0,0.0,0.0,0,168
SUB_HIFLD_3679,SUB_HIFLD_4001,meso_SUB_HIFLD_3679_SUB_HIFLD_4001_rev,13192181.654369721,5582664.618681738,7633523.05618758,0,168
SUB_HIFLD_3680,SUB_HIFLD_2945,meso_SUB_HIFLD_3680_SUB_HIFLD_2945_rev,150000000.0,0.0,0.0,0,168
SUB_HIFLD_3681,SUB_HIFLD_4322,meso_SUB_HIFLD_3681_SUB_HIFLD_4322_fwd,5000000.0,0.0,0.0,0,168
SUB_HIFLD_3682,SUB_HIFLD_3015,meso_SUB_HIFLD_3682_SUB_HIFLD_3015_rev,80000000.0,0.0,0.0,0,168
SUB_HIFLD_3682,SUB_HIFLD_801,meso_SUB_HIFLD_3682_SUB_HIFLD_801_fwd,80000000.0,1362521.1761827108,3049663.5737969,0,168
SUB_HIFLD_3683,SUB_HIFLD_3435,meso_SUB_HIFLD_3683_SUB_HIFLD_3435_rev,80000000.0,0.0,0.0,0,168
SUB_HIFLD_3684,SUB_HIFLD_3063,meso_SUB_HIFLD_3684_SUB_HIFLD_3063_rev,150000000.0,0.0,0.0,0,168
SUB_HIFLD_3684,SUB_HIFLD_2946,meso_SUB_HIFLD_3684_SUB_HIFLD_2946_rev,150000000.0,0.0,0.0,0,168
SUB_HIFLD_3685,SUB_HIFLD_1763,meso_SUB_HIFLD_3685_SUB_HIFLD_1763_rev,80000000.0,0.0,0.0,0,168
SUB_HIFLD_3686,SUB_HIFLD_4400,meso_SUB_HIFLD_3686_SUB_HIFLD_4400_fwd,80000000.0,0.0,0.0,0,168
SUB_HIFLD_3686,SUB_HIFLD_570,meso_SUB_HIFLD_3686_SUB_HIFLD_570_fwd,80000000.0,0.0,0.0,0,168
SUB_HIFLD_3687,SUB_HIFLD_3342,meso_SUB_HIFLD_3687_SUB_HIFLD_3342_rev,60000000.0,0.0,0.0,0,168
SUB_HIFLD_3687,SUB_HIFLD_585,meso_SUB_HIFLD_3687_SUB_HIFLD_585_fwd,60000000.0,0.0,0.0,0,168
SUB_HIFLD_3688,SUB_HIFLD_584,meso_SUB_HIFLD_3688_SUB_HIFLD_584_fwd,150000000.0,0.0,0.0,0,168
SUB_HIFLD_3688,SUB_HIFLD_2538,meso_SUB_HIFLD_3688_SUB_HIFLD_2538_rev,150000000.0,0.0,0.0,0,168
SUB_HIFLD_3688,SUB_HIFLD_576,meso_SUB_HIFLD_3688_SUB_HIFLD_576_fwd,150000000.0,24052.001458267856,4040736.244989,0,168
SUB_HIFLD_3689,SUB_HIFLD_552,meso_SUB_HIFLD_3689_SUB_HIFLD_552_fwd,60000000.0,0.0,0.0,0,168
SUB_HIFLD_3689,SUB_HIFLD_565,meso_SUB_HIFLD_3689_SUB_HIFLD_565_fwd,60000000.0,0.0,0.0,0,168
SUB_HIFLD_3690,SUB_HIFLD_2970,meso_SUB_HIFLD_3690_SUB_HIFLD_2970_rev,150000000.0,0.0,0.0,0,168
SUB_HIFLD_3690,SUB_HIFLD_562,meso_SUB_HIFLD_3690_SUB_HIFLD_562_fwd,150000000.0,35207353.6156252,63562620.72633589,0,168
SUB_HIFLD_3690,SUB_HIFLD_564,meso_SUB_HIFLD_3690_SUB_HIFLD_564_fwd,150000000.0,178438.56604828197,12398681.899248147,0,168
SUB_HIFLD_3690,SUB_HIFLD_586,meso_SUB_HIFLD_3690_SUB_HIFLD_586_fwd,150000000.0,0.0,0.0,0,168
SUB_HIFLD_3691,SUB_HIFLD_3692,meso_SUB_HIFLD_3691_SUB_HIFLD_3692_fwd,60000000.0,9743406.313098876,15031880.046411889,0,168
SUB_HIFLD_3691,SUB_HIFLD_3936,meso_SUB_HIFLD_3691_SUB_HIFLD_3936_fwd,60000000.0,4691477.48178611,5905783.514703342,0,168
SUB_HIFLD_3691,SUB_HIFLD_588,meso_SUB_HIFLD_3691_SUB_HIFLD_588_fwd,60000000.0,0.0,0.0,0,168
SUB_HIFLD_3692,SUB_HIFLD_3691,meso_SUB_HIFLD_3692_SUB_HIFLD_3691_rev,60000000.0,0.0,0.0,0,168
SUB_HIFLD_3693,SUB_HIFLD_3374,meso_SUB_HIFLD_3693_SUB_HIFLD_3374_rev,150000000.0,0.0,0.0,0,168
SUB_HIFLD_3693,SUB_HIFLD_3608,meso_SUB_HIFLD_3693_SUB_HIFLD_3608_rev,150000000.0,289174.1373075374,10592759.256832201,0,168
SUB_HIFLD_3694,SUB_HIFLD_3608,meso_SUB_HIFLD_3694_SUB_HIFLD_3608_rev,150000000.0,0.0,0.0,0,168
SUB_HIFLD_3694,SUB_HIFLD_534,meso_SUB_HIFLD_3694_SUB_HIFLD_534_fwd,150000000.0,0.0,0.0,0,168
SUB_HIFLD_3695,SUB_HIFLD_3481,meso_SUB_HIFLD_3695_SUB_HIFLD_3481_rev,150000000.0,2610284.007494909,47494454.718335405,0,168
SUB_HIFLD_3695,SUB_HIFLD_4219,meso_SUB_HIFLD_3695_SUB_HIFLD_4219_fwd,150000000.0,0.0,0.0,0,168
SUB_HIFLD_3695,SUB_HIFLD_283,meso_SUB_HIFLD_3695_SUB_HIFLD_283_rev,150000000.0,1285986.036391495,4752360.715244286,0,168
SUB_HIFLD_3696,SUB_HIFLD_1977,meso_SUB_HIFLD_3696_SUB_HIFLD_1977_rev,80000000.0,5699240.794674989,9818137.184274,0,168
SUB_HIFLD_3696,SUB_HIFLD_2679,meso_SUB_HIFLD_3696_SUB_HIFLD_2679_rev,5000000.0,0.0,0.0,0,168
SUB_HIFLD_3697,SUB_HIFLD_1956,meso_SUB_HIFLD_3697_SUB_HIFLD_1956_rev,80000000.0,0.0,0.0,0,168
SUB_HIFLD_3697,SUB_HIFLD_1983,meso_SUB_HIFLD_3697_SUB_HIFLD_1983_rev,80000000.0,0.0,0.0,0,168
SUB_HIFLD_3697,SUB_HIFLD_2809,meso_SUB_HIFLD_3697_SUB_HIFLD_2809_rev,80000000.0,0.0,0.0,0,168
SUB_HIFLD_3697,SUB_HIFLD_2829,meso_SUB_HIFLD_3697_SUB_HIFLD_2829_rev,80000000.0,0.0,0.0,0,168
SUB_HIFLD_3697,SUB_HIFLD_3157,meso_SUB_HIFLD_3697_SUB_HIFLD_3157_rev,80000000.0,0.0,0.0,0,168
SUB_HIFLD_3697,SUB_HIFLD_3347,meso_SUB_HIFLD_3697_SUB_HIFLD_3347_rev,80000000.0,29734702.10614032,59103688.156556174,0,168
SUB_HIFLD_3697,SUB_HIFLD_4145,meso_SUB_HIFLD_3697_SUB_HIFLD_4145_fwd,80000000.0,42094069.61609643,76621526.61195736,0,168
SUB_HIFLD_3698,SUB_HIFLD_1494,meso_SUB_HIFLD_3698_SUB_HIFLD_1494_rev,80000000.0,0.0,0.0,0,168
SUB_HIFLD_3698,SUB_HIFLD_1926,meso_SUB_HIFLD_3698_SUB_HIFLD_1926_rev,80000000.0,0.0,0.0,0,168
SUB_HIFLD_3698,SUB_HIFLD_2633,meso_SUB_HIFLD_3698_SUB_HIFLD_2633_rev,80000000.0,56847611.04277416,80000000.0,43,168
SUB_HIFLD_3698,SUB_HIFLD_4201,meso_SUB_HIFLD_3698_SUB_HIFLD_4201_rev,49885699.76587574,17263159.451908026,30138239.089001086,0,168
SUB_HIFLD_3699,SUB_HIFLD_1493,meso_SUB_HIFLD_3699_SUB_HIFLD_1493_rev,80000000.0,9296004.24988023,80000000.0,2,168
SUB_HIFLD_3699,SUB_HIFLD_1961,meso_SUB_HIFLD_3699_SUB_HIFLD_1961_rev,80000000.0,0.0,0.0,0,168
SUB_HIFLD_3699,SUB_HIFLD_2685,meso_SUB_HIFLD_3699_SUB_HIFLD_2685_rev,80000000.0,112795.5758231096,1844917.0327727327,0,168
SUB_HIFLD_3699,SUB_HIFLD_4125,meso_SUB_HIFLD_3699_SUB_HIFLD_4125_fwd,80000000.0,58008381.68115055,80000000.0,29,168
SUB_HIFLD_3699,SUB_HIFLD_1948,meso_SUB_HIFLD_3699_SUB_HIFLD_1948_rev,80000000.0,89121.04407482335,14171106.02190016,0,168
SUB_HIFLD_3700,SUB_HIFLD_1493,meso_SUB_HIFLD_3700_SUB_HIFLD_1493_rev,80000000.0,42611414.301636025,80000000.0,19,168
SUB_HIFLD_3700,SUB_HIFLD_1961,meso_SUB_HIFLD_3700_SUB_HIFLD_1961_rev,80000000.0,0.0,0.0,0,168
SUB_HIFLD_3700,SUB_HIFLD_2645,meso_SUB_HIFLD_3700_SUB_HIFLD_2645_rev,80000000.0,429568.83318731666,8826978.121423116,0,168
SUB_HIFLD_3700,SUB_HIFLD_2936,meso_SUB_HIFLD_3700_SUB_HIFLD_2936_rev,80000000.0,0.0,0.0,0,168
SUB_HIFLD_3701,SUB_HIFLD_1492,meso_SUB_HIFLD_3701_SUB_HIFLD_1492_rev,160000000.0,1045783.6605834276,21520918.367401436,0,168
SUB_HIFLD_3701,SUB_HIFLD_1925,meso_SUB_HIFLD_3701_SUB_HIFLD_1925_rev,80000000.0,104745.29152304397,17597208.975871388,0,168
SUB_HIFLD_3701,SUB_HIFLD_1997,meso_SUB_HIFLD_3701_SUB_HIFLD_1997_rev,80000000.0,17721075.864131726,27012583.47084407,0,168
SUB_HIFLD_3701,SUB_HIFLD_2966,meso_SUB_HIFLD_3701_SUB_HIFLD_2966_rev,80000000.0,0.0,0.0,0,168
SUB_HIFLD_3701,SUB_HIFLD_4210,meso_SUB_HIFLD_3701_SUB_HIFLD_4210_fwd,80000000.0,277289.47164496046,46584631.23635336,0,168
SUB_HIFLD_3701,SUB_HIFLD_4211,meso_SUB_HIFLD_3701_SUB_HIFLD_4211_fwd,80000000.0,0.0,0.0,0,168
SUB_HIFLD_3701,SUB_HIFLD_1994,meso_SUB_HIFLD_3701_SUB_HIFLD_1994_rev,80000000.0,0.0,0.0,0,168
SUB_HIFLD_3702,SUB_HIFLD_1994,meso_SUB_HIFLD_3702_SUB_HIFLD_1994_rev,80000000.0,0.0,0.0,0,168
SUB_HIFLD_3702,SUB_HIFLD_3390,meso_SUB_HIFLD_3702_SUB_HIFLD_3390_rev,80000000.0,253437.62624478326,17831640.502722107,0,168
SUB_HIFLD_3702,SUB_HIFLD_1948,meso_SUB_HIFLD_3702_SUB_HIFLD_1948_rev,80000000.0,26808256.972680137,80000000.0,4,168
SUB_HIFLD_3703,SUB_HIFLD_1958,meso_SUB_HIFLD_3703_SUB_HIFLD_1958_rev,80000000.0,0.0,0.0,0,168
SUB_HIFLD_3704,SUB_HIFLD_4114,meso_SUB_HIFLD_3704_SUB_HIFLD_4114_fwd,80000000.0,653971.7934092997,818462.4740757893,0,168
SUB_HIFLD_3704,SUB_HIFLD_1030,meso_SUB_HIFLD_3704_SUB_HIFLD_1030_rev,80000000.0,49811245.92992172,62837416.79631124,0,168
SUB_HIFLD_3704,SUB_HIFLD_887,meso_SUB_HIFLD_3704_SUB_HIFLD_887_fwd,160000000.0,0.0,0.0,0,168
SUB_HIFLD_3705,SUB_HIFLD_2542,meso_SUB_HIFLD_3705_SUB_HIFLD_2542_rev,80000000.0,382595.4997113136,9459726.038411522,0,168
SUB_HIFLD_3705,SUB_HIFLD_881,meso_SUB_HIFLD_3705_SUB_HIFLD_881_fwd,80000000.0,0.0,0.0,0,168
SUB_HIFLD_3706,SUB_HIFLD_898,meso_SUB_HIFLD_3706_SUB_HIFLD_898_fwd,80000000.0,0.0,0.0,0,168
SUB_HIFLD_3706,SUB_HIFLD_908,meso_SUB_HIFLD_3706_SUB_HIFLD_908_fwd,80000000.0,46991444.473573044,74534154.52642854,0,168
SUB_HIFLD_3706,SUB_HIFLD_926,meso_SUB_HIFLD_3706_SUB_HIFLD_926_fwd,80000000.0,197075.59061770557,17647773.91614828,0,168
SUB_HIFLD_3706,SUB_HIFLD_952,meso_SUB_HIFLD_3706_SUB_HIFLD_952_fwd,80000000.0,17274510.37472027,40488938.086622514,0,168
SUB_HIFLD_3706,SUB_HIFLD_892,meso_SUB_HIFLD_3706_SUB_HIFLD_892_fwd,80000000.0,4827273.105784909,48262032.29865056,0,168
SUB_HIFLD_3706,SUB_HIFLD_944,meso_SUB_HIFLD_3706_SUB_HIFLD_944_fwd,80000000.0,0.0,0.0,0,168
SUB_HIFLD_3707,SUB_HIFLD_3022,meso_SUB_HIFLD_3707_SUB_HIFLD_3022_rev,200000000.0,0.0,0.0,0,168
SUB_HIFLD_3707,SUB_HIFLD_930,meso_SUB_HIFLD_3707_SUB_HIFLD_930_fwd,200000000.0,0.0,0.0,0,168
SUB_HIFLD_3707,SUB_HIFLD_963,meso_SUB_HIFLD_3707_SUB_HIFLD_963_fwd,80000000.0,5058957.7379578175,42962274.59864632,0,168
SUB_HIFLD_3707,SUB_HIFLD_972,meso_SUB_HIFLD_3707_SUB_HIFLD_972_fwd,80000000.0,74903592.94073975,80000000.0,111,168
SUB_HIFLD_3707,SUB_HIFLD_1162,meso_SUB_HIFLD_3707_SUB_HIFLD_1162_rev,200000000.0,0.0,0.0,0,168
SUB_HIFLD_3708,SUB_HIFLD_928,meso_SUB_HIFLD_3708_SUB_HIFLD_928_fwd,400000000.0,30096943.0663437,305059079.1768227,0,168
SUB_HIFLD_3708,SUB_HIFLD_940,meso_SUB_HIFLD_3708_SUB_HIFLD_940_fwd,80000000.0,9131014.494362913,17967679.31305666,0,168
SUB_HIFLD_3708,WEC_SDGE,iface_SUB_HIFLD_3708_WEC_SDGE_to_ba,1788860587.3868268,0.0,0.0,0,168
SUB_HIFLD_3709,SUB_HIFLD_1004,meso_SUB_HIFLD_3709_SUB_HIFLD_1004_rev,60000000.0,5068249.688548789,7802122.088560124,0,168
SUB_HIFLD_3709,SUB_HIFLD_293,meso_SUB_HIFLD_3709_SUB_HIFLD_293_rev,60000000.0,1350583.9154110919,31688473.946225688,0,168
SUB_HIFLD_3709,SUB_HIFLD_305,meso_SUB_HIFLD_3709_SUB_HIFLD_305_rev,60000000.0,13165859.131017001,43831248.416482195,0,168
SUB_HIFLD_3709,SUB_HIFLD_314,meso_SUB_HIFLD_3709_SUB_HIFLD_314_rev,60000000.0,39556.09383938858,134230.24438141836,0,168
SUB_HIFLD_3709,SUB_HIFLD_3251,meso_SUB_HIFLD_3709_SUB_HIFLD_3251_rev,60000000.0,218802.34045844307,29202319.215518255,0,168
SUB_HIFLD_3709,SUB_HIFLD_3710,meso_SUB_HIFLD_3709_SUB_HIFLD_3710_fwd,60000000.0,99695.32722616407,8588594.668673487,0,168
SUB_HIFLD_3709,SUB_HIFLD_4207,meso_SUB_HIFLD_3709_SUB_HIFLD_4207_fwd,60000000.0,9476.754638454642,54108.06714873953,0,168
SUB_HIFLD_3710,SUB_HIFLD_282,meso_SUB_HIFLD_3710_SUB_HIFLD_282_rev,60000000.0,0.0,0.0,0,168
SUB_HIFLD_3710,SUB_HIFLD_3251,meso_SUB_HIFLD_3710_SUB_HIFLD_3251_rev,150000000.0,85863.91785031276,2933337.432861328,0,168
SUB_HIFLD_3710,SUB_HIFLD_3709,meso_SUB_HIFLD_3710_SUB_HIFLD_3709_rev,60000000.0,0.0,0.0,0,168
SUB_HIFLD_3710,SUB_HIFLD_286,meso_SUB_HIFLD_3710_SUB_HIFLD_286_rev,150000000.0,0.0,0.0,0,168
SUB_HIFLD_3711,SUB_HIFLD_2642,meso_SUB_HIFLD_3711_SUB_HIFLD_2642_rev,150000000.0,0.0,0.0,0,168
SUB_HIFLD_3711,SUB_HIFLD_3251,meso_SUB_HIFLD_3711_SUB_HIFLD_3251_rev,500000000.0,186748284.1681038,232085696.70584697,0,168
SUB_HIFLD_3711,SUB_HIFLD_292,meso_SUB_HIFLD_3711_SUB_HIFLD_292_rev,150000000.0,0.0,0.0,0,168
SUB_HIFLD_3711,SUB_HIFLD_3243,meso_SUB_HIFLD_3711_SUB_HIFLD_3243_rev,5000000.0,480041.95356579695,738982.0846085696,0,168
SUB_HIFLD_3712,SUB_HIFLD_1286,meso_SUB_HIFLD_3712_SUB_HIFLD_1286_rev,150000000.0,0.0,0.0,0,168
SUB_HIFLD_3712,SUB_HIFLD_279,meso_SUB_HIFLD_3712_SUB_HIFLD_279_rev,60000000.0,0.0,0.0,0,168
SUB_HIFLD_3714,SUB_HIFLD_1713,meso_SUB_HIFLD_3714_SUB_HIFLD_1713_rev,80000000.0,0.0,0.0,0,168
SUB_HIFLD_3714,SUB_HIFLD_4204,meso_SUB_HIFLD_3714_SUB_HIFLD_4204_fwd,80000000.0,1409960.9309888985,19594415.776054952,0,168
SUB_HIFLD_3715,SUB_HIFLD_1645,meso_SUB_HIFLD_3715_SUB_HIFLD_1645_rev,80000000.0,1370067.1021348417,17405665.652560215,0,168
SUB_HIFLD_3715,SUB_HIFLD_2998,meso_SUB_HIFLD_3715_SUB_HIFLD_2998_rev,80000000.0,0.0,0.0,0,168
SUB_HIFLD_3715,SUB_HIFLD_4436,meso_SUB_HIFLD_3715_SUB_HIFLD_4436_fwd,80000000.0,3593928.1965604112,17405664.05369081,0,168
SUB_HIFLD_3716,SUB_HIFLD_1555,meso_SUB_HIFLD_3716_SUB_HIFLD_1555_rev,80000000.0,0.0,0.0,0,168
SUB_HIFLD_3717,SUB_HIFLD_1541,meso_SUB_HIFLD_3717_SUB_HIFLD_1541_rev,80000000.0,34856.393916554625,836556.377776182,0,168
SUB_HIFLD_3717,SUB_HIFLD_1555,meso_SUB_HIFLD_3717_SUB_HIFLD_1555_rev,80000000.0,0.0,0.0,0,168
SUB_HIFLD_3717,SUB_HIFLD_3718,meso_SUB_HIFLD_3717_SUB_HIFLD_3718_fwd,80000000.0,0.0,0.0,0,168
SUB_HIFLD_3718,SUB_HIFLD_1555,meso_SUB_HIFLD_3718_SUB_HIFLD_1555_rev,80000000.0,0.0,0.0,0,168
SUB_HIFLD_3718,SUB_HIFLD_3717,meso_SUB_HIFLD_3718_SUB_HIFLD_3717_rev,80000000.0,0.0,0.0,0,168
SUB_HIFLD_3719,SUB_HIFLD_1541,meso_SUB_HIFLD_3719_SUB_HIFLD_1541_rev,80000000.0,0.0,0.0,0,168
SUB_HIFLD_3720,SUB_HIFLD_1705,meso_SUB_HIFLD_3720_SUB_HIFLD_1705_rev,80000000.0,0.0,0.0,0,168
SUB_HIFLD_3721,SUB_HIFLD_2597,meso_SUB_HIFLD_3721_SUB_HIFLD_2597_rev,80000000.0,0.0,0.0,0,168
SUB_HIFLD_3722,SUB_HIFLD_1718,meso_SUB_HIFLD_3722_SUB_HIFLD_1718_rev,80000000.0,20871.851101305536,3506470.98501933,0,168
SUB_HIFLD_3722,SUB_HIFLD_2832,meso_SUB_HIFLD_3722_SUB_HIFLD_2832_rev,80000000.0,0.0,0.0,0,168
SUB_HIFLD_3723,SUB_HIFLD_1705,meso_SUB_HIFLD_3723_SUB_HIFLD_1705_fwd,5761640.0310649425,0.0,0.0,0,168
SUB_HIFLD_3724,SUB_HIFLD_1534,meso_SUB_HIFLD_3724_SUB_HIFLD_1534_rev,80000000.0,0.0,0.0,0,168
SUB_HIFLD_3724,SUB_HIFLD_1718,meso_SUB_HIFLD_3724_SUB_HIFLD_1718_rev,80000000.0,2859202.468190406,3511670.676949098,0,168
SUB_HIFLD_3725,SUB_HIFLD_1613,meso_SUB_HIFLD_3725_SUB_HIFLD_1613_rev,80000000.0,0.0,0.0,0,168
SUB_HIFLD_3725,SUB_HIFLD_3762,meso_SUB_HIFLD_3725_SUB_HIFLD_3762_fwd,80000000.0,28662978.52103825,54533959.83886719,0,168
SUB_HIFLD_3726,SUB_HIFLD_1662,meso_SUB_HIFLD_3726_SUB_HIFLD_1662_rev,80000000.0,0.0,0.0,0,168
SUB_HIFLD_3726,SUB_HIFLD_3348,meso_SUB_HIFLD_3726_SUB_HIFLD_3348_rev,80000000.0,0.0,0.0,0,168
SUB_HIFLD_3727,SUB_HIFLD_1664,meso_SUB_HIFLD_3727_SUB_HIFLD_1664_rev,80000000.0,4523.809523809524,760000.0,0,168
SUB_HIFLD_3727,SUB_HIFLD_2533,meso_SUB_HIFLD_3727_SUB_HIFLD_2533_rev,80000000.0,755476.1904761905,760000.0,0,168
SUB_HIFLD_3728,SUB_HIFLD_1762,meso_SUB_HIFLD_3728_SUB_HIFLD_1762_rev,80000000.0,0.0,0.0,0,168
SUB_HIFLD_3729,SUB_HIFLD_3473,meso_SUB_HIFLD_3729_SUB_HIFLD_3473_rev,80000000.0,0.0,0.0,0,168
SUB_HIFLD_3730,SUB_HIFLD_1568,meso_SUB_HIFLD_3730_SUB_HIFLD_1568_rev,80000000.0,0.0,0.0,0,168
SUB_HIFLD_3730,SUB_HIFLD_1688,meso_SUB_HIFLD_3730_SUB_HIFLD_1688_rev,80000000.0,35117794.469302975,67430428.74709609,0,168
SUB_HIFLD_3730,SUB_HIFLD_4191,meso_SUB_HIFLD_3730_SUB_HIFLD_4191_fwd,80000000.0,0.0,0.0,0,168
SUB_HIFLD_3731,SUB_HIFLD_1580,meso_SUB_HIFLD_3731_SUB_HIFLD_1580_rev,80000000.0,193235.7653846279,10408077.22599075,0,168
SUB_HIFLD_3731,SUB_HIFLD_3396,meso_SUB_HIFLD_3731_SUB_HIFLD_3396_rev,80000000.0,0.0,0.0,0,168
SUB_HIFLD_3731,SUB_HIFLD_3592,meso_SUB_HIFLD_3731_SUB_HIFLD_3592_rev,80000000.0,0.0,0.0,0,168
SUB_HIFLD_3731,SUB_HIFLD_3751,meso_SUB_HIFLD_3731_SUB_HIFLD_3751_fwd,80000000.0,0.0,0.0,0,168
SUB_HIFLD_3732,SUB_HIFLD_3945,meso_SUB_HIFLD_3732_SUB_HIFLD_3945_fwd,80000000.0,0.0,0.0,0,168
SUB_HIFLD_3732,SUB_HIFLD_4196,meso_SUB_HIFLD_3732_SUB_HIFLD_4196_fwd,80000000.0,0.0,0.0,0,168
SUB_HIFLD_3733,SUB_HIFLD_1668,meso_SUB_HIFLD_3733_SUB_HIFLD_1668_rev,80000000.0,0.0,0.0,0,168
SUB_HIFLD_3733,SUB_HIFLD_2717,meso_SUB_HIFLD_3733_SUB_HIFLD_2717_rev,80000000.0,18803309.456509765,24916460.262448188,0,168
SUB_HIFLD_3734,SUB_HIFLD_1744,meso_SUB_HIFLD_3734_SUB_HIFLD_1744_rev,80000000.0,0.0,0.0,0,168
SUB_HIFLD_3734,SUB_HIFLD_1773,meso_SUB_HIFLD_3734_SUB_HIFLD_1773_rev,80000000.0,0.0,0.0,0,168
SUB_HIFLD_3735,SUB_HIFLD_1703,meso_SUB_HIFLD_3735_SUB_HIFLD_1703_rev,80000000.0,0.0,0.0,0,168
SUB_HIFLD_3735,SUB_HIFLD_3485,meso_SUB_HIFLD_3735_SUB_HIFLD_3485_rev,80000000.0,4081214.9948769966,25792458.177036386,0,168
SUB_HIFLD_3735,SUB_HIFLD_3736,meso_SUB_HIFLD_3735_SUB_HIFLD_3736_fwd,80000000.0,2668036.701141997,4486433.017376772,0,168
SUB_HIFLD_3736,SUB_HIFLD_3485,meso_SUB_HIFLD_3736_SUB_HIFLD_3485_rev,80000000.0,0.0,0.0,0,168
SUB_HIFLD_3736,SUB_HIFLD_3735,meso_SUB_HIFLD_3736_SUB_HIFLD_3735_rev,80000000.0,0.0,0.0,0,168
SUB_HIFLD_3737,SUB_HIFLD_1710,meso_SUB_HIFLD_3737_SUB_HIFLD_1710_rev,80000000.0,0.0,0.0,0,168
SUB_HIFLD_3737,SUB_HIFLD_3738,meso_SUB_HIFLD_3737_SUB_HIFLD_3738_fwd,80000000.0,0.0,0.0,0,168
SUB_HIFLD_3738,SUB_HIFLD_1762,meso_SUB_HIFLD_3738_SUB_HIFLD_1762_rev,80000000.0,0.0,0.0,0,168
SUB_HIFLD_3738,SUB_HIFLD_3737,meso_SUB_HIFLD_3738_SUB_HIFLD_3737_rev,80000000.0,121822.80370184017,2291341.011844233,0,168
SUB_HIFLD_3739,SUB_HIFLD_1704,meso_SUB_HIFLD_3739_SUB_HIFLD_1704_rev,80000000.0,0.0,0.0,0,168
SUB_HIFLD_3739,SUB_HIFLD_4027,meso_SUB_HIFLD_3739_SUB_HIFLD_4027_fwd,80000000.0,0.0,0.0,0,168
SUB_HIFLD_3740,SUB_HIFLD_496,meso_SUB_HIFLD_3740_SUB_HIFLD_496_fwd,80000000.0,0.0,0.0,0,168
SUB_HIFLD_3741,SUB_HIFLD_4372,meso_SUB_HIFLD_3741_SUB_HIFLD_4372_fwd,80000000.0,0.0,0.0,0,168
SUB_HIFLD_3742,SUB_HIFLD_3307,meso_SUB_HIFLD_3742_SUB_HIFLD_3307_rev,80000000.0,0.0,0.0,0,168
SUB_HIFLD_3742,SUB_HIFLD_4372,meso_SUB_HIFLD_3742_SUB_HIFLD_4372_fwd,80000000.0,4665937.604074441,14131967.595437212,0,168
SUB_HIFLD_3743,SUB_HIFLD_1635,meso_SUB_HIFLD_3743_SUB_HIFLD_1635_rev,400000000.0,0.0,0.0,0,168
SUB_HIFLD_3743,SUB_HIFLD_1641,meso_SUB_HIFLD_3743_SUB_HIFLD_1641_rev,400000000.0,44336536.841486946,131754201.42119747,0,168
SUB_HIFLD_3743,SUB_HIFLD_3293,meso_SUB_HIFLD_3743_SUB_HIFLD_3293_rev,80000000.0,50230985.8642188,80000000.0,15,168
SUB_HIFLD_3743,SUB_HIFLD_3744,meso_SUB_HIFLD_3743_SUB_HIFLD_3744_fwd,400000000.0,0.0,0.0,0,168
SUB_HIFLD_3743,SUB_HIFLD_498,meso_SUB_HIFLD_3743_SUB_HIFLD_498_fwd,400000000.0,722640.8338504614,31205270.462704636,0,168
SUB_HIFLD_3743,WECC_SCE,iface_SUB_HIFLD_3743_WECC_SCE_to_ba,113551470.17117159,0.0,0.0,0,168
SUB_HIFLD_3744,SUB_HIFLD_1636,meso_SUB_HIFLD_3744_SUB_HIFLD_1636_rev,400000000.0,0.0,0.0,0,168
SUB_HIFLD_3744,SUB_HIFLD_3743,meso_SUB_HIFLD_3744_SUB_HIFLD_3743_rev,400000000.0,2747142.3918262636,47670699.26191274,0,168
SUB_HIFLD_3744,SUB_HIFLD_3946,meso_SUB_HIFLD_3744_SUB_HIFLD_3946_fwd,400000000.0,40786698.611311615,110144926.06603645,0,168
SUB_HIFLD_3744,WECC_SCE,iface_SUB_HIFLD_3744_WECC_SCE_to_ba,113551470.17117159,0.0,0.0,0,168
SUB_HIFLD_3745,SUB_HIFLD_1563,meso_SUB_HIFLD_3745_SUB_HIFLD_1563_fwd,7575997.57584138,0.0,0.0,0,168
SUB_HIFLD_3746,SUB_HIFLD_2708,meso_SUB_HIFLD_3746_SUB_HIFLD_2708_rev,80000000.0,7663273.852210562,44188760.83753763,0,168
SUB_HIFLD_3746,SUB_HIFLD_2931,meso_SUB_HIFLD_3746_SUB_HIFLD_2931_rev,80000000.0,8911578.74412411,19763879.846789174,0,168
SUB_HIFLD_3746,SUB_HIFLD_3367,meso_SUB_HIFLD_3746_SUB_HIFLD_3367_rev,80000000.0,0.0,0.0,0,168
SUB_HIFLD_3746,SUB_HIFLD_4079,meso_SUB_HIFLD_3746_SUB_HIFLD_4079_fwd,80000000.0,0.0,0.0,0,168
SUB_HIFLD_3747,SUB_HIFLD_1604,meso_SUB_HIFLD_3747_SUB_HIFLD_1604_rev,80000000.0,0.0,0.0,0,168
SUB_HIFLD_3747,SUB_HIFLD_2931,meso_SUB_HIFLD_3747_SUB_HIFLD_2931_rev,80000000.0,2701840.8673755466,20321020.48814911,0,168
SUB_HIFLD_3747,SUB_HIFLD_3326,meso_SUB_HIFLD_3747_SUB_HIFLD_3326_rev,80000000.0,0.0,0.0,0,168
SUB_HIFLD_3747,SUB_HIFLD_3749,meso_SUB_HIFLD_3747_SUB_HIFLD_3749_fwd,80000000.0,7145553.715711599,8947590.411133869,0,168
SUB_HIFLD_3748,SUB_HIFLD_1562,meso_SUB_HIFLD_3748_SUB_HIFLD_1562_rev,80000000.0,444155.5237104869,24198248.683711767,0,168
SUB_HIFLD_3748,SUB_HIFLD_1629,meso_SUB_HIFLD_3748_SUB_HIFLD_1629_rev,80000000.0,21428427.34516936,34448883.74879188,0,168
SUB_HIFLD_3748,SUB_HIFLD_3293,meso_SUB_HIFLD_3748_SUB_HIFLD_3293_rev,80000000.0,0.0,0.0,0,168
SUB_HIFLD_3748,SUB_HIFLD_3367,meso_SUB_HIFLD_3748_SUB_HIFLD_3367_rev,80000000.0,21405413.636597283,69878006.13254637,0,168
SUB_HIFLD_3749,SUB_HIFLD_3747,meso_SUB_HIFLD_3749_SUB_HIFLD_3747_rev,80000000.0,0.0,0.0,0,168
SUB_HIFLD_3749,SUB_HIFLD_3763,meso_SUB_HIFLD_3749_SUB_HIFLD_3763_fwd,80000000.0,3653271.7158604735,4687409.280831102,0,168
SUB_HIFLD_3750,SUB_HIFLD_3763,meso_SUB_HIFLD_3750_SUB_HIFLD_3763_fwd,80000000.0,0.0,0.0,0,168
SUB_HIFLD_3751,SUB_HIFLD_1589,meso_SUB_HIFLD_3751_SUB_HIFLD_1589_rev,80000000.0,0.0,0.0,0,168
SUB_HIFLD_3751,SUB_HIFLD_1656,meso_SUB_HIFLD_3751_SUB_HIFLD_1656_rev,80000000.0,0.0,0.0,0,168
SUB_HIFLD_3751,SUB_HIFLD_1734,meso_SUB_HIFLD_3751_SUB_HIFLD_1734_rev,80000000.0,12911354.206094217,15874103.554721825,0,168
SUB_HIFLD_3751,SUB_HIFLD_3731,meso_SUB_HIFLD_3751_SUB_HIFLD_3731_rev,80000000.0,2171001.9560802663,13709621.957720408,0,168
SUB_HIFLD_3752,SUB_HIFLD_3431,meso_SUB_HIFLD_3752_SUB_HIFLD_3431_rev,80000000.0,0.0,0.0,0,168
SUB_HIFLD_3753,SUB_HIFLD_1543,meso_SUB_HIFLD_3753_SUB_HIFLD_1543_fwd,88412753.95671706,0.0,0.0,0,168
SUB_HIFLD_3754,SUB_HIFLD_2529,meso_SUB_HIFLD_3754_SUB_HIFLD_2529_rev,80000000.0,489926.1641127625,25890688.815856215,0,168
SUB_HIFLD_3754,SUB_HIFLD_4245,meso_SUB_HIFLD_3754_SUB_HIFLD_4245_fwd,80000000.0,2779040.14233348,19293756.56151608,0,168
SUB_HIFLD_3754,SUB_HIFLD_4307,meso_SUB_HIFLD_3754_SUB_HIFLD_4307_fwd,80000000.0,2366.9919023054617,397654.6395873176,0,168
SUB_HIFLD_3754,SUB_HIFLD_1515,meso_SUB_HIFLD_3754_SUB_HIFLD_1515_rev,60000000.0,0.0,0.0,0,168
SUB_HIFLD_3754,SUB_HIFLD_1657,meso_SUB_HIFLD_3754_SUB_HIFLD_1657_rev,60000000.0,1283623.926832048,28497084.48460198,0,168
SUB_HIFLD_3754,SUB_HIFLD_489,meso_SUB_HIFLD_3754_SUB_HIFLD_489_fwd,60000000.0,24671533.292118788,36275139.44825516,0,168
SUB_HIFLD_3755,SUB_HIFLD_3050,meso_SUB_HIFLD_3755_SUB_HIFLD_3050_rev,80000000.0,0.0,0.0,0,168
SUB_HIFLD_3755,SUB_HIFLD_3588,meso_SUB_HIFLD_3755_SUB_HIFLD_3588_rev,80000000.0,33285591.80649662,44313161.365121044,0,168
SUB_HIFLD_3756,SUB_HIFLD_1251,meso_SUB_HIFLD_3756_SUB_HIFLD_1251_rev,80000000.0,0.0,0.0,0,168
SUB_HIFLD_3756,SUB_HIFLD_3758,meso_SUB_HIFLD_3756_SUB_HIFLD_3758_fwd,80000000.0,0.0,0.0,0,168
SUB_HIFLD_3757,SUB_HIFLD_1251,meso_SUB_HIFLD_3757_SUB_HIFLD_1251_rev,80000000.0,429402.40872531454,11366814.382621905,0,168
SUB_HIFLD_3757,SUB_HIFLD_485,meso_SUB_HIFLD_3757_SUB_HIFLD_485_fwd,80000000.0,0.0,0.0,0,168
SUB_HIFLD_3757,SUB_HIFLD_1157,meso_SUB_HIFLD_3757_SUB_HIFLD_1157_rev,400000000.0,0.0,0.0,0,168
SUB_HIFLD_3757,SUB_HIFLD_1657,meso_SUB_HIFLD_3757_SUB_HIFLD_1657_rev,80000000.0,0.0,0.0,0,168
SUB_HIFLD_3757,SUB_HIFLD_501,meso_SUB_HIFLD_3757_SUB_HIFLD_501_fwd,400000000.0,0.0,0.0,0,168
SUB_HIFLD_3758,SUB_HIFLD_1251,meso_SUB_HIFLD_3758_SUB_HIFLD_1251_rev,80000000.0,0.0,0.0,0,168
SUB_HIFLD_3758,SUB_HIFLD_3756,meso_SUB_HIFLD_3758_SUB_HIFLD_3756_rev,80000000.0,0.0,0.0,0,168
SUB_HIFLD_3758,SUB_HIFLD_4038,meso_SUB_HIFLD_3758_SUB_HIFLD_4038_fwd,80000000.0,5655594.041214635,37245465.608460024,0,168
SUB_HIFLD_3758,SUB_HIFLD_3225,meso_SUB_HIFLD_3758_SUB_HIFLD_3225_rev,20414874.566159166,9884014.090124626,13282107.323715366,0,168
SUB_HIFLD_3758,SUB_HIFLD_3230,meso_SUB_HIFLD_3758_SUB_HIFLD_3230_rev,28338411.046291955,13836732.797992542,18593757.456356715,0,168
SUB_HIFLD_3759,SUB_HIFLD_3002,meso_SUB_HIFLD_3759_SUB_HIFLD_3002_rev,80000000.0,0.0,0.0,0,168
SUB_HIFLD_3759,SUB_HIFLD_1254,meso_SUB_HIFLD_3759_SUB_HIFLD_1254_rev,1901111430.3751273,6566820.199875604,43111558.22753906,0,168
SUB_HIFLD_3760,SUB_HIFLD_2706,meso_SUB_HIFLD_3760_SUB_HIFLD_2706_rev,80000000.0,0.0,0.0,0,168
SUB_HIFLD_3761,SUB_HIFLD_3488,meso_SUB_HIFLD_3761_SUB_HIFLD_3488_rev,80000000.0,6272.216491045219,1053732.370495597,0,168
SUB_HIFLD_3761,SUB_HIFLD_3762,meso_SUB_HIFLD_3761_SUB_HIFLD_3762_fwd,80000000.0,0.0,0.0,0,168
SUB_HIFLD_3761,SUB_HIFLD_4159,meso_SUB_HIFLD_3761_SUB_HIFLD_4159_fwd,80000000.0,0.0,0.0,0,168
SUB_HIFLD_3762,SUB_HIFLD_1613,meso_SUB_HIFLD_3762_SUB_HIFLD_1613_rev,80000000.0,0.0,0.0,0,168
SUB_HIFLD_3762,SUB_HIFLD_3725,meso_SUB_HIFLD_3762_SUB_HIFLD_3725_rev,80000000.0,0.0,0.0,0,168
SUB_HIFLD_3762,SUB_HIFLD_3761,meso_SUB_HIFLD_3762_SUB_HIFLD_3761_rev,80000000.0,25787402.01102814,72819137.98224066,0,168
SUB_HIFLD_3762,SUB_HIFLD_4159,meso_SUB_HIFLD_3762_SUB_HIFLD_4159_fwd,80000000.0,226485.26293177504,19290523.127919618,0,168
SUB_HIFLD_3762,SUB_HIFLD_4381,meso_SUB_HIFLD_3762_SUB_HIFLD_4381_fwd,80000000.0,0.0,0.0,0,168
SUB_HIFLD_3763,SUB_HIFLD_3749,meso_SUB_HIFLD_3763_SUB_HIFLD_3749_rev,80000000.0,0.0,0.0,0,168
SUB_HIFLD_3763,SUB_HIFLD_3750,meso_SUB_HIFLD_3763_SUB_HIFLD_3750_rev,80000000.0,3543673.5643846593,4546787.00240617,0,168
SUB_HIFLD_3764,SUB_HIFLD_4326,meso_SUB_HIFLD_3764_SUB_HIFLD_4326_fwd,80000000.0,0.0,0.0,0,168
SUB_HIFLD_3765,SUB_HIFLD_4326,meso_SUB_HIFLD_3765_SUB_HIFLD_4326_fwd,80000000.0,0.0,0.0,0,168
SUB_HIFLD_3766,SUB_HIFLD_1571,meso_SUB_HIFLD_3766_SUB_HIFLD_1571_rev,80000000.0,2823001.165207426,3377591.9648789866,0,168
SUB_HIFLD_3766,SUB_HIFLD_1740,meso_SUB_HIFLD_3766_SUB_HIFLD_1740_fwd,13147410.202494288,0.0,0.0,0,168
SUB_HIFLD_3767,SUB_HIFLD_1507,meso_SUB_HIFLD_3767_SUB_HIFLD_1507_rev,80000000.0,0.0,0.0,0,168
SUB_HIFLD_3767,SUB_HIFLD_1551,meso_SUB_HIFLD_3767_SUB_HIFLD_1551_rev,80000000.0,0.0,0.0,0,168
SUB_HIFLD_3768,SUB_HIFLD_2883,meso_SUB_HIFLD_3768_SUB_HIFLD_2883_rev,80000000.0,107429.19138256279,3985336.241395255,0,168
SUB_HIFLD_3768,SUB_HIFLD_4139,meso_SUB_HIFLD_3768_SUB_HIFLD_4139_fwd,80000000.0,219058.17665265067,13716793.868669143,0,168
SUB_HIFLD_3769,SUB_HIFLD_1511,meso_SUB_HIFLD_3769_SUB_HIFLD_1511_rev,80000000.0,0.0,0.0,0,168
SUB_HIFLD_3769,SUB_HIFLD_1576,meso_SUB_HIFLD_3769_SUB_HIFLD_1576_rev,80000000.0,50251246.81657766,64112052.0324707,0,168
SUB_HIFLD_3770,SUB_HIFLD_1587,meso_SUB_HIFLD_3770_SUB_HIFLD_1587_rev,80000000.0,0.0,0.0,0,168
SUB_HIFLD_3771,SUB_HIFLD_1725,meso_SUB_HIFLD_3771_SUB_HIFLD_1725_rev,80000000.0,0.0,0.0,0,168
SUB_HIFLD_3771,SUB_HIFLD_2883,meso_SUB_HIFLD_3771_SUB_HIFLD_2883_rev,80000000.0,1064649.1572321686,8782802.795539893,0,168
SUB_HIFLD_3771,SUB_HIFLD_3379,meso_SUB_HIFLD_3771_SUB_HIFLD_3379_rev,80000000.0,10137523.3056265,32174014.94097033,0,168
SUB_HIFLD_3772,SUB_HIFLD_1779,meso_SUB_HIFLD_3772_SUB_HIFLD_1779_rev,80000000.0,0.0,0.0,0,168
SUB_HIFLD_3773,SUB_HIFLD_1639,meso_SUB_HIFLD_3773_SUB_HIFLD_1639_rev,400000000.0,0.0,0.0,0,168
SUB_HIFLD_3773,SUB_HIFLD_1739,meso_SUB_HIFLD_3773_SUB_HIFLD_1739_rev,400000000.0,0.0,0.0,0,168
SUB_HIFLD_3774,SUB_HIFLD_1627,meso_SUB_HIFLD_3774_SUB_HIFLD_1627_rev,80000000.0,0.0,0.0,0,168
SUB_HIFLD_3775,SUB_HIFLD_1572,meso_SUB_HIFLD_3775_SUB_HIFLD_1572_rev,80000000.0,0.0,0.0,0,168
SUB_HIFLD_3775,SUB_HIFLD_3776,meso_SUB_HIFLD_3775_SUB_HIFLD_3776_fwd,80000000.0,0.0,0.0,0,168
SUB_HIFLD_3775,SUB_HIFLD_1261,meso_SUB_HIFLD_3775_SUB_HIFLD_1261_rev,80000000.0,0.0,0.0,0,168
SUB_HIFLD_3776,SUB_HIFLD_1261,meso_SUB_HIFLD_3776_SUB_HIFLD_1261_rev,80000000.0,0.0,0.0,0,168
SUB_HIFLD_3776,SUB_HIFLD_1716,meso_SUB_HIFLD_3776_SUB_HIFLD_1716_rev,80000000.0,0.0,0.0,0,168
SUB_HIFLD_3776,SUB_HIFLD_3775,meso_SUB_HIFLD_3776_SUB_HIFLD_3775_rev,80000000.0,0.0,0.0,0,168
SUB_HIFLD_3777,SUB_HIFLD_1639,meso_SUB_HIFLD_3777_SUB_HIFLD_1639_rev,80000000.0,0.0,0.0,0,168
SUB_HIFLD_3777,SUB_HIFLD_1666,meso_SUB_HIFLD_3777_SUB_HIFLD_1666_rev,80000000.0,0.0,0.0,0,168
SUB_HIFLD_3777,SUB_HIFLD_1755,meso_SUB_HIFLD_3777_SUB_HIFLD_1755_rev,80000000.0,468930.95604421553,27711435.71267993,0,168
SUB_HIFLD_3777,SUB_HIFLD_4214,meso_SUB_HIFLD_3777_SUB_HIFLD_4214_fwd,80000000.0,0.0,0.0,0,168
SUB_HIFLD_3777,SUB_HIFLD_4240,meso_SUB_HIFLD_3777_SUB_HIFLD_4240_fwd,80000000.0,0.0,0.0,0,168
SUB_HIFLD_3778,SUB_HIFLD_1766,meso_SUB_HIFLD_3778_SUB_HIFLD_1766_rev,80000000.0,0.0,0.0,0,168
SUB_HIFLD_3779,SUB_HIFLD_1666,meso_SUB_HIFLD_3779_SUB_HIFLD_1666_rev,80000000.0,0.0,0.0,0,168
SUB_HIFLD_3779,SUB_HIFLD_1755,meso_SUB_HIFLD_3779_SUB_HIFLD_1755_rev,80000000.0,0.0,0.0,0,168
SUB_HIFLD_3780,SUB_HIFLD_1584,meso_SUB_HIFLD_3780_SUB_HIFLD_1584_rev,80000000.0,0.0,0.0,0,168
SUB_HIFLD_3781,SUB_HIFLD_1599,meso_SUB_HIFLD_3781_SUB_HIFLD_1599_rev,400000000.0,0.0,0.0,0,168
SUB_HIFLD_3824,SUB_HIFLD_3101,meso_SUB_HIFLD_3824_SUB_HIFLD_3101_rev,60000000.0,0.0,0.0,0,168
SUB_HIFLD_3824,SUB_HIFLD_3825,meso_SUB_HIFLD_3824_SUB_HIFLD_3825_fwd,60000000.0,127981.23257851915,215933.77811392557,0,168
SUB_HIFLD_3824,SUB_HIFLD_4010,meso_SUB_HIFLD_3824_SUB_HIFLD_4010_fwd,150000000.0,9378018.76742148,9429224.301682305,0,168
SUB_HIFLD_3825,SUB_HIFLD_3824,meso_SUB_HIFLD_3825_SUB_HIFLD_3824_rev,60000000.0,0.0,0.0,0,168
SUB_HIFLD_3825,SUB_HIFLD_4010,meso_SUB_HIFLD_3825_SUB_HIFLD_4010_fwd,150000000.0,0.0,0.0,0,168
SUB_HIFLD_3834,SUB_02272,meso_SUB_HIFLD_3834_SUB_02272_rev,60000000.0,2124664.2985629016,17096822.19151876,0,168
SUB_HIFLD_3834,SUB_02406,meso_SUB_HIFLD_3834_SUB_02406_rev,60000000.0,14883885.725913974,24433230.567791846,0,168
SUB_HIFLD_3834,SUB_HIFLD_2068,meso_SUB_HIFLD_3834_SUB_HIFLD_2068_rev,150000000.0,0.0,0.0,0,168
SUB_HIFLD_3834,SUB_HIFLD_3835,meso_SUB_HIFLD_3834_SUB_HIFLD_3835_fwd,60000000.0,0.0,0.0,0,168
SUB_HIFLD_3835,SUB_02269,meso_SUB_HIFLD_3835_SUB_02269_rev,60000000.0,0.0,0.0,0,168
SUB_HIFLD_3835,SUB_02405,meso_SUB_HIFLD_3835_SUB_02405_rev,150000000.0,0.0,0.0,0,168
SUB_HIFLD_3835,SUB_HIFLD_2049,meso_SUB_HIFLD_3835_SUB_HIFLD_2049_rev,150000000.0,0.0,0.0,0,168
SUB_HIFLD_3835,SUB_HIFLD_2068,meso_SUB_HIFLD_3835_SUB_HIFLD_2068_rev,150000000.0,0.0,0.0,0,168
SUB_HIFLD_3835,SUB_HIFLD_3834,meso_SUB_HIFLD_3835_SUB_HIFLD_3834_rev,60000000.0,0.0,0.0,0,168
SUB_HIFLD_3849,SUB_16237,meso_SUB_HIFLD_3849_SUB_16237_rev,60000000.0,1358551.779113007,49237627.10413982,0,168
SUB_HIFLD_3849,SUB_16374,meso_SUB_HIFLD_3849_SUB_16374_rev,60000000.0,0.0,0.0,0,168
SUB_HIFLD_3862,SUB_HIFLD_2108,meso_SUB_HIFLD_3862_SUB_HIFLD_2108_rev,60000000.0,2524913.4419468786,4566993.666186775,0,168
SUB_HIFLD_3862,SUB_HIFLD_2117,meso_SUB_HIFLD_3862_SUB_HIFLD_2117_rev,60000000.0,0.0,0.0,0,168
SUB_HIFLD_3862,SUB_HIFLD_3262,meso_SUB_HIFLD_3862_SUB_HIFLD_3262_rev,60000000.0,0.0,0.0,0,168
SUB_HIFLD_3862,SUB_HIFLD_3261,meso_SUB_HIFLD_3862_SUB_HIFLD_3261_rev,10642999.62544644,5369400.996909049,9062398.914455138,0,168
SUB_HIFLD_3887,SUB_25360,meso_SUB_HIFLD_3887_SUB_25360_fwd,5000000.0,0.0,0.0,0,168
SUB_HIFLD_3888,SUB_HIFLD_3631,meso_SUB_HIFLD_3888_SUB_HIFLD_3631_fwd,5000000.0,0.0,0.0,0,168
SUB_HIFLD_3898,SUB_HIFLD_2869,meso_SUB_HIFLD_3898_SUB_HIFLD_2869_rev,150000000.0,0.0,0.0,0,168
SUB_HIFLD_3900,SUB_HIFLD_3575,meso_SUB_HIFLD_3900_SUB_HIFLD_3575_rev,80000000.0,74683297.2129777,80000000.0,130,168
SUB_HIFLD_3900,SUB_HIFLD_3901,meso_SUB_HIFLD_3900_SUB_HIFLD_3901_fwd,80000000.0,3092783.5051546386,3092783.505154639,0,168
SUB_HIFLD_3901,SUB_HIFLD_3900,meso_SUB_HIFLD_3901_SUB_HIFLD_3900_rev,80000000.0,0.0,0.0,0,168
SUB_HIFLD_3903,SUB_HIFLD_2086,meso_SUB_HIFLD_3903_SUB_HIFLD_2086_rev,150000000.0,0.0,0.0,0,168
SUB_HIFLD_3903,SUB_HIFLD_48,meso_SUB_HIFLD_3903_SUB_HIFLD_48_fwd,150000000.0,0.0,0.0,0,168
SUB_HIFLD_3905,SUB_HIFLD_2097,meso_SUB_HIFLD_3905_SUB_HIFLD_2097_rev,80000000.0,0.0,0.0,0,168
SUB_HIFLD_3905,SUB_HIFLD_4156,meso_SUB_HIFLD_3905_SUB_HIFLD_4156_rev,5000000.0,0.0,0.0,0,168
SUB_HIFLD_3906,SUB_HIFLD_2698,meso_SUB_HIFLD_3906_SUB_HIFLD_2698_rev,80000000.0,0.0,0.0,0,168
SUB_HIFLD_3907,SUB_HIFLD_2436,meso_SUB_HIFLD_3907_SUB_HIFLD_2436_fwd,5000000.0,0.0,0.0,0,168
SUB_HIFLD_3908,SUB_HIFLD_1687,meso_SUB_HIFLD_3908_SUB_HIFLD_1687_rev,80000000.0,6603174.604,6603174.604,0,168
SUB_HIFLD_3909,SUB_HIFLD_2422,meso_SUB_HIFLD_3909_SUB_HIFLD_2422_rev,80000000.0,0.0,0.0,0,168
SUB_HIFLD_3910,SUB_HIFLD_1628,meso_SUB_HIFLD_3910_SUB_HIFLD_1628_rev,80000000.0,0.0,0.0,0,168
SUB_HIFLD_3910,SUB_HIFLD_1755,meso_SUB_HIFLD_3910_SUB_HIFLD_1755_rev,80000000.0,0.0,0.0,0,168
SUB_HIFLD_3911,SUB_HIFLD_4135,meso_SUB_HIFLD_3911_SUB_HIFLD_4135_fwd,80000000.0,495004.2688068285,1000000.0,0,168
SUB_HIFLD_3912,SUB_HIFLD_1690,meso_SUB_HIFLD_3912_SUB_HIFLD_1690_rev,80000000.0,0.0,0.0,0,168
SUB_HIFLD_3912,SUB_HIFLD_3011,meso_SUB_HIFLD_3912_SUB_HIFLD_3011_rev,80000000.0,0.0,0.0,0,168
SUB_HIFLD_3913,SUB_HIFLD_1726,meso_SUB_HIFLD_3913_SUB_HIFLD_1726_rev,80000000.0,13584592.706923917,18237944.445483733,0,168
SUB_HIFLD_3913,SUB_HIFLD_1690,meso_SUB_HIFLD_3913_SUB_HIFLD_1690_rev,80000000.0,1571408.1909414243,4315270.756200417,0,168
SUB_HIFLD_3913,SUB_HIFLD_3011,meso_SUB_HIFLD_3913_SUB_HIFLD_3011_rev,80000000.0,0.0,0.0,0,168
SUB_HIFLD_3914,SUB_HIFLD_1699,meso_SUB_HIFLD_3914_SUB_HIFLD_1699_rev,80000000.0,0.0,0.0,0,168
SUB_HIFLD_3914,SUB_HIFLD_1702,meso_SUB_HIFLD_3914_SUB_HIFLD_1702_rev,80000000.0,0.0,0.0,0,168
SUB_HIFLD_3915,SUB_HIFLD_1948,meso_SUB_HIFLD_3915_SUB_HIFLD_1948_rev,80000000.0,0.0,0.0,0,168
SUB_HIFLD_3915,SUB_HIFLD_2613,meso_SUB_HIFLD_3915_SUB_HIFLD_2613_rev,80000000.0,0.0,0.0,0,168
SUB_HIFLD_3915,SUB_HIFLD_4140,meso_SUB_HIFLD_3915_SUB_HIFLD_4140_fwd,80000000.0,0.0,0.0,0,168
SUB_HIFLD_3916,SUB_HIFLD_1940,meso_SUB_HIFLD_3916_SUB_HIFLD_1940_rev,80000000.0,80000000.0,80000000.0,168,168
SUB_HIFLD_3916,SUB_HIFLD_1962,meso_SUB_HIFLD_3916_SUB_HIFLD_1962_rev,80000000.0,58414052.51686414,80000000.0,73,168
SUB_HIFLD_3916,SUB_HIFLD_1982,meso_SUB_HIFLD_3916_SUB_HIFLD_1982_rev,400000000.0,377102380.4713801,400000000.0,123,168
SUB_HIFLD_3916,SUB_HIFLD_3206,meso_SUB_HIFLD_3916_SUB_HIFLD_3206_rev,400000000.0,236922900.64025316,400000000.0,81,168
SUB_HIFLD_3916,SUB_HIFLD_811,meso_SUB_HIFLD_3916_SUB_HIFLD_811_fwd,400000000.0,142523937.49828434,400000000.0,32,168
SUB_HIFLD_3916,WECC_SCE,iface_SUB_HIFLD_3916_WECC_SCE_to_ba,5904676448.900923,0.0,0.0,0,168
SUB_HIFLD_3919,SUB_HIFLD_1016,meso_SUB_HIFLD_3919_SUB_HIFLD_1016_rev,60000000.0,0.0,0.0,0,168
SUB_HIFLD_3919,SUB_HIFLD_3256,meso_SUB_HIFLD_3919_SUB_HIFLD_3256_rev,60000000.0,0.0,0.0,0,168
SUB_HIFLD_3919,SUB_HIFLD_3612,meso_SUB_HIFLD_3919_SUB_HIFLD_3612_rev,60000000.0,4606480.092834744,10866970.066553423,0,168
SUB_HIFLD_3920,SUB_10293,meso_SUB_HIFLD_3920_SUB_10293_rev,400000000.0,0.0,0.0,0,168
SUB_HIFLD_3920,SUB_HIFLD_1016,meso_SUB_HIFLD_3920_SUB_HIFLD_1016_rev,800000000.0,0.0,0.0,0,168
SUB_HIFLD_3920,SUB_HIFLD_1361,meso_SUB_HIFLD_3920_SUB_HIFLD_1361_rev,400000000.0,6066936.592622958,106285336.02873254,0,168
SUB_HIFLD_3920,SUB_HIFLD_3256,meso_SUB_HIFLD_3920_SUB_HIFLD_3256_rev,60000000.0,824263.3427248669,3927389.746597132,0,168
SUB_HIFLD_3920,SUB_HIFLD_659,meso_SUB_HIFLD_3920_SUB_HIFLD_659_fwd,400000000.0,90968606.19430335,209148211.58108523,0,168
SUB_HIFLD_3922,SUB_HIFLD_1991,meso_SUB_HIFLD_3922_SUB_HIFLD_1991_fwd,5000000.0,0.0,0.0,0,168
SUB_HIFLD_3923,SUB_HIFLD_1489,meso_SUB_HIFLD_3923_SUB_HIFLD_1489_rev,80000000.0,0.0,0.0,0,168
SUB_HIFLD_3923,SUB_HIFLD_554,meso_SUB_HIFLD_3923_SUB_HIFLD_554_fwd,150000000.0,0.0,0.0,0,168
SUB_HIFLD_3923,SUB_HIFLD_4126,meso_SUB_HIFLD_3923_SUB_HIFLD_4126_fwd,60000000.0,0.0,0.0,0,168
SUB_HIFLD_3924,SUB_HIFLD_1944,meso_SUB_HIFLD_3924_SUB_HIFLD_1944_rev,80000000.0,0.0,0.0,0,168
SUB_HIFLD_3924,SUB_HIFLD_1950,meso_SUB_HIFLD_3924_SUB_HIFLD_1950_rev,80000000.0,0.0,0.0,0,168
SUB_HIFLD_3925,SUB_HIFLD_1938,meso_SUB_HIFLD_3925_SUB_HIFLD_1938_fwd,5000000.0,0.0,0.0,0,168
SUB_HIFLD_3926,SUB_HIFLD_1940,meso_SUB_HIFLD_3926_SUB_HIFLD_1940_rev,80000000.0,0.0,0.0,0,168
SUB_HIFLD_3927,SUB_HIFLD_1484,meso_SUB_HIFLD_3927_SUB_HIFLD_1484_rev,60000000.0,0.0,0.0,0,168
SUB_HIFLD_3928,SUB_HIFLD_4441,meso_SUB_HIFLD_3928_SUB_HIFLD_4441_fwd,60000000.0,0.0,0.0,0,168
SUB_HIFLD_3929,SUB_HIFLD_584,meso_SUB_HIFLD_3929_SUB_HIFLD_584_fwd,14524797.770991676,0.0,0.0,0,168
SUB_HIFLD_3930,SUB_HIFLD_572,meso_SUB_HIFLD_3930_SUB_HIFLD_572_fwd,80000000.0,0.0,0.0,0,168
SUB_HIFLD_3931,SUB_HIFLD_3487,meso_SUB_HIFLD_3931_SUB_HIFLD_3487_rev,150000000.0,0.0,0.0,0,168
SUB_HIFLD_3931,SUB_HIFLD_574,meso_SUB_HIFLD_3931_SUB_HIFLD_574_fwd,150000000.0,0.0,0.0,0,168
SUB_HIFLD_3931,SUB_HIFLD_578,meso_SUB_HIFLD_3931_SUB_HIFLD_578_fwd,150000000.0,0.0,0.0,0,168
SUB_HIFLD_3932,SUB_HIFLD_3357,meso_SUB_HIFLD_3932_SUB_HIFLD_3357_fwd,5000000.0,73727.96512968441,336210.8629131251,0,168
SUB_HIFLD_3934,SUB_HIFLD_3214,meso_SUB_HIFLD_3934_SUB_HIFLD_3214_rev,60000000.0,5015760.233452581,6722857.225555735,0,168
SUB_HIFLD_3934,SUB_HIFLD_566,meso_SUB_HIFLD_3934_SUB_HIFLD_566_fwd,150000000.0,0.0,0.0,0,168
SUB_HIFLD_3934,SUB_HIFLD_1483,meso_SUB_HIFLD_3934_SUB_HIFLD_1483_rev,60000000.0,0.0,0.0,0,168
SUB_HIFLD_3934,SUB_HIFLD_561,meso_SUB_HIFLD_3934_SUB_HIFLD_561_fwd,150000000.0,0.0,0.0,0,168
SUB_HIFLD_3935,SUB_HIFLD_3936,meso_SUB_HIFLD_3935_SUB_HIFLD_3936_fwd,60000000.0,0.0,0.0,0,168
SUB_HIFLD_3936,SUB_HIFLD_3691,meso_SUB_HIFLD_3936_SUB_HIFLD_3691_rev,60000000.0,0.0,0.0,0,168
SUB_HIFLD_3936,SUB_HIFLD_3935,meso_SUB_HIFLD_3936_SUB_HIFLD_3935_rev,60000000.0,4550733.157332527,5728610.009262242,0,168
SUB_HIFLD_3937,SUB_HIFLD_588,meso_SUB_HIFLD_3937_SUB_HIFLD_588_fwd,60000000.0,0.0,0.0,0,168
SUB_HIFLD_3938,SUB_HIFLD_1446,meso_SUB_HIFLD_3938_SUB_HIFLD_1446_rev,400000000.0,0.0,0.0,0,168
SUB_HIFLD_3938,SUB_HIFLD_1487,meso_SUB_HIFLD_3938_SUB_HIFLD_1487_rev,400000000.0,58141.68035369557,119886.49269969192,0,168
SUB_HIFLD_3938,SUB_HIFLD_547,meso_SUB_HIFLD_3938_SUB_HIFLD_547_fwd,400000000.0,4559425.679809867,277298634.02061856,0,168
SUB_HIFLD_3938,WECC_SCE,iface_SUB_HIFLD_3938_WECC_SCE_to_ba,3193357668.13611,107946314.10323095,431293419.6373854,0,168
SUB_HIFLD_3945,SUB_HIFLD_3732,meso_SUB_HIFLD_3945_SUB_HIFLD_3732_rev,80000000.0,0.0,0.0,0,168
SUB_HIFLD_3946,SUB_HIFLD_1971,meso_SUB_HIFLD_3946_SUB_HIFLD_1971_rev,80000000.0,69834237.35111089,80000000.0,130,168
SUB_HIFLD_3946,SUB_HIFLD_3209,meso_SUB_HIFLD_3946_SUB_HIFLD_3209_rev,80000000.0,19810712.432977304,80000000.0,31,168
SUB_HIFLD_3946,SUB_HIFLD_3744,meso_SUB_HIFLD_3946_SUB_HIFLD_3744_rev,400000000.0,0.0,0.0,0,168
SUB_HIFLD_3946,SUB_HIFLD_1157,meso_SUB_HIFLD_3946_SUB_HIFLD_1157_rev,400000000.0,13153383.517368987,71180455.0957434,0,168
SUB_HIFLD_3946,SUB_HIFLD_496,meso_SUB_HIFLD_3946_SUB_HIFLD_496_fwd,400000000.0,0.0,0.0,0,168
SUB_HIFLD_3946,SUB_HIFLD_497,meso_SUB_HIFLD_3946_SUB_HIFLD_497_fwd,400000000.0,4774151.135783688,97288993.73023354,0,168
SUB_HIFLD_3946,SUB_HIFLD_596,meso_SUB_HIFLD_3946_SUB_HIFLD_596_fwd,400000000.0,0.0,0.0,0,168
SUB_HIFLD_3946,WEC_LADW,iface_SUB_HIFLD_3946_WEC_LADW_to_ba,20000000.0,0.0,0.0,0,168
SUB_HIFLD_3948,SUB_HIFLD_1529,meso_SUB_HIFLD_3948_SUB_HIFLD_1529_rev,80000000.0,7769487.028201005,23575259.136889584,0,168
SUB_HIFLD_3948,SUB_HIFLD_1546,meso_SUB_HIFLD_3948_SUB_HIFLD_1546_rev,80000000.0,0.0,0.0,0,168
SUB_HIFLD_3948,SUB_HIFLD_1573,meso_SUB_HIFLD_3948_SUB_HIFLD_1573_rev,80000000.0,0.0,0.0,0,168
SUB_HIFLD_3948,SUB_HIFLD_1651,meso_SUB_HIFLD_3948_SUB_HIFLD_1651_rev,80000000.0,0.0,0.0,0,168
SUB_HIFLD_3948,SUB_HIFLD_3420,meso_SUB_HIFLD_3948_SUB_HIFLD_3420_rev,80000000.0,0.0,0.0,0,168
SUB_HIFLD_3948,SUB_HIFLD_4089,meso_SUB_HIFLD_3948_SUB_HIFLD_4089_fwd,80000000.0,3062883.050655217,20806156.760917254,0,168
SUB_HIFLD_3952,SUB_HIFLD_1413,meso_SUB_HIFLD_3952_SUB_HIFLD_1413_rev,60000000.0,0.0,0.0,0,168
SUB_HIFLD_3952,SUB_HIFLD_2278,meso_SUB_HIFLD_3952_SUB_HIFLD_2278_rev,60000000.0,10017594.912709508,43197472.93624878,0,168
SUB_HIFLD_3954,SUB_HIFLD_3416,meso_SUB_HIFLD_3954_SUB_HIFLD_3416_rev,80000000.0,0.0,0.0,0,168
SUB_HIFLD_3954,SUB_HIFLD_934,meso_SUB_HIFLD_3954_SUB_HIFLD_934_fwd,80000000.0,0.0,0.0,0,168
SUB_HIFLD_3955,SUB_HIFLD_1156,meso_SUB_HIFLD_3955_SUB_HIFLD_1156_rev,60000000.0,40926247.23384634,58840000.0,0,168
SUB_HIFLD_3955,SUB_HIFLD_1163,meso_SUB_HIFLD_3955_SUB_HIFLD_1163_rev,60000000.0,0.0,0.0,0,168
SUB_HIFLD_3955,SUB_HIFLD_322,meso_SUB_HIFLD_3955_SUB_HIFLD_322_rev,60000000.0,0.0,0.0,0,168
SUB_HIFLD_3963,SUB_HIFLD_1301,meso_SUB_HIFLD_3963_SUB_HIFLD_1301_rev,400000000.0,4267058.456592839,28035423.09864225,0,168
SUB_HIFLD_3963,SUB_HIFLD_4306,meso_SUB_HIFLD_3963_SUB_HIFLD_4306_fwd,60000000.0,0.0,0.0,0,168
SUB_HIFLD_3963,SUB_10344,meso_SUB_HIFLD_3963_SUB_10344_rev,150000000.0,0.0,0.0,0,168
SUB_HIFLD_3963,SUB_19243,meso_SUB_HIFLD_3963_SUB_19243_rev,150000000.0,1348028.322186405,16771027.033424145,0,168
SUB_HIFLD_3963,SUB_HIFLD_2355,meso_SUB_HIFLD_3963_SUB_HIFLD_2355_rev,150000000.0,0.0,0.0,0,168
SUB_HIFLD_3963,WEC_BANC,iface_SUB_HIFLD_3963_WEC_BANC_to_ba,20000000.0,19440630.56400031,20000000.0,163,168
SUB_HIFLD_3965,SUB_HIFLD_1361,meso_SUB_HIFLD_3965_SUB_HIFLD_1361_rev,400000000.0,86466.24670755299,3285378.0518341074,0,168
SUB_HIFLD_3965,SUB_HIFLD_2610,meso_SUB_HIFLD_3965_SUB_HIFLD_2610_rev,400000000.0,0.0,0.0,0,168
SUB_HIFLD_3965,WEC_BANC,iface_SUB_HIFLD_3965_WEC_BANC_to_ba,800000000.0,0.0,0.0,0,168
SUB_HIFLD_3968,SUB_HIFLD_1041,meso_SUB_HIFLD_3968_SUB_HIFLD_1041_rev,60000000.0,0.0,0.0,0,168
SUB_HIFLD_3968,SUB_HIFLD_287,meso_SUB_HIFLD_3968_SUB_HIFLD_287_rev,60000000.0,0.0,0.0,0,168
SUB_HIFLD_3968,SUB_HIFLD_3203,meso_SUB_HIFLD_3968_SUB_HIFLD_3203_rev,60000000.0,2465744.4618666586,45651016.92753559,0,168
SUB_HIFLD_3968,SUB_HIFLD_3003,meso_SUB_HIFLD_3968_SUB_HIFLD_3003_rev,5000000.0,1177602.5788537813,2661930.0645651277,0,168
SUB_HIFLD_3968,SUB_HIFLD_3981,meso_SUB_HIFLD_3968_SUB_HIFLD_3981_rev,5750257.994025379,2662821.7834467343,5269755.821621295,0,168
SUB_HIFLD_3969,SUB_HIFLD_3664,meso_SUB_HIFLD_3969_SUB_HIFLD_3664_rev,60000000.0,0.0,0.0,0,168
SUB_HIFLD_3970,SUB_HIFLD_4040,meso_SUB_HIFLD_3970_SUB_HIFLD_4040_fwd,80000000.0,0.0,0.0,0,168
SUB_HIFLD_3970,SUB_HIFLD_4435,meso_SUB_HIFLD_3970_SUB_HIFLD_4435_fwd,80000000.0,0.0,0.0,0,168
SUB_HIFLD_3971,SUB_HIFLD_1491,meso_SUB_HIFLD_3971_SUB_HIFLD_1491_rev,150000000.0,0.0,0.0,0,168
SUB_HIFLD_3971,SUB_HIFLD_4295,meso_SUB_HIFLD_3971_SUB_HIFLD_4295_fwd,150000000.0,3996567.5971145323,12067918.20722757,0,168
SUB_HIFLD_3971,SUB_HIFLD_3353,meso_SUB_HIFLD_3971_SUB_HIFLD_3353_rev,300000000.0,0.0,0.0,0,168
SUB_HIFLD_3971,SUB_HIFLD_577,meso_SUB_HIFLD_3971_SUB_HIFLD_577_fwd,150000000.0,0.0,0.0,0,168
SUB_HIFLD_3971,SUB_HIFLD_589,meso_SUB_HIFLD_3971_SUB_HIFLD_589_fwd,150000000.0,0.0,0.0,0,168
SUB_HIFLD_3972,SUB_HIFLD_865,meso_SUB_HIFLD_3972_SUB_HIFLD_865_fwd,80000000.0,0.0,0.0,0,168
SUB_HIFLD_3973,SUB_HIFLD_2372,meso_SUB_HIFLD_3973_SUB_HIFLD_2372_rev,80000000.0,0.0,0.0,0,168
SUB_HIFLD_3973,SUB_HIFLD_2376,meso_SUB_HIFLD_3973_SUB_HIFLD_2376_rev,80000000.0,0.0,0.0,0,168
SUB_HIFLD_3976,SUB_HIFLD_1042,meso_SUB_HIFLD_3976_SUB_HIFLD_1042_rev,60000000.0,6759.844842573514,18776.616807926064,0,168
SUB_HIFLD_3976,SUB_HIFLD_426,meso_SUB_HIFLD_3976_SUB_HIFLD_426_fwd,60000000.0,22913032.99537955,56154701.61437988,0,168
SUB_HIFLD_3979,SUB_HIFLD_3980,meso_SUB_HIFLD_3979_SUB_HIFLD_3980_fwd,60000000.0,130927.991059462,1076942.8017213172,0,168
SUB_HIFLD_3979,SUB_HIFLD_3203,meso_SUB_HIFLD_3979_SUB_HIFLD_3203_fwd,5000000.0,2742879.6078730333,5000000.0,90,168
SUB_HIFLD_3980,SUB_HIFLD_3979,meso_SUB_HIFLD_3980_SUB_HIFLD_3979_rev,60000000.0,3743287.2778914776,6763839.418863513,0,168
SUB_HIFLD_3981,SUB_HIFLD_3968,meso_SUB_HIFLD_3981_SUB_HIFLD_3968_fwd,5750257.994025379,1169.3623597740198,196452.8764420353,0,168
SUB_HIFLD_3983,SUB_HIFLD_4321,meso_SUB_HIFLD_3983_SUB_HIFLD_4321_fwd,60000000.0,0.0,0.0,0,168
SUB_HIFLD_3984,SUB_HIFLD_3005,meso_SUB_HIFLD_3984_SUB_HIFLD_3005_rev,60000000.0,22145.506231938147,437548.151704454,0,168
SUB_HIFLD_3984,SUB_HIFLD_3657,meso_SUB_HIFLD_3984_SUB_HIFLD_3657_rev,60000000.0,0.0,0.0,0,168
SUB_HIFLD_3985,SUB_HIFLD_579,meso_SUB_HIFLD_3985_SUB_HIFLD_579_fwd,12060568.844819747,0.0,0.0,0,168
SUB_HIFLD_3986,SUB_HIFLD_586,meso_SUB_HIFLD_3986_SUB_HIFLD_586_fwd,5000000.0,0.0,0.0,0,168
SUB_HIFLD_3987,SUB_HIFLD_3198,meso_SUB_HIFLD_3987_SUB_HIFLD_3198_rev,60000000.0,8261170.211080639,24539260.9195873,0,168
SUB_HIFLD_3987,SUB_HIFLD_4321,meso_SUB_HIFLD_3987_SUB_HIFLD_4321_fwd,60000000.0,0.0,0.0,0,168
SUB_HIFLD_3988,SUB_HIFLD_2835,meso_SUB_HIFLD_3988_SUB_HIFLD_2835_rev,60000000.0,0.0,0.0,0,168
SUB_HIFLD_3989,SUB_HIFLD_865,meso_SUB_HIFLD_3989_SUB_HIFLD_865_fwd,33262328.62807545,0.0,0.0,0,168
SUB_HIFLD_3990,SUB_HIFLD_1448,meso_SUB_HIFLD_3990_SUB_HIFLD_1448_fwd,5000000.0,0.0,0.0,0,168
SUB_HIFLD_3991,SUB_HIFLD_825,meso_SUB_HIFLD_3991_SUB_HIFLD_825_fwd,60000000.0,50796.028750567675,457171.29997503903,0,168
SUB_HIFLD_3993,SUB_HIFLD_2555,meso_SUB_HIFLD_3993_SUB_HIFLD_2555_rev,60000000.0,3859578.823442252,9825691.553850574,0,168
SUB_HIFLD_3993,SUB_HIFLD_3678,meso_SUB_HIFLD_3993_SUB_HIFLD_3678_rev,60000000.0,2388183.9825866693,9931561.750007119,0,168
SUB_HIFLD_3994,SUB_HIFLD_3995,meso_SUB_HIFLD_3994_SUB_HIFLD_3995_fwd,60000000.0,533071.7541411847,1294879.8169794772,0,168
SUB_HIFLD_3994,SUB_HIFLD_2555,meso_SUB_HIFLD_3994_SUB_HIFLD_2555_fwd,10562785.20018679,2541152.2054265505,10562785.20018679,25,168
SUB_HIFLD_3995,SUB_HIFLD_3994,meso_SUB_HIFLD_3995_SUB_HIFLD_3994_rev,60000000.0,3070399.611145989,12482177.300198108,0,168
SUB_HIFLD_3996,SUB_HIFLD_3149,meso_SUB_HIFLD_3996_SUB_HIFLD_3149_rev,60000000.0,0.0,0.0,0,168
SUB_HIFLD_3997,SUB_HIFLD_434,meso_SUB_HIFLD_3997_SUB_HIFLD_434_fwd,60000000.0,0.0,0.0,0,168
SUB_HIFLD_3999,SUB_HIFLD_1126,meso_SUB_HIFLD_3999_SUB_HIFLD_1126_fwd,8479972.079173844,284610.123586087,558858.8333129889,0,168
SUB_HIFLD_4000,SUB_HIFLD_860,meso_SUB_HIFLD_4000_SUB_HIFLD_860_fwd,5000000.0,0.0,0.0,0,168
SUB_HIFLD_4001,SUB_HIFLD_3679,meso_SUB_HIFLD_4001_SUB_HIFLD_3679_fwd,13192181.654369721,0.0,0.0,0,168
SUB_HIFLD_4002,SUB_HIFLD_1126,meso_SUB_HIFLD_4002_SUB_HIFLD_1126_fwd,21309857.90622843,21309857.906228427,21309857.90622843,168,168
SUB_HIFLD_4003,SUB_HIFLD_3652,meso_SUB_HIFLD_4003_SUB_HIFLD_3652_fwd,5000000.0,0.0,0.0,0,168
SUB_HIFLD_4004,SUB_HIFLD_3439,meso_SUB_HIFLD_4004_SUB_HIFLD_3439_rev,80000000.0,0.0,0.0,0,168
SUB_HIFLD_4004,SUB_HIFLD_808,meso_SUB_HIFLD_4004_SUB_HIFLD_808_fwd,80000000.0,0.0,0.0,0,168
SUB_HIFLD_4004,SUB_HIFLD_832,meso_SUB_HIFLD_4004_SUB_HIFLD_832_fwd,80000000.0,0.0,0.0,0,168
SUB_HIFLD_4006,SUB_06313,meso_SUB_HIFLD_4006_SUB_06313_rev,60000000.0,0.0,0.0,0,168
SUB_HIFLD_4006,SUB_HIFLD_1371,meso_SUB_HIFLD_4006_SUB_HIFLD_1371_rev,60000000.0,2269693.98237293,4013201.444173597,0,168
SUB_HIFLD_4006,SUB_HIFLD_609,meso_SUB_HIFLD_4006_SUB_HIFLD_609_fwd,60000000.0,12170787.757532723,21942847.23640128,0,168
SUB_HIFLD_4006,SUB_HIFLD_653,meso_SUB_HIFLD_4006_SUB_HIFLD_653_fwd,60000000.0,0.0,0.0,0,168
SUB_HIFLD_4010,SUB_01201,meso_SUB_HIFLD_4010_SUB_01201_rev,150000000.0,8974899.150744846,9073292.54562378,0,168
SUB_HIFLD_4010,SUB_HIFLD_3824,meso_SUB_HIFLD_4010_SUB_HIFLD_3824_rev,150000000.0,0.0,0.0,0,168
SUB_HIFLD_4010,SUB_HIFLD_3825,meso_SUB_HIFLD_4010_SUB_HIFLD_3825_rev,150000000.0,0.0,0.0,0,168
SUB_HIFLD_4012,SUB_HIFLD_2385,meso_SUB_HIFLD_4012_SUB_HIFLD_2385_rev,80000000.0,0.0,0.0,0,168
SUB_HIFLD_4012,SUB_HIFLD_2395,meso_SUB_HIFLD_4012_SUB_HIFLD_2395_rev,80000000.0,35321381.13637822,80000000.0,7,168
SUB_HIFLD_4012,SUB_HIFLD_3637,meso_SUB_HIFLD_4012_SUB_HIFLD_3637_rev,80000000.0,16494176.500240842,29527861.227448452,0,168
SUB_HIFLD_4012,SUB_HIFLD_4271,meso_SUB_HIFLD_4012_SUB_HIFLD_4271_fwd,80000000.0,0.0,0.0,0,168
SUB_HIFLD_4013,SUB_HIFLD_653,meso_SUB_HIFLD_4013_SUB_HIFLD_653_fwd,60000000.0,0.0,0.0,0,168
SUB_HIFLD_4013,SUB_HIFLD_734,meso_SUB_HIFLD_4013_SUB_HIFLD_734_fwd,60000000.0,1322.5751318353707,222192.62214834229,0,168
SUB_HIFLD_4014,SUB_HIFLD_1652,meso_SUB_HIFLD_4014_SUB_HIFLD_1652_rev,80000000.0,0.0,0.0,0,168
SUB_HIFLD_4014,SUB_HIFLD_1684,meso_SUB_HIFLD_4014_SUB_HIFLD_1684_rev,80000000.0,13169633.635985032,27664841.57035277,0,168
SUB_HIFLD_4014,SUB_HIFLD_4287,meso_SUB_HIFLD_4014_SUB_HIFLD_4287_fwd,80000000.0,0.0,0.0,0,168
SUB_HIFLD_4016,SUB_HIFLD_2638,meso_SUB_HIFLD_4016_SUB_HIFLD_2638_rev,80000000.0,0.0,0.0,0,168
SUB_HIFLD_4016,SUB_HIFLD_4313,meso_SUB_HIFLD_4016_SUB_HIFLD_4313_fwd,150000000.0,0.0,0.0,0,168
SUB_HIFLD_4016,SUB_HIFLD_870,meso_SUB_HIFLD_4016_SUB_HIFLD_870_fwd,400000000.0,378708.96049140836,9699534.216919566,0,168
SUB_HIFLD_4017,SUB_HIFLD_2544,meso_SUB_HIFLD_4017_SUB_HIFLD_2544_rev,60000000.0,1831088.9758622113,5027076.888987002,0,168
SUB_HIFLD_4017,SUB_HIFLD_641,meso_SUB_HIFLD_4017_SUB_HIFLD_641_fwd,60000000.0,1423228.4894603016,4245312.481361541,0,168
SUB_HIFLD_4017,SUB_HIFLD_704,meso_SUB_HIFLD_4017_SUB_HIFLD_704_fwd,60000000.0,3702433.7494932413,6546527.144368922,0,168
SUB_HIFLD_4019,SUB_HIFLD_1924,meso_SUB_HIFLD_4019_SUB_HIFLD_1924_rev,80000000.0,44881361.55202908,75272000.0,0,168
SUB_HIFLD_4019,SUB_HIFLD_1971,meso_SUB_HIFLD_4019_SUB_HIFLD_1971_rev,80000000.0,0.0,0.0,0,168
SUB_HIFLD_4019,SUB_HIFLD_1983,meso_SUB_HIFLD_4019_SUB_HIFLD_1983_rev,80000000.0,12291758.573836356,75272000.0,0,168
SUB_HIFLD_4021,SUB_HIFLD_1653,meso_SUB_HIFLD_4021_SUB_HIFLD_1653_rev,80000000.0,0.0,0.0,0,168
SUB_HIFLD_4021,SUB_HIFLD_2482,meso_SUB_HIFLD_4021_SUB_HIFLD_2482_rev,80000000.0,0.0,0.0,0,168
SUB_HIFLD_4021,SUB_HIFLD_857,meso_SUB_HIFLD_4021_SUB_HIFLD_857_fwd,80000000.0,0.0,0.0,0,168
SUB_HIFLD_4022,SUB_16368,meso_SUB_HIFLD_4022_SUB_16368_rev,60000000.0,0.0,0.0,0,168
SUB_HIFLD_4022,SUB_16370,meso_SUB_HIFLD_4022_SUB_16370_rev,60000000.0,326463.5489627199,3846907.216494845,0,168
SUB_HIFLD_4022,SUB_HIFLD_1397,meso_SUB_HIFLD_4022_SUB_HIFLD_1397_rev,60000000.0,434839.0097288772,14142867.953363512,0,168
SUB_HIFLD_4023,SUB_HIFLD_1566,meso_SUB_HIFLD_4023_SUB_HIFLD_1566_rev,80000000.0,0.0,0.0,0,168
SUB_HIFLD_4023,SUB_HIFLD_2913,meso_SUB_HIFLD_4023_SUB_HIFLD_2913_rev,80000000.0,0.0,0.0,0,168
SUB_HIFLD_4023,SUB_HIFLD_2997,meso_SUB_HIFLD_4023_SUB_HIFLD_2997_rev,80000000.0,0.0,0.0,0,168
SUB_HIFLD_4024,SUB_HIFLD_1501,meso_SUB_HIFLD_4024_SUB_HIFLD_1501_rev,150000000.0,0.0,0.0,0,168
SUB_HIFLD_4024,SUB_HIFLD_544,meso_SUB_HIFLD_4024_SUB_HIFLD_544_fwd,150000000.0,1072712.9068387635,9225121.990316428,0,168
SUB_HIFLD_4025,SUB_HIFLD_549,meso_SUB_HIFLD_4025_SUB_HIFLD_549_fwd,150000000.0,53368876.07098104,141101643.30519867,0,168
SUB_HIFLD_4025,SUB_HIFLD_553,meso_SUB_HIFLD_4025_SUB_HIFLD_553_fwd,150000000.0,0.0,0.0,0,168
SUB_HIFLD_4025,SUB_HIFLD_554,meso_SUB_HIFLD_4025_SUB_HIFLD_554_fwd,150000000.0,23070904.111548338,39385733.79907842,0,168
SUB_HIFLD_4025,SUB_HIFLD_589,meso_SUB_HIFLD_4025_SUB_HIFLD_589_fwd,150000000.0,0.0,0.0,0,168
SUB_HIFLD_4027,SUB_HIFLD_1602,meso_SUB_HIFLD_4027_SUB_HIFLD_1602_rev,80000000.0,0.0,0.0,0,168
SUB_HIFLD_4027,SUB_HIFLD_3333,meso_SUB_HIFLD_4027_SUB_HIFLD_3333_rev,80000000.0,0.0,0.0,0,168
SUB_HIFLD_4027,SUB_HIFLD_3739,meso_SUB_HIFLD_4027_SUB_HIFLD_3739_rev,80000000.0,0.0,0.0,0,168
SUB_HIFLD_4028,SUB_HIFLD_2777,meso_SUB_HIFLD_4028_SUB_HIFLD_2777_rev,60000000.0,0.0,0.0,0,168
SUB_HIFLD_4028,SUB_HIFLD_2779,meso_SUB_HIFLD_4028_SUB_HIFLD_2779_rev,60000000.0,258606.47703422655,6603680.19969193,0,168
SUB_HIFLD_4028,SUB_HIFLD_733,meso_SUB_HIFLD_4028_SUB_HIFLD_733_fwd,60000000.0,30041439.151864212,60000000.0,9,168
SUB_HIFLD_4029,SUB_HIFLD_3513,meso_SUB_HIFLD_4029_SUB_HIFLD_3513_rev,80000000.0,0.0,0.0,0,168
SUB_HIFLD_4029,SUB_HIFLD_915,meso_SUB_HIFLD_4029_SUB_HIFLD_915_fwd,80000000.0,0.0,0.0,0,168
SUB_HIFLD_4029,SUB_HIFLD_956,meso_SUB_HIFLD_4029_SUB_HIFLD_956_fwd,80000000.0,18128616.97892258,22394518.162048973,0,168
SUB_HIFLD_4031,SUB_HIFLD_2807,meso_SUB_HIFLD_4031_SUB_HIFLD_2807_rev,80000000.0,0.0,0.0,0,168
SUB_HIFLD_4035,SUB_HIFLD_1667,meso_SUB_HIFLD_4035_SUB_HIFLD_1667_rev,80000000.0,0.0,0.0,0,168
SUB_HIFLD_4035,SUB_HIFLD_1722,meso_SUB_HIFLD_4035_SUB_HIFLD_1722_rev,80000000.0,0.0,0.0,0,168
SUB_HIFLD_4035,SUB_HIFLD_1776,meso_SUB_HIFLD_4035_SUB_HIFLD_1776_rev,80000000.0,0.0,0.0,0,168
SUB_HIFLD_4035,SUB_HIFLD_3473,meso_SUB_HIFLD_4035_SUB_HIFLD_3473_rev,80000000.0,0.0,0.0,0,168
SUB_HIFLD_4037,SUB_HIFLD_4079,meso_SUB_HIFLD_4037_SUB_HIFLD_4079_fwd,80000000.0,0.0,0.0,0,168
SUB_HIFLD_4038,SUB_HIFLD_1157,meso_SUB_HIFLD_4038_SUB_HIFLD_1157_rev,80000000.0,0.0,0.0,0,168
SUB_HIFLD_4038,SUB_HIFLD_3758,meso_SUB_HIFLD_4038_SUB_HIFLD_3758_rev,80000000.0,0.0,0.0,0,168
SUB_HIFLD_4038,SUB_HIFLD_4353,meso_SUB_HIFLD_4038_SUB_HIFLD_4353_fwd,80000000.0,67712027.07710297,80000000.0,97,168
SUB_HIFLD_4039,SUB_HIFLD_2378,meso_SUB_HIFLD_4039_SUB_HIFLD_2378_rev,80000000.0,0.0,0.0,0,168
SUB_HIFLD_4039,SUB_HIFLD_2381,meso_SUB_HIFLD_4039_SUB_HIFLD_2381_rev,80000000.0,0.0,0.0,0,168
SUB_HIFLD_4039,SUB_HIFLD_3458,meso_SUB_HIFLD_4039_SUB_HIFLD_3458_rev,80000000.0,0.0,0.0,0,168
SUB_HIFLD_4040,SUB_HIFLD_2912,meso_SUB_HIFLD_4040_SUB_HIFLD_2912_rev,80000000.0,0.0,0.0,0,168
SUB_HIFLD_4040,SUB_HIFLD_3970,meso_SUB_HIFLD_4040_SUB_HIFLD_3970_rev,80000000.0,0.0,0.0,0,168
SUB_HIFLD_4040,SUB_HIFLD_557,meso_SUB_HIFLD_4040_SUB_HIFLD_557_fwd,80000000.0,0.0,0.0,0,168
SUB_HIFLD_4040,SUB_HIFLD_560,meso_SUB_HIFLD_4040_SUB_HIFLD_560_fwd,80000000.0,0.0,0.0,0,168
SUB_HIFLD_4040,SUB_HIFLD_581,meso_SUB_HIFLD_4040_SUB_HIFLD_581_fwd,80000000.0,0.0,0.0,0,168
SUB_HIFLD_4043,SUB_HIFLD_1924,meso_SUB_HIFLD_4043_SUB_HIFLD_1924_rev,80000000.0,0.0,0.0,0,168
SUB_HIFLD_4043,SUB_HIFLD_1931,meso_SUB_HIFLD_4043_SUB_HIFLD_1931_rev,80000000.0,64324203.102381185,77600000.0,0,168
SUB_HIFLD_4045,SUB_HIFLD_4382,meso_SUB_HIFLD_4045_SUB_HIFLD_4382_fwd,60000000.0,0.0,0.0,0,168
SUB_HIFLD_4045,SUB_HIFLD_602,meso_SUB_HIFLD_4045_SUB_HIFLD_602_fwd,60000000.0,2230678.133540261,6547493.34276337,0,168
SUB_HIFLD_4045,SUB_HIFLD_718,meso_SUB_HIFLD_4045_SUB_HIFLD_718_fwd,60000000.0,2578999.5954267285,4560106.147687459,0,168
SUB_HIFLD_4046,SUB_HIFLD_2911,meso_SUB_HIFLD_4046_SUB_HIFLD_2911_rev,60000000.0,0.0,0.0,0,168
SUB_HIFLD_4050,SUB_HIFLD_1468,meso_SUB_HIFLD_4050_SUB_HIFLD_1468_rev,80000000.0,0.0,0.0,0,168
SUB_HIFLD_4050,SUB_HIFLD_2622,meso_SUB_HIFLD_4050_SUB_HIFLD_2622_rev,80000000.0,0.0,0.0,0,168
SUB_HIFLD_4050,SUB_HIFLD_805,meso_SUB_HIFLD_4050_SUB_HIFLD_805_fwd,80000000.0,0.0,0.0,0,168
SUB_HIFLD_4050,SUB_HIFLD_3004,meso_SUB_HIFLD_4050_SUB_HIFLD_3004_rev,5000000.0,2597169.1308562285,2968299.472454897,0,168
SUB_HIFLD_4052,SUB_HIFLD_1553,meso_SUB_HIFLD_4052_SUB_HIFLD_1553_rev,80000000.0,0.0,0.0,0,168
SUB_HIFLD_4052,SUB_HIFLD_1943,meso_SUB_HIFLD_4052_SUB_HIFLD_1943_rev,80000000.0,0.0,0.0,0,168
SUB_HIFLD_4052,SUB_HIFLD_1964,meso_SUB_HIFLD_4052_SUB_HIFLD_1964_rev,80000000.0,0.0,0.0,0,168
SUB_HIFLD_4055,SUB_HIFLD_1055,meso_SUB_HIFLD_4055_SUB_HIFLD_1055_rev,60000000.0,0.0,0.0,0,168
SUB_HIFLD_4058,SUB_HIFLD_1935,meso_SUB_HIFLD_4058_SUB_HIFLD_1935_rev,80000000.0,0.0,0.0,0,168
SUB_HIFLD_4058,SUB_HIFLD_1947,meso_SUB_HIFLD_4058_SUB_HIFLD_1947_rev,80000000.0,0.0,0.0,0,168
SUB_HIFLD_4058,SUB_HIFLD_2943,meso_SUB_HIFLD_4058_SUB_HIFLD_2943_rev,80000000.0,0.0,0.0,0,168
SUB_HIFLD_4059,SUB_HIFLD_2514,meso_SUB_HIFLD_4059_SUB_HIFLD_2514_rev,80000000.0,0.0,0.0,0,168
SUB_HIFLD_4061,SUB_HIFLD_1640,meso_SUB_HIFLD_4061_SUB_HIFLD_1640_rev,80000000.0,0.0,0.0,0,168
SUB_HIFLD_4061,SUB_HIFLD_1945,meso_SUB_HIFLD_4061_SUB_HIFLD_1945_rev,80000000.0,0.0,0.0,0,168
SUB_HIFLD_4061,SUB_HIFLD_3319,meso_SUB_HIFLD_4061_SUB_HIFLD_3319_rev,80000000.0,0.0,0.0,0,168
SUB_HIFLD_4062,SUB_HIFLD_2763,meso_SUB_HIFLD_4062_SUB_HIFLD_2763_rev,80000000.0,0.0,0.0,0,168
SUB_HIFLD_4062,SUB_HIFLD_4322,meso_SUB_HIFLD_4062_SUB_HIFLD_4322_fwd,80000000.0,0.0,0.0,0,168
SUB_HIFLD_4062,SUB_HIFLD_864,meso_SUB_HIFLD_4062_SUB_HIFLD_864_fwd,80000000.0,0.0,0.0,0,168
SUB_HIFLD_4068,SUB_HIFLD_1213,meso_SUB_HIFLD_4068_SUB_HIFLD_1213_rev,80000000.0,0.0,0.0,0,168
SUB_HIFLD_4068,SUB_HIFLD_3073,meso_SUB_HIFLD_4068_SUB_HIFLD_3073_rev,80000000.0,0.0,0.0,0,168
SUB_HIFLD_4068,SUB_HIFLD_396,meso_SUB_HIFLD_4068_SUB_HIFLD_396_rev,80000000.0,10235832.808531579,10237252.485466003,0,168
SUB_HIFLD_4071,SUB_HIFLD_553,meso_SUB_HIFLD_4071_SUB_HIFLD_553_fwd,150000000.0,0.0,0.0,0,168
SUB_HIFLD_4071,SUB_HIFLD_589,meso_SUB_HIFLD_4071_SUB_HIFLD_589_fwd,150000000.0,0.0,0.0,0,168
SUB_HIFLD_4071,SUB_HIFLD_549,meso_SUB_HIFLD_4071_SUB_HIFLD_549_fwd,150000000.0,3853106.6262311405,145500000.0,0,168
SUB_HIFLD_4072,SUB_HIFLD_4422,meso_SUB_HIFLD_4072_SUB_HIFLD_4422_fwd,5338599.724662953,0.0,0.0,0,168
SUB_HIFLD_4073,SUB_HIFLD_1538,meso_SUB_HIFLD_4073_SUB_HIFLD_1538_rev,80000000.0,0.0,0.0,0,168
SUB_HIFLD_4075,SUB_HIFLD_1684,meso_SUB_HIFLD_4075_SUB_HIFLD_1684_rev,80000000.0,31633538.933683146,45528289.0625,0,168
SUB_HIFLD_4075,SUB_HIFLD_2983,meso_SUB_HIFLD_4075_SUB_HIFLD_2983_rev,80000000.0,0.0,0.0,0,168
SUB_HIFLD_4077,SUB_HIFLD_523,meso_SUB_HIFLD_4077_SUB_HIFLD_523_fwd,5000000.0,0.0,0.0,0,168
SUB_HIFLD_4079,SUB_HIFLD_3417,meso_SUB_HIFLD_4079_SUB_HIFLD_3417_rev,80000000.0,0.0,0.0,0,168
SUB_HIFLD_4079,SUB_HIFLD_3746,meso_SUB_HIFLD_4079_SUB_HIFLD_3746_rev,80000000.0,0.0,0.0,0,168
SUB_HIFLD_4079,SUB_HIFLD_4037,meso_SUB_HIFLD_4079_SUB_HIFLD_4037_rev,80000000.0,0.0,0.0,0,168
SUB_HIFLD_4080,SUB_HIFLD_2167,meso_SUB_HIFLD_4080_SUB_HIFLD_2167_rev,150000000.0,0.0,0.0,0,168
SUB_HIFLD_4080,SUB_HIFLD_4097,meso_SUB_HIFLD_4080_SUB_HIFLD_4097_fwd,150000000.0,0.0,0.0,0,168
SUB_HIFLD_4080,SUB_HIFLD_4323,meso_SUB_HIFLD_4080_SUB_HIFLD_4323_fwd,150000000.0,0.0,0.0,0,168
SUB_HIFLD_4081,SUB_HIFLD_2984,meso_SUB_HIFLD_4081_SUB_HIFLD_2984_rev,60000000.0,0.0,0.0,0,168
SUB_HIFLD_4081,SUB_HIFLD_2988,meso_SUB_HIFLD_4081_SUB_HIFLD_2988_rev,60000000.0,0.0,0.0,0,168
SUB_HIFLD_4081,SUB_HIFLD_3190,meso_SUB_HIFLD_4081_SUB_HIFLD_3190_rev,60000000.0,2820421.1048460756,17694444.92401201,0,168
SUB_HIFLD_4083,SUB_HIFLD_2842,meso_SUB_HIFLD_4083_SUB_HIFLD_2842_rev,60000000.0,37980694.52306282,60000000.0,17,168
SUB_HIFLD_4083,SUB_HIFLD_1382,meso_SUB_HIFLD_4083_SUB_HIFLD_1382_rev,400000000.0,0.0,0.0,0,168
SUB_HIFLD_4083,SUB_HIFLD_736,meso_SUB_HIFLD_4083_SUB_HIFLD_736_fwd,400000000.0,0.0,0.0,0,168
SUB_HIFLD_4083,SUB_HIFLD_758,meso_SUB_HIFLD_4083_SUB_HIFLD_758_fwd,80000000.0,0.0,0.0,0,168
SUB_HIFLD_4083,SUB_HIFLD_2908,meso_SUB_HIFLD_4083_SUB_HIFLD_2908_rev,6127760.845520822,2635349.8332128525,4625549.267673481,0,168
SUB_HIFLD_4083,SUB_HIFLD_694,meso_SUB_HIFLD_4083_SUB_HIFLD_694_rev,5000000.0,751033.2805535696,1327953.4959301506,0,168
SUB_HIFLD_4084,SUB_HIFLD_3305,meso_SUB_HIFLD_4084_SUB_HIFLD_3305_rev,60000000.0,0.0,0.0,0,168
SUB_HIFLD_4084,SUB_HIFLD_709,meso_SUB_HIFLD_4084_SUB_HIFLD_709_fwd,60000000.0,394544.35186755966,697620.9266898559,0,168
SUB_HIFLD_4086,SUB_HIFLD_1659,meso_SUB_HIFLD_4086_SUB_HIFLD_1659_rev,80000000.0,0.0,0.0,0,168
SUB_HIFLD_4086,SUB_HIFLD_2423,meso_SUB_HIFLD_4086_SUB_HIFLD_2423_rev,80000000.0,0.0,0.0,0,168
SUB_HIFLD_4086,SUB_HIFLD_2426,meso_SUB_HIFLD_4086_SUB_HIFLD_2426_rev,80000000.0,0.0,0.0,0,168
SUB_HIFLD_4086,SUB_HIFLD_4328,meso_SUB_HIFLD_4086_SUB_HIFLD_4328_fwd,80000000.0,5538827.934618459,22602533.85308773,0,168
SUB_HIFLD_4087,SUB_HIFLD_2802,meso_SUB_HIFLD_4087_SUB_HIFLD_2802_rev,60000000.0,0.0,0.0,0,168
SUB_HIFLD_4087,SUB_HIFLD_3118,meso_SUB_HIFLD_4087_SUB_HIFLD_3118_rev,60000000.0,0.0,0.0,0,168
SUB_HIFLD_4087,SUB_HIFLD_4317,meso_SUB_HIFLD_4087_SUB_HIFLD_4317_fwd,60000000.0,12534504.923628327,22163117.367134977,0,168
SUB_HIFLD_4089,SUB_HIFLD_1529,meso_SUB_HIFLD_4089_SUB_HIFLD_1529_rev,80000000.0,0.0,0.0,0,168
SUB_HIFLD_4089,SUB_HIFLD_1651,meso_SUB_HIFLD_4089_SUB_HIFLD_1651_rev,80000000.0,0.0,0.0,0,168
SUB_HIFLD_4089,SUB_HIFLD_3948,meso_SUB_HIFLD_4089_SUB_HIFLD_3948_rev,80000000.0,0.0,0.0,0,168
SUB_HIFLD_4089,SUB_HIFLD_4283,meso_SUB_HIFLD_4089_SUB_HIFLD_4283_fwd,80000000.0,4545774.551630701,9431316.654952532,0,168
SUB_HIFLD_4093,SUB_HIFLD_2544,meso_SUB_HIFLD_4093_SUB_HIFLD_2544_rev,60000000.0,0.0,0.0,0,168
SUB_HIFLD_4093,SUB_HIFLD_2822,meso_SUB_HIFLD_4093_SUB_HIFLD_2822_rev,60000000.0,8543.75391319917,776714.6441270269,0,168
SUB_HIFLD_4093,SUB_HIFLD_685,meso_SUB_HIFLD_4093_SUB_HIFLD_685_fwd,60000000.0,1209157.5157256785,3407190.4762504026,0,168
SUB_HIFLD_4094,SUB_HIFLD_2287,meso_SUB_HIFLD_4094_SUB_HIFLD_2287_rev,150000000.0,0.0,0.0,0,168
SUB_HIFLD_4094,SUB_HIFLD_2291,meso_SUB_HIFLD_4094_SUB_HIFLD_2291_rev,60000000.0,28377597.624518815,36899310.62215854,0,168
SUB_HIFLD_4094,SUB_HIFLD_3048,meso_SUB_HIFLD_4094_SUB_HIFLD_3048_rev,60000000.0,0.0,0.0,0,168
SUB_HIFLD_4094,SUB_HIFLD_4173,meso_SUB_HIFLD_4094_SUB_HIFLD_4173_fwd,150000000.0,10998930.587735852,18506141.269329898,0,168
SUB_HIFLD_4094,SUB_HIFLD_4355,meso_SUB_HIFLD_4094_SUB_HIFLD_4355_fwd,60000000.0,5785125.125865171,25214844.91262356,0,168
SUB_HIFLD_4097,SUB_HIFLD_1311,meso_SUB_HIFLD_4097_SUB_HIFLD_1311_rev,150000000.0,0.0,0.0,0,168
SUB_HIFLD_4097,SUB_HIFLD_4080,meso_SUB_HIFLD_4097_SUB_HIFLD_4080_rev,150000000.0,1044041.6196469205,2275564.386426788,0,168
SUB_HIFLD_4097,SUB_HIFLD_4413,meso_SUB_HIFLD_4097_SUB_HIFLD_4413_fwd,150000000.0,0.0,0.0,0,168
SUB_HIFLD_4100,SUB_HIFLD_3125,meso_SUB_HIFLD_4100_SUB_HIFLD_3125_rev,60000000.0,0.0,0.0,0,168
SUB_HIFLD_4100,SUB_HIFLD_3518,meso_SUB_HIFLD_4100_SUB_HIFLD_3518_rev,60000000.0,2067769.0132142988,3656164.1653788458,0,168
SUB_HIFLD_4100,SUB_HIFLD_773,meso_SUB_HIFLD_4100_SUB_HIFLD_773_fwd,60000000.0,12779662.296812838,27420820.53226784,0,168
SUB_HIFLD_4100,SUB_HIFLD_777,meso_SUB_HIFLD_4100_SUB_HIFLD_777_rev,10410370.026397744,5297394.650580547,9366686.476874597,0,168
SUB_HIFLD_4102,SUB_HIFLD_1679,meso_SUB_HIFLD_4102_SUB_HIFLD_1679_rev,80000000.0,0.0,0.0,0,168
SUB_HIFLD_4102,SUB_HIFLD_1747,meso_SUB_HIFLD_4102_SUB_HIFLD_1747_rev,80000000.0,33034486.36941642,77600000.0,0,168
SUB_HIFLD_4102,SUB_HIFLD_1972,meso_SUB_HIFLD_4102_SUB_HIFLD_1972_rev,80000000.0,840866.0504419418,33734183.91591495,0,168
SUB_HIFLD_4102,SUB_HIFLD_2653,meso_SUB_HIFLD_4102_SUB_HIFLD_2653_rev,80000000.0,0.0,0.0,0,168
SUB_HIFLD_4103,SUB_HIFLD_2303,meso_SUB_HIFLD_4103_SUB_HIFLD_2303_rev,80000000.0,0.0,0.0,0,168
SUB_HIFLD_4103,SUB_HIFLD_2305,meso_SUB_HIFLD_4103_SUB_HIFLD_2305_rev,80000000.0,8910308.080639027,35213558.48803963,0,168
SUB_HIFLD_4103,SUB_HIFLD_2308,meso_SUB_HIFLD_4103_SUB_HIFLD_2308_rev,80000000.0,0.0,0.0,0,168
SUB_HIFLD_4103,SUB_HIFLD_2311,meso_SUB_HIFLD_4103_SUB_HIFLD_2311_rev,80000000.0,0.0,0.0,0,168
SUB_HIFLD_4104,SUB_HIFLD_2369,meso_SUB_HIFLD_4104_SUB_HIFLD_2369_rev,80000000.0,0.0,0.0,0,168
SUB_HIFLD_4104,SUB_HIFLD_2391,meso_SUB_HIFLD_4104_SUB_HIFLD_2391_rev,80000000.0,0.0,0.0,0,168
SUB_HIFLD_4105,SUB_HIFLD_3135,meso_SUB_HIFLD_4105_SUB_HIFLD_3135_rev,60000000.0,3681839.494419613,6510113.053469314,0,168
SUB_HIFLD_4105,SUB_HIFLD_4341,meso_SUB_HIFLD_4105_SUB_HIFLD_4341_fwd,60000000.0,3739279.8122516475,10342373.154815564,0,168
SUB_HIFLD_4105,SUB_HIFLD_637,meso_SUB_HIFLD_4105_SUB_HIFLD_637_fwd,60000000.0,0.0,0.0,0,168
SUB_HIFLD_4106,SUB_HIFLD_1624,meso_SUB_HIFLD_4106_SUB_HIFLD_1624_rev,80000000.0,0.0,0.0,0,168
SUB_HIFLD_4106,SUB_HIFLD_1668,meso_SUB_HIFLD_4106_SUB_HIFLD_1668_rev,80000000.0,30731008.062088005,30731008.062088,0,168
SUB_HIFLD_4106,SUB_HIFLD_1709,meso_SUB_HIFLD_4106_SUB_HIFLD_1709_rev,80000000.0,0.0,0.0,0,168
SUB_HIFLD_4107,SUB_HIFLD_623,meso_SUB_HIFLD_4107_SUB_HIFLD_623_fwd,60000000.0,0.0,0.0,0,168
SUB_HIFLD_4109,SUB_HIFLD_1672,meso_SUB_HIFLD_4109_SUB_HIFLD_1672_rev,80000000.0,50164745.417083696,80000000.0,9,168
SUB_HIFLD_4109,SUB_HIFLD_4187,meso_SUB_HIFLD_4109_SUB_HIFLD_4187_fwd,150000000.0,0.0,0.0,0,168
SUB_HIFLD_4109,SUB_HIFLD_490,meso_SUB_HIFLD_4109_SUB_HIFLD_490_fwd,150000000.0,0.0,0.0,0,168
SUB_HIFLD_4109,SUB_HIFLD_499,meso_SUB_HIFLD_4109_SUB_HIFLD_499_fwd,150000000.0,0.0,0.0,0,168
SUB_HIFLD_4109,SUB_HIFLD_3428,meso_SUB_HIFLD_4109_SUB_HIFLD_3428_rev,200000000.0,0.0,0.0,0,168
SUB_HIFLD_4109,SUB_HIFLD_487,meso_SUB_HIFLD_4109_SUB_HIFLD_487_fwd,200000000.0,0.0,0.0,0,168
SUB_HIFLD_4111,SUB_HIFLD_907,meso_SUB_HIFLD_4111_SUB_HIFLD_907_fwd,80000000.0,0.0,0.0,0,168
SUB_HIFLD_4111,SUB_HIFLD_947,meso_SUB_HIFLD_4111_SUB_HIFLD_947_fwd,80000000.0,0.0,0.0,0,168
SUB_HIFLD_4111,SUB_HIFLD_974,meso_SUB_HIFLD_4111_SUB_HIFLD_974_fwd,80000000.0,6485391.875816201,8116633.401457797,0,168
SUB_HIFLD_4114,SUB_HIFLD_3704,meso_SUB_HIFLD_4114_SUB_HIFLD_3704_rev,80000000.0,0.0,0.0,0,168
SUB_HIFLD_4118,SUB_HIFLD_1028,meso_SUB_HIFLD_4118_SUB_HIFLD_1028_rev,80000000.0,73540757.74998324,80000000.0,141,168
SUB_HIFLD_4122,SUB_HIFLD_1647,meso_SUB_HIFLD_4122_SUB_HIFLD_1647_rev,80000000.0,0.0,0.0,0,168
SUB_HIFLD_4122,SUB_HIFLD_1653,meso_SUB_HIFLD_4122_SUB_HIFLD_1653_rev,80000000.0,3205619.7456977926,28628943.953467283,0,168
SUB_HIFLD_4122,SUB_HIFLD_857,meso_SUB_HIFLD_4122_SUB_HIFLD_857_fwd,80000000.0,0.0,0.0,0,168
SUB_HIFLD_4123,SUB_HIFLD_1928,meso_SUB_HIFLD_4123_SUB_HIFLD_1928_fwd,5000000.0,0.0,0.0,0,168
SUB_HIFLD_4125,SUB_HIFLD_2678,meso_SUB_HIFLD_4125_SUB_HIFLD_2678_rev,80000000.0,11826.019449154435,1986771.267457945,0,168
SUB_HIFLD_4125,SUB_HIFLD_3699,meso_SUB_HIFLD_4125_SUB_HIFLD_3699_rev,80000000.0,0.0,0.0,0,168
SUB_HIFLD_4125,SUB_HIFLD_4145,meso_SUB_HIFLD_4125_SUB_HIFLD_4145_fwd,80000000.0,1751782.8397566658,20349150.352871295,0,168
SUB_HIFLD_4125,SUB_HIFLD_2950,meso_SUB_HIFLD_4125_SUB_HIFLD_2950_rev,100061538.93043189,35468177.65411466,62005909.839118876,0,168
SUB_HIFLD_4126,SUB_HIFLD_3923,meso_SUB_HIFLD_4126_SUB_HIFLD_3923_rev,60000000.0,0.0,0.0,0,168
SUB_HIFLD_4126,SUB_HIFLD_554,meso_SUB_HIFLD_4126_SUB_HIFLD_554_fwd,60000000.0,0.0,0.0,0,168
SUB_HIFLD_4127,SUB_16368,meso_SUB_HIFLD_4127_SUB_16368_rev,450000000.0,4109410.1891574403,4152677.873134613,0,168
SUB_HIFLD_4127,SUB_HIFLD_597,meso_SUB_HIFLD_4127_SUB_HIFLD_597_fwd,150000000.0,0.0,0.0,0,168
SUB_HIFLD_4129,SUB_HIFLD_1927,meso_SUB_HIFLD_4129_SUB_HIFLD_1927_rev,80000000.0,0.0,0.0,0,168
SUB_HIFLD_4129,SUB_HIFLD_2693,meso_SUB_HIFLD_4129_SUB_HIFLD_2693_rev,80000000.0,0.0,0.0,0,168
SUB_HIFLD_4133,SUB_HIFLD_2615,meso_SUB_HIFLD_4133_SUB_HIFLD_2615_rev,800000000.0,50032738.0952381,191750000.00000003,0,168
SUB_HIFLD_4135,SUB_HIFLD_2643,meso_SUB_HIFLD_4135_SUB_HIFLD_2643_rev,80000000.0,0.0,0.0,0,168
SUB_HIFLD_4135,SUB_HIFLD_3911,meso_SUB_HIFLD_4135_SUB_HIFLD_3911_rev,80000000.0,0.0,0.0,0,168
SUB_HIFLD_4135,SUB_HIFLD_4326,meso_SUB_HIFLD_4135_SUB_HIFLD_4326_fwd,80000000.0,480154.14074262354,970000.0,0,168
SUB_HIFLD_4136,SUB_HIFLD_4142,meso_SUB_HIFLD_4136_SUB_HIFLD_4142_fwd,80000000.0,0.0,0.0,0,168
SUB_HIFLD_4136,SUB_HIFLD_4228,meso_SUB_HIFLD_4136_SUB_HIFLD_4228_fwd,80000000.0,0.0,0.0,0,168
SUB_HIFLD_4137,SUB_HIFLD_1562,meso_SUB_HIFLD_4137_SUB_HIFLD_1562_rev,80000000.0,0.0,0.0,0,168
SUB_HIFLD_4137,SUB_HIFLD_1650,meso_SUB_HIFLD_4137_SUB_HIFLD_1650_rev,80000000.0,0.0,0.0,0,168
SUB_HIFLD_4138,SUB_HIFLD_2691,meso_SUB_HIFLD_4138_SUB_HIFLD_2691_fwd,51002480.76554541,0.0,0.0,0,168
SUB_HIFLD_4139,SUB_HIFLD_1576,meso_SUB_HIFLD_4139_SUB_HIFLD_1576_rev,80000000.0,0.0,0.0,0,168
SUB_HIFLD_4139,SUB_HIFLD_1660,meso_SUB_HIFLD_4139_SUB_HIFLD_1660_rev,80000000.0,7021119.279496361,22678510.08778995,0,168
SUB_HIFLD_4139,SUB_HIFLD_3768,meso_SUB_HIFLD_4139_SUB_HIFLD_3768_rev,80000000.0,279842.9461768684,5848273.144217885,0,168
SUB_HIFLD_4140,SUB_HIFLD_1989,meso_SUB_HIFLD_4140_SUB_HIFLD_1989_rev,80000000.0,0.0,0.0,0,168
SUB_HIFLD_4140,SUB_HIFLD_3915,meso_SUB_HIFLD_4140_SUB_HIFLD_3915_rev,80000000.0,0.0,0.0,0,168
SUB_HIFLD_4140,SUB_HIFLD_4246,meso_SUB_HIFLD_4140_SUB_HIFLD_4246_fwd,80000000.0,0.0,0.0,0,168
SUB_HIFLD_4141,SUB_HIFLD_1501,meso_SUB_HIFLD_4141_SUB_HIFLD_1501_rev,150000000.0,25987258.90004502,125100052.14952394,0,168
SUB_HIFLD_4141,SUB_HIFLD_1503,meso_SUB_HIFLD_4141_SUB_HIFLD_1503_rev,150000000.0,0.0,0.0,0,168
SUB_HIFLD_4141,SUB_HIFLD_3481,meso_SUB_HIFLD_4141_SUB_HIFLD_3481_rev,150000000.0,0.0,0.0,0,168
SUB_HIFLD_4142,SUB_HIFLD_4136,meso_SUB_HIFLD_4142_SUB_HIFLD_4136_rev,80000000.0,0.0,0.0,0,168
SUB_HIFLD_4142,SUB_HIFLD_4257,meso_SUB_HIFLD_4142_SUB_HIFLD_4257_fwd,80000000.0,0.0,0.0,0,168
SUB_HIFLD_4143,SUB_HIFLD_1523,meso_SUB_HIFLD_4143_SUB_HIFLD_1523_fwd,139925572.84788823,0.0,0.0,0,168
SUB_HIFLD_4145,SUB_HIFLD_3697,meso_SUB_HIFLD_4145_SUB_HIFLD_3697_rev,80000000.0,0.0,0.0,0,168
SUB_HIFLD_4145,SUB_HIFLD_4125,meso_SUB_HIFLD_4145_SUB_HIFLD_4125_rev,80000000.0,16834.508865411837,2260571.011099222,0,168
SUB_HIFLD_4146,SUB_HIFLD_862,meso_SUB_HIFLD_4146_SUB_HIFLD_862_fwd,60000000.0,699278.6382193333,2679978.829528,0,168
SUB_HIFLD_4147,SUB_HIFLD_2297,meso_SUB_HIFLD_4147_SUB_HIFLD_2297_fwd,5000000.0,0.0,0.0,0,168
SUB_HIFLD_4151,SUB_HIFLD_1969,meso_SUB_HIFLD_4151_SUB_HIFLD_1969_rev,80000000.0,0.0,0.0,0,168
SUB_HIFLD_4151,SUB_HIFLD_4225,meso_SUB_HIFLD_4151_SUB_HIFLD_4225_fwd,80000000.0,1978800.0,1978800.0,0,168
SUB_HIFLD_4151,SUB_HIFLD_3410,meso_SUB_HIFLD_4151_SUB_HIFLD_3410_rev,5000000.0,0.0,0.0,0,168
SUB_HIFLD_4151,SUB_HIFLD_4206,meso_SUB_HIFLD_4151_SUB_HIFLD_4206_rev,5000000.0,0.0,0.0,0,168
SUB_HIFLD_4152,SUB_HIFLD_2930,meso_SUB_HIFLD_4152_SUB_HIFLD_2930_rev,80000000.0,0.0,0.0,0,168
SUB_HIFLD_4152,SUB_HIFLD_3297,meso_SUB_HIFLD_4152_SUB_HIFLD_3297_rev,80000000.0,27413777.913300473,48951536.86305825,0,168
SUB_HIFLD_4152,SUB_HIFLD_4190,meso_SUB_HIFLD_4152_SUB_HIFLD_4190_fwd,80000000.0,0.0,0.0,0,168
SUB_HIFLD_4153,SUB_HIFLD_728,meso_SUB_HIFLD_4153_SUB_HIFLD_728_fwd,60000000.0,0.0,0.0,0,168
SUB_HIFLD_4154,SUB_HIFLD_1260,meso_SUB_HIFLD_4154_SUB_HIFLD_1260_rev,80000000.0,0.0,0.0,0,168
SUB_HIFLD_4154,SUB_HIFLD_1603,meso_SUB_HIFLD_4154_SUB_HIFLD_1603_rev,80000000.0,0.0,0.0,0,168
SUB_HIFLD_4156,SUB_HIFLD_3905,meso_SUB_HIFLD_4156_SUB_HIFLD_3905_fwd,5000000.0,0.0,0.0,0,168
SUB_HIFLD_4157,SUB_HIFLD_4276,meso_SUB_HIFLD_4157_SUB_HIFLD_4276_fwd,60000000.0,8551673.519310614,15225464.784109524,0,168
SUB_HIFLD_4157,SUB_HIFLD_640,meso_SUB_HIFLD_4157_SUB_HIFLD_640_fwd,60000000.0,0.0,0.0,0,168
SUB_HIFLD_4157,SUB_HIFLD_703,meso_SUB_HIFLD_4157_SUB_HIFLD_703_fwd,60000000.0,0.0,0.0,0,168
SUB_HIFLD_4157,SUB_HIFLD_785,meso_SUB_HIFLD_4157_SUB_HIFLD_785_fwd,60000000.0,0.0,0.0,0,168
SUB_HIFLD_4158,SUB_HIFLD_2654,meso_SUB_HIFLD_4158_SUB_HIFLD_2654_rev,150000000.0,875866.8240353997,2859651.6088112113,0,168
SUB_HIFLD_4158,SUB_HIFLD_447,meso_SUB_HIFLD_4158_SUB_HIFLD_447_fwd,150000000.0,163061.43930244556,1151070.648575961,0,168
SUB_HIFLD_4159,SUB_HIFLD_1769,meso_SUB_HIFLD_4159_SUB_HIFLD_1769_rev,80000000.0,0.0,0.0,0,168
SUB_HIFLD_4159,SUB_HIFLD_3761,meso_SUB_HIFLD_4159_SUB_HIFLD_3761_rev,80000000.0,45645569.19478958,61357096.42207289,0,168
SUB_HIFLD_4159,SUB_HIFLD_3762,meso_SUB_HIFLD_4159_SUB_HIFLD_3762_rev,80000000.0,0.0,0.0,0,168
SUB_HIFLD_4162,SUB_HIFLD_1156,meso_SUB_HIFLD_4162_SUB_HIFLD_1156_rev,400000000.0,11428.57142857143,960000.0,0,168
SUB_HIFLD_4162,SUB_HIFLD_3570,meso_SUB_HIFLD_4162_SUB_HIFLD_3570_rev,400000000.0,902857.1428571428,960000.0,0,168
SUB_HIFLD_4162,WEC_LADW,iface_SUB_HIFLD_4162_WEC_LADW_to_ba,20000000.0,45714.28571428572,960000.0,0,168
SUB_HIFLD_4163,SUB_HIFLD_4317,meso_SUB_HIFLD_4163_SUB_HIFLD_4317_fwd,60000000.0,0.0,0.0,0,168
SUB_HIFLD_4164,SUB_HIFLD_1927,meso_SUB_HIFLD_4164_SUB_HIFLD_1927_rev,80000000.0,0.0,0.0,0,168
SUB_HIFLD_4164,SUB_HIFLD_1939,meso_SUB_HIFLD_4164_SUB_HIFLD_1939_rev,80000000.0,0.0,0.0,0,168
SUB_HIFLD_4164,SUB_HIFLD_4392,meso_SUB_HIFLD_4164_SUB_HIFLD_4392_fwd,80000000.0,9828000.674932377,14314136.460935004,0,168
SUB_HIFLD_4165,SUB_HIFLD_2875,meso_SUB_HIFLD_4165_SUB_HIFLD_2875_rev,80000000.0,0.0,0.0,0,168
SUB_HIFLD_4165,SUB_HIFLD_2930,meso_SUB_HIFLD_4165_SUB_HIFLD_2930_rev,80000000.0,0.0,0.0,0,168
SUB_HIFLD_4166,SUB_HIFLD_1566,meso_SUB_HIFLD_4166_SUB_HIFLD_1566_rev,80000000.0,0.0,0.0,0,168
SUB_HIFLD_4166,SUB_HIFLD_1619,meso_SUB_HIFLD_4166_SUB_HIFLD_1619_rev,80000000.0,24017784.64189664,53053010.05301667,0,168
SUB_HIFLD_4166,SUB_HIFLD_3319,meso_SUB_HIFLD_4166_SUB_HIFLD_3319_rev,80000000.0,0.0,0.0,0,168
SUB_HIFLD_4169,SUB_HIFLD_3387,meso_SUB_HIFLD_4169_SUB_HIFLD_3387_rev,400000000.0,2491463.601222386,5154639.175257732,0,168
SUB_HIFLD_4170,SUB_HIFLD_4320,meso_SUB_HIFLD_4170_SUB_HIFLD_4320_fwd,80000000.0,0.0,0.0,0,168
SUB_HIFLD_4170,SUB_HIFLD_805,meso_SUB_HIFLD_4170_SUB_HIFLD_805_fwd,80000000.0,0.0,0.0,0,168
SUB_HIFLD_4171,SUB_HIFLD_683,meso_SUB_HIFLD_4171_SUB_HIFLD_683_fwd,60000000.0,10489380.623062314,18294234.795843534,0,168
SUB_HIFLD_4171,SUB_HIFLD_684,meso_SUB_HIFLD_4171_SUB_HIFLD_684_fwd,60000000.0,1135167.706779364,2007167.9026810164,0,168
SUB_HIFLD_4171,SUB_HIFLD_717,meso_SUB_HIFLD_4171_SUB_HIFLD_717_fwd,60000000.0,0.0,0.0,0,168
SUB_HIFLD_4172,SUB_HIFLD_2437,meso_SUB_HIFLD_4172_SUB_HIFLD_2437_rev,80000000.0,0.0,0.0,0,168
SUB_HIFLD_4173,SUB_HIFLD_4094,meso_SUB_HIFLD_4173_SUB_HIFLD_4094_rev,150000000.0,0.0,0.0,0,168
SUB_HIFLD_4173,SUB_HIFLD_4355,meso_SUB_HIFLD_4173_SUB_HIFLD_4355_fwd,150000000.0,0.0,0.0,0,168
SUB_HIFLD_4175,SUB_HIFLD_2625,meso_SUB_HIFLD_4175_SUB_HIFLD_2625_rev,80000000.0,0.0,0.0,0,168
SUB_HIFLD_4178,SUB_HIFLD_2841,meso_SUB_HIFLD_4178_SUB_HIFLD_2841_rev,60000000.0,28867379.66379697,37334619.40032959,0,168
SUB_HIFLD_4178,SUB_HIFLD_756,meso_SUB_HIFLD_4178_SUB_HIFLD_756_fwd,106965117.71702117,0.0,0.0,0,168
SUB_HIFLD_4179,SUB_HIFLD_2635,meso_SUB_HIFLD_4179_SUB_HIFLD_2635_fwd,5000000.0,2703031.709345238,5000000.0,86,168
SUB_HIFLD_4181,SUB_HIFLD_2278,meso_SUB_HIFLD_4181_SUB_HIFLD_2278_rev,150000000.0,0.0,0.0,0,168
SUB_HIFLD_4181,SUB_HIFLD_2282,meso_SUB_HIFLD_4181_SUB_HIFLD_2282_rev,150000000.0,28552964.393809047,44135133.57089644,0,168
SUB_HIFLD_4181,SUB_HIFLD_2283,meso_SUB_HIFLD_4181_SUB_HIFLD_2283_rev,60000000.0,7476390.788715496,12579062.172801225,0,168
SUB_HIFLD_4181,SUB_HIFLD_3450,meso_SUB_HIFLD_4181_SUB_HIFLD_3450_rev,60000000.0,0.0,0.0,0,168
SUB_HIFLD_4185,SUB_HIFLD_2774,meso_SUB_HIFLD_4185_SUB_HIFLD_2774_rev,60000000.0,0.0,0.0,0,168
SUB_HIFLD_4185,SUB_HIFLD_728,meso_SUB_HIFLD_4185_SUB_HIFLD_728_fwd,60000000.0,0.0,0.0,0,168
SUB_HIFLD_4187,SUB_HIFLD_3383,meso_SUB_HIFLD_4187_SUB_HIFLD_3383_rev,80000000.0,0.0,0.0,0,168
SUB_HIFLD_4187,SUB_HIFLD_4109,meso_SUB_HIFLD_4187_SUB_HIFLD_4109_rev,150000000.0,0.0,0.0,0,168
SUB_HIFLD_4187,SUB_HIFLD_487,meso_SUB_HIFLD_4187_SUB_HIFLD_487_fwd,150000000.0,0.0,0.0,0,168
SUB_HIFLD_4189,SUB_HIFLD_2933,meso_SUB_HIFLD_4189_SUB_HIFLD_2933_fwd,5000000.0,2022888.6885922619,5000000.0,52,168
SUB_HIFLD_4190,SUB_HIFLD_1962,meso_SUB_HIFLD_4190_SUB_HIFLD_1962_rev,80000000.0,0.0,0.0,0,168
SUB_HIFLD_4190,SUB_HIFLD_4152,meso_SUB_HIFLD_4190_SUB_HIFLD_4152_rev,80000000.0,0.0,0.0,0,168
SUB_HIFLD_4191,SUB_HIFLD_1691,meso_SUB_HIFLD_4191_SUB_HIFLD_1691_rev,80000000.0,0.0,0.0,0,168
SUB_HIFLD_4191,SUB_HIFLD_1696,meso_SUB_HIFLD_4191_SUB_HIFLD_1696_rev,80000000.0,0.0,0.0,0,168
SUB_HIFLD_4191,SUB_HIFLD_3730,meso_SUB_HIFLD_4191_SUB_HIFLD_3730_rev,80000000.0,0.0,0.0,0,168
SUB_HIFLD_4192,SUB_HIFLD_2842,meso_SUB_HIFLD_4192_SUB_HIFLD_2842_rev,60000000.0,0.0,0.0,0,168
SUB_HIFLD_4192,SUB_HIFLD_657,meso_SUB_HIFLD_4192_SUB_HIFLD_657_fwd,60000000.0,6120991.590459615,10822944.782689674,0,168
SUB_HIFLD_4192,SUB_HIFLD_673,meso_SUB_HIFLD_4192_SUB_HIFLD_673_fwd,60000000.0,0.0,0.0,0,168
SUB_HIFLD_4192,SUB_HIFLD_756,meso_SUB_HIFLD_4192_SUB_HIFLD_756_fwd,60000000.0,54812249.45232793,60000000.0,71,168
SUB_HIFLD_4193,SUB_HIFLD_1257,meso_SUB_HIFLD_4193_SUB_HIFLD_1257_rev,80000000.0,0.0,0.0,0,168
SUB_HIFLD_4193,SUB_HIFLD_1549,meso_SUB_HIFLD_4193_SUB_HIFLD_1549_rev,80000000.0,247518.09765792792,14651649.711058311,0,168
SUB_HIFLD_4193,SUB_HIFLD_1709,meso_SUB_HIFLD_4193_SUB_HIFLD_1709_rev,80000000.0,0.0,0.0,0,168
SUB_HIFLD_4194,SUB_HIFLD_2607,meso_SUB_HIFLD_4194_SUB_HIFLD_2607_rev,80000000.0,6376112.300365301,8568199.928519651,0,168
SUB_HIFLD_4194,SUB_HIFLD_3295,meso_SUB_HIFLD_4194_SUB_HIFLD_3295_rev,80000000.0,17826127.67952094,23954694.62390356,0,168
SUB_HIFLD_4194,SUB_HIFLD_492,meso_SUB_HIFLD_4194_SUB_HIFLD_492_fwd,80000000.0,0.0,0.0,0,168
SUB_HIFLD_4195,SUB_HIFLD_2664,meso_SUB_HIFLD_4195_SUB_HIFLD_2664_rev,1200000000.0,39251.31580342416,1293817.3092,0,168
SUB_HIFLD_4196,SUB_HIFLD_1696,meso_SUB_HIFLD_4196_SUB_HIFLD_1696_rev,80000000.0,0.0,0.0,0,168
SUB_HIFLD_4196,SUB_HIFLD_3732,meso_SUB_HIFLD_4196_SUB_HIFLD_3732_rev,80000000.0,0.0,0.0,0,168
SUB_HIFLD_4197,SUB_HIFLD_1493,meso_SUB_HIFLD_4197_SUB_HIFLD_1493_rev,80000000.0,0.0,0.0,0,168
SUB_HIFLD_4197,SUB_HIFLD_3347,meso_SUB_HIFLD_4197_SUB_HIFLD_3347_rev,80000000.0,183924.8880038724,10699946.85064886,0,168
SUB_HIFLD_4198,SUB_HIFLD_3157,meso_SUB_HIFLD_4198_SUB_HIFLD_3157_rev,80000000.0,0.0,0.0,0,168
SUB_HIFLD_4198,SUB_HIFLD_3351,meso_SUB_HIFLD_4198_SUB_HIFLD_3351_rev,80000000.0,21959971.475585572,45390152.575306065,0,168
SUB_HIFLD_4200,SUB_HIFLD_2833,meso_SUB_HIFLD_4200_SUB_HIFLD_2833_rev,80000000.0,0.0,0.0,0,168
SUB_HIFLD_4200,SUB_HIFLD_3661,meso_SUB_HIFLD_4200_SUB_HIFLD_3661_rev,80000000.0,4532437.98659491,30439325.889187086,0,168
SUB_HIFLD_4200,SUB_HIFLD_822,meso_SUB_HIFLD_4200_SUB_HIFLD_822_fwd,80000000.0,0.0,0.0,0,168
SUB_HIFLD_4200,SUB_HIFLD_843,meso_SUB_HIFLD_4200_SUB_HIFLD_843_fwd,80000000.0,0.0,0.0,0,168
SUB_HIFLD_4201,SUB_HIFLD_3698,meso_SUB_HIFLD_4201_SUB_HIFLD_3698_fwd,49885699.76587574,0.0,0.0,0,168
SUB_HIFLD_4202,SUB_HIFLD_576,meso_SUB_HIFLD_4202_SUB_HIFLD_576_fwd,150000000.0,0.0,0.0,0,168
SUB_HIFLD_4202,SUB_HIFLD_580,meso_SUB_HIFLD_4202_SUB_HIFLD_580_fwd,150000000.0,0.0,0.0,0,168
SUB_HIFLD_4204,SUB_HIFLD_1645,meso_SUB_HIFLD_4204_SUB_HIFLD_1645_rev,80000000.0,0.0,0.0,0,168
SUB_HIFLD_4204,SUB_HIFLD_3420,meso_SUB_HIFLD_4204_SUB_HIFLD_3420_rev,80000000.0,996430.8966445002,19006583.302773308,0,168
SUB_HIFLD_4204,SUB_HIFLD_3714,meso_SUB_HIFLD_4204_SUB_HIFLD_3714_rev,80000000.0,0.0,0.0,0,168
SUB_HIFLD_4204,SUB_HIFLD_4229,meso_SUB_HIFLD_4204_SUB_HIFLD_4229_fwd,80000000.0,371231.2064147314,14082081.652124064,0,168
SUB_HIFLD_4204,SUB_HIFLD_4437,meso_SUB_HIFLD_4204_SUB_HIFLD_4437_fwd,80000000.0,0.0,0.0,0,168
SUB_HIFLD_4206,SUB_HIFLD_4151,meso_SUB_HIFLD_4206_SUB_HIFLD_4151_fwd,5000000.0,0.0,0.0,0,168
SUB_HIFLD_4207,SUB_HIFLD_282,meso_SUB_HIFLD_4207_SUB_HIFLD_282_rev,60000000.0,8596107.853629176,36093788.272735454,0,168
SUB_HIFLD_4207,SUB_HIFLD_312,meso_SUB_HIFLD_4207_SUB_HIFLD_312_rev,60000000.0,0.0,0.0,0,168
SUB_HIFLD_4207,SUB_HIFLD_3709,meso_SUB_HIFLD_4207_SUB_HIFLD_3709_rev,60000000.0,19982481.92670816,58140642.94433594,0,168
SUB_HIFLD_4208,SUB_HIFLD_805,meso_SUB_HIFLD_4208_SUB_HIFLD_805_fwd,5000000.0,0.0,0.0,0,168
SUB_HIFLD_4210,SUB_HIFLD_1925,meso_SUB_HIFLD_4210_SUB_HIFLD_1925_rev,80000000.0,0.0,0.0,0,168
SUB_HIFLD_4210,SUB_HIFLD_1933,meso_SUB_HIFLD_4210_SUB_HIFLD_1933_rev,80000000.0,11480328.108350921,27631114.590045102,0,168
SUB_HIFLD_4210,SUB_HIFLD_1994,meso_SUB_HIFLD_4210_SUB_HIFLD_1994_rev,80000000.0,0.0,0.0,0,168
SUB_HIFLD_4210,SUB_HIFLD_2680,meso_SUB_HIFLD_4210_SUB_HIFLD_2680_rev,80000000.0,0.0,0.0,0,168
SUB_HIFLD_4210,SUB_HIFLD_2917,meso_SUB_HIFLD_4210_SUB_HIFLD_2917_rev,80000000.0,5695227.750777862,47626077.14806774,0,168
SUB_HIFLD_4210,SUB_HIFLD_3701,meso_SUB_HIFLD_4210_SUB_HIFLD_3701_rev,80000000.0,0.0,0.0,0,168
SUB_HIFLD_4210,SUB_HIFLD_1979,meso_SUB_HIFLD_4210_SUB_HIFLD_1979_rev,80000000.0,3056500.872600124,65352090.52448407,0,168
SUB_HIFLD_4211,SUB_HIFLD_3159,meso_SUB_HIFLD_4211_SUB_HIFLD_3159_rev,80000000.0,0.0,0.0,0,168
SUB_HIFLD_4211,SUB_HIFLD_3701,meso_SUB_HIFLD_4211_SUB_HIFLD_3701_rev,80000000.0,573798.3311103502,13920973.098150631,0,168
SUB_HIFLD_4214,SUB_HIFLD_1593,meso_SUB_HIFLD_4214_SUB_HIFLD_1593_rev,80000000.0,0.0,0.0,0,168
SUB_HIFLD_4214,SUB_HIFLD_1737,meso_SUB_HIFLD_4214_SUB_HIFLD_1737_rev,80000000.0,0.0,0.0,0,168
SUB_HIFLD_4214,SUB_HIFLD_1766,meso_SUB_HIFLD_4214_SUB_HIFLD_1766_rev,80000000.0,0.0,0.0,0,168
SUB_HIFLD_4214,SUB_HIFLD_3777,meso_SUB_HIFLD_4214_SUB_HIFLD_3777_rev,80000000.0,0.0,0.0,0,168
SUB_HIFLD_4217,SUB_HIFLD_1363,meso_SUB_HIFLD_4217_SUB_HIFLD_1363_rev,60000000.0,0.0,0.0,0,168
SUB_HIFLD_4217,SUB_HIFLD_1365,meso_SUB_HIFLD_4217_SUB_HIFLD_1365_rev,60000000.0,3450569.8400440323,6101189.186646766,0,168
SUB_HIFLD_4217,SUB_HIFLD_618,meso_SUB_HIFLD_4217_SUB_HIFLD_618_fwd,60000000.0,1180889.2052841936,2088011.0750493314,0,168
SUB_HIFLD_4217,SUB_HIFLD_702,meso_SUB_HIFLD_4217_SUB_HIFLD_702_fwd,60000000.0,15667319.016312674,37722522.94010864,0,168
SUB_HIFLD_4217,SUB_HIFLD_729,meso_SUB_HIFLD_4217_SUB_HIFLD_729_fwd,60000000.0,2996283.787967123,23273583.09966482,0,168
SUB_HIFLD_4219,SUB_HIFLD_2860,meso_SUB_HIFLD_4219_SUB_HIFLD_2860_rev,150000000.0,0.0,0.0,0,168
SUB_HIFLD_4219,SUB_HIFLD_3695,meso_SUB_HIFLD_4219_SUB_HIFLD_3695_rev,150000000.0,5337521.771084231,50667049.05277258,0,168
SUB_HIFLD_4219,SUB_HIFLD_545,meso_SUB_HIFLD_4219_SUB_HIFLD_545_fwd,150000000.0,10815412.522065843,89787565.57548754,0,168
SUB_HIFLD_4220,SUB_HIFLD_3575,meso_SUB_HIFLD_4220_SUB_HIFLD_3575_rev,400000000.0,0.0,0.0,0,168
SUB_HIFLD_4224,SUB_HIFLD_1974,meso_SUB_HIFLD_4224_SUB_HIFLD_1974_rev,80000000.0,22633720.963459373,27707226.899818324,0,168
SUB_HIFLD_4224,SUB_HIFLD_2680,meso_SUB_HIFLD_4224_SUB_HIFLD_2680_rev,80000000.0,0.0,0.0,0,168
SUB_HIFLD_4224,SUB_HIFLD_2939,meso_SUB_HIFLD_4224_SUB_HIFLD_2939_rev,80000000.0,272684.293549378,5581539.098995248,0,168
SUB_HIFLD_4225,SUB_HIFLD_1997,meso_SUB_HIFLD_4225_SUB_HIFLD_1997_rev,80000000.0,3559436.0,3559436.0,0,168
SUB_HIFLD_4225,SUB_HIFLD_3292,meso_SUB_HIFLD_4225_SUB_HIFLD_3292_rev,80000000.0,0.0,0.0,0,168
SUB_HIFLD_4225,SUB_HIFLD_4151,meso_SUB_HIFLD_4225_SUB_HIFLD_4151_rev,80000000.0,0.0,0.0,0,168
SUB_HIFLD_4226,SUB_HIFLD_1925,meso_SUB_HIFLD_4226_SUB_HIFLD_1925_rev,80000000.0,9197243.863830702,69178457.78434572,0,168
SUB_HIFLD_4226,SUB_HIFLD_1930,meso_SUB_HIFLD_4226_SUB_HIFLD_1930_rev,80000000.0,0.0,0.0,0,168
SUB_HIFLD_4226,SUB_HIFLD_2922,meso_SUB_HIFLD_4226_SUB_HIFLD_2922_rev,5000000.0,0.0,0.0,0,168
SUB_HIFLD_4227,SUB_HIFLD_2649,meso_SUB_HIFLD_4227_SUB_HIFLD_2649_rev,400000000.0,0.0,0.0,0,168
SUB_HIFLD_4227,SUB_16267,meso_SUB_HIFLD_4227_SUB_16267_rev,400000000.0,0.0,0.0,0,168
SUB_HIFLD_4227,SUB_HIFLD_2287,meso_SUB_HIFLD_4227_SUB_HIFLD_2287_rev,400000000.0,0.0,0.0,0,168
SUB_HIFLD_4227,WEC_BANC,iface_SUB_HIFLD_4227_WEC_BANC_to_ba,20000000.0,0.0,0.0,0,168
SUB_HIFLD_4228,SUB_HIFLD_4136,meso_SUB_HIFLD_4228_SUB_HIFLD_4136_rev,80000000.0,0.0,0.0,0,168
SUB_HIFLD_4228,SUB_HIFLD_4442,meso_SUB_HIFLD_4228_SUB_HIFLD_4442_fwd,80000000.0,0.0,0.0,0,168
SUB_HIFLD_4229,SUB_HIFLD_1651,meso_SUB_HIFLD_4229_SUB_HIFLD_1651_rev,80000000.0,360094.27022228955,13659619.202560345,0,168
SUB_HIFLD_4229,SUB_HIFLD_4204,meso_SUB_HIFLD_4229_SUB_HIFLD_4204_rev,80000000.0,0.0,0.0,0,168
SUB_HIFLD_4231,SUB_01201,meso_SUB_HIFLD_4231_SUB_01201_rev,150000000.0,11149854.779905504,97996293.88973308,0,168
SUB_HIFLD_4231,SUB_HIFLD_1139,meso_SUB_HIFLD_4231_SUB_HIFLD_1139_rev,150000000.0,9837664.369612852,86200203.19190341,0,168
SUB_HIFLD_4234,SUB_HIFLD_2578,meso_SUB_HIFLD_4234_SUB_HIFLD_2578_rev,60000000.0,0.0,0.0,0,168
SUB_HIFLD_4234,SUB_HIFLD_2925,meso_SUB_HIFLD_4234_SUB_HIFLD_2925_rev,60000000.0,0.0,0.0,0,168
SUB_HIFLD_4234,SUB_HIFLD_2964,meso_SUB_HIFLD_4234_SUB_HIFLD_2964_rev,60000000.0,8025721.983790585,16456593.890843373,0,168
SUB_HIFLD_4235,SUB_HIFLD_2496,meso_SUB_HIFLD_4235_SUB_HIFLD_2496_rev,80000000.0,16186.63245959098,2611400.040270179,0,168
SUB_HIFLD_4235,SUB_HIFLD_911,meso_SUB_HIFLD_4235_SUB_HIFLD_911_fwd,80000000.0,0.0,0.0,0,168
SUB_HIFLD_4237,SUB_HIFLD_2867,meso_SUB_HIFLD_4237_SUB_HIFLD_2867_rev,800000000.0,89577.98727437409,2400949.5588,0,168
SUB_HIFLD_4238,SUB_HIFLD_1635,meso_SUB_HIFLD_4238_SUB_HIFLD_1635_rev,400000000.0,1371208.6559980114,30144926.066036444,0,168
SUB_HIFLD_4238,SUB_HIFLD_2998,meso_SUB_HIFLD_4238_SUB_HIFLD_2998_rev,80000000.0,61316325.37318418,80000000.0,41,168
SUB_HIFLD_4238,SUB_HIFLD_791,meso_SUB_HIFLD_4238_SUB_HIFLD_791_fwd,400000000.0,2260318.6117732297,33842836.20187111,0,168
SUB_HIFLD_4238,WECC_SCE,iface_SUB_HIFLD_4238_WECC_SCE_to_ba,113551470.17117159,0.0,0.0,0,168
SUB_HIFLD_4240,SUB_HIFLD_3777,meso_SUB_HIFLD_4240_SUB_HIFLD_3777_rev,80000000.0,0.0,0.0,0,168
SUB_HIFLD_4241,SUB_HIFLD_2869,meso_SUB_HIFLD_4241_SUB_HIFLD_2869_fwd,5000000.0,0.0,0.0,0,168
SUB_HIFLD_4243,SUB_HIFLD_1515,meso_SUB_HIFLD_4243_SUB_HIFLD_1515_rev,400000000.0,0.0,0.0,0,168
SUB_HIFLD_4243,SUB_HIFLD_2481,meso_SUB_HIFLD_4243_SUB_HIFLD_2481_rev,1500000000.0,0.0,0.0,0,168
SUB_HIFLD_4243,SUB_HIFLD_2529,meso_SUB_HIFLD_4243_SUB_HIFLD_2529_rev,80000000.0,56079846.24048671,80000000.0,36,168
SUB_HIFLD_4243,SUB_HIFLD_4307,meso_SUB_HIFLD_4243_SUB_HIFLD_4307_fwd,80000000.0,29332575.165256135,51121583.96294546,0,168
SUB_HIFLD_4243,SUB_HIFLD_495,meso_SUB_HIFLD_4243_SUB_HIFLD_495_fwd,400000000.0,0.0,0.0,0,168
SUB_HIFLD_4243,SUB_HIFLD_501,meso_SUB_HIFLD_4243_SUB_HIFLD_501_fwd,1500000000.0,0.0,0.0,0,168
SUB_HIFLD_4243,WEC_LADW,iface_SUB_HIFLD_4243_WEC_LADW_to_ba,20000000.0,0.0,0.0,0,168
SUB_HIFLD_4245,SUB_HIFLD_1515,meso_SUB_HIFLD_4245_SUB_HIFLD_1515_rev,80000000.0,0.0,0.0,0,168
SUB_HIFLD_4245,SUB_HIFLD_1527,meso_SUB_HIFLD_4245_SUB_HIFLD_1527_rev,80000000.0,20532034.834517322,39103853.36461019,0,168
SUB_HIFLD_4245,SUB_HIFLD_3754,meso_SUB_HIFLD_4245_SUB_HIFLD_3754_rev,80000000.0,0.0,0.0,0,168
SUB_HIFLD_4245,SUB_HIFLD_4307,meso_SUB_HIFLD_4245_SUB_HIFLD_4307_fwd,80000000.0,110347.80098751708,18538430.56590287,0,168
SUB_HIFLD_4245,SUB_HIFLD_489,meso_SUB_HIFLD_4245_SUB_HIFLD_489_fwd,80000000.0,4770003.352344937,25440563.10167211,0,168
SUB_HIFLD_4245,SUB_HIFLD_3413,meso_SUB_HIFLD_4245_SUB_HIFLD_3413_rev,65098375.12874939,30703645.399615176,41259460.575064436,0,168
SUB_HIFLD_4246,SUB_HIFLD_1949,meso_SUB_HIFLD_4246_SUB_HIFLD_1949_rev,80000000.0,0.0,0.0,0,168
SUB_HIFLD_4246,SUB_HIFLD_2613,meso_SUB_HIFLD_4246_SUB_HIFLD_2613_rev,80000000.0,13909.428438126333,1491503.727267903,0,168
SUB_HIFLD_4246,SUB_HIFLD_4140,meso_SUB_HIFLD_4246_SUB_HIFLD_4140_rev,80000000.0,0.0,0.0,0,168
SUB_HIFLD_4247,SUB_HIFLD_495,meso_SUB_HIFLD_4247_SUB_HIFLD_495_fwd,110991625.68031321,0.0,0.0,0,168
SUB_HIFLD_4249,SUB_HIFLD_643,meso_SUB_HIFLD_4249_SUB_HIFLD_643_fwd,5000000.0,0.0,0.0,0,168
SUB_HIFLD_4252,SUB_HIFLD_3574,meso_SUB_HIFLD_4252_SUB_HIFLD_3574_rev,150000000.0,0.0,0.0,0,168
SUB_HIFLD_4252,SUB_HIFLD_799,meso_SUB_HIFLD_4252_SUB_HIFLD_799_fwd,150000000.0,0.0,0.0,0,168
SUB_HIFLD_4252,SUB_HIFLD_807,meso_SUB_HIFLD_4252_SUB_HIFLD_807_fwd,150000000.0,3660810.8151736343,79094919.26518877,0,168
SUB_HIFLD_4257,SUB_HIFLD_2879,meso_SUB_HIFLD_4257_SUB_HIFLD_2879_rev,80000000.0,0.0,0.0,0,168
SUB_HIFLD_4257,SUB_HIFLD_2935,meso_SUB_HIFLD_4257_SUB_HIFLD_2935_rev,80000000.0,0.0,0.0,0,168
SUB_HIFLD_4257,SUB_HIFLD_2956,meso_SUB_HIFLD_4257_SUB_HIFLD_2956_rev,80000000.0,0.0,0.0,0,168
SUB_HIFLD_4257,SUB_HIFLD_3662,meso_SUB_HIFLD_4257_SUB_HIFLD_3662_rev,80000000.0,0.0,0.0,0,168
SUB_HIFLD_4257,SUB_HIFLD_4142,meso_SUB_HIFLD_4257_SUB_HIFLD_4142_rev,80000000.0,0.0,0.0,0,168
SUB_HIFLD_4258,SUB_HIFLD_1657,meso_SUB_HIFLD_4258_SUB_HIFLD_1657_rev,80000000.0,0.0,0.0,0,168
SUB_HIFLD_4258,SUB_HIFLD_501,meso_SUB_HIFLD_4258_SUB_HIFLD_501_fwd,80000000.0,0.0,0.0,0,168
SUB_HIFLD_4258,SUB_HIFLD_1743,meso_SUB_HIFLD_4258_SUB_HIFLD_1743_rev,357573718.1342347,89381638.24290675,112116901.14523043,0,168
SUB_HIFLD_4259,SUB_HIFLD_2970,meso_SUB_HIFLD_4259_SUB_HIFLD_2970_rev,150000000.0,0.0,0.0,0,168
SUB_HIFLD_4259,SUB_HIFLD_575,meso_SUB_HIFLD_4259_SUB_HIFLD_575_fwd,150000000.0,0.0,0.0,0,168
SUB_HIFLD_4259,SUB_HIFLD_582,meso_SUB_HIFLD_4259_SUB_HIFLD_582_fwd,150000000.0,0.0,0.0,0,168
SUB_HIFLD_4259,SUB_HIFLD_586,meso_SUB_HIFLD_4259_SUB_HIFLD_586_fwd,150000000.0,32981049.6371566,109110548.79087691,0,168
SUB_HIFLD_4260,SUB_HIFLD_2859,meso_SUB_HIFLD_4260_SUB_HIFLD_2859_rev,80000000.0,0.0,0.0,0,168
SUB_HIFLD_4260,SUB_HIFLD_4368,meso_SUB_HIFLD_4260_SUB_HIFLD_4368_fwd,80000000.0,0.0,0.0,0,168
SUB_HIFLD_4260,SUB_HIFLD_848,meso_SUB_HIFLD_4260_SUB_HIFLD_848_fwd,80000000.0,32928820.792973407,75694167.21541099,0,168
SUB_HIFLD_4267,SUB_HIFLD_2552,meso_SUB_HIFLD_4267_SUB_HIFLD_2552_rev,80000000.0,0.0,0.0,0,168
SUB_HIFLD_4267,SUB_HIFLD_2561,meso_SUB_HIFLD_4267_SUB_HIFLD_2561_rev,80000000.0,0.0,0.0,0,168
SUB_HIFLD_4267,SUB_HIFLD_3471,meso_SUB_HIFLD_4267_SUB_HIFLD_3471_rev,80000000.0,0.0,0.0,0,168
SUB_HIFLD_4268,SUB_HIFLD_2560,meso_SUB_HIFLD_4268_SUB_HIFLD_2560_rev,150000000.0,0.0,0.0,0,168
SUB_HIFLD_4268,SUB_HIFLD_550,meso_SUB_HIFLD_4268_SUB_HIFLD_550_fwd,150000000.0,69265390.52070618,145500000.0,0,168
SUB_HIFLD_4268,SUB_HIFLD_579,meso_SUB_HIFLD_4268_SUB_HIFLD_579_fwd,150000000.0,0.0,0.0,0,168
SUB_HIFLD_4268,SUB_HIFLD_583,meso_SUB_HIFLD_4268_SUB_HIFLD_583_fwd,150000000.0,20599893.565683376,32455918.522471007,0,168
SUB_HIFLD_4268,SUB_HIFLD_589,meso_SUB_HIFLD_4268_SUB_HIFLD_589_fwd,150000000.0,0.0,0.0,0,168
SUB_HIFLD_4271,SUB_HIFLD_2367,meso_SUB_HIFLD_4271_SUB_HIFLD_2367_rev,80000000.0,67264.17669249776,2414871.687741624,0,168
SUB_HIFLD_4271,SUB_HIFLD_2392,meso_SUB_HIFLD_4271_SUB_HIFLD_2392_rev,80000000.0,8420.641757823663,489174.75404,0,168
SUB_HIFLD_4271,SUB_HIFLD_4012,meso_SUB_HIFLD_4271_SUB_HIFLD_4012_rev,80000000.0,1003378.1769069823,17381202.453684628,0,168
SUB_HIFLD_4273,SUB_HIFLD_2745,meso_SUB_HIFLD_4273_SUB_HIFLD_2745_rev,80000000.0,411491.3818616585,19396468.12339231,0,168
SUB_HIFLD_4273,SUB_HIFLD_916,meso_SUB_HIFLD_4273_SUB_HIFLD_916_fwd,80000000.0,60099392.679646984,77576061.11912256,0,168
SUB_HIFLD_4273,SUB_HIFLD_928,meso_SUB_HIFLD_4273_SUB_HIFLD_928_fwd,80000000.0,0.0,0.0,0,168
SUB_HIFLD_4274,SUB_HIFLD_4377,meso_SUB_HIFLD_4274_SUB_HIFLD_4377_fwd,60000000.0,0.0,0.0,0,168
SUB_HIFLD_4274,SUB_HIFLD_773,meso_SUB_HIFLD_4274_SUB_HIFLD_773_fwd,60000000.0,0.0,0.0,0,168
SUB_HIFLD_4274,SUB_HIFLD_3131,meso_SUB_HIFLD_4274_SUB_HIFLD_3131_rev,9109110.198659146,4618199.373263029,8165754.872744845,0,168
SUB_HIFLD_4276,SUB_HIFLD_2971,meso_SUB_HIFLD_4276_SUB_HIFLD_2971_rev,60000000.0,2718534.4486302114,4806827.12830219,0,168
SUB_HIFLD_4276,SUB_HIFLD_4157,meso_SUB_HIFLD_4276_SUB_HIFLD_4157_rev,60000000.0,0.0,0.0,0,168
SUB_HIFLD_4276,SUB_HIFLD_767,meso_SUB_HIFLD_4276_SUB_HIFLD_767_fwd,60000000.0,2540230.584283417,4756692.725112758,0,168
SUB_HIFLD_4278,SUB_HIFLD_1376,meso_SUB_HIFLD_4278_SUB_HIFLD_1376_rev,60000000.0,0.0,0.0,0,168
SUB_HIFLD_4278,SUB_HIFLD_2595,meso_SUB_HIFLD_4278_SUB_HIFLD_2595_rev,60000000.0,3265.961783017072,88225.13809998745,0,168
SUB_HIFLD_4278,SUB_HIFLD_605,meso_SUB_HIFLD_4278_SUB_HIFLD_605_fwd,60000000.0,29965.330425523698,52983.754934723846,0,168
SUB_HIFLD_4280,SUB_HIFLD_3132,meso_SUB_HIFLD_4280_SUB_HIFLD_3132_rev,60000000.0,0.0,0.0,0,168
SUB_HIFLD_4282,SUB_HIFLD_2779,meso_SUB_HIFLD_4282_SUB_HIFLD_2779_rev,60000000.0,0.0,0.0,0,168
SUB_HIFLD_4282,SUB_HIFLD_672,meso_SUB_HIFLD_4282_SUB_HIFLD_672_fwd,60000000.0,7272225.909263524,12858521.38873228,0,168
SUB_HIFLD_4282,SUB_HIFLD_714,meso_SUB_HIFLD_4282_SUB_HIFLD_714_fwd,60000000.0,0.0,0.0,0,168
SUB_HIFLD_4283,SUB_HIFLD_1529,meso_SUB_HIFLD_4283_SUB_HIFLD_1529_rev,80000000.0,0.0,0.0,0,168
SUB_HIFLD_4283,SUB_HIFLD_1557,meso_SUB_HIFLD_4283_SUB_HIFLD_1557_rev,80000000.0,0.0,0.0,0,168
SUB_HIFLD_4283,SUB_HIFLD_4089,meso_SUB_HIFLD_4283_SUB_HIFLD_4089_rev,80000000.0,0.0,0.0,0,168
SUB_HIFLD_4285,SUB_HIFLD_3123,meso_SUB_HIFLD_4285_SUB_HIFLD_3123_rev,60000000.0,0.0,0.0,0,168
SUB_HIFLD_4286,SUB_HIFLD_673,meso_SUB_HIFLD_4286_SUB_HIFLD_673_fwd,5995672.836807515,0.0,0.0,0,168
SUB_HIFLD_4287,SUB_HIFLD_1714,meso_SUB_HIFLD_4287_SUB_HIFLD_1714_rev,80000000.0,0.0,0.0,0,168
SUB_HIFLD_4287,SUB_HIFLD_1730,meso_SUB_HIFLD_4287_SUB_HIFLD_1730_rev,80000000.0,0.0,0.0,0,168
SUB_HIFLD_4287,SUB_HIFLD_4014,meso_SUB_HIFLD_4287_SUB_HIFLD_4014_rev,80000000.0,5362600.847836103,28520452.33401447,0,168
SUB_HIFLD_4288,SUB_HIFLD_1563,meso_SUB_HIFLD_4288_SUB_HIFLD_1563_rev,80000000.0,0.0,0.0,0,168
SUB_HIFLD_4288,SUB_HIFLD_1604,meso_SUB_HIFLD_4288_SUB_HIFLD_1604_rev,80000000.0,10128600.187239144,36760760.80902212,0,168
SUB_HIFLD_4288,SUB_HIFLD_2708,meso_SUB_HIFLD_4288_SUB_HIFLD_2708_rev,80000000.0,20012701.850095823,34058232.65737196,0,168
SUB_HIFLD_4290,SUB_HIFLD_1973,meso_SUB_HIFLD_4290_SUB_HIFLD_1973_rev,80000000.0,0.0,0.0,0,168
SUB_HIFLD_4290,SUB_HIFLD_1990,meso_SUB_HIFLD_4290_SUB_HIFLD_1990_rev,80000000.0,96180.31080661931,6127698.572551876,0,168
SUB_HIFLD_4290,SUB_HIFLD_3498,meso_SUB_HIFLD_4290_SUB_HIFLD_3498_rev,80000000.0,0.0,0.0,0,168
SUB_HIFLD_4291,SUB_18297,meso_SUB_HIFLD_4291_SUB_18297_rev,300000000.0,0.0,0.0,0,168
SUB_HIFLD_4291,SUB_HIFLD_2086,meso_SUB_HIFLD_4291_SUB_HIFLD_2086_rev,150000000.0,0.0,0.0,0,168
SUB_HIFLD_4291,SUB_HIFLD_48,meso_SUB_HIFLD_4291_SUB_HIFLD_48_fwd,150000000.0,0.0,0.0,0,168
SUB_HIFLD_4294,SUB_HIFLD_609,meso_SUB_HIFLD_4294_SUB_HIFLD_609_fwd,12595446.801825974,0.0,0.0,0,168
SUB_HIFLD_4295,SUB_HIFLD_3971,meso_SUB_HIFLD_4295_SUB_HIFLD_3971_rev,150000000.0,0.0,0.0,0,168
SUB_HIFLD_4295,SUB_HIFLD_577,meso_SUB_HIFLD_4295_SUB_HIFLD_577_fwd,150000000.0,0.0,0.0,0,168
SUB_HIFLD_4295,SUB_HIFLD_832,meso_SUB_HIFLD_4295_SUB_HIFLD_832_fwd,150000000.0,0.0,0.0,0,168
SUB_HIFLD_4296,SUB_HIFLD_1595,meso_SUB_HIFLD_4296_SUB_HIFLD_1595_rev,80000000.0,0.0,0.0,0,168
SUB_HIFLD_4296,SUB_HIFLD_1727,meso_SUB_HIFLD_4296_SUB_HIFLD_1727_rev,80000000.0,0.0,0.0,0,168
SUB_HIFLD_4296,SUB_HIFLD_1758,meso_SUB_HIFLD_4296_SUB_HIFLD_1758_rev,80000000.0,0.0,0.0,0,168
SUB_HIFLD_4301,SUB_HIFLD_3325,meso_SUB_HIFLD_4301_SUB_HIFLD_3325_rev,60000000.0,0.0,0.0,0,168
SUB_HIFLD_4301,SUB_HIFLD_690,meso_SUB_HIFLD_4301_SUB_HIFLD_690_fwd,60000000.0,0.0,0.0,0,168
SUB_HIFLD_4301,SUB_HIFLD_703,meso_SUB_HIFLD_4301_SUB_HIFLD_703_fwd,60000000.0,0.0,0.0,0,168
SUB_HIFLD_4302,SUB_HIFLD_3660,meso_SUB_HIFLD_4302_SUB_HIFLD_3660_rev,80000000.0,0.0,0.0,0,168
SUB_HIFLD_4302,SUB_HIFLD_4320,meso_SUB_HIFLD_4302_SUB_HIFLD_4320_fwd,80000000.0,587394.056692625,2251182.2190585006,0,168
SUB_HIFLD_4302,SUB_HIFLD_834,meso_SUB_HIFLD_4302_SUB_HIFLD_834_fwd,80000000.0,0.0,0.0,0,168
SUB_HIFLD_4306,SUB_HIFLD_2355,meso_SUB_HIFLD_4306_SUB_HIFLD_2355_rev,120000000.0,0.0,0.0,0,168
SUB_HIFLD_4306,SUB_HIFLD_3963,meso_SUB_HIFLD_4306_SUB_HIFLD_3963_rev,60000000.0,0.0,0.0,0,168
SUB_HIFLD_4307,SUB_HIFLD_3754,meso_SUB_HIFLD_4307_SUB_HIFLD_3754_rev,80000000.0,0.0,0.0,0,168
SUB_HIFLD_4307,SUB_HIFLD_4243,meso_SUB_HIFLD_4307_SUB_HIFLD_4243_rev,80000000.0,0.0,0.0,0,168
SUB_HIFLD_4307,SUB_HIFLD_4245,meso_SUB_HIFLD_4307_SUB_HIFLD_4245_rev,80000000.0,664673.3473561518,15908936.265221246,0,168
SUB_HIFLD_4309,SUB_HIFLD_1396,meso_SUB_HIFLD_4309_SUB_HIFLD_1396_rev,60000000.0,17790450.9202136,30439523.72442816,0,168
SUB_HIFLD_4309,SUB_HIFLD_1397,meso_SUB_HIFLD_4309_SUB_HIFLD_1397_rev,60000000.0,0.0,0.0,0,168
SUB_HIFLD_4309,SUB_HIFLD_2043,meso_SUB_HIFLD_4309_SUB_HIFLD_2043_rev,60000000.0,0.0,0.0,0,168
SUB_HIFLD_4313,SUB_HIFLD_3357,meso_SUB_HIFLD_4313_SUB_HIFLD_3357_rev,150000000.0,0.0,0.0,0,168
SUB_HIFLD_4313,SUB_HIFLD_4016,meso_SUB_HIFLD_4313_SUB_HIFLD_4016_rev,150000000.0,390421.6087540292,9999519.811257286,0,168
SUB_HIFLD_4313,SUB_HIFLD_552,meso_SUB_HIFLD_4313_SUB_HIFLD_552_fwd,150000000.0,1104224.5864740866,12317900.472884733,0,168
SUB_HIFLD_4313,SUB_HIFLD_572,meso_SUB_HIFLD_4313_SUB_HIFLD_572_fwd,150000000.0,16599114.011947254,27582496.864755902,0,168
SUB_HIFLD_4314,SUB_HIFLD_801,meso_SUB_HIFLD_4314_SUB_HIFLD_801_fwd,80000000.0,0.0,0.0,0,168
SUB_HIFLD_4314,SUB_HIFLD_817,meso_SUB_HIFLD_4314_SUB_HIFLD_817_fwd,80000000.0,0.0,0.0,0,168
SUB_HIFLD_4314,SUB_HIFLD_827,meso_SUB_HIFLD_4314_SUB_HIFLD_827_fwd,80000000.0,0.0,0.0,0,168
SUB_HIFLD_4317,SUB_HIFLD_4087,meso_SUB_HIFLD_4317_SUB_HIFLD_4087_rev,60000000.0,0.0,0.0,0,168
SUB_HIFLD_4317,SUB_HIFLD_4163,meso_SUB_HIFLD_4317_SUB_HIFLD_4163_rev,60000000.0,2138430.4094150714,3781105.450502376,0,168
SUB_HIFLD_4317,SUB_HIFLD_613,meso_SUB_HIFLD_4317_SUB_HIFLD_613_fwd,60000000.0,5050452.520289021,8930051.256946681,0,168
SUB_HIFLD_4318,SUB_HIFLD_2496,meso_SUB_HIFLD_4318_SUB_HIFLD_2496_rev,80000000.0,0.0,0.0,0,168
SUB_HIFLD_4318,SUB_HIFLD_970,meso_SUB_HIFLD_4318_SUB_HIFLD_970_fwd,80000000.0,159360.71892608659,199444.01770522914,0,168
SUB_HIFLD_4319,SUB_HIFLD_2796,meso_SUB_HIFLD_4319_SUB_HIFLD_2796_rev,60000000.0,0.0,0.0,0,168
SUB_HIFLD_4319,SUB_HIFLD_600,meso_SUB_HIFLD_4319_SUB_HIFLD_600_fwd,60000000.0,2326446.7795328745,33177146.65379475,0,168
SUB_HIFLD_4319,SUB_HIFLD_677,meso_SUB_HIFLD_4319_SUB_HIFLD_677_fwd,60000000.0,8046980.996991,14228418.660901256,0,168
SUB_HIFLD_4320,SUB_HIFLD_4170,meso_SUB_HIFLD_4320_SUB_HIFLD_4170_rev,80000000.0,0.0,0.0,0,168
SUB_HIFLD_4320,SUB_HIFLD_4302,meso_SUB_HIFLD_4320_SUB_HIFLD_4302_rev,80000000.0,0.0,0.0,0,168
SUB_HIFLD_4320,SUB_HIFLD_818,meso_SUB_HIFLD_4320_SUB_HIFLD_818_fwd,80000000.0,569772.2349918463,2183646.7524867454,0,168
SUB_HIFLD_4321,SUB_HIFLD_1469,meso_SUB_HIFLD_4321_SUB_HIFLD_1469_rev,60000000.0,0.0,0.0,0,168
SUB_HIFLD_4321,SUB_HIFLD_3983,meso_SUB_HIFLD_4321_SUB_HIFLD_3983_rev,60000000.0,336544.6152848593,402835.74369764817,0,168
SUB_HIFLD_4321,SUB_HIFLD_3987,meso_SUB_HIFLD_4321_SUB_HIFLD_3987_rev,60000000.0,8516670.32070169,25298207.13359515,0,168
SUB_HIFLD_4322,SUB_HIFLD_4062,meso_SUB_HIFLD_4322_SUB_HIFLD_4062_rev,80000000.0,0.0,0.0,0,168
SUB_HIFLD_4322,SUB_HIFLD_853,meso_SUB_HIFLD_4322_SUB_HIFLD_853_fwd,80000000.0,0.0,0.0,0,168
SUB_HIFLD_4322,SUB_HIFLD_866,meso_SUB_HIFLD_4322_SUB_HIFLD_866_fwd,80000000.0,0.0,0.0,0,168
SUB_HIFLD_4322,SUB_HIFLD_3681,meso_SUB_HIFLD_4322_SUB_HIFLD_3681_rev,5000000.0,1396528.1627432178,2096231.5510228737,0,168
SUB_HIFLD_4323,SUB_HIFLD_1311,meso_SUB_HIFLD_4323_SUB_HIFLD_1311_rev,150000000.0,0.0,0.0,0,168
SUB_HIFLD_4323,SUB_HIFLD_2167,meso_SUB_HIFLD_4323_SUB_HIFLD_2167_rev,150000000.0,0.0,0.0,0,168
SUB_HIFLD_4323,SUB_HIFLD_4080,meso_SUB_HIFLD_4323_SUB_HIFLD_4080_rev,150000000.0,48889.53733549946,1756475.6570403106,0,168
SUB_HIFLD_4326,SUB_HIFLD_1533,meso_SUB_HIFLD_4326_SUB_HIFLD_1533_rev,80000000.0,5616228.319560423,6246096.8017578125,0,168
SUB_HIFLD_4326,SUB_HIFLD_1672,meso_SUB_HIFLD_4326_SUB_HIFLD_1672_rev,80000000.0,0.0,0.0,0,168
SUB_HIFLD_4326,SUB_HIFLD_3764,meso_SUB_HIFLD_4326_SUB_HIFLD_3764_rev,80000000.0,0.0,0.0,0,168
SUB_HIFLD_4326,SUB_HIFLD_3765,meso_SUB_HIFLD_4326_SUB_HIFLD_3765_rev,80000000.0,0.0,0.0,0,168
SUB_HIFLD_4326,SUB_HIFLD_4135,meso_SUB_HIFLD_4326_SUB_HIFLD_4135_rev,80000000.0,0.0,0.0,0,168
SUB_HIFLD_4327,SUB_HIFLD_3312,meso_SUB_HIFLD_4327_SUB_HIFLD_3312_rev,60000000.0,0.0,0.0,0,168
SUB_HIFLD_4327,SUB_HIFLD_4382,meso_SUB_HIFLD_4327_SUB_HIFLD_4382_fwd,60000000.0,0.0,0.0,0,168
SUB_HIFLD_4327,SUB_HIFLD_620,meso_SUB_HIFLD_4327_SUB_HIFLD_620_fwd,60000000.0,6776254.2489585085,11981559.863532942,0,168
SUB_HIFLD_4328,SUB_HIFLD_1583,meso_SUB_HIFLD_4328_SUB_HIFLD_1583_rev,80000000.0,6397772.419810427,21924457.837495103,0,168
SUB_HIFLD_4328,SUB_HIFLD_1646,meso_SUB_HIFLD_4328_SUB_HIFLD_1646_rev,80000000.0,0.0,0.0,0,168
SUB_HIFLD_4328,SUB_HIFLD_4086,meso_SUB_HIFLD_4328_SUB_HIFLD_4086_rev,80000000.0,0.0,0.0,0,168
SUB_HIFLD_4329,SUB_HIFLD_1664,meso_SUB_HIFLD_4329_SUB_HIFLD_1664_rev,80000000.0,0.0,0.0,0,168
SUB_HIFLD_4329,SUB_HIFLD_1717,meso_SUB_HIFLD_4329_SUB_HIFLD_1717_rev,80000000.0,0.0,0.0,0,168
SUB_HIFLD_4329,SUB_HIFLD_1720,meso_SUB_HIFLD_4329_SUB_HIFLD_1720_rev,80000000.0,176912.19462795943,279299.5177593428,0,168
SUB_HIFLD_4330,SUB_16328,meso_SUB_HIFLD_4330_SUB_16328_rev,60000000.0,0.0,0.0,0,168
SUB_HIFLD_4330,SUB_HIFLD_1397,meso_SUB_HIFLD_4330_SUB_HIFLD_1397_rev,60000000.0,0.0,0.0,0,168
SUB_HIFLD_4330,SUB_HIFLD_2043,meso_SUB_HIFLD_4330_SUB_HIFLD_2043_rev,60000000.0,0.0,0.0,0,168
SUB_HIFLD_4330,SUB_HIFLD_2565,meso_SUB_HIFLD_4330_SUB_HIFLD_2565_rev,60000000.0,0.0,0.0,0,168
SUB_HIFLD_4330,SUB_HIFLD_3355,meso_SUB_HIFLD_4330_SUB_HIFLD_3355_rev,60000000.0,0.0,0.0,0,168
SUB_HIFLD_4335,SUB_HIFLD_2365,meso_SUB_HIFLD_4335_SUB_HIFLD_2365_rev,80000000.0,0.0,0.0,0,168
SUB_HIFLD_4335,SUB_HIFLD_2386,meso_SUB_HIFLD_4335_SUB_HIFLD_2386_rev,80000000.0,1548650.3149127052,2338471.041015625,0,168
SUB_HIFLD_4335,SUB_HIFLD_3525,meso_SUB_HIFLD_4335_SUB_HIFLD_3525_rev,80000000.0,0.0,0.0,0,168
SUB_HIFLD_4337,SUB_HIFLD_1643,meso_SUB_HIFLD_4337_SUB_HIFLD_1643_rev,80000000.0,0.0,0.0,0,168
SUB_HIFLD_4337,SUB_HIFLD_1678,meso_SUB_HIFLD_4337_SUB_HIFLD_1678_rev,80000000.0,18772651.08016067,29237967.063698865,0,168
SUB_HIFLD_4337,SUB_HIFLD_1701,meso_SUB_HIFLD_4337_SUB_HIFLD_1701_rev,80000000.0,3247302.5874547986,19695988.92054607,0,168
SUB_HIFLD_4337,SUB_HIFLD_2801,meso_SUB_HIFLD_4337_SUB_HIFLD_2801_rev,80000000.0,0.0,0.0,0,168
SUB_HIFLD_4341,SUB_HIFLD_2743,meso_SUB_HIFLD_4341_SUB_HIFLD_2743_rev,60000000.0,0.0,0.0,0,168
SUB_HIFLD_4341,SUB_HIFLD_4105,meso_SUB_HIFLD_4341_SUB_HIFLD_4105_rev,60000000.0,0.0,0.0,0,168
SUB_HIFLD_4341,SUB_HIFLD_748,meso_SUB_HIFLD_4341_SUB_HIFLD_748_fwd,60000000.0,856886.5975122991,7707678.37618672,0,168
SUB_HIFLD_4342,SUB_HIFLD_3078,meso_SUB_HIFLD_4342_SUB_HIFLD_3078_rev,80000000.0,26960845.546935648,39112554.71043764,0,168
SUB_HIFLD_4342,SUB_HIFLD_563,meso_SUB_HIFLD_4342_SUB_HIFLD_563_fwd,150000000.0,17739307.212174144,23731203.68878866,0,168
SUB_HIFLD_4342,SUB_HIFLD_589,meso_SUB_HIFLD_4342_SUB_HIFLD_589_fwd,150000000.0,0.0,0.0,0,168
SUB_HIFLD_4343,SUB_HIFLD_2783,meso_SUB_HIFLD_4343_SUB_HIFLD_2783_rev,80000000.0,0.0,0.0,0,168
SUB_HIFLD_4347,SUB_HIFLD_2380,meso_SUB_HIFLD_4347_SUB_HIFLD_2380_rev,80000000.0,0.0,0.0,0,168
SUB_HIFLD_4347,SUB_HIFLD_2715,meso_SUB_HIFLD_4347_SUB_HIFLD_2715_rev,80000000.0,0.0,0.0,0,168
SUB_HIFLD_4347,SUB_HIFLD_3638,meso_SUB_HIFLD_4347_SUB_HIFLD_3638_rev,80000000.0,0.0,0.0,0,168
SUB_HIFLD_4348,SUB_HIFLD_663,meso_SUB_HIFLD_4348_SUB_HIFLD_663_fwd,6218334.027561686,0.0,0.0,0,168
SUB_HIFLD_4349,SUB_HIFLD_1743,meso_SUB_HIFLD_4349_SUB_HIFLD_1743_rev,80000000.0,0.0,0.0,0,168
SUB_HIFLD_4349,SUB_HIFLD_1761,meso_SUB_HIFLD_4349_SUB_HIFLD_1761_rev,80000000.0,2174360.9604693777,5898115.209205863,0,168
SUB_HIFLD_4352,SUB_HIFLD_1677,meso_SUB_HIFLD_4352_SUB_HIFLD_1677_rev,80000000.0,30059390.95342373,53719771.49446186,0,168
SUB_HIFLD_4352,SUB_HIFLD_1733,meso_SUB_HIFLD_4352_SUB_HIFLD_1733_rev,80000000.0,0.0,0.0,0,168
SUB_HIFLD_4352,SUB_HIFLD_494,meso_SUB_HIFLD_4352_SUB_HIFLD_494_fwd,80000000.0,2901363.2729459098,26088484.068088915,0,168
SUB_HIFLD_4353,SUB_HIFLD_2561,meso_SUB_HIFLD_4353_SUB_HIFLD_2561_rev,80000000.0,5781346.684897746,9583527.959304048,0,168
SUB_HIFLD_4353,SUB_HIFLD_3488,meso_SUB_HIFLD_4353_SUB_HIFLD_3488_rev,80000000.0,56386081.67588845,70628211.16590992,0,168
SUB_HIFLD_4353,SUB_HIFLD_4038,meso_SUB_HIFLD_4353_SUB_HIFLD_4038_rev,80000000.0,0.0,0.0,0,168
SUB_HIFLD_4354,SUB_HIFLD_3487,meso_SUB_HIFLD_4354_SUB_HIFLD_3487_rev,150000000.0,0.0,0.0,0,168
SUB_HIFLD_4354,SUB_HIFLD_577,meso_SUB_HIFLD_4354_SUB_HIFLD_577_fwd,150000000.0,0.0,0.0,0,168
SUB_HIFLD_4354,SUB_HIFLD_870,meso_SUB_HIFLD_4354_SUB_HIFLD_870_fwd,150000000.0,0.0,0.0,0,168
SUB_HIFLD_4355,SUB_HIFLD_2287,meso_SUB_HIFLD_4355_SUB_HIFLD_2287_rev,60000000.0,0.0,0.0,0,168
SUB_HIFLD_4355,SUB_HIFLD_4094,meso_SUB_HIFLD_4355_SUB_HIFLD_4094_rev,60000000.0,0.0,0.0,0,168
SUB_HIFLD_4355,SUB_HIFLD_4173,meso_SUB_HIFLD_4355_SUB_HIFLD_4173_rev,150000000.0,231.8697298062854,38954.114607455944,0,168
SUB_HIFLD_4355,SUB_HIFLD_2285,meso_SUB_HIFLD_4355_SUB_HIFLD_2285_rev,150000000.0,11840142.528195256,28405102.790730458,0,168
SUB_HIFLD_4358,SUB_HIFLD_3426,meso_SUB_HIFLD_4358_SUB_HIFLD_3426_rev,60000000.0,433138.1058806906,3294479.710138556,0,168
SUB_HIFLD_4358,SUB_HIFLD_631,meso_SUB_HIFLD_4358_SUB_HIFLD_631_fwd,60000000.0,2516612.2655451177,4449794.74471801,0,168
SUB_HIFLD_4358,SUB_HIFLD_642,meso_SUB_HIFLD_4358_SUB_HIFLD_642_fwd,60000000.0,4758.6981145458885,440857.80798371235,0,168
SUB_HIFLD_4359,SUB_HIFLD_2785,meso_SUB_HIFLD_4359_SUB_HIFLD_2785_rev,60000000.0,7955140.148377015,14304583.902730992,0,168
SUB_HIFLD_4359,SUB_HIFLD_732,meso_SUB_HIFLD_4359_SUB_HIFLD_732_fwd,60000000.0,4828078.222226103,7834222.451192893,0,168
SUB_HIFLD_4359,SUB_HIFLD_755,meso_SUB_HIFLD_4359_SUB_HIFLD_755_fwd,60000000.0,0.0,0.0,0,168
SUB_HIFLD_4364,SUB_HIFLD_1027,meso_SUB_HIFLD_4364_SUB_HIFLD_1027_rev,80000000.0,2946590.399501016,6761293.6432828605,0,168
SUB_HIFLD_4364,SUB_HIFLD_3393,meso_SUB_HIFLD_4364_SUB_HIFLD_3393_rev,80000000.0,990750.8229302047,19300037.49106292,0,168
SUB_HIFLD_4364,SUB_HIFLD_951,meso_SUB_HIFLD_4364_SUB_HIFLD_951_fwd,80000000.0,0.0,0.0,0,168
SUB_HIFLD_4365,SUB_HIFLD_2383,meso_SUB_HIFLD_4365_SUB_HIFLD_2383_rev,80000000.0,3431652.438997579,4294700.575366463,0,168
SUB_HIFLD_4365,SUB_HIFLD_2394,meso_SUB_HIFLD_4365_SUB_HIFLD_2394_rev,80000000.0,0.0,0.0,0,168
SUB_HIFLD_4365,SUB_HIFLD_2397,meso_SUB_HIFLD_4365_SUB_HIFLD_2397_rev,80000000.0,19149043.548325986,27337438.542770445,0,168
SUB_HIFLD_4368,SUB_HIFLD_2879,meso_SUB_HIFLD_4368_SUB_HIFLD_2879_rev,80000000.0,0.0,0.0,0,168
SUB_HIFLD_4368,SUB_HIFLD_2912,meso_SUB_HIFLD_4368_SUB_HIFLD_2912_rev,80000000.0,0.0,0.0,0,168
SUB_HIFLD_4368,SUB_HIFLD_4260,meso_SUB_HIFLD_4368_SUB_HIFLD_4260_rev,80000000.0,7977071.646544735,56255369.58115072,0,168
SUB_HIFLD_4370,SUB_HIFLD_1949,meso_SUB_HIFLD_4370_SUB_HIFLD_1949_rev,80000000.0,1444215.1862129502,24050675.180742767,0,168
SUB_HIFLD_4370,SUB_HIFLD_1978,meso_SUB_HIFLD_4370_SUB_HIFLD_1978_rev,80000000.0,0.0,0.0,0,168
SUB_HIFLD_4370,SUB_HIFLD_2674,meso_SUB_HIFLD_4370_SUB_HIFLD_2674_rev,80000000.0,0.0,0.0,0,168
SUB_HIFLD_4371,SUB_HIFLD_611,meso_SUB_HIFLD_4371_SUB_HIFLD_611_fwd,60000000.0,3032502.119132685,5361974.814503463,0,168
SUB_HIFLD_4371,SUB_HIFLD_649,meso_SUB_HIFLD_4371_SUB_HIFLD_649_fwd,60000000.0,1589121.4057986035,2809834.6041649887,0,168
SUB_HIFLD_4371,SUB_HIFLD_650,meso_SUB_HIFLD_4371_SUB_HIFLD_650_fwd,60000000.0,0.0,0.0,0,168
SUB_HIFLD_4372,SUB_HIFLD_1586,meso_SUB_HIFLD_4372_SUB_HIFLD_1586_rev,80000000.0,4525959.475952208,13708008.567574099,0,168
SUB_HIFLD_4372,SUB_HIFLD_3741,meso_SUB_HIFLD_4372_SUB_HIFLD_3741_rev,80000000.0,0.0,0.0,0,168
SUB_HIFLD_4372,SUB_HIFLD_3742,meso_SUB_HIFLD_4372_SUB_HIFLD_3742_rev,80000000.0,0.0,0.0,0,168
SUB_HIFLD_4373,SUB_HIFLD_3514,meso_SUB_HIFLD_4373_SUB_HIFLD_3514_rev,80000000.0,1932174.2277227761,7103907.024859115,0,168
SUB_HIFLD_4373,SUB_HIFLD_940,meso_SUB_HIFLD_4373_SUB_HIFLD_940_fwd,80000000.0,0.0,0.0,0,168
SUB_HIFLD_4376,SUB_HIFLD_1409,meso_SUB_HIFLD_4376_SUB_HIFLD_1409_rev,60000000.0,0.0,0.0,0,168
SUB_HIFLD_4376,SUB_HIFLD_2280,meso_SUB_HIFLD_4376_SUB_HIFLD_2280_rev,60000000.0,770291.5644144814,6022472.686394582,0,168
SUB_HIFLD_4376,SUB_HIFLD_2286,meso_SUB_HIFLD_4376_SUB_HIFLD_2286_rev,60000000.0,11136613.45378659,26032823.32272874,0,168
SUB_HIFLD_4376,SUB_HIFLD_3551,meso_SUB_HIFLD_4376_SUB_HIFLD_3551_rev,60000000.0,0.0,0.0,0,168
SUB_HIFLD_4377,SUB_HIFLD_4274,meso_SUB_HIFLD_4377_SUB_HIFLD_4274_rev,60000000.0,5572320.888795297,18377236.93717918,0,168
SUB_HIFLD_4377,SUB_HIFLD_626,meso_SUB_HIFLD_4377_SUB_HIFLD_626_fwd,60000000.0,0.0,0.0,0,168
SUB_HIFLD_4377,SUB_HIFLD_772,meso_SUB_HIFLD_4377_SUB_HIFLD_772_fwd,60000000.0,1217950.2647239768,7580826.324777504,0,168
SUB_HIFLD_4378,SUB_HIFLD_1932,meso_SUB_HIFLD_4378_SUB_HIFLD_1932_rev,80000000.0,191625.35943924123,8464590.769974226,0,168
SUB_HIFLD_4378,SUB_HIFLD_2681,meso_SUB_HIFLD_4378_SUB_HIFLD_2681_rev,80000000.0,0.0,0.0,0,168
SUB_HIFLD_4378,SUB_HIFLD_2758,meso_SUB_HIFLD_4378_SUB_HIFLD_2758_rev,80000000.0,8217384.577849741,49242683.69410412,0,168
SUB_HIFLD_4378,SUB_HIFLD_3496,meso_SUB_HIFLD_4378_SUB_HIFLD_3496_rev,80000000.0,0.0,0.0,0,168
SUB_HIFLD_4379,SUB_HIFLD_2410,meso_SUB_HIFLD_4379_SUB_HIFLD_2410_rev,80000000.0,0.0,0.0,0,168
SUB_HIFLD_4379,SUB_HIFLD_2424,meso_SUB_HIFLD_4379_SUB_HIFLD_2424_rev,80000000.0,6440181.550150944,8212992.434157538,0,168
SUB_HIFLD_4379,SUB_HIFLD_2431,meso_SUB_HIFLD_4379_SUB_HIFLD_2431_rev,80000000.0,0.0,0.0,0,168
SUB_HIFLD_4379,SUB_HIFLD_2437,meso_SUB_HIFLD_4379_SUB_HIFLD_2437_rev,80000000.0,0.0,0.0,0,168
SUB_HIFLD_4379,SUB_HIFLD_2418,meso_SUB_HIFLD_4379_SUB_HIFLD_2418_rev,5000000.0,0.0,0.0,0,168
SUB_HIFLD_4381,SUB_HIFLD_1597,meso_SUB_HIFLD_4381_SUB_HIFLD_1597_rev,80000000.0,0.0,0.0,0,168
SUB_HIFLD_4381,SUB_HIFLD_2706,meso_SUB_HIFLD_4381_SUB_HIFLD_2706_rev,80000000.0,36135655.72578469,62777150.34464591,0,168
SUB_HIFLD_4381,SUB_HIFLD_3229,meso_SUB_HIFLD_4381_SUB_HIFLD_3229_rev,80000000.0,248661.93577276482,12694233.813728254,0,168
SUB_HIFLD_4381,SUB_HIFLD_3762,meso_SUB_HIFLD_4381_SUB_HIFLD_3762_rev,80000000.0,35731260.5693872,80000000.0,5,168
SUB_HIFLD_4382,SUB_HIFLD_4045,meso_SUB_HIFLD_4382_SUB_HIFLD_4045_rev,60000000.0,9300339.188241705,19128359.862749323,0,168
SUB_HIFLD_4382,SUB_HIFLD_4327,meso_SUB_HIFLD_4382_SUB_HIFLD_4327_rev,60000000.0,6989990.69523347,20224916.296727926,0,168
SUB_HIFLD_4382,SUB_HIFLD_659,meso_SUB_HIFLD_4382_SUB_HIFLD_659_fwd,60000000.0,0.0,0.0,0,168
SUB_HIFLD_4385,SUB_HIFLD_3406,meso_SUB_HIFLD_4385_SUB_HIFLD_3406_rev,60000000.0,0.0,0.0,0,168
SUB_HIFLD_4385,SUB_HIFLD_724,meso_SUB_HIFLD_4385_SUB_HIFLD_724_fwd,60000000.0,3700741.853101825,12269888.927118368,0,168
SUB_HIFLD_4385,SUB_HIFLD_3465,meso_SUB_HIFLD_4385_SUB_HIFLD_3465_rev,5000000.0,1496588.4594865798,2646220.5198622243,0,168
SUB_HIFLD_4388,SUB_HIFLD_1054,meso_SUB_HIFLD_4388_SUB_HIFLD_1054_rev,60000000.0,0.0,0.0,0,168
SUB_HIFLD_4389,SUB_HIFLD_2864,meso_SUB_HIFLD_4389_SUB_HIFLD_2864_rev,150000000.0,0.0,0.0,0,168
SUB_HIFLD_4389,SUB_HIFLD_4396,meso_SUB_HIFLD_4389_SUB_HIFLD_4396_fwd,80000000.0,0.0,0.0,0,168
SUB_HIFLD_4389,SUB_HIFLD_840,meso_SUB_HIFLD_4389_SUB_HIFLD_840_fwd,80000000.0,34907.30125737904,734021.6927542399,0,168
SUB_HIFLD_4390,SUB_16307,meso_SUB_HIFLD_4390_SUB_16307_rev,60000000.0,35532668.13978264,45000000.0,0,168
SUB_HIFLD_4390,SUB_HIFLD_2990,meso_SUB_HIFLD_4390_SUB_HIFLD_2990_rev,120000000.0,3714247.0006374293,27528086.15633693,0,168
SUB_HIFLD_4392,SUB_HIFLD_1942,meso_SUB_HIFLD_4392_SUB_HIFLD_1942_rev,80000000.0,0.0,0.0,0,168
SUB_HIFLD_4392,SUB_HIFLD_1963,meso_SUB_HIFLD_4392_SUB_HIFLD_1963_rev,80000000.0,27998645.92741796,32314712.36710696,0,168
SUB_HIFLD_4392,SUB_HIFLD_3021,meso_SUB_HIFLD_4392_SUB_HIFLD_3021_rev,80000000.0,0.0,0.0,0,168
SUB_HIFLD_4392,SUB_HIFLD_4164,meso_SUB_HIFLD_4392_SUB_HIFLD_4164_rev,80000000.0,0.0,0.0,0,168
SUB_HIFLD_4393,SUB_HIFLD_609,meso_SUB_HIFLD_4393_SUB_HIFLD_609_fwd,60000000.0,626960.7303308749,12600134.965602875,0,168
SUB_HIFLD_4393,SUB_HIFLD_713,meso_SUB_HIFLD_4393_SUB_HIFLD_713_fwd,60000000.0,0.0,0.0,0,168
SUB_HIFLD_4396,SUB_HIFLD_150,meso_SUB_HIFLD_4396_SUB_HIFLD_150_rev,80000000.0,0.0,0.0,0,168
SUB_HIFLD_4396,SUB_HIFLD_4389,meso_SUB_HIFLD_4396_SUB_HIFLD_4389_rev,80000000.0,0.0,0.0,0,168
SUB_HIFLD_4396,SUB_HIFLD_831,meso_SUB_HIFLD_4396_SUB_HIFLD_831_fwd,80000000.0,5682576.651385875,72469865.41643867,0,168
SUB_HIFLD_4398,SUB_HIFLD_1644,meso_SUB_HIFLD_4398_SUB_HIFLD_1644_rev,80000000.0,0.0,0.0,0,168
SUB_HIFLD_4398,SUB_HIFLD_1730,meso_SUB_HIFLD_4398_SUB_HIFLD_1730_rev,80000000.0,0.0,0.0,0,168
SUB_HIFLD_4398,SUB_HIFLD_2871,meso_SUB_HIFLD_4398_SUB_HIFLD_2871_rev,80000000.0,0.0,0.0,0,168
SUB_HIFLD_4400,SUB_HIFLD_3686,meso_SUB_HIFLD_4400_SUB_HIFLD_3686_rev,80000000.0,0.0,0.0,0,168
SUB_HIFLD_4400,SUB_HIFLD_560,meso_SUB_HIFLD_4400_SUB_HIFLD_560_fwd,80000000.0,0.0,0.0,0,168
SUB_HIFLD_4400,SUB_HIFLD_800,meso_SUB_HIFLD_4400_SUB_HIFLD_800_fwd,80000000.0,0.0,0.0,0,168
SUB_HIFLD_4400,SUB_HIFLD_570,meso_SUB_HIFLD_4400_SUB_HIFLD_570_fwd,80000000.0,28782465.1224842,45833357.36604769,0,168
SUB_HIFLD_4403,SUB_10335,meso_SUB_HIFLD_4403_SUB_10335_rev,60000000.0,0.0,0.0,0,168
SUB_HIFLD_4403,SUB_10352,meso_SUB_HIFLD_4403_SUB_10352_rev,60000000.0,368559.6118248816,3861298.2595829954,0,168
SUB_HIFLD_4403,SUB_HIFLD_2180,meso_SUB_HIFLD_4403_SUB_HIFLD_2180_rev,60000000.0,2404629.9587940574,6892087.657178497,0,168
SUB_HIFLD_4403,SUB_HIFLD_2569,meso_SUB_HIFLD_4403_SUB_HIFLD_2569_rev,60000000.0,3260528.714847372,5926365.261947529,0,168
SUB_HIFLD_4404,SUB_HIFLD_889,meso_SUB_HIFLD_4404_SUB_HIFLD_889_fwd,200000000.0,5474877.451580115,15862447.899887241,0,168
SUB_HIFLD_4404,SUB_HIFLD_901,meso_SUB_HIFLD_4404_SUB_HIFLD_901_fwd,80000000.0,0.0,0.0,0,168
SUB_HIFLD_4404,SUB_HIFLD_968,meso_SUB_HIFLD_4404_SUB_HIFLD_968_fwd,80000000.0,0.0,0.0,0,168
SUB_HIFLD_4404,SUB_HIFLD_930,meso_SUB_HIFLD_4404_SUB_HIFLD_930_fwd,200000000.0,0.0,0.0,0,168
SUB_HIFLD_4404,SUB_HIFLD_958,meso_SUB_HIFLD_4404_SUB_HIFLD_958_fwd,200000000.0,0.0,0.0,0,168
SUB_HIFLD_4413,SUB_HIFLD_1311,meso_SUB_HIFLD_4413_SUB_HIFLD_1311_rev,150000000.0,0.0,0.0,0,168
SUB_HIFLD_4413,SUB_HIFLD_2166,meso_SUB_HIFLD_4413_SUB_HIFLD_2166_rev,150000000.0,0.0,0.0,0,168
SUB_HIFLD_4413,SUB_HIFLD_2168,meso_SUB_HIFLD_4413_SUB_HIFLD_2168_rev,150000000.0,0.0,0.0,0,168
SUB_HIFLD_4413,SUB_HIFLD_4097,meso_SUB_HIFLD_4413_SUB_HIFLD_4097_rev,150000000.0,2458253.5019303123,4621507.052846157,0,168
SUB_HIFLD_4414,SUB_HIFLD_3483,meso_SUB_HIFLD_4414_SUB_HIFLD_3483_rev,60000000.0,36341962.672212884,60000000.0,10,168
SUB_HIFLD_4414,SUB_HIFLD_595,meso_SUB_HIFLD_4414_SUB_HIFLD_595_fwd,60000000.0,0.0,0.0,0,168
SUB_HIFLD_4414,SUB_HIFLD_695,meso_SUB_HIFLD_4414_SUB_HIFLD_695_fwd,60000000.0,0.0,0.0,0,168
SUB_HIFLD_4414,SUB_HIFLD_707,meso_SUB_HIFLD_4414_SUB_HIFLD_707_fwd,60000000.0,4008669.8265244225,7088004.1692674775,0,168
SUB_HIFLD_4414,SUB_HIFLD_2725,meso_SUB_HIFLD_4414_SUB_HIFLD_2725_rev,6413940.941035329,3212550.4096463704,5680330.76653332,0,168
SUB_HIFLD_4418,SUB_HIFLD_1456,meso_SUB_HIFLD_4418_SUB_HIFLD_1456_rev,150000000.0,0.0,0.0,0,168
SUB_HIFLD_4418,SUB_HIFLD_847,meso_SUB_HIFLD_4418_SUB_HIFLD_847_fwd,150000000.0,0.0,0.0,0,168
SUB_HIFLD_4418,SUB_HIFLD_858,meso_SUB_HIFLD_4418_SUB_HIFLD_858_fwd,150000000.0,21806.691606116303,1805542.5730230343,0,168
SUB_HIFLD_4419,SUB_HIFLD_2376,meso_SUB_HIFLD_4419_SUB_HIFLD_2376_rev,80000000.0,33477921.924085468,57831034.5418117,0,168
SUB_HIFLD_4419,SUB_HIFLD_2385,meso_SUB_HIFLD_4419_SUB_HIFLD_2385_rev,80000000.0,0.0,0.0,0,168
SUB_HIFLD_4419,SUB_HIFLD_2527,meso_SUB_HIFLD_4419_SUB_HIFLD_2527_rev,80000000.0,0.0,0.0,0,168
SUB_HIFLD_4419,SUB_HIFLD_2856,meso_SUB_HIFLD_4419_SUB_HIFLD_2856_rev,80000000.0,0.0,0.0,0,168
SUB_HIFLD_4422,SUB_HIFLD_2802,meso_SUB_HIFLD_4422_SUB_HIFLD_2802_rev,60000000.0,0.0,0.0,0,168
SUB_HIFLD_4422,SUB_HIFLD_4072,meso_SUB_HIFLD_4422_SUB_HIFLD_4072_rev,5338599.724662953,2732502.803090863,4831525.507661485,0,168
SUB_HIFLD_4425,SUB_HIFLD_3672,meso_SUB_HIFLD_4425_SUB_HIFLD_3672_rev,150000000.0,2574595.3175971247,3213043.621889095,0,168
SUB_HIFLD_4425,SUB_HIFLD_847,meso_SUB_HIFLD_4425_SUB_HIFLD_847_fwd,150000000.0,7775584.514707091,15066011.713553904,0,168
SUB_HIFLD_4425,SUB_HIFLD_869,meso_SUB_HIFLD_4425_SUB_HIFLD_869_fwd,150000000.0,0.0,0.0,0,168
SUB_HIFLD_4426,SUB_16237,meso_SUB_HIFLD_4426_SUB_16237_rev,60000000.0,3494735.0028997576,25901176.26449742,0,168
SUB_HIFLD_4426,SUB_HIFLD_2020,meso_SUB_HIFLD_4426_SUB_HIFLD_2020_rev,60000000.0,0.0,0.0,0,168
SUB_HIFLD_4426,SUB_HIFLD_2990,meso_SUB_HIFLD_4426_SUB_HIFLD_2990_rev,60000000.0,0.0,0.0,0,168
SUB_HIFLD_4427,SUB_HIFLD_1442,meso_SUB_HIFLD_4427_SUB_HIFLD_1442_fwd,5000000.0,0.0,0.0,0,168
SUB_HIFLD_4428,SUB_HIFLD_2095,meso_SUB_HIFLD_4428_SUB_HIFLD_2095_rev,80000000.0,0.0,0.0,0,168
SUB_HIFLD_4428,SUB_HIFLD_2103,meso_SUB_HIFLD_4428_SUB_HIFLD_2103_rev,80000000.0,0.0,0.0,0,168
SUB_HIFLD_4428,SUB_HIFLD_2410,meso_SUB_HIFLD_4428_SUB_HIFLD_2410_rev,80000000.0,0.0,0.0,0,168
SUB_HIFLD_4429,SUB_HIFLD_1286,meso_SUB_HIFLD_4429_SUB_HIFLD_1286_rev,150000000.0,26605241.345243204,53821083.813380554,0,168
SUB_HIFLD_4429,SUB_HIFLD_2692,meso_SUB_HIFLD_4429_SUB_HIFLD_2692_rev,150000000.0,30630830.407079775,63769477.42257366,0,168
SUB_HIFLD_4429,SUB_HIFLD_287,meso_SUB_HIFLD_4429_SUB_HIFLD_287_rev,150000000.0,15810691.728092095,56855670.10309278,0,168
SUB_HIFLD_4429,SUB_HIFLD_3354,meso_SUB_HIFLD_4429_SUB_HIFLD_3354_rev,60000000.0,0.0,0.0,0,168
SUB_HIFLD_4430,SUB_HIFLD_4431,meso_SUB_HIFLD_4430_SUB_HIFLD_4431_fwd,80000000.0,1902680.3245503996,28141510.12549865,0,168
SUB_HIFLD_4430,SUB_HIFLD_938,meso_SUB_HIFLD_4430_SUB_HIFLD_938_fwd,80000000.0,0.0,0.0,0,168
SUB_HIFLD_4430,SUB_HIFLD_946,meso_SUB_HIFLD_4430_SUB_HIFLD_946_fwd,80000000.0,19006469.192980975,25083604.964536943,0,168
SUB_HIFLD_4431,SUB_HIFLD_4430,meso_SUB_HIFLD_4431_SUB_HIFLD_4430_rev,80000000.0,0.0,0.0,0,168
SUB_HIFLD_4431,SUB_HIFLD_892,meso_SUB_HIFLD_4431_SUB_HIFLD_892_fwd,80000000.0,0.0,0.0,0,168
SUB_HIFLD_4431,SUB_HIFLD_941,meso_SUB_HIFLD_4431_SUB_HIFLD_941_fwd,80000000.0,31027105.578805048,38831216.27335696,0,168
SUB_HIFLD_4434,SUB_HIFLD_2885,meso_SUB_HIFLD_4434_SUB_HIFLD_2885_rev,1500000000.0,20804999.65887724,225755421.82906598,0,168
SUB_HIFLD_4434,SUB_HIFLD_2894,meso_SUB_HIFLD_4434_SUB_HIFLD_2894_rev,400000000.0,58004643.61060418,222509342.50028402,0,168
SUB_HIFLD_4434,SUB_HIFLD_4435,meso_SUB_HIFLD_4434_SUB_HIFLD_4435_fwd,80000000.0,10829495.313311558,68756130.73708451,0,168
SUB_HIFLD_4434,SUB_HIFLD_800,meso_SUB_HIFLD_4434_SUB_HIFLD_800_fwd,80000000.0,56643854.74161564,80000000.0,9,168
SUB_HIFLD_4434,SUB_HIFLD_811,meso_SUB_HIFLD_4434_SUB_HIFLD_811_fwd,2300000000.0,49634755.95093197,187841764.55428827,0,168
SUB_HIFLD_4434,SUB_HIFLD_841,meso_SUB_HIFLD_4434_SUB_HIFLD_841_fwd,1500000000.0,13010693.21193228,221047399.29964277,0,168
SUB_HIFLD_4434,WECC_SCE,iface_SUB_HIFLD_4434_WECC_SCE_to_ba,278201101.9193704,0.0,0.0,0,168
SUB_HIFLD_4435,SUB_HIFLD_3970,meso_SUB_HIFLD_4435_SUB_HIFLD_3970_rev,80000000.0,0.0,0.0,0,168
SUB_HIFLD_4435,SUB_HIFLD_4434,meso_SUB_HIFLD_4435_SUB_HIFLD_4434_rev,80000000.0,0.0,0.0,0,168
SUB_HIFLD_4435,SUB_HIFLD_581,meso_SUB_HIFLD_4435_SUB_HIFLD_581_fwd,80000000.0,10504610.453912213,66693446.81497198,0,168
SUB_HIFLD_4435,SUB_HIFLD_841,meso_SUB_HIFLD_4435_SUB_HIFLD_841_fwd,80000000.0,0.0,0.0,0,168
SUB_HIFLD_4436,SUB_HIFLD_1699,meso_SUB_HIFLD_4436_SUB_HIFLD_1699_rev,80000000.0,0.0,0.0,0,168
SUB_HIFLD_4436,SUB_HIFLD_3398,meso_SUB_HIFLD_4436_SUB_HIFLD_3398_rev,80000000.0,0.0,0.0,0,168
SUB_HIFLD_4436,SUB_HIFLD_3507,meso_SUB_HIFLD_4436_SUB_HIFLD_3507_rev,80000000.0,11926748.793494523,24295620.70013027,0,168
SUB_HIFLD_4436,SUB_HIFLD_3715,meso_SUB_HIFLD_4436_SUB_HIFLD_3715_rev,80000000.0,0.0,0.0,0,168
SUB_HIFLD_4437,SUB_HIFLD_1581,meso_SUB_HIFLD_4437_SUB_HIFLD_1581_rev,80000000.0,0.0,0.0,0,168
SUB_HIFLD_4437,SUB_HIFLD_1645,meso_SUB_HIFLD_4437_SUB_HIFLD_1645_rev,80000000.0,0.0,0.0,0,168
SUB_HIFLD_4437,SUB_HIFLD_3420,meso_SUB_HIFLD_4437_SUB_HIFLD_3420_rev,80000000.0,0.0,0.0,0,168
SUB_HIFLD_4437,SUB_HIFLD_4204,meso_SUB_HIFLD_4437_SUB_HIFLD_4204_rev,80000000.0,0.0,0.0,0,168
SUB_HIFLD_4438,SUB_HIFLD_928,meso_SUB_HIFLD_4438_SUB_HIFLD_928_fwd,80000000.0,0.0,0.0,0,168
SUB_HIFLD_4438,SUB_HIFLD_943,meso_SUB_HIFLD_4438_SUB_HIFLD_943_fwd,80000000.0,43959463.26437102,67941865.43538833,0,168
SUB_HIFLD_4438,SUB_HIFLD_966,meso_SUB_HIFLD_4438_SUB_HIFLD_966_fwd,80000000.0,0.0,0.0,0,168
SUB_HIFLD_4441,SUB_HIFLD_3928,meso_SUB_HIFLD_4441_SUB_HIFLD_3928_rev,60000000.0,0.0,0.0,0,168
SUB_HIFLD_4441,SUB_HIFLD_3487,meso_SUB_HIFLD_4441_SUB_HIFLD_3487_fwd,5000000.0,0.0,0.0,0,168
SUB_HIFLD_4442,SUB_HIFLD_4228,meso_SUB_HIFLD_4442_SUB_HIFLD_4228_rev,80000000.0,0.0,0.0,0,168
SUB_HIFLD_4442,SUB_HIFLD_806,meso_SUB_HIFLD_4442_SUB_HIFLD_806_fwd,80000000.0,1266456.269658629,3792582.0275135506,0,168
SUB_HIFLD_4442,SUB_HIFLD_823,meso_SUB_HIFLD_4442_SUB_HIFLD_823_fwd,80000000.0,0.0,0.0,0,168
