source,target,line,capacity_W,mean_flow_W,peak_flow_W,binding_hours,n_hours
WECC_AZ,WECC_IID,line_3315,255000000.0,0.0,0.0,0,672
WECC_AZ,WECC_NM,line_3317,2400000000.0,1850593.2437407945,480067525.77319586,0,672
WECC_AZ,WECC_SCE,line_3320,2192000000.0,0.0,0.0,0,672
WECC_AZ,WECC_SNV,line_3321,4727000000.0,0.0,0.0,0,672
WECC_AZ,WECC_UT,line_3322,250000000.0,0.0,0.0,0,672
WECC_AZ,WEC_LADW,line_3326,692000000.0,0.0,0.0,0,672
WECC_AZ,WEC_SDGE,line_3327,1655000000.0,0.0,0.0,0,672
WECC_CO,WECC_NM,line_3381,614000000.0,614000000.0,614000000.0,672,672
WECC_CO,WECC_UT,line_3386,650000000.0,0.0,0.0,0,672
WECC_CO,WECC_WY,line_3387,1400000000.0,0.0,0.0,0,672
WECC_ID,WECC_MT,line_3444,200000000.0,0.0,0.0,0,672
WECC_ID,WECC_NNV,line_3446,350000000.0,280136278.73003983,350000000.0,334,672
WECC_ID,WECC_PNW,line_3447,2850000000.0,49651850.50783231,1252730914.2916815,0,672
WECC_ID,WECC_UT,line_3450,680000000.0,0.0,0.0,0,672
WECC_ID,WECC_WY,line_3451,1500000000.0,0.0,0.0,0,672
WECC_IID,WECC_AZ,line_3504,163000000.0,163000000.0,163000000.0,672,672
WECC_IID,WECC_SCE,line_3512,600000000.0,389134121.61133415,600000000.0,243,672
WECC_IID,WEC_SDGE,line_3519,150000000.0,136113153.90700984,150000000.0,591,672
WECC_MT,WECC_ID,line_3570,325000000.0,144994849.75396916,325000000.0,218,672
WECC_MT,WECC_PNW,line_3575,2000000000.0,1589965829.8330822,2000000000.0,22,672
WECC_MT,WECC_WY,line_3579,400000000.0,0.0,0.0,0,672
WECC_NM,WECC_AZ,line_3632,2400000000.0,1053686695.7283534,2400000000.0,29,672
WECC_NM,WECC_CO,line_3633,664000000.0,0.0,0.0,0,672
WECC_NM,WECC_UT,line_3642,300000000.0,0.0,0.0,0,672
WECC_NNV,WECC_ID,line_3698,185000000.0,0.0,0.0,0,672
WECC_NNV,WECC_PNW,line_3703,300000000.0,0.0,0.0,0,672
WECC_NNV,WECC_UT,line_3706,235000000.0,0.0,0.0,0,672
WECC_NNV,WEC_CALN,line_3709,100000000.0,20546732.66376545,100000000.0,120,672
WECC_PNW,WECC_ID,line_3762,1650000000.0,26208730.321339957,711196610.0989256,0,672
WECC_PNW,WECC_MT,line_3764,500000000.0,0.0,0.0,0,672
WECC_PNW,WECC_NNV,line_3766,300000000.0,211041716.25610614,300000000.0,301,672
WECC_PNW,WEC_CALN,line_3773,4200000000.0,2177292974.3866477,4200000000.0,193,672
WECC_PNW,WEC_LADW,line_3774,2600000000.0,1909528488.1827261,2600000000.0,372,672
WECC_SCE,WECC_AZ,line_3824,1968000000.0,963984718.6258389,1968000000.0,170,672
WECC_SCE,WECC_IID,line_3827,600000000.0,0.0,0.0,0,672
WECC_SCE,WECC_SNV,line_3833,2814000000.0,0.0,0.0,0,672
WECC_SCE,WEC_CALN,line_3837,3000000000.0,28607492.3231889,2718453948.293118,0,672
WECC_SCE,WEC_LADW,line_3838,3750000000.0,8915084.026424145,1473728036.4834328,0,672
WECC_SCE,WEC_SDGE,line_3839,1273000000.0,181796067.08167762,1273000000.0,10,672
WECC_SNV,WECC_AZ,line_3888,4785000000.0,233106039.0383741,3134427536.4784193,0,672
WECC_SNV,WECC_SCE,line_3896,1700000000.0,296028.4548902127,198931121.68622294,0,672
WECC_SNV,WECC_UT,line_3898,250000000.0,0.0,0.0,0,672
WECC_SNV,WEC_LADW,line_3902,2300000000.0,0.0,0.0,0,672
WECC_UT,WECC_AZ,line_3952,250000000.0,250000000.0,250000000.0,672,672
WECC_UT,WECC_CO,line_3953,650000000.0,0.0,0.0,0,672
WECC_UT,WECC_ID,line_3954,775000000.0,629300840.3637685,775000000.0,402,672
WECC_UT,WECC_NM,line_3957,350000000.0,350000000.0,350000000.0,672,672
WECC_UT,WECC_NNV,line_3958,360000000.0,359946075.72410864,360000000.0,671,672
WECC_UT,WECC_SNV,line_3961,140000000.0,140000000.0,140000000.0,672,672
WECC_UT,WECC_WY,line_3963,1600000000.0,0.0,0.0,0,672
WECC_UT,WEC_LADW,line_3966,1920000000.0,1909622803.5261097,1920000000.0,645,672
WECC_WY,WECC_CO,line_4017,1400000000.0,925132453.0893885,1400000000.0,160,672
WECC_WY,WECC_ID,line_4018,3700000000.0,38393449.1062256,1694822091.2323568,0,672
WECC_WY,WECC_MT,line_4020,200000000.0,1190476.1904761905,200000000.0,4,672
WECC_WY,WECC_UT,line_4026,1800000000.0,0.0,0.0,0,672
WEC_BANC,WEC_CALN,line_4093,2750000000.0,0.0,0.0,0,672
WEC_CALN,WECC_NNV,line_4150,100000000.0,0.0,0.0,0,672
WEC_CALN,WECC_PNW,line_4151,3675000000.0,0.0,0.0,0,672
WEC_CALN,WECC_SCE,line_4152,3675000000.0,1977939603.2152715,3675000000.0,154,672
WEC_CALN,WEC_BANC,line_4156,2750000000.0,200887.48921514483,85556608.70618556,0,672
WEC_CALN,SUB_08343,iface_WEC_CALN_SUB_08343_to_hub,8400000000.0,86238115.69534636,275311257.5343592,0,672
WEC_CALN,SUB_25457,iface_WEC_CALN_SUB_25457_to_hub,200000000.0,32278069.038265932,95497606.05703315,0,672
WEC_CALN,SUB_10372,iface_WEC_CALN_SUB_10372_to_hub,14733418307.603153,0.0,0.0,0,672
WEC_CALN,SUB_HIFLD_30,iface_WEC_CALN_SUB_HIFLD_30_to_hub,50500000000.0,24619768.31226353,426678591.20513725,0,672
WEC_CALN,SUB_HIFLD_211,iface_WEC_CALN_SUB_HIFLD_211_to_hub,30300000000.0,165364.0127294831,111124616.55421264,0,672
WEC_CALN,SUB_HIFLD_74,iface_WEC_CALN_SUB_HIFLD_74_to_hub,4078000000.0,0.0,0.0,0,672
WEC_CALN,SUB_HIFLD_2514,iface_WEC_CALN_SUB_HIFLD_2514_to_hub,200000000.0,414309.10350681655,554919.4661903767,0,672
WEC_CALN,SUB_HIFLD_3940,iface_WEC_CALN_SUB_HIFLD_3940_to_hub,4000000000.0,0.0,0.0,0,672
WEC_CALN,SUB_HIFLD_10,iface_WEC_CALN_SUB_HIFLD_10_to_hub,11000000000.0,218024771.47474733,491953114.2684108,0,672
WEC_CALN,SUB_25441,iface_WEC_CALN_SUB_25441_to_hub,6280614982.341472,16890453.268666547,111699136.41736448,0,672
WEC_CALN,SUB_HIFLD_1297,iface_WEC_CALN_SUB_HIFLD_1297_to_hub,4000000000.0,0.0,0.0,0,672
WEC_CALN,SUB_HIFLD_2010,iface_WEC_CALN_SUB_HIFLD_2010_to_hub,200000000.0,55676794.64725024,200000000.0,6,672
WEC_CALN,SUB_HIFLD_1300,iface_WEC_CALN_SUB_HIFLD_1300_to_hub,2400000000.0,0.0,0.0,0,672
WEC_CALN,SUB_HIFLD_1432,iface_WEC_CALN_SUB_HIFLD_1432_to_hub,5461000000.0,479581635.84983283,791612270.5710986,0,672
WEC_CALN,SUB_25461,iface_WEC_CALN_SUB_25461_to_hub,30400000000.0,70532184.37354583,150701938.53538385,0,672
WEC_CALN,SUB_HIFLD_2456,iface_WEC_CALN_SUB_HIFLD_2456_to_hub,3150000000.0,0.0,0.0,0,672
WEC_CALN,SUB_HIFLD_597,iface_WEC_CALN_SUB_HIFLD_597_to_hub,10414020126.795326,52318193.84860171,218328974.86811382,0,672
WEC_CALN,SUB_25464,iface_WEC_CALN_SUB_25464_to_hub,200000000.0,27214651.867937174,200000000.0,56,672
WEC_CALN,SUB_04230,iface_WEC_CALN_SUB_04230_to_hub,200000000.0,92069934.72490385,200000000.0,2,672
WEC_CALN,SUB_16242,iface_WEC_CALN_SUB_16242_to_hub,3800000000.0,84907690.73072423,191511845.89851817,0,672
WEC_CALN,SUB_HIFLD_1195,iface_WEC_CALN_SUB_HIFLD_1195_to_hub,10211988538.68,146796634.43362954,491136421.00403064,0,672
WEC_CALN,SUB_04256,iface_WEC_CALN_SUB_04256_to_hub,15350000000.0,234433923.39144826,394371079.25102925,0,672
WEC_CALN,SUB_HIFLD_2713,iface_WEC_CALN_SUB_HIFLD_2713_to_hub,19950000000.0,0.0,0.0,0,672
WEC_CALN,SUB_02419,iface_WEC_CALN_SUB_02419_to_hub,6800000000.0,306634720.5067584,468306406.8347994,0,672
WEC_CALN,SUB_HIFLD_1170,iface_WEC_CALN_SUB_HIFLD_1170_to_hub,1910000000.0,31173790.940928362,224433405.47512355,0,672
WEC_CALN,SUB_01409,iface_WEC_CALN_SUB_01409_to_hub,200000000.0,72088905.96667345,200000000.0,33,672
WEC_CALN,SUB_25367,iface_WEC_CALN_SUB_25367_to_hub,200000000.0,7094147.417310013,41745357.621100925,0,672
WEC_CALN,SUB_HIFLD_1444,iface_WEC_CALN_SUB_HIFLD_1444_to_hub,254000000000.0,0.0,0.0,0,672
WEC_CALN,SUB_25270,iface_WEC_CALN_SUB_25270_to_hub,700000000.0,88681903.12770516,261932601.91193074,0,672
WEC_CALN,SUB_02210,iface_WEC_CALN_SUB_02210_to_hub,17745316366.1443,565882932.7968714,1023065195.4485332,0,672
WEC_CALN,SUB_HIFLD_130,iface_WEC_CALN_SUB_HIFLD_130_to_hub,8500000000.0,4917754.089616163,180460064.4310475,0,672
WEC_CALN,SUB_06364,iface_WEC_CALN_SUB_06364_to_hub,1359990448.8999999,0.0,0.0,0,672
WEC_CALN,SUB_HIFLD_1851,iface_WEC_CALN_SUB_HIFLD_1851_to_hub,12000000000.0,56716842.80095478,355119479.04986084,0,672
WEC_CALN,SUB_16391,iface_WEC_CALN_SUB_16391_to_hub,20000000000.0,19579038.594999403,50201308.795103095,0,672
WEC_CALN,SUB_04248,iface_WEC_CALN_SUB_04248_to_hub,4000000000.0,194739742.91186127,313151916.05899775,0,672
WEC_CALN,SUB_25337,iface_WEC_CALN_SUB_25337_to_hub,4800000000.0,111841138.2688319,242122927.59410405,0,672
WEC_CALN,SUB_HIFLD_1357,iface_WEC_CALN_SUB_HIFLD_1357_to_hub,200000000.0,0.0,0.0,0,672
WEC_CALN,SUB_HIFLD_1077,iface_WEC_CALN_SUB_HIFLD_1077_to_hub,1200000000.0,0.0,0.0,0,672
WEC_CALN,SUB_10225,iface_WEC_CALN_SUB_10225_to_hub,700000000.0,0.0,0.0,0,672
WEC_CALN,SUB_10260,iface_WEC_CALN_SUB_10260_to_hub,200000000.0,101268.92354544434,38169491.24177186,0,672
WEC_CALN,SUB_HIFLD_659,iface_WEC_CALN_SUB_HIFLD_659_to_hub,200000000.0,6496700.045222827,124703499.88761337,0,672
WEC_CALN,SUB_HIFLD_1313,iface_WEC_CALN_SUB_HIFLD_1313_to_hub,1820000000.0,0.0,0.0,0,672
WEC_CALN,SUB_18282,iface_WEC_CALN_SUB_18282_to_hub,200000000.0,0.0,0.0,0,672
WEC_CALN,SUB_HIFLD_1171,iface_WEC_CALN_SUB_HIFLD_1171_to_hub,3950000000.0,0.0,0.0,0,672
WEC_CALN,SUB_01380,iface_WEC_CALN_SUB_01380_to_hub,200000000.0,199516878.41989776,200000000.0,668,672
WEC_CALN,SUB_01466,iface_WEC_CALN_SUB_01466_to_hub,200000000.0,47520843.06570512,100566994.20103092,0,672
WEC_CALN,SUB_01365,iface_WEC_CALN_SUB_01365_to_hub,461000000.0,15264288.209014747,285928618.36808944,0,672
WEC_CALN,SUB_08337,iface_WEC_CALN_SUB_08337_to_hub,17900000000.0,199868161.54739898,435727526.2422864,0,672
WEC_CALN,SUB_25430,iface_WEC_CALN_SUB_25430_to_hub,200000000.0,6742075.930344398,14344093.307023196,0,672
WEC_CALN,SUB_02287,iface_WEC_CALN_SUB_02287_to_hub,12851954053.370102,46059104.5247091,310771475.7981404,0,672
WEC_CALN,SUB_HIFLD_1113,iface_WEC_CALN_SUB_HIFLD_1113_to_hub,28000000000.0,83298.38909819243,14961817.708281266,0,672
WEC_CALN,SUB_16371,iface_WEC_CALN_SUB_16371_to_hub,200000000.0,16285549.320680419,46653930.412371136,0,672
WEC_CALN,SUB_HIFLD_1086,iface_WEC_CALN_SUB_HIFLD_1086_to_hub,4149000000.0,0.0,0.0,0,672
WEC_CALN,SUB_HIFLD_2469,iface_WEC_CALN_SUB_HIFLD_2469_to_hub,18000000000.0,0.0,0.0,0,672
WEC_CALN,SUB_08377,iface_WEC_CALN_SUB_08377_to_hub,4000000000.0,33183474.202593815,55123344.87757732,0,672
WEC_CALN,SUB_01467,iface_WEC_CALN_SUB_01467_to_hub,200000000.0,140095724.5812722,200000000.0,266,672
WEC_CALN,SUB_25526,iface_WEC_CALN_SUB_25526_to_hub,6700000000.0,108861235.02913345,283896755.90806735,0,672
WEC_CALN,SUB_16348,iface_WEC_CALN_SUB_16348_to_hub,200000000.0,105149297.46038297,200000000.0,59,672
WEC_CALN,SUB_01423,iface_WEC_CALN_SUB_01423_to_hub,10200000000.0,125540095.36080746,316076152.89761,0,672
WEC_CALN,SUB_10293,iface_WEC_CALN_SUB_10293_to_hub,200000000.0,0.0,0.0,0,672
WEC_CALN,SUB_01323,iface_WEC_CALN_SUB_01323_to_hub,4000000000.0,7475227.837993707,45873610.44679794,0,672
WEC_CALN,SUB_HIFLD_1854,iface_WEC_CALN_SUB_HIFLD_1854_to_hub,200000000.0,2410363.423741354,3455409.5623102714,0,672
WEC_CALN,SUB_HIFLD_1324,iface_WEC_CALN_SUB_HIFLD_1324_to_hub,1250000000.0,0.0,0.0,0,672
WEC_CALN,SUB_HIFLD_3784,iface_WEC_CALN_SUB_HIFLD_3784_to_hub,6400000000.0,13776.845409180884,9258040.114969553,0,672
WEC_CALN,SUB_HIFLD_982,iface_WEC_CALN_SUB_HIFLD_982_to_hub,200000000.0,24054573.79939099,85781498.432352,0,672
WEC_CALN,SUB_HIFLD_1336,iface_WEC_CALN_SUB_HIFLD_1336_to_hub,6800000000.0,0.0,0.0,0,672
WEC_CALN,SUB_25348,iface_WEC_CALN_SUB_25348_to_hub,8000000000.0,41269150.2551485,91565531.62488644,0,672
WEC_CALN,SUB_10373,iface_WEC_CALN_SUB_10373_to_hub,200000000.0,0.0,0.0,0,672
WEC_CALN,SUB_25407,iface_WEC_CALN_SUB_25407_to_hub,6700000000.0,124630668.67291363,250561085.37556937,0,672
WEC_CALN,SUB_01469,iface_WEC_CALN_SUB_01469_to_hub,200000000.0,16533759.548734523,162855331.86231092,0,672
WEC_CALN,SUB_04205,iface_WEC_CALN_SUB_04205_to_hub,31587594518.236485,41559928.63470799,64218490.628155224,0,672
WEC_CALN,SUB_15276,iface_WEC_CALN_SUB_15276_to_hub,206000000.0,27081519.459790252,47698959.087542504,0,672
WEC_CALN,SUB_25412,iface_WEC_CALN_SUB_25412_to_hub,200000000.0,151278153.6607948,200000000.0,449,672
WEC_CALN,SUB_01440,iface_WEC_CALN_SUB_01440_to_hub,200000000.0,23901644.76883792,200000000.0,3,672
WEC_CALN,SUB_10314,iface_WEC_CALN_SUB_10314_to_hub,200000000.0,222915.83230158663,18241019.652061857,0,672
WEC_CALN,SUB_04325,iface_WEC_CALN_SUB_04325_to_hub,200000000.0,25195861.0370712,120995221.124586,0,672
WEC_CALN,SUB_HIFLD_1395,iface_WEC_CALN_SUB_HIFLD_1395_to_hub,3063000000.0,0.0,0.0,0,672
WEC_CALN,SUB_16368,iface_WEC_CALN_SUB_16368_to_hub,200000000.0,117733439.17156297,200000000.0,118,672
WEC_CALN,SUB_18301,iface_WEC_CALN_SUB_18301_to_hub,200000000.0,0.0,0.0,0,672
WEC_CALN,SUB_01223,iface_WEC_CALN_SUB_01223_to_hub,200000000.0,150730840.64562488,200000000.0,64,672
WEC_CALN,SUB_01222,iface_WEC_CALN_SUB_01222_to_hub,200000000.0,199525551.0644774,200000000.0,669,672
WEC_CALN,SUB_HIFLD_1020,iface_WEC_CALN_SUB_HIFLD_1020_to_hub,5500000000.0,82428455.42968784,325225325.4822775,0,672
WEC_CALN,SUB_HIFLD_1303,iface_WEC_CALN_SUB_HIFLD_1303_to_hub,1774000000.0,0.0,0.0,0,672
WEC_CALN,SUB_04337,iface_WEC_CALN_SUB_04337_to_hub,38100000000.0,138078427.07356533,220291220.42558768,0,672
WEC_CALN,SUB_HIFLD_1323,iface_WEC_CALN_SUB_HIFLD_1323_to_hub,2800000000.0,0.0,0.0,0,672
WEC_CALN,SUB_HIFLD_3283,iface_WEC_CALN_SUB_HIFLD_3283_to_hub,48000000000.0,1684905.409591748,2386766.3916941346,0,672
WEC_CALN,SUB_25209,iface_WEC_CALN_SUB_25209_to_hub,27000000000.0,23385494.83468471,50299017.39690722,0,672
WEC_CALN,SUB_25255,iface_WEC_CALN_SUB_25255_to_hub,27000000000.0,394992.3157631938,8722468.588652834,0,672
WEC_CALN,SUB_HIFLD_4068,iface_WEC_CALN_SUB_HIFLD_4068_to_hub,50000000.0,0.0,0.0,0,672
WEC_CALN,SUB_HIFLD_138,iface_WEC_CALN_SUB_HIFLD_138_to_hub,50000000.0,25162806.210944645,34941813.99403208,0,672
WEC_CALN,SUB_HIFLD_1396,iface_WEC_CALN_SUB_HIFLD_1396_to_hub,50000000.0,16026319.072500536,24330345.9246134,0,672
WEC_CALN,SUB_HIFLD_2491,iface_WEC_CALN_SUB_HIFLD_2491_to_hub,50000000.0,0.0,0.0,0,672
WEC_CALN,SUB_HIFLD_2013,iface_WEC_CALN_SUB_HIFLD_2013_to_hub,50000000.0,0.0,0.0,0,672
WEC_CALN,SUB_HIFLD_1832,iface_WEC_CALN_SUB_HIFLD_1832_to_hub,50000000.0,47494027.49557389,50000000.0,407,672
WEC_CALN,SUB_10340,iface_WEC_CALN_SUB_10340_to_hub,50000000.0,7068258.142635175,12003114.93234536,0,672
WEC_CALN,SUB_HIFLD_3272,iface_WEC_CALN_SUB_HIFLD_3272_to_hub,50000000.0,1618306.6424350957,2322978.463018321,0,672
WEC_CALN,SUB_HIFLD_2212,iface_WEC_CALN_SUB_HIFLD_2212_to_hub,50000000.0,48652.87532101792,70991.61836289868,0,672
WEC_CALN,SUB_25418,iface_WEC_CALN_SUB_25418_to_hub,50000000.0,0.0,0.0,0,672
WEC_CALN,SUB_16211,iface_WEC_CALN_SUB_16211_to_hub,50000000.0,8010447.602981321,15059738.442332475,0,672
WEC_CALN,SUB_HIFLD_2177,iface_WEC_CALN_SUB_HIFLD_2177_to_hub,50000000.0,0.0,0.0,0,672
WEC_CALN,SUB_04350,iface_WEC_CALN_SUB_04350_to_hub,50000000.0,10992876.872913357,20326997.42268041,0,672
WEC_CALN,SUB_HIFLD_2219,iface_WEC_CALN_SUB_HIFLD_2219_to_hub,50000000.0,208445.66235661684,299210.7902605509,0,672
WEC_CALN,SUB_HIFLD_3312,iface_WEC_CALN_SUB_HIFLD_3312_to_hub,50000000.0,0.0,0.0,0,672
WEC_CALN,SUB_25859,iface_WEC_CALN_SUB_25859_to_hub,50000000.0,0.0,0.0,0,672
WEC_CALN,SUB_HIFLD_464,iface_WEC_CALN_SUB_HIFLD_464_to_hub,50000000.0,0.0,0.0,0,672
WEC_LADW,WECC_AZ,line_4208,468000000.0,442277398.91523796,468000000.0,617,672
WEC_LADW,WECC_PNW,line_4215,2858000000.0,0.0,0.0,0,672
WEC_LADW,WECC_SCE,line_4216,3750000000.0,1986456389.1052837,3750000000.0,118,672
WEC_LADW,WECC_SNV,line_4217,3883000000.0,0.0,0.0,0,672
WEC_LADW,WECC_UT,line_4218,1400000000.0,0.0,0.0,0,672
WEC_SDGE,WECC_AZ,line_4272,1168000000.0,251521962.1241891,1168000000.0,65,672
WEC_SDGE,WECC_IID,line_4275,150000000.0,0.0,0.0,0,672
WEC_SDGE,WECC_SCE,line_4280,1273000000.0,1596174.4913376567,338277792.4784323,0,672
SUB_02409,SUB_HIFLD_2062,meso_SUB_02409_SUB_HIFLD_2062_fwd,210487810.76590532,0.0,0.0,0,672
SUB_10349,SUB_10372,meso_SUB_10349_SUB_10372_fwd,600000000.0,7651737.297619571,10111173.115537645,0,672
SUB_10349,SUB_HIFLD_3104,meso_SUB_10349_SUB_HIFLD_3104_rev,50000000.0,1473343.8284235955,2030775.6383204411,0,672
SUB_10349,SUB_HIFLD_1062,meso_SUB_10349_SUB_HIFLD_1062_rev,50000000.0,978962.9779379334,1384685.0837628867,0,672
SUB_04281,SUB_04209,meso_SUB_04281_SUB_04209_rev,600000000.0,0.0,0.0,0,672
SUB_04281,SUB_04285,meso_SUB_04281_SUB_04285_fwd,600000000.0,4414590.454321529,7474643.90948833,0,672
SUB_04281,SUB_04316,meso_SUB_04281_SUB_04316_fwd,600000000.0,2417952.664974102,3490831.386920103,0,672
SUB_18239,SUB_18219,meso_SUB_18239_SUB_18219_rev,1200000000.0,1379756.8525447708,9331001.188813569,0,672
SUB_25404,SUB_25537,meso_SUB_25404_SUB_25537_fwd,72130945.1568815,0.0,0.0,0,672
SUB_25424,SUB_25208,meso_SUB_25424_SUB_25208_rev,3000000000.0,450734.9458058118,35174549.92675781,0,672
SUB_25424,SUB_HIFLD_376,meso_SUB_25424_SUB_HIFLD_376_fwd,1500000000.0,0.0,0.0,0,672
SUB_25424,SUB_HIFLD_3585,meso_SUB_25424_SUB_HIFLD_3585_rev,50000000.0,0.0,0.0,0,672
SUB_01216,SUB_01365,meso_SUB_01216_SUB_01365_fwd,1800000000.0,185357.51038734496,103627968.21888956,0,672
SUB_01216,SUB_01445,meso_SUB_01216_SUB_01445_fwd,600000000.0,9907275.548603863,84873671.06958763,0,672
SUB_01216,SUB_01202,meso_SUB_01216_SUB_01202_rev,1500000000.0,142218891.79977185,328064987.11997193,0,672
SUB_01216,SUB_01324,meso_SUB_01216_SUB_01324_fwd,1500000000.0,209685.5432994153,38907163.166355714,0,672
SUB_01216,SUB_01343,meso_SUB_01216_SUB_01343_fwd,1500000000.0,17736804.41846127,50919388.72522318,0,672
SUB_01216,SUB_01391,meso_SUB_01216_SUB_01391_fwd,3000000000.0,148130.4023753912,15288096.971649485,0,672
SUB_01216,SUB_01466,meso_SUB_01216_SUB_01466_fwd,4000000000.0,5834916.347952485,100196496.45618556,0,672
SUB_01216,SUB_01467,meso_SUB_01216_SUB_01467_fwd,4000000000.0,33676392.254604615,252607333.79889315,0,672
SUB_01216,SUB_02203,meso_SUB_01216_SUB_02203_fwd,4000000000.0,240804620.76184717,549623002.0812078,0,672
SUB_01216,SUB_02419,meso_SUB_01216_SUB_02419_fwd,4000000000.0,30217179.109857243,395218420.2069111,0,672
SUB_01216,SUB_HIFLD_10,meso_SUB_01216_SUB_HIFLD_10_fwd,4000000000.0,79194273.66417104,390412327.18364364,0,672
SUB_01216,SUB_HIFLD_105,meso_SUB_01216_SUB_HIFLD_105_fwd,3000000000.0,0.0,0.0,0,672
SUB_01216,SUB_HIFLD_130,meso_SUB_01216_SUB_HIFLD_130_fwd,4000000000.0,0.0,0.0,0,672
SUB_01216,SUB_HIFLD_30,meso_SUB_01216_SUB_HIFLD_30_fwd,4000000000.0,1195090.8307720642,91371594.14201517,0,672
SUB_25229,SUB_25234,meso_SUB_25229_SUB_25234_fwd,3000000000.0,0.0,0.0,0,672
SUB_25229,SUB_25235,meso_SUB_25229_SUB_25235_fwd,3000000000.0,0.0,0.0,0,672
SUB_25357,SUB_25235,meso_SUB_25357_SUB_25235_rev,1500000000.0,0.0,0.0,0,672
SUB_25357,SUB_25392,meso_SUB_25357_SUB_25392_fwd,1500000000.0,43557308.464069024,89821697.80927835,0,672
SUB_25357,SUB_25204,meso_SUB_25357_SUB_25204_rev,1500000000.0,33617644.7258314,77847696.52061856,0,672
SUB_16299,SUB_16207,meso_SUB_16299_SUB_16207_rev,600000000.0,939393.3950504867,11915164.90818299,0,672
SUB_16299,SUB_16323,meso_SUB_16299_SUB_16323_fwd,600000000.0,0.0,0.0,0,672
SUB_25460,SUB_HIFLD_217,meso_SUB_25460_SUB_HIFLD_217_fwd,50000000.0,0.0,0.0,0,672
SUB_16208,SUB_16223,meso_SUB_16208_SUB_16223_fwd,600000000.0,0.0,0.0,0,672
SUB_16208,SUB_16302,meso_SUB_16208_SUB_16302_fwd,600000000.0,0.0,0.0,0,672
SUB_25455,SUB_25205,meso_SUB_25455_SUB_25205_rev,4000000000.0,63422292.244358264,134817888.20876288,0,672
SUB_25455,SUB_25412,meso_SUB_25455_SUB_25412_rev,4000000000.0,0.0,0.0,0,672
SUB_16354,SUB_16301,meso_SUB_16354_SUB_16301_rev,1200000000.0,0.0,0.0,0,672
SUB_15215,SUB_06203,meso_SUB_15215_SUB_06203_rev,2100000000.0,22355547.54978919,54865268.91775275,0,672
SUB_15215,SUB_06277,meso_SUB_15215_SUB_06277_rev,600000000.0,12497547.199085027,31327044.342669737,0,672
SUB_15215,SUB_06344,meso_SUB_15215_SUB_06344_rev,600000000.0,8721230.089563748,18964531.652706183,0,672
SUB_15215,SUB_06368,meso_SUB_15215_SUB_06368_rev,1500000000.0,0.0,0.0,0,672
SUB_15215,SUB_15281,meso_SUB_15215_SUB_15281_fwd,600000000.0,0.0,0.0,0,672
SUB_15215,SUB_15290,meso_SUB_15215_SUB_15290_fwd,1500000000.0,0.0,0.0,0,672
SUB_15215,SUB_15371,meso_SUB_15215_SUB_15371_fwd,600000000.0,3804921.9084256357,6435898.272473495,0,672
SUB_15215,SUB_15373,meso_SUB_15215_SUB_15373_fwd,600000000.0,9359669.699186394,22960673.727448452,0,672
SUB_15215,SUB_15376,meso_SUB_15215_SUB_15376_fwd,600000000.0,0.0,0.0,0,672
SUB_15215,SUB_15378,meso_SUB_15215_SUB_15378_fwd,1500000000.0,6431419.433313262,37529538.49871134,0,672
SUB_25373,SUB_25412,meso_SUB_25373_SUB_25412_fwd,1500000000.0,0.0,0.0,0,672
SUB_25373,SUB_25425,meso_SUB_25373_SUB_25425_fwd,1500000000.0,0.0,0.0,0,672
SUB_25373,SUB_25228,meso_SUB_25373_SUB_25228_rev,1500000000.0,0.0,0.0,0,672
SUB_25232,SUB_25255,meso_SUB_25232_SUB_25255_fwd,1600000000.0,16987087.931044288,81206118.47809511,0,672
SUB_25232,SUB_25468,meso_SUB_25232_SUB_25468_fwd,800000000.0,4216516.567284022,13626678.379279725,0,672
SUB_04341,SUB_04295,meso_SUB_04341_SUB_04295_rev,1500000000.0,0.0,0.0,0,672
SUB_04341,SUB_HIFLD_1827,meso_SUB_04341_SUB_HIFLD_1827_fwd,3000000000.0,0.0,0.0,0,672
SUB_04341,SUB_HIFLD_1815,meso_SUB_04341_SUB_HIFLD_1815_rev,50000000.0,0.0,0.0,0,672
SUB_04341,SUB_HIFLD_1823,meso_SUB_04341_SUB_HIFLD_1823_rev,50000000.0,0.0,0.0,0,672
SUB_16223,SUB_16208,meso_SUB_16223_SUB_16208_rev,600000000.0,2523328.4632735816,4884961.440882732,0,672
SUB_16223,SUB_16328,meso_SUB_16223_SUB_16328_fwd,600000000.0,0.0,0.0,0,672
SUB_16223,SUB_16368,meso_SUB_16223_SUB_16368_fwd,600000000.0,0.0,0.0,0,672
SUB_16325,SUB_16267,meso_SUB_16325_SUB_16267_rev,600000000.0,12544.740463761427,7579106.115587686,0,672
SUB_16325,SUB_16274,meso_SUB_16325_SUB_16274_rev,600000000.0,24212636.574467648,44585678.10739717,0,672
SUB_16325,SUB_HIFLD_2318,meso_SUB_16325_SUB_HIFLD_2318_fwd,600000000.0,0.0,0.0,0,672
SUB_08299,SUB_08300,meso_SUB_08299_SUB_08300_fwd,1500000000.0,0.0,0.0,0,672
SUB_25367,SUB_25289,meso_SUB_25367_SUB_25289_rev,3000000000.0,6125491.369939748,32861915.34949915,0,672
SUB_25367,SUB_HIFLD_211,meso_SUB_25367_SUB_HIFLD_211_fwd,5500000000.0,322014.5420638927,65855579.740612715,0,672
SUB_25367,WEC_CALN,iface_SUB_25367_WEC_CALN_to_ba,200000000.0,13472405.76401303,76484048.06286587,0,672
SUB_25202,SUB_25345,meso_SUB_25202_SUB_25345_fwd,1600000000.0,0.0,0.0,0,672
SUB_25296,SUB_25246,meso_SUB_25296_SUB_25246_rev,1500000000.0,140975.2068280742,14669368.153994847,0,672
SUB_25296,SUB_25290,meso_SUB_25296_SUB_25290_rev,1500000000.0,0.0,0.0,0,672
SUB_18258,SUB_18280,meso_SUB_18258_SUB_18280_fwd,600000000.0,115364.9554980638,170411.19447688467,0,672
SUB_18258,SUB_18263,meso_SUB_18258_SUB_18263_fwd,800000000.0,0.0,0.0,0,672
SUB_16209,SUB_01432,meso_SUB_16209_SUB_01432_rev,600000000.0,0.0,0.0,0,672
SUB_16209,SUB_16374,meso_SUB_16209_SUB_16374_fwd,600000000.0,0.0,0.0,0,672
SUB_15371,SUB_15211,meso_SUB_15371_SUB_15211_rev,600000000.0,1845087.6102063607,3365536.6563305412,0,672
SUB_15371,SUB_15215,meso_SUB_15371_SUB_15215_rev,600000000.0,0.0,0.0,0,672
SUB_04282,SUB_04256,meso_SUB_04282_SUB_04256_rev,3000000000.0,0.0,0.0,0,672
SUB_04282,SUB_04277,meso_SUB_04282_SUB_04277_rev,1500000000.0,11083829.846988428,16991525.04832474,0,672
SUB_04282,SUB_04289,meso_SUB_04282_SUB_04289_fwd,600000000.0,135725.89048405283,9515601.84439433,0,672
SUB_04282,SUB_04331,meso_SUB_04282_SUB_04331_fwd,1200000000.0,483130.6090161568,8622173.00257732,0,672
SUB_04282,SUB_04225,meso_SUB_04282_SUB_04225_rev,3000000000.0,3230845.585534195,4513195.171552836,0,672
SUB_25380,SUB_25297,meso_SUB_25380_SUB_25297_rev,800000000.0,0.0,0.0,0,672
SUB_25380,SUB_25319,meso_SUB_25380_SUB_25319_rev,800000000.0,17.953067140129775,3399.3396562399325,0,672
SUB_25255,SUB_18263,meso_SUB_25255_SUB_18263_rev,3000000000.0,9344236.767808314,78055267.01132889,0,672
SUB_25255,SUB_25232,meso_SUB_25255_SUB_25232_rev,1600000000.0,4380746.402622944,14102264.463514756,0,672
SUB_25255,SUB_25278,meso_SUB_25255_SUB_25278_fwd,800000000.0,325490.51175795833,19309753.780532654,0,672
SUB_25255,SUB_25261,meso_SUB_25255_SUB_25261_fwd,1500000000.0,11121028.581307368,86900534.26515222,0,672
SUB_25255,WEC_CALN,iface_SUB_25255_WEC_CALN_to_ba,27000000000.0,0.0,0.0,0,672
SUB_08293,SUB_18358,meso_SUB_08293_SUB_18358_fwd,600000000.0,0.0,0.0,0,672
SUB_16315,SUB_16365,meso_SUB_16315_SUB_16365_fwd,600000000.0,6344723.937682309,11523632.8125,0,672
SUB_16315,SUB_16368,meso_SUB_16315_SUB_16368_fwd,600000000.0,0.0,0.0,0,672
SUB_10355,SUB_10330,meso_SUB_10355_SUB_10330_rev,600000000.0,0.0,0.0,0,672
SUB_10355,SUB_10372,meso_SUB_10355_SUB_10372_fwd,600000000.0,6634540.578762726,44885248.36139376,0,672
SUB_10355,SUB_HIFLD_482,meso_SUB_10355_SUB_HIFLD_482_fwd,600000000.0,0.0,0.0,0,672
SUB_10355,SUB_10331,meso_SUB_10355_SUB_10331_rev,50000000.0,1068233.3896133206,3210285.1159793814,0,672
SUB_04336,SUB_04271,meso_SUB_04336_SUB_04271_rev,600000000.0,0.0,0.0,0,672
SUB_04336,SUB_04319,meso_SUB_04336_SUB_04319_rev,1500000000.0,0.0,0.0,0,672
SUB_04336,SUB_04331,meso_SUB_04336_SUB_04331_rev,1200000000.0,0.0,0.0,0,672
SUB_16307,SUB_16242,meso_SUB_16307_SUB_16242_rev,600000000.0,1567391.5859663733,31145382.48620939,0,672
SUB_16307,SUB_16322,meso_SUB_16307_SUB_16322_fwd,600000000.0,9799386.036181407,34049420.546069585,0,672
SUB_16307,SUB_HIFLD_4390,meso_SUB_16307_SUB_HIFLD_4390_fwd,600000000.0,0.0,0.0,0,672
SUB_16307,SUB_16308,meso_SUB_16307_SUB_16308_rev,83233761.81608301,5149471.5683590155,7814486.34826031,0,672
SUB_18208,SUB_18203,meso_SUB_18208_SUB_18203_rev,600000000.0,0.0,0.0,0,672
SUB_18208,SUB_18215,meso_SUB_18208_SUB_18215_fwd,1200000000.0,4732080.327192103,48548439.25309228,0,672
SUB_18208,SUB_HIFLD_1874,meso_SUB_18208_SUB_HIFLD_1874_fwd,600000000.0,0.0,0.0,0,672
SUB_16324,SUB_16376,meso_SUB_16324_SUB_16376_fwd,50000000.0,0.0,0.0,0,672
SUB_19245,SUB_19239,meso_SUB_19245_SUB_19239_rev,600000000.0,12100016.506291775,14866294.311523438,0,672
SUB_19245,SUB_19243,meso_SUB_19245_SUB_19243_rev,600000000.0,2171494.0102836313,6583268.723320716,0,672
SUB_04266,SUB_04228,meso_SUB_04266_SUB_04228_rev,1200000000.0,0.0,0.0,0,672
SUB_04266,SUB_04268,meso_SUB_04266_SUB_04268_fwd,600000000.0,0.0,0.0,0,672
SUB_04266,SUB_04276,meso_SUB_04266_SUB_04276_fwd,600000000.0,0.0,0.0,0,672
SUB_04266,SUB_04295,meso_SUB_04266_SUB_04295_fwd,600000000.0,0.0,0.0,0,672
SUB_02412,SUB_02408,meso_SUB_02412_SUB_02408_rev,600000000.0,0.0,0.0,0,672
SUB_02412,SUB_02413,meso_SUB_02412_SUB_02413_fwd,1200000000.0,0.0,0.0,0,672
SUB_02412,SUB_02425,meso_SUB_02412_SUB_02425_fwd,600000000.0,0.0,0.0,0,672
SUB_01352,SUB_01254,meso_SUB_01352_SUB_01254_fwd,50000000.0,0.0,0.0,0,672
SUB_18294,SUB_18237,meso_SUB_18294_SUB_18237_rev,600000000.0,0.0,0.0,0,672
SUB_01220,SUB_01353,meso_SUB_01220_SUB_01353_fwd,50000000.0,0.0,0.0,0,672
SUB_25270,SUB_25221,meso_SUB_25270_SUB_25221_rev,800000000.0,8854828.967402013,15925436.93621134,0,672
SUB_25270,SUB_25224,meso_SUB_25270_SUB_25224_rev,800000000.0,30595556.66456142,85891275.05792758,0,672
SUB_25270,SUB_25268,meso_SUB_25270_SUB_25268_rev,600000000.0,0.0,0.0,0,672
SUB_25270,SUB_25276,meso_SUB_25270_SUB_25276_fwd,1600000000.0,4306516.934070866,78201345.50304092,0,672
SUB_25270,SUB_25353,meso_SUB_25270_SUB_25353_fwd,600000000.0,7857355.035211623,13256606.394974226,0,672
SUB_25270,SUB_25425,meso_SUB_25270_SUB_25425_fwd,600000000.0,8091243.499455652,60583036.998319425,0,672
SUB_25270,SUB_25441,meso_SUB_25270_SUB_25441_fwd,4800000000.0,0.0,0.0,0,672
SUB_25270,SUB_25228,meso_SUB_25270_SUB_25228_rev,1500000000.0,53629976.35602981,82760647.5515464,0,672
SUB_25270,WEC_CALN,iface_SUB_25270_WEC_CALN_to_ba,700000000.0,0.0,0.0,0,672
SUB_25425,SUB_25235,meso_SUB_25425_SUB_25235_rev,3000000000.0,1042229.1280443695,53172000.97336211,0,672
SUB_25425,SUB_25270,meso_SUB_25425_SUB_25270_rev,600000000.0,0.0,0.0,0,672
SUB_25425,SUB_25373,meso_SUB_25425_SUB_25373_rev,1500000000.0,9458141.995215164,53311694.70844073,0,672
SUB_25425,SUB_25412,meso_SUB_25425_SUB_25412_rev,1500000000.0,0.0,0.0,0,672
SUB_25425,SUB_25480,meso_SUB_25425_SUB_25480_fwd,1500000000.0,6200455.8718222575,10186388.920399485,0,672
SUB_15211,SUB_15371,meso_SUB_15211_SUB_15371_fwd,600000000.0,0.0,0.0,0,672
SUB_10319,SUB_10291,meso_SUB_10319_SUB_10291_fwd,54807466.09466204,0.0,0.0,0,672
SUB_18272,SUB_18304,meso_SUB_18272_SUB_18304_fwd,1500000000.0,0.0,0.0,0,672
SUB_16211,WEC_CALN,iface_SUB_16211_WEC_CALN_to_ba,50000000.0,0.0,0.0,0,672
SUB_18304,SUB_18268,meso_SUB_18304_SUB_18268_rev,1500000000.0,0.0,0.0,0,672
SUB_18304,SUB_18272,meso_SUB_18304_SUB_18272_rev,1500000000.0,13651446.81485775,20440971.32731959,0,672
SUB_18304,SUB_HIFLD_48,meso_SUB_18304_SUB_HIFLD_48_fwd,1500000000.0,0.0,0.0,0,672
SUB_25461,SUB_25276,meso_SUB_25461_SUB_25276_rev,1600000000.0,32947813.490428187,79875333.44363205,0,672
SUB_25461,SUB_HIFLD_1851,meso_SUB_25461_SUB_HIFLD_1851_fwd,4000000000.0,0.0,0.0,0,672
SUB_25461,WEC_CALN,iface_SUB_25461_WEC_CALN_to_ba,30400000000.0,0.0,0.0,0,672
SUB_25235,SUB_25224,meso_SUB_25235_SUB_25224_rev,1500000000.0,420922.3960368539,37250803.24778893,0,672
SUB_25235,SUB_25234,meso_SUB_25235_SUB_25234_rev,2100000000.0,321552.33189546404,29189526.08728537,0,672
SUB_25235,SUB_25357,meso_SUB_25235_SUB_25357_fwd,1500000000.0,125725138.05669902,259044629.8922574,0,672
SUB_25235,SUB_25408,meso_SUB_25235_SUB_25408_fwd,1500000000.0,50625367.19848436,104219595.68298969,0,672
SUB_25235,SUB_25412,meso_SUB_25235_SUB_25412_fwd,3000000000.0,0.0,0.0,0,672
SUB_25235,SUB_25425,meso_SUB_25235_SUB_25425_fwd,3000000000.0,32968.7140628005,11519885.050336119,0,672
SUB_25235,SUB_HIFLD_1170,meso_SUB_25235_SUB_HIFLD_1170_fwd,1500000000.0,0.0,0.0,0,672
SUB_25235,SUB_25228,meso_SUB_25235_SUB_25228_rev,3000000000.0,229762.78744290734,34114743.073453605,0,672
SUB_25235,SUB_25229,meso_SUB_25235_SUB_25229_rev,3000000000.0,12402914.70506672,22020002.416237112,0,672
SUB_25235,SUB_HIFLD_1190,meso_SUB_25235_SUB_HIFLD_1190_fwd,1500000000.0,19806.316735623594,7308298.084274372,0,672
SUB_25235,SUB_25444,meso_SUB_25235_SUB_25444_rev,139664558.5233586,3076357.22749661,11903578.044458764,0,672
SUB_25539,SUB_25245,meso_SUB_25539_SUB_25245_rev,800000000.0,0.0,0.0,0,672
SUB_25539,SUB_25276,meso_SUB_25539_SUB_25276_rev,800000000.0,0.0,0.0,0,672
SUB_25539,SUB_25347,meso_SUB_25539_SUB_25347_rev,1500000000.0,0.0,0.0,0,672
SUB_25539,SUB_25398,meso_SUB_25539_SUB_25398_rev,192171103.58198553,8199867.422696593,18732480.26739691,0,672
SUB_01284,SUB_01467,meso_SUB_01284_SUB_01467_fwd,3000000000.0,0.0,0.0,0,672
SUB_16274,SUB_16311,meso_SUB_16274_SUB_16311_fwd,600000000.0,8714260.333533607,17218500.32216495,0,672
SUB_16274,SUB_16325,meso_SUB_16274_SUB_16325_fwd,600000000.0,0.0,0.0,0,672
SUB_18254,SUB_18255,meso_SUB_18254_SUB_18255_fwd,600000000.0,8306078.170228379,12116851.899403164,0,672
SUB_18254,SUB_18263,meso_SUB_18254_SUB_18263_fwd,600000000.0,0.0,0.0,0,672
SUB_18254,SUB_18261,meso_SUB_18254_SUB_18261_rev,958964896.261608,24954848.683863625,51179167.30193855,0,672
SUB_18254,SUB_18305,meso_SUB_18254_SUB_18305_rev,642934708.3145001,33901667.75975679,56848573.27779898,0,672
SUB_15244,SUB_15370,meso_SUB_15244_SUB_15370_fwd,1500000000.0,16873282.789183788,46212252.01675258,0,672
SUB_15244,SUB_HIFLD_2010,meso_SUB_15244_SUB_HIFLD_2010_fwd,3000000000.0,0.0,0.0,0,672
SUB_25292,SUB_HIFLD_2363,meso_SUB_25292_SUB_HIFLD_2363_fwd,68269461.5126492,0.0,0.0,0,672
SUB_16370,SUB_16330,meso_SUB_16370_SUB_16330_rev,600000000.0,0.0,0.0,0,672
SUB_16370,SUB_16372,meso_SUB_16370_SUB_16372_fwd,600000000.0,0.0,0.0,0,672
SUB_01265,SUB_01314,meso_SUB_01265_SUB_01314_fwd,600000000.0,637411.4532117012,1012755.7832967438,0,672
SUB_01265,SUB_01260,meso_SUB_01265_SUB_01260_fwd,50000000.0,0.0,0.0,0,672
SUB_16375,SUB_16216,meso_SUB_16375_SUB_16216_fwd,158199268.50468406,0.0,0.0,0,672
SUB_15379,SUB_15281,meso_SUB_15379_SUB_15281_rev,1200000000.0,60979956.349837214,119947361.63159527,0,672
SUB_15379,SUB_15292,meso_SUB_15379_SUB_15292_rev,600000000.0,11796877.73649458,40913792.04082475,0,672
SUB_15379,SUB_15313,meso_SUB_15379_SUB_15313_rev,600000000.0,0.0,0.0,0,672
SUB_15379,SUB_HIFLD_2456,meso_SUB_15379_SUB_HIFLD_2456_fwd,600000000.0,0.0,0.0,0,672
SUB_19218,SUB_19202,meso_SUB_19218_SUB_19202_rev,600000000.0,2954050.8727560965,7223664.143165759,0,672
SUB_19218,SUB_19223,meso_SUB_19218_SUB_19223_fwd,600000000.0,3261894.4708082536,4276889.976224109,0,672
SUB_19218,SUB_19239,meso_SUB_19218_SUB_19239_fwd,600000000.0,0.0,0.0,0,672
SUB_19218,SUB_19210,meso_SUB_19218_SUB_19210_rev,50000000.0,376821.983943222,469922.85030404315,0,672
SUB_19231,SUB_19222,meso_SUB_19231_SUB_19222_rev,600000000.0,0.0,0.0,0,672
SUB_19231,SUB_19246,meso_SUB_19231_SUB_19246_fwd,600000000.0,0.0,0.0,0,672
SUB_19231,SUB_HIFLD_255,meso_SUB_19231_SUB_HIFLD_255_fwd,1500000000.0,0.0,0.0,0,672
SUB_08324,SUB_08318,meso_SUB_08324_SUB_08318_rev,1500000000.0,38796.49864223404,26071247.087581273,0,672
SUB_08324,SUB_08319,meso_SUB_08324_SUB_08319_rev,4500000000.0,1724507.2376905407,58239642.38296353,0,672
SUB_08324,SUB_HIFLD_1432,meso_SUB_08324_SUB_HIFLD_1432_fwd,3000000000.0,0.0,0.0,0,672
SUB_06362,SUB_06313,meso_SUB_06362_SUB_06313_rev,1500000000.0,0.0,0.0,0,672
SUB_06362,SUB_06204,meso_SUB_06362_SUB_06204_rev,1500000000.0,0.0,0.0,0,672
SUB_15375,SUB_06254,meso_SUB_15375_SUB_06254_rev,600000000.0,580491.3611736698,5456560.587145618,0,672
SUB_15375,SUB_15233,meso_SUB_15375_SUB_15233_rev,600000000.0,3920.4314419202515,2634529.928970409,0,672
SUB_15375,SUB_15285,meso_SUB_15375_SUB_15285_rev,600000000.0,0.0,0.0,0,672
SUB_15375,SUB_15290,meso_SUB_15375_SUB_15290_rev,1500000000.0,17059.946356379573,10432796.088909743,0,672
SUB_15375,SUB_15377,meso_SUB_15375_SUB_15377_fwd,600000000.0,7484715.245250319,18490406.54961341,0,672
SUB_15375,SUB_HIFLD_595,meso_SUB_15375_SUB_HIFLD_595_fwd,1500000000.0,6992.995987486303,4699293.303590796,0,672
SUB_15375,SUB_10321,meso_SUB_15375_SUB_10321_rev,122094435.14595994,5300612.766226543,9444314.795425259,0,672
SUB_01391,SUB_01392,meso_SUB_01391_SUB_01392_fwd,600000000.0,496327.02448249876,27040708.02915593,0,672
SUB_01391,SUB_01445,meso_SUB_01391_SUB_01445_fwd,3600000000.0,31027907.844643172,57647885.792525776,0,672
SUB_01391,SUB_HIFLD_130,meso_SUB_01391_SUB_HIFLD_130_fwd,3000000000.0,612551.9825335366,23040647.014336344,0,672
SUB_01391,SUB_01216,meso_SUB_01391_SUB_01216_rev,3000000000.0,3252151.528642115,38664698.671875,0,672
SUB_01391,SUB_01465,meso_SUB_01391_SUB_01465_fwd,600000000.0,0.0,0.0,0,672
SUB_25445,SUB_25281,meso_SUB_25445_SUB_25281_rev,800000000.0,0.0,0.0,0,672
SUB_16283,SUB_16366,meso_SUB_16283_SUB_16366_fwd,3000000000.0,40009036.46903855,40608884.63001251,0,672
SUB_16283,SUB_16316,meso_SUB_16283_SUB_16316_rev,50000000.0,0.0,0.0,0,672
SUB_01450,SUB_01222,meso_SUB_01450_SUB_01222_rev,4000000000.0,0.0,0.0,0,672
SUB_01450,SUB_01315,meso_SUB_01450_SUB_01315_rev,1200000000.0,0.0,0.0,0,672
SUB_01450,SUB_01424,meso_SUB_01450_SUB_01424_rev,50000000.0,955667.4194148665,1430184.2129107602,0,672
SUB_25412,SUB_25224,meso_SUB_25412_SUB_25224_rev,1500000000.0,2777354.2421411127,64550023.22259006,0,672
SUB_25412,SUB_25235,meso_SUB_25412_SUB_25235_rev,3000000000.0,3327136.049786607,159021558.81545395,0,672
SUB_25412,SUB_25373,meso_SUB_25412_SUB_25373_rev,1500000000.0,45235623.6306238,86367606.314433,0,672
SUB_25412,SUB_25425,meso_SUB_25412_SUB_25425_fwd,1500000000.0,487442.52085990866,44042225.321168564,0,672
SUB_25412,SUB_25441,meso_SUB_25412_SUB_25441_fwd,4000000000.0,0.0,0.0,0,672
SUB_25412,SUB_25453,meso_SUB_25412_SUB_25453_fwd,1500000000.0,26485153.04629293,52378084.62095051,0,672
SUB_25412,SUB_HIFLD_1170,meso_SUB_25412_SUB_HIFLD_1170_fwd,4000000000.0,0.0,0.0,0,672
SUB_25412,SUB_25217,meso_SUB_25412_SUB_25217_rev,1500000000.0,32734497.90971701,84526815.87276809,0,672
SUB_25412,SUB_25234,meso_SUB_25412_SUB_25234_rev,800000000.0,132570209.3644233,412467146.9891144,0,672
SUB_25412,SUB_25268,meso_SUB_25412_SUB_25268_rev,4000000000.0,0.0,0.0,0,672
SUB_25412,SUB_25393,meso_SUB_25412_SUB_25393_rev,4000000000.0,0.0,0.0,0,672
SUB_25412,SUB_25455,meso_SUB_25412_SUB_25455_fwd,4000000000.0,131755842.58887246,284222806.7873844,0,672
SUB_25412,SUB_HIFLD_211,meso_SUB_25412_SUB_HIFLD_211_fwd,4000000000.0,0.0,0.0,0,672
SUB_25412,WEC_CALN,iface_SUB_25412_WEC_CALN_to_ba,200000000.0,0.0,0.0,0,672
SUB_25429,SUB_HIFLD_411,meso_SUB_25429_SUB_HIFLD_411_fwd,120090590.15589313,0.0,0.0,0,672
SUB_01459,SUB_HIFLD_1113,meso_SUB_01459_SUB_HIFLD_1113_fwd,4000000000.0,0.0,0.0,0,672
SUB_01459,SUB_HIFLD_3491,meso_SUB_01459_SUB_HIFLD_3491_fwd,4000000000.0,0.0,0.0,0,672
SUB_01201,SUB_01211,meso_SUB_01201_SUB_01211_fwd,1500000000.0,0.0,0.0,0,672
SUB_01201,SUB_HIFLD_1131,meso_SUB_01201_SUB_HIFLD_1131_fwd,1500000000.0,0.0,0.0,0,672
SUB_01201,SUB_HIFLD_4010,meso_SUB_01201_SUB_HIFLD_4010_fwd,1500000000.0,0.0,0.0,0,672
SUB_01201,SUB_HIFLD_4231,meso_SUB_01201_SUB_HIFLD_4231_fwd,1500000000.0,998226.9680185027,5677751.993395618,0,672
SUB_01201,SUB_01254,meso_SUB_01201_SUB_01254_fwd,1500000000.0,0.0,0.0,0,672
SUB_06368,SUB_04305,meso_SUB_06368_SUB_04305_rev,1500000000.0,392965.2611001945,2651365.4256604384,0,672
SUB_06368,SUB_06203,meso_SUB_06368_SUB_06203_rev,1500000000.0,19569314.154938277,89025929.77229024,0,672
SUB_06368,SUB_06332,meso_SUB_06368_SUB_06332_rev,600000000.0,2667661.4814274227,21765094.385300145,0,672
SUB_06368,SUB_15215,meso_SUB_06368_SUB_15215_fwd,1500000000.0,407660.62255233835,74866427.17142034,0,672
SUB_06368,SUB_04343,meso_SUB_06368_SUB_04343_rev,3000000000.0,0.0,0.0,0,672
SUB_06368,SUB_06317,meso_SUB_06368_SUB_06317_rev,3000000000.0,16775732.438756362,34822554.0165998,0,672
SUB_06368,SUB_06359,meso_SUB_06368_SUB_06359_rev,1500000000.0,0.0,0.0,0,672
SUB_10352,SUB_10344,meso_SUB_10352_SUB_10344_rev,1500000000.0,9162.173650406892,926478.6942346414,0,672
SUB_10352,SUB_HIFLD_2173,meso_SUB_10352_SUB_HIFLD_2173_fwd,1500000000.0,52019.23046708351,1857079.9599432105,0,672
SUB_10352,SUB_HIFLD_4403,meso_SUB_10352_SUB_HIFLD_4403_fwd,600000000.0,9004.301994682872,1058961.8337028958,0,672
SUB_06360,SUB_06270,meso_SUB_06360_SUB_06270_rev,1500000000.0,0.0,0.0,0,672
SUB_16320,SUB_16216,meso_SUB_16320_SUB_16216_rev,600000000.0,24617516.709463935,26172364.2578125,0,672
SUB_18322,SUB_18249,meso_SUB_18322_SUB_18249_fwd,50000000.0,0.0,0.0,0,672
SUB_01267,SUB_01254,meso_SUB_01267_SUB_01254_fwd,50000000.0,0.0,0.0,0,672
SUB_18298,SUB_18219,meso_SUB_18298_SUB_18219_fwd,50000000.0,0.0,0.0,0,672
SUB_08283,SUB_01472,meso_SUB_08283_SUB_01472_rev,1500000000.0,0.0,0.0,0,672
SUB_08283,SUB_08353,meso_SUB_08283_SUB_08353_fwd,1500000000.0,128903.23802094487,67443419.78092782,0,672
SUB_08283,SUB_08389,meso_SUB_08283_SUB_08389_fwd,1500000000.0,0.0,0.0,0,672
SUB_08283,SUB_01222,meso_SUB_08283_SUB_01222_rev,3000000000.0,0.0,0.0,0,672
SUB_08283,SUB_08339,meso_SUB_08283_SUB_08339_fwd,1500000000.0,0.0,0.0,0,672
SUB_06254,SUB_06207,meso_SUB_06254_SUB_06207_rev,600000000.0,0.0,0.0,0,672
SUB_06254,SUB_15375,meso_SUB_06254_SUB_15375_fwd,600000000.0,45001.25436598224,3042938.006194339,0,672
SUB_25290,SUB_25296,meso_SUB_25290_SUB_25296_fwd,1500000000.0,7993368.100486744,28264040.34078077,0,672
SUB_25290,SUB_25355,meso_SUB_25290_SUB_25355_fwd,1500000000.0,18787013.5036233,50122069.980371185,0,672
SUB_25290,SUB_25420,meso_SUB_25290_SUB_25420_fwd,4500000000.0,7677327.312256228,16074307.345360825,0,672
SUB_25290,SUB_25450,meso_SUB_25290_SUB_25450_fwd,3000000000.0,18580238.772296518,57621124.94935036,0,672
SUB_25290,SUB_25454,meso_SUB_25290_SUB_25454_fwd,3000000000.0,4981801.988379769,10121952.520940721,0,672
SUB_25290,SUB_25261,meso_SUB_25290_SUB_25261_rev,1500000000.0,0.0,0.0,0,672
SUB_10249,SUB_10294,meso_SUB_10249_SUB_10294_fwd,1500000000.0,0.0,0.0,0,672
SUB_10249,SUB_10265,meso_SUB_10249_SUB_10265_rev,50000000.0,406530.78021169826,821026.9888651741,0,672
SUB_15313,SUB_15379,meso_SUB_15313_SUB_15379_fwd,600000000.0,13157244.700840542,19147145.5078125,0,672
SUB_04284,SUB_04286,meso_SUB_04284_SUB_04286_fwd,600000000.0,0.0,0.0,0,672
SUB_04284,SUB_04338,meso_SUB_04284_SUB_04338_fwd,600000000.0,0.0,0.0,0,672
SUB_06277,SUB_06207,meso_SUB_06277_SUB_06207_rev,600000000.0,9062.472733435352,3126353.092783505,0,672
SUB_06277,SUB_15215,meso_SUB_06277_SUB_15215_fwd,600000000.0,9804.407643321128,1893320.1930201964,0,672
SUB_06277,SUB_06208,meso_SUB_06277_SUB_06208_rev,229818225.4851424,13894560.43054883,23087241.3131709,0,672
SUB_18280,SUB_18255,meso_SUB_18280_SUB_18255_rev,600000000.0,0.0,0.0,0,672
SUB_18280,SUB_18258,meso_SUB_18280_SUB_18258_rev,600000000.0,0.0,0.0,0,672
SUB_10334,SUB_10333,meso_SUB_10334_SUB_10333_rev,600000000.0,0.0,0.0,0,672
SUB_10334,SUB_10348,meso_SUB_10334_SUB_10348_fwd,600000000.0,8125437.816528767,13137485.427848335,0,672
SUB_10334,SUB_10358,meso_SUB_10334_SUB_10358_fwd,600000000.0,81491.75058701017,2771622.8052512887,0,672
SUB_25256,SUB_25410,meso_SUB_25256_SUB_25410_fwd,3000000000.0,0.0,0.0,0,672
SUB_25256,SUB_HIFLD_1190,meso_SUB_25256_SUB_HIFLD_1190_fwd,1500000000.0,41556.18669426966,3198422.0297579383,0,672
SUB_25256,SUB_25442,meso_SUB_25256_SUB_25442_fwd,1500000000.0,26185279.93052099,44414394.67032893,0,672
SUB_10331,SUB_10355,meso_SUB_10331_SUB_10355_fwd,50000000.0,650446.0240647089,39015251.06421875,0,672
SUB_06270,SUB_04204,meso_SUB_06270_SUB_04204_rev,1500000000.0,86807.99201972506,16174748.30863402,0,672
SUB_06270,SUB_06380,meso_SUB_06270_SUB_06380_fwd,1500000000.0,5963131.170789111,35206543.97551546,0,672
SUB_06270,SUB_HIFLD_2245,meso_SUB_06270_SUB_HIFLD_2245_fwd,1500000000.0,0.0,0.0,0,672
SUB_06270,SUB_04230,meso_SUB_06270_SUB_04230_rev,1500000000.0,3041025.43454659,73814592.34475271,0,672
SUB_06270,SUB_06213,meso_SUB_06270_SUB_06213_rev,1500000000.0,2630120.5349951675,33513675.902061857,0,672
SUB_06270,SUB_06360,meso_SUB_06270_SUB_06360_fwd,1500000000.0,41091975.761642046,80629848.58247423,0,672
SUB_10361,SUB_HIFLD_2359,meso_SUB_10361_SUB_HIFLD_2359_fwd,52016683.03229506,0.0,0.0,0,672
SUB_15220,SUB_15210,meso_SUB_15220_SUB_15210_rev,600000000.0,0.0,0.0,0,672
SUB_15220,SUB_15247,meso_SUB_15220_SUB_15247_fwd,600000000.0,0.0,0.0,0,672
SUB_18238,SUB_HIFLD_1195,meso_SUB_18238_SUB_HIFLD_1195_fwd,92039598.68882015,0.0,0.0,0,672
SUB_15361,SUB_16301,meso_SUB_15361_SUB_16301_fwd,600000000.0,15474.500723847023,2594686.9662759723,0,672
SUB_15361,SUB_HIFLD_597,meso_SUB_15361_SUB_HIFLD_597_fwd,3000000000.0,0.0,0.0,0,672
SUB_15361,SUB_15365,meso_SUB_15361_SUB_15365_rev,550142757.0791967,30025096.13861099,53256757.40979382,0,672
SUB_15225,SUB_15232,meso_SUB_15225_SUB_15232_fwd,50000000.0,7943723.008609953,8057098.6328125,0,672
SUB_25442,SUB_25443,meso_SUB_25442_SUB_25443_fwd,1500000000.0,14593142.084450364,26391013.61146907,0,672
SUB_25442,SUB_25256,meso_SUB_25442_SUB_25256_rev,1500000000.0,0.0,0.0,0,672
SUB_18303,SUB_18268,meso_SUB_18303_SUB_18268_rev,1500000000.0,29211244.242248684,42821029.43551309,0,672
SUB_18303,SUB_18281,meso_SUB_18303_SUB_18281_rev,1500000000.0,0.0,0.0,0,672
SUB_19226,SUB_19236,meso_SUB_19226_SUB_19236_fwd,600000000.0,0.0,0.0,0,672
SUB_18305,SUB_18254,meso_SUB_18305_SUB_18254_fwd,642934708.3145001,0.0,0.0,0,672
SUB_25344,SUB_25289,meso_SUB_25344_SUB_25289_rev,600000000.0,0.0,0.0,0,672
SUB_25344,SUB_25316,meso_SUB_25344_SUB_25316_rev,600000000.0,0.0,0.0,0,672
SUB_18307,SUB_18255,meso_SUB_18307_SUB_18255_rev,600000000.0,0.0,0.0,0,672
SUB_04214,SUB_04256,meso_SUB_04214_SUB_04256_fwd,600000000.0,0.0,0.0,0,672
SUB_04214,SUB_04289,meso_SUB_04214_SUB_04289_fwd,600000000.0,7627904.209741847,11946638.41011598,0,672
SUB_04214,SUB_04295,meso_SUB_04214_SUB_04295_fwd,600000000.0,596735.4871085641,52806076.97593527,0,672
SUB_04214,SUB_04321,meso_SUB_04214_SUB_04321_fwd,600000000.0,7251537.271945698,11141259.262242269,0,672
SUB_04214,SUB_04331,meso_SUB_04214_SUB_04331_fwd,600000000.0,6737951.675663078,10495587.34697165,0,672
SUB_01469,SUB_01423,meso_SUB_01469_SUB_01423_rev,4000000000.0,0.0,0.0,0,672
SUB_01469,SUB_01222,meso_SUB_01469_SUB_01222_rev,4000000000.0,850986.4907217597,76898902.6499586,0,672
SUB_01469,SUB_01324,meso_SUB_01469_SUB_01324_rev,4000000000.0,211620.66127460156,139733984.4064416,0,672
SUB_01469,SUB_HIFLD_10,meso_SUB_01469_SUB_HIFLD_10_fwd,4000000000.0,0.0,0.0,0,672
SUB_01469,WEC_CALN,iface_SUB_01469_WEC_CALN_to_ba,200000000.0,0.0,0.0,0,672
SUB_25246,SUB_25296,meso_SUB_25246_SUB_25296_fwd,1500000000.0,0.0,0.0,0,672
SUB_25246,SUB_25349,meso_SUB_25246_SUB_25349_fwd,3000000000.0,0.0,0.0,0,672
SUB_25246,SUB_25450,meso_SUB_25246_SUB_25450_fwd,1500000000.0,0.0,0.0,0,672
SUB_25341,SUB_25282,meso_SUB_25341_SUB_25282_rev,800000000.0,0.0,0.0,0,672
SUB_25341,SUB_25348,meso_SUB_25341_SUB_25348_fwd,800000000.0,0.0,0.0,0,672
SUB_25341,SUB_25387,meso_SUB_25341_SUB_25387_fwd,800000000.0,3102409.088345728,11201635.993878866,0,672
SUB_25500,SUB_25295,meso_SUB_25500_SUB_25295_fwd,132811438.65975565,6936532.514039551,36343807.7053885,0,672
SUB_25470,SUB_HIFLD_1829,meso_SUB_25470_SUB_HIFLD_1829_fwd,1500000000.0,0.0,0.0,0,672
SUB_25470,SUB_HIFLD_3623,meso_SUB_25470_SUB_HIFLD_3623_fwd,1500000000.0,556096.9849411225,12918795.94794545,0,672
SUB_25526,SUB_25272,meso_SUB_25526_SUB_25272_rev,6000000000.0,0.0,0.0,0,672
SUB_25526,SUB_25277,meso_SUB_25526_SUB_25277_rev,1500000000.0,0.0,0.0,0,672
SUB_25526,SUB_25337,meso_SUB_25526_SUB_25337_rev,4000000000.0,0.0,0.0,0,672
SUB_25526,SUB_25349,meso_SUB_25526_SUB_25349_rev,2300000000.0,42098861.561373726,64183860.65701722,0,672
SUB_25526,SUB_25407,meso_SUB_25526_SUB_25407_rev,4000000000.0,0.0,0.0,0,672
SUB_25526,SUB_25457,meso_SUB_25526_SUB_25457_rev,4000000000.0,0.0,0.0,0,672
SUB_25526,SUB_25458,meso_SUB_25526_SUB_25458_rev,1500000000.0,2900281.3207816454,29876512.724771492,0,672
SUB_25526,SUB_25476,meso_SUB_25526_SUB_25476_rev,1500000000.0,148681.38451624612,13537457.715850513,0,672
SUB_25526,SUB_25261,meso_SUB_25526_SUB_25261_rev,8000000000.0,0.0,0.0,0,672
SUB_25526,SUB_25339,meso_SUB_25526_SUB_25339_rev,3000000000.0,25126669.001699932,102892089.3559358,0,672
SUB_25526,SUB_25370,meso_SUB_25526_SUB_25370_rev,1500000000.0,12106660.855585132,70744072.16494845,0,672
SUB_25526,SUB_HIFLD_376,meso_SUB_25526_SUB_HIFLD_376_fwd,4000000000.0,0.0,0.0,0,672
SUB_25526,WEC_CALN,iface_SUB_25526_WEC_CALN_to_ba,6700000000.0,0.0,0.0,0,672
SUB_04229,SUB_04226,meso_SUB_04229_SUB_04226_rev,600000000.0,1977891.7123479005,2900994.4325869847,0,672
SUB_04229,SUB_04248,meso_SUB_04229_SUB_04248_fwd,600000000.0,0.0,0.0,0,672
SUB_04229,SUB_04320,meso_SUB_04229_SUB_04320_fwd,600000000.0,0.0,0.0,0,672
SUB_01385,SUB_01430,meso_SUB_01385_SUB_01430_fwd,50000000.0,0.0,0.0,0,672
SUB_10270,SUB_10260,meso_SUB_10270_SUB_10260_rev,1200000000.0,0.0,0.0,0,672
SUB_10270,SUB_10274,meso_SUB_10270_SUB_10274_fwd,600000000.0,3873313.347654005,9038525.889103642,0,672
SUB_10270,SUB_10278,meso_SUB_10270_SUB_10278_fwd,600000000.0,0.0,0.0,0,672
SUB_04298,SUB_04260,meso_SUB_04298_SUB_04260_rev,600000000.0,0.0,0.0,0,672
SUB_04298,SUB_04308,meso_SUB_04298_SUB_04308_fwd,600000000.0,0.0,0.0,0,672
SUB_04298,SUB_04338,meso_SUB_04298_SUB_04338_fwd,600000000.0,1416889.36872625,7253790.754800091,0,672
SUB_15365,SUB_15361,meso_SUB_15365_SUB_15361_fwd,550142757.0791967,0.0,0.0,0,672
SUB_06206,SUB_06359,meso_SUB_06206_SUB_06359_fwd,422494558.97612697,0.0,0.0,0,672
SUB_04289,SUB_04214,meso_SUB_04289_SUB_04214_rev,600000000.0,0.0,0.0,0,672
SUB_04289,SUB_04282,meso_SUB_04289_SUB_04282_rev,600000000.0,0.0,0.0,0,672
SUB_25366,SUB_25236,meso_SUB_25366_SUB_25236_rev,600000000.0,643871.9927009115,6116095.509737502,0,672
SUB_25366,SUB_25289,meso_SUB_25366_SUB_25289_rev,1200000000.0,46595.36791206182,13084751.530283505,0,672
SUB_25315,SUB_25236,meso_SUB_25315_SUB_25236_rev,1500000000.0,76805680.16709536,339037658.8122958,0,672
SUB_15218,SUB_15249,meso_SUB_15218_SUB_15249_fwd,600000000.0,35147358.79936167,78109124.02012953,0,672
SUB_15218,SUB_HIFLD_1336,meso_SUB_15218_SUB_HIFLD_1336_fwd,1200000000.0,219411.29025883856,31335565.97025309,0,672
SUB_15377,SUB_10325,meso_SUB_15377_SUB_10325_rev,1200000000.0,66407.79218499298,10433308.122656254,0,672
SUB_15377,SUB_15375,meso_SUB_15377_SUB_15375_rev,600000000.0,0.0,0.0,0,672
SUB_04268,SUB_04266,meso_SUB_04268_SUB_04266_rev,600000000.0,5855831.855537271,9266979.703608247,0,672
SUB_04268,SUB_04306,meso_SUB_04268_SUB_04306_fwd,600000000.0,2071049.7815408835,2670556.892316366,0,672
SUB_04268,SUB_19222,meso_SUB_04268_SUB_19222_fwd,600000000.0,0.0,0.0,0,672
SUB_19222,SUB_04268,meso_SUB_19222_SUB_04268_rev,600000000.0,10616135.145116124,15166052.97651766,0,672
SUB_19222,SUB_19231,meso_SUB_19222_SUB_19231_fwd,600000000.0,0.0,0.0,0,672
SUB_19222,SUB_19246,meso_SUB_19222_SUB_19246_fwd,600000000.0,0.0,0.0,0,672
SUB_19222,SUB_HIFLD_255,meso_SUB_19222_SUB_HIFLD_255_fwd,1500000000.0,0.0,0.0,0,672
SUB_19232,SUB_HIFLD_255,meso_SUB_19232_SUB_HIFLD_255_fwd,50000000.0,0.0,0.0,0,672
SUB_18215,SUB_18207,meso_SUB_18215_SUB_18207_rev,600000000.0,1617620.4152792704,40176213.50656825,0,672
SUB_18215,SUB_18208,meso_SUB_18215_SUB_18208_rev,1200000000.0,0.0,0.0,0,672
SUB_08201,SUB_08219,meso_SUB_08201_SUB_08219_fwd,600000000.0,21185473.240911253,31133551.46585051,0,672
SUB_08201,SUB_08226,meso_SUB_08201_SUB_08226_fwd,1500000000.0,29420681.912691146,94558553.47938146,0,672
SUB_08201,SUB_08231,meso_SUB_08201_SUB_08231_fwd,600000000.0,18549479.031832002,37943089.561855674,0,672
SUB_08201,SUB_08370,meso_SUB_08201_SUB_08370_fwd,3000000000.0,36452505.96894375,53361247.583762884,0,672
SUB_08201,SUB_08391,meso_SUB_08201_SUB_08391_fwd,1500000000.0,0.0,0.0,0,672
SUB_08201,SUB_HIFLD_1432,meso_SUB_08201_SUB_HIFLD_1432_fwd,3000000000.0,0.0,0.0,0,672
SUB_15292,SUB_15233,meso_SUB_15292_SUB_15233_rev,600000000.0,10533456.514518019,38693996.382627346,0,672
SUB_15292,SUB_15379,meso_SUB_15292_SUB_15379_fwd,600000000.0,0.0,0.0,0,672
SUB_02258,SUB_02264,meso_SUB_02258_SUB_02264_fwd,50000000.0,0.0,0.0,0,672
SUB_01314,SUB_01265,meso_SUB_01314_SUB_01265_rev,600000000.0,0.0,0.0,0,672
SUB_01314,SUB_01370,meso_SUB_01314_SUB_01370_fwd,600000000.0,618289.1096153503,982373.1097978415,0,672
SUB_02222,SUB_02287,meso_SUB_02222_SUB_02287_fwd,148045946.62989882,0.0,0.0,0,672
SUB_02250,SUB_02264,meso_SUB_02250_SUB_02264_fwd,50000000.0,0.0,0.0,0,672
SUB_08369,SUB_08319,meso_SUB_08369_SUB_08319_rev,1500000000.0,0.0,0.0,0,672
SUB_08369,SUB_08325,meso_SUB_08369_SUB_08325_rev,1500000000.0,0.0,0.0,0,672
SUB_01370,SUB_01314,meso_SUB_01370_SUB_01314_rev,600000000.0,0.0,0.0,0,672
SUB_01206,SUB_01384,meso_SUB_01206_SUB_01384_fwd,308305275.99546933,0.0,0.0,0,672
SUB_08314,SUB_08362,meso_SUB_08314_SUB_08362_fwd,50000000.0,3523214.285714286,5900000.0,0,672
SUB_02426,SUB_02401,meso_SUB_02426_SUB_02401_rev,1500000000.0,0.0,0.0,0,672
SUB_02426,SUB_02419,meso_SUB_02426_SUB_02419_rev,2100000000.0,0.0,0.0,0,672
SUB_02426,SUB_HIFLD_2058,meso_SUB_02426_SUB_HIFLD_2058_fwd,2100000000.0,52933779.79555163,81670151.1872612,0,672
SUB_02426,SUB_02403,meso_SUB_02426_SUB_02403_rev,3000000000.0,0.0,0.0,0,672
SUB_02426,SUB_02416,meso_SUB_02426_SUB_02416_rev,600000000.0,33528778.16306532,46101047.03608248,0,672
SUB_02426,SUB_02418,meso_SUB_02426_SUB_02418_rev,380672811.9540428,25566685.88959475,39244619.84536082,0,672
SUB_15270,SUB_15246,meso_SUB_15270_SUB_15246_rev,3000000000.0,0.0,0.0,0,672
SUB_15270,SUB_15269,meso_SUB_15270_SUB_15269_rev,3000000000.0,0.0,0.0,0,672
SUB_10302,SUB_10253,meso_SUB_10302_SUB_10253_rev,600000000.0,0.0,0.0,0,672
SUB_10302,SUB_10255,meso_SUB_10302_SUB_10255_rev,1200000000.0,0.0,0.0,0,672
SUB_10302,SUB_10310,meso_SUB_10302_SUB_10310_fwd,600000000.0,0.0,0.0,0,672
SUB_02424,SUB_02414,meso_SUB_02424_SUB_02414_fwd,50000000.0,0.0,0.0,0,672
SUB_25345,SUB_18256,meso_SUB_25345_SUB_18256_rev,800000000.0,0.0,0.0,0,672
SUB_25345,SUB_25202,meso_SUB_25345_SUB_25202_rev,1600000000.0,197046.17009656827,308384.94055049936,0,672
SUB_08216,SUB_08348,meso_SUB_08216_SUB_08348_fwd,1200000000.0,0.0,0.0,0,672
SUB_08216,SUB_HIFLD_2131,meso_SUB_08216_SUB_HIFLD_2131_fwd,600000000.0,3237736.394080844,30349776.627804823,0,672
SUB_15210,SUB_15220,meso_SUB_15210_SUB_15220_fwd,600000000.0,6368.071973236039,420322.41034753545,0,672
SUB_15210,SUB_HIFLD_2456,meso_SUB_15210_SUB_HIFLD_2456_fwd,600000000.0,0.0,0.0,0,672
SUB_15803,SUB_HIFLD_3065,meso_SUB_15803_SUB_HIFLD_3065_fwd,57075304.66038817,0.0,0.0,0,672
SUB_16369,SUB_HIFLD_41,meso_SUB_16369_SUB_HIFLD_41_fwd,1500000000.0,0.0,0.0,0,672
SUB_16388,SUB_16334,meso_SUB_16388_SUB_16334_fwd,67057385.41774172,0.0,0.0,0,672
SUB_15259,SUB_HIFLD_2007,meso_SUB_15259_SUB_HIFLD_2007_fwd,80762031.56964825,0.0,0.0,0,672
SUB_10253,SUB_10255,meso_SUB_10253_SUB_10255_fwd,600000000.0,0.0,0.0,0,672
SUB_10253,SUB_10302,meso_SUB_10253_SUB_10302_fwd,600000000.0,400031.7337326177,2488685.9045183635,0,672
SUB_10253,SUB_10310,meso_SUB_10253_SUB_10310_fwd,600000000.0,0.0,0.0,0,672
SUB_10253,SUB_HIFLD_1323,meso_SUB_10253_SUB_HIFLD_1323_fwd,600000000.0,306108.3636528323,15820974.963962642,0,672
SUB_19210,SUB_19218,meso_SUB_19210_SUB_19218_fwd,50000000.0,0.0,0.0,0,672
SUB_04306,SUB_04268,meso_SUB_04306_SUB_04268_rev,600000000.0,0.0,0.0,0,672
SUB_01440,SUB_01214,meso_SUB_01440_SUB_01214_rev,1200000000.0,7398874.307249248,21659642.736328125,0,672
SUB_01440,SUB_01223,meso_SUB_01440_SUB_01223_rev,4000000000.0,134163.23991903465,79251888.21051466,0,672
SUB_01440,SUB_01323,meso_SUB_01440_SUB_01323_rev,12000000000.0,0.0,0.0,0,672
SUB_01440,SUB_01375,meso_SUB_01440_SUB_01375_rev,1200000000.0,11851.612328897812,7964283.48501933,0,672
SUB_01440,SUB_01423,meso_SUB_01440_SUB_01423_rev,600000000.0,338276.04726511444,76700504.24156332,0,672
SUB_01440,SUB_01222,meso_SUB_01440_SUB_01222_rev,8000000000.0,32552088.066964876,124514860.47432077,0,672
SUB_01440,SUB_01442,meso_SUB_01440_SUB_01442_rev,214952669.44976145,1120588.5228797041,12509348.018685566,0,672
SUB_01440,WEC_CALN,iface_SUB_01440_WEC_CALN_to_ba,200000000.0,0.0,0.0,0,672
SUB_10274,SUB_06288,meso_SUB_10274_SUB_06288_rev,1200000000.0,31328.662262866466,54371.076760832795,0,672
SUB_10274,SUB_10270,meso_SUB_10274_SUB_10270_rev,600000000.0,0.0,0.0,0,672
SUB_10274,SUB_10278,meso_SUB_10274_SUB_10278_fwd,600000000.0,0.0,0.0,0,672
SUB_02403,SUB_02401,meso_SUB_02403_SUB_02401_rev,600000000.0,0.0,0.0,0,672
SUB_02403,SUB_02419,meso_SUB_02403_SUB_02419_fwd,3000000000.0,0.0,0.0,0,672
SUB_02403,SUB_02426,meso_SUB_02403_SUB_02426_fwd,3000000000.0,0.0,0.0,0,672
SUB_18246,SUB_18201,meso_SUB_18246_SUB_18201_rev,1500000000.0,0.0,0.0,0,672
SUB_18246,SUB_18235,meso_SUB_18246_SUB_18235_rev,1500000000.0,0.0,0.0,0,672
SUB_18246,SUB_18240,meso_SUB_18246_SUB_18240_rev,1500000000.0,0.0,0.0,0,672
SUB_25364,SUB_25272,meso_SUB_25364_SUB_25272_rev,1500000000.0,17253595.410867114,41885965.20996094,0,672
SUB_06364,SUB_01365,meso_SUB_06364_SUB_01365_rev,8000000000.0,377676.7169278579,64901697.17294967,0,672
SUB_06364,SUB_04205,meso_SUB_06364_SUB_04205_rev,8000000000.0,1743892.758449956,54875005.314061,0,672
SUB_06364,SUB_04230,meso_SUB_06364_SUB_04230_rev,8600000000.0,1716867.4380331323,82500654.88779812,0,672
SUB_06364,SUB_HIFLD_1086,meso_SUB_06364_SUB_HIFLD_1086_fwd,8000000000.0,0.0,0.0,0,672
SUB_06364,SUB_HIFLD_3784,meso_SUB_06364_SUB_HIFLD_3784_fwd,13200000000.0,0.0,0.0,0,672
SUB_06364,SUB_06359,meso_SUB_06364_SUB_06359_rev,4000000000.0,61010852.41930916,163523430.42390138,0,672
SUB_06364,WEC_CALN,iface_SUB_06364_WEC_CALN_to_ba,1359990448.8999999,0.0,0.0,0,672
SUB_25252,SUB_25253,meso_SUB_25252_SUB_25253_fwd,600000000.0,717886.059648217,2084896.5045103093,0,672
SUB_25252,SUB_HIFLD_1175,meso_SUB_25252_SUB_HIFLD_1175_fwd,600000000.0,128631.61687672109,774671.4489746094,0,672
SUB_02287,SUB_02210,meso_SUB_02287_SUB_02210_rev,4000000000.0,0.0,0.0,0,672
SUB_02287,SUB_02233,meso_SUB_02287_SUB_02233_rev,3000000000.0,10055389.699624965,259329009.78208926,0,672
SUB_02287,SUB_02222,meso_SUB_02287_SUB_02222_rev,148045946.62989882,8478325.437715255,12763765.504188145,0,672
SUB_02287,WEC_CALN,iface_SUB_02287_WEC_CALN_to_ba,12851954053.370102,0.0,0.0,0,672
SUB_02227,SUB_02210,meso_SUB_02227_SUB_02210_fwd,104683633.85570258,0.0,0.0,0,672
SUB_18230,SUB_18220,meso_SUB_18230_SUB_18220_rev,600000000.0,0.0,0.0,0,672
SUB_18230,SUB_18226,meso_SUB_18230_SUB_18226_rev,600000000.0,0.0,0.0,0,672
SUB_04271,SUB_04331,meso_SUB_04271_SUB_04331_fwd,600000000.0,8546.707565315106,2920320.191688143,0,672
SUB_04271,SUB_04336,meso_SUB_04271_SUB_04336_fwd,600000000.0,12606336.11384996,19669400.37048969,0,672
SUB_04271,SUB_04343,meso_SUB_04271_SUB_04343_fwd,600000000.0,0.0,0.0,0,672
SUB_04271,SUB_04256,meso_SUB_04271_SUB_04256_rev,600000000.0,0.0,0.0,0,672
SUB_04271,SUB_04314,meso_SUB_04271_SUB_04314_rev,135777845.30380812,7426562.1164703,12349979.864690721,0,672
SUB_01331,SUB_01211,meso_SUB_01331_SUB_01211_rev,600000000.0,0.0,0.0,0,672
SUB_01331,SUB_01384,meso_SUB_01331_SUB_01384_fwd,600000000.0,6477770.097687693,31980031.881252322,0,672
SUB_01210,SUB_01204,meso_SUB_01210_SUB_01204_rev,1500000000.0,73157846.13695703,128764388.35259667,0,672
SUB_01210,SUB_01380,meso_SUB_01210_SUB_01380_fwd,1500000000.0,0.0,0.0,0,672
SUB_01210,SUB_01467,meso_SUB_01210_SUB_01467_fwd,3000000000.0,0.0,0.0,0,672
SUB_01210,SUB_01269,meso_SUB_01210_SUB_01269_rev,50000000.0,599001.3028923413,956996.8941285438,0,672
SUB_19236,SUB_19223,meso_SUB_19236_SUB_19223_rev,1200000000.0,0.0,0.0,0,672
SUB_19236,SUB_19226,meso_SUB_19236_SUB_19226_rev,600000000.0,393644.16349970014,510207.3433472939,0,672
SUB_16221,SUB_16323,meso_SUB_16221_SUB_16323_fwd,600000000.0,0.0,0.0,0,672
SUB_25241,SUB_25151,meso_SUB_25241_SUB_25151_rev,1500000000.0,0.0,0.0,0,672
SUB_25241,SUB_25234,meso_SUB_25241_SUB_25234_rev,800000000.0,0.0,0.0,0,672
SUB_25241,SUB_25529,meso_SUB_25241_SUB_25529_fwd,3000000000.0,126312161.55505049,324867304.2247468,0,672
SUB_25241,SUB_HIFLD_1175,meso_SUB_25241_SUB_HIFLD_1175_fwd,800000000.0,0.0,0.0,0,672
SUB_25241,SUB_25294,meso_SUB_25241_SUB_25294_fwd,1600000000.0,102513.15938202855,3115778.2800418814,0,672
SUB_25319,SUB_25293,meso_SUB_25319_SUB_25293_rev,800000000.0,0.0,0.0,0,672
SUB_25319,SUB_25348,meso_SUB_25319_SUB_25348_fwd,800000000.0,0.0,0.0,0,672
SUB_25319,SUB_25380,meso_SUB_25319_SUB_25380_fwd,800000000.0,111654.92338842437,10971335.337009024,0,672
SUB_16247,SUB_16261,meso_SUB_16247_SUB_16261_fwd,1500000000.0,5842114.619402545,64843718.18981701,0,672
SUB_16247,SUB_16267,meso_SUB_16247_SUB_16267_fwd,2100000000.0,148209.01295642694,16855324.16317656,0,672
SUB_16247,SUB_16270,meso_SUB_16247_SUB_16270_fwd,3000000000.0,2343899.270798101,70628721.00515464,0,672
SUB_16247,SUB_16277,meso_SUB_16247_SUB_16277_fwd,3000000000.0,0.0,0.0,0,672
SUB_16247,SUB_HIFLD_982,meso_SUB_16247_SUB_HIFLD_982_fwd,1500000000.0,0.0,0.0,0,672
SUB_16247,SUB_16288,meso_SUB_16247_SUB_16288_fwd,1500000000.0,2928925.821058998,53265012.88659794,0,672
SUB_16247,SUB_HIFLD_1406,meso_SUB_16247_SUB_HIFLD_1406_fwd,3000000000.0,0.0,0.0,0,672
SUB_18310,SUB_HIFLD_48,meso_SUB_18310_SUB_HIFLD_48_fwd,1500000000.0,0.0,0.0,0,672
SUB_02253,SUB_02280,meso_SUB_02253_SUB_02280_fwd,50000000.0,0.0,0.0,0,672
SUB_16309,SUB_16277,meso_SUB_16309_SUB_16277_fwd,50000000.0,817683.0357142857,1303500.0,0,672
SUB_01326,SUB_01409,meso_SUB_01326_SUB_01409_fwd,50000000.0,0.0,0.0,0,672
SUB_25371,SUB_HIFLD_459,meso_SUB_25371_SUB_HIFLD_459_fwd,50000000.0,0.0,0.0,0,672
SUB_16323,SUB_16216,meso_SUB_16323_SUB_16216_rev,600000000.0,0.0,0.0,0,672
SUB_16323,SUB_16221,meso_SUB_16323_SUB_16221_rev,600000000.0,6035777.484966834,10233275.612113401,0,672
SUB_16323,SUB_16299,meso_SUB_16323_SUB_16299_rev,600000000.0,6338635.8487282675,19864088.46385007,0,672
SUB_16323,SUB_16368,meso_SUB_16323_SUB_16368_fwd,600000000.0,25230.492660090233,16954891.067580637,0,672
SUB_06867,SUB_06866,meso_SUB_06867_SUB_06866_rev,600000000.0,0.0,0.0,0,672
SUB_06867,SUB_06204,meso_SUB_06867_SUB_06204_fwd,50000000.0,1455000.0,1455000.0,0,672
SUB_25151,SUB_25241,meso_SUB_25151_SUB_25241_fwd,1500000000.0,39270800.79941522,39471921.875,0,672
SUB_25151,SUB_HIFLD_1175,meso_SUB_25151_SUB_HIFLD_1175_fwd,1500000000.0,0.0,0.0,0,672
SUB_01260,SUB_01335,meso_SUB_01260_SUB_01335_fwd,600000000.0,0.0,0.0,0,672
SUB_01260,SUB_01265,meso_SUB_01260_SUB_01265_rev,50000000.0,2493867.588053568,4057540.091510818,0,672
SUB_10278,SUB_10270,meso_SUB_10278_SUB_10270_rev,600000000.0,0.0,0.0,0,672
SUB_10278,SUB_10274,meso_SUB_10278_SUB_10274_rev,600000000.0,1054993.5389927456,1468895.3857421875,0,672
SUB_02261,SUB_02201,meso_SUB_02261_SUB_02201_fwd,98568924.2082958,0.0,0.0,0,672
SUB_04225,SUB_04282,meso_SUB_04225_SUB_04282_fwd,3000000000.0,0.0,0.0,0,672
SUB_08311,SUB_08319,meso_SUB_08311_SUB_08319_fwd,50000000.0,0.0,0.0,0,672
SUB_16334,SUB_16301,meso_SUB_16334_SUB_16301_rev,1200000000.0,884860.7346764604,5674665.65067252,0,672
SUB_16334,SUB_16388,meso_SUB_16334_SUB_16388_rev,67057385.41774172,3181170.2470774734,6672059.741462629,0,672
SUB_02244,SUB_02286,meso_SUB_02244_SUB_02286_fwd,50000000.0,0.0,0.0,0,672
SUB_25346,SUB_18301,meso_SUB_25346_SUB_18301_rev,8000000000.0,141196527.44879207,618515962.3453835,0,672
SUB_15246,SUB_15224,meso_SUB_15246_SUB_15224_rev,600000000.0,0.0,0.0,0,672
SUB_15246,SUB_15228,meso_SUB_15246_SUB_15228_rev,600000000.0,5562838.3166426,10542933.513208764,0,672
SUB_15246,SUB_15256,meso_SUB_15246_SUB_15256_fwd,600000000.0,20946008.234894592,48159414.357264325,0,672
SUB_15246,SUB_15257,meso_SUB_15246_SUB_15257_fwd,3000000000.0,3197723.979993073,20301127.57731959,0,672
SUB_15246,SUB_15269,meso_SUB_15246_SUB_15269_fwd,1500000000.0,0.0,0.0,0,672
SUB_15246,SUB_15270,meso_SUB_15246_SUB_15270_fwd,3000000000.0,228494.97600503944,9355366.989000909,0,672
SUB_15246,SUB_15249,meso_SUB_15246_SUB_15249_fwd,600000000.0,0.0,0.0,0,672
SUB_15246,SUB_HIFLD_597,meso_SUB_15246_SUB_HIFLD_597_fwd,1500000000.0,3425.85514342069,2011039.8238248061,0,672
SUB_15246,SUB_15253,meso_SUB_15246_SUB_15253_rev,80405777.04533531,150184.2860211095,2024713.0718427836,0,672
SUB_15246,SUB_15216,meso_SUB_15246_SUB_15216_rev,62850715.21919287,3293300.2874555103,6153884.6045425255,0,672
SUB_10330,SUB_10355,meso_SUB_10330_SUB_10355_fwd,600000000.0,0.0,0.0,0,672
SUB_10330,SUB_HIFLD_482,meso_SUB_10330_SUB_HIFLD_482_fwd,600000000.0,0.0,0.0,0,672
SUB_25206,SUB_25408,meso_SUB_25206_SUB_25408_fwd,1500000000.0,0.0,0.0,0,672
SUB_25206,SUB_25529,meso_SUB_25206_SUB_25529_fwd,1500000000.0,32166870.61148537,66086918.435805425,0,672
SUB_25206,SUB_HIFLD_1190,meso_SUB_25206_SUB_HIFLD_1190_fwd,1500000000.0,0.0,0.0,0,672
SUB_04226,SUB_04229,meso_SUB_04226_SUB_04229_fwd,600000000.0,0.0,0.0,0,672
SUB_04226,SUB_04302,meso_SUB_04226_SUB_04302_fwd,600000000.0,0.0,0.0,0,672
SUB_02213,SUB_02280,meso_SUB_02213_SUB_02280_fwd,869368177.5284624,0.0,0.0,0,672
SUB_10313,SUB_10310,meso_SUB_10313_SUB_10310_fwd,50000000.0,0.0,0.0,0,672
SUB_01252,SUB_01250,meso_SUB_01252_SUB_01250_rev,600000000.0,14950.76300670364,1005820.7264645322,0,672
SUB_01252,SUB_01378,meso_SUB_01252_SUB_01378_fwd,600000000.0,49116.84337092421,1013624.1165633054,0,672
SUB_01252,SUB_01233,meso_SUB_01252_SUB_01233_rev,67889045.30254705,1195126.3636437973,3915068.0836951113,0,672
SUB_01252,SUB_01374,meso_SUB_01252_SUB_01374_rev,50000000.0,1247677.99424259,1901224.6043411726,0,672
SUB_08333,SUB_08351,meso_SUB_08333_SUB_08351_fwd,1200000000.0,0.0,0.0,0,672
SUB_08333,SUB_18201,meso_SUB_08333_SUB_18201_fwd,1200000000.0,0.0,0.0,0,672
SUB_18205,SUB_18207,meso_SUB_18205_SUB_18207_fwd,261995255.00883934,0.0,0.0,0,672
SUB_04308,SUB_04276,meso_SUB_04308_SUB_04276_rev,600000000.0,0.0,0.0,0,672
SUB_04308,SUB_04298,meso_SUB_04308_SUB_04298_rev,600000000.0,0.0,0.0,0,672
SUB_02270,SUB_02272,meso_SUB_02270_SUB_02272_fwd,600000000.0,0.0,0.0,0,672
SUB_02270,SUB_02286,meso_SUB_02270_SUB_02286_fwd,600000000.0,0.0,0.0,0,672
SUB_02270,SUB_02408,meso_SUB_02270_SUB_02408_fwd,600000000.0,0.0,0.0,0,672
SUB_01208,SUB_HIFLD_2989,meso_SUB_01208_SUB_HIFLD_2989_fwd,50000000.0,0.0,0.0,0,672
SUB_01266,SUB_01384,meso_SUB_01266_SUB_01384_fwd,50000000.0,20331754.521940805,21846825.805664062,0,672
SUB_01269,SUB_01210,meso_SUB_01269_SUB_01210_fwd,50000000.0,0.0,0.0,0,672
SUB_25273,SUB_25295,meso_SUB_25273_SUB_25295_fwd,67168441.77460277,0.0,0.0,0,672
SUB_25418,WEC_CALN,iface_SUB_25418_WEC_CALN_to_ba,50000000.0,546428.5714285715,45900000.0,0,672
SUB_25415,SUB_HIFLD_1190,meso_SUB_25415_SUB_HIFLD_1190_fwd,130512933.44517232,0.0,0.0,0,672
SUB_02405,SUB_02419,meso_SUB_02405_SUB_02419_fwd,1500000000.0,0.0,0.0,0,672
SUB_02405,SUB_HIFLD_2068,meso_SUB_02405_SUB_HIFLD_2068_fwd,1500000000.0,0.0,0.0,0,672
SUB_02405,SUB_HIFLD_3835,meso_SUB_02405_SUB_HIFLD_3835_fwd,1500000000.0,0.0,0.0,0,672
SUB_15228,SUB_15224,meso_SUB_15228_SUB_15224_rev,600000000.0,0.0,0.0,0,672
SUB_15228,SUB_15246,meso_SUB_15228_SUB_15246_fwd,600000000.0,0.0,0.0,0,672
SUB_04338,SUB_04284,meso_SUB_04338_SUB_04284_rev,600000000.0,352042.74936446594,5692237.334890464,0,672
SUB_04338,SUB_04298,meso_SUB_04338_SUB_04298_rev,600000000.0,0.0,0.0,0,672
SUB_01233,SUB_01302,meso_SUB_01233_SUB_01302_fwd,600000000.0,1206786.8092742455,2122493.4056862113,0,672
SUB_01233,SUB_01321,meso_SUB_01233_SUB_01321_fwd,600000000.0,0.0,0.0,0,672
SUB_01233,SUB_01252,meso_SUB_01233_SUB_01252_fwd,67889045.30254705,49867.54469270852,954197.4220039919,0,672
SUB_15232,SUB_15230,meso_SUB_15232_SUB_15230_rev,600000000.0,0.0,0.0,0,672
SUB_15232,SUB_15269,meso_SUB_15232_SUB_15269_fwd,1500000000.0,34862344.41285809,61534846.31133426,0,672
SUB_15232,SUB_HIFLD_1357,meso_SUB_15232_SUB_HIFLD_1357_fwd,6000000000.0,20834968.3545329,48339149.641082615,0,672
SUB_15232,SUB_HIFLD_2007,meso_SUB_15232_SUB_HIFLD_2007_fwd,600000000.0,24803562.419519622,38575728.18664783,0,672
SUB_15232,SUB_15225,meso_SUB_15232_SUB_15225_rev,50000000.0,0.0,0.0,0,672
SUB_15232,SUB_15229,meso_SUB_15232_SUB_15229_rev,50000000.0,161898.96057327412,247192.4929274726,0,672
SUB_15229,SUB_15232,meso_SUB_15229_SUB_15232_fwd,50000000.0,0.0,0.0,0,672
SUB_25393,SUB_18301,meso_SUB_25393_SUB_18301_rev,8000000000.0,0.0,0.0,0,672
SUB_25393,SUB_25261,meso_SUB_25393_SUB_25261_rev,60000000000.0,208020.73188889027,40362278.3604525,0,672
SUB_25393,SUB_25268,meso_SUB_25393_SUB_25268_rev,4000000000.0,5652080.8605627585,152500465.3387203,0,672
SUB_25393,SUB_25316,meso_SUB_25393_SUB_25316_rev,1500000000.0,4260281.488415981,32231223.72549719,0,672
SUB_25393,SUB_25412,meso_SUB_25393_SUB_25412_fwd,4000000000.0,40186738.58372011,505703439.63173735,0,672
SUB_25393,SUB_HIFLD_1195,meso_SUB_25393_SUB_HIFLD_1195_fwd,15000000000.0,6326289.488252159,158743522.67453712,0,672
SUB_25393,SUB_HIFLD_1444,meso_SUB_25393_SUB_HIFLD_1444_fwd,30000000000.0,0.0,0.0,0,672
SUB_25393,SUB_HIFLD_211,meso_SUB_25393_SUB_HIFLD_211_fwd,8000000000.0,250536.17449491337,43026762.69260138,0,672
SUB_08339,SUB_08353,meso_SUB_08339_SUB_08353_fwd,1500000000.0,1112574.6864165287,74653576.03092784,0,672
SUB_08339,SUB_08391,meso_SUB_08339_SUB_08391_fwd,1500000000.0,0.0,0.0,0,672
SUB_08339,SUB_08283,meso_SUB_08339_SUB_08283_rev,1500000000.0,113376.230907146,76188827.16960211,0,672
SUB_08339,SUB_HIFLD_1432,meso_SUB_08339_SUB_HIFLD_1432_fwd,1500000000.0,0.0,0.0,0,672
SUB_01356,SUB_01353,meso_SUB_01356_SUB_01353_fwd,50000000.0,0.0,0.0,0,672
SUB_25469,SUB_25456,meso_SUB_25469_SUB_25456_rev,1500000000.0,0.0,0.0,0,672
SUB_01355,SUB_01430,meso_SUB_01355_SUB_01430_fwd,50000000.0,0.0,0.0,0,672
SUB_01318,SUB_01254,meso_SUB_01318_SUB_01254_rev,1500000000.0,0.0,0.0,0,672
SUB_01318,SUB_01380,meso_SUB_01318_SUB_01380_fwd,1500000000.0,0.0,0.0,0,672
SUB_01318,SUB_01317,meso_SUB_01318_SUB_01317_rev,50000000.0,1229345.8578103187,1970006.946681701,0,672
SUB_01318,SUB_01338,meso_SUB_01318_SUB_01338_rev,50000000.0,1076073.424489579,1797254.4247342139,0,672
SUB_16267,SUB_16247,meso_SUB_16267_SUB_16247_rev,2100000000.0,0.0,0.0,0,672
SUB_16267,SUB_16261,meso_SUB_16267_SUB_16261_rev,600000000.0,14355.800582728847,4842438.162648838,0,672
SUB_16267,SUB_16325,meso_SUB_16267_SUB_16325_fwd,600000000.0,370835.0788453248,25017350.336402457,0,672
SUB_16267,SUB_16288,meso_SUB_16267_SUB_16288_fwd,4000000000.0,0.0,0.0,0,672
SUB_16267,SUB_HIFLD_30,meso_SUB_16267_SUB_HIFLD_30_fwd,4000000000.0,0.0,0.0,0,672
SUB_04307,SUB_04337,meso_SUB_04307_SUB_04337_fwd,1200000000.0,0.0,0.0,0,672
SUB_04307,SUB_04343,meso_SUB_04307_SUB_04343_fwd,600000000.0,0.0,0.0,0,672
SUB_04295,SUB_04214,meso_SUB_04295_SUB_04214_rev,600000000.0,0.0,0.0,0,672
SUB_04295,SUB_04228,meso_SUB_04295_SUB_04228_rev,1200000000.0,0.0,0.0,0,672
SUB_04295,SUB_04260,meso_SUB_04295_SUB_04260_rev,1200000000.0,6227656.61842931,13912179.53245323,0,672
SUB_04295,SUB_04266,meso_SUB_04295_SUB_04266_rev,600000000.0,697081.1067718273,9234225.596005155,0,672
SUB_04295,SUB_04276,meso_SUB_04295_SUB_04276_rev,600000000.0,14104804.271148177,19713379.933773514,0,672
SUB_04295,SUB_04287,meso_SUB_04295_SUB_04287_rev,600000000.0,1552806.5610378447,2397890.8263530927,0,672
SUB_04295,SUB_04319,meso_SUB_04295_SUB_04319_fwd,1500000000.0,0.0,0.0,0,672
SUB_04295,SUB_04341,meso_SUB_04295_SUB_04341_fwd,1500000000.0,3781640.0815414106,6523896.081668815,0,672
SUB_04295,SUB_04335,meso_SUB_04295_SUB_04335_fwd,1500000000.0,2213102.413546413,11392696.923324741,0,672
SUB_04295,SUB_06312,meso_SUB_04295_SUB_06312_fwd,1500000000.0,0.0,0.0,0,672
SUB_19223,SUB_19218,meso_SUB_19223_SUB_19218_rev,600000000.0,0.0,0.0,0,672
SUB_19223,SUB_19236,meso_SUB_19223_SUB_19236_fwd,1200000000.0,492941.43637679605,634938.3946622593,0,672
SUB_01437,SUB_01426,meso_SUB_01437_SUB_01426_fwd,139122899.06423923,0.0,0.0,0,672
SUB_16308,SUB_16307,meso_SUB_16308_SUB_16307_fwd,83233761.81608301,0.0,0.0,0,672
SUB_04228,SUB_04266,meso_SUB_04228_SUB_04266_fwd,1200000000.0,3680000.0,3680000.0,0,672
SUB_04228,SUB_04295,meso_SUB_04228_SUB_04295_fwd,1200000000.0,0.0,0.0,0,672
SUB_10281,SUB_10236,meso_SUB_10281_SUB_10236_rev,600000000.0,734002.0135648294,3021109.8167313207,0,672
SUB_10281,SUB_HIFLD_1323,meso_SUB_10281_SUB_HIFLD_1323_fwd,600000000.0,12971538.38212645,14278398.681640625,0,672
SUB_18207,SUB_18201,meso_SUB_18207_SUB_18201_rev,600000000.0,0.0,0.0,0,672
SUB_18207,SUB_18213,meso_SUB_18207_SUB_18213_fwd,1200000000.0,9013209.12324497,17602901.498067014,0,672
SUB_18207,SUB_18215,meso_SUB_18207_SUB_18215_fwd,600000000.0,3822.3036288208655,2568588.0385676217,0,672
SUB_18207,SUB_18205,meso_SUB_18207_SUB_18205_rev,261995255.00883934,15354672.820999974,24751304.76804124,0,672
SUB_01366,SUB_01409,meso_SUB_01366_SUB_01409_fwd,50000000.0,0.0,0.0,0,672
SUB_19243,SUB_19202,meso_SUB_19243_SUB_19202_rev,600000000.0,8731353.01700617,19488996.411329854,0,672
SUB_19243,SUB_19217,meso_SUB_19243_SUB_19217_rev,600000000.0,5642734.590850522,7445739.487915494,0,672
SUB_19243,SUB_19233,meso_SUB_19243_SUB_19233_rev,1200000000.0,23535407.2462429,39717209.80522109,0,672
SUB_19243,SUB_19239,meso_SUB_19243_SUB_19239_rev,600000000.0,1237.9554134068783,831906.0378094222,0,672
SUB_19243,SUB_19245,meso_SUB_19243_SUB_19245_fwd,600000000.0,0.0,0.0,0,672
SUB_19243,SUB_19246,meso_SUB_19243_SUB_19246_fwd,600000000.0,0.0,0.0,0,672
SUB_19243,SUB_10293,meso_SUB_19243_SUB_10293_rev,1500000000.0,0.0,0.0,0,672
SUB_19243,SUB_19234,meso_SUB_19243_SUB_19234_rev,3000000000.0,117713.94395336664,4696473.803962628,0,672
SUB_25342,SUB_25282,meso_SUB_25342_SUB_25282_rev,800000000.0,0.0,0.0,0,672
SUB_25342,SUB_25337,meso_SUB_25342_SUB_25337_rev,800000000.0,0.0,0.0,0,672
SUB_25342,SUB_25339,meso_SUB_25342_SUB_25339_rev,800000000.0,0.0,0.0,0,672
SUB_25342,SUB_25532,meso_SUB_25342_SUB_25532_fwd,800000000.0,1386937.9906258008,68936195.23195876,0,672
SUB_18233,SUB_18201,meso_SUB_18233_SUB_18201_rev,600000000.0,0.0,0.0,0,672
SUB_10205,SUB_10307,meso_SUB_10205_SUB_10307_fwd,1500000000.0,0.0,0.0,0,672
SUB_10205,SUB_10308,meso_SUB_10205_SUB_10308_fwd,1500000000.0,0.0,0.0,0,672
SUB_01410,SUB_01343,meso_SUB_01410_SUB_01343_rev,1500000000.0,0.0,0.0,0,672
SUB_01410,SUB_01467,meso_SUB_01410_SUB_01467_fwd,1500000000.0,0.0,0.0,0,672
SUB_01410,SUB_04204,meso_SUB_01410_SUB_04204_fwd,1500000000.0,0.0,0.0,0,672
SUB_02416,SUB_02426,meso_SUB_02416_SUB_02426_fwd,600000000.0,0.0,0.0,0,672
SUB_02416,SUB_HIFLD_2058,meso_SUB_02416_SUB_HIFLD_2058_fwd,600000000.0,0.0,0.0,0,672
SUB_15374,SUB_10320,meso_SUB_15374_SUB_10320_rev,600000000.0,0.0,0.0,0,672
SUB_15374,SUB_HIFLD_2456,meso_SUB_15374_SUB_HIFLD_2456_fwd,600000000.0,24831272.649379004,25631057.591552734,0,672
SUB_02402,SUB_HIFLD_1418,meso_SUB_02402_SUB_HIFLD_1418_fwd,502756140.9022589,0.0,0.0,0,672
SUB_08296,SUB_08295,meso_SUB_08296_SUB_08295_rev,1500000000.0,0.0,0.0,0,672
SUB_08296,SUB_HIFLD_1432,meso_SUB_08296_SUB_HIFLD_1432_fwd,1500000000.0,0.0,0.0,0,672
SUB_10309,SUB_10252,meso_SUB_10309_SUB_10252_rev,600000000.0,109233.95176749885,15410466.87246088,0,672
SUB_10309,SUB_HIFLD_1086,meso_SUB_10309_SUB_HIFLD_1086_fwd,600000000.0,0.0,0.0,0,672
SUB_25464,SUB_25537,meso_SUB_25464_SUB_25537_fwd,2200000000.0,4005052.8945315424,98625470.48710808,0,672
SUB_25464,SUB_HIFLD_1195,meso_SUB_25464_SUB_HIFLD_1195_fwd,4000000000.0,3414011.053583558,135254173.95251793,0,672
SUB_25464,SUB_HIFLD_1829,meso_SUB_25464_SUB_HIFLD_1829_fwd,1500000000.0,27948466.73690352,95859913.20503621,0,672
SUB_25464,SUB_HIFLD_211,meso_SUB_25464_SUB_HIFLD_211_fwd,4000000000.0,0.0,0.0,0,672
SUB_25464,SUB_25405,meso_SUB_25464_SUB_25405_rev,181551718.99753124,19448323.834301982,181551718.99753124,51,672
SUB_25464,SUB_25209,meso_SUB_25464_SUB_25209_rev,538567509.8954275,2267819.9668252594,50386771.10180412,0,672
SUB_25464,SUB_25431,meso_SUB_25464_SUB_25431_rev,163112657.1957324,6098384.263845465,15215875.684600513,0,672
SUB_25464,WEC_CALN,iface_SUB_25464_WEC_CALN_to_ba,200000000.0,0.0,0.0,0,672
SUB_02248,SUB_02201,meso_SUB_02248_SUB_02201_fwd,50000000.0,0.0,0.0,0,672
SUB_01224,SUB_01409,meso_SUB_01224_SUB_01409_fwd,50000000.0,0.0,0.0,0,672
SUB_02251,SUB_02264,meso_SUB_02251_SUB_02264_fwd,50000000.0,0.0,0.0,0,672
SUB_01378,SUB_01252,meso_SUB_01378_SUB_01252_rev,600000000.0,0.0,0.0,0,672
SUB_01378,SUB_01347,meso_SUB_01378_SUB_01347_rev,600000000.0,0.0,0.0,0,672
SUB_16356,SUB_HIFLD_41,meso_SUB_16356_SUB_HIFLD_41_fwd,50000000.0,1616048.051130204,1947958.6944580078,0,672
SUB_25446,SUB_25231,meso_SUB_25446_SUB_25231_rev,1500000000.0,0.0,0.0,0,672
SUB_25446,SUB_25242,meso_SUB_25446_SUB_25242_rev,1500000000.0,0.0,0.0,0,672
SUB_25446,SUB_25347,meso_SUB_25446_SUB_25347_rev,1500000000.0,0.0,0.0,0,672
SUB_01298,SUB_01311,meso_SUB_01298_SUB_01311_fwd,50000000.0,0.0,0.0,0,672
SUB_18235,SUB_18222,meso_SUB_18235_SUB_18222_rev,1500000000.0,0.0,0.0,0,672
SUB_18235,SUB_18246,meso_SUB_18235_SUB_18246_fwd,1500000000.0,40158.97377250121,3099405.5049935565,0,672
SUB_18235,SUB_HIFLD_1195,meso_SUB_18235_SUB_HIFLD_1195_fwd,2100000000.0,0.0,0.0,0,672
SUB_18235,SUB_18296,meso_SUB_18235_SUB_18296_rev,169798315.2959524,11466339.473883543,16538058.754832475,0,672
SUB_02226,SUB_02264,meso_SUB_02226_SUB_02264_fwd,585592831.7232112,0.0,0.0,0,672
SUB_02228,SUB_02201,meso_SUB_02228_SUB_02201_fwd,86919605.5705817,1148019.4309779576,7887103.515625,0,672
SUB_02255,SUB_02201,meso_SUB_02255_SUB_02201_fwd,50000000.0,27349.314364811748,704319.643233375,0,672
SUB_10260,SUB_10211,meso_SUB_10260_SUB_10211_rev,600000000.0,16888976.68054765,32602538.722453166,0,672
SUB_10260,SUB_10270,meso_SUB_10260_SUB_10270_fwd,1200000000.0,9826141.663818363,22184055.767812267,0,672
SUB_10260,SUB_10285,meso_SUB_10260_SUB_10285_fwd,1200000000.0,13491220.601914957,31168536.551577546,0,672
SUB_10260,SUB_10293,meso_SUB_10260_SUB_10293_fwd,4000000000.0,0.0,0.0,0,672
SUB_10260,SUB_10314,meso_SUB_10260_SUB_10314_fwd,4000000000.0,0.0,0.0,0,672
SUB_10260,SUB_10333,meso_SUB_10260_SUB_10333_fwd,600000000.0,27750723.592537317,49695233.72532067,0,672
SUB_10260,SUB_HIFLD_3784,meso_SUB_10260_SUB_HIFLD_3784_fwd,8000000000.0,0.0,0.0,0,672
SUB_10260,WEC_CALN,iface_SUB_10260_WEC_CALN_to_ba,200000000.0,0.0,0.0,0,672
SUB_25204,SUB_25357,meso_SUB_25204_SUB_25357_fwd,1500000000.0,0.0,0.0,0,672
SUB_08351,SUB_08319,meso_SUB_08351_SUB_08319_rev,600000000.0,0.0,0.0,0,672
SUB_08351,SUB_08333,meso_SUB_08351_SUB_08333_rev,1200000000.0,1879209.8137991768,2300723.5107421875,0,672
SUB_01324,SUB_01202,meso_SUB_01324_SUB_01202_rev,3000000000.0,10287533.928122245,175127068.31470954,0,672
SUB_01324,SUB_01216,meso_SUB_01324_SUB_01216_rev,1500000000.0,0.0,0.0,0,672
SUB_01324,SUB_01343,meso_SUB_01324_SUB_01343_fwd,1500000000.0,900281.9178369908,25420831.99097938,0,672
SUB_01324,SUB_01365,meso_SUB_01324_SUB_01365_fwd,1500000000.0,0.0,0.0,0,672
SUB_01324,SUB_01380,meso_SUB_01324_SUB_01380_fwd,4000000000.0,15660888.73246355,192134376.2963756,0,672
SUB_01324,SUB_01466,meso_SUB_01324_SUB_01466_fwd,4000000000.0,0.0,0.0,0,672
SUB_01324,SUB_01469,meso_SUB_01324_SUB_01469_fwd,4000000000.0,139926.3695784301,19467751.288659792,0,672
SUB_01324,SUB_HIFLD_105,meso_SUB_01324_SUB_HIFLD_105_fwd,1500000000.0,0.0,0.0,0,672
SUB_01324,SUB_HIFLD_1113,meso_SUB_01324_SUB_HIFLD_1113_fwd,4000000000.0,0.0,0.0,0,672
SUB_01324,SUB_HIFLD_130,meso_SUB_01324_SUB_HIFLD_130_fwd,4000000000.0,0.0,0.0,0,672
SUB_01324,SUB_HIFLD_30,meso_SUB_01324_SUB_HIFLD_30_fwd,4000000000.0,0.0,0.0,0,672
SUB_04255,SUB_04328,meso_SUB_04255_SUB_04328_fwd,50000000.0,0.0,0.0,0,672
SUB_25293,SUB_25319,meso_SUB_25293_SUB_25319_fwd,800000000.0,0.0,0.0,0,672
SUB_25293,SUB_25348,meso_SUB_25293_SUB_25348_fwd,800000000.0,0.0,0.0,0,672
SUB_25293,SUB_HIFLD_335,meso_SUB_25293_SUB_HIFLD_335_fwd,1600000000.0,0.0,0.0,0,672
SUB_04260,SUB_04295,meso_SUB_04260_SUB_04295_fwd,1200000000.0,0.0,0.0,0,672
SUB_04260,SUB_04298,meso_SUB_04260_SUB_04298_fwd,600000000.0,3265403.230352098,9948484.80077651,0,672
SUB_02239,SUB_02201,meso_SUB_02239_SUB_02201_fwd,50000000.0,0.0,0.0,0,672
SUB_01335,SUB_01250,meso_SUB_01335_SUB_01250_rev,600000000.0,0.0,0.0,0,672
SUB_01335,SUB_01260,meso_SUB_01335_SUB_01260_rev,600000000.0,3424072.4966570744,5631524.020122299,0,672
SUB_15253,SUB_15246,meso_SUB_15253_SUB_15246_fwd,80405777.04533531,1434781.4647129604,2586826.171875,0,672
SUB_01384,SUB_01331,meso_SUB_01384_SUB_01331_rev,600000000.0,20595.150413513195,1278477.2420666881,0,672
SUB_01384,SUB_01206,meso_SUB_01384_SUB_01206_rev,308305275.99546933,22682510.639653232,31346474.30734536,0,672
SUB_01384,SUB_01266,meso_SUB_01384_SUB_01266_rev,50000000.0,0.0,0.0,0,672
SUB_04305,SUB_04343,meso_SUB_04305_SUB_04343_fwd,1500000000.0,0.0,0.0,0,672
SUB_04305,SUB_06368,meso_SUB_04305_SUB_06368_fwd,1500000000.0,0.0,0.0,0,672
SUB_04287,SUB_04295,meso_SUB_04287_SUB_04295_fwd,600000000.0,0.0,0.0,0,672
SUB_04287,SUB_04321,meso_SUB_04287_SUB_04321_fwd,600000000.0,0.0,0.0,0,672
SUB_01375,SUB_01440,meso_SUB_01375_SUB_01440_fwd,1200000000.0,41764847.27459768,70525852.24609374,0,672
SUB_01375,SUB_HIFLD_3491,meso_SUB_01375_SUB_HIFLD_3491_fwd,1200000000.0,161187.9461752022,30833049.8444493,0,672
SUB_18256,SUB_25345,meso_SUB_18256_SUB_25345_fwd,800000000.0,1697553.4798626702,2782999.777836961,0,672
SUB_18256,SUB_25468,meso_SUB_18256_SUB_25468_fwd,135428517.8221544,18392084.660212327,87021839.5410399,0,672
SUB_02278,SUB_02280,meso_SUB_02278_SUB_02280_fwd,231527071.33830136,0.0,0.0,0,672
SUB_02425,SUB_02408,meso_SUB_02425_SUB_02408_rev,600000000.0,0.0,0.0,0,672
SUB_02425,SUB_02412,meso_SUB_02425_SUB_02412_rev,600000000.0,0.0,0.0,0,672
SUB_02280,SUB_02201,meso_SUB_02280_SUB_02201_rev,1500000000.0,0.0,0.0,0,672
SUB_02280,SUB_02203,meso_SUB_02280_SUB_02203_rev,1500000000.0,0.0,0.0,0,672
SUB_02280,SUB_02233,meso_SUB_02280_SUB_02233_rev,1500000000.0,0.0,0.0,0,672
SUB_02280,SUB_02253,meso_SUB_02280_SUB_02253_rev,50000000.0,2537587.2348416476,3632303.831749356,0,672
SUB_02280,SUB_02213,meso_SUB_02280_SUB_02213_rev,869368177.5284624,50173309.70670525,75313265.14175257,0,672
SUB_02280,SUB_02278,meso_SUB_02280_SUB_02278_rev,231527071.33830136,13362460.805062402,20057613.160438143,0,672
SUB_02280,SUB_02234,meso_SUB_02280_SUB_02234_rev,50000000.0,816473.6303910943,1227330.158666237,0,672
SUB_02280,SUB_02240,meso_SUB_02280_SUB_02240_rev,50000000.0,2489812.037824238,3738448.8764497424,0,672
SUB_02280,SUB_02209,meso_SUB_02280_SUB_02209_rev,130542740.9534259,9251178.108855797,13051667.203608247,0,672
SUB_25859,WEC_CALN,iface_SUB_25859_WEC_CALN_to_ba,50000000.0,2560000.0,2560000.0,0,672
SUB_02268,SUB_02264,meso_SUB_02268_SUB_02264_fwd,50000000.0,0.0,0.0,0,672
SUB_02247,SUB_02264,meso_SUB_02247_SUB_02264_fwd,50000000.0,0.0,0.0,0,672
SUB_06866,SUB_06867,meso_SUB_06866_SUB_06867_fwd,600000000.0,1500000.0,1500000.0,0,672
SUB_18220,SUB_18201,meso_SUB_18220_SUB_18201_rev,600000000.0,0.0,0.0,0,672
SUB_18220,SUB_18213,meso_SUB_18220_SUB_18213_rev,600000000.0,170723.8363027138,16555875.48324742,0,672
SUB_18220,SUB_18226,meso_SUB_18220_SUB_18226_fwd,600000000.0,0.0,0.0,0,672
SUB_18220,SUB_18230,meso_SUB_18220_SUB_18230_fwd,600000000.0,3063992.7657609135,4062653.7834246135,0,672
SUB_02285,SUB_02264,meso_SUB_02285_SUB_02264_fwd,50000000.0,0.0,0.0,0,672
SUB_25427,SUB_25529,meso_SUB_25427_SUB_25529_fwd,800000000.0,0.0,0.0,0,672
SUB_10310,SUB_10253,meso_SUB_10310_SUB_10253_rev,600000000.0,0.0,0.0,0,672
SUB_10310,SUB_10302,meso_SUB_10310_SUB_10302_rev,600000000.0,0.0,0.0,0,672
SUB_10310,SUB_10313,meso_SUB_10310_SUB_10313_rev,50000000.0,0.0,0.0,0,672
SUB_10225,SUB_HIFLD_1077,meso_SUB_10225_SUB_HIFLD_1077_fwd,8000000000.0,0.0,0.0,0,672
SUB_10225,SUB_10221,meso_SUB_10225_SUB_10221_rev,4000000000.0,0.0,0.0,0,672
SUB_10225,WEC_CALN,iface_SUB_10225_WEC_CALN_to_ba,700000000.0,49349256.32829406,95860828.04642768,0,672
SUB_02249,SUB_02233,meso_SUB_02249_SUB_02233_fwd,50000000.0,97868.05289132254,490620.60546875,0,672
SUB_02234,SUB_02280,meso_SUB_02234_SUB_02280_fwd,50000000.0,0.0,0.0,0,672
SUB_02267,SUB_02210,meso_SUB_02267_SUB_02210_fwd,50000000.0,0.0,0.0,0,672
SUB_18240,SUB_18222,meso_SUB_18240_SUB_18222_rev,2100000000.0,0.0,0.0,0,672
SUB_18240,SUB_18246,meso_SUB_18240_SUB_18246_fwd,1500000000.0,0.0,0.0,0,672
SUB_16207,SUB_16299,meso_SUB_16207_SUB_16299_fwd,600000000.0,109420.40724236265,13876133.61791237,0,672
SUB_16207,SUB_16321,meso_SUB_16207_SUB_16321_fwd,1200000000.0,0.0,0.0,0,672
SUB_04347,SUB_04318,meso_SUB_04347_SUB_04318_rev,1500000000.0,0.0,0.0,0,672
SUB_04347,SUB_04349,meso_SUB_04347_SUB_04349_fwd,1500000000.0,0.0,0.0,0,672
SUB_02240,SUB_02280,meso_SUB_02240_SUB_02280_fwd,50000000.0,0.0,0.0,0,672
SUB_02260,SUB_02264,meso_SUB_02260_SUB_02264_fwd,50000000.0,0.0,0.0,0,672
SUB_25421,SUB_25208,meso_SUB_25421_SUB_25208_rev,1600000000.0,0.0,0.0,0,672
SUB_25421,SUB_25387,meso_SUB_25421_SUB_25387_rev,800000000.0,4086274.0024784794,45772996.826171875,0,672
SUB_16270,SUB_16247,meso_SUB_16270_SUB_16247_rev,3000000000.0,0.0,0.0,0,672
SUB_16270,SUB_16261,meso_SUB_16270_SUB_16261_rev,3000000000.0,0.0,0.0,0,672
SUB_16270,SUB_16348,meso_SUB_16270_SUB_16348_fwd,1500000000.0,0.0,0.0,0,672
SUB_16270,SUB_16277,meso_SUB_16270_SUB_16277_fwd,1500000000.0,37975.5611279225,25519577.07796392,0,672
SUB_16270,SUB_16329,meso_SUB_16270_SUB_16329_fwd,1500000000.0,0.0,0.0,0,672
SUB_18273,SUB_18201,meso_SUB_18273_SUB_18201_rev,600000000.0,0.0,0.0,0,672
SUB_18273,SUB_18237,meso_SUB_18273_SUB_18237_rev,600000000.0,7195408.917213299,10424992.111940695,0,672
SUB_25261,SUB_25255,meso_SUB_25261_SUB_25255_rev,1500000000.0,16262.844760414326,5593088.80535486,0,672
SUB_25261,SUB_25290,meso_SUB_25261_SUB_25290_fwd,1500000000.0,72490630.7484719,172551452.74940336,0,672
SUB_25261,SUB_25365,meso_SUB_25261_SUB_25365_fwd,1500000000.0,37408171.98498227,77204968.42506236,0,672
SUB_25261,SUB_25393,meso_SUB_25261_SUB_25393_fwd,60000000000.0,0.0,0.0,0,672
SUB_25261,SUB_25526,meso_SUB_25261_SUB_25526_fwd,8000000000.0,172614.67781093105,76633574.27894834,0,672
SUB_25261,SUB_HIFLD_1225,meso_SUB_25261_SUB_HIFLD_1225_fwd,4000000000.0,27302.809495113062,5655552.793970517,0,672
SUB_25261,SUB_HIFLD_1444,meso_SUB_25261_SUB_HIFLD_1444_fwd,45000000000.0,0.0,0.0,0,672
SUB_25261,SUB_HIFLD_376,meso_SUB_25261_SUB_HIFLD_376_fwd,4000000000.0,250654.17052967194,1078495.751761113,0,672
SUB_18213,SUB_18207,meso_SUB_18213_SUB_18207_rev,1200000000.0,0.0,0.0,0,672
SUB_18213,SUB_18220,meso_SUB_18213_SUB_18220_fwd,600000000.0,0.0,0.0,0,672
SUB_10375,SUB_10291,meso_SUB_10375_SUB_10291_rev,1500000000.0,7975064.410585739,58913480.60574798,0,672
SUB_10375,SUB_10297,meso_SUB_10375_SUB_10297_rev,1500000000.0,65913826.11891838,126542918.02417183,0,672
SUB_10375,SUB_HIFLD_1324,meso_SUB_10375_SUB_HIFLD_1324_fwd,1500000000.0,0.0,0.0,0,672
SUB_10375,SUB_10283,meso_SUB_10375_SUB_10283_rev,1500000000.0,42960106.04635255,97881352.67917608,0,672
SUB_25281,SUB_25219,meso_SUB_25281_SUB_25219_rev,800000000.0,4736040.055041875,7200346.280613973,0,672
SUB_25281,SUB_25445,meso_SUB_25281_SUB_25445_fwd,800000000.0,8945344.655819248,15159007.53060567,0,672
SUB_25281,SUB_25536,meso_SUB_25281_SUB_25536_fwd,1200000000.0,10222435.601642923,27860307.804528907,0,672
SUB_25281,SUB_HIFLD_1845,meso_SUB_25281_SUB_HIFLD_1845_fwd,1400000000.0,16184191.116510618,28710652.1164234,0,672
SUB_02207,SUB_02201,meso_SUB_02207_SUB_02201_fwd,122210105.47832376,0.0,0.0,0,672
SUB_02209,SUB_02280,meso_SUB_02209_SUB_02280_fwd,130542740.9534259,0.0,0.0,0,672
SUB_18260,SUB_18263,meso_SUB_18260_SUB_18263_fwd,1500000000.0,0.0,0.0,0,672
SUB_18260,SUB_18282,meso_SUB_18260_SUB_18282_fwd,1500000000.0,0.0,0.0,0,672
SUB_04245,SUB_04328,meso_SUB_04245_SUB_04328_fwd,156789930.1285542,0.0,0.0,0,672
SUB_04286,SUB_04284,meso_SUB_04286_SUB_04284_rev,600000000.0,3176150.167228491,5697942.674774485,0,672
SUB_04286,SUB_04285,meso_SUB_04286_SUB_04285_rev,600000000.0,0.0,0.0,0,672
SUB_01264,SUB_HIFLD_2989,meso_SUB_01264_SUB_HIFLD_2989_fwd,50000000.0,0.0,0.0,0,672
SUB_02272,SUB_02210,meso_SUB_02272_SUB_02210_rev,600000000.0,0.0,0.0,0,672
SUB_02272,SUB_02270,meso_SUB_02272_SUB_02270_rev,600000000.0,7127588.927353723,9838000.362435566,0,672
SUB_02272,SUB_02281,meso_SUB_02272_SUB_02281_fwd,600000000.0,6048426.197326536,16033840.646256242,0,672
SUB_02272,SUB_02286,meso_SUB_02272_SUB_02286_fwd,600000000.0,0.0,0.0,0,672
SUB_02272,SUB_02406,meso_SUB_02272_SUB_02406_fwd,600000000.0,6029655.88202123,8657041.31765464,0,672
SUB_02272,SUB_HIFLD_3834,meso_SUB_02272_SUB_HIFLD_3834_fwd,600000000.0,0.0,0.0,0,672
SUB_16316,SUB_16283,meso_SUB_16316_SUB_16283_fwd,50000000.0,28736694.131987434,28764537.47177124,0,672
SUB_16322,SUB_16230,meso_SUB_16322_SUB_16230_rev,600000000.0,6403996.788542688,27724184.73650431,0,672
SUB_16322,SUB_16242,meso_SUB_16322_SUB_16242_rev,600000000.0,0.0,0.0,0,672
SUB_16322,SUB_16307,meso_SUB_16322_SUB_16307_rev,600000000.0,0.0,0.0,0,672
SUB_16322,SUB_16331,meso_SUB_16322_SUB_16331_fwd,600000000.0,2577684.8812765838,7341705.762725515,0,672
SUB_25282,SUB_25337,meso_SUB_25282_SUB_25337_fwd,800000000.0,0.0,0.0,0,672
SUB_25282,SUB_25339,meso_SUB_25282_SUB_25339_fwd,800000000.0,0.0,0.0,0,672
SUB_25282,SUB_25341,meso_SUB_25282_SUB_25341_fwd,800000000.0,0.0,0.0,0,672
SUB_25282,SUB_25342,meso_SUB_25282_SUB_25342_fwd,800000000.0,0.0,0.0,0,672
SUB_25282,SUB_25387,meso_SUB_25282_SUB_25387_fwd,800000000.0,63236.78601601572,7024977.171593104,0,672
SUB_25282,SUB_25532,meso_SUB_25282_SUB_25532_fwd,800000000.0,15077778.525331395,69236533.50515462,0,672
SUB_18229,SUB_18222,meso_SUB_18229_SUB_18222_rev,600000000.0,0.0,0.0,0,672
SUB_18229,SUB_18285,meso_SUB_18229_SUB_18285_fwd,600000000.0,0.0,0.0,0,672
SUB_25278,SUB_25208,meso_SUB_25278_SUB_25208_rev,1600000000.0,6371448.027477993,18706317.854662456,0,672
SUB_25278,SUB_25255,meso_SUB_25278_SUB_25255_rev,800000000.0,88252.00309098737,12279219.469070435,0,672
SUB_25250,SUB_HIFLD_1170,meso_SUB_25250_SUB_HIFLD_1170_fwd,50000000.0,0.0,0.0,0,672
SUB_25480,SUB_25425,meso_SUB_25480_SUB_25425_rev,1500000000.0,0.0,0.0,0,672
SUB_06332,SUB_06344,meso_SUB_06332_SUB_06344_fwd,600000000.0,256044.75153232986,17913824.903350517,0,672
SUB_06332,SUB_06368,meso_SUB_06332_SUB_06368_fwd,600000000.0,0.0,0.0,0,672
SUB_25406,SUB_HIFLD_189,meso_SUB_25406_SUB_HIFLD_189_fwd,50000000.0,0.0,0.0,0,672
SUB_18244,SUB_18285,meso_SUB_18244_SUB_18285_fwd,50000000.0,0.0,0.0,0,672
SUB_25476,SUB_25457,meso_SUB_25476_SUB_25457_rev,1500000000.0,0.0,0.0,0,672
SUB_25476,SUB_25526,meso_SUB_25476_SUB_25526_fwd,1500000000.0,0.0,0.0,0,672
SUB_10294,SUB_10249,meso_SUB_10294_SUB_10249_rev,1500000000.0,11520280.274104955,21137356.673443478,0,672
SUB_10294,SUB_10308,meso_SUB_10294_SUB_10308_fwd,1500000000.0,0.0,0.0,0,672
SUB_16230,SUB_16322,meso_SUB_16230_SUB_16322_fwd,600000000.0,0.0,0.0,0,672
SUB_16230,SUB_16331,meso_SUB_16230_SUB_16331_fwd,600000000.0,1536106.9156703283,6719090.790109536,0,672
SUB_16230,SUB_16348,meso_SUB_16230_SUB_16348_fwd,600000000.0,0.0,0.0,0,672
SUB_16230,SUB_16362,meso_SUB_16230_SUB_16362_fwd,600000000.0,2222401.3981180787,18724693.94329897,0,672
SUB_16230,SUB_16365,meso_SUB_16230_SUB_16365_fwd,1200000000.0,1255657.0189234621,11611313.023518039,0,672
SUB_16230,SUB_16313,meso_SUB_16230_SUB_16313_rev,183735013.1462945,11483360.209626546,17722386.43685567,0,672
SUB_18285,SUB_18222,meso_SUB_18285_SUB_18222_rev,600000000.0,0.0,0.0,0,672
SUB_18285,SUB_18229,meso_SUB_18285_SUB_18229_rev,600000000.0,0.0,0.0,0,672
SUB_18285,SUB_18244,meso_SUB_18285_SUB_18244_rev,50000000.0,3108190.807104696,4608793.089561855,0,672
SUB_25512,SUB_25276,meso_SUB_25512_SUB_25276_rev,4500000000.0,90655.13073862637,16659750.38568695,0,672
SUB_25512,SUB_HIFLD_1851,meso_SUB_25512_SUB_HIFLD_1851_fwd,4000000000.0,0.0,0.0,0,672
SUB_16216,SUB_16301,meso_SUB_16216_SUB_16301_fwd,1200000000.0,34861580.20883001,50535771.65173147,0,672
SUB_16216,SUB_16320,meso_SUB_16216_SUB_16320_fwd,600000000.0,0.0,0.0,0,672
SUB_16216,SUB_16323,meso_SUB_16216_SUB_16323_fwd,600000000.0,10441328.988435509,34636964.93900409,0,672
SUB_16216,SUB_HIFLD_41,meso_SUB_16216_SUB_HIFLD_41_fwd,1500000000.0,5586003.378282829,17469579.098129075,0,672
SUB_16216,SUB_16375,meso_SUB_16216_SUB_16375_rev,158199268.50468406,8519919.072686309,14796798.485824741,0,672
SUB_25420,SUB_25290,meso_SUB_25420_SUB_25290_rev,4500000000.0,0.0,0.0,0,672
SUB_10255,SUB_10253,meso_SUB_10255_SUB_10253_rev,600000000.0,357041.1389887345,16386350.123741785,0,672
SUB_10255,SUB_10302,meso_SUB_10255_SUB_10302_fwd,1200000000.0,2029063.2347906802,3449473.209971005,0,672
SUB_10255,SUB_HIFLD_523,meso_SUB_10255_SUB_HIFLD_523_fwd,600000000.0,0.0,0.0,0,672
SUB_10132,SUB_HIFLD_1300,meso_SUB_10132_SUB_HIFLD_1300_fwd,50000000.0,0.0,0.0,0,672
SUB_10332,SUB_10293,meso_SUB_10332_SUB_10293_rev,12000000000.0,115340.2128950741,13971830.313142445,0,672
SUB_10332,SUB_HIFLD_1299,meso_SUB_10332_SUB_HIFLD_1299_fwd,4000000000.0,0.0,0.0,0,672
SUB_10332,SUB_HIFLD_1300,meso_SUB_10332_SUB_HIFLD_1300_fwd,12000000000.0,0.0,0.0,0,672
SUB_10350,SUB_HIFLD_1299,meso_SUB_10350_SUB_HIFLD_1299_fwd,50000000.0,6560000.0,6560000.0,0,672
SUB_19241,SUB_19246,meso_SUB_19241_SUB_19246_fwd,1500000000.0,0.0,0.0,0,672
SUB_19241,SUB_HIFLD_2356,meso_SUB_19241_SUB_HIFLD_2356_fwd,1500000000.0,0.0,0.0,0,672
SUB_10356,SUB_10345,meso_SUB_10356_SUB_10345_rev,600000000.0,0.0,0.0,0,672
SUB_10356,SUB_HIFLD_2184,meso_SUB_10356_SUB_HIFLD_2184_rev,50000000.0,0.0,0.0,0,672
SUB_19229,SUB_19215,meso_SUB_19229_SUB_19215_rev,600000000.0,9800016.400512127,28965533.627929688,0,672
SUB_19229,SUB_19225,meso_SUB_19229_SUB_19225_rev,600000000.0,90678.87392741366,4249868.113724227,0,672
SUB_19229,SUB_19246,meso_SUB_19229_SUB_19246_fwd,600000000.0,834308.3844236478,13038915.18999351,0,672
SUB_01442,SUB_01440,meso_SUB_01442_SUB_01440_fwd,214952669.44976145,36607599.25842285,66452564.6484375,0,672
SUB_02210,SUB_02201,meso_SUB_02210_SUB_02201_rev,1500000000.0,103693845.12924363,273925743.2084762,0,672
SUB_02210,SUB_02233,meso_SUB_02210_SUB_02233_fwd,4500000000.0,39324372.78046597,305307732.016329,0,672
SUB_02210,SUB_02257,meso_SUB_02210_SUB_02257_fwd,3000000000.0,86402488.92198431,116586001.93298969,0,672
SUB_02210,SUB_02264,meso_SUB_02210_SUB_02264_fwd,1500000000.0,109582818.40067093,142097032.16958162,0,672
SUB_02210,SUB_02272,meso_SUB_02210_SUB_02272_fwd,600000000.0,33362899.64319075,48598481.338007286,0,672
SUB_02210,SUB_02286,meso_SUB_02210_SUB_02286_fwd,1500000000.0,12343587.27431909,18033293.13190828,0,672
SUB_02210,SUB_02287,meso_SUB_02210_SUB_02287_fwd,4000000000.0,0.0,0.0,0,672
SUB_02210,SUB_02419,meso_SUB_02210_SUB_02419_fwd,4000000000.0,0.0,0.0,0,672
SUB_02210,SUB_02203,meso_SUB_02210_SUB_02203_rev,1500000000.0,12483257.637713533,342031023.9655847,0,672
SUB_02210,SUB_02408,meso_SUB_02210_SUB_02408_fwd,4000000000.0,91362980.7781571,131702368.32243168,0,672
SUB_02210,SUB_02227,meso_SUB_02210_SUB_02227_rev,104683633.85570258,7060385.040448002,10515947.164948454,0,672
SUB_02210,SUB_02267,meso_SUB_02210_SUB_02267_rev,50000000.0,1223583.876600907,1836453.7189916237,0,672
SUB_02210,WEC_CALN,iface_SUB_02210_WEC_CALN_to_ba,17745316366.1443,0.0,0.0,0,672
SUB_16374,SUB_01432,meso_SUB_16374_SUB_01432_rev,600000000.0,1222762.5658032286,2341580.6721166237,0,672
SUB_16374,SUB_16209,meso_SUB_16374_SUB_16209_rev,600000000.0,2996072.1719598556,3792106.9587628865,0,672
SUB_16374,SUB_16348,meso_SUB_16374_SUB_16348_rev,600000000.0,247612.5729947334,90924902.78169297,0,672
SUB_16374,SUB_HIFLD_1135,meso_SUB_16374_SUB_HIFLD_1135_fwd,600000000.0,0.0,0.0,0,672
SUB_16374,SUB_HIFLD_3491,meso_SUB_16374_SUB_HIFLD_3491_fwd,600000000.0,0.0,0.0,0,672
SUB_16374,SUB_HIFLD_3849,meso_SUB_16374_SUB_HIFLD_3849_fwd,600000000.0,113557.71795300946,46900522.27255819,0,672
SUB_10373,SUB_10372,meso_SUB_10373_SUB_10372_rev,4000000000.0,0.0,0.0,0,672
SUB_10373,WEC_CALN,iface_SUB_10373_WEC_CALN_to_ba,200000000.0,0.0,0.0,0,672
SUB_18249,SUB_08318,meso_SUB_18249_SUB_08318_rev,3000000000.0,0.0,0.0,0,672
SUB_18249,SUB_16261,meso_SUB_18249_SUB_16261_rev,3000000000.0,1364378.6603303638,26890745.65449824,0,672
SUB_18249,SUB_18201,meso_SUB_18249_SUB_18201_rev,1500000000.0,139206.61931907575,21199110.442171402,0,672
SUB_18249,SUB_18322,meso_SUB_18249_SUB_18322_rev,50000000.0,505673.8401430755,868622.5183231315,0,672
SUB_01343,SUB_01410,meso_SUB_01343_SUB_01410_fwd,1500000000.0,1905760.6973424887,17788100.032216493,0,672
SUB_01343,SUB_HIFLD_130,meso_SUB_01343_SUB_HIFLD_130_fwd,3000000000.0,0.0,0.0,0,672
SUB_01343,SUB_01216,meso_SUB_01343_SUB_01216_rev,1500000000.0,0.0,0.0,0,672
SUB_01343,SUB_01324,meso_SUB_01343_SUB_01324_rev,1500000000.0,0.0,0.0,0,672
SUB_08391,SUB_08201,meso_SUB_08391_SUB_08201_rev,1500000000.0,0.0,0.0,0,672
SUB_08391,SUB_08339,meso_SUB_08391_SUB_08339_rev,1500000000.0,0.0,0.0,0,672
SUB_08391,SUB_08353,meso_SUB_08391_SUB_08353_rev,1500000000.0,56084957.123848915,94656241.94587629,0,672
SUB_08391,SUB_HIFLD_1432,meso_SUB_08391_SUB_HIFLD_1432_fwd,3000000000.0,0.0,0.0,0,672
SUB_02233,SUB_02201,meso_SUB_02233_SUB_02201_rev,1500000000.0,0.0,0.0,0,672
SUB_02233,SUB_02203,meso_SUB_02233_SUB_02203_rev,4500000000.0,0.0,0.0,0,672
SUB_02233,SUB_02210,meso_SUB_02233_SUB_02210_rev,4500000000.0,0.0,0.0,0,672
SUB_02233,SUB_02287,meso_SUB_02233_SUB_02287_fwd,3000000000.0,0.0,0.0,0,672
SUB_02233,SUB_02280,meso_SUB_02233_SUB_02280_fwd,1500000000.0,28590172.594086703,256036573.7913417,0,672
SUB_02233,SUB_02249,meso_SUB_02233_SUB_02249_rev,50000000.0,235459.13509018702,1148052.4122100514,0,672
SUB_02203,SUB_02201,meso_SUB_02203_SUB_02201_rev,4500000000.0,10444000.090931969,139700200.20096415,0,672
SUB_02203,SUB_02233,meso_SUB_02203_SUB_02233_fwd,4500000000.0,16612051.017715573,42701387.976687886,0,672
SUB_02203,SUB_02280,meso_SUB_02203_SUB_02280_fwd,1500000000.0,149255201.175394,260994120.35995287,0,672
SUB_02203,SUB_01216,meso_SUB_02203_SUB_01216_rev,4000000000.0,0.0,0.0,0,672
SUB_02203,SUB_02210,meso_SUB_02203_SUB_02210_fwd,1500000000.0,0.0,0.0,0,672
SUB_25440,SUB_25468,meso_SUB_25440_SUB_25468_fwd,50000000.0,0.0,0.0,0,672
SUB_04230,SUB_04202,meso_SUB_04230_SUB_04202_rev,600000000.0,63745565.90714022,116588175.05181208,0,672
SUB_04230,SUB_04246,meso_SUB_04230_SUB_04246_fwd,600000000.0,14181715.543631775,21400934.278350517,0,672
SUB_04230,SUB_04337,meso_SUB_04230_SUB_04337_fwd,8000000000.0,0.0,0.0,0,672
SUB_04230,SUB_06364,meso_SUB_04230_SUB_06364_fwd,8600000000.0,0.0,0.0,0,672
SUB_04230,SUB_06270,meso_SUB_04230_SUB_06270_fwd,1500000000.0,9703602.56635513,96528242.30471714,0,672
SUB_04230,SUB_06359,meso_SUB_04230_SUB_06359_fwd,4000000000.0,2372.184889277806,1594108.245594686,0,672
SUB_04230,WEC_CALN,iface_SUB_04230_WEC_CALN_to_ba,200000000.0,0.0,0.0,0,672
SUB_06203,SUB_06204,meso_SUB_06203_SUB_06204_fwd,1500000000.0,2906.912841869435,1953445.4297362603,0,672
SUB_06203,SUB_06368,meso_SUB_06203_SUB_06368_fwd,1500000000.0,0.0,0.0,0,672
SUB_06203,SUB_15215,meso_SUB_06203_SUB_15215_fwd,2100000000.0,0.0,0.0,0,672
SUB_06203,SUB_06272,meso_SUB_06203_SUB_06272_fwd,3000000000.0,3151576.986298821,6515450.32619201,0,672
SUB_06203,SUB_06317,meso_SUB_06203_SUB_06317_fwd,1500000000.0,0.0,0.0,0,672
SUB_06203,SUB_06344,meso_SUB_06203_SUB_06344_fwd,600000000.0,4927.159023296854,2213917.7655849587,0,672
SUB_04203,SUB_04201,meso_SUB_04203_SUB_04201_rev,1500000000.0,0.0,0.0,0,672
SUB_25269,SUB_25219,meso_SUB_25269_SUB_25219_rev,800000000.0,0.0,0.0,0,672
SUB_16380,SUB_HIFLD_30,meso_SUB_16380_SUB_HIFLD_30_fwd,1500000000.0,0.0,0.0,0,672
SUB_25353,SUB_25270,meso_SUB_25353_SUB_25270_rev,600000000.0,0.0,0.0,0,672
SUB_04272,SUB_04202,meso_SUB_04272_SUB_04202_rev,1500000000.0,0.0,0.0,0,672
SUB_04272,SUB_04329,meso_SUB_04272_SUB_04329_fwd,1500000000.0,550238.0343608964,53337677.190721646,0,672
SUB_04272,SUB_04337,meso_SUB_04272_SUB_04337_fwd,3000000000.0,0.0,0.0,0,672
SUB_16261,SUB_16247,meso_SUB_16261_SUB_16247_rev,1500000000.0,0.0,0.0,0,672
SUB_16261,SUB_16267,meso_SUB_16261_SUB_16267_fwd,600000000.0,46264.58298244091,9894355.066043815,0,672
SUB_16261,SUB_16270,meso_SUB_16261_SUB_16270_fwd,3000000000.0,10719.200680171782,2980175.8721916755,0,672
SUB_16261,SUB_16277,meso_SUB_16261_SUB_16277_fwd,1500000000.0,0.0,0.0,0,672
SUB_16261,SUB_16357,meso_SUB_16261_SUB_16357_fwd,3000000000.0,35639.23001184595,6386120.617921633,0,672
SUB_16261,SUB_18249,meso_SUB_16261_SUB_18249_fwd,3000000000.0,972443.6661516053,38533842.18301967,0,672
SUB_16261,SUB_01222,meso_SUB_16261_SUB_01222_rev,1500000000.0,10489.705039608334,6839903.025387548,0,672
SUB_16261,SUB_16282,meso_SUB_16261_SUB_16282_fwd,3000000000.0,0.0,0.0,0,672
SUB_16261,SUB_16298,meso_SUB_16261_SUB_16298_fwd,3000000000.0,0.0,0.0,0,672
SUB_16261,SUB_HIFLD_2318,meso_SUB_16261_SUB_HIFLD_2318_fwd,1500000000.0,0.0,0.0,0,672
SUB_01317,SUB_01318,meso_SUB_01317_SUB_01318_fwd,50000000.0,0.0,0.0,0,672
SUB_08202,SUB_08231,meso_SUB_08202_SUB_08231_fwd,600000000.0,1407628.2993741755,37541281.41108248,0,672
SUB_08202,SUB_08337,meso_SUB_08202_SUB_08337_fwd,600000000.0,0.0,0.0,0,672
SUB_08202,SUB_08343,meso_SUB_08202_SUB_08343_fwd,600000000.0,0.0,0.0,0,672
SUB_06312,SUB_04295,meso_SUB_06312_SUB_04295_rev,1500000000.0,31136762.81625567,62404175.22283411,0,672
SUB_06312,SUB_04319,meso_SUB_06312_SUB_04319_rev,1500000000.0,12566373.127107637,34786576.33420295,0,672
SUB_06312,SUB_06359,meso_SUB_06312_SUB_06359_fwd,4000000000.0,0.0,0.0,0,672
SUB_06312,SUB_HIFLD_3784,meso_SUB_06312_SUB_HIFLD_3784_fwd,8000000000.0,0.0,0.0,0,672
SUB_25370,SUB_25272,meso_SUB_25370_SUB_25272_rev,1500000000.0,0.0,0.0,0,672
SUB_25370,SUB_25526,meso_SUB_25370_SUB_25526_fwd,1500000000.0,0.0,0.0,0,672
SUB_01423,SUB_01223,meso_SUB_01423_SUB_01223_rev,16000000000.0,0.0,0.0,0,672
SUB_01423,SUB_01315,meso_SUB_01423_SUB_01315_rev,1200000000.0,3779451.633477233,109315712.70501164,0,672
SUB_01423,SUB_01380,meso_SUB_01423_SUB_01380_rev,12000000000.0,78095.1581062407,28139329.27675182,0,672
SUB_01423,SUB_01440,meso_SUB_01423_SUB_01440_fwd,600000000.0,0.0,0.0,0,672
SUB_01423,SUB_01466,meso_SUB_01423_SUB_01466_fwd,12000000000.0,0.0,0.0,0,672
SUB_01423,SUB_01469,meso_SUB_01423_SUB_01469_fwd,4000000000.0,0.0,0.0,0,672
SUB_01423,SUB_HIFLD_10,meso_SUB_01423_SUB_HIFLD_10_fwd,4000000000.0,0.0,0.0,0,672
SUB_01423,SUB_01405,meso_SUB_01423_SUB_01405_rev,4000000000.0,20696680.79614054,34018270.77963918,0,672
SUB_01423,SUB_01409,meso_SUB_01423_SUB_01409_rev,4000000000.0,0.0,0.0,0,672
SUB_01423,WEC_CALN,iface_SUB_01423_WEC_CALN_to_ba,10200000000.0,0.0,0.0,0,672
SUB_16368,SUB_16223,meso_SUB_16368_SUB_16223_rev,600000000.0,5126577.972502783,8978967.444733765,0,672
SUB_16368,SUB_16315,meso_SUB_16368_SUB_16315_rev,600000000.0,10512797.72622537,17595070.372905925,0,672
SUB_16368,SUB_16319,meso_SUB_16368_SUB_16319_rev,1500000000.0,12778346.519535942,41767880.15463918,0,672
SUB_16368,SUB_16323,meso_SUB_16368_SUB_16323_rev,600000000.0,1187169.80162139,23695118.20464449,0,672
SUB_16368,SUB_16328,meso_SUB_16368_SUB_16328_rev,600000000.0,5630975.010675846,9488241.173988169,0,672
SUB_16368,SUB_16348,meso_SUB_16368_SUB_16348_rev,5500000000.0,0.0,0.0,0,672
SUB_16368,SUB_16371,meso_SUB_16368_SUB_16371_fwd,8000000000.0,0.0,0.0,0,672
SUB_16368,SUB_16372,meso_SUB_16368_SUB_16372_fwd,600000000.0,39313403.82172753,74136268.30029759,0,672
SUB_16368,SUB_HIFLD_1102,meso_SUB_16368_SUB_HIFLD_1102_fwd,1500000000.0,0.0,0.0,0,672
SUB_16368,SUB_HIFLD_2043,meso_SUB_16368_SUB_HIFLD_2043_fwd,600000000.0,3735137.4007361447,6083167.742902407,0,672
SUB_16368,SUB_HIFLD_4127,meso_SUB_16368_SUB_HIFLD_4127_fwd,4500000000.0,0.0,0.0,0,672
SUB_16368,SUB_HIFLD_595,meso_SUB_16368_SUB_HIFLD_595_fwd,4000000000.0,124291342.41824137,224087051.9065945,0,672
SUB_16368,SUB_HIFLD_597,meso_SUB_16368_SUB_HIFLD_597_fwd,1500000000.0,0.0,0.0,0,672
SUB_16368,WEC_CALN,iface_SUB_16368_WEC_CALN_to_ba,200000000.0,0.0,0.0,0,672
SUB_02264,SUB_02210,meso_SUB_02264_SUB_02210_rev,1500000000.0,0.0,0.0,0,672
SUB_02264,SUB_02286,meso_SUB_02264_SUB_02286_fwd,1500000000.0,0.0,0.0,0,672
SUB_02264,SUB_02258,meso_SUB_02264_SUB_02258_rev,50000000.0,2461053.5473231305,3675258.487032861,0,672
SUB_02264,SUB_02250,meso_SUB_02264_SUB_02250_rev,50000000.0,2991446.989918083,4306947.185083763,0,672
SUB_02264,SUB_02251,meso_SUB_02264_SUB_02251_rev,50000000.0,1174417.649944682,1739646.423969072,0,672
SUB_02264,SUB_02226,meso_SUB_02264_SUB_02226_rev,585592831.7232112,34072047.57038728,50987781.8943299,0,672
SUB_02264,SUB_02268,meso_SUB_02264_SUB_02268_rev,50000000.0,1620713.3171894294,2374800.660438144,0,672
SUB_02264,SUB_02247,meso_SUB_02264_SUB_02247_rev,50000000.0,2821673.816574164,4053165.5223099226,0,672
SUB_02264,SUB_02285,meso_SUB_02264_SUB_02285_rev,50000000.0,489407.8648903818,693436.3925579897,0,672
SUB_02264,SUB_02260,meso_SUB_02264_SUB_02260_rev,50000000.0,1154959.1933387604,1556248.74154317,0,672
SUB_02264,SUB_02259,meso_SUB_02264_SUB_02259_rev,50000000.0,2855066.221908547,4048470.974951675,0,672
SUB_08292,SUB_08225,meso_SUB_08292_SUB_08225_rev,1500000000.0,21538047.655075017,32526165.834407218,0,672
SUB_08292,SUB_08343,meso_SUB_08292_SUB_08343_fwd,1500000000.0,0.0,0.0,0,672
SUB_08292,SUB_HIFLD_1432,meso_SUB_08292_SUB_HIFLD_1432_fwd,3000000000.0,0.0,0.0,0,672
SUB_10333,SUB_10260,meso_SUB_10333_SUB_10260_rev,600000000.0,0.0,0.0,0,672
SUB_10333,SUB_10334,meso_SUB_10333_SUB_10334_fwd,600000000.0,9764893.590374107,18664200.932311043,0,672
SUB_06272,SUB_06203,meso_SUB_06272_SUB_06203_rev,3000000000.0,0.0,0.0,0,672
SUB_06272,SUB_06319,meso_SUB_06272_SUB_06319_fwd,3000000000.0,0.0,0.0,0,672
SUB_25236,SUB_25271,meso_SUB_25236_SUB_25271_fwd,600000000.0,24193636.31041072,44494096.327319585,0,672
SUB_25236,SUB_25366,meso_SUB_25236_SUB_25366_fwd,600000000.0,5796797.979899053,22851002.302482992,0,672
SUB_25236,SUB_25441,meso_SUB_25236_SUB_25441_fwd,600000000.0,32980489.783231173,301222799.03129715,0,672
SUB_25236,SUB_HIFLD_211,meso_SUB_25236_SUB_HIFLD_211_fwd,600000000.0,32943812.087925512,280374733.8941925,0,672
SUB_25236,SUB_25315,meso_SUB_25236_SUB_25315_fwd,1500000000.0,1615800.6101593184,7215563.587306701,0,672
SUB_01202,SUB_01353,meso_SUB_01202_SUB_01353_fwd,1500000000.0,52719589.924905345,128155117.66649202,0,672
SUB_01202,SUB_01430,meso_SUB_01202_SUB_01430_fwd,1500000000.0,55760461.47735652,100225957.96328647,0,672
SUB_01202,SUB_01445,meso_SUB_01202_SUB_01445_fwd,3000000000.0,0.0,0.0,0,672
SUB_01202,SUB_01216,meso_SUB_01202_SUB_01216_fwd,1500000000.0,0.0,0.0,0,672
SUB_01202,SUB_01324,meso_SUB_01202_SUB_01324_fwd,3000000000.0,0.0,0.0,0,672
SUB_04221,SUB_04248,meso_SUB_04221_SUB_04248_fwd,600000000.0,0.0,0.0,0,672
SUB_04221,SUB_04320,meso_SUB_04221_SUB_04320_fwd,600000000.0,0.0,0.0,0,672
SUB_06288,SUB_06202,meso_SUB_06288_SUB_06202_rev,600000000.0,0.0,0.0,0,672
SUB_06288,SUB_06283,meso_SUB_06288_SUB_06283_rev,600000000.0,0.0,0.0,0,672
SUB_06288,SUB_10274,meso_SUB_06288_SUB_10274_fwd,1200000000.0,0.0,0.0,0,672
SUB_01405,SUB_01423,meso_SUB_01405_SUB_01423_fwd,4000000000.0,0.0,0.0,0,672
SUB_25316,SUB_25289,meso_SUB_25316_SUB_25289_rev,800000000.0,133448.26175785394,17860726.07925258,0,672
SUB_25316,SUB_25344,meso_SUB_25316_SUB_25344_fwd,600000000.0,1881405.8130106074,8674865.093427835,0,672
SUB_25316,SUB_25393,meso_SUB_25316_SUB_25393_fwd,1500000000.0,6406806.575819146,97157198.49537559,0,672
SUB_16301,SUB_16216,meso_SUB_16301_SUB_16216_rev,1200000000.0,0.0,0.0,0,672
SUB_16301,SUB_16334,meso_SUB_16301_SUB_16334_fwd,1200000000.0,644269.2923415157,6462149.5106912255,0,672
SUB_16301,SUB_16354,meso_SUB_16301_SUB_16354_fwd,1200000000.0,4577118.146893553,7900228.032377577,0,672
SUB_16301,SUB_15361,meso_SUB_16301_SUB_15361_rev,600000000.0,21657709.3433157,41277784.4805542,0,672
SUB_15249,SUB_15218,meso_SUB_15249_SUB_15218_rev,600000000.0,0.0,0.0,0,672
SUB_15249,SUB_15224,meso_SUB_15249_SUB_15224_rev,600000000.0,4458713.2579056565,12126547.211695585,0,672
SUB_15249,SUB_15243,meso_SUB_15249_SUB_15243_rev,600000000.0,0.0,0.0,0,672
SUB_15249,SUB_15246,meso_SUB_15249_SUB_15246_rev,600000000.0,31005702.28460917,65967754.60971648,0,672
SUB_04309,SUB_04201,meso_SUB_04309_SUB_04201_rev,1200000000.0,0.0,0.0,0,672
SUB_04309,SUB_04248,meso_SUB_04309_SUB_04248_rev,600000000.0,0.0,0.0,0,672
SUB_10324,SUB_10325,meso_SUB_10324_SUB_10325_fwd,1500000000.0,0.0,0.0,0,672
SUB_25410,SUB_25256,meso_SUB_25410_SUB_25256_rev,3000000000.0,13614785.381776052,34456446.236099996,0,672
SUB_25410,SUB_25536,meso_SUB_25410_SUB_25536_fwd,3000000000.0,748735.6733551368,11994229.220360825,0,672
SUB_15201,SUB_15233,meso_SUB_15201_SUB_15233_fwd,600000000.0,17748.254167755025,8561411.686533505,0,672
SUB_15201,SUB_15285,meso_SUB_15201_SUB_15285_fwd,600000000.0,0.0,0.0,0,672
SUB_15201,SUB_15373,meso_SUB_15201_SUB_15373_fwd,600000000.0,1876749.9954023142,20944937.98324742,0,672
SUB_15366,SUB_15276,meso_SUB_15366_SUB_15276_fwd,185988094.71895236,0.0,0.0,0,672
SUB_04337,SUB_01467,meso_SUB_04337_SUB_01467_rev,4000000000.0,0.0,0.0,0,672
SUB_04337,SUB_04212,meso_SUB_04337_SUB_04212_rev,600000000.0,1364747.172520918,2009090.2112193943,0,672
SUB_04337,SUB_04230,meso_SUB_04337_SUB_04230_rev,8000000000.0,0.0,0.0,0,672
SUB_04337,SUB_04248,meso_SUB_04337_SUB_04248_rev,9500000000.0,0.0,0.0,0,672
SUB_04337,SUB_04256,meso_SUB_04337_SUB_04256_rev,12000000000.0,0.0,0.0,0,672
SUB_04337,SUB_04263,meso_SUB_04337_SUB_04263_rev,600000000.0,28211176.233029205,41724722.19500611,0,672
SUB_04337,SUB_04272,meso_SUB_04337_SUB_04272_rev,3000000000.0,26381109.193825204,90802461.98785736,0,672
SUB_04337,SUB_04307,meso_SUB_04337_SUB_04307_rev,1200000000.0,11000100.502010416,17774563.06378866,0,672
SUB_04337,SUB_04349,meso_SUB_04337_SUB_04349_fwd,1500000000.0,17985666.017465886,22956979.33411494,0,672
SUB_04337,SUB_04318,meso_SUB_04337_SUB_04318_rev,1500000000.0,38258441.974113666,52584072.97036082,0,672
SUB_04337,SUB_06359,meso_SUB_04337_SUB_06359_fwd,4000000000.0,0.0,0.0,0,672
SUB_04337,WEC_CALN,iface_SUB_04337_WEC_CALN_to_ba,38100000000.0,0.0,0.0,0,672
SUB_25355,SUB_25290,meso_SUB_25355_SUB_25290_rev,1500000000.0,0.0,0.0,0,672
SUB_25355,SUB_25400,meso_SUB_25355_SUB_25400_fwd,3000000000.0,3540085.14854279,19269613.80476804,0,672
SUB_25355,SUB_25454,meso_SUB_25355_SUB_25454_fwd,1500000000.0,0.0,0.0,0,672
SUB_10283,SUB_10291,meso_SUB_10283_SUB_10291_fwd,1500000000.0,0.0,0.0,0,672
SUB_10283,SUB_10308,meso_SUB_10283_SUB_10308_fwd,3000000000.0,40030270.5217424,84988585.19450392,0,672
SUB_10283,SUB_10375,meso_SUB_10283_SUB_10375_fwd,1500000000.0,0.0,0.0,0,672
SUB_10283,SUB_10303,meso_SUB_10283_SUB_10303_rev,71145140.14387253,0.0,0.0,0,672
SUB_01424,SUB_01450,meso_SUB_01424_SUB_01450_fwd,50000000.0,0.0,0.0,0,672
SUB_18281,SUB_18206,meso_SUB_18281_SUB_18206_rev,1500000000.0,0.0,0.0,0,672
SUB_18281,SUB_18267,meso_SUB_18281_SUB_18267_rev,1500000000.0,0.0,0.0,0,672
SUB_18281,SUB_18282,meso_SUB_18281_SUB_18282_fwd,1500000000.0,0.0,0.0,0,672
SUB_18281,SUB_18303,meso_SUB_18281_SUB_18303_fwd,1500000000.0,32106318.035966724,46453899.09387625,0,672
SUB_18281,SUB_HIFLD_376,meso_SUB_18281_SUB_HIFLD_376_fwd,1500000000.0,0.0,0.0,0,672
SUB_01350,SUB_01223,meso_SUB_01350_SUB_01223_rev,1500000000.0,0.0,0.0,0,672
SUB_01350,SUB_01222,meso_SUB_01350_SUB_01222_rev,1500000000.0,0.0,0.0,0,672
SUB_10353,SUB_10293,meso_SUB_10353_SUB_10293_rev,1200000000.0,601827.8937922663,6900419.614811534,0,672
SUB_10353,SUB_10357,meso_SUB_10353_SUB_10357_fwd,600000000.0,7579530.186903612,14145344.716494845,0,672
SUB_25268,SUB_25270,meso_SUB_25268_SUB_25270_fwd,600000000.0,35221622.00966063,171089092.7833609,0,672
SUB_25268,SUB_25295,meso_SUB_25268_SUB_25295_fwd,600000000.0,11338639.773688655,30302053.10615169,0,672
SUB_25268,SUB_25360,meso_SUB_25268_SUB_25360_fwd,600000000.0,14095271.731170757,45522295.45431901,0,672
SUB_25268,SUB_25393,meso_SUB_25268_SUB_25393_fwd,4000000000.0,0.0,0.0,0,672
SUB_25268,SUB_25412,meso_SUB_25268_SUB_25412_fwd,4000000000.0,11695971.03150111,147430530.58839914,0,672
SUB_04201,SUB_04248,meso_SUB_04201_SUB_04248_fwd,1500000000.0,0.0,0.0,0,672
SUB_04201,SUB_04299,meso_SUB_04201_SUB_04299_fwd,1500000000.0,0.0,0.0,0,672
SUB_04201,SUB_04309,meso_SUB_04201_SUB_04309_fwd,1200000000.0,0.0,0.0,0,672
SUB_04201,SUB_04203,meso_SUB_04201_SUB_04203_fwd,1500000000.0,31263762.593257643,50309403.189432986,0,672
SUB_25208,SUB_25244,meso_SUB_25208_SUB_25244_fwd,800000000.0,1493040.2768495097,3067362.17380799,0,672
SUB_25208,SUB_25278,meso_SUB_25208_SUB_25278_fwd,1600000000.0,0.0,0.0,0,672
SUB_25208,SUB_25314,meso_SUB_25208_SUB_25314_fwd,800000000.0,144140.60846168618,222211.7158555493,0,672
SUB_25208,SUB_25421,meso_SUB_25208_SUB_25421_fwd,1600000000.0,2087599.606344483,13665934.964404095,0,672
SUB_25208,SUB_25424,meso_SUB_25208_SUB_25424_fwd,3000000000.0,61780.419721870254,1032986.6075024162,0,672
SUB_25208,SUB_25457,meso_SUB_25208_SUB_25457_fwd,3000000000.0,243929.46304713562,38736059.29788551,0,672
SUB_25208,SUB_HIFLD_1225,meso_SUB_25208_SUB_HIFLD_1225_fwd,1500000000.0,0.0,0.0,0,672
SUB_08367,SUB_08348,meso_SUB_08367_SUB_08348_rev,1500000000.0,0.0,0.0,0,672
SUB_02201,SUB_02203,meso_SUB_02201_SUB_02203_fwd,4500000000.0,0.0,0.0,0,672
SUB_02201,SUB_02210,meso_SUB_02201_SUB_02210_fwd,1500000000.0,0.0,0.0,0,672
SUB_02201,SUB_02233,meso_SUB_02201_SUB_02233_fwd,1500000000.0,0.0,0.0,0,672
SUB_02201,SUB_02280,meso_SUB_02201_SUB_02280_fwd,1500000000.0,252547.99310786574,159910697.52914846,0,672
SUB_02201,SUB_02261,meso_SUB_02201_SUB_02261_rev,98568924.2082958,5785194.382740108,8629216.333762886,0,672
SUB_02201,SUB_02248,meso_SUB_02201_SUB_02248_rev,50000000.0,1953502.3067064243,2993571.299130155,0,672
SUB_02201,SUB_02228,meso_SUB_02201_SUB_02228_rev,86919605.5705817,1738247.0446939145,8219812.640947165,0,672
SUB_02201,SUB_02255,meso_SUB_02201_SUB_02255_rev,50000000.0,2342850.1669085105,4479593.367429123,0,672
SUB_02201,SUB_02239,meso_SUB_02201_SUB_02239_rev,50000000.0,2080423.4425577982,3025809.691124356,0,672
SUB_02201,SUB_02207,meso_SUB_02201_SUB_02207_rev,122210105.47832376,8411391.100277197,12192864.046391753,0,672
SUB_25253,SUB_25252,meso_SUB_25253_SUB_25252_rev,600000000.0,1784.6966698056178,129108.88671875,0,672
SUB_25217,SUB_25224,meso_SUB_25217_SUB_25224_fwd,3000000000.0,6770351.561160783,59023160.351491325,0,672
SUB_25217,SUB_25266,meso_SUB_25217_SUB_25266_fwd,600000000.0,11599175.808230367,25090252.49677835,0,672
SUB_25217,SUB_HIFLD_3503,meso_SUB_25217_SUB_HIFLD_3503_fwd,1500000000.0,0.0,0.0,0,672
SUB_25217,SUB_25400,meso_SUB_25217_SUB_25400_fwd,3000000000.0,8171238.988999055,39838908.99421431,0,672
SUB_25217,SUB_25412,meso_SUB_25217_SUB_25412_fwd,1500000000.0,0.0,0.0,0,672
SUB_01467,SUB_01210,meso_SUB_01467_SUB_01210_rev,3000000000.0,91832103.2296873,151132455.16091558,0,672
SUB_01467,SUB_01250,meso_SUB_01467_SUB_01250_rev,3000000000.0,31286971.5792195,87598846.49098323,0,672
SUB_01467,SUB_01380,meso_SUB_01467_SUB_01380_rev,4000000000.0,378299.20296156866,98366106.63038738,0,672
SUB_01467,SUB_01392,meso_SUB_01467_SUB_01392_rev,1200000000.0,0.0,0.0,0,672
SUB_01467,SUB_01410,meso_SUB_01467_SUB_01410_rev,1500000000.0,3465276.2311341236,17840451.836340208,0,672
SUB_01467,SUB_01426,meso_SUB_01467_SUB_01426_rev,1500000000.0,10738563.97265658,26009314.542177036,0,672
SUB_01467,SUB_04205,meso_SUB_01467_SUB_04205_fwd,4000000000.0,0.0,0.0,0,672
SUB_01467,SUB_04248,meso_SUB_01467_SUB_04248_fwd,4000000000.0,0.0,0.0,0,672
SUB_01467,SUB_04325,meso_SUB_01467_SUB_04325_fwd,8000000000.0,0.0,0.0,0,672
SUB_01467,SUB_04337,meso_SUB_01467_SUB_04337_fwd,4000000000.0,0.0,0.0,0,672
SUB_01467,SUB_06380,meso_SUB_01467_SUB_06380_fwd,1500000000.0,454543.676517984,33968578.27527972,0,672
SUB_01467,SUB_HIFLD_130,meso_SUB_01467_SUB_HIFLD_130_fwd,4000000000.0,0.0,0.0,0,672
SUB_01467,SUB_01216,meso_SUB_01467_SUB_01216_rev,4000000000.0,0.0,0.0,0,672
SUB_01467,SUB_01284,meso_SUB_01467_SUB_01284_rev,3000000000.0,855837.957544191,1356607.1500483248,0,672
SUB_01467,SUB_01347,meso_SUB_01467_SUB_01347_rev,1500000000.0,50392099.23338662,61141528.30733872,0,672
SUB_01467,SUB_04204,meso_SUB_01467_SUB_04204_fwd,8000000000.0,3921640.1540165856,42280646.0448329,0,672
SUB_01467,WEC_CALN,iface_SUB_01467_WEC_CALN_to_ba,200000000.0,0.0,0.0,0,672
SUB_01303,SUB_01311,meso_SUB_01303_SUB_01311_fwd,50000000.0,0.0,0.0,0,672
SUB_25441,SUB_25236,meso_SUB_25441_SUB_25236_rev,600000000.0,272373.858442195,56646552.96997888,0,672
SUB_25441,SUB_25270,meso_SUB_25441_SUB_25270_rev,4800000000.0,3923663.510594998,134033469.34392177,0,672
SUB_25441,SUB_25412,meso_SUB_25441_SUB_25412_rev,4000000000.0,18111154.696890146,256984593.54578027,0,672
SUB_25441,SUB_25237,meso_SUB_25441_SUB_25237_rev,319385017.6585276,14937653.930244576,32926290.67332474,0,672
SUB_25441,WEC_CALN,iface_SUB_25441_WEC_CALN_to_ba,6280614982.341472,0.0,0.0,0,672
SUB_18267,SUB_18206,meso_SUB_18267_SUB_18206_rev,3000000000.0,0.0,0.0,0,672
SUB_18267,SUB_18263,meso_SUB_18267_SUB_18263_rev,1500000000.0,0.0,0.0,0,672
SUB_18267,SUB_18281,meso_SUB_18267_SUB_18281_fwd,1500000000.0,0.0,0.0,0,672
SUB_18267,SUB_18282,meso_SUB_18267_SUB_18282_fwd,3000000000.0,0.0,0.0,0,672
SUB_08284,SUB_08348,meso_SUB_08284_SUB_08348_fwd,600000000.0,0.0,0.0,0,672
SUB_08284,SUB_18358,meso_SUB_08284_SUB_18358_fwd,600000000.0,3969732.173746158,5602390.136459274,0,672
SUB_25228,SUB_25235,meso_SUB_25228_SUB_25235_fwd,3000000000.0,0.0,0.0,0,672
SUB_25228,SUB_25270,meso_SUB_25228_SUB_25270_fwd,1500000000.0,0.0,0.0,0,672
SUB_25228,SUB_25373,meso_SUB_25228_SUB_25373_fwd,1500000000.0,0.0,0.0,0,672
SUB_15256,SUB_15246,meso_SUB_15256_SUB_15246_rev,600000000.0,0.0,0.0,0,672
SUB_15256,SUB_15258,meso_SUB_15256_SUB_15258_fwd,600000000.0,2607302.0608399874,29993850.67654639,0,672
SUB_25359,SUB_HIFLD_211,meso_SUB_25359_SUB_HIFLD_211_fwd,1500000000.0,3275539.3567214063,14590605.111718945,0,672
SUB_15216,SUB_15246,meso_SUB_15216_SUB_15246_fwd,62850715.21919287,0.0,0.0,0,672
SUB_08231,SUB_08201,meso_SUB_08231_SUB_08201_rev,600000000.0,0.0,0.0,0,672
SUB_08231,SUB_08202,meso_SUB_08231_SUB_08202_rev,600000000.0,0.0,0.0,0,672
SUB_06359,SUB_04205,meso_SUB_06359_SUB_04205_rev,4000000000.0,0.0,0.0,0,672
SUB_06359,SUB_04230,meso_SUB_06359_SUB_04230_rev,4000000000.0,0.0,0.0,0,672
SUB_06359,SUB_04325,meso_SUB_06359_SUB_04325_rev,4000000000.0,0.0,0.0,0,672
SUB_06359,SUB_04337,meso_SUB_06359_SUB_04337_rev,4000000000.0,0.0,0.0,0,672
SUB_06359,SUB_06312,meso_SUB_06359_SUB_06312_rev,4000000000.0,0.0,0.0,0,672
SUB_06359,SUB_06364,meso_SUB_06359_SUB_06364_fwd,4000000000.0,0.0,0.0,0,672
SUB_06359,SUB_06368,meso_SUB_06359_SUB_06368_fwd,1500000000.0,45713149.28683467,205437115.75239763,0,672
SUB_06359,SUB_HIFLD_30,meso_SUB_06359_SUB_HIFLD_30_fwd,15000000000.0,0.0,0.0,0,672
SUB_06359,SUB_HIFLD_3784,meso_SUB_06359_SUB_HIFLD_3784_fwd,4000000000.0,0.0,0.0,0,672
SUB_06359,SUB_06206,meso_SUB_06359_SUB_06206_rev,422494558.97612697,21574206.927996613,38890016.913659796,0,672
SUB_18201,SUB_08333,meso_SUB_18201_SUB_08333_rev,1200000000.0,6489364.860691976,10131074.909642799,0,672
SUB_18201,SUB_18207,meso_SUB_18201_SUB_18207_fwd,600000000.0,24102837.653193288,44167890.854765676,0,672
SUB_18201,SUB_18220,meso_SUB_18201_SUB_18220_fwd,600000000.0,18848706.280078378,48921260.32297866,0,672
SUB_18201,SUB_18226,meso_SUB_18201_SUB_18226_fwd,600000000.0,20321963.809806626,39086316.043814436,0,672
SUB_18201,SUB_18233,meso_SUB_18201_SUB_18233_fwd,600000000.0,11850114.011694299,16487299.65367268,0,672
SUB_18201,SUB_18246,meso_SUB_18201_SUB_18246_fwd,1500000000.0,2829703.5320283854,5275068.460051547,0,672
SUB_18201,SUB_18249,meso_SUB_18201_SUB_18249_fwd,1500000000.0,902829.0622478845,39251554.89351883,0,672
SUB_18201,SUB_18273,meso_SUB_18201_SUB_18273_fwd,600000000.0,14919668.595407799,20330757.61379195,0,672
SUB_18201,SUB_HIFLD_1195,meso_SUB_18201_SUB_HIFLD_1195_fwd,1500000000.0,0.0,0.0,0,672
SUB_10358,SUB_10284,meso_SUB_10358_SUB_10284_rev,600000000.0,0.0,0.0,0,672
SUB_10358,SUB_10334,meso_SUB_10358_SUB_10334_rev,600000000.0,0.0,0.0,0,672
SUB_10358,SUB_10348,meso_SUB_10358_SUB_10348_rev,600000000.0,0.0,0.0,0,672
SUB_04257,SUB_04209,meso_SUB_04257_SUB_04209_rev,600000000.0,0.0,0.0,0,672
SUB_04257,SUB_04256,meso_SUB_04257_SUB_04256_rev,600000000.0,0.0,0.0,0,672
SUB_04257,SUB_04215,meso_SUB_04257_SUB_04215_rev,600000000.0,0.0,0.0,0,672
SUB_19202,SUB_19218,meso_SUB_19202_SUB_19218_fwd,600000000.0,32645.54794849069,6432103.862739959,0,672
SUB_19202,SUB_19243,meso_SUB_19202_SUB_19243_fwd,600000000.0,0.0,0.0,0,672
SUB_02404,SUB_02411,meso_SUB_02404_SUB_02411_fwd,600000000.0,13128674.53538104,23774429.506489795,0,672
SUB_02404,SUB_02419,meso_SUB_02404_SUB_02419_fwd,600000000.0,0.0,0.0,0,672
SUB_02259,SUB_02264,meso_SUB_02259_SUB_02264_fwd,50000000.0,0.0,0.0,0,672
SUB_16348,SUB_16230,meso_SUB_16348_SUB_16230_rev,600000000.0,12991176.539088411,54490204.40556415,0,672
SUB_16348,SUB_16237,meso_SUB_16348_SUB_16237_rev,3600000000.0,1926392.3633311982,56050651.09536082,0,672
SUB_16348,SUB_16270,meso_SUB_16348_SUB_16270_rev,1500000000.0,13008910.017467001,70036871.77835052,0,672
SUB_16348,SUB_16321,meso_SUB_16348_SUB_16321_rev,1200000000.0,19503656.598197535,47065620.81179574,0,672
SUB_16348,SUB_16368,meso_SUB_16348_SUB_16368_fwd,5500000000.0,0.0,0.0,0,672
SUB_16348,SUB_16374,meso_SUB_16348_SUB_16374_fwd,600000000.0,4964.923188948197,3336428.3829731885,0,672
SUB_16348,SUB_HIFLD_4426,meso_SUB_16348_SUB_HIFLD_4426_fwd,600000000.0,0.0,0.0,0,672
SUB_16348,SUB_HIFLD_982,meso_SUB_16348_SUB_HIFLD_982_fwd,4000000000.0,0.0,0.0,0,672
SUB_16348,SUB_HIFLD_30,meso_SUB_16348_SUB_HIFLD_30_fwd,8000000000.0,0.0,0.0,0,672
SUB_16348,WEC_CALN,iface_SUB_16348_WEC_CALN_to_ba,200000000.0,0.0,0.0,0,672
SUB_01204,SUB_01210,meso_SUB_01204_SUB_01210_fwd,1500000000.0,0.0,0.0,0,672
SUB_01204,SUB_01211,meso_SUB_01204_SUB_01211_fwd,1500000000.0,414525.64822077804,50154239.908307664,0,672
SUB_04227,SUB_04263,meso_SUB_04227_SUB_04263_fwd,600000000.0,0.0,0.0,0,672
SUB_04227,SUB_04330,meso_SUB_04227_SUB_04330_fwd,600000000.0,0.0,0.0,0,672
SUB_04227,SUB_04349,meso_SUB_04227_SUB_04349_fwd,600000000.0,0.0,0.0,0,672
SUB_10340,WEC_CALN,iface_SUB_10340_WEC_CALN_to_ba,50000000.0,0.0,0.0,0,672
SUB_16329,SUB_16270,meso_SUB_16329_SUB_16270_rev,1500000000.0,811630.8010759492,37780286.906880274,0,672
SUB_16329,SUB_HIFLD_30,meso_SUB_16329_SUB_HIFLD_30_fwd,1500000000.0,0.0,0.0,0,672
SUB_01315,SUB_01214,meso_SUB_01315_SUB_01214_rev,1200000000.0,9406.580524697396,6321222.11259665,0,672
SUB_01315,SUB_01423,meso_SUB_01315_SUB_01423_fwd,1200000000.0,0.0,0.0,0,672
SUB_01315,SUB_01435,meso_SUB_01315_SUB_01435_fwd,600000000.0,0.0,0.0,0,672
SUB_01315,SUB_01450,meso_SUB_01315_SUB_01450_fwd,1200000000.0,1072367.4288603687,93694695.4254238,0,672
SUB_10217,SUB_10308,meso_SUB_10217_SUB_10308_fwd,1500000000.0,298053.68496122817,1456297.607421875,0,672
SUB_04329,SUB_04202,meso_SUB_04329_SUB_04202_rev,1500000000.0,0.0,0.0,0,672
SUB_04329,SUB_04272,meso_SUB_04329_SUB_04272_rev,1500000000.0,0.0,0.0,0,672
SUB_04329,SUB_04343,meso_SUB_04329_SUB_04343_fwd,1500000000.0,0.0,0.0,0,672
SUB_02406,SUB_02272,meso_SUB_02406_SUB_02272_rev,600000000.0,0.0,0.0,0,672
SUB_02406,SUB_02414,meso_SUB_02406_SUB_02414_fwd,1200000000.0,0.0,0.0,0,672
SUB_02406,SUB_HIFLD_3834,meso_SUB_02406_SUB_HIFLD_3834_fwd,600000000.0,0.0,0.0,0,672
SUB_02410,SUB_02281,meso_SUB_02410_SUB_02281_rev,600000000.0,0.0,0.0,0,672
SUB_02410,SUB_02411,meso_SUB_02410_SUB_02411_fwd,600000000.0,0.0,0.0,0,672
SUB_16372,SUB_16362,meso_SUB_16372_SUB_16362_rev,600000000.0,7230785.815687152,17137187.902706187,0,672
SUB_16372,SUB_16368,meso_SUB_16372_SUB_16368_rev,600000000.0,0.0,0.0,0,672
SUB_16372,SUB_16370,meso_SUB_16372_SUB_16370_rev,600000000.0,3637726.1685462934,6492062.6610824745,0,672
SUB_04265,SUB_04205,meso_SUB_04265_SUB_04205_fwd,412405481.7635174,0.0,0.0,0,672
SUB_25266,SUB_25217,meso_SUB_25266_SUB_25217_rev,600000000.0,1293002.000334252,14891642.970429687,0,672
SUB_08304,SUB_18358,meso_SUB_08304_SUB_18358_fwd,50000000.0,0.0,0.0,0,672
SUB_10335,SUB_10254,meso_SUB_10335_SUB_10254_rev,600000000.0,0.0,0.0,0,672
SUB_10335,SUB_10360,meso_SUB_10335_SUB_10360_fwd,1200000000.0,0.0,0.0,0,672
SUB_10335,SUB_HIFLD_4403,meso_SUB_10335_SUB_HIFLD_4403_fwd,600000000.0,2295253.4456752595,7957893.303833008,0,672
SUB_18296,SUB_18235,meso_SUB_18296_SUB_18235_fwd,169798315.2959524,0.0,0.0,0,672
SUB_01250,SUB_01252,meso_SUB_01250_SUB_01252_fwd,600000000.0,2150979.8757887655,6433778.090485834,0,672
SUB_01250,SUB_01335,meso_SUB_01250_SUB_01335_fwd,600000000.0,4152749.3255583607,6756540.1715581035,0,672
SUB_01250,SUB_01467,meso_SUB_01250_SUB_01467_fwd,3000000000.0,0.0,0.0,0,672
SUB_01250,SUB_04204,meso_SUB_01250_SUB_04204_fwd,1500000000.0,0.0,0.0,0,672
SUB_01250,SUB_01434,meso_SUB_01250_SUB_01434_fwd,1500000000.0,12754230.76931144,20238273.19587629,0,672
SUB_06202,SUB_06207,meso_SUB_06202_SUB_06207_fwd,600000000.0,7889.350887367875,3034607.562822165,0,672
SUB_06202,SUB_06283,meso_SUB_06202_SUB_06283_fwd,600000000.0,9140.976991189504,1311931.4292042525,0,672
SUB_06202,SUB_06288,meso_SUB_06202_SUB_06288_fwd,600000000.0,1670.4037485604904,38044.67191401216,0,672
SUB_10360,SUB_10335,meso_SUB_10360_SUB_10335_rev,1200000000.0,2380711.2306867326,2566372.6196289062,0,672
SUB_16311,SUB_16274,meso_SUB_16311_SUB_16274_rev,600000000.0,0.0,0.0,0,672
SUB_25238,SUB_25216,meso_SUB_25238_SUB_25216_rev,600000000.0,0.0,0.0,0,672
SUB_08226,SUB_08201,meso_SUB_08226_SUB_08201_rev,1500000000.0,0.0,0.0,0,672
SUB_08226,SUB_08225,meso_SUB_08226_SUB_08225_rev,1500000000.0,340850.0988432161,29154905.28076172,0,672
SUB_08226,SUB_08370,meso_SUB_08226_SUB_08370_fwd,1500000000.0,404563.7059381215,43277585.37371134,0,672
SUB_08226,SUB_HIFLD_2109,meso_SUB_08226_SUB_HIFLD_2109_fwd,1500000000.0,69005.6496960223,18631942.99849886,0,672
SUB_08226,SUB_HIFLD_2126,meso_SUB_08226_SUB_HIFLD_2126_fwd,1500000000.0,0.0,0.0,0,672
SUB_08226,SUB_08380,meso_SUB_08226_SUB_08380_fwd,1500000000.0,0.0,0.0,0,672
SUB_25340,SUB_25537,meso_SUB_25340_SUB_25537_fwd,1500000000.0,0.0,0.0,0,672
SUB_25340,SUB_HIFLD_211,meso_SUB_25340_SUB_HIFLD_211_fwd,1500000000.0,0.0,0.0,0,672
SUB_04275,SUB_04256,meso_SUB_04275_SUB_04256_rev,1200000000.0,0.0,0.0,0,672
SUB_04331,SUB_04214,meso_SUB_04331_SUB_04214_rev,600000000.0,0.0,0.0,0,672
SUB_04331,SUB_04271,meso_SUB_04331_SUB_04271_rev,600000000.0,0.0,0.0,0,672
SUB_04331,SUB_04282,meso_SUB_04331_SUB_04282_rev,1200000000.0,0.0,0.0,0,672
SUB_04331,SUB_04336,meso_SUB_04331_SUB_04336_fwd,1200000000.0,0.0,0.0,0,672
SUB_16366,SUB_16283,meso_SUB_16366_SUB_16283_rev,3000000000.0,0.0,0.0,0,672
SUB_16366,SUB_16335,meso_SUB_16366_SUB_16335_rev,1500000000.0,32140354.76603999,35603366.65271072,0,672
SUB_25349,SUB_25246,meso_SUB_25349_SUB_25246_rev,3000000000.0,10452607.106421128,20739833.68234536,0,672
SUB_25349,SUB_25458,meso_SUB_25349_SUB_25458_fwd,1500000000.0,0.0,0.0,0,672
SUB_25349,SUB_25526,meso_SUB_25349_SUB_25526_fwd,2300000000.0,0.0,0.0,0,672
SUB_25398,SUB_25539,meso_SUB_25398_SUB_25539_fwd,192171103.58198553,0.0,0.0,0,672
SUB_25537,SUB_25231,meso_SUB_25537_SUB_25231_rev,800000000.0,0.0,0.0,0,672
SUB_25537,SUB_25245,meso_SUB_25537_SUB_25245_rev,1500000000.0,11660075.649658756,75644333.17460503,0,672
SUB_25537,SUB_25340,meso_SUB_25537_SUB_25340_rev,1500000000.0,491.4013146768906,330221.6834628705,0,672
SUB_25537,SUB_25464,meso_SUB_25537_SUB_25464_rev,2200000000.0,1850.652245632197,1243638.3090648365,0,672
SUB_25537,SUB_HIFLD_211,meso_SUB_25537_SUB_HIFLD_211_fwd,1500000000.0,0.0,0.0,0,672
SUB_25537,SUB_25404,meso_SUB_25537_SUB_25404_rev,72130945.1568815,3401873.937914871,7147602.891430412,0,672
SUB_15373,SUB_15201,meso_SUB_15373_SUB_15201_rev,600000000.0,0.0,0.0,0,672
SUB_15373,SUB_15215,meso_SUB_15373_SUB_15215_rev,600000000.0,0.0,0.0,0,672
SUB_06380,SUB_01467,meso_SUB_06380_SUB_01467_rev,1500000000.0,0.0,0.0,0,672
SUB_06380,SUB_04204,meso_SUB_06380_SUB_04204_rev,1500000000.0,0.0,0.0,0,672
SUB_06380,SUB_04248,meso_SUB_06380_SUB_04248_rev,3000000000.0,20997.685895647322,7109011.8359375,0,672
SUB_06380,SUB_04328,meso_SUB_06380_SUB_04328_rev,1500000000.0,4820734.103086306,25106989.07483028,0,672
SUB_06380,SUB_06270,meso_SUB_06380_SUB_06270_rev,1500000000.0,0.0,0.0,0,672
SUB_06380,SUB_06213,meso_SUB_06380_SUB_06213_rev,1500000000.0,18180.248651893104,12217127.094072165,0,672
SUB_18237,SUB_18273,meso_SUB_18237_SUB_18273_fwd,600000000.0,0.0,0.0,0,672
SUB_18237,SUB_18294,meso_SUB_18237_SUB_18294_fwd,600000000.0,2263670.0687773624,3123657.2265625,0,672
SUB_04330,SUB_04215,meso_SUB_04330_SUB_04215_rev,1500000000.0,0.0,0.0,0,672
SUB_04330,SUB_04227,meso_SUB_04330_SUB_04227_rev,600000000.0,8623624.423536882,15010903.269974226,0,672
SUB_04330,SUB_04256,meso_SUB_04330_SUB_04256_rev,1500000000.0,0.0,0.0,0,672
SUB_04320,SUB_04221,meso_SUB_04320_SUB_04221_rev,600000000.0,0.0,0.0,0,672
SUB_04320,SUB_04229,meso_SUB_04320_SUB_04229_rev,600000000.0,0.0,0.0,0,672
SUB_04320,SUB_04248,meso_SUB_04320_SUB_04248_rev,600000000.0,0.0,0.0,0,672
SUB_10307,SUB_10297,meso_SUB_10307_SUB_10297_rev,1500000000.0,0.0,0.0,0,672
SUB_10307,SUB_10308,meso_SUB_10307_SUB_10308_fwd,3000000000.0,0.0,0.0,0,672
SUB_10307,SUB_10205,meso_SUB_10307_SUB_10205_rev,1500000000.0,6925991.948258368,12509591.454574741,0,672
SUB_25444,SUB_25235,meso_SUB_25444_SUB_25235_fwd,139664558.5233586,7849611.139190711,53069004.8828125,0,672
SUB_16319,SUB_16368,meso_SUB_16319_SUB_16368_fwd,1500000000.0,0.0,0.0,0,672
SUB_16319,SUB_16378,meso_SUB_16319_SUB_16378_fwd,1500000000.0,0.0,0.0,0,672
SUB_16319,SUB_16298,meso_SUB_16319_SUB_16298_rev,1500000000.0,0.0,0.0,0,672
SUB_04335,SUB_04295,meso_SUB_04335_SUB_04295_rev,1500000000.0,0.0,0.0,0,672
SUB_04335,SUB_04319,meso_SUB_04335_SUB_04319_rev,1500000000.0,0.0,0.0,0,672
SUB_04212,SUB_04263,meso_SUB_04212_SUB_04263_fwd,600000000.0,0.0,0.0,0,672
SUB_04212,SUB_04337,meso_SUB_04212_SUB_04337_fwd,600000000.0,0.0,0.0,0,672
SUB_25400,SUB_25355,meso_SUB_25400_SUB_25355_rev,3000000000.0,300125.94377040706,23532146.021262888,0,672
SUB_25400,SUB_HIFLD_3503,meso_SUB_25400_SUB_HIFLD_3503_fwd,1500000000.0,0.0,0.0,0,672
SUB_25400,SUB_25217,meso_SUB_25400_SUB_25217_rev,3000000000.0,0.0,0.0,0,672
SUB_18255,SUB_18254,meso_SUB_18255_SUB_18254_rev,600000000.0,0.0,0.0,0,672
SUB_18255,SUB_18280,meso_SUB_18255_SUB_18280_fwd,600000000.0,0.0,0.0,0,672
SUB_18255,SUB_18307,meso_SUB_18255_SUB_18307_fwd,600000000.0,4955205.219776301,7227120.751449742,0,672
SUB_08234,SUB_HIFLD_1020,meso_SUB_08234_SUB_HIFLD_1020_fwd,3000000000.0,0.0,0.0,0,672
SUB_16328,SUB_16223,meso_SUB_16328_SUB_16223_rev,600000000.0,0.0,0.0,0,672
SUB_16328,SUB_16368,meso_SUB_16328_SUB_16368_fwd,600000000.0,0.0,0.0,0,672
SUB_16328,SUB_HIFLD_4330,meso_SUB_16328_SUB_HIFLD_4330_fwd,600000000.0,355100.67928053904,565198.1943661404,0,672
SUB_15230,SUB_15232,meso_SUB_15230_SUB_15232_fwd,600000000.0,30508169.970038287,37057453.61328125,0,672
SUB_15230,SUB_15243,meso_SUB_15230_SUB_15243_fwd,600000000.0,6236010.238985325,37031939.63623047,0,672
SUB_10320,SUB_15374,meso_SUB_10320_SUB_15374_fwd,600000000.0,26590733.58717419,27070260.681152344,0,672
SUB_10284,SUB_10211,meso_SUB_10284_SUB_10211_rev,600000000.0,0.0,0.0,0,672
SUB_10284,SUB_10358,meso_SUB_10284_SUB_10358_fwd,600000000.0,1314344.4605299695,2818527.75652384,0,672
SUB_16302,SUB_16208,meso_SUB_16302_SUB_16208_rev,600000000.0,572739.6705754673,4959126.832313145,0,672
SUB_16302,SUB_16242,meso_SUB_16302_SUB_16242_rev,600000000.0,0.0,0.0,0,672
SUB_15281,SUB_15215,meso_SUB_15281_SUB_15215_rev,600000000.0,58671475.34435129,115147277.69670992,0,672
SUB_15281,SUB_15379,meso_SUB_15281_SUB_15379_fwd,1200000000.0,0.0,0.0,0,672
SUB_15224,SUB_15228,meso_SUB_15224_SUB_15228_fwd,600000000.0,78512.93092857813,6439202.943782217,0,672
SUB_15224,SUB_15246,meso_SUB_15224_SUB_15246_fwd,600000000.0,0.0,0.0,0,672
SUB_15224,SUB_15249,meso_SUB_15224_SUB_15249_fwd,600000000.0,0.0,0.0,0,672
SUB_25289,SUB_25316,meso_SUB_25289_SUB_25316_fwd,800000000.0,758853.8057525032,74149557.71891813,0,672
SUB_25289,SUB_25344,meso_SUB_25289_SUB_25344_fwd,600000000.0,1247341.8407633037,7669599.206668815,0,672
SUB_25289,SUB_25366,meso_SUB_25289_SUB_25366_fwd,1200000000.0,650520.7113217872,14248544.217139175,0,672
SUB_25289,SUB_25367,meso_SUB_25289_SUB_25367_fwd,3000000000.0,16890711.19980162,88708635.24522255,0,672
SUB_10293,SUB_10260,meso_SUB_10293_SUB_10260_rev,4000000000.0,73773153.59303075,140880746.17773056,0,672
SUB_10293,SUB_10314,meso_SUB_10293_SUB_10314_fwd,8000000000.0,9109065.226245182,18289382.651417527,0,672
SUB_10293,SUB_10326,meso_SUB_10293_SUB_10326_fwd,1200000000.0,6118757.184621371,13305829.172036082,0,672
SUB_10293,SUB_10344,meso_SUB_10293_SUB_10344_fwd,1500000000.0,7558075.941188035,31278704.75286049,0,672
SUB_10293,SUB_10346,meso_SUB_10293_SUB_10346_fwd,1500000000.0,2103303.087142267,8899070.755476804,0,672
SUB_10293,SUB_10353,meso_SUB_10293_SUB_10353_fwd,1200000000.0,2603805.00215252,14383368.6912132,0,672
SUB_10293,SUB_10354,meso_SUB_10293_SUB_10354_fwd,600000000.0,14503067.178403156,26741635.792525772,0,672
SUB_10293,SUB_10372,meso_SUB_10293_SUB_10372_fwd,4000000000.0,0.0,0.0,0,672
SUB_10293,SUB_HIFLD_1086,meso_SUB_10293_SUB_HIFLD_1086_fwd,8000000000.0,0.0,0.0,0,672
SUB_10293,SUB_HIFLD_2171,meso_SUB_10293_SUB_HIFLD_2171_fwd,1500000000.0,0.0,0.0,0,672
SUB_10293,SUB_HIFLD_2359,meso_SUB_10293_SUB_HIFLD_2359_fwd,1500000000.0,2591037.8536289637,4985996.618928684,0,672
SUB_10293,SUB_10332,meso_SUB_10293_SUB_10332_fwd,12000000000.0,0.0,0.0,0,672
SUB_10293,SUB_19243,meso_SUB_10293_SUB_19243_fwd,1500000000.0,37923986.6665922,78613255.17686217,0,672
SUB_10293,SUB_19246,meso_SUB_10293_SUB_19246_fwd,1500000000.0,16293203.656657934,39693713.57636267,0,672
SUB_10293,SUB_HIFLD_2180,meso_SUB_10293_SUB_HIFLD_2180_fwd,1500000000.0,384341.2650574595,5009857.1797740655,0,672
SUB_10293,SUB_HIFLD_2470,meso_SUB_10293_SUB_HIFLD_2470_fwd,4000000000.0,0.0,0.0,0,672
SUB_10293,SUB_HIFLD_3784,meso_SUB_10293_SUB_HIFLD_3784_fwd,4000000000.0,69077532.8202979,156762170.60404813,0,672
SUB_10293,WEC_CALN,iface_SUB_10293_WEC_CALN_to_ba,200000000.0,35010156.206488505,200000000.0,4,672
SUB_15258,SUB_15206,meso_SUB_15258_SUB_15206_rev,1200000000.0,0.0,0.0,0,672
SUB_15258,SUB_15256,meso_SUB_15258_SUB_15256_rev,600000000.0,0.0,0.0,0,672
SUB_08353,SUB_08283,meso_SUB_08353_SUB_08283_rev,1500000000.0,0.0,0.0,0,672
SUB_08353,SUB_08339,meso_SUB_08353_SUB_08339_rev,1500000000.0,0.0,0.0,0,672
SUB_08353,SUB_08391,meso_SUB_08353_SUB_08391_fwd,1500000000.0,0.0,0.0,0,672
SUB_08353,SUB_08219,meso_SUB_08353_SUB_08219_rev,1500000000.0,0.0,0.0,0,672
SUB_25532,SUB_25282,meso_SUB_25532_SUB_25282_rev,800000000.0,0.0,0.0,0,672
SUB_25532,SUB_25339,meso_SUB_25532_SUB_25339_rev,600000000.0,0.0,0.0,0,672
SUB_25532,SUB_25342,meso_SUB_25532_SUB_25342_rev,800000000.0,0.0,0.0,0,672
SUB_02257,SUB_02210,meso_SUB_02257_SUB_02210_rev,3000000000.0,0.0,0.0,0,672
SUB_02257,SUB_HIFLD_2049,meso_SUB_02257_SUB_HIFLD_2049_fwd,3000000000.0,0.0,0.0,0,672
SUB_01435,SUB_01222,meso_SUB_01435_SUB_01222_rev,1500000000.0,2522452.585998493,63269843.72157091,0,672
SUB_01435,SUB_01315,meso_SUB_01435_SUB_01315_rev,600000000.0,4084761.0940661617,43549600.03010195,0,672
SUB_01435,SUB_HIFLD_1406,meso_SUB_01435_SUB_HIFLD_1406_fwd,1500000000.0,0.0,0.0,0,672
SUB_01435,SUB_HIFLD_982,meso_SUB_01435_SUB_HIFLD_982_fwd,1500000000.0,0.0,0.0,0,672
SUB_04314,SUB_04271,meso_SUB_04314_SUB_04271_fwd,135777845.30380812,0.0,0.0,0,672
SUB_25407,SUB_25277,meso_SUB_25407_SUB_25277_rev,1500000000.0,0.0,0.0,0,672
SUB_25407,SUB_25297,meso_SUB_25407_SUB_25297_rev,800000000.0,21441.086512987178,4960189.391597706,0,672
SUB_25407,SUB_25391,meso_SUB_25407_SUB_25391_rev,3000000000.0,26624918.203302383,46219684.27835052,0,672
SUB_25407,SUB_25526,meso_SUB_25407_SUB_25526_fwd,4000000000.0,0.0,0.0,0,672
SUB_25407,WEC_CALN,iface_SUB_25407_WEC_CALN_to_ba,6700000000.0,0.0,0.0,0,672
SUB_18263,SUB_18254,meso_SUB_18263_SUB_18254_rev,600000000.0,78568313.91839851,133059178.59489447,0,672
SUB_18263,SUB_18260,meso_SUB_18263_SUB_18260_rev,1500000000.0,3699825.8667408554,37956942.65463918,0,672
SUB_18263,SUB_18267,meso_SUB_18263_SUB_18267_fwd,1500000000.0,25757026.954728693,131293443.94329897,0,672
SUB_18263,SUB_18295,meso_SUB_18263_SUB_18295_fwd,1500000000.0,0.0,0.0,0,672
SUB_18263,SUB_18301,meso_SUB_18263_SUB_18301_fwd,1600000000.0,0.0,0.0,0,672
SUB_18263,SUB_25255,meso_SUB_18263_SUB_25255_fwd,3000000000.0,0.0,0.0,0,672
SUB_18263,SUB_18258,meso_SUB_18263_SUB_18258_rev,800000000.0,7469626.774509482,9709759.17703047,0,672
SUB_06213,SUB_06270,meso_SUB_06213_SUB_06270_fwd,1500000000.0,3860352.5980945863,23531732.421875,0,672
SUB_06213,SUB_06380,meso_SUB_06213_SUB_06380_fwd,1500000000.0,4746552.462623046,23540955.078125,0,672
SUB_25545,SUB_25395,meso_SUB_25545_SUB_25395_fwd,221858122.9071958,2463828.4761477807,39512382.8125,0,672
SUB_16391,SUB_16242,meso_SUB_16391_SUB_16242_rev,4000000000.0,0.0,0.0,0,672
SUB_16391,SUB_HIFLD_1395,meso_SUB_16391_SUB_HIFLD_1395_fwd,4000000000.0,0.0,0.0,0,672
SUB_16391,SUB_HIFLD_30,meso_SUB_16391_SUB_HIFLD_30_fwd,4000000000.0,0.0,0.0,0,672
SUB_16391,SUB_HIFLD_597,meso_SUB_16391_SUB_HIFLD_597_fwd,4000000000.0,0.0,0.0,0,672
SUB_16391,WEC_CALN,iface_SUB_16391_WEC_CALN_to_ba,20000000000.0,0.0,0.0,0,672
SUB_15226,SUB_15308,meso_SUB_15226_SUB_15308_fwd,1500000000.0,0.0,0.0,0,672
SUB_15226,SUB_HIFLD_597,meso_SUB_15226_SUB_HIFLD_597_fwd,3000000000.0,0.0,0.0,0,672
SUB_25286,SUB_25365,meso_SUB_25286_SUB_25365_fwd,1500000000.0,0.0,0.0,0,672
SUB_25286,SUB_25458,meso_SUB_25286_SUB_25458_fwd,1500000000.0,0.0,0.0,0,672
SUB_25286,SUB_25456,meso_SUB_25286_SUB_25456_rev,156121312.74744093,9883577.901102964,16031893.16213492,0,672
SUB_10372,SUB_10293,meso_SUB_10372_SUB_10293_rev,4000000000.0,0.0,0.0,0,672
SUB_10372,SUB_10349,meso_SUB_10372_SUB_10349_rev,600000000.0,0.0,0.0,0,672
SUB_10372,SUB_10355,meso_SUB_10372_SUB_10355_rev,600000000.0,0.0,0.0,0,672
SUB_10372,SUB_10373,meso_SUB_10372_SUB_10373_fwd,4000000000.0,780769.8536340548,1143801.7225757085,0,672
SUB_10372,SUB_HIFLD_1294,meso_SUB_10372_SUB_HIFLD_1294_fwd,4000000000.0,0.0,0.0,0,672
SUB_10372,SUB_HIFLD_1862,meso_SUB_10372_SUB_HIFLD_1862_rev,66581692.39684471,1769443.996103568,4918708.402778822,0,672
SUB_10372,WEC_CALN,iface_SUB_10372_WEC_CALN_to_ba,14733418307.603153,106867182.082854,148127397.53873864,0,672
SUB_04209,SUB_04256,meso_SUB_04209_SUB_04256_fwd,600000000.0,0.0,0.0,0,672
SUB_04209,SUB_04257,meso_SUB_04209_SUB_04257_fwd,600000000.0,0.0,0.0,0,672
SUB_04209,SUB_04281,meso_SUB_04209_SUB_04281_fwd,600000000.0,14398720.93907766,21870271.892391007,0,672
SUB_16312,SUB_16242,meso_SUB_16312_SUB_16242_rev,600000000.0,0.0,0.0,0,672
SUB_16312,SUB_16330,meso_SUB_16312_SUB_16330_fwd,600000000.0,0.0,0.0,0,672
SUB_16312,SUB_16362,meso_SUB_16312_SUB_16362_fwd,600000000.0,1330727.6711562357,19216295.50579897,0,672
SUB_10291,SUB_10252,meso_SUB_10291_SUB_10252_rev,600000000.0,0.0,0.0,0,672
SUB_10291,SUB_10375,meso_SUB_10291_SUB_10375_fwd,1500000000.0,0.0,0.0,0,672
SUB_10291,SUB_10283,meso_SUB_10291_SUB_10283_rev,1500000000.0,0.0,0.0,0,672
SUB_10291,SUB_10319,meso_SUB_10291_SUB_10319_rev,54807466.09466204,2835378.551529972,5359509.906572165,0,672
SUB_01209,SUB_HIFLD_28,meso_SUB_01209_SUB_HIFLD_28_fwd,1500000000.0,0.0,0.0,0,672
SUB_01209,SUB_HIFLD_2989,meso_SUB_01209_SUB_HIFLD_2989_fwd,1500000000.0,0.0,0.0,0,672
SUB_02401,SUB_02419,meso_SUB_02401_SUB_02419_fwd,3000000000.0,0.0,0.0,0,672
SUB_02401,SUB_02426,meso_SUB_02401_SUB_02426_fwd,1500000000.0,0.0,0.0,0,672
SUB_02401,SUB_02403,meso_SUB_02401_SUB_02403_fwd,600000000.0,0.0,0.0,0,672
SUB_06317,SUB_06203,meso_SUB_06317_SUB_06203_rev,1500000000.0,0.0,0.0,0,672
SUB_06317,SUB_06319,meso_SUB_06317_SUB_06319_fwd,3000000000.0,5490265.244646405,15422660.277061855,0,672
SUB_06317,SUB_06368,meso_SUB_06317_SUB_06368_fwd,3000000000.0,0.0,0.0,0,672
SUB_08387,SUB_HIFLD_2109,meso_SUB_08387_SUB_HIFLD_2109_fwd,1500000000.0,0.0,0.0,0,672
SUB_01222,SUB_01223,meso_SUB_01222_SUB_01223_fwd,5500000000.0,0.0,0.0,0,672
SUB_01222,SUB_01435,meso_SUB_01222_SUB_01435_fwd,1500000000.0,255706.99498293753,39630951.99742268,0,672
SUB_01222,SUB_01447,meso_SUB_01222_SUB_01447_fwd,1500000000.0,2551256.821477065,60479896.9072165,0,672
SUB_01222,SUB_01472,meso_SUB_01222_SUB_01472_fwd,1500000000.0,53092975.4541111,78835502.57731959,0,672
SUB_01222,SUB_08342,meso_SUB_01222_SUB_08342_fwd,3000000000.0,75783616.42113778,106868328.94883354,0,672
SUB_01222,SUB_08390,meso_SUB_01222_SUB_08390_fwd,1500000000.0,9523814.599416181,83871573.18832035,0,672
SUB_01222,SUB_HIFLD_10,meso_SUB_01222_SUB_HIFLD_10_fwd,1500000000.0,0.0,0.0,0,672
SUB_01222,SUB_HIFLD_1423,meso_SUB_01222_SUB_HIFLD_1423_fwd,3000000000.0,3597708.490333259,37203762.131754294,0,672
SUB_01222,SUB_HIFLD_2121,meso_SUB_01222_SUB_HIFLD_2121_fwd,3000000000.0,37163254.52325135,57099326.34416681,0,672
SUB_01222,SUB_HIFLD_3025,meso_SUB_01222_SUB_HIFLD_3025_fwd,3000000000.0,15617018.662999626,73676369.46893951,0,672
SUB_01222,SUB_01350,meso_SUB_01222_SUB_01350_fwd,1500000000.0,358377.5881953229,63856143.66614719,0,672
SUB_01222,SUB_01409,meso_SUB_01222_SUB_01409_fwd,8000000000.0,0.0,0.0,0,672
SUB_01222,SUB_01440,meso_SUB_01222_SUB_01440_fwd,8000000000.0,0.0,0.0,0,672
SUB_01222,SUB_01450,meso_SUB_01222_SUB_01450_fwd,4000000000.0,52944890.11323188,94841490.54325481,0,672
SUB_01222,SUB_01469,meso_SUB_01222_SUB_01469_fwd,4000000000.0,0.0,0.0,0,672
SUB_01222,SUB_08246,meso_SUB_01222_SUB_08246_fwd,3000000000.0,1339399.1605312552,31487061.050257728,0,672
SUB_01222,SUB_08283,meso_SUB_01222_SUB_08283_fwd,3000000000.0,81332317.81228387,158333188.8849771,0,672
SUB_01222,SUB_08361,meso_SUB_01222_SUB_08361_fwd,1500000000.0,65752202.79172019,119266428.91779149,0,672
SUB_01222,SUB_16261,meso_SUB_01222_SUB_16261_fwd,1500000000.0,145335.99220341176,15768847.951198379,0,672
SUB_01222,SUB_HIFLD_1020,meso_SUB_01222_SUB_HIFLD_1020_fwd,4000000000.0,0.0,0.0,0,672
SUB_01222,SUB_HIFLD_2117,meso_SUB_01222_SUB_HIFLD_2117_fwd,1500000000.0,225962.32292343042,34484647.18186985,0,672
SUB_01222,SUB_HIFLD_30,meso_SUB_01222_SUB_HIFLD_30_fwd,8000000000.0,0.0,0.0,0,672
SUB_01222,SUB_HIFLD_3523,meso_SUB_01222_SUB_HIFLD_3523_fwd,1500000000.0,0.0,0.0,0,672
SUB_01222,WEC_CALN,iface_SUB_01222_WEC_CALN_to_ba,200000000.0,0.0,0.0,0,672
SUB_01223,SUB_01214,meso_SUB_01223_SUB_01214_rev,1200000000.0,480053.3235654972,14356838.957796391,0,672
SUB_01223,SUB_01222,meso_SUB_01223_SUB_01222_rev,5500000000.0,1148471.2036773753,54728774.68588918,0,672
SUB_01223,SUB_01350,meso_SUB_01223_SUB_01350_fwd,1500000000.0,65077049.325905524,92041100.19329897,0,672
SUB_01223,SUB_01409,meso_SUB_01223_SUB_01409_fwd,4000000000.0,0.0,0.0,0,672
SUB_01223,SUB_01423,meso_SUB_01223_SUB_01423_fwd,16000000000.0,0.0,0.0,0,672
SUB_01223,SUB_01440,meso_SUB_01223_SUB_01440_fwd,4000000000.0,0.0,0.0,0,672
SUB_01223,SUB_HIFLD_1020,meso_SUB_01223_SUB_HIFLD_1020_fwd,8000000000.0,0.0,0.0,0,672
SUB_01223,SUB_HIFLD_1195,meso_SUB_01223_SUB_HIFLD_1195_fwd,19000000000.0,0.0,0.0,0,672
SUB_01223,SUB_HIFLD_30,meso_SUB_01223_SUB_HIFLD_30_fwd,4000000000.0,0.0,0.0,0,672
SUB_01223,SUB_HIFLD_1432,meso_SUB_01223_SUB_HIFLD_1432_fwd,4000000000.0,0.0,0.0,0,672
SUB_01223,WEC_CALN,iface_SUB_01223_WEC_CALN_to_ba,200000000.0,0.0,0.0,0,672
SUB_04319,SUB_04295,meso_SUB_04319_SUB_04295_rev,1500000000.0,0.0,0.0,0,672
SUB_04319,SUB_04336,meso_SUB_04319_SUB_04336_fwd,1500000000.0,1222294.1850323372,19321925.338273197,0,672
SUB_04319,SUB_04335,meso_SUB_04319_SUB_04335_fwd,1500000000.0,5701001.680699059,11112768.806378866,0,672
SUB_04319,SUB_06312,meso_SUB_04319_SUB_06312_fwd,1500000000.0,0.0,0.0,0,672
SUB_19215,SUB_19229,meso_SUB_19215_SUB_19229_fwd,600000000.0,0.0,0.0,0,672
SUB_19215,SUB_19233,meso_SUB_19215_SUB_19233_fwd,600000000.0,259656.4006329582,11688518.992319891,0,672
SUB_19215,SUB_19238,meso_SUB_19215_SUB_19238_rev,84903381.19886425,5953783.326858274,8590763.93363402,0,672
SUB_10221,SUB_10225,meso_SUB_10221_SUB_10225_fwd,4000000000.0,22010616.106565293,69960414.07276522,0,672
SUB_10221,SUB_HIFLD_1077,meso_SUB_10221_SUB_HIFLD_1077_fwd,4000000000.0,0.0,0.0,0,672
SUB_10221,SUB_HIFLD_1324,meso_SUB_10221_SUB_HIFLD_1324_fwd,4000000000.0,63517042.249806084,85644382.15637207,0,672
SUB_25221,SUB_25270,meso_SUB_25221_SUB_25270_fwd,800000000.0,0.0,0.0,0,672
SUB_25221,SUB_25276,meso_SUB_25221_SUB_25276_fwd,1600000000.0,0.0,0.0,0,672
SUB_10345,SUB_10338,meso_SUB_10345_SUB_10338_rev,600000000.0,935781.6895609928,1354588.2077561212,0,672
SUB_10345,SUB_10356,meso_SUB_10345_SUB_10356_fwd,600000000.0,3896150.949110163,7205494.42251933,0,672
SUB_10345,SUB_HIFLD_1303,meso_SUB_10345_SUB_HIFLD_1303_fwd,4000000000.0,0.0,0.0,0,672
SUB_10345,SUB_HIFLD_2469,meso_SUB_10345_SUB_HIFLD_2469_fwd,4000000000.0,0.0,0.0,0,672
SUB_08370,SUB_08201,meso_SUB_08370_SUB_08201_rev,3000000000.0,0.0,0.0,0,672
SUB_08370,SUB_08226,meso_SUB_08370_SUB_08226_rev,1500000000.0,0.0,0.0,0,672
SUB_25205,SUB_25455,meso_SUB_25205_SUB_25455_fwd,4000000000.0,0.0,0.0,0,672
SUB_04302,SUB_04226,meso_SUB_04302_SUB_04226_rev,600000000.0,11206.348514697336,2020954.3129832475,0,672
SUB_04302,SUB_04248,meso_SUB_04302_SUB_04248_rev,600000000.0,0.0,0.0,0,672
SUB_16313,SUB_16230,meso_SUB_16313_SUB_16230_fwd,183735013.1462945,0.0,0.0,0,672
SUB_15248,SUB_HIFLD_2456,meso_SUB_15248_SUB_HIFLD_2456_fwd,479063183.38389206,0.0,0.0,0,672
SUB_18301,SUB_18263,meso_SUB_18301_SUB_18263_rev,1600000000.0,145923261.983715,319590871.2531125,0,672
SUB_18301,SUB_18282,meso_SUB_18301_SUB_18282_rev,8000000000.0,32102098.978163827,259591215.60936087,0,672
SUB_18301,SUB_18295,meso_SUB_18301_SUB_18295_rev,1500000000.0,4214841.390767985,6108568.580863402,0,672
SUB_18301,SUB_25457,meso_SUB_18301_SUB_25457_fwd,4000000000.0,15806001.312021146,145453992.1791218,0,672
SUB_18301,SUB_HIFLD_1444,meso_SUB_18301_SUB_HIFLD_1444_fwd,24000000000.0,0.0,0.0,0,672
SUB_18301,SUB_25346,meso_SUB_18301_SUB_25346_fwd,8000000000.0,168597.99084501868,452246.34544136596,0,672
SUB_18301,SUB_25393,meso_SUB_18301_SUB_25393_fwd,8000000000.0,482775.2092127541,149941327.1634431,0,672
SUB_18301,WEC_CALN,iface_SUB_18301_WEC_CALN_to_ba,200000000.0,8377836.548555889,200000000.0,1,672
SUB_16335,SUB_16366,meso_SUB_16335_SUB_16366_fwd,1500000000.0,0.0,0.0,0,672
SUB_16335,SUB_16378,meso_SUB_16335_SUB_16378_fwd,1500000000.0,1885743.7301284082,10739948.18029381,0,672
SUB_16335,SUB_16376,meso_SUB_16335_SUB_16376_fwd,1500000000.0,3194614.0621667528,7023164.07495483,0,672
SUB_01348,SUB_01311,meso_SUB_01348_SUB_01311_fwd,50000000.0,0.0,0.0,0,672
SUB_16365,SUB_16230,meso_SUB_16365_SUB_16230_rev,1200000000.0,0.0,0.0,0,672
SUB_16365,SUB_16315,meso_SUB_16365_SUB_16315_rev,600000000.0,0.0,0.0,0,672
SUB_10354,SUB_10293,meso_SUB_10354_SUB_10293_rev,600000000.0,0.0,0.0,0,672
SUB_25453,SUB_25234,meso_SUB_25453_SUB_25234_rev,1500000000.0,0.0,0.0,0,672
SUB_25453,SUB_25412,meso_SUB_25453_SUB_25412_rev,1500000000.0,0.0,0.0,0,672
SUB_15269,SUB_15232,meso_SUB_15269_SUB_15232_rev,1500000000.0,0.0,0.0,0,672
SUB_15269,SUB_15246,meso_SUB_15269_SUB_15246_rev,1500000000.0,1746340.218079191,34352074.17827645,0,672
SUB_15269,SUB_15270,meso_SUB_15269_SUB_15270_fwd,3000000000.0,17683070.765120562,28372404.55863402,0,672
SUB_25396,SUB_25285,meso_SUB_25396_SUB_25285_rev,1500000000.0,0.0,0.0,0,672
SUB_08380,SUB_08389,meso_SUB_08380_SUB_08389_fwd,1500000000.0,0.0,0.0,0,672
SUB_08380,SUB_HIFLD_1020,meso_SUB_08380_SUB_HIFLD_1020_fwd,3000000000.0,0.0,0.0,0,672
SUB_08380,SUB_HIFLD_2126,meso_SUB_08380_SUB_HIFLD_2126_fwd,1500000000.0,0.0,0.0,0,672
SUB_08380,SUB_HIFLD_3263,meso_SUB_08380_SUB_HIFLD_3263_fwd,1500000000.0,574000.6142855878,18104266.417694647,0,672
SUB_08380,SUB_08226,meso_SUB_08380_SUB_08226_rev,1500000000.0,23966497.040463753,129279730.1617992,0,672
SUB_08380,SUB_HIFLD_2117,meso_SUB_08380_SUB_HIFLD_2117_fwd,1500000000.0,0.0,0.0,0,672
SUB_08380,SUB_HIFLD_3170,meso_SUB_08380_SUB_HIFLD_3170_fwd,1500000000.0,170510.4814448157,3589483.2934763953,0,672
SUB_25245,SUB_25280,meso_SUB_25245_SUB_25280_fwd,800000000.0,26575942.875469424,52612495.01528866,0,672
SUB_25245,SUB_25347,meso_SUB_25245_SUB_25347_fwd,600000000.0,81233.63556672266,14018380.517074741,0,672
SUB_25245,SUB_25537,meso_SUB_25245_SUB_25537_fwd,1500000000.0,0.0,0.0,0,672
SUB_25245,SUB_25539,meso_SUB_25245_SUB_25539_fwd,800000000.0,1227572.3490342018,28197159.893868234,0,672
SUB_25245,SUB_HIFLD_1845,meso_SUB_25245_SUB_HIFLD_1845_fwd,600000000.0,4243.8337572986065,1543197.2323602238,0,672
SUB_25245,SUB_HIFLD_1851,meso_SUB_25245_SUB_HIFLD_1851_fwd,3000000000.0,0.0,0.0,0,672
SUB_25245,SUB_25354,meso_SUB_25245_SUB_25354_rev,86037322.24228722,3787969.6001085937,8345528.954574742,0,672
SUB_25272,SUB_25337,meso_SUB_25272_SUB_25337_fwd,800000000.0,1980994.4401664773,209230014.06620356,0,672
SUB_25272,SUB_25364,meso_SUB_25272_SUB_25364_fwd,1500000000.0,4921.708273197075,167525.33273598584,0,672
SUB_25272,SUB_25458,meso_SUB_25272_SUB_25458_fwd,1500000000.0,22527892.42604443,83015564.43742722,0,672
SUB_25272,SUB_25526,meso_SUB_25272_SUB_25526_fwd,6000000000.0,4723001.272176615,59199955.30791662,0,672
SUB_25272,SUB_HIFLD_333,meso_SUB_25272_SUB_HIFLD_333_fwd,3000000000.0,0.0,0.0,0,672
SUB_25272,SUB_25277,meso_SUB_25272_SUB_25277_fwd,1500000000.0,0.0,0.0,0,672
SUB_25272,SUB_25370,meso_SUB_25272_SUB_25370_fwd,1500000000.0,31284893.925280377,76681515.78608246,0,672
SUB_25272,SUB_25395,meso_SUB_25272_SUB_25395_fwd,1500000000.0,2760924.6199617325,88085964.03334868,0,672
SUB_19212,SUB_19233,meso_SUB_19212_SUB_19233_fwd,600000000.0,0.0,0.0,0,672
SUB_18203,SUB_18208,meso_SUB_18203_SUB_18208_fwd,600000000.0,0.0,0.0,0,672
SUB_18203,SUB_18219,meso_SUB_18203_SUB_18219_fwd,1200000000.0,4856610.923417396,13225309.85542433,0,672
SUB_18203,SUB_HIFLD_1874,meso_SUB_18203_SUB_HIFLD_1874_fwd,1200000000.0,0.0,0.0,0,672
SUB_15285,SUB_15201,meso_SUB_15285_SUB_15201_rev,600000000.0,21334669.850622814,50952328.1399458,0,672
SUB_15285,SUB_15375,meso_SUB_15285_SUB_15375_fwd,600000000.0,17757544.882879358,47037844.77690077,0,672
SUB_16242,SUB_16302,meso_SUB_16242_SUB_16302_fwd,600000000.0,2410509.4971972895,7926066.963811244,0,672
SUB_16242,SUB_16307,meso_SUB_16242_SUB_16307_fwd,600000000.0,3116107.906736249,16572776.875033213,0,672
SUB_16242,SUB_16312,meso_SUB_16242_SUB_16312_fwd,600000000.0,14872046.190425549,47043714.35842677,0,672
SUB_16242,SUB_16322,meso_SUB_16242_SUB_16322_fwd,600000000.0,418480.8186506157,8432005.151784932,0,672
SUB_16242,SUB_16330,meso_SUB_16242_SUB_16330_fwd,1200000000.0,19509383.96701129,45443052.591767184,0,672
SUB_16242,SUB_16391,meso_SUB_16242_SUB_16391_fwd,4000000000.0,0.0,0.0,0,672
SUB_16242,SUB_HIFLD_30,meso_SUB_16242_SUB_HIFLD_30_fwd,4000000000.0,0.0,0.0,0,672
SUB_16242,WEC_CALN,iface_SUB_16242_WEC_CALN_to_ba,3800000000.0,0.0,0.0,0,672
SUB_10357,SUB_10353,meso_SUB_10357_SUB_10353_rev,600000000.0,0.0,0.0,0,672
SUB_25458,SUB_25272,meso_SUB_25458_SUB_25272_rev,1500000000.0,0.0,0.0,0,672
SUB_25458,SUB_25286,meso_SUB_25458_SUB_25286_rev,1500000000.0,7128039.205896215,42549800.62930441,0,672
SUB_25458,SUB_25349,meso_SUB_25458_SUB_25349_rev,1500000000.0,768089.1433851047,26369495.59904367,0,672
SUB_25458,SUB_25526,meso_SUB_25458_SUB_25526_fwd,1500000000.0,0.0,0.0,0,672
SUB_01353,SUB_01202,meso_SUB_01353_SUB_01202_rev,1500000000.0,0.0,0.0,0,672
SUB_01353,SUB_01380,meso_SUB_01353_SUB_01380_fwd,1500000000.0,0.0,0.0,0,672
SUB_01353,SUB_01430,meso_SUB_01353_SUB_01430_fwd,1500000000.0,316454.1097782905,51915413.000533916,0,672
SUB_01353,SUB_01220,meso_SUB_01353_SUB_01220_rev,50000000.0,808886.8226382332,1703109.0175982602,0,672
SUB_01353,SUB_01356,meso_SUB_01353_SUB_01356_rev,50000000.0,562551.7565184619,1006197.6481958763,0,672
SUB_01374,SUB_01252,meso_SUB_01374_SUB_01252_fwd,50000000.0,0.0,0.0,0,672
SUB_06208,SUB_06381,meso_SUB_06208_SUB_06381_fwd,1200000000.0,5181880.008957816,8741245.167525774,0,672
SUB_06208,SUB_06277,meso_SUB_06208_SUB_06277_fwd,229818225.4851424,0.0,0.0,0,672
SUB_19217,SUB_19240,meso_SUB_19217_SUB_19240_fwd,600000000.0,2561071.303924276,3629050.4691527057,0,672
SUB_19217,SUB_19243,meso_SUB_19217_SUB_19243_fwd,600000000.0,0.0,0.0,0,672
SUB_19217,SUB_HIFLD_273,meso_SUB_19217_SUB_HIFLD_273_fwd,600000000.0,0.0,0.0,0,672
SUB_01365,SUB_01216,meso_SUB_01365_SUB_01216_rev,1800000000.0,0.0,0.0,0,672
SUB_01365,SUB_01323,meso_SUB_01365_SUB_01323_rev,4000000000.0,0.0,0.0,0,672
SUB_01365,SUB_01380,meso_SUB_01365_SUB_01380_fwd,4000000000.0,16107927.712205919,193051265.25660706,0,672
SUB_01365,SUB_01432,meso_SUB_01365_SUB_01432_fwd,1200000000.0,241968.61396491813,5267037.520488195,0,672
SUB_01365,SUB_01445,meso_SUB_01365_SUB_01445_fwd,1500000000.0,339074.07706425013,69492881.236308,0,672
SUB_01365,SUB_01466,meso_SUB_01365_SUB_01466_fwd,12000000000.0,63335.02206254602,42561134.826030925,0,672
SUB_01365,SUB_06246,meso_SUB_01365_SUB_06246_fwd,1500000000.0,15017033.25229142,85933121.48954235,0,672
SUB_01365,SUB_06364,meso_SUB_01365_SUB_06364_fwd,8000000000.0,0.0,0.0,0,672
SUB_01365,SUB_HIFLD_1113,meso_SUB_01365_SUB_HIFLD_1113_fwd,12000000000.0,0.0,0.0,0,672
SUB_01365,SUB_01324,meso_SUB_01365_SUB_01324_rev,1500000000.0,0.0,0.0,0,672
SUB_01365,SUB_01416,meso_SUB_01365_SUB_01416_fwd,4000000000.0,30219185.85899202,52770050.74097938,0,672
SUB_01365,SUB_HIFLD_105,meso_SUB_01365_SUB_HIFLD_105_fwd,1500000000.0,0.0,0.0,0,672
SUB_01365,WEC_CALN,iface_SUB_01365_WEC_CALN_to_ba,461000000.0,0.0,0.0,0,672
SUB_08363,SUB_08203,meso_SUB_08363_SUB_08203_rev,1500000000.0,0.0,0.0,0,672
SUB_08363,SUB_HIFLD_2121,meso_SUB_08363_SUB_HIFLD_2121_fwd,1500000000.0,0.0,0.0,0,672
SUB_08363,SUB_HIFLD_2149,meso_SUB_08363_SUB_HIFLD_2149_fwd,1500000000.0,0.0,0.0,0,672
SUB_08363,SUB_HIFLD_3025,meso_SUB_08363_SUB_HIFLD_3025_fwd,1500000000.0,0.0,0.0,0,672
SUB_01211,SUB_01201,meso_SUB_01211_SUB_01201_rev,1500000000.0,0.0,0.0,0,672
SUB_01211,SUB_01204,meso_SUB_01211_SUB_01204_rev,1500000000.0,0.0,0.0,0,672
SUB_01211,SUB_01254,meso_SUB_01211_SUB_01254_fwd,1500000000.0,0.0,0.0,0,672
SUB_01211,SUB_01331,meso_SUB_01211_SUB_01331_fwd,600000000.0,8368725.1702651605,34980080.034232415,0,672
SUB_15376,SUB_15215,meso_SUB_15376_SUB_15215_rev,600000000.0,9033984.283161143,117890203.49045393,0,672
SUB_15376,SUB_15290,meso_SUB_15376_SUB_15290_rev,600000000.0,15927632.906850383,49488434.746289596,0,672
SUB_15376,SUB_HIFLD_659,meso_SUB_15376_SUB_HIFLD_659_fwd,600000000.0,0.0,0.0,0,672
SUB_04325,SUB_01467,meso_SUB_04325_SUB_01467_rev,8000000000.0,0.0,0.0,0,672
SUB_04325,SUB_04205,meso_SUB_04325_SUB_04205_rev,8000000000.0,0.0,0.0,0,672
SUB_04325,SUB_01380,meso_SUB_04325_SUB_01380_rev,4000000000.0,495695.6595374651,93850024.64709844,0,672
SUB_04325,SUB_06359,meso_SUB_04325_SUB_06359_fwd,4000000000.0,0.0,0.0,0,672
SUB_04325,WEC_CALN,iface_SUB_04325_WEC_CALN_to_ba,200000000.0,0.0,0.0,0,672
SUB_08361,SUB_08203,meso_SUB_08361_SUB_08203_rev,3600000000.0,179313.08968039,59465576.675257735,0,672
SUB_08361,SUB_08342,meso_SUB_08361_SUB_08342_rev,3000000000.0,0.0,0.0,0,672
SUB_08361,SUB_01222,meso_SUB_08361_SUB_01222_rev,1500000000.0,0.0,0.0,0,672
SUB_08361,SUB_HIFLD_2070,meso_SUB_08361_SUB_HIFLD_2070_fwd,600000000.0,523946.29300472344,21766568.923818137,0,672
SUB_08361,SUB_HIFLD_3163,meso_SUB_08361_SUB_HIFLD_3163_fwd,1500000000.0,739284.1681964085,12835179.055928813,0,672
SUB_10325,SUB_10308,meso_SUB_10325_SUB_10308_rev,1500000000.0,0.0,0.0,0,672
SUB_10325,SUB_15377,meso_SUB_10325_SUB_15377_fwd,1200000000.0,328530.2526078509,15998716.374033505,0,672
SUB_10325,SUB_10324,meso_SUB_10325_SUB_10324_rev,1500000000.0,4129750.3348456123,8443799.331507731,0,672
SUB_16331,SUB_16230,meso_SUB_16331_SUB_16230_rev,600000000.0,0.0,0.0,0,672
SUB_16331,SUB_16322,meso_SUB_16331_SUB_16322_rev,600000000.0,0.0,0.0,0,672
SUB_25392,SUB_25357,meso_SUB_25392_SUB_25357_rev,1500000000.0,0.0,0.0,0,672
SUB_25337,SUB_25272,meso_SUB_25337_SUB_25272_rev,800000000.0,0.0,0.0,0,672
SUB_25337,SUB_25282,meso_SUB_25337_SUB_25282_rev,800000000.0,30700895.536418505,91877644.11899512,0,672
SUB_25337,SUB_25342,meso_SUB_25337_SUB_25342_fwd,800000000.0,18186278.28278854,106259523.91825645,0,672
SUB_25337,SUB_25395,meso_SUB_25337_SUB_25395_fwd,800000000.0,940939.4891807698,32475932.41012594,0,672
SUB_25337,SUB_25526,meso_SUB_25337_SUB_25526_fwd,4000000000.0,0.0,0.0,0,672
SUB_25337,WEC_CALN,iface_SUB_25337_WEC_CALN_to_ba,4800000000.0,0.0,0.0,0,672
SUB_06204,SUB_06203,meso_SUB_06204_SUB_06203_rev,1500000000.0,10366.44965524046,4809588.260440351,0,672
SUB_06204,SUB_06313,meso_SUB_06204_SUB_06313_fwd,1500000000.0,0.0,0.0,0,672
SUB_06204,SUB_06362,meso_SUB_06204_SUB_06362_fwd,1500000000.0,193923.18763040012,35991390.14175258,0,672
SUB_06204,SUB_HIFLD_595,meso_SUB_06204_SUB_HIFLD_595_fwd,1500000000.0,0.0,0.0,0,672
SUB_06204,SUB_06867,meso_SUB_06204_SUB_06867_rev,50000000.0,0.0,0.0,0,672
SUB_08325,SUB_08301,meso_SUB_08325_SUB_08301_rev,600000000.0,1314846.7048454005,1975921.3162451675,0,672
SUB_08325,SUB_08319,meso_SUB_08325_SUB_08319_rev,1500000000.0,0.0,0.0,0,672
SUB_08325,SUB_08362,meso_SUB_08325_SUB_08362_fwd,1500000000.0,0.0,0.0,0,672
SUB_08325,SUB_08369,meso_SUB_08325_SUB_08369_fwd,1500000000.0,0.0,0.0,0,672
SUB_16288,SUB_16237,meso_SUB_16288_SUB_16237_rev,3000000000.0,39083.001593869914,26263777.071080584,0,672
SUB_16288,SUB_16247,meso_SUB_16288_SUB_16247_rev,1500000000.0,0.0,0.0,0,672
SUB_16288,SUB_16267,meso_SUB_16288_SUB_16267_rev,4000000000.0,0.0,0.0,0,672
SUB_16288,SUB_HIFLD_1135,meso_SUB_16288_SUB_HIFLD_1135_fwd,15000000000.0,0.0,0.0,0,672
SUB_16288,SUB_HIFLD_30,meso_SUB_16288_SUB_HIFLD_30_fwd,30000000000.0,0.0,0.0,0,672
SUB_10303,SUB_10283,meso_SUB_10303_SUB_10283_fwd,71145140.14387253,9570433.39683896,11224038.0859375,0,672
SUB_25294,SUB_25234,meso_SUB_25294_SUB_25234_rev,3000000000.0,0.0,0.0,0,672
SUB_25294,SUB_25241,meso_SUB_25294_SUB_25241_rev,1600000000.0,0.0,0.0,0,672
SUB_01323,SUB_01365,meso_SUB_01323_SUB_01365_fwd,4000000000.0,0.0,0.0,0,672
SUB_01323,SUB_01440,meso_SUB_01323_SUB_01440_fwd,12000000000.0,14695.483409644015,5578481.98493878,0,672
SUB_01323,SUB_HIFLD_1113,meso_SUB_01323_SUB_HIFLD_1113_fwd,4000000000.0,0.0,0.0,0,672
SUB_01323,WEC_CALN,iface_SUB_01323_WEC_CALN_to_ba,4000000000.0,0.0,0.0,0,672
SUB_25536,SUB_25242,meso_SUB_25536_SUB_25242_rev,1500000000.0,663721.1069635949,10996865.915036544,0,672
SUB_25536,SUB_25281,meso_SUB_25536_SUB_25281_rev,1200000000.0,0.0,0.0,0,672
SUB_25536,SUB_25410,meso_SUB_25536_SUB_25410_rev,3000000000.0,147511.50580775668,10372543.49226804,0,672
SUB_25536,SUB_HIFLD_1851,meso_SUB_25536_SUB_HIFLD_1851_fwd,3000000000.0,0.0,0.0,0,672
SUB_25536,SUB_HIFLD_1190,meso_SUB_25536_SUB_HIFLD_1190_fwd,1500000000.0,572841.549990234,11443050.824050121,0,672
SUB_25242,SUB_25446,meso_SUB_25242_SUB_25446_fwd,1500000000.0,104.34537760229395,18333.90894624376,0,672
SUB_25242,SUB_25536,meso_SUB_25242_SUB_25536_fwd,1500000000.0,59639.48882169531,4574250.966494845,0,672
SUB_25242,SUB_HIFLD_1851,meso_SUB_25242_SUB_HIFLD_1851_fwd,1500000000.0,7336.136014794913,4929883.401942181,0,672
SUB_25242,SUB_25231,meso_SUB_25242_SUB_25231_rev,1500000000.0,0.0,0.0,0,672
SUB_15233,SUB_15201,meso_SUB_15233_SUB_15201_rev,600000000.0,486346.61286922346,19627742.42912371,0,672
SUB_15233,SUB_15292,meso_SUB_15233_SUB_15292_fwd,600000000.0,0.0,0.0,0,672
SUB_15233,SUB_15375,meso_SUB_15233_SUB_15375_fwd,600000000.0,828935.9572370151,28610261.45208602,0,672
SUB_18274,SUB_08318,meso_SUB_18274_SUB_08318_rev,1500000000.0,0.0,0.0,0,672
SUB_18274,SUB_18318,meso_SUB_18274_SUB_18318_rev,50000000.0,1749650.1134199197,2218104.159954897,0,672
SUB_01321,SUB_01233,meso_SUB_01321_SUB_01233_rev,600000000.0,2381319.871947879,2597104.3090820312,0,672
SUB_01347,SUB_01378,meso_SUB_01347_SUB_01378_fwd,600000000.0,650209.8264185132,1023967.1215568621,0,672
SUB_01347,SUB_01467,meso_SUB_01347_SUB_01467_fwd,1500000000.0,0.0,0.0,0,672
SUB_08219,SUB_08201,meso_SUB_08219_SUB_08201_rev,600000000.0,0.0,0.0,0,672
SUB_08219,SUB_01472,meso_SUB_08219_SUB_01472_rev,1500000000.0,0.0,0.0,0,672
SUB_08219,SUB_08353,meso_SUB_08219_SUB_08353_fwd,1500000000.0,0.0,0.0,0,672
SUB_25443,SUB_25442,meso_SUB_25443_SUB_25442_rev,1500000000.0,0.0,0.0,0,672
SUB_01214,SUB_01223,meso_SUB_01214_SUB_01223_fwd,1200000000.0,0.0,0.0,0,672
SUB_01214,SUB_01315,meso_SUB_01214_SUB_01315_fwd,1200000000.0,55785.61598302923,7760296.190399485,0,672
SUB_01214,SUB_01440,meso_SUB_01214_SUB_01440_fwd,1200000000.0,0.0,0.0,0,672
SUB_04332,SUB_04256,meso_SUB_04332_SUB_04256_rev,1500000000.0,0.0,0.0,0,672
SUB_04332,SUB_04343,meso_SUB_04332_SUB_04343_fwd,1500000000.0,0.0,0.0,0,672
SUB_25387,SUB_25282,meso_SUB_25387_SUB_25282_rev,800000000.0,570516.4805601032,38792284.04785156,0,672
SUB_25387,SUB_25341,meso_SUB_25387_SUB_25341_rev,800000000.0,107862.87710300612,15043780.202963918,0,672
SUB_25387,SUB_25421,meso_SUB_25387_SUB_25421_fwd,800000000.0,0.0,0.0,0,672
SUB_04204,SUB_01250,meso_SUB_04204_SUB_01250_rev,1500000000.0,36006833.04560103,92219705.58184108,0,672
SUB_04204,SUB_01410,meso_SUB_04204_SUB_01410_rev,1500000000.0,3705940.2824882143,15209073.977126291,0,672
SUB_04204,SUB_01426,meso_SUB_04204_SUB_01426_rev,1500000000.0,8783020.96964748,25728003.83525747,0,672
SUB_04204,SUB_04328,meso_SUB_04204_SUB_04328_fwd,3000000000.0,12931045.340935934,25099858.21472875,0,672
SUB_04204,SUB_06270,meso_SUB_04204_SUB_06270_fwd,1500000000.0,0.0,0.0,0,672
SUB_04204,SUB_06380,meso_SUB_04204_SUB_06380_fwd,1500000000.0,1734312.6067290157,35463579.25257732,0,672
SUB_04204,SUB_HIFLD_2245,meso_SUB_04204_SUB_HIFLD_2245_fwd,3000000000.0,0.0,0.0,0,672
SUB_04204,SUB_01467,meso_SUB_04204_SUB_01467_rev,8000000000.0,308283.91995861236,88835278.0663313,0,672
SUB_01447,SUB_01222,meso_SUB_01447_SUB_01222_rev,1500000000.0,0.0,0.0,0,672
SUB_01447,SUB_HIFLD_10,meso_SUB_01447_SUB_HIFLD_10_fwd,3000000000.0,0.0,0.0,0,672
SUB_18257,SUB_18282,meso_SUB_18257_SUB_18282_fwd,1500000000.0,0.0,0.0,0,672
SUB_18257,SUB_18297,meso_SUB_18257_SUB_18297_fwd,1500000000.0,10470107.691789178,14348237.772282004,0,672
SUB_02414,SUB_02406,meso_SUB_02414_SUB_02406_rev,1200000000.0,0.0,0.0,0,672
SUB_02414,SUB_02408,meso_SUB_02414_SUB_02408_rev,600000000.0,0.0,0.0,0,672
SUB_02414,SUB_02424,meso_SUB_02414_SUB_02424_rev,50000000.0,633183.1337952649,1030927.8350515463,0,672
SUB_01311,SUB_01380,meso_SUB_01311_SUB_01380_fwd,1500000000.0,0.0,0.0,0,672
SUB_01311,SUB_HIFLD_2791,meso_SUB_01311_SUB_HIFLD_2791_fwd,1500000000.0,462655.8379994568,55836508.49365615,0,672
SUB_01311,SUB_HIFLD_28,meso_SUB_01311_SUB_HIFLD_28_fwd,3000000000.0,414656.39414350566,53509409.425271615,0,672
SUB_01311,SUB_01298,meso_SUB_01311_SUB_01298_rev,50000000.0,0.0,0.0,0,672
SUB_01311,SUB_01303,meso_SUB_01311_SUB_01303_rev,50000000.0,1747876.666934688,2780614.479300902,0,672
SUB_01311,SUB_01348,meso_SUB_01311_SUB_01348_rev,50000000.0,770284.1763877962,1154634.1414304124,0,672
SUB_18268,SUB_18303,meso_SUB_18268_SUB_18303_fwd,1500000000.0,0.0,0.0,0,672
SUB_18268,SUB_18304,meso_SUB_18268_SUB_18304_fwd,1500000000.0,23468284.741490245,34759406.85322896,0,672
SUB_04215,SUB_04318,meso_SUB_04215_SUB_04318_fwd,1500000000.0,0.0,0.0,0,672
SUB_04215,SUB_04330,meso_SUB_04215_SUB_04330_fwd,1500000000.0,0.0,0.0,0,672
SUB_04215,SUB_04256,meso_SUB_04215_SUB_04256_fwd,1500000000.0,0.0,0.0,0,672
SUB_04215,SUB_04257,meso_SUB_04215_SUB_04257_fwd,600000000.0,0.0,0.0,0,672
SUB_04215,SUB_04343,meso_SUB_04215_SUB_04343_fwd,1500000000.0,0.0,0.0,0,672
SUB_10314,SUB_10260,meso_SUB_10314_SUB_10260_rev,4000000000.0,0.0,0.0,0,672
SUB_10314,SUB_10293,meso_SUB_10314_SUB_10293_rev,8000000000.0,0.0,0.0,0,672
SUB_10314,SUB_HIFLD_3784,meso_SUB_10314_SUB_HIFLD_3784_fwd,8000000000.0,0.0,0.0,0,672
SUB_10314,WEC_CALN,iface_SUB_10314_WEC_CALN_to_ba,200000000.0,0.0,0.0,0,672
SUB_01409,SUB_01223,meso_SUB_01409_SUB_01223_rev,4000000000.0,0.0,0.0,0,672
SUB_01409,SUB_01380,meso_SUB_01409_SUB_01380_rev,4000000000.0,19620147.06033942,159579004.39201432,0,672
SUB_01409,SUB_01222,meso_SUB_01409_SUB_01222_rev,8000000000.0,1237640.5873434562,96179757.66738352,0,672
SUB_01409,SUB_01423,meso_SUB_01409_SUB_01423_fwd,4000000000.0,0.0,0.0,0,672
SUB_01409,SUB_01326,meso_SUB_01409_SUB_01326_rev,50000000.0,0.0,0.0,0,672
SUB_01409,SUB_01366,meso_SUB_01409_SUB_01366_rev,50000000.0,1069026.480624649,1560558.956185567,0,672
SUB_01409,SUB_01224,meso_SUB_01409_SUB_01224_rev,50000000.0,0.0,0.0,0,672
SUB_01409,WEC_CALN,iface_SUB_01409_WEC_CALN_to_ba,200000000.0,0.0,0.0,0,672
SUB_25360,SUB_25268,meso_SUB_25360_SUB_25268_rev,600000000.0,8255737.390228735,39344670.8984375,0,672
SUB_25360,SUB_25477,meso_SUB_25360_SUB_25477_rev,50000000.0,888229.5622404387,2746618.778189433,0,672
SUB_25360,SUB_HIFLD_3887,meso_SUB_25360_SUB_HIFLD_3887_rev,50000000.0,0.0,0.0,0,672
SUB_06319,SUB_06272,meso_SUB_06319_SUB_06272_rev,3000000000.0,0.0,0.0,0,672
SUB_06319,SUB_06317,meso_SUB_06319_SUB_06317_rev,3000000000.0,0.0,0.0,0,672
SUB_25339,SUB_25282,meso_SUB_25339_SUB_25282_rev,800000000.0,0.0,0.0,0,672
SUB_25339,SUB_25342,meso_SUB_25339_SUB_25342_fwd,800000000.0,0.0,0.0,0,672
SUB_25339,SUB_25395,meso_SUB_25339_SUB_25395_fwd,800000000.0,0.0,0.0,0,672
SUB_25339,SUB_25532,meso_SUB_25339_SUB_25532_fwd,600000000.0,13872557.093651757,70518733.89175257,0,672
SUB_25339,SUB_25526,meso_SUB_25339_SUB_25526_fwd,3000000000.0,0.0,0.0,0,672
SUB_01445,SUB_01202,meso_SUB_01445_SUB_01202_rev,3000000000.0,4599145.8819785,289269900.00692844,0,672
SUB_01445,SUB_01216,meso_SUB_01445_SUB_01216_rev,600000000.0,0.0,0.0,0,672
SUB_01445,SUB_01365,meso_SUB_01445_SUB_01365_rev,1500000000.0,33477.81378464472,18534516.938671876,0,672
SUB_01445,SUB_01391,meso_SUB_01445_SUB_01391_rev,3600000000.0,72611.39308534304,15014088.353737114,0,672
SUB_01445,SUB_HIFLD_130,meso_SUB_01445_SUB_HIFLD_130_fwd,1500000000.0,0.0,0.0,0,672
SUB_01445,SUB_HIFLD_4325,meso_SUB_01445_SUB_HIFLD_4325_fwd,3000000000.0,0.0,0.0,0,672
SUB_01472,SUB_01222,meso_SUB_01472_SUB_01222_rev,1500000000.0,0.0,0.0,0,672
SUB_01472,SUB_08283,meso_SUB_01472_SUB_08283_fwd,1500000000.0,0.0,0.0,0,672
SUB_01472,SUB_08389,meso_SUB_01472_SUB_08389_fwd,1500000000.0,0.0,0.0,0,672
SUB_01472,SUB_08219,meso_SUB_01472_SUB_08219_fwd,1500000000.0,91395.02065169007,16643355.347938145,0,672
SUB_19240,SUB_19217,meso_SUB_19240_SUB_19217_rev,600000000.0,0.0,0.0,0,672
SUB_08225,SUB_08226,meso_SUB_08225_SUB_08226_fwd,1500000000.0,0.0,0.0,0,672
SUB_08225,SUB_08292,meso_SUB_08225_SUB_08292_fwd,1500000000.0,0.0,0.0,0,672
SUB_02419,SUB_02210,meso_SUB_02419_SUB_02210_rev,4000000000.0,0.0,0.0,0,672
SUB_02419,SUB_02401,meso_SUB_02419_SUB_02401_rev,3000000000.0,75786655.92903358,100282868.87886597,0,672
SUB_02419,SUB_02404,meso_SUB_02419_SUB_02404_rev,600000000.0,19168226.79759574,32743315.394093856,0,672
SUB_02419,SUB_02405,meso_SUB_02419_SUB_02405_rev,1500000000.0,9050451.808474377,13079392.517719071,0,672
SUB_02419,SUB_02426,meso_SUB_02419_SUB_02426_fwd,2100000000.0,115827780.2242636,172597087.83978882,0,672
SUB_02419,SUB_HIFLD_10,meso_SUB_02419_SUB_HIFLD_10_fwd,4000000000.0,0.0,0.0,0,672
SUB_02419,SUB_01216,meso_SUB_02419_SUB_01216_rev,4000000000.0,68393.88794479948,45960692.69890525,0,672
SUB_02419,SUB_02403,meso_SUB_02419_SUB_02403_rev,3000000000.0,52101055.168110654,72012048.96907216,0,672
SUB_02419,SUB_HIFLD_2049,meso_SUB_02419_SUB_HIFLD_2049_fwd,1500000000.0,0.0,0.0,0,672
SUB_02419,SUB_HIFLD_2068,meso_SUB_02419_SUB_HIFLD_2068_fwd,1500000000.0,33194400.75883822,42708124.36895525,0,672
SUB_02419,WEC_CALN,iface_SUB_02419_WEC_CALN_to_ba,6800000000.0,0.0,0.0,0,672
SUB_02413,SUB_02408,meso_SUB_02413_SUB_02408_rev,600000000.0,0.0,0.0,0,672
SUB_02413,SUB_02412,meso_SUB_02413_SUB_02412_rev,1200000000.0,0.0,0.0,0,672
SUB_02413,SUB_HIFLD_2048,meso_SUB_02413_SUB_HIFLD_2048_fwd,600000000.0,4261443.520996813,6367551.949097938,0,672
SUB_02413,SUB_HIFLD_2056,meso_SUB_02413_SUB_HIFLD_2056_fwd,600000000.0,4249653.511367788,6646134.524001288,0,672
SUB_02413,SUB_HIFLD_2062,meso_SUB_02413_SUB_HIFLD_2062_fwd,600000000.0,16728895.781528868,24295944.730548043,0,672
SUB_04202,SUB_04230,meso_SUB_04202_SUB_04230_fwd,600000000.0,0.0,0.0,0,672
SUB_04202,SUB_04246,meso_SUB_04202_SUB_04246_fwd,600000000.0,0.0,0.0,0,672
SUB_04202,SUB_04272,meso_SUB_04202_SUB_04272_fwd,1500000000.0,0.0,0.0,0,672
SUB_04202,SUB_04329,meso_SUB_04202_SUB_04329_fwd,1500000000.0,34657044.9789169,63999561.050257735,0,672
SUB_08224,SUB_HIFLD_2131,meso_SUB_08224_SUB_HIFLD_2131_fwd,234373632.7209014,0.0,0.0,0,672
SUB_02408,SUB_02412,meso_SUB_02408_SUB_02412_fwd,600000000.0,5869277.2087655235,9759605.549291236,0,672
SUB_02408,SUB_02413,meso_SUB_02408_SUB_02413_fwd,600000000.0,53652834.25308382,79208870.47760825,0,672
SUB_02408,SUB_02414,meso_SUB_02408_SUB_02414_fwd,600000000.0,9650382.364118226,13513685.772515012,0,672
SUB_02408,SUB_02425,meso_SUB_02408_SUB_02425_fwd,600000000.0,17593222.696101133,26415564.594072163,0,672
SUB_02408,SUB_08348,meso_SUB_02408_SUB_08348_fwd,600000000.0,0.0,0.0,0,672
SUB_02408,SUB_02210,meso_SUB_02408_SUB_02210_rev,4000000000.0,0.0,0.0,0,672
SUB_02408,SUB_02270,meso_SUB_02408_SUB_02270_rev,600000000.0,0.0,0.0,0,672
SUB_25405,SUB_25464,meso_SUB_25405_SUB_25464_fwd,181551718.99753124,27305009.342612907,181551718.99753124,50,672
SUB_25456,SUB_25469,meso_SUB_25456_SUB_25469_fwd,1500000000.0,15807.220622143675,24136.614062122462,0,672
SUB_25456,SUB_25286,meso_SUB_25456_SUB_25286_fwd,156121312.74744093,0.0,0.0,0,672
SUB_18261,SUB_18266,meso_SUB_18261_SUB_18266_fwd,600000000.0,2505134.4562464813,15271767.277325861,0,672
SUB_18261,SUB_18254,meso_SUB_18261_SUB_18254_fwd,958964896.261608,0.0,0.0,0,672
SUB_08389,SUB_01472,meso_SUB_08389_SUB_01472_rev,1500000000.0,4698463.684715818,79020103.09278351,0,672
SUB_08389,SUB_08283,meso_SUB_08389_SUB_08283_rev,1500000000.0,1239646.8334716936,99202013.53092784,0,672
SUB_08389,SUB_08380,meso_SUB_08389_SUB_08380_rev,1500000000.0,0.0,0.0,0,672
SUB_08389,SUB_HIFLD_1020,meso_SUB_08389_SUB_HIFLD_1020_fwd,1500000000.0,0.0,0.0,0,672
SUB_08390,SUB_01222,meso_SUB_08390_SUB_01222_rev,1500000000.0,0.0,0.0,0,672
SUB_08390,SUB_HIFLD_2121,meso_SUB_08390_SUB_HIFLD_2121_fwd,1500000000.0,0.0,0.0,0,672
SUB_08390,SUB_HIFLD_3025,meso_SUB_08390_SUB_HIFLD_3025_fwd,1500000000.0,0.0,0.0,0,672
SUB_08390,SUB_08203,meso_SUB_08390_SUB_08203_rev,1500000000.0,1203237.400435741,72933698.45360824,0,672
SUB_16237,SUB_16348,meso_SUB_16237_SUB_16348_fwd,3600000000.0,0.0,0.0,0,672
SUB_16237,SUB_HIFLD_3849,meso_SUB_16237_SUB_HIFLD_3849_fwd,600000000.0,0.0,0.0,0,672
SUB_16237,SUB_HIFLD_4426,meso_SUB_16237_SUB_HIFLD_4426_fwd,600000000.0,0.0,0.0,0,672
SUB_16237,SUB_HIFLD_982,meso_SUB_16237_SUB_HIFLD_982_fwd,1500000000.0,0.0,0.0,0,672
SUB_16237,SUB_16288,meso_SUB_16237_SUB_16288_fwd,3000000000.0,0.0,0.0,0,672
SUB_10204,SUB_10308,meso_SUB_10204_SUB_10308_fwd,1500000000.0,0.0,0.0,0,672
SUB_10204,SUB_10297,meso_SUB_10204_SUB_10297_fwd,1500000000.0,0.0,0.0,0,672
SUB_25224,SUB_25217,meso_SUB_25224_SUB_25217_rev,3000000000.0,0.0,0.0,0,672
SUB_25224,SUB_25230,meso_SUB_25224_SUB_25230_fwd,600000000.0,16305570.557659376,26873348.904639177,0,672
SUB_25224,SUB_25235,meso_SUB_25224_SUB_25235_fwd,1500000000.0,0.0,0.0,0,672
SUB_25224,SUB_25270,meso_SUB_25224_SUB_25270_fwd,800000000.0,0.0,0.0,0,672
SUB_25224,SUB_25412,meso_SUB_25224_SUB_25412_fwd,1500000000.0,0.0,0.0,0,672
SUB_25224,SUB_HIFLD_2722,meso_SUB_25224_SUB_HIFLD_2722_fwd,600000000.0,2358501.7638234864,3611508.683661891,0,672
SUB_02269,SUB_HIFLD_2068,meso_SUB_02269_SUB_HIFLD_2068_fwd,1500000000.0,0.0,0.0,0,672
SUB_02269,SUB_HIFLD_3835,meso_SUB_02269_SUB_HIFLD_3835_fwd,600000000.0,0.0,0.0,0,672
SUB_25318,SUB_25450,meso_SUB_25318_SUB_25450_fwd,161329040.46452495,0.0,0.0,0,672
SUB_10297,SUB_10307,meso_SUB_10297_SUB_10307_fwd,1500000000.0,18416695.488880415,34877692.02857637,0,672
SUB_10297,SUB_10375,meso_SUB_10297_SUB_10375_fwd,1500000000.0,0.0,0.0,0,672
SUB_10297,SUB_10204,meso_SUB_10297_SUB_10204_rev,1500000000.0,15997930.762881324,30123238.160438143,0,672
SUB_10211,SUB_10260,meso_SUB_10211_SUB_10260_fwd,600000000.0,0.0,0.0,0,672
SUB_10211,SUB_10284,meso_SUB_10211_SUB_10284_fwd,600000000.0,9481782.057660466,18580336.88448228,0,672
SUB_10211,SUB_10212,meso_SUB_10211_SUB_10212_rev,62870025.5258172,3037370.3929917975,5780600.636275773,0,672
SUB_08246,SUB_HIFLD_1020,meso_SUB_08246_SUB_HIFLD_1020_fwd,3000000000.0,0.0,0.0,0,672
SUB_08246,SUB_HIFLD_1423,meso_SUB_08246_SUB_HIFLD_1423_fwd,1500000000.0,0.0,0.0,0,672
SUB_08246,SUB_01222,meso_SUB_08246_SUB_01222_rev,3000000000.0,0.0,0.0,0,672
SUB_08246,SUB_HIFLD_2117,meso_SUB_08246_SUB_HIFLD_2117_fwd,1500000000.0,0.0,0.0,0,672
SUB_16357,SUB_16261,meso_SUB_16357_SUB_16261_rev,3000000000.0,0.0,0.0,0,672
SUB_16357,SUB_16298,meso_SUB_16357_SUB_16298_rev,3000000000.0,0.0,0.0,0,672
SUB_25314,SUB_25208,meso_SUB_25314_SUB_25208_rev,800000000.0,0.0,0.0,0,672
SUB_06205,SUB_06207,meso_SUB_06205_SUB_06207_fwd,600000000.0,14083558.280624302,21014046.875,0,672
SUB_25430,SUB_16371,meso_SUB_25430_SUB_16371_rev,4000000000.0,0.0,0.0,0,672
SUB_25430,SUB_HIFLD_1851,meso_SUB_25430_SUB_HIFLD_1851_fwd,4000000000.0,0.0,0.0,0,672
SUB_25430,SUB_HIFLD_74,meso_SUB_25430_SUB_HIFLD_74_fwd,4000000000.0,0.0,0.0,0,672
SUB_25430,WEC_CALN,iface_SUB_25430_WEC_CALN_to_ba,200000000.0,0.0,0.0,0,672
SUB_25408,SUB_25235,meso_SUB_25408_SUB_25235_rev,1500000000.0,0.0,0.0,0,672
SUB_25408,SUB_HIFLD_1190,meso_SUB_25408_SUB_HIFLD_1190_fwd,3000000000.0,0.0,0.0,0,672
SUB_25408,SUB_25206,meso_SUB_25408_SUB_25206_rev,1500000000.0,296552.5781864914,22663206.224090636,0,672
SUB_25285,SUB_25396,meso_SUB_25285_SUB_25396_fwd,1500000000.0,47025336.11006873,97918918.37506184,0,672
SUB_25285,SUB_25529,meso_SUB_25285_SUB_25529_fwd,2014832352.2442186,0.0,0.0,0,672
SUB_01466,SUB_01365,meso_SUB_01466_SUB_01365_rev,12000000000.0,0.0,0.0,0,672
SUB_01466,SUB_01423,meso_SUB_01466_SUB_01423_rev,12000000000.0,0.0,0.0,0,672
SUB_01466,SUB_01216,meso_SUB_01466_SUB_01216_rev,4000000000.0,60416.91863626653,40600169.32357111,0,672
SUB_01466,SUB_01324,meso_SUB_01466_SUB_01324_rev,4000000000.0,0.0,0.0,0,672
SUB_01466,WEC_CALN,iface_SUB_01466_WEC_CALN_to_ba,200000000.0,0.0,0.0,0,672
SUB_04256,SUB_04209,meso_SUB_04256_SUB_04209_rev,600000000.0,20478503.823395047,29952696.035164695,0,672
SUB_04256,SUB_04214,meso_SUB_04256_SUB_04214_rev,600000000.0,29856891.663697924,93865014.18258218,0,672
SUB_04256,SUB_04257,meso_SUB_04256_SUB_04257_fwd,600000000.0,25532329.58816581,36345449.420103095,0,672
SUB_04256,SUB_04275,meso_SUB_04256_SUB_04275_fwd,1200000000.0,7053508.61284858,10621103.81765464,0,672
SUB_04256,SUB_04282,meso_SUB_04256_SUB_04282_fwd,3000000000.0,4614983.503408158,20867036.607823085,0,672
SUB_04256,SUB_04330,meso_SUB_04256_SUB_04330_fwd,1500000000.0,44633457.67983406,72166425.38892284,0,672
SUB_04256,SUB_04332,meso_SUB_04256_SUB_04332_fwd,1500000000.0,14493095.105807455,25303656.57216495,0,672
SUB_04256,SUB_04337,meso_SUB_04256_SUB_04337_fwd,12000000000.0,0.0,0.0,0,672
SUB_04256,SUB_04343,meso_SUB_04256_SUB_04343_fwd,1500000000.0,26060590.624980006,96399922.32337388,0,672
SUB_04256,SUB_04215,meso_SUB_04256_SUB_04215_rev,1500000000.0,47640032.51852449,72962830.21907216,0,672
SUB_04256,SUB_04248,meso_SUB_04256_SUB_04248_rev,4000000000.0,0.0,0.0,0,672
SUB_04256,SUB_04271,meso_SUB_04256_SUB_04271_fwd,600000000.0,29219067.76516962,45662049.38423318,0,672
SUB_04256,SUB_HIFLD_2713,meso_SUB_04256_SUB_HIFLD_2713_rev,50000000.0,0.0,0.0,0,672
SUB_04256,WEC_CALN,iface_SUB_04256_WEC_CALN_to_ba,15350000000.0,0.0,0.0,0,672
SUB_25477,SUB_25360,meso_SUB_25477_SUB_25360_fwd,50000000.0,16604720.992355011,50000000.0,158,672
SUB_08203,SUB_08348,meso_SUB_08203_SUB_08348_fwd,1500000000.0,0.0,0.0,0,672
SUB_08203,SUB_08361,meso_SUB_08203_SUB_08361_fwd,3600000000.0,0.0,0.0,0,672
SUB_08203,SUB_08363,meso_SUB_08203_SUB_08363_fwd,1500000000.0,500444.9570089342,43781266.10824742,0,672
SUB_08203,SUB_HIFLD_2149,meso_SUB_08203_SUB_HIFLD_2149_fwd,1500000000.0,0.0,0.0,0,672
SUB_08203,SUB_08390,meso_SUB_08203_SUB_08390_fwd,1500000000.0,0.0,0.0,0,672
SUB_08203,SUB_HIFLD_2058,meso_SUB_08203_SUB_HIFLD_2058_fwd,1500000000.0,0.0,0.0,0,672
SUB_18358,SUB_08284,meso_SUB_18358_SUB_08284_rev,600000000.0,0.0,0.0,0,672
SUB_18358,SUB_08293,meso_SUB_18358_SUB_08293_rev,600000000.0,860049.8650784461,1286213.1020457475,0,672
SUB_18358,SUB_08304,meso_SUB_18358_SUB_08304_rev,50000000.0,2114501.980841013,3171458.450789304,0,672
SUB_25347,SUB_25231,meso_SUB_25347_SUB_25231_rev,600000000.0,0.0,0.0,0,672
SUB_25347,SUB_25245,meso_SUB_25347_SUB_25245_rev,600000000.0,869441.00965487,21180321.789661355,0,672
SUB_25347,SUB_25446,meso_SUB_25347_SUB_25446_fwd,1500000000.0,0.0,0.0,0,672
SUB_25347,SUB_25539,meso_SUB_25347_SUB_25539_fwd,1500000000.0,5535487.718153449,26398079.22610868,0,672
SUB_25226,SUB_HIFLD_1844,meso_SUB_25226_SUB_HIFLD_1844_fwd,253454082.37502393,0.0,0.0,0,672
SUB_04248,SUB_01467,meso_SUB_04248_SUB_01467_rev,4000000000.0,0.0,0.0,0,672
SUB_04248,SUB_04201,meso_SUB_04248_SUB_04201_rev,1500000000.0,83430496.33982804,126259138.27518864,0,672
SUB_04248,SUB_04221,meso_SUB_04248_SUB_04221_rev,600000000.0,6816115.77441313,13553581.302345363,0,672
SUB_04248,SUB_04229,meso_SUB_04248_SUB_04229_rev,600000000.0,4499704.834732761,6746601.995305359,0,672
SUB_04248,SUB_04299,meso_SUB_04248_SUB_04299_fwd,1500000000.0,19826156.309087545,29502446.44007732,0,672
SUB_04248,SUB_04302,meso_SUB_04248_SUB_04302_fwd,600000000.0,5820179.658556574,9020310.486469071,0,672
SUB_04248,SUB_04309,meso_SUB_04248_SUB_04309_fwd,600000000.0,17226365.570982236,23737260.38981959,0,672
SUB_04248,SUB_04320,meso_SUB_04248_SUB_04320_fwd,600000000.0,10327350.356898358,17335113.965850517,0,672
SUB_04248,SUB_04337,meso_SUB_04248_SUB_04337_fwd,9500000000.0,0.0,0.0,0,672
SUB_04248,SUB_06380,meso_SUB_04248_SUB_06380_fwd,3000000000.0,12321514.641089305,61202896.27559822,0,672
SUB_04248,SUB_04249,meso_SUB_04248_SUB_04249_fwd,1500000000.0,9962211.836607479,14688113.120167525,0,672
SUB_04248,SUB_04256,meso_SUB_04248_SUB_04256_fwd,4000000000.0,0.0,0.0,0,672
SUB_04248,WEC_CALN,iface_SUB_04248_WEC_CALN_to_ba,4000000000.0,0.0,0.0,0,672
SUB_18297,SUB_18257,meso_SUB_18297_SUB_18257_rev,1500000000.0,0.0,0.0,0,672
SUB_18297,SUB_HIFLD_2086,meso_SUB_18297_SUB_HIFLD_2086_fwd,1500000000.0,0.0,0.0,0,672
SUB_18297,SUB_HIFLD_4291,meso_SUB_18297_SUB_HIFLD_4291_fwd,3000000000.0,6497118.857630324,8901193.959426047,0,672
SUB_16282,SUB_16298,meso_SUB_16282_SUB_16298_fwd,1500000000.0,21180.51789417576,8286800.626155353,0,672
SUB_16282,SUB_16378,meso_SUB_16282_SUB_16378_fwd,1500000000.0,0.0,0.0,0,672
SUB_16282,SUB_16261,meso_SUB_16282_SUB_16261_rev,3000000000.0,30231297.272211734,32783336.9140625,0,672
SUB_08362,SUB_08319,meso_SUB_08362_SUB_08319_rev,1500000000.0,0.0,0.0,0,672
SUB_08362,SUB_08325,meso_SUB_08362_SUB_08325_rev,1500000000.0,0.0,0.0,0,672
SUB_08362,SUB_08314,meso_SUB_08362_SUB_08314_rev,50000000.0,0.0,0.0,0,672
SUB_25276,SUB_25221,meso_SUB_25276_SUB_25221_rev,1600000000.0,0.0,0.0,0,672
SUB_25276,SUB_25270,meso_SUB_25276_SUB_25270_rev,1600000000.0,0.0,0.0,0,672
SUB_25276,SUB_25461,meso_SUB_25276_SUB_25461_fwd,1600000000.0,0.0,0.0,0,672
SUB_25276,SUB_25539,meso_SUB_25276_SUB_25539_fwd,800000000.0,7922583.13237121,29468012.082431044,0,672
SUB_25276,SUB_25512,meso_SUB_25276_SUB_25512_fwd,4500000000.0,21188.77547596036,14238857.11984536,0,672
SUB_19233,SUB_19212,meso_SUB_19233_SUB_19212_rev,600000000.0,9983796.418479804,15147210.252899485,0,672
SUB_19233,SUB_19215,meso_SUB_19233_SUB_19215_rev,600000000.0,6208557.221368407,18830004.86983872,0,672
SUB_19233,SUB_19243,meso_SUB_19233_SUB_19243_fwd,1200000000.0,0.0,0.0,0,672
SUB_15276,SUB_15308,meso_SUB_15276_SUB_15308_fwd,3000000000.0,16150188.749048367,26869152.706185568,0,672
SUB_15276,SUB_15366,meso_SUB_15276_SUB_15366_rev,185988094.71895236,11796510.188346641,18327659.87435567,0,672
SUB_15276,WEC_CALN,iface_SUB_15276_WEC_CALN_to_ba,206000000.0,0.0,0.0,0,672
SUB_16277,SUB_16247,meso_SUB_16277_SUB_16247_rev,3000000000.0,0.0,0.0,0,672
SUB_16277,SUB_16261,meso_SUB_16277_SUB_16261_rev,1500000000.0,4187082.435422354,49135591.13407635,0,672
SUB_16277,SUB_HIFLD_1406,meso_SUB_16277_SUB_HIFLD_1406_fwd,1500000000.0,0.0,0.0,0,672
SUB_16277,SUB_16270,meso_SUB_16277_SUB_16270_rev,1500000000.0,24495231.23269595,70418363.40206185,0,672
SUB_16277,SUB_16309,meso_SUB_16277_SUB_16309_rev,50000000.0,0.0,0.0,0,672
SUB_08343,SUB_08202,meso_SUB_08343_SUB_08202_rev,600000000.0,3915379.987459641,66377917.77237884,0,672
SUB_08343,SUB_08292,meso_SUB_08343_SUB_08292_rev,1500000000.0,6012307.69763998,121995779.39007865,0,672
SUB_08343,SUB_08295,meso_SUB_08343_SUB_08295_rev,1500000000.0,279692.3007330659,78294925.90206185,0,672
SUB_08343,SUB_08377,meso_SUB_08343_SUB_08377_fwd,4000000000.0,0.0,0.0,0,672
SUB_08343,SUB_HIFLD_1432,meso_SUB_08343_SUB_HIFLD_1432_fwd,4000000000.0,0.0,0.0,0,672
SUB_08343,WEC_CALN,iface_SUB_08343_WEC_CALN_to_ba,8400000000.0,0.0,0.0,0,672
SUB_04318,SUB_04215,meso_SUB_04318_SUB_04215_rev,1500000000.0,0.0,0.0,0,672
SUB_04318,SUB_04349,meso_SUB_04318_SUB_04349_fwd,1500000000.0,0.0,0.0,0,672
SUB_04318,SUB_04337,meso_SUB_04318_SUB_04337_fwd,1500000000.0,0.0,0.0,0,672
SUB_04318,SUB_04347,meso_SUB_04318_SUB_04347_fwd,1500000000.0,0.0,0.0,0,672
SUB_08342,SUB_01222,meso_SUB_08342_SUB_01222_rev,3000000000.0,0.0,0.0,0,672
SUB_08342,SUB_08361,meso_SUB_08342_SUB_08361_fwd,3000000000.0,0.0,0.0,0,672
SUB_08342,SUB_08300,meso_SUB_08342_SUB_08300_rev,1500000000.0,19168312.08793632,30532112.600801095,0,672
SUB_08342,SUB_HIFLD_3163,meso_SUB_08342_SUB_HIFLD_3163_fwd,1500000000.0,3050296.4625446415,12000104.181874966,0,672
SUB_08318,SUB_08324,meso_SUB_08318_SUB_08324_fwd,1500000000.0,34234860.10849201,110964841.53527167,0,672
SUB_08318,SUB_18249,meso_SUB_08318_SUB_18249_fwd,3000000000.0,41906285.23699893,78626233.86653157,0,672
SUB_08318,SUB_HIFLD_1434,meso_SUB_08318_SUB_HIFLD_1434_fwd,1500000000.0,0.0,0.0,0,672
SUB_08318,SUB_18274,meso_SUB_08318_SUB_18274_fwd,1500000000.0,6133869.943816228,8502984.115109203,0,672
SUB_16345,SUB_HIFLD_74,meso_SUB_16345_SUB_HIFLD_74_fwd,167891636.4455201,0.0,0.0,0,672
SUB_08348,SUB_02408,meso_SUB_08348_SUB_02408_rev,600000000.0,0.0,0.0,0,672
SUB_08348,SUB_08203,meso_SUB_08348_SUB_08203_rev,1500000000.0,61393431.38693192,126628131.23137833,0,672
SUB_08348,SUB_08216,meso_SUB_08348_SUB_08216_rev,1200000000.0,16402907.58193582,52332732.46979613,0,672
SUB_08348,SUB_08284,meso_SUB_08348_SUB_08284_rev,600000000.0,9221359.35631131,13264973.622477345,0,672
SUB_08348,SUB_08337,meso_SUB_08348_SUB_08337_rev,1500000000.0,0.0,0.0,0,672
SUB_08348,SUB_08367,meso_SUB_08348_SUB_08367_fwd,1500000000.0,34230317.2264783,53131408.09595877,0,672
SUB_08348,SUB_HIFLD_1432,meso_SUB_08348_SUB_HIFLD_1432_fwd,1500000000.0,0.0,0.0,0,672
SUB_25271,SUB_25236,meso_SUB_25271_SUB_25236_rev,600000000.0,0.0,0.0,0,672
SUB_01376,SUB_HIFLD_10,meso_SUB_01376_SUB_HIFLD_10_fwd,3000000000.0,0.0,0.0,0,672
SUB_25230,SUB_25224,meso_SUB_25230_SUB_25224_rev,600000000.0,0.0,0.0,0,672
SUB_10322,SUB_HIFLD_1086,meso_SUB_10322_SUB_HIFLD_1086_fwd,50000000.0,13849606.746582758,14023432.037353516,0,672
SUB_18266,SUB_18261,meso_SUB_18266_SUB_18261_rev,600000000.0,5324824.5648162635,34290065.466308594,0,672
SUB_18266,SUB_25216,meso_SUB_18266_SUB_25216_fwd,600000000.0,123318.88365571426,8090235.841037338,0,672
SUB_18295,SUB_18263,meso_SUB_18295_SUB_18263_rev,1500000000.0,0.0,0.0,0,672
SUB_18295,SUB_18301,meso_SUB_18295_SUB_18301_fwd,1500000000.0,0.0,0.0,0,672
SUB_25297,SUB_25277,meso_SUB_25297_SUB_25277_rev,800000000.0,0.0,0.0,0,672
SUB_25297,SUB_25348,meso_SUB_25297_SUB_25348_fwd,1600000000.0,27004.021171403285,1306258.7740336712,0,672
SUB_25297,SUB_25380,meso_SUB_25297_SUB_25380_fwd,800000000.0,6037233.634705876,11692589.199420104,0,672
SUB_25297,SUB_25407,meso_SUB_25297_SUB_25407_fwd,800000000.0,0.0,0.0,0,672
SUB_25297,SUB_HIFLD_1232,meso_SUB_25297_SUB_HIFLD_1232_fwd,800000000.0,0.0,0.0,0,672
SUB_25297,SUB_HIFLD_411,meso_SUB_25297_SUB_HIFLD_411_fwd,800000000.0,5596822.407589178,12763373.996970983,0,672
SUB_19238,SUB_19215,meso_SUB_19238_SUB_19215_fwd,84903381.19886425,0.0,0.0,0,672
SUB_25277,SUB_25297,meso_SUB_25277_SUB_25297_fwd,800000000.0,8911925.958046118,37116284.72518018,0,672
SUB_25277,SUB_25395,meso_SUB_25277_SUB_25395_fwd,1500000000.0,2082296.8925812934,39827943.74184523,0,672
SUB_25277,SUB_25407,meso_SUB_25277_SUB_25407_fwd,1500000000.0,2554667.2628216497,221433932.58117726,0,672
SUB_25277,SUB_25526,meso_SUB_25277_SUB_25526_fwd,1500000000.0,385021.27276334,122414778.15096115,0,672
SUB_25277,SUB_HIFLD_1232,meso_SUB_25277_SUB_HIFLD_1232_fwd,800000000.0,0.0,0.0,0,672
SUB_25277,SUB_25272,meso_SUB_25277_SUB_25272_rev,1500000000.0,0.0,0.0,0,672
SUB_25277,SUB_HIFLD_333,meso_SUB_25277_SUB_HIFLD_333_fwd,8000000000.0,0.0,0.0,0,672
SUB_04205,SUB_01467,meso_SUB_04205_SUB_01467_rev,4000000000.0,0.0,0.0,0,672
SUB_04205,SUB_04325,meso_SUB_04205_SUB_04325_fwd,8000000000.0,0.0,0.0,0,672
SUB_04205,SUB_06364,meso_SUB_04205_SUB_06364_fwd,8000000000.0,0.0,0.0,0,672
SUB_04205,SUB_01380,meso_SUB_04205_SUB_01380_rev,4000000000.0,0.0,0.0,0,672
SUB_04205,SUB_06359,meso_SUB_04205_SUB_06359_fwd,4000000000.0,0.0,0.0,0,672
SUB_04205,SUB_04265,meso_SUB_04205_SUB_04265_rev,412405481.7635174,29453503.001479466,42516027.706185564,0,672
SUB_04205,WEC_CALN,iface_SUB_04205_WEC_CALN_to_ba,31587594518.236485,0.0,0.0,0,672
SUB_01296,SUB_01430,meso_SUB_01296_SUB_01430_fwd,50000000.0,0.0,0.0,0,672
SUB_25993,SUB_HIFLD_1171,meso_SUB_25993_SUB_HIFLD_1171_fwd,50000000.0,50000000.0,50000000.0,672,672
SUB_16378,SUB_16282,meso_SUB_16378_SUB_16282_rev,1500000000.0,0.0,0.0,0,672
SUB_16378,SUB_16298,meso_SUB_16378_SUB_16298_rev,1500000000.0,8802.482723094794,2489947.873172726,0,672
SUB_16378,SUB_16319,meso_SUB_16378_SUB_16319_rev,1500000000.0,8143294.5468760375,49488897.39046392,0,672
SUB_16378,SUB_16335,meso_SUB_16378_SUB_16335_rev,1500000000.0,1059922.0029195694,13953420.653324617,0,672
SUB_16378,SUB_16376,meso_SUB_16378_SUB_16376_rev,1500000000.0,3767484.2423284464,11541481.804115409,0,672
SUB_16378,SUB_HIFLD_74,meso_SUB_16378_SUB_HIFLD_74_fwd,1500000000.0,0.0,0.0,0,672
SUB_01368,SUB_HIFLD_11,meso_SUB_01368_SUB_HIFLD_11_fwd,1500000000.0,0.0,0.0,0,672
SUB_01368,SUB_HIFLD_2989,meso_SUB_01368_SUB_HIFLD_2989_fwd,1500000000.0,0.0,0.0,0,672
SUB_04321,SUB_04214,meso_SUB_04321_SUB_04214_rev,600000000.0,0.0,0.0,0,672
SUB_04321,SUB_04287,meso_SUB_04321_SUB_04287_rev,600000000.0,17346.734435114362,1815742.4140222296,0,672
SUB_16376,SUB_16378,meso_SUB_16376_SUB_16378_fwd,1500000000.0,0.0,0.0,0,672
SUB_16376,SUB_16335,meso_SUB_16376_SUB_16335_rev,1500000000.0,0.0,0.0,0,672
SUB_16376,SUB_16324,meso_SUB_16376_SUB_16324_rev,50000000.0,966267.339962045,1542768.9070554124,0,672
SUB_02418,SUB_02426,meso_SUB_02418_SUB_02426_fwd,380672811.9540428,0.0,0.0,0,672
SUB_10318,SUB_10236,meso_SUB_10318_SUB_10236_rev,600000000.0,3967.283096276022,182763.16849226804,0,672
SUB_08295,SUB_08343,meso_SUB_08295_SUB_08343_fwd,1500000000.0,0.0,0.0,0,672
SUB_08295,SUB_HIFLD_1432,meso_SUB_08295_SUB_HIFLD_1432_fwd,4500000000.0,0.0,0.0,0,672
SUB_08295,SUB_08296,meso_SUB_08295_SUB_08296_fwd,1500000000.0,0.0,0.0,0,672
SUB_04350,SUB_HIFLD_1360,meso_SUB_04350_SUB_HIFLD_1360_fwd,197171878.94974396,0.0,0.0,0,672
SUB_04350,WEC_CALN,iface_SUB_04350_WEC_CALN_to_ba,50000000.0,0.0,0.0,0,672
SUB_18318,SUB_18274,meso_SUB_18318_SUB_18274_fwd,50000000.0,0.0,0.0,0,672
SUB_08300,SUB_08299,meso_SUB_08300_SUB_08299_rev,1500000000.0,9317416.775852779,13011979.502255155,0,672
SUB_08300,SUB_08342,meso_SUB_08300_SUB_08342_fwd,1500000000.0,0.0,0.0,0,672
SUB_10285,SUB_06283,meso_SUB_10285_SUB_06283_rev,1200000000.0,9662306.76655564,22769492.173780225,0,672
SUB_10285,SUB_10260,meso_SUB_10285_SUB_10260_rev,1200000000.0,0.0,0.0,0,672
SUB_10308,SUB_10204,meso_SUB_10308_SUB_10204_rev,1500000000.0,0.0,0.0,0,672
SUB_10308,SUB_10217,meso_SUB_10308_SUB_10217_rev,1500000000.0,835648.0935068182,3019596.689755155,0,672
SUB_10308,SUB_10294,meso_SUB_10308_SUB_10294_rev,1500000000.0,12373990.60501195,22724701.477535155,0,672
SUB_10308,SUB_10307,meso_SUB_10308_SUB_10307_rev,3000000000.0,0.0,0.0,0,672
SUB_10308,SUB_10325,meso_SUB_10308_SUB_10325_fwd,1500000000.0,8840305.41879132,30709995.114955653,0,672
SUB_10308,SUB_10205,meso_SUB_10308_SUB_10205_rev,1500000000.0,63766.34690477149,10591409.270296391,0,672
SUB_10308,SUB_10283,meso_SUB_10308_SUB_10283_rev,3000000000.0,0.0,0.0,0,672
SUB_25391,SUB_25407,meso_SUB_25391_SUB_25407_fwd,3000000000.0,0.0,0.0,0,672
SUB_25391,SUB_HIFLD_2869,meso_SUB_25391_SUB_HIFLD_2869_fwd,1500000000.0,0.0,0.0,0,672
SUB_25391,SUB_HIFLD_369,meso_SUB_25391_SUB_HIFLD_369_rev,50000000.0,0.0,0.0,0,672
SUB_04343,SUB_04256,meso_SUB_04343_SUB_04256_rev,1500000000.0,0.0,0.0,0,672
SUB_04343,SUB_04271,meso_SUB_04343_SUB_04271_rev,600000000.0,0.0,0.0,0,672
SUB_04343,SUB_04305,meso_SUB_04343_SUB_04305_rev,1500000000.0,1348025.3157398612,2674003.8055734537,0,672
SUB_04343,SUB_04307,meso_SUB_04343_SUB_04307_rev,600000000.0,0.0,0.0,0,672
SUB_04343,SUB_04329,meso_SUB_04343_SUB_04329_rev,1500000000.0,182109.02562841342,58477045.74742268,0,672
SUB_04343,SUB_04215,meso_SUB_04343_SUB_04215_rev,1500000000.0,0.0,0.0,0,672
SUB_04343,SUB_04332,meso_SUB_04343_SUB_04332_rev,1500000000.0,0.0,0.0,0,672
SUB_04343,SUB_06368,meso_SUB_04343_SUB_06368_fwd,3000000000.0,0.0,0.0,0,672
SUB_01416,SUB_01365,meso_SUB_01416_SUB_01365_rev,4000000000.0,0.0,0.0,0,672
SUB_01416,SUB_01380,meso_SUB_01416_SUB_01380_rev,4000000000.0,0.0,0.0,0,672
SUB_25209,SUB_25464,meso_SUB_25209_SUB_25464_fwd,538567509.8954275,30454.783850459076,20465614.7475085,0,672
SUB_25209,WEC_CALN,iface_SUB_25209_WEC_CALN_to_ba,27000000000.0,0.0,0.0,0,672
SUB_06313,SUB_06204,meso_SUB_06313_SUB_06204_rev,1500000000.0,0.0,0.0,0,672
SUB_06313,SUB_06362,meso_SUB_06313_SUB_06362_fwd,1500000000.0,25363582.54254303,45018580.86340206,0,672
SUB_06313,SUB_HIFLD_595,meso_SUB_06313_SUB_HIFLD_595_fwd,3000000000.0,0.0,0.0,0,672
SUB_18219,SUB_18203,meso_SUB_18219_SUB_18203_rev,1200000000.0,0.0,0.0,0,672
SUB_18219,SUB_18239,meso_SUB_18219_SUB_18239_fwd,1200000000.0,465005.8538467789,3775874.8791881455,0,672
SUB_18219,SUB_18298,meso_SUB_18219_SUB_18298_rev,50000000.0,2369093.432026162,3502165.8042042525,0,672
SUB_25348,SUB_25293,meso_SUB_25348_SUB_25293_rev,800000000.0,12634056.471092887,18977013.530927837,0,672
SUB_25348,SUB_25297,meso_SUB_25348_SUB_25297_rev,1600000000.0,7137345.7541336585,37215244.978597544,0,672
SUB_25348,SUB_25319,meso_SUB_25348_SUB_25319_rev,800000000.0,119134.7437144467,11314180.585614994,0,672
SUB_25348,SUB_25341,meso_SUB_25348_SUB_25341_rev,800000000.0,13743147.702901125,29760313.05631576,0,672
SUB_25348,SUB_25457,meso_SUB_25348_SUB_25457_fwd,4000000000.0,0.0,0.0,0,672
SUB_25348,WEC_CALN,iface_SUB_25348_WEC_CALN_to_ba,8000000000.0,0.0,0.0,0,672
SUB_10339,SUB_10348,meso_SUB_10339_SUB_10348_fwd,600000000.0,0.0,0.0,0,672
SUB_25237,SUB_25441,meso_SUB_25237_SUB_25441_fwd,319385017.6585276,0.0,0.0,0,672
SUB_10348,SUB_10334,meso_SUB_10348_SUB_10334_rev,600000000.0,0.0,0.0,0,672
SUB_10348,SUB_10339,meso_SUB_10348_SUB_10339_rev,600000000.0,3284773.380240214,6701872.583762887,0,672
SUB_10348,SUB_10358,meso_SUB_10348_SUB_10358_fwd,600000000.0,0.0,0.0,0,672
SUB_19225,SUB_19229,meso_SUB_19225_SUB_19229_fwd,600000000.0,11474974.890252015,31037124.51171875,0,672
SUB_04316,SUB_04281,meso_SUB_04316_SUB_04281_rev,600000000.0,0.0,0.0,0,672
SUB_04316,SUB_04285,meso_SUB_04316_SUB_04285_rev,600000000.0,0.0,0.0,0,672
SUB_10344,SUB_10293,meso_SUB_10344_SUB_10293_rev,1500000000.0,56033.13849933266,7188437.485998782,0,672
SUB_10344,SUB_10326,meso_SUB_10344_SUB_10326_rev,600000000.0,1590451.5350282446,9336518.878675882,0,672
SUB_10344,SUB_10352,meso_SUB_10344_SUB_10352_fwd,1500000000.0,7501601.455152301,18574508.69845361,0,672
SUB_10344,SUB_HIFLD_2171,meso_SUB_10344_SUB_HIFLD_2171_fwd,600000000.0,0.0,0.0,0,672
SUB_10344,SUB_HIFLD_2173,meso_SUB_10344_SUB_HIFLD_2173_fwd,1500000000.0,1434858.6717592003,2775369.0473271906,0,672
SUB_10236,SUB_10281,meso_SUB_10236_SUB_10281_fwd,600000000.0,12573.846181233725,456221.5576171875,0,672
SUB_10236,SUB_10318,meso_SUB_10236_SUB_10318_fwd,600000000.0,900087.7637774206,2355159.9246939435,0,672
SUB_10236,SUB_HIFLD_482,meso_SUB_10236_SUB_HIFLD_482_fwd,600000000.0,0.0,0.0,0,672
SUB_06246,SUB_01365,meso_SUB_06246_SUB_01365_rev,1500000000.0,0.0,0.0,0,672
SUB_06246,SUB_HIFLD_595,meso_SUB_06246_SUB_HIFLD_595_fwd,3000000000.0,1075059.6765395484,61872346.40479183,0,672
SUB_19234,SUB_19243,meso_SUB_19234_SUB_19243_fwd,3000000000.0,8670815.706950417,49515804.50035725,0,672
SUB_10338,SUB_10345,meso_SUB_10338_SUB_10345_fwd,600000000.0,0.0,0.0,0,672
SUB_10212,SUB_10211,meso_SUB_10212_SUB_10211_fwd,62870025.5258172,0.0,0.0,0,672
SUB_25354,SUB_25245,meso_SUB_25354_SUB_25245_fwd,86037322.24228722,941.9079388911362,204931.45611656256,0,672
SUB_15243,SUB_15203,meso_SUB_15243_SUB_15203_rev,1200000000.0,2148520.750402957,9337113.934403136,0,672
SUB_15243,SUB_15230,meso_SUB_15243_SUB_15230_rev,600000000.0,0.0,0.0,0,672
SUB_15243,SUB_15249,meso_SUB_15243_SUB_15249_fwd,600000000.0,4601831.994828336,38017172.365112305,0,672
SUB_25244,SUB_25208,meso_SUB_25244_SUB_25208_rev,800000000.0,0.0,0.0,0,672
SUB_15308,SUB_15226,meso_SUB_15308_SUB_15226_rev,1500000000.0,0.0,0.0,0,672
SUB_15308,SUB_15276,meso_SUB_15308_SUB_15276_rev,3000000000.0,0.0,0.0,0,672
SUB_01465,SUB_01391,meso_SUB_01465_SUB_01391_rev,600000000.0,52899151.25674293,69766386.71875,0,672
SUB_25388,SUB_HIFLD_1833,meso_SUB_25388_SUB_HIFLD_1833_fwd,1500000000.0,0.0,0.0,0,672
SUB_08319,SUB_08324,meso_SUB_08319_SUB_08324_fwd,4500000000.0,16808.385805132686,11295235.261049164,0,672
SUB_08319,SUB_08325,meso_SUB_08319_SUB_08325_fwd,1500000000.0,62793992.27288309,87143693.04509811,0,672
SUB_08319,SUB_08351,meso_SUB_08319_SUB_08351_fwd,600000000.0,0.0,0.0,0,672
SUB_08319,SUB_08362,meso_SUB_08319_SUB_08362_fwd,1500000000.0,22600877.581874,31237616.784793813,0,672
SUB_08319,SUB_08369,meso_SUB_08319_SUB_08369_fwd,1500000000.0,14948762.896485815,21425372.50322165,0,672
SUB_08319,SUB_HIFLD_1195,meso_SUB_08319_SUB_HIFLD_1195_fwd,1500000000.0,0.0,0.0,0,672
SUB_08319,SUB_08311,meso_SUB_08319_SUB_08311_rev,50000000.0,389133.385881584,623646.4038337627,0,672
SUB_04276,SUB_04266,meso_SUB_04276_SUB_04266_rev,600000000.0,0.0,0.0,0,672
SUB_04276,SUB_04295,meso_SUB_04276_SUB_04295_fwd,600000000.0,0.0,0.0,0,672
SUB_04276,SUB_04308,meso_SUB_04276_SUB_04308_fwd,600000000.0,3182505.175478621,4505941.426385309,0,672
SUB_25234,SUB_25235,meso_SUB_25234_SUB_25235_fwd,2100000000.0,0.0,0.0,0,672
SUB_25234,SUB_25241,meso_SUB_25234_SUB_25241_fwd,800000000.0,74746571.44398987,291116568.6974136,0,672
SUB_25234,SUB_25409,meso_SUB_25234_SUB_25409_fwd,600000000.0,35988685.26753429,66402025.656669624,0,672
SUB_25234,SUB_25453,meso_SUB_25234_SUB_25453_fwd,1500000000.0,0.0,0.0,0,672
SUB_25234,SUB_HIFLD_217,meso_SUB_25234_SUB_HIFLD_217_fwd,600000000.0,2975338.129105852,4820340.718109059,0,672
SUB_25234,SUB_25229,meso_SUB_25234_SUB_25229_rev,3000000000.0,541700.5207088249,21365123.63079897,0,672
SUB_25234,SUB_25294,meso_SUB_25234_SUB_25294_fwd,3000000000.0,4580903.405888973,7938418.673485825,0,672
SUB_25234,SUB_25412,meso_SUB_25234_SUB_25412_fwd,800000000.0,0.0,0.0,0,672
SUB_10254,SUB_10335,meso_SUB_10254_SUB_10335_fwd,600000000.0,6813915.538242885,8324336.181640625,0,672
SUB_25361,SUB_HIFLD_1833,meso_SUB_25361_SUB_HIFLD_1833_fwd,540107068.3741552,0.0,0.0,0,672
SUB_10321,SUB_15375,meso_SUB_10321_SUB_15375_fwd,122094435.14595994,0.0,0.0,0,672
SUB_25219,SUB_25269,meso_SUB_25219_SUB_25269_fwd,800000000.0,1808804.2905767234,2835252.396101804,0,672
SUB_25219,SUB_25281,meso_SUB_25219_SUB_25281_fwd,800000000.0,0.0,0.0,0,672
SUB_04263,SUB_04212,meso_SUB_04263_SUB_04212_rev,600000000.0,0.0,0.0,0,672
SUB_04263,SUB_04227,meso_SUB_04263_SUB_04227_rev,600000000.0,42197.74593602341,9630861.388530929,0,672
SUB_04263,SUB_04337,meso_SUB_04263_SUB_04337_fwd,600000000.0,0.0,0.0,0,672
SUB_16330,SUB_16242,meso_SUB_16330_SUB_16242_rev,1200000000.0,0.0,0.0,0,672
SUB_16330,SUB_16312,meso_SUB_16330_SUB_16312_rev,600000000.0,0.0,0.0,0,672
SUB_16330,SUB_16370,meso_SUB_16330_SUB_16370_fwd,600000000.0,600054.2781837082,7089999.295264175,0,672
SUB_01392,SUB_01391,meso_SUB_01392_SUB_01391_rev,600000000.0,420441.75253535603,35940039.39628945,0,672
SUB_01392,SUB_01467,meso_SUB_01392_SUB_01467_fwd,1200000000.0,36347051.69681196,133519662.84288105,0,672
SUB_01392,SUB_HIFLD_2245,meso_SUB_01392_SUB_HIFLD_2245_fwd,1200000000.0,386539.06215875904,29299581.80117188,0,672
SUB_25216,SUB_18266,meso_SUB_25216_SUB_18266_rev,600000000.0,9955725.955272684,41817532.17622423,0,672
SUB_25216,SUB_25238,meso_SUB_25216_SUB_25238_fwd,600000000.0,768777.4213436017,1144705.2945795748,0,672
SUB_01430,SUB_01202,meso_SUB_01430_SUB_01202_rev,1500000000.0,0.0,0.0,0,672
SUB_01430,SUB_01353,meso_SUB_01430_SUB_01353_rev,1500000000.0,0.0,0.0,0,672
SUB_01430,SUB_01385,meso_SUB_01430_SUB_01385_rev,50000000.0,638740.2637015386,1326685.073695232,0,672
SUB_01430,SUB_01355,meso_SUB_01430_SUB_01355_rev,50000000.0,1293409.9999841196,2600934.2783505153,0,672
SUB_01430,SUB_01296,meso_SUB_01430_SUB_01296_rev,50000000.0,1543824.7672236897,3441403.2297036084,0,672
SUB_02411,SUB_02404,meso_SUB_02411_SUB_02404_rev,600000000.0,0.0,0.0,0,672
SUB_02411,SUB_02410,meso_SUB_02411_SUB_02410_rev,600000000.0,7827984.218651478,15310655.605670104,0,672
SUB_01434,SUB_01250,meso_SUB_01434_SUB_01250_rev,1500000000.0,0.0,0.0,0,672
SUB_04249,SUB_04248,meso_SUB_04249_SUB_04248_rev,1500000000.0,0.0,0.0,0,672
SUB_04349,SUB_04227,meso_SUB_04349_SUB_04227_rev,600000000.0,0.0,0.0,0,672
SUB_04349,SUB_04318,meso_SUB_04349_SUB_04318_rev,1500000000.0,0.0,0.0,0,672
SUB_04349,SUB_04337,meso_SUB_04349_SUB_04337_rev,1500000000.0,0.0,0.0,0,672
SUB_04349,SUB_04347,meso_SUB_04349_SUB_04347_rev,1500000000.0,3923987.3987234393,7243989.610180412,0,672
SUB_18222,SUB_18229,meso_SUB_18222_SUB_18229_fwd,600000000.0,9838802.12303465,13324941.607603094,0,672
SUB_18222,SUB_18235,meso_SUB_18222_SUB_18235_fwd,1500000000.0,0.0,0.0,0,672
SUB_18222,SUB_18240,meso_SUB_18222_SUB_18240_fwd,2100000000.0,17673422.557323307,24500489.288015462,0,672
SUB_18222,SUB_18285,meso_SUB_18222_SUB_18285_fwd,600000000.0,26677146.010043655,35443069.551094696,0,672
SUB_18222,SUB_HIFLD_1195,meso_SUB_18222_SUB_HIFLD_1195_fwd,1500000000.0,0.0,0.0,0,672
SUB_19246,SUB_19222,meso_SUB_19246_SUB_19222_rev,600000000.0,14611520.999620566,22721932.517035786,0,672
SUB_19246,SUB_19229,meso_SUB_19246_SUB_19229_rev,600000000.0,806036.5024246394,22636844.997241594,0,672
SUB_19246,SUB_19231,meso_SUB_19246_SUB_19231_rev,600000000.0,1347071.9116952526,1793506.488603415,0,672
SUB_19246,SUB_19241,meso_SUB_19246_SUB_19241_rev,1500000000.0,418748.89944953896,657668.4822003866,0,672
SUB_19246,SUB_19243,meso_SUB_19246_SUB_19243_rev,600000000.0,0.0,0.0,0,672
SUB_19246,SUB_HIFLD_2356,meso_SUB_19246_SUB_HIFLD_2356_fwd,1500000000.0,0.0,0.0,0,672
SUB_19246,SUB_10293,meso_SUB_19246_SUB_10293_rev,1500000000.0,0.0,0.0,0,672
SUB_04285,SUB_04281,meso_SUB_04285_SUB_04281_rev,600000000.0,0.0,0.0,0,672
SUB_04285,SUB_04286,meso_SUB_04285_SUB_04286_fwd,600000000.0,3572726.0380108412,6292447.011637273,0,672
SUB_04285,SUB_04316,meso_SUB_04285_SUB_04316_fwd,600000000.0,0.0,0.0,0,672
SUB_01338,SUB_01318,meso_SUB_01338_SUB_01318_fwd,50000000.0,0.0,0.0,0,672
SUB_06344,SUB_06332,meso_SUB_06344_SUB_06332_rev,600000000.0,0.0,0.0,0,672
SUB_06344,SUB_15215,meso_SUB_06344_SUB_15215_fwd,600000000.0,0.0,0.0,0,672
SUB_06344,SUB_06203,meso_SUB_06344_SUB_06203_rev,600000000.0,0.0,0.0,0,672
SUB_16371,SUB_16368,meso_SUB_16371_SUB_16368_rev,8000000000.0,44586.36426140872,21079446.749286447,0,672
SUB_16371,SUB_25430,meso_SUB_16371_SUB_25430_fwd,4000000000.0,0.0,0.0,0,672
SUB_16371,SUB_HIFLD_1851,meso_SUB_16371_SUB_HIFLD_1851_fwd,4000000000.0,0.0,0.0,0,672
SUB_16371,SUB_HIFLD_3523,meso_SUB_16371_SUB_HIFLD_3523_fwd,1500000000.0,0.0,0.0,0,672
SUB_16371,SUB_HIFLD_74,meso_SUB_16371_SUB_HIFLD_74_fwd,8000000000.0,0.0,0.0,0,672
SUB_16371,WEC_CALN,iface_SUB_16371_WEC_CALN_to_ba,200000000.0,0.0,0.0,0,672
SUB_25295,SUB_25268,meso_SUB_25295_SUB_25268_rev,600000000.0,5329467.692800306,34880231.99668471,0,672
SUB_25295,SUB_25500,meso_SUB_25295_SUB_25500_rev,132811438.65975565,4173827.646290339,12351824.25902062,0,672
SUB_25295,SUB_25273,meso_SUB_25295_SUB_25273_rev,67168441.77460277,3776808.217066904,6924564.070554122,0,672
SUB_25284,SUB_HIFLD_2511,meso_SUB_25284_SUB_HIFLD_2511_fwd,600000000.0,0.0,0.0,0,672
SUB_25280,SUB_25245,meso_SUB_25280_SUB_25245_rev,800000000.0,0.0,0.0,0,672
SUB_06207,SUB_06202,meso_SUB_06207_SUB_06202_rev,600000000.0,3482979.6273362213,11108562.54027062,0,672
SUB_06207,SUB_06205,meso_SUB_06207_SUB_06205_rev,600000000.0,0.0,0.0,0,672
SUB_06207,SUB_06254,meso_SUB_06207_SUB_06254_fwd,600000000.0,1971962.628767237,5541351.884664948,0,672
SUB_06207,SUB_06277,meso_SUB_06207_SUB_06277_fwd,600000000.0,5173362.638666929,14939014.111328125,0,672
SUB_16362,SUB_16230,meso_SUB_16362_SUB_16230_rev,600000000.0,0.0,0.0,0,672
SUB_16362,SUB_16312,meso_SUB_16362_SUB_16312_rev,600000000.0,0.0,0.0,0,672
SUB_16362,SUB_16372,meso_SUB_16362_SUB_16372_fwd,600000000.0,0.0,0.0,0,672
SUB_04299,SUB_04201,meso_SUB_04299_SUB_04201_rev,1500000000.0,0.0,0.0,0,672
SUB_04299,SUB_04248,meso_SUB_04299_SUB_04248_rev,1500000000.0,0.0,0.0,0,672
SUB_10327,SUB_HIFLD_2188,meso_SUB_10327_SUB_HIFLD_2188_fwd,50000000.0,0.0,0.0,0,672
SUB_01302,SUB_01233,meso_SUB_01302_SUB_01233_rev,600000000.0,0.0,0.0,0,672
SUB_08301,SUB_08325,meso_SUB_08301_SUB_08325_fwd,600000000.0,0.0,0.0,0,672
SUB_02286,SUB_02210,meso_SUB_02286_SUB_02210_rev,1500000000.0,0.0,0.0,0,672
SUB_02286,SUB_02272,meso_SUB_02286_SUB_02272_rev,600000000.0,0.0,0.0,0,672
SUB_02286,SUB_02264,meso_SUB_02286_SUB_02264_rev,1500000000.0,0.0,0.0,0,672
SUB_02286,SUB_02270,meso_SUB_02286_SUB_02270_rev,600000000.0,0.0,0.0,0,672
SUB_02286,SUB_02244,meso_SUB_02286_SUB_02244_rev,50000000.0,1768303.5804175485,2684461.330138531,0,672
SUB_01426,SUB_01467,meso_SUB_01426_SUB_01467_fwd,1500000000.0,0.0,0.0,0,672
SUB_01426,SUB_04204,meso_SUB_01426_SUB_04204_fwd,1500000000.0,0.0,0.0,0,672
SUB_01426,SUB_01437,meso_SUB_01426_SUB_01437_rev,139122899.06423923,11028629.319083767,14337270.457474226,0,672
SUB_15206,SUB_15258,meso_SUB_15206_SUB_15258_fwd,1200000000.0,27326895.25404461,61546935.40592783,0,672
SUB_15206,SUB_HIFLD_2010,meso_SUB_15206_SUB_HIFLD_2010_fwd,1200000000.0,0.0,0.0,0,672
SUB_10252,SUB_10291,meso_SUB_10252_SUB_10291_fwd,600000000.0,26484173.87891497,57135857.62302051,0,672
SUB_10252,SUB_10309,meso_SUB_10252_SUB_10309_fwd,600000000.0,0.0,0.0,0,672
SUB_10252,SUB_HIFLD_2456,meso_SUB_10252_SUB_HIFLD_2456_fwd,600000000.0,0.0,0.0,0,672
SUB_15247,SUB_15220,meso_SUB_15247_SUB_15220_rev,600000000.0,369887.1459689395,508530.63838998065,0,672
SUB_15247,SUB_HIFLD_2456,meso_SUB_15247_SUB_HIFLD_2456_fwd,1200000000.0,0.0,0.0,0,672
SUB_15290,SUB_15215,meso_SUB_15290_SUB_15215_rev,1500000000.0,0.0,0.0,0,672
SUB_15290,SUB_15375,meso_SUB_15290_SUB_15375_fwd,1500000000.0,320853.24736937037,22698867.64140092,0,672
SUB_15290,SUB_15376,meso_SUB_15290_SUB_15376_fwd,600000000.0,0.0,0.0,0,672
SUB_15290,SUB_15378,meso_SUB_15290_SUB_15378_fwd,1500000000.0,1432788.1948230318,20604341.17268041,0,672
SUB_15257,SUB_15246,meso_SUB_15257_SUB_15246_rev,3000000000.0,0.0,0.0,0,672
SUB_15257,SUB_HIFLD_597,meso_SUB_15257_SUB_HIFLD_597_fwd,1500000000.0,0.0,0.0,0,672
SUB_02281,SUB_02272,meso_SUB_02281_SUB_02272_rev,600000000.0,0.0,0.0,0,672
SUB_02281,SUB_02410,meso_SUB_02281_SUB_02410_fwd,600000000.0,59736.69745235917,9017032.458118556,0,672
SUB_01432,SUB_01365,meso_SUB_01432_SUB_01365_rev,1200000000.0,0.0,0.0,0,672
SUB_01432,SUB_16209,meso_SUB_01432_SUB_16209_fwd,600000000.0,5497.173895482403,3694100.857764175,0,672
SUB_01432,SUB_16374,meso_SUB_01432_SUB_16374_fwd,600000000.0,0.0,0.0,0,672
SUB_16298,SUB_16282,meso_SUB_16298_SUB_16282_rev,1500000000.0,0.0,0.0,0,672
SUB_16298,SUB_16357,meso_SUB_16298_SUB_16357_fwd,3000000000.0,6210375.369046206,12087026.82023196,0,672
SUB_16298,SUB_16378,meso_SUB_16298_SUB_16378_fwd,1500000000.0,0.0,0.0,0,672
SUB_16298,SUB_16261,meso_SUB_16298_SUB_16261_rev,3000000000.0,5068093.420486934,58434739.55712193,0,672
SUB_16298,SUB_16319,meso_SUB_16298_SUB_16319_fwd,1500000000.0,5324504.073571569,50513486.63015464,0,672
SUB_16298,SUB_HIFLD_74,meso_SUB_16298_SUB_HIFLD_74_fwd,1500000000.0,0.0,0.0,0,672
SUB_04328,SUB_04204,meso_SUB_04328_SUB_04204_rev,3000000000.0,0.0,0.0,0,672
SUB_04328,SUB_06380,meso_SUB_04328_SUB_06380_fwd,1500000000.0,0.0,0.0,0,672
SUB_04328,SUB_04255,meso_SUB_04328_SUB_04255_rev,50000000.0,636213.9662048309,892091.1651296713,0,672
SUB_04328,SUB_04245,meso_SUB_04328_SUB_04245_rev,156789930.1285542,8681052.147364816,13578523.67912371,0,672
SUB_15370,SUB_15244,meso_SUB_15370_SUB_15244_rev,1500000000.0,95940.4629231771,3467831.85234375,0,672
SUB_15203,SUB_15243,meso_SUB_15203_SUB_15243_fwd,1200000000.0,0.0,0.0,0,672
SUB_15203,SUB_HIFLD_2456,meso_SUB_15203_SUB_HIFLD_2456_fwd,600000000.0,0.0,0.0,0,672
SUB_01254,SUB_01211,meso_SUB_01254_SUB_01211_rev,1500000000.0,45065990.929077804,73481368.75307466,0,672
SUB_01254,SUB_01318,meso_SUB_01254_SUB_01318_fwd,1500000000.0,0.0,0.0,0,672
SUB_01254,SUB_HIFLD_1131,meso_SUB_01254_SUB_HIFLD_1131_fwd,1500000000.0,1744241.7956343556,16429613.654692149,0,672
SUB_01254,SUB_01201,meso_SUB_01254_SUB_01201_rev,1500000000.0,38481613.816153646,57209973.566045076,0,672
SUB_01254,SUB_01380,meso_SUB_01254_SUB_01380_fwd,4500000000.0,0.0,0.0,0,672
SUB_01254,SUB_01352,meso_SUB_01254_SUB_01352_rev,50000000.0,647873.8178502243,1048184.9906370812,0,672
SUB_01254,SUB_01267,meso_SUB_01254_SUB_01267_rev,50000000.0,972853.9751040684,1480409.099146263,0,672
SUB_25468,SUB_25232,meso_SUB_25468_SUB_25232_rev,800000000.0,17540857.40809268,83778180.28684701,0,672
SUB_25468,SUB_18256,meso_SUB_25468_SUB_18256_rev,135428517.8221544,4015160.173464278,12647588.39752269,0,672
SUB_25468,SUB_25440,meso_SUB_25468_SUB_25440_rev,50000000.0,39832.67457039261,62339.6922632591,0,672
SUB_06381,SUB_06208,meso_SUB_06381_SUB_06208_rev,1200000000.0,0.0,0.0,0,672
SUB_04277,SUB_04282,meso_SUB_04277_SUB_04282_fwd,1500000000.0,0.0,0.0,0,672
SUB_06283,SUB_06202,meso_SUB_06283_SUB_06202_rev,600000000.0,4299872.741854241,13128714.964561855,0,672
SUB_06283,SUB_06288,meso_SUB_06283_SUB_06288_fwd,600000000.0,2763.2954604027605,52673.929745389,0,672
SUB_06283,SUB_10285,meso_SUB_06283_SUB_10285_fwd,1200000000.0,0.0,0.0,0,672
SUB_10326,SUB_10293,meso_SUB_10326_SUB_10293_rev,1200000000.0,0.0,0.0,0,672
SUB_10326,SUB_10344,meso_SUB_10326_SUB_10344_fwd,600000000.0,0.0,0.0,0,672
SUB_08377,SUB_08337,meso_SUB_08377_SUB_08337_rev,4000000000.0,0.0,0.0,0,672
SUB_08377,SUB_08343,meso_SUB_08377_SUB_08343_rev,4000000000.0,0.0,0.0,0,672
SUB_08377,SUB_HIFLD_1432,meso_SUB_08377_SUB_HIFLD_1432_fwd,4000000000.0,0.0,0.0,0,672
SUB_08377,WEC_CALN,iface_SUB_08377_WEC_CALN_to_ba,4000000000.0,0.0,0.0,0,672
SUB_01438,SUB_HIFLD_10,meso_SUB_01438_SUB_HIFLD_10_fwd,1500000000.0,0.0,0.0,0,672
SUB_01438,SUB_HIFLD_2791,meso_SUB_01438_SUB_HIFLD_2791_fwd,1500000000.0,50996157.617876,66359525.580398515,0,672
SUB_01438,SUB_HIFLD_28,meso_SUB_01438_SUB_HIFLD_28_fwd,1500000000.0,108874640.71616404,183827250.42394358,0,672
SUB_01438,SUB_HIFLD_3448,meso_SUB_01438_SUB_HIFLD_3448_fwd,1500000000.0,4424056.3790571205,66503541.64658092,0,672
SUB_25231,SUB_25347,meso_SUB_25231_SUB_25347_fwd,600000000.0,16214590.737418072,42562357.16770224,0,672
SUB_25231,SUB_25446,meso_SUB_25231_SUB_25446_fwd,1500000000.0,21952.669614369104,32490.598540945153,0,672
SUB_25231,SUB_25537,meso_SUB_25231_SUB_25537_fwd,800000000.0,727520.0587795357,20481629.97370416,0,672
SUB_25231,SUB_HIFLD_211,meso_SUB_25231_SUB_HIFLD_211_fwd,1500000000.0,0.0,0.0,0,672
SUB_25231,SUB_25242,meso_SUB_25231_SUB_25242_fwd,1500000000.0,9004308.02186701,41011118.71778351,0,672
SUB_16321,SUB_16207,meso_SUB_16321_SUB_16207_rev,1200000000.0,6612244.637445854,25747884.609316874,0,672
SUB_16321,SUB_16348,meso_SUB_16321_SUB_16348_fwd,1200000000.0,0.0,0.0,0,672
SUB_15378,SUB_15290,meso_SUB_15378_SUB_15290_rev,1500000000.0,432543.71722057613,16233987.395296391,0,672
SUB_15378,SUB_15215,meso_SUB_15378_SUB_15215_rev,1500000000.0,1442734.5496496847,26640611.328125,0,672
SUB_04246,SUB_04202,meso_SUB_04246_SUB_04202_rev,600000000.0,0.0,0.0,0,672
SUB_04246,SUB_04230,meso_SUB_04246_SUB_04230_rev,600000000.0,0.0,0.0,0,672
SUB_18282,SUB_18257,meso_SUB_18282_SUB_18257_rev,1500000000.0,25859464.363522127,38932773.92666711,0,672
SUB_18282,SUB_18260,meso_SUB_18282_SUB_18260_rev,1500000000.0,29178540.19665756,45681781.572164945,0,672
SUB_18282,SUB_18267,meso_SUB_18282_SUB_18267_rev,3000000000.0,50865230.69405206,122440536.4046392,0,672
SUB_18282,SUB_18281,meso_SUB_18282_SUB_18281_rev,1500000000.0,41383161.128357306,63208981.48055344,0,672
SUB_18282,SUB_18301,meso_SUB_18282_SUB_18301_fwd,8000000000.0,0.0,0.0,0,672
SUB_18282,SUB_HIFLD_1444,meso_SUB_18282_SUB_HIFLD_1444_fwd,4000000000.0,0.0,0.0,0,672
SUB_18282,SUB_18206,meso_SUB_18282_SUB_18206_rev,1500000000.0,30198678.63830656,37092783.50515464,0,672
SUB_18282,WEC_CALN,iface_SUB_18282_WEC_CALN_to_ba,200000000.0,0.0,0.0,0,672
SUB_19239,SUB_19218,meso_SUB_19239_SUB_19218_rev,600000000.0,864450.7705216692,5641983.916015625,0,672
SUB_19239,SUB_19243,meso_SUB_19239_SUB_19243_fwd,600000000.0,0.0,0.0,0,672
SUB_19239,SUB_19245,meso_SUB_19239_SUB_19245_fwd,600000000.0,0.0,0.0,0,672
SUB_25409,SUB_25234,meso_SUB_25409_SUB_25234_rev,600000000.0,0.0,0.0,0,672
SUB_25409,SUB_HIFLD_2511,meso_SUB_25409_SUB_HIFLD_2511_fwd,600000000.0,13799846.697568629,23965914.10571954,0,672
SUB_25450,SUB_25246,meso_SUB_25450_SUB_25246_rev,1500000000.0,54857.19653631931,18217996.93943299,0,672
SUB_25450,SUB_25290,meso_SUB_25450_SUB_25290_rev,3000000000.0,0.0,0.0,0,672
SUB_25450,SUB_25318,meso_SUB_25450_SUB_25318_rev,161329040.46452495,8514705.94073723,16628204.53447165,0,672
SUB_25457,SUB_18301,meso_SUB_25457_SUB_18301_rev,4000000000.0,0.0,0.0,0,672
SUB_25457,SUB_25208,meso_SUB_25457_SUB_25208_rev,3000000000.0,4909446.430500737,26231696.89463041,0,672
SUB_25457,SUB_25348,meso_SUB_25457_SUB_25348_rev,4000000000.0,1226035.859046558,71208610.58605745,0,672
SUB_25457,SUB_25476,meso_SUB_25457_SUB_25476_fwd,1500000000.0,9179594.167371009,17791078.04445876,0,672
SUB_25457,SUB_25526,meso_SUB_25457_SUB_25526_fwd,4000000000.0,191336.87771354718,69460525.77054636,0,672
SUB_25457,WEC_CALN,iface_SUB_25457_WEC_CALN_to_ba,200000000.0,0.0,0.0,0,672
SUB_25431,SUB_25464,meso_SUB_25431_SUB_25464_fwd,163112657.1957324,1117458.6694221864,12949643.054915627,0,672
SUB_01380,SUB_01210,meso_SUB_01380_SUB_01210_rev,1500000000.0,1306167.3070826768,74350730.88837399,0,672
SUB_01380,SUB_01311,meso_SUB_01380_SUB_01311_rev,1500000000.0,72845730.74584106,165463565.04481182,0,672
SUB_01380,SUB_01318,meso_SUB_01380_SUB_01318_rev,1500000000.0,3285720.6499100123,5260821.238049589,0,672
SUB_01380,SUB_01353,meso_SUB_01380_SUB_01353_rev,1500000000.0,19769036.628047533,136482104.38727668,0,672
SUB_01380,SUB_01365,meso_SUB_01380_SUB_01365_rev,4000000000.0,0.0,0.0,0,672
SUB_01380,SUB_01409,meso_SUB_01380_SUB_01409_fwd,4000000000.0,0.0,0.0,0,672
SUB_01380,SUB_01423,meso_SUB_01380_SUB_01423_fwd,12000000000.0,0.0,0.0,0,672
SUB_01380,SUB_01467,meso_SUB_01380_SUB_01467_fwd,4000000000.0,0.0,0.0,0,672
SUB_01380,SUB_01254,meso_SUB_01380_SUB_01254_rev,4500000000.0,130665027.52841799,174447167.8287716,0,672
SUB_01380,SUB_01324,meso_SUB_01380_SUB_01324_rev,4000000000.0,0.0,0.0,0,672
SUB_01380,SUB_01416,meso_SUB_01380_SUB_01416_fwd,4000000000.0,22498.375132722602,10671520.284727715,0,672
SUB_01380,SUB_04205,meso_SUB_01380_SUB_04205_fwd,4000000000.0,0.0,0.0,0,672
SUB_01380,SUB_04325,meso_SUB_01380_SUB_04325_fwd,4000000000.0,0.0,0.0,0,672
SUB_01380,WEC_CALN,iface_SUB_01380_WEC_CALN_to_ba,200000000.0,0.0,0.0,0,672
SUB_18226,SUB_18201,meso_SUB_18226_SUB_18201_rev,600000000.0,0.0,0.0,0,672
SUB_18226,SUB_18220,meso_SUB_18226_SUB_18220_rev,600000000.0,0.0,0.0,0,672
SUB_18226,SUB_18230,meso_SUB_18226_SUB_18230_fwd,600000000.0,66258.57346187811,3662233.96222616,0,672
SUB_25395,SUB_25277,meso_SUB_25395_SUB_25277_rev,1500000000.0,0.0,0.0,0,672
SUB_25395,SUB_25337,meso_SUB_25395_SUB_25337_rev,800000000.0,0.0,0.0,0,672
SUB_25395,SUB_25339,meso_SUB_25395_SUB_25339_rev,800000000.0,4097157.02997758,85279181.55766073,0,672
SUB_25395,SUB_25272,meso_SUB_25395_SUB_25272_rev,1500000000.0,0.0,0.0,0,672
SUB_25395,SUB_25545,meso_SUB_25395_SUB_25545_rev,221858122.9071958,3815416.7295037387,17958533.344072163,0,672
SUB_25529,SUB_25241,meso_SUB_25529_SUB_25241_rev,3000000000.0,0.0,0.0,0,672
SUB_25529,SUB_25427,meso_SUB_25529_SUB_25427_rev,800000000.0,10127102.831736112,21539366.543170102,0,672
SUB_25529,SUB_25206,meso_SUB_25529_SUB_25206_rev,1500000000.0,0.0,0.0,0,672
SUB_25529,SUB_25285,meso_SUB_25529_SUB_25285_rev,2014832352.2442186,100571662.54664287,203074770.87635243,0,672
SUB_25454,SUB_25290,meso_SUB_25454_SUB_25290_rev,3000000000.0,0.0,0.0,0,672
SUB_25454,SUB_25355,meso_SUB_25454_SUB_25355_rev,1500000000.0,0.0,0.0,0,672
SUB_18206,SUB_18267,meso_SUB_18206_SUB_18267_fwd,3000000000.0,0.0,0.0,0,672
SUB_18206,SUB_18281,meso_SUB_18206_SUB_18281_fwd,1500000000.0,0.0,0.0,0,672
SUB_18206,SUB_18282,meso_SUB_18206_SUB_18282_fwd,1500000000.0,0.0,0.0,0,672
SUB_25365,SUB_25286,meso_SUB_25365_SUB_25286_rev,1500000000.0,22734579.82603734,48967887.731685504,0,672
SUB_25365,SUB_25261,meso_SUB_25365_SUB_25261_rev,1500000000.0,0.0,0.0,0,672
SUB_08337,SUB_08202,meso_SUB_08337_SUB_08202_rev,600000000.0,16266361.106429018,46102908.0783691,0,672
SUB_08337,SUB_08348,meso_SUB_08337_SUB_08348_fwd,1500000000.0,114250806.72457035,290169952.4685487,0,672
SUB_08337,SUB_08377,meso_SUB_08337_SUB_08377_fwd,4000000000.0,0.0,0.0,0,672
SUB_08337,WEC_CALN,iface_SUB_08337_WEC_CALN_to_ba,17900000000.0,0.0,0.0,0,672
SUB_10265,SUB_10249,meso_SUB_10265_SUB_10249_fwd,50000000.0,0.0,0.0,0,672
SUB_10346,SUB_10293,meso_SUB_10346_SUB_10293_rev,1500000000.0,5272264.25251668,52598030.2734375,0,672
SUB_HIFLD_1,SUB_HIFLD_1140,meso_SUB_HIFLD_1_SUB_HIFLD_1140_fwd,1500000000.0,1571745.097273072,14891797.881765466,0,672
SUB_HIFLD_1,SUB_HIFLD_28,meso_SUB_HIFLD_1_SUB_HIFLD_28_fwd,1500000000.0,0.0,0.0,0,672
SUB_HIFLD_10,SUB_01222,meso_SUB_HIFLD_10_SUB_01222_rev,1500000000.0,3487326.6008024933,217344102.30167866,0,672
SUB_HIFLD_10,SUB_01423,meso_SUB_HIFLD_10_SUB_01423_rev,4000000000.0,0.0,0.0,0,672
SUB_HIFLD_10,SUB_01438,meso_SUB_HIFLD_10_SUB_01438_rev,1500000000.0,210051884.37132972,257961478.1900411,0,672
SUB_HIFLD_10,SUB_01447,meso_SUB_HIFLD_10_SUB_01447_rev,3000000000.0,54582741.30665829,76786380.47680414,0,672
SUB_HIFLD_10,SUB_02419,meso_SUB_HIFLD_10_SUB_02419_rev,4000000000.0,1822926.5868362628,291600835.34864247,0,672
SUB_HIFLD_10,SUB_01216,meso_SUB_HIFLD_10_SUB_01216_rev,4000000000.0,0.0,0.0,0,672
SUB_HIFLD_10,SUB_01376,meso_SUB_HIFLD_10_SUB_01376_rev,3000000000.0,73441284.82689388,92685929.44587629,0,672
SUB_HIFLD_10,SUB_01469,meso_SUB_HIFLD_10_SUB_01469_rev,4000000000.0,135272.72617225852,23985303.23775773,0,672
SUB_HIFLD_10,WEC_CALN,iface_SUB_HIFLD_10_WEC_CALN_to_ba,11000000000.0,0.0,0.0,0,672
SUB_HIFLD_11,SUB_01368,meso_SUB_HIFLD_11_SUB_01368_rev,1500000000.0,44935249.26622529,57960925.418814436,0,672
SUB_HIFLD_11,SUB_HIFLD_2791,meso_SUB_HIFLD_11_SUB_HIFLD_2791_fwd,1500000000.0,0.0,0.0,0,672
SUB_HIFLD_11,SUB_HIFLD_2989,meso_SUB_HIFLD_11_SUB_HIFLD_2989_fwd,1500000000.0,0.0,0.0,0,672
SUB_HIFLD_11,SUB_HIFLD_3448,meso_SUB_HIFLD_11_SUB_HIFLD_3448_fwd,1500000000.0,0.0,0.0,0,672
SUB_HIFLD_28,SUB_01209,meso_SUB_HIFLD_28_SUB_01209_rev,1500000000.0,70102977.98827165,83849645.61855671,0,672
SUB_HIFLD_28,SUB_HIFLD_1,meso_SUB_HIFLD_28_SUB_HIFLD_1_rev,1500000000.0,17431516.334929563,47320953.840737596,0,672
SUB_HIFLD_28,SUB_HIFLD_2989,meso_SUB_HIFLD_28_SUB_HIFLD_2989_fwd,1500000000.0,1184293.9359376214,62079185.83499673,0,672
SUB_HIFLD_28,SUB_HIFLD_3547,meso_SUB_HIFLD_28_SUB_HIFLD_3547_fwd,1500000000.0,10457307.675286258,15694331.910438145,0,672
SUB_HIFLD_28,SUB_01311,meso_SUB_HIFLD_28_SUB_01311_rev,3000000000.0,0.0,0.0,0,672
SUB_HIFLD_28,SUB_01438,meso_SUB_HIFLD_28_SUB_01438_rev,1500000000.0,0.0,0.0,0,672
SUB_HIFLD_28,SUB_HIFLD_3448,meso_SUB_HIFLD_28_SUB_HIFLD_3448_fwd,1500000000.0,0.0,0.0,0,672
SUB_HIFLD_30,SUB_01223,meso_SUB_HIFLD_30_SUB_01223_rev,4000000000.0,210923.1168628679,123135924.13181528,0,672
SUB_HIFLD_30,SUB_16242,meso_SUB_HIFLD_30_SUB_16242_rev,4000000000.0,0.0,0.0,0,672
SUB_HIFLD_30,SUB_16391,meso_SUB_HIFLD_30_SUB_16391_rev,4000000000.0,53798.945436573624,32185126.047036078,0,672
SUB_HIFLD_30,SUB_HIFLD_1113,meso_SUB_HIFLD_30_SUB_HIFLD_1113_rev,16000000000.0,0.0,0.0,0,672
SUB_HIFLD_30,SUB_HIFLD_1406,meso_SUB_HIFLD_30_SUB_HIFLD_1406_rev,1500000000.0,6335.935072626935,4257748.3688053,0,672
SUB_HIFLD_30,SUB_HIFLD_2318,meso_SUB_HIFLD_30_SUB_HIFLD_2318_rev,1500000000.0,4229141.149503318,26158538.084248293,0,672
SUB_HIFLD_30,SUB_HIFLD_982,meso_SUB_HIFLD_30_SUB_HIFLD_982_fwd,24500000000.0,0.0,0.0,0,672
SUB_HIFLD_30,SUB_01216,meso_SUB_HIFLD_30_SUB_01216_rev,4000000000.0,248865.06277246095,56446305.835229196,0,672
SUB_HIFLD_30,SUB_01222,meso_SUB_HIFLD_30_SUB_01222_rev,8000000000.0,54081980.66395033,238138506.79486355,0,672
SUB_HIFLD_30,SUB_01324,meso_SUB_HIFLD_30_SUB_01324_rev,4000000000.0,1504151.182117268,123120711.35708812,0,672
SUB_HIFLD_30,SUB_06359,meso_SUB_HIFLD_30_SUB_06359_rev,15000000000.0,540322.6449230987,106334431.39433447,0,672
SUB_HIFLD_30,SUB_16267,meso_SUB_HIFLD_30_SUB_16267_rev,4000000000.0,10525039.970387854,38909383.80363655,0,672
SUB_HIFLD_30,SUB_16288,meso_SUB_HIFLD_30_SUB_16288_rev,30000000000.0,48317552.78259923,96963276.94183567,0,672
SUB_HIFLD_30,SUB_16329,meso_SUB_HIFLD_30_SUB_16329_rev,1500000000.0,16057188.008600518,51212629.6639874,0,672
SUB_HIFLD_30,SUB_16348,meso_SUB_HIFLD_30_SUB_16348_rev,8000000000.0,0.0,0.0,0,672
SUB_HIFLD_30,SUB_16380,meso_SUB_HIFLD_30_SUB_16380_rev,1500000000.0,24855852.994324237,47822402.545103095,0,672
SUB_HIFLD_30,SUB_HIFLD_1135,meso_SUB_HIFLD_30_SUB_HIFLD_1135_rev,30000000000.0,0.0,0.0,0,672
SUB_HIFLD_30,SUB_HIFLD_1432,meso_SUB_HIFLD_30_SUB_HIFLD_1432_rev,30000000000.0,510986.70098715276,87644810.80543762,0,672
SUB_HIFLD_30,SUB_HIFLD_3491,meso_SUB_HIFLD_30_SUB_HIFLD_3491_fwd,4000000000.0,0.0,0.0,0,672
SUB_HIFLD_30,WEC_CALN,iface_SUB_HIFLD_30_WEC_CALN_to_ba,50500000000.0,0.0,0.0,0,672
SUB_HIFLD_41,SUB_16216,meso_SUB_HIFLD_41_SUB_16216_rev,1500000000.0,109888.4814119193,1990202.199942824,0,672
SUB_HIFLD_41,SUB_HIFLD_2947,meso_SUB_HIFLD_41_SUB_HIFLD_2947_rev,1500000000.0,22937792.224680644,34988372.054966964,0,672
SUB_HIFLD_41,SUB_16369,meso_SUB_HIFLD_41_SUB_16369_rev,1500000000.0,1538309.1804380796,2844350.283907861,0,672
SUB_HIFLD_41,SUB_16356,meso_SUB_HIFLD_41_SUB_16356_rev,50000000.0,0.0,0.0,0,672
SUB_HIFLD_48,SUB_18304,meso_SUB_HIFLD_48_SUB_18304_rev,1500000000.0,0.0,0.0,0,672
SUB_HIFLD_48,SUB_HIFLD_3903,meso_SUB_HIFLD_48_SUB_HIFLD_3903_rev,1500000000.0,0.0,0.0,0,672
SUB_HIFLD_48,SUB_HIFLD_4291,meso_SUB_HIFLD_48_SUB_HIFLD_4291_rev,1500000000.0,0.0,0.0,0,672
SUB_HIFLD_48,SUB_18310,meso_SUB_HIFLD_48_SUB_18310_rev,1500000000.0,6113139.133144373,8375133.396423969,0,672
SUB_HIFLD_74,SUB_16371,meso_SUB_HIFLD_74_SUB_16371_rev,8000000000.0,6391466.256390691,36180299.61340206,0,672
SUB_HIFLD_74,SUB_25430,meso_SUB_HIFLD_74_SUB_25430_rev,4000000000.0,1251439.0910457724,10398649.927512886,0,672
SUB_HIFLD_74,SUB_16298,meso_SUB_HIFLD_74_SUB_16298_rev,1500000000.0,23928561.86153119,132029719.92127101,0,672
SUB_HIFLD_74,SUB_16378,meso_SUB_HIFLD_74_SUB_16378_rev,1500000000.0,8611680.925174206,73768699.60126668,0,672
SUB_HIFLD_74,SUB_HIFLD_1851,meso_SUB_HIFLD_74_SUB_HIFLD_1851_rev,4000000000.0,113460912.6577004,145682292.23785904,0,672
SUB_HIFLD_74,SUB_16345,meso_SUB_HIFLD_74_SUB_16345_rev,167891636.4455201,9270243.027939418,14738503.745167525,0,672
SUB_HIFLD_74,WEC_CALN,iface_SUB_HIFLD_74_WEC_CALN_to_ba,4078000000.0,205696.1802183191,21734006.745335765,0,672
SUB_HIFLD_105,SUB_HIFLD_4325,meso_SUB_HIFLD_105_SUB_HIFLD_4325_fwd,1500000000.0,539.8198049706002,362758.90894024336,0,672
SUB_HIFLD_105,SUB_01216,meso_SUB_HIFLD_105_SUB_01216_rev,3000000000.0,752587.9699213987,14213611.46049,0,672
SUB_HIFLD_105,SUB_01324,meso_SUB_HIFLD_105_SUB_01324_rev,1500000000.0,1959389.206190901,14117703.15104,0,672
SUB_HIFLD_105,SUB_01365,meso_SUB_HIFLD_105_SUB_01365_rev,1500000000.0,534464.5293404231,14136884.81293,0,672
SUB_HIFLD_130,SUB_01343,meso_SUB_HIFLD_130_SUB_01343_rev,3000000000.0,3358936.3500541663,27845034.63273196,0,672
SUB_HIFLD_130,SUB_01391,meso_SUB_HIFLD_130_SUB_01391_rev,3000000000.0,4464.285714285715,3000000.0,0,672
SUB_HIFLD_130,SUB_01445,meso_SUB_HIFLD_130_SUB_01445_rev,1500000000.0,1895576.3769020718,151368157.63342535,0,672
SUB_HIFLD_130,SUB_01467,meso_SUB_HIFLD_130_SUB_01467_rev,4000000000.0,275062.7344575428,22349427.603906255,0,672
SUB_HIFLD_130,SUB_01216,meso_SUB_HIFLD_130_SUB_01216_rev,4000000000.0,0.0,0.0,0,672
SUB_HIFLD_130,SUB_01324,meso_SUB_HIFLD_130_SUB_01324_rev,4000000000.0,0.0,0.0,0,672
SUB_HIFLD_130,WEC_CALN,iface_SUB_HIFLD_130_WEC_CALN_to_ba,8500000000.0,0.0,0.0,0,672
SUB_HIFLD_135,SUB_HIFLD_3267,meso_SUB_HIFLD_135_SUB_HIFLD_3267_fwd,800000000.0,1794363.2445150458,2559538.3476965204,0,672
SUB_HIFLD_135,SUB_HIFLD_136,meso_SUB_HIFLD_135_SUB_HIFLD_136_fwd,1600000000.0,0.0,0.0,0,672
SUB_HIFLD_135,SUB_HIFLD_140,meso_SUB_HIFLD_135_SUB_HIFLD_140_fwd,800000000.0,0.0,0.0,0,672
SUB_HIFLD_136,SUB_HIFLD_141,meso_SUB_HIFLD_136_SUB_HIFLD_141_fwd,1500000000.0,660966.8897891899,902343.75,0,672
SUB_HIFLD_136,SUB_HIFLD_3269,meso_SUB_HIFLD_136_SUB_HIFLD_3269_fwd,800000000.0,0.0,0.0,0,672
SUB_HIFLD_136,SUB_HIFLD_3270,meso_SUB_HIFLD_136_SUB_HIFLD_3270_fwd,800000000.0,2664196.6811953816,3694556.8187290756,0,672
SUB_HIFLD_136,SUB_HIFLD_135,meso_SUB_HIFLD_136_SUB_HIFLD_135_rev,1600000000.0,3759256.667374173,5335156.771546027,0,672
SUB_HIFLD_136,SUB_HIFLD_138,meso_SUB_HIFLD_136_SUB_HIFLD_138_fwd,800000000.0,0.0,0.0,0,672
SUB_HIFLD_136,SUB_HIFLD_142,meso_SUB_HIFLD_136_SUB_HIFLD_142_fwd,1600000000.0,104947.94701683016,10513015.713682886,0,672
SUB_HIFLD_138,SUB_HIFLD_3269,meso_SUB_HIFLD_138_SUB_HIFLD_3269_fwd,800000000.0,12458635.062132629,17667058.392327156,0,672
SUB_HIFLD_138,SUB_HIFLD_136,meso_SUB_HIFLD_138_SUB_HIFLD_136_rev,800000000.0,8168828.302902907,19841787.254359636,0,672
SUB_HIFLD_138,WEC_CALN,iface_SUB_HIFLD_138_WEC_CALN_to_ba,50000000.0,0.0,0.0,0,672
SUB_HIFLD_139,SUB_HIFLD_146,meso_SUB_HIFLD_139_SUB_HIFLD_146_fwd,800000000.0,1007905.1246699247,1412757.480267397,0,672
SUB_HIFLD_139,SUB_HIFLD_3268,meso_SUB_HIFLD_139_SUB_HIFLD_3268_fwd,800000000.0,0.0,0.0,0,672
SUB_HIFLD_139,SUB_HIFLD_142,meso_SUB_HIFLD_139_SUB_HIFLD_142_fwd,1600000000.0,0.0,0.0,0,672
SUB_HIFLD_140,SUB_HIFLD_3268,meso_SUB_HIFLD_140_SUB_HIFLD_3268_fwd,800000000.0,0.0,0.0,0,672
SUB_HIFLD_140,SUB_HIFLD_135,meso_SUB_HIFLD_140_SUB_HIFLD_135_rev,800000000.0,0.0,0.0,0,672
SUB_HIFLD_140,SUB_HIFLD_142,meso_SUB_HIFLD_140_SUB_HIFLD_142_fwd,800000000.0,0.0,0.0,0,672
SUB_HIFLD_141,SUB_HIFLD_136,meso_SUB_HIFLD_141_SUB_HIFLD_136_rev,1500000000.0,0.0,0.0,0,672
SUB_HIFLD_142,SUB_HIFLD_3268,meso_SUB_HIFLD_142_SUB_HIFLD_3268_fwd,800000000.0,2517257.5481042126,3620282.5487274486,0,672
SUB_HIFLD_142,SUB_HIFLD_3269,meso_SUB_HIFLD_142_SUB_HIFLD_3269_fwd,800000000.0,0.0,0.0,0,672
SUB_HIFLD_142,SUB_HIFLD_136,meso_SUB_HIFLD_142_SUB_HIFLD_136_rev,1600000000.0,0.0,0.0,0,672
SUB_HIFLD_142,SUB_HIFLD_139,meso_SUB_HIFLD_142_SUB_HIFLD_139_rev,1600000000.0,1206814.001755848,1691563.482017975,0,672
SUB_HIFLD_142,SUB_HIFLD_140,meso_SUB_HIFLD_142_SUB_HIFLD_140_rev,800000000.0,1759996.744342218,2509829.806298325,0,672
SUB_HIFLD_146,SUB_HIFLD_139,meso_SUB_HIFLD_146_SUB_HIFLD_139_rev,800000000.0,0.0,0.0,0,672
SUB_HIFLD_147,SUB_HIFLD_148,meso_SUB_HIFLD_147_SUB_HIFLD_148_fwd,600000000.0,0.0,0.0,0,672
SUB_HIFLD_148,SUB_HIFLD_147,meso_SUB_HIFLD_148_SUB_HIFLD_147_rev,600000000.0,8845516.083857331,13501712.508054124,0,672
SUB_HIFLD_148,SUB_HIFLD_3065,meso_SUB_HIFLD_148_SUB_HIFLD_3065_fwd,315644530.56745505,0.0,0.0,0,672
SUB_HIFLD_189,SUB_HIFLD_217,meso_SUB_HIFLD_189_SUB_HIFLD_217_fwd,600000000.0,0.0,0.0,0,672
SUB_HIFLD_189,SUB_25406,meso_SUB_HIFLD_189_SUB_25406_rev,50000000.0,785667.3942457301,1168636.2355025774,0,672
SUB_HIFLD_211,SUB_25231,meso_SUB_HIFLD_211_SUB_25231_rev,1500000000.0,6346961.140649623,64525639.54068447,0,672
SUB_HIFLD_211,SUB_25236,meso_SUB_HIFLD_211_SUB_25236_rev,600000000.0,16772545.182476947,71312806.88702305,0,672
SUB_HIFLD_211,SUB_25340,meso_SUB_HIFLD_211_SUB_25340_rev,1500000000.0,3375189.976184229,9496686.734858247,0,672
SUB_HIFLD_211,SUB_25367,meso_SUB_HIFLD_211_SUB_25367_rev,5500000000.0,2731805.646193129,23233788.522790674,0,672
SUB_HIFLD_211,SUB_25464,meso_SUB_HIFLD_211_SUB_25464_rev,4000000000.0,14024590.501544068,209141589.16672048,0,672
SUB_HIFLD_211,SUB_HIFLD_1195,meso_SUB_HIFLD_211_SUB_HIFLD_1195_rev,8000000000.0,154932878.74962357,443589162.5743186,0,672
SUB_HIFLD_211,SUB_25359,meso_SUB_HIFLD_211_SUB_25359_rev,1500000000.0,104772.54557145057,304516.94763812824,0,672
SUB_HIFLD_211,SUB_25393,meso_SUB_HIFLD_211_SUB_25393_rev,8000000000.0,0.0,0.0,0,672
SUB_HIFLD_211,SUB_25412,meso_SUB_HIFLD_211_SUB_25412_rev,4000000000.0,205785545.4010577,677584426.1719811,0,672
SUB_HIFLD_211,SUB_25537,meso_SUB_HIFLD_211_SUB_25537_rev,1500000000.0,15758371.57645225,89349125.29918128,0,672
SUB_HIFLD_211,WEC_CALN,iface_SUB_HIFLD_211_WEC_CALN_to_ba,30300000000.0,273797.5583419908,97494802.90659627,0,672
SUB_HIFLD_217,SUB_25234,meso_SUB_HIFLD_217_SUB_25234_rev,600000000.0,0.0,0.0,0,672
SUB_HIFLD_217,SUB_HIFLD_189,meso_SUB_HIFLD_217_SUB_HIFLD_189_rev,600000000.0,809966.3858203401,1204779.6242294612,0,672
SUB_HIFLD_217,SUB_25460,meso_SUB_HIFLD_217_SUB_25460_rev,50000000.0,2076111.5994123365,3484568.802351804,0,672
SUB_HIFLD_255,SUB_19222,meso_SUB_HIFLD_255_SUB_19222_rev,1500000000.0,2145266.8875084245,2243092.783505155,0,672
SUB_HIFLD_255,SUB_19231,meso_SUB_HIFLD_255_SUB_19231_rev,1500000000.0,4094.7912719007445,1754685.8640061212,0,672
SUB_HIFLD_255,SUB_19232,meso_SUB_HIFLD_255_SUB_19232_rev,50000000.0,290638.32121967507,375257.73195876286,0,672
SUB_HIFLD_273,SUB_19217,meso_SUB_HIFLD_273_SUB_19217_rev,600000000.0,0.0,0.0,0,672
SUB_HIFLD_326,SUB_HIFLD_1248,meso_SUB_HIFLD_326_SUB_HIFLD_1248_rev,800000000.0,0.0,0.0,0,672
SUB_HIFLD_326,SUB_HIFLD_364,meso_SUB_HIFLD_326_SUB_HIFLD_364_fwd,800000000.0,0.0,0.0,0,672
SUB_HIFLD_333,SUB_25272,meso_SUB_HIFLD_333_SUB_25272_rev,3000000000.0,65170667.63950389,311962110.6365126,0,672
SUB_HIFLD_333,SUB_25277,meso_SUB_HIFLD_333_SUB_25277_rev,8000000000.0,46581885.925334804,316837889.3634875,0,672
SUB_HIFLD_335,SUB_25293,meso_SUB_HIFLD_335_SUB_25293_rev,1600000000.0,0.0,0.0,0,672
SUB_HIFLD_335,SUB_HIFLD_364,meso_SUB_HIFLD_335_SUB_HIFLD_364_fwd,800000000.0,0.0,0.0,0,672
SUB_HIFLD_364,SUB_HIFLD_1248,meso_SUB_HIFLD_364_SUB_HIFLD_1248_rev,800000000.0,0.0,0.0,0,672
SUB_HIFLD_364,SUB_HIFLD_326,meso_SUB_HIFLD_364_SUB_HIFLD_326_rev,800000000.0,0.0,0.0,0,672
SUB_HIFLD_364,SUB_HIFLD_335,meso_SUB_HIFLD_364_SUB_HIFLD_335_rev,800000000.0,0.0,0.0,0,672
SUB_HIFLD_369,SUB_25391,meso_SUB_HIFLD_369_SUB_25391_fwd,50000000.0,0.0,0.0,0,672
SUB_HIFLD_376,SUB_25424,meso_SUB_HIFLD_376_SUB_25424_rev,1500000000.0,243134.5454137818,1046140.8792082797,0,672
SUB_HIFLD_376,SUB_18281,meso_SUB_HIFLD_376_SUB_18281_rev,1500000000.0,3248131.878586422,63126892.39426098,0,672
SUB_HIFLD_376,SUB_25261,meso_SUB_HIFLD_376_SUB_25261_rev,4000000000.0,0.0,0.0,0,672
SUB_HIFLD_376,SUB_25526,meso_SUB_HIFLD_376_SUB_25526_rev,4000000000.0,3749039.7480534627,173333534.7347185,0,672
SUB_HIFLD_411,SUB_25297,meso_SUB_HIFLD_411_SUB_25297_rev,800000000.0,0.0,0.0,0,672
SUB_HIFLD_411,SUB_25429,meso_SUB_HIFLD_411_SUB_25429_rev,120090590.15589313,5428917.735361503,12380472.777061855,0,672
SUB_HIFLD_459,SUB_HIFLD_2722,meso_SUB_HIFLD_459_SUB_HIFLD_2722_rev,600000000.0,0.0,0.0,0,672
SUB_HIFLD_459,SUB_25371,meso_SUB_HIFLD_459_SUB_25371_rev,50000000.0,2219114.309581519,3398068.520457474,0,672
SUB_HIFLD_464,WEC_CALN,iface_SUB_HIFLD_464_WEC_CALN_to_ba,50000000.0,0.0,0.0,0,672
SUB_HIFLD_481,SUB_HIFLD_1860,meso_SUB_HIFLD_481_SUB_HIFLD_1860_rev,800000000.0,0.0,0.0,0,672
SUB_HIFLD_481,SUB_HIFLD_1864,meso_SUB_HIFLD_481_SUB_HIFLD_1864_rev,1600000000.0,0.0,0.0,0,672
SUB_HIFLD_482,SUB_10236,meso_SUB_HIFLD_482_SUB_10236_rev,600000000.0,0.0,0.0,0,672
SUB_HIFLD_482,SUB_10330,meso_SUB_HIFLD_482_SUB_10330_rev,600000000.0,0.0,0.0,0,672
SUB_HIFLD_482,SUB_10355,meso_SUB_HIFLD_482_SUB_10355_rev,600000000.0,0.0,0.0,0,672
SUB_HIFLD_523,SUB_10255,meso_SUB_HIFLD_523_SUB_10255_rev,600000000.0,3763600.0,3763600.0,0,672
SUB_HIFLD_523,SUB_HIFLD_1327,meso_SUB_HIFLD_523_SUB_HIFLD_1327_rev,600000000.0,0.0,0.0,0,672
SUB_HIFLD_523,SUB_HIFLD_4077,meso_SUB_HIFLD_523_SUB_HIFLD_4077_rev,50000000.0,0.0,0.0,0,672
SUB_HIFLD_595,SUB_06204,meso_SUB_HIFLD_595_SUB_06204_rev,1500000000.0,43443789.68797372,99730284.61778614,0,672
SUB_HIFLD_595,SUB_06246,meso_SUB_HIFLD_595_SUB_06246_rev,3000000000.0,0.0,0.0,0,672
SUB_HIFLD_595,SUB_06313,meso_SUB_HIFLD_595_SUB_06313_rev,3000000000.0,69435129.9779684,110284736.10705175,0,672
SUB_HIFLD_595,SUB_15375,meso_SUB_HIFLD_595_SUB_15375_rev,1500000000.0,8733273.57210322,52464262.04714235,0,672
SUB_HIFLD_595,SUB_16368,meso_SUB_HIFLD_595_SUB_16368_rev,4000000000.0,0.0,0.0,0,672
SUB_HIFLD_597,SUB_HIFLD_4127,meso_SUB_HIFLD_597_SUB_HIFLD_4127_rev,1500000000.0,0.0,0.0,0,672
SUB_HIFLD_597,SUB_15226,meso_SUB_HIFLD_597_SUB_15226_rev,3000000000.0,20503540.843575973,35178467.300257735,0,672
SUB_HIFLD_597,SUB_15246,meso_SUB_HIFLD_597_SUB_15246_rev,1500000000.0,1743786.4496229563,57256022.18969845,0,672
SUB_HIFLD_597,SUB_15257,meso_SUB_HIFLD_597_SUB_15257_rev,1500000000.0,19295799.088779073,44103338.434278354,0,672
SUB_HIFLD_597,SUB_15361,meso_SUB_HIFLD_597_SUB_15361_rev,3000000000.0,62065315.26173928,160573172.07576546,0,672
SUB_HIFLD_597,SUB_16368,meso_SUB_HIFLD_597_SUB_16368_rev,1500000000.0,406058.464381514,40727347.7295183,0,672
SUB_HIFLD_597,SUB_16391,meso_SUB_HIFLD_597_SUB_16391_rev,4000000000.0,0.0,0.0,0,672
SUB_HIFLD_597,SUB_HIFLD_1395,meso_SUB_HIFLD_597_SUB_HIFLD_1395_rev,8000000000.0,0.0,0.0,0,672
SUB_HIFLD_597,SUB_HIFLD_2010,meso_SUB_HIFLD_597_SUB_HIFLD_2010_rev,1500000000.0,0.0,0.0,0,672
SUB_HIFLD_597,WEC_CALN,iface_SUB_HIFLD_597_WEC_CALN_to_ba,10414020126.795326,0.0,0.0,0,672
SUB_HIFLD_659,SUB_15376,meso_SUB_HIFLD_659_SUB_15376_rev,600000000.0,41847288.452849954,166358394.89098498,0,672
SUB_HIFLD_659,SUB_HIFLD_2330,meso_SUB_HIFLD_659_SUB_HIFLD_2330_rev,1500000000.0,0.0,0.0,0,672
SUB_HIFLD_659,SUB_HIFLD_2469,meso_SUB_HIFLD_659_SUB_HIFLD_2469_rev,4000000000.0,0.0,0.0,0,672
SUB_HIFLD_659,WEC_CALN,iface_SUB_HIFLD_659_WEC_CALN_to_ba,200000000.0,0.0,0.0,0,672
SUB_HIFLD_982,SUB_01435,meso_SUB_HIFLD_982_SUB_01435_rev,1500000000.0,667359.3621578962,48952706.185567014,0,672
SUB_HIFLD_982,SUB_16237,meso_SUB_HIFLD_982_SUB_16237_rev,1500000000.0,40137241.97976153,68996343.42783505,0,672
SUB_HIFLD_982,SUB_16247,meso_SUB_HIFLD_982_SUB_16247_rev,1500000000.0,0.0,0.0,0,672
SUB_HIFLD_982,SUB_16348,meso_SUB_HIFLD_982_SUB_16348_rev,4000000000.0,16799.95556403001,11289570.139028167,0,672
SUB_HIFLD_982,SUB_HIFLD_1406,meso_SUB_HIFLD_982_SUB_HIFLD_1406_rev,1500000000.0,0.0,0.0,0,672
SUB_HIFLD_982,SUB_HIFLD_30,meso_SUB_HIFLD_982_SUB_HIFLD_30_rev,24500000000.0,0.0,0.0,0,672
SUB_HIFLD_982,WEC_CALN,iface_SUB_HIFLD_982_WEC_CALN_to_ba,200000000.0,0.0,0.0,0,672
SUB_HIFLD_1020,SUB_01223,meso_SUB_HIFLD_1020_SUB_01223_rev,8000000000.0,35915.40127979382,18643723.159840327,0,672
SUB_HIFLD_1020,SUB_08234,meso_SUB_HIFLD_1020_SUB_08234_rev,3000000000.0,22104262.67876702,59089324.25902062,0,672
SUB_HIFLD_1020,SUB_08246,meso_SUB_HIFLD_1020_SUB_08246_rev,3000000000.0,25080537.70966009,46170380.960051544,0,672
SUB_HIFLD_1020,SUB_08380,meso_SUB_HIFLD_1020_SUB_08380_rev,3000000000.0,97534644.72915041,193269861.46907216,0,672
SUB_HIFLD_1020,SUB_08389,meso_SUB_HIFLD_1020_SUB_08389_rev,1500000000.0,69809908.30203272,196077099.20445976,0,672
SUB_HIFLD_1020,SUB_01222,meso_SUB_HIFLD_1020_SUB_01222_rev,4000000000.0,7309958.2872242285,179127473.9414521,0,672
SUB_HIFLD_1020,SUB_HIFLD_1432,meso_SUB_HIFLD_1020_SUB_HIFLD_1432_fwd,4000000000.0,124275.37621602391,47214223.22135739,0,672
SUB_HIFLD_1020,WEC_CALN,iface_SUB_HIFLD_1020_WEC_CALN_to_ba,5500000000.0,0.0,0.0,0,672
SUB_HIFLD_1062,SUB_10349,meso_SUB_HIFLD_1062_SUB_10349_fwd,50000000.0,0.0,0.0,0,672
SUB_HIFLD_1077,SUB_10225,meso_SUB_HIFLD_1077_SUB_10225_rev,8000000000.0,0.0,0.0,0,672
SUB_HIFLD_1077,SUB_HIFLD_1324,meso_SUB_HIFLD_1077_SUB_HIFLD_1324_fwd,16000000000.0,6605789.190221982,48000000.0,0,672
SUB_HIFLD_1077,SUB_10221,meso_SUB_HIFLD_1077_SUB_10221_rev,4000000000.0,0.0,0.0,0,672
SUB_HIFLD_1077,WEC_CALN,iface_SUB_HIFLD_1077_WEC_CALN_to_ba,1200000000.0,41394210.80977802,48000000.0,0,672
SUB_HIFLD_1086,SUB_06364,meso_SUB_HIFLD_1086_SUB_06364_rev,8000000000.0,83560848.66226663,179294303.92578125,0,672
SUB_HIFLD_1086,SUB_10293,meso_SUB_HIFLD_1086_SUB_10293_rev,8000000000.0,0.0,0.0,0,672
SUB_HIFLD_1086,SUB_HIFLD_1324,meso_SUB_HIFLD_1086_SUB_HIFLD_1324_fwd,8000000000.0,177689.13475713637,77868287.59158479,0,672
SUB_HIFLD_1086,SUB_HIFLD_2456,meso_SUB_HIFLD_1086_SUB_HIFLD_2456_fwd,8000000000.0,0.0,0.0,0,672
SUB_HIFLD_1086,SUB_10309,meso_SUB_HIFLD_1086_SUB_10309_rev,600000000.0,2672316.2309111864,17054425.73881946,0,672
SUB_HIFLD_1086,SUB_10322,meso_SUB_HIFLD_1086_SUB_10322_rev,50000000.0,0.0,0.0,0,672
SUB_HIFLD_1086,WEC_CALN,iface_SUB_HIFLD_1086_WEC_CALN_to_ba,4149000000.0,92983264.51625033,179406086.5386963,0,672
SUB_HIFLD_1102,SUB_16368,meso_SUB_HIFLD_1102_SUB_16368_rev,1500000000.0,101880000.0,101880000.0,0,672
SUB_HIFLD_1113,SUB_01365,meso_SUB_HIFLD_1113_SUB_01365_rev,12000000000.0,73953493.70619093,307976117.26804125,0,672
SUB_HIFLD_1113,SUB_HIFLD_30,meso_SUB_HIFLD_1113_SUB_HIFLD_30_fwd,16000000000.0,76287567.81079163,389905324.46825844,0,672
SUB_HIFLD_1113,SUB_01323,meso_SUB_HIFLD_1113_SUB_01323_rev,4000000000.0,16777411.091685563,45817140.019962884,0,672
SUB_HIFLD_1113,SUB_01324,meso_SUB_HIFLD_1113_SUB_01324_rev,4000000000.0,23938484.281345867,218923445.22994936,0,672
SUB_HIFLD_1113,SUB_01459,meso_SUB_HIFLD_1113_SUB_01459_rev,4000000000.0,44541228.055313975,104668540.59278351,0,672
SUB_HIFLD_1113,WEC_CALN,iface_SUB_HIFLD_1113_WEC_CALN_to_ba,28000000000.0,4701916.183974332,202665472.95903087,0,672
SUB_HIFLD_1131,SUB_01201,meso_SUB_HIFLD_1131_SUB_01201_rev,1500000000.0,66765.54688708199,17939267.47558594,0,672
SUB_HIFLD_1131,SUB_01254,meso_SUB_HIFLD_1131_SUB_01254_rev,1500000000.0,0.0,0.0,0,672
SUB_HIFLD_1131,SUB_HIFLD_1139,meso_SUB_HIFLD_1131_SUB_HIFLD_1139_fwd,1500000000.0,617202.3691536923,13939095.728449823,0,672
SUB_HIFLD_1135,SUB_16374,meso_SUB_HIFLD_1135_SUB_16374_rev,600000000.0,0.0,0.0,0,672
SUB_HIFLD_1135,SUB_16288,meso_SUB_HIFLD_1135_SUB_16288_rev,15000000000.0,0.0,0.0,0,672
SUB_HIFLD_1135,SUB_HIFLD_30,meso_SUB_HIFLD_1135_SUB_HIFLD_30_fwd,30000000000.0,0.0,0.0,0,672
SUB_HIFLD_1139,SUB_HIFLD_1140,meso_SUB_HIFLD_1139_SUB_HIFLD_1140_fwd,1500000000.0,15757293.598565903,34179837.7882878,0,672
SUB_HIFLD_1139,SUB_HIFLD_4231,meso_SUB_HIFLD_1139_SUB_HIFLD_4231_fwd,1500000000.0,2253256.696124905,18409553.479381442,0,672
SUB_HIFLD_1139,SUB_HIFLD_1131,meso_SUB_HIFLD_1139_SUB_HIFLD_1131_rev,1500000000.0,1582522.411593133,21261759.92167365,0,672
SUB_HIFLD_1140,SUB_HIFLD_1,meso_SUB_HIFLD_1140_SUB_HIFLD_1_rev,1500000000.0,6637172.931488869,22789364.529639177,0,672
SUB_HIFLD_1140,SUB_HIFLD_1139,meso_SUB_HIFLD_1140_SUB_HIFLD_1139_rev,1500000000.0,0.0,0.0,0,672
SUB_HIFLD_1153,SUB_HIFLD_1833,meso_SUB_HIFLD_1153_SUB_HIFLD_1833_fwd,1500000000.0,0.0,0.0,0,672
SUB_HIFLD_1153,SUB_HIFLD_2705,meso_SUB_HIFLD_1153_SUB_HIFLD_2705_fwd,1500000000.0,0.0,0.0,0,672
SUB_HIFLD_1153,SUB_HIFLD_3623,meso_SUB_HIFLD_1153_SUB_HIFLD_3623_fwd,1500000000.0,0.0,0.0,0,672
SUB_HIFLD_1170,SUB_25235,meso_SUB_HIFLD_1170_SUB_25235_rev,1500000000.0,208831329.75095028,405083569.32397795,0,672
SUB_HIFLD_1170,SUB_25412,meso_SUB_HIFLD_1170_SUB_25412_rev,4000000000.0,1336230.7287553889,53582465.92330119,0,672
SUB_HIFLD_1170,SUB_HIFLD_1171,meso_SUB_HIFLD_1170_SUB_HIFLD_1171_fwd,4000000000.0,0.0,0.0,0,672
SUB_HIFLD_1170,SUB_HIFLD_1191,meso_SUB_HIFLD_1170_SUB_HIFLD_1191_fwd,4000000000.0,0.0,0.0,0,672
SUB_HIFLD_1170,SUB_25250,meso_SUB_HIFLD_1170_SUB_25250_rev,50000000.0,60796.908321015435,98287.94813647712,0,672
SUB_HIFLD_1170,WEC_CALN,iface_SUB_HIFLD_1170_WEC_CALN_to_ba,1910000000.0,0.0,0.0,0,672
SUB_HIFLD_1171,SUB_HIFLD_1170,meso_SUB_HIFLD_1171_SUB_HIFLD_1170_rev,4000000000.0,40793587.80961457,48500000.0,0,672
SUB_HIFLD_1171,SUB_25993,meso_SUB_HIFLD_1171_SUB_25993_rev,50000000.0,0.0,0.0,0,672
SUB_HIFLD_1171,WEC_CALN,iface_SUB_HIFLD_1171_WEC_CALN_to_ba,3950000000.0,7706412.190385433,48500000.0,0,672
SUB_HIFLD_1175,SUB_25241,meso_SUB_HIFLD_1175_SUB_25241_rev,800000000.0,7670218.782751991,8751431.30550537,0,672
SUB_HIFLD_1175,SUB_25252,meso_SUB_HIFLD_1175_SUB_25252_rev,600000000.0,454553.88561842806,2336893.5704117236,0,672
SUB_HIFLD_1175,SUB_25151,meso_SUB_HIFLD_1175_SUB_25151_rev,1500000000.0,0.0,0.0,0,672
SUB_HIFLD_1190,SUB_25256,meso_SUB_HIFLD_1190_SUB_25256_rev,1500000000.0,3535670.2754950467,23583288.28312453,0,672
SUB_HIFLD_1190,SUB_25408,meso_SUB_HIFLD_1190_SUB_25408_rev,3000000000.0,869553.9521873,32132944.889658507,0,672
SUB_HIFLD_1190,SUB_25206,meso_SUB_HIFLD_1190_SUB_25206_rev,1500000000.0,50942160.03207261,70756713.43979737,0,672
SUB_HIFLD_1190,SUB_25235,meso_SUB_HIFLD_1190_SUB_25235_rev,1500000000.0,0.0,0.0,0,672
SUB_HIFLD_1190,SUB_25536,meso_SUB_HIFLD_1190_SUB_25536_rev,1500000000.0,0.0,0.0,0,672
SUB_HIFLD_1190,SUB_25415,meso_SUB_HIFLD_1190_SUB_25415_rev,130512933.44517232,7267793.67206257,12364393.72583763,0,672
SUB_HIFLD_1191,SUB_HIFLD_1170,meso_SUB_HIFLD_1191_SUB_HIFLD_1170_rev,4000000000.0,66000000.0,66000000.0,0,672
SUB_HIFLD_1195,SUB_01223,meso_SUB_HIFLD_1195_SUB_01223_rev,19000000000.0,3639382.650731623,216888688.56447285,0,672
SUB_HIFLD_1195,SUB_08319,meso_SUB_HIFLD_1195_SUB_08319_rev,1500000000.0,140427927.0003212,184914739.680074,0,672
SUB_HIFLD_1195,SUB_18201,meso_SUB_HIFLD_1195_SUB_18201_rev,1500000000.0,151569859.7561007,217223613.2498698,0,672
SUB_HIFLD_1195,SUB_18235,meso_SUB_HIFLD_1195_SUB_18235_rev,2100000000.0,16547042.866059259,24252852.491715886,0,672
SUB_HIFLD_1195,SUB_25464,meso_SUB_HIFLD_1195_SUB_25464_rev,4000000000.0,1774.2042272345939,660881.2906938796,0,672
SUB_HIFLD_1195,SUB_HIFLD_1874,meso_SUB_HIFLD_1195_SUB_HIFLD_1874_fwd,600000000.0,0.0,0.0,0,672
SUB_HIFLD_1195,SUB_HIFLD_211,meso_SUB_HIFLD_1195_SUB_HIFLD_211_fwd,8000000000.0,0.0,0.0,0,672
SUB_HIFLD_1195,SUB_18222,meso_SUB_HIFLD_1195_SUB_18222_rev,1500000000.0,93986714.80450514,123890102.02552009,0,672
SUB_HIFLD_1195,SUB_25393,meso_SUB_HIFLD_1195_SUB_25393_rev,15000000000.0,0.0,0.0,0,672
SUB_HIFLD_1195,SUB_HIFLD_1432,meso_SUB_HIFLD_1195_SUB_HIFLD_1432_fwd,45000000000.0,4419310.217964332,379033361.41490996,0,672
SUB_HIFLD_1195,SUB_18238,meso_SUB_HIFLD_1195_SUB_18238_rev,92039598.68882015,6189114.422205915,8661006.96681701,0,672
SUB_HIFLD_1195,WEC_CALN,iface_SUB_HIFLD_1195_WEC_CALN_to_ba,10211988538.68,0.0,0.0,0,672
SUB_HIFLD_1225,SUB_25208,meso_SUB_HIFLD_1225_SUB_25208_rev,1500000000.0,26483.72521025967,5485886.210151401,0,672
SUB_HIFLD_1225,SUB_25261,meso_SUB_HIFLD_1225_SUB_25261_rev,4000000000.0,76215.32974694582,51216701.58994759,0,672
SUB_HIFLD_1232,SUB_25277,meso_SUB_HIFLD_1232_SUB_25277_rev,800000000.0,23077.524841404615,1345198.077632868,0,672
SUB_HIFLD_1232,SUB_25297,meso_SUB_HIFLD_1232_SUB_25297_rev,800000000.0,9936922.475158595,9960000.0,0,672
SUB_HIFLD_1248,SUB_HIFLD_326,meso_SUB_HIFLD_1248_SUB_HIFLD_326_fwd,800000000.0,0.0,0.0,0,672
SUB_HIFLD_1248,SUB_HIFLD_364,meso_SUB_HIFLD_1248_SUB_HIFLD_364_fwd,800000000.0,0.0,0.0,0,672
SUB_HIFLD_1294,SUB_10372,meso_SUB_HIFLD_1294_SUB_10372_rev,4000000000.0,74588145.12826234,76439208.37593079,0,672
SUB_HIFLD_1294,SUB_HIFLD_1295,meso_SUB_HIFLD_1294_SUB_HIFLD_1295_rev,50000000.0,0.0,0.0,0,672
SUB_HIFLD_1295,SUB_HIFLD_1294,meso_SUB_HIFLD_1295_SUB_HIFLD_1294_fwd,50000000.0,48104063.86014904,50000000.0,531,672
SUB_HIFLD_1297,SUB_HIFLD_1300,meso_SUB_HIFLD_1297_SUB_HIFLD_1300_fwd,4000000000.0,0.0,0.0,0,672
SUB_HIFLD_1297,WEC_CALN,iface_SUB_HIFLD_1297_WEC_CALN_to_ba,4000000000.0,68773060.63051167,68782921.71859741,0,672
SUB_HIFLD_1299,SUB_10332,meso_SUB_HIFLD_1299_SUB_10332_rev,4000000000.0,952037.1248683436,15343955.49659498,0,672
SUB_HIFLD_1299,SUB_HIFLD_1300,meso_SUB_HIFLD_1299_SUB_HIFLD_1300_fwd,4000000000.0,50611162.87513165,50982098.24621457,0,672
SUB_HIFLD_1299,SUB_10350,meso_SUB_HIFLD_1299_SUB_10350_rev,50000000.0,0.0,0.0,0,672
SUB_HIFLD_1300,SUB_HIFLD_1297,meso_SUB_HIFLD_1300_SUB_HIFLD_1297_rev,4000000000.0,0.0,0.0,0,672
SUB_HIFLD_1300,SUB_10332,meso_SUB_HIFLD_1300_SUB_10332_rev,12000000000.0,0.0,0.0,0,672
SUB_HIFLD_1300,SUB_HIFLD_1299,meso_SUB_HIFLD_1300_SUB_HIFLD_1299_rev,4000000000.0,0.0,0.0,0,672
SUB_HIFLD_1300,SUB_10132,meso_SUB_HIFLD_1300_SUB_10132_rev,50000000.0,70198.25417678265,102238.18906803722,0,672
SUB_HIFLD_1300,WEC_CALN,iface_SUB_HIFLD_1300_WEC_CALN_to_ba,2400000000.0,145022629.73470092,145376822.51630455,0,672
SUB_HIFLD_1303,SUB_HIFLD_2469,meso_SUB_HIFLD_1303_SUB_HIFLD_2469_fwd,4000000000.0,610469.8097538744,63963658.94571832,0,672
SUB_HIFLD_1303,SUB_10345,meso_SUB_HIFLD_1303_SUB_10345_rev,4000000000.0,5264333.355736436,9595569.098050237,0,672
SUB_HIFLD_1303,WEC_CALN,iface_SUB_HIFLD_1303_WEC_CALN_to_ba,1774000000.0,65085196.83450969,70960000.0,0,672
SUB_HIFLD_1313,SUB_HIFLD_2469,meso_SUB_HIFLD_1313_SUB_HIFLD_2469_fwd,4000000000.0,88781.0443528137,35827973.72619772,0,672
SUB_HIFLD_1313,WEC_CALN,iface_SUB_HIFLD_1313_WEC_CALN_to_ba,1820000000.0,72711218.95564719,72800000.0,0,672
SUB_HIFLD_1323,SUB_10253,meso_SUB_HIFLD_1323_SUB_10253_rev,600000000.0,456436.9732204168,2665062.2250038297,0,672
SUB_HIFLD_1323,SUB_10281,meso_SUB_HIFLD_1323_SUB_10281_rev,600000000.0,0.0,0.0,0,672
SUB_HIFLD_1323,SUB_HIFLD_1324,meso_SUB_HIFLD_1323_SUB_HIFLD_1324_fwd,4000000000.0,2295504.2306870287,89838134.03076172,0,672
SUB_HIFLD_1323,WEC_CALN,iface_SUB_HIFLD_1323_WEC_CALN_to_ba,2800000000.0,88647376.13949846,107570271.64926007,0,672
SUB_HIFLD_1324,SUB_10375,meso_SUB_HIFLD_1324_SUB_10375_rev,1500000000.0,120209014.55127952,266530319.65461427,0,672
SUB_HIFLD_1324,SUB_HIFLD_1077,meso_SUB_HIFLD_1324_SUB_HIFLD_1077_rev,16000000000.0,0.0,0.0,0,672
SUB_HIFLD_1324,SUB_HIFLD_1086,meso_SUB_HIFLD_1324_SUB_HIFLD_1086_rev,8000000000.0,0.0,0.0,0,672
SUB_HIFLD_1324,SUB_HIFLD_1323,meso_SUB_HIFLD_1324_SUB_HIFLD_1323_rev,4000000000.0,0.0,0.0,0,672
SUB_HIFLD_1324,SUB_10221,meso_SUB_HIFLD_1324_SUB_10221_rev,4000000000.0,0.0,0.0,0,672
SUB_HIFLD_1324,WEC_CALN,iface_SUB_HIFLD_1324_WEC_CALN_to_ba,1250000000.0,209129.51002854685,44192212.576541275,0,672
SUB_HIFLD_1327,SUB_HIFLD_2193,meso_SUB_HIFLD_1327_SUB_HIFLD_2193_fwd,600000000.0,0.0,0.0,0,672
SUB_HIFLD_1327,SUB_HIFLD_3082,meso_SUB_HIFLD_1327_SUB_HIFLD_3082_fwd,600000000.0,0.0,0.0,0,672
SUB_HIFLD_1327,SUB_HIFLD_523,meso_SUB_HIFLD_1327_SUB_HIFLD_523_fwd,600000000.0,3880000.0,3880000.0,0,672
SUB_HIFLD_1332,SUB_HIFLD_2003,meso_SUB_HIFLD_1332_SUB_HIFLD_2003_fwd,600000000.0,1849179.1737799442,3306776.2866462627,0,672
SUB_HIFLD_1332,SUB_HIFLD_2009,meso_SUB_HIFLD_1332_SUB_HIFLD_2009_fwd,600000000.0,0.0,0.0,0,672
SUB_HIFLD_1332,SUB_HIFLD_2751,meso_SUB_HIFLD_1332_SUB_HIFLD_2751_fwd,600000000.0,31301.218631165724,2479435.3052512887,0,672
SUB_HIFLD_1333,SUB_HIFLD_1917,meso_SUB_HIFLD_1333_SUB_HIFLD_1917_fwd,600000000.0,0.0,0.0,0,672
SUB_HIFLD_1333,SUB_HIFLD_2005,meso_SUB_HIFLD_1333_SUB_HIFLD_2005_fwd,600000000.0,14738006.280146902,24544011.785182178,0,672
SUB_HIFLD_1333,SUB_HIFLD_2009,meso_SUB_HIFLD_1333_SUB_HIFLD_2009_fwd,600000000.0,3358777.369800538,7116980.975584559,0,672
SUB_HIFLD_1336,SUB_15218,meso_SUB_HIFLD_1336_SUB_15218_rev,1200000000.0,2631647.059205685,48800000.0,0,672
SUB_HIFLD_1336,WEC_CALN,iface_SUB_HIFLD_1336_WEC_CALN_to_ba,6800000000.0,46381181.89234539,79195498.99114549,0,672
SUB_HIFLD_1357,SUB_15232,meso_SUB_HIFLD_1357_SUB_15232_rev,6000000000.0,0.0,0.0,0,672
SUB_HIFLD_1357,SUB_HIFLD_2010,meso_SUB_HIFLD_1357_SUB_HIFLD_2010_fwd,4000000000.0,23559746.51821353,74530901.39384343,0,672
SUB_HIFLD_1357,SUB_HIFLD_2456,meso_SUB_HIFLD_1357_SUB_HIFLD_2456_fwd,8000000000.0,0.0,0.0,0,672
SUB_HIFLD_1357,WEC_CALN,iface_SUB_HIFLD_1357_WEC_CALN_to_ba,200000000.0,84685.99520890268,18710446.333145034,0,672
SUB_HIFLD_1360,SUB_04350,meso_SUB_HIFLD_1360_SUB_04350_rev,197171878.94974396,0.0,0.0,0,672
SUB_HIFLD_1395,SUB_16391,meso_SUB_HIFLD_1395_SUB_16391_rev,4000000000.0,6644868.260103168,50092517.71907216,0,672
SUB_HIFLD_1395,SUB_HIFLD_597,meso_SUB_HIFLD_1395_SUB_HIFLD_597_fwd,8000000000.0,51709316.21003556,306300000.0,0,672
SUB_HIFLD_1395,WEC_CALN,iface_SUB_HIFLD_1395_WEC_CALN_to_ba,3063000000.0,105401.45441678,35715151.44499329,0,672
SUB_HIFLD_1396,WEC_CALN,iface_SUB_HIFLD_1396_WEC_CALN_to_ba,50000000.0,0.0,0.0,0,672
SUB_HIFLD_1406,SUB_01435,meso_SUB_HIFLD_1406_SUB_01435_rev,1500000000.0,55097203.62085465,124799879.7400614,0,672
SUB_HIFLD_1406,SUB_16277,meso_SUB_HIFLD_1406_SUB_16277_rev,1500000000.0,62546399.782812685,163764295.03002444,0,672
SUB_HIFLD_1406,SUB_HIFLD_30,meso_SUB_HIFLD_1406_SUB_HIFLD_30_fwd,1500000000.0,4154213.831622931,86223115.25866194,0,672
SUB_HIFLD_1406,SUB_HIFLD_982,meso_SUB_HIFLD_1406_SUB_HIFLD_982_fwd,1500000000.0,16905382.128304265,69018342.81007545,0,672
SUB_HIFLD_1406,SUB_16247,meso_SUB_HIFLD_1406_SUB_16247_rev,3000000000.0,11611493.530119661,139662308.44842437,0,672
SUB_HIFLD_1418,SUB_HIFLD_2058,meso_SUB_HIFLD_1418_SUB_HIFLD_2058_fwd,1200000000.0,0.0,0.0,0,672
SUB_HIFLD_1418,SUB_HIFLD_2062,meso_SUB_HIFLD_1418_SUB_HIFLD_2062_fwd,600000000.0,0.0,0.0,0,672
SUB_HIFLD_1418,SUB_02402,meso_SUB_HIFLD_1418_SUB_02402_rev,502756140.9022589,34504062.86495248,46101244.3621134,0,672
SUB_HIFLD_1423,SUB_01222,meso_SUB_HIFLD_1423_SUB_01222_rev,3000000000.0,0.0,0.0,0,672
SUB_HIFLD_1423,SUB_08246,meso_SUB_HIFLD_1423_SUB_08246_rev,1500000000.0,0.0,0.0,0,672
SUB_HIFLD_1423,SUB_HIFLD_2117,meso_SUB_HIFLD_1423_SUB_HIFLD_2117_fwd,1500000000.0,0.0,0.0,0,672
SUB_HIFLD_1423,SUB_HIFLD_3161,meso_SUB_HIFLD_1423_SUB_HIFLD_3161_fwd,600000000.0,567912.6099384377,2725291.458601804,0,672
SUB_HIFLD_1423,SUB_HIFLD_3263,meso_SUB_HIFLD_1423_SUB_HIFLD_3263_fwd,1500000000.0,191720.6494262473,2908656.672841495,0,672
SUB_HIFLD_1423,SUB_HIFLD_3165,meso_SUB_HIFLD_1423_SUB_HIFLD_3165_fwd,3000000000.0,1533553.173332201,28756341.207637362,0,672
SUB_HIFLD_1423,SUB_HIFLD_3170,meso_SUB_HIFLD_1423_SUB_HIFLD_3170_fwd,3000000000.0,57928.31941510043,596867.1346448131,0,672
SUB_HIFLD_1432,SUB_08295,meso_SUB_HIFLD_1432_SUB_08295_rev,4500000000.0,68676550.1665039,115901425.57989691,0,672
SUB_HIFLD_1432,SUB_08343,meso_SUB_HIFLD_1432_SUB_08343_rev,4000000000.0,0.0,0.0,0,672
SUB_HIFLD_1432,SUB_08348,meso_SUB_HIFLD_1432_SUB_08348_rev,1500000000.0,56249226.17438394,277910036.335197,0,672
SUB_HIFLD_1432,SUB_01223,meso_SUB_HIFLD_1432_SUB_01223_rev,4000000000.0,0.0,0.0,0,672
SUB_HIFLD_1432,SUB_08201,meso_SUB_HIFLD_1432_SUB_08201_rev,3000000000.0,150471579.55051985,271674131.6621016,0,672
SUB_HIFLD_1432,SUB_08292,meso_SUB_HIFLD_1432_SUB_08292_rev,3000000000.0,89786452.96327436,148030816.90402806,0,672
SUB_HIFLD_1432,SUB_08296,meso_SUB_HIFLD_1432_SUB_08296_rev,1500000000.0,10372408.6493678,25157897.06829897,0,672
SUB_HIFLD_1432,SUB_08324,meso_SUB_HIFLD_1432_SUB_08324_rev,3000000000.0,24139478.677607585,79463817.87379514,0,672
SUB_HIFLD_1432,SUB_08339,meso_SUB_HIFLD_1432_SUB_08339_rev,1500000000.0,54096610.74629263,147608527.15817302,0,672
SUB_HIFLD_1432,SUB_08377,meso_SUB_HIFLD_1432_SUB_08377_rev,4000000000.0,0.0,0.0,0,672
SUB_HIFLD_1432,SUB_08391,meso_SUB_HIFLD_1432_SUB_08391_rev,3000000000.0,77515296.16331255,129991397.94677967,0,672
SUB_HIFLD_1432,SUB_HIFLD_1020,meso_SUB_HIFLD_1432_SUB_HIFLD_1020_rev,4000000000.0,0.0,0.0,0,672
SUB_HIFLD_1432,SUB_HIFLD_1195,meso_SUB_HIFLD_1432_SUB_HIFLD_1195_rev,45000000000.0,0.0,0.0,0,672
SUB_HIFLD_1432,SUB_HIFLD_30,meso_SUB_HIFLD_1432_SUB_HIFLD_30_fwd,30000000000.0,0.0,0.0,0,672
SUB_HIFLD_1432,WEC_CALN,iface_SUB_HIFLD_1432_WEC_CALN_to_ba,5461000000.0,0.0,0.0,0,672
SUB_HIFLD_1434,SUB_08318,meso_SUB_HIFLD_1434_SUB_08318_rev,1500000000.0,137521794.45380878,246550000.0,0,672
SUB_HIFLD_1434,SUB_HIFLD_2611,meso_SUB_HIFLD_1434_SUB_HIFLD_2611_fwd,1500000000.0,0.0,0.0,0,672
SUB_HIFLD_1444,SUB_18282,meso_SUB_HIFLD_1444_SUB_18282_rev,4000000000.0,170038780.46229938,326028906.99134284,0,672
SUB_HIFLD_1444,SUB_18301,meso_SUB_HIFLD_1444_SUB_18301_rev,24000000000.0,83426617.00118954,192627237.28877413,0,672
SUB_HIFLD_1444,SUB_25261,meso_SUB_HIFLD_1444_SUB_25261_rev,45000000000.0,113353942.41519703,277429131.5270644,0,672
SUB_HIFLD_1444,SUB_25393,meso_SUB_HIFLD_1444_SUB_25393_rev,30000000000.0,56576170.43123082,548251166.2691382,0,672
SUB_HIFLD_1444,WEC_CALN,iface_SUB_HIFLD_1444_WEC_CALN_to_ba,254000000000.0,1816604489.690083,2240000000.0,0,672
SUB_HIFLD_1815,SUB_04341,meso_SUB_HIFLD_1815_SUB_04341_fwd,50000000.0,1400000.0,1400000.0,0,672
SUB_HIFLD_1823,SUB_04341,meso_SUB_HIFLD_1823_SUB_04341_fwd,50000000.0,0.0,0.0,0,672
SUB_HIFLD_1827,SUB_04341,meso_SUB_HIFLD_1827_SUB_04341_rev,3000000000.0,0.0,0.0,0,672
SUB_HIFLD_1827,SUB_HIFLD_3212,meso_SUB_HIFLD_1827_SUB_HIFLD_3212_fwd,1500000000.0,0.0,0.0,0,672
SUB_HIFLD_1829,SUB_25464,meso_SUB_HIFLD_1829_SUB_25464_rev,1500000000.0,0.0,0.0,0,672
SUB_HIFLD_1829,SUB_25470,meso_SUB_HIFLD_1829_SUB_25470_rev,1500000000.0,9904050.080127174,30127504.043668296,0,672
SUB_HIFLD_1829,SUB_HIFLD_2705,meso_SUB_HIFLD_1829_SUB_HIFLD_2705_fwd,3000000000.0,750808.6140773182,46045423.60741989,0,672
SUB_HIFLD_1829,SUB_HIFLD_1844,meso_SUB_HIFLD_1829_SUB_HIFLD_1844_fwd,1500000000.0,16455154.040591924,31124044.34604666,0,672
SUB_HIFLD_1832,SUB_HIFLD_3356,meso_SUB_HIFLD_1832_SUB_HIFLD_3356_fwd,1500000000.0,28915363.253658395,32729785.96581398,0,672
SUB_HIFLD_1832,SUB_HIFLD_1848,meso_SUB_HIFLD_1832_SUB_HIFLD_1848_fwd,1500000000.0,10664663.579866823,15305778.833762886,0,672
SUB_HIFLD_1832,WEC_CALN,iface_SUB_HIFLD_1832_WEC_CALN_to_ba,50000000.0,0.0,0.0,0,672
SUB_HIFLD_1833,SUB_25388,meso_SUB_HIFLD_1833_SUB_25388_rev,1500000000.0,29640837.36641832,60354213.79522165,0,672
SUB_HIFLD_1833,SUB_HIFLD_1153,meso_SUB_HIFLD_1833_SUB_HIFLD_1153_rev,1500000000.0,7516930.808482708,13548394.209085051,0,672
SUB_HIFLD_1833,SUB_HIFLD_1840,meso_SUB_HIFLD_1833_SUB_HIFLD_1840_fwd,1500000000.0,0.0,0.0,0,672
SUB_HIFLD_1833,SUB_HIFLD_3623,meso_SUB_HIFLD_1833_SUB_HIFLD_3623_fwd,1500000000.0,7455300.193280294,25459756.16451835,0,672
SUB_HIFLD_1833,SUB_HIFLD_1836,meso_SUB_HIFLD_1833_SUB_HIFLD_1836_fwd,1500000000.0,2291087.366964633,3665680.8754832475,0,672
SUB_HIFLD_1833,SUB_HIFLD_1851,meso_SUB_HIFLD_1833_SUB_HIFLD_1851_fwd,1500000000.0,0.0,0.0,0,672
SUB_HIFLD_1833,SUB_HIFLD_2705,meso_SUB_HIFLD_1833_SUB_HIFLD_2705_fwd,1500000000.0,29109.480790403024,19561571.09115083,0,672
SUB_HIFLD_1833,SUB_25361,meso_SUB_HIFLD_1833_SUB_25361_rev,540107068.3741552,26751038.277822204,51854941.204896905,0,672
SUB_HIFLD_1836,SUB_HIFLD_3623,meso_SUB_HIFLD_1836_SUB_HIFLD_3623_fwd,1500000000.0,0.0,0.0,0,672
SUB_HIFLD_1836,SUB_HIFLD_1833,meso_SUB_HIFLD_1836_SUB_HIFLD_1833_rev,1500000000.0,0.0,0.0,0,672
SUB_HIFLD_1840,SUB_HIFLD_1833,meso_SUB_HIFLD_1840_SUB_HIFLD_1833_rev,1500000000.0,0.0,0.0,0,672
SUB_HIFLD_1840,SUB_HIFLD_1851,meso_SUB_HIFLD_1840_SUB_HIFLD_1851_fwd,1500000000.0,0.0,0.0,0,672
SUB_HIFLD_1844,SUB_HIFLD_1829,meso_SUB_HIFLD_1844_SUB_HIFLD_1829_rev,1500000000.0,0.0,0.0,0,672
SUB_HIFLD_1844,SUB_HIFLD_2705,meso_SUB_HIFLD_1844_SUB_HIFLD_2705_fwd,1500000000.0,0.0,0.0,0,672
SUB_HIFLD_1844,SUB_25226,meso_SUB_HIFLD_1844_SUB_25226_rev,253454082.37502393,13214167.937708065,24928394.81314433,0,672
SUB_HIFLD_1845,SUB_25245,meso_SUB_HIFLD_1845_SUB_25245_rev,600000000.0,259598.4938575187,10176645.436470583,0,672
SUB_HIFLD_1845,SUB_25281,meso_SUB_HIFLD_1845_SUB_25281_rev,1400000000.0,0.0,0.0,0,672
SUB_HIFLD_1845,SUB_HIFLD_1851,meso_SUB_HIFLD_1845_SUB_HIFLD_1851_fwd,1500000000.0,0.0,0.0,0,672
SUB_HIFLD_1845,SUB_HIFLD_2705,meso_SUB_HIFLD_1845_SUB_HIFLD_2705_fwd,1500000000.0,1504161.9054153427,20714098.508156125,0,672
SUB_HIFLD_1848,SUB_HIFLD_3356,meso_SUB_HIFLD_1848_SUB_HIFLD_3356_fwd,1500000000.0,0.0,0.0,0,672
SUB_HIFLD_1848,SUB_HIFLD_1832,meso_SUB_HIFLD_1848_SUB_HIFLD_1832_rev,1500000000.0,0.0,0.0,0,672
SUB_HIFLD_1851,SUB_16371,meso_SUB_HIFLD_1851_SUB_16371_rev,4000000000.0,0.0,0.0,0,672
SUB_HIFLD_1851,SUB_25242,meso_SUB_HIFLD_1851_SUB_25242_rev,1500000000.0,10701367.731079124,41017932.5064433,0,672
SUB_HIFLD_1851,SUB_25245,meso_SUB_HIFLD_1851_SUB_25245_rev,3000000000.0,22897639.12395094,81374150.1872282,0,672
SUB_HIFLD_1851,SUB_25430,meso_SUB_HIFLD_1851_SUB_25430_rev,4000000000.0,0.0,0.0,0,672
SUB_HIFLD_1851,SUB_25461,meso_SUB_HIFLD_1851_SUB_25461_rev,4000000000.0,0.0,0.0,0,672
SUB_HIFLD_1851,SUB_25536,meso_SUB_HIFLD_1851_SUB_25536_rev,3000000000.0,320804.1456228969,18279238.48260309,0,672
SUB_HIFLD_1851,SUB_HIFLD_1840,meso_SUB_HIFLD_1851_SUB_HIFLD_1840_rev,1500000000.0,9644827.288485767,15414857.844716495,0,672
SUB_HIFLD_1851,SUB_HIFLD_1845,meso_SUB_HIFLD_1851_SUB_HIFLD_1845_rev,1500000000.0,4558309.9044747455,36288962.83902185,0,672
SUB_HIFLD_1851,SUB_25512,meso_SUB_HIFLD_1851_SUB_25512_rev,4000000000.0,12377308.325646123,23147990.390366703,0,672
SUB_HIFLD_1851,SUB_HIFLD_1833,meso_SUB_HIFLD_1851_SUB_HIFLD_1833_rev,1500000000.0,93256497.96913698,171384611.06079018,0,672
SUB_HIFLD_1851,SUB_HIFLD_74,meso_SUB_HIFLD_1851_SUB_HIFLD_74_fwd,4000000000.0,0.0,0.0,0,672
SUB_HIFLD_1851,WEC_CALN,iface_SUB_HIFLD_1851_WEC_CALN_to_ba,12000000000.0,0.0,0.0,0,672
SUB_HIFLD_1853,SUB_HIFLD_1866,meso_SUB_HIFLD_1853_SUB_HIFLD_1866_fwd,800000000.0,251939.38553538112,337443.8728253866,0,672
SUB_HIFLD_1853,SUB_HIFLD_1867,meso_SUB_HIFLD_1853_SUB_HIFLD_1867_fwd,800000000.0,0.0,0.0,0,672
SUB_HIFLD_1854,SUB_HIFLD_1856,meso_SUB_HIFLD_1854_SUB_HIFLD_1856_fwd,800000000.0,353984.6862480227,500690.35795546067,0,672
SUB_HIFLD_1854,SUB_HIFLD_2514,meso_SUB_HIFLD_1854_SUB_HIFLD_2514_fwd,4000000000.0,0.0,0.0,0,672
SUB_HIFLD_1854,SUB_HIFLD_3436,meso_SUB_HIFLD_1854_SUB_HIFLD_3436_fwd,800000000.0,377259.90922297694,533135.0424855025,0,672
SUB_HIFLD_1854,SUB_HIFLD_1862,meso_SUB_HIFLD_1854_SUB_HIFLD_1862_fwd,4000000000.0,0.0,0.0,0,672
SUB_HIFLD_1854,WEC_CALN,iface_SUB_HIFLD_1854_WEC_CALN_to_ba,200000000.0,0.0,0.0,0,672
SUB_HIFLD_1856,SUB_HIFLD_1854,meso_SUB_HIFLD_1856_SUB_HIFLD_1854_rev,800000000.0,0.0,0.0,0,672
SUB_HIFLD_1860,SUB_HIFLD_3104,meso_SUB_HIFLD_1860_SUB_HIFLD_3104_fwd,800000000.0,0.0,0.0,0,672
SUB_HIFLD_1860,SUB_HIFLD_481,meso_SUB_HIFLD_1860_SUB_HIFLD_481_fwd,800000000.0,0.0,0.0,0,672
SUB_HIFLD_1862,SUB_HIFLD_1854,meso_SUB_HIFLD_1862_SUB_HIFLD_1854_rev,4000000000.0,34445.80100829118,2826581.3547970196,0,672
SUB_HIFLD_1862,SUB_10372,meso_SUB_HIFLD_1862_SUB_10372_fwd,66581692.39684471,0.0,0.0,0,672
SUB_HIFLD_1864,SUB_HIFLD_3104,meso_SUB_HIFLD_1864_SUB_HIFLD_3104_fwd,800000000.0,0.0,0.0,0,672
SUB_HIFLD_1864,SUB_HIFLD_481,meso_SUB_HIFLD_1864_SUB_HIFLD_481_fwd,1600000000.0,0.0,0.0,0,672
SUB_HIFLD_1866,SUB_HIFLD_1853,meso_SUB_HIFLD_1866_SUB_HIFLD_1853_rev,800000000.0,0.0,0.0,0,672
SUB_HIFLD_1867,SUB_HIFLD_1853,meso_SUB_HIFLD_1867_SUB_HIFLD_1853_rev,800000000.0,349866.89102059096,468606.52254217933,0,672
SUB_HIFLD_1867,SUB_HIFLD_3283,meso_SUB_HIFLD_1867_SUB_HIFLD_3283_fwd,800000000.0,0.0,0.0,0,672
SUB_HIFLD_1874,SUB_18203,meso_SUB_HIFLD_1874_SUB_18203_rev,1200000000.0,16616127.163990475,29974578.45920034,0,672
SUB_HIFLD_1874,SUB_18208,meso_SUB_HIFLD_1874_SUB_18208_rev,600000000.0,21000646.818630192,75102894.04313637,0,672
SUB_HIFLD_1874,SUB_HIFLD_1195,meso_SUB_HIFLD_1874_SUB_HIFLD_1195_rev,600000000.0,55638422.06204635,93554514.8198316,0,672
SUB_HIFLD_1917,SUB_HIFLD_1333,meso_SUB_HIFLD_1917_SUB_HIFLD_1333_rev,600000000.0,18656477.989636533,32622341.371520076,0,672
SUB_HIFLD_1917,SUB_HIFLD_2007,meso_SUB_HIFLD_1917_SUB_HIFLD_2007_fwd,600000000.0,0.0,0.0,0,672
SUB_HIFLD_2003,SUB_HIFLD_1332,meso_SUB_HIFLD_2003_SUB_HIFLD_1332_rev,600000000.0,0.0,0.0,0,672
SUB_HIFLD_2003,SUB_HIFLD_2751,meso_SUB_HIFLD_2003_SUB_HIFLD_2751_fwd,600000000.0,0.0,0.0,0,672
SUB_HIFLD_2004,SUB_HIFLD_2009,meso_SUB_HIFLD_2004_SUB_HIFLD_2009_fwd,50000000.0,0.0,0.0,0,672
SUB_HIFLD_2005,SUB_HIFLD_1333,meso_SUB_HIFLD_2005_SUB_HIFLD_1333_rev,600000000.0,0.0,0.0,0,672
SUB_HIFLD_2005,SUB_HIFLD_2006,meso_SUB_HIFLD_2005_SUB_HIFLD_2006_fwd,600000000.0,13653512.707679141,22658534.693345465,0,672
SUB_HIFLD_2006,SUB_HIFLD_2005,meso_SUB_HIFLD_2006_SUB_HIFLD_2005_rev,600000000.0,0.0,0.0,0,672
SUB_HIFLD_2006,SUB_HIFLD_2751,meso_SUB_HIFLD_2006_SUB_HIFLD_2751_fwd,600000000.0,2225573.575783431,4035833.8031572164,0,672
SUB_HIFLD_2006,SUB_HIFLD_2973,meso_SUB_HIFLD_2006_SUB_HIFLD_2973_rev,117540784.31901953,6705191.30296665,10234950.86984536,0,672
SUB_HIFLD_2007,SUB_15232,meso_SUB_HIFLD_2007_SUB_15232_rev,600000000.0,0.0,0.0,0,672
SUB_HIFLD_2007,SUB_HIFLD_1917,meso_SUB_HIFLD_2007_SUB_HIFLD_1917_rev,600000000.0,19233482.463542815,33631279.76445368,0,672
SUB_HIFLD_2007,SUB_15259,meso_SUB_HIFLD_2007_SUB_15259_rev,80762031.56964825,4825973.083391222,7931418.633215206,0,672
SUB_HIFLD_2009,SUB_HIFLD_1332,meso_SUB_HIFLD_2009_SUB_HIFLD_1332_rev,600000000.0,3902773.8421823704,6921391.166162384,0,672
SUB_HIFLD_2009,SUB_HIFLD_1333,meso_SUB_HIFLD_2009_SUB_HIFLD_1333_rev,600000000.0,0.0,0.0,0,672
SUB_HIFLD_2009,SUB_HIFLD_2004,meso_SUB_HIFLD_2009_SUB_HIFLD_2004_rev,50000000.0,795240.2065241518,1422080.3801546392,0,672
SUB_HIFLD_2010,SUB_15206,meso_SUB_HIFLD_2010_SUB_15206_rev,1200000000.0,39368796.42488476,84577607.45695613,0,672
SUB_HIFLD_2010,SUB_HIFLD_1357,meso_SUB_HIFLD_2010_SUB_HIFLD_1357_rev,4000000000.0,0.0,0.0,0,672
SUB_HIFLD_2010,SUB_15244,meso_SUB_HIFLD_2010_SUB_15244_rev,3000000000.0,37490648.50561512,110682025.27500266,0,672
SUB_HIFLD_2010,SUB_HIFLD_597,meso_SUB_HIFLD_2010_SUB_HIFLD_597_fwd,1500000000.0,0.0,0.0,0,672
SUB_HIFLD_2010,WEC_CALN,iface_SUB_HIFLD_2010_WEC_CALN_to_ba,200000000.0,0.0,0.0,0,672
SUB_HIFLD_2013,WEC_CALN,iface_SUB_HIFLD_2013_WEC_CALN_to_ba,50000000.0,26169507.229732327,50000000.0,233,672
SUB_HIFLD_2020,SUB_HIFLD_2990,meso_SUB_HIFLD_2020_SUB_HIFLD_2990_fwd,600000000.0,0.0,0.0,0,672
SUB_HIFLD_2020,SUB_HIFLD_4426,meso_SUB_HIFLD_2020_SUB_HIFLD_4426_fwd,600000000.0,0.0,0.0,0,672
SUB_HIFLD_2043,SUB_16368,meso_SUB_HIFLD_2043_SUB_16368_rev,600000000.0,0.0,0.0,0,672
SUB_HIFLD_2043,SUB_HIFLD_4330,meso_SUB_HIFLD_2043_SUB_HIFLD_4330_fwd,600000000.0,15551.662866426674,549645.366865335,0,672
SUB_HIFLD_2048,SUB_02413,meso_SUB_HIFLD_2048_SUB_02413_rev,600000000.0,0.0,0.0,0,672
SUB_HIFLD_2048,SUB_HIFLD_2056,meso_SUB_HIFLD_2048_SUB_HIFLD_2056_fwd,600000000.0,0.0,0.0,0,672
SUB_HIFLD_2049,SUB_02257,meso_SUB_HIFLD_2049_SUB_02257_rev,3000000000.0,0.0,0.0,0,672
SUB_HIFLD_2049,SUB_HIFLD_3835,meso_SUB_HIFLD_2049_SUB_HIFLD_3835_fwd,1500000000.0,0.0,0.0,0,672
SUB_HIFLD_2049,SUB_02419,meso_SUB_HIFLD_2049_SUB_02419_rev,1500000000.0,0.0,0.0,0,672
SUB_HIFLD_2049,SUB_HIFLD_2068,meso_SUB_HIFLD_2049_SUB_HIFLD_2068_fwd,1500000000.0,0.0,0.0,0,672
SUB_HIFLD_2056,SUB_02413,meso_SUB_HIFLD_2056_SUB_02413_rev,600000000.0,0.0,0.0,0,672
SUB_HIFLD_2056,SUB_HIFLD_2048,meso_SUB_HIFLD_2056_SUB_HIFLD_2048_rev,600000000.0,0.0,0.0,0,672
SUB_HIFLD_2056,SUB_HIFLD_2070,meso_SUB_HIFLD_2056_SUB_HIFLD_2070_fwd,600000000.0,0.0,0.0,0,672
SUB_HIFLD_2058,SUB_02426,meso_SUB_HIFLD_2058_SUB_02426_rev,2100000000.0,0.0,0.0,0,672
SUB_HIFLD_2058,SUB_HIFLD_1418,meso_SUB_HIFLD_2058_SUB_HIFLD_1418_rev,1200000000.0,35118749.99757899,47777848.36783597,0,672
SUB_HIFLD_2058,SUB_HIFLD_2070,meso_SUB_HIFLD_2058_SUB_HIFLD_2070_fwd,1500000000.0,66369.96543999897,14192878.141108247,0,672
SUB_HIFLD_2058,SUB_HIFLD_2131,meso_SUB_HIFLD_2058_SUB_HIFLD_2131_fwd,600000000.0,16944555.28166744,31442198.28380739,0,672
SUB_HIFLD_2058,SUB_HIFLD_3025,meso_SUB_HIFLD_2058_SUB_HIFLD_3025_fwd,2100000000.0,0.0,0.0,0,672
SUB_HIFLD_2058,SUB_02416,meso_SUB_HIFLD_2058_SUB_02416_rev,600000000.0,0.0,0.0,0,672
SUB_HIFLD_2058,SUB_08203,meso_SUB_HIFLD_2058_SUB_08203_rev,1500000000.0,0.0,0.0,0,672
SUB_HIFLD_2062,SUB_02413,meso_SUB_HIFLD_2062_SUB_02413_rev,600000000.0,0.0,0.0,0,672
SUB_HIFLD_2062,SUB_HIFLD_1418,meso_SUB_HIFLD_2062_SUB_HIFLD_1418_rev,600000000.0,0.0,0.0,0,672
SUB_HIFLD_2062,SUB_02409,meso_SUB_HIFLD_2062_SUB_02409_rev,210487810.76590532,14610192.760229696,21181892.31636598,0,672
SUB_HIFLD_2068,SUB_02269,meso_SUB_HIFLD_2068_SUB_02269_rev,1500000000.0,32198568.736073073,41426880.6378866,0,672
SUB_HIFLD_2068,SUB_02405,meso_SUB_HIFLD_2068_SUB_02405_rev,1500000000.0,0.0,0.0,0,672
SUB_HIFLD_2068,SUB_HIFLD_3834,meso_SUB_HIFLD_2068_SUB_HIFLD_3834_fwd,1500000000.0,0.0,0.0,0,672
SUB_HIFLD_2068,SUB_HIFLD_3835,meso_SUB_HIFLD_2068_SUB_HIFLD_3835_fwd,1500000000.0,0.0,0.0,0,672
SUB_HIFLD_2068,SUB_02419,meso_SUB_HIFLD_2068_SUB_02419_rev,1500000000.0,0.0,0.0,0,672
SUB_HIFLD_2068,SUB_HIFLD_2049,meso_SUB_HIFLD_2068_SUB_HIFLD_2049_rev,1500000000.0,0.0,0.0,0,672
SUB_HIFLD_2070,SUB_HIFLD_2058,meso_SUB_HIFLD_2070_SUB_HIFLD_2058_rev,1500000000.0,0.0,0.0,0,672
SUB_HIFLD_2070,SUB_HIFLD_2131,meso_SUB_HIFLD_2070_SUB_HIFLD_2131_fwd,600000000.0,654443.5331541992,24887004.83745616,0,672
SUB_HIFLD_2070,SUB_HIFLD_3025,meso_SUB_HIFLD_2070_SUB_HIFLD_3025_fwd,1500000000.0,0.0,0.0,0,672
SUB_HIFLD_2070,SUB_08361,meso_SUB_HIFLD_2070_SUB_08361_rev,600000000.0,0.0,0.0,0,672
SUB_HIFLD_2070,SUB_HIFLD_2056,meso_SUB_HIFLD_2070_SUB_HIFLD_2056_rev,600000000.0,197005.4677756274,6028136.074420103,0,672
SUB_HIFLD_2086,SUB_18297,meso_SUB_HIFLD_2086_SUB_18297_rev,1500000000.0,0.0,0.0,0,672
SUB_HIFLD_2086,SUB_HIFLD_3903,meso_SUB_HIFLD_2086_SUB_HIFLD_3903_fwd,1500000000.0,0.0,0.0,0,672
SUB_HIFLD_2086,SUB_HIFLD_4291,meso_SUB_HIFLD_2086_SUB_HIFLD_4291_fwd,1500000000.0,0.0,0.0,0,672
SUB_HIFLD_2108,SUB_HIFLD_2109,meso_SUB_HIFLD_2108_SUB_HIFLD_2109_fwd,1500000000.0,0.0,0.0,0,672
SUB_HIFLD_2108,SUB_HIFLD_3164,meso_SUB_HIFLD_2108_SUB_HIFLD_3164_fwd,600000000.0,0.0,0.0,0,672
SUB_HIFLD_2108,SUB_HIFLD_3862,meso_SUB_HIFLD_2108_SUB_HIFLD_3862_fwd,600000000.0,0.0,0.0,0,672
SUB_HIFLD_2109,SUB_08226,meso_SUB_HIFLD_2109_SUB_08226_rev,1500000000.0,9757128.37897804,96426540.51492597,0,672
SUB_HIFLD_2109,SUB_08387,meso_SUB_HIFLD_2109_SUB_08387_rev,1500000000.0,22529839.35978346,33254896.907216493,0,672
SUB_HIFLD_2109,SUB_HIFLD_2108,meso_SUB_HIFLD_2109_SUB_HIFLD_2108_rev,1500000000.0,91252.6474785559,3537072.124677835,0,672
SUB_HIFLD_2109,SUB_HIFLD_2117,meso_SUB_HIFLD_2109_SUB_HIFLD_2117_fwd,1500000000.0,0.0,0.0,0,672
SUB_HIFLD_2117,SUB_HIFLD_1423,meso_SUB_HIFLD_2117_SUB_HIFLD_1423_rev,1500000000.0,1352190.1621083252,5024485.542847938,0,672
SUB_HIFLD_2117,SUB_HIFLD_3166,meso_SUB_HIFLD_2117_SUB_HIFLD_3166_fwd,600000000.0,4642.025482642867,6944.372236114187,0,672
SUB_HIFLD_2117,SUB_HIFLD_3169,meso_SUB_HIFLD_2117_SUB_HIFLD_3169_fwd,600000000.0,2796860.4151369906,4521069.8665651735,0,672
SUB_HIFLD_2117,SUB_HIFLD_3862,meso_SUB_HIFLD_2117_SUB_HIFLD_3862_fwd,600000000.0,12427431.3718958,18686665.863676067,0,672
SUB_HIFLD_2117,SUB_01222,meso_SUB_HIFLD_2117_SUB_01222_rev,1500000000.0,3869497.8379994403,108384220.03456129,0,672
SUB_HIFLD_2117,SUB_08246,meso_SUB_HIFLD_2117_SUB_08246_rev,1500000000.0,1254843.864680322,46113075.86984536,0,672
SUB_HIFLD_2117,SUB_08380,meso_SUB_HIFLD_2117_SUB_08380_rev,1500000000.0,1102424.8509846278,82274979.54824656,0,672
SUB_HIFLD_2117,SUB_HIFLD_2109,meso_SUB_HIFLD_2117_SUB_HIFLD_2109_rev,1500000000.0,33310602.99591228,130696876.9955396,0,672
SUB_HIFLD_2117,SUB_HIFLD_3165,meso_SUB_HIFLD_2117_SUB_HIFLD_3165_fwd,3000000000.0,18693667.71433118,38238865.83587814,0,672
SUB_HIFLD_2117,SUB_HIFLD_3174,meso_SUB_HIFLD_2117_SUB_HIFLD_3174_fwd,1500000000.0,3549292.995908955,13189849.483259723,0,672
SUB_HIFLD_2117,SUB_HIFLD_3259,meso_SUB_HIFLD_2117_SUB_HIFLD_3259_rev,50000000.0,863004.0653324267,1291805.8100434924,0,672
SUB_HIFLD_2118,SUB_HIFLD_3163,meso_SUB_HIFLD_2118_SUB_HIFLD_3163_fwd,600000000.0,0.0,0.0,0,672
SUB_HIFLD_2118,SUB_HIFLD_3602,meso_SUB_HIFLD_2118_SUB_HIFLD_3602_fwd,600000000.0,68551.80377155272,3023471.2266430412,0,672
SUB_HIFLD_2121,SUB_01222,meso_SUB_HIFLD_2121_SUB_01222_rev,3000000000.0,0.0,0.0,0,672
SUB_HIFLD_2121,SUB_08363,meso_SUB_HIFLD_2121_SUB_08363_rev,1500000000.0,35599394.78520875,54839465.206185564,0,672
SUB_HIFLD_2121,SUB_08390,meso_SUB_HIFLD_2121_SUB_08390_rev,1500000000.0,0.0,0.0,0,672
SUB_HIFLD_2121,SUB_HIFLD_2149,meso_SUB_HIFLD_2121_SUB_HIFLD_2149_fwd,1500000000.0,0.0,0.0,0,672
SUB_HIFLD_2121,SUB_HIFLD_3025,meso_SUB_HIFLD_2121_SUB_HIFLD_3025_fwd,1500000000.0,0.0,0.0,0,672
SUB_HIFLD_2126,SUB_08226,meso_SUB_HIFLD_2126_SUB_08226_rev,1500000000.0,0.0,0.0,0,672
SUB_HIFLD_2126,SUB_08380,meso_SUB_HIFLD_2126_SUB_08380_rev,1500000000.0,0.0,0.0,0,672
SUB_HIFLD_2126,SUB_HIFLD_3165,meso_SUB_HIFLD_2126_SUB_HIFLD_3165_fwd,1500000000.0,0.0,0.0,0,672
SUB_HIFLD_2126,SUB_HIFLD_3174,meso_SUB_HIFLD_2126_SUB_HIFLD_3174_fwd,1500000000.0,0.0,0.0,0,672
SUB_HIFLD_2131,SUB_08216,meso_SUB_HIFLD_2131_SUB_08216_rev,600000000.0,0.0,0.0,0,672
SUB_HIFLD_2131,SUB_HIFLD_2058,meso_SUB_HIFLD_2131_SUB_HIFLD_2058_rev,600000000.0,0.0,0.0,0,672
SUB_HIFLD_2131,SUB_HIFLD_2070,meso_SUB_HIFLD_2131_SUB_HIFLD_2070_rev,600000000.0,0.0,0.0,0,672
SUB_HIFLD_2131,SUB_08224,meso_SUB_HIFLD_2131_SUB_08224_rev,234373632.7209014,15915605.84448925,24162230.18685567,0,672
SUB_HIFLD_2149,SUB_08203,meso_SUB_HIFLD_2149_SUB_08203_rev,1500000000.0,0.0,0.0,0,672
SUB_HIFLD_2149,SUB_08363,meso_SUB_HIFLD_2149_SUB_08363_rev,1500000000.0,0.0,0.0,0,672
SUB_HIFLD_2149,SUB_HIFLD_2121,meso_SUB_HIFLD_2149_SUB_HIFLD_2121_rev,1500000000.0,0.0,0.0,0,672
SUB_HIFLD_2170,SUB_HIFLD_2188,meso_SUB_HIFLD_2170_SUB_HIFLD_2188_fwd,50000000.0,0.0,0.0,0,672
SUB_HIFLD_2171,SUB_10293,meso_SUB_HIFLD_2171_SUB_10293_rev,1500000000.0,0.0,0.0,0,672
SUB_HIFLD_2171,SUB_10344,meso_SUB_HIFLD_2171_SUB_10344_rev,600000000.0,0.0,0.0,0,672
SUB_HIFLD_2173,SUB_10352,meso_SUB_HIFLD_2173_SUB_10352_rev,1500000000.0,0.0,0.0,0,672
SUB_HIFLD_2173,SUB_HIFLD_2188,meso_SUB_HIFLD_2173_SUB_HIFLD_2188_fwd,1500000000.0,1442271.5651594955,2692107.9759073756,0,672
SUB_HIFLD_2173,SUB_10344,meso_SUB_HIFLD_2173_SUB_10344_rev,1500000000.0,0.0,0.0,0,672
SUB_HIFLD_2177,WEC_CALN,iface_SUB_HIFLD_2177_WEC_CALN_to_ba,50000000.0,0.0,0.0,0,672
SUB_HIFLD_2180,SUB_HIFLD_4403,meso_SUB_HIFLD_2180_SUB_HIFLD_4403_fwd,600000000.0,372811.02710573573,4859561.4643808445,0,672
SUB_HIFLD_2180,SUB_10293,meso_SUB_HIFLD_2180_SUB_10293_rev,1500000000.0,0.0,0.0,0,672
SUB_HIFLD_2184,SUB_10356,meso_SUB_HIFLD_2184_SUB_10356_fwd,50000000.0,0.0,0.0,0,672
SUB_HIFLD_2188,SUB_HIFLD_2173,meso_SUB_HIFLD_2188_SUB_HIFLD_2173_rev,1500000000.0,0.0,0.0,0,672
SUB_HIFLD_2188,SUB_10327,meso_SUB_HIFLD_2188_SUB_10327_rev,50000000.0,1399003.4182047106,2611344.736630155,0,672
SUB_HIFLD_2188,SUB_HIFLD_2170,meso_SUB_HIFLD_2188_SUB_HIFLD_2170_rev,50000000.0,0.0,0.0,0,672
SUB_HIFLD_2193,SUB_HIFLD_1327,meso_SUB_HIFLD_2193_SUB_HIFLD_1327_rev,600000000.0,4000000.0,4000000.0,0,672
SUB_HIFLD_2194,SUB_HIFLD_2195,meso_SUB_HIFLD_2194_SUB_HIFLD_2195_fwd,600000000.0,0.0,0.0,0,672
SUB_HIFLD_2194,SUB_HIFLD_3082,meso_SUB_HIFLD_2194_SUB_HIFLD_3082_fwd,600000000.0,0.0,0.0,0,672
SUB_HIFLD_2195,SUB_HIFLD_2194,meso_SUB_HIFLD_2195_SUB_HIFLD_2194_rev,600000000.0,0.0,0.0,0,672
SUB_HIFLD_2195,SUB_HIFLD_3082,meso_SUB_HIFLD_2195_SUB_HIFLD_3082_fwd,1200000000.0,0.0,0.0,0,672
SUB_HIFLD_2207,SUB_HIFLD_3271,meso_SUB_HIFLD_2207_SUB_HIFLD_3271_fwd,800000000.0,0.0,0.0,0,672
SUB_HIFLD_2212,WEC_CALN,iface_SUB_HIFLD_2212_WEC_CALN_to_ba,50000000.0,0.0,0.0,0,672
SUB_HIFLD_2219,WEC_CALN,iface_SUB_HIFLD_2219_WEC_CALN_to_ba,50000000.0,0.0,0.0,0,672
SUB_HIFLD_2222,SUB_HIFLD_3283,meso_SUB_HIFLD_2222_SUB_HIFLD_3283_fwd,800000000.0,0.0,0.0,0,672
SUB_HIFLD_2245,SUB_01392,meso_SUB_HIFLD_2245_SUB_01392_rev,1200000000.0,699309.8968181288,91702619.32079911,0,672
SUB_HIFLD_2245,SUB_04204,meso_SUB_HIFLD_2245_SUB_04204_rev,3000000000.0,81642808.52437972,206842219.2374345,0,672
SUB_HIFLD_2245,SUB_06270,meso_SUB_HIFLD_2245_SUB_06270_rev,1500000000.0,50860153.74847726,172690058.61634266,0,672
SUB_HIFLD_2318,SUB_16325,meso_SUB_HIFLD_2318_SUB_16325_rev,600000000.0,21469486.664038356,45373781.94172084,0,672
SUB_HIFLD_2318,SUB_HIFLD_30,meso_SUB_HIFLD_2318_SUB_HIFLD_30_fwd,1500000000.0,280172.2080708076,16873594.597820457,0,672
SUB_HIFLD_2318,SUB_16261,meso_SUB_HIFLD_2318_SUB_16261_rev,1500000000.0,2352608.042909055,20000000.0,0,672
SUB_HIFLD_2330,SUB_HIFLD_659,meso_SUB_HIFLD_2330_SUB_HIFLD_659_fwd,1500000000.0,38500.47570210507,15858785.486010479,0,672
SUB_HIFLD_2356,SUB_19241,meso_SUB_HIFLD_2356_SUB_19241_rev,1500000000.0,160000.0,160000.0,0,672
SUB_HIFLD_2356,SUB_19246,meso_SUB_HIFLD_2356_SUB_19246_rev,1500000000.0,0.0,0.0,0,672
SUB_HIFLD_2359,SUB_10293,meso_SUB_HIFLD_2359_SUB_10293_rev,1500000000.0,0.0,0.0,0,672
SUB_HIFLD_2359,SUB_10361,meso_SUB_HIFLD_2359_SUB_10361_rev,52016683.03229506,2513306.718020095,4836416.720360825,0,672
SUB_HIFLD_2363,SUB_HIFLD_2511,meso_SUB_HIFLD_2363_SUB_HIFLD_2511_fwd,600000000.0,0.0,0.0,0,672
SUB_HIFLD_2363,SUB_25292,meso_SUB_HIFLD_2363_SUB_25292_rev,68269461.5126492,4111016.9970175773,6764640.88675902,0,672
SUB_HIFLD_2399,SUB_HIFLD_3523,meso_SUB_HIFLD_2399_SUB_HIFLD_3523_fwd,1500000000.0,108920000.0,108920000.0,0,672
SUB_HIFLD_2456,SUB_10252,meso_SUB_HIFLD_2456_SUB_10252_rev,600000000.0,38001706.90778788,75392607.09039888,0,672
SUB_HIFLD_2456,SUB_15203,meso_SUB_HIFLD_2456_SUB_15203_rev,600000000.0,4874259.832135511,11275286.928157216,0,672
SUB_HIFLD_2456,SUB_15247,meso_SUB_HIFLD_2456_SUB_15247_rev,1200000000.0,3067640.902117159,4448515.397180392,0,672
SUB_HIFLD_2456,SUB_15374,meso_SUB_HIFLD_2456_SUB_15374_rev,600000000.0,0.0,0.0,0,672
SUB_HIFLD_2456,SUB_15379,meso_SUB_HIFLD_2456_SUB_15379_rev,600000000.0,62315611.34800649,118565841.64074004,0,672
SUB_HIFLD_2456,SUB_HIFLD_1086,meso_SUB_HIFLD_2456_SUB_HIFLD_1086_rev,8000000000.0,0.0,0.0,0,672
SUB_HIFLD_2456,SUB_HIFLD_1357,meso_SUB_HIFLD_2456_SUB_HIFLD_1357_rev,8000000000.0,3540735.2675520843,61257591.58452577,0,672
SUB_HIFLD_2456,SUB_15210,meso_SUB_HIFLD_2456_SUB_15210_rev,600000000.0,1119145.7479766994,1712315.7255935143,0,672
SUB_HIFLD_2456,SUB_15248,meso_SUB_HIFLD_2456_SUB_15248_rev,479063183.38389206,28616723.19834526,41976792.042525776,0,672
SUB_HIFLD_2456,WEC_CALN,iface_SUB_HIFLD_2456_WEC_CALN_to_ba,3150000000.0,8550511.265976563,90265154.61777826,0,672
SUB_HIFLD_2469,SUB_HIFLD_1303,meso_SUB_HIFLD_2469_SUB_HIFLD_1303_rev,4000000000.0,0.0,0.0,0,672
SUB_HIFLD_2469,SUB_HIFLD_1313,meso_SUB_HIFLD_2469_SUB_HIFLD_1313_rev,4000000000.0,0.0,0.0,0,672
SUB_HIFLD_2469,SUB_10345,meso_SUB_HIFLD_2469_SUB_10345_rev,4000000000.0,190657.04995686808,6150039.538897266,0,672
SUB_HIFLD_2469,SUB_HIFLD_659,meso_SUB_HIFLD_2469_SUB_HIFLD_659_fwd,4000000000.0,36606333.96654924,108844749.17734677,0,672
SUB_HIFLD_2469,WEC_CALN,iface_SUB_HIFLD_2469_WEC_CALN_to_ba,18000000000.0,10681282.311977377,33772927.14256298,0,672
SUB_HIFLD_2470,SUB_10293,meso_SUB_HIFLD_2470_SUB_10293_rev,4000000000.0,285600000.0,285600000.0,0,672
SUB_HIFLD_2491,WEC_CALN,iface_SUB_HIFLD_2491_WEC_CALN_to_ba,50000000.0,0.0,0.0,0,672
SUB_HIFLD_2511,SUB_25284,meso_SUB_HIFLD_2511_SUB_25284_rev,600000000.0,9147689.444046132,16349567.090850515,0,672
SUB_HIFLD_2511,SUB_25409,meso_SUB_HIFLD_2511_SUB_25409_rev,600000000.0,0.0,0.0,0,672
SUB_HIFLD_2511,SUB_HIFLD_2363,meso_SUB_HIFLD_2511_SUB_HIFLD_2363_rev,600000000.0,4238161.85259544,6973856.584287649,0,672
SUB_HIFLD_2514,SUB_HIFLD_1854,meso_SUB_HIFLD_2514_SUB_HIFLD_1854_rev,4000000000.0,0.0,0.0,0,672
SUB_HIFLD_2514,SUB_HIFLD_4059,meso_SUB_HIFLD_2514_SUB_HIFLD_4059_fwd,800000000.0,251265.49388827445,336541.2761255638,0,672
SUB_HIFLD_2514,WEC_CALN,iface_SUB_HIFLD_2514_WEC_CALN_to_ba,200000000.0,0.0,0.0,0,672
SUB_HIFLD_2611,SUB_HIFLD_1434,meso_SUB_HIFLD_2611_SUB_HIFLD_1434_rev,1500000000.0,59067740.5135,115000000.0,0,672
SUB_HIFLD_2705,SUB_HIFLD_1153,meso_SUB_HIFLD_2705_SUB_HIFLD_1153_rev,1500000000.0,946649.270331447,12538725.233569589,0,672
SUB_HIFLD_2705,SUB_HIFLD_1829,meso_SUB_HIFLD_2705_SUB_HIFLD_1829_rev,3000000000.0,0.0,0.0,0,672
SUB_HIFLD_2705,SUB_HIFLD_1845,meso_SUB_HIFLD_2705_SUB_HIFLD_1845_rev,1500000000.0,3266.1897603806074,2194879.5189757682,0,672
SUB_HIFLD_2705,SUB_HIFLD_3623,meso_SUB_HIFLD_2705_SUB_HIFLD_3623_fwd,1500000000.0,167376.34273512932,10423239.167203609,0,672
SUB_HIFLD_2705,SUB_HIFLD_1833,meso_SUB_HIFLD_2705_SUB_HIFLD_1833_rev,1500000000.0,48047.086363792216,31933692.897618435,0,672
SUB_HIFLD_2705,SUB_HIFLD_1844,meso_SUB_HIFLD_2705_SUB_HIFLD_1844_rev,1500000000.0,1050218.7110838231,20092675.55291144,0,672
SUB_HIFLD_2713,SUB_HIFLD_3940,meso_SUB_HIFLD_2713_SUB_HIFLD_3940_fwd,4000000000.0,0.0,0.0,0,672
SUB_HIFLD_2713,SUB_04256,meso_SUB_HIFLD_2713_SUB_04256_fwd,50000000.0,50000000.0,50000000.0,672,672
SUB_HIFLD_2713,WEC_CALN,iface_SUB_HIFLD_2713_WEC_CALN_to_ba,19950000000.0,726100000.0,726100000.0,0,672
SUB_HIFLD_2722,SUB_25224,meso_SUB_HIFLD_2722_SUB_25224_rev,600000000.0,0.0,0.0,0,672
SUB_HIFLD_2722,SUB_HIFLD_459,meso_SUB_HIFLD_2722_SUB_HIFLD_459_fwd,600000000.0,2287746.7109087817,3503163.423152035,0,672
SUB_HIFLD_2751,SUB_HIFLD_1332,meso_SUB_HIFLD_2751_SUB_HIFLD_1332_rev,600000000.0,0.0,0.0,0,672
SUB_HIFLD_2751,SUB_HIFLD_2003,meso_SUB_HIFLD_2751_SUB_HIFLD_2003_rev,600000000.0,0.0,0.0,0,672
SUB_HIFLD_2751,SUB_HIFLD_2006,meso_SUB_HIFLD_2751_SUB_HIFLD_2006_rev,600000000.0,0.0,0.0,0,672
SUB_HIFLD_2791,SUB_01311,meso_SUB_HIFLD_2791_SUB_01311_rev,1500000000.0,0.0,0.0,0,672
SUB_HIFLD_2791,SUB_01438,meso_SUB_HIFLD_2791_SUB_01438_rev,1500000000.0,0.0,0.0,0,672
SUB_HIFLD_2791,SUB_HIFLD_11,meso_SUB_HIFLD_2791_SUB_HIFLD_11_rev,1500000000.0,46658139.22743578,61161765.19094915,0,672
SUB_HIFLD_2791,SUB_HIFLD_2989,meso_SUB_HIFLD_2791_SUB_HIFLD_2989_fwd,1500000000.0,3256909.824763427,42177060.3396837,0,672
SUB_HIFLD_2869,SUB_25391,meso_SUB_HIFLD_2869_SUB_25391_rev,1500000000.0,0.0,0.0,0,672
SUB_HIFLD_2869,SUB_HIFLD_3898,meso_SUB_HIFLD_2869_SUB_HIFLD_3898_fwd,1500000000.0,0.0,0.0,0,672
SUB_HIFLD_2869,SUB_HIFLD_4241,meso_SUB_HIFLD_2869_SUB_HIFLD_4241_rev,50000000.0,0.0,0.0,0,672
SUB_HIFLD_2947,SUB_HIFLD_3065,meso_SUB_HIFLD_2947_SUB_HIFLD_3065_fwd,600000000.0,22249658.45794023,33938720.89331796,0,672
SUB_HIFLD_2947,SUB_HIFLD_41,meso_SUB_HIFLD_2947_SUB_HIFLD_41_fwd,1500000000.0,0.0,0.0,0,672
SUB_HIFLD_2973,SUB_HIFLD_2006,meso_SUB_HIFLD_2973_SUB_HIFLD_2006_fwd,117540784.31901953,0.0,0.0,0,672
SUB_HIFLD_2989,SUB_01209,meso_SUB_HIFLD_2989_SUB_01209_rev,1500000000.0,0.0,0.0,0,672
SUB_HIFLD_2989,SUB_01368,meso_SUB_HIFLD_2989_SUB_01368_rev,1500000000.0,1139039.9154086213,57458642.074742265,0,672
SUB_HIFLD_2989,SUB_HIFLD_28,meso_SUB_HIFLD_2989_SUB_HIFLD_28_rev,1500000000.0,0.0,0.0,0,672
SUB_HIFLD_2989,SUB_HIFLD_11,meso_SUB_HIFLD_2989_SUB_HIFLD_11_rev,1500000000.0,0.0,0.0,0,672
SUB_HIFLD_2989,SUB_HIFLD_2791,meso_SUB_HIFLD_2989_SUB_HIFLD_2791_rev,1500000000.0,0.0,0.0,0,672
SUB_HIFLD_2989,SUB_01208,meso_SUB_HIFLD_2989_SUB_01208_rev,50000000.0,1725457.0604716674,2538078.8901417525,0,672
SUB_HIFLD_2989,SUB_01264,meso_SUB_HIFLD_2989_SUB_01264_rev,50000000.0,321792.4944840639,491251.6171170264,0,672
SUB_HIFLD_2990,SUB_HIFLD_2020,meso_SUB_HIFLD_2990_SUB_HIFLD_2020_rev,600000000.0,0.0,0.0,0,672
SUB_HIFLD_2990,SUB_HIFLD_4390,meso_SUB_HIFLD_2990_SUB_HIFLD_4390_fwd,1200000000.0,0.0,0.0,0,672
SUB_HIFLD_2990,SUB_HIFLD_4426,meso_SUB_HIFLD_2990_SUB_HIFLD_4426_fwd,600000000.0,846240.7739985047,27122520.164370555,0,672
SUB_HIFLD_3025,SUB_01222,meso_SUB_HIFLD_3025_SUB_01222_rev,3000000000.0,0.0,0.0,0,672
SUB_HIFLD_3025,SUB_08363,meso_SUB_HIFLD_3025_SUB_08363_rev,1500000000.0,991400.5562786873,52481837.951030925,0,672
SUB_HIFLD_3025,SUB_08390,meso_SUB_HIFLD_3025_SUB_08390_rev,1500000000.0,0.0,0.0,0,672
SUB_HIFLD_3025,SUB_HIFLD_2058,meso_SUB_HIFLD_3025_SUB_HIFLD_2058_rev,2100000000.0,808153.4463931462,49897738.153778434,0,672
SUB_HIFLD_3025,SUB_HIFLD_2070,meso_SUB_HIFLD_3025_SUB_HIFLD_2070_rev,1500000000.0,12869591.217324127,43123073.84719802,0,672
SUB_HIFLD_3025,SUB_HIFLD_2121,meso_SUB_HIFLD_3025_SUB_HIFLD_2121_rev,1500000000.0,0.0,0.0,0,672
SUB_HIFLD_3065,SUB_HIFLD_2947,meso_SUB_HIFLD_3065_SUB_HIFLD_2947_rev,600000000.0,0.0,0.0,0,672
SUB_HIFLD_3065,SUB_HIFLD_148,meso_SUB_HIFLD_3065_SUB_HIFLD_148_rev,315644530.56745505,18270440.346857935,27900056.991228476,0,672
SUB_HIFLD_3065,SUB_15803,meso_SUB_HIFLD_3065_SUB_15803_rev,57075304.66038817,3311728.35734409,5033710.0314110825,0,672
SUB_HIFLD_3082,SUB_HIFLD_1327,meso_SUB_HIFLD_3082_SUB_HIFLD_1327_rev,600000000.0,0.0,0.0,0,672
SUB_HIFLD_3082,SUB_HIFLD_2194,meso_SUB_HIFLD_3082_SUB_HIFLD_2194_rev,600000000.0,0.0,0.0,0,672
SUB_HIFLD_3082,SUB_HIFLD_2195,meso_SUB_HIFLD_3082_SUB_HIFLD_2195_rev,1200000000.0,0.0,0.0,0,672
SUB_HIFLD_3099,SUB_HIFLD_3262,meso_SUB_HIFLD_3099_SUB_HIFLD_3262_fwd,50000000.0,0.0,0.0,0,672
SUB_HIFLD_3101,SUB_HIFLD_3824,meso_SUB_HIFLD_3101_SUB_HIFLD_3824_fwd,600000000.0,9800000.0,9800000.0,0,672
SUB_HIFLD_3104,SUB_HIFLD_1860,meso_SUB_HIFLD_3104_SUB_HIFLD_1860_rev,800000000.0,172744.77727634393,235978.2425398679,0,672
SUB_HIFLD_3104,SUB_HIFLD_1864,meso_SUB_HIFLD_3104_SUB_HIFLD_1864_rev,800000000.0,372809.3828239684,526845.6842481475,0,672
SUB_HIFLD_3104,SUB_10349,meso_SUB_HIFLD_3104_SUB_10349_fwd,50000000.0,0.0,0.0,0,672
SUB_HIFLD_3161,SUB_HIFLD_1423,meso_SUB_HIFLD_3161_SUB_HIFLD_1423_rev,600000000.0,0.0,0.0,0,672
SUB_HIFLD_3161,SUB_HIFLD_3263,meso_SUB_HIFLD_3161_SUB_HIFLD_3263_fwd,600000000.0,0.0,0.0,0,672
SUB_HIFLD_3161,SUB_HIFLD_3258,meso_SUB_HIFLD_3161_SUB_HIFLD_3258_rev,50000000.0,0.0,0.0,0,672
SUB_HIFLD_3162,SUB_HIFLD_3164,meso_SUB_HIFLD_3162_SUB_HIFLD_3164_fwd,600000000.0,0.0,0.0,0,672
SUB_HIFLD_3163,SUB_HIFLD_2118,meso_SUB_HIFLD_3163_SUB_HIFLD_2118_rev,600000000.0,4718477.883143266,8558250.982686125,0,672
SUB_HIFLD_3163,SUB_HIFLD_3172,meso_SUB_HIFLD_3163_SUB_HIFLD_3172_fwd,600000000.0,59128.96754585541,3891872.7015648247,0,672
SUB_HIFLD_3163,SUB_08342,meso_SUB_HIFLD_3163_SUB_08342_rev,1500000000.0,0.0,0.0,0,672
SUB_HIFLD_3163,SUB_08361,meso_SUB_HIFLD_3163_SUB_08361_rev,1500000000.0,0.0,0.0,0,672
SUB_HIFLD_3164,SUB_HIFLD_2108,meso_SUB_HIFLD_3164_SUB_HIFLD_2108_rev,600000000.0,0.0,0.0,0,672
SUB_HIFLD_3164,SUB_HIFLD_3162,meso_SUB_HIFLD_3164_SUB_HIFLD_3162_rev,600000000.0,2747524.2880670005,4114626.54035116,0,672
SUB_HIFLD_3164,SUB_HIFLD_3165,meso_SUB_HIFLD_3164_SUB_HIFLD_3165_fwd,600000000.0,0.0,0.0,0,672
SUB_HIFLD_3165,SUB_HIFLD_2126,meso_SUB_HIFLD_3165_SUB_HIFLD_2126_rev,1500000000.0,0.0,0.0,0,672
SUB_HIFLD_3165,SUB_HIFLD_3164,meso_SUB_HIFLD_3165_SUB_HIFLD_3164_rev,600000000.0,16300416.127176665,24403722.593145527,0,672
SUB_HIFLD_3165,SUB_HIFLD_3166,meso_SUB_HIFLD_3165_SUB_HIFLD_3166_fwd,600000000.0,0.0,0.0,0,672
SUB_HIFLD_3165,SUB_HIFLD_3167,meso_SUB_HIFLD_3165_SUB_HIFLD_3167_fwd,600000000.0,0.0,0.0,0,672
SUB_HIFLD_3165,SUB_HIFLD_3172,meso_SUB_HIFLD_3165_SUB_HIFLD_3172_fwd,600000000.0,4563557.4320148,12681449.537191337,0,672
SUB_HIFLD_3165,SUB_HIFLD_3263,meso_SUB_HIFLD_3165_SUB_HIFLD_3263_fwd,1500000000.0,0.0,0.0,0,672
SUB_HIFLD_3165,SUB_HIFLD_1423,meso_SUB_HIFLD_3165_SUB_HIFLD_1423_rev,3000000000.0,0.0,0.0,0,672
SUB_HIFLD_3165,SUB_HIFLD_2117,meso_SUB_HIFLD_3165_SUB_HIFLD_2117_rev,3000000000.0,0.0,0.0,0,672
SUB_HIFLD_3165,SUB_HIFLD_3174,meso_SUB_HIFLD_3165_SUB_HIFLD_3174_fwd,1500000000.0,0.0,0.0,0,672
SUB_HIFLD_3166,SUB_HIFLD_2117,meso_SUB_HIFLD_3166_SUB_HIFLD_2117_rev,600000000.0,0.0,0.0,0,672
SUB_HIFLD_3166,SUB_HIFLD_3165,meso_SUB_HIFLD_3166_SUB_HIFLD_3165_rev,600000000.0,0.0,0.0,0,672
SUB_HIFLD_3167,SUB_HIFLD_3165,meso_SUB_HIFLD_3167_SUB_HIFLD_3165_rev,600000000.0,191.4760952904112,128671.93603515632,0,672
SUB_HIFLD_3167,SUB_HIFLD_3168,meso_SUB_HIFLD_3167_SUB_HIFLD_3168_fwd,600000000.0,0.0,0.0,0,672
SUB_HIFLD_3168,SUB_HIFLD_3167,meso_SUB_HIFLD_3168_SUB_HIFLD_3167_rev,600000000.0,197.39803638186717,132651.48044861475,0,672
SUB_HIFLD_3168,SUB_HIFLD_3170,meso_SUB_HIFLD_3168_SUB_HIFLD_3170_fwd,600000000.0,378828.51215338206,1000000.0,0,672
SUB_HIFLD_3169,SUB_HIFLD_2117,meso_SUB_HIFLD_3169_SUB_HIFLD_2117_rev,600000000.0,0.0,0.0,0,672
SUB_HIFLD_3169,SUB_HIFLD_3170,meso_SUB_HIFLD_3169_SUB_HIFLD_3170_fwd,600000000.0,0.0,0.0,0,672
SUB_HIFLD_3169,SUB_HIFLD_3171,meso_SUB_HIFLD_3169_SUB_HIFLD_3171_fwd,600000000.0,1884328.570228671,3132386.134826031,0,672
SUB_HIFLD_3170,SUB_HIFLD_3168,meso_SUB_HIFLD_3170_SUB_HIFLD_3168_rev,600000000.0,0.0,0.0,0,672
SUB_HIFLD_3170,SUB_HIFLD_3169,meso_SUB_HIFLD_3170_SUB_HIFLD_3169_rev,600000000.0,8750.4236270554,2879026.638910385,0,672
SUB_HIFLD_3170,SUB_HIFLD_3263,meso_SUB_HIFLD_3170_SUB_HIFLD_3263_fwd,600000000.0,0.0,0.0,0,672
SUB_HIFLD_3170,SUB_08380,meso_SUB_HIFLD_3170_SUB_08380_rev,1500000000.0,837.6714615594772,197966.85791015625,0,672
SUB_HIFLD_3170,SUB_HIFLD_1423,meso_SUB_HIFLD_3170_SUB_HIFLD_1423_rev,3000000000.0,9067.276273454938,364711.73095703125,0,672
SUB_HIFLD_3171,SUB_HIFLD_3169,meso_SUB_HIFLD_3171_SUB_HIFLD_3169_rev,600000000.0,0.0,0.0,0,672
SUB_HIFLD_3172,SUB_HIFLD_3163,meso_SUB_HIFLD_3172_SUB_HIFLD_3163_rev,600000000.0,1135787.2565673215,7325097.334500212,0,672
SUB_HIFLD_3172,SUB_HIFLD_3165,meso_SUB_HIFLD_3172_SUB_HIFLD_3165_rev,600000000.0,0.0,0.0,0,672
SUB_HIFLD_3172,SUB_HIFLD_3260,meso_SUB_HIFLD_3172_SUB_HIFLD_3260_rev,50000000.0,1196853.008185992,1774801.2896665593,0,672
SUB_HIFLD_3174,SUB_HIFLD_2126,meso_SUB_HIFLD_3174_SUB_HIFLD_2126_rev,1500000000.0,0.0,0.0,0,672
SUB_HIFLD_3174,SUB_HIFLD_3263,meso_SUB_HIFLD_3174_SUB_HIFLD_3263_fwd,1500000000.0,0.0,0.0,0,672
SUB_HIFLD_3174,SUB_HIFLD_3618,meso_SUB_HIFLD_3174_SUB_HIFLD_3618_fwd,600000000.0,2747421.8637174787,11542946.235090056,0,672
SUB_HIFLD_3174,SUB_HIFLD_2117,meso_SUB_HIFLD_3174_SUB_HIFLD_2117_rev,1500000000.0,0.0,0.0,0,672
SUB_HIFLD_3174,SUB_HIFLD_3165,meso_SUB_HIFLD_3174_SUB_HIFLD_3165_rev,1500000000.0,0.0,0.0,0,672
SUB_HIFLD_3212,SUB_HIFLD_1827,meso_SUB_HIFLD_3212_SUB_HIFLD_1827_rev,1500000000.0,0.0,0.0,0,672
SUB_HIFLD_3258,SUB_HIFLD_3161,meso_SUB_HIFLD_3258_SUB_HIFLD_3161_fwd,50000000.0,0.0,0.0,0,672
SUB_HIFLD_3259,SUB_HIFLD_2117,meso_SUB_HIFLD_3259_SUB_HIFLD_2117_fwd,50000000.0,0.0,0.0,0,672
SUB_HIFLD_3260,SUB_HIFLD_3172,meso_SUB_HIFLD_3260_SUB_HIFLD_3172_fwd,50000000.0,0.0,0.0,0,672
SUB_HIFLD_3261,SUB_HIFLD_3862,meso_SUB_HIFLD_3261_SUB_HIFLD_3862_fwd,86309847.4315791,0.0,0.0,0,672
SUB_HIFLD_3262,SUB_HIFLD_3862,meso_SUB_HIFLD_3262_SUB_HIFLD_3862_fwd,600000000.0,338817.10185189504,4609991.366986147,0,672
SUB_HIFLD_3262,SUB_HIFLD_3099,meso_SUB_HIFLD_3262_SUB_HIFLD_3099_rev,50000000.0,2026931.7003342821,3037365.848501933,0,672
SUB_HIFLD_3263,SUB_08380,meso_SUB_HIFLD_3263_SUB_08380_rev,1500000000.0,4956296.80972976,51018981.51893223,0,672
SUB_HIFLD_3263,SUB_HIFLD_1423,meso_SUB_HIFLD_3263_SUB_HIFLD_1423_rev,1500000000.0,842352.8720806482,4981793.653350515,0,672
SUB_HIFLD_3263,SUB_HIFLD_3161,meso_SUB_HIFLD_3263_SUB_HIFLD_3161_rev,600000000.0,1370601.1066267616,2893163.559117268,0,672
SUB_HIFLD_3263,SUB_HIFLD_3165,meso_SUB_HIFLD_3263_SUB_HIFLD_3165_rev,1500000000.0,1286480.753673932,34013096.01623875,0,672
SUB_HIFLD_3263,SUB_HIFLD_3170,meso_SUB_HIFLD_3263_SUB_HIFLD_3170_rev,600000000.0,0.0,0.0,0,672
SUB_HIFLD_3263,SUB_HIFLD_3174,meso_SUB_HIFLD_3263_SUB_HIFLD_3174_rev,1500000000.0,146104.74335901663,5130160.026166555,0,672
SUB_HIFLD_3266,SUB_HIFLD_3270,meso_SUB_HIFLD_3266_SUB_HIFLD_3270_fwd,800000000.0,0.0,0.0,0,672
SUB_HIFLD_3267,SUB_HIFLD_135,meso_SUB_HIFLD_3267_SUB_HIFLD_135_rev,800000000.0,0.0,0.0,0,672
SUB_HIFLD_3268,SUB_HIFLD_139,meso_SUB_HIFLD_3268_SUB_HIFLD_139_rev,800000000.0,0.0,0.0,0,672
SUB_HIFLD_3268,SUB_HIFLD_140,meso_SUB_HIFLD_3268_SUB_HIFLD_140_rev,800000000.0,0.0,0.0,0,672
SUB_HIFLD_3268,SUB_HIFLD_142,meso_SUB_HIFLD_3268_SUB_HIFLD_142_rev,800000000.0,0.0,0.0,0,672
SUB_HIFLD_3269,SUB_HIFLD_136,meso_SUB_HIFLD_3269_SUB_HIFLD_136_rev,800000000.0,0.0,0.0,0,672
SUB_HIFLD_3269,SUB_HIFLD_138,meso_SUB_HIFLD_3269_SUB_HIFLD_138_rev,800000000.0,0.0,0.0,0,672
SUB_HIFLD_3269,SUB_HIFLD_142,meso_SUB_HIFLD_3269_SUB_HIFLD_142_rev,800000000.0,9332285.57160753,13505035.898369843,0,672
SUB_HIFLD_3270,SUB_HIFLD_136,meso_SUB_HIFLD_3270_SUB_HIFLD_136_rev,800000000.0,0.0,0.0,0,672
SUB_HIFLD_3270,SUB_HIFLD_3266,meso_SUB_HIFLD_3270_SUB_HIFLD_3266_rev,800000000.0,1874619.5737438921,2647343.6493234537,0,672
SUB_HIFLD_3271,SUB_HIFLD_2207,meso_SUB_HIFLD_3271_SUB_HIFLD_2207_rev,800000000.0,1027482.7214626337,1474887.4939594073,0,672
SUB_HIFLD_3271,SUB_HIFLD_3272,meso_SUB_HIFLD_3271_SUB_HIFLD_3272_fwd,800000000.0,0.0,0.0,0,672
SUB_HIFLD_3272,SUB_HIFLD_3271,meso_SUB_HIFLD_3272_SUB_HIFLD_3271_rev,800000000.0,1366875.5269342482,1962064.7438933963,0,672
SUB_HIFLD_3272,WEC_CALN,iface_SUB_HIFLD_3272_WEC_CALN_to_ba,50000000.0,0.0,0.0,0,672
SUB_HIFLD_3283,SUB_HIFLD_1867,meso_SUB_HIFLD_3283_SUB_HIFLD_1867_rev,800000000.0,571332.9996027991,786094.6035691765,0,672
SUB_HIFLD_3283,SUB_HIFLD_2222,meso_SUB_HIFLD_3283_SUB_HIFLD_2222_rev,800000000.0,781097.6313093333,1123540.5676143686,0,672
SUB_HIFLD_3283,WEC_CALN,iface_SUB_HIFLD_3283_WEC_CALN_to_ba,48000000000.0,0.0,0.0,0,672
SUB_HIFLD_3312,SUB_HIFLD_4327,meso_SUB_HIFLD_3312_SUB_HIFLD_4327_fwd,600000000.0,0.0,0.0,0,672
SUB_HIFLD_3312,WEC_CALN,iface_SUB_HIFLD_3312_WEC_CALN_to_ba,50000000.0,0.0,0.0,0,672
SUB_HIFLD_3356,SUB_HIFLD_1832,meso_SUB_HIFLD_3356_SUB_HIFLD_1832_rev,1500000000.0,0.0,0.0,0,672
SUB_HIFLD_3356,SUB_HIFLD_1848,meso_SUB_HIFLD_3356_SUB_HIFLD_1848_rev,1500000000.0,0.0,0.0,0,672
SUB_HIFLD_3356,SUB_HIFLD_3625,meso_SUB_HIFLD_3356_SUB_HIFLD_3625_fwd,1500000000.0,11534031.850851936,16474928.519652065,0,672
SUB_HIFLD_3436,SUB_HIFLD_1854,meso_SUB_HIFLD_3436_SUB_HIFLD_1854_rev,800000000.0,0.0,0.0,0,672
SUB_HIFLD_3448,SUB_01438,meso_SUB_HIFLD_3448_SUB_01438_rev,1500000000.0,0.0,0.0,0,672
SUB_HIFLD_3448,SUB_HIFLD_11,meso_SUB_HIFLD_3448_SUB_HIFLD_11_rev,1500000000.0,833238.9758410996,60899112.961783595,0,672
SUB_HIFLD_3448,SUB_HIFLD_28,meso_SUB_HIFLD_3448_SUB_HIFLD_28_rev,1500000000.0,0.0,0.0,0,672
SUB_HIFLD_3491,SUB_01375,meso_SUB_HIFLD_3491_SUB_01375_rev,1200000000.0,841468.7918586713,9021004.147873713,0,672
SUB_HIFLD_3491,SUB_16374,meso_SUB_HIFLD_3491_SUB_16374_rev,600000000.0,11024889.463762682,105900000.0,0,672
SUB_HIFLD_3491,SUB_01459,meso_SUB_HIFLD_3491_SUB_01459_rev,4000000000.0,7401219.990194701,88867759.34278351,0,672
SUB_HIFLD_3491,SUB_HIFLD_30,meso_SUB_HIFLD_3491_SUB_HIFLD_30_rev,4000000000.0,59589103.663734235,142563978.68148184,0,672
SUB_HIFLD_3503,SUB_25217,meso_SUB_HIFLD_3503_SUB_25217_rev,1500000000.0,0.0,0.0,0,672
SUB_HIFLD_3503,SUB_25400,meso_SUB_HIFLD_3503_SUB_25400_rev,1500000000.0,0.0,0.0,0,672
SUB_HIFLD_3523,SUB_16371,meso_SUB_HIFLD_3523_SUB_16371_rev,1500000000.0,1909080.7411793077,44343081.50773196,0,672
SUB_HIFLD_3523,SUB_HIFLD_2399,meso_SUB_HIFLD_3523_SUB_HIFLD_2399_rev,1500000000.0,0.0,0.0,0,672
SUB_HIFLD_3523,SUB_01222,meso_SUB_HIFLD_3523_SUB_01222_rev,1500000000.0,144903319.2588207,146812400.0,0,672
SUB_HIFLD_3547,SUB_HIFLD_28,meso_SUB_HIFLD_3547_SUB_HIFLD_28_rev,1500000000.0,0.0,0.0,0,672
SUB_HIFLD_3585,SUB_25424,meso_SUB_HIFLD_3585_SUB_25424_fwd,50000000.0,0.0,0.0,0,672
SUB_HIFLD_3602,SUB_HIFLD_2118,meso_SUB_HIFLD_3602_SUB_HIFLD_2118_rev,600000000.0,118859.79484104959,7076891.712306701,0,672
SUB_HIFLD_3602,SUB_HIFLD_3618,meso_SUB_HIFLD_3602_SUB_HIFLD_3618_fwd,600000000.0,0.0,0.0,0,672
SUB_HIFLD_3618,SUB_HIFLD_3174,meso_SUB_HIFLD_3618_SUB_HIFLD_3174_rev,600000000.0,0.0,0.0,0,672
SUB_HIFLD_3618,SUB_HIFLD_3602,meso_SUB_HIFLD_3618_SUB_HIFLD_3602_rev,600000000.0,2660496.4430877916,11190268.21581232,0,672
SUB_HIFLD_3623,SUB_25470,meso_SUB_HIFLD_3623_SUB_25470_rev,1500000000.0,154405.22322199418,18468623.147551548,0,672
SUB_HIFLD_3623,SUB_HIFLD_1153,meso_SUB_HIFLD_3623_SUB_HIFLD_1153_rev,1500000000.0,0.0,0.0,0,672
SUB_HIFLD_3623,SUB_HIFLD_1833,meso_SUB_HIFLD_3623_SUB_HIFLD_1833_rev,1500000000.0,0.0,0.0,0,672
SUB_HIFLD_3623,SUB_HIFLD_1836,meso_SUB_HIFLD_3623_SUB_HIFLD_1836_rev,1500000000.0,8147.080224345697,2860160.7804445876,0,672
SUB_HIFLD_3623,SUB_HIFLD_2705,meso_SUB_HIFLD_3623_SUB_HIFLD_2705_rev,1500000000.0,0.0,0.0,0,672
SUB_HIFLD_3625,SUB_HIFLD_3356,meso_SUB_HIFLD_3625_SUB_HIFLD_3356_rev,1500000000.0,0.0,0.0,0,672
SUB_HIFLD_3784,SUB_06364,meso_SUB_HIFLD_3784_SUB_06364_rev,13200000000.0,0.0,0.0,0,672
SUB_HIFLD_3784,SUB_10314,meso_SUB_HIFLD_3784_SUB_10314_rev,8000000000.0,0.0,0.0,0,672
SUB_HIFLD_3784,SUB_06312,meso_SUB_HIFLD_3784_SUB_06312_rev,8000000000.0,47459100.890354395,92459986.1734869,0,672
SUB_HIFLD_3784,SUB_06359,meso_SUB_HIFLD_3784_SUB_06359_rev,4000000000.0,24969472.76128017,246935552.86512405,0,672
SUB_HIFLD_3784,SUB_10260,meso_SUB_HIFLD_3784_SUB_10260_rev,8000000000.0,0.0,0.0,0,672
SUB_HIFLD_3784,SUB_10293,meso_SUB_HIFLD_3784_SUB_10293_rev,4000000000.0,0.0,0.0,0,672
SUB_HIFLD_3784,WEC_CALN,iface_SUB_HIFLD_3784_WEC_CALN_to_ba,6400000000.0,0.0,0.0,0,672
SUB_HIFLD_3824,SUB_HIFLD_3101,meso_SUB_HIFLD_3824_SUB_HIFLD_3101_rev,600000000.0,0.0,0.0,0,672
SUB_HIFLD_3824,SUB_HIFLD_3825,meso_SUB_HIFLD_3824_SUB_HIFLD_3825_fwd,600000000.0,173576.26081859006,259430.183331991,0,672
SUB_HIFLD_3824,SUB_HIFLD_4010,meso_SUB_HIFLD_3824_SUB_HIFLD_4010_fwd,1500000000.0,9332423.73918141,9387124.406008376,0,672
SUB_HIFLD_3825,SUB_HIFLD_3824,meso_SUB_HIFLD_3825_SUB_HIFLD_3824_rev,600000000.0,0.0,0.0,0,672
SUB_HIFLD_3825,SUB_HIFLD_4010,meso_SUB_HIFLD_3825_SUB_HIFLD_4010_fwd,1500000000.0,0.0,0.0,0,672
SUB_HIFLD_3834,SUB_02272,meso_SUB_HIFLD_3834_SUB_02272_rev,600000000.0,0.0,0.0,0,672
SUB_HIFLD_3834,SUB_02406,meso_SUB_HIFLD_3834_SUB_02406_rev,600000000.0,0.0,0.0,0,672
SUB_HIFLD_3834,SUB_HIFLD_2068,meso_SUB_HIFLD_3834_SUB_HIFLD_2068_rev,1500000000.0,0.0,0.0,0,672
SUB_HIFLD_3834,SUB_HIFLD_3835,meso_SUB_HIFLD_3834_SUB_HIFLD_3835_fwd,600000000.0,0.0,0.0,0,672
SUB_HIFLD_3835,SUB_02269,meso_SUB_HIFLD_3835_SUB_02269_rev,600000000.0,0.0,0.0,0,672
SUB_HIFLD_3835,SUB_02405,meso_SUB_HIFLD_3835_SUB_02405_rev,1500000000.0,0.0,0.0,0,672
SUB_HIFLD_3835,SUB_HIFLD_2049,meso_SUB_HIFLD_3835_SUB_HIFLD_2049_rev,1500000000.0,0.0,0.0,0,672
SUB_HIFLD_3835,SUB_HIFLD_2068,meso_SUB_HIFLD_3835_SUB_HIFLD_2068_rev,1500000000.0,0.0,0.0,0,672
SUB_HIFLD_3835,SUB_HIFLD_3834,meso_SUB_HIFLD_3835_SUB_HIFLD_3834_rev,600000000.0,0.0,0.0,0,672
SUB_HIFLD_3849,SUB_16237,meso_SUB_HIFLD_3849_SUB_16237_rev,600000000.0,110150.98641441918,45493506.60438144,0,672
SUB_HIFLD_3849,SUB_16374,meso_SUB_HIFLD_3849_SUB_16374_rev,600000000.0,0.0,0.0,0,672
SUB_HIFLD_3862,SUB_HIFLD_2108,meso_SUB_HIFLD_3862_SUB_HIFLD_2108_rev,600000000.0,2513521.191648952,3895126.2483891756,0,672
SUB_HIFLD_3862,SUB_HIFLD_2117,meso_SUB_HIFLD_3862_SUB_HIFLD_2117_rev,600000000.0,0.0,0.0,0,672
SUB_HIFLD_3862,SUB_HIFLD_3262,meso_SUB_HIFLD_3862_SUB_HIFLD_3262_rev,600000000.0,212353.84902652787,3308138.2586859986,0,672
SUB_HIFLD_3862,SUB_HIFLD_3261,meso_SUB_HIFLD_3862_SUB_HIFLD_3261_rev,86309847.4315791,5036071.479958415,7549096.427996134,0,672
SUB_HIFLD_3887,SUB_25360,meso_SUB_HIFLD_3887_SUB_25360_fwd,50000000.0,0.0,0.0,0,672
SUB_HIFLD_3898,SUB_HIFLD_2869,meso_SUB_HIFLD_3898_SUB_HIFLD_2869_rev,1500000000.0,0.0,0.0,0,672
SUB_HIFLD_3903,SUB_HIFLD_2086,meso_SUB_HIFLD_3903_SUB_HIFLD_2086_rev,1500000000.0,0.0,0.0,0,672
SUB_HIFLD_3903,SUB_HIFLD_48,meso_SUB_HIFLD_3903_SUB_HIFLD_48_fwd,1500000000.0,0.0,0.0,0,672
SUB_HIFLD_3940,SUB_HIFLD_2713,meso_SUB_HIFLD_3940_SUB_HIFLD_2713_rev,4000000000.0,0.0,0.0,0,672
SUB_HIFLD_3940,WEC_CALN,iface_SUB_HIFLD_3940_WEC_CALN_to_ba,4000000000.0,160000000.0,160000000.0,0,672
SUB_HIFLD_4010,SUB_01201,meso_SUB_HIFLD_4010_SUB_01201_rev,1500000000.0,8887286.555334274,8992395.981140137,0,672
SUB_HIFLD_4010,SUB_HIFLD_3824,meso_SUB_HIFLD_4010_SUB_HIFLD_3824_rev,1500000000.0,0.0,0.0,0,672
SUB_HIFLD_4010,SUB_HIFLD_3825,meso_SUB_HIFLD_4010_SUB_HIFLD_3825_rev,1500000000.0,0.0,0.0,0,672
SUB_HIFLD_4059,SUB_HIFLD_2514,meso_SUB_HIFLD_4059_SUB_HIFLD_2514_rev,800000000.0,0.0,0.0,0,672
SUB_HIFLD_4068,WEC_CALN,iface_SUB_HIFLD_4068_WEC_CALN_to_ba,50000000.0,0.0,0.0,0,672
SUB_HIFLD_4077,SUB_HIFLD_523,meso_SUB_HIFLD_4077_SUB_HIFLD_523_fwd,50000000.0,0.0,0.0,0,672
SUB_HIFLD_4127,SUB_16368,meso_SUB_HIFLD_4127_SUB_16368_rev,4500000000.0,999492.5033695556,4200000.0,0,672
SUB_HIFLD_4127,SUB_HIFLD_597,meso_SUB_HIFLD_4127_SUB_HIFLD_597_fwd,1500000000.0,3200507.496630444,4200000.0,0,672
SUB_HIFLD_4231,SUB_01201,meso_SUB_HIFLD_4231_SUB_01201_rev,1500000000.0,3122299.2280168417,57255414.58469037,0,672
SUB_HIFLD_4231,SUB_HIFLD_1139,meso_SUB_HIFLD_4231_SUB_HIFLD_1139_rev,1500000000.0,0.0,0.0,0,672
SUB_HIFLD_4241,SUB_HIFLD_2869,meso_SUB_HIFLD_4241_SUB_HIFLD_2869_fwd,50000000.0,0.0,0.0,0,672
SUB_HIFLD_4291,SUB_18297,meso_SUB_HIFLD_4291_SUB_18297_rev,3000000000.0,0.0,0.0,0,672
SUB_HIFLD_4291,SUB_HIFLD_2086,meso_SUB_HIFLD_4291_SUB_HIFLD_2086_rev,1500000000.0,0.0,0.0,0,672
SUB_HIFLD_4291,SUB_HIFLD_48,meso_SUB_HIFLD_4291_SUB_HIFLD_48_fwd,1500000000.0,6302205.291901415,8634158.140643267,0,672
SUB_HIFLD_4325,SUB_01445,meso_SUB_HIFLD_4325_SUB_01445_rev,3000000000.0,6387514.628620331,385335384.2967856,0,672
SUB_HIFLD_4325,SUB_HIFLD_105,meso_SUB_HIFLD_4325_SUB_HIFLD_105_rev,1500000000.0,0.0,0.0,0,672
SUB_HIFLD_4327,SUB_HIFLD_3312,meso_SUB_HIFLD_4327_SUB_HIFLD_3312_rev,600000000.0,0.0,0.0,0,672
SUB_HIFLD_4330,SUB_16328,meso_SUB_HIFLD_4330_SUB_16328_rev,600000000.0,0.0,0.0,0,672
SUB_HIFLD_4330,SUB_HIFLD_2043,meso_SUB_HIFLD_4330_SUB_HIFLD_2043_rev,600000000.0,0.0,0.0,0,672
SUB_HIFLD_4390,SUB_16307,meso_SUB_HIFLD_4390_SUB_16307_rev,600000000.0,20448973.43012283,45000000.0,0,672
SUB_HIFLD_4390,SUB_HIFLD_2990,meso_SUB_HIFLD_4390_SUB_HIFLD_2990_rev,1200000000.0,872413.1690706235,27961360.99419645,0,672
SUB_HIFLD_4403,SUB_10335,meso_SUB_HIFLD_4403_SUB_10335_rev,600000000.0,370360.8692274061,4713774.62044942,0,672
SUB_HIFLD_4403,SUB_10352,meso_SUB_HIFLD_4403_SUB_10352_rev,600000000.0,2226395.842305002,7719156.504718018,0,672
SUB_HIFLD_4403,SUB_HIFLD_2180,meso_SUB_HIFLD_4403_SUB_HIFLD_2180_rev,600000000.0,0.0,0.0,0,672
SUB_HIFLD_4426,SUB_16237,meso_SUB_HIFLD_4426_SUB_16237_rev,600000000.0,820853.5507785497,26308844.559439436,0,672
SUB_HIFLD_4426,SUB_16348,meso_SUB_HIFLD_4426_SUB_16348_rev,600000000.0,0.0,0.0,0,672
SUB_HIFLD_4426,SUB_HIFLD_2020,meso_SUB_HIFLD_4426_SUB_HIFLD_2020_rev,600000000.0,0.0,0.0,0,672
SUB_HIFLD_4426,SUB_HIFLD_2990,meso_SUB_HIFLD_4426_SUB_HIFLD_2990_rev,600000000.0,0.0,0.0,0,672
