source,target,line,capacity_W,mean_flow_W,peak_flow_W,binding_hours,n_hours
WECC_AZ,WECC_IID,line_3315,255000000.0,0.0,0.0,0,168
WECC_AZ,WECC_NM,line_3317,2400000000.0,16219814.821776453,540565979.3814433,0,168
WECC_AZ,WECC_SCE,line_3320,2192000000.0,0.0,0.0,0,168
WECC_AZ,WECC_SNV,line_3321,4727000000.0,0.0,0.0,0,168
WECC_AZ,WECC_UT,line_3322,250000000.0,0.0,0.0,0,168
WECC_AZ,WEC_LADW,line_3326,692000000.0,0.0,0.0,0,168
WECC_AZ,WEC_SDGE,line_3327,1655000000.0,0.0,0.0,0,168
WECC_CO,WECC_NM,line_3381,614000000.0,0.0,0.0,0,168
WECC_CO,WECC_UT,line_3386,650000000.0,0.0,0.0,0,168
WECC_CO,WECC_WY,line_3387,1400000000.0,0.0,0.0,0,168
WECC_ID,WECC_MT,line_3444,200000000.0,208124.69320323964,34964948.45814426,0,168
WECC_ID,WECC_NNV,line_3446,350000000.0,146616474.2230582,350000000.0,38,168
WECC_ID,WECC_PNW,line_3447,2850000000.0,0.0,0.0,0,168
WECC_ID,WECC_UT,line_3450,680000000.0,226175793.96726927,680000000.0,42,168
WECC_ID,WECC_WY,line_3451,1500000000.0,0.0,0.0,0,168
WECC_IID,WECC_AZ,line_3504,163000000.0,163000000.0,163000000.0,168,168
WECC_IID,WECC_SCE,line_3512,600000000.0,508245040.0268927,600000000.0,86,168
WECC_IID,WEC_SDGE,line_3519,150000000.0,100383577.82144661,150000000.0,104,168
WECC_MT,WECC_ID,line_3570,325000000.0,253302569.80495375,325000000.0,95,168
WECC_MT,WECC_PNW,line_3575,2000000000.0,313665756.4318467,1626444999.9955997,0,168
WECC_MT,WECC_WY,line_3579,400000000.0,0.0,0.0,0,168
WECC_NM,WECC_AZ,line_3632,2400000000.0,139335657.80637383,1279545400.0,0,168
WECC_NM,WECC_CO,line_3633,664000000.0,0.0,0.0,0,168
WECC_NM,WECC_UT,line_3642,300000000.0,0.0,0.0,0,168
WECC_NNV,WECC_ID,line_3698,185000000.0,307583.33329761855,31350899.99699996,0,168
WECC_NNV,WECC_PNW,line_3703,300000000.0,93749.99998214423,15749999.99700023,0,168
WECC_NNV,WECC_UT,line_3706,235000000.0,17276781.93113195,235000000.0,2,168
WECC_NNV,WEC_CALN,line_3709,100000000.0,0.0,0.0,0,168
WECC_PNW,WECC_ID,line_3762,1650000000.0,924175729.4716997,1650000000.0,36,168
WECC_PNW,WECC_MT,line_3764,500000000.0,34173440.25522674,500000000.0,1,168
WECC_PNW,WECC_NNV,line_3766,300000000.0,208868010.6755797,300000000.0,105,168
WECC_PNW,WEC_CALN,line_3773,4200000000.0,96810169.12559749,1927066076.0180473,0,168
WECC_PNW,WEC_LADW,line_3774,2600000000.0,396217070.79695976,2600000000.0,1,168
WECC_SCE,WECC_AZ,line_3824,1968000000.0,0.0,0.0,0,168
WECC_SCE,WECC_IID,line_3827,600000000.0,0.0,0.0,0,168
WECC_SCE,WECC_SNV,line_3833,2814000000.0,0.0,0.0,0,168
WECC_SCE,WEC_CALN,line_3837,3000000000.0,302928988.31424373,3000000000.0,7,168
WECC_SCE,WEC_LADW,line_3838,3750000000.0,540686799.376246,3477427363.4196043,0,168
WECC_SCE,WEC_SDGE,line_3839,1273000000.0,21643114.997686524,485947028.1948961,0,168
WECC_SNV,WECC_AZ,line_3888,4785000000.0,0.0,0.0,0,168
WECC_SNV,WECC_SCE,line_3896,1700000000.0,0.0,0.0,0,168
WECC_SNV,WECC_UT,line_3898,250000000.0,0.0,0.0,0,168
WECC_SNV,WEC_LADW,line_3902,2300000000.0,0.0,0.0,0,168
WECC_UT,WECC_AZ,line_3952,250000000.0,0.0,0.0,0,168
WECC_UT,WECC_CO,line_3953,650000000.0,0.0,0.0,0,168
WECC_UT,WECC_ID,line_3954,775000000.0,322193115.98548007,775000000.0,63,168
WECC_UT,WECC_NM,line_3957,350000000.0,0.0,0.0,0,168
WECC_UT,WECC_NNV,line_3958,360000000.0,190331768.23757577,360000000.0,81,168
WECC_UT,WECC_SNV,line_3961,140000000.0,140000000.0,140000000.0,168,168
WECC_UT,WECC_WY,line_3963,1600000000.0,0.0,0.0,0,168
WECC_UT,WEC_LADW,line_3966,1920000000.0,0.0,0.0,0,168
WECC_WY,WECC_CO,line_4017,1400000000.0,546602074.5638036,1400000000.0,16,168
WECC_WY,WECC_ID,line_4018,3700000000.0,0.0,0.0,0,168
WECC_WY,WECC_MT,line_4020,200000000.0,0.0,0.0,0,168
WECC_WY,WECC_UT,line_4026,1800000000.0,0.0,0.0,0,168
WEC_BANC,WEC_CALN,line_4093,2750000000.0,0.0,0.0,0,168
WEC_CALN,WECC_NNV,line_4150,100000000.0,0.0,0.0,0,168
WEC_CALN,WECC_PNW,line_4151,3675000000.0,0.0,0.0,0,168
WEC_CALN,WECC_SCE,line_4152,3675000000.0,643856859.5763607,3675000000.0,2,168
WEC_CALN,WEC_BANC,line_4156,2750000000.0,0.0,0.0,0,168
WEC_CALN,SUB_HIFLD_1851,iface_WEC_CALN_SUB_HIFLD_1851_to_hub,16000000000.0,109935041.24099164,289526478.2887219,0,168
WEC_CALN,SUB_01222,iface_WEC_CALN_SUB_01222_to_hub,200000000.0,200000000.0,200000000.0,168,168
WEC_CALN,SUB_04337,iface_WEC_CALN_SUB_04337_to_hub,38100000000.0,123950299.78482835,235811271.2916304,0,168
WEC_CALN,SUB_04205,iface_WEC_CALN_SUB_04205_to_hub,31587594518.236485,45598700.5657009,331263718.80286723,0,168
WEC_CALN,SUB_01440,iface_WEC_CALN_SUB_01440_to_hub,200000000.0,78210899.80316737,200000000.0,45,168
WEC_CALN,SUB_25993,iface_WEC_CALN_SUB_25993_to_hub,9520000000.0,886249.2973951536,5103092.783505155,0,168
WEC_CALN,SUB_16391,iface_WEC_CALN_SUB_16391_to_hub,8000000000.0,0.0,0.0,0,168
WEC_CALN,SUB_10372,iface_WEC_CALN_SUB_10372_to_hub,14733418307.603153,0.0,0.0,0,168
WEC_CALN,SUB_HIFLD_1854,iface_WEC_CALN_SUB_HIFLD_1854_to_hub,200000000.0,1453761.1080214255,2630716.3637063745,0,168
WEC_CALN,SUB_HIFLD_659,iface_WEC_CALN_SUB_HIFLD_659_to_hub,200000000.0,18199006.01857416,64468727.31808372,0,168
WEC_CALN,SUB_10314,iface_WEC_CALN_SUB_10314_to_hub,200000000.0,496878.6914733677,17106582.23260309,0,168
WEC_CALN,SUB_HIFLD_1357,iface_WEC_CALN_SUB_HIFLD_1357_to_hub,200000000.0,0.0,0.0,0,168
WEC_CALN,SUB_25250,iface_WEC_CALN_SUB_25250_to_hub,2500000000.0,0.0,0.0,0,168
WEC_CALN,SUB_16242,iface_WEC_CALN_SUB_16242_to_hub,3800000000.0,54101864.315171935,182099572.25735816,0,168
WEC_CALN,SUB_HIFLD_30,iface_WEC_CALN_SUB_HIFLD_30_to_hub,78500000000.0,4256381.988501176,344772955.1160882,0,168
WEC_CALN,SUB_08343,iface_WEC_CALN_SUB_08343_to_hub,13900000000.0,203070352.07345808,359309689.0512013,0,168
WEC_CALN,SUB_15276,iface_WEC_CALN_SUB_15276_to_hub,3327000000.0,0.0,0.0,0,168
WEC_CALN,SUB_25270,iface_WEC_CALN_SUB_25270_to_hub,2300000000.0,25261295.798173957,155571385.7511466,0,168
WEC_CALN,SUB_25348,iface_WEC_CALN_SUB_25348_to_hub,200000000.0,0.0,0.0,0,168
WEC_CALN,SUB_01223,iface_WEC_CALN_SUB_01223_to_hub,200000000.0,166799753.37914,200000000.0,49,168
WEC_CALN,SUB_25461,iface_WEC_CALN_SUB_25461_to_hub,24000000000.0,0.0,0.0,0,168
WEC_CALN,SUB_25407,iface_WEC_CALN_SUB_25407_to_hub,6700000000.0,80017671.59269592,245882197.0653098,0,168
WEC_CALN,SUB_25441,iface_WEC_CALN_SUB_25441_to_hub,6280614982.341472,13683481.441441076,57703168.757971086,0,168
WEC_CALN,SUB_HIFLD_597,iface_WEC_CALN_SUB_HIFLD_597_to_hub,14414020126.795326,13012576.661107562,189584041.6182518,0,168
WEC_CALN,SUB_02210,iface_WEC_CALN_SUB_02210_to_hub,18345316366.1443,421339721.7720493,803118466.0529662,0,168
WEC_CALN,SUB_HIFLD_2514,iface_WEC_CALN_SUB_HIFLD_2514_to_hub,200000000.0,360796.9718317314,456366.21102831647,0,168
WEC_CALN,SUB_HIFLD_1297,iface_WEC_CALN_SUB_HIFLD_1297_to_hub,4000000000.0,0.0,0.0,0,168
WEC_CALN,SUB_10373,iface_WEC_CALN_SUB_10373_to_hub,200000000.0,0.0,0.0,0,168
WEC_CALN,SUB_25337,iface_WEC_CALN_SUB_25337_to_hub,4800000000.0,27795343.976838168,134393879.53023702,0,168
WEC_CALN,SUB_18282,iface_WEC_CALN_SUB_18282_to_hub,200000000.0,0.0,0.0,0,168
WEC_CALN,SUB_25412,iface_WEC_CALN_SUB_25412_to_hub,700000000.0,0.0,0.0,0,168
WEC_CALN,SUB_02287,iface_WEC_CALN_SUB_02287_to_hub,12851954053.370102,85151871.35921085,314665316.2009663,0,168
WEC_CALN,SUB_10260,iface_WEC_CALN_SUB_10260_to_hub,4400000000.0,48420546.01182796,101420900.43922386,0,168
WEC_CALN,SUB_01409,iface_WEC_CALN_SUB_01409_to_hub,200000000.0,69359605.4858878,200000000.0,17,168
WEC_CALN,SUB_16371,iface_WEC_CALN_SUB_16371_to_hub,200000000.0,28821158.482622273,45081064.75515464,0,168
WEC_CALN,SUB_10132,iface_WEC_CALN_SUB_10132_to_hub,7950000000.0,0.0,0.0,0,168
WEC_CALN,SUB_01467,iface_WEC_CALN_SUB_01467_to_hub,200000000.0,19905580.61756528,200000000.0,2,168
WEC_CALN,SUB_25430,iface_WEC_CALN_SUB_25430_to_hub,200000000.0,10026201.30191554,14067601.28060567,0,168
WEC_CALN,SUB_01380,iface_WEC_CALN_SUB_01380_to_hub,200000000.0,176516245.29370117,200000000.0,135,168
WEC_CALN,SUB_HIFLD_2010,iface_WEC_CALN_SUB_HIFLD_2010_to_hub,200000000.0,53289273.23961502,189037876.76076204,0,168
WEC_CALN,SUB_01323,iface_WEC_CALN_SUB_01323_to_hub,8000000000.0,14185456.130278131,42999259.02061856,0,168
WEC_CALN,SUB_01365,iface_WEC_CALN_SUB_01365_to_hub,13776976122.250002,1351783.0952836787,123208950.11060017,0,168
WEC_CALN,SUB_01423,iface_WEC_CALN_SUB_01423_to_hub,6200000000.0,126413637.406252,397227499.69847554,0,168
WEC_CALN,SUB_10225,iface_WEC_CALN_SUB_10225_to_hub,700000000.0,0.0,0.0,0,168
WEC_CALN,SUB_02419,iface_WEC_CALN_SUB_02419_to_hub,200000000.0,138301008.42538133,200000000.0,105,168
WEC_CALN,SUB_04248,iface_WEC_CALN_SUB_04248_to_hub,4000000000.0,149674619.39165697,241323922.98596033,0,168
WEC_CALN,SUB_16368,iface_WEC_CALN_SUB_16368_to_hub,200000000.0,19217799.790260974,200000000.0,9,168
WEC_CALN,SUB_25367,iface_WEC_CALN_SUB_25367_to_hub,5472000000.0,0.0,0.0,0,168
WEC_CALN,SUB_04325,iface_WEC_CALN_SUB_04325_to_hub,200000000.0,23306719.487531446,94786244.17602475,0,168
WEC_CALN,SUB_10293,iface_WEC_CALN_SUB_10293_to_hub,200000000.0,0.0,0.0,0,168
WEC_CALN,SUB_HIFLD_982,iface_WEC_CALN_SUB_HIFLD_982_to_hub,200000000.0,0.0,0.0,0,168
WEC_CALN,SUB_08337,iface_WEC_CALN_SUB_08337_to_hub,10800000000.0,96712310.26428713,199586183.6048999,0,168
WEC_CALN,SUB_18301,iface_WEC_CALN_SUB_18301_to_hub,200000000.0,0.0,0.0,0,168
WEC_CALN,SUB_04230,iface_WEC_CALN_SUB_04230_to_hub,200000000.0,49267665.54081061,131795887.76590939,0,168
WEC_CALN,SUB_25526,iface_WEC_CALN_SUB_25526_to_hub,10700000000.0,13376676.887517652,156116965.83483347,0,168
WEC_CALN,SUB_25457,iface_WEC_CALN_SUB_25457_to_hub,2500000000.0,34347923.01393036,82811085.70565169,0,168
WEC_CALN,SUB_06364,iface_WEC_CALN_SUB_06364_to_hub,1359990448.8999999,672088.4298615156,50505820.48531194,0,168
WEC_CALN,SUB_16348,iface_WEC_CALN_SUB_16348_to_hub,200000000.0,21336515.565772384,147315522.8136799,0,168
WEC_CALN,SUB_01469,iface_WEC_CALN_SUB_01469_to_hub,200000000.0,81860493.45407796,200000000.0,44,168
WEC_CALN,SUB_01466,iface_WEC_CALN_SUB_01466_to_hub,200000000.0,27892183.999583084,115110198.99213193,0,168
WEC_CALN,SUB_04256,iface_WEC_CALN_SUB_04256_to_hub,15400000000.0,212149831.36447152,399683471.67922074,0,168
WEC_CALN,SUB_01465,iface_WEC_CALN_SUB_01465_to_hub,8500000000.0,935435.0912565464,62881325.64233711,0,168
WEC_CALN,SUB_08377,iface_WEC_CALN_SUB_08377_to_hub,8000000000.0,32552018.92431425,45743890.947164945,0,168
WEC_CALN,SUB_HIFLD_3283,iface_WEC_CALN_SUB_HIFLD_3283_to_hub,48000000000.0,1462535.8433320466,1869338.189650095,0,168
WEC_CALN,SUB_25209,iface_WEC_CALN_SUB_25209_to_hub,27000000000.0,7275297.433764506,42275608.086340204,0,168
WEC_CALN,SUB_25255,iface_WEC_CALN_SUB_25255_to_hub,27000000000.0,0.0,0.0,0,168
WEC_CALN,SUB_HIFLD_140,iface_WEC_CALN_SUB_HIFLD_140_to_hub,50000000.0,21678511.774575744,27337607.828321088,0,168
WEC_CALN,SUB_10255,iface_WEC_CALN_SUB_10255_to_hub,50000000.0,0.0,0.0,0,168
WEC_CALN,SUB_25418,iface_WEC_CALN_SUB_25418_to_hub,50000000.0,0.0,0.0,0,168
WEC_CALN,SUB_HIFLD_4068,iface_WEC_CALN_SUB_HIFLD_4068_to_hub,50000000.0,0.0,0.0,0,168
WEC_CALN,SUB_HIFLD_1396,iface_WEC_CALN_SUB_HIFLD_1396_to_hub,50000000.0,16823131.239548814,24059254.18814433,0,168
WEC_CALN,SUB_HIFLD_1832,iface_WEC_CALN_SUB_HIFLD_1832_to_hub,50000000.0,48188943.86812531,50000000.0,118,168
WEC_CALN,SUB_HIFLD_2177,iface_WEC_CALN_SUB_HIFLD_2177_to_hub,50000000.0,0.0,0.0,0,168
WEC_CALN,SUB_HIFLD_4327,iface_WEC_CALN_SUB_HIFLD_4327_to_hub,50000000.0,0.0,0.0,0,168
WEC_CALN,SUB_10345,iface_WEC_CALN_SUB_10345_to_hub,50000000.0,0.0,0.0,0,168
WEC_CALN,SUB_10340,iface_WEC_CALN_SUB_10340_to_hub,50000000.0,23911.362930320327,4017108.9722938146,0,168
WEC_CALN,SUB_HIFLD_2212,iface_WEC_CALN_SUB_HIFLD_2212_to_hub,50000000.0,47620.97976929895,69126.12128503543,0,168
WEC_CALN,SUB_16211,iface_WEC_CALN_SUB_16211_to_hub,50000000.0,8535181.131489322,13128999.879188145,0,168
WEC_CALN,SUB_HIFLD_2491,iface_WEC_CALN_SUB_HIFLD_2491_to_hub,50000000.0,0.0,0.0,0,168
WEC_CALN,SUB_HIFLD_2207,iface_WEC_CALN_SUB_HIFLD_2207_to_hub,50000000.0,1359597.795655151,1753676.583768549,0,168
WEC_CALN,SUB_HIFLD_2219,iface_WEC_CALN_SUB_HIFLD_2219_to_hub,50000000.0,180867.45786971186,233291.79901437662,0,168
WEC_CALN,SUB_04350,iface_WEC_CALN_SUB_04350_to_hub,50000000.0,10100723.66361473,17001888.69201031,0,168
WEC_CALN,SUB_25859,iface_WEC_CALN_SUB_25859_to_hub,50000000.0,0.0,0.0,0,168
WEC_CALN,SUB_HIFLD_464,iface_WEC_CALN_SUB_HIFLD_464_to_hub,50000000.0,0.0,0.0,0,168
WEC_CALN,SUB_HIFLD_2013,iface_WEC_CALN_SUB_HIFLD_2013_to_hub,50000000.0,0.0,0.0,0,168
WEC_LADW,WECC_AZ,line_4208,468000000.0,0.0,0.0,0,168
WEC_LADW,WECC_PNW,line_4215,2858000000.0,0.0,0.0,0,168
WEC_LADW,WECC_SCE,line_4216,3750000000.0,103115187.38732252,1092946519.346587,0,168
WEC_LADW,WECC_SNV,line_4217,3883000000.0,0.0,0.0,0,168
WEC_LADW,WECC_UT,line_4218,1400000000.0,0.0,0.0,0,168
WEC_SDGE,WECC_AZ,line_4272,1168000000.0,3848657.145721231,410091430.6228934,0,168
WEC_SDGE,WECC_IID,line_4275,150000000.0,0.0,0.0,0,168
WEC_SDGE,WECC_SCE,line_4280,1273000000.0,187747717.2271673,1123994543.0457983,0,168
SUB_02409,SUB_HIFLD_2062,meso_SUB_02409_SUB_HIFLD_2062_fwd,210487810.76590532,0.0,0.0,0,168
SUB_10349,SUB_10372,meso_SUB_10349_SUB_10372_fwd,600000000.0,6908353.99064865,10111173.115537645,0,168
SUB_10349,SUB_HIFLD_3104,meso_SUB_10349_SUB_HIFLD_3104_rev,50000000.0,1272988.4869894665,1600848.82588832,0,168
SUB_10349,SUB_HIFLD_1062,meso_SUB_10349_SUB_HIFLD_1062_rev,50000000.0,839644.847901709,1053089.2598260308,0,168
SUB_04281,SUB_04209,meso_SUB_04281_SUB_04209_rev,600000000.0,0.0,0.0,0,168
SUB_04281,SUB_04285,meso_SUB_04281_SUB_04285_fwd,600000000.0,3912319.882750989,5071621.29440759,0,168
SUB_04281,SUB_04316,meso_SUB_04281_SUB_04316_fwd,600000000.0,2228027.627651868,2767252.6880637887,0,168
SUB_18239,SUB_18219,meso_SUB_18239_SUB_18219_rev,600000000.0,85126.86811174665,641607.2998046875,0,168
SUB_25404,SUB_25537,meso_SUB_25404_SUB_25537_fwd,72130945.1568815,0.0,0.0,0,168
SUB_25424,SUB_25208,meso_SUB_25424_SUB_25208_rev,3000000000.0,721034.9095649307,6730629.927261689,0,168
SUB_01216,SUB_01365,meso_SUB_01216_SUB_01365_fwd,1800000000.0,0.0,0.0,0,168
SUB_01216,SUB_01445,meso_SUB_01216_SUB_01445_fwd,600000000.0,6565565.320759348,75613885.30927835,0,168
SUB_01216,SUB_01202,meso_SUB_01216_SUB_01202_rev,1500000000.0,127668608.07905102,287645203.00459903,0,168
SUB_01216,SUB_01324,meso_SUB_01216_SUB_01324_fwd,3000000000.0,0.0,0.0,0,168
SUB_01216,SUB_01343,meso_SUB_01216_SUB_01343_fwd,1500000000.0,3824890.4176596077,27233172.92203608,0,168
SUB_01216,SUB_01376,meso_SUB_01216_SUB_01376_fwd,4000000000.0,117399023.09557983,320094193.25031936,0,168
SUB_01216,SUB_01391,meso_SUB_01216_SUB_01391_fwd,3000000000.0,2771780.2497066,24919505.07409794,0,168
SUB_01216,SUB_01465,meso_SUB_01216_SUB_01465_fwd,4000000000.0,0.0,0.0,0,168
SUB_01216,SUB_01466,meso_SUB_01216_SUB_01466_fwd,4000000000.0,9250029.22575592,73127255.15463917,0,168
SUB_01216,SUB_01467,meso_SUB_01216_SUB_01467_fwd,4000000000.0,21298470.211879265,216744871.74808237,0,168
SUB_01216,SUB_02203,meso_SUB_01216_SUB_02203_fwd,4000000000.0,213279849.75068727,368877808.4349849,0,168
SUB_01216,SUB_02419,meso_SUB_01216_SUB_02419_fwd,4000000000.0,182724136.7876236,544807999.2631723,0,168
SUB_01216,SUB_HIFLD_30,meso_SUB_01216_SUB_HIFLD_30_fwd,4000000000.0,28707855.651514463,445892544.91340405,0,168
SUB_25229,SUB_25234,meso_SUB_25229_SUB_25234_fwd,3000000000.0,0.0,0.0,0,168
SUB_25229,SUB_25235,meso_SUB_25229_SUB_25235_fwd,3000000000.0,0.0,0.0,0,168
SUB_25357,SUB_25235,meso_SUB_25357_SUB_25235_rev,1500000000.0,0.0,0.0,0,168
SUB_25357,SUB_25392,meso_SUB_25357_SUB_25392_fwd,1500000000.0,53330084.02176915,83043387.564433,0,168
SUB_25357,SUB_25204,meso_SUB_25357_SUB_25204_rev,1500000000.0,34904071.61122745,73169394.32989691,0,168
SUB_16299,SUB_16207,meso_SUB_16299_SUB_16207_rev,600000000.0,8226415.707014881,13276875.604059275,0,168
SUB_16299,SUB_16323,meso_SUB_16299_SUB_16323_fwd,600000000.0,0.0,0.0,0,168
SUB_25460,SUB_HIFLD_217,meso_SUB_25460_SUB_HIFLD_217_fwd,50000000.0,0.0,0.0,0,168
SUB_16208,SUB_16223,meso_SUB_16208_SUB_16223_fwd,600000000.0,0.0,0.0,0,168
SUB_16208,SUB_16302,meso_SUB_16208_SUB_16302_fwd,600000000.0,0.0,0.0,0,168
SUB_25455,SUB_25205,meso_SUB_25455_SUB_25205_rev,4000000000.0,74212833.76672189,122131886.2757732,0,168
SUB_25455,SUB_25412,meso_SUB_25455_SUB_25412_rev,4000000000.0,0.0,0.0,0,168
SUB_16354,SUB_16301,meso_SUB_16354_SUB_16301_rev,1200000000.0,0.0,0.0,0,168
SUB_15215,SUB_06203,meso_SUB_15215_SUB_06203_rev,2100000000.0,55484973.070454374,86391937.05455658,0,168
SUB_15215,SUB_06277,meso_SUB_15215_SUB_06277_rev,600000000.0,19131707.669335447,28499671.141292833,0,168
SUB_15215,SUB_06344,meso_SUB_15215_SUB_06344_rev,600000000.0,11483585.193936935,18964531.652706183,0,168
SUB_15215,SUB_06368,meso_SUB_15215_SUB_06368_rev,1500000000.0,9037813.22827517,45600024.30812583,0,168
SUB_15215,SUB_15281,meso_SUB_15215_SUB_15281_fwd,600000000.0,0.0,0.0,0,168
SUB_15215,SUB_15290,meso_SUB_15215_SUB_15290_fwd,1500000000.0,3164493.565884182,19968767.83988402,0,168
SUB_15215,SUB_15371,meso_SUB_15215_SUB_15371_fwd,600000000.0,2431035.0721889813,5533030.197463035,0,168
SUB_15215,SUB_15373,meso_SUB_15215_SUB_15373_fwd,600000000.0,9133403.173071396,22960673.727448452,0,168
SUB_15215,SUB_15376,meso_SUB_15215_SUB_15376_fwd,600000000.0,5886816.8287419835,20155230.00009625,0,168
SUB_15215,SUB_15378,meso_SUB_15215_SUB_15378_fwd,1500000000.0,10803513.968047045,31368695.63466495,0,168
SUB_25373,SUB_25412,meso_SUB_25373_SUB_25412_fwd,1500000000.0,0.0,0.0,0,168
SUB_25373,SUB_25425,meso_SUB_25373_SUB_25425_fwd,1500000000.0,0.0,0.0,0,168
SUB_25373,SUB_25228,meso_SUB_25373_SUB_25228_rev,1500000000.0,7517093.582174974,77202134.34278351,0,168
SUB_25232,SUB_25255,meso_SUB_25232_SUB_25255_fwd,1600000000.0,23275178.113266964,81206118.47809511,0,168
SUB_25232,SUB_25468,meso_SUB_25232_SUB_25468_fwd,800000000.0,4670225.287064755,13626678.379279725,0,168
SUB_04341,SUB_04295,meso_SUB_04341_SUB_04295_rev,1500000000.0,0.0,0.0,0,168
SUB_04341,SUB_HIFLD_1827,meso_SUB_04341_SUB_HIFLD_1827_fwd,3000000000.0,0.0,0.0,0,168
SUB_04341,SUB_HIFLD_1815,meso_SUB_04341_SUB_HIFLD_1815_rev,50000000.0,0.0,0.0,0,168
SUB_04341,SUB_HIFLD_1823,meso_SUB_04341_SUB_HIFLD_1823_rev,50000000.0,0.0,0.0,0,168
SUB_16223,SUB_16208,meso_SUB_16223_SUB_16208_rev,600000000.0,2594617.6874988964,4628865.979381443,0,168
SUB_16223,SUB_16328,meso_SUB_16223_SUB_16328_fwd,600000000.0,0.0,0.0,0,168
SUB_16223,SUB_16368,meso_SUB_16223_SUB_16368_fwd,600000000.0,0.0,0.0,0,168
SUB_16325,SUB_16267,meso_SUB_16325_SUB_16267_rev,600000000.0,17220.210013537333,2892995.282274272,0,168
SUB_16325,SUB_16274,meso_SUB_16325_SUB_16274_rev,600000000.0,29306452.54896656,44216837.47774737,0,168
SUB_16325,SUB_HIFLD_2318,meso_SUB_16325_SUB_HIFLD_2318_fwd,600000000.0,0.0,0.0,0,168
SUB_08299,SUB_08300,meso_SUB_08299_SUB_08300_fwd,1500000000.0,0.0,0.0,0,168
SUB_25367,SUB_18301,meso_SUB_25367_SUB_18301_rev,24000000000.0,0.0,0.0,0,168
SUB_25367,SUB_25231,meso_SUB_25367_SUB_25231_rev,1500000000.0,42943860.33032487,137466006.12021646,0,168
SUB_25367,SUB_25236,meso_SUB_25367_SUB_25236_rev,600000000.0,20748818.002465136,97266325.28504185,0,168
SUB_25367,SUB_25289,meso_SUB_25367_SUB_25289_rev,3000000000.0,15650133.131414067,42883884.09285657,0,168
SUB_25367,SUB_25340,meso_SUB_25367_SUB_25340_rev,1500000000.0,8077512.023656113,9496686.734858247,0,168
SUB_25367,SUB_25461,meso_SUB_25367_SUB_25461_fwd,8000000000.0,96146059.22433423,318485427.00705785,0,168
SUB_25367,SUB_HIFLD_982,meso_SUB_25367_SUB_HIFLD_982_fwd,20500000000.0,265987597.67699188,858845138.9293255,0,168
SUB_25367,SUB_18238,meso_SUB_25367_SUB_18238_rev,4000000000.0,161190095.2950326,442279492.59810257,0,168
SUB_25367,SUB_25359,meso_SUB_25367_SUB_25359_rev,1500000000.0,81906.84771256533,289918.1247986469,0,168
SUB_25367,SUB_25393,meso_SUB_25367_SUB_25393_fwd,8000000000.0,0.0,0.0,0,168
SUB_25367,SUB_25412,meso_SUB_25367_SUB_25412_fwd,4000000000.0,209300073.56928635,637315867.4741874,0,168
SUB_25367,SUB_25464,meso_SUB_25367_SUB_25464_fwd,800000000.0,15896217.87365818,70436758.1521756,0,168
SUB_25367,SUB_25537,meso_SUB_25367_SUB_25537_fwd,1500000000.0,63079822.66220685,155103660.79071817,0,168
SUB_25367,WEC_CALN,iface_SUB_25367_WEC_CALN_to_ba,5472000000.0,104594848.59956945,1554176806.8894713,0,168
SUB_25202,SUB_25345,meso_SUB_25202_SUB_25345_fwd,1600000000.0,0.0,0.0,0,168
SUB_25296,SUB_25246,meso_SUB_25296_SUB_25246_rev,1500000000.0,6174494.055154944,20739581.99097938,0,168
SUB_25296,SUB_25290,meso_SUB_25296_SUB_25290_rev,1500000000.0,0.0,0.0,0,168
SUB_18258,SUB_18280,meso_SUB_18258_SUB_18280_fwd,600000000.0,119212.36401512509,170411.19447688467,0,168
SUB_18258,SUB_18263,meso_SUB_18258_SUB_18263_fwd,800000000.0,0.0,0.0,0,168
SUB_16209,SUB_01432,meso_SUB_16209_SUB_01432_rev,600000000.0,0.0,0.0,0,168
SUB_16209,SUB_16374,meso_SUB_16209_SUB_16374_fwd,600000000.0,0.0,0.0,0,168
SUB_15371,SUB_15211,meso_SUB_15371_SUB_15211_rev,600000000.0,705507.6571944022,2594262.191929768,0,168
SUB_15371,SUB_15215,meso_SUB_15371_SUB_15215_rev,600000000.0,808966.099011974,24509069.699894436,0,168
SUB_04282,SUB_04256,meso_SUB_04282_SUB_04256_rev,3000000000.0,0.0,0.0,0,168
SUB_04282,SUB_04277,meso_SUB_04282_SUB_04277_rev,1500000000.0,11171477.561355164,15808464.88402062,0,168
SUB_04282,SUB_04289,meso_SUB_04282_SUB_04289_fwd,600000000.0,6413735.943018867,9839795.425257731,0,168
SUB_04282,SUB_04331,meso_SUB_04282_SUB_04331_fwd,1200000000.0,0.0,0.0,0,168
SUB_04282,SUB_04225,meso_SUB_04282_SUB_04225_rev,3000000000.0,3226532.094784092,4108899.051626933,0,168
SUB_25380,SUB_25297,meso_SUB_25380_SUB_25297_rev,800000000.0,0.0,0.0,0,168
SUB_25380,SUB_25319,meso_SUB_25380_SUB_25319_rev,800000000.0,0.0,0.0,0,168
SUB_25255,SUB_18263,meso_SUB_25255_SUB_18263_rev,3000000000.0,0.0,0.0,0,168
SUB_25255,SUB_25232,meso_SUB_25255_SUB_25232_rev,1600000000.0,4841619.935608915,14102264.463514756,0,168
SUB_25255,SUB_25278,meso_SUB_25255_SUB_25278_fwd,800000000.0,3245499.5248458954,13314308.325128034,0,168
SUB_25255,SUB_25261,meso_SUB_25255_SUB_25261_fwd,1500000000.0,145392042.51191807,350461644.1548216,0,168
SUB_25255,WEC_CALN,iface_SUB_25255_WEC_CALN_to_ba,27000000000.0,408134789.3946018,1322400597.3406405,0,168
SUB_08293,SUB_18358,meso_SUB_08293_SUB_18358_fwd,600000000.0,0.0,0.0,0,168
SUB_16315,SUB_16365,meso_SUB_16315_SUB_16365_fwd,600000000.0,5617220.959505425,11062037.894652061,0,168
SUB_16315,SUB_16368,meso_SUB_16315_SUB_16368_fwd,600000000.0,0.0,0.0,0,168
SUB_10355,SUB_10330,meso_SUB_10355_SUB_10330_rev,600000000.0,0.0,0.0,0,168
SUB_10355,SUB_10372,meso_SUB_10355_SUB_10372_fwd,600000000.0,24588812.451292515,54457245.135128126,0,168
SUB_10355,SUB_HIFLD_482,meso_SUB_10355_SUB_HIFLD_482_fwd,600000000.0,0.0,0.0,0,168
SUB_10355,SUB_10331,meso_SUB_10355_SUB_10331_rev,50000000.0,503899.35095987894,2725179.707635309,0,168
SUB_04336,SUB_04271,meso_SUB_04336_SUB_04271_rev,600000000.0,0.0,0.0,0,168
SUB_04336,SUB_04319,meso_SUB_04336_SUB_04319_rev,1500000000.0,18571216.58834798,45160669.5383598,0,168
SUB_04336,SUB_04331,meso_SUB_04336_SUB_04331_rev,1200000000.0,0.0,0.0,0,168
SUB_16307,SUB_16242,meso_SUB_16307_SUB_16242_rev,600000000.0,12154972.24979143,29587999.799944285,0,168
SUB_16307,SUB_16322,meso_SUB_16307_SUB_16322_fwd,600000000.0,12449079.052673092,33005679.138812825,0,168
SUB_16307,SUB_HIFLD_4390,meso_SUB_16307_SUB_HIFLD_4390_fwd,600000000.0,0.0,0.0,0,168
SUB_16307,SUB_16308,meso_SUB_16307_SUB_16308_rev,83233761.81608301,6045673.817937491,7814486.34826031,0,168
SUB_18208,SUB_18203,meso_SUB_18208_SUB_18203_rev,600000000.0,0.0,0.0,0,168
SUB_18208,SUB_18215,meso_SUB_18208_SUB_18215_fwd,600000000.0,4101253.670199455,7487448.65496134,0,168
SUB_18208,SUB_18207,meso_SUB_18208_SUB_18207_fwd,674884369.866766,58271594.080205806,77985660.2652827,0,168
SUB_16324,SUB_16376,meso_SUB_16324_SUB_16376_fwd,50000000.0,0.0,0.0,0,168
SUB_19245,SUB_19239,meso_SUB_19245_SUB_19239_rev,600000000.0,10041647.966597442,11993636.235502576,0,168
SUB_19245,SUB_19243,meso_SUB_19245_SUB_19243_rev,600000000.0,3681520.920586342,6412820.440862596,0,168
SUB_04266,SUB_04228,meso_SUB_04266_SUB_04228_rev,1200000000.0,0.0,0.0,0,168
SUB_04266,SUB_04268,meso_SUB_04266_SUB_04268_fwd,600000000.0,0.0,0.0,0,168
SUB_04266,SUB_04276,meso_SUB_04266_SUB_04276_fwd,600000000.0,216356.969507431,7916141.634366114,0,168
SUB_04266,SUB_04295,meso_SUB_04266_SUB_04295_fwd,600000000.0,0.0,0.0,0,168
SUB_02412,SUB_02408,meso_SUB_02412_SUB_02408_rev,600000000.0,0.0,0.0,0,168
SUB_02412,SUB_02413,meso_SUB_02412_SUB_02413_fwd,1200000000.0,39114583.8332531,65512091.866226144,0,168
SUB_02412,SUB_02425,meso_SUB_02412_SUB_02425_fwd,600000000.0,0.0,0.0,0,168
SUB_01352,SUB_01254,meso_SUB_01352_SUB_01254_fwd,50000000.0,0.0,0.0,0,168
SUB_18294,SUB_18237,meso_SUB_18294_SUB_18237_rev,600000000.0,0.0,0.0,0,168
SUB_01220,SUB_01353,meso_SUB_01220_SUB_01353_fwd,50000000.0,0.0,0.0,0,168
SUB_25270,SUB_25221,meso_SUB_25270_SUB_25221_rev,800000000.0,30778991.596911352,63033290.60616431,0,168
SUB_25270,SUB_25224,meso_SUB_25270_SUB_25224_rev,800000000.0,2286264.480807726,55349012.33784489,0,168
SUB_25270,SUB_25268,meso_SUB_25270_SUB_25268_rev,600000000.0,0.0,0.0,0,168
SUB_25270,SUB_25353,meso_SUB_25270_SUB_25353_fwd,600000000.0,10652814.4847662,13256606.394974226,0,168
SUB_25270,SUB_25425,meso_SUB_25270_SUB_25425_fwd,600000000.0,1194674.5699051672,25953097.754730847,0,168
SUB_25270,SUB_25441,meso_SUB_25270_SUB_25441_fwd,4800000000.0,0.0,0.0,0,168
SUB_25270,SUB_25228,meso_SUB_25270_SUB_25228_rev,1500000000.0,45111447.768626906,80056394.9742268,0,168
SUB_25270,WEC_CALN,iface_SUB_25270_WEC_CALN_to_ba,2300000000.0,0.0,0.0,0,168
SUB_25425,SUB_25235,meso_SUB_25425_SUB_25235_rev,3000000000.0,946781.7629193582,40831544.86146908,0,168
SUB_25425,SUB_25270,meso_SUB_25425_SUB_25270_rev,600000000.0,599652.1519536538,23824410.23627065,0,168
SUB_25425,SUB_25373,meso_SUB_25425_SUB_25373_rev,1500000000.0,2125512.9273987045,40148113.41876031,0,168
SUB_25425,SUB_25412,meso_SUB_25425_SUB_25412_rev,1500000000.0,0.0,0.0,0,168
SUB_25425,SUB_25480,meso_SUB_25425_SUB_25480_fwd,1500000000.0,7106863.8925835565,10186388.920399485,0,168
SUB_15211,SUB_15371,meso_SUB_15211_SUB_15371_fwd,600000000.0,1499076.3171371433,28135026.50077712,0,168
SUB_10319,SUB_10291,meso_SUB_10319_SUB_10291_fwd,54807466.09466204,0.0,0.0,0,168
SUB_18272,SUB_18304,meso_SUB_18272_SUB_18304_fwd,1500000000.0,0.0,0.0,0,168
SUB_16211,WEC_CALN,iface_SUB_16211_WEC_CALN_to_ba,50000000.0,0.0,0.0,0,168
SUB_18304,SUB_18268,meso_SUB_18304_SUB_18268_rev,1500000000.0,0.0,0.0,0,168
SUB_18304,SUB_18272,meso_SUB_18304_SUB_18272_rev,1500000000.0,13391959.845159471,16936001.93298969,0,168
SUB_18304,SUB_HIFLD_48,meso_SUB_18304_SUB_HIFLD_48_fwd,1500000000.0,0.0,0.0,0,168
SUB_25461,SUB_25367,meso_SUB_25461_SUB_25367_rev,8000000000.0,0.0,0.0,0,168
SUB_25461,SUB_HIFLD_1851,meso_SUB_25461_SUB_HIFLD_1851_fwd,4000000000.0,52125150.220111646,253013243.10309613,0,168
SUB_25461,WEC_CALN,iface_SUB_25461_WEC_CALN_to_ba,24000000000.0,0.0,0.0,0,168
SUB_25235,SUB_25224,meso_SUB_25235_SUB_25224_rev,1500000000.0,77205.88419596056,7111696.9380509695,0,168
SUB_25235,SUB_25234,meso_SUB_25235_SUB_25234_rev,2100000000.0,0.0,0.0,0,168
SUB_25235,SUB_25250,meso_SUB_25235_SUB_25250_fwd,1500000000.0,0.0,0.0,0,168
SUB_25235,SUB_25357,meso_SUB_25235_SUB_25357_fwd,1500000000.0,146564387.1690119,237715455.44824103,0,168
SUB_25235,SUB_25408,meso_SUB_25235_SUB_25408_fwd,3000000000.0,6250256.746400949,68255231.44523497,0,168
SUB_25235,SUB_25412,meso_SUB_25235_SUB_25412_fwd,3000000000.0,0.0,0.0,0,168
SUB_25235,SUB_25425,meso_SUB_25235_SUB_25425_fwd,3000000000.0,0.0,0.0,0,168
SUB_25235,SUB_25228,meso_SUB_25235_SUB_25228_rev,3000000000.0,10381992.1006586,79281298.32474227,0,168
SUB_25235,SUB_25229,meso_SUB_25235_SUB_25229_rev,3000000000.0,89789.76220199742,15084680.049935566,0,168
SUB_25235,SUB_25444,meso_SUB_25235_SUB_25444_rev,139664558.5233586,2936349.134917146,11317241.865335051,0,168
SUB_25539,SUB_25245,meso_SUB_25539_SUB_25245_rev,800000000.0,0.0,0.0,0,168
SUB_25539,SUB_25276,meso_SUB_25539_SUB_25276_rev,800000000.0,6683347.846318306,50957233.533917524,0,168
SUB_25539,SUB_25347,meso_SUB_25539_SUB_25347_rev,1500000000.0,0.0,0.0,0,168
SUB_25539,SUB_25398,meso_SUB_25539_SUB_25398_rev,192171103.58198553,15820991.17378306,18732480.26739691,0,168
SUB_01284,SUB_01467,meso_SUB_01284_SUB_01467_fwd,3000000000.0,0.0,0.0,0,168
SUB_16274,SUB_16311,meso_SUB_16274_SUB_16311_fwd,600000000.0,11405820.82726877,17218500.32216495,0,168
SUB_16274,SUB_16325,meso_SUB_16274_SUB_16325_fwd,600000000.0,0.0,0.0,0,168
SUB_18254,SUB_18255,meso_SUB_18254_SUB_18255_fwd,600000000.0,9285625.47896656,13479012.763196675,0,168
SUB_18254,SUB_18263,meso_SUB_18254_SUB_18263_fwd,600000000.0,0.0,0.0,0,168
SUB_18254,SUB_18261,meso_SUB_18254_SUB_18261_rev,958964896.261608,33720523.884283826,54648972.046597674,0,168
SUB_18254,SUB_18305,meso_SUB_18254_SUB_18305_rev,642934708.3145001,31913640.367998343,52143376.879484534,0,168
SUB_15244,SUB_15370,meso_SUB_15244_SUB_15370_fwd,1500000000.0,16756146.354981666,42736635.87628866,0,168
SUB_15244,SUB_HIFLD_2010,meso_SUB_15244_SUB_HIFLD_2010_fwd,3000000000.0,743682.9568632811,8446089.865523435,0,168
SUB_25292,SUB_HIFLD_2363,meso_SUB_25292_SUB_HIFLD_2363_fwd,68269461.5126492,0.0,0.0,0,168
SUB_16370,SUB_16330,meso_SUB_16370_SUB_16330_rev,600000000.0,0.0,0.0,0,168
SUB_16370,SUB_16372,meso_SUB_16370_SUB_16372_fwd,600000000.0,0.0,0.0,0,168
SUB_01265,SUB_01314,meso_SUB_01265_SUB_01314_fwd,600000000.0,461241.9159269313,741659.5968205307,0,168
SUB_01265,SUB_01260,meso_SUB_01265_SUB_01260_fwd,50000000.0,0.0,0.0,0,168
SUB_16375,SUB_16216,meso_SUB_16375_SUB_16216_fwd,158199268.50468406,0.0,0.0,0,168
SUB_15379,SUB_15281,meso_SUB_15379_SUB_15281_rev,1200000000.0,142703434.68658978,152217484.30679512,0,168
SUB_15379,SUB_15292,meso_SUB_15379_SUB_15292_rev,600000000.0,12777398.92302272,26404940.05716744,0,168
SUB_15379,SUB_15313,meso_SUB_15379_SUB_15313_rev,600000000.0,0.0,0.0,0,168
SUB_15379,SUB_15374,meso_SUB_15379_SUB_15374_rev,1200000000.0,0.0,0.0,0,168
SUB_19218,SUB_19202,meso_SUB_19218_SUB_19202_rev,600000000.0,5710651.480834494,6641237.658956138,0,168
SUB_19218,SUB_19223,meso_SUB_19218_SUB_19223_fwd,600000000.0,2978393.7194778253,3764412.641036296,0,168
SUB_19218,SUB_19239,meso_SUB_19218_SUB_19239_fwd,600000000.0,0.0,0.0,0,168
SUB_19218,SUB_19210,meso_SUB_19218_SUB_19210_rev,50000000.0,302474.344016643,416359.6241744523,0,168
SUB_19231,SUB_19222,meso_SUB_19231_SUB_19222_rev,600000000.0,0.0,0.0,0,168
SUB_19231,SUB_19246,meso_SUB_19231_SUB_19246_fwd,600000000.0,0.0,0.0,0,168
SUB_19231,SUB_HIFLD_255,meso_SUB_19231_SUB_HIFLD_255_fwd,1500000000.0,0.0,0.0,0,168
SUB_08324,SUB_08318,meso_SUB_08324_SUB_08318_rev,1500000000.0,0.0,0.0,0,168
SUB_08324,SUB_08319,meso_SUB_08324_SUB_08319_rev,4500000000.0,54283401.16496654,100253138.4947852,0,168
SUB_06362,SUB_06313,meso_SUB_06362_SUB_06313_rev,1500000000.0,0.0,0.0,0,168
SUB_06362,SUB_06204,meso_SUB_06362_SUB_06204_rev,1500000000.0,0.0,0.0,0,168
SUB_15375,SUB_06254,meso_SUB_15375_SUB_06254_rev,600000000.0,2994537.42393678,5546616.261275773,0,168
SUB_15375,SUB_15233,meso_SUB_15375_SUB_15233_rev,600000000.0,0.0,0.0,0,168
SUB_15375,SUB_15285,meso_SUB_15375_SUB_15285_rev,600000000.0,0.0,0.0,0,168
SUB_15375,SUB_15290,meso_SUB_15375_SUB_15290_rev,1500000000.0,6697590.2904596245,16214520.578286082,0,168
SUB_15375,SUB_15377,meso_SUB_15375_SUB_15377_fwd,600000000.0,8103303.855438777,72932259.47912052,0,168
SUB_15375,SUB_HIFLD_595,meso_SUB_15375_SUB_HIFLD_595_fwd,1500000000.0,25596829.201685723,87728225.39847925,0,168
SUB_15375,SUB_10321,meso_SUB_15375_SUB_10321_rev,122094435.14595994,6543509.875949715,9194741.66398196,0,168
SUB_01391,SUB_01392,meso_SUB_01391_SUB_01392_fwd,600000000.0,0.0,0.0,0,168
SUB_01391,SUB_01445,meso_SUB_01391_SUB_01445_fwd,3600000000.0,0.0,0.0,0,168
SUB_01391,SUB_01465,meso_SUB_01391_SUB_01465_fwd,3000000000.0,0.0,0.0,0,168
SUB_01391,SUB_01216,meso_SUB_01391_SUB_01216_rev,3000000000.0,0.0,0.0,0,168
SUB_25445,SUB_25281,meso_SUB_25445_SUB_25281_rev,800000000.0,0.0,0.0,0,168
SUB_16283,SUB_16366,meso_SUB_16283_SUB_16366_fwd,3000000000.0,40241740.78960828,40568266.20124817,0,168
SUB_16283,SUB_16316,meso_SUB_16283_SUB_16316_rev,50000000.0,0.0,0.0,0,168
SUB_01450,SUB_01222,meso_SUB_01450_SUB_01222_rev,4000000000.0,0.0,0.0,0,168
SUB_01450,SUB_01315,meso_SUB_01450_SUB_01315_rev,1200000000.0,0.0,0.0,0,168
SUB_01450,SUB_01424,meso_SUB_01450_SUB_01424_rev,50000000.0,980721.0481219508,1430184.2129107602,0,168
SUB_25412,SUB_25224,meso_SUB_25412_SUB_25224_rev,1500000000.0,44865431.90385425,78169666.81632696,0,168
SUB_25412,SUB_25235,meso_SUB_25412_SUB_25235_rev,3000000000.0,42471876.06201254,210972047.8161817,0,168
SUB_25412,SUB_25250,meso_SUB_25412_SUB_25250_rev,4000000000.0,0.0,0.0,0,168
SUB_25412,SUB_25373,meso_SUB_25412_SUB_25373_rev,1500000000.0,70753147.95425412,160260181.98998296,0,168
SUB_25412,SUB_25425,meso_SUB_25412_SUB_25425_fwd,1500000000.0,6499474.680913608,37721330.350263044,0,168
SUB_25412,SUB_25441,meso_SUB_25412_SUB_25441_fwd,4000000000.0,10106988.922591083,55189454.993224576,0,168
SUB_25412,SUB_25453,meso_SUB_25412_SUB_25453_fwd,1500000000.0,9710464.81741442,44848290.40732783,0,168
SUB_25412,SUB_25217,meso_SUB_25412_SUB_25217_rev,1500000000.0,37723537.919897,86555995.63084546,0,168
SUB_25412,SUB_25234,meso_SUB_25412_SUB_25234_rev,800000000.0,290896.21535710385,19931214.049173787,0,168
SUB_25412,SUB_25268,meso_SUB_25412_SUB_25268_rev,4000000000.0,0.0,0.0,0,168
SUB_25412,SUB_25367,meso_SUB_25412_SUB_25367_rev,4000000000.0,0.0,0.0,0,168
SUB_25412,SUB_25393,meso_SUB_25412_SUB_25393_rev,4000000000.0,0.0,0.0,0,168
SUB_25412,SUB_25455,meso_SUB_25412_SUB_25455_fwd,4000000000.0,151383608.36342064,254979433.33842596,0,168
SUB_25412,WEC_CALN,iface_SUB_25412_WEC_CALN_to_ba,700000000.0,0.0,0.0,0,168
SUB_25429,SUB_HIFLD_411,meso_SUB_25429_SUB_HIFLD_411_fwd,120090590.15589313,0.0,0.0,0,168
SUB_01459,SUB_HIFLD_30,meso_SUB_01459_SUB_HIFLD_30_fwd,4000000000.0,0.0,0.0,0,168
SUB_01201,SUB_01211,meso_SUB_01201_SUB_01211_fwd,1500000000.0,0.0,0.0,0,168
SUB_01201,SUB_HIFLD_1131,meso_SUB_01201_SUB_HIFLD_1131_fwd,1500000000.0,0.0,0.0,0,168
SUB_01201,SUB_HIFLD_4010,meso_SUB_01201_SUB_HIFLD_4010_fwd,1500000000.0,0.0,0.0,0,168
SUB_01201,SUB_HIFLD_4231,meso_SUB_01201_SUB_HIFLD_4231_fwd,1500000000.0,466711.97153022076,5251119.523195877,0,168
SUB_01201,SUB_01254,meso_SUB_01201_SUB_01254_fwd,1500000000.0,0.0,0.0,0,168
SUB_06368,SUB_04305,meso_SUB_06368_SUB_04305_rev,1500000000.0,48614.15471838213,1492296.8598985183,0,168
SUB_06368,SUB_06203,meso_SUB_06368_SUB_06203_rev,1500000000.0,191136.6279763549,17134143.78028612,0,168
SUB_06368,SUB_06332,meso_SUB_06368_SUB_06332_rev,600000000.0,1854015.906932488,4242193.540592783,0,168
SUB_06368,SUB_15215,meso_SUB_06368_SUB_15215_fwd,1500000000.0,0.0,0.0,0,168
SUB_06368,SUB_04343,meso_SUB_06368_SUB_04343_rev,3000000000.0,0.0,0.0,0,168
SUB_06368,SUB_06317,meso_SUB_06368_SUB_06317_rev,3000000000.0,22481862.292179413,34822554.0165998,0,168
SUB_06368,SUB_06359,meso_SUB_06368_SUB_06359_rev,1500000000.0,195072.77887808988,11403370.222443929,0,168
SUB_10352,SUB_10344,meso_SUB_10352_SUB_10344_rev,1500000000.0,9929.289703577631,816826.6217207549,0,168
SUB_10352,SUB_HIFLD_2173,meso_SUB_10352_SUB_HIFLD_2173_fwd,1500000000.0,183937.50943460842,1857079.9599432105,0,168
SUB_10352,SUB_HIFLD_4403,meso_SUB_10352_SUB_HIFLD_4403_fwd,600000000.0,0.0,0.0,0,168
SUB_06360,SUB_06270,meso_SUB_06360_SUB_06270_rev,1500000000.0,0.0,0.0,0,168
SUB_16320,SUB_16216,meso_SUB_16320_SUB_16216_rev,600000000.0,25108693.681989398,26160510.009765625,0,168
SUB_18322,SUB_18249,meso_SUB_18322_SUB_18249_fwd,50000000.0,0.0,0.0,0,168
SUB_01267,SUB_01254,meso_SUB_01267_SUB_01254_fwd,50000000.0,0.0,0.0,0,168
SUB_18298,SUB_18307,meso_SUB_18298_SUB_18307_fwd,50000000.0,0.0,0.0,0,168
SUB_08283,SUB_01472,meso_SUB_08283_SUB_01472_rev,1500000000.0,0.0,0.0,0,168
SUB_08283,SUB_08353,meso_SUB_08283_SUB_08353_fwd,1500000000.0,37579634.829357505,76864747.10051547,0,168
SUB_08283,SUB_08389,meso_SUB_08283_SUB_08389_fwd,1500000000.0,54480.972372438024,9152803.358569589,0,168
SUB_08283,SUB_01222,meso_SUB_08283_SUB_01222_rev,3000000000.0,0.0,0.0,0,168
SUB_08283,SUB_08339,meso_SUB_08283_SUB_08339_fwd,1500000000.0,36313735.61795328,74243886.92010309,0,168
SUB_06254,SUB_06207,meso_SUB_06254_SUB_06207_rev,600000000.0,0.0,0.0,0,168
SUB_06254,SUB_15375,meso_SUB_06254_SUB_15375_fwd,600000000.0,0.0,0.0,0,168
SUB_25290,SUB_25296,meso_SUB_25290_SUB_25296_fwd,1500000000.0,15907310.835939027,30084406.168213278,0,168
SUB_25290,SUB_25355,meso_SUB_25290_SUB_25355_fwd,1500000000.0,23735968.210880764,30412667.12306701,0,168
SUB_25290,SUB_25420,meso_SUB_25290_SUB_25420_fwd,4500000000.0,7535142.997649,15021028.310244845,0,168
SUB_25290,SUB_25450,meso_SUB_25290_SUB_25450_fwd,3000000000.0,32122700.16971716,51095230.19432856,0,168
SUB_25290,SUB_25454,meso_SUB_25290_SUB_25454_fwd,3000000000.0,6819766.821133253,10121952.520940721,0,168
SUB_25290,SUB_25261,meso_SUB_25290_SUB_25261_rev,1500000000.0,0.0,0.0,0,168
SUB_10249,SUB_10294,meso_SUB_10249_SUB_10294_fwd,1500000000.0,0.0,0.0,0,168
SUB_10249,SUB_10265,meso_SUB_10249_SUB_10265_rev,50000000.0,431597.70731488225,802681.2681217784,0,168
SUB_15313,SUB_15379,meso_SUB_15313_SUB_15379_fwd,600000000.0,13789609.575544085,19147145.5078125,0,168
SUB_04284,SUB_04286,meso_SUB_04284_SUB_04286_fwd,600000000.0,0.0,0.0,0,168
SUB_04284,SUB_04338,meso_SUB_04284_SUB_04338_fwd,600000000.0,0.0,0.0,0,168
SUB_06277,SUB_06207,meso_SUB_06277_SUB_06207_rev,600000000.0,0.0,0.0,0,168
SUB_06277,SUB_15215,meso_SUB_06277_SUB_15215_fwd,600000000.0,0.0,0.0,0,168
SUB_06277,SUB_06208,meso_SUB_06277_SUB_06208_rev,229818225.4851424,17806155.25500484,23087241.3131709,0,168
SUB_18280,SUB_18255,meso_SUB_18280_SUB_18255_rev,600000000.0,0.0,0.0,0,168
SUB_18280,SUB_18258,meso_SUB_18280_SUB_18258_rev,600000000.0,0.0,0.0,0,168
SUB_10334,SUB_10333,meso_SUB_10334_SUB_10333_rev,600000000.0,0.0,0.0,0,168
SUB_10334,SUB_10348,meso_SUB_10334_SUB_10348_fwd,600000000.0,9508346.663322618,13137485.427848335,0,168
SUB_10334,SUB_10358,meso_SUB_10334_SUB_10358_fwd,600000000.0,1064346.289505956,2818527.75652384,0,168
SUB_25256,SUB_25408,meso_SUB_25256_SUB_25408_fwd,1500000000.0,40982247.3152805,56095586.34020618,0,168
SUB_25256,SUB_25410,meso_SUB_25256_SUB_25410_fwd,3000000000.0,436126.036941073,11577596.038665924,0,168
SUB_25256,SUB_25442,meso_SUB_25256_SUB_25442_fwd,1500000000.0,26312859.303788763,43048362.00296923,0,168
SUB_25256,SUB_25415,meso_SUB_25256_SUB_25415_rev,130512933.44517232,6812631.887773937,11708253.463273196,0,168
SUB_10331,SUB_10355,meso_SUB_10331_SUB_10355_fwd,50000000.0,7395395.751899695,36734041.83570313,0,168
SUB_06270,SUB_04204,meso_SUB_06270_SUB_04204_rev,1500000000.0,0.0,0.0,0,168
SUB_06270,SUB_06380,meso_SUB_06270_SUB_06380_fwd,1500000000.0,0.0,0.0,0,168
SUB_06270,SUB_04230,meso_SUB_06270_SUB_04230_rev,1500000000.0,929762.6518913371,35720328.98189233,0,168
SUB_06270,SUB_06213,meso_SUB_06270_SUB_06213_rev,1500000000.0,601433.0107848552,17069539.30412371,0,168
SUB_06270,SUB_06360,meso_SUB_06270_SUB_06360_fwd,1500000000.0,46500023.13163506,78305364.04639176,0,168
SUB_10361,SUB_HIFLD_2359,meso_SUB_10361_SUB_HIFLD_2359_fwd,52016683.03229506,0.0,0.0,0,168
SUB_15220,SUB_15210,meso_SUB_15220_SUB_15210_rev,600000000.0,0.0,0.0,0,168
SUB_15220,SUB_15247,meso_SUB_15220_SUB_15247_fwd,600000000.0,2529157.714394301,3924257.007087629,0,168
SUB_18238,SUB_08319,meso_SUB_18238_SUB_08319_rev,3000000000.0,85087560.58630474,172119033.74962324,0,168
SUB_18238,SUB_18201,meso_SUB_18238_SUB_18201_rev,3000000000.0,104308776.19252764,157782314.59218717,0,168
SUB_18238,SUB_18222,meso_SUB_18238_SUB_18222_rev,1500000000.0,88668718.29781592,107080139.48494218,0,168
SUB_18238,SUB_18235,meso_SUB_18238_SUB_18235_rev,1500000000.0,19438151.8425899,28093291.498230763,0,168
SUB_18238,SUB_25367,meso_SUB_18238_SUB_25367_fwd,4000000000.0,0.0,0.0,0,168
SUB_18238,SUB_25393,meso_SUB_18238_SUB_25393_fwd,15000000000.0,0.0,0.0,0,168
SUB_15361,SUB_16301,meso_SUB_15361_SUB_16301_fwd,600000000.0,0.0,0.0,0,168
SUB_15361,SUB_HIFLD_597,meso_SUB_15361_SUB_HIFLD_597_fwd,3000000000.0,0.0,0.0,0,168
SUB_15361,SUB_15365,meso_SUB_15361_SUB_15365_rev,550142757.0791967,27188687.82144583,50137222.13273196,0,168
SUB_15225,SUB_15232,meso_SUB_15225_SUB_15232_fwd,50000000.0,7941492.008572533,7993738.983154297,0,168
SUB_25442,SUB_25443,meso_SUB_25442_SUB_25443_fwd,1500000000.0,14503462.320364276,24805821.11791237,0,168
SUB_25442,SUB_25256,meso_SUB_25442_SUB_25256_rev,1500000000.0,0.0,0.0,0,168
SUB_18303,SUB_18268,meso_SUB_18303_SUB_18268_rev,1500000000.0,28495937.870058425,35441600.73153596,0,168
SUB_18303,SUB_18281,meso_SUB_18303_SUB_18281_rev,1500000000.0,0.0,0.0,0,168
SUB_19226,SUB_19236,meso_SUB_19226_SUB_19236_fwd,600000000.0,0.0,0.0,0,168
SUB_18305,SUB_18254,meso_SUB_18305_SUB_18254_fwd,642934708.3145001,0.0,0.0,0,168
SUB_25344,SUB_25289,meso_SUB_25344_SUB_25289_rev,600000000.0,0.0,0.0,0,168
SUB_25344,SUB_25316,meso_SUB_25344_SUB_25316_rev,600000000.0,0.0,0.0,0,168
SUB_18307,SUB_18255,meso_SUB_18307_SUB_18255_rev,600000000.0,0.0,0.0,0,168
SUB_18307,SUB_18298,meso_SUB_18307_SUB_18298_rev,50000000.0,2000010.5043691227,3502165.8042042525,0,168
SUB_04214,SUB_04256,meso_SUB_04214_SUB_04256_fwd,600000000.0,0.0,0.0,0,168
SUB_04214,SUB_04289,meso_SUB_04214_SUB_04289_fwd,600000000.0,1665548.3803724179,10039224.58923969,0,168
SUB_04214,SUB_04295,meso_SUB_04214_SUB_04295_fwd,600000000.0,19881340.97543774,51049047.92914956,0,168
SUB_04214,SUB_04321,meso_SUB_04214_SUB_04321_fwd,600000000.0,7756307.619777314,12962940.85948294,0,168
SUB_04214,SUB_04331,meso_SUB_04214_SUB_04331_fwd,600000000.0,0.0,0.0,0,168
SUB_01469,SUB_01423,meso_SUB_01469_SUB_01423_rev,4000000000.0,0.0,0.0,0,168
SUB_01469,SUB_01222,meso_SUB_01469_SUB_01222_rev,4000000000.0,41936867.98151554,182908298.828125,0,168
SUB_01469,SUB_01324,meso_SUB_01469_SUB_01324_rev,4000000000.0,0.0,0.0,0,168
SUB_01469,SUB_01376,meso_SUB_01469_SUB_01376_rev,4000000000.0,23799481.230231006,183298927.734375,0,168
SUB_01469,WEC_CALN,iface_SUB_01469_WEC_CALN_to_ba,200000000.0,0.0,0.0,0,168
SUB_25246,SUB_25296,meso_SUB_25246_SUB_25296_fwd,1500000000.0,0.0,0.0,0,168
SUB_25246,SUB_25349,meso_SUB_25246_SUB_25349_fwd,3000000000.0,0.0,0.0,0,168
SUB_25246,SUB_25450,meso_SUB_25246_SUB_25450_fwd,1500000000.0,0.0,0.0,0,168
SUB_25341,SUB_25282,meso_SUB_25341_SUB_25282_rev,800000000.0,66467183.08491206,123498190.02251832,0,168
SUB_25341,SUB_25348,meso_SUB_25341_SUB_25348_fwd,800000000.0,0.0,0.0,0,168
SUB_25341,SUB_25387,meso_SUB_25341_SUB_25387_fwd,800000000.0,7414244.449895244,13472188.425809065,0,168
SUB_25500,SUB_25295,meso_SUB_25500_SUB_25295_fwd,132811438.65975565,9146205.114885278,36343807.7053885,0,168
SUB_25470,SUB_HIFLD_1829,meso_SUB_25470_SUB_HIFLD_1829_fwd,1500000000.0,0.0,0.0,0,168
SUB_25470,SUB_HIFLD_3623,meso_SUB_25470_SUB_HIFLD_3623_fwd,1500000000.0,0.0,0.0,0,168
SUB_25526,SUB_25272,meso_SUB_25526_SUB_25272_rev,6000000000.0,0.0,0.0,0,168
SUB_25526,SUB_25277,meso_SUB_25526_SUB_25277_rev,1500000000.0,0.0,0.0,0,168
SUB_25526,SUB_25337,meso_SUB_25526_SUB_25337_rev,4000000000.0,0.0,0.0,0,168
SUB_25526,SUB_25349,meso_SUB_25526_SUB_25349_rev,2300000000.0,37424704.3476008,62479264.82456956,0,168
SUB_25526,SUB_25407,meso_SUB_25526_SUB_25407_rev,4000000000.0,0.0,0.0,0,168
SUB_25526,SUB_25457,meso_SUB_25526_SUB_25457_rev,4000000000.0,1243620.129149702,73208054.12371135,0,168
SUB_25526,SUB_25458,meso_SUB_25526_SUB_25458_rev,1500000000.0,0.0,0.0,0,168
SUB_25526,SUB_25476,meso_SUB_25526_SUB_25476_rev,1500000000.0,10270794.844729088,16240655.202963918,0,168
SUB_25526,SUB_25261,meso_SUB_25526_SUB_25261_rev,8000000000.0,0.0,0.0,0,168
SUB_25526,SUB_25339,meso_SUB_25526_SUB_25339_rev,3000000000.0,6171866.796292861,23881793.653350517,0,168
SUB_25526,SUB_25370,meso_SUB_25526_SUB_25370_rev,1500000000.0,0.0,0.0,0,168
SUB_25526,WEC_CALN,iface_SUB_25526_WEC_CALN_to_ba,10700000000.0,0.0,0.0,0,168
SUB_04229,SUB_04226,meso_SUB_04229_SUB_04226_rev,600000000.0,31252.29518555167,1112458.5967702963,0,168
SUB_04229,SUB_04248,meso_SUB_04229_SUB_04248_fwd,600000000.0,0.0,0.0,0,168
SUB_04229,SUB_04320,meso_SUB_04229_SUB_04320_fwd,600000000.0,0.0,0.0,0,168
SUB_01385,SUB_01430,meso_SUB_01385_SUB_01430_fwd,50000000.0,0.0,0.0,0,168
SUB_10270,SUB_10260,meso_SUB_10270_SUB_10260_rev,1200000000.0,0.0,0.0,0,168
SUB_10270,SUB_10274,meso_SUB_10270_SUB_10274_fwd,600000000.0,1826824.4897835064,7602154.308201113,0,168
SUB_10270,SUB_10278,meso_SUB_10270_SUB_10278_fwd,600000000.0,0.0,0.0,0,168
SUB_04298,SUB_04260,meso_SUB_04298_SUB_04260_rev,600000000.0,0.0,0.0,0,168
SUB_04298,SUB_04308,meso_SUB_04298_SUB_04308_fwd,600000000.0,0.0,0.0,0,168
SUB_04298,SUB_04338,meso_SUB_04298_SUB_04338_fwd,600000000.0,974522.0729282924,1218940.9079010955,0,168
SUB_15365,SUB_15361,meso_SUB_15365_SUB_15361_fwd,550142757.0791967,0.0,0.0,0,168
SUB_06206,SUB_06359,meso_SUB_06206_SUB_06359_fwd,422494558.97612697,0.0,0.0,0,168
SUB_04289,SUB_04214,meso_SUB_04289_SUB_04214_rev,600000000.0,0.0,0.0,0,168
SUB_04289,SUB_04282,meso_SUB_04289_SUB_04282_rev,600000000.0,0.0,0.0,0,168
SUB_25366,SUB_25236,meso_SUB_25366_SUB_25236_rev,600000000.0,248119.62897343753,3702010.235199998,0,168
SUB_25366,SUB_25289,meso_SUB_25366_SUB_25289_rev,1200000000.0,191359.77111354168,4109747.984875001,0,168
SUB_25315,SUB_25236,meso_SUB_25315_SUB_25236_rev,1500000000.0,107406804.46663818,339037658.8122958,0,168
SUB_15218,SUB_15249,meso_SUB_15218_SUB_15249_fwd,600000000.0,81836800.40050688,83211094.23828125,0,168
SUB_15377,SUB_10325,meso_SUB_15377_SUB_10325_rev,1200000000.0,4567060.481376068,55520421.57566442,0,168
SUB_15377,SUB_15375,meso_SUB_15377_SUB_15375_rev,600000000.0,47302640.91704968,103706301.29740058,0,168
SUB_04268,SUB_04266,meso_SUB_04268_SUB_04266_rev,600000000.0,4101814.593366129,19424560.077310428,0,168
SUB_04268,SUB_04306,meso_SUB_04268_SUB_04306_fwd,600000000.0,1922834.965102393,2618264.7390463916,0,168
SUB_04268,SUB_19222,meso_SUB_04268_SUB_19222_fwd,600000000.0,0.0,0.0,0,168
SUB_19222,SUB_04268,meso_SUB_19222_SUB_04268_rev,600000000.0,8467319.478966853,25212279.104334634,0,168
SUB_19222,SUB_19231,meso_SUB_19222_SUB_19231_fwd,600000000.0,0.0,0.0,0,168
SUB_19222,SUB_19246,meso_SUB_19222_SUB_19246_fwd,600000000.0,0.0,0.0,0,168
SUB_19222,SUB_HIFLD_255,meso_SUB_19222_SUB_HIFLD_255_fwd,1500000000.0,0.0,0.0,0,168
SUB_19232,SUB_HIFLD_255,meso_SUB_19232_SUB_HIFLD_255_fwd,50000000.0,0.0,0.0,0,168
SUB_18215,SUB_18208,meso_SUB_18215_SUB_18208_rev,600000000.0,0.0,0.0,0,168
SUB_08201,SUB_08219,meso_SUB_08201_SUB_08219_fwd,600000000.0,0.0,0.0,0,168
SUB_08201,SUB_08226,meso_SUB_08201_SUB_08226_fwd,1500000000.0,0.0,0.0,0,168
SUB_08201,SUB_08231,meso_SUB_08201_SUB_08231_fwd,600000000.0,0.0,0.0,0,168
SUB_08201,SUB_08370,meso_SUB_08201_SUB_08370_fwd,3000000000.0,4629850.986220849,39266345.84407217,0,168
SUB_08201,SUB_08391,meso_SUB_08201_SUB_08391_fwd,1500000000.0,1599426.6010712055,20563710.13208763,0,168
SUB_15292,SUB_15233,meso_SUB_15292_SUB_15233_rev,600000000.0,11147554.83335764,24303671.982405547,0,168
SUB_15292,SUB_15379,meso_SUB_15292_SUB_15379_fwd,600000000.0,0.0,0.0,0,168
SUB_02258,SUB_02264,meso_SUB_02258_SUB_02264_fwd,50000000.0,0.0,0.0,0,168
SUB_01314,SUB_01265,meso_SUB_01314_SUB_01265_rev,600000000.0,0.0,0.0,0,168
SUB_01314,SUB_01370,meso_SUB_01314_SUB_01370_fwd,600000000.0,447404.6584491233,719409.808915915,0,168
SUB_02222,SUB_02287,meso_SUB_02222_SUB_02287_fwd,148045946.62989882,0.0,0.0,0,168
SUB_02250,SUB_02264,meso_SUB_02250_SUB_02264_fwd,50000000.0,0.0,0.0,0,168
SUB_08369,SUB_08319,meso_SUB_08369_SUB_08319_rev,1500000000.0,0.0,0.0,0,168
SUB_08369,SUB_08325,meso_SUB_08369_SUB_08325_rev,1500000000.0,0.0,0.0,0,168
SUB_01370,SUB_01314,meso_SUB_01370_SUB_01314_rev,600000000.0,0.0,0.0,0,168
SUB_01206,SUB_01384,meso_SUB_01206_SUB_01384_fwd,308305275.99546933,0.0,0.0,0,168
SUB_08314,SUB_08362,meso_SUB_08314_SUB_08362_fwd,50000000.0,2914285.714285714,5900000.0,0,168
SUB_02426,SUB_02401,meso_SUB_02426_SUB_02401_rev,1500000000.0,0.0,0.0,0,168
SUB_02426,SUB_02419,meso_SUB_02426_SUB_02419_rev,2100000000.0,0.0,0.0,0,168
SUB_02426,SUB_HIFLD_2058,meso_SUB_02426_SUB_HIFLD_2058_fwd,2100000000.0,65285492.04895249,208662918.65565118,0,168
SUB_02426,SUB_02403,meso_SUB_02426_SUB_02403_rev,3000000000.0,0.0,0.0,0,168
SUB_02426,SUB_02416,meso_SUB_02426_SUB_02416_rev,600000000.0,31059890.835461922,38981241.945876285,0,168
SUB_02426,SUB_02418,meso_SUB_02426_SUB_02418_rev,380672811.9540428,21589492.754404835,29368439.916237112,0,168
SUB_15270,SUB_15246,meso_SUB_15270_SUB_15246_rev,3000000000.0,0.0,0.0,0,168
SUB_15270,SUB_15269,meso_SUB_15270_SUB_15269_rev,3000000000.0,0.0,0.0,0,168
SUB_10302,SUB_10253,meso_SUB_10302_SUB_10253_rev,600000000.0,0.0,0.0,0,168
SUB_10302,SUB_10255,meso_SUB_10302_SUB_10255_rev,1200000000.0,0.0,0.0,0,168
SUB_10302,SUB_10310,meso_SUB_10302_SUB_10310_fwd,600000000.0,0.0,0.0,0,168
SUB_02424,SUB_02414,meso_SUB_02424_SUB_02414_fwd,50000000.0,0.0,0.0,0,168
SUB_25345,SUB_18256,meso_SUB_25345_SUB_18256_rev,800000000.0,0.0,0.0,0,168
SUB_25345,SUB_25202,meso_SUB_25345_SUB_25202_rev,1600000000.0,199071.11297592442,275500.7085111952,0,168
SUB_08216,SUB_HIFLD_2131,meso_SUB_08216_SUB_HIFLD_2131_fwd,600000000.0,0.0,0.0,0,168
SUB_15210,SUB_15220,meso_SUB_15210_SUB_15220_fwd,600000000.0,2941645.9055046663,4554156.418892691,0,168
SUB_15210,SUB_15374,meso_SUB_15210_SUB_15374_fwd,600000000.0,0.0,0.0,0,168
SUB_15803,SUB_HIFLD_3065,meso_SUB_15803_SUB_HIFLD_3065_fwd,57075304.66038817,0.0,0.0,0,168
SUB_16369,SUB_HIFLD_41,meso_SUB_16369_SUB_HIFLD_41_fwd,1500000000.0,0.0,0.0,0,168
SUB_16388,SUB_16334,meso_SUB_16388_SUB_16334_fwd,67057385.41774172,0.0,0.0,0,168
SUB_15259,SUB_HIFLD_2007,meso_SUB_15259_SUB_HIFLD_2007_fwd,80762031.56964825,0.0,0.0,0,168
SUB_10253,SUB_10255,meso_SUB_10253_SUB_10255_fwd,600000000.0,53686004.48136477,54546748.147551544,0,168
SUB_10253,SUB_10302,meso_SUB_10253_SUB_10302_fwd,600000000.0,1989408.6542817738,2602961.1489207475,0,168
SUB_10253,SUB_10310,meso_SUB_10253_SUB_10310_fwd,600000000.0,0.0,0.0,0,168
SUB_19210,SUB_19218,meso_SUB_19210_SUB_19218_fwd,50000000.0,0.0,0.0,0,168
SUB_04306,SUB_04268,meso_SUB_04306_SUB_04268_rev,600000000.0,0.0,0.0,0,168
SUB_01440,SUB_01214,meso_SUB_01440_SUB_01214_rev,1200000000.0,5541146.435594817,12998195.87628866,0,168
SUB_01440,SUB_01223,meso_SUB_01440_SUB_01223_rev,4000000000.0,0.0,0.0,0,168
SUB_01440,SUB_01323,meso_SUB_01440_SUB_01323_rev,12000000000.0,0.0,0.0,0,168
SUB_01440,SUB_01375,meso_SUB_01440_SUB_01375_rev,1200000000.0,0.0,0.0,0,168
SUB_01440,SUB_01423,meso_SUB_01440_SUB_01423_rev,600000000.0,0.0,0.0,0,168
SUB_01440,SUB_01222,meso_SUB_01440_SUB_01222_rev,8000000000.0,73748955.13617109,281433508.60058594,0,168
SUB_01440,SUB_01442,meso_SUB_01440_SUB_01442_rev,214952669.44976145,2097336.351472371,11076056.09697165,0,168
SUB_01440,WEC_CALN,iface_SUB_01440_WEC_CALN_to_ba,200000000.0,0.0,0.0,0,168
SUB_10274,SUB_06288,meso_SUB_10274_SUB_06288_rev,1200000000.0,0.0,0.0,0,168
SUB_10274,SUB_10270,meso_SUB_10274_SUB_10270_rev,600000000.0,947967.684413002,12666888.725988643,0,168
SUB_10274,SUB_10278,meso_SUB_10274_SUB_10278_fwd,600000000.0,0.0,0.0,0,168
SUB_02403,SUB_02401,meso_SUB_02403_SUB_02401_rev,600000000.0,0.0,0.0,0,168
SUB_02403,SUB_02419,meso_SUB_02403_SUB_02419_fwd,3000000000.0,0.0,0.0,0,168
SUB_02403,SUB_02426,meso_SUB_02403_SUB_02426_fwd,3000000000.0,0.0,0.0,0,168
SUB_18246,SUB_18201,meso_SUB_18246_SUB_18201_rev,1500000000.0,0.0,0.0,0,168
SUB_18246,SUB_18235,meso_SUB_18246_SUB_18235_rev,1500000000.0,0.0,0.0,0,168
SUB_18246,SUB_18240,meso_SUB_18246_SUB_18240_rev,1500000000.0,0.0,0.0,0,168
SUB_25364,SUB_25272,meso_SUB_25364_SUB_25272_rev,1500000000.0,33780452.337494954,41886465.71350098,0,168
SUB_06364,SUB_01365,meso_SUB_06364_SUB_01365_rev,12000000000.0,0.0,0.0,0,168
SUB_06364,SUB_04205,meso_SUB_06364_SUB_04205_rev,8000000000.0,165527.65318044648,14534507.767700005,0,168
SUB_06364,SUB_04230,meso_SUB_06364_SUB_04230_rev,8600000000.0,179809.1442886713,15172344.997864999,0,168
SUB_06364,SUB_10314,meso_SUB_06364_SUB_10314_fwd,12000000000.0,0.0,0.0,0,168
SUB_06364,SUB_HIFLD_1357,meso_SUB_06364_SUB_HIFLD_1357_fwd,10100000000.0,0.0,0.0,0,168
SUB_06364,SUB_06359,meso_SUB_06364_SUB_06359_rev,4000000000.0,19423518.202382307,66926462.81729065,0,168
SUB_06364,WEC_CALN,iface_SUB_06364_WEC_CALN_to_ba,1359990448.8999999,0.0,0.0,0,168
SUB_25252,SUB_25151,meso_SUB_25252_SUB_25151_rev,600000000.0,198417823.9971668,199414671.4489746,0,168
SUB_25252,SUB_25253,meso_SUB_25252_SUB_25253_fwd,600000000.0,651145.4144469885,2084896.5045103093,0,168
SUB_02287,SUB_02210,meso_SUB_02287_SUB_02210_rev,4000000000.0,0.0,0.0,0,168
SUB_02287,SUB_02233,meso_SUB_02287_SUB_02233_rev,3000000000.0,46957517.654519305,254992602.48652238,0,168
SUB_02287,SUB_02222,meso_SUB_02287_SUB_02222_rev,148045946.62989882,8749107.43649707,12488825.91011598,0,168
SUB_02287,WEC_CALN,iface_SUB_02287_WEC_CALN_to_ba,12851954053.370102,0.0,0.0,0,168
SUB_02227,SUB_02210,meso_SUB_02227_SUB_02210_fwd,104683633.85570258,0.0,0.0,0,168
SUB_18230,SUB_18220,meso_SUB_18230_SUB_18220_rev,600000000.0,0.0,0.0,0,168
SUB_18230,SUB_18226,meso_SUB_18230_SUB_18226_rev,600000000.0,0.0,0.0,0,168
SUB_04271,SUB_04331,meso_SUB_04271_SUB_04331_fwd,600000000.0,3239526.581564177,43999113.078581005,0,168
SUB_04271,SUB_04336,meso_SUB_04271_SUB_04336_fwd,600000000.0,32475897.844357412,60087000.2489534,0,168
SUB_04271,SUB_04343,meso_SUB_04271_SUB_04343_fwd,600000000.0,86526845.95695853,106177821.43488532,0,168
SUB_04271,SUB_04256,meso_SUB_04271_SUB_04256_rev,600000000.0,1040775.3022574034,43995995.71770169,0,168
SUB_04271,SUB_04314,meso_SUB_04271_SUB_04314_rev,135777845.30380812,0.0,0.0,0,168
SUB_01331,SUB_01211,meso_SUB_01331_SUB_01211_rev,600000000.0,0.0,0.0,0,168
SUB_01331,SUB_01384,meso_SUB_01331_SUB_01384_fwd,600000000.0,820248.848322876,4865626.013408036,0,168
SUB_01210,SUB_01204,meso_SUB_01210_SUB_01204_rev,1500000000.0,71253546.44620346,128701646.24733458,0,168
SUB_01210,SUB_01380,meso_SUB_01210_SUB_01380_fwd,1500000000.0,0.0,0.0,0,168
SUB_01210,SUB_01467,meso_SUB_01210_SUB_01467_fwd,3000000000.0,0.0,0.0,0,168
SUB_01210,SUB_01269,meso_SUB_01210_SUB_01269_rev,50000000.0,459761.0675884803,800629.6059519975,0,168
SUB_19236,SUB_19223,meso_SUB_19236_SUB_19223_rev,1200000000.0,0.0,0.0,0,168
SUB_19236,SUB_19226,meso_SUB_19236_SUB_19226_rev,600000000.0,364267.433140286,436004.79597897874,0,168
SUB_16221,SUB_16323,meso_SUB_16221_SUB_16323_fwd,600000000.0,0.0,0.0,0,168
SUB_25241,SUB_25151,meso_SUB_25241_SUB_25151_rev,1500000000.0,0.0,0.0,0,168
SUB_25241,SUB_25234,meso_SUB_25241_SUB_25234_rev,800000000.0,93992654.59685864,266454413.38599375,0,168
SUB_25241,SUB_25529,meso_SUB_25241_SUB_25529_fwd,3000000000.0,213251854.19822156,403099421.1270938,0,168
SUB_25241,SUB_25294,meso_SUB_25241_SUB_25294_fwd,1600000000.0,0.0,0.0,0,168
SUB_25319,SUB_25293,meso_SUB_25319_SUB_25293_rev,800000000.0,0.0,0.0,0,168
SUB_25319,SUB_25348,meso_SUB_25319_SUB_25348_fwd,800000000.0,0.0,0.0,0,168
SUB_25319,SUB_25380,meso_SUB_25319_SUB_25380_fwd,800000000.0,6605613.4695391115,11688974.91140464,0,168
SUB_16247,SUB_16261,meso_SUB_16247_SUB_16261_fwd,1500000000.0,0.0,0.0,0,168
SUB_16247,SUB_16270,meso_SUB_16247_SUB_16270_fwd,1500000000.0,0.0,0.0,0,168
SUB_16247,SUB_16277,meso_SUB_16247_SUB_16277_fwd,1500000000.0,0.0,0.0,0,168
SUB_16247,SUB_16288,meso_SUB_16247_SUB_16288_fwd,1500000000.0,4456660.649162983,87835673.00257732,0,168
SUB_18310,SUB_HIFLD_48,meso_SUB_18310_SUB_HIFLD_48_fwd,1500000000.0,0.0,0.0,0,168
SUB_02253,SUB_02280,meso_SUB_02253_SUB_02280_fwd,50000000.0,0.0,0.0,0,168
SUB_16309,SUB_16277,meso_SUB_16309_SUB_16277_fwd,50000000.0,582803.5714285715,1303500.0,0,168
SUB_01326,SUB_01409,meso_SUB_01326_SUB_01409_fwd,50000000.0,0.0,0.0,0,168
SUB_25371,SUB_HIFLD_459,meso_SUB_25371_SUB_HIFLD_459_fwd,50000000.0,0.0,0.0,0,168
SUB_16323,SUB_16216,meso_SUB_16323_SUB_16216_rev,600000000.0,0.0,0.0,0,168
SUB_16323,SUB_16221,meso_SUB_16323_SUB_16221_rev,600000000.0,6381697.710998865,10022664.30412371,0,168
SUB_16323,SUB_16299,meso_SUB_16323_SUB_16299_rev,600000000.0,14572990.501582444,21612409.131632615,0,168
SUB_16323,SUB_16368,meso_SUB_16323_SUB_16368_fwd,600000000.0,4496693.828135843,28377329.585813336,0,168
SUB_06867,SUB_06866,meso_SUB_06867_SUB_06866_rev,600000000.0,0.0,0.0,0,168
SUB_06867,SUB_06204,meso_SUB_06867_SUB_06204_fwd,50000000.0,1455000.0,1455000.0,0,168
SUB_25151,SUB_25241,meso_SUB_25151_SUB_25241_fwd,1500000000.0,309110220.16184014,509093950.2545166,0,168
SUB_25151,SUB_25252,meso_SUB_25151_SUB_25252_fwd,600000000.0,0.0,0.0,0,168
SUB_01260,SUB_01335,meso_SUB_01260_SUB_01335_fwd,600000000.0,0.0,0.0,0,168
SUB_01260,SUB_01265,meso_SUB_01260_SUB_01265_rev,50000000.0,1886756.9896684403,2876115.286012256,0,168
SUB_10278,SUB_10270,meso_SUB_10278_SUB_10270_rev,600000000.0,167555.65025692893,1045293.5180664062,0,168
SUB_10278,SUB_10274,meso_SUB_10278_SUB_10274_rev,600000000.0,810879.0708269392,1285451.2329101562,0,168
SUB_02261,SUB_02201,meso_SUB_02261_SUB_02201_fwd,98568924.2082958,0.0,0.0,0,168
SUB_04225,SUB_04282,meso_SUB_04225_SUB_04282_fwd,3000000000.0,0.0,0.0,0,168
SUB_08311,SUB_08319,meso_SUB_08311_SUB_08319_fwd,50000000.0,0.0,0.0,0,168
SUB_16334,SUB_16301,meso_SUB_16334_SUB_16301_rev,1200000000.0,1219104.8172588844,5674665.65067252,0,168
SUB_16334,SUB_16388,meso_SUB_16334_SUB_16388_rev,67057385.41774172,3966749.198962264,6672059.741462629,0,168
SUB_02244,SUB_02286,meso_SUB_02244_SUB_02286_fwd,50000000.0,0.0,0.0,0,168
SUB_25346,SUB_18301,meso_SUB_25346_SUB_18301_rev,8000000000.0,197358673.54827827,618515962.3453835,0,168
SUB_15246,SUB_15224,meso_SUB_15246_SUB_15224_rev,600000000.0,0.0,0.0,0,168
SUB_15246,SUB_15228,meso_SUB_15246_SUB_15228_rev,600000000.0,0.0,0.0,0,168
SUB_15246,SUB_15256,meso_SUB_15246_SUB_15256_fwd,600000000.0,34431842.48803481,58453792.31307122,0,168
SUB_15246,SUB_15257,meso_SUB_15246_SUB_15257_fwd,3000000000.0,10617967.028782466,28814614.207474228,0,168
SUB_15246,SUB_15269,meso_SUB_15246_SUB_15269_fwd,1500000000.0,3210978.5534452074,29607437.946685616,0,168
SUB_15246,SUB_15270,meso_SUB_15246_SUB_15270_fwd,3000000000.0,8380104.842870753,28869559.43943299,0,168
SUB_15246,SUB_15249,meso_SUB_15246_SUB_15249_fwd,600000000.0,0.0,0.0,0,168
SUB_15246,SUB_HIFLD_597,meso_SUB_15246_SUB_HIFLD_597_fwd,1500000000.0,16742616.271128751,53676008.245755166,0,168
SUB_15246,SUB_15253,meso_SUB_15246_SUB_15253_rev,80405777.04533531,243133.15539952292,1859652.3638853093,0,168
SUB_15246,SUB_15216,meso_SUB_15246_SUB_15216_rev,62850715.21919287,3548199.716080154,5622586.78318299,0,168
SUB_10330,SUB_10355,meso_SUB_10330_SUB_10355_fwd,600000000.0,0.0,0.0,0,168
SUB_10330,SUB_HIFLD_482,meso_SUB_10330_SUB_HIFLD_482_fwd,600000000.0,0.0,0.0,0,168
SUB_25206,SUB_25408,meso_SUB_25206_SUB_25408_fwd,1500000000.0,11664657.029233418,73773820.44148257,0,168
SUB_25206,SUB_25529,meso_SUB_25206_SUB_25529_fwd,1500000000.0,0.0,0.0,0,168
SUB_04226,SUB_04229,meso_SUB_04226_SUB_04229_fwd,600000000.0,0.0,0.0,0,168
SUB_04226,SUB_04302,meso_SUB_04226_SUB_04302_fwd,600000000.0,0.0,0.0,0,168
SUB_02213,SUB_02280,meso_SUB_02213_SUB_02280_fwd,869368177.5284624,0.0,0.0,0,168
SUB_10313,SUB_10310,meso_SUB_10313_SUB_10310_fwd,50000000.0,0.0,0.0,0,168
SUB_01252,SUB_01250,meso_SUB_01252_SUB_01250_rev,600000000.0,24237.06018859068,723495.0964100696,0,168
SUB_01252,SUB_01378,meso_SUB_01252_SUB_01378_fwd,600000000.0,397090.3668874792,1627724.3563574124,0,168
SUB_01252,SUB_01233,meso_SUB_01252_SUB_01233_rev,67889045.30254705,347087.4258233604,1873233.231464929,0,168
SUB_01252,SUB_01374,meso_SUB_01252_SUB_01374_rev,50000000.0,1157285.5537875234,1620437.3389175257,0,168
SUB_08333,SUB_08351,meso_SUB_08333_SUB_08351_fwd,1200000000.0,0.0,0.0,0,168
SUB_08333,SUB_18201,meso_SUB_08333_SUB_18201_fwd,1200000000.0,0.0,0.0,0,168
SUB_18205,SUB_18207,meso_SUB_18205_SUB_18207_fwd,261995255.00883934,0.0,0.0,0,168
SUB_04308,SUB_04276,meso_SUB_04308_SUB_04276_rev,600000000.0,0.0,0.0,0,168
SUB_04308,SUB_04298,meso_SUB_04308_SUB_04298_rev,600000000.0,0.0,0.0,0,168
SUB_02270,SUB_02286,meso_SUB_02270_SUB_02286_fwd,600000000.0,0.0,0.0,0,168
SUB_02270,SUB_02408,meso_SUB_02270_SUB_02408_fwd,600000000.0,0.0,0.0,0,168
SUB_01208,SUB_HIFLD_2989,meso_SUB_01208_SUB_HIFLD_2989_fwd,50000000.0,0.0,0.0,0,168
SUB_01266,SUB_01384,meso_SUB_01266_SUB_01384_fwd,50000000.0,20690092.76833772,21755455.322265625,0,168
SUB_01269,SUB_01210,meso_SUB_01269_SUB_01210_fwd,50000000.0,0.0,0.0,0,168
SUB_25273,SUB_25295,meso_SUB_25273_SUB_25295_fwd,67168441.77460277,0.0,0.0,0,168
SUB_25418,WEC_CALN,iface_SUB_25418_WEC_CALN_to_ba,50000000.0,1639285.7142857143,45900000.0,0,168
SUB_25415,SUB_25256,meso_SUB_25415_SUB_25256_fwd,130512933.44517232,0.0,0.0,0,168
SUB_02405,SUB_02419,meso_SUB_02405_SUB_02419_fwd,1500000000.0,0.0,0.0,0,168
SUB_02405,SUB_HIFLD_2068,meso_SUB_02405_SUB_HIFLD_2068_fwd,1500000000.0,0.0,0.0,0,168
SUB_02405,SUB_HIFLD_3835,meso_SUB_02405_SUB_HIFLD_3835_fwd,1500000000.0,0.0,0.0,0,168
SUB_15228,SUB_15224,meso_SUB_15228_SUB_15224_rev,600000000.0,0.0,0.0,0,168
SUB_15228,SUB_15246,meso_SUB_15228_SUB_15246_fwd,600000000.0,0.0,0.0,0,168
SUB_04338,SUB_04284,meso_SUB_04338_SUB_04284_rev,600000000.0,0.0,0.0,0,168
SUB_04338,SUB_04298,meso_SUB_04338_SUB_04298_rev,600000000.0,0.0,0.0,0,168
SUB_01233,SUB_01302,meso_SUB_01233_SUB_01302_fwd,600000000.0,941271.0344317385,1408684.1072003867,0,168
SUB_01233,SUB_01321,meso_SUB_01233_SUB_01321_fwd,600000000.0,0.0,0.0,0,168
SUB_01233,SUB_01252,meso_SUB_01233_SUB_01252_fwd,67889045.30254705,169370.5968196684,954197.4220039919,0,168
SUB_15232,SUB_15230,meso_SUB_15232_SUB_15230_rev,600000000.0,0.0,0.0,0,168
SUB_15232,SUB_15269,meso_SUB_15232_SUB_15269_fwd,1500000000.0,50182181.437732264,68689537.73521398,0,168
SUB_15232,SUB_HIFLD_2007,meso_SUB_15232_SUB_HIFLD_2007_fwd,600000000.0,24782550.899287682,36816201.98359053,0,168
SUB_15232,SUB_15225,meso_SUB_15232_SUB_15225_rev,50000000.0,0.0,0.0,0,168
SUB_15232,SUB_15229,meso_SUB_15232_SUB_15229_rev,50000000.0,166836.11745745395,247192.4929274726,0,168
SUB_15229,SUB_15232,meso_SUB_15229_SUB_15232_fwd,50000000.0,0.0,0.0,0,168
SUB_25393,SUB_18238,meso_SUB_25393_SUB_18238_rev,15000000000.0,122455732.40720783,425631253.3212123,0,168
SUB_25393,SUB_18301,meso_SUB_25393_SUB_18301_rev,8000000000.0,0.0,0.0,0,168
SUB_25393,SUB_25261,meso_SUB_25393_SUB_25261_rev,60000000000.0,78166796.64816405,312169044.8135937,0,168
SUB_25393,SUB_25268,meso_SUB_25393_SUB_25268_rev,4000000000.0,20443593.17388788,185118701.67587268,0,168
SUB_25393,SUB_25316,meso_SUB_25393_SUB_25316_rev,1500000000.0,4270110.0997262085,15014718.060002392,0,168
SUB_25393,SUB_25367,meso_SUB_25393_SUB_25367_rev,8000000000.0,0.0,0.0,0,168
SUB_25393,SUB_25412,meso_SUB_25393_SUB_25412_fwd,4000000000.0,178467005.1218452,685051603.2090487,0,168
SUB_08339,SUB_08353,meso_SUB_08339_SUB_08353_fwd,1500000000.0,0.0,0.0,0,168
SUB_08339,SUB_08391,meso_SUB_08339_SUB_08391_fwd,1500000000.0,1789662.8564363772,19117580.13853093,0,168
SUB_08339,SUB_08283,meso_SUB_08339_SUB_08283_rev,1500000000.0,0.0,0.0,0,168
SUB_01356,SUB_01353,meso_SUB_01356_SUB_01353_fwd,50000000.0,0.0,0.0,0,168
SUB_25469,SUB_25456,meso_SUB_25469_SUB_25456_rev,1500000000.0,0.0,0.0,0,168
SUB_01355,SUB_01430,meso_SUB_01355_SUB_01430_fwd,50000000.0,0.0,0.0,0,168
SUB_01318,SUB_01254,meso_SUB_01318_SUB_01254_rev,1500000000.0,0.0,0.0,0,168
SUB_01318,SUB_01380,meso_SUB_01318_SUB_01380_fwd,1500000000.0,0.0,0.0,0,168
SUB_01318,SUB_01317,meso_SUB_01318_SUB_01317_rev,50000000.0,922551.8962127881,1405314.8407297037,0,168
SUB_01318,SUB_01338,meso_SUB_01318_SUB_01338_rev,50000000.0,818878.4170923247,1317748.897591817,0,168
SUB_16267,SUB_16261,meso_SUB_16267_SUB_16261_rev,600000000.0,0.0,0.0,0,168
SUB_16267,SUB_16325,meso_SUB_16267_SUB_16325_fwd,600000000.0,7249538.798243477,25373781.941720847,0,168
SUB_16267,SUB_16288,meso_SUB_16267_SUB_16288_fwd,4000000000.0,0.0,0.0,0,168
SUB_16267,SUB_HIFLD_30,meso_SUB_16267_SUB_HIFLD_30_fwd,4000000000.0,0.0,0.0,0,168
SUB_04307,SUB_04337,meso_SUB_04307_SUB_04337_fwd,1200000000.0,0.0,0.0,0,168
SUB_04307,SUB_04343,meso_SUB_04307_SUB_04343_fwd,600000000.0,0.0,0.0,0,168
SUB_04295,SUB_04214,meso_SUB_04295_SUB_04214_rev,600000000.0,0.0,0.0,0,168
SUB_04295,SUB_04228,meso_SUB_04295_SUB_04228_rev,1200000000.0,0.0,0.0,0,168
SUB_04295,SUB_04260,meso_SUB_04295_SUB_04260_rev,1200000000.0,5087809.604906781,6443352.055165585,0,168
SUB_04295,SUB_04266,meso_SUB_04295_SUB_04266_rev,600000000.0,1526149.027149434,7757868.46860854,0,168
SUB_04295,SUB_04276,meso_SUB_04295_SUB_04276_rev,600000000.0,12122963.059751436,15071374.886661042,0,168
SUB_04295,SUB_04287,meso_SUB_04295_SUB_04287_rev,600000000.0,165335.70100000576,1614794.670183634,0,168
SUB_04295,SUB_04319,meso_SUB_04295_SUB_04319_fwd,1500000000.0,0.0,0.0,0,168
SUB_04295,SUB_04341,meso_SUB_04295_SUB_04341_fwd,1500000000.0,4065579.344984006,6464165.19007732,0,168
SUB_04295,SUB_04335,meso_SUB_04295_SUB_04335_fwd,1500000000.0,435900.2221380825,11354858.650128866,0,168
SUB_04295,SUB_06312,meso_SUB_04295_SUB_06312_fwd,1500000000.0,0.0,0.0,0,168
SUB_19223,SUB_19218,meso_SUB_19223_SUB_19218_rev,600000000.0,0.0,0.0,0,168
SUB_19223,SUB_19236,meso_SUB_19223_SUB_19236_fwd,1200000000.0,447716.888420369,538410.9258677072,0,168
SUB_01437,SUB_01426,meso_SUB_01437_SUB_01426_fwd,139122899.06423923,0.0,0.0,0,168
SUB_16308,SUB_16307,meso_SUB_16308_SUB_16307_fwd,83233761.81608301,0.0,0.0,0,168
SUB_04228,SUB_04266,meso_SUB_04228_SUB_04266_fwd,1200000000.0,3490631.221814792,3680000.0,0,168
SUB_04228,SUB_04295,meso_SUB_04228_SUB_04295_fwd,1200000000.0,189368.77818520815,3680000.0,0,168
SUB_10281,SUB_10236,meso_SUB_10281_SUB_10236_rev,600000000.0,13565460.44195266,14191421.630859375,0,168
SUB_18207,SUB_18213,meso_SUB_18207_SUB_18213_fwd,1200000000.0,39063553.284755155,61674771.2006403,0,168
SUB_18207,SUB_18208,meso_SUB_18207_SUB_18208_rev,674884369.866766,0.0,0.0,0,168
SUB_18207,SUB_18205,meso_SUB_18207_SUB_18205_rev,261995255.00883934,16870481.049318083,24751304.76804124,0,168
SUB_01366,SUB_01409,meso_SUB_01366_SUB_01409_fwd,50000000.0,0.0,0.0,0,168
SUB_19243,SUB_19202,meso_SUB_19243_SUB_19202_rev,600000000.0,4714149.431295016,7758243.795141885,0,168
SUB_19243,SUB_19217,meso_SUB_19243_SUB_19217_rev,600000000.0,5606927.064987788,7445739.487915494,0,168
SUB_19243,SUB_19233,meso_SUB_19243_SUB_19233_rev,1200000000.0,14597654.495703384,20306979.375631046,0,168
SUB_19243,SUB_19239,meso_SUB_19243_SUB_19239_rev,600000000.0,0.0,0.0,0,168
SUB_19243,SUB_19245,meso_SUB_19243_SUB_19245_fwd,600000000.0,0.0,0.0,0,168
SUB_19243,SUB_19246,meso_SUB_19243_SUB_19246_fwd,600000000.0,1678530.5528503861,21318865.530806426,0,168
SUB_19243,SUB_10293,meso_SUB_19243_SUB_10293_rev,1500000000.0,58284.36705877121,7719644.860501783,0,168
SUB_19243,SUB_19234,meso_SUB_19243_SUB_19234_rev,3000000000.0,0.0,0.0,0,168
SUB_25342,SUB_25282,meso_SUB_25342_SUB_25282_rev,800000000.0,0.0,0.0,0,168
SUB_25342,SUB_25337,meso_SUB_25342_SUB_25337_rev,800000000.0,0.0,0.0,0,168
SUB_25342,SUB_25339,meso_SUB_25342_SUB_25339_rev,800000000.0,0.0,0.0,0,168
SUB_25342,SUB_25532,meso_SUB_25342_SUB_25532_fwd,800000000.0,331177.4645185947,55637814.03912391,0,168
SUB_18233,SUB_18201,meso_SUB_18233_SUB_18201_rev,600000000.0,0.0,0.0,0,168
SUB_10205,SUB_10307,meso_SUB_10205_SUB_10307_fwd,1500000000.0,0.0,0.0,0,168
SUB_10205,SUB_10308,meso_SUB_10205_SUB_10308_fwd,1500000000.0,0.0,0.0,0,168
SUB_01410,SUB_01343,meso_SUB_01410_SUB_01343_rev,1500000000.0,123622.04969777857,20768504.3492268,0,168
SUB_01410,SUB_01467,meso_SUB_01410_SUB_01467_fwd,1500000000.0,0.0,0.0,0,168
SUB_01410,SUB_04204,meso_SUB_01410_SUB_04204_fwd,1500000000.0,0.0,0.0,0,168
SUB_02416,SUB_02426,meso_SUB_02416_SUB_02426_fwd,600000000.0,0.0,0.0,0,168
SUB_02416,SUB_HIFLD_2058,meso_SUB_02416_SUB_HIFLD_2058_fwd,600000000.0,0.0,0.0,0,168
SUB_15374,SUB_10320,meso_SUB_15374_SUB_10320_rev,600000000.0,0.0,0.0,0,168
SUB_15374,SUB_15210,meso_SUB_15374_SUB_15210_rev,600000000.0,4154353.5159143168,6170571.286994719,0,168
SUB_15374,SUB_15379,meso_SUB_15374_SUB_15379_fwd,1200000000.0,146969044.99891868,148762690.79525223,0,168
SUB_02402,SUB_HIFLD_1418,meso_SUB_02402_SUB_HIFLD_1418_fwd,502756140.9022589,0.0,0.0,0,168
SUB_08296,SUB_08295,meso_SUB_08296_SUB_08295_rev,1500000000.0,122887284.3268263,359050773.73772556,0,168
SUB_10309,SUB_10252,meso_SUB_10309_SUB_10252_rev,600000000.0,297788.70340945653,1890901.580234281,0,168
SUB_25464,SUB_25367,meso_SUB_25464_SUB_25367_rev,800000000.0,1788076.5334621158,105856631.62028262,0,168
SUB_25464,SUB_25405,meso_SUB_25464_SUB_25405_rev,181551718.99753124,3500062.7837444474,39123711.34020618,0,168
SUB_25464,SUB_25209,meso_SUB_25464_SUB_25209_rev,538567509.8954275,21393062.336750496,48677331.668814436,0,168
SUB_25464,SUB_25431,meso_SUB_25464_SUB_25431_rev,163112657.1957324,5365725.219132417,14023021.705863401,0,168
SUB_02248,SUB_02201,meso_SUB_02248_SUB_02201_fwd,50000000.0,0.0,0.0,0,168
SUB_01224,SUB_01409,meso_SUB_01224_SUB_01409_fwd,50000000.0,0.0,0.0,0,168
SUB_02251,SUB_02264,meso_SUB_02251_SUB_02264_fwd,50000000.0,0.0,0.0,0,168
SUB_01378,SUB_01252,meso_SUB_01378_SUB_01252_rev,600000000.0,0.0,0.0,0,168
SUB_01378,SUB_01347,meso_SUB_01378_SUB_01347_rev,600000000.0,34499.01208307716,975646.1046705961,0,168
SUB_16356,SUB_HIFLD_41,meso_SUB_16356_SUB_HIFLD_41_fwd,50000000.0,1874937.9412333171,1941457.1228027344,0,168
SUB_25446,SUB_25231,meso_SUB_25446_SUB_25231_rev,1500000000.0,0.0,0.0,0,168
SUB_25446,SUB_25242,meso_SUB_25446_SUB_25242_rev,1500000000.0,0.0,0.0,0,168
SUB_25446,SUB_25347,meso_SUB_25446_SUB_25347_rev,1500000000.0,0.0,0.0,0,168
SUB_01298,SUB_01311,meso_SUB_01298_SUB_01311_fwd,50000000.0,0.0,0.0,0,168
SUB_18235,SUB_18222,meso_SUB_18235_SUB_18222_rev,1500000000.0,0.0,0.0,0,168
SUB_18235,SUB_18246,meso_SUB_18235_SUB_18246_fwd,1500000000.0,3636220.4692617725,5158930.51304768,0,168
SUB_18235,SUB_18238,meso_SUB_18235_SUB_18238_fwd,1500000000.0,0.0,0.0,0,168
SUB_18235,SUB_18296,meso_SUB_18235_SUB_18296_rev,169798315.2959524,10412109.656654624,13800333.239368556,0,168
SUB_02226,SUB_02264,meso_SUB_02226_SUB_02264_fwd,585592831.7232112,0.0,0.0,0,168
SUB_02228,SUB_02201,meso_SUB_02228_SUB_02201_fwd,86919605.5705817,1835750.4214332218,7409691.89453125,0,168
SUB_02255,SUB_02201,meso_SUB_02255_SUB_02201_fwd,50000000.0,76974.19368806768,704319.6432333755,0,168
SUB_10260,SUB_10211,meso_SUB_10260_SUB_10211_rev,600000000.0,18810768.738304466,30437048.099374034,0,168
SUB_10260,SUB_10270,meso_SUB_10260_SUB_10270_fwd,1200000000.0,7451607.531898065,14676822.854472794,0,168
SUB_10260,SUB_10285,meso_SUB_10260_SUB_10285_fwd,1200000000.0,8528315.879627267,17918611.621643838,0,168
SUB_10260,SUB_10293,meso_SUB_10260_SUB_10293_fwd,4000000000.0,0.0,0.0,0,168
SUB_10260,SUB_10314,meso_SUB_10260_SUB_10314_fwd,4000000000.0,0.0,0.0,0,168
SUB_10260,SUB_10333,meso_SUB_10260_SUB_10333_fwd,600000000.0,35536663.26753588,51195192.498535626,0,168
SUB_10260,WEC_CALN,iface_SUB_10260_WEC_CALN_to_ba,4400000000.0,0.0,0.0,0,168
SUB_25204,SUB_25357,meso_SUB_25204_SUB_25357_fwd,1500000000.0,0.0,0.0,0,168
SUB_08351,SUB_08319,meso_SUB_08351_SUB_08319_rev,600000000.0,0.0,0.0,0,168
SUB_08351,SUB_08333,meso_SUB_08351_SUB_08333_rev,1200000000.0,2056206.8517775764,2300723.5107421875,0,168
SUB_01324,SUB_01202,meso_SUB_01324_SUB_01202_rev,3000000000.0,325484.195603899,13832693.35937501,0,168
SUB_01324,SUB_01216,meso_SUB_01324_SUB_01216_rev,3000000000.0,0.0,0.0,0,168
SUB_01324,SUB_01343,meso_SUB_01324_SUB_01343_fwd,1500000000.0,0.0,0.0,0,168
SUB_01324,SUB_01365,meso_SUB_01324_SUB_01365_fwd,1500000000.0,0.0,0.0,0,168
SUB_01324,SUB_01380,meso_SUB_01324_SUB_01380_fwd,4000000000.0,0.0,0.0,0,168
SUB_01324,SUB_01465,meso_SUB_01324_SUB_01465_fwd,4000000000.0,0.0,0.0,0,168
SUB_01324,SUB_01466,meso_SUB_01324_SUB_01466_fwd,4000000000.0,0.0,0.0,0,168
SUB_01324,SUB_01469,meso_SUB_01324_SUB_01469_fwd,4000000000.0,0.0,0.0,0,168
SUB_01324,SUB_HIFLD_30,meso_SUB_01324_SUB_HIFLD_30_fwd,4000000000.0,0.0,0.0,0,168
SUB_04255,SUB_04328,meso_SUB_04255_SUB_04328_fwd,50000000.0,0.0,0.0,0,168
SUB_25293,SUB_25319,meso_SUB_25293_SUB_25319_fwd,800000000.0,1647673.639326319,10003927.970173279,0,168
SUB_25293,SUB_25348,meso_SUB_25293_SUB_25348_fwd,800000000.0,3506420.347109119,61326439.75221101,0,168
SUB_25293,SUB_HIFLD_335,meso_SUB_25293_SUB_HIFLD_335_fwd,1600000000.0,0.0,0.0,0,168
SUB_04260,SUB_04295,meso_SUB_04260_SUB_04295_fwd,1200000000.0,0.0,0.0,0,168
SUB_04260,SUB_04298,meso_SUB_04260_SUB_04298_fwd,600000000.0,2659934.8702147477,3334131.5716356183,0,168
SUB_02239,SUB_02201,meso_SUB_02239_SUB_02201_fwd,50000000.0,0.0,0.0,0,168
SUB_01335,SUB_01250,meso_SUB_01335_SUB_01250_rev,600000000.0,0.0,0.0,0,168
SUB_01335,SUB_01260,meso_SUB_01335_SUB_01260_rev,600000000.0,2568219.7222089344,4007523.5164264925,0,168
SUB_15253,SUB_15246,meso_SUB_15253_SUB_15246_fwd,80405777.04533531,1239856.1168852306,2474401.3671875,0,168
SUB_01384,SUB_01331,meso_SUB_01384_SUB_01331_rev,600000000.0,250165.46544782445,1383425.9184469625,0,168
SUB_01384,SUB_01206,meso_SUB_01384_SUB_01206_rev,308305275.99546933,18074327.906148363,21956213.7564433,0,168
SUB_01384,SUB_01266,meso_SUB_01384_SUB_01266_rev,50000000.0,0.0,0.0,0,168
SUB_04305,SUB_04343,meso_SUB_04305_SUB_04343_fwd,1500000000.0,0.0,0.0,0,168
SUB_04305,SUB_06368,meso_SUB_04305_SUB_06368_fwd,1500000000.0,0.0,0.0,0,168
SUB_04287,SUB_04295,meso_SUB_04287_SUB_04295_fwd,600000000.0,0.0,0.0,0,168
SUB_04287,SUB_04321,meso_SUB_04287_SUB_04321_fwd,600000000.0,0.0,0.0,0,168
SUB_01375,SUB_01440,meso_SUB_01375_SUB_01440_fwd,1200000000.0,36028461.227562316,78925852.24609375,0,168
SUB_01375,SUB_16374,meso_SUB_01375_SUB_16374_fwd,600000000.0,0.0,0.0,0,168
SUB_18256,SUB_25345,meso_SUB_18256_SUB_25345_fwd,800000000.0,2509718.0303573,2782999.777836961,0,168
SUB_18256,SUB_25468,meso_SUB_18256_SUB_25468_fwd,135428517.8221544,25161949.01711377,87021839.5410399,0,168
SUB_02278,SUB_02280,meso_SUB_02278_SUB_02280_fwd,231527071.33830136,0.0,0.0,0,168
SUB_02425,SUB_02412,meso_SUB_02425_SUB_02412_rev,600000000.0,0.0,0.0,0,168
SUB_02425,SUB_02408,meso_SUB_02425_SUB_02408_rev,1200000000.0,0.0,0.0,0,168
SUB_02280,SUB_02201,meso_SUB_02280_SUB_02201_rev,1500000000.0,0.0,0.0,0,168
SUB_02280,SUB_02203,meso_SUB_02280_SUB_02203_rev,1500000000.0,0.0,0.0,0,168
SUB_02280,SUB_02233,meso_SUB_02280_SUB_02233_rev,1500000000.0,0.0,0.0,0,168
SUB_02280,SUB_02253,meso_SUB_02280_SUB_02253_rev,50000000.0,2272875.8057719297,2789675.8718588916,0,168
SUB_02280,SUB_02213,meso_SUB_02280_SUB_02213_rev,869368177.5284624,32659793.814432986,32659793.81443299,0,168
SUB_02280,SUB_02278,meso_SUB_02280_SUB_02278_rev,231527071.33830136,13767778.74698929,19134020.6185567,0,168
SUB_02280,SUB_02234,meso_SUB_02280_SUB_02234_rev,50000000.0,700769.1527091819,901590.1231274162,0,168
SUB_02280,SUB_02240,meso_SUB_02280_SUB_02240_rev,50000000.0,2204494.932883501,3052856.697003866,0,168
SUB_02280,SUB_02209,meso_SUB_02280_SUB_02209_rev,130542740.9534259,8201630.297863548,10208014.859858247,0,168
SUB_25859,WEC_CALN,iface_SUB_25859_WEC_CALN_to_ba,50000000.0,2560000.0,2560000.0,0,168
SUB_02268,SUB_02264,meso_SUB_02268_SUB_02264_fwd,50000000.0,0.0,0.0,0,168
SUB_02247,SUB_02264,meso_SUB_02247_SUB_02264_fwd,50000000.0,0.0,0.0,0,168
SUB_06866,SUB_06867,meso_SUB_06866_SUB_06867_fwd,600000000.0,1500000.0,1500000.0,0,168
SUB_18220,SUB_18201,meso_SUB_18220_SUB_18201_rev,600000000.0,298614.8481751284,9823332.904052624,0,168
SUB_18220,SUB_18213,meso_SUB_18220_SUB_18213_rev,600000000.0,0.0,0.0,0,168
SUB_18220,SUB_18226,meso_SUB_18220_SUB_18226_fwd,600000000.0,10442804.495317897,28314374.597293813,0,168
SUB_18220,SUB_18230,meso_SUB_18220_SUB_18230_fwd,600000000.0,2495646.923666323,3207471.458199098,0,168
SUB_02285,SUB_02264,meso_SUB_02285_SUB_02264_fwd,50000000.0,0.0,0.0,0,168
SUB_25427,SUB_25529,meso_SUB_25427_SUB_25529_fwd,800000000.0,0.0,0.0,0,168
SUB_10310,SUB_10253,meso_SUB_10310_SUB_10253_rev,600000000.0,0.0,0.0,0,168
SUB_10310,SUB_10302,meso_SUB_10310_SUB_10302_rev,600000000.0,0.0,0.0,0,168
SUB_10310,SUB_10313,meso_SUB_10310_SUB_10313_rev,50000000.0,0.0,0.0,0,168
SUB_10225,SUB_HIFLD_1357,meso_SUB_10225_SUB_HIFLD_1357_fwd,8000000000.0,11352564.118568745,159384818.56861115,0,168
SUB_10225,SUB_10221,meso_SUB_10225_SUB_10221_rev,4000000000.0,0.0,0.0,0,168
SUB_10225,WEC_CALN,iface_SUB_10225_WEC_CALN_to_ba,700000000.0,148041680.36935347,159493756.33253813,0,168
SUB_02249,SUB_02233,meso_SUB_02249_SUB_02233_fwd,50000000.0,177461.58272879463,490620.60546875,0,168
SUB_02234,SUB_02280,meso_SUB_02234_SUB_02280_fwd,50000000.0,0.0,0.0,0,168
SUB_02267,SUB_02210,meso_SUB_02267_SUB_02210_fwd,50000000.0,0.0,0.0,0,168
SUB_18240,SUB_18222,meso_SUB_18240_SUB_18222_rev,2100000000.0,0.0,0.0,0,168
SUB_18240,SUB_18246,meso_SUB_18240_SUB_18246_fwd,1500000000.0,0.0,0.0,0,168
SUB_16207,SUB_16299,meso_SUB_16207_SUB_16299_fwd,600000000.0,0.0,0.0,0,168
SUB_16207,SUB_16321,meso_SUB_16207_SUB_16321_fwd,1200000000.0,0.0,0.0,0,168
SUB_04347,SUB_04318,meso_SUB_04347_SUB_04318_rev,1500000000.0,0.0,0.0,0,168
SUB_04347,SUB_04349,meso_SUB_04347_SUB_04349_fwd,1500000000.0,0.0,0.0,0,168
SUB_02240,SUB_02280,meso_SUB_02240_SUB_02280_fwd,50000000.0,0.0,0.0,0,168
SUB_02260,SUB_02264,meso_SUB_02260_SUB_02264_fwd,50000000.0,0.0,0.0,0,168
SUB_25421,SUB_25208,meso_SUB_25421_SUB_25208_rev,1600000000.0,0.0,0.0,0,168
SUB_25421,SUB_25387,meso_SUB_25421_SUB_25387_rev,800000000.0,1258964.245323814,9212110.381765464,0,168
SUB_16270,SUB_16247,meso_SUB_16270_SUB_16247_rev,1500000000.0,0.0,0.0,0,168
SUB_16270,SUB_16261,meso_SUB_16270_SUB_16261_rev,1500000000.0,0.0,0.0,0,168
SUB_16270,SUB_16277,meso_SUB_16270_SUB_16277_fwd,1500000000.0,0.0,0.0,0,168
SUB_16270,SUB_16329,meso_SUB_16270_SUB_16329_fwd,1500000000.0,4680679.385930511,25270717.219716493,0,168
SUB_18273,SUB_18201,meso_SUB_18273_SUB_18201_rev,600000000.0,0.0,0.0,0,168
SUB_18273,SUB_18237,meso_SUB_18273_SUB_18237_rev,600000000.0,5899496.012388634,8210062.719412597,0,168
SUB_25261,SUB_25255,meso_SUB_25261_SUB_25255_rev,1500000000.0,0.0,0.0,0,168
SUB_25261,SUB_25290,meso_SUB_25261_SUB_25290_fwd,1500000000.0,105632918.85472777,144380723.54522955,0,168
SUB_25261,SUB_25365,meso_SUB_25261_SUB_25365_fwd,1500000000.0,44203871.71041584,69704000.99029933,0,168
SUB_25261,SUB_25393,meso_SUB_25261_SUB_25393_fwd,60000000000.0,0.0,0.0,0,168
SUB_25261,SUB_25526,meso_SUB_25261_SUB_25526_fwd,8000000000.0,51655799.23696082,143908132.431639,0,168
SUB_18213,SUB_18207,meso_SUB_18213_SUB_18207_rev,1200000000.0,0.0,0.0,0,168
SUB_18213,SUB_18220,meso_SUB_18213_SUB_18220_fwd,600000000.0,26627084.410008073,49960269.27555859,0,168
SUB_10375,SUB_10291,meso_SUB_10375_SUB_10291_rev,1500000000.0,0.0,0.0,0,168
SUB_10375,SUB_10297,meso_SUB_10375_SUB_10297_rev,1500000000.0,64234093.39784018,91522169.7643214,0,168
SUB_10375,SUB_10283,meso_SUB_10375_SUB_10283_rev,1500000000.0,4035414.731372149,17831146.649339378,0,168
SUB_10375,SUB_10322,meso_SUB_10375_SUB_10322_rev,50000000.0,0.0,0.0,0,168
SUB_25281,SUB_25219,meso_SUB_25281_SUB_25219_rev,800000000.0,0.0,0.0,0,168
SUB_25281,SUB_25445,meso_SUB_25281_SUB_25445_fwd,800000000.0,8372994.822828455,13794262.443621134,0,168
SUB_25281,SUB_25536,meso_SUB_25281_SUB_25536_fwd,1200000000.0,8035932.5522061335,19500161.531692717,0,168
SUB_25281,SUB_HIFLD_1845,meso_SUB_25281_SUB_HIFLD_1845_fwd,1400000000.0,60616972.694283485,72236401.1281284,0,168
SUB_02207,SUB_02201,meso_SUB_02207_SUB_02201_fwd,122210105.47832376,0.0,0.0,0,168
SUB_02209,SUB_02280,meso_SUB_02209_SUB_02280_fwd,130542740.9534259,0.0,0.0,0,168
SUB_18260,SUB_18263,meso_SUB_18260_SUB_18263_fwd,1500000000.0,0.0,0.0,0,168
SUB_18260,SUB_18282,meso_SUB_18260_SUB_18282_fwd,1500000000.0,0.0,0.0,0,168
SUB_04245,SUB_04328,meso_SUB_04245_SUB_04328_fwd,156789930.1285542,0.0,0.0,0,168
SUB_04286,SUB_04284,meso_SUB_04286_SUB_04284_rev,600000000.0,2855469.2189249853,3703430.805009665,0,168
SUB_04286,SUB_04285,meso_SUB_04286_SUB_04285_rev,600000000.0,0.0,0.0,0,168
SUB_01264,SUB_HIFLD_2989,meso_SUB_01264_SUB_HIFLD_2989_fwd,50000000.0,0.0,0.0,0,168
SUB_02272,SUB_02281,meso_SUB_02272_SUB_02281_fwd,600000000.0,6917633.2631090935,14979041.639196843,0,168
SUB_02272,SUB_02286,meso_SUB_02272_SUB_02286_fwd,600000000.0,0.0,0.0,0,168
SUB_02272,SUB_HIFLD_3834,meso_SUB_02272_SUB_HIFLD_3834_fwd,600000000.0,2348280.0410521557,15586206.814584881,0,168
SUB_16316,SUB_16283,meso_SUB_16316_SUB_16283_fwd,50000000.0,28725725.462641034,28753437.705993652,0,168
SUB_16322,SUB_16230,meso_SUB_16322_SUB_16230_rev,600000000.0,6967583.2042623805,27715274.9463394,0,168
SUB_16322,SUB_16242,meso_SUB_16322_SUB_16242_rev,600000000.0,0.0,0.0,0,168
SUB_16322,SUB_16307,meso_SUB_16322_SUB_16307_rev,600000000.0,0.0,0.0,0,168
SUB_16322,SUB_16331,meso_SUB_16322_SUB_16331_fwd,600000000.0,4268813.030709223,6750326.19201031,0,168
SUB_25282,SUB_25337,meso_SUB_25282_SUB_25337_fwd,800000000.0,0.0,0.0,0,168
SUB_25282,SUB_25339,meso_SUB_25282_SUB_25339_fwd,800000000.0,2798306.6799761127,23604431.781572163,0,168
SUB_25282,SUB_25341,meso_SUB_25282_SUB_25341_fwd,800000000.0,0.0,0.0,0,168
SUB_25282,SUB_25342,meso_SUB_25282_SUB_25342_fwd,800000000.0,9594169.644826422,35104308.956185564,0,168
SUB_25282,SUB_25387,meso_SUB_25282_SUB_25387_fwd,800000000.0,0.0,0.0,0,168
SUB_25282,SUB_25532,meso_SUB_25282_SUB_25532_fwd,800000000.0,32948796.201527946,65369495.0064433,0,168
SUB_18229,SUB_18222,meso_SUB_18229_SUB_18222_rev,600000000.0,0.0,0.0,0,168
SUB_18229,SUB_18285,meso_SUB_18229_SUB_18285_fwd,600000000.0,0.0,0.0,0,168
SUB_25278,SUB_25208,meso_SUB_25278_SUB_25208_rev,1600000000.0,10525555.526961219,20398872.990932055,0,168
SUB_25278,SUB_25255,meso_SUB_25278_SUB_25255_rev,800000000.0,0.0,0.0,0,168
SUB_25250,SUB_25235,meso_SUB_25250_SUB_25235_rev,1500000000.0,90028042.12656848,351308649.25805813,0,168
SUB_25250,SUB_25412,meso_SUB_25250_SUB_25412_fwd,4000000000.0,0.0,0.0,0,168
SUB_25250,SUB_25993,meso_SUB_25250_SUB_25993_fwd,4000000000.0,1260253.6266605014,5103092.783505155,0,168
SUB_25250,WEC_CALN,iface_SUB_25250_WEC_CALN_to_ba,2500000000.0,333290.9794241461,31108650.67909651,0,168
SUB_25480,SUB_25425,meso_SUB_25480_SUB_25425_rev,1500000000.0,0.0,0.0,0,168
SUB_06332,SUB_06344,meso_SUB_06332_SUB_06344_fwd,600000000.0,0.0,0.0,0,168
SUB_06332,SUB_06368,meso_SUB_06332_SUB_06368_fwd,600000000.0,0.0,0.0,0,168
SUB_25406,SUB_HIFLD_189,meso_SUB_25406_SUB_HIFLD_189_fwd,50000000.0,0.0,0.0,0,168
SUB_18244,SUB_18285,meso_SUB_18244_SUB_18285_fwd,50000000.0,0.0,0.0,0,168
SUB_25476,SUB_25457,meso_SUB_25476_SUB_25457_rev,1500000000.0,0.0,0.0,0,168
SUB_25476,SUB_25526,meso_SUB_25476_SUB_25526_fwd,1500000000.0,0.0,0.0,0,168
SUB_10294,SUB_10249,meso_SUB_10294_SUB_10249_rev,1500000000.0,12866973.231453428,19362319.176619463,0,168
SUB_10294,SUB_10308,meso_SUB_10294_SUB_10308_fwd,1500000000.0,0.0,0.0,0,168
SUB_16230,SUB_16322,meso_SUB_16230_SUB_16322_fwd,600000000.0,0.0,0.0,0,168
SUB_16230,SUB_16331,meso_SUB_16230_SUB_16331_fwd,600000000.0,109331.34503146859,4660120.509826031,0,168
SUB_16230,SUB_16348,meso_SUB_16230_SUB_16348_fwd,600000000.0,0.0,0.0,0,168
SUB_16230,SUB_16362,meso_SUB_16230_SUB_16362_fwd,600000000.0,1864193.1750659544,17296921.31121134,0,168
SUB_16230,SUB_16365,meso_SUB_16230_SUB_16365_fwd,1200000000.0,2927051.2671193993,11138002.375966495,0,168
SUB_16230,SUB_16313,meso_SUB_16230_SUB_16313_rev,183735013.1462945,12201330.878024131,16824695.956829898,0,168
SUB_18285,SUB_18222,meso_SUB_18285_SUB_18222_rev,600000000.0,0.0,0.0,0,168
SUB_18285,SUB_18229,meso_SUB_18285_SUB_18229_rev,600000000.0,0.0,0.0,0,168
SUB_18285,SUB_18244,meso_SUB_18285_SUB_18244_rev,50000000.0,2777996.8995818566,3569861.972454897,0,168
SUB_25512,SUB_25276,meso_SUB_25512_SUB_25276_rev,4500000000.0,9577195.943300446,50212685.24484536,0,168
SUB_25512,SUB_HIFLD_1851,meso_SUB_25512_SUB_HIFLD_1851_fwd,4000000000.0,0.0,0.0,0,168
SUB_16216,SUB_16301,meso_SUB_16216_SUB_16301_fwd,1200000000.0,21425848.847642962,36206327.68648541,0,168
SUB_16216,SUB_16320,meso_SUB_16216_SUB_16320_fwd,600000000.0,0.0,0.0,0,168
SUB_16216,SUB_16323,meso_SUB_16216_SUB_16323_fwd,600000000.0,23576674.606018763,47837168.01192868,0,168
SUB_16216,SUB_HIFLD_41,meso_SUB_16216_SUB_HIFLD_41_fwd,1500000000.0,6158831.212687386,15945188.665277988,0,168
SUB_16216,SUB_16375,meso_SUB_16216_SUB_16375_rev,158199268.50468406,9056964.722578585,14511737.878543815,0,168
SUB_25420,SUB_25290,meso_SUB_25420_SUB_25290_rev,4500000000.0,0.0,0.0,0,168
SUB_10255,SUB_10253,meso_SUB_10255_SUB_10253_rev,600000000.0,0.0,0.0,0,168
SUB_10255,SUB_10302,meso_SUB_10255_SUB_10302_fwd,1200000000.0,0.0,0.0,0,168
SUB_10255,SUB_HIFLD_523,meso_SUB_10255_SUB_HIFLD_523_fwd,600000000.0,0.0,0.0,0,168
SUB_10255,WEC_CALN,iface_SUB_10255_WEC_CALN_to_ba,50000000.0,50000000.0,50000000.0,168,168
SUB_10132,SUB_HIFLD_1297,meso_SUB_10132_SUB_HIFLD_1297_fwd,4000000000.0,0.0,0.0,0,168
SUB_10132,SUB_10332,meso_SUB_10132_SUB_10332_fwd,12000000000.0,771550.818149752,1053207.4918451998,0,168
SUB_10132,SUB_10350,meso_SUB_10132_SUB_10350_rev,50000000.0,0.0,0.0,0,168
SUB_10132,WEC_CALN,iface_SUB_10132_WEC_CALN_to_ba,7950000000.0,143661755.12309137,143823335.9813887,0,168
SUB_10332,SUB_10132,meso_SUB_10332_SUB_10132_rev,12000000000.0,0.0,0.0,0,168
SUB_10332,SUB_10293,meso_SUB_10332_SUB_10293_rev,12000000000.0,0.0,0.0,0,168
SUB_10350,SUB_10132,meso_SUB_10350_SUB_10132_fwd,50000000.0,50000000.0,50000000.0,168,168
SUB_19241,SUB_19246,meso_SUB_19241_SUB_19246_fwd,1500000000.0,0.0,0.0,0,168
SUB_19241,SUB_HIFLD_2356,meso_SUB_19241_SUB_HIFLD_2356_fwd,1500000000.0,0.0,0.0,0,168
SUB_10356,SUB_10345,meso_SUB_10356_SUB_10345_rev,600000000.0,0.0,0.0,0,168
SUB_10356,SUB_HIFLD_2184,meso_SUB_10356_SUB_HIFLD_2184_rev,50000000.0,0.0,0.0,0,168
SUB_19229,SUB_19215,meso_SUB_19229_SUB_19215_rev,600000000.0,19091709.230727,28855322.739257812,0,168
SUB_19229,SUB_19225,meso_SUB_19229_SUB_19225_rev,600000000.0,0.0,0.0,0,168
SUB_19229,SUB_19246,meso_SUB_19229_SUB_19246_fwd,600000000.0,6771400.652487544,13285038.046716982,0,168
SUB_01442,SUB_01440,meso_SUB_01442_SUB_01440_fwd,214952669.44976145,26908097.33014788,66452564.6484375,0,168
SUB_02210,SUB_02201,meso_SUB_02210_SUB_02201_rev,1500000000.0,39336095.164926134,239590879.4832094,0,168
SUB_02210,SUB_02233,meso_SUB_02210_SUB_02233_fwd,4500000000.0,138670.594466206,20325813.61043413,0,168
SUB_02210,SUB_02257,meso_SUB_02210_SUB_02257_fwd,3000000000.0,85232591.44306886,101136589.88402061,0,168
SUB_02210,SUB_02264,meso_SUB_02210_SUB_02264_fwd,1500000000.0,100418599.44840619,118143425.84746815,0,168
SUB_02210,SUB_02286,meso_SUB_02210_SUB_02286_fwd,1500000000.0,38704872.311561,65485509.55895004,0,168
SUB_02210,SUB_02287,meso_SUB_02210_SUB_02287_fwd,4000000000.0,0.0,0.0,0,168
SUB_02210,SUB_02419,meso_SUB_02210_SUB_02419_fwd,4000000000.0,9795988.700385377,144887457.68622547,0,168
SUB_02210,SUB_02203,meso_SUB_02210_SUB_02203_rev,1500000000.0,8390671.500798173,88746512.564433,0,168
SUB_02210,SUB_02408,meso_SUB_02210_SUB_02408_fwd,4000000000.0,65721342.519346036,106256193.51061355,0,168
SUB_02210,SUB_02227,meso_SUB_02210_SUB_02227_rev,104683633.85570258,6049649.948247461,8299298.284471649,0,168
SUB_02210,SUB_02267,meso_SUB_02210_SUB_02267_rev,50000000.0,1064239.1498848451,1509696.5357200387,0,168
SUB_02210,WEC_CALN,iface_SUB_02210_WEC_CALN_to_ba,18345316366.1443,0.0,0.0,0,168
SUB_16374,SUB_01375,meso_SUB_16374_SUB_01375_rev,600000000.0,3852.5498492728275,361210.3334407217,0,168
SUB_16374,SUB_01432,meso_SUB_16374_SUB_01432_rev,600000000.0,1189505.3498348186,2341580.6721166237,0,168
SUB_16374,SUB_16209,meso_SUB_16374_SUB_16209_rev,600000000.0,3367782.6197403697,3792106.9587628865,0,168
SUB_16374,SUB_16348,meso_SUB_16374_SUB_16348_rev,600000000.0,54295132.72531384,167199088.53078827,0,168
SUB_16374,SUB_HIFLD_1135,meso_SUB_16374_SUB_HIFLD_1135_fwd,600000000.0,11333420.977848195,61970659.21854468,0,168
SUB_16374,SUB_HIFLD_3849,meso_SUB_16374_SUB_HIFLD_3849_fwd,600000000.0,0.0,0.0,0,168
SUB_10373,SUB_10372,meso_SUB_10373_SUB_10372_rev,4000000000.0,0.0,0.0,0,168
SUB_10373,WEC_CALN,iface_SUB_10373_WEC_CALN_to_ba,200000000.0,0.0,0.0,0,168
SUB_18249,SUB_08318,meso_SUB_18249_SUB_08318_rev,1500000000.0,0.0,0.0,0,168
SUB_18249,SUB_18322,meso_SUB_18249_SUB_18322_rev,50000000.0,409981.61430152896,757400.1666196843,0,168
SUB_01343,SUB_01410,meso_SUB_01343_SUB_01410_fwd,1500000000.0,44896.940104166664,7542685.9375,0,168
SUB_01343,SUB_01465,meso_SUB_01343_SUB_01465_fwd,3000000000.0,0.0,0.0,0,168
SUB_01343,SUB_01216,meso_SUB_01343_SUB_01216_rev,1500000000.0,0.0,0.0,0,168
SUB_01343,SUB_01324,meso_SUB_01343_SUB_01324_rev,1500000000.0,0.0,0.0,0,168
SUB_08391,SUB_08201,meso_SUB_08391_SUB_08201_rev,1500000000.0,10155051.839570293,64126474.98090469,0,168
SUB_08391,SUB_08339,meso_SUB_08391_SUB_08339_rev,1500000000.0,14389719.903858434,78667268.04123712,0,168
SUB_08391,SUB_08353,meso_SUB_08391_SUB_08353_rev,1500000000.0,15095521.592246342,93543315.31440985,0,168
SUB_08391,SUB_08295,meso_SUB_08391_SUB_08295_rev,1397281520.1776853,0.0,0.0,0,168
SUB_02233,SUB_02201,meso_SUB_02233_SUB_02201_rev,1500000000.0,0.0,0.0,0,168
SUB_02233,SUB_02203,meso_SUB_02233_SUB_02203_rev,4500000000.0,0.0,0.0,0,168
SUB_02233,SUB_02210,meso_SUB_02233_SUB_02210_rev,4500000000.0,0.0,0.0,0,168
SUB_02233,SUB_02287,meso_SUB_02233_SUB_02287_fwd,3000000000.0,0.0,0.0,0,168
SUB_02233,SUB_02280,meso_SUB_02233_SUB_02280_fwd,1500000000.0,19085009.65458569,207567006.73370406,0,168
SUB_02233,SUB_02249,meso_SUB_02233_SUB_02249_rev,50000000.0,84141.39970003183,627111.438869201,0,168
SUB_02203,SUB_02201,meso_SUB_02203_SUB_02201_rev,4500000000.0,8913862.626031568,31008248.26338147,0,168
SUB_02203,SUB_02233,meso_SUB_02203_SUB_02233_fwd,4500000000.0,10776740.183059258,42466255.34934969,0,168
SUB_02203,SUB_02280,meso_SUB_02203_SUB_02280_fwd,1500000000.0,121136779.18133815,212831808.90532833,0,168
SUB_02203,SUB_01216,meso_SUB_02203_SUB_01216_rev,4000000000.0,0.0,0.0,0,168
SUB_02203,SUB_02210,meso_SUB_02203_SUB_02210_fwd,1500000000.0,0.0,0.0,0,168
SUB_25440,SUB_25468,meso_SUB_25440_SUB_25468_fwd,50000000.0,0.0,0.0,0,168
SUB_04230,SUB_04202,meso_SUB_04230_SUB_04202_rev,600000000.0,26209322.950847313,71550974.42422627,0,168
SUB_04230,SUB_04246,meso_SUB_04230_SUB_04246_fwd,600000000.0,13546412.523107665,16883263.530927837,0,168
SUB_04230,SUB_04337,meso_SUB_04230_SUB_04337_fwd,8000000000.0,0.0,0.0,0,168
SUB_04230,SUB_06364,meso_SUB_04230_SUB_06364_fwd,8600000000.0,0.0,0.0,0,168
SUB_04230,SUB_06270,meso_SUB_04230_SUB_06270_fwd,1500000000.0,1863788.5534441683,53630411.06932741,0,168
SUB_04230,SUB_06359,meso_SUB_04230_SUB_06359_fwd,4000000000.0,606232.3536837633,41533406.00092128,0,168
SUB_04230,WEC_CALN,iface_SUB_04230_WEC_CALN_to_ba,200000000.0,0.0,0.0,0,168
SUB_06203,SUB_06204,meso_SUB_06203_SUB_06204_fwd,1500000000.0,3489828.3068143865,45988025.562107936,0,168
SUB_06203,SUB_06368,meso_SUB_06203_SUB_06368_fwd,1500000000.0,0.0,0.0,0,168
SUB_06203,SUB_15215,meso_SUB_06203_SUB_15215_fwd,2100000000.0,0.0,0.0,0,168
SUB_06203,SUB_06272,meso_SUB_06203_SUB_06272_fwd,3000000000.0,7872119.131659464,21806260.716343727,0,168
SUB_06203,SUB_06317,meso_SUB_06203_SUB_06317_fwd,1500000000.0,1044433.2218715328,33934244.245037995,0,168
SUB_06203,SUB_06344,meso_SUB_06203_SUB_06344_fwd,600000000.0,0.0,0.0,0,168
SUB_04203,SUB_04201,meso_SUB_04203_SUB_04201_rev,1500000000.0,0.0,0.0,0,168
SUB_25269,SUB_25219,meso_SUB_25269_SUB_25219_rev,800000000.0,44315845.355805896,44994817.3828125,0,168
SUB_16380,SUB_HIFLD_30,meso_SUB_16380_SUB_HIFLD_30_fwd,1500000000.0,0.0,0.0,0,168
SUB_25353,SUB_25270,meso_SUB_25353_SUB_25270_rev,600000000.0,0.0,0.0,0,168
SUB_04272,SUB_04202,meso_SUB_04272_SUB_04202_rev,1500000000.0,0.0,0.0,0,168
SUB_04272,SUB_04329,meso_SUB_04272_SUB_04329_fwd,1500000000.0,124465.10628221756,10489125.994920567,0,168
SUB_04272,SUB_04337,meso_SUB_04272_SUB_04337_fwd,3000000000.0,0.0,0.0,0,168
SUB_16261,SUB_16247,meso_SUB_16261_SUB_16247_rev,1500000000.0,0.0,0.0,0,168
SUB_16261,SUB_16267,meso_SUB_16261_SUB_16267_fwd,600000000.0,13821725.791191533,35955023.204430796,0,168
SUB_16261,SUB_16270,meso_SUB_16261_SUB_16270_fwd,1500000000.0,0.0,0.0,0,168
SUB_16261,SUB_16277,meso_SUB_16261_SUB_16277_fwd,1500000000.0,0.0,0.0,0,168
SUB_16261,SUB_16357,meso_SUB_16261_SUB_16357_fwd,3000000000.0,0.0,0.0,0,168
SUB_16261,SUB_01222,meso_SUB_16261_SUB_01222_rev,1500000000.0,146401704.42018244,356686074.3481003,0,168
SUB_16261,SUB_16282,meso_SUB_16261_SUB_16282_fwd,3000000000.0,0.0,0.0,0,168
SUB_16261,SUB_16298,meso_SUB_16261_SUB_16298_fwd,3000000000.0,0.0,0.0,0,168
SUB_16261,SUB_HIFLD_2318,meso_SUB_16261_SUB_HIFLD_2318_fwd,1500000000.0,342721.49671732093,25538545.233562116,0,168
SUB_01317,SUB_01318,meso_SUB_01317_SUB_01318_fwd,50000000.0,0.0,0.0,0,168
SUB_08202,SUB_08231,meso_SUB_08202_SUB_08231_fwd,600000000.0,48392294.129603356,123219739.73765622,0,168
SUB_08202,SUB_08337,meso_SUB_08202_SUB_08337_fwd,600000000.0,0.0,0.0,0,168
SUB_08202,SUB_08343,meso_SUB_08202_SUB_08343_fwd,600000000.0,0.0,0.0,0,168
SUB_06312,SUB_04295,meso_SUB_06312_SUB_04295_rev,1500000000.0,155683.02786400757,24095540.504286177,0,168
SUB_06312,SUB_04319,meso_SUB_06312_SUB_04319_rev,1500000000.0,0.0,0.0,0,168
SUB_06312,SUB_06359,meso_SUB_06312_SUB_06359_fwd,4000000000.0,0.0,0.0,0,168
SUB_25370,SUB_25272,meso_SUB_25370_SUB_25272_rev,1500000000.0,0.0,0.0,0,168
SUB_25370,SUB_25526,meso_SUB_25370_SUB_25526_fwd,1500000000.0,0.0,0.0,0,168
SUB_01423,SUB_01223,meso_SUB_01423_SUB_01223_rev,20000000000.0,0.0,0.0,0,168
SUB_01423,SUB_01315,meso_SUB_01423_SUB_01315_rev,1200000000.0,5437409.698863615,91343883.17316793,0,168
SUB_01423,SUB_01380,meso_SUB_01423_SUB_01380_rev,12000000000.0,4589359.762255471,276618367.2816192,0,168
SUB_01423,SUB_01440,meso_SUB_01423_SUB_01440_fwd,600000000.0,0.0,0.0,0,168
SUB_01423,SUB_01466,meso_SUB_01423_SUB_01466_fwd,12000000000.0,0.0,0.0,0,168
SUB_01423,SUB_01469,meso_SUB_01423_SUB_01469_fwd,4000000000.0,0.0,0.0,0,168
SUB_01423,SUB_02419,meso_SUB_01423_SUB_02419_fwd,4000000000.0,2038805.3432283257,75931001.24822386,0,168
SUB_01423,SUB_01405,meso_SUB_01423_SUB_01405_rev,4000000000.0,18084492.11438965,27448679.123711336,0,168
SUB_01423,SUB_01409,meso_SUB_01423_SUB_01409_rev,4000000000.0,0.0,0.0,0,168
SUB_01423,WEC_CALN,iface_SUB_01423_WEC_CALN_to_ba,6200000000.0,0.0,0.0,0,168
SUB_16368,SUB_16223,meso_SUB_16368_SUB_16223_rev,600000000.0,5707632.695827929,9499791.360831384,0,168
SUB_16368,SUB_16315,meso_SUB_16368_SUB_16315_rev,600000000.0,10767543.332298025,17337623.50002325,0,168
SUB_16368,SUB_16319,meso_SUB_16368_SUB_16319_rev,1500000000.0,0.0,0.0,0,168
SUB_16368,SUB_16323,meso_SUB_16368_SUB_16323_rev,600000000.0,1507224.4050298452,22304450.940349594,0,168
SUB_16368,SUB_16328,meso_SUB_16368_SUB_16328_rev,600000000.0,6065453.101639162,9472977.264174012,0,168
SUB_16368,SUB_16348,meso_SUB_16368_SUB_16348_rev,5500000000.0,0.0,0.0,0,168
SUB_16368,SUB_16371,meso_SUB_16368_SUB_16371_fwd,8600000000.0,0.0,0.0,0,168
SUB_16368,SUB_16372,meso_SUB_16368_SUB_16372_fwd,600000000.0,39020361.20591243,73993715.43784541,0,168
SUB_16368,SUB_HIFLD_2043,meso_SUB_16368_SUB_HIFLD_2043_fwd,600000000.0,3907827.8636604645,5587051.485985825,0,168
SUB_16368,SUB_HIFLD_4127,meso_SUB_16368_SUB_HIFLD_4127_fwd,4500000000.0,0.0,0.0,0,168
SUB_16368,SUB_HIFLD_595,meso_SUB_16368_SUB_HIFLD_595_fwd,4000000000.0,68007607.22868598,228045152.54570416,0,168
SUB_16368,SUB_HIFLD_597,meso_SUB_16368_SUB_HIFLD_597_fwd,1500000000.0,0.0,0.0,0,168
SUB_16368,WEC_CALN,iface_SUB_16368_WEC_CALN_to_ba,200000000.0,0.0,0.0,0,168
SUB_02264,SUB_02210,meso_SUB_02264_SUB_02210_rev,1500000000.0,0.0,0.0,0,168
SUB_02264,SUB_02286,meso_SUB_02264_SUB_02286_fwd,1500000000.0,0.0,0.0,0,168
SUB_02264,SUB_02258,meso_SUB_02264_SUB_02258_rev,50000000.0,2176691.9674917827,3087993.5667686854,0,168
SUB_02264,SUB_02250,meso_SUB_02264_SUB_02250_rev,50000000.0,2655612.623826159,3454839.5215850514,0,168
SUB_02264,SUB_02251,meso_SUB_02264_SUB_02251_rev,50000000.0,1050377.0385352664,1370762.5241623712,0,168
SUB_02264,SUB_02226,meso_SUB_02264_SUB_02226_rev,585592831.7232112,25505154.639175262,25505154.63917526,0,168
SUB_02264,SUB_02268,meso_SUB_02264_SUB_02268_rev,50000000.0,1445586.7072560943,2025512.821158183,0,168
SUB_02264,SUB_02247,meso_SUB_02264_SUB_02247_rev,50000000.0,2564593.174765376,3387738.6034149486,0,168
SUB_02264,SUB_02285,meso_SUB_02264_SUB_02285_rev,50000000.0,432284.62118112284,581127.677996134,0,168
SUB_02264,SUB_02260,meso_SUB_02264_SUB_02260_rev,50000000.0,1086045.5991944438,1383047.5797358248,0,168
SUB_02264,SUB_02259,meso_SUB_02264_SUB_02259_rev,50000000.0,2639683.281772559,3511648.276417526,0,168
SUB_08292,SUB_08225,meso_SUB_08292_SUB_08225_rev,1500000000.0,30340926.65792646,154100910.82303712,0,168
SUB_08292,SUB_08343,meso_SUB_08292_SUB_08343_fwd,1500000000.0,0.0,0.0,0,168
SUB_10333,SUB_10260,meso_SUB_10333_SUB_10260_rev,600000000.0,0.0,0.0,0,168
SUB_10333,SUB_10334,meso_SUB_10333_SUB_10334_fwd,600000000.0,12603428.266738227,18750367.973579563,0,168
SUB_06272,SUB_06203,meso_SUB_06272_SUB_06203_rev,3000000000.0,0.0,0.0,0,168
SUB_06272,SUB_06319,meso_SUB_06272_SUB_06319_fwd,3000000000.0,2765022.096202519,15196814.594072165,0,168
SUB_25236,SUB_25271,meso_SUB_25236_SUB_25271_fwd,600000000.0,31129411.562365763,44494096.327319585,0,168
SUB_25236,SUB_25366,meso_SUB_25236_SUB_25366_fwd,600000000.0,2095664.6173103508,14875375.52351804,0,168
SUB_25236,SUB_25367,meso_SUB_25236_SUB_25367_fwd,600000000.0,15989161.42926614,277695088.2312399,0,168
SUB_25236,SUB_25441,meso_SUB_25236_SUB_25441_fwd,600000000.0,77142450.36604312,316699978.89344525,0,168
SUB_25236,SUB_25315,meso_SUB_25236_SUB_25315_fwd,1500000000.0,2784550.371863324,7215563.587306701,0,168
SUB_01202,SUB_01353,meso_SUB_01202_SUB_01353_fwd,1500000000.0,24883040.652355213,113188973.70484294,0,168
SUB_01202,SUB_01430,meso_SUB_01202_SUB_01430_fwd,1500000000.0,56492862.34843367,88927448.02806818,0,168
SUB_01202,SUB_01445,meso_SUB_01202_SUB_01445_fwd,3000000000.0,0.0,0.0,0,168
SUB_01202,SUB_01216,meso_SUB_01202_SUB_01216_fwd,1500000000.0,0.0,0.0,0,168
SUB_01202,SUB_01324,meso_SUB_01202_SUB_01324_fwd,3000000000.0,0.0,0.0,0,168
SUB_04221,SUB_04248,meso_SUB_04221_SUB_04248_fwd,600000000.0,0.0,0.0,0,168
SUB_04221,SUB_04320,meso_SUB_04221_SUB_04320_fwd,600000000.0,0.0,0.0,0,168
SUB_06288,SUB_06202,meso_SUB_06288_SUB_06202_rev,600000000.0,7219361.915056478,44074915.53215175,0,168
SUB_06288,SUB_06283,meso_SUB_06288_SUB_06283_rev,600000000.0,4826007.872451251,17904020.024876446,0,168
SUB_06288,SUB_10274,meso_SUB_06288_SUB_10274_fwd,1200000000.0,4238205.263562625,21925547.736199632,0,168
SUB_01405,SUB_01423,meso_SUB_01405_SUB_01423_fwd,4000000000.0,0.0,0.0,0,168
SUB_25316,SUB_25289,meso_SUB_25316_SUB_25289_rev,800000000.0,0.0,0.0,0,168
SUB_25316,SUB_25344,meso_SUB_25316_SUB_25344_fwd,600000000.0,1466559.0052705666,7562635.913337629,0,168
SUB_25316,SUB_25393,meso_SUB_25316_SUB_25393_fwd,1500000000.0,6960400.9053045,27114119.494678125,0,168
SUB_16301,SUB_16216,meso_SUB_16301_SUB_16216_rev,1200000000.0,0.0,0.0,0,168
SUB_16301,SUB_16334,meso_SUB_16301_SUB_16334_fwd,1200000000.0,1244913.156402433,6462149.5106912255,0,168
SUB_16301,SUB_16354,meso_SUB_16301_SUB_16354_fwd,1200000000.0,3994088.7106594406,7328193.963434278,0,168
SUB_16301,SUB_15361,meso_SUB_16301_SUB_15361_rev,600000000.0,9083330.014878592,27152897.905882306,0,168
SUB_15249,SUB_15218,meso_SUB_15249_SUB_15218_rev,600000000.0,0.0,0.0,0,168
SUB_15249,SUB_15224,meso_SUB_15249_SUB_15224_rev,600000000.0,9212673.149512192,19341500.128284752,0,168
SUB_15249,SUB_15243,meso_SUB_15249_SUB_15243_rev,600000000.0,83283.8504324415,3323910.6986946235,0,168
SUB_15249,SUB_15246,meso_SUB_15249_SUB_15246_rev,600000000.0,73176209.3287747,98829547.4247114,0,168
SUB_04309,SUB_04201,meso_SUB_04309_SUB_04201_rev,1200000000.0,0.0,0.0,0,168
SUB_04309,SUB_04248,meso_SUB_04309_SUB_04248_rev,600000000.0,0.0,0.0,0,168
SUB_10324,SUB_10325,meso_SUB_10324_SUB_10325_fwd,1500000000.0,0.0,0.0,0,168
SUB_25410,SUB_25256,meso_SUB_25410_SUB_25256_rev,3000000000.0,3034315.057806289,23618366.888575,0,168
SUB_25410,SUB_25536,meso_SUB_25410_SUB_25536_fwd,3000000000.0,7953523.122849621,33173201.964080945,0,168
SUB_15201,SUB_15233,meso_SUB_15201_SUB_15233_fwd,600000000.0,0.0,0.0,0,168
SUB_15201,SUB_15285,meso_SUB_15201_SUB_15285_fwd,600000000.0,0.0,0.0,0,168
SUB_15201,SUB_15373,meso_SUB_15201_SUB_15373_fwd,600000000.0,2453491.4088165103,18348916.720360823,0,168
SUB_15366,SUB_15276,meso_SUB_15366_SUB_15276_fwd,185988094.71895236,0.0,0.0,0,168
SUB_04337,SUB_01467,meso_SUB_04337_SUB_01467_rev,4000000000.0,0.0,0.0,0,168
SUB_04337,SUB_04212,meso_SUB_04337_SUB_04212_rev,600000000.0,1134926.5535379895,1474695.201755799,0,168
SUB_04337,SUB_04230,meso_SUB_04337_SUB_04230_rev,8000000000.0,0.0,0.0,0,168
SUB_04337,SUB_04248,meso_SUB_04337_SUB_04248_rev,9500000000.0,0.0,0.0,0,168
SUB_04337,SUB_04256,meso_SUB_04337_SUB_04256_rev,12000000000.0,0.0,0.0,0,168
SUB_04337,SUB_04263,meso_SUB_04337_SUB_04263_rev,600000000.0,24221820.658635553,31795999.11404639,0,168
SUB_04337,SUB_04272,meso_SUB_04337_SUB_04272_rev,3000000000.0,24259002.851327244,41692900.43607421,0,168
SUB_04337,SUB_04307,meso_SUB_04337_SUB_04307_rev,1200000000.0,5921205.607019121,16609600.515463918,0,168
SUB_04337,SUB_04349,meso_SUB_04337_SUB_04349_fwd,1500000000.0,17584705.821611654,22338012.80688702,0,168
SUB_04337,SUB_04318,meso_SUB_04337_SUB_04318_rev,1500000000.0,35157877.51155858,44725004.02706186,0,168
SUB_04337,SUB_06359,meso_SUB_04337_SUB_06359_fwd,4000000000.0,2258865.3705953606,75517485.63961294,0,168
SUB_04337,WEC_CALN,iface_SUB_04337_WEC_CALN_to_ba,38100000000.0,0.0,0.0,0,168
SUB_25355,SUB_25290,meso_SUB_25355_SUB_25290_rev,1500000000.0,0.0,0.0,0,168
SUB_25355,SUB_25400,meso_SUB_25355_SUB_25400_fwd,3000000000.0,0.0,0.0,0,168
SUB_25355,SUB_25454,meso_SUB_25355_SUB_25454_fwd,1500000000.0,0.0,0.0,0,168
SUB_10283,SUB_10291,meso_SUB_10283_SUB_10291_fwd,1500000000.0,0.0,0.0,0,168
SUB_10283,SUB_10308,meso_SUB_10283_SUB_10308_fwd,3000000000.0,108811268.56540753,149147876.3850308,0,168
SUB_10283,SUB_10375,meso_SUB_10283_SUB_10375_fwd,1500000000.0,0.0,0.0,0,168
SUB_10283,SUB_10303,meso_SUB_10283_SUB_10303_rev,71145140.14387253,0.0,0.0,0,168
SUB_01424,SUB_01450,meso_SUB_01424_SUB_01450_fwd,50000000.0,0.0,0.0,0,168
SUB_18281,SUB_18206,meso_SUB_18281_SUB_18206_rev,1500000000.0,0.0,0.0,0,168
SUB_18281,SUB_18267,meso_SUB_18281_SUB_18267_rev,1500000000.0,0.0,0.0,0,168
SUB_18281,SUB_18282,meso_SUB_18281_SUB_18282_fwd,1500000000.0,0.0,0.0,0,168
SUB_18281,SUB_18303,meso_SUB_18281_SUB_18303_fwd,1500000000.0,31344851.81213523,38574721.276067995,0,168
SUB_01350,SUB_01223,meso_SUB_01350_SUB_01223_rev,1500000000.0,0.0,0.0,0,168
SUB_01350,SUB_01222,meso_SUB_01350_SUB_01222_rev,1500000000.0,0.0,0.0,0,168
SUB_10353,SUB_10293,meso_SUB_10353_SUB_10293_rev,1200000000.0,861428.7798380121,6391783.6461018035,0,168
SUB_10353,SUB_10357,meso_SUB_10353_SUB_10357_fwd,600000000.0,9591975.333167456,14145344.716494845,0,168
SUB_25268,SUB_25270,meso_SUB_25268_SUB_25270_fwd,600000000.0,64362467.81770295,186882791.67740583,0,168
SUB_25268,SUB_25295,meso_SUB_25268_SUB_25295_fwd,600000000.0,12301183.833058234,28959283.550407186,0,168
SUB_25268,SUB_25360,meso_SUB_25268_SUB_25360_fwd,600000000.0,14101936.008361708,42389219.06759817,0,168
SUB_25268,SUB_25393,meso_SUB_25268_SUB_25393_fwd,4000000000.0,0.0,0.0,0,168
SUB_25268,SUB_25412,meso_SUB_25268_SUB_25412_fwd,4000000000.0,17106248.465330247,201524931.28862408,0,168
SUB_04201,SUB_04248,meso_SUB_04201_SUB_04248_fwd,1500000000.0,0.0,0.0,0,168
SUB_04201,SUB_04299,meso_SUB_04201_SUB_04299_fwd,1500000000.0,0.0,0.0,0,168
SUB_04201,SUB_04309,meso_SUB_04201_SUB_04309_fwd,1200000000.0,0.0,0.0,0,168
SUB_04201,SUB_04203,meso_SUB_04201_SUB_04203_fwd,1500000000.0,24668474.056373112,34059133.37628866,0,168
SUB_25208,SUB_25244,meso_SUB_25208_SUB_25244_fwd,800000000.0,456294.4868014171,2352514.6484375,0,168
SUB_25208,SUB_25278,meso_SUB_25208_SUB_25278_fwd,1600000000.0,0.0,0.0,0,168
SUB_25208,SUB_25314,meso_SUB_25208_SUB_25314_fwd,800000000.0,144182.04517767136,206446.3192654639,0,168
SUB_25208,SUB_25421,meso_SUB_25208_SUB_25421_fwd,1600000000.0,1097163.94638369,6090754.872744845,0,168
SUB_25208,SUB_25424,meso_SUB_25208_SUB_25424_fwd,3000000000.0,62669.43285965018,939658.2534632732,0,168
SUB_08367,SUB_08348,meso_SUB_08367_SUB_08348_rev,1500000000.0,40367459.374616474,58809306.539948456,0,168
SUB_08367,SUB_08361,meso_SUB_08367_SUB_08361_fwd,1890351047.8279543,0.0,0.0,0,168
SUB_02201,SUB_02203,meso_SUB_02201_SUB_02203_fwd,4500000000.0,0.0,0.0,0,168
SUB_02201,SUB_02210,meso_SUB_02201_SUB_02210_fwd,1500000000.0,0.0,0.0,0,168
SUB_02201,SUB_02233,meso_SUB_02201_SUB_02233_fwd,1500000000.0,0.0,0.0,0,168
SUB_02201,SUB_02280,meso_SUB_02201_SUB_02280_fwd,1500000000.0,21540863.018345755,204105155.46690255,0,168
SUB_02201,SUB_02261,meso_SUB_02201_SUB_02261_rev,98568924.2082958,4082474.2268041233,4082474.2268041237,0,168
SUB_02201,SUB_02248,meso_SUB_02201_SUB_02248_rev,50000000.0,1675104.6511725464,2371175.2980025774,0,168
SUB_02201,SUB_02228,meso_SUB_02201_SUB_02228_rev,86919605.5705817,367477.92636757105,5362094.273518041,0,168
SUB_02201,SUB_02255,meso_SUB_02201_SUB_02255_rev,50000000.0,1765375.3491585269,3636715.7297036084,0,168
SUB_02201,SUB_02239,meso_SUB_02201_SUB_02239_rev,50000000.0,1826458.52000443,2402633.1950708763,0,168
SUB_02201,SUB_02207,meso_SUB_02201_SUB_02207_rev,122210105.47832376,7520048.242043677,10077835.051546391,0,168
SUB_25253,SUB_25252,meso_SUB_25253_SUB_25252_rev,600000000.0,6467.6302955264155,129108.88671875,0,168
SUB_25217,SUB_25224,meso_SUB_25217_SUB_25224_fwd,3000000000.0,10979452.533381464,56322643.78847593,0,168
SUB_25217,SUB_25266,meso_SUB_25217_SUB_25266_fwd,600000000.0,10894487.795657486,24893609.05283505,0,168
SUB_25217,SUB_HIFLD_3503,meso_SUB_25217_SUB_HIFLD_3503_fwd,1500000000.0,0.0,0.0,0,168
SUB_25217,SUB_25400,meso_SUB_25217_SUB_25400_fwd,3000000000.0,18193942.065183356,41008190.255008504,0,168
SUB_25217,SUB_25412,meso_SUB_25217_SUB_25412_fwd,1500000000.0,0.0,0.0,0,168
SUB_01467,SUB_01210,meso_SUB_01467_SUB_01210_rev,3000000000.0,76737324.61831224,154431769.23233664,0,168
SUB_01467,SUB_01250,meso_SUB_01467_SUB_01250_rev,3000000000.0,1333948.552512822,45366823.24419959,0,168
SUB_01467,SUB_01380,meso_SUB_01467_SUB_01380_rev,4000000000.0,1051754.1512275832,78525017.57850519,0,168
SUB_01467,SUB_01392,meso_SUB_01467_SUB_01392_rev,1200000000.0,0.0,0.0,0,168
SUB_01467,SUB_01410,meso_SUB_01467_SUB_01410_rev,1500000000.0,31542.468363593827,5299134.685083763,0,168
SUB_01467,SUB_01426,meso_SUB_01467_SUB_01426_rev,1500000000.0,204109.49445627764,15766552.71880646,0,168
SUB_01467,SUB_01465,meso_SUB_01467_SUB_01465_rev,4000000000.0,0.0,0.0,0,168
SUB_01467,SUB_04205,meso_SUB_01467_SUB_04205_fwd,4000000000.0,413025.74399759737,34990881.299653254,0,168
SUB_01467,SUB_04248,meso_SUB_01467_SUB_04248_fwd,4000000000.0,440180.96763929096,50424670.14263031,0,168
SUB_01467,SUB_04325,meso_SUB_01467_SUB_04325_fwd,8000000000.0,122102.14546514481,20513160.43814433,0,168
SUB_01467,SUB_04337,meso_SUB_01467_SUB_04337_fwd,4000000000.0,6026.97394945474,1012531.6235083963,0,168
SUB_01467,SUB_06380,meso_SUB_01467_SUB_06380_fwd,1500000000.0,484847.31376621465,41030069.510408916,0,168
SUB_01467,SUB_01216,meso_SUB_01467_SUB_01216_rev,4000000000.0,0.0,0.0,0,168
SUB_01467,SUB_01284,meso_SUB_01467_SUB_01284_rev,3000000000.0,647426.5666469149,952088.9754147874,0,168
SUB_01467,SUB_01347,meso_SUB_01467_SUB_01347_rev,1500000000.0,45235055.14509896,54713973.20405497,0,168
SUB_01467,SUB_04204,meso_SUB_01467_SUB_04204_fwd,8000000000.0,0.0,0.0,0,168
SUB_01467,WEC_CALN,iface_SUB_01467_WEC_CALN_to_ba,200000000.0,0.0,0.0,0,168
SUB_01303,SUB_01311,meso_SUB_01303_SUB_01311_fwd,50000000.0,0.0,0.0,0,168
SUB_25441,SUB_25236,meso_SUB_25441_SUB_25236_rev,600000000.0,0.0,0.0,0,168
SUB_25441,SUB_25270,meso_SUB_25441_SUB_25270_rev,4800000000.0,14298567.316518966,147026038.3298584,0,168
SUB_25441,SUB_25412,meso_SUB_25441_SUB_25412_rev,4000000000.0,25747032.93771513,266034628.9066426,0,168
SUB_25441,SUB_25237,meso_SUB_25441_SUB_25237_rev,319385017.6585276,24927425.10623773,32926290.67332474,0,168
SUB_25441,WEC_CALN,iface_SUB_25441_WEC_CALN_to_ba,6280614982.341472,14446216.161252147,272202123.8364034,0,168
SUB_18267,SUB_18206,meso_SUB_18267_SUB_18206_rev,3000000000.0,26360625.79822119,35199573.1314433,0,168
SUB_18267,SUB_18263,meso_SUB_18267_SUB_18263_rev,1500000000.0,0.0,0.0,0,168
SUB_18267,SUB_18281,meso_SUB_18267_SUB_18281_fwd,1500000000.0,34592318.97736076,54026201.355472386,0,168
SUB_18267,SUB_18282,meso_SUB_18267_SUB_18282_fwd,3000000000.0,0.0,0.0,0,168
SUB_08284,SUB_18358,meso_SUB_08284_SUB_18358_fwd,600000000.0,1543073.7540965744,2242769.0426314315,0,168
SUB_08284,SUB_08362,meso_SUB_08284_SUB_08362_fwd,104605947.68392569,0.0,0.0,0,168
SUB_25228,SUB_25235,meso_SUB_25228_SUB_25235_fwd,3000000000.0,0.0,0.0,0,168
SUB_25228,SUB_25270,meso_SUB_25228_SUB_25270_fwd,1500000000.0,0.0,0.0,0,168
SUB_25228,SUB_25373,meso_SUB_25228_SUB_25373_fwd,1500000000.0,0.0,0.0,0,168
SUB_15256,SUB_15246,meso_SUB_15256_SUB_15246_rev,600000000.0,0.0,0.0,0,168
SUB_15256,SUB_15258,meso_SUB_15256_SUB_15258_fwd,600000000.0,16650535.345717987,40554385.57492908,0,168
SUB_25359,SUB_25367,meso_SUB_25359_SUB_25367_fwd,1500000000.0,4590419.2497313535,14590605.111718945,0,168
SUB_15216,SUB_15246,meso_SUB_15216_SUB_15246_fwd,62850715.21919287,0.0,0.0,0,168
SUB_08231,SUB_08201,meso_SUB_08231_SUB_08201_rev,600000000.0,29176354.360774778,100717251.06115155,0,168
SUB_08231,SUB_08202,meso_SUB_08231_SUB_08202_rev,600000000.0,0.0,0.0,0,168
SUB_06359,SUB_04205,meso_SUB_06359_SUB_04205_rev,4000000000.0,0.0,0.0,0,168
SUB_06359,SUB_04230,meso_SUB_06359_SUB_04230_rev,4000000000.0,0.0,0.0,0,168
SUB_06359,SUB_04325,meso_SUB_06359_SUB_04325_rev,4000000000.0,0.0,0.0,0,168
SUB_06359,SUB_04337,meso_SUB_06359_SUB_04337_rev,4000000000.0,0.0,0.0,0,168
SUB_06359,SUB_06312,meso_SUB_06359_SUB_06312_rev,4000000000.0,2238811.1500504045,27265373.78824606,0,168
SUB_06359,SUB_06364,meso_SUB_06359_SUB_06364_fwd,4000000000.0,0.0,0.0,0,168
SUB_06359,SUB_06368,meso_SUB_06359_SUB_06368_fwd,1500000000.0,4113751.1490352848,35820715.32531197,0,168
SUB_06359,SUB_HIFLD_30,meso_SUB_06359_SUB_HIFLD_30_fwd,15000000000.0,0.0,0.0,0,168
SUB_06359,SUB_06206,meso_SUB_06359_SUB_06206_rev,422494558.97612697,25165132.080437683,38890016.913659796,0,168
SUB_18201,SUB_08333,meso_SUB_18201_SUB_08333_rev,1200000000.0,7322223.000400489,9378592.403451191,0,168
SUB_18201,SUB_18220,meso_SUB_18201_SUB_18220_fwd,600000000.0,4707313.1647416055,30865737.747352928,0,168
SUB_18201,SUB_18226,meso_SUB_18201_SUB_18226_fwd,600000000.0,18571892.635781344,36331849.51326522,0,168
SUB_18201,SUB_18233,meso_SUB_18201_SUB_18233_fwd,600000000.0,11989245.12905295,16084522.994523196,0,168
SUB_18201,SUB_18246,meso_SUB_18201_SUB_18246_fwd,1500000000.0,22786.028360583117,1922522.9794217139,0,168
SUB_18201,SUB_18273,meso_SUB_18201_SUB_18273_fwd,600000000.0,13653873.134626843,18028387.991984636,0,168
SUB_18201,SUB_18238,meso_SUB_18201_SUB_18238_fwd,3000000000.0,0.0,0.0,0,168
SUB_10358,SUB_10284,meso_SUB_10358_SUB_10284_rev,600000000.0,0.0,0.0,0,168
SUB_10358,SUB_10334,meso_SUB_10358_SUB_10334_rev,600000000.0,0.0,0.0,0,168
SUB_10358,SUB_10348,meso_SUB_10358_SUB_10348_rev,600000000.0,0.0,0.0,0,168
SUB_04257,SUB_04209,meso_SUB_04257_SUB_04209_rev,600000000.0,0.0,0.0,0,168
SUB_04257,SUB_04256,meso_SUB_04257_SUB_04256_rev,600000000.0,0.0,0.0,0,168
SUB_04257,SUB_04215,meso_SUB_04257_SUB_04215_rev,600000000.0,0.0,0.0,0,168
SUB_19202,SUB_19218,meso_SUB_19202_SUB_19218_fwd,600000000.0,0.0,0.0,0,168
SUB_19202,SUB_19243,meso_SUB_19202_SUB_19243_fwd,600000000.0,0.0,0.0,0,168
SUB_02404,SUB_02411,meso_SUB_02404_SUB_02411_fwd,600000000.0,8540314.073559098,16145100.129571753,0,168
SUB_02404,SUB_02419,meso_SUB_02404_SUB_02419_fwd,600000000.0,0.0,0.0,0,168
SUB_02259,SUB_02264,meso_SUB_02259_SUB_02264_fwd,50000000.0,0.0,0.0,0,168
SUB_16348,SUB_16230,meso_SUB_16348_SUB_16230_rev,600000000.0,13467156.345570423,49894085.07126653,0,168
SUB_16348,SUB_16237,meso_SUB_16348_SUB_16237_rev,3600000000.0,0.0,0.0,0,168
SUB_16348,SUB_16321,meso_SUB_16348_SUB_16321_rev,1200000000.0,20121649.725095272,36887010.732742585,0,168
SUB_16348,SUB_16368,meso_SUB_16348_SUB_16368_fwd,5500000000.0,0.0,0.0,0,168
SUB_16348,SUB_16374,meso_SUB_16348_SUB_16374_fwd,600000000.0,0.0,0.0,0,168
SUB_16348,SUB_HIFLD_982,meso_SUB_16348_SUB_HIFLD_982_fwd,4000000000.0,0.0,0.0,0,168
SUB_16348,SUB_HIFLD_30,meso_SUB_16348_SUB_HIFLD_30_fwd,8000000000.0,0.0,0.0,0,168
SUB_16348,WEC_CALN,iface_SUB_16348_WEC_CALN_to_ba,200000000.0,0.0,0.0,0,168
SUB_01204,SUB_01210,meso_SUB_01204_SUB_01210_fwd,1500000000.0,0.0,0.0,0,168
SUB_01204,SUB_01211,meso_SUB_01204_SUB_01211_fwd,1500000000.0,354995.2053471232,48533573.422414556,0,168
SUB_04227,SUB_04263,meso_SUB_04227_SUB_04263_fwd,600000000.0,0.0,0.0,0,168
SUB_04227,SUB_04330,meso_SUB_04227_SUB_04330_fwd,600000000.0,0.0,0.0,0,168
SUB_04227,SUB_04349,meso_SUB_04227_SUB_04349_fwd,600000000.0,0.0,0.0,0,168
SUB_10340,WEC_CALN,iface_SUB_10340_WEC_CALN_to_ba,50000000.0,25637512.32328869,46044482.666015625,0,168
SUB_16329,SUB_16270,meso_SUB_16329_SUB_16270_rev,1500000000.0,0.0,0.0,0,168
SUB_16329,SUB_HIFLD_30,meso_SUB_16329_SUB_HIFLD_30_fwd,1500000000.0,0.0,0.0,0,168
SUB_01315,SUB_01214,meso_SUB_01315_SUB_01214_rev,1200000000.0,0.0,0.0,0,168
SUB_01315,SUB_01423,meso_SUB_01315_SUB_01423_fwd,1200000000.0,0.0,0.0,0,168
SUB_01315,SUB_01435,meso_SUB_01315_SUB_01435_fwd,600000000.0,0.0,0.0,0,168
SUB_01315,SUB_01450,meso_SUB_01315_SUB_01450_fwd,1200000000.0,14979364.162038434,78001853.78734788,0,168
SUB_10217,SUB_10308,meso_SUB_10217_SUB_10308_fwd,1500000000.0,0.0,0.0,0,168
SUB_04329,SUB_04202,meso_SUB_04329_SUB_04202_rev,1500000000.0,0.0,0.0,0,168
SUB_04329,SUB_04272,meso_SUB_04329_SUB_04272_rev,1500000000.0,0.0,0.0,0,168
SUB_04329,SUB_04343,meso_SUB_04329_SUB_04343_fwd,1500000000.0,0.0,0.0,0,168
SUB_02406,SUB_02414,meso_SUB_02406_SUB_02414_fwd,600000000.0,8576668.734275097,11164463.929565443,0,168
SUB_02406,SUB_HIFLD_3834,meso_SUB_02406_SUB_HIFLD_3834_fwd,600000000.0,0.0,0.0,0,168
SUB_02410,SUB_02281,meso_SUB_02410_SUB_02281_rev,600000000.0,0.0,0.0,0,168
SUB_02410,SUB_02411,meso_SUB_02410_SUB_02411_fwd,600000000.0,0.0,0.0,0,168
SUB_16372,SUB_16362,meso_SUB_16372_SUB_16362_rev,600000000.0,5015688.25632102,17371432.023195878,0,168
SUB_16372,SUB_16368,meso_SUB_16372_SUB_16368_rev,600000000.0,0.0,0.0,0,168
SUB_16372,SUB_16370,meso_SUB_16372_SUB_16370_rev,600000000.0,2646298.3136558626,6211840.568621134,0,168
SUB_04265,SUB_04205,meso_SUB_04265_SUB_04205_fwd,412405481.7635174,0.0,0.0,0,168
SUB_25266,SUB_25217,meso_SUB_25266_SUB_25217_rev,600000000.0,3254314.72062633,14891642.970429687,0,168
SUB_08304,SUB_08362,meso_SUB_08304_SUB_08362_fwd,50000000.0,0.0,0.0,0,168
SUB_10335,SUB_10254,meso_SUB_10335_SUB_10254_rev,600000000.0,0.0,0.0,0,168
SUB_10335,SUB_10360,meso_SUB_10335_SUB_10360_fwd,1200000000.0,0.0,0.0,0,168
SUB_10335,SUB_HIFLD_4403,meso_SUB_10335_SUB_HIFLD_4403_fwd,600000000.0,3399581.7768314905,7957893.303833008,0,168
SUB_18296,SUB_18235,meso_SUB_18296_SUB_18235_fwd,169798315.2959524,0.0,0.0,0,168
SUB_01250,SUB_01252,meso_SUB_01250_SUB_01252_fwd,600000000.0,1279846.266738605,3945974.9271387593,0,168
SUB_01250,SUB_01335,meso_SUB_01250_SUB_01335_fwd,600000000.0,3165495.6413185736,4870128.154519096,0,168
SUB_01250,SUB_01467,meso_SUB_01250_SUB_01467_fwd,3000000000.0,0.0,0.0,0,168
SUB_01250,SUB_04204,meso_SUB_01250_SUB_04204_fwd,1500000000.0,0.0,0.0,0,168
SUB_01250,SUB_01434,meso_SUB_01250_SUB_01434_fwd,1500000000.0,9986752.91111028,15111542.566043815,0,168
SUB_06202,SUB_06207,meso_SUB_06202_SUB_06207_fwd,600000000.0,3254020.9588962453,30450629.9802497,0,168
SUB_06202,SUB_06283,meso_SUB_06202_SUB_06283_fwd,600000000.0,874481.5719153901,6594438.062792968,0,168
SUB_06202,SUB_06288,meso_SUB_06202_SUB_06288_fwd,600000000.0,16162.5534879869,930664.4487798013,0,168
SUB_10360,SUB_10335,meso_SUB_10360_SUB_10335_rev,1200000000.0,2402026.82640439,2566372.6196289062,0,168
SUB_16311,SUB_16274,meso_SUB_16311_SUB_16274_rev,600000000.0,0.0,0.0,0,168
SUB_25238,SUB_25216,meso_SUB_25238_SUB_25216_rev,600000000.0,0.0,0.0,0,168
SUB_08226,SUB_08201,meso_SUB_08226_SUB_08201_rev,1500000000.0,5330999.91815833,50789847.77706186,0,168
SUB_08226,SUB_08225,meso_SUB_08226_SUB_08225_rev,1500000000.0,0.0,0.0,0,168
SUB_08226,SUB_08370,meso_SUB_08226_SUB_08370_fwd,1500000000.0,29872538.667490188,44749673.807989694,0,168
SUB_08226,SUB_HIFLD_2109,meso_SUB_08226_SUB_HIFLD_2109_fwd,1500000000.0,0.0,0.0,0,168
SUB_08226,SUB_HIFLD_2126,meso_SUB_08226_SUB_HIFLD_2126_fwd,1500000000.0,0.0,0.0,0,168
SUB_08226,SUB_08380,meso_SUB_08226_SUB_08380_fwd,1500000000.0,0.0,0.0,0,168
SUB_25340,SUB_25367,meso_SUB_25340_SUB_25367_fwd,1500000000.0,0.0,0.0,0,168
SUB_25340,SUB_25537,meso_SUB_25340_SUB_25537_fwd,1500000000.0,0.0,0.0,0,168
SUB_04275,SUB_04256,meso_SUB_04275_SUB_04256_rev,1200000000.0,0.0,0.0,0,168
SUB_04331,SUB_04214,meso_SUB_04331_SUB_04214_rev,600000000.0,3596829.3316889023,46639558.143254824,0,168
SUB_04331,SUB_04271,meso_SUB_04331_SUB_04271_rev,600000000.0,0.0,0.0,0,168
SUB_04331,SUB_04282,meso_SUB_04331_SUB_04282_rev,1200000000.0,2946638.2573251133,14053623.288632423,0,168
SUB_04331,SUB_04336,meso_SUB_04331_SUB_04336_fwd,1200000000.0,58188.51434616816,3486006.34765625,0,168
SUB_16366,SUB_16283,meso_SUB_16366_SUB_16283_rev,3000000000.0,0.0,0.0,0,168
SUB_16366,SUB_16335,meso_SUB_16366_SUB_16335_rev,1500000000.0,96281797.71189287,98323366.65271072,0,168
SUB_25349,SUB_25246,meso_SUB_25349_SUB_25246_rev,3000000000.0,6219971.266742661,20739718.911082473,0,168
SUB_25349,SUB_25458,meso_SUB_25349_SUB_25458_fwd,1500000000.0,0.0,0.0,0,168
SUB_25349,SUB_25526,meso_SUB_25349_SUB_25526_fwd,2300000000.0,0.0,0.0,0,168
SUB_25398,SUB_25539,meso_SUB_25398_SUB_25539_fwd,192171103.58198553,0.0,0.0,0,168
SUB_25537,SUB_25231,meso_SUB_25537_SUB_25231_rev,800000000.0,0.0,0.0,0,168
SUB_25537,SUB_25245,meso_SUB_25537_SUB_25245_rev,1500000000.0,51804976.93600145,130765161.90031728,0,168
SUB_25537,SUB_25340,meso_SUB_25537_SUB_25340_rev,1500000000.0,0.0,0.0,0,168
SUB_25537,SUB_25367,meso_SUB_25537_SUB_25367_rev,1500000000.0,0.0,0.0,0,168
SUB_25537,SUB_25404,meso_SUB_25537_SUB_25404_rev,72130945.1568815,4005514.697157758,7147602.891430412,0,168
SUB_15373,SUB_15201,meso_SUB_15373_SUB_15201_rev,600000000.0,0.0,0.0,0,168
SUB_15373,SUB_15215,meso_SUB_15373_SUB_15215_rev,600000000.0,0.0,0.0,0,168
SUB_06380,SUB_01467,meso_SUB_06380_SUB_01467_rev,1500000000.0,0.0,0.0,0,168
SUB_06380,SUB_04204,meso_SUB_06380_SUB_04204_rev,1500000000.0,0.0,0.0,0,168
SUB_06380,SUB_04248,meso_SUB_06380_SUB_04248_rev,3000000000.0,575446.2200795889,43987639.56831052,0,168
SUB_06380,SUB_04328,meso_SUB_06380_SUB_04328_rev,1500000000.0,0.0,0.0,0,168
SUB_06380,SUB_06270,meso_SUB_06380_SUB_06270_rev,1500000000.0,0.0,0.0,0,168
SUB_06380,SUB_06213,meso_SUB_06380_SUB_06213_rev,1500000000.0,1746567.0016798605,16416817.010309279,0,168
SUB_18237,SUB_18273,meso_SUB_18237_SUB_18273_fwd,600000000.0,0.0,0.0,0,168
SUB_18237,SUB_18294,meso_SUB_18237_SUB_18294_fwd,600000000.0,2016164.7858430077,2527629.1680090204,0,168
SUB_04330,SUB_04215,meso_SUB_04330_SUB_04215_rev,1500000000.0,0.0,0.0,0,168
SUB_04330,SUB_04227,meso_SUB_04330_SUB_04227_rev,600000000.0,6084973.105579015,10711413.700064434,0,168
SUB_04330,SUB_04256,meso_SUB_04330_SUB_04256_rev,1500000000.0,0.0,0.0,0,168
SUB_04320,SUB_04221,meso_SUB_04320_SUB_04221_rev,600000000.0,0.0,0.0,0,168
SUB_04320,SUB_04229,meso_SUB_04320_SUB_04229_rev,600000000.0,0.0,0.0,0,168
SUB_04320,SUB_04248,meso_SUB_04320_SUB_04248_rev,600000000.0,0.0,0.0,0,168
SUB_10307,SUB_10297,meso_SUB_10307_SUB_10297_rev,1500000000.0,0.0,0.0,0,168
SUB_10307,SUB_10308,meso_SUB_10307_SUB_10308_fwd,3000000000.0,0.0,0.0,0,168
SUB_10307,SUB_10205,meso_SUB_10307_SUB_10205_rev,1500000000.0,3468520.3421944976,8488295.344716493,0,168
SUB_25444,SUB_25235,meso_SUB_25444_SUB_25235_fwd,139664558.5233586,7789345.095679874,41037960.44921875,0,168
SUB_16319,SUB_16368,meso_SUB_16319_SUB_16368_fwd,1500000000.0,121061742.02313705,214998100.51539078,0,168
SUB_16319,SUB_16378,meso_SUB_16319_SUB_16378_fwd,1500000000.0,0.0,0.0,0,168
SUB_16319,SUB_16298,meso_SUB_16319_SUB_16298_rev,1500000000.0,0.0,0.0,0,168
SUB_04335,SUB_04295,meso_SUB_04335_SUB_04295_rev,1500000000.0,0.0,0.0,0,168
SUB_04335,SUB_04319,meso_SUB_04335_SUB_04319_rev,1500000000.0,0.0,0.0,0,168
SUB_04212,SUB_04263,meso_SUB_04212_SUB_04263_fwd,600000000.0,0.0,0.0,0,168
SUB_04212,SUB_04337,meso_SUB_04212_SUB_04337_fwd,600000000.0,0.0,0.0,0,168
SUB_25400,SUB_25355,meso_SUB_25400_SUB_25355_rev,3000000000.0,1897124.5414626044,23887409.39110825,0,168
SUB_25400,SUB_HIFLD_3503,meso_SUB_25400_SUB_HIFLD_3503_fwd,1500000000.0,0.0,0.0,0,168
SUB_25400,SUB_25217,meso_SUB_25400_SUB_25217_rev,3000000000.0,0.0,0.0,0,168
SUB_18255,SUB_18254,meso_SUB_18255_SUB_18254_rev,600000000.0,0.0,0.0,0,168
SUB_18255,SUB_18280,meso_SUB_18255_SUB_18280_fwd,600000000.0,0.0,0.0,0,168
SUB_18255,SUB_18307,meso_SUB_18255_SUB_18307_fwd,600000000.0,6292834.572060131,9292757.614675775,0,168
SUB_08234,SUB_01222,meso_SUB_08234_SUB_01222_rev,4000000000.0,12156325.421988096,172871881.57632914,0,168
SUB_08234,SUB_08246,meso_SUB_08234_SUB_08246_fwd,3000000000.0,15574857.663505977,41683017.88015464,0,168
SUB_08234,SUB_08380,meso_SUB_08234_SUB_08380_fwd,3000000000.0,114864861.19188404,201630910.9013327,0,168
SUB_08234,SUB_08389,meso_SUB_08234_SUB_08389_fwd,1500000000.0,83977471.17250691,222096948.85631445,0,168
SUB_16328,SUB_16223,meso_SUB_16328_SUB_16223_rev,600000000.0,0.0,0.0,0,168
SUB_16328,SUB_16368,meso_SUB_16328_SUB_16368_fwd,600000000.0,0.0,0.0,0,168
SUB_16328,SUB_HIFLD_4330,meso_SUB_16328_SUB_HIFLD_4330_fwd,600000000.0,389615.3194856339,556969.3339239691,0,168
SUB_15230,SUB_15232,meso_SUB_15230_SUB_15232_fwd,600000000.0,24714504.097488806,34730585.00164274,0,168
SUB_15230,SUB_15243,meso_SUB_15230_SUB_15243_fwd,600000000.0,12162241.893809326,29565842.883809026,0,168
SUB_10320,SUB_15374,meso_SUB_10320_SUB_15374_fwd,600000000.0,26624120.735168457,27070260.681152344,0,168
SUB_10284,SUB_10211,meso_SUB_10284_SUB_10211_rev,600000000.0,0.0,0.0,0,168
SUB_10284,SUB_10358,meso_SUB_10284_SUB_10358_fwd,600000000.0,1027201.7046816512,2815247.462951031,0,168
SUB_16302,SUB_16208,meso_SUB_16302_SUB_16208_rev,600000000.0,1616080.7116960746,4628865.979381443,0,168
SUB_16302,SUB_16242,meso_SUB_16302_SUB_16242_rev,600000000.0,0.0,0.0,0,168
SUB_15281,SUB_15215,meso_SUB_15281_SUB_15215_rev,600000000.0,136684393.79431334,148913501.88419098,0,168
SUB_15281,SUB_15379,meso_SUB_15281_SUB_15379_fwd,1200000000.0,0.0,0.0,0,168
SUB_15224,SUB_15228,meso_SUB_15224_SUB_15228_fwd,600000000.0,5145793.832770504,9552861.227448454,0,168
SUB_15224,SUB_15246,meso_SUB_15224_SUB_15246_fwd,600000000.0,0.0,0.0,0,168
SUB_15224,SUB_15249,meso_SUB_15224_SUB_15249_fwd,600000000.0,0.0,0.0,0,168
SUB_25289,SUB_25316,meso_SUB_25289_SUB_25316_fwd,800000000.0,0.0,0.0,0,168
SUB_25289,SUB_25344,meso_SUB_25289_SUB_25344_fwd,600000000.0,5544461.322163122,8682820.55412371,0,168
SUB_25289,SUB_25366,meso_SUB_25289_SUB_25366_fwd,1200000000.0,6280248.94888212,14870155.44458763,0,168
SUB_25289,SUB_25367,meso_SUB_25289_SUB_25367_fwd,3000000000.0,22809396.34808747,88708635.24522255,0,168
SUB_10293,SUB_10260,meso_SUB_10293_SUB_10260_rev,4000000000.0,29349046.097505394,100853806.72672763,0,168
SUB_10293,SUB_10314,meso_SUB_10293_SUB_10314_fwd,16600000000.0,14502638.55250138,18289382.651417527,0,168
SUB_10293,SUB_10326,meso_SUB_10293_SUB_10326_fwd,1200000000.0,4417405.06289682,13216465.64916237,0,168
SUB_10293,SUB_10344,meso_SUB_10293_SUB_10344_fwd,1500000000.0,1715329.0466965246,12004393.20816749,0,168
SUB_10293,SUB_10346,meso_SUB_10293_SUB_10346_fwd,1500000000.0,25906.202777905622,4352242.066688145,0,168
SUB_10293,SUB_10353,meso_SUB_10293_SUB_10353_fwd,1200000000.0,212308.3465389132,4533849.151867562,0,168
SUB_10293,SUB_10354,meso_SUB_10293_SUB_10354_fwd,600000000.0,16112491.933890983,26741635.792525772,0,168
SUB_10293,SUB_10372,meso_SUB_10293_SUB_10372_fwd,4000000000.0,0.0,0.0,0,168
SUB_10293,SUB_HIFLD_2171,meso_SUB_10293_SUB_HIFLD_2171_fwd,1500000000.0,0.0,0.0,0,168
SUB_10293,SUB_HIFLD_2359,meso_SUB_10293_SUB_HIFLD_2359_fwd,1500000000.0,2618230.791293041,3145924.115208842,0,168
SUB_10293,SUB_10332,meso_SUB_10293_SUB_10332_fwd,12000000000.0,0.0,0.0,0,168
SUB_10293,SUB_19243,meso_SUB_10293_SUB_19243_fwd,1500000000.0,7531008.470284028,29051829.020115357,0,168
SUB_10293,SUB_19246,meso_SUB_10293_SUB_19246_fwd,1500000000.0,5217725.32228951,16925124.051780302,0,168
SUB_10293,SUB_HIFLD_2180,meso_SUB_10293_SUB_HIFLD_2180_fwd,1500000000.0,559148.9276505127,5000972.863768446,0,168
SUB_10293,WEC_CALN,iface_SUB_10293_WEC_CALN_to_ba,200000000.0,0.0,0.0,0,168
SUB_15258,SUB_15206,meso_SUB_15258_SUB_15206_rev,1200000000.0,1835828.5974926543,12216420.344716495,0,168
SUB_15258,SUB_15256,meso_SUB_15258_SUB_15256_rev,600000000.0,0.0,0.0,0,168
SUB_08353,SUB_08283,meso_SUB_08353_SUB_08283_rev,1500000000.0,0.0,0.0,0,168
SUB_08353,SUB_08339,meso_SUB_08353_SUB_08339_rev,1500000000.0,0.0,0.0,0,168
SUB_08353,SUB_08391,meso_SUB_08353_SUB_08391_fwd,1500000000.0,136094.26952764508,17471883.05412371,0,168
SUB_08353,SUB_08219,meso_SUB_08353_SUB_08219_rev,1500000000.0,221923.6471141011,22698765.85497755,0,168
SUB_25532,SUB_25282,meso_SUB_25532_SUB_25282_rev,800000000.0,0.0,0.0,0,168
SUB_25532,SUB_25339,meso_SUB_25532_SUB_25339_rev,600000000.0,0.0,0.0,0,168
SUB_25532,SUB_25342,meso_SUB_25532_SUB_25342_rev,800000000.0,0.0,0.0,0,168
SUB_02257,SUB_02210,meso_SUB_02257_SUB_02210_rev,3000000000.0,0.0,0.0,0,168
SUB_02257,SUB_HIFLD_2049,meso_SUB_02257_SUB_HIFLD_2049_fwd,3000000000.0,0.0,0.0,0,168
SUB_01435,SUB_01222,meso_SUB_01435_SUB_01222_rev,1500000000.0,34768171.14186385,485141778.4536472,0,168
SUB_01435,SUB_01315,meso_SUB_01435_SUB_01315_rev,600000000.0,16526300.442355588,73064189.82817161,0,168
SUB_01435,SUB_16277,meso_SUB_01435_SUB_16277_fwd,1500000000.0,0.0,0.0,0,168
SUB_01435,SUB_HIFLD_982,meso_SUB_01435_SUB_HIFLD_982_fwd,1500000000.0,0.0,0.0,0,168
SUB_04314,SUB_04271,meso_SUB_04314_SUB_04271_fwd,135777845.30380812,135777845.30380815,135777845.30380812,168,168
SUB_25407,SUB_25277,meso_SUB_25407_SUB_25277_rev,1500000000.0,0.0,0.0,0,168
SUB_25407,SUB_25297,meso_SUB_25407_SUB_25297_rev,800000000.0,0.0,0.0,0,168
SUB_25407,SUB_25391,meso_SUB_25407_SUB_25391_rev,3000000000.0,38508934.26444756,46219684.27835052,0,168
SUB_25407,SUB_25526,meso_SUB_25407_SUB_25526_fwd,4000000000.0,0.0,0.0,0,168
SUB_25407,WEC_CALN,iface_SUB_25407_WEC_CALN_to_ba,6700000000.0,0.0,0.0,0,168
SUB_18263,SUB_18254,meso_SUB_18263_SUB_18254_rev,600000000.0,85718618.21587604,128206619.92089012,0,168
SUB_18263,SUB_18260,meso_SUB_18263_SUB_18260_rev,1500000000.0,29617542.061222848,38919374.194587626,0,168
SUB_18263,SUB_18267,meso_SUB_18263_SUB_18267_fwd,1500000000.0,137739646.78132835,181138792.07342887,0,168
SUB_18263,SUB_18295,meso_SUB_18263_SUB_18295_fwd,1500000000.0,0.0,0.0,0,168
SUB_18263,SUB_25255,meso_SUB_18263_SUB_25255_fwd,3000000000.0,546203915.5788971,1275340517.9659278,0,168
SUB_18263,SUB_18258,meso_SUB_18263_SUB_18258_rev,800000000.0,6684676.091227394,8962888.161278846,0,168
SUB_18263,SUB_18301,meso_SUB_18263_SUB_18301_fwd,3000000000.0,0.0,0.0,0,168
SUB_06213,SUB_06270,meso_SUB_06213_SUB_06270_fwd,1500000000.0,8369196.606433327,22274662.109375004,0,168
SUB_06213,SUB_06380,meso_SUB_06213_SUB_06380_fwd,1500000000.0,1869975.5243330416,17123646.907216493,0,168
SUB_25545,SUB_25395,meso_SUB_25545_SUB_25395_fwd,221858122.9071958,76584.3499431668,8722875.36057475,0,168
SUB_16391,SUB_16242,meso_SUB_16391_SUB_16242_rev,4000000000.0,31196584.43332059,139734344.7948404,0,168
SUB_16391,SUB_HIFLD_30,meso_SUB_16391_SUB_HIFLD_30_fwd,4000000000.0,36017714.90888933,191240153.3721608,0,168
SUB_16391,SUB_HIFLD_597,meso_SUB_16391_SUB_HIFLD_597_fwd,8000000000.0,23933153.96331484,197095804.205675,0,168
SUB_16391,WEC_CALN,iface_SUB_16391_WEC_CALN_to_ba,8000000000.0,0.0,0.0,0,168
SUB_15226,SUB_15308,meso_SUB_15226_SUB_15308_fwd,1500000000.0,0.0,0.0,0,168
SUB_15226,SUB_HIFLD_597,meso_SUB_15226_SUB_HIFLD_597_fwd,3000000000.0,47871773.996484175,75941602.09960938,0,168
SUB_25286,SUB_25365,meso_SUB_25286_SUB_25365_fwd,1500000000.0,0.0,0.0,0,168
SUB_25286,SUB_25458,meso_SUB_25286_SUB_25458_fwd,1500000000.0,0.0,0.0,0,168
SUB_25286,SUB_25456,meso_SUB_25286_SUB_25456_rev,156121312.74744093,12562264.702883828,16031893.16213492,0,168
SUB_10372,SUB_10293,meso_SUB_10372_SUB_10293_rev,4000000000.0,49112234.21610285,136238083.5044357,0,168
SUB_10372,SUB_10349,meso_SUB_10372_SUB_10349_rev,600000000.0,0.0,0.0,0,168
SUB_10372,SUB_10355,meso_SUB_10372_SUB_10355_rev,600000000.0,0.0,0.0,0,168
SUB_10372,SUB_10373,meso_SUB_10372_SUB_10373_fwd,4000000000.0,763084.7440259856,1116038.2772229381,0,168
SUB_10372,SUB_HIFLD_1294,meso_SUB_10372_SUB_HIFLD_1294_fwd,4000000000.0,0.0,0.0,0,168
SUB_10372,SUB_HIFLD_1862,meso_SUB_10372_SUB_HIFLD_1862_rev,66581692.39684471,2151045.227879795,4431395.919694493,0,168
SUB_10372,WEC_CALN,iface_SUB_10372_WEC_CALN_to_ba,14733418307.603153,71693406.23689358,143163638.91121966,0,168
SUB_04209,SUB_04256,meso_SUB_04209_SUB_04256_fwd,600000000.0,0.0,0.0,0,168
SUB_04209,SUB_04257,meso_SUB_04209_SUB_04257_fwd,600000000.0,0.0,0.0,0,168
SUB_04209,SUB_04281,meso_SUB_04209_SUB_04281_fwd,600000000.0,12813043.580897108,16010139.163871666,0,168
SUB_16312,SUB_16242,meso_SUB_16312_SUB_16242_rev,600000000.0,0.0,0.0,0,168
SUB_16312,SUB_16330,meso_SUB_16312_SUB_16330_fwd,600000000.0,0.0,0.0,0,168
SUB_16312,SUB_16362,meso_SUB_16312_SUB_16362_fwd,600000000.0,4406415.843442738,17823081.105025772,0,168
SUB_10291,SUB_10252,meso_SUB_10291_SUB_10252_rev,600000000.0,13806102.21220445,22565720.73742959,0,168
SUB_10291,SUB_10375,meso_SUB_10291_SUB_10375_fwd,1500000000.0,6740099.424572672,31043830.431665897,0,168
SUB_10291,SUB_10283,meso_SUB_10291_SUB_10283_rev,1500000000.0,108456977.00524487,131075169.69224763,0,168
SUB_10291,SUB_10319,meso_SUB_10291_SUB_10319_rev,54807466.09466204,2700230.8399348385,5359509.906572165,0,168
SUB_01209,SUB_HIFLD_28,meso_SUB_01209_SUB_HIFLD_28_fwd,1500000000.0,0.0,0.0,0,168
SUB_01209,SUB_HIFLD_2989,meso_SUB_01209_SUB_HIFLD_2989_fwd,1500000000.0,0.0,0.0,0,168
SUB_02401,SUB_02419,meso_SUB_02401_SUB_02419_fwd,3000000000.0,0.0,0.0,0,168
SUB_02401,SUB_02426,meso_SUB_02401_SUB_02426_fwd,1500000000.0,0.0,0.0,0,168
SUB_02401,SUB_02403,meso_SUB_02401_SUB_02403_fwd,600000000.0,0.0,0.0,0,168
SUB_06317,SUB_06203,meso_SUB_06317_SUB_06203_rev,1500000000.0,0.0,0.0,0,168
SUB_06317,SUB_06319,meso_SUB_06317_SUB_06319_fwd,3000000000.0,8094644.134678526,15422660.277061855,0,168
SUB_06317,SUB_06368,meso_SUB_06317_SUB_06368_fwd,3000000000.0,0.0,0.0,0,168
SUB_08387,SUB_HIFLD_2109,meso_SUB_08387_SUB_HIFLD_2109_fwd,1500000000.0,0.0,0.0,0,168
SUB_01222,SUB_01223,meso_SUB_01222_SUB_01223_fwd,5500000000.0,0.0,0.0,0,168
SUB_01222,SUB_01435,meso_SUB_01222_SUB_01435_fwd,1500000000.0,0.0,0.0,0,168
SUB_01222,SUB_01447,meso_SUB_01222_SUB_01447_fwd,1500000000.0,9440007.110331748,56742251.93298968,0,168
SUB_01222,SUB_01472,meso_SUB_01222_SUB_01472_fwd,1500000000.0,76110821.65976378,99238683.45799235,0,168
SUB_01222,SUB_08342,meso_SUB_01222_SUB_08342_fwd,3000000000.0,70963956.8060464,94079209.95751359,0,168
SUB_01222,SUB_08390,meso_SUB_01222_SUB_08390_fwd,1500000000.0,58456026.23479739,88852688.02227256,0,168
SUB_01222,SUB_HIFLD_1423,meso_SUB_01222_SUB_HIFLD_1423_fwd,3000000000.0,820172.0459487825,7556857.606310281,0,168
SUB_01222,SUB_HIFLD_2121,meso_SUB_01222_SUB_HIFLD_2121_fwd,3000000000.0,31063461.199084725,47267893.62337069,0,168
SUB_01222,SUB_HIFLD_3025,meso_SUB_01222_SUB_HIFLD_3025_fwd,3000000000.0,37717171.3912898,105206552.86864847,0,168
SUB_01222,SUB_01350,meso_SUB_01222_SUB_01350_fwd,1500000000.0,0.0,0.0,0,168
SUB_01222,SUB_01409,meso_SUB_01222_SUB_01409_fwd,8000000000.0,0.0,0.0,0,168
SUB_01222,SUB_01440,meso_SUB_01222_SUB_01440_fwd,8000000000.0,0.0,0.0,0,168
SUB_01222,SUB_01450,meso_SUB_01222_SUB_01450_fwd,4000000000.0,34319119.29770698,79621718.60884526,0,168
SUB_01222,SUB_01469,meso_SUB_01222_SUB_01469_fwd,4000000000.0,0.0,0.0,0,168
SUB_01222,SUB_08234,meso_SUB_01222_SUB_08234_fwd,4000000000.0,0.0,0.0,0,168
SUB_01222,SUB_08246,meso_SUB_01222_SUB_08246_fwd,3000000000.0,6268529.153694429,41557063.46649484,0,168
SUB_01222,SUB_08283,meso_SUB_01222_SUB_08283_fwd,3000000000.0,142472640.5448023,254718300.2145552,0,168
SUB_01222,SUB_08361,meso_SUB_01222_SUB_08361_fwd,1500000000.0,145932335.89859903,229846484.9282685,0,168
SUB_01222,SUB_16261,meso_SUB_01222_SUB_16261_fwd,1500000000.0,0.0,0.0,0,168
SUB_01222,SUB_HIFLD_2117,meso_SUB_01222_SUB_HIFLD_2117_fwd,1500000000.0,431641.1847723863,49832092.33830373,0,168
SUB_01222,SUB_HIFLD_30,meso_SUB_01222_SUB_HIFLD_30_fwd,8000000000.0,0.0,0.0,0,168
SUB_01222,WEC_CALN,iface_SUB_01222_WEC_CALN_to_ba,200000000.0,0.0,0.0,0,168
SUB_01223,SUB_01214,meso_SUB_01223_SUB_01214_rev,1200000000.0,1852409.450435498,12731779.55863402,0,168
SUB_01223,SUB_01222,meso_SUB_01223_SUB_01222_rev,5500000000.0,9073426.54901046,51589240.012886606,0,168
SUB_01223,SUB_01350,meso_SUB_01223_SUB_01350_fwd,1500000000.0,63756890.0870996,81308642.07474227,0,168
SUB_01223,SUB_01409,meso_SUB_01223_SUB_01409_fwd,4000000000.0,0.0,0.0,0,168
SUB_01223,SUB_01423,meso_SUB_01223_SUB_01423_fwd,20000000000.0,0.0,0.0,0,168
SUB_01223,SUB_01440,meso_SUB_01223_SUB_01440_fwd,4000000000.0,0.0,0.0,0,168
SUB_01223,SUB_08337,meso_SUB_01223_SUB_08337_fwd,8600000000.0,0.0,0.0,0,168
SUB_01223,SUB_HIFLD_30,meso_SUB_01223_SUB_HIFLD_30_fwd,4000000000.0,0.0,0.0,0,168
SUB_01223,WEC_CALN,iface_SUB_01223_WEC_CALN_to_ba,200000000.0,0.0,0.0,0,168
SUB_04319,SUB_04295,meso_SUB_04319_SUB_04295_rev,1500000000.0,5915969.696841417,32631209.716418,0,168
SUB_04319,SUB_04336,meso_SUB_04319_SUB_04336_fwd,1500000000.0,0.0,0.0,0,168
SUB_04319,SUB_04335,meso_SUB_04319_SUB_04335_fwd,1500000000.0,6896358.988327676,11392696.923324741,0,168
SUB_04319,SUB_06312,meso_SUB_04319_SUB_06312_fwd,1500000000.0,285018.5564073543,4207610.643524485,0,168
SUB_19215,SUB_19229,meso_SUB_19215_SUB_19229_fwd,600000000.0,0.0,0.0,0,168
SUB_19215,SUB_19233,meso_SUB_19215_SUB_19233_fwd,600000000.0,2182187.09862864,12705608.883030465,0,168
SUB_19215,SUB_19238,meso_SUB_19215_SUB_19238_rev,84903381.19886425,7524347.36129169,8590763.93363402,0,168
SUB_10221,SUB_10225,meso_SUB_10221_SUB_10225_fwd,4000000000.0,135459116.4905003,135561337.6312256,0,168
SUB_25221,SUB_25270,meso_SUB_25221_SUB_25270_fwd,800000000.0,0.0,0.0,0,168
SUB_25221,SUB_25276,meso_SUB_25221_SUB_25276_fwd,1600000000.0,17469620.407411747,48227885.63797938,0,168
SUB_10345,SUB_10338,meso_SUB_10345_SUB_10338_rev,600000000.0,6729.488531982542,1130554.073373067,0,168
SUB_10345,SUB_10356,meso_SUB_10345_SUB_10356_fwd,600000000.0,4413922.403791575,7205494.42251933,0,168
SUB_10345,WEC_CALN,iface_SUB_10345_WEC_CALN_to_ba,50000000.0,50000000.0,50000000.0,168,168
SUB_08370,SUB_08201,meso_SUB_08370_SUB_08201_rev,3000000000.0,0.0,0.0,0,168
SUB_08370,SUB_08226,meso_SUB_08370_SUB_08226_rev,1500000000.0,0.0,0.0,0,168
SUB_25205,SUB_25455,meso_SUB_25205_SUB_25455_fwd,4000000000.0,0.0,0.0,0,168
SUB_04302,SUB_04226,meso_SUB_04302_SUB_04226_rev,600000000.0,1534820.595967401,2265050.891994201,0,168
SUB_04302,SUB_04248,meso_SUB_04302_SUB_04248_rev,600000000.0,0.0,0.0,0,168
SUB_16313,SUB_16230,meso_SUB_16313_SUB_16230_fwd,183735013.1462945,0.0,0.0,0,168
SUB_15248,SUB_15269,meso_SUB_15248_SUB_15269_fwd,479063183.38389206,0.0,0.0,0,168
SUB_18301,SUB_18282,meso_SUB_18301_SUB_18282_rev,8000000000.0,82379405.01721916,348278700.21529573,0,168
SUB_18301,SUB_18295,meso_SUB_18301_SUB_18295_rev,1500000000.0,0.0,0.0,0,168
SUB_18301,SUB_25348,meso_SUB_18301_SUB_25348_fwd,12000000000.0,270915917.5071581,506377744.082848,0,168
SUB_18301,SUB_25367,meso_SUB_18301_SUB_25367_fwd,24000000000.0,541564082.7107198,1352557910.1138015,0,168
SUB_18301,SUB_18263,meso_SUB_18301_SUB_18263_rev,3000000000.0,0.0,0.0,0,168
SUB_18301,SUB_25346,meso_SUB_18301_SUB_25346_fwd,8000000000.0,111735.18007153907,439635.79000885953,0,168
SUB_18301,SUB_25393,meso_SUB_18301_SUB_25393_fwd,8000000000.0,418582602.0545549,1111559072.5303202,0,168
SUB_18301,WEC_CALN,iface_SUB_18301_WEC_CALN_to_ba,200000000.0,200000000.0,200000000.0,168,168
SUB_16335,SUB_16366,meso_SUB_16335_SUB_16366_fwd,1500000000.0,0.0,0.0,0,168
SUB_16335,SUB_16378,meso_SUB_16335_SUB_16378_fwd,1500000000.0,93021231.23513983,106950937.70976691,0,168
SUB_16335,SUB_16376,meso_SUB_16335_SUB_16376_fwd,1500000000.0,14900009.413420802,24753498.27126953,0,168
SUB_01348,SUB_01311,meso_SUB_01348_SUB_01311_fwd,50000000.0,0.0,0.0,0,168
SUB_16365,SUB_16230,meso_SUB_16365_SUB_16230_rev,1200000000.0,0.0,0.0,0,168
SUB_16365,SUB_16315,meso_SUB_16365_SUB_16315_rev,600000000.0,0.0,0.0,0,168
SUB_10354,SUB_10293,meso_SUB_10354_SUB_10293_rev,600000000.0,0.0,0.0,0,168
SUB_25453,SUB_25234,meso_SUB_25453_SUB_25234_rev,1500000000.0,0.0,0.0,0,168
SUB_25453,SUB_25412,meso_SUB_25453_SUB_25412_rev,1500000000.0,0.0,0.0,0,168
SUB_15269,SUB_15232,meso_SUB_15269_SUB_15232_rev,1500000000.0,0.0,0.0,0,168
SUB_15269,SUB_15246,meso_SUB_15269_SUB_15246_rev,1500000000.0,1477306.7585881348,25414289.92870525,0,168
SUB_15269,SUB_15270,meso_SUB_15269_SUB_15270_fwd,3000000000.0,9716134.690364014,18127677.996134017,0,168
SUB_15269,SUB_15248,meso_SUB_15269_SUB_15248_rev,479063183.38389206,27168164.889485914,41976792.042525776,0,168
SUB_25396,SUB_25285,meso_SUB_25396_SUB_25285_rev,1500000000.0,0.0,0.0,0,168
SUB_08380,SUB_08389,meso_SUB_08380_SUB_08389_fwd,1500000000.0,0.0,0.0,0,168
SUB_08380,SUB_HIFLD_2126,meso_SUB_08380_SUB_HIFLD_2126_fwd,1500000000.0,0.0,0.0,0,168
SUB_08380,SUB_HIFLD_3263,meso_SUB_08380_SUB_HIFLD_3263_fwd,1500000000.0,0.0,0.0,0,168
SUB_08380,SUB_08226,meso_SUB_08380_SUB_08226_rev,1500000000.0,62387144.838533424,158992974.9750914,0,168
SUB_08380,SUB_08234,meso_SUB_08380_SUB_08234_rev,3000000000.0,0.0,0.0,0,168
SUB_08380,SUB_HIFLD_2117,meso_SUB_08380_SUB_HIFLD_2117_fwd,1500000000.0,0.0,0.0,0,168
SUB_08380,SUB_HIFLD_3170,meso_SUB_08380_SUB_HIFLD_3170_fwd,1500000000.0,0.0,0.0,0,168
SUB_25245,SUB_25280,meso_SUB_25245_SUB_25280_fwd,800000000.0,31321669.444786422,52034250.53039175,0,168
SUB_25245,SUB_25347,meso_SUB_25245_SUB_25347_fwd,600000000.0,0.0,0.0,0,168
SUB_25245,SUB_25537,meso_SUB_25245_SUB_25537_fwd,1500000000.0,0.0,0.0,0,168
SUB_25245,SUB_25539,meso_SUB_25245_SUB_25539_fwd,800000000.0,5761687.279114758,65577177.99788123,0,168
SUB_25245,SUB_HIFLD_1845,meso_SUB_25245_SUB_HIFLD_1845_fwd,600000000.0,3049.7317729243628,512354.93785129295,0,168
SUB_25245,SUB_HIFLD_1851,meso_SUB_25245_SUB_HIFLD_1851_fwd,3000000000.0,0.0,0.0,0,168
SUB_25245,SUB_25354,meso_SUB_25245_SUB_25354_rev,86037322.24228722,5037700.972904223,8345528.954574742,0,168
SUB_25272,SUB_25337,meso_SUB_25272_SUB_25337_fwd,800000000.0,61339673.76313691,198042341.91505358,0,168
SUB_25272,SUB_25364,meso_SUB_25272_SUB_25364_fwd,1500000000.0,1109.00571782857,186312.96059519975,0,168
SUB_25272,SUB_25458,meso_SUB_25272_SUB_25458_fwd,1500000000.0,39237668.14718804,149968845.84994367,0,168
SUB_25272,SUB_25526,meso_SUB_25272_SUB_25526_fwd,6000000000.0,31527909.36729187,215542038.6189796,0,168
SUB_25272,SUB_25277,meso_SUB_25272_SUB_25277_fwd,1500000000.0,18975017.49640394,49959954.09149484,0,168
SUB_25272,SUB_25370,meso_SUB_25272_SUB_25370_fwd,1500000000.0,51190944.312446296,71156628.54381444,0,168
SUB_25272,SUB_25395,meso_SUB_25272_SUB_25395_fwd,1500000000.0,4493229.056366202,21534827.878394354,0,168
SUB_19212,SUB_19233,meso_SUB_19212_SUB_19233_fwd,600000000.0,0.0,0.0,0,168
SUB_18203,SUB_18208,meso_SUB_18203_SUB_18208_fwd,600000000.0,81556654.85034263,95879122.4025451,0,168
SUB_18203,SUB_18219,meso_SUB_18203_SUB_18219_fwd,600000000.0,5304565.746690504,6825735.494066519,0,168
SUB_15285,SUB_15201,meso_SUB_15285_SUB_15201_rev,600000000.0,25243133.778757304,44525928.9642895,0,168
SUB_15285,SUB_15375,meso_SUB_15285_SUB_15375_fwd,600000000.0,11724229.38785033,40577623.57039305,0,168
SUB_16242,SUB_16302,meso_SUB_16242_SUB_16302_fwd,600000000.0,3893967.8156227656,7588396.789310765,0,168
SUB_16242,SUB_16307,meso_SUB_16242_SUB_16307_fwd,600000000.0,89614.82919638228,15055291.304992225,0,168
SUB_16242,SUB_16312,meso_SUB_16242_SUB_16312_fwd,600000000.0,19037075.201180153,43477697.176572956,0,168
SUB_16242,SUB_16322,meso_SUB_16242_SUB_16322_fwd,600000000.0,195690.67583782555,6667782.5087682,0,168
SUB_16242,SUB_16330,meso_SUB_16242_SUB_16330_fwd,1200000000.0,22845628.689039238,42674682.98304815,0,168
SUB_16242,SUB_16391,meso_SUB_16242_SUB_16391_fwd,4000000000.0,0.0,0.0,0,168
SUB_16242,SUB_HIFLD_30,meso_SUB_16242_SUB_HIFLD_30_fwd,4000000000.0,0.0,0.0,0,168
SUB_16242,WEC_CALN,iface_SUB_16242_WEC_CALN_to_ba,3800000000.0,0.0,0.0,0,168
SUB_10357,SUB_10353,meso_SUB_10357_SUB_10353_rev,600000000.0,0.0,0.0,0,168
SUB_25458,SUB_25272,meso_SUB_25458_SUB_25272_rev,1500000000.0,0.0,0.0,0,168
SUB_25458,SUB_25286,meso_SUB_25458_SUB_25286_rev,1500000000.0,13994971.716441333,48967887.731685504,0,168
SUB_25458,SUB_25349,meso_SUB_25458_SUB_25349_rev,1500000000.0,5762583.422405748,59973079.96333297,0,168
SUB_25458,SUB_25526,meso_SUB_25458_SUB_25526_fwd,1500000000.0,0.0,0.0,0,168
SUB_01353,SUB_01202,meso_SUB_01353_SUB_01202_rev,1500000000.0,0.0,0.0,0,168
SUB_01353,SUB_01380,meso_SUB_01353_SUB_01380_fwd,1500000000.0,0.0,0.0,0,168
SUB_01353,SUB_01430,meso_SUB_01353_SUB_01430_fwd,1500000000.0,961330.1477428045,74378157.03226715,0,168
SUB_01353,SUB_01220,meso_SUB_01353_SUB_01220_rev,50000000.0,714671.5822439892,1351796.1954333119,0,168
SUB_01353,SUB_01356,meso_SUB_01353_SUB_01356_rev,50000000.0,479411.04212870006,807875.4857643363,0,168
SUB_01374,SUB_01252,meso_SUB_01374_SUB_01252_fwd,50000000.0,0.0,0.0,0,168
SUB_06208,SUB_06381,meso_SUB_06208_SUB_06381_fwd,1200000000.0,6822821.491374416,8741245.167525774,0,168
SUB_06208,SUB_06277,meso_SUB_06208_SUB_06277_fwd,229818225.4851424,0.0,0.0,0,168
SUB_19217,SUB_19240,meso_SUB_19217_SUB_19240_fwd,600000000.0,2479709.160439103,3458376.792042526,0,168
SUB_19217,SUB_19243,meso_SUB_19217_SUB_19243_fwd,600000000.0,0.0,0.0,0,168
SUB_19217,SUB_HIFLD_273,meso_SUB_19217_SUB_HIFLD_273_fwd,600000000.0,0.0,0.0,0,168
SUB_01365,SUB_01216,meso_SUB_01365_SUB_01216_rev,1800000000.0,620516.4274354719,65458005.24907593,0,168
SUB_01365,SUB_01323,meso_SUB_01365_SUB_01323_rev,4000000000.0,10067951.853696715,43353101.460783504,0,168
SUB_01365,SUB_01380,meso_SUB_01365_SUB_01380_fwd,4000000000.0,182588468.14466515,383495450.1544695,0,168
SUB_01365,SUB_01432,meso_SUB_01365_SUB_01432_fwd,1200000000.0,276984.3257404041,2203304.707635309,0,168
SUB_01365,SUB_01445,meso_SUB_01365_SUB_01445_fwd,1500000000.0,13778968.057142284,74112741.62371135,0,168
SUB_01365,SUB_01466,meso_SUB_01365_SUB_01466_fwd,12000000000.0,12335323.177709648,81173872.42268041,0,168
SUB_01365,SUB_06246,meso_SUB_01365_SUB_06246_fwd,1500000000.0,47868684.15334161,308735417.82688624,0,168
SUB_01365,SUB_06364,meso_SUB_01365_SUB_06364_fwd,12000000000.0,1590158.6518421131,57240880.6577945,0,168
SUB_01365,SUB_HIFLD_30,meso_SUB_01365_SUB_HIFLD_30_fwd,12000000000.0,16043194.446475765,405028773.70069677,0,168
SUB_01365,SUB_01324,meso_SUB_01365_SUB_01324_rev,1500000000.0,0.0,0.0,0,168
SUB_01365,SUB_01416,meso_SUB_01365_SUB_01416_fwd,4000000000.0,26011765.696432404,42460144.168814436,0,168
SUB_01365,WEC_CALN,iface_SUB_01365_WEC_CALN_to_ba,13776976122.250002,0.0,0.0,0,168
SUB_08363,SUB_08203,meso_SUB_08363_SUB_08203_rev,1500000000.0,0.0,0.0,0,168
SUB_08363,SUB_HIFLD_2121,meso_SUB_08363_SUB_HIFLD_2121_fwd,1500000000.0,0.0,0.0,0,168
SUB_08363,SUB_HIFLD_2149,meso_SUB_08363_SUB_HIFLD_2149_fwd,1500000000.0,0.0,0.0,0,168
SUB_08363,SUB_HIFLD_3025,meso_SUB_08363_SUB_HIFLD_3025_fwd,1500000000.0,0.0,0.0,0,168
SUB_01211,SUB_01201,meso_SUB_01211_SUB_01201_rev,1500000000.0,0.0,0.0,0,168
SUB_01211,SUB_01204,meso_SUB_01211_SUB_01204_rev,1500000000.0,0.0,0.0,0,168
SUB_01211,SUB_01254,meso_SUB_01211_SUB_01254_fwd,1500000000.0,0.0,0.0,0,168
SUB_01211,SUB_01331,meso_SUB_01211_SUB_01331_fwd,600000000.0,1897860.8970784773,6822208.529045011,0,168
SUB_15376,SUB_15215,meso_SUB_15376_SUB_15215_rev,600000000.0,83587.54983525688,14042708.372323157,0,168
SUB_15376,SUB_15290,meso_SUB_15376_SUB_15290_rev,600000000.0,5345852.478466655,26990490.093427837,0,168
SUB_15376,SUB_HIFLD_659,meso_SUB_15376_SUB_HIFLD_659_fwd,600000000.0,0.0,0.0,0,168
SUB_04325,SUB_01467,meso_SUB_04325_SUB_01467_rev,8000000000.0,0.0,0.0,0,168
SUB_04325,SUB_04205,meso_SUB_04325_SUB_04205_rev,8000000000.0,0.0,0.0,0,168
SUB_04325,SUB_01380,meso_SUB_04325_SUB_01380_rev,4000000000.0,605638.6044617128,75550070.91324401,0,168
SUB_04325,SUB_06359,meso_SUB_04325_SUB_06359_fwd,4000000000.0,461884.2917008569,44888516.3111358,0,168
SUB_04325,WEC_CALN,iface_SUB_04325_WEC_CALN_to_ba,200000000.0,0.0,0.0,0,168
SUB_08361,SUB_08203,meso_SUB_08361_SUB_08203_rev,2100000000.0,2425725.2786343275,59962874.51675258,0,168
SUB_08361,SUB_08342,meso_SUB_08361_SUB_08342_rev,3000000000.0,0.0,0.0,0,168
SUB_08361,SUB_01222,meso_SUB_08361_SUB_01222_rev,1500000000.0,0.0,0.0,0,168
SUB_08361,SUB_HIFLD_2070,meso_SUB_08361_SUB_HIFLD_2070_fwd,600000000.0,978679.3274749959,56475021.39941037,0,168
SUB_08361,SUB_HIFLD_3163,meso_SUB_08361_SUB_HIFLD_3163_fwd,1500000000.0,1478695.1082890148,7271764.193524816,0,168
SUB_08361,SUB_08367,meso_SUB_08361_SUB_08367_rev,1890351047.8279543,76407470.51107457,111279655.49298704,0,168
SUB_10325,SUB_10308,meso_SUB_10325_SUB_10308_rev,1500000000.0,2563059.9558037063,40904453.27742639,0,168
SUB_10325,SUB_15377,meso_SUB_10325_SUB_15377_fwd,1200000000.0,55539722.74691232,112424512.7644055,0,168
SUB_10325,SUB_10324,meso_SUB_10325_SUB_10324_rev,1500000000.0,4665068.576323097,8443799.331507731,0,168
SUB_16331,SUB_16230,meso_SUB_16331_SUB_16230_rev,600000000.0,0.0,0.0,0,168
SUB_16331,SUB_16322,meso_SUB_16331_SUB_16322_rev,600000000.0,0.0,0.0,0,168
SUB_25392,SUB_25357,meso_SUB_25392_SUB_25357_rev,1500000000.0,0.0,0.0,0,168
SUB_25337,SUB_25272,meso_SUB_25337_SUB_25272_rev,800000000.0,0.0,0.0,0,168
SUB_25337,SUB_25282,meso_SUB_25337_SUB_25282_rev,800000000.0,0.0,0.0,0,168
SUB_25337,SUB_25342,meso_SUB_25337_SUB_25342_fwd,800000000.0,11500930.772693977,92349602.90760197,0,168
SUB_25337,SUB_25395,meso_SUB_25337_SUB_25395_fwd,800000000.0,0.0,0.0,0,168
SUB_25337,SUB_25526,meso_SUB_25337_SUB_25526_fwd,4000000000.0,0.0,0.0,0,168
SUB_25337,WEC_CALN,iface_SUB_25337_WEC_CALN_to_ba,4800000000.0,0.0,0.0,0,168
SUB_06204,SUB_06203,meso_SUB_06204_SUB_06203_rev,1500000000.0,0.0,0.0,0,168
SUB_06204,SUB_06313,meso_SUB_06204_SUB_06313_fwd,1500000000.0,0.0,0.0,0,168
SUB_06204,SUB_06362,meso_SUB_06204_SUB_06362_fwd,1500000000.0,1723107.4331843113,36090415.5927835,0,168
SUB_06204,SUB_HIFLD_595,meso_SUB_06204_SUB_HIFLD_595_fwd,1500000000.0,0.0,0.0,0,168
SUB_06204,SUB_06867,meso_SUB_06204_SUB_06867_rev,50000000.0,0.0,0.0,0,168
SUB_08325,SUB_08301,meso_SUB_08325_SUB_08301_rev,600000000.0,1059620.3384062327,1499765.6753382732,0,168
SUB_08325,SUB_08319,meso_SUB_08325_SUB_08319_rev,1500000000.0,0.0,0.0,0,168
SUB_08325,SUB_08362,meso_SUB_08325_SUB_08362_fwd,1500000000.0,0.0,0.0,0,168
SUB_08325,SUB_08369,meso_SUB_08325_SUB_08369_fwd,1500000000.0,0.0,0.0,0,168
SUB_16288,SUB_16237,meso_SUB_16288_SUB_16237_rev,3000000000.0,0.0,0.0,0,168
SUB_16288,SUB_16247,meso_SUB_16288_SUB_16247_rev,1500000000.0,0.0,0.0,0,168
SUB_16288,SUB_16267,meso_SUB_16288_SUB_16267_rev,4000000000.0,0.0,0.0,0,168
SUB_16288,SUB_HIFLD_1135,meso_SUB_16288_SUB_HIFLD_1135_fwd,15000000000.0,0.0,0.0,0,168
SUB_16288,SUB_HIFLD_30,meso_SUB_16288_SUB_HIFLD_30_fwd,30000000000.0,0.0,0.0,0,168
SUB_10303,SUB_10283,meso_SUB_10303_SUB_10283_fwd,71145140.14387253,9901606.693812778,11224038.0859375,0,168
SUB_25294,SUB_25234,meso_SUB_25294_SUB_25234_rev,3000000000.0,60595195.57407924,61807816.89453125,0,168
SUB_25294,SUB_25241,meso_SUB_25294_SUB_25241_rev,1600000000.0,0.0,0.0,0,168
SUB_01323,SUB_01365,meso_SUB_01323_SUB_01365_fwd,4000000000.0,0.0,0.0,0,168
SUB_01323,SUB_01440,meso_SUB_01323_SUB_01440_fwd,12000000000.0,0.0,0.0,0,168
SUB_01323,WEC_CALN,iface_SUB_01323_WEC_CALN_to_ba,8000000000.0,0.0,0.0,0,168
SUB_25536,SUB_25242,meso_SUB_25536_SUB_25242_rev,1500000000.0,75940.13725433627,5564705.0337247485,0,168
SUB_25536,SUB_25281,meso_SUB_25536_SUB_25281_rev,1200000000.0,0.0,0.0,0,168
SUB_25536,SUB_25410,meso_SUB_25536_SUB_25410_rev,3000000000.0,0.0,0.0,0,168
SUB_25536,SUB_HIFLD_1851,meso_SUB_25536_SUB_HIFLD_1851_fwd,3000000000.0,1165221.4774146555,20813115.280158516,0,168
SUB_25242,SUB_25446,meso_SUB_25242_SUB_25446_fwd,1500000000.0,0.0,0.0,0,168
SUB_25242,SUB_25536,meso_SUB_25242_SUB_25536_fwd,1500000000.0,215749.95496091282,10892197.56765464,0,168
SUB_25242,SUB_HIFLD_1851,meso_SUB_25242_SUB_HIFLD_1851_fwd,1500000000.0,302750.46506281744,19030248.609225273,0,168
SUB_25242,SUB_25231,meso_SUB_25242_SUB_25231_rev,1500000000.0,0.0,0.0,0,168
SUB_15233,SUB_15201,meso_SUB_15233_SUB_15201_rev,600000000.0,334392.1361139744,12598956.354183383,0,168
SUB_15233,SUB_15292,meso_SUB_15233_SUB_15292_fwd,600000000.0,0.0,0.0,0,168
SUB_15233,SUB_15375,meso_SUB_15233_SUB_15375_fwd,600000000.0,167544.8901335602,6852028.3360708635,0,168
SUB_18274,SUB_08318,meso_SUB_18274_SUB_08318_rev,1500000000.0,0.0,0.0,0,168
SUB_18274,SUB_18318,meso_SUB_18274_SUB_18318_rev,50000000.0,1685652.2437925718,2218104.159954897,0,168
SUB_01321,SUB_01233,meso_SUB_01321_SUB_01233_rev,600000000.0,2511166.330610003,2597104.3090820312,0,168
SUB_01347,SUB_01378,meso_SUB_01347_SUB_01378_fwd,600000000.0,272208.90616448916,830827.0955823131,0,168
SUB_01347,SUB_01467,meso_SUB_01347_SUB_01467_fwd,1500000000.0,0.0,0.0,0,168
SUB_08219,SUB_08201,meso_SUB_08219_SUB_08201_rev,600000000.0,0.0,0.0,0,168
SUB_08219,SUB_01472,meso_SUB_08219_SUB_01472_rev,1500000000.0,0.0,0.0,0,168
SUB_08219,SUB_08353,meso_SUB_08219_SUB_08353_fwd,1500000000.0,0.0,0.0,0,168
SUB_25443,SUB_25442,meso_SUB_25443_SUB_25442_rev,1500000000.0,0.0,0.0,0,168
SUB_01214,SUB_01223,meso_SUB_01214_SUB_01223_fwd,1200000000.0,0.0,0.0,0,168
SUB_01214,SUB_01315,meso_SUB_01214_SUB_01315_fwd,1200000000.0,0.0,0.0,0,168
SUB_01214,SUB_01440,meso_SUB_01214_SUB_01440_fwd,1200000000.0,0.0,0.0,0,168
SUB_04332,SUB_04256,meso_SUB_04332_SUB_04256_rev,1500000000.0,0.0,0.0,0,168
SUB_04332,SUB_04343,meso_SUB_04332_SUB_04343_fwd,1500000000.0,0.0,0.0,0,168
SUB_25387,SUB_25282,meso_SUB_25387_SUB_25282_rev,800000000.0,0.0,0.0,0,168
SUB_25387,SUB_25341,meso_SUB_25387_SUB_25341_rev,800000000.0,0.0,0.0,0,168
SUB_25387,SUB_25421,meso_SUB_25387_SUB_25421_fwd,800000000.0,203324.98377189954,4107282.437983248,0,168
SUB_04204,SUB_01250,meso_SUB_04204_SUB_01250_rev,1500000000.0,56514100.48278295,75472540.81364483,0,168
SUB_04204,SUB_01392,meso_SUB_04204_SUB_01392_rev,1200000000.0,0.0,0.0,0,168
SUB_04204,SUB_01410,meso_SUB_04204_SUB_01410_rev,1500000000.0,8714164.200484447,31526235.75790134,0,168
SUB_04204,SUB_01426,meso_SUB_04204_SUB_01426_rev,1500000000.0,16990891.614270754,22146035.502909448,0,168
SUB_04204,SUB_04328,meso_SUB_04204_SUB_04328_fwd,3000000000.0,14864622.590352025,19797274.62620978,0,168
SUB_04204,SUB_06270,meso_SUB_04204_SUB_06270_fwd,1500000000.0,48844848.623979025,97234736.68049015,0,168
SUB_04204,SUB_06380,meso_SUB_04204_SUB_06380_fwd,1500000000.0,16811563.52301879,60560269.93189229,0,168
SUB_04204,SUB_01467,meso_SUB_04204_SUB_01467_rev,8000000000.0,57507753.25417792,125998026.33493191,0,168
SUB_01447,SUB_01222,meso_SUB_01447_SUB_01222_rev,1500000000.0,102537.1433019324,16841549.427370206,0,168
SUB_01447,SUB_01376,meso_SUB_01447_SUB_01376_rev,3000000000.0,0.0,0.0,0,168
SUB_18257,SUB_18282,meso_SUB_18257_SUB_18282_fwd,1500000000.0,0.0,0.0,0,168
SUB_18257,SUB_18297,meso_SUB_18257_SUB_18297_fwd,1500000000.0,11251863.019486591,13693753.421167906,0,168
SUB_02414,SUB_02406,meso_SUB_02414_SUB_02406_rev,600000000.0,0.0,0.0,0,168
SUB_02414,SUB_02424,meso_SUB_02414_SUB_02424_rev,50000000.0,710023.1144436446,882474.2268041237,0,168
SUB_01311,SUB_01380,meso_SUB_01311_SUB_01380_fwd,1500000000.0,0.0,0.0,0,168
SUB_01311,SUB_HIFLD_2791,meso_SUB_01311_SUB_HIFLD_2791_fwd,1500000000.0,18481162.982351974,64236223.673083104,0,168
SUB_01311,SUB_HIFLD_28,meso_SUB_01311_SUB_HIFLD_28_fwd,3000000000.0,70910138.88823634,185857696.27241004,0,168
SUB_01311,SUB_01298,meso_SUB_01311_SUB_01298_rev,50000000.0,0.0,0.0,0,168
SUB_01311,SUB_01303,meso_SUB_01311_SUB_01303_rev,50000000.0,1328169.1002974515,1968204.3331185568,0,168
SUB_01311,SUB_01348,meso_SUB_01311_SUB_01348_rev,50000000.0,627022.4172810332,862162.6706467462,0,168
SUB_18268,SUB_18303,meso_SUB_18268_SUB_18303_fwd,1500000000.0,0.0,0.0,0,168
SUB_18268,SUB_18304,meso_SUB_18268_SUB_18304_fwd,1500000000.0,22783176.59302941,28515794.115839884,0,168
SUB_04215,SUB_04318,meso_SUB_04215_SUB_04318_fwd,1500000000.0,0.0,0.0,0,168
SUB_04215,SUB_04330,meso_SUB_04215_SUB_04330_fwd,1500000000.0,0.0,0.0,0,168
SUB_04215,SUB_04256,meso_SUB_04215_SUB_04256_fwd,1500000000.0,0.0,0.0,0,168
SUB_04215,SUB_04257,meso_SUB_04215_SUB_04257_fwd,600000000.0,0.0,0.0,0,168
SUB_04215,SUB_04343,meso_SUB_04215_SUB_04343_fwd,1500000000.0,0.0,0.0,0,168
SUB_10314,SUB_06364,meso_SUB_10314_SUB_06364_rev,12000000000.0,0.0,0.0,0,168
SUB_10314,SUB_10260,meso_SUB_10314_SUB_10260_rev,4000000000.0,0.0,0.0,0,168
SUB_10314,SUB_10293,meso_SUB_10314_SUB_10293_rev,16600000000.0,0.0,0.0,0,168
SUB_10314,WEC_CALN,iface_SUB_10314_WEC_CALN_to_ba,200000000.0,0.0,0.0,0,168
SUB_01409,SUB_01223,meso_SUB_01409_SUB_01223_rev,4000000000.0,0.0,0.0,0,168
SUB_01409,SUB_01380,meso_SUB_01409_SUB_01380_rev,4000000000.0,949875.0261429424,159579004.39201432,0,168
SUB_01409,SUB_01222,meso_SUB_01409_SUB_01222_rev,8000000000.0,23596778.857057575,162415507.03225678,0,168
SUB_01409,SUB_01423,meso_SUB_01409_SUB_01423_fwd,4000000000.0,0.0,0.0,0,168
SUB_01409,SUB_01326,meso_SUB_01409_SUB_01326_rev,50000000.0,0.0,0.0,0,168
SUB_01409,SUB_01366,meso_SUB_01409_SUB_01366_rev,50000000.0,967941.9909380323,1551711.6271343427,0,168
SUB_01409,SUB_01224,meso_SUB_01409_SUB_01224_rev,50000000.0,0.0,0.0,0,168
SUB_01409,WEC_CALN,iface_SUB_01409_WEC_CALN_to_ba,200000000.0,0.0,0.0,0,168
SUB_25360,SUB_25268,meso_SUB_25360_SUB_25268_rev,600000000.0,11288202.759332933,35378625.0,0,168
SUB_25360,SUB_25477,meso_SUB_25360_SUB_25477_rev,50000000.0,672111.13652729,2309546.401820232,0,168
SUB_25360,SUB_HIFLD_3887,meso_SUB_25360_SUB_HIFLD_3887_rev,50000000.0,0.0,0.0,0,168
SUB_06319,SUB_06272,meso_SUB_06319_SUB_06272_rev,3000000000.0,0.0,0.0,0,168
SUB_06319,SUB_06317,meso_SUB_06319_SUB_06317_rev,3000000000.0,0.0,0.0,0,168
SUB_25339,SUB_25282,meso_SUB_25339_SUB_25282_rev,800000000.0,0.0,0.0,0,168
SUB_25339,SUB_25342,meso_SUB_25339_SUB_25342_fwd,800000000.0,0.0,0.0,0,168
SUB_25339,SUB_25395,meso_SUB_25339_SUB_25395_fwd,800000000.0,0.0,0.0,0,168
SUB_25339,SUB_25532,meso_SUB_25339_SUB_25532_fwd,600000000.0,65139.176781063965,8791912.28515625,0,168
SUB_25339,SUB_25526,meso_SUB_25339_SUB_25526_fwd,3000000000.0,0.0,0.0,0,168
SUB_01445,SUB_01202,meso_SUB_01445_SUB_01202_rev,3000000000.0,508305.09178873454,36794181.71313347,0,168
SUB_01445,SUB_01216,meso_SUB_01445_SUB_01216_rev,600000000.0,0.0,0.0,0,168
SUB_01445,SUB_01365,meso_SUB_01445_SUB_01365_rev,1500000000.0,0.0,0.0,0,168
SUB_01445,SUB_01391,meso_SUB_01445_SUB_01391_rev,3600000000.0,0.0,0.0,0,168
SUB_01445,SUB_01465,meso_SUB_01445_SUB_01465_fwd,1500000000.0,0.0,0.0,0,168
SUB_01472,SUB_01222,meso_SUB_01472_SUB_01222_rev,1500000000.0,0.0,0.0,0,168
SUB_01472,SUB_08283,meso_SUB_01472_SUB_08283_fwd,1500000000.0,0.0,0.0,0,168
SUB_01472,SUB_08389,meso_SUB_01472_SUB_08389_fwd,1500000000.0,0.0,0.0,0,168
SUB_01472,SUB_08219,meso_SUB_01472_SUB_08219_fwd,1500000000.0,20800201.647964064,28689437.01675258,0,168
SUB_19240,SUB_19217,meso_SUB_19240_SUB_19217_rev,600000000.0,0.0,0.0,0,168
SUB_08225,SUB_08226,meso_SUB_08225_SUB_08226_fwd,1500000000.0,9126145.821544323,123229578.810846,0,168
SUB_08225,SUB_08292,meso_SUB_08225_SUB_08292_fwd,1500000000.0,0.0,0.0,0,168
SUB_02419,SUB_01423,meso_SUB_02419_SUB_01423_rev,4000000000.0,0.0,0.0,0,168
SUB_02419,SUB_02210,meso_SUB_02419_SUB_02210_rev,4000000000.0,0.0,0.0,0,168
SUB_02419,SUB_02401,meso_SUB_02419_SUB_02401_rev,3000000000.0,68808575.484398,86635889.17525773,0,168
SUB_02419,SUB_02404,meso_SUB_02419_SUB_02404_rev,600000000.0,13400186.506013978,22968602.541762117,0,168
SUB_02419,SUB_02405,meso_SUB_02419_SUB_02405_rev,1500000000.0,7478706.266228099,10213380.919780929,0,168
SUB_02419,SUB_02426,meso_SUB_02419_SUB_02426_fwd,2100000000.0,121926778.82914388,280509032.62492007,0,168
SUB_02419,SUB_01216,meso_SUB_02419_SUB_01216_rev,4000000000.0,0.0,0.0,0,168
SUB_02419,SUB_01376,meso_SUB_02419_SUB_01376_rev,8000000000.0,0.0,0.0,0,168
SUB_02419,SUB_02403,meso_SUB_02419_SUB_02403_rev,3000000000.0,45625119.85303142,55984081.02448454,0,168
SUB_02419,SUB_HIFLD_2049,meso_SUB_02419_SUB_HIFLD_2049_fwd,1500000000.0,0.0,0.0,0,168
SUB_02419,SUB_HIFLD_2068,meso_SUB_02419_SUB_HIFLD_2068_fwd,1500000000.0,45058752.531465724,57734134.37801353,0,168
SUB_02419,WEC_CALN,iface_SUB_02419_WEC_CALN_to_ba,200000000.0,0.0,0.0,0,168
SUB_02413,SUB_02412,meso_SUB_02413_SUB_02412_rev,1200000000.0,0.0,0.0,0,168
SUB_02413,SUB_HIFLD_2048,meso_SUB_02413_SUB_HIFLD_2048_fwd,600000000.0,4431062.954362842,6299933.553479382,0,168
SUB_02413,SUB_HIFLD_2056,meso_SUB_02413_SUB_HIFLD_2056_fwd,600000000.0,1227421.940822395,6573023.71939433,0,168
SUB_02413,SUB_HIFLD_2062,meso_SUB_02413_SUB_HIFLD_2062_fwd,600000000.0,10030546.932742894,19767247.869601242,0,168
SUB_04202,SUB_04230,meso_SUB_04202_SUB_04230_fwd,600000000.0,0.0,0.0,0,168
SUB_04202,SUB_04246,meso_SUB_04202_SUB_04246_fwd,600000000.0,0.0,0.0,0,168
SUB_04202,SUB_04272,meso_SUB_04202_SUB_04272_fwd,1500000000.0,0.0,0.0,0,168
SUB_04202,SUB_04329,meso_SUB_04202_SUB_04329_fwd,1500000000.0,1218457.6154654967,34634816.28524948,0,168
SUB_08224,SUB_HIFLD_2131,meso_SUB_08224_SUB_HIFLD_2131_fwd,234373632.7209014,0.0,0.0,0,168
SUB_02408,SUB_02412,meso_SUB_02408_SUB_02412_fwd,600000000.0,45125697.12666858,74916682.67861587,0,168
SUB_02408,SUB_02210,meso_SUB_02408_SUB_02210_rev,4000000000.0,0.0,0.0,0,168
SUB_02408,SUB_02270,meso_SUB_02408_SUB_02270_rev,600000000.0,0.0,0.0,0,168
SUB_02408,SUB_02425,meso_SUB_02408_SUB_02425_fwd,1200000000.0,17255016.077085633,26415564.594072163,0,168
SUB_25405,SUB_25464,meso_SUB_25405_SUB_25464_fwd,181551718.99753124,18677693.26757661,171609729.91159803,0,168
SUB_25456,SUB_25469,meso_SUB_25456_SUB_25469_fwd,1500000000.0,15931.993614649971,22274.331948191848,0,168
SUB_25456,SUB_25286,meso_SUB_25456_SUB_25286_fwd,156121312.74744093,0.0,0.0,0,168
SUB_18261,SUB_18266,meso_SUB_18261_SUB_18266_fwd,600000000.0,7525818.821458293,18104929.087919753,0,168
SUB_18261,SUB_18254,meso_SUB_18261_SUB_18254_fwd,958964896.261608,0.0,0.0,0,168
SUB_08389,SUB_01472,meso_SUB_08389_SUB_01472_rev,1500000000.0,3466201.7344845766,90554815.45262514,0,168
SUB_08389,SUB_08283,meso_SUB_08389_SUB_08283_rev,1500000000.0,11877500.830423394,158495716.17187503,0,168
SUB_08389,SUB_08380,meso_SUB_08389_SUB_08380_rev,1500000000.0,0.0,0.0,0,168
SUB_08389,SUB_08234,meso_SUB_08389_SUB_08234_rev,1500000000.0,0.0,0.0,0,168
SUB_08390,SUB_01222,meso_SUB_08390_SUB_01222_rev,1500000000.0,0.0,0.0,0,168
SUB_08390,SUB_HIFLD_2121,meso_SUB_08390_SUB_HIFLD_2121_fwd,1500000000.0,0.0,0.0,0,168
SUB_08390,SUB_HIFLD_3025,meso_SUB_08390_SUB_HIFLD_3025_fwd,1500000000.0,0.0,0.0,0,168
SUB_08390,SUB_08203,meso_SUB_08390_SUB_08203_rev,1500000000.0,48266751.51755443,77494660.11597939,0,168
SUB_16237,SUB_16348,meso_SUB_16237_SUB_16348_fwd,3600000000.0,0.0,0.0,0,168
SUB_16237,SUB_HIFLD_3849,meso_SUB_16237_SUB_HIFLD_3849_fwd,600000000.0,0.0,0.0,0,168
SUB_16237,SUB_HIFLD_4426,meso_SUB_16237_SUB_HIFLD_4426_fwd,600000000.0,0.0,0.0,0,168
SUB_16237,SUB_HIFLD_982,meso_SUB_16237_SUB_HIFLD_982_fwd,1500000000.0,0.0,0.0,0,168
SUB_16237,SUB_16288,meso_SUB_16237_SUB_16288_fwd,3000000000.0,3588209.6356767276,71233062.17783505,0,168
SUB_10204,SUB_10308,meso_SUB_10204_SUB_10308_fwd,1500000000.0,0.0,0.0,0,168
SUB_10204,SUB_10297,meso_SUB_10204_SUB_10297_fwd,1500000000.0,0.0,0.0,0,168
SUB_25224,SUB_25217,meso_SUB_25224_SUB_25217_rev,3000000000.0,0.0,0.0,0,168
SUB_25224,SUB_25230,meso_SUB_25224_SUB_25230_fwd,600000000.0,21825300.9869178,26873348.904639177,0,168
SUB_25224,SUB_25235,meso_SUB_25224_SUB_25235_fwd,1500000000.0,0.0,0.0,0,168
SUB_25224,SUB_25270,meso_SUB_25224_SUB_25270_fwd,800000000.0,0.0,0.0,0,168
SUB_25224,SUB_25412,meso_SUB_25224_SUB_25412_fwd,1500000000.0,0.0,0.0,0,168
SUB_25224,SUB_HIFLD_2722,meso_SUB_25224_SUB_HIFLD_2722_fwd,600000000.0,2417305.310391324,3387632.5707564475,0,168
SUB_02269,SUB_HIFLD_2068,meso_SUB_02269_SUB_HIFLD_2068_fwd,1500000000.0,0.0,0.0,0,168
SUB_02269,SUB_HIFLD_3835,meso_SUB_02269_SUB_HIFLD_3835_fwd,600000000.0,0.0,0.0,0,168
SUB_25318,SUB_25450,meso_SUB_25318_SUB_25450_fwd,161329040.46452495,0.0,0.0,0,168
SUB_10297,SUB_10307,meso_SUB_10297_SUB_10307_fwd,1500000000.0,13979562.960765412,19366033.746778347,0,168
SUB_10297,SUB_10375,meso_SUB_10297_SUB_10375_fwd,1500000000.0,0.0,0.0,0,168
SUB_10297,SUB_10204,meso_SUB_10297_SUB_10204_rev,1500000000.0,14928735.488097163,28401836.340206187,0,168
SUB_10211,SUB_10260,meso_SUB_10211_SUB_10260_fwd,600000000.0,0.0,0.0,0,168
SUB_10211,SUB_10284,meso_SUB_10211_SUB_10284_fwd,600000000.0,9989780.867817411,18069204.456006218,0,168
SUB_10211,SUB_10212,meso_SUB_10211_SUB_10212_rev,62870025.5258172,4238901.5673420625,5780600.636275773,0,168
SUB_08246,SUB_HIFLD_1423,meso_SUB_08246_SUB_HIFLD_1423_fwd,1500000000.0,0.0,0.0,0,168
SUB_08246,SUB_01222,meso_SUB_08246_SUB_01222_rev,3000000000.0,0.0,0.0,0,168
SUB_08246,SUB_08234,meso_SUB_08246_SUB_08234_rev,3000000000.0,0.0,0.0,0,168
SUB_08246,SUB_HIFLD_2117,meso_SUB_08246_SUB_HIFLD_2117_fwd,1500000000.0,0.0,0.0,0,168
SUB_16357,SUB_16261,meso_SUB_16357_SUB_16261_rev,3000000000.0,0.0,0.0,0,168
SUB_16357,SUB_16298,meso_SUB_16357_SUB_16298_rev,3000000000.0,0.0,0.0,0,168
SUB_25314,SUB_25208,meso_SUB_25314_SUB_25208_rev,800000000.0,0.0,0.0,0,168
SUB_06205,SUB_06207,meso_SUB_06205_SUB_06207_fwd,600000000.0,14672782.280336022,17577693.359375,0,168
SUB_25430,SUB_16371,meso_SUB_25430_SUB_16371_rev,8000000000.0,0.0,0.0,0,168
SUB_25430,SUB_HIFLD_1851,meso_SUB_25430_SUB_HIFLD_1851_fwd,4000000000.0,0.0,0.0,0,168
SUB_25430,WEC_CALN,iface_SUB_25430_WEC_CALN_to_ba,200000000.0,0.0,0.0,0,168
SUB_25408,SUB_25235,meso_SUB_25408_SUB_25235_rev,3000000000.0,910704.4971434101,10006034.071786612,0,168
SUB_25408,SUB_25256,meso_SUB_25408_SUB_25256_rev,1500000000.0,0.0,0.0,0,168
SUB_25408,SUB_25206,meso_SUB_25408_SUB_25206_rev,1500000000.0,552150.6477627618,11339476.28060567,0,168
SUB_25285,SUB_25396,meso_SUB_25285_SUB_25396_fwd,1500000000.0,56293650.37174361,87151029.23547423,0,168
SUB_25285,SUB_25529,meso_SUB_25285_SUB_25529_fwd,2014832352.2442186,0.0,0.0,0,168
SUB_01466,SUB_01365,meso_SUB_01466_SUB_01365_rev,12000000000.0,0.0,0.0,0,168
SUB_01466,SUB_01423,meso_SUB_01466_SUB_01423_rev,12000000000.0,0.0,0.0,0,168
SUB_01466,SUB_01216,meso_SUB_01466_SUB_01216_rev,4000000000.0,888654.4608827911,76053771.92861798,0,168
SUB_01466,SUB_01324,meso_SUB_01466_SUB_01324_rev,4000000000.0,0.0,0.0,0,168
SUB_01466,WEC_CALN,iface_SUB_01466_WEC_CALN_to_ba,200000000.0,0.0,0.0,0,168
SUB_04256,SUB_04209,meso_SUB_04256_SUB_04209_rev,600000000.0,18380492.4018505,22494813.39200946,0,168
SUB_04256,SUB_04214,meso_SUB_04256_SUB_04214_rev,600000000.0,33569474.17792106,84140764.52294192,0,168
SUB_04256,SUB_04257,meso_SUB_04256_SUB_04257_fwd,600000000.0,20621850.142481286,28461189.19136598,0,168
SUB_04256,SUB_04275,meso_SUB_04256_SUB_04275_fwd,1200000000.0,6846609.945021017,9861247.583762886,0,168
SUB_04256,SUB_04282,meso_SUB_04256_SUB_04282_fwd,3000000000.0,7349169.7914380515,19685756.567025054,0,168
SUB_04256,SUB_04330,meso_SUB_04256_SUB_04330_fwd,1500000000.0,40128588.215780094,58713734.35673291,0,168
SUB_04256,SUB_04332,meso_SUB_04256_SUB_04332_fwd,1500000000.0,12275885.526984999,21731080.86340206,0,168
SUB_04256,SUB_04337,meso_SUB_04256_SUB_04337_fwd,12000000000.0,0.0,0.0,0,168
SUB_04256,SUB_04343,meso_SUB_04256_SUB_04343_fwd,1500000000.0,1438914.9369390209,52859676.3932168,0,168
SUB_04256,SUB_04215,meso_SUB_04256_SUB_04215_rev,1500000000.0,40604692.809337854,63169813.1443299,0,168
SUB_04256,SUB_04248,meso_SUB_04256_SUB_04248_rev,4000000000.0,0.0,0.0,0,168
SUB_04256,SUB_04271,meso_SUB_04256_SUB_04271_fwd,600000000.0,0.0,0.0,0,168
SUB_04256,WEC_CALN,iface_SUB_04256_WEC_CALN_to_ba,15400000000.0,0.0,0.0,0,168
SUB_25477,SUB_25360,meso_SUB_25477_SUB_25360_fwd,50000000.0,22693238.27791724,50000000.0,54,168
SUB_08203,SUB_08361,meso_SUB_08203_SUB_08361_fwd,2100000000.0,0.0,0.0,0,168
SUB_08203,SUB_08363,meso_SUB_08203_SUB_08363_fwd,1500000000.0,0.0,0.0,0,168
SUB_08203,SUB_HIFLD_2149,meso_SUB_08203_SUB_HIFLD_2149_fwd,1500000000.0,0.0,0.0,0,168
SUB_08203,SUB_08390,meso_SUB_08203_SUB_08390_fwd,1500000000.0,0.0,0.0,0,168
SUB_08203,SUB_HIFLD_2058,meso_SUB_08203_SUB_HIFLD_2058_fwd,1500000000.0,0.0,0.0,0,168
SUB_18358,SUB_08284,meso_SUB_18358_SUB_08284_rev,600000000.0,0.0,0.0,0,168
SUB_18358,SUB_08293,meso_SUB_18358_SUB_08293_rev,600000000.0,895638.5253396875,1284096.125966495,0,168
SUB_25347,SUB_25231,meso_SUB_25347_SUB_25231_rev,600000000.0,0.0,0.0,0,168
SUB_25347,SUB_25245,meso_SUB_25347_SUB_25245_rev,600000000.0,307310.15945684025,17044745.02586315,0,168
SUB_25347,SUB_25446,meso_SUB_25347_SUB_25446_fwd,1500000000.0,0.0,0.0,0,168
SUB_25347,SUB_25539,meso_SUB_25347_SUB_25539_fwd,1500000000.0,24146482.56785403,80560089.92802769,0,168
SUB_25226,SUB_HIFLD_1844,meso_SUB_25226_SUB_HIFLD_1844_fwd,253454082.37502393,0.0,0.0,0,168
SUB_04248,SUB_01467,meso_SUB_04248_SUB_01467_rev,4000000000.0,0.0,0.0,0,168
SUB_04248,SUB_04201,meso_SUB_04248_SUB_04201_rev,1500000000.0,67535519.68553668,91729017.6792167,0,168
SUB_04248,SUB_04221,meso_SUB_04248_SUB_04221_rev,600000000.0,4028292.020767919,8792317.693914948,0,168
SUB_04248,SUB_04229,meso_SUB_04248_SUB_04229_rev,600000000.0,2120231.303139004,2785407.038390769,0,168
SUB_04248,SUB_04299,meso_SUB_04248_SUB_04299_fwd,1500000000.0,17474378.7717749,25400004.027061857,0,168
SUB_04248,SUB_04302,meso_SUB_04248_SUB_04302_fwd,600000000.0,5964855.065716999,8766059.53346696,0,168
SUB_04248,SUB_04309,meso_SUB_04248_SUB_04309_fwd,600000000.0,15545044.232959775,20390353.17332474,0,168
SUB_04248,SUB_04320,meso_SUB_04248_SUB_04320_fwd,600000000.0,8244188.110771049,13764320.231958764,0,168
SUB_04248,SUB_04337,meso_SUB_04248_SUB_04337_fwd,9500000000.0,0.0,0.0,0,168
SUB_04248,SUB_06380,meso_SUB_04248_SUB_06380_fwd,3000000000.0,352598.8957948465,36845481.076974936,0,168
SUB_04248,SUB_04249,meso_SUB_04248_SUB_04249_fwd,1500000000.0,8421471.146221658,10391290.47197165,0,168
SUB_04248,SUB_04256,meso_SUB_04248_SUB_04256_fwd,4000000000.0,0.0,0.0,0,168
SUB_04248,WEC_CALN,iface_SUB_04248_WEC_CALN_to_ba,4000000000.0,0.0,0.0,0,168
SUB_18297,SUB_18257,meso_SUB_18297_SUB_18257_rev,1500000000.0,0.0,0.0,0,168
SUB_18297,SUB_HIFLD_2086,meso_SUB_18297_SUB_HIFLD_2086_fwd,1500000000.0,0.0,0.0,0,168
SUB_18297,SUB_HIFLD_4291,meso_SUB_18297_SUB_HIFLD_4291_fwd,3000000000.0,7238492.350256161,8851326.487382391,0,168
SUB_16282,SUB_16298,meso_SUB_16282_SUB_16298_fwd,1500000000.0,0.0,0.0,0,168
SUB_16282,SUB_16378,meso_SUB_16282_SUB_16378_fwd,1500000000.0,0.0,0.0,0,168
SUB_16282,SUB_16261,meso_SUB_16282_SUB_16261_rev,3000000000.0,174274745.06156045,349298018.3843709,0,168
SUB_08362,SUB_08319,meso_SUB_08362_SUB_08319_rev,1500000000.0,0.0,0.0,0,168
SUB_08362,SUB_08325,meso_SUB_08362_SUB_08325_rev,1500000000.0,0.0,0.0,0,168
SUB_08362,SUB_08284,meso_SUB_08362_SUB_08284_rev,104605947.68392569,5786049.877586559,8233243.120975634,0,168
SUB_08362,SUB_08314,meso_SUB_08362_SUB_08314_rev,50000000.0,0.0,0.0,0,168
SUB_08362,SUB_08304,meso_SUB_08362_SUB_08304_rev,50000000.0,1663984.6165038582,2350946.8629188146,0,168
SUB_25276,SUB_25221,meso_SUB_25276_SUB_25221_rev,1600000000.0,0.0,0.0,0,168
SUB_25276,SUB_25539,meso_SUB_25276_SUB_25539_fwd,800000000.0,0.0,0.0,0,168
SUB_25276,SUB_25512,meso_SUB_25276_SUB_25512_fwd,4500000000.0,0.0,0.0,0,168
SUB_19233,SUB_19212,meso_SUB_19233_SUB_19212_rev,600000000.0,10226235.69673923,12742268.041237114,0,168
SUB_19233,SUB_19215,meso_SUB_19233_SUB_19215_rev,600000000.0,0.0,0.0,0,168
SUB_19233,SUB_19243,meso_SUB_19233_SUB_19243_fwd,1200000000.0,0.0,0.0,0,168
SUB_15276,SUB_15308,meso_SUB_15276_SUB_15308_fwd,3000000000.0,0.0,0.0,0,168
SUB_15276,SUB_15366,meso_SUB_15276_SUB_15366_rev,185988094.71895236,9234530.131771216,15269442.654639175,0,168
SUB_15276,WEC_CALN,iface_SUB_15276_WEC_CALN_to_ba,3327000000.0,138350487.26648512,199370507.1084689,0,168
SUB_16277,SUB_01435,meso_SUB_16277_SUB_01435_rev,1500000000.0,72813240.65511225,219836118.26030928,0,168
SUB_16277,SUB_16247,meso_SUB_16277_SUB_16247_rev,1500000000.0,4594495.514601013,90552240.20884259,0,168
SUB_16277,SUB_16261,meso_SUB_16277_SUB_16261_rev,1500000000.0,3016672.3860116126,154767714.91186965,0,168
SUB_16277,SUB_HIFLD_30,meso_SUB_16277_SUB_HIFLD_30_fwd,4500000000.0,26155825.057112943,154267232.2857437,0,168
SUB_16277,SUB_16270,meso_SUB_16277_SUB_16270_rev,1500000000.0,45856753.21565921,92048895.25653629,0,168
SUB_16277,SUB_16309,meso_SUB_16277_SUB_16309_rev,50000000.0,0.0,0.0,0,168
SUB_08343,SUB_08202,meso_SUB_08343_SUB_08202_rev,600000000.0,27212881.05987584,124025435.34985411,0,168
SUB_08343,SUB_08292,meso_SUB_08343_SUB_08292_rev,1500000000.0,102126536.60465233,246847274.3665331,0,168
SUB_08343,SUB_08377,meso_SUB_08343_SUB_08377_fwd,4000000000.0,0.0,0.0,0,168
SUB_08343,WEC_CALN,iface_SUB_08343_WEC_CALN_to_ba,13900000000.0,0.0,0.0,0,168
SUB_04318,SUB_04215,meso_SUB_04318_SUB_04215_rev,1500000000.0,0.0,0.0,0,168
SUB_04318,SUB_04349,meso_SUB_04318_SUB_04349_fwd,1500000000.0,0.0,0.0,0,168
SUB_04318,SUB_04337,meso_SUB_04318_SUB_04337_fwd,1500000000.0,0.0,0.0,0,168
SUB_04318,SUB_04347,meso_SUB_04318_SUB_04347_fwd,1500000000.0,112082.79009946843,2736951.564513531,0,168
SUB_08342,SUB_01222,meso_SUB_08342_SUB_01222_rev,3000000000.0,0.0,0.0,0,168
SUB_08342,SUB_08361,meso_SUB_08342_SUB_08361_fwd,3000000000.0,0.0,0.0,0,168
SUB_08342,SUB_08300,meso_SUB_08342_SUB_08300_rev,1500000000.0,18224273.365790818,23689548.819614198,0,168
SUB_08342,SUB_HIFLD_3163,meso_SUB_08342_SUB_HIFLD_3163_fwd,1500000000.0,2223168.8701887624,13667653.76744412,0,168
SUB_08318,SUB_08324,meso_SUB_08318_SUB_08324_fwd,1500000000.0,107358244.33773245,139108121.56180534,0,168
SUB_08318,SUB_18249,meso_SUB_08318_SUB_18249_fwd,1500000000.0,36762872.03495138,52800271.59574194,0,168
SUB_08318,SUB_18274,meso_SUB_08318_SUB_18274_fwd,1500000000.0,6198128.024815592,8496909.084719418,0,168
SUB_16345,SUB_16376,meso_SUB_16345_SUB_16376_fwd,167891636.4455201,0.0,0.0,0,168
SUB_08348,SUB_08367,meso_SUB_08348_SUB_08367_fwd,1500000000.0,0.0,0.0,0,168
SUB_25271,SUB_25236,meso_SUB_25271_SUB_25236_rev,600000000.0,0.0,0.0,0,168
SUB_01376,SUB_01216,meso_SUB_01376_SUB_01216_rev,4000000000.0,0.0,0.0,0,168
SUB_01376,SUB_01438,meso_SUB_01376_SUB_01438_fwd,3000000000.0,107845942.11188911,232149347.55406484,0,168
SUB_01376,SUB_01447,meso_SUB_01376_SUB_01447_fwd,3000000000.0,40724392.13975094,75186697.21893837,0,168
SUB_01376,SUB_01469,meso_SUB_01376_SUB_01469_fwd,4000000000.0,447999.0176845545,20062846.32731959,0,168
SUB_01376,SUB_02419,meso_SUB_01376_SUB_02419_fwd,8000000000.0,279877.11721951247,32150281.018417697,0,168
SUB_25230,SUB_25224,meso_SUB_25230_SUB_25224_rev,600000000.0,0.0,0.0,0,168
SUB_10322,SUB_10375,meso_SUB_10322_SUB_10375_fwd,50000000.0,13841732.311612085,14023432.037353516,0,168
SUB_18266,SUB_18261,meso_SUB_18266_SUB_18261_rev,600000000.0,0.0,0.0,0,168
SUB_18266,SUB_25216,meso_SUB_18266_SUB_25216_fwd,600000000.0,1228533.0118136143,9815156.70356341,0,168
SUB_18295,SUB_18263,meso_SUB_18295_SUB_18263_rev,1500000000.0,863272769.8710945,1500000000.0,17,168
SUB_18295,SUB_18301,meso_SUB_18295_SUB_18301_fwd,1500000000.0,1373118800.4762828,1500000000.0,128,168
SUB_25297,SUB_25277,meso_SUB_25297_SUB_25277_rev,800000000.0,9106158.719672859,44829247.74484536,0,168
SUB_25297,SUB_25348,meso_SUB_25297_SUB_25348_fwd,1600000000.0,0.0,0.0,0,168
SUB_25297,SUB_25380,meso_SUB_25297_SUB_25380_fwd,800000000.0,2703218.997736216,11692589.199420104,0,168
SUB_25297,SUB_25407,meso_SUB_25297_SUB_25407_fwd,800000000.0,80167047.26194441,239150985.26012328,0,168
SUB_25297,SUB_HIFLD_1232,meso_SUB_25297_SUB_HIFLD_1232_fwd,800000000.0,0.0,0.0,0,168
SUB_25297,SUB_HIFLD_411,meso_SUB_25297_SUB_HIFLD_411_fwd,800000000.0,11640462.030767225,12763373.996970983,0,168
SUB_19238,SUB_19215,meso_SUB_19238_SUB_19215_fwd,84903381.19886425,0.0,0.0,0,168
SUB_25277,SUB_25297,meso_SUB_25277_SUB_25297_fwd,800000000.0,0.0,0.0,0,168
SUB_25277,SUB_25395,meso_SUB_25277_SUB_25395_fwd,1500000000.0,0.0,0.0,0,168
SUB_25277,SUB_25407,meso_SUB_25277_SUB_25407_fwd,1500000000.0,0.0,0.0,0,168
SUB_25277,SUB_25526,meso_SUB_25277_SUB_25526_fwd,1500000000.0,0.0,0.0,0,168
SUB_25277,SUB_HIFLD_1232,meso_SUB_25277_SUB_HIFLD_1232_fwd,800000000.0,0.0,0.0,0,168
SUB_25277,SUB_25272,meso_SUB_25277_SUB_25272_rev,1500000000.0,0.0,0.0,0,168
SUB_04205,SUB_01467,meso_SUB_04205_SUB_01467_rev,4000000000.0,0.0,0.0,0,168
SUB_04205,SUB_04325,meso_SUB_04205_SUB_04325_fwd,8000000000.0,0.0,0.0,0,168
SUB_04205,SUB_06364,meso_SUB_04205_SUB_06364_fwd,8000000000.0,0.0,0.0,0,168
SUB_04205,SUB_01380,meso_SUB_04205_SUB_01380_rev,4000000000.0,5944651.354214441,293776506.16556925,0,168
SUB_04205,SUB_06359,meso_SUB_04205_SUB_06359_fwd,4000000000.0,800516.6131922414,64339226.385588825,0,168
SUB_04205,SUB_04265,meso_SUB_04205_SUB_04265_rev,412405481.7635174,27384248.543066546,36522390.46391753,0,168
SUB_04205,WEC_CALN,iface_SUB_04205_WEC_CALN_to_ba,31587594518.236485,0.0,0.0,0,168
SUB_01296,SUB_01430,meso_SUB_01296_SUB_01430_fwd,50000000.0,0.0,0.0,0,168
SUB_25993,SUB_25250,meso_SUB_25993_SUB_25250_rev,4000000000.0,15758105.985749552,283497940.1936654,0,168
SUB_25993,WEC_CALN,iface_SUB_25993_WEC_CALN_to_ba,9520000000.0,43918324.41709369,865592645.5330849,0,168
SUB_16378,SUB_16282,meso_SUB_16378_SUB_16282_rev,1500000000.0,42617399.86567091,223657133.76449323,0,168
SUB_16378,SUB_16298,meso_SUB_16378_SUB_16298_rev,1500000000.0,62280444.160160415,241636504.6326582,0,168
SUB_16378,SUB_16319,meso_SUB_16378_SUB_16319_rev,1500000000.0,151772368.94265363,246303323.26006785,0,168
SUB_16378,SUB_16335,meso_SUB_16378_SUB_16335_rev,1500000000.0,0.0,0.0,0,168
SUB_16378,SUB_16376,meso_SUB_16378_SUB_16376_rev,1500000000.0,0.0,0.0,0,168
SUB_01368,SUB_HIFLD_11,meso_SUB_01368_SUB_HIFLD_11_fwd,1500000000.0,0.0,0.0,0,168
SUB_01368,SUB_HIFLD_2989,meso_SUB_01368_SUB_HIFLD_2989_fwd,1500000000.0,0.0,0.0,0,168
SUB_04321,SUB_04214,meso_SUB_04321_SUB_04214_rev,600000000.0,0.0,0.0,0,168
SUB_04321,SUB_04287,meso_SUB_04321_SUB_04287_rev,600000000.0,1280964.0448995824,2210893.4540109537,0,168
SUB_16376,SUB_16378,meso_SUB_16376_SUB_16378_fwd,1500000000.0,0.0,0.0,0,168
SUB_16376,SUB_16335,meso_SUB_16376_SUB_16335_rev,1500000000.0,0.0,0.0,0,168
SUB_16376,SUB_16324,meso_SUB_16376_SUB_16324_rev,50000000.0,810233.2218640214,1398012.141591495,0,168
SUB_16376,SUB_16345,meso_SUB_16376_SUB_16345_rev,167891636.4455201,8441253.362476798,14167328.447164949,0,168
SUB_02418,SUB_02426,meso_SUB_02418_SUB_02426_fwd,380672811.9540428,0.0,0.0,0,168
SUB_10318,SUB_10236,meso_SUB_10318_SUB_10236_rev,600000000.0,0.0,0.0,0,168
SUB_08295,SUB_08296,meso_SUB_08295_SUB_08296_fwd,1500000000.0,0.0,0.0,0,168
SUB_08295,SUB_08391,meso_SUB_08295_SUB_08391_fwd,1397281520.1776853,56200111.99307805,249680570.83809388,0,168
SUB_04350,SUB_HIFLD_1360,meso_SUB_04350_SUB_HIFLD_1360_fwd,197171878.94974396,0.0,0.0,0,168
SUB_04350,WEC_CALN,iface_SUB_04350_WEC_CALN_to_ba,50000000.0,0.0,0.0,0,168
SUB_18318,SUB_18274,meso_SUB_18318_SUB_18274_fwd,50000000.0,0.0,0.0,0,168
SUB_08300,SUB_08299,meso_SUB_08300_SUB_08299_rev,1500000000.0,8992824.647704,11330502.980025774,0,168
SUB_08300,SUB_08342,meso_SUB_08300_SUB_08342_fwd,1500000000.0,0.0,0.0,0,168
SUB_10285,SUB_06283,meso_SUB_10285_SUB_06283_rev,1200000000.0,3081685.7214466906,10086167.042525774,0,168
SUB_10285,SUB_10260,meso_SUB_10285_SUB_10260_rev,1200000000.0,0.0,0.0,0,168
SUB_10308,SUB_10204,meso_SUB_10308_SUB_10204_rev,1500000000.0,2402810.1353974827,27938936.92992541,0,168
SUB_10308,SUB_10217,meso_SUB_10308_SUB_10217_rev,1500000000.0,2106150.1774064573,3019596.689755155,0,168
SUB_10308,SUB_10294,meso_SUB_10308_SUB_10294_rev,1500000000.0,13757884.017335454,20672541.7549516,0,168
SUB_10308,SUB_10307,meso_SUB_10308_SUB_10307_rev,3000000000.0,2408164.436441458,22764650.45103093,0,168
SUB_10308,SUB_10325,meso_SUB_10308_SUB_10325_fwd,1500000000.0,63292879.57707812,117630164.26654689,0,168
SUB_10308,SUB_10205,meso_SUB_10308_SUB_10205_rev,1500000000.0,4991671.387299129,12144822.205219071,0,168
SUB_10308,SUB_10283,meso_SUB_10308_SUB_10283_rev,3000000000.0,0.0,0.0,0,168
SUB_25391,SUB_25407,meso_SUB_25391_SUB_25407_fwd,3000000000.0,0.0,0.0,0,168
SUB_25391,SUB_HIFLD_2869,meso_SUB_25391_SUB_HIFLD_2869_fwd,1500000000.0,0.0,0.0,0,168
SUB_25391,SUB_HIFLD_369,meso_SUB_25391_SUB_HIFLD_369_rev,50000000.0,0.0,0.0,0,168
SUB_04343,SUB_04256,meso_SUB_04343_SUB_04256_rev,1500000000.0,0.0,0.0,0,168
SUB_04343,SUB_04271,meso_SUB_04343_SUB_04271_rev,600000000.0,0.0,0.0,0,168
SUB_04343,SUB_04305,meso_SUB_04343_SUB_04305_rev,1500000000.0,1670526.490506817,2674003.8055734537,0,168
SUB_04343,SUB_04307,meso_SUB_04343_SUB_04307_rev,600000000.0,4300614.886818516,10503516.631765464,0,168
SUB_04343,SUB_04329,meso_SUB_04343_SUB_04329_rev,1500000000.0,31521169.765480746,48804788.176546395,0,168
SUB_04343,SUB_04215,meso_SUB_04343_SUB_04215_rev,1500000000.0,5807695.799254748,45451912.85438144,0,168
SUB_04343,SUB_04332,meso_SUB_04343_SUB_04332_rev,1500000000.0,710167.6941131621,12165378.34246134,0,168
SUB_04343,SUB_06368,meso_SUB_04343_SUB_06368_fwd,3000000000.0,18099305.54387301,57764153.73121497,0,168
SUB_01416,SUB_01365,meso_SUB_01416_SUB_01365_rev,4000000000.0,0.0,0.0,0,168
SUB_01416,SUB_01380,meso_SUB_01416_SUB_01380_rev,4000000000.0,0.0,0.0,0,168
SUB_25209,SUB_25464,meso_SUB_25209_SUB_25464_fwd,538567509.8954275,0.0,0.0,0,168
SUB_25209,WEC_CALN,iface_SUB_25209_WEC_CALN_to_ba,27000000000.0,0.0,0.0,0,168
SUB_06313,SUB_06204,meso_SUB_06313_SUB_06204_rev,1500000000.0,0.0,0.0,0,168
SUB_06313,SUB_06362,meso_SUB_06313_SUB_06362_fwd,1500000000.0,25539580.879898652,43639541.72036082,0,168
SUB_06313,SUB_HIFLD_595,meso_SUB_06313_SUB_HIFLD_595_fwd,3000000000.0,0.0,0.0,0,168
SUB_18219,SUB_18203,meso_SUB_18219_SUB_18203_rev,600000000.0,0.0,0.0,0,168
SUB_18219,SUB_18239,meso_SUB_18219_SUB_18239_fwd,600000000.0,617954.8305685635,2152633.1950708763,0,168
SUB_25348,SUB_18301,meso_SUB_25348_SUB_18301_rev,12000000000.0,0.0,0.0,0,168
SUB_25348,SUB_25293,meso_SUB_25348_SUB_25293_rev,800000000.0,8188213.11010575,16727075.950386595,0,168
SUB_25348,SUB_25297,meso_SUB_25348_SUB_25297_rev,1600000000.0,126140893.97492269,284552883.1599341,0,168
SUB_25348,SUB_25319,meso_SUB_25348_SUB_25319_rev,800000000.0,5166298.5249049505,12053834.465067193,0,168
SUB_25348,SUB_25341,meso_SUB_25348_SUB_25341_rev,800000000.0,89192327.75602028,148170086.48869684,0,168
SUB_25348,WEC_CALN,iface_SUB_25348_WEC_CALN_to_ba,200000000.0,27657797.558368172,200000000.0,21,168
SUB_10339,SUB_10348,meso_SUB_10339_SUB_10348_fwd,600000000.0,0.0,0.0,0,168
SUB_25237,SUB_25441,meso_SUB_25237_SUB_25441_fwd,319385017.6585276,0.0,0.0,0,168
SUB_10348,SUB_10334,meso_SUB_10348_SUB_10334_rev,600000000.0,0.0,0.0,0,168
SUB_10348,SUB_10339,meso_SUB_10348_SUB_10339_rev,600000000.0,4819980.902617973,6701872.583762887,0,168
SUB_10348,SUB_10358,meso_SUB_10348_SUB_10358_fwd,600000000.0,0.0,0.0,0,168
SUB_19225,SUB_19229,meso_SUB_19225_SUB_19229_fwd,600000000.0,27685266.23645519,31023549.8046875,0,168
SUB_04316,SUB_04281,meso_SUB_04316_SUB_04281_rev,600000000.0,0.0,0.0,0,168
SUB_04316,SUB_04285,meso_SUB_04316_SUB_04285_rev,600000000.0,0.0,0.0,0,168
SUB_10344,SUB_10293,meso_SUB_10344_SUB_10293_rev,1500000000.0,2534330.0106505114,11844982.678600192,0,168
SUB_10344,SUB_10326,meso_SUB_10344_SUB_10326_rev,600000000.0,4505107.447362599,9854747.905927835,0,168
SUB_10344,SUB_10352,meso_SUB_10344_SUB_10352_fwd,1500000000.0,7377623.555816452,18562777.86726804,0,168
SUB_10344,SUB_HIFLD_2171,meso_SUB_10344_SUB_HIFLD_2171_fwd,600000000.0,0.0,0.0,0,168
SUB_10344,SUB_HIFLD_2173,meso_SUB_10344_SUB_HIFLD_2173_fwd,1500000000.0,1613667.864815231,2775369.0473271906,0,168
SUB_10236,SUB_10281,meso_SUB_10236_SUB_10281_fwd,600000000.0,0.0,0.0,0,168
SUB_10236,SUB_10318,meso_SUB_10236_SUB_10318_fwd,600000000.0,1330099.627382918,2127741.1706668814,0,168
SUB_10236,SUB_HIFLD_482,meso_SUB_10236_SUB_HIFLD_482_fwd,600000000.0,11588663.560730342,12837531.711098582,0,168
SUB_06246,SUB_01365,meso_SUB_06246_SUB_01365_rev,1500000000.0,0.0,0.0,0,168
SUB_06246,SUB_HIFLD_595,meso_SUB_06246_SUB_HIFLD_595_fwd,3000000000.0,32757787.59763747,277478872.8702047,0,168
SUB_19234,SUB_19243,meso_SUB_19234_SUB_19243_fwd,3000000000.0,25007319.016110137,61404461.669921875,0,168
SUB_10338,SUB_10345,meso_SUB_10338_SUB_10345_fwd,600000000.0,40865.564388545856,6865414.817275704,0,168
SUB_10212,SUB_10211,meso_SUB_10212_SUB_10211_fwd,62870025.5258172,0.0,0.0,0,168
SUB_25354,SUB_25245,meso_SUB_25354_SUB_25245_fwd,86037322.24228722,3767.6317555645446,204931.45611656256,0,168
SUB_15243,SUB_15203,meso_SUB_15243_SUB_15203_rev,1200000000.0,6971498.538631987,10710314.312177835,0,168
SUB_15243,SUB_15230,meso_SUB_15243_SUB_15230_rev,600000000.0,0.0,0.0,0,168
SUB_15243,SUB_15249,meso_SUB_15243_SUB_15249_fwd,600000000.0,5983878.88265241,26147477.425339215,0,168
SUB_25244,SUB_25208,meso_SUB_25244_SUB_25208_rev,800000000.0,0.0,0.0,0,168
SUB_15308,SUB_15226,meso_SUB_15308_SUB_15226_rev,1500000000.0,66821119.45945304,91516713.8671875,0,168
SUB_15308,SUB_15276,meso_SUB_15308_SUB_15276_rev,3000000000.0,20855609.294499714,80487128.77537048,0,168
SUB_01465,SUB_01343,meso_SUB_01465_SUB_01343_rev,3000000000.0,14844933.64168586,33826484.375,0,168
SUB_01465,SUB_01391,meso_SUB_01465_SUB_01391_rev,3000000000.0,3092675.4200668535,24269784.95489691,0,168
SUB_01465,SUB_01445,meso_SUB_01465_SUB_01445_rev,1500000000.0,26822393.97840058,65459817.97680412,0,168
SUB_01465,SUB_01467,meso_SUB_01465_SUB_01467_fwd,4000000000.0,5876954.303532176,66521320.3125,0,168
SUB_01465,SUB_01216,meso_SUB_01465_SUB_01216_rev,4000000000.0,536818.567559716,15127743.11372423,0,168
SUB_01465,SUB_01324,meso_SUB_01465_SUB_01324_rev,4000000000.0,335550.7171174216,14260508.61791238,0,168
SUB_01465,WEC_CALN,iface_SUB_01465_WEC_CALN_to_ba,8500000000.0,0.0,0.0,0,168
SUB_25388,SUB_HIFLD_1833,meso_SUB_25388_SUB_HIFLD_1833_fwd,1500000000.0,0.0,0.0,0,168
SUB_08319,SUB_08324,meso_SUB_08319_SUB_08324_fwd,4500000000.0,0.0,0.0,0,168
SUB_08319,SUB_08325,meso_SUB_08319_SUB_08325_fwd,1500000000.0,56762543.135445796,74106789.67818378,0,168
SUB_08319,SUB_08351,meso_SUB_08319_SUB_08351_fwd,600000000.0,0.0,0.0,0,168
SUB_08319,SUB_08362,meso_SUB_08319_SUB_08362_fwd,1500000000.0,27211832.11950595,34202442.46200725,0,168
SUB_08319,SUB_08369,meso_SUB_08319_SUB_08369_fwd,1500000000.0,13006862.36509343,17267215.68943299,0,168
SUB_08319,SUB_18238,meso_SUB_08319_SUB_18238_fwd,3000000000.0,0.0,0.0,0,168
SUB_08319,SUB_08311,meso_SUB_08319_SUB_08311_rev,50000000.0,341749.86620656285,518571.7395900451,0,168
SUB_04276,SUB_04266,meso_SUB_04276_SUB_04266_rev,600000000.0,0.0,0.0,0,168
SUB_04276,SUB_04295,meso_SUB_04276_SUB_04295_fwd,600000000.0,0.0,0.0,0,168
SUB_04276,SUB_04308,meso_SUB_04276_SUB_04308_fwd,600000000.0,2645077.3064037957,3252308.764900129,0,168
SUB_25234,SUB_25235,meso_SUB_25234_SUB_25235_fwd,2100000000.0,51981521.460854925,226892645.19884065,0,168
SUB_25234,SUB_25241,meso_SUB_25234_SUB_25241_fwd,800000000.0,0.0,0.0,0,168
SUB_25234,SUB_25409,meso_SUB_25234_SUB_25409_fwd,600000000.0,46416849.06104056,64997847.58807565,0,168
SUB_25234,SUB_25453,meso_SUB_25234_SUB_25453_fwd,1500000000.0,19855646.617590077,45626917.83457938,0,168
SUB_25234,SUB_HIFLD_217,meso_SUB_25234_SUB_HIFLD_217_fwd,600000000.0,3025227.146945951,4673597.9267766215,0,168
SUB_25234,SUB_25229,meso_SUB_25234_SUB_25229_rev,3000000000.0,14072647.59061848,19938841.01159794,0,168
SUB_25234,SUB_25294,meso_SUB_25234_SUB_25294_fwd,3000000000.0,0.0,0.0,0,168
SUB_25234,SUB_25412,meso_SUB_25234_SUB_25412_fwd,800000000.0,0.0,0.0,0,168
SUB_10254,SUB_10335,meso_SUB_10254_SUB_10335_fwd,600000000.0,7396169.728597005,8324336.181640625,0,168
SUB_25361,SUB_HIFLD_1833,meso_SUB_25361_SUB_HIFLD_1833_fwd,540107068.3741552,0.0,0.0,0,168
SUB_10321,SUB_15375,meso_SUB_10321_SUB_15375_fwd,122094435.14595994,0.0,0.0,0,168
SUB_25219,SUB_25269,meso_SUB_25219_SUB_25269_fwd,800000000.0,0.0,0.0,0,168
SUB_25219,SUB_25281,meso_SUB_25219_SUB_25281_fwd,800000000.0,40337687.37358457,41681541.83105469,0,168
SUB_04263,SUB_04212,meso_SUB_04263_SUB_04212_rev,600000000.0,0.0,0.0,0,168
SUB_04263,SUB_04227,meso_SUB_04263_SUB_04227_rev,600000000.0,0.0,0.0,0,168
SUB_04263,SUB_04337,meso_SUB_04263_SUB_04337_fwd,600000000.0,0.0,0.0,0,168
SUB_16330,SUB_16242,meso_SUB_16330_SUB_16242_rev,1200000000.0,0.0,0.0,0,168
SUB_16330,SUB_16312,meso_SUB_16330_SUB_16312_rev,600000000.0,0.0,0.0,0,168
SUB_16330,SUB_16370,meso_SUB_16330_SUB_16370_fwd,600000000.0,1958053.791119178,6651208.118556701,0,168
SUB_01392,SUB_01391,meso_SUB_01392_SUB_01391_rev,600000000.0,8551805.632966675,25527742.42912371,0,168
SUB_01392,SUB_01467,meso_SUB_01392_SUB_01467_fwd,1200000000.0,35698039.36900204,50097309.5703125,0,168
SUB_01392,SUB_04204,meso_SUB_01392_SUB_04204_fwd,1200000000.0,302069.11284714326,22352309.993153997,0,168
SUB_25216,SUB_18266,meso_SUB_25216_SUB_18266_rev,600000000.0,1637328.6581062838,12034123.30863402,0,168
SUB_25216,SUB_25238,meso_SUB_25216_SUB_25238_fwd,600000000.0,797334.8172786603,1126756.9315802192,0,168
SUB_01430,SUB_01202,meso_SUB_01430_SUB_01202_rev,1500000000.0,0.0,0.0,0,168
SUB_01430,SUB_01353,meso_SUB_01430_SUB_01353_rev,1500000000.0,0.0,0.0,0,168
SUB_01430,SUB_01385,meso_SUB_01430_SUB_01385_rev,50000000.0,593089.9714159509,1102018.1872181057,0,168
SUB_01430,SUB_01355,meso_SUB_01430_SUB_01355_rev,50000000.0,1226159.7687202045,2223276.669217139,0,168
SUB_01430,SUB_01296,meso_SUB_01430_SUB_01296_rev,50000000.0,1436501.0631862786,2739137.00064433,0,168
SUB_02411,SUB_02404,meso_SUB_02411_SUB_02404_rev,600000000.0,0.0,0.0,0,168
SUB_02411,SUB_02410,meso_SUB_02411_SUB_02410_rev,600000000.0,4717955.260541314,10185174.37177835,0,168
SUB_01434,SUB_01250,meso_SUB_01434_SUB_01250_rev,1500000000.0,0.0,0.0,0,168
SUB_04249,SUB_04248,meso_SUB_04249_SUB_04248_rev,1500000000.0,0.0,0.0,0,168
SUB_04349,SUB_04227,meso_SUB_04349_SUB_04227_rev,600000000.0,0.0,0.0,0,168
SUB_04349,SUB_04318,meso_SUB_04349_SUB_04318_rev,1500000000.0,0.0,0.0,0,168
SUB_04349,SUB_04337,meso_SUB_04349_SUB_04337_rev,1500000000.0,0.0,0.0,0,168
SUB_04349,SUB_04347,meso_SUB_04349_SUB_04347_rev,1500000000.0,4795099.3219075035,7243989.610180412,0,168
SUB_18222,SUB_18229,meso_SUB_18222_SUB_18229_fwd,600000000.0,8890964.924171384,10778582.07152062,0,168
SUB_18222,SUB_18235,meso_SUB_18222_SUB_18235_fwd,1500000000.0,0.0,0.0,0,168
SUB_18222,SUB_18240,meso_SUB_18222_SUB_18240_fwd,2100000000.0,16081576.659437131,20398584.48775773,0,168
SUB_18222,SUB_18285,meso_SUB_18222_SUB_18285_fwd,600000000.0,25968614.65374019,31372152.93992122,0,168
SUB_18222,SUB_18238,meso_SUB_18222_SUB_18238_fwd,1500000000.0,0.0,0.0,0,168
SUB_19246,SUB_19222,meso_SUB_19246_SUB_19222_rev,600000000.0,13458977.077107718,31031507.583801813,0,168
SUB_19246,SUB_19229,meso_SUB_19246_SUB_19229_rev,600000000.0,0.0,0.0,0,168
SUB_19246,SUB_19231,meso_SUB_19246_SUB_19231_rev,600000000.0,11965.29667460573,1052558.1910438144,0,168
SUB_19246,SUB_19241,meso_SUB_19246_SUB_19241_rev,1500000000.0,355437.2294392724,482563.21228656574,0,168
SUB_19246,SUB_19243,meso_SUB_19246_SUB_19243_rev,600000000.0,0.0,0.0,0,168
SUB_19246,SUB_HIFLD_2356,meso_SUB_19246_SUB_HIFLD_2356_fwd,1500000000.0,0.0,0.0,0,168
SUB_19246,SUB_10293,meso_SUB_19246_SUB_10293_rev,1500000000.0,0.0,0.0,0,168
SUB_04285,SUB_04281,meso_SUB_04285_SUB_04281_rev,600000000.0,0.0,0.0,0,168
SUB_04285,SUB_04286,meso_SUB_04285_SUB_04286_fwd,600000000.0,3188172.9490579404,4159430.2971769255,0,168
SUB_04285,SUB_04316,meso_SUB_04285_SUB_04316_fwd,600000000.0,0.0,0.0,0,168
SUB_01338,SUB_01318,meso_SUB_01338_SUB_01318_fwd,50000000.0,0.0,0.0,0,168
SUB_06344,SUB_06332,meso_SUB_06344_SUB_06332_rev,600000000.0,1800460.7296366852,4215115.576675258,0,168
SUB_06344,SUB_15215,meso_SUB_06344_SUB_15215_fwd,600000000.0,0.0,0.0,0,168
SUB_06344,SUB_06203,meso_SUB_06344_SUB_06203_rev,600000000.0,0.0,0.0,0,168
SUB_16371,SUB_16368,meso_SUB_16371_SUB_16368_rev,8600000000.0,0.0,0.0,0,168
SUB_16371,SUB_25430,meso_SUB_16371_SUB_25430_fwd,8000000000.0,0.0,0.0,0,168
SUB_16371,SUB_HIFLD_1851,meso_SUB_16371_SUB_HIFLD_1851_fwd,4000000000.0,0.0,0.0,0,168
SUB_16371,WEC_CALN,iface_SUB_16371_WEC_CALN_to_ba,200000000.0,0.0,0.0,0,168
SUB_25295,SUB_25268,meso_SUB_25295_SUB_25268_rev,600000000.0,6706362.7199302,34880231.99668471,0,168
SUB_25295,SUB_25500,meso_SUB_25295_SUB_25500_rev,132811438.65975565,4484337.821965314,12351824.25902062,0,168
SUB_25295,SUB_25273,meso_SUB_25295_SUB_25273_rev,67168441.77460277,4626962.875044106,5431723.683150772,0,168
SUB_25284,SUB_HIFLD_2511,meso_SUB_25284_SUB_HIFLD_2511_fwd,600000000.0,0.0,0.0,0,168
SUB_25280,SUB_25245,meso_SUB_25280_SUB_25245_rev,800000000.0,0.0,0.0,0,168
SUB_06207,SUB_06202,meso_SUB_06207_SUB_06202_rev,600000000.0,6873548.258465737,15635502.6953125,0,168
SUB_06207,SUB_06205,meso_SUB_06207_SUB_06205_rev,600000000.0,0.0,0.0,0,168
SUB_06207,SUB_06254,meso_SUB_06207_SUB_06254_fwd,600000000.0,1773172.3656108847,5317504.127738402,0,168
SUB_06207,SUB_06277,meso_SUB_06207_SUB_06277_fwd,600000000.0,5787344.032679431,31327044.342669737,0,168
SUB_16362,SUB_16230,meso_SUB_16362_SUB_16230_rev,600000000.0,0.0,0.0,0,168
SUB_16362,SUB_16312,meso_SUB_16362_SUB_16312_rev,600000000.0,0.0,0.0,0,168
SUB_16362,SUB_16372,meso_SUB_16362_SUB_16372_fwd,600000000.0,0.0,0.0,0,168
SUB_04299,SUB_04201,meso_SUB_04299_SUB_04201_rev,1500000000.0,0.0,0.0,0,168
SUB_04299,SUB_04248,meso_SUB_04299_SUB_04248_rev,1500000000.0,0.0,0.0,0,168
SUB_10327,SUB_HIFLD_2188,meso_SUB_10327_SUB_HIFLD_2188_fwd,50000000.0,0.0,0.0,0,168
SUB_01302,SUB_01233,meso_SUB_01302_SUB_01233_rev,600000000.0,0.0,0.0,0,168
SUB_08301,SUB_08325,meso_SUB_08301_SUB_08325_fwd,600000000.0,0.0,0.0,0,168
SUB_02286,SUB_02210,meso_SUB_02286_SUB_02210_rev,1500000000.0,0.0,0.0,0,168
SUB_02286,SUB_02272,meso_SUB_02286_SUB_02272_rev,600000000.0,21423352.299724795,45500113.17722342,0,168
SUB_02286,SUB_02264,meso_SUB_02286_SUB_02264_rev,1500000000.0,0.0,0.0,0,168
SUB_02286,SUB_02270,meso_SUB_02286_SUB_02270_rev,600000000.0,5103092.783505156,5103092.783505155,0,168
SUB_02286,SUB_02244,meso_SUB_02286_SUB_02244_rev,50000000.0,1555989.3923175645,2096078.7743637243,0,168
SUB_01426,SUB_01467,meso_SUB_01426_SUB_01467_fwd,1500000000.0,0.0,0.0,0,168
SUB_01426,SUB_04204,meso_SUB_01426_SUB_04204_fwd,1500000000.0,0.0,0.0,0,168
SUB_01426,SUB_01437,meso_SUB_01426_SUB_01437_rev,139122899.06423923,10000722.50403665,12098865.375322165,0,168
SUB_15206,SUB_15258,meso_SUB_15206_SUB_15258_fwd,1200000000.0,15314728.053394625,58765000.805412374,0,168
SUB_15206,SUB_HIFLD_2010,meso_SUB_15206_SUB_HIFLD_2010_fwd,1200000000.0,0.0,0.0,0,168
SUB_10252,SUB_10291,meso_SUB_10252_SUB_10291_fwd,600000000.0,0.0,0.0,0,168
SUB_10252,SUB_10309,meso_SUB_10252_SUB_10309_fwd,600000000.0,2277904.3209114876,5540316.42638531,0,168
SUB_15247,SUB_15220,meso_SUB_15247_SUB_15220_rev,600000000.0,0.0,0.0,0,168
SUB_15290,SUB_15215,meso_SUB_15290_SUB_15215_rev,1500000000.0,0.0,0.0,0,168
SUB_15290,SUB_15375,meso_SUB_15290_SUB_15375_fwd,1500000000.0,0.0,0.0,0,168
SUB_15290,SUB_15376,meso_SUB_15290_SUB_15376_fwd,600000000.0,0.0,0.0,0,168
SUB_15290,SUB_15378,meso_SUB_15290_SUB_15378_fwd,1500000000.0,12016.872430351006,2018834.5682989692,0,168
SUB_15257,SUB_15246,meso_SUB_15257_SUB_15246_rev,3000000000.0,0.0,0.0,0,168
SUB_15257,SUB_HIFLD_597,meso_SUB_15257_SUB_HIFLD_597_fwd,1500000000.0,0.0,0.0,0,168
SUB_02281,SUB_02272,meso_SUB_02281_SUB_02272_rev,600000000.0,0.0,0.0,0,168
SUB_02281,SUB_02410,meso_SUB_02281_SUB_02410_fwd,600000000.0,1214454.5692290284,7838736.30798969,0,168
SUB_01432,SUB_01365,meso_SUB_01432_SUB_01365_rev,1200000000.0,0.0,0.0,0,168
SUB_01432,SUB_16209,meso_SUB_01432_SUB_16209_fwd,600000000.0,0.0,0.0,0,168
SUB_01432,SUB_16374,meso_SUB_01432_SUB_16374_fwd,600000000.0,0.0,0.0,0,168
SUB_16298,SUB_16282,meso_SUB_16298_SUB_16282_rev,1500000000.0,0.0,0.0,0,168
SUB_16298,SUB_16357,meso_SUB_16298_SUB_16357_fwd,3000000000.0,9741156.389389075,12087026.82023196,0,168
SUB_16298,SUB_16378,meso_SUB_16298_SUB_16378_fwd,1500000000.0,0.0,0.0,0,168
SUB_16298,SUB_16261,meso_SUB_16298_SUB_16261_rev,3000000000.0,40773175.66081017,219607032.40689594,0,168
SUB_16298,SUB_16319,meso_SUB_16298_SUB_16319_fwd,1500000000.0,0.0,0.0,0,168
SUB_04328,SUB_04204,meso_SUB_04328_SUB_04204_rev,3000000000.0,0.0,0.0,0,168
SUB_04328,SUB_06380,meso_SUB_04328_SUB_06380_fwd,1500000000.0,0.0,0.0,0,168
SUB_04328,SUB_04255,meso_SUB_04328_SUB_04255_rev,50000000.0,572541.485291576,791359.2466374034,0,168
SUB_04328,SUB_04245,meso_SUB_04328_SUB_04245_rev,156789930.1285542,7080960.821602119,10111441.889497424,0,168
SUB_15370,SUB_15244,meso_SUB_15370_SUB_15244_rev,1500000000.0,383761.8516927084,3467831.85234375,0,168
SUB_15203,SUB_15243,meso_SUB_15203_SUB_15243_fwd,1200000000.0,0.0,0.0,0,168
SUB_01254,SUB_01211,meso_SUB_01254_SUB_01211_rev,1500000000.0,38285438.07682218,48449097.7365597,0,168
SUB_01254,SUB_01318,meso_SUB_01254_SUB_01318_fwd,1500000000.0,0.0,0.0,0,168
SUB_01254,SUB_HIFLD_1131,meso_SUB_01254_SUB_HIFLD_1131_fwd,1500000000.0,1629208.803894632,7991827.223270272,0,168
SUB_01254,SUB_01201,meso_SUB_01254_SUB_01201_rev,1500000000.0,42813806.02352383,56123140.55933372,0,168
SUB_01254,SUB_01380,meso_SUB_01254_SUB_01380_fwd,4500000000.0,0.0,0.0,0,168
SUB_01254,SUB_01352,meso_SUB_01254_SUB_01352_rev,50000000.0,502410.2605670822,730693.1957756121,0,168
SUB_01254,SUB_01267,meso_SUB_01254_SUB_01267_rev,50000000.0,777647.9946730123,1066328.7290592783,0,168
SUB_25468,SUB_25232,meso_SUB_25468_SUB_25232_rev,800000000.0,24030916.486478753,83778180.28684701,0,168
SUB_25468,SUB_18256,meso_SUB_25468_SUB_18256_rev,135428517.8221544,4385371.3610958755,12647588.39752269,0,168
SUB_25468,SUB_25440,meso_SUB_25468_SUB_25440_rev,50000000.0,40242.014635879146,55692.17721211541,0,168
SUB_06381,SUB_06208,meso_SUB_06381_SUB_06208_rev,1200000000.0,0.0,0.0,0,168
SUB_04277,SUB_04282,meso_SUB_04277_SUB_04282_fwd,1500000000.0,0.0,0.0,0,168
SUB_06283,SUB_06202,meso_SUB_06283_SUB_06202_rev,600000000.0,0.0,0.0,0,168
SUB_06283,SUB_06288,meso_SUB_06283_SUB_06288_fwd,600000000.0,0.0,0.0,0,168
SUB_06283,SUB_10285,meso_SUB_06283_SUB_10285_fwd,1200000000.0,606017.6559096173,7949674.814755155,0,168
SUB_10326,SUB_10293,meso_SUB_10326_SUB_10293_rev,1200000000.0,0.0,0.0,0,168
SUB_10326,SUB_10344,meso_SUB_10326_SUB_10344_fwd,600000000.0,0.0,0.0,0,168
SUB_08377,SUB_08337,meso_SUB_08377_SUB_08337_rev,4000000000.0,0.0,0.0,0,168
SUB_08377,SUB_08343,meso_SUB_08377_SUB_08343_rev,4000000000.0,0.0,0.0,0,168
SUB_08377,WEC_CALN,iface_SUB_08377_WEC_CALN_to_ba,8000000000.0,0.0,0.0,0,168
SUB_01438,SUB_HIFLD_2791,meso_SUB_01438_SUB_HIFLD_2791_fwd,1500000000.0,15469926.96476992,62447148.8885168,0,168
SUB_01438,SUB_01376,meso_SUB_01438_SUB_01376_rev,3000000000.0,0.0,0.0,0,168
SUB_01438,SUB_HIFLD_28,meso_SUB_01438_SUB_HIFLD_28_fwd,1500000000.0,39712233.75329161,136068134.55429193,0,168
SUB_01438,SUB_HIFLD_3448,meso_SUB_01438_SUB_HIFLD_3448_fwd,1500000000.0,13140699.238171812,65031960.19704029,0,168
SUB_25231,SUB_25347,meso_SUB_25231_SUB_25347_fwd,600000000.0,39744552.275006756,101638367.91871409,0,168
SUB_25231,SUB_25367,meso_SUB_25231_SUB_25367_fwd,1500000000.0,0.0,0.0,0,168
SUB_25231,SUB_25446,meso_SUB_25231_SUB_25446_fwd,1500000000.0,22801.10508188876,32490.598540945153,0,168
SUB_25231,SUB_25537,meso_SUB_25231_SUB_25537_fwd,800000000.0,0.0,0.0,0,168
SUB_25231,SUB_25242,meso_SUB_25231_SUB_25242_fwd,1500000000.0,29571287.867422342,41017932.5064433,0,168
SUB_16321,SUB_16207,meso_SUB_16321_SUB_16207_rev,1200000000.0,3230863.9563706885,13918099.62951031,0,168
SUB_16321,SUB_16348,meso_SUB_16321_SUB_16348_fwd,1200000000.0,0.0,0.0,0,168
SUB_15378,SUB_15290,meso_SUB_15378_SUB_15290_rev,1500000000.0,788801.9763904418,11080687.5,0,168
SUB_15378,SUB_15215,meso_SUB_15378_SUB_15215_rev,1500000000.0,0.0,0.0,0,168
SUB_04246,SUB_04202,meso_SUB_04246_SUB_04202_rev,600000000.0,0.0,0.0,0,168
SUB_04246,SUB_04230,meso_SUB_04246_SUB_04230_rev,600000000.0,0.0,0.0,0,168
SUB_18282,SUB_18257,meso_SUB_18282_SUB_18257_rev,1500000000.0,26466486.47343672,33330993.022578105,0,168
SUB_18282,SUB_18260,meso_SUB_18282_SUB_18260_rev,1500000000.0,0.0,0.0,0,168
SUB_18282,SUB_18267,meso_SUB_18282_SUB_18267_rev,3000000000.0,0.0,0.0,0,168
SUB_18282,SUB_18281,meso_SUB_18282_SUB_18281_rev,1500000000.0,10768986.483102884,54196835.17534555,0,168
SUB_18282,SUB_18301,meso_SUB_18282_SUB_18301_fwd,8000000000.0,0.0,0.0,0,168
SUB_18282,SUB_18206,meso_SUB_18282_SUB_18206_rev,1500000000.0,2641053.6783374753,33309499.838917527,0,168
SUB_18282,WEC_CALN,iface_SUB_18282_WEC_CALN_to_ba,200000000.0,21571786.881239567,200000000.0,17,168
SUB_19239,SUB_19218,meso_SUB_19239_SUB_19218_rev,600000000.0,0.0,0.0,0,168
SUB_19239,SUB_19243,meso_SUB_19239_SUB_19243_fwd,600000000.0,0.0,0.0,0,168
SUB_19239,SUB_19245,meso_SUB_19239_SUB_19245_fwd,600000000.0,0.0,0.0,0,168
SUB_25409,SUB_25234,meso_SUB_25409_SUB_25234_rev,600000000.0,0.0,0.0,0,168
SUB_25409,SUB_HIFLD_2511,meso_SUB_25409_SUB_HIFLD_2511_fwd,600000000.0,16970958.951467525,22934497.793072514,0,168
SUB_25450,SUB_25246,meso_SUB_25450_SUB_25246_rev,1500000000.0,4913835.752992323,20739833.68234536,0,168
SUB_25450,SUB_25290,meso_SUB_25450_SUB_25290_rev,3000000000.0,0.0,0.0,0,168
SUB_25450,SUB_25318,meso_SUB_25450_SUB_25318_rev,161329040.46452495,11715810.172933541,16628204.53447165,0,168
SUB_25457,SUB_25476,meso_SUB_25457_SUB_25476_fwd,1500000000.0,930897.8576115926,16161191.204896906,0,168
SUB_25457,SUB_25526,meso_SUB_25457_SUB_25526_fwd,4000000000.0,0.0,0.0,0,168
SUB_25457,WEC_CALN,iface_SUB_25457_WEC_CALN_to_ba,2500000000.0,0.0,0.0,0,168
SUB_25431,SUB_25464,meso_SUB_25431_SUB_25464_fwd,163112657.1957324,2570994.6424849518,12949643.054915627,0,168
SUB_01380,SUB_01210,meso_SUB_01380_SUB_01210_rev,1500000000.0,14947167.91084474,107871545.43999594,0,168
SUB_01380,SUB_01311,meso_SUB_01380_SUB_01311_rev,1500000000.0,157133618.28723013,262624173.34896567,0,168
SUB_01380,SUB_01318,meso_SUB_01380_SUB_01318_rev,1500000000.0,2476875.44498662,3796947.5805246304,0,168
SUB_01380,SUB_01353,meso_SUB_01380_SUB_01353_rev,1500000000.0,52398740.2606934,167001761.29545215,0,168
SUB_01380,SUB_01365,meso_SUB_01380_SUB_01365_rev,4000000000.0,0.0,0.0,0,168
SUB_01380,SUB_01409,meso_SUB_01380_SUB_01409_fwd,4000000000.0,0.0,0.0,0,168
SUB_01380,SUB_01423,meso_SUB_01380_SUB_01423_fwd,12000000000.0,0.0,0.0,0,168
SUB_01380,SUB_01467,meso_SUB_01380_SUB_01467_fwd,4000000000.0,0.0,0.0,0,168
SUB_01380,SUB_01254,meso_SUB_01380_SUB_01254_rev,4500000000.0,120956714.53709278,146246134.08633304,0,168
SUB_01380,SUB_01324,meso_SUB_01380_SUB_01324_rev,4000000000.0,0.0,0.0,0,168
SUB_01380,SUB_01416,meso_SUB_01380_SUB_01416_fwd,4000000000.0,0.0,0.0,0,168
SUB_01380,SUB_04205,meso_SUB_01380_SUB_04205_fwd,4000000000.0,0.0,0.0,0,168
SUB_01380,SUB_04325,meso_SUB_01380_SUB_04325_fwd,4000000000.0,0.0,0.0,0,168
SUB_01380,WEC_CALN,iface_SUB_01380_WEC_CALN_to_ba,200000000.0,0.0,0.0,0,168
SUB_18226,SUB_18201,meso_SUB_18226_SUB_18201_rev,600000000.0,0.0,0.0,0,168
SUB_18226,SUB_18220,meso_SUB_18226_SUB_18220_rev,600000000.0,0.0,0.0,0,168
SUB_18226,SUB_18230,meso_SUB_18226_SUB_18230_fwd,600000000.0,145978.6409013811,2973275.662451675,0,168
SUB_25395,SUB_25277,meso_SUB_25395_SUB_25277_rev,1500000000.0,0.0,0.0,0,168
SUB_25395,SUB_25337,meso_SUB_25395_SUB_25337_rev,800000000.0,0.0,0.0,0,168
SUB_25395,SUB_25339,meso_SUB_25395_SUB_25339_rev,800000000.0,7329186.534671212,30302533.203125,0,168
SUB_25395,SUB_25272,meso_SUB_25395_SUB_25272_rev,1500000000.0,0.0,0.0,0,168
SUB_25395,SUB_25545,meso_SUB_25395_SUB_25545_rev,221858122.9071958,2745666.5488595306,13498302.593427835,0,168
SUB_25529,SUB_25241,meso_SUB_25529_SUB_25241_rev,3000000000.0,0.0,0.0,0,168
SUB_25529,SUB_25427,meso_SUB_25529_SUB_25427_rev,800000000.0,13056722.229932768,21539366.543170102,0,168
SUB_25529,SUB_25206,meso_SUB_25529_SUB_25206_rev,1500000000.0,30981377.602873676,108317262.13361606,0,168
SUB_25529,SUB_25285,meso_SUB_25529_SUB_25285_rev,2014832352.2442186,117029108.11098078,180992154.21082473,0,168
SUB_25454,SUB_25290,meso_SUB_25454_SUB_25290_rev,3000000000.0,0.0,0.0,0,168
SUB_25454,SUB_25355,meso_SUB_25454_SUB_25355_rev,1500000000.0,0.0,0.0,0,168
SUB_18206,SUB_18267,meso_SUB_18206_SUB_18267_fwd,3000000000.0,0.0,0.0,0,168
SUB_18206,SUB_18281,meso_SUB_18206_SUB_18281_fwd,1500000000.0,0.0,0.0,0,168
SUB_18206,SUB_18282,meso_SUB_18206_SUB_18282_fwd,1500000000.0,0.0,0.0,0,168
SUB_25365,SUB_25286,meso_SUB_25365_SUB_25286_rev,1500000000.0,25097527.217864525,44009742.28871535,0,168
SUB_25365,SUB_25261,meso_SUB_25365_SUB_25261_rev,1500000000.0,0.0,0.0,0,168
SUB_08337,SUB_01223,meso_SUB_08337_SUB_01223_rev,8600000000.0,0.0,0.0,0,168
SUB_08337,SUB_08202,meso_SUB_08337_SUB_08202_rev,600000000.0,38606383.45542845,142205111.84294453,0,168
SUB_08337,SUB_08377,meso_SUB_08337_SUB_08377_fwd,4000000000.0,0.0,0.0,0,168
SUB_08337,WEC_CALN,iface_SUB_08337_WEC_CALN_to_ba,10800000000.0,0.0,0.0,0,168
SUB_10265,SUB_10249,meso_SUB_10265_SUB_10249_fwd,50000000.0,0.0,0.0,0,168
SUB_10346,SUB_10293,meso_SUB_10346_SUB_10293_rev,1500000000.0,39016540.78127186,52442780.029296875,0,168
SUB_HIFLD_1,SUB_HIFLD_1140,meso_SUB_HIFLD_1_SUB_HIFLD_1140_fwd,1500000000.0,100128.86735769131,8594956.105025772,0,168
SUB_HIFLD_1,SUB_HIFLD_28,meso_SUB_HIFLD_1_SUB_HIFLD_28_fwd,1500000000.0,0.0,0.0,0,168
SUB_HIFLD_11,SUB_01368,meso_SUB_HIFLD_11_SUB_01368_rev,1500000000.0,10372862.456306305,55778826.945098326,0,168
SUB_HIFLD_11,SUB_HIFLD_2791,meso_SUB_HIFLD_11_SUB_HIFLD_2791_fwd,1500000000.0,0.0,0.0,0,168
SUB_HIFLD_11,SUB_HIFLD_2989,meso_SUB_HIFLD_11_SUB_HIFLD_2989_fwd,1500000000.0,0.0,0.0,0,168
SUB_HIFLD_11,SUB_HIFLD_3448,meso_SUB_HIFLD_11_SUB_HIFLD_3448_fwd,1500000000.0,0.0,0.0,0,168
SUB_HIFLD_28,SUB_01209,meso_SUB_HIFLD_28_SUB_01209_rev,1500000000.0,63705659.29234934,70735059.60051547,0,168
SUB_HIFLD_28,SUB_HIFLD_1,meso_SUB_HIFLD_28_SUB_HIFLD_1_rev,1500000000.0,15511279.712346599,31232951.43363402,0,168
SUB_HIFLD_28,SUB_HIFLD_2989,meso_SUB_HIFLD_28_SUB_HIFLD_2989_fwd,1500000000.0,10040084.14740724,60832226.68121009,0,168
SUB_HIFLD_28,SUB_HIFLD_3547,meso_SUB_HIFLD_28_SUB_HIFLD_3547_fwd,1500000000.0,10891912.101704407,15462730.549291236,0,168
SUB_HIFLD_28,SUB_01311,meso_SUB_HIFLD_28_SUB_01311_rev,3000000000.0,0.0,0.0,0,168
SUB_HIFLD_28,SUB_01438,meso_SUB_HIFLD_28_SUB_01438_rev,1500000000.0,0.0,0.0,0,168
SUB_HIFLD_28,SUB_HIFLD_3448,meso_SUB_HIFLD_28_SUB_HIFLD_3448_fwd,1500000000.0,41774.47147210204,3919293.905041881,0,168
SUB_HIFLD_30,SUB_01223,meso_SUB_HIFLD_30_SUB_01223_rev,4000000000.0,0.0,0.0,0,168
SUB_HIFLD_30,SUB_01365,meso_SUB_HIFLD_30_SUB_01365_rev,12000000000.0,0.0,0.0,0,168
SUB_HIFLD_30,SUB_16242,meso_SUB_HIFLD_30_SUB_16242_rev,4000000000.0,0.0,0.0,0,168
SUB_HIFLD_30,SUB_16277,meso_SUB_HIFLD_30_SUB_16277_rev,4500000000.0,0.0,0.0,0,168
SUB_HIFLD_30,SUB_16391,meso_SUB_HIFLD_30_SUB_16391_rev,4000000000.0,0.0,0.0,0,168
SUB_HIFLD_30,SUB_HIFLD_2318,meso_SUB_HIFLD_30_SUB_HIFLD_2318_rev,1500000000.0,269429.09503985825,10108580.804915259,0,168
SUB_HIFLD_30,SUB_HIFLD_982,meso_SUB_HIFLD_30_SUB_HIFLD_982_fwd,27500000000.0,0.0,0.0,0,168
SUB_HIFLD_30,SUB_01216,meso_SUB_HIFLD_30_SUB_01216_rev,4000000000.0,532345.5777711676,89434057.06555617,0,168
SUB_HIFLD_30,SUB_01222,meso_SUB_HIFLD_30_SUB_01222_rev,8000000000.0,121488191.54746233,562244288.388738,0,168
SUB_HIFLD_30,SUB_01324,meso_SUB_HIFLD_30_SUB_01324_rev,4000000000.0,0.0,0.0,0,168
SUB_HIFLD_30,SUB_01459,meso_SUB_HIFLD_30_SUB_01459_rev,4000000000.0,50966393.677417,100090165.91494845,0,168
SUB_HIFLD_30,SUB_06359,meso_SUB_HIFLD_30_SUB_06359_rev,15000000000.0,10499808.309164548,57659368.07719006,0,168
SUB_HIFLD_30,SUB_16267,meso_SUB_HIFLD_30_SUB_16267_rev,4000000000.0,6904173.587067536,40308207.86517613,0,168
SUB_HIFLD_30,SUB_16288,meso_SUB_HIFLD_30_SUB_16288_rev,30000000000.0,33032538.485840898,89212184.92268041,0,168
SUB_HIFLD_30,SUB_16329,meso_SUB_HIFLD_30_SUB_16329_rev,1500000000.0,14684213.371974036,25677577.31958763,0,168
SUB_HIFLD_30,SUB_16348,meso_SUB_HIFLD_30_SUB_16348_rev,8000000000.0,0.0,0.0,0,168
SUB_HIFLD_30,SUB_16380,meso_SUB_HIFLD_30_SUB_16380_rev,1500000000.0,24703138.207804065,42002593.427835055,0,168
SUB_HIFLD_30,SUB_HIFLD_1135,meso_SUB_HIFLD_30_SUB_HIFLD_1135_rev,30000000000.0,0.0,0.0,0,168
SUB_HIFLD_30,WEC_CALN,iface_SUB_HIFLD_30_WEC_CALN_to_ba,78500000000.0,0.0,0.0,0,168
SUB_HIFLD_41,SUB_16216,meso_SUB_HIFLD_41_SUB_16216_rev,1500000000.0,152799.75923928223,1990202.199942824,0,168
SUB_HIFLD_41,SUB_HIFLD_2947,meso_SUB_HIFLD_41_SUB_HIFLD_2947_rev,1500000000.0,24060297.667939384,33574928.08694631,0,168
SUB_HIFLD_41,SUB_16369,meso_SUB_HIFLD_41_SUB_16369_rev,1500000000.0,1179658.6521244189,1513876.2483891752,0,168
SUB_HIFLD_41,SUB_16356,meso_SUB_HIFLD_41_SUB_16356_rev,50000000.0,0.0,0.0,0,168
SUB_HIFLD_48,SUB_18304,meso_SUB_HIFLD_48_SUB_18304_rev,1500000000.0,0.0,0.0,0,168
SUB_HIFLD_48,SUB_HIFLD_3903,meso_SUB_HIFLD_48_SUB_HIFLD_3903_rev,1500000000.0,0.0,0.0,0,168
SUB_HIFLD_48,SUB_HIFLD_4291,meso_SUB_HIFLD_48_SUB_HIFLD_4291_rev,1500000000.0,0.0,0.0,0,168
SUB_HIFLD_48,SUB_18310,meso_SUB_HIFLD_48_SUB_18310_rev,1500000000.0,6810697.452356024,8328213.091978093,0,168
SUB_HIFLD_135,SUB_HIFLD_3267,meso_SUB_HIFLD_135_SUB_HIFLD_3267_fwd,800000000.0,1534125.6922111828,1921439.1963998068,0,168
SUB_HIFLD_135,SUB_HIFLD_136,meso_SUB_HIFLD_135_SUB_HIFLD_136_fwd,1600000000.0,6475345.11217595,8718614.69562761,0,168
SUB_HIFLD_135,SUB_HIFLD_140,meso_SUB_HIFLD_135_SUB_HIFLD_140_fwd,800000000.0,0.0,0.0,0,168
SUB_HIFLD_136,SUB_HIFLD_141,meso_SUB_HIFLD_136_SUB_HIFLD_141_fwd,1500000000.0,572230.9891593533,724181.0592179446,0,168
SUB_HIFLD_136,SUB_HIFLD_3269,meso_SUB_HIFLD_136_SUB_HIFLD_3269_fwd,800000000.0,0.0,0.0,0,168
SUB_HIFLD_136,SUB_HIFLD_3270,meso_SUB_HIFLD_136_SUB_HIFLD_3270_fwd,800000000.0,2296416.6102446937,2895663.4271739074,0,168
SUB_HIFLD_136,SUB_HIFLD_135,meso_SUB_HIFLD_136_SUB_HIFLD_135_rev,1600000000.0,0.0,0.0,0,168
SUB_HIFLD_136,SUB_HIFLD_138,meso_SUB_HIFLD_136_SUB_HIFLD_138_fwd,800000000.0,3388134.067481092,4342488.522873712,0,168
SUB_HIFLD_136,SUB_HIFLD_142,meso_SUB_HIFLD_136_SUB_HIFLD_142_fwd,1600000000.0,0.0,0.0,0,168
SUB_HIFLD_138,SUB_HIFLD_3269,meso_SUB_HIFLD_138_SUB_HIFLD_3269_fwd,800000000.0,0.0,0.0,0,168
SUB_HIFLD_138,SUB_HIFLD_136,meso_SUB_HIFLD_138_SUB_HIFLD_136_rev,800000000.0,0.0,0.0,0,168
SUB_HIFLD_139,SUB_HIFLD_146,meso_SUB_HIFLD_139_SUB_HIFLD_146_fwd,800000000.0,866119.4079871499,1089356.72720683,0,168
SUB_HIFLD_139,SUB_HIFLD_3268,meso_SUB_HIFLD_139_SUB_HIFLD_3268_fwd,800000000.0,0.0,0.0,0,168
SUB_HIFLD_139,SUB_HIFLD_142,meso_SUB_HIFLD_139_SUB_HIFLD_142_fwd,1600000000.0,0.0,0.0,0,168
SUB_HIFLD_140,SUB_HIFLD_3268,meso_SUB_HIFLD_140_SUB_HIFLD_3268_fwd,800000000.0,2360754.292798482,2840899.3960190453,0,168
SUB_HIFLD_140,SUB_HIFLD_135,meso_SUB_HIFLD_140_SUB_HIFLD_135_rev,800000000.0,9894444.800280068,12965899.06192603,0,168
SUB_HIFLD_140,SUB_HIFLD_142,meso_SUB_HIFLD_140_SUB_HIFLD_142_fwd,800000000.0,7313238.946650689,17969598.314874645,0,168
SUB_HIFLD_140,WEC_CALN,iface_SUB_HIFLD_140_WEC_CALN_to_ba,50000000.0,0.0,0.0,0,168
SUB_HIFLD_141,SUB_HIFLD_136,meso_SUB_HIFLD_141_SUB_HIFLD_136_rev,1500000000.0,0.0,0.0,0,168
SUB_HIFLD_142,SUB_HIFLD_3268,meso_SUB_HIFLD_142_SUB_HIFLD_3268_fwd,800000000.0,0.0,0.0,0,168
SUB_HIFLD_142,SUB_HIFLD_3269,meso_SUB_HIFLD_142_SUB_HIFLD_3269_fwd,800000000.0,2497476.1483941847,5130928.849601279,0,168
SUB_HIFLD_142,SUB_HIFLD_136,meso_SUB_HIFLD_142_SUB_HIFLD_136_rev,1600000000.0,636500.0554237376,9052166.434930671,0,168
SUB_HIFLD_142,SUB_HIFLD_139,meso_SUB_HIFLD_142_SUB_HIFLD_139_rev,1600000000.0,829677.7372866679,1304339.9688756382,0,168
SUB_HIFLD_142,SUB_HIFLD_140,meso_SUB_HIFLD_142_SUB_HIFLD_140_rev,800000000.0,0.0,0.0,0,168
SUB_HIFLD_146,SUB_HIFLD_139,meso_SUB_HIFLD_146_SUB_HIFLD_139_rev,800000000.0,0.0,0.0,0,168
SUB_HIFLD_147,SUB_HIFLD_148,meso_SUB_HIFLD_147_SUB_HIFLD_148_fwd,600000000.0,0.0,0.0,0,168
SUB_HIFLD_148,SUB_HIFLD_147,meso_SUB_HIFLD_148_SUB_HIFLD_147_rev,600000000.0,9317106.476354435,13351909.834085053,0,168
SUB_HIFLD_148,SUB_HIFLD_3065,meso_SUB_HIFLD_148_SUB_HIFLD_3065_fwd,315644530.56745505,0.0,0.0,0,168
SUB_HIFLD_189,SUB_HIFLD_217,meso_SUB_HIFLD_189_SUB_HIFLD_217_fwd,600000000.0,0.0,0.0,0,168
SUB_HIFLD_189,SUB_25406,meso_SUB_HIFLD_189_SUB_25406_rev,50000000.0,803682.2102265317,1144713.09701192,0,168
SUB_HIFLD_217,SUB_25234,meso_SUB_HIFLD_217_SUB_25234_rev,600000000.0,0.0,0.0,0,168
SUB_HIFLD_217,SUB_HIFLD_189,meso_SUB_HIFLD_217_SUB_HIFLD_189_rev,600000000.0,828538.3610582801,1180116.5948576494,0,168
SUB_HIFLD_217,SUB_25460,meso_SUB_HIFLD_217_SUB_25460_rev,50000000.0,2105931.971479293,3371302.150451031,0,168
SUB_HIFLD_255,SUB_19222,meso_SUB_HIFLD_255_SUB_19222_rev,1500000000.0,1058565.3832594322,2219381.4432989694,0,168
SUB_HIFLD_255,SUB_19231,meso_SUB_HIFLD_255_SUB_19231_rev,1500000000.0,1114390.6355021219,1362583.1839964562,0,168
SUB_HIFLD_255,SUB_19232,meso_SUB_HIFLD_255_SUB_19232_rev,50000000.0,267043.98123844614,336082.4742268041,0,168
SUB_HIFLD_273,SUB_19217,meso_SUB_HIFLD_273_SUB_19217_rev,600000000.0,0.0,0.0,0,168
SUB_HIFLD_326,SUB_HIFLD_1248,meso_SUB_HIFLD_326_SUB_HIFLD_1248_rev,800000000.0,0.0,0.0,0,168
SUB_HIFLD_326,SUB_HIFLD_364,meso_SUB_HIFLD_326_SUB_HIFLD_364_fwd,800000000.0,0.0,0.0,0,168
SUB_HIFLD_335,SUB_25293,meso_SUB_HIFLD_335_SUB_25293_rev,1600000000.0,11357815.581717955,87000000.0,0,168
SUB_HIFLD_335,SUB_HIFLD_364,meso_SUB_HIFLD_335_SUB_HIFLD_364_fwd,800000000.0,0.0,0.0,0,168
SUB_HIFLD_364,SUB_HIFLD_1248,meso_SUB_HIFLD_364_SUB_HIFLD_1248_rev,800000000.0,0.0,0.0,0,168
SUB_HIFLD_364,SUB_HIFLD_326,meso_SUB_HIFLD_364_SUB_HIFLD_326_rev,800000000.0,0.0,0.0,0,168
SUB_HIFLD_364,SUB_HIFLD_335,meso_SUB_HIFLD_364_SUB_HIFLD_335_rev,800000000.0,0.0,0.0,0,168
SUB_HIFLD_369,SUB_25391,meso_SUB_HIFLD_369_SUB_25391_fwd,50000000.0,0.0,0.0,0,168
SUB_HIFLD_411,SUB_25297,meso_SUB_HIFLD_411_SUB_25297_rev,800000000.0,0.0,0.0,0,168
SUB_HIFLD_411,SUB_25429,meso_SUB_HIFLD_411_SUB_25429_rev,120090590.15589313,11291248.16984421,12380472.777061855,0,168
SUB_HIFLD_459,SUB_HIFLD_2722,meso_SUB_HIFLD_459_SUB_HIFLD_2722_rev,600000000.0,0.0,0.0,0,168
SUB_HIFLD_459,SUB_25371,meso_SUB_HIFLD_459_SUB_25371_rev,50000000.0,2274442.5665471973,3187423.4858247424,0,168
SUB_HIFLD_464,WEC_CALN,iface_SUB_HIFLD_464_WEC_CALN_to_ba,50000000.0,0.0,0.0,0,168
SUB_HIFLD_481,SUB_HIFLD_1860,meso_SUB_HIFLD_481_SUB_HIFLD_1860_rev,800000000.0,0.0,0.0,0,168
SUB_HIFLD_481,SUB_HIFLD_1864,meso_SUB_HIFLD_481_SUB_HIFLD_1864_rev,1600000000.0,0.0,0.0,0,168
SUB_HIFLD_482,SUB_10236,meso_SUB_HIFLD_482_SUB_10236_rev,600000000.0,0.0,0.0,0,168
SUB_HIFLD_482,SUB_10330,meso_SUB_HIFLD_482_SUB_10330_rev,600000000.0,0.0,0.0,0,168
SUB_HIFLD_482,SUB_10355,meso_SUB_HIFLD_482_SUB_10355_rev,600000000.0,11241003.65390843,12452405.759765625,0,168
SUB_HIFLD_523,SUB_10255,meso_SUB_HIFLD_523_SUB_10255_rev,600000000.0,0.0,0.0,0,168
SUB_HIFLD_523,SUB_HIFLD_1327,meso_SUB_HIFLD_523_SUB_HIFLD_1327_rev,600000000.0,0.0,0.0,0,168
SUB_HIFLD_523,SUB_HIFLD_4077,meso_SUB_HIFLD_523_SUB_HIFLD_4077_rev,50000000.0,0.0,0.0,0,168
SUB_HIFLD_595,SUB_06204,meso_SUB_HIFLD_595_SUB_06204_rev,1500000000.0,42446896.67237888,101175068.42967372,0,168
SUB_HIFLD_595,SUB_06246,meso_SUB_HIFLD_595_SUB_06246_rev,3000000000.0,1171.571754660329,196824.05478293524,0,168
SUB_HIFLD_595,SUB_06313,meso_SUB_HIFLD_595_SUB_06313_rev,3000000000.0,72527893.2637486,106147773.78208366,0,168
SUB_HIFLD_595,SUB_15375,meso_SUB_HIFLD_595_SUB_15375_rev,1500000000.0,7595395.799286755,84308899.23815963,0,168
SUB_HIFLD_595,SUB_16368,meso_SUB_HIFLD_595_SUB_16368_rev,4000000000.0,0.0,0.0,0,168
SUB_HIFLD_597,SUB_HIFLD_4127,meso_SUB_HIFLD_597_SUB_HIFLD_4127_rev,1500000000.0,0.0,0.0,0,168
SUB_HIFLD_597,SUB_15226,meso_SUB_HIFLD_597_SUB_15226_rev,3000000000.0,0.0,0.0,0,168
SUB_HIFLD_597,SUB_15246,meso_SUB_HIFLD_597_SUB_15246_rev,1500000000.0,5301487.638019041,55594693.030823715,0,168
SUB_HIFLD_597,SUB_15257,meso_SUB_HIFLD_597_SUB_15257_rev,1500000000.0,11782070.401319245,42501779.961340204,0,168
SUB_HIFLD_597,SUB_15361,meso_SUB_HIFLD_597_SUB_15361_rev,3000000000.0,69035783.627003,144782058.89972365,0,168
SUB_HIFLD_597,SUB_16368,meso_SUB_HIFLD_597_SUB_16368_rev,1500000000.0,6188977.473953565,76036322.46778296,0,168
SUB_HIFLD_597,SUB_16391,meso_SUB_HIFLD_597_SUB_16391_rev,8000000000.0,0.0,0.0,0,168
SUB_HIFLD_597,SUB_HIFLD_2010,meso_SUB_HIFLD_597_SUB_HIFLD_2010_rev,1500000000.0,6665748.124979431,40649052.12422533,0,168
SUB_HIFLD_597,WEC_CALN,iface_SUB_HIFLD_597_WEC_CALN_to_ba,14414020126.795326,0.0,0.0,0,168
SUB_HIFLD_659,SUB_15376,meso_SUB_HIFLD_659_SUB_15376_rev,600000000.0,17653035.838016935,62534665.49854121,0,168
SUB_HIFLD_659,WEC_CALN,iface_SUB_HIFLD_659_WEC_CALN_to_ba,200000000.0,0.0,0.0,0,168
SUB_HIFLD_982,SUB_01435,meso_SUB_HIFLD_982_SUB_01435_rev,1500000000.0,25381425.846495453,596998739.5090185,0,168
SUB_HIFLD_982,SUB_16237,meso_SUB_HIFLD_982_SUB_16237_rev,1500000000.0,49198112.71053826,130154509.97714952,0,168
SUB_HIFLD_982,SUB_16348,meso_SUB_HIFLD_982_SUB_16348_rev,4000000000.0,26184684.572595578,113698526.87250371,0,168
SUB_HIFLD_982,SUB_25367,meso_SUB_HIFLD_982_SUB_25367_rev,20500000000.0,0.0,0.0,0,168
SUB_HIFLD_982,SUB_HIFLD_30,meso_SUB_HIFLD_982_SUB_HIFLD_30_rev,27500000000.0,158020818.04562432,722757851.6914535,0,168
SUB_HIFLD_982,WEC_CALN,iface_SUB_HIFLD_982_WEC_CALN_to_ba,200000000.0,0.0,0.0,0,168
SUB_HIFLD_1062,SUB_10349,meso_SUB_HIFLD_1062_SUB_10349_fwd,50000000.0,0.0,0.0,0,168
SUB_HIFLD_1131,SUB_01201,meso_SUB_HIFLD_1131_SUB_01201_rev,1500000000.0,372003.0710749203,16142449.184570312,0,168
SUB_HIFLD_1131,SUB_01254,meso_SUB_HIFLD_1131_SUB_01254_rev,1500000000.0,0.0,0.0,0,168
SUB_HIFLD_1131,SUB_HIFLD_1139,meso_SUB_HIFLD_1131_SUB_HIFLD_1139_fwd,1500000000.0,33735.80580548908,5667615.375322165,0,168
SUB_HIFLD_1135,SUB_16374,meso_SUB_HIFLD_1135_SUB_16374_rev,600000000.0,0.0,0.0,0,168
SUB_HIFLD_1135,SUB_16288,meso_SUB_HIFLD_1135_SUB_16288_rev,15000000000.0,17987061.205655605,73199025.45103092,0,168
SUB_HIFLD_1135,SUB_HIFLD_30,meso_SUB_HIFLD_1135_SUB_HIFLD_30_fwd,30000000000.0,0.0,0.0,0,168
SUB_HIFLD_1139,SUB_HIFLD_1140,meso_SUB_HIFLD_1139_SUB_HIFLD_1140_fwd,1500000000.0,19057676.413870137,32695351.044015788,0,168
SUB_HIFLD_1139,SUB_HIFLD_4231,meso_SUB_HIFLD_1139_SUB_HIFLD_4231_fwd,1500000000.0,3801812.8287316686,15049152.072221402,0,168
SUB_HIFLD_1139,SUB_HIFLD_1131,meso_SUB_HIFLD_1139_SUB_HIFLD_1131_rev,1500000000.0,1519987.3199054631,19607826.81117107,0,168
SUB_HIFLD_1140,SUB_HIFLD_1,meso_SUB_HIFLD_1140_SUB_HIFLD_1_rev,1500000000.0,7987680.570451893,21355764.926757812,0,168
SUB_HIFLD_1140,SUB_HIFLD_1139,meso_SUB_HIFLD_1140_SUB_HIFLD_1139_rev,1500000000.0,0.0,0.0,0,168
SUB_HIFLD_1153,SUB_HIFLD_1833,meso_SUB_HIFLD_1153_SUB_HIFLD_1833_fwd,1500000000.0,0.0,0.0,0,168
SUB_HIFLD_1153,SUB_HIFLD_2705,meso_SUB_HIFLD_1153_SUB_HIFLD_2705_fwd,1500000000.0,0.0,0.0,0,168
SUB_HIFLD_1153,SUB_HIFLD_3623,meso_SUB_HIFLD_1153_SUB_HIFLD_3623_fwd,1500000000.0,0.0,0.0,0,168
SUB_HIFLD_1232,SUB_25277,meso_SUB_HIFLD_1232_SUB_25277_rev,800000000.0,9960000.0,9960000.0,0,168
SUB_HIFLD_1232,SUB_25297,meso_SUB_HIFLD_1232_SUB_25297_rev,800000000.0,0.0,0.0,0,168
SUB_HIFLD_1248,SUB_HIFLD_326,meso_SUB_HIFLD_1248_SUB_HIFLD_326_fwd,800000000.0,0.0,0.0,0,168
SUB_HIFLD_1248,SUB_HIFLD_364,meso_SUB_HIFLD_1248_SUB_HIFLD_364_fwd,800000000.0,0.0,0.0,0,168
SUB_HIFLD_1294,SUB_10372,meso_SUB_HIFLD_1294_SUB_10372_rev,4000000000.0,72464261.42242509,76439208.37593079,0,168
SUB_HIFLD_1294,SUB_HIFLD_1295,meso_SUB_HIFLD_1294_SUB_HIFLD_1295_rev,50000000.0,0.0,0.0,0,168
SUB_HIFLD_1295,SUB_HIFLD_1294,meso_SUB_HIFLD_1295_SUB_HIFLD_1294_fwd,50000000.0,45913775.91701235,50000000.0,94,168
SUB_HIFLD_1297,SUB_10132,meso_SUB_HIFLD_1297_SUB_10132_rev,4000000000.0,0.0,0.0,0,168
SUB_HIFLD_1297,WEC_CALN,iface_SUB_HIFLD_1297_WEC_CALN_to_ba,4000000000.0,68773631.99682462,68782921.71859741,0,168
SUB_HIFLD_1327,SUB_HIFLD_2193,meso_SUB_HIFLD_1327_SUB_HIFLD_2193_fwd,600000000.0,0.0,0.0,0,168
SUB_HIFLD_1327,SUB_HIFLD_3082,meso_SUB_HIFLD_1327_SUB_HIFLD_3082_fwd,600000000.0,0.0,0.0,0,168
SUB_HIFLD_1327,SUB_HIFLD_523,meso_SUB_HIFLD_1327_SUB_HIFLD_523_fwd,600000000.0,0.0,0.0,0,168
SUB_HIFLD_1332,SUB_HIFLD_2003,meso_SUB_HIFLD_1332_SUB_HIFLD_2003_fwd,600000000.0,1980757.2916786517,2974812.489932345,0,168
SUB_HIFLD_1332,SUB_HIFLD_2009,meso_SUB_HIFLD_1332_SUB_HIFLD_2009_fwd,600000000.0,0.0,0.0,0,168
SUB_HIFLD_1332,SUB_HIFLD_2751,meso_SUB_HIFLD_1332_SUB_HIFLD_2751_fwd,600000000.0,2262038.180052093,3630680.9258215204,0,168
SUB_HIFLD_1333,SUB_HIFLD_1917,meso_SUB_HIFLD_1333_SUB_HIFLD_1917_fwd,600000000.0,0.0,0.0,0,168
SUB_HIFLD_1333,SUB_HIFLD_2005,meso_SUB_HIFLD_1333_SUB_HIFLD_2005_fwd,600000000.0,13293716.674112065,19202412.779654063,0,168
SUB_HIFLD_1333,SUB_HIFLD_2009,meso_SUB_HIFLD_1333_SUB_HIFLD_2009_fwd,600000000.0,6071890.079690846,10112216.006752962,0,168
SUB_HIFLD_1357,SUB_06364,meso_SUB_HIFLD_1357_SUB_06364_rev,10100000000.0,5989194.700005342,67048809.90927542,0,168
SUB_HIFLD_1357,SUB_10225,meso_SUB_HIFLD_1357_SUB_10225_rev,8000000000.0,0.0,0.0,0,168
SUB_HIFLD_1357,SUB_HIFLD_2010,meso_SUB_HIFLD_1357_SUB_HIFLD_2010_fwd,4000000000.0,5022792.495006341,152234827.65305176,0,168
SUB_HIFLD_1357,WEC_CALN,iface_SUB_HIFLD_1357_WEC_CALN_to_ba,200000000.0,0.0,0.0,0,168
SUB_HIFLD_1360,SUB_04350,meso_SUB_HIFLD_1360_SUB_04350_rev,197171878.94974396,0.0,0.0,0,168
SUB_HIFLD_1396,WEC_CALN,iface_SUB_HIFLD_1396_WEC_CALN_to_ba,50000000.0,0.0,0.0,0,168
SUB_HIFLD_1418,SUB_HIFLD_2058,meso_SUB_HIFLD_1418_SUB_HIFLD_2058_fwd,1200000000.0,0.0,0.0,0,168
SUB_HIFLD_1418,SUB_HIFLD_2062,meso_SUB_HIFLD_1418_SUB_HIFLD_2062_fwd,600000000.0,5107312.368976244,19220159.87643147,0,168
SUB_HIFLD_1418,SUB_02402,meso_SUB_HIFLD_1418_SUB_02402_rev,502756140.9022589,32982154.267151445,44333754.832474224,0,168
SUB_HIFLD_1423,SUB_01222,meso_SUB_HIFLD_1423_SUB_01222_rev,3000000000.0,0.0,0.0,0,168
SUB_HIFLD_1423,SUB_08246,meso_SUB_HIFLD_1423_SUB_08246_rev,1500000000.0,0.0,0.0,0,168
SUB_HIFLD_1423,SUB_HIFLD_2117,meso_SUB_HIFLD_1423_SUB_HIFLD_2117_fwd,1500000000.0,0.0,0.0,0,168
SUB_HIFLD_1423,SUB_HIFLD_3161,meso_SUB_HIFLD_1423_SUB_HIFLD_3161_fwd,600000000.0,79814.87380914028,2517148.991221005,0,168
SUB_HIFLD_1423,SUB_HIFLD_3263,meso_SUB_HIFLD_1423_SUB_HIFLD_3263_fwd,1500000000.0,0.0,0.0,0,168
SUB_HIFLD_1423,SUB_HIFLD_3165,meso_SUB_HIFLD_1423_SUB_HIFLD_3165_fwd,3000000000.0,0.0,0.0,0,168
SUB_HIFLD_1423,SUB_HIFLD_3170,meso_SUB_HIFLD_1423_SUB_HIFLD_3170_fwd,3000000000.0,19662.187002310286,742653.9470240013,0,168
SUB_HIFLD_1815,SUB_04341,meso_SUB_HIFLD_1815_SUB_04341_fwd,50000000.0,1400000.0,1400000.0,0,168
SUB_HIFLD_1823,SUB_04341,meso_SUB_HIFLD_1823_SUB_04341_fwd,50000000.0,0.0,0.0,0,168
SUB_HIFLD_1827,SUB_04341,meso_SUB_HIFLD_1827_SUB_04341_rev,3000000000.0,0.0,0.0,0,168
SUB_HIFLD_1827,SUB_HIFLD_3212,meso_SUB_HIFLD_1827_SUB_HIFLD_3212_fwd,1500000000.0,0.0,0.0,0,168
SUB_HIFLD_1829,SUB_25470,meso_SUB_HIFLD_1829_SUB_25470_rev,1500000000.0,2207433.3194084507,19785927.43234536,0,168
SUB_HIFLD_1829,SUB_HIFLD_2705,meso_SUB_HIFLD_1829_SUB_HIFLD_2705_fwd,1500000000.0,0.0,0.0,0,168
SUB_HIFLD_1829,SUB_HIFLD_1844,meso_SUB_HIFLD_1829_SUB_HIFLD_1844_fwd,1500000000.0,0.0,0.0,0,168
SUB_HIFLD_1832,SUB_HIFLD_3356,meso_SUB_HIFLD_1832_SUB_HIFLD_3356_fwd,1500000000.0,28165337.806622546,32729785.965813976,0,168
SUB_HIFLD_1832,SUB_HIFLD_1848,meso_SUB_HIFLD_1832_SUB_HIFLD_1848_fwd,1500000000.0,11615760.981833637,17139022.229381442,0,168
SUB_HIFLD_1832,WEC_CALN,iface_SUB_HIFLD_1832_WEC_CALN_to_ba,50000000.0,0.0,0.0,0,168
SUB_HIFLD_1833,SUB_25388,meso_SUB_HIFLD_1833_SUB_25388_rev,1500000000.0,37587427.39539387,60354213.79522165,0,168
SUB_HIFLD_1833,SUB_HIFLD_1153,meso_SUB_HIFLD_1833_SUB_HIFLD_1153_rev,1500000000.0,4475882.601647761,13459079.010953609,0,168
SUB_HIFLD_1833,SUB_HIFLD_1840,meso_SUB_HIFLD_1833_SUB_HIFLD_1840_fwd,1500000000.0,0.0,0.0,0,168
SUB_HIFLD_1833,SUB_HIFLD_3623,meso_SUB_HIFLD_1833_SUB_HIFLD_3623_fwd,1500000000.0,13503402.658153139,31749804.490298517,0,168
SUB_HIFLD_1833,SUB_HIFLD_1836,meso_SUB_HIFLD_1833_SUB_HIFLD_1836_fwd,1500000000.0,2464727.110235229,3646903.441124356,0,168
SUB_HIFLD_1833,SUB_HIFLD_1851,meso_SUB_HIFLD_1833_SUB_HIFLD_1851_fwd,1500000000.0,0.0,0.0,0,168
SUB_HIFLD_1833,SUB_HIFLD_2705,meso_SUB_HIFLD_1833_SUB_HIFLD_2705_fwd,1500000000.0,0.0,0.0,0,168
SUB_HIFLD_1833,SUB_25361,meso_SUB_HIFLD_1833_SUB_25361_rev,540107068.3741552,30337337.83884849,51034097.13273196,0,168
SUB_HIFLD_1836,SUB_HIFLD_3623,meso_SUB_HIFLD_1836_SUB_HIFLD_3623_fwd,1500000000.0,0.0,0.0,0,168
SUB_HIFLD_1836,SUB_HIFLD_1833,meso_SUB_HIFLD_1836_SUB_HIFLD_1833_rev,1500000000.0,0.0,0.0,0,168
SUB_HIFLD_1840,SUB_HIFLD_1833,meso_SUB_HIFLD_1840_SUB_HIFLD_1833_rev,1500000000.0,0.0,0.0,0,168
SUB_HIFLD_1840,SUB_HIFLD_1851,meso_SUB_HIFLD_1840_SUB_HIFLD_1851_fwd,1500000000.0,0.0,0.0,0,168
SUB_HIFLD_1844,SUB_HIFLD_1829,meso_SUB_HIFLD_1844_SUB_HIFLD_1829_rev,1500000000.0,0.0,0.0,0,168
SUB_HIFLD_1844,SUB_HIFLD_2705,meso_SUB_HIFLD_1844_SUB_HIFLD_2705_fwd,1500000000.0,0.0,0.0,0,168
SUB_HIFLD_1844,SUB_25226,meso_SUB_HIFLD_1844_SUB_25226_rev,253454082.37502393,16282513.952091387,24928394.81314433,0,168
SUB_HIFLD_1845,SUB_25245,meso_SUB_HIFLD_1845_SUB_25245_rev,600000000.0,13382.610464301337,1737219.5673181575,0,168
SUB_HIFLD_1845,SUB_25281,meso_SUB_HIFLD_1845_SUB_25281_rev,1400000000.0,0.0,0.0,0,168
SUB_HIFLD_1845,SUB_HIFLD_1851,meso_SUB_HIFLD_1845_SUB_HIFLD_1851_fwd,1500000000.0,0.0,0.0,0,168
SUB_HIFLD_1845,SUB_HIFLD_2705,meso_SUB_HIFLD_1845_SUB_HIFLD_2705_fwd,1500000000.0,39000594.25465007,51520892.961011596,0,168
SUB_HIFLD_1848,SUB_HIFLD_3356,meso_SUB_HIFLD_1848_SUB_HIFLD_3356_fwd,1500000000.0,0.0,0.0,0,168
SUB_HIFLD_1848,SUB_HIFLD_1832,meso_SUB_HIFLD_1848_SUB_HIFLD_1832_rev,1500000000.0,0.0,0.0,0,168
SUB_HIFLD_1851,SUB_16371,meso_SUB_HIFLD_1851_SUB_16371_rev,4000000000.0,0.0,0.0,0,168
SUB_HIFLD_1851,SUB_25242,meso_SUB_HIFLD_1851_SUB_25242_rev,1500000000.0,0.0,0.0,0,168
SUB_HIFLD_1851,SUB_25245,meso_SUB_HIFLD_1851_SUB_25245_rev,3000000000.0,0.0,0.0,0,168
SUB_HIFLD_1851,SUB_25430,meso_SUB_HIFLD_1851_SUB_25430_rev,4000000000.0,0.0,0.0,0,168
SUB_HIFLD_1851,SUB_25461,meso_SUB_HIFLD_1851_SUB_25461_rev,4000000000.0,0.0,0.0,0,168
SUB_HIFLD_1851,SUB_25536,meso_SUB_HIFLD_1851_SUB_25536_rev,3000000000.0,0.0,0.0,0,168
SUB_HIFLD_1851,SUB_HIFLD_1840,meso_SUB_HIFLD_1851_SUB_HIFLD_1840_rev,1500000000.0,10379773.692307545,15322081.386920104,0,168
SUB_HIFLD_1851,SUB_HIFLD_1845,meso_SUB_HIFLD_1851_SUB_HIFLD_1845_rev,1500000000.0,0.0,0.0,0,168
SUB_HIFLD_1851,SUB_25512,meso_SUB_HIFLD_1851_SUB_25512_rev,4000000000.0,26303504.96118357,73927063.55783026,0,168
SUB_HIFLD_1851,SUB_HIFLD_1833,meso_SUB_HIFLD_1851_SUB_HIFLD_1833_rev,1500000000.0,109767695.50797571,185054085.1970761,0,168
SUB_HIFLD_1851,WEC_CALN,iface_SUB_HIFLD_1851_WEC_CALN_to_ba,16000000000.0,0.0,0.0,0,168
SUB_HIFLD_1853,SUB_HIFLD_1866,meso_SUB_HIFLD_1853_SUB_HIFLD_1866_fwd,800000000.0,219398.9140880886,277514.1135933473,0,168
SUB_HIFLD_1853,SUB_HIFLD_1867,meso_SUB_HIFLD_1853_SUB_HIFLD_1867_fwd,800000000.0,0.0,0.0,0,168
SUB_HIFLD_1854,SUB_HIFLD_1856,meso_SUB_HIFLD_1854_SUB_HIFLD_1856_fwd,800000000.0,303608.4363784753,380788.11488200707,0,168
SUB_HIFLD_1854,SUB_HIFLD_2514,meso_SUB_HIFLD_1854_SUB_HIFLD_2514_fwd,4000000000.0,0.0,0.0,0,168
SUB_HIFLD_1854,SUB_HIFLD_3436,meso_SUB_HIFLD_1854_SUB_HIFLD_3436_fwd,800000000.0,323654.8589969535,405968.67197567655,0,168
SUB_HIFLD_1854,SUB_HIFLD_1862,meso_SUB_HIFLD_1854_SUB_HIFLD_1862_fwd,4000000000.0,0.0,0.0,0,168
SUB_HIFLD_1854,WEC_CALN,iface_SUB_HIFLD_1854_WEC_CALN_to_ba,200000000.0,0.0,0.0,0,168
SUB_HIFLD_1856,SUB_HIFLD_1854,meso_SUB_HIFLD_1856_SUB_HIFLD_1854_rev,800000000.0,0.0,0.0,0,168
SUB_HIFLD_1860,SUB_HIFLD_3104,meso_SUB_HIFLD_1860_SUB_HIFLD_3104_fwd,800000000.0,0.0,0.0,0,168
SUB_HIFLD_1860,SUB_HIFLD_481,meso_SUB_HIFLD_1860_SUB_HIFLD_481_fwd,800000000.0,0.0,0.0,0,168
SUB_HIFLD_1862,SUB_HIFLD_1854,meso_SUB_HIFLD_1862_SUB_HIFLD_1854_rev,4000000000.0,643583.1299603463,2546458.3145645955,0,168
SUB_HIFLD_1862,SUB_10372,meso_SUB_HIFLD_1862_SUB_10372_fwd,66581692.39684471,0.0,0.0,0,168
SUB_HIFLD_1864,SUB_HIFLD_3104,meso_SUB_HIFLD_1864_SUB_HIFLD_3104_fwd,800000000.0,0.0,0.0,0,168
SUB_HIFLD_1864,SUB_HIFLD_481,meso_SUB_HIFLD_1864_SUB_HIFLD_481_fwd,1600000000.0,0.0,0.0,0,168
SUB_HIFLD_1866,SUB_HIFLD_1853,meso_SUB_HIFLD_1866_SUB_HIFLD_1853_rev,800000000.0,0.0,0.0,0,168
SUB_HIFLD_1867,SUB_HIFLD_1853,meso_SUB_HIFLD_1867_SUB_HIFLD_1853_rev,800000000.0,304678.11040524655,385382.3781507607,0,168
SUB_HIFLD_1867,SUB_HIFLD_3283,meso_SUB_HIFLD_1867_SUB_HIFLD_3283_fwd,800000000.0,0.0,0.0,0,168
SUB_HIFLD_1917,SUB_HIFLD_1333,meso_SUB_HIFLD_1917_SUB_HIFLD_1333_rev,600000000.0,19964543.04515764,30221266.79011033,0,168
SUB_HIFLD_1917,SUB_HIFLD_2007,meso_SUB_HIFLD_1917_SUB_HIFLD_2007_fwd,600000000.0,0.0,0.0,0,168
SUB_HIFLD_2003,SUB_HIFLD_1332,meso_SUB_HIFLD_2003_SUB_HIFLD_1332_rev,600000000.0,0.0,0.0,0,168
SUB_HIFLD_2003,SUB_HIFLD_2751,meso_SUB_HIFLD_2003_SUB_HIFLD_2751_fwd,600000000.0,0.0,0.0,0,168
SUB_HIFLD_2004,SUB_HIFLD_2009,meso_SUB_HIFLD_2004_SUB_HIFLD_2009_fwd,50000000.0,0.0,0.0,0,168
SUB_HIFLD_2005,SUB_HIFLD_1333,meso_SUB_HIFLD_2005_SUB_HIFLD_1333_rev,600000000.0,0.0,0.0,0,168
SUB_HIFLD_2005,SUB_HIFLD_2006,meso_SUB_HIFLD_2005_SUB_HIFLD_2006_fwd,600000000.0,12206523.910882408,17592280.459741004,0,168
SUB_HIFLD_2006,SUB_HIFLD_2005,meso_SUB_HIFLD_2006_SUB_HIFLD_2005_rev,600000000.0,0.0,0.0,0,168
SUB_HIFLD_2006,SUB_HIFLD_2751,meso_SUB_HIFLD_2006_SUB_HIFLD_2751_fwd,600000000.0,155424.26654738892,2434210.6455380153,0,168
SUB_HIFLD_2006,SUB_HIFLD_2973,meso_SUB_HIFLD_2006_SUB_HIFLD_2973_rev,117540784.31901953,7062702.94114545,10121218.588917525,0,168
SUB_HIFLD_2007,SUB_15232,meso_SUB_HIFLD_2007_SUB_15232_rev,600000000.0,0.0,0.0,0,168
SUB_HIFLD_2007,SUB_HIFLD_1917,meso_SUB_HIFLD_2007_SUB_HIFLD_1917_rev,600000000.0,20582003.13933777,31155945.14444364,0,168
SUB_HIFLD_2007,SUB_15259,meso_SUB_HIFLD_2007_SUB_15259_rev,80762031.56964825,3457071.2329712817,4941816.003543815,0,168
SUB_HIFLD_2009,SUB_HIFLD_1332,meso_SUB_HIFLD_2009_SUB_HIFLD_1332_rev,600000000.0,6477907.948214281,9969530.251018804,0,168
SUB_HIFLD_2009,SUB_HIFLD_1333,meso_SUB_HIFLD_2009_SUB_HIFLD_1333_rev,600000000.0,0.0,0.0,0,168
SUB_HIFLD_2009,SUB_HIFLD_2004,meso_SUB_HIFLD_2009_SUB_HIFLD_2004_rev,50000000.0,851825.4290858378,1279319.275531572,0,168
SUB_HIFLD_2010,SUB_15206,meso_SUB_HIFLD_2010_SUB_15206_rev,1200000000.0,26247926.462591965,81625451.86124985,0,168
SUB_HIFLD_2010,SUB_HIFLD_1357,meso_SUB_HIFLD_2010_SUB_HIFLD_1357_rev,4000000000.0,0.0,0.0,0,168
SUB_HIFLD_2010,SUB_15244,meso_SUB_HIFLD_2010_SUB_15244_rev,3000000000.0,37501925.44937819,101741288.59668933,0,168
SUB_HIFLD_2010,SUB_HIFLD_597,meso_SUB_HIFLD_2010_SUB_HIFLD_597_fwd,1500000000.0,0.0,0.0,0,168
SUB_HIFLD_2010,WEC_CALN,iface_SUB_HIFLD_2010_WEC_CALN_to_ba,200000000.0,0.0,0.0,0,168
SUB_HIFLD_2013,WEC_CALN,iface_SUB_HIFLD_2013_WEC_CALN_to_ba,50000000.0,47262500.0,50000000.0,121,168
SUB_HIFLD_2020,SUB_HIFLD_2990,meso_SUB_HIFLD_2020_SUB_HIFLD_2990_fwd,600000000.0,0.0,0.0,0,168
SUB_HIFLD_2020,SUB_HIFLD_4426,meso_SUB_HIFLD_2020_SUB_HIFLD_4426_fwd,600000000.0,0.0,0.0,0,168
SUB_HIFLD_2043,SUB_16368,meso_SUB_HIFLD_2043_SUB_16368_rev,600000000.0,0.0,0.0,0,168
SUB_HIFLD_2043,SUB_HIFLD_4330,meso_SUB_HIFLD_2043_SUB_HIFLD_4330_fwd,600000000.0,0.0,0.0,0,168
SUB_HIFLD_2048,SUB_02413,meso_SUB_HIFLD_2048_SUB_02413_rev,600000000.0,0.0,0.0,0,168
SUB_HIFLD_2048,SUB_HIFLD_2056,meso_SUB_HIFLD_2048_SUB_HIFLD_2056_fwd,600000000.0,0.0,0.0,0,168
SUB_HIFLD_2049,SUB_02257,meso_SUB_HIFLD_2049_SUB_02257_rev,3000000000.0,0.0,0.0,0,168
SUB_HIFLD_2049,SUB_HIFLD_3835,meso_SUB_HIFLD_2049_SUB_HIFLD_3835_fwd,1500000000.0,0.0,0.0,0,168
SUB_HIFLD_2049,SUB_02419,meso_SUB_HIFLD_2049_SUB_02419_rev,1500000000.0,0.0,0.0,0,168
SUB_HIFLD_2049,SUB_HIFLD_2068,meso_SUB_HIFLD_2049_SUB_HIFLD_2068_fwd,1500000000.0,0.0,0.0,0,168
SUB_HIFLD_2056,SUB_02413,meso_SUB_HIFLD_2056_SUB_02413_rev,600000000.0,0.0,0.0,0,168
SUB_HIFLD_2056,SUB_HIFLD_2048,meso_SUB_HIFLD_2056_SUB_HIFLD_2048_rev,600000000.0,0.0,0.0,0,168
SUB_HIFLD_2056,SUB_HIFLD_2070,meso_SUB_HIFLD_2056_SUB_HIFLD_2070_fwd,600000000.0,0.0,0.0,0,168
SUB_HIFLD_2058,SUB_02426,meso_SUB_HIFLD_2058_SUB_02426_rev,2100000000.0,0.0,0.0,0,168
SUB_HIFLD_2058,SUB_HIFLD_1418,meso_SUB_HIFLD_2058_SUB_HIFLD_1418_rev,1200000000.0,37882540.28437959,64362291.48751968,0,168
SUB_HIFLD_2058,SUB_HIFLD_2070,meso_SUB_HIFLD_2058_SUB_HIFLD_2070_fwd,1500000000.0,2176787.9781796564,23696747.50405197,0,168
SUB_HIFLD_2058,SUB_HIFLD_2131,meso_SUB_HIFLD_2058_SUB_HIFLD_2131_fwd,600000000.0,26322695.117979936,43713330.80984629,0,168
SUB_HIFLD_2058,SUB_HIFLD_3025,meso_SUB_HIFLD_2058_SUB_HIFLD_3025_fwd,2100000000.0,0.0,0.0,0,168
SUB_HIFLD_2058,SUB_02416,meso_SUB_HIFLD_2058_SUB_02416_rev,600000000.0,0.0,0.0,0,168
SUB_HIFLD_2058,SUB_08203,meso_SUB_HIFLD_2058_SUB_08203_rev,1500000000.0,8043025.877013252,74903519.65206185,0,168
SUB_HIFLD_2062,SUB_02413,meso_SUB_HIFLD_2062_SUB_02413_rev,600000000.0,0.0,0.0,0,168
SUB_HIFLD_2062,SUB_HIFLD_1418,meso_SUB_HIFLD_2062_SUB_HIFLD_1418_rev,600000000.0,0.0,0.0,0,168
SUB_HIFLD_2062,SUB_02409,meso_SUB_HIFLD_2062_SUB_02409_rev,210487810.76590532,12999713.047872176,16787515.101481955,0,168
SUB_HIFLD_2068,SUB_02269,meso_SUB_HIFLD_2068_SUB_02269_rev,1500000000.0,32091305.046100266,38208050.09664948,0,168
SUB_HIFLD_2068,SUB_02405,meso_SUB_HIFLD_2068_SUB_02405_rev,1500000000.0,0.0,0.0,0,168
SUB_HIFLD_2068,SUB_HIFLD_3834,meso_SUB_HIFLD_2068_SUB_HIFLD_3834_fwd,1500000000.0,11615684.909421489,18660214.231257774,0,168
SUB_HIFLD_2068,SUB_HIFLD_3835,meso_SUB_HIFLD_2068_SUB_HIFLD_3835_fwd,1500000000.0,0.0,0.0,0,168
SUB_HIFLD_2068,SUB_02419,meso_SUB_HIFLD_2068_SUB_02419_rev,1500000000.0,0.0,0.0,0,168
SUB_HIFLD_2068,SUB_HIFLD_2049,meso_SUB_HIFLD_2068_SUB_HIFLD_2049_rev,1500000000.0,0.0,0.0,0,168
SUB_HIFLD_2070,SUB_HIFLD_2058,meso_SUB_HIFLD_2070_SUB_HIFLD_2058_rev,1500000000.0,0.0,0.0,0,168
SUB_HIFLD_2070,SUB_HIFLD_2131,meso_SUB_HIFLD_2070_SUB_HIFLD_2131_fwd,600000000.0,4216517.737462635,38983353.51707806,0,168
SUB_HIFLD_2070,SUB_HIFLD_3025,meso_SUB_HIFLD_2070_SUB_HIFLD_3025_fwd,1500000000.0,0.0,0.0,0,168
SUB_HIFLD_2070,SUB_08361,meso_SUB_HIFLD_2070_SUB_08361_rev,600000000.0,0.0,0.0,0,168
SUB_HIFLD_2070,SUB_HIFLD_2056,meso_SUB_HIFLD_2070_SUB_HIFLD_2056_rev,600000000.0,3396804.5846430184,6238817.855992268,0,168
SUB_HIFLD_2086,SUB_18297,meso_SUB_HIFLD_2086_SUB_18297_rev,1500000000.0,0.0,0.0,0,168
SUB_HIFLD_2086,SUB_HIFLD_3903,meso_SUB_HIFLD_2086_SUB_HIFLD_3903_fwd,1500000000.0,0.0,0.0,0,168
SUB_HIFLD_2086,SUB_HIFLD_4291,meso_SUB_HIFLD_2086_SUB_HIFLD_4291_fwd,1500000000.0,0.0,0.0,0,168
SUB_HIFLD_2108,SUB_HIFLD_2109,meso_SUB_HIFLD_2108_SUB_HIFLD_2109_fwd,1500000000.0,0.0,0.0,0,168
SUB_HIFLD_2108,SUB_HIFLD_3164,meso_SUB_HIFLD_2108_SUB_HIFLD_3164_fwd,600000000.0,0.0,0.0,0,168
SUB_HIFLD_2108,SUB_HIFLD_3862,meso_SUB_HIFLD_2108_SUB_HIFLD_3862_fwd,600000000.0,0.0,0.0,0,168
SUB_HIFLD_2109,SUB_08226,meso_SUB_HIFLD_2109_SUB_08226_rev,1500000000.0,28541469.842201643,100406382.95565239,0,168
SUB_HIFLD_2109,SUB_08387,meso_SUB_HIFLD_2109_SUB_08387_rev,1500000000.0,23712160.929781467,31075386.597938143,0,168
SUB_HIFLD_2109,SUB_HIFLD_2108,meso_SUB_HIFLD_2109_SUB_HIFLD_2108_rev,1500000000.0,2120100.3646288775,3849593.0150612113,0,168
SUB_HIFLD_2109,SUB_HIFLD_2117,meso_SUB_HIFLD_2109_SUB_HIFLD_2117_fwd,1500000000.0,0.0,0.0,0,168
SUB_HIFLD_2117,SUB_HIFLD_1423,meso_SUB_HIFLD_2117_SUB_HIFLD_1423_rev,1500000000.0,1688586.192309728,4995455.460695877,0,168
SUB_HIFLD_2117,SUB_HIFLD_3166,meso_SUB_HIFLD_2117_SUB_HIFLD_3166_fwd,600000000.0,4761.748808121997,6944.372236114187,0,168
SUB_HIFLD_2117,SUB_HIFLD_3169,meso_SUB_HIFLD_2117_SUB_HIFLD_3169_fwd,600000000.0,2814488.6029260764,4465401.38389773,0,168
SUB_HIFLD_2117,SUB_HIFLD_3862,meso_SUB_HIFLD_2117_SUB_HIFLD_3862_fwd,600000000.0,9409835.306425437,17472472.44264966,0,168
SUB_HIFLD_2117,SUB_01222,meso_SUB_HIFLD_2117_SUB_01222_rev,1500000000.0,5569744.746528975,120382130.42421651,0,168
SUB_HIFLD_2117,SUB_08246,meso_SUB_HIFLD_2117_SUB_08246_rev,1500000000.0,13327868.794318525,41533013.85309278,0,168
SUB_HIFLD_2117,SUB_08380,meso_SUB_HIFLD_2117_SUB_08380_rev,1500000000.0,9837479.746607019,98967593.91433658,0,168
SUB_HIFLD_2117,SUB_HIFLD_2109,meso_SUB_HIFLD_2117_SUB_HIFLD_2109_rev,1500000000.0,56055392.924342245,136741256.19367754,0,168
SUB_HIFLD_2117,SUB_HIFLD_3165,meso_SUB_HIFLD_2117_SUB_HIFLD_3165_fwd,3000000000.0,17826603.792477474,36885048.33651266,0,168
SUB_HIFLD_2117,SUB_HIFLD_3174,meso_SUB_HIFLD_2117_SUB_HIFLD_3174_fwd,1500000000.0,2647468.1825124053,10372373.964676848,0,168
SUB_HIFLD_2117,SUB_HIFLD_3259,meso_SUB_HIFLD_2117_SUB_HIFLD_3259_rev,50000000.0,898073.5951097327,1275459.9659713274,0,168
SUB_HIFLD_2118,SUB_HIFLD_3163,meso_SUB_HIFLD_2118_SUB_HIFLD_3163_fwd,600000000.0,0.0,0.0,0,168
SUB_HIFLD_2118,SUB_HIFLD_3602,meso_SUB_HIFLD_2118_SUB_HIFLD_3602_fwd,600000000.0,19118.296380246687,3211873.7918814435,0,168
SUB_HIFLD_2121,SUB_01222,meso_SUB_HIFLD_2121_SUB_01222_rev,3000000000.0,0.0,0.0,0,168
SUB_HIFLD_2121,SUB_08363,meso_SUB_HIFLD_2121_SUB_08363_rev,1500000000.0,29664985.404297836,45281044.61984536,0,168
SUB_HIFLD_2121,SUB_08390,meso_SUB_HIFLD_2121_SUB_08390_rev,1500000000.0,0.0,0.0,0,168
SUB_HIFLD_2121,SUB_HIFLD_2149,meso_SUB_HIFLD_2121_SUB_HIFLD_2149_fwd,1500000000.0,0.0,0.0,0,168
SUB_HIFLD_2121,SUB_HIFLD_3025,meso_SUB_HIFLD_2121_SUB_HIFLD_3025_fwd,1500000000.0,0.0,0.0,0,168
SUB_HIFLD_2126,SUB_08226,meso_SUB_HIFLD_2126_SUB_08226_rev,1500000000.0,0.0,0.0,0,168
SUB_HIFLD_2126,SUB_08380,meso_SUB_HIFLD_2126_SUB_08380_rev,1500000000.0,0.0,0.0,0,168
SUB_HIFLD_2126,SUB_HIFLD_3165,meso_SUB_HIFLD_2126_SUB_HIFLD_3165_fwd,1500000000.0,0.0,0.0,0,168
SUB_HIFLD_2126,SUB_HIFLD_3174,meso_SUB_HIFLD_2126_SUB_HIFLD_3174_fwd,1500000000.0,0.0,0.0,0,168
SUB_HIFLD_2131,SUB_08216,meso_SUB_HIFLD_2131_SUB_08216_rev,600000000.0,11251893.842694333,17158829.333118558,0,168
SUB_HIFLD_2131,SUB_HIFLD_2058,meso_SUB_HIFLD_2131_SUB_HIFLD_2058_rev,600000000.0,0.0,0.0,0,168
SUB_HIFLD_2131,SUB_HIFLD_2070,meso_SUB_HIFLD_2131_SUB_HIFLD_2070_rev,600000000.0,0.0,0.0,0,168
SUB_HIFLD_2131,SUB_08224,meso_SUB_HIFLD_2131_SUB_08224_rev,234373632.7209014,13905755.018965542,19489877.980025772,0,168
SUB_HIFLD_2149,SUB_08203,meso_SUB_HIFLD_2149_SUB_08203_rev,1500000000.0,0.0,0.0,0,168
SUB_HIFLD_2149,SUB_08363,meso_SUB_HIFLD_2149_SUB_08363_rev,1500000000.0,0.0,0.0,0,168
SUB_HIFLD_2149,SUB_HIFLD_2121,meso_SUB_HIFLD_2149_SUB_HIFLD_2121_rev,1500000000.0,0.0,0.0,0,168
SUB_HIFLD_2170,SUB_HIFLD_2188,meso_SUB_HIFLD_2170_SUB_HIFLD_2188_fwd,50000000.0,0.0,0.0,0,168
SUB_HIFLD_2171,SUB_10293,meso_SUB_HIFLD_2171_SUB_10293_rev,1500000000.0,0.0,0.0,0,168
SUB_HIFLD_2171,SUB_10344,meso_SUB_HIFLD_2171_SUB_10344_rev,600000000.0,0.0,0.0,0,168
SUB_HIFLD_2173,SUB_10352,meso_SUB_HIFLD_2173_SUB_10352_rev,1500000000.0,0.0,0.0,0,168
SUB_HIFLD_2173,SUB_HIFLD_2188,meso_SUB_HIFLD_2173_SUB_HIFLD_2188_fwd,1500000000.0,1743677.2130223445,2692107.9759073756,0,168
SUB_HIFLD_2173,SUB_10344,meso_SUB_HIFLD_2173_SUB_10344_rev,1500000000.0,0.0,0.0,0,168
SUB_HIFLD_2177,WEC_CALN,iface_SUB_HIFLD_2177_WEC_CALN_to_ba,50000000.0,0.0,0.0,0,168
SUB_HIFLD_2180,SUB_HIFLD_4403,meso_SUB_HIFLD_2180_SUB_HIFLD_4403_fwd,600000000.0,542374.4598209973,4850943.677855394,0,168
SUB_HIFLD_2180,SUB_10293,meso_SUB_HIFLD_2180_SUB_10293_rev,1500000000.0,50858.8173317756,2543473.6075614025,0,168
SUB_HIFLD_2184,SUB_10356,meso_SUB_HIFLD_2184_SUB_10356_fwd,50000000.0,0.0,0.0,0,168
SUB_HIFLD_2188,SUB_HIFLD_2173,meso_SUB_HIFLD_2188_SUB_HIFLD_2173_rev,1500000000.0,0.0,0.0,0,168
SUB_HIFLD_2188,SUB_10327,meso_SUB_HIFLD_2188_SUB_10327_rev,50000000.0,1691366.8966316744,2611344.736630155,0,168
SUB_HIFLD_2188,SUB_HIFLD_2170,meso_SUB_HIFLD_2188_SUB_HIFLD_2170_rev,50000000.0,0.0,0.0,0,168
SUB_HIFLD_2193,SUB_HIFLD_1327,meso_SUB_HIFLD_2193_SUB_HIFLD_1327_rev,600000000.0,0.0,0.0,0,168
SUB_HIFLD_2194,SUB_HIFLD_2195,meso_SUB_HIFLD_2194_SUB_HIFLD_2195_fwd,600000000.0,0.0,0.0,0,168
SUB_HIFLD_2194,SUB_HIFLD_3082,meso_SUB_HIFLD_2194_SUB_HIFLD_3082_fwd,600000000.0,0.0,0.0,0,168
SUB_HIFLD_2195,SUB_HIFLD_2194,meso_SUB_HIFLD_2195_SUB_HIFLD_2194_rev,600000000.0,0.0,0.0,0,168
SUB_HIFLD_2195,SUB_HIFLD_3082,meso_SUB_HIFLD_2195_SUB_HIFLD_3082_fwd,1200000000.0,0.0,0.0,0,168
SUB_HIFLD_2207,SUB_HIFLD_3271,meso_SUB_HIFLD_2207_SUB_HIFLD_3271_fwd,800000000.0,454013.5455478198,585609.13293518,0,168
SUB_HIFLD_2207,WEC_CALN,iface_SUB_HIFLD_2207_WEC_CALN_to_ba,50000000.0,0.0,0.0,0,168
SUB_HIFLD_2212,WEC_CALN,iface_SUB_HIFLD_2212_WEC_CALN_to_ba,50000000.0,0.0,0.0,0,168
SUB_HIFLD_2219,WEC_CALN,iface_SUB_HIFLD_2219_WEC_CALN_to_ba,50000000.0,0.0,0.0,0,168
SUB_HIFLD_2222,SUB_HIFLD_3283,meso_SUB_HIFLD_2222_SUB_HIFLD_3283_fwd,800000000.0,0.0,0.0,0,168
SUB_HIFLD_2318,SUB_16325,meso_SUB_HIFLD_2318_SUB_16325_rev,600000000.0,18500755.826640934,44772388.876555264,0,168
SUB_HIFLD_2318,SUB_HIFLD_30,meso_SUB_HIFLD_2318_SUB_HIFLD_30_fwd,1500000000.0,2014943.7776979287,14483079.750830056,0,168
SUB_HIFLD_2318,SUB_16261,meso_SUB_HIFLD_2318_SUB_16261_rev,1500000000.0,78086.46966560006,8028268.055692537,0,168
SUB_HIFLD_2356,SUB_19241,meso_SUB_HIFLD_2356_SUB_19241_rev,1500000000.0,160000.0,160000.0,0,168
SUB_HIFLD_2356,SUB_19246,meso_SUB_HIFLD_2356_SUB_19246_rev,1500000000.0,0.0,0.0,0,168
SUB_HIFLD_2359,SUB_10293,meso_SUB_HIFLD_2359_SUB_10293_rev,1500000000.0,0.0,0.0,0,168
SUB_HIFLD_2359,SUB_10361,meso_SUB_HIFLD_2359_SUB_10361_rev,52016683.03229506,2539683.86755425,3051546.3917525774,0,168
SUB_HIFLD_2363,SUB_HIFLD_2511,meso_SUB_HIFLD_2363_SUB_HIFLD_2511_fwd,600000000.0,0.0,0.0,0,168
SUB_HIFLD_2363,SUB_25292,meso_SUB_HIFLD_2363_SUB_25292_rev,68269461.5126492,5134770.7457207665,6355701.816204897,0,168
SUB_HIFLD_2491,WEC_CALN,iface_SUB_HIFLD_2491_WEC_CALN_to_ba,50000000.0,0.0,0.0,0,168
SUB_HIFLD_2511,SUB_25284,meso_SUB_HIFLD_2511_SUB_25284_rev,600000000.0,11168252.094551578,15852004.47003866,0,168
SUB_HIFLD_2511,SUB_25409,meso_SUB_HIFLD_2511_SUB_25409_rev,600000000.0,0.0,0.0,0,168
SUB_HIFLD_2511,SUB_HIFLD_2363,meso_SUB_HIFLD_2511_SUB_HIFLD_2363_rev,600000000.0,5293578.088371925,6552269.913613295,0,168
SUB_HIFLD_2514,SUB_HIFLD_1854,meso_SUB_HIFLD_2514_SUB_HIFLD_1854_rev,4000000000.0,0.0,0.0,0,168
SUB_HIFLD_2514,SUB_HIFLD_4059,meso_SUB_HIFLD_2514_SUB_HIFLD_4059_fwd,800000000.0,218812.06233418334,276771.8128322326,0,168
SUB_HIFLD_2514,WEC_CALN,iface_SUB_HIFLD_2514_WEC_CALN_to_ba,200000000.0,0.0,0.0,0,168
SUB_HIFLD_2705,SUB_HIFLD_1153,meso_SUB_HIFLD_2705_SUB_HIFLD_1153_rev,1500000000.0,4636347.618167493,13154327.077963918,0,168
SUB_HIFLD_2705,SUB_HIFLD_1829,meso_SUB_HIFLD_2705_SUB_HIFLD_1829_rev,1500000000.0,2275704.452998403,20397863.332314804,0,168
SUB_HIFLD_2705,SUB_HIFLD_1845,meso_SUB_HIFLD_2705_SUB_HIFLD_1845_rev,1500000000.0,0.0,0.0,0,168
SUB_HIFLD_2705,SUB_HIFLD_3623,meso_SUB_HIFLD_2705_SUB_HIFLD_3623_fwd,1500000000.0,9962793.664310744,27950354.11677458,0,168
SUB_HIFLD_2705,SUB_HIFLD_1833,meso_SUB_HIFLD_2705_SUB_HIFLD_1833_rev,1500000000.0,0.0,0.0,0,168
SUB_HIFLD_2705,SUB_HIFLD_1844,meso_SUB_HIFLD_2705_SUB_HIFLD_1844_rev,1500000000.0,20955730.691533923,31124044.34604666,0,168
SUB_HIFLD_2722,SUB_25224,meso_SUB_HIFLD_2722_SUB_25224_rev,600000000.0,0.0,0.0,0,168
SUB_HIFLD_2722,SUB_HIFLD_459,meso_SUB_HIFLD_2722_SUB_HIFLD_459_fwd,600000000.0,2344786.1510795844,3286003.5936337546,0,168
SUB_HIFLD_2751,SUB_HIFLD_1332,meso_SUB_HIFLD_2751_SUB_HIFLD_1332_rev,600000000.0,0.0,0.0,0,168
SUB_HIFLD_2751,SUB_HIFLD_2003,meso_SUB_HIFLD_2751_SUB_HIFLD_2003_rev,600000000.0,0.0,0.0,0,168
SUB_HIFLD_2751,SUB_HIFLD_2006,meso_SUB_HIFLD_2751_SUB_HIFLD_2006_rev,600000000.0,0.0,0.0,0,168
SUB_HIFLD_2791,SUB_01311,meso_SUB_HIFLD_2791_SUB_01311_rev,1500000000.0,0.0,0.0,0,168
SUB_HIFLD_2791,SUB_01438,meso_SUB_HIFLD_2791_SUB_01438_rev,1500000000.0,0.0,0.0,0,168
SUB_HIFLD_2791,SUB_HIFLD_11,meso_SUB_HIFLD_2791_SUB_HIFLD_11_rev,1500000000.0,2713166.677668433,58206030.77941499,0,168
SUB_HIFLD_2791,SUB_HIFLD_2989,meso_SUB_HIFLD_2791_SUB_HIFLD_2989_fwd,1500000000.0,30219390.571039803,61045072.449359685,0,168
SUB_HIFLD_2869,SUB_25391,meso_SUB_HIFLD_2869_SUB_25391_rev,1500000000.0,0.0,0.0,0,168
SUB_HIFLD_2869,SUB_HIFLD_3898,meso_SUB_HIFLD_2869_SUB_HIFLD_3898_fwd,1500000000.0,0.0,0.0,0,168
SUB_HIFLD_2869,SUB_HIFLD_4241,meso_SUB_HIFLD_2869_SUB_HIFLD_4241_rev,50000000.0,0.0,0.0,0,168
SUB_HIFLD_2947,SUB_HIFLD_3065,meso_SUB_HIFLD_2947_SUB_HIFLD_3065_fwd,600000000.0,23338488.737901203,32567680.244337924,0,168
SUB_HIFLD_2947,SUB_HIFLD_41,meso_SUB_HIFLD_2947_SUB_HIFLD_41_fwd,1500000000.0,0.0,0.0,0,168
SUB_HIFLD_2973,SUB_HIFLD_2006,meso_SUB_HIFLD_2973_SUB_HIFLD_2006_fwd,117540784.31901953,0.0,0.0,0,168
SUB_HIFLD_2989,SUB_01209,meso_SUB_HIFLD_2989_SUB_01209_rev,1500000000.0,0.0,0.0,0,168
SUB_HIFLD_2989,SUB_01368,meso_SUB_HIFLD_2989_SUB_01368_rev,1500000000.0,36189763.86878881,56471810.5670103,0,168
SUB_HIFLD_2989,SUB_HIFLD_28,meso_SUB_HIFLD_2989_SUB_HIFLD_28_rev,1500000000.0,0.0,0.0,0,168
SUB_HIFLD_2989,SUB_HIFLD_11,meso_SUB_HIFLD_2989_SUB_HIFLD_11_rev,1500000000.0,0.0,0.0,0,168
SUB_HIFLD_2989,SUB_HIFLD_2791,meso_SUB_HIFLD_2989_SUB_HIFLD_2791_rev,1500000000.0,0.0,0.0,0,168
SUB_HIFLD_2989,SUB_01208,meso_SUB_HIFLD_2989_SUB_01208_rev,50000000.0,1428745.1225808864,1881682.2799210695,0,168
SUB_HIFLD_2989,SUB_01264,meso_SUB_HIFLD_2989_SUB_01264_rev,50000000.0,268726.0804248898,362635.37849347614,0,168
SUB_HIFLD_2990,SUB_HIFLD_2020,meso_SUB_HIFLD_2990_SUB_HIFLD_2020_rev,600000000.0,0.0,0.0,0,168
SUB_HIFLD_2990,SUB_HIFLD_4390,meso_SUB_HIFLD_2990_SUB_HIFLD_4390_fwd,1200000000.0,0.0,0.0,0,168
SUB_HIFLD_2990,SUB_HIFLD_4426,meso_SUB_HIFLD_2990_SUB_HIFLD_4426_fwd,600000000.0,0.0,0.0,0,168
SUB_HIFLD_3025,SUB_01222,meso_SUB_HIFLD_3025_SUB_01222_rev,3000000000.0,0.0,0.0,0,168
SUB_HIFLD_3025,SUB_08363,meso_SUB_HIFLD_3025_SUB_08363_rev,1500000000.0,7520371.371809034,45218923.163659796,0,168
SUB_HIFLD_3025,SUB_08390,meso_SUB_HIFLD_3025_SUB_08390_rev,1500000000.0,0.0,0.0,0,168
SUB_HIFLD_3025,SUB_HIFLD_2058,meso_SUB_HIFLD_3025_SUB_HIFLD_2058_rev,2100000000.0,11441362.855740748,68039167.62133726,0,168
SUB_HIFLD_3025,SUB_HIFLD_2070,meso_SUB_HIFLD_3025_SUB_HIFLD_2070_rev,1500000000.0,17125756.858325385,56527436.033017844,0,168
SUB_HIFLD_3025,SUB_HIFLD_2121,meso_SUB_HIFLD_3025_SUB_HIFLD_2121_rev,1500000000.0,0.0,0.0,0,168
SUB_HIFLD_3065,SUB_HIFLD_2947,meso_SUB_HIFLD_3065_SUB_HIFLD_2947_rev,600000000.0,0.0,0.0,0,168
SUB_HIFLD_3065,SUB_HIFLD_148,meso_SUB_HIFLD_3065_SUB_HIFLD_148_rev,315644530.56745505,19246298.25426992,27580340.55865727,0,168
SUB_HIFLD_3065,SUB_15803,meso_SUB_HIFLD_3065_SUB_15803_rev,57075304.66038817,3392035.8214942515,4010309.2783505153,0,168
SUB_HIFLD_3082,SUB_HIFLD_1327,meso_SUB_HIFLD_3082_SUB_HIFLD_1327_rev,600000000.0,0.0,0.0,0,168
SUB_HIFLD_3082,SUB_HIFLD_2194,meso_SUB_HIFLD_3082_SUB_HIFLD_2194_rev,600000000.0,0.0,0.0,0,168
SUB_HIFLD_3082,SUB_HIFLD_2195,meso_SUB_HIFLD_3082_SUB_HIFLD_2195_rev,1200000000.0,0.0,0.0,0,168
SUB_HIFLD_3099,SUB_HIFLD_3262,meso_SUB_HIFLD_3099_SUB_HIFLD_3262_fwd,50000000.0,0.0,0.0,0,168
SUB_HIFLD_3101,SUB_HIFLD_3824,meso_SUB_HIFLD_3101_SUB_HIFLD_3824_fwd,600000000.0,9800000.0,9800000.0,0,168
SUB_HIFLD_3104,SUB_HIFLD_1860,meso_SUB_HIFLD_3104_SUB_HIFLD_1860_rev,800000000.0,149625.88428690203,188379.1422106556,0,168
SUB_HIFLD_3104,SUB_HIFLD_1864,meso_SUB_HIFLD_3104_SUB_HIFLD_1864_rev,800000000.0,319836.7097767533,401179.48866382096,0,168
SUB_HIFLD_3104,SUB_10349,meso_SUB_HIFLD_3104_SUB_10349_fwd,50000000.0,0.0,0.0,0,168
SUB_HIFLD_3161,SUB_HIFLD_1423,meso_SUB_HIFLD_3161_SUB_HIFLD_1423_rev,600000000.0,0.0,0.0,0,168
SUB_HIFLD_3161,SUB_HIFLD_3263,meso_SUB_HIFLD_3161_SUB_HIFLD_3263_fwd,600000000.0,0.0,0.0,0,168
SUB_HIFLD_3161,SUB_HIFLD_3258,meso_SUB_HIFLD_3161_SUB_HIFLD_3258_rev,50000000.0,0.0,0.0,0,168
SUB_HIFLD_3162,SUB_HIFLD_3164,meso_SUB_HIFLD_3162_SUB_HIFLD_3164_fwd,600000000.0,0.0,0.0,0,168
SUB_HIFLD_3163,SUB_HIFLD_2118,meso_SUB_HIFLD_3163_SUB_HIFLD_2118_rev,600000000.0,4676700.63043494,9105475.558640663,0,168
SUB_HIFLD_3163,SUB_HIFLD_3172,meso_SUB_HIFLD_3163_SUB_HIFLD_3172_fwd,600000000.0,24715.170212977006,4152148.595780137,0,168
SUB_HIFLD_3163,SUB_08342,meso_SUB_HIFLD_3163_SUB_08342_rev,1500000000.0,0.0,0.0,0,168
SUB_HIFLD_3163,SUB_08361,meso_SUB_HIFLD_3163_SUB_08361_rev,1500000000.0,0.0,0.0,0,168
SUB_HIFLD_3164,SUB_HIFLD_2108,meso_SUB_HIFLD_3164_SUB_HIFLD_2108_rev,600000000.0,0.0,0.0,0,168
SUB_HIFLD_3164,SUB_HIFLD_3162,meso_SUB_HIFLD_3164_SUB_HIFLD_3162_rev,600000000.0,2859784.08835949,4061059.822003866,0,168
SUB_HIFLD_3164,SUB_HIFLD_3165,meso_SUB_HIFLD_3164_SUB_HIFLD_3165_fwd,600000000.0,0.0,0.0,0,168
SUB_HIFLD_3165,SUB_HIFLD_2126,meso_SUB_HIFLD_3165_SUB_HIFLD_2126_rev,1500000000.0,0.0,0.0,0,168
SUB_HIFLD_3165,SUB_HIFLD_3164,meso_SUB_HIFLD_3165_SUB_HIFLD_3164_rev,600000000.0,16964100.752824813,24091747.802967902,0,168
SUB_HIFLD_3165,SUB_HIFLD_3166,meso_SUB_HIFLD_3165_SUB_HIFLD_3166_fwd,600000000.0,0.0,0.0,0,168
SUB_HIFLD_3165,SUB_HIFLD_3167,meso_SUB_HIFLD_3165_SUB_HIFLD_3167_fwd,600000000.0,0.0,0.0,0,168
SUB_HIFLD_3165,SUB_HIFLD_3172,meso_SUB_HIFLD_3165_SUB_HIFLD_3172_fwd,600000000.0,4736026.693181493,12321986.100217652,0,168
SUB_HIFLD_3165,SUB_HIFLD_3263,meso_SUB_HIFLD_3165_SUB_HIFLD_3263_fwd,1500000000.0,0.0,0.0,0,168
SUB_HIFLD_3165,SUB_HIFLD_1423,meso_SUB_HIFLD_3165_SUB_HIFLD_1423_rev,3000000000.0,0.0,0.0,0,168
SUB_HIFLD_3165,SUB_HIFLD_2117,meso_SUB_HIFLD_3165_SUB_HIFLD_2117_rev,3000000000.0,0.0,0.0,0,168
SUB_HIFLD_3165,SUB_HIFLD_3174,meso_SUB_HIFLD_3165_SUB_HIFLD_3174_fwd,1500000000.0,0.0,0.0,0,168
SUB_HIFLD_3166,SUB_HIFLD_2117,meso_SUB_HIFLD_3166_SUB_HIFLD_2117_rev,600000000.0,0.0,0.0,0,168
SUB_HIFLD_3166,SUB_HIFLD_3165,meso_SUB_HIFLD_3166_SUB_HIFLD_3165_rev,600000000.0,0.0,0.0,0,168
SUB_HIFLD_3167,SUB_HIFLD_3165,meso_SUB_HIFLD_3167_SUB_HIFLD_3165_rev,600000000.0,39584.69263712566,459717.49877929693,0,168
SUB_HIFLD_3167,SUB_HIFLD_3168,meso_SUB_HIFLD_3167_SUB_HIFLD_3168_fwd,600000000.0,0.0,0.0,0,168
SUB_HIFLD_3168,SUB_HIFLD_3167,meso_SUB_HIFLD_3168_SUB_HIFLD_3167_rev,600000000.0,40808.96148157285,473935.5657518525,0,168
SUB_HIFLD_3168,SUB_HIFLD_3170,meso_SUB_HIFLD_3168_SUB_HIFLD_3170_fwd,600000000.0,662957.5245066434,1000000.0,0,168
SUB_HIFLD_3169,SUB_HIFLD_2117,meso_SUB_HIFLD_3169_SUB_HIFLD_2117_rev,600000000.0,0.0,0.0,0,168
SUB_HIFLD_3169,SUB_HIFLD_3170,meso_SUB_HIFLD_3169_SUB_HIFLD_3170_fwd,600000000.0,0.0,0.0,0,168
SUB_HIFLD_3169,SUB_HIFLD_3171,meso_SUB_HIFLD_3169_SUB_HIFLD_3171_fwd,600000000.0,1880331.40666589,3094763.561130799,0,168
SUB_HIFLD_3170,SUB_HIFLD_3168,meso_SUB_HIFLD_3170_SUB_HIFLD_3168_rev,600000000.0,0.0,0.0,0,168
SUB_HIFLD_3170,SUB_HIFLD_3169,meso_SUB_HIFLD_3170_SUB_HIFLD_3169_rev,600000000.0,22070.97843715123,435121.88720703125,0,168
SUB_HIFLD_3170,SUB_HIFLD_3263,meso_SUB_HIFLD_3170_SUB_HIFLD_3263_fwd,600000000.0,0.0,0.0,0,168
SUB_HIFLD_3170,SUB_08380,meso_SUB_HIFLD_3170_SUB_08380_rev,1500000000.0,29115.2370794333,442762.69531250006,0,168
SUB_HIFLD_3170,SUB_HIFLD_1423,meso_SUB_HIFLD_3170_SUB_HIFLD_1423_rev,3000000000.0,27583.3980015346,503799.25537109375,0,168
SUB_HIFLD_3171,SUB_HIFLD_3169,meso_SUB_HIFLD_3171_SUB_HIFLD_3169_rev,600000000.0,0.0,0.0,0,168
SUB_HIFLD_3172,SUB_HIFLD_3163,meso_SUB_HIFLD_3172_SUB_HIFLD_3163_rev,600000000.0,1144956.4345613117,7100141.300051811,0,168
SUB_HIFLD_3172,SUB_HIFLD_3165,meso_SUB_HIFLD_3172_SUB_HIFLD_3165_rev,600000000.0,0.0,0.0,0,168
SUB_HIFLD_3172,SUB_HIFLD_3260,meso_SUB_HIFLD_3172_SUB_HIFLD_3260_rev,50000000.0,1240177.4942494514,1774801.2896665593,0,168
SUB_HIFLD_3174,SUB_HIFLD_2126,meso_SUB_HIFLD_3174_SUB_HIFLD_2126_rev,1500000000.0,0.0,0.0,0,168
SUB_HIFLD_3174,SUB_HIFLD_3263,meso_SUB_HIFLD_3174_SUB_HIFLD_3263_fwd,1500000000.0,0.0,0.0,0,168
SUB_HIFLD_3174,SUB_HIFLD_3618,meso_SUB_HIFLD_3174_SUB_HIFLD_3618_fwd,600000000.0,3093577.705118075,9200127.357437024,0,168
SUB_HIFLD_3174,SUB_HIFLD_2117,meso_SUB_HIFLD_3174_SUB_HIFLD_2117_rev,1500000000.0,0.0,0.0,0,168
SUB_HIFLD_3174,SUB_HIFLD_3165,meso_SUB_HIFLD_3174_SUB_HIFLD_3165_rev,1500000000.0,0.0,0.0,0,168
SUB_HIFLD_3212,SUB_HIFLD_1827,meso_SUB_HIFLD_3212_SUB_HIFLD_1827_rev,1500000000.0,0.0,0.0,0,168
SUB_HIFLD_3258,SUB_HIFLD_3161,meso_SUB_HIFLD_3258_SUB_HIFLD_3161_fwd,50000000.0,0.0,0.0,0,168
SUB_HIFLD_3259,SUB_HIFLD_2117,meso_SUB_HIFLD_3259_SUB_HIFLD_2117_fwd,50000000.0,0.0,0.0,0,168
SUB_HIFLD_3260,SUB_HIFLD_3172,meso_SUB_HIFLD_3260_SUB_HIFLD_3172_fwd,50000000.0,0.0,0.0,0,168
SUB_HIFLD_3261,SUB_HIFLD_3862,meso_SUB_HIFLD_3261_SUB_HIFLD_3862_fwd,86309847.4315791,0.0,0.0,0,168
SUB_HIFLD_3262,SUB_HIFLD_3862,meso_SUB_HIFLD_3262_SUB_HIFLD_3862_fwd,600000000.0,1564881.6527330372,4923745.32357442,0,168
SUB_HIFLD_3262,SUB_HIFLD_3099,meso_SUB_HIFLD_3262_SUB_HIFLD_3099_rev,50000000.0,2110341.426678949,2996365.3249838916,0,168
SUB_HIFLD_3263,SUB_08380,meso_SUB_HIFLD_3263_SUB_08380_rev,1500000000.0,20125342.205158614,54532440.17799613,0,168
SUB_HIFLD_3263,SUB_HIFLD_1423,meso_SUB_HIFLD_3263_SUB_HIFLD_1423_rev,1500000000.0,1076290.2214039057,4748470.72326031,0,168
SUB_HIFLD_3263,SUB_HIFLD_3161,meso_SUB_HIFLD_3263_SUB_HIFLD_3161_rev,600000000.0,1934784.329563716,2867165.0994684277,0,168
SUB_HIFLD_3263,SUB_HIFLD_3165,meso_SUB_HIFLD_3263_SUB_HIFLD_3165_rev,1500000000.0,4509838.671947445,30839191.426910523,0,168
SUB_HIFLD_3263,SUB_HIFLD_3170,meso_SUB_HIFLD_3263_SUB_HIFLD_3170_rev,600000000.0,9677.96280738707,625422.4639577963,0,168
SUB_HIFLD_3263,SUB_HIFLD_3174,meso_SUB_HIFLD_3263_SUB_HIFLD_3174_rev,1500000000.0,1439860.7786984355,10503926.676280115,0,168
SUB_HIFLD_3266,SUB_HIFLD_3270,meso_SUB_HIFLD_3266_SUB_HIFLD_3270_fwd,800000000.0,0.0,0.0,0,168
SUB_HIFLD_3267,SUB_HIFLD_135,meso_SUB_HIFLD_3267_SUB_HIFLD_135_rev,800000000.0,0.0,0.0,0,168
SUB_HIFLD_3268,SUB_HIFLD_139,meso_SUB_HIFLD_3268_SUB_HIFLD_139_rev,800000000.0,207369.30497667415,925734.9141384744,0,168
SUB_HIFLD_3268,SUB_HIFLD_140,meso_SUB_HIFLD_3268_SUB_HIFLD_140_rev,800000000.0,0.0,0.0,0,168
SUB_HIFLD_3268,SUB_HIFLD_142,meso_SUB_HIFLD_3268_SUB_HIFLD_142_rev,800000000.0,0.0,0.0,0,168
SUB_HIFLD_3269,SUB_HIFLD_136,meso_SUB_HIFLD_3269_SUB_HIFLD_136_rev,800000000.0,0.0,0.0,0,168
SUB_HIFLD_3269,SUB_HIFLD_138,meso_SUB_HIFLD_3269_SUB_HIFLD_138_rev,800000000.0,17362.46894607956,2916894.782941366,0,168
SUB_HIFLD_3269,SUB_HIFLD_142,meso_SUB_HIFLD_3269_SUB_HIFLD_142_rev,800000000.0,0.0,0.0,0,168
SUB_HIFLD_3270,SUB_HIFLD_136,meso_SUB_HIFLD_3270_SUB_HIFLD_136_rev,800000000.0,0.0,0.0,0,168
SUB_HIFLD_3270,SUB_HIFLD_3266,meso_SUB_HIFLD_3270_SUB_HIFLD_3266_rev,800000000.0,1607437.1083202932,2018095.0990657217,0,168
SUB_HIFLD_3271,SUB_HIFLD_2207,meso_SUB_HIFLD_3271_SUB_HIFLD_2207_rev,800000000.0,0.0,0.0,0,168
SUB_HIFLD_3271,SUB_HIFLD_3272,meso_SUB_HIFLD_3271_SUB_HIFLD_3272_fwd,800000000.0,181484.34732144055,234087.48980649968,0,168
SUB_HIFLD_3272,SUB_HIFLD_3271,meso_SUB_HIFLD_3272_SUB_HIFLD_3271_rev,800000000.0,0.0,0.0,0,168
SUB_HIFLD_3283,SUB_HIFLD_1867,meso_SUB_HIFLD_3283_SUB_HIFLD_1867_rev,800000000.0,496778.0956977188,627710.4896625752,0,168
SUB_HIFLD_3283,SUB_HIFLD_2222,meso_SUB_HIFLD_3283_SUB_HIFLD_2222_rev,800000000.0,677387.1004669236,874228.7547317977,0,168
SUB_HIFLD_3283,WEC_CALN,iface_SUB_HIFLD_3283_WEC_CALN_to_ba,48000000000.0,0.0,0.0,0,168
SUB_HIFLD_3312,SUB_HIFLD_4327,meso_SUB_HIFLD_3312_SUB_HIFLD_4327_fwd,600000000.0,0.0,0.0,0,168
SUB_HIFLD_3356,SUB_HIFLD_1832,meso_SUB_HIFLD_3356_SUB_HIFLD_1832_rev,1500000000.0,0.0,0.0,0,168
SUB_HIFLD_3356,SUB_HIFLD_1848,meso_SUB_HIFLD_3356_SUB_HIFLD_1848_rev,1500000000.0,0.0,0.0,0,168
SUB_HIFLD_3356,SUB_HIFLD_3625,meso_SUB_HIFLD_3356_SUB_HIFLD_3625_fwd,1500000000.0,9733027.113283709,16474928.519652061,0,168
SUB_HIFLD_3436,SUB_HIFLD_1854,meso_SUB_HIFLD_3436_SUB_HIFLD_1854_rev,800000000.0,0.0,0.0,0,168
SUB_HIFLD_3448,SUB_01438,meso_SUB_HIFLD_3448_SUB_01438_rev,1500000000.0,0.0,0.0,0,168
SUB_HIFLD_3448,SUB_HIFLD_11,meso_SUB_HIFLD_3448_SUB_HIFLD_11_rev,1500000000.0,9191366.892211556,58897965.74659783,0,168
SUB_HIFLD_3448,SUB_HIFLD_28,meso_SUB_HIFLD_3448_SUB_HIFLD_28_rev,1500000000.0,0.0,0.0,0,168
SUB_HIFLD_3503,SUB_25217,meso_SUB_HIFLD_3503_SUB_25217_rev,1500000000.0,0.0,0.0,0,168
SUB_HIFLD_3503,SUB_25400,meso_SUB_HIFLD_3503_SUB_25400_rev,1500000000.0,0.0,0.0,0,168
SUB_HIFLD_3547,SUB_HIFLD_28,meso_SUB_HIFLD_3547_SUB_HIFLD_28_rev,1500000000.0,0.0,0.0,0,168
SUB_HIFLD_3602,SUB_HIFLD_2118,meso_SUB_HIFLD_3602_SUB_HIFLD_2118_rev,600000000.0,294013.0372145614,5663958.299774485,0,168
SUB_HIFLD_3602,SUB_HIFLD_3618,meso_SUB_HIFLD_3602_SUB_HIFLD_3618_fwd,600000000.0,0.0,0.0,0,168
SUB_HIFLD_3618,SUB_HIFLD_3174,meso_SUB_HIFLD_3618_SUB_HIFLD_3174_rev,600000000.0,0.0,0.0,0,168
SUB_HIFLD_3618,SUB_HIFLD_3602,meso_SUB_HIFLD_3618_SUB_HIFLD_3602_rev,600000000.0,2996151.4776206547,8918561.029084519,0,168
SUB_HIFLD_3623,SUB_25470,meso_SUB_HIFLD_3623_SUB_25470_rev,1500000000.0,14390474.633942831,22962562.41945876,0,168
SUB_HIFLD_3623,SUB_HIFLD_1153,meso_SUB_HIFLD_3623_SUB_HIFLD_1153_rev,1500000000.0,0.0,0.0,0,168
SUB_HIFLD_3623,SUB_HIFLD_1833,meso_SUB_HIFLD_3623_SUB_HIFLD_1833_rev,1500000000.0,0.0,0.0,0,168
SUB_HIFLD_3623,SUB_HIFLD_1836,meso_SUB_HIFLD_3623_SUB_HIFLD_1836_rev,1500000000.0,8140.8107053963095,1367656.19850658,0,168
SUB_HIFLD_3623,SUB_HIFLD_2705,meso_SUB_HIFLD_3623_SUB_HIFLD_2705_rev,1500000000.0,0.0,0.0,0,168
SUB_HIFLD_3625,SUB_HIFLD_3356,meso_SUB_HIFLD_3625_SUB_HIFLD_3356_rev,1500000000.0,0.0,0.0,0,168
SUB_HIFLD_3824,SUB_HIFLD_3101,meso_SUB_HIFLD_3824_SUB_HIFLD_3101_rev,600000000.0,0.0,0.0,0,168
SUB_HIFLD_3824,SUB_HIFLD_3825,meso_SUB_HIFLD_3824_SUB_HIFLD_3825_fwd,600000000.0,178398.4884656289,259430.183331991,0,168
SUB_HIFLD_3824,SUB_HIFLD_4010,meso_SUB_HIFLD_3824_SUB_HIFLD_4010_fwd,1500000000.0,9327601.511534372,9384915.208639558,0,168
SUB_HIFLD_3825,SUB_HIFLD_3824,meso_SUB_HIFLD_3825_SUB_HIFLD_3824_rev,600000000.0,0.0,0.0,0,168
SUB_HIFLD_3825,SUB_HIFLD_4010,meso_SUB_HIFLD_3825_SUB_HIFLD_4010_fwd,1500000000.0,0.0,0.0,0,168
SUB_HIFLD_3834,SUB_02272,meso_SUB_HIFLD_3834_SUB_02272_rev,600000000.0,0.0,0.0,0,168
SUB_HIFLD_3834,SUB_02406,meso_SUB_HIFLD_3834_SUB_02406_rev,600000000.0,13545046.001959438,18100407.804320045,0,168
SUB_HIFLD_3834,SUB_HIFLD_2068,meso_SUB_HIFLD_3834_SUB_HIFLD_2068_rev,1500000000.0,0.0,0.0,0,168
SUB_HIFLD_3834,SUB_HIFLD_3835,meso_SUB_HIFLD_3834_SUB_HIFLD_3835_fwd,600000000.0,0.0,0.0,0,168
SUB_HIFLD_3835,SUB_02269,meso_SUB_HIFLD_3835_SUB_02269_rev,600000000.0,0.0,0.0,0,168
SUB_HIFLD_3835,SUB_02405,meso_SUB_HIFLD_3835_SUB_02405_rev,1500000000.0,0.0,0.0,0,168
SUB_HIFLD_3835,SUB_HIFLD_2049,meso_SUB_HIFLD_3835_SUB_HIFLD_2049_rev,1500000000.0,0.0,0.0,0,168
SUB_HIFLD_3835,SUB_HIFLD_2068,meso_SUB_HIFLD_3835_SUB_HIFLD_2068_rev,1500000000.0,0.0,0.0,0,168
SUB_HIFLD_3835,SUB_HIFLD_3834,meso_SUB_HIFLD_3835_SUB_HIFLD_3834_rev,600000000.0,0.0,0.0,0,168
SUB_HIFLD_3849,SUB_16237,meso_SUB_HIFLD_3849_SUB_16237_rev,600000000.0,0.0,0.0,0,168
SUB_HIFLD_3849,SUB_16374,meso_SUB_HIFLD_3849_SUB_16374_rev,600000000.0,0.0,0.0,0,168
SUB_HIFLD_3862,SUB_HIFLD_2108,meso_SUB_HIFLD_3862_SUB_HIFLD_2108_rev,600000000.0,589299.6591859199,3678644.2392880153,0,168
SUB_HIFLD_3862,SUB_HIFLD_2117,meso_SUB_HIFLD_3862_SUB_HIFLD_2117_rev,600000000.0,0.0,0.0,0,168
SUB_HIFLD_3862,SUB_HIFLD_3262,meso_SUB_HIFLD_3862_SUB_HIFLD_3262_rev,600000000.0,0.0,0.0,0,168
SUB_HIFLD_3862,SUB_HIFLD_3261,meso_SUB_HIFLD_3862_SUB_HIFLD_3261_rev,86309847.4315791,5244103.415128233,7445239.509503866,0,168
SUB_HIFLD_3887,SUB_25360,meso_SUB_HIFLD_3887_SUB_25360_fwd,50000000.0,0.0,0.0,0,168
SUB_HIFLD_3898,SUB_HIFLD_2869,meso_SUB_HIFLD_3898_SUB_HIFLD_2869_rev,1500000000.0,0.0,0.0,0,168
SUB_HIFLD_3903,SUB_HIFLD_2086,meso_SUB_HIFLD_3903_SUB_HIFLD_2086_rev,1500000000.0,0.0,0.0,0,168
SUB_HIFLD_3903,SUB_HIFLD_48,meso_SUB_HIFLD_3903_SUB_HIFLD_48_fwd,1500000000.0,0.0,0.0,0,168
SUB_HIFLD_4010,SUB_01201,meso_SUB_HIFLD_4010_SUB_01201_rev,1500000000.0,8878020.459162394,8988150.932617188,0,168
SUB_HIFLD_4010,SUB_HIFLD_3824,meso_SUB_HIFLD_4010_SUB_HIFLD_3824_rev,1500000000.0,0.0,0.0,0,168
SUB_HIFLD_4010,SUB_HIFLD_3825,meso_SUB_HIFLD_4010_SUB_HIFLD_3825_rev,1500000000.0,0.0,0.0,0,168
SUB_HIFLD_4059,SUB_HIFLD_2514,meso_SUB_HIFLD_4059_SUB_HIFLD_2514_rev,800000000.0,0.0,0.0,0,168
SUB_HIFLD_4068,WEC_CALN,iface_SUB_HIFLD_4068_WEC_CALN_to_ba,50000000.0,0.0,0.0,0,168
SUB_HIFLD_4077,SUB_HIFLD_523,meso_SUB_HIFLD_4077_SUB_HIFLD_523_fwd,50000000.0,0.0,0.0,0,168
SUB_HIFLD_4127,SUB_16368,meso_SUB_HIFLD_4127_SUB_16368_rev,4500000000.0,3725000.0,4200000.0,0,168
SUB_HIFLD_4127,SUB_HIFLD_597,meso_SUB_HIFLD_4127_SUB_HIFLD_597_fwd,1500000000.0,475000.0,4200000.0,0,168
SUB_HIFLD_4231,SUB_01201,meso_SUB_HIFLD_4231_SUB_01201_rev,1500000000.0,102143.60662838156,10047896.74833601,0,168
SUB_HIFLD_4231,SUB_HIFLD_1139,meso_SUB_HIFLD_4231_SUB_HIFLD_1139_rev,1500000000.0,0.0,0.0,0,168
SUB_HIFLD_4241,SUB_HIFLD_2869,meso_SUB_HIFLD_4241_SUB_HIFLD_2869_fwd,50000000.0,0.0,0.0,0,168
SUB_HIFLD_4291,SUB_18297,meso_SUB_HIFLD_4291_SUB_18297_rev,3000000000.0,0.0,0.0,0,168
SUB_HIFLD_4291,SUB_HIFLD_2086,meso_SUB_HIFLD_4291_SUB_HIFLD_2086_rev,1500000000.0,0.0,0.0,0,168
SUB_HIFLD_4291,SUB_HIFLD_48,meso_SUB_HIFLD_4291_SUB_HIFLD_48_fwd,1500000000.0,7021337.579748477,8585786.69276092,0,168
SUB_HIFLD_4327,SUB_HIFLD_3312,meso_SUB_HIFLD_4327_SUB_HIFLD_3312_rev,600000000.0,0.0,0.0,0,168
SUB_HIFLD_4327,WEC_CALN,iface_SUB_HIFLD_4327_WEC_CALN_to_ba,50000000.0,0.0,0.0,0,168
SUB_HIFLD_4330,SUB_16328,meso_SUB_HIFLD_4330_SUB_16328_rev,600000000.0,0.0,0.0,0,168
SUB_HIFLD_4330,SUB_HIFLD_2043,meso_SUB_HIFLD_4330_SUB_HIFLD_2043_rev,600000000.0,0.0,0.0,0,168
SUB_HIFLD_4390,SUB_16307,meso_SUB_HIFLD_4390_SUB_16307_rev,600000000.0,38754396.97724408,45000000.0,0,168
SUB_HIFLD_4390,SUB_HIFLD_2990,meso_SUB_HIFLD_4390_SUB_HIFLD_2990_rev,1200000000.0,0.0,0.0,0,168
SUB_HIFLD_4403,SUB_10335,meso_SUB_HIFLD_4403_SUB_10335_rev,600000000.0,526103.2260263674,4705415.367519733,0,168
SUB_HIFLD_4403,SUB_10352,meso_SUB_HIFLD_4403_SUB_10352_rev,600000000.0,3245162.553081416,7696865.69631958,0,168
SUB_HIFLD_4403,SUB_HIFLD_2180,meso_SUB_HIFLD_4403_SUB_HIFLD_2180_rev,600000000.0,52431.77044512949,2622137.739754023,0,168
SUB_HIFLD_4426,SUB_16237,meso_SUB_HIFLD_4426_SUB_16237_rev,600000000.0,0.0,0.0,0,168
SUB_HIFLD_4426,SUB_HIFLD_2020,meso_SUB_HIFLD_4426_SUB_HIFLD_2020_rev,600000000.0,0.0,0.0,0,168
SUB_HIFLD_4426,SUB_HIFLD_2990,meso_SUB_HIFLD_4426_SUB_HIFLD_2990_rev,600000000.0,0.0,0.0,0,168
