source,target,line,capacity_W,mean_flow_W,peak_flow_W,binding_hours,n_hours
WECC_AZ,WECC_IID,line_3315,255000000.0,0.0,0.0,0,168
WECC_AZ,WECC_NM,line_3317,2400000000.0,6204863.111859722,390042956.47394854,0,168
WECC_AZ,WECC_SCE,line_3320,2192000000.0,0.0,0.0,0,168
WECC_AZ,WECC_SNV,line_3321,4727000000.0,0.0,0.0,0,168
WECC_AZ,WECC_UT,line_3322,250000000.0,0.0,0.0,0,168
WECC_AZ,WEC_LADW,line_3326,692000000.0,0.0,0.0,0,168
WECC_AZ,WEC_SDGE,line_3327,1655000000.0,0.0,0.0,0,168
WECC_CO,WECC_NM,line_3381,614000000.0,0.0,0.0,0,168
WECC_CO,WECC_UT,line_3386,650000000.0,0.0,0.0,0,168
WECC_CO,WECC_WY,line_3387,1400000000.0,0.0,0.0,0,168
WECC_ID,WECC_MT,line_3444,200000000.0,0.0,0.0,0,168
WECC_ID,WECC_NNV,line_3446,350000000.0,86963397.7467811,350000000.0,35,168
WECC_ID,WECC_PNW,line_3447,2850000000.0,2577027.010337257,432940537.7366591,0,168
WECC_ID,WECC_UT,line_3450,680000000.0,12799193.664875647,680000000.0,3,168
WECC_ID,WECC_WY,line_3451,1500000000.0,0.0,0.0,0,168
WECC_IID,WECC_AZ,line_3504,163000000.0,163000000.0,163000000.0,168,168
WECC_IID,WECC_SCE,line_3512,600000000.0,595748275.9935817,600000000.0,164,168
WECC_IID,WEC_SDGE,line_3519,150000000.0,145891090.07723972,150000000.0,163,168
WECC_MT,WECC_ID,line_3570,325000000.0,211452948.52933174,325000000.0,89,168
WECC_MT,WECC_PNW,line_3575,2000000000.0,165746829.48267198,1807832068.7003055,0,168
WECC_MT,WECC_WY,line_3579,400000000.0,0.0,0.0,0,168
WECC_NM,WECC_AZ,line_3632,2400000000.0,129621154.6477549,1281345400.0,0,168
WECC_NM,WECC_CO,line_3633,664000000.0,0.0,0.0,0,168
WECC_NM,WECC_UT,line_3642,300000000.0,0.0,0.0,0,168
WECC_NNV,WECC_ID,line_3698,185000000.0,2102776.7542623905,185000000.0,1,168
WECC_NNV,WECC_PNW,line_3703,300000000.0,13883598.965450795,300000000.0,5,168
WECC_NNV,WECC_UT,line_3706,235000000.0,0.0,0.0,0,168
WECC_NNV,WEC_CALN,line_3709,100000000.0,1190476.1904761905,100000000.0,2,168
WECC_PNW,WECC_ID,line_3762,1650000000.0,580106069.7151144,1650000000.0,7,168
WECC_PNW,WECC_MT,line_3764,500000000.0,13527.859624447596,2272680.416907196,0,168
WECC_PNW,WECC_NNV,line_3766,300000000.0,162423185.25481936,300000000.0,88,168
WECC_PNW,WEC_CALN,line_3773,4200000000.0,744258896.8406795,3630629496.8497744,0,168
WECC_PNW,WEC_LADW,line_3774,2600000000.0,428248316.3197493,2600000000.0,7,168
WECC_SCE,WECC_AZ,line_3824,1968000000.0,0.0,0.0,0,168
WECC_SCE,WECC_IID,line_3827,600000000.0,0.0,0.0,0,168
WECC_SCE,WECC_SNV,line_3833,2814000000.0,0.0,0.0,0,168
WECC_SCE,WEC_CALN,line_3837,3000000000.0,385069851.146548,3000000000.0,10,168
WECC_SCE,WEC_LADW,line_3838,3750000000.0,345363433.66070384,3012153873.163561,0,168
WECC_SCE,WEC_SDGE,line_3839,1273000000.0,11822300.169763125,558268051.2050601,0,168
WECC_SNV,WECC_AZ,line_3888,4785000000.0,0.0,0.0,0,168
WECC_SNV,WECC_SCE,line_3896,1700000000.0,0.0,0.0,0,168
WECC_SNV,WECC_UT,line_3898,250000000.0,0.0,0.0,0,168
WECC_SNV,WEC_LADW,line_3902,2300000000.0,0.0,0.0,0,168
WECC_UT,WECC_AZ,line_3952,250000000.0,3238467.819844388,250000000.0,1,168
WECC_UT,WECC_CO,line_3953,650000000.0,0.0,0.0,0,168
WECC_UT,WECC_ID,line_3954,775000000.0,445131037.6061731,775000000.0,88,168
WECC_UT,WECC_NM,line_3957,350000000.0,0.0,0.0,0,168
WECC_UT,WECC_NNV,line_3958,360000000.0,295878316.89943653,360000000.0,134,168
WECC_UT,WECC_SNV,line_3961,140000000.0,140000000.0,140000000.0,168,168
WECC_UT,WECC_WY,line_3963,1600000000.0,0.0,0.0,0,168
WECC_UT,WEC_LADW,line_3966,1920000000.0,137570314.86087653,1920000000.0,1,168
WECC_WY,WECC_CO,line_4017,1400000000.0,740971260.9250282,1400000000.0,40,168
WECC_WY,WECC_ID,line_4018,3700000000.0,0.0,0.0,0,168
WECC_WY,WECC_MT,line_4020,200000000.0,0.0,0.0,0,168
WECC_WY,WECC_UT,line_4026,1800000000.0,0.0,0.0,0,168
WEC_BANC,WEC_CALN,line_4093,2750000000.0,0.0,0.0,0,168
WEC_CALN,WECC_NNV,line_4150,100000000.0,0.0,0.0,0,168
WEC_CALN,WECC_PNW,line_4151,3675000000.0,0.0,0.0,0,168
WEC_CALN,WECC_SCE,line_4152,3675000000.0,163029859.6186623,2335357468.796016,0,168
WEC_CALN,WEC_BANC,line_4156,2750000000.0,0.0,0.0,0,168
WEC_CALN,SUB_HIFLD_1851,iface_WEC_CALN_SUB_HIFLD_1851_to_hub,1600000000.0,252256571.40124866,487668872.6122058,0,168
WEC_CALN,SUB_01222,iface_WEC_CALN_SUB_01222_to_hub,20000000.0,20000000.0,20000000.0,168,168
WEC_CALN,SUB_04337,iface_WEC_CALN_SUB_04337_to_hub,3810000000.0,154094171.714972,337971181.61679566,0,168
WEC_CALN,SUB_04205,iface_WEC_CALN_SUB_04205_to_hub,3158759451.8236485,39379113.73019458,105880854.8695734,0,168
WEC_CALN,SUB_01440,iface_WEC_CALN_SUB_01440_to_hub,20000000.0,14566681.590055177,20000000.0,117,168
WEC_CALN,SUB_25993,iface_WEC_CALN_SUB_25993_to_hub,952000000.0,151877.7614138439,5103092.783505155,0,168
WEC_CALN,SUB_16391,iface_WEC_CALN_SUB_16391_to_hub,800000000.0,0.0,0.0,0,168
WEC_CALN,SUB_10372,iface_WEC_CALN_SUB_10372_to_hub,1473341830.7603154,0.0,0.0,0,168
WEC_CALN,SUB_HIFLD_1854,iface_WEC_CALN_SUB_HIFLD_1854_to_hub,20000000.0,401527.2911323677,2618335.9326737532,0,168
WEC_CALN,SUB_HIFLD_659,iface_WEC_CALN_SUB_HIFLD_659_to_hub,20000000.0,16657225.360790486,20000000.0,72,168
WEC_CALN,SUB_10314,iface_WEC_CALN_SUB_10314_to_hub,20000000.0,4684305.306065418,18241019.652061857,0,168
WEC_CALN,SUB_HIFLD_1357,iface_WEC_CALN_SUB_HIFLD_1357_to_hub,20000000.0,69973.03391550416,11755469.697804699,0,168
WEC_CALN,SUB_25250,iface_WEC_CALN_SUB_25250_to_hub,250000000.0,25024982.681033403,153344949.50470322,0,168
WEC_CALN,SUB_16242,iface_WEC_CALN_SUB_16242_to_hub,380000000.0,59767001.31844839,189402536.44018334,0,168
WEC_CALN,SUB_HIFLD_30,iface_WEC_CALN_SUB_HIFLD_30_to_hub,7850000000.0,331098554.6336062,1456037285.8982003,0,168
WEC_CALN,SUB_08343,iface_WEC_CALN_SUB_08343_to_hub,1390000000.0,199929723.29420045,309328433.8446998,0,168
WEC_CALN,SUB_15276,iface_WEC_CALN_SUB_15276_to_hub,332700000.0,0.0,0.0,0,168
WEC_CALN,SUB_25270,iface_WEC_CALN_SUB_25270_to_hub,230000000.0,110642830.42299397,230000000.0,5,168
WEC_CALN,SUB_25348,iface_WEC_CALN_SUB_25348_to_hub,20000000.0,1666337.2854536832,20000000.0,14,168
WEC_CALN,SUB_01223,iface_WEC_CALN_SUB_01223_to_hub,20000000.0,20000000.0,20000000.0,168,168
WEC_CALN,SUB_25461,iface_WEC_CALN_SUB_25461_to_hub,2400000000.0,25272029.934799023,64611163.01546392,0,168
WEC_CALN,SUB_25407,iface_WEC_CALN_SUB_25407_to_hub,670000000.0,157711043.64580205,245882197.0653098,0,168
WEC_CALN,SUB_25441,iface_WEC_CALN_SUB_25441_to_hub,628061498.2341472,26060763.365244117,96415071.77363218,0,168
WEC_CALN,SUB_HIFLD_597,iface_WEC_CALN_SUB_HIFLD_597_to_hub,1441402012.6795325,40212252.56835463,330393261.3857255,0,168
WEC_CALN,SUB_02210,iface_WEC_CALN_SUB_02210_to_hub,1834531636.61443,424478089.10407877,1060864859.2286894,0,168
WEC_CALN,SUB_HIFLD_2514,iface_WEC_CALN_SUB_HIFLD_2514_to_hub,20000000.0,360796.9718317314,456366.21102831647,0,168
WEC_CALN,SUB_HIFLD_1297,iface_WEC_CALN_SUB_HIFLD_1297_to_hub,400000000.0,0.0,0.0,0,168
WEC_CALN,SUB_10373,iface_WEC_CALN_SUB_10373_to_hub,20000000.0,0.0,0.0,0,168
WEC_CALN,SUB_25337,iface_WEC_CALN_SUB_25337_to_hub,480000000.0,84110702.0263305,234179028.97844434,0,168
WEC_CALN,SUB_18282,iface_WEC_CALN_SUB_18282_to_hub,20000000.0,8861384.620922768,20000000.0,71,168
WEC_CALN,SUB_25412,iface_WEC_CALN_SUB_25412_to_hub,70000000.0,45701243.05925822,70000000.0,105,168
WEC_CALN,SUB_02287,iface_WEC_CALN_SUB_02287_to_hub,1285195405.3370101,50052005.36840294,198626884.87638304,0,168
WEC_CALN,SUB_10260,iface_WEC_CALN_SUB_10260_to_hub,440000000.0,26709690.55916651,106927523.18123916,0,168
WEC_CALN,SUB_01409,iface_WEC_CALN_SUB_01409_to_hub,20000000.0,20000000.0,20000000.0,168,168
WEC_CALN,SUB_16371,iface_WEC_CALN_SUB_16371_to_hub,20000000.0,18489545.382361323,20000000.0,149,168
WEC_CALN,SUB_10132,iface_WEC_CALN_SUB_10132_to_hub,795000000.0,0.0,0.0,0,168
WEC_CALN,SUB_01467,iface_WEC_CALN_SUB_01467_to_hub,20000000.0,9995255.394449072,20000000.0,72,168
WEC_CALN,SUB_25430,iface_WEC_CALN_SUB_25430_to_hub,20000000.0,12722302.870076027,20000000.0,39,168
WEC_CALN,SUB_01380,iface_WEC_CALN_SUB_01380_to_hub,20000000.0,17407011.13071306,20000000.0,142,168
WEC_CALN,SUB_HIFLD_2010,iface_WEC_CALN_SUB_HIFLD_2010_to_hub,20000000.0,5018847.662635047,20000000.0,41,168
WEC_CALN,SUB_01323,iface_WEC_CALN_SUB_01323_to_hub,800000000.0,31631164.84177106,134049589.4521067,0,168
WEC_CALN,SUB_01365,iface_WEC_CALN_SUB_01365_to_hub,1377697612.2250001,1000452.0503788573,127216501.65565139,0,168
WEC_CALN,SUB_01423,iface_WEC_CALN_SUB_01423_to_hub,620000000.0,173685737.76940316,518282398.2850978,0,168
WEC_CALN,SUB_10225,iface_WEC_CALN_SUB_10225_to_hub,70000000.0,0.0,0.0,0,168
WEC_CALN,SUB_02419,iface_WEC_CALN_SUB_02419_to_hub,20000000.0,17059599.17308338,20000000.0,141,168
WEC_CALN,SUB_04248,iface_WEC_CALN_SUB_04248_to_hub,400000000.0,151290541.97353163,253173221.5370886,0,168
WEC_CALN,SUB_16368,iface_WEC_CALN_SUB_16368_to_hub,20000000.0,9612654.542831138,20000000.0,77,168
WEC_CALN,SUB_25367,iface_WEC_CALN_SUB_25367_to_hub,547200000.0,0.0,0.0,0,168
WEC_CALN,SUB_04325,iface_WEC_CALN_SUB_04325_to_hub,20000000.0,19612818.37160001,20000000.0,139,168
WEC_CALN,SUB_10293,iface_WEC_CALN_SUB_10293_to_hub,20000000.0,0.0,0.0,0,168
WEC_CALN,SUB_HIFLD_982,iface_WEC_CALN_SUB_HIFLD_982_to_hub,20000000.0,9872597.55896202,20000000.0,75,168
WEC_CALN,SUB_08337,iface_WEC_CALN_SUB_08337_to_hub,1080000000.0,157250985.86253902,304370283.3317286,0,168
WEC_CALN,SUB_18301,iface_WEC_CALN_SUB_18301_to_hub,20000000.0,1917489.1932121061,20000000.0,13,168
WEC_CALN,SUB_04230,iface_WEC_CALN_SUB_04230_to_hub,20000000.0,19228163.10507734,20000000.0,158,168
WEC_CALN,SUB_25526,iface_WEC_CALN_SUB_25526_to_hub,1070000000.0,53525956.152485326,292662669.4052656,0,168
WEC_CALN,SUB_25457,iface_WEC_CALN_SUB_25457_to_hub,250000000.0,39565918.51237468,87625965.1663301,0,168
WEC_CALN,SUB_06364,iface_WEC_CALN_SUB_06364_to_hub,135999044.89,6509223.60269479,135999044.89,1,168
WEC_CALN,SUB_16348,iface_WEC_CALN_SUB_16348_to_hub,20000000.0,18654225.85172941,20000000.0,147,168
WEC_CALN,SUB_01469,iface_WEC_CALN_SUB_01469_to_hub,20000000.0,17986376.29992598,20000000.0,119,168
WEC_CALN,SUB_01466,iface_WEC_CALN_SUB_01466_to_hub,20000000.0,14497231.757395966,20000000.0,121,168
WEC_CALN,SUB_04256,iface_WEC_CALN_SUB_04256_to_hub,1540000000.0,293262817.20996064,498483235.2158853,0,168
WEC_CALN,SUB_01465,iface_WEC_CALN_SUB_01465_to_hub,850000000.0,126818.14107938381,21305447.70133648,0,168
WEC_CALN,SUB_08377,iface_WEC_CALN_SUB_08377_to_hub,800000000.0,32257468.114299525,44712963.1121134,0,168
WEC_CALN,SUB_HIFLD_3283,iface_WEC_CALN_SUB_HIFLD_3283_to_hub,4800000000.0,1462535.8433320466,1869338.189650095,0,168
WEC_CALN,SUB_25209,iface_WEC_CALN_SUB_25209_to_hub,2700000000.0,22273868.939893693,47126999.45633419,0,168
WEC_CALN,SUB_25255,iface_WEC_CALN_SUB_25255_to_hub,2700000000.0,25372692.758583825,208919451.0705178,0,168
WEC_CALN,SUB_10310,iface_WEC_CALN_SUB_10310_to_hub,5000000.0,0.0,0.0,0,168
WEC_CALN,SUB_25418,iface_WEC_CALN_SUB_25418_to_hub,5000000.0,0.0,0.0,0,168
WEC_CALN,SUB_10338,iface_WEC_CALN_SUB_10338_to_hub,5000000.0,0.0,0.0,0,168
WEC_CALN,SUB_HIFLD_2013,iface_WEC_CALN_SUB_HIFLD_2013_to_hub,5000000.0,0.0,0.0,0,168
WEC_CALN,SUB_HIFLD_2207,iface_WEC_CALN_SUB_HIFLD_2207_to_hub,5000000.0,1359597.795655151,1753676.583768549,0,168
WEC_CALN,SUB_16211,iface_WEC_CALN_SUB_16211_to_hub,5000000.0,5000000.0,5000000.0,168,168
WEC_CALN,SUB_HIFLD_1396,iface_WEC_CALN_SUB_HIFLD_1396_to_hub,5000000.0,5000000.0,5000000.0,168,168
WEC_CALN,SUB_HIFLD_2219,iface_WEC_CALN_SUB_HIFLD_2219_to_hub,5000000.0,180867.45786971186,233291.79901437662,0,168
WEC_CALN,SUB_HIFLD_4327,iface_WEC_CALN_SUB_HIFLD_4327_to_hub,5000000.0,0.0,0.0,0,168
WEC_CALN,SUB_HIFLD_1832,iface_WEC_CALN_SUB_HIFLD_1832_to_hub,5000000.0,5000000.0,5000000.0,168,168
WEC_CALN,SUB_HIFLD_142,iface_WEC_CALN_SUB_HIFLD_142_to_hub,5000000.0,5000000.0,5000000.0,168,168
WEC_CALN,SUB_HIFLD_1360,iface_WEC_CALN_SUB_HIFLD_1360_to_hub,5000000.0,5000000.0,5000000.0,168,168
WEC_CALN,SUB_HIFLD_4068,iface_WEC_CALN_SUB_HIFLD_4068_to_hub,5000000.0,0.0,0.0,0,168
WEC_CALN,SUB_HIFLD_2491,iface_WEC_CALN_SUB_HIFLD_2491_to_hub,5000000.0,0.0,0.0,0,168
WEC_CALN,SUB_HIFLD_464,iface_WEC_CALN_SUB_HIFLD_464_to_hub,5000000.0,0.0,0.0,0,168
WEC_CALN,SUB_HIFLD_2212,iface_WEC_CALN_SUB_HIFLD_2212_to_hub,5000000.0,47620.97976929895,69126.12128503543,0,168
WEC_CALN,SUB_25859,iface_WEC_CALN_SUB_25859_to_hub,5000000.0,0.0,0.0,0,168
WEC_CALN,SUB_10340,iface_WEC_CALN_SUB_10340_to_hub,5000000.0,0.0,0.0,0,168
WEC_CALN,SUB_HIFLD_2177,iface_WEC_CALN_SUB_HIFLD_2177_to_hub,5000000.0,0.0,0.0,0,168
WEC_LADW,WECC_AZ,line_4208,468000000.0,0.0,0.0,0,168
WEC_LADW,WECC_PNW,line_4215,2858000000.0,0.0,0.0,0,168
WEC_LADW,WECC_SCE,line_4216,3750000000.0,51129759.11596002,1920223309.0851846,0,168
WEC_LADW,WECC_SNV,line_4217,3883000000.0,0.0,0.0,0,168
WEC_LADW,WECC_UT,line_4218,1400000000.0,0.0,0.0,0,168
WEC_SDGE,WECC_AZ,line_4272,1168000000.0,0.0,0.0,0,168
WEC_SDGE,WECC_IID,line_4275,150000000.0,0.0,0.0,0,168
WEC_SDGE,WECC_SCE,line_4280,1273000000.0,174519222.6336573,1273000000.0,1,168
SUB_02409,SUB_HIFLD_2062,meso_SUB_02409_SUB_HIFLD_2062_fwd,21048781.07659053,0.0,0.0,0,168
SUB_10349,SUB_10372,meso_SUB_10349_SUB_10372_fwd,60000000.0,6908353.99064865,10111173.115537645,0,168
SUB_10349,SUB_HIFLD_3104,meso_SUB_10349_SUB_HIFLD_3104_rev,5000000.0,1272988.4869894665,1600848.8258883199,0,168
SUB_10349,SUB_HIFLD_1062,meso_SUB_10349_SUB_HIFLD_1062_rev,5000000.0,839644.847901709,1053089.2598260308,0,168
SUB_04281,SUB_04209,meso_SUB_04281_SUB_04209_rev,60000000.0,0.0,0.0,0,168
SUB_04281,SUB_04285,meso_SUB_04281_SUB_04285_fwd,60000000.0,3912319.882750989,5071621.29440759,0,168
SUB_04281,SUB_04316,meso_SUB_04281_SUB_04316_fwd,60000000.0,2228027.627651868,2767252.6880637887,0,168
SUB_18239,SUB_18219,meso_SUB_18239_SUB_18219_rev,60000000.0,85126.86811174665,641607.2998046875,0,168
SUB_25404,SUB_25537,meso_SUB_25404_SUB_25537_fwd,7213094.515688149,0.0,0.0,0,168
SUB_25424,SUB_25208,meso_SUB_25424_SUB_25208_rev,300000000.0,2103858.565603526,10951370.003459327,0,168
SUB_01216,SUB_01365,meso_SUB_01216_SUB_01365_fwd,180000000.0,0.0,0.0,0,168
SUB_01216,SUB_01445,meso_SUB_01216_SUB_01445_fwd,60000000.0,20972630.06951604,60000000.0,29,168
SUB_01216,SUB_01202,meso_SUB_01216_SUB_01202_rev,150000000.0,119453625.24453713,150000000.0,68,168
SUB_01216,SUB_01324,meso_SUB_01216_SUB_01324_fwd,300000000.0,1126984.273814443,111664242.88728495,0,168
SUB_01216,SUB_01343,meso_SUB_01216_SUB_01343_fwd,150000000.0,6502331.159289051,43019310.50908443,0,168
SUB_01216,SUB_01376,meso_SUB_01216_SUB_01376_fwd,400000000.0,77122675.80782197,345956213.3954537,0,168
SUB_01216,SUB_01391,meso_SUB_01216_SUB_01391_fwd,300000000.0,799347.6117328791,21947867.67074742,0,168
SUB_01216,SUB_01465,meso_SUB_01216_SUB_01465_fwd,400000000.0,0.0,0.0,0,168
SUB_01216,SUB_01466,meso_SUB_01216_SUB_01466_fwd,400000000.0,23073727.679662317,71603012.24226804,0,168
SUB_01216,SUB_01467,meso_SUB_01216_SUB_01467_fwd,400000000.0,28873041.956065048,173357989.05284655,0,168
SUB_01216,SUB_02203,meso_SUB_01216_SUB_02203_fwd,400000000.0,236192989.87196547,345675850.45143044,0,168
SUB_01216,SUB_02419,meso_SUB_01216_SUB_02419_fwd,400000000.0,332516734.16966766,400000000.0,43,168
SUB_01216,SUB_HIFLD_30,meso_SUB_01216_SUB_HIFLD_30_fwd,400000000.0,91483696.3064106,400000000.0,12,168
SUB_25229,SUB_25234,meso_SUB_25229_SUB_25234_fwd,300000000.0,0.0,0.0,0,168
SUB_25229,SUB_25235,meso_SUB_25229_SUB_25235_fwd,300000000.0,0.0,0.0,0,168
SUB_25357,SUB_25235,meso_SUB_25357_SUB_25235_rev,150000000.0,0.0,0.0,0,168
SUB_25357,SUB_25392,meso_SUB_25357_SUB_25392_fwd,150000000.0,51449098.71337719,73914269.69093172,0,168
SUB_25357,SUB_25204,meso_SUB_25357_SUB_25204_rev,150000000.0,20287155.480782334,53406548.00257732,0,168
SUB_16299,SUB_16207,meso_SUB_16299_SUB_16207_rev,60000000.0,9496304.679294396,30737340.214903947,0,168
SUB_16299,SUB_16323,meso_SUB_16299_SUB_16323_fwd,60000000.0,0.0,0.0,0,168
SUB_25460,SUB_HIFLD_217,meso_SUB_25460_SUB_HIFLD_217_fwd,5000000.0,0.0,0.0,0,168
SUB_16208,SUB_16223,meso_SUB_16208_SUB_16223_fwd,60000000.0,0.0,0.0,0,168
SUB_16208,SUB_16302,meso_SUB_16208_SUB_16302_fwd,60000000.0,0.0,0.0,0,168
SUB_25455,SUB_25205,meso_SUB_25455_SUB_25205_rev,400000000.0,74212833.76672189,122131886.2757732,0,168
SUB_25455,SUB_25412,meso_SUB_25455_SUB_25412_rev,400000000.0,0.0,0.0,0,168
SUB_16354,SUB_16301,meso_SUB_16354_SUB_16301_rev,120000000.0,0.0,0.0,0,168
SUB_15215,SUB_06203,meso_SUB_15215_SUB_06203_rev,210000000.0,39218791.83662025,66666068.7303239,0,168
SUB_15215,SUB_06277,meso_SUB_15215_SUB_06277_rev,60000000.0,7916416.442809641,19134787.12067428,0,168
SUB_15215,SUB_06344,meso_SUB_15215_SUB_06344_rev,60000000.0,9751274.529436734,18964531.652706183,0,168
SUB_15215,SUB_06368,meso_SUB_15215_SUB_06368_rev,150000000.0,198276.0263257146,10395797.167881627,0,168
SUB_15215,SUB_15281,meso_SUB_15215_SUB_15281_fwd,60000000.0,0.0,0.0,0,168
SUB_15215,SUB_15290,meso_SUB_15215_SUB_15290_fwd,150000000.0,2841973.9745360115,26990490.093427837,0,168
SUB_15215,SUB_15371,meso_SUB_15215_SUB_15371_fwd,60000000.0,329916.13913354883,2471405.3439110825,0,168
SUB_15215,SUB_15373,meso_SUB_15215_SUB_15373_fwd,60000000.0,3015850.2033061734,22960673.727448452,0,168
SUB_15215,SUB_15376,meso_SUB_15215_SUB_15376_fwd,60000000.0,786707.9523302513,7226437.324795923,0,168
SUB_15215,SUB_15378,meso_SUB_15215_SUB_15378_fwd,150000000.0,507343.8289512933,8700261.75902062,0,168
SUB_25373,SUB_25412,meso_SUB_25373_SUB_25412_fwd,150000000.0,0.0,0.0,0,168
SUB_25373,SUB_25425,meso_SUB_25373_SUB_25425_fwd,150000000.0,0.0,0.0,0,168
SUB_25373,SUB_25228,meso_SUB_25373_SUB_25228_rev,150000000.0,404047.12219183234,21387818.67721085,0,168
SUB_25232,SUB_25255,meso_SUB_25232_SUB_25255_fwd,160000000.0,5953863.856942365,12225060.213947665,0,168
SUB_25232,SUB_25468,meso_SUB_25232_SUB_25468_fwd,80000000.0,3824569.2682830933,12406248.691088902,0,168
SUB_04341,SUB_04295,meso_SUB_04341_SUB_04295_rev,150000000.0,0.0,0.0,0,168
SUB_04341,SUB_HIFLD_1827,meso_SUB_04341_SUB_HIFLD_1827_fwd,300000000.0,0.0,0.0,0,168
SUB_04341,SUB_HIFLD_1815,meso_SUB_04341_SUB_HIFLD_1815_rev,5000000.0,0.0,0.0,0,168
SUB_04341,SUB_HIFLD_1823,meso_SUB_04341_SUB_HIFLD_1823_rev,5000000.0,0.0,0.0,0,168
SUB_16223,SUB_16208,meso_SUB_16223_SUB_16208_rev,60000000.0,1999595.7332197467,4628865.979381443,0,168
SUB_16223,SUB_16328,meso_SUB_16223_SUB_16328_fwd,60000000.0,0.0,0.0,0,168
SUB_16223,SUB_16368,meso_SUB_16223_SUB_16368_fwd,60000000.0,0.0,0.0,0,168
SUB_16325,SUB_16267,meso_SUB_16325_SUB_16267_rev,60000000.0,0.0,0.0,0,168
SUB_16325,SUB_16274,meso_SUB_16325_SUB_16274_rev,60000000.0,29306452.54896656,44216837.47774737,0,168
SUB_16325,SUB_HIFLD_2318,meso_SUB_16325_SUB_HIFLD_2318_fwd,60000000.0,0.0,0.0,0,168
SUB_08299,SUB_08300,meso_SUB_08299_SUB_08300_fwd,150000000.0,0.0,0.0,0,168
SUB_25367,SUB_18301,meso_SUB_25367_SUB_18301_rev,2400000000.0,774398.1288393385,40806091.48671713,0,168
SUB_25367,SUB_25231,meso_SUB_25367_SUB_25231_rev,150000000.0,5610537.530061955,55732272.216257215,0,168
SUB_25367,SUB_25236,meso_SUB_25367_SUB_25236_rev,60000000.0,7347052.37740589,57866462.50950717,0,168
SUB_25367,SUB_25289,meso_SUB_25367_SUB_25289_rev,300000000.0,14564229.044978471,46766929.83031539,0,168
SUB_25367,SUB_25340,meso_SUB_25367_SUB_25340_rev,150000000.0,8077512.023656113,9496686.734858247,0,168
SUB_25367,SUB_25461,meso_SUB_25367_SUB_25461_fwd,800000000.0,22549977.796845816,195345954.63971233,0,168
SUB_25367,SUB_HIFLD_982,meso_SUB_25367_SUB_HIFLD_982_fwd,2050000000.0,50355349.01455042,447704011.3283165,0,168
SUB_25367,SUB_18238,meso_SUB_25367_SUB_18238_rev,400000000.0,135740326.04614082,400000000.0,8,168
SUB_25367,SUB_25359,meso_SUB_25367_SUB_25359_rev,150000000.0,81904.51279442284,289918.1247986469,0,168
SUB_25367,SUB_25393,meso_SUB_25367_SUB_25393_fwd,800000000.0,8103424.287566824,148652860.25104764,0,168
SUB_25367,SUB_25412,meso_SUB_25367_SUB_25412_fwd,400000000.0,284628912.8436045,400000000.0,48,168
SUB_25367,SUB_25464,meso_SUB_25367_SUB_25464_fwd,80000000.0,1877262.8005363683,31778986.60398577,0,168
SUB_25367,SUB_25537,meso_SUB_25367_SUB_25537_fwd,150000000.0,21957010.51727753,103119756.69480993,0,168
SUB_25367,WEC_CALN,iface_SUB_25367_WEC_CALN_to_ba,547200000.0,3071736.912871603,439772768.5656509,0,168
SUB_25202,SUB_25345,meso_SUB_25202_SUB_25345_fwd,160000000.0,85151.0935930209,748344.458878404,0,168
SUB_25296,SUB_25246,meso_SUB_25296_SUB_25246_rev,150000000.0,0.0,0.0,0,168
SUB_25296,SUB_25290,meso_SUB_25296_SUB_25290_rev,150000000.0,0.0,0.0,0,168
SUB_18258,SUB_18280,meso_SUB_18258_SUB_18280_fwd,60000000.0,6523401.903314306,49243209.17759246,0,168
SUB_18258,SUB_18263,meso_SUB_18258_SUB_18263_fwd,80000000.0,0.0,0.0,0,168
SUB_16209,SUB_01432,meso_SUB_16209_SUB_01432_rev,60000000.0,0.0,0.0,0,168
SUB_16209,SUB_16374,meso_SUB_16209_SUB_16374_fwd,60000000.0,0.0,0.0,0,168
SUB_15371,SUB_15211,meso_SUB_15371_SUB_15211_rev,60000000.0,0.0,0.0,0,168
SUB_15371,SUB_15215,meso_SUB_15371_SUB_15215_rev,60000000.0,8571084.922994938,55812146.240234375,0,168
SUB_04282,SUB_04256,meso_SUB_04282_SUB_04256_rev,300000000.0,0.0,0.0,0,168
SUB_04282,SUB_04277,meso_SUB_04282_SUB_04277_rev,150000000.0,11171477.561355164,15808464.88402062,0,168
SUB_04282,SUB_04289,meso_SUB_04282_SUB_04289_fwd,60000000.0,4007752.0482504354,10039224.58923969,0,168
SUB_04282,SUB_04331,meso_SUB_04282_SUB_04331_fwd,120000000.0,0.0,0.0,0,168
SUB_04282,SUB_04225,meso_SUB_04282_SUB_04225_rev,300000000.0,3226532.094784092,4108899.051626933,0,168
SUB_25380,SUB_25297,meso_SUB_25380_SUB_25297_rev,80000000.0,0.0,0.0,0,168
SUB_25380,SUB_25319,meso_SUB_25380_SUB_25319_rev,80000000.0,0.0,0.0,0,168
SUB_25255,SUB_18263,meso_SUB_25255_SUB_18263_rev,300000000.0,7333414.912290048,105840991.88982117,0,168
SUB_25255,SUB_25232,meso_SUB_25255_SUB_25232_rev,160000000.0,3969127.286057241,12844089.527235558,0,168
SUB_25255,SUB_25278,meso_SUB_25255_SUB_25278_fwd,80000000.0,0.0,0.0,0,168
SUB_25255,SUB_25261,meso_SUB_25255_SUB_25261_fwd,150000000.0,34857120.666760124,150000000.0,3,168
SUB_25255,WEC_CALN,iface_SUB_25255_WEC_CALN_to_ba,2700000000.0,374941.2241619242,21059131.70316513,0,168
SUB_08293,SUB_18358,meso_SUB_08293_SUB_18358_fwd,60000000.0,0.0,0.0,0,168
SUB_16315,SUB_16365,meso_SUB_16315_SUB_16365_fwd,60000000.0,6304166.867810676,11138002.375966495,0,168
SUB_16315,SUB_16368,meso_SUB_16315_SUB_16368_fwd,60000000.0,0.0,0.0,0,168
SUB_10355,SUB_10330,meso_SUB_10355_SUB_10330_rev,60000000.0,0.0,0.0,0,168
SUB_10355,SUB_10372,meso_SUB_10355_SUB_10372_fwd,60000000.0,18590702.035640173,23749413.80081299,0,168
SUB_10355,SUB_HIFLD_482,meso_SUB_10355_SUB_HIFLD_482_fwd,60000000.0,0.0,0.0,0,168
SUB_10355,SUB_10331,meso_SUB_10355_SUB_10331_rev,5000000.0,0.0,0.0,0,168
SUB_04336,SUB_04271,meso_SUB_04336_SUB_04271_rev,60000000.0,0.0,0.0,0,168
SUB_04336,SUB_04319,meso_SUB_04336_SUB_04319_rev,150000000.0,1219652.3910036283,8129908.988402062,0,168
SUB_04336,SUB_04331,meso_SUB_04336_SUB_04331_rev,120000000.0,0.0,0.0,0,168
SUB_16307,SUB_16242,meso_SUB_16307_SUB_16242_rev,60000000.0,3956954.887370145,27502757.07525188,0,168
SUB_16307,SUB_16322,meso_SUB_16307_SUB_16322_fwd,60000000.0,21806162.267713767,30878320.97978038,0,168
SUB_16307,SUB_HIFLD_4390,meso_SUB_16307_SUB_HIFLD_4390_fwd,60000000.0,0.0,0.0,0,168
SUB_16307,SUB_16308,meso_SUB_16307_SUB_16308_rev,8323376.181608301,6045673.817937491,7814486.34826031,0,168
SUB_18208,SUB_18203,meso_SUB_18208_SUB_18203_rev,60000000.0,0.0,0.0,0,168
SUB_18208,SUB_18215,meso_SUB_18208_SUB_18215_fwd,60000000.0,4101254.744231071,7487064.038586818,0,168
SUB_18208,SUB_18207,meso_SUB_18208_SUB_18207_fwd,67488436.9866766,37361636.75272991,44919972.23139498,0,168
SUB_16324,SUB_16376,meso_SUB_16324_SUB_16376_fwd,5000000.0,0.0,0.0,0,168
SUB_19245,SUB_19239,meso_SUB_19245_SUB_19239_rev,60000000.0,10041647.966597442,11993636.235502576,0,168
SUB_19245,SUB_19243,meso_SUB_19245_SUB_19243_rev,60000000.0,3681520.920586342,6412820.440862596,0,168
SUB_04266,SUB_04228,meso_SUB_04266_SUB_04228_rev,120000000.0,0.0,0.0,0,168
SUB_04266,SUB_04268,meso_SUB_04266_SUB_04268_fwd,60000000.0,0.0,0.0,0,168
SUB_04266,SUB_04276,meso_SUB_04266_SUB_04276_fwd,60000000.0,220477.21310792863,6351478.537568597,0,168
SUB_04266,SUB_04295,meso_SUB_04266_SUB_04295_fwd,60000000.0,0.0,0.0,0,168
SUB_02412,SUB_02408,meso_SUB_02412_SUB_02408_rev,60000000.0,0.0,0.0,0,168
SUB_02412,SUB_02413,meso_SUB_02412_SUB_02413_fwd,120000000.0,40986903.27839037,58906289.534349754,0,168
SUB_02412,SUB_02425,meso_SUB_02412_SUB_02425_fwd,60000000.0,0.0,0.0,0,168
SUB_01352,SUB_01254,meso_SUB_01352_SUB_01254_fwd,5000000.0,0.0,0.0,0,168
SUB_18294,SUB_18237,meso_SUB_18294_SUB_18237_rev,60000000.0,0.0,0.0,0,168
SUB_01220,SUB_01353,meso_SUB_01220_SUB_01353_fwd,5000000.0,0.0,0.0,0,168
SUB_25270,SUB_25221,meso_SUB_25270_SUB_25221_rev,80000000.0,18317441.25733561,58371241.5888378,0,168
SUB_25270,SUB_25224,meso_SUB_25270_SUB_25224_rev,80000000.0,28811824.968749262,80000000.0,1,168
SUB_25270,SUB_25268,meso_SUB_25270_SUB_25268_rev,60000000.0,1315538.9929570232,56442193.92076646,0,168
SUB_25270,SUB_25353,meso_SUB_25270_SUB_25353_fwd,60000000.0,10652814.4847662,13256606.394974226,0,168
SUB_25270,SUB_25425,meso_SUB_25270_SUB_25425_fwd,60000000.0,290503.1977218026,23338310.615564723,0,168
SUB_25270,SUB_25441,meso_SUB_25270_SUB_25441_fwd,480000000.0,0.0,0.0,0,168
SUB_25270,SUB_25228,meso_SUB_25270_SUB_25228_rev,150000000.0,63141267.36775303,137888517.2208734,0,168
SUB_25270,WEC_CALN,iface_SUB_25270_WEC_CALN_to_ba,230000000.0,0.0,0.0,0,168
SUB_25425,SUB_25235,meso_SUB_25425_SUB_25235_rev,300000000.0,10150238.758328335,55619896.51098583,0,168
SUB_25425,SUB_25270,meso_SUB_25425_SUB_25270_rev,60000000.0,53802.344631475666,9038793.898087911,0,168
SUB_25425,SUB_25373,meso_SUB_25425_SUB_25373_rev,150000000.0,19639943.866030563,64432586.98453608,0,168
SUB_25425,SUB_25412,meso_SUB_25425_SUB_25412_rev,150000000.0,0.0,0.0,0,168
SUB_25425,SUB_25480,meso_SUB_25425_SUB_25480_fwd,150000000.0,7106863.8925835565,10186388.920399485,0,168
SUB_15211,SUB_15371,meso_SUB_15211_SUB_15371_fwd,60000000.0,10875052.123170475,60000000.0,17,168
SUB_10319,SUB_10291,meso_SUB_10319_SUB_10291_fwd,5480746.609466204,0.0,0.0,0,168
SUB_18272,SUB_18304,meso_SUB_18272_SUB_18304_fwd,150000000.0,0.0,0.0,0,168
SUB_16211,WEC_CALN,iface_SUB_16211_WEC_CALN_to_ba,5000000.0,0.0,0.0,0,168
SUB_18304,SUB_18268,meso_SUB_18304_SUB_18268_rev,150000000.0,0.0,0.0,0,168
SUB_18304,SUB_18272,meso_SUB_18304_SUB_18272_rev,150000000.0,13391959.845159471,16936001.93298969,0,168
SUB_18304,SUB_HIFLD_48,meso_SUB_18304_SUB_HIFLD_48_fwd,150000000.0,0.0,0.0,0,168
SUB_25461,SUB_25367,meso_SUB_25461_SUB_25367_rev,800000000.0,0.0,0.0,0,168
SUB_25461,SUB_HIFLD_1851,meso_SUB_25461_SUB_HIFLD_1851_fwd,400000000.0,5250820.272202931,155795634.59427094,0,168
SUB_25461,WEC_CALN,iface_SUB_25461_WEC_CALN_to_ba,2400000000.0,0.0,0.0,0,168
SUB_25235,SUB_25224,meso_SUB_25235_SUB_25224_rev,150000000.0,0.0,0.0,0,168
SUB_25235,SUB_25234,meso_SUB_25235_SUB_25234_rev,210000000.0,1662778.346388617,96019123.48492147,0,168
SUB_25235,SUB_25250,meso_SUB_25235_SUB_25250_fwd,150000000.0,0.0,0.0,0,168
SUB_25235,SUB_25357,meso_SUB_25235_SUB_25357_fwd,150000000.0,129592514.59156583,150000000.0,73,168
SUB_25235,SUB_25408,meso_SUB_25235_SUB_25408_fwd,300000000.0,29960057.36207841,178506249.03356752,0,168
SUB_25235,SUB_25412,meso_SUB_25235_SUB_25412_fwd,300000000.0,0.0,0.0,0,168
SUB_25235,SUB_25425,meso_SUB_25235_SUB_25425_fwd,300000000.0,0.0,0.0,0,168
SUB_25235,SUB_25228,meso_SUB_25235_SUB_25228_rev,300000000.0,320181.11250187986,13396002.673969071,0,168
SUB_25235,SUB_25229,meso_SUB_25235_SUB_25229_rev,300000000.0,8214670.712129996,19938841.01159794,0,168
SUB_25235,SUB_25444,meso_SUB_25235_SUB_25444_rev,13966455.852335861,0.0,0.0,0,168
SUB_25539,SUB_25245,meso_SUB_25539_SUB_25245_rev,80000000.0,0.0,0.0,0,168
SUB_25539,SUB_25276,meso_SUB_25539_SUB_25276_rev,80000000.0,2538266.832946321,31115076.563912373,0,168
SUB_25539,SUB_25347,meso_SUB_25539_SUB_25347_rev,150000000.0,0.0,0.0,0,168
SUB_25539,SUB_25398,meso_SUB_25539_SUB_25398_rev,19217110.358198553,15820991.17378306,18732480.26739691,0,168
SUB_01284,SUB_01467,meso_SUB_01284_SUB_01467_fwd,300000000.0,0.0,0.0,0,168
SUB_16274,SUB_16311,meso_SUB_16274_SUB_16311_fwd,60000000.0,11405820.82726877,17218500.32216495,0,168
SUB_16274,SUB_16325,meso_SUB_16274_SUB_16325_fwd,60000000.0,0.0,0.0,0,168
SUB_18254,SUB_18255,meso_SUB_18254_SUB_18255_fwd,60000000.0,6137788.044446562,10637478.974341542,0,168
SUB_18254,SUB_18263,meso_SUB_18254_SUB_18263_fwd,60000000.0,0.0,0.0,0,168
SUB_18254,SUB_18261,meso_SUB_18254_SUB_18261_rev,95896489.6261608,10457848.97449517,24847356.515127834,0,168
SUB_18254,SUB_18305,meso_SUB_18254_SUB_18305_rev,64293470.831450015,31927767.74758701,51661558.88088159,0,168
SUB_15244,SUB_15370,meso_SUB_15244_SUB_15370_fwd,150000000.0,16756060.177914836,42736118.81388767,0,168
SUB_15244,SUB_HIFLD_2010,meso_SUB_15244_SUB_HIFLD_2010_fwd,300000000.0,903314.3673181523,8445489.243285047,0,168
SUB_25292,SUB_HIFLD_2363,meso_SUB_25292_SUB_HIFLD_2363_fwd,6826946.15126492,0.0,0.0,0,168
SUB_16370,SUB_16330,meso_SUB_16370_SUB_16330_rev,60000000.0,0.0,0.0,0,168
SUB_16370,SUB_16372,meso_SUB_16370_SUB_16372_fwd,60000000.0,0.0,0.0,0,168
SUB_01265,SUB_01314,meso_SUB_01265_SUB_01314_fwd,60000000.0,461241.9159269313,741659.5968205307,0,168
SUB_01265,SUB_01260,meso_SUB_01265_SUB_01260_fwd,5000000.0,0.0,0.0,0,168
SUB_16375,SUB_16216,meso_SUB_16375_SUB_16216_fwd,15819926.850468406,0.0,0.0,0,168
SUB_15379,SUB_15281,meso_SUB_15379_SUB_15281_rev,120000000.0,63513049.38439285,68149062.43924053,0,168
SUB_15379,SUB_15292,meso_SUB_15379_SUB_15292_rev,60000000.0,59336802.866987616,60000000.0,137,168
SUB_15379,SUB_15313,meso_SUB_15379_SUB_15313_rev,60000000.0,0.0,0.0,0,168
SUB_15379,SUB_15374,meso_SUB_15379_SUB_15374_rev,120000000.0,0.0,0.0,0,168
SUB_19218,SUB_19202,meso_SUB_19218_SUB_19202_rev,60000000.0,5710651.480834494,6641237.658956138,0,168
SUB_19218,SUB_19223,meso_SUB_19218_SUB_19223_fwd,60000000.0,2978393.7194778253,3764412.641036296,0,168
SUB_19218,SUB_19239,meso_SUB_19218_SUB_19239_fwd,60000000.0,0.0,0.0,0,168
SUB_19218,SUB_19210,meso_SUB_19218_SUB_19210_rev,5000000.0,302474.344016643,416359.6241744523,0,168
SUB_19231,SUB_19222,meso_SUB_19231_SUB_19222_rev,60000000.0,0.0,0.0,0,168
SUB_19231,SUB_19246,meso_SUB_19231_SUB_19246_fwd,60000000.0,0.0,0.0,0,168
SUB_19231,SUB_HIFLD_255,meso_SUB_19231_SUB_HIFLD_255_fwd,150000000.0,0.0,0.0,0,168
SUB_08324,SUB_08318,meso_SUB_08324_SUB_08318_rev,150000000.0,0.0,0.0,0,168
SUB_08324,SUB_08319,meso_SUB_08324_SUB_08319_rev,450000000.0,61854228.790379845,100253138.4947852,0,168
SUB_06362,SUB_06313,meso_SUB_06362_SUB_06313_rev,150000000.0,0.0,0.0,0,168
SUB_06362,SUB_06204,meso_SUB_06362_SUB_06204_rev,150000000.0,0.0,0.0,0,168
SUB_15375,SUB_06254,meso_SUB_15375_SUB_06254_rev,60000000.0,3683339.757899507,12305128.797899231,0,168
SUB_15375,SUB_15233,meso_SUB_15375_SUB_15233_rev,60000000.0,0.0,0.0,0,168
SUB_15375,SUB_15285,meso_SUB_15375_SUB_15285_rev,60000000.0,0.0,0.0,0,168
SUB_15375,SUB_15290,meso_SUB_15375_SUB_15290_rev,150000000.0,13808468.60269177,26240695.317897093,0,168
SUB_15375,SUB_15377,meso_SUB_15375_SUB_15377_fwd,60000000.0,7678995.756137967,60000000.0,3,168
SUB_15375,SUB_HIFLD_595,meso_SUB_15375_SUB_HIFLD_595_fwd,150000000.0,37950849.87306363,84384823.97366405,0,168
SUB_15375,SUB_10321,meso_SUB_15375_SUB_10321_rev,12209443.514595995,6543513.696383441,9194741.66398196,0,168
SUB_01391,SUB_01392,meso_SUB_01391_SUB_01392_fwd,60000000.0,0.0,0.0,0,168
SUB_01391,SUB_01445,meso_SUB_01391_SUB_01445_fwd,360000000.0,0.0,0.0,0,168
SUB_01391,SUB_01465,meso_SUB_01391_SUB_01465_fwd,300000000.0,0.0,0.0,0,168
SUB_01391,SUB_01216,meso_SUB_01391_SUB_01216_rev,300000000.0,0.0,0.0,0,168
SUB_25445,SUB_25281,meso_SUB_25445_SUB_25281_rev,80000000.0,0.0,0.0,0,168
SUB_16283,SUB_16366,meso_SUB_16283_SUB_16366_fwd,300000000.0,17227787.09084647,17527565.856933594,0,168
SUB_16283,SUB_16316,meso_SUB_16283_SUB_16316_rev,5000000.0,0.0,0.0,0,168
SUB_01450,SUB_01222,meso_SUB_01450_SUB_01222_rev,400000000.0,0.0,0.0,0,168
SUB_01450,SUB_01315,meso_SUB_01450_SUB_01315_rev,120000000.0,0.0,0.0,0,168
SUB_01450,SUB_01424,meso_SUB_01450_SUB_01424_rev,5000000.0,980721.0481219508,1430184.2129107602,0,168
SUB_25412,SUB_25224,meso_SUB_25412_SUB_25224_rev,150000000.0,7044661.731434615,53485952.25229156,0,168
SUB_25412,SUB_25235,meso_SUB_25412_SUB_25235_rev,300000000.0,51482831.305544265,241187123.87168747,0,168
SUB_25412,SUB_25250,meso_SUB_25412_SUB_25250_rev,400000000.0,0.0,0.0,0,168
SUB_25412,SUB_25373,meso_SUB_25412_SUB_25373_rev,150000000.0,45628405.16759987,97795649.08733077,0,168
SUB_25412,SUB_25425,meso_SUB_25412_SUB_25425_fwd,150000000.0,0.0,0.0,0,168
SUB_25412,SUB_25441,meso_SUB_25412_SUB_25441_fwd,400000000.0,0.0,0.0,0,168
SUB_25412,SUB_25453,meso_SUB_25412_SUB_25453_fwd,150000000.0,29321955.056398597,145280704.26202214,0,168
SUB_25412,SUB_25217,meso_SUB_25412_SUB_25217_rev,150000000.0,37706441.77819876,98025135.34013721,0,168
SUB_25412,SUB_25234,meso_SUB_25412_SUB_25234_rev,80000000.0,33816930.81616005,80000000.0,52,168
SUB_25412,SUB_25268,meso_SUB_25412_SUB_25268_rev,400000000.0,0.0,0.0,0,168
SUB_25412,SUB_25367,meso_SUB_25412_SUB_25367_rev,400000000.0,0.0,0.0,0,168
SUB_25412,SUB_25393,meso_SUB_25412_SUB_25393_rev,400000000.0,0.0,0.0,0,168
SUB_25412,SUB_25455,meso_SUB_25412_SUB_25455_fwd,400000000.0,151383608.36342064,254979433.33842596,0,168
SUB_25412,WEC_CALN,iface_SUB_25412_WEC_CALN_to_ba,70000000.0,0.0,0.0,0,168
SUB_25429,SUB_HIFLD_411,meso_SUB_25429_SUB_HIFLD_411_fwd,12009059.015589314,0.0,0.0,0,168
SUB_01459,SUB_HIFLD_30,meso_SUB_01459_SUB_HIFLD_30_fwd,400000000.0,0.0,0.0,0,168
SUB_01201,SUB_01211,meso_SUB_01201_SUB_01211_fwd,150000000.0,0.0,0.0,0,168
SUB_01201,SUB_HIFLD_1131,meso_SUB_01201_SUB_HIFLD_1131_fwd,150000000.0,0.0,0.0,0,168
SUB_01201,SUB_HIFLD_4010,meso_SUB_01201_SUB_HIFLD_4010_fwd,150000000.0,0.0,0.0,0,168
SUB_01201,SUB_HIFLD_4231,meso_SUB_01201_SUB_HIFLD_4231_fwd,150000000.0,0.0,0.0,0,168
SUB_01201,SUB_01254,meso_SUB_01201_SUB_01254_fwd,150000000.0,0.0,0.0,0,168
SUB_06368,SUB_04305,meso_SUB_06368_SUB_04305_rev,150000000.0,191657.26646303828,1800879.409632732,0,168
SUB_06368,SUB_06203,meso_SUB_06368_SUB_06203_rev,150000000.0,9049096.2044332,76817429.72819601,0,168
SUB_06368,SUB_06332,meso_SUB_06368_SUB_06332_rev,60000000.0,3534357.2514976845,4242193.540592783,0,168
SUB_06368,SUB_15215,meso_SUB_06368_SUB_15215_fwd,150000000.0,0.0,0.0,0,168
SUB_06368,SUB_04343,meso_SUB_06368_SUB_04343_rev,300000000.0,0.0,0.0,0,168
SUB_06368,SUB_06317,meso_SUB_06368_SUB_06317_rev,300000000.0,26114110.18734811,34822554.0165998,0,168
SUB_06368,SUB_06359,meso_SUB_06368_SUB_06359_rev,150000000.0,0.0,0.0,0,168
SUB_10352,SUB_10344,meso_SUB_10352_SUB_10344_rev,150000000.0,0.0,0.0,0,168
SUB_10352,SUB_HIFLD_2173,meso_SUB_10352_SUB_HIFLD_2173_fwd,150000000.0,137956.98582795425,1857079.9599432105,0,168
SUB_10352,SUB_HIFLD_4403,meso_SUB_10352_SUB_HIFLD_4403_fwd,60000000.0,0.0,0.0,0,168
SUB_06360,SUB_06270,meso_SUB_06360_SUB_06270_rev,150000000.0,0.0,0.0,0,168
SUB_16320,SUB_16216,meso_SUB_16320_SUB_16216_rev,60000000.0,25108688.36763651,26160510.009765625,0,168
SUB_18322,SUB_18249,meso_SUB_18322_SUB_18249_fwd,5000000.0,0.0,0.0,0,168
SUB_01267,SUB_01254,meso_SUB_01267_SUB_01254_fwd,5000000.0,0.0,0.0,0,168
SUB_18298,SUB_18307,meso_SUB_18298_SUB_18307_fwd,5000000.0,0.0,0.0,0,168
SUB_08283,SUB_01472,meso_SUB_08283_SUB_01472_rev,150000000.0,0.0,0.0,0,168
SUB_08283,SUB_08353,meso_SUB_08283_SUB_08353_fwd,150000000.0,44028527.89959361,82281636.59793815,0,168
SUB_08283,SUB_08389,meso_SUB_08283_SUB_08389_fwd,150000000.0,0.0,0.0,0,168
SUB_08283,SUB_01222,meso_SUB_08283_SUB_01222_rev,300000000.0,0.0,0.0,0,168
SUB_08283,SUB_08339,meso_SUB_08283_SUB_08339_fwd,150000000.0,44206884.375284076,80551498.06701031,0,168
SUB_06254,SUB_06207,meso_SUB_06254_SUB_06207_rev,60000000.0,44076.554550184555,7404861.164431005,0,168
SUB_06254,SUB_15375,meso_SUB_06254_SUB_15375_fwd,60000000.0,309575.7542671869,18065595.13815615,0,168
SUB_25290,SUB_25296,meso_SUB_25290_SUB_25296_fwd,150000000.0,6750293.486418192,14135299.210695876,0,168
SUB_25290,SUB_25355,meso_SUB_25290_SUB_25355_fwd,150000000.0,20598299.316377975,30412667.12306701,0,168
SUB_25290,SUB_25420,meso_SUB_25290_SUB_25420_fwd,450000000.0,7535142.997649,15021028.310244845,0,168
SUB_25290,SUB_25450,meso_SUB_25290_SUB_25450_fwd,300000000.0,16834715.20286119,40182404.43823732,0,168
SUB_25290,SUB_25454,meso_SUB_25290_SUB_25454_fwd,300000000.0,6819766.821133253,10121952.520940721,0,168
SUB_25290,SUB_25261,meso_SUB_25290_SUB_25261_rev,150000000.0,0.0,0.0,0,168
SUB_10249,SUB_10294,meso_SUB_10249_SUB_10294_fwd,150000000.0,0.0,0.0,0,168
SUB_10249,SUB_10265,meso_SUB_10249_SUB_10265_rev,5000000.0,470269.78692356177,1438255.784878656,0,168
SUB_15313,SUB_15379,meso_SUB_15313_SUB_15379_fwd,60000000.0,13789594.809103526,19146679.199163243,0,168
SUB_04284,SUB_04286,meso_SUB_04284_SUB_04286_fwd,60000000.0,0.0,0.0,0,168
SUB_04284,SUB_04338,meso_SUB_04284_SUB_04338_fwd,60000000.0,0.0,0.0,0,168
SUB_06277,SUB_06207,meso_SUB_06277_SUB_06207_rev,60000000.0,0.0,0.0,0,168
SUB_06277,SUB_15215,meso_SUB_06277_SUB_15215_fwd,60000000.0,0.0,0.0,0,168
SUB_06277,SUB_06208,meso_SUB_06277_SUB_06208_rev,22981822.54851424,17806412.487351418,22981822.54851424,3,168
SUB_18280,SUB_18255,meso_SUB_18280_SUB_18255_rev,60000000.0,6212059.756878284,47607648.9252139,0,168
SUB_18280,SUB_18258,meso_SUB_18280_SUB_18258_rev,60000000.0,0.0,0.0,0,168
SUB_10334,SUB_10333,meso_SUB_10334_SUB_10333_rev,60000000.0,0.0,0.0,0,168
SUB_10334,SUB_10348,meso_SUB_10334_SUB_10348_fwd,60000000.0,9508346.663322618,13137485.427848335,0,168
SUB_10334,SUB_10358,meso_SUB_10334_SUB_10358_fwd,60000000.0,1399527.3018913288,2818527.75652384,0,168
SUB_25256,SUB_25408,meso_SUB_25256_SUB_25408_fwd,150000000.0,55350403.59203003,85317287.37972134,0,168
SUB_25256,SUB_25410,meso_SUB_25256_SUB_25410_fwd,300000000.0,0.0,0.0,0,168
SUB_25256,SUB_25442,meso_SUB_25256_SUB_25442_fwd,150000000.0,26312861.492903657,43048362.00296923,0,168
SUB_25256,SUB_25415,meso_SUB_25256_SUB_25415_rev,13051293.344517233,6812632.433943757,11708253.463273196,0,168
SUB_10331,SUB_10355,meso_SUB_10331_SUB_10355_fwd,5000000.0,744047.619047619,5000000.0,25,168
SUB_06270,SUB_04204,meso_SUB_06270_SUB_04204_rev,150000000.0,0.0,0.0,0,168
SUB_06270,SUB_06380,meso_SUB_06270_SUB_06380_fwd,150000000.0,0.0,0.0,0,168
SUB_06270,SUB_04230,meso_SUB_06270_SUB_04230_rev,150000000.0,3225723.8964953707,42487567.081197135,0,168
SUB_06270,SUB_06213,meso_SUB_06270_SUB_06213_rev,150000000.0,1708806.981871418,16416817.010309279,0,168
SUB_06270,SUB_06360,meso_SUB_06270_SUB_06360_fwd,150000000.0,46500023.13163506,78305364.04639176,0,168
SUB_10361,SUB_HIFLD_2359,meso_SUB_10361_SUB_HIFLD_2359_fwd,5201668.303229506,0.0,0.0,0,168
SUB_15220,SUB_15210,meso_SUB_15220_SUB_15210_rev,60000000.0,0.0,0.0,0,168
SUB_15220,SUB_15247,meso_SUB_15220_SUB_15247_fwd,60000000.0,2529157.714394301,3924257.007087629,0,168
SUB_18238,SUB_08319,meso_SUB_18238_SUB_08319_rev,300000000.0,75430945.03747465,173046868.80116963,0,168
SUB_18238,SUB_18201,meso_SUB_18238_SUB_18201_rev,300000000.0,123786116.32298425,178869235.07785675,0,168
SUB_18238,SUB_18222,meso_SUB_18238_SUB_18222_rev,150000000.0,88668718.29781592,107080139.48494218,0,168
SUB_18238,SUB_18235,meso_SUB_18238_SUB_18235_rev,150000000.0,19370041.76498425,28093291.498230763,0,168
SUB_18238,SUB_25367,meso_SUB_18238_SUB_25367_fwd,400000000.0,0.0,0.0,0,168
SUB_18238,SUB_25393,meso_SUB_18238_SUB_25393_fwd,1500000000.0,1169048.0669396552,34632363.27502259,0,168
SUB_15361,SUB_16301,meso_SUB_15361_SUB_16301_fwd,60000000.0,253694.1112687149,22162975.368373297,0,168
SUB_15361,SUB_HIFLD_597,meso_SUB_15361_SUB_HIFLD_597_fwd,300000000.0,0.0,0.0,0,168
SUB_15361,SUB_15365,meso_SUB_15361_SUB_15365_rev,55014275.707919665,27188687.82144583,50137222.13273196,0,168
SUB_15225,SUB_15232,meso_SUB_15225_SUB_15232_fwd,5000000.0,5000000.0,5000000.0,168,168
SUB_25442,SUB_25443,meso_SUB_25442_SUB_25443_fwd,150000000.0,14503463.397643331,24805821.11791237,0,168
SUB_25442,SUB_25256,meso_SUB_25442_SUB_25256_rev,150000000.0,0.0,0.0,0,168
SUB_18303,SUB_18268,meso_SUB_18303_SUB_18268_rev,150000000.0,28495938.964107916,35441600.73153596,0,168
SUB_18303,SUB_18281,meso_SUB_18303_SUB_18281_rev,150000000.0,0.0,0.0,0,168
SUB_19226,SUB_19236,meso_SUB_19226_SUB_19236_fwd,60000000.0,0.0,0.0,0,168
SUB_18305,SUB_18254,meso_SUB_18305_SUB_18254_fwd,64293470.831450015,0.0,0.0,0,168
SUB_25344,SUB_25289,meso_SUB_25344_SUB_25289_rev,60000000.0,0.0,0.0,0,168
SUB_25344,SUB_25316,meso_SUB_25344_SUB_25316_rev,60000000.0,0.0,0.0,0,168
SUB_18307,SUB_18255,meso_SUB_18307_SUB_18255_rev,60000000.0,0.0,0.0,0,168
SUB_18307,SUB_18298,meso_SUB_18307_SUB_18298_rev,5000000.0,2002984.1021418252,3502165.8042042525,0,168
SUB_04214,SUB_04256,meso_SUB_04214_SUB_04256_fwd,60000000.0,0.0,0.0,0,168
SUB_04214,SUB_04289,meso_SUB_04214_SUB_04289_fwd,60000000.0,4071532.275140849,9818943.298969071,0,168
SUB_04214,SUB_04295,meso_SUB_04214_SUB_04295_fwd,60000000.0,31733535.164438486,44109248.55529156,0,168
SUB_04214,SUB_04321,meso_SUB_04214_SUB_04321_fwd,60000000.0,7003865.04264351,12962940.85948294,0,168
SUB_04214,SUB_04331,meso_SUB_04214_SUB_04331_fwd,60000000.0,0.0,0.0,0,168
SUB_01469,SUB_01423,meso_SUB_01469_SUB_01423_rev,400000000.0,0.0,0.0,0,168
SUB_01469,SUB_01222,meso_SUB_01469_SUB_01222_rev,400000000.0,5041775.918436259,254497445.117604,0,168
SUB_01469,SUB_01324,meso_SUB_01469_SUB_01324_rev,400000000.0,0.0,0.0,0,168
SUB_01469,SUB_01376,meso_SUB_01469_SUB_01376_rev,400000000.0,0.0,0.0,0,168
SUB_01469,WEC_CALN,iface_SUB_01469_WEC_CALN_to_ba,20000000.0,0.0,0.0,0,168
SUB_25246,SUB_25296,meso_SUB_25246_SUB_25296_fwd,150000000.0,2791559.5607013083,14613856.113079896,0,168
SUB_25246,SUB_25349,meso_SUB_25246_SUB_25349_fwd,300000000.0,0.0,0.0,0,168
SUB_25246,SUB_25450,meso_SUB_25246_SUB_25450_fwd,150000000.0,10569040.520476084,38361561.4364201,0,168
SUB_25341,SUB_25282,meso_SUB_25341_SUB_25282_rev,80000000.0,10492489.433394441,56155404.1094298,0,168
SUB_25341,SUB_25348,meso_SUB_25341_SUB_25348_fwd,80000000.0,0.0,0.0,0,168
SUB_25341,SUB_25387,meso_SUB_25341_SUB_25387_fwd,80000000.0,2128991.12846167,9948557.305090206,0,168
SUB_25500,SUB_25295,meso_SUB_25500_SUB_25295_fwd,13281143.865975564,5304845.001573963,13281143.865975564,51,168
SUB_25470,SUB_HIFLD_1829,meso_SUB_25470_SUB_HIFLD_1829_fwd,150000000.0,0.0,0.0,0,168
SUB_25470,SUB_HIFLD_3623,meso_SUB_25470_SUB_HIFLD_3623_fwd,150000000.0,0.0,0.0,0,168
SUB_25526,SUB_25272,meso_SUB_25526_SUB_25272_rev,600000000.0,0.0,0.0,0,168
SUB_25526,SUB_25277,meso_SUB_25526_SUB_25277_rev,150000000.0,0.0,0.0,0,168
SUB_25526,SUB_25337,meso_SUB_25526_SUB_25337_rev,400000000.0,0.0,0.0,0,168
SUB_25526,SUB_25349,meso_SUB_25526_SUB_25349_rev,230000000.0,58093638.48535291,115304736.24543236,0,168
SUB_25526,SUB_25407,meso_SUB_25526_SUB_25407_rev,400000000.0,0.0,0.0,0,168
SUB_25526,SUB_25457,meso_SUB_25526_SUB_25457_rev,400000000.0,77206.67408796637,12970721.24677835,0,168
SUB_25526,SUB_25458,meso_SUB_25526_SUB_25458_rev,150000000.0,0.0,0.0,0,168
SUB_25526,SUB_25476,meso_SUB_25526_SUB_25476_rev,150000000.0,6340760.262647978,16240655.202963918,0,168
SUB_25526,SUB_25261,meso_SUB_25526_SUB_25261_rev,800000000.0,38521018.184731185,184415987.2985717,0,168
SUB_25526,SUB_25339,meso_SUB_25526_SUB_25339_rev,300000000.0,10405437.156912608,63891798.67660089,0,168
SUB_25526,SUB_25370,meso_SUB_25526_SUB_25370_rev,150000000.0,0.0,0.0,0,168
SUB_25526,WEC_CALN,iface_SUB_25526_WEC_CALN_to_ba,1070000000.0,0.0,0.0,0,168
SUB_04229,SUB_04226,meso_SUB_04229_SUB_04226_rev,60000000.0,820325.917921408,2265050.891994201,0,168
SUB_04229,SUB_04248,meso_SUB_04229_SUB_04248_fwd,60000000.0,0.0,0.0,0,168
SUB_04229,SUB_04320,meso_SUB_04229_SUB_04320_fwd,60000000.0,0.0,0.0,0,168
SUB_01385,SUB_01430,meso_SUB_01385_SUB_01430_fwd,5000000.0,0.0,0.0,0,168
SUB_10270,SUB_10260,meso_SUB_10270_SUB_10260_rev,120000000.0,0.0,0.0,0,168
SUB_10270,SUB_10274,meso_SUB_10270_SUB_10274_fwd,60000000.0,76005.97280465803,4905532.069255397,0,168
SUB_10270,SUB_10278,meso_SUB_10270_SUB_10278_fwd,60000000.0,0.0,0.0,0,168
SUB_04298,SUB_04260,meso_SUB_04298_SUB_04260_rev,60000000.0,0.0,0.0,0,168
SUB_04298,SUB_04308,meso_SUB_04298_SUB_04308_fwd,60000000.0,0.0,0.0,0,168
SUB_04298,SUB_04338,meso_SUB_04298_SUB_04338_fwd,60000000.0,974522.0729282924,1218940.9079010955,0,168
SUB_15365,SUB_15361,meso_SUB_15365_SUB_15361_fwd,55014275.707919665,0.0,0.0,0,168
SUB_06206,SUB_06359,meso_SUB_06206_SUB_06359_fwd,42249455.8976127,0.0,0.0,0,168
SUB_04289,SUB_04214,meso_SUB_04289_SUB_04214_rev,60000000.0,0.0,0.0,0,168
SUB_04289,SUB_04282,meso_SUB_04289_SUB_04282_rev,60000000.0,0.0,0.0,0,168
SUB_25366,SUB_25236,meso_SUB_25366_SUB_25236_rev,60000000.0,7776.4479678571415,1306443.2585999998,0,168
SUB_25366,SUB_25289,meso_SUB_25366_SUB_25289_rev,120000000.0,2146814.768219974,14716159.345876368,0,168
SUB_25315,SUB_25236,meso_SUB_25315_SUB_25236_rev,150000000.0,70055614.25707878,150000000.0,59,168
SUB_15218,SUB_15249,meso_SUB_15218_SUB_15249_fwd,60000000.0,60000000.0,60000000.0,168,168
SUB_15377,SUB_10325,meso_SUB_15377_SUB_10325_rev,120000000.0,4017178.4678860297,44338255.87475718,0,168
SUB_15377,SUB_15375,meso_SUB_15377_SUB_15375_rev,60000000.0,34853531.9279422,60000000.0,58,168
SUB_04268,SUB_04266,meso_SUB_04268_SUB_04266_rev,60000000.0,4518217.465942313,14628527.326101646,0,168
SUB_04268,SUB_04306,meso_SUB_04268_SUB_04306_fwd,60000000.0,1922834.965102393,2618264.7390463916,0,168
SUB_04268,SUB_19222,meso_SUB_04268_SUB_19222_fwd,60000000.0,0.0,0.0,0,168
SUB_19222,SUB_04268,meso_SUB_19222_SUB_04268_rev,60000000.0,8896600.790901061,20484550.0603958,0,168
SUB_19222,SUB_19231,meso_SUB_19222_SUB_19231_fwd,60000000.0,0.0,0.0,0,168
SUB_19222,SUB_19246,meso_SUB_19222_SUB_19246_fwd,60000000.0,0.0,0.0,0,168
SUB_19222,SUB_HIFLD_255,meso_SUB_19222_SUB_HIFLD_255_fwd,150000000.0,0.0,0.0,0,168
SUB_19232,SUB_HIFLD_255,meso_SUB_19232_SUB_HIFLD_255_fwd,5000000.0,0.0,0.0,0,168
SUB_18215,SUB_18208,meso_SUB_18215_SUB_18208_rev,60000000.0,0.0,0.0,0,168
SUB_08201,SUB_08219,meso_SUB_08201_SUB_08219_fwd,60000000.0,0.0,0.0,0,168
SUB_08201,SUB_08226,meso_SUB_08201_SUB_08226_fwd,150000000.0,0.0,0.0,0,168
SUB_08201,SUB_08231,meso_SUB_08201_SUB_08231_fwd,60000000.0,0.0,0.0,0,168
SUB_08201,SUB_08370,meso_SUB_08201_SUB_08370_fwd,300000000.0,0.0,0.0,0,168
SUB_08201,SUB_08391,meso_SUB_08201_SUB_08391_fwd,150000000.0,0.0,0.0,0,168
SUB_15292,SUB_15233,meso_SUB_15292_SUB_15233_rev,60000000.0,56310172.46344411,57369792.96875,0,168
SUB_15292,SUB_15379,meso_SUB_15292_SUB_15379_fwd,60000000.0,0.0,0.0,0,168
SUB_02258,SUB_02264,meso_SUB_02258_SUB_02264_fwd,5000000.0,0.0,0.0,0,168
SUB_01314,SUB_01265,meso_SUB_01314_SUB_01265_rev,60000000.0,0.0,0.0,0,168
SUB_01314,SUB_01370,meso_SUB_01314_SUB_01370_fwd,60000000.0,447404.6584491233,719409.808915915,0,168
SUB_02222,SUB_02287,meso_SUB_02222_SUB_02287_fwd,14804594.662989883,0.0,0.0,0,168
SUB_02250,SUB_02264,meso_SUB_02250_SUB_02264_fwd,5000000.0,0.0,0.0,0,168
SUB_08369,SUB_08319,meso_SUB_08369_SUB_08319_rev,150000000.0,0.0,0.0,0,168
SUB_08369,SUB_08325,meso_SUB_08369_SUB_08325_rev,150000000.0,0.0,0.0,0,168
SUB_01370,SUB_01314,meso_SUB_01370_SUB_01314_rev,60000000.0,0.0,0.0,0,168
SUB_01206,SUB_01384,meso_SUB_01206_SUB_01384_fwd,30830527.59954693,0.0,0.0,0,168
SUB_08314,SUB_08362,meso_SUB_08314_SUB_08362_fwd,5000000.0,4937500.0,5000000.0,165,168
SUB_02426,SUB_02401,meso_SUB_02426_SUB_02401_rev,150000000.0,0.0,0.0,0,168
SUB_02426,SUB_02419,meso_SUB_02426_SUB_02419_rev,210000000.0,0.0,0.0,0,168
SUB_02426,SUB_HIFLD_2058,meso_SUB_02426_SUB_HIFLD_2058_fwd,210000000.0,85781905.58139293,153727405.89654297,0,168
SUB_02426,SUB_02403,meso_SUB_02426_SUB_02403_rev,300000000.0,0.0,0.0,0,168
SUB_02426,SUB_02416,meso_SUB_02426_SUB_02416_rev,60000000.0,31059890.835461922,38981241.945876285,0,168
SUB_02426,SUB_02418,meso_SUB_02426_SUB_02418_rev,38067281.195404276,21589492.754404835,29368439.916237112,0,168
SUB_15270,SUB_15246,meso_SUB_15270_SUB_15246_rev,300000000.0,0.0,0.0,0,168
SUB_15270,SUB_15269,meso_SUB_15270_SUB_15269_rev,300000000.0,0.0,0.0,0,168
SUB_10302,SUB_10253,meso_SUB_10302_SUB_10253_rev,60000000.0,0.0,0.0,0,168
SUB_10302,SUB_10255,meso_SUB_10302_SUB_10255_rev,120000000.0,0.0,0.0,0,168
SUB_10302,SUB_10310,meso_SUB_10302_SUB_10310_fwd,60000000.0,0.0,0.0,0,168
SUB_02424,SUB_02414,meso_SUB_02424_SUB_02414_fwd,5000000.0,0.0,0.0,0,168
SUB_25345,SUB_18256,meso_SUB_25345_SUB_18256_rev,80000000.0,0.0,0.0,0,168
SUB_25345,SUB_25202,meso_SUB_25345_SUB_25202_rev,160000000.0,385296.4877720323,1417852.3702633372,0,168
SUB_08216,SUB_HIFLD_2131,meso_SUB_08216_SUB_HIFLD_2131_fwd,60000000.0,0.0,0.0,0,168
SUB_15210,SUB_15220,meso_SUB_15210_SUB_15220_fwd,60000000.0,2941645.9055046663,4554156.418892691,0,168
SUB_15210,SUB_15374,meso_SUB_15210_SUB_15374_fwd,60000000.0,0.0,0.0,0,168
SUB_15803,SUB_HIFLD_3065,meso_SUB_15803_SUB_HIFLD_3065_fwd,5707530.466038818,0.0,0.0,0,168
SUB_16369,SUB_HIFLD_41,meso_SUB_16369_SUB_HIFLD_41_fwd,150000000.0,0.0,0.0,0,168
SUB_16388,SUB_16334,meso_SUB_16388_SUB_16334_fwd,6705738.541774172,0.0,0.0,0,168
SUB_15259,SUB_HIFLD_2007,meso_SUB_15259_SUB_HIFLD_2007_fwd,8076203.156964825,0.0,0.0,0,168
SUB_10253,SUB_10255,meso_SUB_10253_SUB_10255_fwd,60000000.0,2139612.728787452,3000356.3949742266,0,168
SUB_10253,SUB_10302,meso_SUB_10253_SUB_10302_fwd,60000000.0,1989408.6542817738,2602961.1489207475,0,168
SUB_10253,SUB_10310,meso_SUB_10253_SUB_10310_fwd,60000000.0,5154639.175257732,5154639.175257732,0,168
SUB_19210,SUB_19218,meso_SUB_19210_SUB_19218_fwd,5000000.0,0.0,0.0,0,168
SUB_04306,SUB_04268,meso_SUB_04306_SUB_04268_rev,60000000.0,0.0,0.0,0,168
SUB_01440,SUB_01214,meso_SUB_01440_SUB_01214_rev,120000000.0,5076266.723569748,12998195.87628866,0,168
SUB_01440,SUB_01223,meso_SUB_01440_SUB_01223_rev,400000000.0,9555365.407642271,69741784.79381444,0,168
SUB_01440,SUB_01323,meso_SUB_01440_SUB_01323_rev,1200000000.0,0.0,0.0,0,168
SUB_01440,SUB_01375,meso_SUB_01440_SUB_01375_rev,120000000.0,0.0,0.0,0,168
SUB_01440,SUB_01423,meso_SUB_01440_SUB_01423_rev,60000000.0,0.0,0.0,0,168
SUB_01440,SUB_01222,meso_SUB_01440_SUB_01222_rev,800000000.0,7698319.350898591,68130288.34418558,0,168
SUB_01440,SUB_01442,meso_SUB_01440_SUB_01442_rev,21495266.944976144,1978695.5511874978,10110557.949420104,0,168
SUB_01440,WEC_CALN,iface_SUB_01440_WEC_CALN_to_ba,20000000.0,0.0,0.0,0,168
SUB_10274,SUB_06288,meso_SUB_10274_SUB_06288_rev,120000000.0,0.0,0.0,0,168
SUB_10274,SUB_10270,meso_SUB_10274_SUB_10270_rev,60000000.0,810214.0601277178,12577886.451957151,0,168
SUB_10274,SUB_10278,meso_SUB_10274_SUB_10278_fwd,60000000.0,0.0,0.0,0,168
SUB_02403,SUB_02401,meso_SUB_02403_SUB_02401_rev,60000000.0,0.0,0.0,0,168
SUB_02403,SUB_02419,meso_SUB_02403_SUB_02419_fwd,300000000.0,0.0,0.0,0,168
SUB_02403,SUB_02426,meso_SUB_02403_SUB_02426_fwd,300000000.0,0.0,0.0,0,168
SUB_18246,SUB_18201,meso_SUB_18246_SUB_18201_rev,150000000.0,0.0,0.0,0,168
SUB_18246,SUB_18235,meso_SUB_18246_SUB_18235_rev,150000000.0,0.0,0.0,0,168
SUB_18246,SUB_18240,meso_SUB_18246_SUB_18240_rev,150000000.0,0.0,0.0,0,168
SUB_25364,SUB_25272,meso_SUB_25364_SUB_25272_rev,150000000.0,41837639.828046165,41886465.71350098,0,168
SUB_06364,SUB_01365,meso_SUB_06364_SUB_01365_rev,1200000000.0,0.0,0.0,0,168
SUB_06364,SUB_04205,meso_SUB_06364_SUB_04205_rev,800000000.0,1196819.922942086,33013890.901332613,0,168
SUB_06364,SUB_04230,meso_SUB_06364_SUB_04230_rev,860000000.0,19779972.530637126,65968013.33775436,0,168
SUB_06364,SUB_10314,meso_SUB_06364_SUB_10314_fwd,1200000000.0,55087.19649361334,9254649.01092704,0,168
SUB_06364,SUB_HIFLD_1357,meso_SUB_06364_SUB_HIFLD_1357_fwd,1010000000.0,0.0,0.0,0,168
SUB_06364,SUB_06359,meso_SUB_06364_SUB_06359_rev,400000000.0,47759776.26021693,146795020.71303424,0,168
SUB_06364,WEC_CALN,iface_SUB_06364_WEC_CALN_to_ba,135999044.89,0.0,0.0,0,168
SUB_25252,SUB_25151,meso_SUB_25252_SUB_25151_rev,60000000.0,34386669.19114605,60000000.0,79,168
SUB_25252,SUB_25253,meso_SUB_25252_SUB_25253_fwd,60000000.0,651092.2140927507,2084896.5045103093,0,168
SUB_02287,SUB_02210,meso_SUB_02287_SUB_02210_rev,400000000.0,0.0,0.0,0,168
SUB_02287,SUB_02233,meso_SUB_02287_SUB_02233_rev,300000000.0,13285647.64343563,145822358.49278486,0,168
SUB_02287,SUB_02222,meso_SUB_02287_SUB_02222_rev,14804594.662989883,8749107.43649707,12488825.91011598,0,168
SUB_02287,WEC_CALN,iface_SUB_02287_WEC_CALN_to_ba,1285195405.3370101,0.0,0.0,0,168
SUB_02227,SUB_02210,meso_SUB_02227_SUB_02210_fwd,10468363.385570258,0.0,0.0,0,168
SUB_18230,SUB_18220,meso_SUB_18230_SUB_18220_rev,60000000.0,0.0,0.0,0,168
SUB_18230,SUB_18226,meso_SUB_18230_SUB_18226_rev,60000000.0,0.0,0.0,0,168
SUB_04271,SUB_04331,meso_SUB_04271_SUB_04331_fwd,60000000.0,0.0,0.0,0,168
SUB_04271,SUB_04336,meso_SUB_04271_SUB_04336_fwd,60000000.0,11263150.705053387,27814455.94809491,0,168
SUB_04271,SUB_04343,meso_SUB_04271_SUB_04343_fwd,60000000.0,41941.47666453214,2594931.120919129,0,168
SUB_04271,SUB_04256,meso_SUB_04271_SUB_04256_rev,60000000.0,0.0,0.0,0,168
SUB_04271,SUB_04314,meso_SUB_04271_SUB_04314_rev,13577784.530380812,0.0,0.0,0,168
SUB_01331,SUB_01211,meso_SUB_01331_SUB_01211_rev,60000000.0,0.0,0.0,0,168
SUB_01331,SUB_01384,meso_SUB_01331_SUB_01384_fwd,60000000.0,16252439.07496181,21183305.700908035,0,168
SUB_01210,SUB_01204,meso_SUB_01210_SUB_01204_rev,150000000.0,71418132.86432448,93327922.49901147,0,168
SUB_01210,SUB_01380,meso_SUB_01210_SUB_01380_fwd,150000000.0,0.0,0.0,0,168
SUB_01210,SUB_01467,meso_SUB_01210_SUB_01467_fwd,300000000.0,0.0,0.0,0,168
SUB_01210,SUB_01269,meso_SUB_01210_SUB_01269_rev,5000000.0,459761.0675884803,800629.6059519975,0,168
SUB_19236,SUB_19223,meso_SUB_19236_SUB_19223_rev,120000000.0,0.0,0.0,0,168
SUB_19236,SUB_19226,meso_SUB_19236_SUB_19226_rev,60000000.0,364267.433140286,436004.79597897874,0,168
SUB_16221,SUB_16323,meso_SUB_16221_SUB_16323_fwd,60000000.0,0.0,0.0,0,168
SUB_25241,SUB_25151,meso_SUB_25241_SUB_25151_rev,150000000.0,0.0,0.0,0,168
SUB_25241,SUB_25234,meso_SUB_25241_SUB_25234_rev,80000000.0,4265262.238216238,33854123.46620884,0,168
SUB_25241,SUB_25529,meso_SUB_25241_SUB_25529_fwd,300000000.0,175386661.37700576,280004927.72826624,0,168
SUB_25241,SUB_25294,meso_SUB_25241_SUB_25294_fwd,160000000.0,0.0,0.0,0,168
SUB_25319,SUB_25293,meso_SUB_25319_SUB_25293_rev,80000000.0,0.0,0.0,0,168
SUB_25319,SUB_25348,meso_SUB_25319_SUB_25348_fwd,80000000.0,0.0,0.0,0,168
SUB_25319,SUB_25380,meso_SUB_25319_SUB_25380_fwd,80000000.0,8528534.747551164,11692589.199420104,0,168
SUB_16247,SUB_16261,meso_SUB_16247_SUB_16261_fwd,150000000.0,0.0,0.0,0,168
SUB_16247,SUB_16270,meso_SUB_16247_SUB_16270_fwd,150000000.0,0.0,0.0,0,168
SUB_16247,SUB_16277,meso_SUB_16247_SUB_16277_fwd,150000000.0,0.0,0.0,0,168
SUB_16247,SUB_16288,meso_SUB_16247_SUB_16288_fwd,150000000.0,13370265.545794358,88821438.46649484,0,168
SUB_18310,SUB_HIFLD_48,meso_SUB_18310_SUB_HIFLD_48_fwd,150000000.0,0.0,0.0,0,168
SUB_02253,SUB_02280,meso_SUB_02253_SUB_02280_fwd,5000000.0,0.0,0.0,0,168
SUB_16309,SUB_16277,meso_SUB_16309_SUB_16277_fwd,5000000.0,582803.5714285715,1303500.0,0,168
SUB_01326,SUB_01409,meso_SUB_01326_SUB_01409_fwd,5000000.0,0.0,0.0,0,168
SUB_25371,SUB_HIFLD_459,meso_SUB_25371_SUB_HIFLD_459_fwd,5000000.0,0.0,0.0,0,168
SUB_16323,SUB_16216,meso_SUB_16323_SUB_16216_rev,60000000.0,0.0,0.0,0,168
SUB_16323,SUB_16221,meso_SUB_16323_SUB_16221_rev,60000000.0,6381703.681408175,10022664.30412371,0,168
SUB_16323,SUB_16299,meso_SUB_16323_SUB_16299_rev,60000000.0,15882159.51015983,36882759.524063334,0,168
SUB_16323,SUB_16368,meso_SUB_16323_SUB_16368_fwd,60000000.0,638855.8860214154,24424135.1008293,0,168
SUB_06867,SUB_06866,meso_SUB_06867_SUB_06866_rev,60000000.0,0.0,0.0,0,168
SUB_06867,SUB_06204,meso_SUB_06867_SUB_06204_fwd,5000000.0,1455000.0,1455000.0,0,168
SUB_25151,SUB_25241,meso_SUB_25151_SUB_25241_fwd,150000000.0,150000000.0,150000000.0,168,168
SUB_25151,SUB_25252,meso_SUB_25151_SUB_25252_fwd,60000000.0,0.0,0.0,0,168
SUB_01260,SUB_01335,meso_SUB_01260_SUB_01335_fwd,60000000.0,0.0,0.0,0,168
SUB_01260,SUB_01265,meso_SUB_01260_SUB_01265_rev,5000000.0,1886756.9896684403,2876115.286012256,0,168
SUB_10278,SUB_10270,meso_SUB_10278_SUB_10270_rev,60000000.0,442540.6301589239,1285451.2329101562,0,168
SUB_10278,SUB_10274,meso_SUB_10278_SUB_10274_rev,60000000.0,535894.0909249441,1272493.2861328125,0,168
SUB_02261,SUB_02201,meso_SUB_02261_SUB_02201_fwd,9856892.420829581,0.0,0.0,0,168
SUB_04225,SUB_04282,meso_SUB_04225_SUB_04282_fwd,300000000.0,0.0,0.0,0,168
SUB_08311,SUB_08319,meso_SUB_08311_SUB_08319_fwd,5000000.0,0.0,0.0,0,168
SUB_16334,SUB_16301,meso_SUB_16334_SUB_16301_rev,120000000.0,1218954.3495109617,5673693.397532095,0,168
SUB_16334,SUB_16388,meso_SUB_16334_SUB_16388_rev,6705738.541774172,3966763.7855939134,6671657.929957603,1,168
SUB_02244,SUB_02286,meso_SUB_02244_SUB_02286_fwd,5000000.0,0.0,0.0,0,168
SUB_25346,SUB_18301,meso_SUB_25346_SUB_18301_rev,800000000.0,197358616.28077602,618515481.2983645,0,168
SUB_15246,SUB_15224,meso_SUB_15246_SUB_15224_rev,60000000.0,0.0,0.0,0,168
SUB_15246,SUB_15228,meso_SUB_15246_SUB_15228_rev,60000000.0,1092672.7026663597,8517354.798763102,0,168
SUB_15246,SUB_15256,meso_SUB_15246_SUB_15256_fwd,60000000.0,29457882.270068504,50502286.18666016,0,168
SUB_15246,SUB_15257,meso_SUB_15246_SUB_15257_fwd,300000000.0,9174054.013941072,26230022.000034794,0,168
SUB_15246,SUB_15269,meso_SUB_15246_SUB_15269_fwd,150000000.0,2255483.6224081507,30376393.61794913,0,168
SUB_15246,SUB_15270,meso_SUB_15246_SUB_15270_fwd,300000000.0,8818345.91120701,28869174.108352076,0,168
SUB_15246,SUB_15249,meso_SUB_15246_SUB_15249_fwd,60000000.0,0.0,0.0,0,168
SUB_15246,SUB_HIFLD_597,meso_SUB_15246_SUB_HIFLD_597_fwd,150000000.0,6157262.253887806,29650253.442176383,0,168
SUB_15246,SUB_15253,meso_SUB_15246_SUB_15253_rev,8040577.704533531,243067.06925200665,1859652.3638853093,0,168
SUB_15246,SUB_15216,meso_SUB_15246_SUB_15216_rev,6285071.521919287,3548207.3423292525,5622586.78318299,0,168
SUB_10330,SUB_10355,meso_SUB_10330_SUB_10355_fwd,60000000.0,0.0,0.0,0,168
SUB_10330,SUB_HIFLD_482,meso_SUB_10330_SUB_HIFLD_482_fwd,60000000.0,0.0,0.0,0,168
SUB_25206,SUB_25408,meso_SUB_25206_SUB_25408_fwd,150000000.0,0.0,0.0,0,168
SUB_25206,SUB_25529,meso_SUB_25206_SUB_25529_fwd,150000000.0,11393966.307611328,89305441.96530414,0,168
SUB_04226,SUB_04229,meso_SUB_04226_SUB_04229_fwd,60000000.0,0.0,0.0,0,168
SUB_04226,SUB_04302,meso_SUB_04226_SUB_04302_fwd,60000000.0,0.0,0.0,0,168
SUB_02213,SUB_02280,meso_SUB_02213_SUB_02280_fwd,86936817.75284624,0.0,0.0,0,168
SUB_10313,SUB_10310,meso_SUB_10313_SUB_10310_fwd,5000000.0,0.0,0.0,0,168
SUB_01252,SUB_01250,meso_SUB_01252_SUB_01250_rev,60000000.0,22331.244978599843,1004460.2255632803,0,168
SUB_01252,SUB_01378,meso_SUB_01252_SUB_01378_fwd,60000000.0,540524.6577762761,1585598.0950947152,0,168
SUB_01252,SUB_01233,meso_SUB_01252_SUB_01233_rev,6788904.530254706,346985.242893195,1873233.231464929,0,168
SUB_01252,SUB_01374,meso_SUB_01252_SUB_01374_rev,5000000.0,1157286.0916965294,1620437.3389175257,0,168
SUB_08333,SUB_08351,meso_SUB_08333_SUB_08351_fwd,120000000.0,0.0,0.0,0,168
SUB_08333,SUB_18201,meso_SUB_08333_SUB_18201_fwd,120000000.0,0.0,0.0,0,168
SUB_18205,SUB_18207,meso_SUB_18205_SUB_18207_fwd,26199525.500883933,0.0,0.0,0,168
SUB_04308,SUB_04276,meso_SUB_04308_SUB_04276_rev,60000000.0,0.0,0.0,0,168
SUB_04308,SUB_04298,meso_SUB_04308_SUB_04298_rev,60000000.0,0.0,0.0,0,168
SUB_02270,SUB_02286,meso_SUB_02270_SUB_02286_fwd,60000000.0,0.0,0.0,0,168
SUB_02270,SUB_02408,meso_SUB_02270_SUB_02408_fwd,60000000.0,0.0,0.0,0,168
SUB_01208,SUB_HIFLD_2989,meso_SUB_01208_SUB_HIFLD_2989_fwd,5000000.0,0.0,0.0,0,168
SUB_01266,SUB_01384,meso_SUB_01266_SUB_01384_fwd,5000000.0,5000000.0,5000000.0,168,168
SUB_01269,SUB_01210,meso_SUB_01269_SUB_01210_fwd,5000000.0,0.0,0.0,0,168
SUB_25273,SUB_25295,meso_SUB_25273_SUB_25295_fwd,6716844.1774602765,0.0,0.0,0,168
SUB_25418,WEC_CALN,iface_SUB_25418_WEC_CALN_to_ba,5000000.0,0.0,0.0,0,168
SUB_25415,SUB_25256,meso_SUB_25415_SUB_25256_fwd,13051293.344517233,0.0,0.0,0,168
SUB_02405,SUB_02419,meso_SUB_02405_SUB_02419_fwd,150000000.0,0.0,0.0,0,168
SUB_02405,SUB_HIFLD_2068,meso_SUB_02405_SUB_HIFLD_2068_fwd,150000000.0,0.0,0.0,0,168
SUB_02405,SUB_HIFLD_3835,meso_SUB_02405_SUB_HIFLD_3835_fwd,150000000.0,0.0,0.0,0,168
SUB_15228,SUB_15224,meso_SUB_15228_SUB_15224_rev,60000000.0,0.0,0.0,0,168
SUB_15228,SUB_15246,meso_SUB_15228_SUB_15246_fwd,60000000.0,0.0,0.0,0,168
SUB_04338,SUB_04284,meso_SUB_04338_SUB_04284_rev,60000000.0,0.0,0.0,0,168
SUB_04338,SUB_04298,meso_SUB_04338_SUB_04298_rev,60000000.0,0.0,0.0,0,168
SUB_01233,SUB_01302,meso_SUB_01233_SUB_01302_fwd,60000000.0,941278.6499801133,1408684.1072003867,0,168
SUB_01233,SUB_01321,meso_SUB_01233_SUB_01321_fwd,60000000.0,0.0,0.0,0,168
SUB_01233,SUB_01252,meso_SUB_01233_SUB_01252_fwd,6788904.530254706,169248.22960700127,952794.8437552787,0,168
SUB_15232,SUB_15230,meso_SUB_15232_SUB_15230_rev,60000000.0,0.0,0.0,0,168
SUB_15232,SUB_15269,meso_SUB_15232_SUB_15269_fwd,150000000.0,54950702.04874416,65861021.782243766,0,168
SUB_15232,SUB_HIFLD_2007,meso_SUB_15232_SUB_HIFLD_2007_fwd,60000000.0,24782689.448222667,36816201.98359053,0,168
SUB_15232,SUB_15225,meso_SUB_15232_SUB_15225_rev,5000000.0,0.0,0.0,0,168
SUB_15232,SUB_15229,meso_SUB_15232_SUB_15229_rev,5000000.0,166851.61379004305,247192.4929274726,0,168
SUB_15229,SUB_15232,meso_SUB_15229_SUB_15232_fwd,5000000.0,0.0,0.0,0,168
SUB_25393,SUB_18238,meso_SUB_25393_SUB_18238_rev,1500000000.0,6137173.276842042,318154881.00779647,0,168
SUB_25393,SUB_18301,meso_SUB_25393_SUB_18301_rev,800000000.0,0.0,0.0,0,168
SUB_25393,SUB_25261,meso_SUB_25393_SUB_25261_rev,6000000000.0,39903457.36348534,193263130.0770771,0,168
SUB_25393,SUB_25268,meso_SUB_25393_SUB_25268_rev,400000000.0,878570.6867277115,54157202.38330684,0,168
SUB_25393,SUB_25316,meso_SUB_25393_SUB_25316_rev,150000000.0,2377618.161642893,8612265.423646908,0,168
SUB_25393,SUB_25367,meso_SUB_25393_SUB_25367_rev,800000000.0,0.0,0.0,0,168
SUB_25393,SUB_25412,meso_SUB_25393_SUB_25412_fwd,400000000.0,14371308.002012333,337257567.09179753,0,168
SUB_08339,SUB_08353,meso_SUB_08339_SUB_08353_fwd,150000000.0,0.0,0.0,0,168
SUB_08339,SUB_08391,meso_SUB_08339_SUB_08391_fwd,150000000.0,0.0,0.0,0,168
SUB_08339,SUB_08283,meso_SUB_08339_SUB_08283_rev,150000000.0,0.0,0.0,0,168
SUB_01356,SUB_01353,meso_SUB_01356_SUB_01353_fwd,5000000.0,0.0,0.0,0,168
SUB_25469,SUB_25456,meso_SUB_25469_SUB_25456_rev,150000000.0,2.2654210212366612,380.59073156775906,0,168
SUB_01355,SUB_01430,meso_SUB_01355_SUB_01430_fwd,5000000.0,0.0,0.0,0,168
SUB_01318,SUB_01254,meso_SUB_01318_SUB_01254_rev,150000000.0,0.0,0.0,0,168
SUB_01318,SUB_01380,meso_SUB_01318_SUB_01380_fwd,150000000.0,0.0,0.0,0,168
SUB_01318,SUB_01317,meso_SUB_01318_SUB_01317_rev,5000000.0,922551.8962127881,1405314.8407297037,0,168
SUB_01318,SUB_01338,meso_SUB_01318_SUB_01338_rev,5000000.0,818878.4170923247,1317748.897591817,0,168
SUB_16267,SUB_16261,meso_SUB_16267_SUB_16261_rev,60000000.0,0.0,0.0,0,168
SUB_16267,SUB_16325,meso_SUB_16267_SUB_16325_fwd,60000000.0,6375132.555872033,25373781.941720847,0,168
SUB_16267,SUB_16288,meso_SUB_16267_SUB_16288_fwd,400000000.0,1606519.904798941,44299021.423969075,0,168
SUB_16267,SUB_HIFLD_30,meso_SUB_16267_SUB_HIFLD_30_fwd,400000000.0,0.0,0.0,0,168
SUB_04307,SUB_04337,meso_SUB_04307_SUB_04337_fwd,120000000.0,0.0,0.0,0,168
SUB_04307,SUB_04343,meso_SUB_04307_SUB_04343_fwd,60000000.0,0.0,0.0,0,168
SUB_04295,SUB_04214,meso_SUB_04295_SUB_04214_rev,60000000.0,0.0,0.0,0,168
SUB_04295,SUB_04228,meso_SUB_04295_SUB_04228_rev,120000000.0,0.0,0.0,0,168
SUB_04295,SUB_04260,meso_SUB_04295_SUB_04260_rev,120000000.0,5087809.604906781,6443352.055165585,0,168
SUB_04295,SUB_04266,meso_SUB_04295_SUB_04266_rev,60000000.0,1146301.752056608,5783151.377255155,0,168
SUB_04295,SUB_04276,meso_SUB_04295_SUB_04276_rev,60000000.0,12118842.81615094,14875797.451053493,0,168
SUB_04295,SUB_04287,meso_SUB_04295_SUB_04287_rev,60000000.0,895205.0008197948,2141713.565157861,0,168
SUB_04295,SUB_04319,meso_SUB_04295_SUB_04319_fwd,150000000.0,141233.9849330169,5900145.477609536,0,168
SUB_04295,SUB_04341,meso_SUB_04295_SUB_04341_fwd,150000000.0,4065579.344984006,6464165.19007732,0,168
SUB_04295,SUB_04335,meso_SUB_04295_SUB_04335_fwd,150000000.0,7311745.459229918,11392696.923324741,0,168
SUB_04295,SUB_06312,meso_SUB_04295_SUB_06312_fwd,150000000.0,0.0,0.0,0,168
SUB_19223,SUB_19218,meso_SUB_19223_SUB_19218_rev,60000000.0,0.0,0.0,0,168
SUB_19223,SUB_19236,meso_SUB_19223_SUB_19236_fwd,120000000.0,447716.888420369,538410.9258677072,0,168
SUB_01437,SUB_01426,meso_SUB_01437_SUB_01426_fwd,13912289.906423923,0.0,0.0,0,168
SUB_16308,SUB_16307,meso_SUB_16308_SUB_16307_fwd,8323376.181608301,0.0,0.0,0,168
SUB_04228,SUB_04266,meso_SUB_04228_SUB_04266_fwd,120000000.0,3458323.2981463796,3680000.0,0,168
SUB_04228,SUB_04295,meso_SUB_04228_SUB_04295_fwd,120000000.0,221676.7018536203,3680000.0,0,168
SUB_10281,SUB_10236,meso_SUB_10281_SUB_10236_rev,60000000.0,13565460.44195266,14191421.630859375,0,168
SUB_18207,SUB_18213,meso_SUB_18207_SUB_18213_fwd,120000000.0,18793386.889597863,29901435.67668231,0,168
SUB_18207,SUB_18208,meso_SUB_18207_SUB_18208_rev,67488436.9866766,0.0,0.0,0,168
SUB_18207,SUB_18205,meso_SUB_18207_SUB_18205_rev,26199525.500883933,16870482.25547073,24750872.838430524,0,168
SUB_01366,SUB_01409,meso_SUB_01366_SUB_01409_fwd,5000000.0,0.0,0.0,0,168
SUB_19243,SUB_19202,meso_SUB_19243_SUB_19202_rev,60000000.0,4714149.431295016,7758243.795141885,0,168
SUB_19243,SUB_19217,meso_SUB_19243_SUB_19217_rev,60000000.0,5606927.064987788,7445739.487915494,0,168
SUB_19243,SUB_19233,meso_SUB_19243_SUB_19233_rev,120000000.0,15926346.890529698,20306979.375631046,0,168
SUB_19243,SUB_19239,meso_SUB_19243_SUB_19239_rev,60000000.0,0.0,0.0,0,168
SUB_19243,SUB_19245,meso_SUB_19243_SUB_19245_fwd,60000000.0,0.0,0.0,0,168
SUB_19243,SUB_19246,meso_SUB_19243_SUB_19246_fwd,60000000.0,1467437.4535905619,17767930.65594958,0,168
SUB_19243,SUB_10293,meso_SUB_19243_SUB_10293_rev,150000000.0,0.0,0.0,0,168
SUB_19243,SUB_19234,meso_SUB_19243_SUB_19234_rev,300000000.0,0.0,0.0,0,168
SUB_25342,SUB_25282,meso_SUB_25342_SUB_25282_rev,80000000.0,0.0,0.0,0,168
SUB_25342,SUB_25337,meso_SUB_25342_SUB_25337_rev,80000000.0,0.0,0.0,0,168
SUB_25342,SUB_25339,meso_SUB_25342_SUB_25339_rev,80000000.0,0.0,0.0,0,168
SUB_25342,SUB_25532,meso_SUB_25342_SUB_25532_fwd,80000000.0,5823278.696424218,49093685.567010306,0,168
SUB_18233,SUB_18201,meso_SUB_18233_SUB_18201_rev,60000000.0,0.0,0.0,0,168
SUB_10205,SUB_10307,meso_SUB_10205_SUB_10307_fwd,150000000.0,0.0,0.0,0,168
SUB_10205,SUB_10308,meso_SUB_10205_SUB_10308_fwd,150000000.0,0.0,0.0,0,168
SUB_01410,SUB_01343,meso_SUB_01410_SUB_01343_rev,150000000.0,0.0,0.0,0,168
SUB_01410,SUB_01467,meso_SUB_01410_SUB_01467_fwd,150000000.0,0.0,0.0,0,168
SUB_01410,SUB_04204,meso_SUB_01410_SUB_04204_fwd,150000000.0,0.0,0.0,0,168
SUB_02416,SUB_02426,meso_SUB_02416_SUB_02426_fwd,60000000.0,0.0,0.0,0,168
SUB_02416,SUB_HIFLD_2058,meso_SUB_02416_SUB_HIFLD_2058_fwd,60000000.0,0.0,0.0,0,168
SUB_15374,SUB_10320,meso_SUB_15374_SUB_10320_rev,60000000.0,0.0,0.0,0,168
SUB_15374,SUB_15210,meso_SUB_15374_SUB_15210_rev,60000000.0,4154353.5159143168,6170571.286994719,0,168
SUB_15374,SUB_15379,meso_SUB_15374_SUB_15379_fwd,120000000.0,113328887.96393363,120000000.0,45,168
SUB_02402,SUB_HIFLD_1418,meso_SUB_02402_SUB_HIFLD_1418_fwd,50275614.09022589,0.0,0.0,0,168
SUB_08296,SUB_08295,meso_SUB_08296_SUB_08295_rev,150000000.0,104303252.34006952,150000000.0,57,168
SUB_10309,SUB_10252,meso_SUB_10309_SUB_10252_rev,60000000.0,150574.82852766334,1794114.2036997343,0,168
SUB_25464,SUB_25367,meso_SUB_25464_SUB_25367_rev,80000000.0,295268.7921456783,7387845.991604102,0,168
SUB_25464,SUB_25405,meso_SUB_25464_SUB_25405_rev,18155171.899753124,494928.94679949793,18155171.899753124,2,168
SUB_25464,SUB_25209,meso_SUB_25464_SUB_25209_rev,53856750.98954275,6436491.788986618,26035764.304692563,0,168
SUB_25464,SUB_25431,meso_SUB_25464_SUB_25431_rev,16311265.71957324,5365708.832645203,14023021.705863401,0,168
SUB_02248,SUB_02201,meso_SUB_02248_SUB_02201_fwd,5000000.0,0.0,0.0,0,168
SUB_01224,SUB_01409,meso_SUB_01224_SUB_01409_fwd,5000000.0,0.0,0.0,0,168
SUB_02251,SUB_02264,meso_SUB_02251_SUB_02264_fwd,5000000.0,0.0,0.0,0,168
SUB_01378,SUB_01252,meso_SUB_01378_SUB_01252_rev,60000000.0,0.0,0.0,0,168
SUB_01378,SUB_01347,meso_SUB_01378_SUB_01347_rev,60000000.0,36248.025737264004,931149.4149371863,0,168
SUB_16356,SUB_HIFLD_41,meso_SUB_16356_SUB_HIFLD_41_fwd,5000000.0,1874929.9792627022,1941457.1228027344,0,168
SUB_25446,SUB_25231,meso_SUB_25446_SUB_25231_rev,150000000.0,0.0,0.0,0,168
SUB_25446,SUB_25242,meso_SUB_25446_SUB_25242_rev,150000000.0,0.0,0.0,0,168
SUB_25446,SUB_25347,meso_SUB_25446_SUB_25347_rev,150000000.0,0.0,0.0,0,168
SUB_01298,SUB_01311,meso_SUB_01298_SUB_01311_fwd,5000000.0,0.0,0.0,0,168
SUB_18235,SUB_18222,meso_SUB_18235_SUB_18222_rev,150000000.0,0.0,0.0,0,168
SUB_18235,SUB_18246,meso_SUB_18235_SUB_18246_fwd,150000000.0,3570153.6939842887,5158930.51304768,0,168
SUB_18235,SUB_18238,meso_SUB_18235_SUB_18238_fwd,150000000.0,0.0,0.0,0,168
SUB_18235,SUB_18296,meso_SUB_18235_SUB_18296_rev,16979831.52959524,10412109.656654624,13800333.239368556,0,168
SUB_02226,SUB_02264,meso_SUB_02226_SUB_02264_fwd,58559283.17232112,0.0,0.0,0,168
SUB_02228,SUB_02201,meso_SUB_02228_SUB_02201_fwd,8691960.55705817,4129135.3512718566,8474068.84765625,0,168
SUB_02255,SUB_02201,meso_SUB_02255_SUB_02201_fwd,5000000.0,76974.19368806768,704319.6432333755,0,168
SUB_10260,SUB_10211,meso_SUB_10260_SUB_10211_rev,60000000.0,18454534.26876958,30623457.523815002,0,168
SUB_10260,SUB_10270,meso_SUB_10260_SUB_10270_fwd,120000000.0,5509408.6330041895,12666888.725988643,0,168
SUB_10260,SUB_10285,meso_SUB_10260_SUB_10285_fwd,120000000.0,5532242.9281336665,10497914.153212681,0,168
SUB_10260,SUB_10293,meso_SUB_10260_SUB_10293_fwd,400000000.0,0.0,0.0,0,168
SUB_10260,SUB_10314,meso_SUB_10260_SUB_10314_fwd,400000000.0,0.0,0.0,0,168
SUB_10260,SUB_10333,meso_SUB_10260_SUB_10333_fwd,60000000.0,35892897.73707076,51195192.498535626,0,168
SUB_10260,WEC_CALN,iface_SUB_10260_WEC_CALN_to_ba,440000000.0,0.0,0.0,0,168
SUB_25204,SUB_25357,meso_SUB_25204_SUB_25357_fwd,150000000.0,0.0,0.0,0,168
SUB_08351,SUB_08319,meso_SUB_08351_SUB_08319_rev,60000000.0,0.0,0.0,0,168
SUB_08351,SUB_08333,meso_SUB_08351_SUB_08333_rev,120000000.0,2056206.8517775764,2300723.5107421875,0,168
SUB_01324,SUB_01202,meso_SUB_01324_SUB_01202_rev,300000000.0,1740504.5115765464,108314315.6006664,0,168
SUB_01324,SUB_01216,meso_SUB_01324_SUB_01216_rev,300000000.0,0.0,0.0,0,168
SUB_01324,SUB_01343,meso_SUB_01324_SUB_01343_fwd,150000000.0,0.0,0.0,0,168
SUB_01324,SUB_01365,meso_SUB_01324_SUB_01365_fwd,150000000.0,0.0,0.0,0,168
SUB_01324,SUB_01380,meso_SUB_01324_SUB_01380_fwd,400000000.0,0.0,0.0,0,168
SUB_01324,SUB_01465,meso_SUB_01324_SUB_01465_fwd,400000000.0,0.0,0.0,0,168
SUB_01324,SUB_01466,meso_SUB_01324_SUB_01466_fwd,400000000.0,52891.80687313991,8885823.554687506,0,168
SUB_01324,SUB_01469,meso_SUB_01324_SUB_01469_fwd,400000000.0,65109.34431762396,10938369.845360825,0,168
SUB_01324,SUB_HIFLD_30,meso_SUB_01324_SUB_HIFLD_30_fwd,400000000.0,0.0,0.0,0,168
SUB_04255,SUB_04328,meso_SUB_04255_SUB_04328_fwd,5000000.0,0.0,0.0,0,168
SUB_25293,SUB_25319,meso_SUB_25293_SUB_25319_fwd,80000000.0,7206506.480248131,12058115.61984734,0,168
SUB_25293,SUB_25348,meso_SUB_25293_SUB_25348_fwd,80000000.0,24829328.579641882,66472703.551713355,0,168
SUB_25293,SUB_HIFLD_335,meso_SUB_25293_SUB_HIFLD_335_fwd,160000000.0,0.0,0.0,0,168
SUB_04260,SUB_04295,meso_SUB_04260_SUB_04295_fwd,120000000.0,0.0,0.0,0,168
SUB_04260,SUB_04298,meso_SUB_04260_SUB_04298_fwd,60000000.0,2659934.8702147477,3334131.5716356183,0,168
SUB_02239,SUB_02201,meso_SUB_02239_SUB_02201_fwd,5000000.0,0.0,0.0,0,168
SUB_01335,SUB_01250,meso_SUB_01335_SUB_01250_rev,60000000.0,0.0,0.0,0,168
SUB_01335,SUB_01260,meso_SUB_01335_SUB_01260_rev,60000000.0,2568219.7222089344,4007523.5164264925,0,168
SUB_15253,SUB_15246,meso_SUB_15253_SUB_15246_fwd,8040577.704533531,1239776.9766838842,2474401.3671875,0,168
SUB_01384,SUB_01331,meso_SUB_01384_SUB_01331_rev,60000000.0,0.0,0.0,0,168
SUB_01384,SUB_01206,meso_SUB_01384_SUB_01206_rev,30830527.59954693,18074327.906148363,21956213.7564433,0,168
SUB_01384,SUB_01266,meso_SUB_01384_SUB_01266_rev,5000000.0,0.0,0.0,0,168
SUB_04305,SUB_04343,meso_SUB_04305_SUB_04343_fwd,150000000.0,0.0,0.0,0,168
SUB_04305,SUB_06368,meso_SUB_04305_SUB_06368_fwd,150000000.0,0.0,0.0,0,168
SUB_04287,SUB_04295,meso_SUB_04287_SUB_04295_fwd,60000000.0,0.0,0.0,0,168
SUB_04287,SUB_04321,meso_SUB_04287_SUB_04321_fwd,60000000.0,0.0,0.0,0,168
SUB_01375,SUB_01440,meso_SUB_01375_SUB_01440_fwd,120000000.0,37535781.539079346,78925852.24609375,0,168
SUB_01375,SUB_16374,meso_SUB_01375_SUB_16374_fwd,60000000.0,0.0,0.0,0,168
SUB_18256,SUB_25345,meso_SUB_18256_SUB_25345_fwd,80000000.0,2713708.57651895,5043718.992562889,0,168
SUB_18256,SUB_25468,meso_SUB_18256_SUB_25468_fwd,13542851.782215439,6756317.418614751,13542851.782215439,77,168
SUB_02278,SUB_02280,meso_SUB_02278_SUB_02280_fwd,23152707.133830138,0.0,0.0,0,168
SUB_02425,SUB_02412,meso_SUB_02425_SUB_02412_rev,60000000.0,48253.435606167135,8106577.181836079,0,168
SUB_02425,SUB_02408,meso_SUB_02425_SUB_02408_rev,120000000.0,0.0,0.0,0,168
SUB_02280,SUB_02201,meso_SUB_02280_SUB_02201_rev,150000000.0,0.0,0.0,0,168
SUB_02280,SUB_02203,meso_SUB_02280_SUB_02203_rev,150000000.0,0.0,0.0,0,168
SUB_02280,SUB_02233,meso_SUB_02280_SUB_02233_rev,150000000.0,0.0,0.0,0,168
SUB_02280,SUB_02253,meso_SUB_02280_SUB_02253_rev,5000000.0,2272875.8057719297,2789675.8718588916,0,168
SUB_02280,SUB_02213,meso_SUB_02280_SUB_02213_rev,86936817.75284624,32659793.814432986,32659793.81443299,0,168
SUB_02280,SUB_02278,meso_SUB_02280_SUB_02278_rev,23152707.133830138,13776952.164844047,19134020.6185567,0,168
SUB_02280,SUB_02234,meso_SUB_02280_SUB_02234_rev,5000000.0,700769.1527091819,901590.1231274162,0,168
SUB_02280,SUB_02240,meso_SUB_02280_SUB_02240_rev,5000000.0,2204494.932883501,3052856.697003866,0,168
SUB_02280,SUB_02209,meso_SUB_02280_SUB_02209_rev,13054274.09534259,8201630.297863548,10208014.859858247,0,168
SUB_25859,WEC_CALN,iface_SUB_25859_WEC_CALN_to_ba,5000000.0,2560000.0,2560000.0,0,168
SUB_02268,SUB_02264,meso_SUB_02268_SUB_02264_fwd,5000000.0,0.0,0.0,0,168
SUB_02247,SUB_02264,meso_SUB_02247_SUB_02264_fwd,5000000.0,0.0,0.0,0,168
SUB_06866,SUB_06867,meso_SUB_06866_SUB_06867_fwd,60000000.0,1500000.0,1500000.0,0,168
SUB_18220,SUB_18201,meso_SUB_18220_SUB_18201_rev,60000000.0,0.0,0.0,0,168
SUB_18220,SUB_18213,meso_SUB_18220_SUB_18213_rev,60000000.0,2467796.642448529,18342675.966065913,0,168
SUB_18220,SUB_18226,meso_SUB_18220_SUB_18226_fwd,60000000.0,973423.1648006069,9106502.431582157,0,168
SUB_18220,SUB_18230,meso_SUB_18220_SUB_18230_fwd,60000000.0,1982935.4916826792,3207471.458199098,0,168
SUB_02285,SUB_02264,meso_SUB_02285_SUB_02264_fwd,5000000.0,0.0,0.0,0,168
SUB_25427,SUB_25529,meso_SUB_25427_SUB_25529_fwd,80000000.0,0.0,0.0,0,168
SUB_10310,SUB_10253,meso_SUB_10310_SUB_10253_rev,60000000.0,0.0,0.0,0,168
SUB_10310,SUB_10302,meso_SUB_10310_SUB_10302_rev,60000000.0,0.0,0.0,0,168
SUB_10310,SUB_10313,meso_SUB_10310_SUB_10313_rev,5000000.0,0.0,0.0,0,168
SUB_10310,WEC_CALN,iface_SUB_10310_WEC_CALN_to_ba,5000000.0,5000000.0,5000000.0,168,168
SUB_10225,SUB_HIFLD_1357,meso_SUB_10225_SUB_HIFLD_1357_fwd,800000000.0,110465236.76212065,159446616.2977457,0,168
SUB_10225,SUB_10221,meso_SUB_10225_SUB_10221_rev,400000000.0,0.0,0.0,0,168
SUB_10225,WEC_CALN,iface_SUB_10225_WEC_CALN_to_ba,70000000.0,48929007.725801595,70000000.0,101,168
SUB_02249,SUB_02233,meso_SUB_02249_SUB_02233_fwd,5000000.0,177461.58272879463,490620.60546875,0,168
SUB_02234,SUB_02280,meso_SUB_02234_SUB_02280_fwd,5000000.0,0.0,0.0,0,168
SUB_02267,SUB_02210,meso_SUB_02267_SUB_02210_fwd,5000000.0,0.0,0.0,0,168
SUB_18240,SUB_18222,meso_SUB_18240_SUB_18222_rev,210000000.0,0.0,0.0,0,168
SUB_18240,SUB_18246,meso_SUB_18240_SUB_18246_fwd,150000000.0,0.0,0.0,0,168
SUB_16207,SUB_16299,meso_SUB_16207_SUB_16299_fwd,60000000.0,0.0,0.0,0,168
SUB_16207,SUB_16321,meso_SUB_16207_SUB_16321_fwd,120000000.0,731435.0137402243,17052027.62564433,0,168
SUB_04347,SUB_04318,meso_SUB_04347_SUB_04318_rev,150000000.0,0.0,0.0,0,168
SUB_04347,SUB_04349,meso_SUB_04347_SUB_04349_fwd,150000000.0,0.0,0.0,0,168
SUB_02240,SUB_02280,meso_SUB_02240_SUB_02280_fwd,5000000.0,0.0,0.0,0,168
SUB_02260,SUB_02264,meso_SUB_02260_SUB_02264_fwd,5000000.0,0.0,0.0,0,168
SUB_25421,SUB_25208,meso_SUB_25421_SUB_25208_rev,160000000.0,0.0,0.0,0,168
SUB_25421,SUB_25387,meso_SUB_25421_SUB_25387_rev,80000000.0,6892441.119471635,42211706.33957462,0,168
SUB_16270,SUB_16247,meso_SUB_16270_SUB_16247_rev,150000000.0,0.0,0.0,0,168
SUB_16270,SUB_16261,meso_SUB_16270_SUB_16261_rev,150000000.0,0.0,0.0,0,168
SUB_16270,SUB_16277,meso_SUB_16270_SUB_16277_fwd,150000000.0,0.0,0.0,0,168
SUB_16270,SUB_16329,meso_SUB_16270_SUB_16329_fwd,150000000.0,5169819.056881003,24783615.898840208,0,168
SUB_18273,SUB_18201,meso_SUB_18273_SUB_18201_rev,60000000.0,0.0,0.0,0,168
SUB_18273,SUB_18237,meso_SUB_18273_SUB_18237_rev,60000000.0,5899496.012388634,8210062.719412597,0,168
SUB_25261,SUB_25255,meso_SUB_25261_SUB_25255_rev,150000000.0,0.0,0.0,0,168
SUB_25261,SUB_25290,meso_SUB_25261_SUB_25290_fwd,150000000.0,77197175.33835705,132515011.02207592,0,168
SUB_25261,SUB_25365,meso_SUB_25261_SUB_25365_fwd,150000000.0,17107917.40774238,49639091.94154612,0,168
SUB_25261,SUB_25393,meso_SUB_25261_SUB_25393_fwd,6000000000.0,0.0,0.0,0,168
SUB_25261,SUB_25526,meso_SUB_25261_SUB_25526_fwd,800000000.0,218571.39925269797,36719995.07445326,0,168
SUB_18213,SUB_18207,meso_SUB_18213_SUB_18207_rev,120000000.0,12880.884602700566,779454.2808339358,0,168
SUB_18213,SUB_18220,meso_SUB_18213_SUB_18220_fwd,60000000.0,9345904.865277871,19737408.628500976,0,168
SUB_10375,SUB_10291,meso_SUB_10375_SUB_10291_rev,150000000.0,0.0,0.0,0,168
SUB_10375,SUB_10297,meso_SUB_10375_SUB_10297_rev,150000000.0,58253437.73802415,102353768.36079991,0,168
SUB_10375,SUB_10283,meso_SUB_10375_SUB_10283_rev,150000000.0,1107441.1155028287,13980355.26558058,0,168
SUB_10375,SUB_10322,meso_SUB_10375_SUB_10322_rev,5000000.0,0.0,0.0,0,168
SUB_25281,SUB_25219,meso_SUB_25281_SUB_25219_rev,80000000.0,0.0,0.0,0,168
SUB_25281,SUB_25445,meso_SUB_25281_SUB_25445_fwd,80000000.0,8372994.822828455,13794262.443621134,0,168
SUB_25281,SUB_25536,meso_SUB_25281_SUB_25536_fwd,120000000.0,9985182.28851808,19566299.532860823,0,168
SUB_25281,SUB_HIFLD_1845,meso_SUB_25281_SUB_HIFLD_1845_fwd,140000000.0,58667722.95797153,72236401.1281284,0,168
SUB_02207,SUB_02201,meso_SUB_02207_SUB_02201_fwd,12221010.547832375,0.0,0.0,0,168
SUB_02209,SUB_02280,meso_SUB_02209_SUB_02280_fwd,13054274.09534259,0.0,0.0,0,168
SUB_18260,SUB_18263,meso_SUB_18260_SUB_18263_fwd,150000000.0,0.0,0.0,0,168
SUB_18260,SUB_18282,meso_SUB_18260_SUB_18282_fwd,150000000.0,0.0,0.0,0,168
SUB_04245,SUB_04328,meso_SUB_04245_SUB_04328_fwd,15678993.01285542,0.0,0.0,0,168
SUB_04286,SUB_04284,meso_SUB_04286_SUB_04284_rev,60000000.0,2855469.2189249853,3703430.805009665,0,168
SUB_04286,SUB_04285,meso_SUB_04286_SUB_04285_rev,60000000.0,0.0,0.0,0,168
SUB_01264,SUB_HIFLD_2989,meso_SUB_01264_SUB_HIFLD_2989_fwd,5000000.0,0.0,0.0,0,168
SUB_02272,SUB_02281,meso_SUB_02272_SUB_02281_fwd,60000000.0,5762573.809134941,12483213.431372223,0,168
SUB_02272,SUB_02286,meso_SUB_02272_SUB_02286_fwd,60000000.0,0.0,0.0,0,168
SUB_02272,SUB_HIFLD_3834,meso_SUB_02272_SUB_HIFLD_3834_fwd,60000000.0,951456.6218884469,14734846.960582787,0,168
SUB_16316,SUB_16283,meso_SUB_16316_SUB_16283_fwd,5000000.0,5000000.0,5000000.0,168,168
SUB_16322,SUB_16230,meso_SUB_16322_SUB_16230_rev,60000000.0,16116617.068511816,32062207.430842474,0,168
SUB_16322,SUB_16242,meso_SUB_16322_SUB_16242_rev,60000000.0,0.0,0.0,0,168
SUB_16322,SUB_16307,meso_SUB_16322_SUB_16307_rev,60000000.0,0.0,0.0,0,168
SUB_16322,SUB_16331,meso_SUB_16322_SUB_16331_fwd,60000000.0,4378144.375740691,6750326.19201031,0,168
SUB_25282,SUB_25337,meso_SUB_25282_SUB_25337_fwd,80000000.0,0.0,0.0,0,168
SUB_25282,SUB_25339,meso_SUB_25282_SUB_25339_fwd,80000000.0,35770.3244203447,6009414.50261791,0,168
SUB_25282,SUB_25341,meso_SUB_25282_SUB_25341_fwd,80000000.0,0.0,0.0,0,168
SUB_25282,SUB_25342,meso_SUB_25282_SUB_25342_fwd,80000000.0,429998.20160996384,15419521.18234536,0,168
SUB_25282,SUB_25387,meso_SUB_25282_SUB_25387_fwd,80000000.0,0.0,0.0,0,168
SUB_25282,SUB_25532,meso_SUB_25282_SUB_25532_fwd,80000000.0,6528145.736010373,48951564.453125,0,168
SUB_18229,SUB_18222,meso_SUB_18229_SUB_18222_rev,60000000.0,0.0,0.0,0,168
SUB_18229,SUB_18285,meso_SUB_18229_SUB_18285_fwd,60000000.0,0.0,0.0,0,168
SUB_25278,SUB_25208,meso_SUB_25278_SUB_25208_rev,160000000.0,4564130.495394685,7485457.922935486,0,168
SUB_25278,SUB_25255,meso_SUB_25278_SUB_25255_rev,80000000.0,4068668.8266881974,60978727.838516235,0,168
SUB_25250,SUB_25235,meso_SUB_25250_SUB_25235_rev,150000000.0,122638259.13928626,150000000.0,77,168
SUB_25250,SUB_25412,meso_SUB_25250_SUB_25412_fwd,400000000.0,31485047.44960141,314336268.4020996,0,168
SUB_25250,SUB_25993,meso_SUB_25250_SUB_25993_fwd,400000000.0,0.0,0.0,0,168
SUB_25250,WEC_CALN,iface_SUB_25250_WEC_CALN_to_ba,250000000.0,0.0,0.0,0,168
SUB_25480,SUB_25425,meso_SUB_25480_SUB_25425_rev,150000000.0,0.0,0.0,0,168
SUB_06332,SUB_06344,meso_SUB_06332_SUB_06344_fwd,60000000.0,0.0,0.0,0,168
SUB_06332,SUB_06368,meso_SUB_06332_SUB_06368_fwd,60000000.0,0.0,0.0,0,168
SUB_25406,SUB_HIFLD_189,meso_SUB_25406_SUB_HIFLD_189_fwd,5000000.0,0.0,0.0,0,168
SUB_18244,SUB_18285,meso_SUB_18244_SUB_18285_fwd,5000000.0,0.0,0.0,0,168
SUB_25476,SUB_25457,meso_SUB_25476_SUB_25457_rev,150000000.0,0.0,0.0,0,168
SUB_25476,SUB_25526,meso_SUB_25476_SUB_25526_fwd,150000000.0,0.0,0.0,0,168
SUB_10294,SUB_10249,meso_SUB_10294_SUB_10249_rev,150000000.0,12917426.457073266,18648681.038641527,0,168
SUB_10294,SUB_10308,meso_SUB_10294_SUB_10308_fwd,150000000.0,0.0,0.0,0,168
SUB_16230,SUB_16322,meso_SUB_16230_SUB_16322_fwd,60000000.0,0.0,0.0,0,168
SUB_16230,SUB_16331,meso_SUB_16230_SUB_16331_fwd,60000000.0,0.0,0.0,0,168
SUB_16230,SUB_16348,meso_SUB_16230_SUB_16348_fwd,60000000.0,0.0,0.0,0,168
SUB_16230,SUB_16362,meso_SUB_16230_SUB_16362_fwd,60000000.0,233388.547942265,16282385.6314433,0,168
SUB_16230,SUB_16365,meso_SUB_16230_SUB_16365_fwd,120000000.0,2240105.3588141478,11089506.483569589,0,168
SUB_16230,SUB_16313,meso_SUB_16230_SUB_16313_rev,18373501.31462945,12201330.878024131,16824695.956829898,0,168
SUB_18285,SUB_18222,meso_SUB_18285_SUB_18222_rev,60000000.0,0.0,0.0,0,168
SUB_18285,SUB_18229,meso_SUB_18285_SUB_18229_rev,60000000.0,0.0,0.0,0,168
SUB_18285,SUB_18244,meso_SUB_18285_SUB_18244_rev,5000000.0,2777996.8995818566,3569861.972454897,0,168
SUB_25512,SUB_25276,meso_SUB_25512_SUB_25276_rev,450000000.0,25809980.786060896,50568290.914948456,0,168
SUB_25512,SUB_HIFLD_1851,meso_SUB_25512_SUB_HIFLD_1851_fwd,400000000.0,0.0,0.0,0,168
SUB_16216,SUB_16301,meso_SUB_16216_SUB_16301_fwd,120000000.0,23713215.43241914,36395414.58881659,0,168
SUB_16216,SUB_16320,meso_SUB_16216_SUB_16320_fwd,60000000.0,0.0,0.0,0,168
SUB_16216,SUB_16323,meso_SUB_16216_SUB_16323_fwd,60000000.0,21218852.428052615,41785647.77994891,0,168
SUB_16216,SUB_HIFLD_41,meso_SUB_16216_SUB_HIFLD_41_fwd,150000000.0,6173804.548272089,15945188.665277988,0,168
SUB_16216,SUB_16375,meso_SUB_16216_SUB_16375_rev,15819926.850468406,9056970.784287859,14511737.878543815,0,168
SUB_25420,SUB_25290,meso_SUB_25420_SUB_25290_rev,450000000.0,0.0,0.0,0,168
SUB_10255,SUB_10253,meso_SUB_10255_SUB_10253_rev,60000000.0,0.0,0.0,0,168
SUB_10255,SUB_10302,meso_SUB_10255_SUB_10302_fwd,120000000.0,0.0,0.0,0,168
SUB_10255,SUB_HIFLD_523,meso_SUB_10255_SUB_HIFLD_523_fwd,60000000.0,0.0,0.0,0,168
SUB_10132,SUB_HIFLD_1297,meso_SUB_10132_SUB_HIFLD_1297_fwd,400000000.0,0.0,0.0,0,168
SUB_10132,SUB_10332,meso_SUB_10132_SUB_10332_fwd,1200000000.0,771550.818149752,1053207.4918451998,0,168
SUB_10132,SUB_10350,meso_SUB_10132_SUB_10350_rev,5000000.0,0.0,0.0,0,168
SUB_10132,WEC_CALN,iface_SUB_10132_WEC_CALN_to_ba,795000000.0,100011755.12309138,100173335.98138869,0,168
SUB_10332,SUB_10132,meso_SUB_10332_SUB_10132_rev,1200000000.0,0.0,0.0,0,168
SUB_10332,SUB_10293,meso_SUB_10332_SUB_10293_rev,1200000000.0,0.0,0.0,0,168
SUB_10350,SUB_10132,meso_SUB_10350_SUB_10132_fwd,5000000.0,5000000.0,5000000.0,168,168
SUB_19241,SUB_19246,meso_SUB_19241_SUB_19246_fwd,150000000.0,0.0,0.0,0,168
SUB_19241,SUB_HIFLD_2356,meso_SUB_19241_SUB_HIFLD_2356_fwd,150000000.0,0.0,0.0,0,168
SUB_10356,SUB_10345,meso_SUB_10356_SUB_10345_rev,60000000.0,0.0,0.0,0,168
SUB_10356,SUB_HIFLD_2184,meso_SUB_10356_SUB_HIFLD_2184_rev,5000000.0,0.0,0.0,0,168
SUB_19229,SUB_19215,meso_SUB_19229_SUB_19215_rev,60000000.0,17780702.965192504,27901753.33984375,0,168
SUB_19229,SUB_19225,meso_SUB_19229_SUB_19225_rev,60000000.0,0.0,0.0,0,168
SUB_19229,SUB_19246,meso_SUB_19229_SUB_19246_fwd,60000000.0,10560619.93416634,15578044.631250098,0,168
SUB_01442,SUB_01440,meso_SUB_01442_SUB_01440_fwd,21495266.944976144,10523982.993672956,21495266.944976144,71,168
SUB_02210,SUB_02201,meso_SUB_02210_SUB_02201_rev,150000000.0,23603015.91308581,150000000.0,2,168
SUB_02210,SUB_02233,meso_SUB_02210_SUB_02233_fwd,450000000.0,30405985.76892415,195154088.23921755,0,168
SUB_02210,SUB_02257,meso_SUB_02210_SUB_02257_fwd,300000000.0,85232591.44306886,101136589.88402061,0,168
SUB_02210,SUB_02264,meso_SUB_02210_SUB_02264_fwd,150000000.0,100418599.44840619,118143425.84746815,0,168
SUB_02210,SUB_02286,meso_SUB_02210_SUB_02286_fwd,150000000.0,31326764.707600508,50036855.92888798,0,168
SUB_02210,SUB_02287,meso_SUB_02210_SUB_02287_fwd,400000000.0,0.0,0.0,0,168
SUB_02210,SUB_02419,meso_SUB_02210_SUB_02419_fwd,400000000.0,5631636.077406567,310658084.51136065,0,168
SUB_02210,SUB_02203,meso_SUB_02210_SUB_02203_rev,150000000.0,1785714.2857142857,150000000.0,2,168
SUB_02210,SUB_02408,meso_SUB_02210_SUB_02408_fwd,400000000.0,72378740.35082018,104754859.66384843,0,168
SUB_02210,SUB_02227,meso_SUB_02210_SUB_02227_rev,10468363.385570258,6049649.948247461,8299298.284471649,0,168
SUB_02210,SUB_02267,meso_SUB_02210_SUB_02267_rev,5000000.0,1064239.1498848451,1509696.5357200387,0,168
SUB_02210,WEC_CALN,iface_SUB_02210_WEC_CALN_to_ba,1834531636.61443,0.0,0.0,0,168
SUB_16374,SUB_01375,meso_SUB_16374_SUB_01375_rev,60000000.0,1557791.0153307538,30348069.220159467,0,168
SUB_16374,SUB_01432,meso_SUB_16374_SUB_01432_rev,60000000.0,827409.3941573148,2341580.6721166237,0,168
SUB_16374,SUB_16209,meso_SUB_16374_SUB_16209_rev,60000000.0,3367782.6197403697,3792106.9587628865,0,168
SUB_16374,SUB_16348,meso_SUB_16374_SUB_16348_rev,60000000.0,53979001.26260601,60000000.0,113,168
SUB_16374,SUB_HIFLD_1135,meso_SUB_16374_SUB_HIFLD_1135_fwd,60000000.0,5750267.573577408,60000000.0,2,168
SUB_16374,SUB_HIFLD_3849,meso_SUB_16374_SUB_HIFLD_3849_fwd,60000000.0,6480479.963634028,59440803.02104368,1,168
SUB_10373,SUB_10372,meso_SUB_10373_SUB_10372_rev,400000000.0,0.0,0.0,0,168
SUB_10373,WEC_CALN,iface_SUB_10373_WEC_CALN_to_ba,20000000.0,0.0,0.0,0,168
SUB_18249,SUB_08318,meso_SUB_18249_SUB_08318_rev,150000000.0,0.0,0.0,0,168
SUB_18249,SUB_18322,meso_SUB_18249_SUB_18322_rev,5000000.0,409981.61430152896,757400.1666196843,0,168
SUB_01343,SUB_01410,meso_SUB_01343_SUB_01410_fwd,150000000.0,90100.89252268992,15136949.943811905,0,168
SUB_01343,SUB_01465,meso_SUB_01343_SUB_01465_fwd,300000000.0,0.0,0.0,0,168
SUB_01343,SUB_01216,meso_SUB_01343_SUB_01216_rev,150000000.0,0.0,0.0,0,168
SUB_01343,SUB_01324,meso_SUB_01343_SUB_01324_rev,150000000.0,0.0,0.0,0,168
SUB_08391,SUB_08201,meso_SUB_08391_SUB_08201_rev,150000000.0,5806053.645344815,46895103.0927835,0,168
SUB_08391,SUB_08339,meso_SUB_08391_SUB_08339_rev,150000000.0,4651557.892469512,51366825.064433,0,168
SUB_08391,SUB_08353,meso_SUB_08391_SUB_08353_rev,150000000.0,8277537.886297107,52622611.952319585,0,168
SUB_08391,SUB_08295,meso_SUB_08391_SUB_08295_rev,139728152.01776853,0.0,0.0,0,168
SUB_02233,SUB_02201,meso_SUB_02233_SUB_02201_rev,150000000.0,0.0,0.0,0,168
SUB_02233,SUB_02203,meso_SUB_02233_SUB_02203_rev,450000000.0,0.0,0.0,0,168
SUB_02233,SUB_02210,meso_SUB_02233_SUB_02210_rev,450000000.0,0.0,0.0,0,168
SUB_02233,SUB_02287,meso_SUB_02233_SUB_02287_fwd,300000000.0,0.0,0.0,0,168
SUB_02233,SUB_02280,meso_SUB_02233_SUB_02280_fwd,150000000.0,12631435.136634363,150000000.0,3,168
SUB_02233,SUB_02249,meso_SUB_02233_SUB_02249_rev,5000000.0,84141.39970003183,627111.438869201,0,168
SUB_02203,SUB_02201,meso_SUB_02203_SUB_02201_rev,450000000.0,6763695.05215392,50339940.07570616,0,168
SUB_02203,SUB_02233,meso_SUB_02203_SUB_02233_fwd,450000000.0,7528125.413549607,100996180.32209283,0,168
SUB_02203,SUB_02280,meso_SUB_02203_SUB_02280_fwd,150000000.0,142354498.9437339,150000000.0,110,168
SUB_02203,SUB_01216,meso_SUB_02203_SUB_01216_rev,400000000.0,0.0,0.0,0,168
SUB_02203,SUB_02210,meso_SUB_02203_SUB_02210_fwd,150000000.0,0.0,0.0,0,168
SUB_25440,SUB_25468,meso_SUB_25440_SUB_25468_fwd,5000000.0,0.0,0.0,0,168
SUB_04230,SUB_04202,meso_SUB_04230_SUB_04202_rev,60000000.0,21918378.07292623,56467616.40284567,0,168
SUB_04230,SUB_04246,meso_SUB_04230_SUB_04246_fwd,60000000.0,13546412.523107665,16883263.530927837,0,168
SUB_04230,SUB_04337,meso_SUB_04230_SUB_04337_fwd,800000000.0,0.0,0.0,0,168
SUB_04230,SUB_06364,meso_SUB_04230_SUB_06364_fwd,860000000.0,0.0,0.0,0,168
SUB_04230,SUB_06270,meso_SUB_04230_SUB_06270_fwd,150000000.0,0.0,0.0,0,168
SUB_04230,SUB_06359,meso_SUB_04230_SUB_06359_fwd,400000000.0,0.0,0.0,0,168
SUB_04230,WEC_CALN,iface_SUB_04230_WEC_CALN_to_ba,20000000.0,0.0,0.0,0,168
SUB_06203,SUB_06204,meso_SUB_06203_SUB_06204_fwd,150000000.0,0.0,0.0,0,168
SUB_06203,SUB_06368,meso_SUB_06203_SUB_06368_fwd,150000000.0,0.0,0.0,0,168
SUB_06203,SUB_15215,meso_SUB_06203_SUB_15215_fwd,210000000.0,0.0,0.0,0,168
SUB_06203,SUB_06272,meso_SUB_06203_SUB_06272_fwd,300000000.0,5161306.443541437,12105462.711402012,0,168
SUB_06203,SUB_06317,meso_SUB_06203_SUB_06317_fwd,150000000.0,122998.01482086278,6984096.793613816,0,168
SUB_06203,SUB_06344,meso_SUB_06203_SUB_06344_fwd,60000000.0,0.0,0.0,0,168
SUB_04203,SUB_04201,meso_SUB_04203_SUB_04201_rev,150000000.0,0.0,0.0,0,168
SUB_25269,SUB_25219,meso_SUB_25269_SUB_25219_rev,80000000.0,44315845.355805896,44994817.3828125,0,168
SUB_16380,SUB_HIFLD_30,meso_SUB_16380_SUB_HIFLD_30_fwd,150000000.0,0.0,0.0,0,168
SUB_25353,SUB_25270,meso_SUB_25353_SUB_25270_rev,60000000.0,0.0,0.0,0,168
SUB_04272,SUB_04202,meso_SUB_04272_SUB_04202_rev,150000000.0,4004548.8070788668,35991945.87628866,0,168
SUB_04272,SUB_04329,meso_SUB_04272_SUB_04329_fwd,150000000.0,16859986.243610606,47665874.677835055,0,168
SUB_04272,SUB_04337,meso_SUB_04272_SUB_04337_fwd,300000000.0,0.0,0.0,0,168
SUB_16261,SUB_16247,meso_SUB_16261_SUB_16247_rev,150000000.0,953898.0144461608,44289156.49245403,0,168
SUB_16261,SUB_16267,meso_SUB_16261_SUB_16267_fwd,60000000.0,19883948.777272906,59626615.79629543,1,168
SUB_16261,SUB_16270,meso_SUB_16261_SUB_16270_fwd,150000000.0,1766842.9701472379,41581258.69762329,0,168
SUB_16261,SUB_16277,meso_SUB_16261_SUB_16277_fwd,150000000.0,0.0,0.0,0,168
SUB_16261,SUB_16357,meso_SUB_16261_SUB_16357_fwd,300000000.0,0.0,0.0,0,168
SUB_16261,SUB_01222,meso_SUB_16261_SUB_01222_rev,150000000.0,126446971.13333127,150000000.0,97,168
SUB_16261,SUB_16282,meso_SUB_16261_SUB_16282_fwd,300000000.0,0.0,0.0,0,168
SUB_16261,SUB_16298,meso_SUB_16261_SUB_16298_fwd,300000000.0,0.0,0.0,0,168
SUB_16261,SUB_HIFLD_2318,meso_SUB_16261_SUB_HIFLD_2318_fwd,150000000.0,1247968.514496528,19652704.701540243,0,168
SUB_01317,SUB_01318,meso_SUB_01317_SUB_01318_fwd,5000000.0,0.0,0.0,0,168
SUB_08202,SUB_08231,meso_SUB_08202_SUB_08231_fwd,60000000.0,42599147.19913362,60000000.0,39,168
SUB_08202,SUB_08337,meso_SUB_08202_SUB_08337_fwd,60000000.0,0.0,0.0,0,168
SUB_08202,SUB_08343,meso_SUB_08202_SUB_08343_fwd,60000000.0,0.0,0.0,0,168
SUB_06312,SUB_04295,meso_SUB_06312_SUB_04295_rev,150000000.0,1777852.6771407153,37292355.07608102,0,168
SUB_06312,SUB_04319,meso_SUB_06312_SUB_04319_rev,150000000.0,3729058.572884936,11100315.774609378,0,168
SUB_06312,SUB_06359,meso_SUB_06312_SUB_06359_fwd,400000000.0,0.0,0.0,0,168
SUB_25370,SUB_25272,meso_SUB_25370_SUB_25272_rev,150000000.0,0.0,0.0,0,168
SUB_25370,SUB_25526,meso_SUB_25370_SUB_25526_fwd,150000000.0,0.0,0.0,0,168
SUB_01423,SUB_01223,meso_SUB_01423_SUB_01223_rev,2000000000.0,11565687.476128265,158854323.0716601,0,168
SUB_01423,SUB_01315,meso_SUB_01423_SUB_01315_rev,120000000.0,19434492.887361612,98092511.27080837,0,168
SUB_01423,SUB_01380,meso_SUB_01423_SUB_01380_rev,1200000000.0,342671.65071860625,37008463.560447946,0,168
SUB_01423,SUB_01440,meso_SUB_01423_SUB_01440_fwd,60000000.0,6131942.4646230275,60000000.0,3,168
SUB_01423,SUB_01466,meso_SUB_01423_SUB_01466_fwd,1200000000.0,59065.38366393593,9922984.455541236,0,168
SUB_01423,SUB_01469,meso_SUB_01423_SUB_01469_fwd,400000000.0,0.0,0.0,0,168
SUB_01423,SUB_02419,meso_SUB_01423_SUB_02419_fwd,400000000.0,863462.8804474805,145061763.91517672,0,168
SUB_01423,SUB_01405,meso_SUB_01423_SUB_01405_rev,400000000.0,17869715.482087247,27207891.027706187,0,168
SUB_01423,SUB_01409,meso_SUB_01423_SUB_01409_rev,400000000.0,19736966.04596352,42655481.542148806,0,168
SUB_01423,WEC_CALN,iface_SUB_01423_WEC_CALN_to_ba,620000000.0,0.0,0.0,0,168
SUB_16368,SUB_16223,meso_SUB_16368_SUB_16223_rev,60000000.0,5094208.000694785,8340512.506933188,0,168
SUB_16368,SUB_16315,meso_SUB_16368_SUB_16315_rev,60000000.0,11475734.990344675,17156992.925448705,0,168
SUB_16368,SUB_16319,meso_SUB_16368_SUB_16319_rev,150000000.0,0.0,0.0,0,168
SUB_16368,SUB_16323,meso_SUB_16368_SUB_16323_rev,60000000.0,1237558.9921426612,22303613.949124448,0,168
SUB_16368,SUB_16328,meso_SUB_16368_SUB_16328_rev,60000000.0,5703944.68219507,9472977.264174012,0,168
SUB_16368,SUB_16348,meso_SUB_16368_SUB_16348_rev,550000000.0,4052849.7182293492,44371135.11638209,0,168
SUB_16368,SUB_16371,meso_SUB_16368_SUB_16371_fwd,860000000.0,3430175.3985738913,22786163.44997291,0,168
SUB_16368,SUB_16372,meso_SUB_16368_SUB_16372_fwd,60000000.0,37705952.87306601,60000000.0,1,168
SUB_16368,SUB_HIFLD_2043,meso_SUB_16368_SUB_HIFLD_2043_fwd,60000000.0,4269336.283104557,6161246.675598164,0,168
SUB_16368,SUB_HIFLD_4127,meso_SUB_16368_SUB_HIFLD_4127_fwd,450000000.0,0.0,0.0,0,168
SUB_16368,SUB_HIFLD_595,meso_SUB_16368_SUB_HIFLD_595_fwd,400000000.0,44431231.15750798,156366089.95329705,0,168
SUB_16368,SUB_HIFLD_597,meso_SUB_16368_SUB_HIFLD_597_fwd,150000000.0,0.0,0.0,0,168
SUB_16368,WEC_CALN,iface_SUB_16368_WEC_CALN_to_ba,20000000.0,0.0,0.0,0,168
SUB_02264,SUB_02210,meso_SUB_02264_SUB_02210_rev,150000000.0,0.0,0.0,0,168
SUB_02264,SUB_02286,meso_SUB_02264_SUB_02286_fwd,150000000.0,0.0,0.0,0,168
SUB_02264,SUB_02258,meso_SUB_02264_SUB_02258_rev,5000000.0,2176691.9674917827,3087993.5667686854,0,168
SUB_02264,SUB_02250,meso_SUB_02264_SUB_02250_rev,5000000.0,2655612.623826159,3454839.5215850514,0,168
SUB_02264,SUB_02251,meso_SUB_02264_SUB_02251_rev,5000000.0,1050377.0385352664,1370762.5241623712,0,168
SUB_02264,SUB_02226,meso_SUB_02264_SUB_02226_rev,58559283.17232112,25505154.639175262,25505154.63917526,0,168
SUB_02264,SUB_02268,meso_SUB_02264_SUB_02268_rev,5000000.0,1445586.7072560943,2025512.821158183,0,168
SUB_02264,SUB_02247,meso_SUB_02264_SUB_02247_rev,5000000.0,2564593.174765376,3387738.6034149486,0,168
SUB_02264,SUB_02285,meso_SUB_02264_SUB_02285_rev,5000000.0,432284.62118112284,581127.677996134,0,168
SUB_02264,SUB_02260,meso_SUB_02264_SUB_02260_rev,5000000.0,1086045.5991944438,1383047.5797358248,0,168
SUB_02264,SUB_02259,meso_SUB_02264_SUB_02259_rev,5000000.0,2639683.281772559,3511648.276417526,0,168
SUB_08292,SUB_08225,meso_SUB_08292_SUB_08225_rev,150000000.0,20807344.809500795,27706636.597938143,0,168
SUB_08292,SUB_08343,meso_SUB_08292_SUB_08343_fwd,150000000.0,0.0,0.0,0,168
SUB_10333,SUB_10260,meso_SUB_10333_SUB_10260_rev,60000000.0,0.0,0.0,0,168
SUB_10333,SUB_10334,meso_SUB_10333_SUB_10334_fwd,60000000.0,12948975.702187065,18750367.973579563,0,168
SUB_06272,SUB_06203,meso_SUB_06272_SUB_06203_rev,300000000.0,0.0,0.0,0,168
SUB_06272,SUB_06319,meso_SUB_06272_SUB_06319_fwd,300000000.0,135533.7887280332,7597664.5527162,0,168
SUB_25236,SUB_25271,meso_SUB_25236_SUB_25271_fwd,60000000.0,31129425.026791863,44493694.52049865,0,168
SUB_25236,SUB_25366,meso_SUB_25236_SUB_25366_fwd,60000000.0,7625488.304389244,14875375.52351804,0,168
SUB_25236,SUB_25367,meso_SUB_25236_SUB_25367_fwd,60000000.0,23701200.95810906,60000000.0,44,168
SUB_25236,SUB_25441,meso_SUB_25236_SUB_25441_fwd,60000000.0,28517987.50822283,60000000.0,69,168
SUB_25236,SUB_25315,meso_SUB_25236_SUB_25315_fwd,150000000.0,2629919.4642485,7006590.790109536,0,168
SUB_01202,SUB_01353,meso_SUB_01202_SUB_01353_fwd,150000000.0,17448467.808781046,104730166.26887321,0,168
SUB_01202,SUB_01430,meso_SUB_01202_SUB_01430_fwd,150000000.0,57406038.51574848,88927448.02806818,0,168
SUB_01202,SUB_01445,meso_SUB_01202_SUB_01445_fwd,300000000.0,0.0,0.0,0,168
SUB_01202,SUB_01216,meso_SUB_01202_SUB_01216_fwd,150000000.0,0.0,0.0,0,168
SUB_01202,SUB_01324,meso_SUB_01202_SUB_01324_fwd,300000000.0,0.0,0.0,0,168
SUB_04221,SUB_04248,meso_SUB_04221_SUB_04248_fwd,60000000.0,0.0,0.0,0,168
SUB_04221,SUB_04320,meso_SUB_04221_SUB_04320_fwd,60000000.0,0.0,0.0,0,168
SUB_06288,SUB_06202,meso_SUB_06288_SUB_06202_rev,60000000.0,17119252.724135328,60000000.0,3,168
SUB_06288,SUB_06283,meso_SUB_06288_SUB_06283_rev,60000000.0,8605092.710914247,17635806.90072337,0,168
SUB_06288,SUB_10274,meso_SUB_06288_SUB_10274_fwd,120000000.0,6121994.714788537,21797513.01425995,0,168
SUB_01405,SUB_01423,meso_SUB_01405_SUB_01423_fwd,400000000.0,0.0,0.0,0,168
SUB_25316,SUB_25289,meso_SUB_25316_SUB_25289_rev,80000000.0,0.0,0.0,0,168
SUB_25316,SUB_25344,meso_SUB_25316_SUB_25344_fwd,60000000.0,250342.63806232894,7510073.695231957,0,168
SUB_25316,SUB_25393,meso_SUB_25316_SUB_25393_fwd,150000000.0,7031942.022397261,27114119.494678125,0,168
SUB_16301,SUB_16216,meso_SUB_16301_SUB_16216_rev,120000000.0,0.0,0.0,0,168
SUB_16301,SUB_16334,meso_SUB_16301_SUB_16334_fwd,120000000.0,1244787.508076848,6461337.629202831,0,168
SUB_16301,SUB_16354,meso_SUB_16301_SUB_16354_fwd,120000000.0,3994094.133355873,7328193.963434278,0,168
SUB_16301,SUB_15361,meso_SUB_16301_SUB_15361_rev,60000000.0,11548127.369415559,27719217.534808494,0,168
SUB_15249,SUB_15218,meso_SUB_15249_SUB_15218_rev,60000000.0,0.0,0.0,0,168
SUB_15249,SUB_15224,meso_SUB_15249_SUB_15224_rev,60000000.0,8086221.241324985,19341500.128284752,0,168
SUB_15249,SUB_15243,meso_SUB_15249_SUB_15243_rev,60000000.0,1902150.537902387,12242160.602755671,0,168
SUB_15249,SUB_15246,meso_SUB_15249_SUB_15246_rev,60000000.0,45620139.352797784,60000000.0,1,168
SUB_04309,SUB_04201,meso_SUB_04309_SUB_04201_rev,120000000.0,0.0,0.0,0,168
SUB_04309,SUB_04248,meso_SUB_04309_SUB_04248_rev,60000000.0,0.0,0.0,0,168
SUB_10324,SUB_10325,meso_SUB_10324_SUB_10325_fwd,150000000.0,0.0,0.0,0,168
SUB_25410,SUB_25256,meso_SUB_25410_SUB_25256_rev,300000000.0,17397236.191160265,52697561.451524995,0,168
SUB_25410,SUB_25536,meso_SUB_25410_SUB_25536_fwd,300000000.0,5713609.42259061,26684308.8264,0,168
SUB_15201,SUB_15233,meso_SUB_15201_SUB_15233_fwd,60000000.0,0.0,0.0,0,168
SUB_15201,SUB_15285,meso_SUB_15201_SUB_15285_fwd,60000000.0,0.0,0.0,0,168
SUB_15201,SUB_15373,meso_SUB_15201_SUB_15373_fwd,60000000.0,8689194.346625572,19880351.965206187,0,168
SUB_15366,SUB_15276,meso_SUB_15366_SUB_15276_fwd,18598809.471895237,0.0,0.0,0,168
SUB_04337,SUB_01467,meso_SUB_04337_SUB_01467_rev,400000000.0,0.0,0.0,0,168
SUB_04337,SUB_04212,meso_SUB_04337_SUB_04212_rev,60000000.0,1134926.5535379895,1474695.201755799,0,168
SUB_04337,SUB_04230,meso_SUB_04337_SUB_04230_rev,800000000.0,1173309.985142621,38952231.78626348,0,168
SUB_04337,SUB_04248,meso_SUB_04337_SUB_04248_rev,950000000.0,0.0,0.0,0,168
SUB_04337,SUB_04256,meso_SUB_04337_SUB_04256_rev,1200000000.0,0.0,0.0,0,168
SUB_04337,SUB_04263,meso_SUB_04337_SUB_04263_rev,60000000.0,25698046.940610267,40725312.595487036,0,168
SUB_04337,SUB_04272,meso_SUB_04337_SUB_04272_rev,300000000.0,45640518.25793266,118500523.39349292,0,168
SUB_04337,SUB_04307,meso_SUB_04337_SUB_04307_rev,120000000.0,10221820.493837638,16609600.515463918,0,168
SUB_04337,SUB_04349,meso_SUB_04337_SUB_04349_fwd,150000000.0,14195851.762281412,33327428.058823336,0,168
SUB_04337,SUB_04318,meso_SUB_04337_SUB_04318_rev,150000000.0,39013831.80008934,51535114.63010814,0,168
SUB_04337,SUB_06359,meso_SUB_04337_SUB_06359_fwd,400000000.0,2693808.188361952,82729053.60341041,0,168
SUB_04337,WEC_CALN,iface_SUB_04337_WEC_CALN_to_ba,3810000000.0,0.0,0.0,0,168
SUB_25355,SUB_25290,meso_SUB_25355_SUB_25290_rev,150000000.0,0.0,0.0,0,168
SUB_25355,SUB_25400,meso_SUB_25355_SUB_25400_fwd,300000000.0,0.0,0.0,0,168
SUB_25355,SUB_25454,meso_SUB_25355_SUB_25454_fwd,150000000.0,0.0,0.0,0,168
SUB_10283,SUB_10291,meso_SUB_10283_SUB_10291_fwd,150000000.0,0.0,0.0,0,168
SUB_10283,SUB_10308,meso_SUB_10283_SUB_10308_fwd,300000000.0,101934932.99780686,125306507.98736395,0,168
SUB_10283,SUB_10375,meso_SUB_10283_SUB_10375_fwd,150000000.0,0.0,0.0,0,168
SUB_10283,SUB_10303,meso_SUB_10283_SUB_10303_rev,7114514.014387254,0.0,0.0,0,168
SUB_01424,SUB_01450,meso_SUB_01424_SUB_01450_fwd,5000000.0,0.0,0.0,0,168
SUB_18281,SUB_18206,meso_SUB_18281_SUB_18206_rev,150000000.0,0.0,0.0,0,168
SUB_18281,SUB_18267,meso_SUB_18281_SUB_18267_rev,150000000.0,0.0,0.0,0,168
SUB_18281,SUB_18282,meso_SUB_18281_SUB_18282_fwd,150000000.0,0.0,0.0,0,168
SUB_18281,SUB_18303,meso_SUB_18281_SUB_18303_fwd,150000000.0,31344853.480189107,38574721.276067995,0,168
SUB_01350,SUB_01223,meso_SUB_01350_SUB_01223_rev,150000000.0,0.0,0.0,0,168
SUB_01350,SUB_01222,meso_SUB_01350_SUB_01222_rev,150000000.0,0.0,0.0,0,168
SUB_10353,SUB_10293,meso_SUB_10353_SUB_10293_rev,120000000.0,695198.8693035059,2994527.4695956847,0,168
SUB_10353,SUB_10357,meso_SUB_10353_SUB_10357_fwd,60000000.0,9591975.333167456,14145344.716494845,0,168
SUB_25268,SUB_25270,meso_SUB_25268_SUB_25270_fwd,60000000.0,20588000.29745094,60000000.0,53,168
SUB_25268,SUB_25295,meso_SUB_25268_SUB_25295_fwd,60000000.0,12138924.812788859,28882012.121456187,0,168
SUB_25268,SUB_25360,meso_SUB_25268_SUB_25360_fwd,60000000.0,22200770.10340435,41864345.24540998,0,168
SUB_25268,SUB_25393,meso_SUB_25268_SUB_25393_fwd,400000000.0,525067.5274070033,20305003.81927377,0,168
SUB_25268,SUB_25412,meso_SUB_25268_SUB_25412_fwd,400000000.0,33699652.07003486,114615816.54757658,0,168
SUB_04201,SUB_04248,meso_SUB_04201_SUB_04248_fwd,150000000.0,0.0,0.0,0,168
SUB_04201,SUB_04299,meso_SUB_04201_SUB_04299_fwd,150000000.0,0.0,0.0,0,168
SUB_04201,SUB_04309,meso_SUB_04201_SUB_04309_fwd,120000000.0,0.0,0.0,0,168
SUB_04201,SUB_04203,meso_SUB_04201_SUB_04203_fwd,150000000.0,24668474.056373112,34059133.37628866,0,168
SUB_25208,SUB_25244,meso_SUB_25208_SUB_25244_fwd,80000000.0,3644.9012068129077,41228.25701212146,0,168
SUB_25208,SUB_25278,meso_SUB_25208_SUB_25278_fwd,160000000.0,0.0,0.0,0,168
SUB_25208,SUB_25314,meso_SUB_25208_SUB_25314_fwd,80000000.0,144182.04517767136,206446.3192654639,0,168
SUB_25208,SUB_25421,meso_SUB_25208_SUB_25421_fwd,160000000.0,14120.172386536946,1815205.031169813,0,168
SUB_25208,SUB_25424,meso_SUB_25208_SUB_25424_fwd,300000000.0,0.0,0.0,0,168
SUB_08367,SUB_08348,meso_SUB_08367_SUB_08348_rev,150000000.0,40367459.374616474,58809306.539948456,0,168
SUB_08367,SUB_08361,meso_SUB_08367_SUB_08361_fwd,189035104.78279543,0.0,0.0,0,168
SUB_02201,SUB_02203,meso_SUB_02201_SUB_02203_fwd,450000000.0,0.0,0.0,0,168
SUB_02201,SUB_02210,meso_SUB_02201_SUB_02210_fwd,150000000.0,0.0,0.0,0,168
SUB_02201,SUB_02233,meso_SUB_02201_SUB_02233_fwd,150000000.0,0.0,0.0,0,168
SUB_02201,SUB_02280,meso_SUB_02201_SUB_02280_fwd,150000000.0,6786174.905710362,119759789.27191849,0,168
SUB_02201,SUB_02261,meso_SUB_02201_SUB_02261_rev,9856892.420829581,4082474.2268041233,4082474.2268041237,0,168
SUB_02201,SUB_02248,meso_SUB_02201_SUB_02248_rev,5000000.0,1675104.6511725464,2371175.2980025774,0,168
SUB_02201,SUB_02228,meso_SUB_02201_SUB_02228_rev,8691960.55705817,0.0,0.0,0,168
SUB_02201,SUB_02255,meso_SUB_02201_SUB_02255_rev,5000000.0,1765375.3491585269,3636715.7297036084,0,168
SUB_02201,SUB_02239,meso_SUB_02201_SUB_02239_rev,5000000.0,1826458.52000443,2402633.1950708763,0,168
SUB_02201,SUB_02207,meso_SUB_02201_SUB_02207_rev,12221010.547832375,7520048.242043677,10077835.051546391,0,168
SUB_25253,SUB_25252,meso_SUB_25253_SUB_25252_rev,60000000.0,0.0,0.0,0,168
SUB_25217,SUB_25224,meso_SUB_25217_SUB_25224_fwd,300000000.0,8087206.0331554385,52071119.93547912,0,168
SUB_25217,SUB_25266,meso_SUB_25217_SUB_25266_fwd,60000000.0,10894437.884843322,24893209.76632174,0,168
SUB_25217,SUB_HIFLD_3503,meso_SUB_25217_SUB_HIFLD_3503_fwd,150000000.0,0.0,0.0,0,168
SUB_25217,SUB_25400,meso_SUB_25217_SUB_25400_fwd,300000000.0,21428652.265701693,44957734.23176945,0,168
SUB_25217,SUB_25412,meso_SUB_25217_SUB_25412_fwd,150000000.0,0.0,0.0,0,168
SUB_01467,SUB_01210,meso_SUB_01467_SUB_01210_rev,300000000.0,86183814.32529336,110622626.48558384,0,168
SUB_01467,SUB_01250,meso_SUB_01467_SUB_01250_rev,300000000.0,44613.76678606719,7495112.820059288,0,168
SUB_01467,SUB_01380,meso_SUB_01467_SUB_01380_rev,400000000.0,158954.1898795865,13562217.299671147,0,168
SUB_01467,SUB_01392,meso_SUB_01467_SUB_01392_rev,120000000.0,0.0,0.0,0,168
SUB_01467,SUB_01410,meso_SUB_01467_SUB_01410_rev,150000000.0,566.7493838257858,95213.89648273202,0,168
SUB_01467,SUB_01426,meso_SUB_01467_SUB_01426_rev,150000000.0,0.0,0.0,0,168
SUB_01467,SUB_01465,meso_SUB_01467_SUB_01465_rev,400000000.0,0.0,0.0,0,168
SUB_01467,SUB_04205,meso_SUB_01467_SUB_04205_fwd,400000000.0,533280.9503413985,35389495.56483486,0,168
SUB_01467,SUB_04248,meso_SUB_01467_SUB_04248_fwd,400000000.0,976298.9503703174,50379621.9710835,0,168
SUB_01467,SUB_04325,meso_SUB_01467_SUB_04325_fwd,800000000.0,1310284.3995126884,9368580.863402061,0,168
SUB_01467,SUB_04337,meso_SUB_01467_SUB_04337_fwd,400000000.0,0.0,0.0,0,168
SUB_01467,SUB_06380,meso_SUB_01467_SUB_06380_fwd,150000000.0,424548.13235290605,24780710.37371134,0,168
SUB_01467,SUB_01216,meso_SUB_01467_SUB_01216_rev,400000000.0,0.0,0.0,0,168
SUB_01467,SUB_01284,meso_SUB_01467_SUB_01284_rev,300000000.0,647426.5666469149,952088.9754147874,0,168
SUB_01467,SUB_01347,meso_SUB_01467_SUB_01347_rev,150000000.0,45087294.60151816,54713973.20405497,0,168
SUB_01467,SUB_04204,meso_SUB_01467_SUB_04204_fwd,800000000.0,0.0,0.0,0,168
SUB_01467,WEC_CALN,iface_SUB_01467_WEC_CALN_to_ba,20000000.0,0.0,0.0,0,168
SUB_01303,SUB_01311,meso_SUB_01303_SUB_01311_fwd,5000000.0,0.0,0.0,0,168
SUB_25441,SUB_25236,meso_SUB_25441_SUB_25236_rev,60000000.0,0.0,0.0,0,168
SUB_25441,SUB_25270,meso_SUB_25441_SUB_25270_rev,480000000.0,6747862.770062392,32879374.345602453,0,168
SUB_25441,SUB_25412,meso_SUB_25441_SUB_25412_rev,400000000.0,2774822.8336264896,45083548.804540485,0,168
SUB_25441,SUB_25237,meso_SUB_25441_SUB_25237_rev,31938501.76585276,24933011.157125033,31938501.76585276,10,168
SUB_25441,WEC_CALN,iface_SUB_25441_WEC_CALN_to_ba,628061498.2341472,0.0,0.0,0,168
SUB_18267,SUB_18206,meso_SUB_18267_SUB_18206_rev,300000000.0,0.0,0.0,0,168
SUB_18267,SUB_18263,meso_SUB_18267_SUB_18263_rev,150000000.0,0.0,0.0,0,168
SUB_18267,SUB_18281,meso_SUB_18267_SUB_18281_fwd,150000000.0,0.0,0.0,0,168
SUB_18267,SUB_18282,meso_SUB_18267_SUB_18282_fwd,300000000.0,0.0,0.0,0,168
SUB_08284,SUB_18358,meso_SUB_08284_SUB_18358_fwd,60000000.0,1543073.7540965744,2242769.0426314315,0,168
SUB_08284,SUB_08362,meso_SUB_08284_SUB_08362_fwd,10460594.768392568,0.0,0.0,0,168
SUB_25228,SUB_25235,meso_SUB_25228_SUB_25235_fwd,300000000.0,552039.0260457566,58595365.77157967,0,168
SUB_25228,SUB_25270,meso_SUB_25228_SUB_25270_fwd,150000000.0,0.0,0.0,0,168
SUB_25228,SUB_25373,meso_SUB_25228_SUB_25373_fwd,150000000.0,277274.26041091373,23246357.48228093,0,168
SUB_15256,SUB_15246,meso_SUB_15256_SUB_15246_rev,60000000.0,0.0,0.0,0,168
SUB_15256,SUB_15258,meso_SUB_15256_SUB_15258_fwd,60000000.0,11825787.594930038,31410315.257310357,0,168
SUB_25359,SUB_25367,meso_SUB_25359_SUB_25367_fwd,150000000.0,4590416.453594812,14590605.111718945,0,168
SUB_15216,SUB_15246,meso_SUB_15216_SUB_15246_fwd,6285071.521919287,0.0,0.0,0,168
SUB_08231,SUB_08201,meso_SUB_08231_SUB_08201_rev,60000000.0,23557001.838219136,39332009.765625,0,168
SUB_08231,SUB_08202,meso_SUB_08231_SUB_08202_rev,60000000.0,0.0,0.0,0,168
SUB_06359,SUB_04205,meso_SUB_06359_SUB_04205_rev,400000000.0,0.0,0.0,0,168
SUB_06359,SUB_04230,meso_SUB_06359_SUB_04230_rev,400000000.0,0.0,0.0,0,168
SUB_06359,SUB_04325,meso_SUB_06359_SUB_04325_rev,400000000.0,0.0,0.0,0,168
SUB_06359,SUB_04337,meso_SUB_06359_SUB_04337_rev,400000000.0,0.0,0.0,0,168
SUB_06359,SUB_06312,meso_SUB_06359_SUB_06312_rev,400000000.0,8040559.832397597,45117684.533331774,0,168
SUB_06359,SUB_06364,meso_SUB_06359_SUB_06364_fwd,400000000.0,0.0,0.0,0,168
SUB_06359,SUB_06368,meso_SUB_06359_SUB_06368_fwd,150000000.0,37005667.756445184,119293314.50225608,0,168
SUB_06359,SUB_HIFLD_30,meso_SUB_06359_SUB_HIFLD_30_fwd,1500000000.0,0.0,0.0,0,168
SUB_06359,SUB_06206,meso_SUB_06359_SUB_06206_rev,42249455.8976127,25165132.080437683,38890016.913659796,0,168
SUB_18201,SUB_08333,meso_SUB_18201_SUB_08333_rev,120000000.0,7322223.000400489,9378592.403451191,0,168
SUB_18201,SUB_18220,meso_SUB_18201_SUB_18220_fwd,60000000.0,13933945.319546517,48325888.15767104,0,168
SUB_18201,SUB_18226,meso_SUB_18201_SUB_18226_fwd,60000000.0,27882557.22951201,38382341.32338386,0,168
SUB_18201,SUB_18233,meso_SUB_18201_SUB_18233_fwd,60000000.0,11989245.12905295,16084522.994523196,0,168
SUB_18201,SUB_18246,meso_SUB_18201_SUB_18246_fwd,150000000.0,88852.80363806685,4721092.239851804,0,168
SUB_18201,SUB_18273,meso_SUB_18201_SUB_18273_fwd,60000000.0,13653873.134626843,18028387.991984636,0,168
SUB_18201,SUB_18238,meso_SUB_18201_SUB_18238_fwd,300000000.0,0.0,0.0,0,168
SUB_10358,SUB_10284,meso_SUB_10358_SUB_10284_rev,60000000.0,0.0,0.0,0,168
SUB_10358,SUB_10334,meso_SUB_10358_SUB_10334_rev,60000000.0,0.0,0.0,0,168
SUB_10358,SUB_10348,meso_SUB_10358_SUB_10348_rev,60000000.0,0.0,0.0,0,168
SUB_04257,SUB_04209,meso_SUB_04257_SUB_04209_rev,60000000.0,0.0,0.0,0,168
SUB_04257,SUB_04256,meso_SUB_04257_SUB_04256_rev,60000000.0,0.0,0.0,0,168
SUB_04257,SUB_04215,meso_SUB_04257_SUB_04215_rev,60000000.0,0.0,0.0,0,168
SUB_19202,SUB_19218,meso_SUB_19202_SUB_19218_fwd,60000000.0,0.0,0.0,0,168
SUB_19202,SUB_19243,meso_SUB_19202_SUB_19243_fwd,60000000.0,0.0,0.0,0,168
SUB_02404,SUB_02411,meso_SUB_02404_SUB_02411_fwd,60000000.0,9695373.527533254,16145100.129571753,0,168
SUB_02404,SUB_02419,meso_SUB_02404_SUB_02419_fwd,60000000.0,0.0,0.0,0,168
SUB_02259,SUB_02264,meso_SUB_02259_SUB_02264_fwd,5000000.0,0.0,0.0,0,168
SUB_16348,SUB_16230,meso_SUB_16348_SUB_16230_rev,60000000.0,1815976.2128050986,29070493.57622708,0,168
SUB_16348,SUB_16237,meso_SUB_16348_SUB_16237_rev,360000000.0,205451.2661879608,5975290.941845538,0,168
SUB_16348,SUB_16321,meso_SUB_16348_SUB_16321_rev,120000000.0,18858429.43420284,36887010.732742585,0,168
SUB_16348,SUB_16368,meso_SUB_16348_SUB_16368_fwd,550000000.0,0.0,0.0,0,168
SUB_16348,SUB_16374,meso_SUB_16348_SUB_16374_fwd,60000000.0,0.0,0.0,0,168
SUB_16348,SUB_HIFLD_982,meso_SUB_16348_SUB_HIFLD_982_fwd,400000000.0,0.0,0.0,0,168
SUB_16348,SUB_HIFLD_30,meso_SUB_16348_SUB_HIFLD_30_fwd,800000000.0,0.0,0.0,0,168
SUB_16348,WEC_CALN,iface_SUB_16348_WEC_CALN_to_ba,20000000.0,0.0,0.0,0,168
SUB_01204,SUB_01210,meso_SUB_01204_SUB_01210_fwd,150000000.0,0.0,0.0,0,168
SUB_01204,SUB_01211,meso_SUB_01204_SUB_01211_fwd,150000000.0,627739.2690197444,35131635.60529111,0,168
SUB_04227,SUB_04263,meso_SUB_04227_SUB_04263_fwd,60000000.0,0.0,0.0,0,168
SUB_04227,SUB_04330,meso_SUB_04227_SUB_04330_fwd,60000000.0,0.0,0.0,0,168
SUB_04227,SUB_04349,meso_SUB_04227_SUB_04349_fwd,60000000.0,0.0,0.0,0,168
SUB_10340,WEC_CALN,iface_SUB_10340_WEC_CALN_to_ba,5000000.0,4970238.095238095,5000000.0,167,168
SUB_16329,SUB_16270,meso_SUB_16329_SUB_16270_rev,150000000.0,0.0,0.0,0,168
SUB_16329,SUB_HIFLD_30,meso_SUB_16329_SUB_HIFLD_30_fwd,150000000.0,0.0,0.0,0,168
SUB_01315,SUB_01214,meso_SUB_01315_SUB_01214_rev,120000000.0,995123.1936931319,11935336.46101804,0,168
SUB_01315,SUB_01423,meso_SUB_01315_SUB_01423_fwd,120000000.0,0.0,0.0,0,168
SUB_01315,SUB_01435,meso_SUB_01315_SUB_01435_fwd,60000000.0,0.0,0.0,0,168
SUB_01315,SUB_01450,meso_SUB_01315_SUB_01450_fwd,120000000.0,26460238.488010634,77532871.16225156,0,168
SUB_10217,SUB_10308,meso_SUB_10217_SUB_10308_fwd,150000000.0,0.0,0.0,0,168
SUB_04329,SUB_04202,meso_SUB_04329_SUB_04202_rev,150000000.0,0.0,0.0,0,168
SUB_04329,SUB_04272,meso_SUB_04329_SUB_04272_rev,150000000.0,0.0,0.0,0,168
SUB_04329,SUB_04343,meso_SUB_04329_SUB_04343_fwd,150000000.0,0.0,0.0,0,168
SUB_02406,SUB_02414,meso_SUB_02406_SUB_02414_fwd,60000000.0,8576668.734275097,11164463.929565443,0,168
SUB_02406,SUB_HIFLD_3834,meso_SUB_02406_SUB_HIFLD_3834_fwd,60000000.0,0.0,0.0,0,168
SUB_02410,SUB_02281,meso_SUB_02410_SUB_02281_rev,60000000.0,0.0,0.0,0,168
SUB_02410,SUB_02411,meso_SUB_02410_SUB_02411_fwd,60000000.0,0.0,0.0,0,168
SUB_16372,SUB_16362,meso_SUB_16372_SUB_16362_rev,60000000.0,4387430.6026667515,15120415.351159794,0,168
SUB_16372,SUB_16368,meso_SUB_16372_SUB_16368_rev,60000000.0,0.0,0.0,0,168
SUB_16372,SUB_16370,meso_SUB_16372_SUB_16370_rev,60000000.0,1999579.8844490917,5733522.773034794,0,168
SUB_04265,SUB_04205,meso_SUB_04265_SUB_04205_fwd,41240548.17635174,0.0,0.0,0,168
SUB_25266,SUB_25217,meso_SUB_25266_SUB_25217_rev,60000000.0,3254254.950885912,14891642.970429687,0,168
SUB_08304,SUB_08362,meso_SUB_08304_SUB_08362_fwd,5000000.0,0.0,0.0,0,168
SUB_10335,SUB_10254,meso_SUB_10335_SUB_10254_rev,60000000.0,0.0,0.0,0,168
SUB_10335,SUB_10360,meso_SUB_10335_SUB_10360_fwd,120000000.0,0.0,0.0,0,168
SUB_10335,SUB_HIFLD_4403,meso_SUB_10335_SUB_HIFLD_4403_fwd,60000000.0,3399342.095700114,7956455.217044751,0,168
SUB_18296,SUB_18235,meso_SUB_18296_SUB_18235_fwd,16979831.52959524,0.0,0.0,0,168
SUB_01250,SUB_01252,meso_SUB_01250_SUB_01252_fwd,60000000.0,1425769.4902993613,3945974.9271387593,0,168
SUB_01250,SUB_01335,meso_SUB_01250_SUB_01335_fwd,60000000.0,3165495.6413185736,4870128.154519096,0,168
SUB_01250,SUB_01467,meso_SUB_01250_SUB_01467_fwd,300000000.0,0.0,0.0,0,168
SUB_01250,SUB_04204,meso_SUB_01250_SUB_04204_fwd,150000000.0,0.0,0.0,0,168
SUB_01250,SUB_01434,meso_SUB_01250_SUB_01434_fwd,150000000.0,9986752.91111028,15111542.566043815,0,168
SUB_06202,SUB_06207,meso_SUB_06202_SUB_06207_fwd,60000000.0,7499402.897714257,45976542.96875,0,168
SUB_06202,SUB_06283,meso_SUB_06202_SUB_06283_fwd,60000000.0,0.0,0.0,0,168
SUB_06202,SUB_06288,meso_SUB_06202_SUB_06288_fwd,60000000.0,0.0,0.0,0,168
SUB_10360,SUB_10335,meso_SUB_10360_SUB_10335_rev,120000000.0,2402011.340709316,2566372.6196289062,0,168
SUB_16311,SUB_16274,meso_SUB_16311_SUB_16274_rev,60000000.0,0.0,0.0,0,168
SUB_25238,SUB_25216,meso_SUB_25238_SUB_25216_rev,60000000.0,0.0,0.0,0,168
SUB_08226,SUB_08201,meso_SUB_08226_SUB_08201_rev,150000000.0,8877414.977937337,52260913.337628864,0,168
SUB_08226,SUB_08225,meso_SUB_08226_SUB_08225_rev,150000000.0,0.0,0.0,0,168
SUB_08226,SUB_08370,meso_SUB_08226_SUB_08370_fwd,150000000.0,34502389.653711036,44749673.807989694,0,168
SUB_08226,SUB_HIFLD_2109,meso_SUB_08226_SUB_HIFLD_2109_fwd,150000000.0,0.0,0.0,0,168
SUB_08226,SUB_HIFLD_2126,meso_SUB_08226_SUB_HIFLD_2126_fwd,150000000.0,0.0,0.0,0,168
SUB_08226,SUB_08380,meso_SUB_08226_SUB_08380_fwd,150000000.0,0.0,0.0,0,168
SUB_25340,SUB_25367,meso_SUB_25340_SUB_25367_fwd,150000000.0,0.0,0.0,0,168
SUB_25340,SUB_25537,meso_SUB_25340_SUB_25537_fwd,150000000.0,0.0,0.0,0,168
SUB_04275,SUB_04256,meso_SUB_04275_SUB_04256_rev,120000000.0,0.0,0.0,0,168
SUB_04331,SUB_04214,meso_SUB_04331_SUB_04214_rev,60000000.0,76508.33724013923,2920852.955648511,0,168
SUB_04331,SUB_04271,meso_SUB_04331_SUB_04271_rev,60000000.0,0.0,0.0,0,168
SUB_04331,SUB_04282,meso_SUB_04331_SUB_04282_rev,120000000.0,81.8410787346754,13749.301227425469,0,168
SUB_04331,SUB_04336,meso_SUB_04331_SUB_04336_fwd,120000000.0,3382725.140924058,5645211.42578125,0,168
SUB_16366,SUB_16283,meso_SUB_16366_SUB_16283_rev,300000000.0,0.0,0.0,0,168
SUB_16366,SUB_16335,meso_SUB_16366_SUB_16335_rev,150000000.0,73958262.62409392,75973887.31872559,0,168
SUB_25349,SUB_25246,meso_SUB_25349_SUB_25246_rev,300000000.0,30747074.05290402,71889703.53306939,0,168
SUB_25349,SUB_25458,meso_SUB_25349_SUB_25458_fwd,150000000.0,0.0,0.0,0,168
SUB_25349,SUB_25526,meso_SUB_25349_SUB_25526_fwd,230000000.0,0.0,0.0,0,168
SUB_25398,SUB_25539,meso_SUB_25398_SUB_25539_fwd,19217110.358198553,0.0,0.0,0,168
SUB_25537,SUB_25231,meso_SUB_25537_SUB_25231_rev,80000000.0,0.0,0.0,0,168
SUB_25537,SUB_25245,meso_SUB_25537_SUB_25245_rev,150000000.0,12004069.767041136,79721877.41817632,0,168
SUB_25537,SUB_25340,meso_SUB_25537_SUB_25340_rev,150000000.0,0.0,0.0,0,168
SUB_25537,SUB_25367,meso_SUB_25537_SUB_25367_rev,150000000.0,0.0,0.0,0,168
SUB_25537,SUB_25404,meso_SUB_25537_SUB_25404_rev,7213094.515688149,4005514.697157758,7147602.891430412,1,168
SUB_15373,SUB_15201,meso_SUB_15373_SUB_15201_rev,60000000.0,0.0,0.0,0,168
SUB_15373,SUB_15215,meso_SUB_15373_SUB_15215_rev,60000000.0,114603.89896079771,8370356.9700748185,0,168
SUB_06380,SUB_01467,meso_SUB_06380_SUB_01467_rev,150000000.0,0.0,0.0,0,168
SUB_06380,SUB_04204,meso_SUB_06380_SUB_04204_rev,150000000.0,0.0,0.0,0,168
SUB_06380,SUB_04248,meso_SUB_06380_SUB_04248_rev,300000000.0,65271.829483219975,5563976.684402981,0,168
SUB_06380,SUB_04328,meso_SUB_06380_SUB_04328_rev,150000000.0,0.0,0.0,0,168
SUB_06380,SUB_06270,meso_SUB_06380_SUB_06270_rev,150000000.0,0.0,0.0,0,168
SUB_06380,SUB_06213,meso_SUB_06380_SUB_06213_rev,150000000.0,639165.4378252232,17069539.30412371,0,168
SUB_18237,SUB_18273,meso_SUB_18237_SUB_18273_fwd,60000000.0,0.0,0.0,0,168
SUB_18237,SUB_18294,meso_SUB_18237_SUB_18294_fwd,60000000.0,2016164.7858430077,2527629.1680090204,0,168
SUB_04330,SUB_04215,meso_SUB_04330_SUB_04215_rev,150000000.0,0.0,0.0,0,168
SUB_04330,SUB_04227,meso_SUB_04330_SUB_04227_rev,60000000.0,4199946.389739047,10390115.576675259,0,168
SUB_04330,SUB_04256,meso_SUB_04330_SUB_04256_rev,150000000.0,0.0,0.0,0,168
SUB_04320,SUB_04221,meso_SUB_04320_SUB_04221_rev,60000000.0,0.0,0.0,0,168
SUB_04320,SUB_04229,meso_SUB_04320_SUB_04229_rev,60000000.0,0.0,0.0,0,168
SUB_04320,SUB_04248,meso_SUB_04320_SUB_04248_rev,60000000.0,0.0,0.0,0,168
SUB_10307,SUB_10297,meso_SUB_10307_SUB_10297_rev,150000000.0,0.0,0.0,0,168
SUB_10307,SUB_10308,meso_SUB_10307_SUB_10308_fwd,300000000.0,0.0,0.0,0,168
SUB_10307,SUB_10205,meso_SUB_10307_SUB_10205_rev,150000000.0,755383.3555993089,8444687.599471046,0,168
SUB_25444,SUB_25235,meso_SUB_25444_SUB_25235_fwd,13966455.852335861,10898615.193852033,13966455.852335861,130,168
SUB_16319,SUB_16368,meso_SUB_16319_SUB_16368_fwd,150000000.0,114946389.2461994,138186902.17619294,0,168
SUB_16319,SUB_16378,meso_SUB_16319_SUB_16378_fwd,150000000.0,0.0,0.0,0,168
SUB_16319,SUB_16298,meso_SUB_16319_SUB_16298_rev,150000000.0,0.0,0.0,0,168
SUB_04335,SUB_04295,meso_SUB_04335_SUB_04295_rev,150000000.0,0.0,0.0,0,168
SUB_04335,SUB_04319,meso_SUB_04335_SUB_04319_rev,150000000.0,0.0,0.0,0,168
SUB_04212,SUB_04263,meso_SUB_04212_SUB_04263_fwd,60000000.0,0.0,0.0,0,168
SUB_04212,SUB_04337,meso_SUB_04212_SUB_04337_fwd,60000000.0,0.0,0.0,0,168
SUB_25400,SUB_25355,meso_SUB_25400_SUB_25355_rev,300000000.0,5034793.435965391,28199585.212628867,0,168
SUB_25400,SUB_HIFLD_3503,meso_SUB_25400_SUB_HIFLD_3503_fwd,150000000.0,0.0,0.0,0,168
SUB_25400,SUB_25217,meso_SUB_25400_SUB_25217_rev,300000000.0,0.0,0.0,0,168
SUB_18255,SUB_18254,meso_SUB_18255_SUB_18254_rev,60000000.0,2969124.3663858143,33373826.363619477,0,168
SUB_18255,SUB_18280,meso_SUB_18255_SUB_18280_fwd,60000000.0,0.0,0.0,0,168
SUB_18255,SUB_18307,meso_SUB_18255_SUB_18307_fwd,60000000.0,6295971.541688418,9292757.614675775,0,168
SUB_08234,SUB_01222,meso_SUB_08234_SUB_01222_rev,400000000.0,29011955.948536992,189728573.48726085,0,168
SUB_08234,SUB_08246,meso_SUB_08234_SUB_08246_fwd,300000000.0,28768539.10418986,41683017.88015464,0,168
SUB_08234,SUB_08380,meso_SUB_08234_SUB_08380_fwd,300000000.0,101787648.04228088,203631233.89260858,0,168
SUB_08234,SUB_08389,meso_SUB_08234_SUB_08389_fwd,150000000.0,113403467.56281017,150000000.0,54,168
SUB_16328,SUB_16223,meso_SUB_16328_SUB_16223_rev,60000000.0,0.0,0.0,0,168
SUB_16328,SUB_16368,meso_SUB_16328_SUB_16368_fwd,60000000.0,0.0,0.0,0,168
SUB_16328,SUB_HIFLD_4330,meso_SUB_16328_SUB_HIFLD_4330_fwd,60000000.0,38952.15262486528,530013.3144732603,0,168
SUB_15230,SUB_15232,meso_SUB_15230_SUB_15232_fwd,60000000.0,32572170.869911984,36749672.424316406,0,168
SUB_15230,SUB_15243,meso_SUB_15230_SUB_15243_fwd,60000000.0,4304560.179817893,14638747.972492374,0,168
SUB_10320,SUB_15374,meso_SUB_10320_SUB_15374_fwd,60000000.0,8189899.42792566,26887658.203125,0,168
SUB_10284,SUB_10211,meso_SUB_10284_SUB_10211_rev,60000000.0,0.0,0.0,0,168
SUB_10284,SUB_10358,meso_SUB_10284_SUB_10358_fwd,60000000.0,692020.6922962787,2771622.8052512887,0,168
SUB_16302,SUB_16208,meso_SUB_16302_SUB_16208_rev,60000000.0,2258780.70865957,4628865.979381443,0,168
SUB_16302,SUB_16242,meso_SUB_16302_SUB_16242_rev,60000000.0,0.0,0.0,0,168
SUB_15281,SUB_15215,meso_SUB_15281_SUB_15215_rev,60000000.0,59869705.45710544,60000000.0,165,168
SUB_15281,SUB_15379,meso_SUB_15281_SUB_15379_fwd,120000000.0,0.0,0.0,0,168
SUB_15224,SUB_15228,meso_SUB_15224_SUB_15228_fwd,60000000.0,4053128.12581422,9552861.227448454,0,168
SUB_15224,SUB_15246,meso_SUB_15224_SUB_15246_fwd,60000000.0,0.0,0.0,0,168
SUB_15224,SUB_15249,meso_SUB_15224_SUB_15249_fwd,60000000.0,0.0,0.0,0,168
SUB_25289,SUB_25316,meso_SUB_25289_SUB_25316_fwd,80000000.0,712420.9674504332,8635646.544780929,0,168
SUB_25289,SUB_25344,meso_SUB_25289_SUB_25344_fwd,60000000.0,6760678.235667873,8682820.55412371,0,168
SUB_25289,SUB_25366,meso_SUB_25289_SUB_25366_fwd,120000000.0,2518594.706866546,14637498.993234536,0,168
SUB_25289,SUB_25367,meso_SUB_25289_SUB_25367_fwd,300000000.0,25485876.561156746,100161338.85867812,0,168
SUB_10293,SUB_10260,meso_SUB_10293_SUB_10260_rev,400000000.0,45968899.642550886,88539049.84580664,0,168
SUB_10293,SUB_10314,meso_SUB_10293_SUB_10314_fwd,1660000000.0,10260124.741415719,18289382.651417527,0,168
SUB_10293,SUB_10326,meso_SUB_10293_SUB_10326_fwd,120000000.0,3958279.427076279,13216465.64916237,0,168
SUB_10293,SUB_10344,meso_SUB_10293_SUB_10344_fwd,150000000.0,1715320.4219328775,12004393.20816749,0,168
SUB_10293,SUB_10346,meso_SUB_10293_SUB_10346_fwd,150000000.0,0.0,0.0,0,168
SUB_10293,SUB_10353,meso_SUB_10293_SUB_10353_fwd,120000000.0,9615.970048969613,1615482.968226895,0,168
SUB_10293,SUB_10354,meso_SUB_10293_SUB_10354_fwd,60000000.0,16112491.933890983,26741635.792525772,0,168
SUB_10293,SUB_10372,meso_SUB_10293_SUB_10372_fwd,400000000.0,0.0,0.0,0,168
SUB_10293,SUB_HIFLD_2171,meso_SUB_10293_SUB_HIFLD_2171_fwd,150000000.0,0.0,0.0,0,168
SUB_10293,SUB_HIFLD_2359,meso_SUB_10293_SUB_HIFLD_2359_fwd,150000000.0,2726489.1539305244,3145924.115208842,0,168
SUB_10293,SUB_10332,meso_SUB_10293_SUB_10332_fwd,1200000000.0,0.0,0.0,0,168
SUB_10293,SUB_19243,meso_SUB_10293_SUB_19243_fwd,150000000.0,663698.7954473746,27468973.63034123,0,168
SUB_10293,SUB_19246,meso_SUB_10293_SUB_19246_fwd,150000000.0,2095844.5558915953,17549453.664620742,0,168
SUB_10293,SUB_HIFLD_2180,meso_SUB_10293_SUB_HIFLD_2180_fwd,150000000.0,558936.2099340747,4999696.557469818,0,168
SUB_10293,WEC_CALN,iface_SUB_10293_WEC_CALN_to_ba,20000000.0,0.0,0.0,0,168
SUB_15258,SUB_15206,meso_SUB_15258_SUB_15206_rev,120000000.0,116657.59257852541,7732233.219959513,0,168
SUB_15258,SUB_15256,meso_SUB_15258_SUB_15256_rev,60000000.0,0.0,0.0,0,168
SUB_08353,SUB_08283,meso_SUB_08353_SUB_08283_rev,150000000.0,0.0,0.0,0,168
SUB_08353,SUB_08339,meso_SUB_08353_SUB_08339_rev,150000000.0,0.0,0.0,0,168
SUB_08353,SUB_08391,meso_SUB_08353_SUB_08391_fwd,150000000.0,0.0,0.0,0,168
SUB_08353,SUB_08219,meso_SUB_08353_SUB_08219_rev,150000000.0,0.0,0.0,0,168
SUB_25532,SUB_25282,meso_SUB_25532_SUB_25282_rev,80000000.0,0.0,0.0,0,168
SUB_25532,SUB_25339,meso_SUB_25532_SUB_25339_rev,60000000.0,0.0,0.0,0,168
SUB_25532,SUB_25342,meso_SUB_25532_SUB_25342_rev,80000000.0,0.0,0.0,0,168
SUB_02257,SUB_02210,meso_SUB_02257_SUB_02210_rev,300000000.0,0.0,0.0,0,168
SUB_02257,SUB_HIFLD_2049,meso_SUB_02257_SUB_HIFLD_2049_fwd,300000000.0,0.0,0.0,0,168
SUB_01435,SUB_01222,meso_SUB_01435_SUB_01222_rev,150000000.0,23686908.087395616,150000000.0,8,168
SUB_01435,SUB_01315,meso_SUB_01435_SUB_01315_rev,60000000.0,14820378.172511104,60000000.0,12,168
SUB_01435,SUB_16277,meso_SUB_01435_SUB_16277_fwd,150000000.0,0.0,0.0,0,168
SUB_01435,SUB_HIFLD_982,meso_SUB_01435_SUB_HIFLD_982_fwd,150000000.0,0.0,0.0,0,168
SUB_04314,SUB_04271,meso_SUB_04314_SUB_04271_fwd,13577784.530380812,13577784.530380812,13577784.530380812,168,168
SUB_25407,SUB_25277,meso_SUB_25407_SUB_25277_rev,150000000.0,0.0,0.0,0,168
SUB_25407,SUB_25297,meso_SUB_25407_SUB_25297_rev,80000000.0,1201138.6733275626,21160984.245932,0,168
SUB_25407,SUB_25391,meso_SUB_25407_SUB_25391_rev,300000000.0,38508934.26444756,46219684.27835052,0,168
SUB_25407,SUB_25526,meso_SUB_25407_SUB_25526_fwd,400000000.0,0.0,0.0,0,168
SUB_25407,WEC_CALN,iface_SUB_25407_WEC_CALN_to_ba,670000000.0,0.0,0.0,0,168
SUB_18263,SUB_18254,meso_SUB_18263_SUB_18254_rev,60000000.0,55537056.67448138,60000000.0,80,168
SUB_18263,SUB_18260,meso_SUB_18263_SUB_18260_rev,150000000.0,15474389.743672501,37634826.03092784,0,168
SUB_18263,SUB_18267,meso_SUB_18263_SUB_18267_fwd,150000000.0,47136989.948279396,91814432.98969072,0,168
SUB_18263,SUB_18295,meso_SUB_18263_SUB_18295_fwd,150000000.0,0.0,0.0,0,168
SUB_18263,SUB_25255,meso_SUB_18263_SUB_25255_fwd,300000000.0,0.0,0.0,0,168
SUB_18263,SUB_18258,meso_SUB_18263_SUB_18258_rev,80000000.0,13286933.890017688,59409853.41278861,0,168
SUB_18263,SUB_18301,meso_SUB_18263_SUB_18301_fwd,300000000.0,0.0,0.0,0,168
SUB_06213,SUB_06270,meso_SUB_06213_SUB_06270_fwd,150000000.0,7055117.655637725,22274662.109375004,0,168
SUB_06213,SUB_06380,meso_SUB_06213_SUB_06380_fwd,150000000.0,3184021.4319372447,21277093.311884515,0,168
SUB_25545,SUB_25395,meso_SUB_25545_SUB_25395_fwd,22185812.29071958,1135151.616583492,22185812.29071958,7,168
SUB_16391,SUB_16242,meso_SUB_16391_SUB_16242_rev,400000000.0,37601872.926506445,191611710.76147518,0,168
SUB_16391,SUB_HIFLD_30,meso_SUB_16391_SUB_HIFLD_30_fwd,400000000.0,91600703.4023389,284956322.265625,0,168
SUB_16391,SUB_HIFLD_597,meso_SUB_16391_SUB_HIFLD_597_fwd,800000000.0,11626848.518146202,261781218.75,0,168
SUB_16391,WEC_CALN,iface_SUB_16391_WEC_CALN_to_ba,800000000.0,0.0,0.0,0,168
SUB_15226,SUB_15308,meso_SUB_15226_SUB_15308_fwd,150000000.0,0.0,0.0,0,168
SUB_15226,SUB_HIFLD_597,meso_SUB_15226_SUB_HIFLD_597_fwd,300000000.0,43009101.35781306,74207901.76757812,0,168
SUB_25286,SUB_25365,meso_SUB_25286_SUB_25365_fwd,150000000.0,1851973.93591126,24378859.93878866,0,168
SUB_25286,SUB_25458,meso_SUB_25286_SUB_25458_fwd,150000000.0,0.0,0.0,0,168
SUB_25286,SUB_25456,meso_SUB_25286_SUB_25456_rev,15612131.274744093,12565059.988051116,15612131.274744093,9,168
SUB_10372,SUB_10293,meso_SUB_10372_SUB_10293_rev,400000000.0,38722142.17186583,82814241.19451052,0,168
SUB_10372,SUB_10349,meso_SUB_10372_SUB_10349_rev,60000000.0,0.0,0.0,0,168
SUB_10372,SUB_10355,meso_SUB_10372_SUB_10355_rev,60000000.0,0.0,0.0,0,168
SUB_10372,SUB_10373,meso_SUB_10372_SUB_10373_fwd,400000000.0,763084.7440259856,1116038.2772229381,0,168
SUB_10372,SUB_HIFLD_1294,meso_SUB_10372_SUB_HIFLD_1294_fwd,400000000.0,0.0,0.0,0,168
SUB_10372,SUB_HIFLD_1862,meso_SUB_10372_SUB_HIFLD_1862_rev,6658169.239684471,3235822.358693256,4577960.576509471,0,168
SUB_10372,WEC_CALN,iface_SUB_10372_WEC_CALN_to_ba,1473341830.7603154,36684782.28681745,78016354.91627093,0,168
SUB_04209,SUB_04256,meso_SUB_04209_SUB_04256_fwd,60000000.0,0.0,0.0,0,168
SUB_04209,SUB_04257,meso_SUB_04209_SUB_04257_fwd,60000000.0,0.0,0.0,0,168
SUB_04209,SUB_04281,meso_SUB_04209_SUB_04281_fwd,60000000.0,12813043.580897108,16010139.163871666,0,168
SUB_16312,SUB_16242,meso_SUB_16312_SUB_16242_rev,60000000.0,0.0,0.0,0,168
SUB_16312,SUB_16330,meso_SUB_16312_SUB_16330_fwd,60000000.0,0.0,0.0,0,168
SUB_16312,SUB_16362,meso_SUB_16312_SUB_16362_fwd,60000000.0,6665478.124220697,17823081.105025772,0,168
SUB_10291,SUB_10252,meso_SUB_10291_SUB_10252_rev,60000000.0,13876585.171240296,20681373.625301085,0,168
SUB_10291,SUB_10375,meso_SUB_10291_SUB_10375_fwd,150000000.0,6870121.1310605975,50934011.3577834,0,168
SUB_10291,SUB_10283,meso_SUB_10291_SUB_10283_rev,150000000.0,107121162.58870403,126656243.49635373,0,168
SUB_10291,SUB_10319,meso_SUB_10291_SUB_10319_rev,5480746.609466204,2740746.1500836643,4684825.024162371,0,168
SUB_01209,SUB_HIFLD_28,meso_SUB_01209_SUB_HIFLD_28_fwd,150000000.0,0.0,0.0,0,168
SUB_01209,SUB_HIFLD_2989,meso_SUB_01209_SUB_HIFLD_2989_fwd,150000000.0,0.0,0.0,0,168
SUB_02401,SUB_02419,meso_SUB_02401_SUB_02419_fwd,300000000.0,0.0,0.0,0,168
SUB_02401,SUB_02426,meso_SUB_02401_SUB_02426_fwd,150000000.0,0.0,0.0,0,168
SUB_02401,SUB_02403,meso_SUB_02401_SUB_02403_fwd,60000000.0,0.0,0.0,0,168
SUB_06317,SUB_06203,meso_SUB_06317_SUB_06203_rev,150000000.0,0.0,0.0,0,168
SUB_06317,SUB_06319,meso_SUB_06317_SUB_06319_fwd,300000000.0,10724132.44215301,15422660.277061855,0,168
SUB_06317,SUB_06368,meso_SUB_06317_SUB_06368_fwd,300000000.0,0.0,0.0,0,168
SUB_08387,SUB_HIFLD_2109,meso_SUB_08387_SUB_HIFLD_2109_fwd,150000000.0,0.0,0.0,0,168
SUB_01222,SUB_01223,meso_SUB_01222_SUB_01223_fwd,550000000.0,0.0,0.0,0,168
SUB_01222,SUB_01435,meso_SUB_01222_SUB_01435_fwd,150000000.0,0.0,0.0,0,168
SUB_01222,SUB_01447,meso_SUB_01222_SUB_01447_fwd,150000000.0,32523.373874062494,5463926.810842499,0,168
SUB_01222,SUB_01472,meso_SUB_01222_SUB_01472_fwd,150000000.0,45743262.30519231,98028287.57705387,0,168
SUB_01222,SUB_08342,meso_SUB_01222_SUB_08342_fwd,300000000.0,75614796.06772426,118865102.81479004,0,168
SUB_01222,SUB_08390,meso_SUB_01222_SUB_08390_fwd,150000000.0,52589702.76260551,88852688.02227256,0,168
SUB_01222,SUB_HIFLD_1423,meso_SUB_01222_SUB_HIFLD_1423_fwd,300000000.0,0.0,0.0,0,168
SUB_01222,SUB_HIFLD_2121,meso_SUB_01222_SUB_HIFLD_2121_fwd,300000000.0,25761331.30346648,47267893.62337069,0,168
SUB_01222,SUB_HIFLD_3025,meso_SUB_01222_SUB_HIFLD_3025_fwd,300000000.0,22699827.617598727,106279640.79221098,0,168
SUB_01222,SUB_01350,meso_SUB_01222_SUB_01350_fwd,150000000.0,17139648.823213834,74311557.66752578,0,168
SUB_01222,SUB_01409,meso_SUB_01222_SUB_01409_fwd,800000000.0,0.0,0.0,0,168
SUB_01222,SUB_01440,meso_SUB_01222_SUB_01440_fwd,800000000.0,0.0,0.0,0,168
SUB_01222,SUB_01450,meso_SUB_01222_SUB_01450_fwd,400000000.0,22838244.97173478,78473630.85605371,0,168
SUB_01222,SUB_01469,meso_SUB_01222_SUB_01469_fwd,400000000.0,0.0,0.0,0,168
SUB_01222,SUB_08234,meso_SUB_01222_SUB_08234_fwd,400000000.0,0.0,0.0,0,168
SUB_01222,SUB_08246,meso_SUB_01222_SUB_08246_fwd,300000000.0,0.0,0.0,0,168
SUB_01222,SUB_08283,meso_SUB_01222_SUB_08283_fwd,300000000.0,159308061.38965982,270162066.98706025,0,168
SUB_01222,SUB_08361,meso_SUB_01222_SUB_08361_fwd,150000000.0,142933650.17405128,150000000.0,96,168
SUB_01222,SUB_16261,meso_SUB_01222_SUB_16261_fwd,150000000.0,0.0,0.0,0,168
SUB_01222,SUB_HIFLD_2117,meso_SUB_01222_SUB_HIFLD_2117_fwd,150000000.0,0.0,0.0,0,168
SUB_01222,SUB_HIFLD_30,meso_SUB_01222_SUB_HIFLD_30_fwd,800000000.0,0.0,0.0,0,168
SUB_01222,WEC_CALN,iface_SUB_01222_WEC_CALN_to_ba,20000000.0,0.0,0.0,0,168
SUB_01223,SUB_01214,meso_SUB_01223_SUB_01214_rev,120000000.0,1322165.968767435,12627724.30734536,0,168
SUB_01223,SUB_01222,meso_SUB_01223_SUB_01222_rev,550000000.0,0.0,0.0,0,168
SUB_01223,SUB_01350,meso_SUB_01223_SUB_01350_fwd,150000000.0,46617241.26388576,81308642.07474227,0,168
SUB_01223,SUB_01409,meso_SUB_01223_SUB_01409_fwd,400000000.0,0.0,0.0,0,168
SUB_01223,SUB_01423,meso_SUB_01223_SUB_01423_fwd,2000000000.0,0.0,0.0,0,168
SUB_01223,SUB_01440,meso_SUB_01223_SUB_01440_fwd,400000000.0,0.0,0.0,0,168
SUB_01223,SUB_08337,meso_SUB_01223_SUB_08337_fwd,860000000.0,0.0,0.0,0,168
SUB_01223,SUB_HIFLD_30,meso_SUB_01223_SUB_HIFLD_30_fwd,400000000.0,0.0,0.0,0,168
SUB_01223,WEC_CALN,iface_SUB_01223_WEC_CALN_to_ba,20000000.0,0.0,0.0,0,168
SUB_04319,SUB_04295,meso_SUB_04319_SUB_04295_rev,150000000.0,0.0,0.0,0,168
SUB_04319,SUB_04336,meso_SUB_04319_SUB_04336_fwd,150000000.0,0.0,0.0,0,168
SUB_04319,SUB_04335,meso_SUB_04319_SUB_04335_fwd,150000000.0,20513.75123583986,3446310.2076210966,0,168
SUB_04319,SUB_06312,meso_SUB_04319_SUB_06312_fwd,150000000.0,0.0,0.0,0,168
SUB_19215,SUB_19229,meso_SUB_19215_SUB_19229_fwd,60000000.0,0.0,0.0,0,168
SUB_19215,SUB_19233,meso_SUB_19215_SUB_19233_fwd,60000000.0,909727.8531004343,10679853.959284391,0,168
SUB_19215,SUB_19238,meso_SUB_19215_SUB_19238_rev,8490338.119886424,7525130.529251435,8490338.119886424,17,168
SUB_10221,SUB_10225,meso_SUB_10221_SUB_10225_fwd,400000000.0,135459116.4905003,135561337.6312256,0,168
SUB_25221,SUB_25270,meso_SUB_25221_SUB_25270_fwd,80000000.0,0.0,0.0,0,168
SUB_25221,SUB_25276,meso_SUB_25221_SUB_25276_fwd,160000000.0,5381916.578023283,43053217.62242268,0,168
SUB_10345,SUB_10338,meso_SUB_10345_SUB_10338_rev,60000000.0,0.0,0.0,0,168
SUB_10345,SUB_10356,meso_SUB_10345_SUB_10356_fwd,60000000.0,4413922.403791575,7205494.42251933,0,168
SUB_08370,SUB_08201,meso_SUB_08370_SUB_08201_rev,300000000.0,0.0,0.0,0,168
SUB_08370,SUB_08226,meso_SUB_08370_SUB_08226_rev,150000000.0,0.0,0.0,0,168
SUB_25205,SUB_25455,meso_SUB_25205_SUB_25455_fwd,400000000.0,0.0,0.0,0,168
SUB_04302,SUB_04226,meso_SUB_04302_SUB_04226_rev,60000000.0,745746.9732315445,2242186.744925902,0,168
SUB_04302,SUB_04248,meso_SUB_04302_SUB_04248_rev,60000000.0,0.0,0.0,0,168
SUB_16313,SUB_16230,meso_SUB_16313_SUB_16230_fwd,18373501.31462945,0.0,0.0,0,168
SUB_15248,SUB_15269,meso_SUB_15248_SUB_15269_fwd,47906318.3383892,0.0,0.0,0,168
SUB_18301,SUB_18282,meso_SUB_18301_SUB_18282_rev,800000000.0,158474185.77355218,278808089.8443312,0,168
SUB_18301,SUB_18295,meso_SUB_18301_SUB_18295_rev,150000000.0,0.0,0.0,0,168
SUB_18301,SUB_25348,meso_SUB_18301_SUB_25348_fwd,1200000000.0,42184173.48681115,233701083.26071575,0,168
SUB_18301,SUB_25367,meso_SUB_18301_SUB_25367_fwd,2400000000.0,54433779.59155774,420134482.47212166,0,168
SUB_18301,SUB_18263,meso_SUB_18301_SUB_18263_rev,300000000.0,10548604.568608241,84242010.46648625,0,168
SUB_18301,SUB_25346,meso_SUB_18301_SUB_25346_fwd,800000000.0,111687.35875521392,439234.09095172817,0,168
SUB_18301,SUB_25393,meso_SUB_18301_SUB_25393_fwd,800000000.0,58058768.51934162,392481901.20210963,0,168
SUB_18301,WEC_CALN,iface_SUB_18301_WEC_CALN_to_ba,20000000.0,6389020.081093747,20000000.0,53,168
SUB_16335,SUB_16366,meso_SUB_16335_SUB_16366_fwd,150000000.0,0.0,0.0,0,168
SUB_16335,SUB_16378,meso_SUB_16335_SUB_16378_fwd,150000000.0,71367402.19997485,85274727.59845237,0,168
SUB_16335,SUB_16376,meso_SUB_16335_SUB_16376_fwd,150000000.0,14900009.413420802,24753498.27126953,0,168
SUB_01348,SUB_01311,meso_SUB_01348_SUB_01311_fwd,5000000.0,0.0,0.0,0,168
SUB_16365,SUB_16230,meso_SUB_16365_SUB_16230_rev,120000000.0,0.0,0.0,0,168
SUB_16365,SUB_16315,meso_SUB_16365_SUB_16315_rev,60000000.0,0.0,0.0,0,168
SUB_10354,SUB_10293,meso_SUB_10354_SUB_10293_rev,60000000.0,0.0,0.0,0,168
SUB_25453,SUB_25234,meso_SUB_25453_SUB_25234_rev,150000000.0,2138066.898226085,96664172.83461948,0,168
SUB_25453,SUB_25412,meso_SUB_25453_SUB_25412_rev,150000000.0,0.0,0.0,0,168
SUB_15269,SUB_15232,meso_SUB_15269_SUB_15232_rev,150000000.0,0.0,0.0,0,168
SUB_15269,SUB_15246,meso_SUB_15269_SUB_15246_rev,150000000.0,5614140.15881288,22615734.316284597,0,168
SUB_15269,SUB_15270,meso_SUB_15269_SUB_15270_fwd,300000000.0,9277905.996343039,17372785.75576472,0,168
SUB_15269,SUB_15248,meso_SUB_15269_SUB_15248_rev,47906318.3383892,27168180.282739144,41976792.042525776,0,168
SUB_25396,SUB_25285,meso_SUB_25396_SUB_25285_rev,150000000.0,0.0,0.0,0,168
SUB_08380,SUB_08389,meso_SUB_08380_SUB_08389_fwd,150000000.0,0.0,0.0,0,168
SUB_08380,SUB_HIFLD_2126,meso_SUB_08380_SUB_HIFLD_2126_fwd,150000000.0,0.0,0.0,0,168
SUB_08380,SUB_HIFLD_3263,meso_SUB_08380_SUB_HIFLD_3263_fwd,150000000.0,0.0,0.0,0,168
SUB_08380,SUB_08226,meso_SUB_08380_SUB_08226_rev,150000000.0,65379095.543965474,150000000.0,10,168
SUB_08380,SUB_08234,meso_SUB_08380_SUB_08234_rev,300000000.0,0.0,0.0,0,168
SUB_08380,SUB_HIFLD_2117,meso_SUB_08380_SUB_HIFLD_2117_fwd,150000000.0,0.0,0.0,0,168
SUB_08380,SUB_HIFLD_3170,meso_SUB_08380_SUB_HIFLD_3170_fwd,150000000.0,0.0,0.0,0,168
SUB_25245,SUB_25280,meso_SUB_25245_SUB_25280_fwd,80000000.0,31321669.444786422,52034250.53039175,0,168
SUB_25245,SUB_25347,meso_SUB_25245_SUB_25347_fwd,60000000.0,1724.582888101781,289729.9252010992,0,168
SUB_25245,SUB_25537,meso_SUB_25245_SUB_25537_fwd,150000000.0,0.0,0.0,0,168
SUB_25245,SUB_25539,meso_SUB_25245_SUB_25539_fwd,80000000.0,13986491.873046165,29468012.082431044,0,168
SUB_25245,SUB_HIFLD_1845,meso_SUB_25245_SUB_HIFLD_1845_fwd,60000000.0,0.0,0.0,0,168
SUB_25245,SUB_HIFLD_1851,meso_SUB_25245_SUB_HIFLD_1851_fwd,300000000.0,0.0,0.0,0,168
SUB_25245,SUB_25354,meso_SUB_25245_SUB_25354_rev,8603732.224228721,5037700.972904223,8345528.954574742,0,168
SUB_25272,SUB_25337,meso_SUB_25272_SUB_25337_fwd,80000000.0,36700979.90165639,80000000.0,63,168
SUB_25272,SUB_25364,meso_SUB_25272_SUB_25364_fwd,150000000.0,0.0,0.0,0,168
SUB_25272,SUB_25458,meso_SUB_25272_SUB_25458_fwd,150000000.0,71212444.44722727,150000000.0,13,168
SUB_25272,SUB_25526,meso_SUB_25272_SUB_25526_fwd,600000000.0,102946862.729682,355432580.89397407,0,168
SUB_25272,SUB_25277,meso_SUB_25272_SUB_25277_fwd,150000000.0,34887959.466136396,59919954.09149484,0,168
SUB_25272,SUB_25370,meso_SUB_25272_SUB_25370_fwd,150000000.0,51190944.312446296,71156628.54381444,0,168
SUB_25272,SUB_25395,meso_SUB_25272_SUB_25395_fwd,150000000.0,11238869.988560654,62121951.17039072,0,168
SUB_19212,SUB_19233,meso_SUB_19212_SUB_19233_fwd,60000000.0,0.0,0.0,0,168
SUB_18203,SUB_18208,meso_SUB_18203_SUB_18208_fwd,60000000.0,60000000.0,60000000.0,168,168
SUB_18203,SUB_18219,meso_SUB_18203_SUB_18219_fwd,60000000.0,5304565.746690504,6825735.494066519,0,168
SUB_15285,SUB_15201,meso_SUB_15285_SUB_15201_rev,60000000.0,11352306.646048512,46413747.309756614,0,168
SUB_15285,SUB_15375,meso_SUB_15285_SUB_15375_fwd,60000000.0,27007098.882444557,60000000.0,31,168
SUB_16242,SUB_16302,meso_SUB_16242_SUB_16302_fwd,60000000.0,4556545.132079978,7588396.789310765,0,168
SUB_16242,SUB_16307,meso_SUB_16242_SUB_16307_fwd,60000000.0,0.0,0.0,0,168
SUB_16242,SUB_16312,meso_SUB_16242_SUB_16312_fwd,60000000.0,21366005.38754918,43477697.176572956,0,168
SUB_16242,SUB_16322,meso_SUB_16242_SUB_16322_fwd,60000000.0,383313.86211767374,14231997.212305048,0,168
SUB_16242,SUB_16330,meso_SUB_16242_SUB_16330_fwd,120000000.0,23512348.719149314,42674682.98304815,0,168
SUB_16242,SUB_16391,meso_SUB_16242_SUB_16391_fwd,400000000.0,0.0,0.0,0,168
SUB_16242,SUB_HIFLD_30,meso_SUB_16242_SUB_HIFLD_30_fwd,400000000.0,0.0,0.0,0,168
SUB_16242,WEC_CALN,iface_SUB_16242_WEC_CALN_to_ba,380000000.0,0.0,0.0,0,168
SUB_10357,SUB_10353,meso_SUB_10357_SUB_10353_rev,60000000.0,0.0,0.0,0,168
SUB_25458,SUB_25272,meso_SUB_25458_SUB_25272_rev,150000000.0,0.0,0.0,0,168
SUB_25458,SUB_25286,meso_SUB_25458_SUB_25286_rev,150000000.0,40393765.88980742,71408984.45676157,0,168
SUB_25458,SUB_25349,meso_SUB_25458_SUB_25349_rev,150000000.0,10379322.260077717,89007867.05342826,0,168
SUB_25458,SUB_25526,meso_SUB_25458_SUB_25526_fwd,150000000.0,0.0,0.0,0,168
SUB_01353,SUB_01202,meso_SUB_01353_SUB_01202_rev,150000000.0,0.0,0.0,0,168
SUB_01353,SUB_01380,meso_SUB_01353_SUB_01380_fwd,150000000.0,0.0,0.0,0,168
SUB_01353,SUB_01430,meso_SUB_01353_SUB_01430_fwd,150000000.0,48153.9804280025,4748738.779650798,0,168
SUB_01353,SUB_01220,meso_SUB_01353_SUB_01220_rev,5000000.0,714671.5822439892,1351796.1954333119,0,168
SUB_01353,SUB_01356,meso_SUB_01353_SUB_01356_rev,5000000.0,479411.04212870006,807875.4857643363,0,168
SUB_01374,SUB_01252,meso_SUB_01374_SUB_01252_fwd,5000000.0,0.0,0.0,0,168
SUB_06208,SUB_06381,meso_SUB_06208_SUB_06381_fwd,120000000.0,6823064.476260151,8653772.168933813,0,168
SUB_06208,SUB_06277,meso_SUB_06208_SUB_06277_fwd,22981822.54851424,0.0,0.0,0,168
SUB_19217,SUB_19240,meso_SUB_19217_SUB_19240_fwd,60000000.0,2479709.160439103,3458376.792042526,0,168
SUB_19217,SUB_19243,meso_SUB_19217_SUB_19243_fwd,60000000.0,0.0,0.0,0,168
SUB_19217,SUB_HIFLD_273,meso_SUB_19217_SUB_HIFLD_273_fwd,60000000.0,0.0,0.0,0,168
SUB_01365,SUB_01216,meso_SUB_01365_SUB_01216_rev,180000000.0,0.0,0.0,0,168
SUB_01365,SUB_01323,meso_SUB_01365_SUB_01323_rev,400000000.0,6586114.744184318,116487767.88365412,0,168
SUB_01365,SUB_01380,meso_SUB_01365_SUB_01380_fwd,400000000.0,309395277.5618024,400000000.0,10,168
SUB_01365,SUB_01432,meso_SUB_01365_SUB_01432_fwd,120000000.0,639080.2814179079,2246883.809197809,0,168
SUB_01365,SUB_01445,meso_SUB_01365_SUB_01445_fwd,150000000.0,2744248.6663427306,92125690.9009468,0,168
SUB_01365,SUB_01466,meso_SUB_01365_SUB_01466_fwd,1200000000.0,10878481.1559865,80127673.96907216,0,168
SUB_01365,SUB_06246,meso_SUB_01365_SUB_06246_fwd,150000000.0,56534531.62159763,150000000.0,28,168
SUB_01365,SUB_06364,meso_SUB_01365_SUB_06364_fwd,1200000000.0,370961.2157368035,57876290.32078544,0,168
SUB_01365,SUB_HIFLD_30,meso_SUB_01365_SUB_HIFLD_30_fwd,1200000000.0,26477453.71390978,524680029.13375723,0,168
SUB_01365,SUB_01324,meso_SUB_01365_SUB_01324_rev,150000000.0,18669.82845777616,3136531.180906395,0,168
SUB_01365,SUB_01416,meso_SUB_01365_SUB_01416_fwd,400000000.0,26011765.696432404,42460144.168814436,0,168
SUB_01365,WEC_CALN,iface_SUB_01365_WEC_CALN_to_ba,1377697612.2250001,0.0,0.0,0,168
SUB_08363,SUB_08203,meso_SUB_08363_SUB_08203_rev,150000000.0,0.0,0.0,0,168
SUB_08363,SUB_HIFLD_2121,meso_SUB_08363_SUB_HIFLD_2121_fwd,150000000.0,0.0,0.0,0,168
SUB_08363,SUB_HIFLD_2149,meso_SUB_08363_SUB_HIFLD_2149_fwd,150000000.0,0.0,0.0,0,168
SUB_08363,SUB_HIFLD_3025,meso_SUB_08363_SUB_HIFLD_3025_fwd,150000000.0,0.0,0.0,0,168
SUB_01211,SUB_01201,meso_SUB_01211_SUB_01201_rev,150000000.0,0.0,0.0,0,168
SUB_01211,SUB_01204,meso_SUB_01211_SUB_01204_rev,150000000.0,0.0,0.0,0,168
SUB_01211,SUB_01254,meso_SUB_01211_SUB_01254_fwd,150000000.0,0.0,0.0,0,168
SUB_01211,SUB_01331,meso_SUB_01211_SUB_01331_fwd,60000000.0,18057500.82297881,23644558.722343978,0,168
SUB_15376,SUB_15215,meso_SUB_15376_SUB_15215_rev,60000000.0,6940.929594494048,888062.5,0,168
SUB_15376,SUB_15290,meso_SUB_15376_SUB_15290_rev,60000000.0,0.0,0.0,0,168
SUB_15376,SUB_HIFLD_659,meso_SUB_15376_SUB_HIFLD_659_fwd,60000000.0,0.0,0.0,0,168
SUB_04325,SUB_01467,meso_SUB_04325_SUB_01467_rev,800000000.0,0.0,0.0,0,168
SUB_04325,SUB_04205,meso_SUB_04325_SUB_04205_rev,800000000.0,0.0,0.0,0,168
SUB_04325,SUB_01380,meso_SUB_04325_SUB_01380_rev,400000000.0,10437.069847470239,1753427.734375,0,168
SUB_04325,SUB_06359,meso_SUB_04325_SUB_06359_fwd,400000000.0,0.0,0.0,0,168
SUB_04325,WEC_CALN,iface_SUB_04325_WEC_CALN_to_ba,20000000.0,0.0,0.0,0,168
SUB_08361,SUB_08203,meso_SUB_08361_SUB_08203_rev,210000000.0,1774204.302912252,35138886.67792344,0,168
SUB_08361,SUB_08342,meso_SUB_08361_SUB_08342_rev,300000000.0,0.0,0.0,0,168
SUB_08361,SUB_01222,meso_SUB_08361_SUB_01222_rev,150000000.0,0.0,0.0,0,168
SUB_08361,SUB_HIFLD_2070,meso_SUB_08361_SUB_HIFLD_2070_fwd,60000000.0,4522785.857557566,25833389.715382215,0,168
SUB_08361,SUB_HIFLD_3163,meso_SUB_08361_SUB_HIFLD_3163_fwd,150000000.0,412451.9740181115,6461425.93693538,0,168
SUB_08361,SUB_08367,meso_SUB_08361_SUB_08367_rev,189035104.78279543,76284741.00690177,111279655.49298704,0,168
SUB_10325,SUB_10308,meso_SUB_10325_SUB_10308_rev,150000000.0,2191634.580428605,31692479.51119357,0,168
SUB_10325,SUB_15377,meso_SUB_10325_SUB_15377_fwd,120000000.0,42599282.58991058,71564414.86791237,0,168
SUB_10325,SUB_10324,meso_SUB_10325_SUB_10324_rev,150000000.0,4701550.941211059,7699679.8485824745,0,168
SUB_16331,SUB_16230,meso_SUB_16331_SUB_16230_rev,60000000.0,0.0,0.0,0,168
SUB_16331,SUB_16322,meso_SUB_16331_SUB_16322_rev,60000000.0,0.0,0.0,0,168
SUB_25392,SUB_25357,meso_SUB_25392_SUB_25357_rev,150000000.0,0.0,0.0,0,168
SUB_25337,SUB_25272,meso_SUB_25337_SUB_25272_rev,80000000.0,0.0,0.0,0,168
SUB_25337,SUB_25282,meso_SUB_25337_SUB_25282_rev,80000000.0,15900232.7862626,80000000.0,1,168
SUB_25337,SUB_25342,meso_SUB_25337_SUB_25342_fwd,80000000.0,26327062.248802822,80000000.0,1,168
SUB_25337,SUB_25395,meso_SUB_25337_SUB_25395_fwd,80000000.0,0.0,0.0,0,168
SUB_25337,SUB_25526,meso_SUB_25337_SUB_25526_fwd,400000000.0,0.0,0.0,0,168
SUB_25337,WEC_CALN,iface_SUB_25337_WEC_CALN_to_ba,480000000.0,0.0,0.0,0,168
SUB_06204,SUB_06203,meso_SUB_06204_SUB_06203_rev,150000000.0,65875.05739471831,8089010.121940246,0,168
SUB_06204,SUB_06313,meso_SUB_06204_SUB_06313_fwd,150000000.0,0.0,0.0,0,168
SUB_06204,SUB_06362,meso_SUB_06204_SUB_06362_fwd,150000000.0,22748493.830924768,43639541.72036082,0,168
SUB_06204,SUB_HIFLD_595,meso_SUB_06204_SUB_HIFLD_595_fwd,150000000.0,0.0,0.0,0,168
SUB_06204,SUB_06867,meso_SUB_06204_SUB_06867_rev,5000000.0,0.0,0.0,0,168
SUB_08325,SUB_08301,meso_SUB_08325_SUB_08301_rev,60000000.0,1059620.3384062327,1499765.6753382732,0,168
SUB_08325,SUB_08319,meso_SUB_08325_SUB_08319_rev,150000000.0,0.0,0.0,0,168
SUB_08325,SUB_08362,meso_SUB_08325_SUB_08362_fwd,150000000.0,0.0,0.0,0,168
SUB_08325,SUB_08369,meso_SUB_08325_SUB_08369_fwd,150000000.0,0.0,0.0,0,168
SUB_16288,SUB_16237,meso_SUB_16288_SUB_16237_rev,300000000.0,0.0,0.0,0,168
SUB_16288,SUB_16247,meso_SUB_16288_SUB_16247_rev,150000000.0,0.0,0.0,0,168
SUB_16288,SUB_16267,meso_SUB_16288_SUB_16267_rev,400000000.0,0.0,0.0,0,168
SUB_16288,SUB_HIFLD_1135,meso_SUB_16288_SUB_HIFLD_1135_fwd,1500000000.0,0.0,0.0,0,168
SUB_16288,SUB_HIFLD_30,meso_SUB_16288_SUB_HIFLD_30_fwd,3000000000.0,0.0,0.0,0,168
SUB_10303,SUB_10283,meso_SUB_10303_SUB_10283_fwd,7114514.014387254,7114514.014387252,7114514.014387254,168,168
SUB_25294,SUB_25234,meso_SUB_25294_SUB_25234_rev,300000000.0,35539521.87156992,61807346.14327682,0,168
SUB_25294,SUB_25241,meso_SUB_25294_SUB_25241_rev,160000000.0,25055664.65175604,60517287.59765625,0,168
SUB_01323,SUB_01365,meso_SUB_01323_SUB_01365_fwd,400000000.0,0.0,0.0,0,168
SUB_01323,SUB_01440,meso_SUB_01323_SUB_01440_fwd,1200000000.0,13544955.453921117,90086410.5658275,0,168
SUB_01323,WEC_CALN,iface_SUB_01323_WEC_CALN_to_ba,800000000.0,0.0,0.0,0,168
SUB_25536,SUB_25242,meso_SUB_25536_SUB_25242_rev,150000000.0,603285.5417060165,8798312.689488877,0,168
SUB_25536,SUB_25281,meso_SUB_25536_SUB_25281_rev,120000000.0,0.0,0.0,0,168
SUB_25536,SUB_25410,meso_SUB_25536_SUB_25410_rev,300000000.0,0.0,0.0,0,168
SUB_25536,SUB_HIFLD_1851,meso_SUB_25536_SUB_HIFLD_1851_fwd,300000000.0,1131630.8355192116,14787060.291751001,0,168
SUB_25242,SUB_25446,meso_SUB_25242_SUB_25446_fwd,150000000.0,0.0,0.0,0,168
SUB_25242,SUB_25536,meso_SUB_25242_SUB_25536_fwd,150000000.0,0.0,0.0,0,168
SUB_25242,SUB_HIFLD_1851,meso_SUB_25242_SUB_HIFLD_1851_fwd,150000000.0,0.0,0.0,0,168
SUB_25242,SUB_25231,meso_SUB_25242_SUB_25231_rev,150000000.0,0.0,0.0,0,168
SUB_15233,SUB_15201,meso_SUB_15233_SUB_15201_rev,60000000.0,20653783.315980095,43870208.12852057,0,168
SUB_15233,SUB_15292,meso_SUB_15233_SUB_15292_fwd,60000000.0,0.0,0.0,0,168
SUB_15233,SUB_15375,meso_SUB_15233_SUB_15375_fwd,60000000.0,23655888.63281239,47445962.7734375,0,168
SUB_18274,SUB_08318,meso_SUB_18274_SUB_08318_rev,150000000.0,0.0,0.0,0,168
SUB_18274,SUB_18318,meso_SUB_18274_SUB_18318_rev,5000000.0,1685652.2437925718,2218104.159954897,0,168
SUB_01321,SUB_01233,meso_SUB_01321_SUB_01233_rev,60000000.0,2511158.3869975186,2597104.3090820312,0,168
SUB_01347,SUB_01378,meso_SUB_01347_SUB_01378_fwd,60000000.0,130577.7221356787,830827.0955823131,0,168
SUB_01347,SUB_01467,meso_SUB_01347_SUB_01467_fwd,150000000.0,0.0,0.0,0,168
SUB_08219,SUB_08201,meso_SUB_08219_SUB_08201_rev,60000000.0,0.0,0.0,0,168
SUB_08219,SUB_01472,meso_SUB_08219_SUB_01472_rev,150000000.0,0.0,0.0,0,168
SUB_08219,SUB_08353,meso_SUB_08219_SUB_08353_fwd,150000000.0,0.0,0.0,0,168
SUB_25443,SUB_25442,meso_SUB_25443_SUB_25442_rev,150000000.0,0.0,0.0,0,168
SUB_01214,SUB_01223,meso_SUB_01214_SUB_01223_fwd,120000000.0,0.0,0.0,0,168
SUB_01214,SUB_01315,meso_SUB_01214_SUB_01315_fwd,120000000.0,0.0,0.0,0,168
SUB_01214,SUB_01440,meso_SUB_01214_SUB_01440_fwd,120000000.0,0.0,0.0,0,168
SUB_04332,SUB_04256,meso_SUB_04332_SUB_04256_rev,150000000.0,0.0,0.0,0,168
SUB_04332,SUB_04343,meso_SUB_04332_SUB_04343_fwd,150000000.0,0.0,0.0,0,168
SUB_25387,SUB_25282,meso_SUB_25387_SUB_25282_rev,80000000.0,541101.8299047186,32237746.75094989,0,168
SUB_25387,SUB_25341,meso_SUB_25387_SUB_25341_rev,80000000.0,0.0,0.0,0,168
SUB_25387,SUB_25421,meso_SUB_25387_SUB_25421_fwd,80000000.0,0.0,0.0,0,168
SUB_04204,SUB_01250,meso_SUB_04204_SUB_01250_rev,150000000.0,57955777.39666893,77133516.69212495,0,168
SUB_04204,SUB_01392,meso_SUB_04204_SUB_01392_rev,120000000.0,0.0,0.0,0,168
SUB_04204,SUB_01410,meso_SUB_04204_SUB_01410_rev,150000000.0,8572490.554986127,15698530.12242268,0,168
SUB_04204,SUB_01426,meso_SUB_04204_SUB_01426_rev,150000000.0,17195001.10872703,22146035.502909448,0,168
SUB_04204,SUB_04328,meso_SUB_04204_SUB_04328_fwd,300000000.0,14864622.590352025,19797274.62620978,0,168
SUB_04204,SUB_06270,meso_SUB_04204_SUB_06270_fwd,150000000.0,55531309.13408538,114159290.2993657,0,168
SUB_04204,SUB_06380,meso_SUB_04204_SUB_06380_fwd,150000000.0,12297602.531285241,29437271.37082846,0,168
SUB_04204,SUB_01467,meso_SUB_04204_SUB_01467_rev,800000000.0,65460873.25575102,125533958.5721251,0,168
SUB_01447,SUB_01222,meso_SUB_01447_SUB_01222_rev,150000000.0,412474.31973129563,40294744.34834888,0,168
SUB_01447,SUB_01376,meso_SUB_01447_SUB_01376_rev,300000000.0,0.0,0.0,0,168
SUB_18257,SUB_18282,meso_SUB_18257_SUB_18282_fwd,150000000.0,0.0,0.0,0,168
SUB_18257,SUB_18297,meso_SUB_18257_SUB_18297_fwd,150000000.0,11251864.172503106,13693753.421167906,0,168
SUB_02414,SUB_02406,meso_SUB_02414_SUB_02406_rev,60000000.0,0.0,0.0,0,168
SUB_02414,SUB_02424,meso_SUB_02414_SUB_02424_rev,5000000.0,710023.1144436446,882474.2268041237,0,168
SUB_01311,SUB_01380,meso_SUB_01311_SUB_01380_fwd,150000000.0,0.0,0.0,0,168
SUB_01311,SUB_HIFLD_2791,meso_SUB_01311_SUB_HIFLD_2791_fwd,150000000.0,10023358.077893155,62742560.69925834,0,168
SUB_01311,SUB_HIFLD_28,meso_SUB_01311_SUB_HIFLD_28_fwd,300000000.0,22082536.525994092,93173875.29951273,0,168
SUB_01311,SUB_01298,meso_SUB_01311_SUB_01298_rev,5000000.0,0.0,0.0,0,168
SUB_01311,SUB_01303,meso_SUB_01311_SUB_01303_rev,5000000.0,1328169.1002974515,1968204.3331185568,0,168
SUB_01311,SUB_01348,meso_SUB_01311_SUB_01348_rev,5000000.0,627022.4172810332,862162.6706467462,0,168
SUB_18268,SUB_18303,meso_SUB_18268_SUB_18303_fwd,150000000.0,0.0,0.0,0,168
SUB_18268,SUB_18304,meso_SUB_18268_SUB_18304_fwd,150000000.0,22783177.13134602,28515794.115839884,0,168
SUB_04215,SUB_04318,meso_SUB_04215_SUB_04318_fwd,150000000.0,0.0,0.0,0,168
SUB_04215,SUB_04330,meso_SUB_04215_SUB_04330_fwd,150000000.0,0.0,0.0,0,168
SUB_04215,SUB_04256,meso_SUB_04215_SUB_04256_fwd,150000000.0,0.0,0.0,0,168
SUB_04215,SUB_04257,meso_SUB_04215_SUB_04257_fwd,60000000.0,0.0,0.0,0,168
SUB_04215,SUB_04343,meso_SUB_04215_SUB_04343_fwd,150000000.0,0.0,0.0,0,168
SUB_10314,SUB_06364,meso_SUB_10314_SUB_06364_rev,1200000000.0,0.0,0.0,0,168
SUB_10314,SUB_10260,meso_SUB_10314_SUB_10260_rev,400000000.0,0.0,0.0,0,168
SUB_10314,SUB_10293,meso_SUB_10314_SUB_10293_rev,1660000000.0,0.0,0.0,0,168
SUB_10314,WEC_CALN,iface_SUB_10314_WEC_CALN_to_ba,20000000.0,0.0,0.0,0,168
SUB_01409,SUB_01223,meso_SUB_01409_SUB_01223_rev,400000000.0,0.0,0.0,0,168
SUB_01409,SUB_01380,meso_SUB_01409_SUB_01380_rev,400000000.0,0.0,0.0,0,168
SUB_01409,SUB_01222,meso_SUB_01409_SUB_01222_rev,800000000.0,0.0,0.0,0,168
SUB_01409,SUB_01423,meso_SUB_01409_SUB_01423_fwd,400000000.0,0.0,0.0,0,168
SUB_01409,SUB_01326,meso_SUB_01409_SUB_01326_rev,5000000.0,0.0,0.0,0,168
SUB_01409,SUB_01366,meso_SUB_01409_SUB_01366_rev,5000000.0,967941.9909380323,1551711.6271343427,0,168
SUB_01409,SUB_01224,meso_SUB_01409_SUB_01224_rev,5000000.0,0.0,0.0,0,168
SUB_01409,WEC_CALN,iface_SUB_01409_WEC_CALN_to_ba,20000000.0,0.0,0.0,0,168
SUB_25360,SUB_25268,meso_SUB_25360_SUB_25268_rev,60000000.0,0.0,0.0,0,168
SUB_25360,SUB_25477,meso_SUB_25360_SUB_25477_rev,5000000.0,517479.36656484276,2244184.4192976803,0,168
SUB_25360,SUB_HIFLD_3887,meso_SUB_25360_SUB_HIFLD_3887_rev,5000000.0,0.0,0.0,0,168
SUB_06319,SUB_06272,meso_SUB_06319_SUB_06272_rev,300000000.0,0.0,0.0,0,168
SUB_06319,SUB_06317,meso_SUB_06319_SUB_06317_rev,300000000.0,0.0,0.0,0,168
SUB_25339,SUB_25282,meso_SUB_25339_SUB_25282_rev,80000000.0,0.0,0.0,0,168
SUB_25339,SUB_25342,meso_SUB_25339_SUB_25342_fwd,80000000.0,0.0,0.0,0,168
SUB_25339,SUB_25395,meso_SUB_25339_SUB_25395_fwd,80000000.0,0.0,0.0,0,168
SUB_25339,SUB_25532,meso_SUB_25339_SUB_25532_fwd,60000000.0,20993688.410393022,60000000.0,9,168
SUB_25339,SUB_25526,meso_SUB_25339_SUB_25526_fwd,300000000.0,0.0,0.0,0,168
SUB_01445,SUB_01202,meso_SUB_01445_SUB_01202_rev,300000000.0,585178.2533615571,17472560.798918385,0,168
SUB_01445,SUB_01216,meso_SUB_01445_SUB_01216_rev,60000000.0,0.0,0.0,0,168
SUB_01445,SUB_01365,meso_SUB_01445_SUB_01365_rev,150000000.0,0.0,0.0,0,168
SUB_01445,SUB_01391,meso_SUB_01445_SUB_01391_rev,360000000.0,0.0,0.0,0,168
SUB_01445,SUB_01465,meso_SUB_01445_SUB_01465_fwd,150000000.0,0.0,0.0,0,168
SUB_01472,SUB_01222,meso_SUB_01472_SUB_01222_rev,150000000.0,0.0,0.0,0,168
SUB_01472,SUB_08283,meso_SUB_01472_SUB_08283_fwd,150000000.0,0.0,0.0,0,168
SUB_01472,SUB_08389,meso_SUB_01472_SUB_08389_fwd,150000000.0,0.0,0.0,0,168
SUB_01472,SUB_08219,meso_SUB_01472_SUB_08219_fwd,150000000.0,21022125.295078166,28689437.01675258,0,168
SUB_19240,SUB_19217,meso_SUB_19240_SUB_19217_rev,60000000.0,0.0,0.0,0,168
SUB_08225,SUB_08226,meso_SUB_08225_SUB_08226_fwd,150000000.0,0.0,0.0,0,168
SUB_08225,SUB_08292,meso_SUB_08225_SUB_08292_fwd,150000000.0,0.0,0.0,0,168
SUB_02419,SUB_01423,meso_SUB_02419_SUB_01423_rev,400000000.0,0.0,0.0,0,168
SUB_02419,SUB_02210,meso_SUB_02419_SUB_02210_rev,400000000.0,0.0,0.0,0,168
SUB_02419,SUB_02401,meso_SUB_02419_SUB_02401_rev,300000000.0,68575389.42646968,86635889.17525773,0,168
SUB_02419,SUB_02404,meso_SUB_02419_SUB_02404_rev,60000000.0,14590969.448255375,22968602.541762117,0,168
SUB_02419,SUB_02405,meso_SUB_02419_SUB_02405_rev,150000000.0,7478706.266228099,10213380.919780929,0,168
SUB_02419,SUB_02426,meso_SUB_02419_SUB_02426_fwd,210000000.0,143057102.05846396,210000000.0,6,168
SUB_02419,SUB_01216,meso_SUB_02419_SUB_01216_rev,400000000.0,0.0,0.0,0,168
SUB_02419,SUB_01376,meso_SUB_02419_SUB_01376_rev,800000000.0,0.0,0.0,0,168
SUB_02419,SUB_02403,meso_SUB_02419_SUB_02403_rev,300000000.0,45625119.85303142,55984081.02448454,0,168
SUB_02419,SUB_HIFLD_2049,meso_SUB_02419_SUB_HIFLD_2049_fwd,150000000.0,0.0,0.0,0,168
SUB_02419,SUB_HIFLD_2068,meso_SUB_02419_SUB_HIFLD_2068_fwd,150000000.0,46498776.67493347,57734134.37801353,0,168
SUB_02419,WEC_CALN,iface_SUB_02419_WEC_CALN_to_ba,20000000.0,0.0,0.0,0,168
SUB_02413,SUB_02412,meso_SUB_02413_SUB_02412_rev,120000000.0,0.0,0.0,0,168
SUB_02413,SUB_HIFLD_2048,meso_SUB_02413_SUB_HIFLD_2048_fwd,60000000.0,4431062.954362842,6299933.553479382,0,168
SUB_02413,SUB_HIFLD_2056,meso_SUB_02413_SUB_HIFLD_2056_fwd,60000000.0,1469797.2962940845,6113709.125322165,0,168
SUB_02413,SUB_HIFLD_2062,meso_SUB_02413_SUB_HIFLD_2062_fwd,60000000.0,11604321.439054353,19515276.931598898,0,168
SUB_04202,SUB_04230,meso_SUB_04202_SUB_04230_fwd,60000000.0,0.0,0.0,0,168
SUB_04202,SUB_04246,meso_SUB_04202_SUB_04246_fwd,60000000.0,0.0,0.0,0,168
SUB_04202,SUB_04272,meso_SUB_04202_SUB_04272_fwd,150000000.0,0.0,0.0,0,168
SUB_04202,SUB_04329,meso_SUB_04202_SUB_04329_fwd,150000000.0,940653.4267485491,31809701.192010306,0,168
SUB_08224,SUB_HIFLD_2131,meso_SUB_08224_SUB_HIFLD_2131_fwd,23437363.27209014,0.0,0.0,0,168
SUB_02408,SUB_02412,meso_SUB_02408_SUB_02412_fwd,60000000.0,47007669.923162684,60000000.0,29,168
SUB_02408,SUB_02210,meso_SUB_02408_SUB_02210_rev,400000000.0,0.0,0.0,0,168
SUB_02408,SUB_02270,meso_SUB_02408_SUB_02270_rev,60000000.0,4525957.290132549,5103092.783505155,0,168
SUB_02408,SUB_02425,meso_SUB_02408_SUB_02425_fwd,120000000.0,17304761.8869889,34518773.19003719,0,168
SUB_25405,SUB_25464,meso_SUB_25405_SUB_25464_fwd,18155171.899753124,12640453.002669547,18155171.899753124,93,168
SUB_25456,SUB_25469,meso_SUB_25456_SUB_25469_fwd,150000000.0,16010.545973815024,36471.46430948895,0,168
SUB_25456,SUB_25286,meso_SUB_25456_SUB_25286_fwd,15612131.274744093,0.0,0.0,0,168
SUB_18261,SUB_18266,meso_SUB_18261_SUB_18266_fwd,60000000.0,196093.13752533324,5268920.646746134,0,168
SUB_18261,SUB_18254,meso_SUB_18261_SUB_18254_fwd,95896489.6261608,0.0,0.0,0,168
SUB_08389,SUB_01472,meso_SUB_08389_SUB_01472_rev,150000000.0,34062548.35412214,82235863.28125,0,168
SUB_08389,SUB_08283,meso_SUB_08389_SUB_08283_rev,150000000.0,9771524.166178726,92490074.21875,0,168
SUB_08389,SUB_08380,meso_SUB_08389_SUB_08380_rev,150000000.0,0.0,0.0,0,168
SUB_08389,SUB_08234,meso_SUB_08389_SUB_08234_rev,150000000.0,0.0,0.0,0,168
SUB_08390,SUB_01222,meso_SUB_08390_SUB_01222_rev,150000000.0,0.0,0.0,0,168
SUB_08390,SUB_HIFLD_2121,meso_SUB_08390_SUB_HIFLD_2121_fwd,150000000.0,0.0,0.0,0,168
SUB_08390,SUB_HIFLD_3025,meso_SUB_08390_SUB_HIFLD_3025_fwd,150000000.0,0.0,0.0,0,168
SUB_08390,SUB_08203,meso_SUB_08390_SUB_08203_rev,150000000.0,42576417.749528304,77494660.11597939,0,168
SUB_16237,SUB_16348,meso_SUB_16237_SUB_16348_fwd,360000000.0,0.0,0.0,0,168
SUB_16237,SUB_HIFLD_3849,meso_SUB_16237_SUB_HIFLD_3849_fwd,60000000.0,0.0,0.0,0,168
SUB_16237,SUB_HIFLD_4426,meso_SUB_16237_SUB_HIFLD_4426_fwd,60000000.0,0.0,0.0,0,168
SUB_16237,SUB_HIFLD_982,meso_SUB_16237_SUB_HIFLD_982_fwd,150000000.0,0.0,0.0,0,168
SUB_16237,SUB_16288,meso_SUB_16237_SUB_16288_fwd,300000000.0,624550.2844908218,52342155.927835055,0,168
SUB_10204,SUB_10308,meso_SUB_10204_SUB_10308_fwd,150000000.0,0.0,0.0,0,168
SUB_10204,SUB_10297,meso_SUB_10204_SUB_10297_fwd,150000000.0,0.0,0.0,0,168
SUB_25224,SUB_25217,meso_SUB_25224_SUB_25217_rev,300000000.0,370159.8181171663,33777281.15761597,0,168
SUB_25224,SUB_25230,meso_SUB_25224_SUB_25230_fwd,60000000.0,21825300.9869178,26873348.904639177,0,168
SUB_25224,SUB_25235,meso_SUB_25224_SUB_25235_fwd,150000000.0,55241.5360922734,9280578.063501932,0,168
SUB_25224,SUB_25270,meso_SUB_25224_SUB_25270_fwd,80000000.0,0.0,0.0,0,168
SUB_25224,SUB_25412,meso_SUB_25224_SUB_25412_fwd,150000000.0,0.0,0.0,0,168
SUB_25224,SUB_HIFLD_2722,meso_SUB_25224_SUB_HIFLD_2722_fwd,60000000.0,2417305.310391324,3387632.5707564475,0,168
SUB_02269,SUB_HIFLD_2068,meso_SUB_02269_SUB_HIFLD_2068_fwd,150000000.0,0.0,0.0,0,168
SUB_02269,SUB_HIFLD_3835,meso_SUB_02269_SUB_HIFLD_3835_fwd,60000000.0,0.0,0.0,0,168
SUB_25318,SUB_25450,meso_SUB_25318_SUB_25450_fwd,16132904.046452496,0.0,0.0,0,168
SUB_10297,SUB_10307,meso_SUB_10297_SUB_10307_fwd,150000000.0,9605034.052602688,20724093.911082473,0,168
SUB_10297,SUB_10375,meso_SUB_10297_SUB_10375_fwd,150000000.0,0.0,0.0,0,168
SUB_10297,SUB_10204,meso_SUB_10297_SUB_10204_rev,150000000.0,13423696.553384861,28573090.353730742,0,168
SUB_10211,SUB_10260,meso_SUB_10211_SUB_10260_fwd,60000000.0,0.0,0.0,0,168
SUB_10211,SUB_10284,meso_SUB_10211_SUB_10284_fwd,60000000.0,9644233.432368573,18357822.31855803,0,168
SUB_10211,SUB_10212,meso_SUB_10211_SUB_10212_rev,6287002.55258172,4238901.5673420625,5780600.636275773,0,168
SUB_08246,SUB_HIFLD_1423,meso_SUB_08246_SUB_HIFLD_1423_fwd,150000000.0,0.0,0.0,0,168
SUB_08246,SUB_01222,meso_SUB_08246_SUB_01222_rev,300000000.0,0.0,0.0,0,168
SUB_08246,SUB_08234,meso_SUB_08246_SUB_08234_rev,300000000.0,0.0,0.0,0,168
SUB_08246,SUB_HIFLD_2117,meso_SUB_08246_SUB_HIFLD_2117_fwd,150000000.0,0.0,0.0,0,168
SUB_16357,SUB_16261,meso_SUB_16357_SUB_16261_rev,300000000.0,0.0,0.0,0,168
SUB_16357,SUB_16298,meso_SUB_16357_SUB_16298_rev,300000000.0,0.0,0.0,0,168
SUB_25314,SUB_25208,meso_SUB_25314_SUB_25208_rev,80000000.0,0.0,0.0,0,168
SUB_06205,SUB_06207,meso_SUB_06205_SUB_06207_fwd,60000000.0,14970896.850585938,17577693.359375,0,168
SUB_25430,SUB_16371,meso_SUB_25430_SUB_16371_rev,800000000.0,2615218.5211156732,9817895.5078125,0,168
SUB_25430,SUB_HIFLD_1851,meso_SUB_25430_SUB_HIFLD_1851_fwd,400000000.0,0.0,0.0,0,168
SUB_25430,WEC_CALN,iface_SUB_25430_WEC_CALN_to_ba,20000000.0,0.0,0.0,0,168
SUB_25408,SUB_25235,meso_SUB_25408_SUB_25235_rev,300000000.0,1074950.4636649294,11596796.538941693,0,168
SUB_25408,SUB_25256,meso_SUB_25408_SUB_25256_rev,150000000.0,0.0,0.0,0,168
SUB_25408,SUB_25206,meso_SUB_25408_SUB_25206_rev,150000000.0,26008804.9006483,124983360.75675683,0,168
SUB_25285,SUB_25396,meso_SUB_25285_SUB_25396_fwd,150000000.0,56328030.96935171,86203962.08516857,0,168
SUB_25285,SUB_25529,meso_SUB_25285_SUB_25529_fwd,201483235.22442186,0.0,0.0,0,168
SUB_01466,SUB_01365,meso_SUB_01466_SUB_01365_rev,1200000000.0,0.0,0.0,0,168
SUB_01466,SUB_01423,meso_SUB_01466_SUB_01423_rev,1200000000.0,0.0,0.0,0,168
SUB_01466,SUB_01216,meso_SUB_01466_SUB_01216_rev,400000000.0,0.0,0.0,0,168
SUB_01466,SUB_01324,meso_SUB_01466_SUB_01324_rev,400000000.0,0.0,0.0,0,168
SUB_01466,WEC_CALN,iface_SUB_01466_WEC_CALN_to_ba,20000000.0,0.0,0.0,0,168
SUB_04256,SUB_04209,meso_SUB_04256_SUB_04209_rev,60000000.0,18380492.4018505,22494813.39200946,0,168
SUB_04256,SUB_04214,meso_SUB_04256_SUB_04214_rev,60000000.0,51013233.839004226,60000000.0,54,168
SUB_04256,SUB_04257,meso_SUB_04256_SUB_04257_fwd,60000000.0,20621850.142481286,28461189.19136598,0,168
SUB_04256,SUB_04275,meso_SUB_04256_SUB_04275_fwd,120000000.0,6846609.945021017,9861247.583762886,0,168
SUB_04256,SUB_04282,meso_SUB_04256_SUB_04282_fwd,300000000.0,7815330.439881924,23430932.320950687,0,168
SUB_04256,SUB_04330,meso_SUB_04256_SUB_04330_fwd,150000000.0,38185261.70460487,58713734.35673291,0,168
SUB_04256,SUB_04332,meso_SUB_04256_SUB_04332_fwd,150000000.0,12986053.221098162,21731080.86340206,0,168
SUB_04256,SUB_04337,meso_SUB_04256_SUB_04337_fwd,1200000000.0,0.0,0.0,0,168
SUB_04256,SUB_04343,meso_SUB_04256_SUB_04343_fwd,150000000.0,49865630.2775098,150000000.0,4,168
SUB_04256,SUB_04215,meso_SUB_04256_SUB_04215_rev,150000000.0,46412388.6085926,63169813.1443299,0,168
SUB_04256,SUB_04248,meso_SUB_04256_SUB_04248_rev,400000000.0,0.0,0.0,0,168
SUB_04256,SUB_04271,meso_SUB_04256_SUB_04271_fwd,60000000.0,6758871.5946442215,27992893.31559332,0,168
SUB_04256,WEC_CALN,iface_SUB_04256_WEC_CALN_to_ba,1540000000.0,0.0,0.0,0,168
SUB_25477,SUB_25360,meso_SUB_25477_SUB_25360_fwd,5000000.0,2797667.554735031,5000000.0,92,168
SUB_08203,SUB_08361,meso_SUB_08203_SUB_08361_fwd,210000000.0,0.0,0.0,0,168
SUB_08203,SUB_08363,meso_SUB_08203_SUB_08363_fwd,150000000.0,0.0,0.0,0,168
SUB_08203,SUB_HIFLD_2149,meso_SUB_08203_SUB_HIFLD_2149_fwd,150000000.0,0.0,0.0,0,168
SUB_08203,SUB_08390,meso_SUB_08203_SUB_08390_fwd,150000000.0,0.0,0.0,0,168
SUB_08203,SUB_HIFLD_2058,meso_SUB_08203_SUB_HIFLD_2058_fwd,150000000.0,0.0,0.0,0,168
SUB_18358,SUB_08284,meso_SUB_18358_SUB_08284_rev,60000000.0,0.0,0.0,0,168
SUB_18358,SUB_08293,meso_SUB_18358_SUB_08293_rev,60000000.0,895638.5253396875,1284096.125966495,0,168
SUB_25347,SUB_25231,meso_SUB_25347_SUB_25231_rev,60000000.0,0.0,0.0,0,168
SUB_25347,SUB_25245,meso_SUB_25347_SUB_25245_rev,60000000.0,6807.763026742127,1143704.1884926774,0,168
SUB_25347,SUB_25446,meso_SUB_25347_SUB_25446_fwd,150000000.0,0.0,0.0,0,168
SUB_25347,SUB_25539,meso_SUB_25347_SUB_25539_fwd,150000000.0,11648398.57869377,45031757.8125,0,168
SUB_25226,SUB_HIFLD_1844,meso_SUB_25226_SUB_HIFLD_1844_fwd,25345408.237502392,0.0,0.0,0,168
SUB_04248,SUB_01467,meso_SUB_04248_SUB_01467_rev,400000000.0,0.0,0.0,0,168
SUB_04248,SUB_04201,meso_SUB_04248_SUB_04201_rev,150000000.0,67535519.68553668,91729017.6792167,0,168
SUB_04248,SUB_04221,meso_SUB_04248_SUB_04221_rev,60000000.0,4028292.020767919,8792317.693914948,0,168
SUB_04248,SUB_04229,meso_SUB_04248_SUB_04229_rev,60000000.0,2933709.2647223608,4989552.153876109,0,168
SUB_04248,SUB_04299,meso_SUB_04248_SUB_04299_fwd,150000000.0,17474378.7717749,25400004.027061857,0,168
SUB_04248,SUB_04302,meso_SUB_04248_SUB_04302_fwd,60000000.0,5151377.104133641,8728701.622324701,0,168
SUB_04248,SUB_04309,meso_SUB_04248_SUB_04309_fwd,60000000.0,15545044.232959775,20390353.17332474,0,168
SUB_04248,SUB_04320,meso_SUB_04248_SUB_04320_fwd,60000000.0,8244188.110771049,13764320.231958764,0,168
SUB_04248,SUB_04337,meso_SUB_04248_SUB_04337_fwd,950000000.0,0.0,0.0,0,168
SUB_04248,SUB_06380,meso_SUB_04248_SUB_06380_fwd,300000000.0,1945209.0845838839,43282269.095746085,0,168
SUB_04248,SUB_04249,meso_SUB_04248_SUB_04249_fwd,150000000.0,8421471.146221658,10391290.47197165,0,168
SUB_04248,SUB_04256,meso_SUB_04248_SUB_04256_fwd,400000000.0,0.0,0.0,0,168
SUB_04248,WEC_CALN,iface_SUB_04248_WEC_CALN_to_ba,400000000.0,0.0,0.0,0,168
SUB_18297,SUB_18257,meso_SUB_18297_SUB_18257_rev,150000000.0,0.0,0.0,0,168
SUB_18297,SUB_HIFLD_2086,meso_SUB_18297_SUB_HIFLD_2086_fwd,150000000.0,0.0,0.0,0,168
SUB_18297,SUB_HIFLD_4291,meso_SUB_18297_SUB_HIFLD_4291_fwd,300000000.0,7238492.944186912,8851326.487382391,0,168
SUB_16282,SUB_16298,meso_SUB_16282_SUB_16298_fwd,150000000.0,0.0,0.0,0,168
SUB_16282,SUB_16378,meso_SUB_16282_SUB_16378_fwd,150000000.0,0.0,0.0,0,168
SUB_16282,SUB_16261,meso_SUB_16282_SUB_16261_rev,300000000.0,142107197.8590408,268877729.54227346,0,168
SUB_08362,SUB_08319,meso_SUB_08362_SUB_08319_rev,150000000.0,0.0,0.0,0,168
SUB_08362,SUB_08325,meso_SUB_08362_SUB_08325_rev,150000000.0,0.0,0.0,0,168
SUB_08362,SUB_08284,meso_SUB_08362_SUB_08284_rev,10460594.768392568,5786049.877586559,8233243.120975634,0,168
SUB_08362,SUB_08314,meso_SUB_08362_SUB_08314_rev,5000000.0,0.0,0.0,0,168
SUB_08362,SUB_08304,meso_SUB_08362_SUB_08304_rev,5000000.0,1663984.6165038582,2350946.8629188146,0,168
SUB_25276,SUB_25221,meso_SUB_25276_SUB_25221_rev,160000000.0,0.0,0.0,0,168
SUB_25276,SUB_25539,meso_SUB_25276_SUB_25539_fwd,80000000.0,0.0,0.0,0,168
SUB_25276,SUB_25512,meso_SUB_25276_SUB_25512_fwd,450000000.0,0.0,0.0,0,168
SUB_19233,SUB_19212,meso_SUB_19233_SUB_19212_rev,60000000.0,10280781.851558397,12742268.041237114,0,168
SUB_19233,SUB_19215,meso_SUB_19233_SUB_19215_rev,60000000.0,0.0,0.0,0,168
SUB_19233,SUB_19243,meso_SUB_19233_SUB_19243_fwd,120000000.0,0.0,0.0,0,168
SUB_15276,SUB_15308,meso_SUB_15276_SUB_15308_fwd,300000000.0,0.0,0.0,0,168
SUB_15276,SUB_15366,meso_SUB_15276_SUB_15366_rev,18598809.471895237,9234530.131771216,15269442.654639175,0,168
SUB_15276,WEC_CALN,iface_SUB_15276_WEC_CALN_to_ba,332700000.0,143213159.90515622,199370507.1084689,0,168
SUB_16277,SUB_01435,meso_SUB_16277_SUB_01435_rev,150000000.0,73512105.92068624,150000000.0,7,168
SUB_16277,SUB_16247,meso_SUB_16277_SUB_16247_rev,150000000.0,12829880.898743901,91568493.26442766,0,168
SUB_16277,SUB_16261,meso_SUB_16277_SUB_16261_rev,150000000.0,2584850.105125464,112462039.24674742,0,168
SUB_16277,SUB_HIFLD_30,meso_SUB_16277_SUB_HIFLD_30_fwd,450000000.0,19544606.70741831,161927145.66688147,0,168
SUB_16277,SUB_16270,meso_SUB_16277_SUB_16270_rev,150000000.0,44594177.9475228,92048895.25653629,0,168
SUB_16277,SUB_16309,meso_SUB_16277_SUB_16309_rev,5000000.0,0.0,0.0,0,168
SUB_08343,SUB_08202,meso_SUB_08343_SUB_08202_rev,60000000.0,33994906.03928014,60000000.0,65,168
SUB_08343,SUB_08292,meso_SUB_08343_SUB_08292_rev,150000000.0,92298101.70936815,126932292.88447231,0,168
SUB_08343,SUB_08377,meso_SUB_08343_SUB_08377_fwd,400000000.0,0.0,0.0,0,168
SUB_08343,WEC_CALN,iface_SUB_08343_WEC_CALN_to_ba,1390000000.0,0.0,0.0,0,168
SUB_04318,SUB_04215,meso_SUB_04318_SUB_04215_rev,150000000.0,0.0,0.0,0,168
SUB_04318,SUB_04349,meso_SUB_04318_SUB_04349_fwd,150000000.0,0.0,0.0,0,168
SUB_04318,SUB_04337,meso_SUB_04318_SUB_04337_fwd,150000000.0,0.0,0.0,0,168
SUB_04318,SUB_04347,meso_SUB_04318_SUB_04347_fwd,150000000.0,3852358.449974304,7138416.659954897,0,168
SUB_08342,SUB_01222,meso_SUB_08342_SUB_01222_rev,300000000.0,0.0,0.0,0,168
SUB_08342,SUB_08361,meso_SUB_08342_SUB_08361_fwd,300000000.0,4754987.699719678,37601307.132141605,0,168
SUB_08342,SUB_08300,meso_SUB_08342_SUB_08300_rev,150000000.0,18224273.365790818,23689548.819614198,0,168
SUB_08342,SUB_HIFLD_3163,meso_SUB_08342_SUB_HIFLD_3163_fwd,150000000.0,1979495.25429662,7271764.193524816,0,168
SUB_08318,SUB_08324,meso_SUB_08318_SUB_08324_fwd,150000000.0,115163221.2711482,139108121.56180534,0,168
SUB_08318,SUB_18249,meso_SUB_08318_SUB_18249_fwd,150000000.0,36762872.03495138,52800271.59574194,0,168
SUB_08318,SUB_18274,meso_SUB_08318_SUB_18274_fwd,150000000.0,6198128.024815592,8496909.084719418,0,168
SUB_16345,SUB_16376,meso_SUB_16345_SUB_16376_fwd,16789163.64455201,0.0,0.0,0,168
SUB_08348,SUB_08367,meso_SUB_08348_SUB_08367_fwd,150000000.0,0.0,0.0,0,168
SUB_25271,SUB_25236,meso_SUB_25271_SUB_25236_rev,60000000.0,0.0,0.0,0,168
SUB_01376,SUB_01216,meso_SUB_01376_SUB_01216_rev,400000000.0,0.0,0.0,0,168
SUB_01376,SUB_01438,meso_SUB_01376_SUB_01438_fwd,300000000.0,158990423.58767787,234139566.5484324,0,168
SUB_01376,SUB_01447,meso_SUB_01376_SUB_01447_fwd,300000000.0,50451398.738506936,98269408.63876173,0,168
SUB_01376,SUB_01469,meso_SUB_01376_SUB_01469_fwd,400000000.0,1685281.7828691336,264750034.02910206,0,168
SUB_01376,SUB_02419,meso_SUB_01376_SUB_02419_fwd,800000000.0,1323996.7094194898,35923059.36727258,0,168
SUB_25230,SUB_25224,meso_SUB_25230_SUB_25224_rev,60000000.0,0.0,0.0,0,168
SUB_10322,SUB_10375,meso_SUB_10322_SUB_10375_fwd,5000000.0,4685187.226416431,5000000.0,154,168
SUB_18266,SUB_18261,meso_SUB_18266_SUB_18261_rev,60000000.0,15720303.70805742,29069894.145507812,0,168
SUB_18266,SUB_25216,meso_SUB_18266_SUB_25216_fwd,60000000.0,0.0,0.0,0,168
SUB_18295,SUB_18263,meso_SUB_18295_SUB_18263_rev,150000000.0,150000000.0,150000000.0,168,168
SUB_18295,SUB_18301,meso_SUB_18295_SUB_18301_fwd,150000000.0,150000000.0,150000000.0,168,168
SUB_25297,SUB_25277,meso_SUB_25297_SUB_25277_rev,80000000.0,866586.739077074,29083226.481958758,0,168
SUB_25297,SUB_25348,meso_SUB_25297_SUB_25348_fwd,160000000.0,0.0,0.0,0,168
SUB_25297,SUB_25380,meso_SUB_25297_SUB_25380_fwd,80000000.0,780297.7197241655,11687884.584407216,0,168
SUB_25297,SUB_25407,meso_SUB_25297_SUB_25407_fwd,80000000.0,3711962.5009285593,80000000.0,6,168
SUB_25297,SUB_HIFLD_1232,meso_SUB_25297_SUB_HIFLD_1232_fwd,80000000.0,0.0,0.0,0,168
SUB_25297,SUB_HIFLD_411,meso_SUB_25297_SUB_HIFLD_411_fwd,80000000.0,11659018.660363814,12380473.211947747,0,168
SUB_19238,SUB_19215,meso_SUB_19238_SUB_19215_fwd,8490338.119886424,0.0,0.0,0,168
SUB_25277,SUB_25297,meso_SUB_25277_SUB_25297_fwd,80000000.0,698369.997524743,20350764.53022468,0,168
SUB_25277,SUB_25395,meso_SUB_25277_SUB_25395_fwd,150000000.0,0.0,0.0,0,168
SUB_25277,SUB_25407,meso_SUB_25277_SUB_25407_fwd,150000000.0,0.0,0.0,0,168
SUB_25277,SUB_25526,meso_SUB_25277_SUB_25526_fwd,150000000.0,0.0,0.0,0,168
SUB_25277,SUB_HIFLD_1232,meso_SUB_25277_SUB_HIFLD_1232_fwd,80000000.0,0.0,0.0,0,168
SUB_25277,SUB_25272,meso_SUB_25277_SUB_25272_rev,150000000.0,0.0,0.0,0,168
SUB_04205,SUB_01467,meso_SUB_04205_SUB_01467_rev,400000000.0,0.0,0.0,0,168
SUB_04205,SUB_04325,meso_SUB_04205_SUB_04325_fwd,800000000.0,1228385.6950514398,9452184.6810567,0,168
SUB_04205,SUB_06364,meso_SUB_04205_SUB_06364_fwd,800000000.0,0.0,0.0,0,168
SUB_04205,SUB_01380,meso_SUB_04205_SUB_01380_rev,400000000.0,0.0,0.0,0,168
SUB_04205,SUB_06359,meso_SUB_04205_SUB_06359_fwd,400000000.0,600784.0937363927,61638474.16549651,0,168
SUB_04205,SUB_04265,meso_SUB_04205_SUB_04265_rev,41240548.17635174,27384248.543066546,36522390.46391753,0,168
SUB_04205,WEC_CALN,iface_SUB_04205_WEC_CALN_to_ba,3158759451.8236485,0.0,0.0,0,168
SUB_01296,SUB_01430,meso_SUB_01296_SUB_01430_fwd,5000000.0,0.0,0.0,0,168
SUB_25993,SUB_25250,meso_SUB_25993_SUB_25250_rev,400000000.0,55167886.04310228,400000000.0,5,168
SUB_25993,WEC_CALN,iface_SUB_25993_WEC_CALN_to_ba,952000000.0,2573757.9519784003,255631456.92144,0,168
SUB_16378,SUB_16282,meso_SUB_16378_SUB_16282_rev,150000000.0,9454980.069258938,140449529.89216337,0,168
SUB_16378,SUB_16298,meso_SUB_16378_SUB_16298_rev,150000000.0,85712656.39936668,150000000.0,1,168
SUB_16378,SUB_16319,meso_SUB_16378_SUB_16319_rev,150000000.0,144679663.23561886,150000000.0,100,168
SUB_16378,SUB_16335,meso_SUB_16378_SUB_16335_rev,150000000.0,0.0,0.0,0,168
SUB_16378,SUB_16376,meso_SUB_16378_SUB_16376_rev,150000000.0,0.0,0.0,0,168
SUB_01368,SUB_HIFLD_11,meso_SUB_01368_SUB_HIFLD_11_fwd,150000000.0,0.0,0.0,0,168
SUB_01368,SUB_HIFLD_2989,meso_SUB_01368_SUB_HIFLD_2989_fwd,150000000.0,0.0,0.0,0,168
SUB_04321,SUB_04214,meso_SUB_04321_SUB_04214_rev,60000000.0,0.0,0.0,0,168
SUB_04321,SUB_04287,meso_SUB_04321_SUB_04287_rev,60000000.0,551094.7450797934,2210893.4540109537,0,168
SUB_16376,SUB_16378,meso_SUB_16376_SUB_16378_fwd,150000000.0,0.0,0.0,0,168
SUB_16376,SUB_16335,meso_SUB_16376_SUB_16335_rev,150000000.0,0.0,0.0,0,168
SUB_16376,SUB_16324,meso_SUB_16376_SUB_16324_rev,5000000.0,810233.2218640214,1398012.141591495,0,168
SUB_16376,SUB_16345,meso_SUB_16376_SUB_16345_rev,16789163.64455201,8441253.362476798,14167328.447164949,0,168
SUB_02418,SUB_02426,meso_SUB_02418_SUB_02426_fwd,38067281.195404276,0.0,0.0,0,168
SUB_10318,SUB_10236,meso_SUB_10318_SUB_10236_rev,60000000.0,0.0,0.0,0,168
SUB_08295,SUB_08296,meso_SUB_08295_SUB_08296_fwd,150000000.0,0.0,0.0,0,168
SUB_08295,SUB_08391,meso_SUB_08295_SUB_08391_fwd,139728152.01776853,38173600.96592398,101276281.25,0,168
SUB_04350,SUB_HIFLD_1360,meso_SUB_04350_SUB_HIFLD_1360_fwd,19717187.894974396,0.0,0.0,0,168
SUB_18318,SUB_18274,meso_SUB_18318_SUB_18274_fwd,5000000.0,0.0,0.0,0,168
SUB_08300,SUB_08299,meso_SUB_08300_SUB_08299_rev,150000000.0,8992824.647704,11330502.980025774,0,168
SUB_08300,SUB_08342,meso_SUB_08300_SUB_08342_fwd,150000000.0,0.0,0.0,0,168
SUB_10285,SUB_06283,meso_SUB_10285_SUB_06283_rev,120000000.0,150221.26367762795,6544878.584085052,0,168
SUB_10285,SUB_10260,meso_SUB_10285_SUB_10260_rev,120000000.0,0.0,0.0,0,168
SUB_10308,SUB_10204,meso_SUB_10308_SUB_10204_rev,150000000.0,3947287.2800813303,27957467.36726167,0,168
SUB_10308,SUB_10217,meso_SUB_10308_SUB_10217_rev,150000000.0,2142423.3223803006,3886400.3028653283,0,168
SUB_10308,SUB_10294,meso_SUB_10308_SUB_10294_rev,150000000.0,13846170.614792228,19911763.11923015,0,168
SUB_10308,SUB_10307,meso_SUB_10308_SUB_10307_rev,300000000.0,4023213.60946351,21836819.356924836,0,168
SUB_10308,SUB_10325,meso_SUB_10308_SUB_10325_fwd,150000000.0,50193756.81606002,83795865.74747217,0,168
SUB_10308,SUB_10205,meso_SUB_10308_SUB_10205_rev,150000000.0,7741081.346901675,11796947.487113401,0,168
SUB_10308,SUB_10283,meso_SUB_10308_SUB_10283_rev,300000000.0,0.0,0.0,0,168
SUB_25391,SUB_25407,meso_SUB_25391_SUB_25407_fwd,300000000.0,0.0,0.0,0,168
SUB_25391,SUB_HIFLD_2869,meso_SUB_25391_SUB_HIFLD_2869_fwd,150000000.0,0.0,0.0,0,168
SUB_25391,SUB_HIFLD_369,meso_SUB_25391_SUB_HIFLD_369_rev,5000000.0,0.0,0.0,0,168
SUB_04343,SUB_04256,meso_SUB_04343_SUB_04256_rev,150000000.0,0.0,0.0,0,168
SUB_04343,SUB_04271,meso_SUB_04343_SUB_04271_rev,60000000.0,0.0,0.0,0,168
SUB_04343,SUB_04305,meso_SUB_04343_SUB_04305_rev,150000000.0,1527483.3787621607,2674003.8055734537,0,168
SUB_04343,SUB_04307,meso_SUB_04343_SUB_04307_rev,60000000.0,0.0,0.0,0,168
SUB_04343,SUB_04329,meso_SUB_04343_SUB_04329_rev,150000000.0,15063452.816869304,48804788.176546395,0,168
SUB_04343,SUB_04215,meso_SUB_04343_SUB_04215_rev,150000000.0,0.0,0.0,0,168
SUB_04343,SUB_04332,meso_SUB_04343_SUB_04332_rev,150000000.0,0.0,0.0,0,168
SUB_04343,SUB_06368,meso_SUB_04343_SUB_06368_fwd,300000000.0,8602100.518884012,93929864.64001241,0,168
SUB_01416,SUB_01365,meso_SUB_01416_SUB_01365_rev,400000000.0,0.0,0.0,0,168
SUB_01416,SUB_01380,meso_SUB_01416_SUB_01380_rev,400000000.0,0.0,0.0,0,168
SUB_25209,SUB_25464,meso_SUB_25209_SUB_25464_fwd,53856750.98954275,0.0,0.0,0,168
SUB_25209,WEC_CALN,iface_SUB_25209_WEC_CALN_to_ba,2700000000.0,40740.92961434803,6844476.175210469,0,168
SUB_06313,SUB_06204,meso_SUB_06313_SUB_06204_rev,150000000.0,0.0,0.0,0,168
SUB_06313,SUB_06362,meso_SUB_06313_SUB_06362_fwd,150000000.0,4514194.482158198,41838675.90206186,0,168
SUB_06313,SUB_HIFLD_595,meso_SUB_06313_SUB_HIFLD_595_fwd,300000000.0,0.0,0.0,0,168
SUB_18219,SUB_18203,meso_SUB_18219_SUB_18203_rev,60000000.0,0.0,0.0,0,168
SUB_18219,SUB_18239,meso_SUB_18219_SUB_18239_fwd,60000000.0,617954.8305685635,2152633.1950708763,0,168
SUB_25348,SUB_18301,meso_SUB_25348_SUB_18301_rev,1200000000.0,474885.3074144432,15007422.673090769,0,168
SUB_25348,SUB_25293,meso_SUB_25348_SUB_25293_rev,80000000.0,84056.34838462627,12884408.22326031,0,168
SUB_25348,SUB_25297,meso_SUB_25348_SUB_25297_rev,160000000.0,28010642.745343674,145882576.34807292,0,168
SUB_25348,SUB_25319,meso_SUB_25348_SUB_25319_rev,80000000.0,1589858.754098656,12053103.60119388,0,168
SUB_25348,SUB_25341,meso_SUB_25348_SUB_25341_rev,80000000.0,26037743.24782317,70238672.37798148,0,168
SUB_25348,WEC_CALN,iface_SUB_25348_WEC_CALN_to_ba,20000000.0,578120.9739676142,20000000.0,4,168
SUB_10339,SUB_10348,meso_SUB_10339_SUB_10348_fwd,60000000.0,0.0,0.0,0,168
SUB_25237,SUB_25441,meso_SUB_25237_SUB_25441_fwd,31938501.76585276,0.0,0.0,0,168
SUB_10348,SUB_10334,meso_SUB_10348_SUB_10334_rev,60000000.0,0.0,0.0,0,168
SUB_10348,SUB_10339,meso_SUB_10348_SUB_10339_rev,60000000.0,4819980.902617973,6701872.583762887,0,168
SUB_10348,SUB_10358,meso_SUB_10348_SUB_10358_fwd,60000000.0,0.0,0.0,0,168
SUB_19225,SUB_19229,meso_SUB_19225_SUB_19229_fwd,60000000.0,30240125.0159854,31023549.8046875,0,168
SUB_04316,SUB_04281,meso_SUB_04316_SUB_04281_rev,60000000.0,0.0,0.0,0,168
SUB_04316,SUB_04285,meso_SUB_04316_SUB_04285_rev,60000000.0,0.0,0.0,0,168
SUB_10344,SUB_10293,meso_SUB_10344_SUB_10293_rev,150000000.0,4007838.042265895,11902717.32039304,0,168
SUB_10344,SUB_10326,meso_SUB_10344_SUB_10326_rev,60000000.0,4964233.08318314,9854747.905927835,0,168
SUB_10344,SUB_10352,meso_SUB_10344_SUB_10352_fwd,150000000.0,7377615.189795714,18562777.86726804,0,168
SUB_10344,SUB_HIFLD_2171,meso_SUB_10344_SUB_HIFLD_2171_fwd,60000000.0,0.0,0.0,0,168
SUB_10344,SUB_HIFLD_2173,meso_SUB_10344_SUB_HIFLD_2173_fwd,150000000.0,1659648.3884218852,2775369.0473271906,0,168
SUB_10236,SUB_10281,meso_SUB_10236_SUB_10281_fwd,60000000.0,0.0,0.0,0,168
SUB_10236,SUB_10318,meso_SUB_10236_SUB_10318_fwd,60000000.0,1383455.0081308295,2184987.1134020616,0,168
SUB_10236,SUB_HIFLD_482,meso_SUB_10236_SUB_HIFLD_482_fwd,60000000.0,11535308.179982428,12908412.036132812,0,168
SUB_06246,SUB_01365,meso_SUB_06246_SUB_01365_rev,150000000.0,0.0,0.0,0,168
SUB_06246,SUB_HIFLD_595,meso_SUB_06246_SUB_HIFLD_595_fwd,300000000.0,41202418.89944246,128747804.6875,0,168
SUB_19234,SUB_19243,meso_SUB_19234_SUB_19243_fwd,300000000.0,32966705.93683103,60687651.229111515,0,168
SUB_10338,SUB_10345,meso_SUB_10338_SUB_10345_fwd,60000000.0,0.0,0.0,0,168
SUB_10338,WEC_CALN,iface_SUB_10338_WEC_CALN_to_ba,5000000.0,5000000.0,5000000.0,168,168
SUB_10212,SUB_10211,meso_SUB_10212_SUB_10211_fwd,6287002.55258172,0.0,0.0,0,168
SUB_25354,SUB_25245,meso_SUB_25354_SUB_25245_fwd,8603732.224228721,3767.6317555645446,204931.45611656256,0,168
SUB_15243,SUB_15203,meso_SUB_15243_SUB_15203_rev,120000000.0,6971513.868687533,10709922.18549385,0,168
SUB_15243,SUB_15230,meso_SUB_15243_SUB_15230_rev,60000000.0,0.0,0.0,0,168
SUB_15243,SUB_15249,meso_SUB_15243_SUB_15249_fwd,60000000.0,126198.07856969189,10695566.701769602,0,168
SUB_25244,SUB_25208,meso_SUB_25244_SUB_25208_rev,80000000.0,0.0,0.0,0,168
SUB_15308,SUB_15226,meso_SUB_15308_SUB_15226_rev,150000000.0,61808054.88350342,90389797.8515625,0,168
SUB_15308,SUB_15276,meso_SUB_15308_SUB_15276_rev,300000000.0,25868673.870449327,80617359.9085857,0,168
SUB_01465,SUB_01343,meso_SUB_01465_SUB_01343_rev,300000000.0,12337716.962556796,25972764.980670102,0,168
SUB_01465,SUB_01391,meso_SUB_01465_SUB_01391_rev,300000000.0,2338159.0550416782,22667437.17783505,0,168
SUB_01465,SUB_01445,meso_SUB_01465_SUB_01445_rev,150000000.0,23529299.30247727,51162310.72809278,0,168
SUB_01465,SUB_01467,meso_SUB_01465_SUB_01467_fwd,400000000.0,11438793.26302439,50222207.03125,0,168
SUB_01465,SUB_01216,meso_SUB_01465_SUB_01216_rev,400000000.0,328525.6293722387,14717143.88692011,0,168
SUB_01465,SUB_01324,meso_SUB_01465_SUB_01324_rev,400000000.0,770331.1170755235,19339163.482664213,0,168
SUB_01465,WEC_CALN,iface_SUB_01465_WEC_CALN_to_ba,850000000.0,0.0,0.0,0,168
SUB_25388,SUB_HIFLD_1833,meso_SUB_25388_SUB_HIFLD_1833_fwd,150000000.0,0.0,0.0,0,168
SUB_08319,SUB_08324,meso_SUB_08319_SUB_08324_fwd,450000000.0,0.0,0.0,0,168
SUB_08319,SUB_08325,meso_SUB_08319_SUB_08325_fwd,150000000.0,56762543.135445796,74106789.67818378,0,168
SUB_08319,SUB_08351,meso_SUB_08319_SUB_08351_fwd,60000000.0,0.0,0.0,0,168
SUB_08319,SUB_08362,meso_SUB_08319_SUB_08362_fwd,150000000.0,25188617.833791666,35102442.46200725,0,168
SUB_08319,SUB_08369,meso_SUB_08319_SUB_08369_fwd,150000000.0,13006862.36509343,17267215.68943299,0,168
SUB_08319,SUB_18238,meso_SUB_08319_SUB_18238_fwd,300000000.0,0.0,0.0,0,168
SUB_08319,SUB_08311,meso_SUB_08319_SUB_08311_rev,5000000.0,341749.86620656285,518571.7395900451,0,168
SUB_04276,SUB_04266,meso_SUB_04276_SUB_04266_rev,60000000.0,0.0,0.0,0,168
SUB_04276,SUB_04295,meso_SUB_04276_SUB_04295_fwd,60000000.0,0.0,0.0,0,168
SUB_04276,SUB_04308,meso_SUB_04276_SUB_04308_fwd,60000000.0,2645077.3064037957,3252308.764900129,0,168
SUB_25234,SUB_25235,meso_SUB_25234_SUB_25235_fwd,210000000.0,833024.7857443222,27362076.273103707,0,168
SUB_25234,SUB_25241,meso_SUB_25234_SUB_25241_fwd,80000000.0,2515823.801545843,80000000.0,3,168
SUB_25234,SUB_25409,meso_SUB_25234_SUB_25409_fwd,60000000.0,46410958.638602406,60000000.0,12,168
SUB_25234,SUB_25453,meso_SUB_25234_SUB_25453_fwd,150000000.0,2448349.0571894967,20795217.847986598,0,168
SUB_25234,SUB_HIFLD_217,meso_SUB_25234_SUB_HIFLD_217_fwd,60000000.0,3025228.2906212052,4673597.9267766215,0,168
SUB_25234,SUB_25229,meso_SUB_25234_SUB_25229_rev,300000000.0,5947766.64069048,15119233.247422678,0,168
SUB_25234,SUB_25294,meso_SUB_25234_SUB_25294_fwd,300000000.0,0.0,0.0,0,168
SUB_25234,SUB_25412,meso_SUB_25234_SUB_25412_fwd,80000000.0,0.0,0.0,0,168
SUB_10254,SUB_10335,meso_SUB_10254_SUB_10335_fwd,60000000.0,7396154.219048102,8324336.181640625,0,168
SUB_25361,SUB_HIFLD_1833,meso_SUB_25361_SUB_HIFLD_1833_fwd,54010706.83741552,0.0,0.0,0,168
SUB_10321,SUB_15375,meso_SUB_10321_SUB_15375_fwd,12209443.514595995,0.0,0.0,0,168
SUB_25219,SUB_25269,meso_SUB_25219_SUB_25269_fwd,80000000.0,0.0,0.0,0,168
SUB_25219,SUB_25281,meso_SUB_25219_SUB_25281_fwd,80000000.0,40337687.37358457,41681541.83105469,0,168
SUB_04263,SUB_04212,meso_SUB_04263_SUB_04212_rev,60000000.0,0.0,0.0,0,168
SUB_04263,SUB_04227,meso_SUB_04263_SUB_04227_rev,60000000.0,1431939.4935154717,10203629.389497424,0,168
SUB_04263,SUB_04337,meso_SUB_04263_SUB_04337_fwd,60000000.0,0.0,0.0,0,168
SUB_16330,SUB_16242,meso_SUB_16330_SUB_16242_rev,120000000.0,0.0,0.0,0,168
SUB_16330,SUB_16312,meso_SUB_16330_SUB_16312_rev,60000000.0,0.0,0.0,0,168
SUB_16330,SUB_16370,meso_SUB_16330_SUB_16370_fwd,60000000.0,2604772.220325949,6651208.118556701,0,168
SUB_01392,SUB_01391,meso_SUB_01392_SUB_01391_rev,60000000.0,11278754.63596557,25527742.42912371,0,168
SUB_01392,SUB_01467,meso_SUB_01392_SUB_01467_fwd,120000000.0,33446399.341144606,50216525.390625,0,168
SUB_01392,SUB_04204,meso_SUB_01392_SUB_04204_fwd,120000000.0,231522.04246757418,13854253.825708767,0,168
SUB_25216,SUB_18266,meso_SUB_25216_SUB_18266_rev,60000000.0,23907199.16769872,37902630.10731082,0,168
SUB_25216,SUB_25238,meso_SUB_25216_SUB_25238_fwd,60000000.0,797484.5404544562,1126756.9315802192,0,168
SUB_01430,SUB_01202,meso_SUB_01430_SUB_01202_rev,150000000.0,0.0,0.0,0,168
SUB_01430,SUB_01353,meso_SUB_01430_SUB_01353_rev,150000000.0,0.0,0.0,0,168
SUB_01430,SUB_01385,meso_SUB_01430_SUB_01385_rev,5000000.0,593089.9714159509,1102018.1872181057,0,168
SUB_01430,SUB_01355,meso_SUB_01430_SUB_01355_rev,5000000.0,1226159.7687202045,2223276.669217139,0,168
SUB_01430,SUB_01296,meso_SUB_01430_SUB_01296_rev,5000000.0,1436501.0631862786,2739137.00064433,0,168
SUB_02411,SUB_02404,meso_SUB_02411_SUB_02404_rev,60000000.0,0.0,0.0,0,168
SUB_02411,SUB_02410,meso_SUB_02411_SUB_02410_rev,60000000.0,5838362.930896245,10185174.37177835,0,168
SUB_01434,SUB_01250,meso_SUB_01434_SUB_01250_rev,150000000.0,0.0,0.0,0,168
SUB_04249,SUB_04248,meso_SUB_04249_SUB_04248_rev,150000000.0,0.0,0.0,0,168
SUB_04349,SUB_04227,meso_SUB_04349_SUB_04227_rev,60000000.0,453087.22232449683,10711413.700064434,0,168
SUB_04349,SUB_04318,meso_SUB_04349_SUB_04318_rev,150000000.0,0.0,0.0,0,168
SUB_04349,SUB_04337,meso_SUB_04349_SUB_04337_rev,150000000.0,0.0,0.0,0,168
SUB_04349,SUB_04347,meso_SUB_04349_SUB_04347_rev,150000000.0,1054823.6620326692,7243989.610180412,0,168
SUB_18222,SUB_18229,meso_SUB_18222_SUB_18229_fwd,60000000.0,8890964.924171384,10778582.07152062,0,168
SUB_18222,SUB_18235,meso_SUB_18222_SUB_18235_fwd,150000000.0,0.0,0.0,0,168
SUB_18222,SUB_18240,meso_SUB_18222_SUB_18240_fwd,210000000.0,16081576.659437131,20398584.48775773,0,168
SUB_18222,SUB_18285,meso_SUB_18222_SUB_18285_fwd,60000000.0,25968614.65374019,31372152.93992122,0,168
SUB_18222,SUB_18238,meso_SUB_18222_SUB_18238_fwd,150000000.0,0.0,0.0,0,168
SUB_19246,SUB_19222,meso_SUB_19246_SUB_19222_rev,60000000.0,13222113.918615188,26461594.099191863,0,168
SUB_19246,SUB_19229,meso_SUB_19246_SUB_19229_rev,60000000.0,0.0,0.0,0,168
SUB_19246,SUB_19231,meso_SUB_19246_SUB_19231_rev,60000000.0,691386.5087075623,1362583.1839964562,0,168
SUB_19246,SUB_19241,meso_SUB_19246_SUB_19241_rev,150000000.0,355437.2294392724,482563.21228656574,0,168
SUB_19246,SUB_19243,meso_SUB_19246_SUB_19243_rev,60000000.0,0.0,0.0,0,168
SUB_19246,SUB_HIFLD_2356,meso_SUB_19246_SUB_HIFLD_2356_fwd,150000000.0,0.0,0.0,0,168
SUB_19246,SUB_10293,meso_SUB_19246_SUB_10293_rev,150000000.0,0.0,0.0,0,168
SUB_04285,SUB_04281,meso_SUB_04285_SUB_04281_rev,60000000.0,0.0,0.0,0,168
SUB_04285,SUB_04286,meso_SUB_04285_SUB_04286_fwd,60000000.0,3188172.9490579404,4159430.2971769255,0,168
SUB_04285,SUB_04316,meso_SUB_04285_SUB_04316_fwd,60000000.0,0.0,0.0,0,168
SUB_01338,SUB_01318,meso_SUB_01338_SUB_01318_fwd,5000000.0,0.0,0.0,0,168
SUB_06344,SUB_06332,meso_SUB_06344_SUB_06332_rev,60000000.0,120119.38507148925,3649192.0707152057,0,168
SUB_06344,SUB_15215,meso_SUB_06344_SUB_15215_fwd,60000000.0,0.0,0.0,0,168
SUB_06344,SUB_06203,meso_SUB_06344_SUB_06203_rev,60000000.0,0.0,0.0,0,168
SUB_16371,SUB_16368,meso_SUB_16371_SUB_16368_rev,860000000.0,0.0,0.0,0,168
SUB_16371,SUB_25430,meso_SUB_16371_SUB_25430_fwd,800000000.0,0.0,0.0,0,168
SUB_16371,SUB_HIFLD_1851,meso_SUB_16371_SUB_HIFLD_1851_fwd,400000000.0,0.0,0.0,0,168
SUB_16371,WEC_CALN,iface_SUB_16371_WEC_CALN_to_ba,20000000.0,0.0,0.0,0,168
SUB_25295,SUB_25268,meso_SUB_25295_SUB_25268_rev,60000000.0,2973855.9168096567,12513725.90096138,0,168
SUB_25295,SUB_25500,meso_SUB_25295_SUB_25500_rev,13281143.865975564,4332120.44180296,12283352.12628866,0,168
SUB_25295,SUB_25273,meso_SUB_25295_SUB_25273_rev,6716844.1774602765,4628173.315828619,5525954.471186726,0,168
SUB_25284,SUB_HIFLD_2511,meso_SUB_25284_SUB_HIFLD_2511_fwd,60000000.0,0.0,0.0,0,168
SUB_25280,SUB_25245,meso_SUB_25280_SUB_25245_rev,80000000.0,0.0,0.0,0,168
SUB_06207,SUB_06202,meso_SUB_06207_SUB_06202_rev,60000000.0,432150.0405359942,7956700.527545104,0,168
SUB_06207,SUB_06205,meso_SUB_06207_SUB_06205_rev,60000000.0,0.0,0.0,0,168
SUB_06207,SUB_06254,meso_SUB_06207_SUB_06254_fwd,60000000.0,1448960.0407382313,23696385.632925153,0,168
SUB_06207,SUB_06277,meso_SUB_06207_SUB_06277_fwd,60000000.0,17002900.4471914,31218365.203848444,0,168
SUB_16362,SUB_16230,meso_SUB_16362_SUB_16230_rev,60000000.0,0.0,0.0,0,168
SUB_16362,SUB_16312,meso_SUB_16362_SUB_16312_rev,60000000.0,0.0,0.0,0,168
SUB_16362,SUB_16372,meso_SUB_16362_SUB_16372_fwd,60000000.0,0.0,0.0,0,168
SUB_04299,SUB_04201,meso_SUB_04299_SUB_04201_rev,150000000.0,0.0,0.0,0,168
SUB_04299,SUB_04248,meso_SUB_04299_SUB_04248_rev,150000000.0,0.0,0.0,0,168
SUB_10327,SUB_HIFLD_2188,meso_SUB_10327_SUB_HIFLD_2188_fwd,5000000.0,0.0,0.0,0,168
SUB_01302,SUB_01233,meso_SUB_01302_SUB_01233_rev,60000000.0,0.0,0.0,0,168
SUB_08301,SUB_08325,meso_SUB_08301_SUB_08325_fwd,60000000.0,0.0,0.0,0,168
SUB_02286,SUB_02210,meso_SUB_02286_SUB_02210_rev,150000000.0,0.0,0.0,0,168
SUB_02286,SUB_02272,meso_SUB_02286_SUB_02272_rev,60000000.0,18792545.214015655,37625035.42381651,0,168
SUB_02286,SUB_02264,meso_SUB_02286_SUB_02264_rev,150000000.0,0.0,0.0,0,168
SUB_02286,SUB_02270,meso_SUB_02286_SUB_02270_rev,60000000.0,577135.4933726068,5103092.783505155,0,168
SUB_02286,SUB_02244,meso_SUB_02286_SUB_02244_rev,5000000.0,1555989.3923175645,2096078.7743637243,0,168
SUB_01426,SUB_01467,meso_SUB_01426_SUB_01467_fwd,150000000.0,0.0,0.0,0,168
SUB_01426,SUB_04204,meso_SUB_01426_SUB_04204_fwd,150000000.0,0.0,0.0,0,168
SUB_01426,SUB_01437,meso_SUB_01426_SUB_01437_rev,13912289.906423923,10000722.50403665,12098865.375322165,0,168
SUB_15206,SUB_15258,meso_SUB_15206_SUB_15258_fwd,120000000.0,18367138.2043292,58253092.927465126,0,168
SUB_15206,SUB_HIFLD_2010,meso_SUB_15206_SUB_HIFLD_2010_fwd,120000000.0,0.0,0.0,0,168
SUB_10252,SUB_10291,meso_SUB_10252_SUB_10291_fwd,60000000.0,0.0,0.0,0,168
SUB_10252,SUB_10309,meso_SUB_10252_SUB_10309_fwd,60000000.0,2164520.7515415736,4866354.401578608,0,168
SUB_15247,SUB_15220,meso_SUB_15247_SUB_15220_rev,60000000.0,0.0,0.0,0,168
SUB_15290,SUB_15215,meso_SUB_15290_SUB_15215_rev,150000000.0,70564.51582736659,6816113.551518352,0,168
SUB_15290,SUB_15375,meso_SUB_15290_SUB_15375_fwd,150000000.0,0.0,0.0,0,168
SUB_15290,SUB_15376,meso_SUB_15290_SUB_15376_fwd,60000000.0,1127826.113809144,15559046.794458764,0,168
SUB_15290,SUB_15378,meso_SUB_15290_SUB_15378_fwd,150000000.0,181965.83197009852,15668439.916237114,0,168
SUB_15257,SUB_15246,meso_SUB_15257_SUB_15246_rev,300000000.0,0.0,0.0,0,168
SUB_15257,SUB_HIFLD_597,meso_SUB_15257_SUB_HIFLD_597_fwd,150000000.0,0.0,0.0,0,168
SUB_02281,SUB_02272,meso_SUB_02281_SUB_02272_rev,60000000.0,0.0,0.0,0,168
SUB_02281,SUB_02410,meso_SUB_02281_SUB_02410_fwd,60000000.0,94046.89887409797,6945938.708118559,0,168
SUB_01432,SUB_01365,meso_SUB_01432_SUB_01365_rev,120000000.0,0.0,0.0,0,168
SUB_01432,SUB_16209,meso_SUB_01432_SUB_16209_fwd,60000000.0,0.0,0.0,0,168
SUB_01432,SUB_16374,meso_SUB_01432_SUB_16374_fwd,60000000.0,0.0,0.0,0,168
SUB_16298,SUB_16282,meso_SUB_16298_SUB_16282_rev,150000000.0,0.0,0.0,0,168
SUB_16298,SUB_16357,meso_SUB_16298_SUB_16357_fwd,300000000.0,9741156.389389075,12087026.82023196,0,168
SUB_16298,SUB_16378,meso_SUB_16298_SUB_16378_fwd,150000000.0,0.0,0.0,0,168
SUB_16298,SUB_16261,meso_SUB_16298_SUB_16261_rev,300000000.0,62714203.22471025,133056579.02184576,0,168
SUB_16298,SUB_16319,meso_SUB_16298_SUB_16319_fwd,150000000.0,788218.3081300042,37519192.80406487,0,168
SUB_04328,SUB_04204,meso_SUB_04328_SUB_04204_rev,300000000.0,0.0,0.0,0,168
SUB_04328,SUB_06380,meso_SUB_04328_SUB_06380_fwd,150000000.0,0.0,0.0,0,168
SUB_04328,SUB_04255,meso_SUB_04328_SUB_04255_rev,5000000.0,572541.485291576,791359.2466374034,0,168
SUB_04328,SUB_04245,meso_SUB_04328_SUB_04245_rev,15678993.01285542,7080960.821602119,10111441.889497424,0,168
SUB_15370,SUB_15244,meso_SUB_15370_SUB_15244_rev,150000000.0,383658.65199539077,3467212.6541598444,0,168
SUB_15203,SUB_15243,meso_SUB_15203_SUB_15243_fwd,120000000.0,0.0,0.0,0,168
SUB_01254,SUB_01211,meso_SUB_01254_SUB_01211_rev,150000000.0,54672116.61717051,66233417.79411817,0,168
SUB_01254,SUB_01318,meso_SUB_01254_SUB_01318_fwd,150000000.0,0.0,0.0,0,168
SUB_01254,SUB_HIFLD_1131,meso_SUB_01254_SUB_HIFLD_1131_fwd,150000000.0,320767.3335763187,3361013.7624838916,0,168
SUB_01254,SUB_01201,meso_SUB_01254_SUB_01201_rev,150000000.0,41075710.84150974,51142044.754116416,0,168
SUB_01254,SUB_01380,meso_SUB_01254_SUB_01380_fwd,450000000.0,0.0,0.0,0,168
SUB_01254,SUB_01352,meso_SUB_01254_SUB_01352_rev,5000000.0,502410.2605670822,730693.1957756121,0,168
SUB_01254,SUB_01267,meso_SUB_01254_SUB_01267_rev,5000000.0,777647.9946730123,1066328.7290592783,0,168
SUB_25468,SUB_25232,meso_SUB_25468_SUB_25232_rev,80000000.0,6174579.273874658,12649501.193823654,0,168
SUB_25468,SUB_18256,meso_SUB_25468_SUB_18256_rev,13542851.782215439,3895174.0940876277,12464167.328156553,0,168
SUB_25468,SUB_25440,meso_SUB_25468_SUB_25440_rev,5000000.0,40258.24228276956,55692.17721211541,0,168
SUB_06381,SUB_06208,meso_SUB_06381_SUB_06208_rev,120000000.0,0.0,0.0,0,168
SUB_04277,SUB_04282,meso_SUB_04277_SUB_04282_fwd,150000000.0,0.0,0.0,0,168
SUB_06283,SUB_06202,meso_SUB_06283_SUB_06202_rev,60000000.0,0.0,0.0,0,168
SUB_06283,SUB_06288,meso_SUB_06283_SUB_06288_fwd,60000000.0,0.0,0.0,0,168
SUB_06283,SUB_10285,meso_SUB_06283_SUB_10285_fwd,120000000.0,579962.300424804,7694833.279639175,0,168
SUB_10326,SUB_10293,meso_SUB_10326_SUB_10293_rev,120000000.0,0.0,0.0,0,168
SUB_10326,SUB_10344,meso_SUB_10326_SUB_10344_fwd,60000000.0,0.0,0.0,0,168
SUB_08377,SUB_08337,meso_SUB_08377_SUB_08337_rev,400000000.0,0.0,0.0,0,168
SUB_08377,SUB_08343,meso_SUB_08377_SUB_08343_rev,400000000.0,0.0,0.0,0,168
SUB_08377,WEC_CALN,iface_SUB_08377_WEC_CALN_to_ba,800000000.0,0.0,0.0,0,168
SUB_01438,SUB_HIFLD_2791,meso_SUB_01438_SUB_HIFLD_2791_fwd,150000000.0,12923023.124365995,64161712.353470825,0,168
SUB_01438,SUB_01376,meso_SUB_01438_SUB_01376_rev,300000000.0,0.0,0.0,0,168
SUB_01438,SUB_HIFLD_28,meso_SUB_01438_SUB_HIFLD_28_fwd,150000000.0,77599730.94530067,150000000.0,11,168
SUB_01438,SUB_HIFLD_3448,meso_SUB_01438_SUB_HIFLD_3448_fwd,150000000.0,27410252.91808177,64827543.06465753,0,168
SUB_25231,SUB_25347,meso_SUB_25231_SUB_25347_fwd,60000000.0,26548408.73790179,60000000.0,1,168
SUB_25231,SUB_25367,meso_SUB_25231_SUB_25367_fwd,150000000.0,0.0,0.0,0,168
SUB_25231,SUB_25446,meso_SUB_25231_SUB_25446_fwd,150000000.0,22801.10508188876,32490.598540945153,0,168
SUB_25231,SUB_25537,meso_SUB_25231_SUB_25537_fwd,80000000.0,90949.08414549944,11232965.028137878,0,168
SUB_25231,SUB_25242,meso_SUB_25231_SUB_25242_fwd,150000000.0,8786004.05441933,41011118.71778351,0,168
SUB_16321,SUB_16207,meso_SUB_16321_SUB_16207_rev,120000000.0,2715032.2375330436,13918099.62951031,0,168
SUB_16321,SUB_16348,meso_SUB_16321_SUB_16348_fwd,120000000.0,0.0,0.0,0,168
SUB_15378,SUB_15290,meso_SUB_15378_SUB_15290_rev,150000000.0,756956.1776544629,11954921.875,0,168
SUB_15378,SUB_15215,meso_SUB_15378_SUB_15215_rev,150000000.0,5036015.928485881,21059503.068546675,0,168
SUB_04246,SUB_04202,meso_SUB_04246_SUB_04202_rev,60000000.0,0.0,0.0,0,168
SUB_04246,SUB_04230,meso_SUB_04246_SUB_04230_rev,60000000.0,0.0,0.0,0,168
SUB_18282,SUB_18257,meso_SUB_18282_SUB_18257_rev,150000000.0,26466488.203939892,33330993.022578105,0,168
SUB_18282,SUB_18260,meso_SUB_18282_SUB_18260_rev,150000000.0,14143152.979309516,37013885.309278354,0,168
SUB_18282,SUB_18267,meso_SUB_18282_SUB_18267_rev,300000000.0,27917845.60501882,91814432.98969072,0,168
SUB_18282,SUB_18281,meso_SUB_18282_SUB_18281_rev,150000000.0,45361307.721474275,54196835.17534555,0,168
SUB_18282,SUB_18301,meso_SUB_18282_SUB_18301_fwd,800000000.0,0.0,0.0,0,168
SUB_18282,SUB_18206,meso_SUB_18282_SUB_18206_rev,150000000.0,29001680.068107028,35199573.1314433,0,168
SUB_18282,WEC_CALN,iface_SUB_18282_WEC_CALN_to_ba,20000000.0,965318.8054831928,20000000.0,7,168
SUB_19239,SUB_19218,meso_SUB_19239_SUB_19218_rev,60000000.0,0.0,0.0,0,168
SUB_19239,SUB_19243,meso_SUB_19239_SUB_19243_fwd,60000000.0,0.0,0.0,0,168
SUB_19239,SUB_19245,meso_SUB_19239_SUB_19245_fwd,60000000.0,0.0,0.0,0,168
SUB_25409,SUB_25234,meso_SUB_25409_SUB_25234_rev,60000000.0,0.0,0.0,0,168
SUB_25409,SUB_HIFLD_2511,meso_SUB_25409_SUB_HIFLD_2511_fwd,60000000.0,16950797.82417187,22015563.087508474,0,168
SUB_25450,SUB_25246,meso_SUB_25450_SUB_25246_rev,150000000.0,335041.5386636291,19560510.6314433,0,168
SUB_25450,SUB_25290,meso_SUB_25450_SUB_25290_rev,300000000.0,0.0,0.0,0,168
SUB_25450,SUB_25318,meso_SUB_25450_SUB_25318_rev,16132904.046452496,11717228.274273751,16132904.046452496,3,168
SUB_25457,SUB_25476,meso_SUB_25457_SUB_25476_fwd,150000000.0,4860932.439692704,16229570.715206185,0,168
SUB_25457,SUB_25526,meso_SUB_25457_SUB_25526_fwd,400000000.0,0.0,0.0,0,168
SUB_25457,WEC_CALN,iface_SUB_25457_WEC_CALN_to_ba,250000000.0,0.0,0.0,0,168
SUB_25431,SUB_25464,meso_SUB_25431_SUB_25464_fwd,16311265.71957324,2570975.0191607582,12949643.054915627,0,168
SUB_01380,SUB_01210,meso_SUB_01380_SUB_01210_rev,150000000.0,5670354.923576006,101586097.83258964,0,168
SUB_01380,SUB_01311,meso_SUB_01380_SUB_01311_rev,150000000.0,98076497.39372388,150000000.0,36,168
SUB_01380,SUB_01318,meso_SUB_01380_SUB_01318_rev,150000000.0,2476875.44498662,3796947.5805246304,0,168
SUB_01380,SUB_01353,meso_SUB_01380_SUB_01353_rev,150000000.0,58891894.375077054,115976432.8036986,0,168
SUB_01380,SUB_01365,meso_SUB_01380_SUB_01365_rev,400000000.0,0.0,0.0,0,168
SUB_01380,SUB_01409,meso_SUB_01380_SUB_01409_fwd,400000000.0,4316810.694356741,39157465.73157183,0,168
SUB_01380,SUB_01423,meso_SUB_01380_SUB_01423_fwd,1200000000.0,0.0,0.0,0,168
SUB_01380,SUB_01467,meso_SUB_01380_SUB_01467_fwd,400000000.0,0.0,0.0,0,168
SUB_01380,SUB_01254,meso_SUB_01380_SUB_01254_rev,450000000.0,134709438.13298547,161969163.31039223,0,168
SUB_01380,SUB_01324,meso_SUB_01380_SUB_01324_rev,400000000.0,0.0,0.0,0,168
SUB_01380,SUB_01416,meso_SUB_01380_SUB_01416_fwd,400000000.0,0.0,0.0,0,168
SUB_01380,SUB_04205,meso_SUB_01380_SUB_04205_fwd,400000000.0,0.0,0.0,0,168
SUB_01380,SUB_04325,meso_SUB_01380_SUB_04325_fwd,400000000.0,187553.9644457514,6193577.273094008,0,168
SUB_01380,WEC_CALN,iface_SUB_01380_WEC_CALN_to_ba,20000000.0,0.0,0.0,0,168
SUB_18226,SUB_18201,meso_SUB_18226_SUB_18201_rev,60000000.0,0.0,0.0,0,168
SUB_18226,SUB_18220,meso_SUB_18226_SUB_18220_rev,60000000.0,0.0,0.0,0,168
SUB_18226,SUB_18230,meso_SUB_18226_SUB_18230_fwd,60000000.0,658690.0728850255,3149116.3116140463,0,168
SUB_25395,SUB_25277,meso_SUB_25395_SUB_25277_rev,150000000.0,0.0,0.0,0,168
SUB_25395,SUB_25337,meso_SUB_25395_SUB_25337_rev,80000000.0,0.0,0.0,0,168
SUB_25395,SUB_25339,meso_SUB_25395_SUB_25339_rev,80000000.0,27433976.481784504,80000000.0,15,168
SUB_25395,SUB_25272,meso_SUB_25395_SUB_25272_rev,150000000.0,0.0,0.0,0,168
SUB_25395,SUB_25545,meso_SUB_25395_SUB_25545_rev,22185812.29071958,0.0,0.0,0,168
SUB_25529,SUB_25241,meso_SUB_25529_SUB_25241_rev,300000000.0,0.0,0.0,0,168
SUB_25529,SUB_25427,meso_SUB_25529_SUB_25427_rev,80000000.0,13056736.987744002,21538975.072808906,0,168
SUB_25529,SUB_25206,meso_SUB_25529_SUB_25206_rev,150000000.0,5245662.480868426,16010477.875081675,0,168
SUB_25529,SUB_25285,meso_SUB_25529_SUB_25285_rev,201483235.22442186,117087698.5101194,179401805.37782335,0,168
SUB_25454,SUB_25290,meso_SUB_25454_SUB_25290_rev,300000000.0,0.0,0.0,0,168
SUB_25454,SUB_25355,meso_SUB_25454_SUB_25355_rev,150000000.0,0.0,0.0,0,168
SUB_18206,SUB_18267,meso_SUB_18206_SUB_18267_fwd,300000000.0,0.0,0.0,0,168
SUB_18206,SUB_18281,meso_SUB_18206_SUB_18281_fwd,150000000.0,0.0,0.0,0,168
SUB_18206,SUB_18282,meso_SUB_18206_SUB_18282_fwd,150000000.0,0.0,0.0,0,168
SUB_25365,SUB_25286,meso_SUB_25365_SUB_25286_rev,150000000.0,610866.2621051912,34690378.16767474,0,168
SUB_25365,SUB_25261,meso_SUB_25365_SUB_25261_rev,150000000.0,0.0,0.0,0,168
SUB_08337,SUB_01223,meso_SUB_08337_SUB_01223_rev,860000000.0,71476856.73287332,176281836.08280635,0,168
SUB_08337,SUB_08202,meso_SUB_08337_SUB_08202_rev,60000000.0,25852042.05285949,60000000.0,39,168
SUB_08337,SUB_08377,meso_SUB_08337_SUB_08377_fwd,400000000.0,0.0,0.0,0,168
SUB_08337,WEC_CALN,iface_SUB_08337_WEC_CALN_to_ba,1080000000.0,0.0,0.0,0,168
SUB_10265,SUB_10249,meso_SUB_10265_SUB_10249_fwd,5000000.0,2327.3759377350784,134287.97301119103,0,168
SUB_10346,SUB_10293,meso_SUB_10346_SUB_10293_rev,150000000.0,49966358.70797294,52442780.029296875,0,168
SUB_HIFLD_1,SUB_HIFLD_1140,meso_SUB_HIFLD_1_SUB_HIFLD_1140_fwd,150000000.0,0.0,0.0,0,168
SUB_HIFLD_1,SUB_HIFLD_28,meso_SUB_HIFLD_1_SUB_HIFLD_28_fwd,150000000.0,0.0,0.0,0,168
SUB_HIFLD_11,SUB_01368,meso_SUB_HIFLD_11_SUB_01368_rev,150000000.0,22315227.68477314,56387109.375,0,168
SUB_HIFLD_11,SUB_HIFLD_2791,meso_SUB_HIFLD_11_SUB_HIFLD_2791_fwd,150000000.0,0.0,0.0,0,168
SUB_HIFLD_11,SUB_HIFLD_2989,meso_SUB_HIFLD_11_SUB_HIFLD_2989_fwd,150000000.0,0.0,0.0,0,168
SUB_HIFLD_11,SUB_HIFLD_3448,meso_SUB_HIFLD_11_SUB_HIFLD_3448_fwd,150000000.0,0.0,0.0,0,168
SUB_HIFLD_28,SUB_01209,meso_SUB_HIFLD_28_SUB_01209_rev,150000000.0,63705659.29234934,70735059.60051547,0,168
SUB_HIFLD_28,SUB_HIFLD_1,meso_SUB_HIFLD_28_SUB_HIFLD_1_rev,150000000.0,8067530.5183603745,33203056.539948452,0,168
SUB_HIFLD_28,SUB_HIFLD_2989,meso_SUB_HIFLD_28_SUB_HIFLD_2989_fwd,150000000.0,6913705.797739381,60609476.36221075,0,168
SUB_HIFLD_28,SUB_HIFLD_3547,meso_SUB_HIFLD_28_SUB_HIFLD_3547_fwd,150000000.0,10891912.101704407,15462730.549291236,0,168
SUB_HIFLD_28,SUB_01311,meso_SUB_HIFLD_28_SUB_01311_rev,300000000.0,0.0,0.0,0,168
SUB_HIFLD_28,SUB_01438,meso_SUB_HIFLD_28_SUB_01438_rev,150000000.0,0.0,0.0,0,168
SUB_HIFLD_28,SUB_HIFLD_3448,meso_SUB_HIFLD_28_SUB_HIFLD_3448_fwd,150000000.0,0.0,0.0,0,168
SUB_HIFLD_30,SUB_01223,meso_SUB_HIFLD_30_SUB_01223_rev,400000000.0,26631411.954359673,178784285.57431713,0,168
SUB_HIFLD_30,SUB_01365,meso_SUB_HIFLD_30_SUB_01365_rev,1200000000.0,0.0,0.0,0,168
SUB_HIFLD_30,SUB_16242,meso_SUB_HIFLD_30_SUB_16242_rev,400000000.0,0.0,0.0,0,168
SUB_HIFLD_30,SUB_16277,meso_SUB_HIFLD_30_SUB_16277_rev,450000000.0,0.0,0.0,0,168
SUB_HIFLD_30,SUB_16391,meso_SUB_HIFLD_30_SUB_16391_rev,400000000.0,0.0,0.0,0,168
SUB_HIFLD_30,SUB_HIFLD_2318,meso_SUB_HIFLD_30_SUB_HIFLD_2318_rev,150000000.0,265631.8116642015,16241112.176658394,0,168
SUB_HIFLD_30,SUB_HIFLD_982,meso_SUB_HIFLD_30_SUB_HIFLD_982_fwd,2750000000.0,0.0,0.0,0,168
SUB_HIFLD_30,SUB_01216,meso_SUB_HIFLD_30_SUB_01216_rev,400000000.0,0.0,0.0,0,168
SUB_HIFLD_30,SUB_01222,meso_SUB_HIFLD_30_SUB_01222_rev,800000000.0,392382511.6137955,800000000.0,5,168
SUB_HIFLD_30,SUB_01324,meso_SUB_HIFLD_30_SUB_01324_rev,400000000.0,0.0,0.0,0,168
SUB_HIFLD_30,SUB_01459,meso_SUB_HIFLD_30_SUB_01459_rev,400000000.0,50966393.677417,100090165.91494845,0,168
SUB_HIFLD_30,SUB_06359,meso_SUB_HIFLD_30_SUB_06359_rev,1500000000.0,4174102.745170607,160331683.09528053,0,168
SUB_HIFLD_30,SUB_16267,meso_SUB_HIFLD_30_SUB_16267_rev,400000000.0,1613927.1640177376,34366982.484626755,0,168
SUB_HIFLD_30,SUB_16288,meso_SUB_HIFLD_30_SUB_16288_rev,3000000000.0,30891731.837739155,89212184.92268041,0,168
SUB_HIFLD_30,SUB_16329,meso_SUB_HIFLD_30_SUB_16329_rev,150000000.0,14195073.701023545,25677577.31958763,0,168
SUB_HIFLD_30,SUB_16348,meso_SUB_HIFLD_30_SUB_16348_rev,800000000.0,4687500.109223596,49018198.5764408,0,168
SUB_HIFLD_30,SUB_16380,meso_SUB_HIFLD_30_SUB_16380_rev,150000000.0,24703138.207804065,42002593.427835055,0,168
SUB_HIFLD_30,SUB_HIFLD_1135,meso_SUB_HIFLD_30_SUB_HIFLD_1135_rev,3000000000.0,0.0,0.0,0,168
SUB_HIFLD_30,WEC_CALN,iface_SUB_HIFLD_30_WEC_CALN_to_ba,7850000000.0,0.0,0.0,0,168
SUB_HIFLD_41,SUB_16216,meso_SUB_HIFLD_41_SUB_16216_rev,150000000.0,95618.02637622962,1990202.199942824,0,168
SUB_HIFLD_41,SUB_HIFLD_2947,meso_SUB_HIFLD_41_SUB_HIFLD_2947_rev,150000000.0,24131987.63847596,33574928.08694631,0,168
SUB_HIFLD_41,SUB_16369,meso_SUB_HIFLD_41_SUB_16369_rev,150000000.0,1179666.8268565657,1513876.2483891752,0,168
SUB_HIFLD_41,SUB_16356,meso_SUB_HIFLD_41_SUB_16356_rev,5000000.0,0.0,0.0,0,168
SUB_HIFLD_48,SUB_18304,meso_SUB_HIFLD_48_SUB_18304_rev,150000000.0,0.0,0.0,0,168
SUB_HIFLD_48,SUB_HIFLD_3903,meso_SUB_HIFLD_48_SUB_HIFLD_3903_rev,150000000.0,0.0,0.0,0,168
SUB_HIFLD_48,SUB_HIFLD_4291,meso_SUB_HIFLD_48_SUB_HIFLD_4291_rev,150000000.0,0.0,0.0,0,168
SUB_HIFLD_48,SUB_18310,meso_SUB_HIFLD_48_SUB_18310_rev,150000000.0,6810698.011185465,8328213.091978093,0,168
SUB_HIFLD_135,SUB_HIFLD_3267,meso_SUB_HIFLD_135_SUB_HIFLD_3267_fwd,80000000.0,0.0,0.0,0,168
SUB_HIFLD_135,SUB_HIFLD_136,meso_SUB_HIFLD_135_SUB_HIFLD_136_fwd,160000000.0,0.0,0.0,0,168
SUB_HIFLD_135,SUB_HIFLD_140,meso_SUB_HIFLD_135_SUB_HIFLD_140_fwd,80000000.0,0.0,0.0,0,168
SUB_HIFLD_136,SUB_HIFLD_141,meso_SUB_HIFLD_136_SUB_HIFLD_141_fwd,150000000.0,0.0,0.0,0,168
SUB_HIFLD_136,SUB_HIFLD_3269,meso_SUB_HIFLD_136_SUB_HIFLD_3269_fwd,80000000.0,0.0,0.0,0,168
SUB_HIFLD_136,SUB_HIFLD_3270,meso_SUB_HIFLD_136_SUB_HIFLD_3270_fwd,80000000.0,0.0,0.0,0,168
SUB_HIFLD_136,SUB_HIFLD_135,meso_SUB_HIFLD_136_SUB_HIFLD_135_rev,160000000.0,0.0,0.0,0,168
SUB_HIFLD_136,SUB_HIFLD_138,meso_SUB_HIFLD_136_SUB_HIFLD_138_fwd,80000000.0,0.0,0.0,0,168
SUB_HIFLD_136,SUB_HIFLD_142,meso_SUB_HIFLD_136_SUB_HIFLD_142_fwd,160000000.0,0.0,0.0,0,168
SUB_HIFLD_138,SUB_HIFLD_3269,meso_SUB_HIFLD_138_SUB_HIFLD_3269_fwd,80000000.0,0.0,0.0,0,168
SUB_HIFLD_138,SUB_HIFLD_136,meso_SUB_HIFLD_138_SUB_HIFLD_136_rev,80000000.0,0.0,0.0,0,168
SUB_HIFLD_139,SUB_HIFLD_146,meso_SUB_HIFLD_139_SUB_HIFLD_146_fwd,80000000.0,0.0,0.0,0,168
SUB_HIFLD_139,SUB_HIFLD_3268,meso_SUB_HIFLD_139_SUB_HIFLD_3268_fwd,80000000.0,0.0,0.0,0,168
SUB_HIFLD_139,SUB_HIFLD_142,meso_SUB_HIFLD_139_SUB_HIFLD_142_fwd,160000000.0,0.0,0.0,0,168
SUB_HIFLD_140,SUB_HIFLD_3268,meso_SUB_HIFLD_140_SUB_HIFLD_3268_fwd,80000000.0,0.0,0.0,0,168
SUB_HIFLD_140,SUB_HIFLD_135,meso_SUB_HIFLD_140_SUB_HIFLD_135_rev,80000000.0,0.0,0.0,0,168
SUB_HIFLD_140,SUB_HIFLD_142,meso_SUB_HIFLD_140_SUB_HIFLD_142_fwd,80000000.0,0.0,0.0,0,168
SUB_HIFLD_141,SUB_HIFLD_136,meso_SUB_HIFLD_141_SUB_HIFLD_136_rev,150000000.0,0.0,0.0,0,168
SUB_HIFLD_142,SUB_HIFLD_3268,meso_SUB_HIFLD_142_SUB_HIFLD_3268_fwd,80000000.0,360788.77251371776,1663659.164586018,0,168
SUB_HIFLD_142,SUB_HIFLD_3269,meso_SUB_HIFLD_142_SUB_HIFLD_3269_fwd,80000000.0,206218.09776354846,1778607.7465568627,0,168
SUB_HIFLD_142,SUB_HIFLD_136,meso_SUB_HIFLD_142_SUB_HIFLD_136_rev,160000000.0,242013.9388326459,835132.9056258054,0,168
SUB_HIFLD_142,SUB_HIFLD_139,meso_SUB_HIFLD_142_SUB_HIFLD_139_rev,160000000.0,142363.50918612062,181291.79649746296,0,168
SUB_HIFLD_142,SUB_HIFLD_140,meso_SUB_HIFLD_142_SUB_HIFLD_140_rev,80000000.0,768427.84455739,1516380.57748067,0,168
SUB_HIFLD_142,WEC_CALN,iface_SUB_HIFLD_142_WEC_CALN_to_ba,5000000.0,0.0,0.0,0,168
SUB_HIFLD_146,SUB_HIFLD_139,meso_SUB_HIFLD_146_SUB_HIFLD_139_rev,80000000.0,0.0,0.0,0,168
SUB_HIFLD_147,SUB_HIFLD_148,meso_SUB_HIFLD_147_SUB_HIFLD_148_fwd,60000000.0,0.0,0.0,0,168
SUB_HIFLD_148,SUB_HIFLD_147,meso_SUB_HIFLD_148_SUB_HIFLD_147_rev,60000000.0,9317114.055042991,13351909.834085053,0,168
SUB_HIFLD_148,SUB_HIFLD_3065,meso_SUB_HIFLD_148_SUB_HIFLD_3065_fwd,31564453.056745507,0.0,0.0,0,168
SUB_HIFLD_189,SUB_HIFLD_217,meso_SUB_HIFLD_189_SUB_HIFLD_217_fwd,60000000.0,0.0,0.0,0,168
SUB_HIFLD_189,SUB_25406,meso_SUB_HIFLD_189_SUB_25406_rev,5000000.0,803682.755922578,1144713.09701192,0,168
SUB_HIFLD_217,SUB_25234,meso_SUB_HIFLD_217_SUB_25234_rev,60000000.0,0.0,0.0,0,168
SUB_HIFLD_217,SUB_HIFLD_189,meso_SUB_HIFLD_217_SUB_HIFLD_189_rev,60000000.0,828538.9236315237,1180116.5948576494,0,168
SUB_HIFLD_217,SUB_25460,meso_SUB_HIFLD_217_SUB_25460_rev,5000000.0,2105932.518271046,3371302.150451031,0,168
SUB_HIFLD_255,SUB_19222,meso_SUB_HIFLD_255_SUB_19222_rev,150000000.0,1737986.5952923887,2231566.247055211,0,168
SUB_HIFLD_255,SUB_19231,meso_SUB_HIFLD_255_SUB_19231_rev,150000000.0,434969.42346916517,1361842.3304606958,0,168
SUB_HIFLD_255,SUB_19232,meso_SUB_HIFLD_255_SUB_19232_rev,5000000.0,267043.98123844614,336082.4742268041,0,168
SUB_HIFLD_273,SUB_19217,meso_SUB_HIFLD_273_SUB_19217_rev,60000000.0,0.0,0.0,0,168
SUB_HIFLD_326,SUB_HIFLD_1248,meso_SUB_HIFLD_326_SUB_HIFLD_1248_rev,80000000.0,0.0,0.0,0,168
SUB_HIFLD_326,SUB_HIFLD_364,meso_SUB_HIFLD_326_SUB_HIFLD_364_fwd,80000000.0,0.0,0.0,0,168
SUB_HIFLD_335,SUB_25293,meso_SUB_HIFLD_335_SUB_25293_rev,160000000.0,47175107.470711835,87000000.0,0,168
SUB_HIFLD_335,SUB_HIFLD_364,meso_SUB_HIFLD_335_SUB_HIFLD_364_fwd,80000000.0,0.0,0.0,0,168
SUB_HIFLD_364,SUB_HIFLD_1248,meso_SUB_HIFLD_364_SUB_HIFLD_1248_rev,80000000.0,0.0,0.0,0,168
SUB_HIFLD_364,SUB_HIFLD_326,meso_SUB_HIFLD_364_SUB_HIFLD_326_rev,80000000.0,0.0,0.0,0,168
SUB_HIFLD_364,SUB_HIFLD_335,meso_SUB_HIFLD_364_SUB_HIFLD_335_rev,80000000.0,0.0,0.0,0,168
SUB_HIFLD_369,SUB_25391,meso_SUB_HIFLD_369_SUB_25391_fwd,5000000.0,0.0,0.0,0,168
SUB_HIFLD_411,SUB_25297,meso_SUB_HIFLD_411_SUB_25297_rev,80000000.0,0.0,0.0,0,168
SUB_HIFLD_411,SUB_25429,meso_SUB_HIFLD_411_SUB_25429_rev,12009059.015589314,11309248.1005529,12009059.015589314,65,168
SUB_HIFLD_459,SUB_HIFLD_2722,meso_SUB_HIFLD_459_SUB_HIFLD_2722_rev,60000000.0,0.0,0.0,0,168
SUB_HIFLD_459,SUB_25371,meso_SUB_HIFLD_459_SUB_25371_rev,5000000.0,2274442.5665471973,3187423.4858247424,0,168
SUB_HIFLD_464,WEC_CALN,iface_SUB_HIFLD_464_WEC_CALN_to_ba,5000000.0,0.0,0.0,0,168
SUB_HIFLD_481,SUB_HIFLD_1860,meso_SUB_HIFLD_481_SUB_HIFLD_1860_rev,80000000.0,0.0,0.0,0,168
SUB_HIFLD_481,SUB_HIFLD_1864,meso_SUB_HIFLD_481_SUB_HIFLD_1864_rev,160000000.0,0.0,0.0,0,168
SUB_HIFLD_482,SUB_10236,meso_SUB_HIFLD_482_SUB_10236_rev,60000000.0,0.0,0.0,0,168
SUB_HIFLD_482,SUB_10330,meso_SUB_HIFLD_482_SUB_10330_rev,60000000.0,0.0,0.0,0,168
SUB_HIFLD_482,SUB_10355,meso_SUB_HIFLD_482_SUB_10355_rev,60000000.0,11189248.934582956,12521159.675048828,0,168
SUB_HIFLD_523,SUB_10255,meso_SUB_HIFLD_523_SUB_10255_rev,60000000.0,0.0,0.0,0,168
SUB_HIFLD_523,SUB_HIFLD_1327,meso_SUB_HIFLD_523_SUB_HIFLD_1327_rev,60000000.0,0.0,0.0,0,168
SUB_HIFLD_523,SUB_HIFLD_4077,meso_SUB_HIFLD_523_SUB_HIFLD_4077_rev,5000000.0,0.0,0.0,0,168
SUB_HIFLD_595,SUB_06204,meso_SUB_HIFLD_595_SUB_06204_rev,150000000.0,67680293.48964189,124293515.72665916,0,168
SUB_HIFLD_595,SUB_06246,meso_SUB_HIFLD_595_SUB_06246_rev,300000000.0,41129.5692769698,6909767.638530927,0,168
SUB_HIFLD_595,SUB_06313,meso_SUB_HIFLD_595_SUB_06313_rev,300000000.0,50852237.18360381,104294462.91449675,0,168
SUB_HIFLD_595,SUB_15375,meso_SUB_HIFLD_595_SUB_15375_rev,150000000.0,1303304.6895909794,32179428.763645966,0,168
SUB_HIFLD_595,SUB_16368,meso_SUB_HIFLD_595_SUB_16368_rev,400000000.0,0.0,0.0,0,168
SUB_HIFLD_597,SUB_HIFLD_4127,meso_SUB_HIFLD_597_SUB_HIFLD_4127_rev,150000000.0,0.0,0.0,0,168
SUB_HIFLD_597,SUB_15226,meso_SUB_HIFLD_597_SUB_15226_rev,300000000.0,0.0,0.0,0,168
SUB_HIFLD_597,SUB_15246,meso_SUB_HIFLD_597_SUB_15246_rev,150000000.0,11784866.212517908,87037303.093993,0,168
SUB_HIFLD_597,SUB_15257,meso_SUB_HIFLD_597_SUB_15257_rev,150000000.0,13225984.703201203,42501779.961340204,0,168
SUB_HIFLD_597,SUB_15361,meso_SUB_HIFLD_597_SUB_15361_rev,300000000.0,65195928.65521728,167630487.1145415,0,168
SUB_HIFLD_597,SUB_16368,meso_SUB_HIFLD_597_SUB_16368_rev,150000000.0,7320338.927879904,116919568.54511164,0,168
SUB_HIFLD_597,SUB_16391,meso_SUB_HIFLD_597_SUB_16391_rev,800000000.0,213974.26482500663,18812828.705386087,0,168
SUB_HIFLD_597,SUB_HIFLD_2010,meso_SUB_HIFLD_597_SUB_HIFLD_2010_rev,150000000.0,158715.6967095333,7488740.44974024,0,168
SUB_HIFLD_597,WEC_CALN,iface_SUB_HIFLD_597_WEC_CALN_to_ba,1441402012.6795325,225334.75692078716,17840951.596721176,0,168
SUB_HIFLD_659,SUB_15376,meso_SUB_HIFLD_659_SUB_15376_rev,60000000.0,16157508.599966774,19400000.0,0,168
SUB_HIFLD_659,WEC_CALN,iface_SUB_HIFLD_659_WEC_CALN_to_ba,20000000.0,0.0,0.0,0,168
SUB_HIFLD_982,SUB_01435,meso_SUB_HIFLD_982_SUB_01435_rev,150000000.0,11499895.298124827,150000000.0,8,168
SUB_HIFLD_982,SUB_16237,meso_SUB_HIFLD_982_SUB_16237_rev,150000000.0,34983401.54659758,102340008.52740727,0,168
SUB_HIFLD_982,SUB_16348,meso_SUB_HIFLD_982_SUB_16348_rev,400000000.0,7340746.481202927,83193561.09307066,0,168
SUB_HIFLD_982,SUB_25367,meso_SUB_HIFLD_982_SUB_25367_rev,2050000000.0,0.0,0.0,0,168
SUB_HIFLD_982,SUB_HIFLD_30,meso_SUB_HIFLD_982_SUB_HIFLD_30_rev,2750000000.0,5374136.278953165,394858148.5593433,0,168
SUB_HIFLD_982,WEC_CALN,iface_SUB_HIFLD_982_WEC_CALN_to_ba,20000000.0,0.0,0.0,0,168
SUB_HIFLD_1062,SUB_10349,meso_SUB_HIFLD_1062_SUB_10349_fwd,5000000.0,0.0,0.0,0,168
SUB_HIFLD_1131,SUB_01201,meso_SUB_HIFLD_1131_SUB_01201_rev,150000000.0,695294.4695846734,17596955.791015625,0,168
SUB_HIFLD_1131,SUB_01254,meso_SUB_HIFLD_1131_SUB_01254_rev,150000000.0,0.0,0.0,0,168
SUB_HIFLD_1131,SUB_HIFLD_1139,meso_SUB_HIFLD_1131_SUB_HIFLD_1139_fwd,150000000.0,0.0,0.0,0,168
SUB_HIFLD_1135,SUB_16374,meso_SUB_HIFLD_1135_SUB_16374_rev,60000000.0,0.0,0.0,0,168
SUB_HIFLD_1135,SUB_16288,meso_SUB_HIFLD_1135_SUB_16288_rev,1500000000.0,12571402.403512942,63450684.600515455,0,168
SUB_HIFLD_1135,SUB_HIFLD_30,meso_SUB_HIFLD_1135_SUB_HIFLD_30_fwd,3000000000.0,0.0,0.0,0,168
SUB_HIFLD_1139,SUB_HIFLD_1140,meso_SUB_HIFLD_1139_SUB_HIFLD_1140_fwd,150000000.0,26725355.34054226,35435169.23416077,0,168
SUB_HIFLD_1139,SUB_HIFLD_4231,meso_SUB_HIFLD_1139_SUB_HIFLD_4231_fwd,150000000.0,4879810.744238913,23303953.47736791,0,168
SUB_HIFLD_1139,SUB_HIFLD_1131,meso_SUB_HIFLD_1139_SUB_HIFLD_1131_rev,150000000.0,3126939.710537451,20940273.36702642,0,168
SUB_HIFLD_1140,SUB_HIFLD_1,meso_SUB_HIFLD_1140_SUB_HIFLD_1_rev,150000000.0,15328204.127986891,23696220.602448452,0,168
SUB_HIFLD_1140,SUB_HIFLD_1139,meso_SUB_HIFLD_1140_SUB_HIFLD_1139_rev,150000000.0,0.0,0.0,0,168
SUB_HIFLD_1153,SUB_HIFLD_1833,meso_SUB_HIFLD_1153_SUB_HIFLD_1833_fwd,150000000.0,0.0,0.0,0,168
SUB_HIFLD_1153,SUB_HIFLD_2705,meso_SUB_HIFLD_1153_SUB_HIFLD_2705_fwd,150000000.0,0.0,0.0,0,168
SUB_HIFLD_1153,SUB_HIFLD_3623,meso_SUB_HIFLD_1153_SUB_HIFLD_3623_fwd,150000000.0,0.0,0.0,0,168
SUB_HIFLD_1232,SUB_25277,meso_SUB_HIFLD_1232_SUB_25277_rev,80000000.0,3006599.080476468,9960000.0,0,168
SUB_HIFLD_1232,SUB_25297,meso_SUB_HIFLD_1232_SUB_25297_rev,80000000.0,6953400.919523532,9960000.0,0,168
SUB_HIFLD_1248,SUB_HIFLD_326,meso_SUB_HIFLD_1248_SUB_HIFLD_326_fwd,80000000.0,0.0,0.0,0,168
SUB_HIFLD_1248,SUB_HIFLD_364,meso_SUB_HIFLD_1248_SUB_HIFLD_364_fwd,80000000.0,0.0,0.0,0,168
SUB_HIFLD_1294,SUB_10372,meso_SUB_HIFLD_1294_SUB_10372_rev,400000000.0,32777898.78292311,32789208.375930786,0,168
SUB_HIFLD_1294,SUB_HIFLD_1295,meso_SUB_HIFLD_1294_SUB_HIFLD_1295_rev,5000000.0,0.0,0.0,0,168
SUB_HIFLD_1295,SUB_HIFLD_1294,meso_SUB_HIFLD_1295_SUB_HIFLD_1294_fwd,5000000.0,5000000.0,5000000.0,168,168
SUB_HIFLD_1297,SUB_10132,meso_SUB_HIFLD_1297_SUB_10132_rev,400000000.0,0.0,0.0,0,168
SUB_HIFLD_1297,WEC_CALN,iface_SUB_HIFLD_1297_WEC_CALN_to_ba,400000000.0,68773631.99682462,68782921.71859741,0,168
SUB_HIFLD_1327,SUB_HIFLD_2193,meso_SUB_HIFLD_1327_SUB_HIFLD_2193_fwd,60000000.0,0.0,0.0,0,168
SUB_HIFLD_1327,SUB_HIFLD_3082,meso_SUB_HIFLD_1327_SUB_HIFLD_3082_fwd,60000000.0,0.0,0.0,0,168
SUB_HIFLD_1327,SUB_HIFLD_523,meso_SUB_HIFLD_1327_SUB_HIFLD_523_fwd,60000000.0,0.0,0.0,0,168
SUB_HIFLD_1332,SUB_HIFLD_2003,meso_SUB_HIFLD_1332_SUB_HIFLD_2003_fwd,60000000.0,1980771.913302943,2974812.489932345,0,168
SUB_HIFLD_1332,SUB_HIFLD_2009,meso_SUB_HIFLD_1332_SUB_HIFLD_2009_fwd,60000000.0,0.0,0.0,0,168
SUB_HIFLD_1332,SUB_HIFLD_2751,meso_SUB_HIFLD_1332_SUB_HIFLD_2751_fwd,60000000.0,1618676.6447796454,3630680.9258215204,0,168
SUB_HIFLD_1333,SUB_HIFLD_1917,meso_SUB_HIFLD_1333_SUB_HIFLD_1917_fwd,60000000.0,0.0,0.0,0,168
SUB_HIFLD_1333,SUB_HIFLD_2005,meso_SUB_HIFLD_1333_SUB_HIFLD_2005_fwd,60000000.0,13977552.433410421,19202412.779654063,0,168
SUB_HIFLD_1333,SUB_HIFLD_2009,meso_SUB_HIFLD_1333_SUB_HIFLD_2009_fwd,60000000.0,5388164.658950957,10112216.006752962,0,168
SUB_HIFLD_1357,SUB_06364,meso_SUB_HIFLD_1357_SUB_06364_rev,1010000000.0,41873414.77585823,86681605.64567967,0,168
SUB_HIFLD_1357,SUB_10225,meso_SUB_HIFLD_1357_SUB_10225_rev,800000000.0,0.0,0.0,0,168
SUB_HIFLD_1357,SUB_HIFLD_2010,meso_SUB_HIFLD_1357_SUB_HIFLD_2010_fwd,400000000.0,64656983.75815149,165948954.81435245,0,168
SUB_HIFLD_1357,WEC_CALN,iface_SUB_HIFLD_1357_WEC_CALN_to_ba,20000000.0,688754.9681453491,20000000.0,5,168
SUB_HIFLD_1360,SUB_04350,meso_SUB_HIFLD_1360_SUB_04350_rev,19717187.894974396,4850000.0,4850000.0,0,168
SUB_HIFLD_1360,WEC_CALN,iface_SUB_HIFLD_1360_WEC_CALN_to_ba,5000000.0,0.0,0.0,0,168
SUB_HIFLD_1396,WEC_CALN,iface_SUB_HIFLD_1396_WEC_CALN_to_ba,5000000.0,0.0,0.0,0,168
SUB_HIFLD_1418,SUB_HIFLD_2058,meso_SUB_HIFLD_1418_SUB_HIFLD_2058_fwd,120000000.0,0.0,0.0,0,168
SUB_HIFLD_1418,SUB_HIFLD_2062,meso_SUB_HIFLD_1418_SUB_HIFLD_2062_fwd,60000000.0,3533537.862664784,18439063.562552724,0,168
SUB_HIFLD_1418,SUB_02402,meso_SUB_HIFLD_1418_SUB_02402_rev,50275614.09022589,32982154.267151445,44333754.832474224,0,168
SUB_HIFLD_1423,SUB_01222,meso_SUB_HIFLD_1423_SUB_01222_rev,300000000.0,0.0,0.0,0,168
SUB_HIFLD_1423,SUB_08246,meso_SUB_HIFLD_1423_SUB_08246_rev,150000000.0,0.0,0.0,0,168
SUB_HIFLD_1423,SUB_HIFLD_2117,meso_SUB_HIFLD_1423_SUB_HIFLD_2117_fwd,150000000.0,0.0,0.0,0,168
SUB_HIFLD_1423,SUB_HIFLD_3161,meso_SUB_HIFLD_1423_SUB_HIFLD_3161_fwd,60000000.0,0.0,0.0,0,168
SUB_HIFLD_1423,SUB_HIFLD_3263,meso_SUB_HIFLD_1423_SUB_HIFLD_3263_fwd,150000000.0,0.0,0.0,0,168
SUB_HIFLD_1423,SUB_HIFLD_3165,meso_SUB_HIFLD_1423_SUB_HIFLD_3165_fwd,300000000.0,0.0,0.0,0,168
SUB_HIFLD_1423,SUB_HIFLD_3170,meso_SUB_HIFLD_1423_SUB_HIFLD_3170_fwd,300000000.0,0.0,0.0,0,168
SUB_HIFLD_1815,SUB_04341,meso_SUB_HIFLD_1815_SUB_04341_fwd,5000000.0,1400000.0,1400000.0,0,168
SUB_HIFLD_1823,SUB_04341,meso_SUB_HIFLD_1823_SUB_04341_fwd,5000000.0,0.0,0.0,0,168
SUB_HIFLD_1827,SUB_04341,meso_SUB_HIFLD_1827_SUB_04341_rev,300000000.0,0.0,0.0,0,168
SUB_HIFLD_1827,SUB_HIFLD_3212,meso_SUB_HIFLD_1827_SUB_HIFLD_3212_fwd,150000000.0,0.0,0.0,0,168
SUB_HIFLD_1829,SUB_25470,meso_SUB_HIFLD_1829_SUB_25470_rev,150000000.0,4855084.8712464515,20838367.831829898,0,168
SUB_HIFLD_1829,SUB_HIFLD_2705,meso_SUB_HIFLD_1829_SUB_HIFLD_2705_fwd,150000000.0,0.0,0.0,0,168
SUB_HIFLD_1829,SUB_HIFLD_1844,meso_SUB_HIFLD_1829_SUB_HIFLD_1844_fwd,150000000.0,0.0,0.0,0,168
SUB_HIFLD_1832,SUB_HIFLD_3356,meso_SUB_HIFLD_1832_SUB_HIFLD_3356_fwd,150000000.0,7899.448939732138,271184.5703125,0,168
SUB_HIFLD_1832,SUB_HIFLD_1848,meso_SUB_HIFLD_1832_SUB_HIFLD_1848_fwd,150000000.0,0.0,0.0,0,168
SUB_HIFLD_1832,WEC_CALN,iface_SUB_HIFLD_1832_WEC_CALN_to_ba,5000000.0,0.0,0.0,0,168
SUB_HIFLD_1833,SUB_25388,meso_SUB_HIFLD_1833_SUB_25388_rev,150000000.0,37587427.39539387,60354213.79522165,0,168
SUB_HIFLD_1833,SUB_HIFLD_1153,meso_SUB_HIFLD_1833_SUB_HIFLD_1153_rev,150000000.0,6998621.241182796,13459079.010953609,0,168
SUB_HIFLD_1833,SUB_HIFLD_1840,meso_SUB_HIFLD_1833_SUB_HIFLD_1840_fwd,150000000.0,0.0,0.0,0,168
SUB_HIFLD_1833,SUB_HIFLD_3623,meso_SUB_HIFLD_1833_SUB_HIFLD_3623_fwd,150000000.0,13175799.560014341,30471940.21141659,0,168
SUB_HIFLD_1833,SUB_HIFLD_1836,meso_SUB_HIFLD_1833_SUB_HIFLD_1836_fwd,150000000.0,2464413.0702537596,3646903.441124356,0,168
SUB_HIFLD_1833,SUB_HIFLD_1851,meso_SUB_HIFLD_1833_SUB_HIFLD_1851_fwd,150000000.0,0.0,0.0,0,168
SUB_HIFLD_1833,SUB_HIFLD_2705,meso_SUB_HIFLD_1833_SUB_HIFLD_2705_fwd,150000000.0,0.0,0.0,0,168
SUB_HIFLD_1833,SUB_25361,meso_SUB_HIFLD_1833_SUB_25361_rev,54010706.83741552,30337337.83884849,51034097.13273196,0,168
SUB_HIFLD_1836,SUB_HIFLD_3623,meso_SUB_HIFLD_1836_SUB_HIFLD_3623_fwd,150000000.0,0.0,0.0,0,168
SUB_HIFLD_1836,SUB_HIFLD_1833,meso_SUB_HIFLD_1836_SUB_HIFLD_1833_rev,150000000.0,0.0,0.0,0,168
SUB_HIFLD_1840,SUB_HIFLD_1833,meso_SUB_HIFLD_1840_SUB_HIFLD_1833_rev,150000000.0,1593960.130114444,35054085.19707611,0,168
SUB_HIFLD_1840,SUB_HIFLD_1851,meso_SUB_HIFLD_1840_SUB_HIFLD_1851_fwd,150000000.0,0.0,0.0,0,168
SUB_HIFLD_1844,SUB_HIFLD_1829,meso_SUB_HIFLD_1844_SUB_HIFLD_1829_rev,150000000.0,0.0,0.0,0,168
SUB_HIFLD_1844,SUB_HIFLD_2705,meso_SUB_HIFLD_1844_SUB_HIFLD_2705_fwd,150000000.0,0.0,0.0,0,168
SUB_HIFLD_1844,SUB_25226,meso_SUB_HIFLD_1844_SUB_25226_rev,25345408.237502392,16282513.952091387,24928394.81314433,0,168
SUB_HIFLD_1845,SUB_25245,meso_SUB_HIFLD_1845_SUB_25245_rev,60000000.0,1669677.18230925,26299635.968416095,0,168
SUB_HIFLD_1845,SUB_25281,meso_SUB_HIFLD_1845_SUB_25281_rev,140000000.0,0.0,0.0,0,168
SUB_HIFLD_1845,SUB_HIFLD_1851,meso_SUB_HIFLD_1845_SUB_HIFLD_1851_fwd,150000000.0,0.0,0.0,0,168
SUB_HIFLD_1845,SUB_HIFLD_2705,meso_SUB_HIFLD_1845_SUB_HIFLD_2705_fwd,150000000.0,36737901.68883768,62001451.19026214,0,168
SUB_HIFLD_1848,SUB_HIFLD_3356,meso_SUB_HIFLD_1848_SUB_HIFLD_3356_fwd,150000000.0,0.0,0.0,0,168
SUB_HIFLD_1848,SUB_HIFLD_1832,meso_SUB_HIFLD_1848_SUB_HIFLD_1832_rev,150000000.0,0.0,0.0,0,168
SUB_HIFLD_1851,SUB_16371,meso_SUB_HIFLD_1851_SUB_16371_rev,400000000.0,4286219.180571385,25081064.75515464,0,168
SUB_HIFLD_1851,SUB_25242,meso_SUB_HIFLD_1851_SUB_25242_rev,150000000.0,19723401.893062953,41008090.36726804,0,168
SUB_HIFLD_1851,SUB_25245,meso_SUB_HIFLD_1851_SUB_25245_rev,300000000.0,46858495.86472751,107950712.98383293,0,168
SUB_HIFLD_1851,SUB_25430,meso_SUB_HIFLD_1851_SUB_25430_rev,400000000.0,0.0,0.0,0,168
SUB_HIFLD_1851,SUB_25461,meso_SUB_HIFLD_1851_SUB_25461_rev,400000000.0,0.0,0.0,0,168
SUB_HIFLD_1851,SUB_25536,meso_SUB_HIFLD_1851_SUB_25536_rev,300000000.0,1015439.4473164643,20034926.707474228,0,168
SUB_HIFLD_1851,SUB_HIFLD_1840,meso_SUB_HIFLD_1851_SUB_HIFLD_1840_rev,150000000.0,12023031.55840491,49624332.75793929,0,168
SUB_HIFLD_1851,SUB_HIFLD_1845,meso_SUB_HIFLD_1851_SUB_HIFLD_1845_rev,150000000.0,1327146.8969844133,31481135.95177284,0,168
SUB_HIFLD_1851,SUB_25512,meso_SUB_HIFLD_1851_SUB_25512_rev,400000000.0,43038334.695988156,74557731.85497263,0,168
SUB_HIFLD_1851,SUB_HIFLD_1833,meso_SUB_HIFLD_1851_SUB_HIFLD_1833_rev,150000000.0,110436437.95663938,150000000.0,32,168
SUB_HIFLD_1851,WEC_CALN,iface_SUB_HIFLD_1851_WEC_CALN_to_ba,1600000000.0,0.0,0.0,0,168
SUB_HIFLD_1853,SUB_HIFLD_1866,meso_SUB_HIFLD_1853_SUB_HIFLD_1866_fwd,80000000.0,219398.9140880886,277514.1135933473,0,168
SUB_HIFLD_1853,SUB_HIFLD_1867,meso_SUB_HIFLD_1853_SUB_HIFLD_1867_fwd,80000000.0,0.0,0.0,0,168
SUB_HIFLD_1854,SUB_HIFLD_1856,meso_SUB_HIFLD_1854_SUB_HIFLD_1856_fwd,80000000.0,303608.4363784753,380788.11488200707,0,168
SUB_HIFLD_1854,SUB_HIFLD_2514,meso_SUB_HIFLD_1854_SUB_HIFLD_2514_fwd,400000000.0,0.0,0.0,0,168
SUB_HIFLD_1854,SUB_HIFLD_3436,meso_SUB_HIFLD_1854_SUB_HIFLD_3436_fwd,80000000.0,323654.8589969535,405968.67197567655,0,168
SUB_HIFLD_1854,SUB_HIFLD_1862,meso_SUB_HIFLD_1854_SUB_HIFLD_1862_fwd,400000000.0,0.0,0.0,0,168
SUB_HIFLD_1854,WEC_CALN,iface_SUB_HIFLD_1854_WEC_CALN_to_ba,20000000.0,0.0,0.0,0,168
SUB_HIFLD_1856,SUB_HIFLD_1854,meso_SUB_HIFLD_1856_SUB_HIFLD_1854_rev,80000000.0,0.0,0.0,0,168
SUB_HIFLD_1860,SUB_HIFLD_3104,meso_SUB_HIFLD_1860_SUB_HIFLD_3104_fwd,80000000.0,0.0,0.0,0,168
SUB_HIFLD_1860,SUB_HIFLD_481,meso_SUB_HIFLD_1860_SUB_HIFLD_481_fwd,80000000.0,0.0,0.0,0,168
SUB_HIFLD_1862,SUB_HIFLD_1854,meso_SUB_HIFLD_1862_SUB_HIFLD_1854_rev,400000000.0,1695816.946849404,2630716.3637063745,0,168
SUB_HIFLD_1862,SUB_10372,meso_SUB_HIFLD_1862_SUB_10372_fwd,6658169.239684471,0.0,0.0,0,168
SUB_HIFLD_1864,SUB_HIFLD_3104,meso_SUB_HIFLD_1864_SUB_HIFLD_3104_fwd,80000000.0,0.0,0.0,0,168
SUB_HIFLD_1864,SUB_HIFLD_481,meso_SUB_HIFLD_1864_SUB_HIFLD_481_fwd,160000000.0,0.0,0.0,0,168
SUB_HIFLD_1866,SUB_HIFLD_1853,meso_SUB_HIFLD_1866_SUB_HIFLD_1853_rev,80000000.0,0.0,0.0,0,168
SUB_HIFLD_1867,SUB_HIFLD_1853,meso_SUB_HIFLD_1867_SUB_HIFLD_1853_rev,80000000.0,304678.11040524655,385382.3781507607,0,168
SUB_HIFLD_1867,SUB_HIFLD_3283,meso_SUB_HIFLD_1867_SUB_HIFLD_3283_fwd,80000000.0,0.0,0.0,0,168
SUB_HIFLD_1917,SUB_HIFLD_1333,meso_SUB_HIFLD_1917_SUB_HIFLD_1333_rev,60000000.0,19964656.79624884,30221266.79011033,0,168
SUB_HIFLD_1917,SUB_HIFLD_2007,meso_SUB_HIFLD_1917_SUB_HIFLD_2007_fwd,60000000.0,0.0,0.0,0,168
SUB_HIFLD_2003,SUB_HIFLD_1332,meso_SUB_HIFLD_2003_SUB_HIFLD_1332_rev,60000000.0,0.0,0.0,0,168
SUB_HIFLD_2003,SUB_HIFLD_2751,meso_SUB_HIFLD_2003_SUB_HIFLD_2751_fwd,60000000.0,0.0,0.0,0,168
SUB_HIFLD_2004,SUB_HIFLD_2009,meso_SUB_HIFLD_2004_SUB_HIFLD_2009_fwd,5000000.0,0.0,0.0,0,168
SUB_HIFLD_2005,SUB_HIFLD_1333,meso_SUB_HIFLD_2005_SUB_HIFLD_1333_rev,60000000.0,0.0,0.0,0,168
SUB_HIFLD_2005,SUB_HIFLD_2006,meso_SUB_HIFLD_2005_SUB_HIFLD_2006_fwd,60000000.0,12869829.841652468,17592280.459741004,0,168
SUB_HIFLD_2006,SUB_HIFLD_2005,meso_SUB_HIFLD_2006_SUB_HIFLD_2005_rev,60000000.0,0.0,0.0,0,168
SUB_HIFLD_2006,SUB_HIFLD_2751,meso_SUB_HIFLD_2006_SUB_HIFLD_2751_fwd,60000000.0,798800.9582574385,2830390.884735149,0,168
SUB_HIFLD_2006,SUB_HIFLD_2973,meso_SUB_HIFLD_2006_SUB_HIFLD_2973_rev,11754078.431901952,7062718.288822163,10121218.588917525,0,168
SUB_HIFLD_2007,SUB_15232,meso_SUB_HIFLD_2007_SUB_15232_rev,60000000.0,0.0,0.0,0,168
SUB_HIFLD_2007,SUB_HIFLD_1917,meso_SUB_HIFLD_2007_SUB_HIFLD_1917_rev,60000000.0,20582120.408503957,31155945.14444364,0,168
SUB_HIFLD_2007,SUB_15259,meso_SUB_HIFLD_2007_SUB_15259_rev,8076203.156964825,3457088.356272034,4941816.003543815,0,168
SUB_HIFLD_2009,SUB_HIFLD_1332,meso_SUB_HIFLD_2009_SUB_HIFLD_1332_rev,60000000.0,5814678.895743991,9969530.251018804,0,168
SUB_HIFLD_2009,SUB_HIFLD_1333,meso_SUB_HIFLD_2009_SUB_HIFLD_1333_rev,60000000.0,0.0,0.0,0,168
SUB_HIFLD_2009,SUB_HIFLD_2004,meso_SUB_HIFLD_2009_SUB_HIFLD_2004_rev,5000000.0,851840.8234384368,1279319.275531572,0,168
SUB_HIFLD_2010,SUB_15206,meso_SUB_HIFLD_2010_SUB_15206_rev,120000000.0,31113912.05609844,80711679.64493826,0,168
SUB_HIFLD_2010,SUB_HIFLD_1357,meso_SUB_HIFLD_2010_SUB_HIFLD_1357_rev,400000000.0,0.0,0.0,0,168
SUB_HIFLD_2010,SUB_15244,meso_SUB_HIFLD_2010_SUB_15244_rev,300000000.0,37501813.584171355,101740202.9937901,0,168
SUB_HIFLD_2010,SUB_HIFLD_597,meso_SUB_HIFLD_2010_SUB_HIFLD_597_fwd,150000000.0,0.0,0.0,0,168
SUB_HIFLD_2010,WEC_CALN,iface_SUB_HIFLD_2010_WEC_CALN_to_ba,20000000.0,0.0,0.0,0,168
SUB_HIFLD_2013,WEC_CALN,iface_SUB_HIFLD_2013_WEC_CALN_to_ba,5000000.0,5000000.0,5000000.0,168,168
SUB_HIFLD_2020,SUB_HIFLD_2990,meso_SUB_HIFLD_2020_SUB_HIFLD_2990_fwd,60000000.0,0.0,0.0,0,168
SUB_HIFLD_2020,SUB_HIFLD_4426,meso_SUB_HIFLD_2020_SUB_HIFLD_4426_fwd,60000000.0,0.0,0.0,0,168
SUB_HIFLD_2043,SUB_16368,meso_SUB_HIFLD_2043_SUB_16368_rev,60000000.0,0.0,0.0,0,168
SUB_HIFLD_2043,SUB_HIFLD_4330,meso_SUB_HIFLD_2043_SUB_HIFLD_4330_fwd,60000000.0,350663.1668607687,556969.3339239691,0,168
SUB_HIFLD_2048,SUB_02413,meso_SUB_HIFLD_2048_SUB_02413_rev,60000000.0,0.0,0.0,0,168
SUB_HIFLD_2048,SUB_HIFLD_2056,meso_SUB_HIFLD_2048_SUB_HIFLD_2056_fwd,60000000.0,0.0,0.0,0,168
SUB_HIFLD_2049,SUB_02257,meso_SUB_HIFLD_2049_SUB_02257_rev,300000000.0,0.0,0.0,0,168
SUB_HIFLD_2049,SUB_HIFLD_3835,meso_SUB_HIFLD_2049_SUB_HIFLD_3835_fwd,150000000.0,0.0,0.0,0,168
SUB_HIFLD_2049,SUB_02419,meso_SUB_HIFLD_2049_SUB_02419_rev,150000000.0,0.0,0.0,0,168
SUB_HIFLD_2049,SUB_HIFLD_2068,meso_SUB_HIFLD_2049_SUB_HIFLD_2068_fwd,150000000.0,0.0,0.0,0,168
SUB_HIFLD_2056,SUB_02413,meso_SUB_HIFLD_2056_SUB_02413_rev,60000000.0,0.0,0.0,0,168
SUB_HIFLD_2056,SUB_HIFLD_2048,meso_SUB_HIFLD_2056_SUB_HIFLD_2048_rev,60000000.0,0.0,0.0,0,168
SUB_HIFLD_2056,SUB_HIFLD_2070,meso_SUB_HIFLD_2056_SUB_HIFLD_2070_fwd,60000000.0,0.0,0.0,0,168
SUB_HIFLD_2058,SUB_02426,meso_SUB_HIFLD_2058_SUB_02426_rev,210000000.0,0.0,0.0,0,168
SUB_HIFLD_2058,SUB_HIFLD_1418,meso_SUB_HIFLD_2058_SUB_HIFLD_1418_rev,120000000.0,36122635.29505507,60479791.44620689,0,168
SUB_HIFLD_2058,SUB_HIFLD_2070,meso_SUB_HIFLD_2058_SUB_HIFLD_2070_fwd,150000000.0,3004380.0592689705,20726891.245250553,0,168
SUB_HIFLD_2058,SUB_HIFLD_2131,meso_SUB_HIFLD_2058_SUB_HIFLD_2131_fwd,60000000.0,29918430.03003877,43713330.80984629,0,168
SUB_HIFLD_2058,SUB_HIFLD_3025,meso_SUB_HIFLD_2058_SUB_HIFLD_3025_fwd,210000000.0,0.0,0.0,0,168
SUB_HIFLD_2058,SUB_02416,meso_SUB_HIFLD_2058_SUB_02416_rev,60000000.0,0.0,0.0,0,168
SUB_HIFLD_2058,SUB_08203,meso_SUB_HIFLD_2058_SUB_08203_rev,150000000.0,14384880.620761458,62683549.45231958,0,168
SUB_HIFLD_2062,SUB_02413,meso_SUB_HIFLD_2062_SUB_02413_rev,60000000.0,0.0,0.0,0,168
SUB_HIFLD_2062,SUB_HIFLD_1418,meso_SUB_HIFLD_2062_SUB_HIFLD_1418_rev,60000000.0,0.0,0.0,0,168
SUB_HIFLD_2062,SUB_02409,meso_SUB_HIFLD_2062_SUB_02409_rev,21048781.07659053,12999713.047872176,16787515.101481955,0,168
SUB_HIFLD_2068,SUB_02269,meso_SUB_HIFLD_2068_SUB_02269_rev,150000000.0,32091305.046100266,38208050.09664948,0,168
SUB_HIFLD_2068,SUB_02405,meso_SUB_HIFLD_2068_SUB_02405_rev,150000000.0,0.0,0.0,0,168
SUB_HIFLD_2068,SUB_HIFLD_3834,meso_SUB_HIFLD_2068_SUB_HIFLD_3834_fwd,150000000.0,13012508.328585196,18660214.231257774,0,168
SUB_HIFLD_2068,SUB_HIFLD_3835,meso_SUB_HIFLD_2068_SUB_HIFLD_3835_fwd,150000000.0,0.0,0.0,0,168
SUB_HIFLD_2068,SUB_02419,meso_SUB_HIFLD_2068_SUB_02419_rev,150000000.0,0.0,0.0,0,168
SUB_HIFLD_2068,SUB_HIFLD_2049,meso_SUB_HIFLD_2068_SUB_HIFLD_2049_rev,150000000.0,0.0,0.0,0,168
SUB_HIFLD_2070,SUB_HIFLD_2058,meso_SUB_HIFLD_2070_SUB_HIFLD_2058_rev,150000000.0,0.0,0.0,0,168
SUB_HIFLD_2070,SUB_HIFLD_2131,meso_SUB_HIFLD_2070_SUB_HIFLD_2131_fwd,60000000.0,620782.8254038023,31873680.25502511,0,168
SUB_HIFLD_2070,SUB_HIFLD_3025,meso_SUB_HIFLD_2070_SUB_HIFLD_3025_fwd,150000000.0,0.0,0.0,0,168
SUB_HIFLD_2070,SUB_08361,meso_SUB_HIFLD_2070_SUB_08361_rev,60000000.0,0.0,0.0,0,168
SUB_HIFLD_2070,SUB_HIFLD_2056,meso_SUB_HIFLD_2070_SUB_HIFLD_2056_rev,60000000.0,3154429.2291713287,6573023.71939433,0,168
SUB_HIFLD_2086,SUB_18297,meso_SUB_HIFLD_2086_SUB_18297_rev,150000000.0,0.0,0.0,0,168
SUB_HIFLD_2086,SUB_HIFLD_3903,meso_SUB_HIFLD_2086_SUB_HIFLD_3903_fwd,150000000.0,0.0,0.0,0,168
SUB_HIFLD_2086,SUB_HIFLD_4291,meso_SUB_HIFLD_2086_SUB_HIFLD_4291_fwd,150000000.0,0.0,0.0,0,168
SUB_HIFLD_2108,SUB_HIFLD_2109,meso_SUB_HIFLD_2108_SUB_HIFLD_2109_fwd,150000000.0,0.0,0.0,0,168
SUB_HIFLD_2108,SUB_HIFLD_3164,meso_SUB_HIFLD_2108_SUB_HIFLD_3164_fwd,60000000.0,0.0,0.0,0,168
SUB_HIFLD_2108,SUB_HIFLD_3862,meso_SUB_HIFLD_2108_SUB_HIFLD_3862_fwd,60000000.0,0.0,0.0,0,168
SUB_HIFLD_2109,SUB_08226,meso_SUB_HIFLD_2109_SUB_08226_rev,150000000.0,43104805.211922035,116677397.29877463,0,168
SUB_HIFLD_2109,SUB_08387,meso_SUB_HIFLD_2109_SUB_08387_rev,150000000.0,23712160.929781467,31075386.597938143,0,168
SUB_HIFLD_2109,SUB_HIFLD_2108,meso_SUB_HIFLD_2109_SUB_HIFLD_2108_rev,150000000.0,602400.4389856982,3782865.10349549,0,168
SUB_HIFLD_2109,SUB_HIFLD_2117,meso_SUB_HIFLD_2109_SUB_HIFLD_2117_fwd,150000000.0,0.0,0.0,0,168
SUB_HIFLD_2117,SUB_HIFLD_1423,meso_SUB_HIFLD_2117_SUB_HIFLD_1423_rev,150000000.0,1224402.003814599,4873942.392880155,0,168
SUB_HIFLD_2117,SUB_HIFLD_3166,meso_SUB_HIFLD_2117_SUB_HIFLD_3166_fwd,60000000.0,4761.748808121997,6944.372236114187,0,168
SUB_HIFLD_2117,SUB_HIFLD_3169,meso_SUB_HIFLD_2117_SUB_HIFLD_3169_fwd,60000000.0,2685464.063630653,4465401.38389773,0,168
SUB_HIFLD_2117,SUB_HIFLD_3862,meso_SUB_HIFLD_2117_SUB_HIFLD_3862_fwd,60000000.0,8985720.163126627,16592769.929389413,0,168
SUB_HIFLD_2117,SUB_01222,meso_SUB_HIFLD_2117_SUB_01222_rev,150000000.0,13301133.23510448,99088558.69511597,0,168
SUB_HIFLD_2117,SUB_08246,meso_SUB_HIFLD_2117_SUB_08246_rev,150000000.0,6402716.507329072,41557063.46649484,0,168
SUB_HIFLD_2117,SUB_08380,meso_SUB_HIFLD_2117_SUB_08380_rev,150000000.0,31701612.80861472,128243215.72023864,0,168
SUB_HIFLD_2117,SUB_HIFLD_2109,meso_SUB_HIFLD_2117_SUB_HIFLD_2109_rev,150000000.0,69504501.62957647,145521935.69542673,0,168
SUB_HIFLD_2117,SUB_HIFLD_3165,meso_SUB_HIFLD_2117_SUB_HIFLD_3165_fwd,300000000.0,8307277.861291948,36885048.33651266,0,168
SUB_HIFLD_2117,SUB_HIFLD_3174,meso_SUB_HIFLD_2117_SUB_HIFLD_3174_fwd,150000000.0,2120564.898731743,12468767.014668396,0,168
SUB_HIFLD_2117,SUB_HIFLD_3259,meso_SUB_HIFLD_2117_SUB_HIFLD_3259_rev,5000000.0,898073.5951097327,1275459.9659713274,0,168
SUB_HIFLD_2118,SUB_HIFLD_3163,meso_SUB_HIFLD_2118_SUB_HIFLD_3163_fwd,60000000.0,0.0,0.0,0,168
SUB_HIFLD_2118,SUB_HIFLD_3602,meso_SUB_HIFLD_2118_SUB_HIFLD_3602_fwd,60000000.0,0.0,0.0,0,168
SUB_HIFLD_2121,SUB_01222,meso_SUB_HIFLD_2121_SUB_01222_rev,300000000.0,0.0,0.0,0,168
SUB_HIFLD_2121,SUB_08363,meso_SUB_HIFLD_2121_SUB_08363_rev,150000000.0,24521919.40554814,45281044.61984536,0,168
SUB_HIFLD_2121,SUB_08390,meso_SUB_HIFLD_2121_SUB_08390_rev,150000000.0,0.0,0.0,0,168
SUB_HIFLD_2121,SUB_HIFLD_2149,meso_SUB_HIFLD_2121_SUB_HIFLD_2149_fwd,150000000.0,0.0,0.0,0,168
SUB_HIFLD_2121,SUB_HIFLD_3025,meso_SUB_HIFLD_2121_SUB_HIFLD_3025_fwd,150000000.0,0.0,0.0,0,168
SUB_HIFLD_2126,SUB_08226,meso_SUB_HIFLD_2126_SUB_08226_rev,150000000.0,0.0,0.0,0,168
SUB_HIFLD_2126,SUB_08380,meso_SUB_HIFLD_2126_SUB_08380_rev,150000000.0,0.0,0.0,0,168
SUB_HIFLD_2126,SUB_HIFLD_3165,meso_SUB_HIFLD_2126_SUB_HIFLD_3165_fwd,150000000.0,0.0,0.0,0,168
SUB_HIFLD_2126,SUB_HIFLD_3174,meso_SUB_HIFLD_2126_SUB_HIFLD_3174_fwd,150000000.0,0.0,0.0,0,168
SUB_HIFLD_2131,SUB_08216,meso_SUB_HIFLD_2131_SUB_08216_rev,60000000.0,11251893.842694333,17158829.333118558,0,168
SUB_HIFLD_2131,SUB_HIFLD_2058,meso_SUB_HIFLD_2131_SUB_HIFLD_2058_rev,60000000.0,0.0,0.0,0,168
SUB_HIFLD_2131,SUB_HIFLD_2070,meso_SUB_HIFLD_2131_SUB_HIFLD_2070_rev,60000000.0,0.0,0.0,0,168
SUB_HIFLD_2131,SUB_08224,meso_SUB_HIFLD_2131_SUB_08224_rev,23437363.27209014,13905755.018965542,19489877.980025772,0,168
SUB_HIFLD_2149,SUB_08203,meso_SUB_HIFLD_2149_SUB_08203_rev,150000000.0,0.0,0.0,0,168
SUB_HIFLD_2149,SUB_08363,meso_SUB_HIFLD_2149_SUB_08363_rev,150000000.0,0.0,0.0,0,168
SUB_HIFLD_2149,SUB_HIFLD_2121,meso_SUB_HIFLD_2149_SUB_HIFLD_2121_rev,150000000.0,0.0,0.0,0,168
SUB_HIFLD_2170,SUB_HIFLD_2188,meso_SUB_HIFLD_2170_SUB_HIFLD_2188_fwd,5000000.0,0.0,0.0,0,168
SUB_HIFLD_2171,SUB_10293,meso_SUB_HIFLD_2171_SUB_10293_rev,150000000.0,0.0,0.0,0,168
SUB_HIFLD_2171,SUB_10344,meso_SUB_HIFLD_2171_SUB_10344_rev,60000000.0,0.0,0.0,0,168
SUB_HIFLD_2173,SUB_10352,meso_SUB_HIFLD_2173_SUB_10352_rev,150000000.0,0.0,0.0,0,168
SUB_HIFLD_2173,SUB_HIFLD_2188,meso_SUB_HIFLD_2173_SUB_HIFLD_2188_fwd,150000000.0,1743677.2130223445,2692107.9759073756,0,168
SUB_HIFLD_2173,SUB_10344,meso_SUB_HIFLD_2173_SUB_10344_rev,150000000.0,0.0,0.0,0,168
SUB_HIFLD_2177,WEC_CALN,iface_SUB_HIFLD_2177_WEC_CALN_to_ba,5000000.0,0.0,0.0,0,168
SUB_HIFLD_2180,SUB_HIFLD_4403,meso_SUB_HIFLD_2180_SUB_HIFLD_4403_fwd,60000000.0,542168.1236360524,4849705.660745724,0,168
SUB_HIFLD_2180,SUB_10293,meso_SUB_HIFLD_2180_SUB_10293_rev,150000000.0,106533.09609745185,2774132.522311155,0,168
SUB_HIFLD_2184,SUB_10356,meso_SUB_HIFLD_2184_SUB_10356_fwd,5000000.0,0.0,0.0,0,168
SUB_HIFLD_2188,SUB_HIFLD_2173,meso_SUB_HIFLD_2188_SUB_HIFLD_2173_rev,150000000.0,0.0,0.0,0,168
SUB_HIFLD_2188,SUB_10327,meso_SUB_HIFLD_2188_SUB_10327_rev,5000000.0,1691366.8966316744,2611344.736630155,0,168
SUB_HIFLD_2188,SUB_HIFLD_2170,meso_SUB_HIFLD_2188_SUB_HIFLD_2170_rev,5000000.0,0.0,0.0,0,168
SUB_HIFLD_2193,SUB_HIFLD_1327,meso_SUB_HIFLD_2193_SUB_HIFLD_1327_rev,60000000.0,0.0,0.0,0,168
SUB_HIFLD_2194,SUB_HIFLD_2195,meso_SUB_HIFLD_2194_SUB_HIFLD_2195_fwd,60000000.0,0.0,0.0,0,168
SUB_HIFLD_2194,SUB_HIFLD_3082,meso_SUB_HIFLD_2194_SUB_HIFLD_3082_fwd,60000000.0,0.0,0.0,0,168
SUB_HIFLD_2195,SUB_HIFLD_2194,meso_SUB_HIFLD_2195_SUB_HIFLD_2194_rev,60000000.0,0.0,0.0,0,168
SUB_HIFLD_2195,SUB_HIFLD_3082,meso_SUB_HIFLD_2195_SUB_HIFLD_3082_fwd,120000000.0,0.0,0.0,0,168
SUB_HIFLD_2207,SUB_HIFLD_3271,meso_SUB_HIFLD_2207_SUB_HIFLD_3271_fwd,80000000.0,454013.5455478198,585609.13293518,0,168
SUB_HIFLD_2207,WEC_CALN,iface_SUB_HIFLD_2207_WEC_CALN_to_ba,5000000.0,0.0,0.0,0,168
SUB_HIFLD_2212,WEC_CALN,iface_SUB_HIFLD_2212_WEC_CALN_to_ba,5000000.0,0.0,0.0,0,168
SUB_HIFLD_2219,WEC_CALN,iface_SUB_HIFLD_2219_WEC_CALN_to_ba,5000000.0,0.0,0.0,0,168
SUB_HIFLD_2222,SUB_HIFLD_3283,meso_SUB_HIFLD_2222_SUB_HIFLD_3283_fwd,80000000.0,0.0,0.0,0,168
SUB_HIFLD_2318,SUB_16325,meso_SUB_HIFLD_2318_SUB_16325_rev,60000000.0,19357409.27518399,39063123.56049404,0,168
SUB_HIFLD_2318,SUB_HIFLD_30,meso_SUB_HIFLD_2318_SUB_HIFLD_30_fwd,150000000.0,1958398.258615644,14483079.750830056,0,168
SUB_HIFLD_2318,SUB_16261,meso_SUB_HIFLD_2318_SUB_16261_rev,150000000.0,152384.78257627398,7343743.662567599,0,168
SUB_HIFLD_2356,SUB_19241,meso_SUB_HIFLD_2356_SUB_19241_rev,150000000.0,160000.0,160000.0,0,168
SUB_HIFLD_2356,SUB_19246,meso_SUB_HIFLD_2356_SUB_19246_rev,150000000.0,0.0,0.0,0,168
SUB_HIFLD_2359,SUB_10293,meso_SUB_HIFLD_2359_SUB_10293_rev,150000000.0,0.0,0.0,0,168
SUB_HIFLD_2359,SUB_10361,meso_SUB_HIFLD_2359_SUB_10361_rev,5201668.303229506,2644694.479312609,3051546.3917525774,0,168
SUB_HIFLD_2363,SUB_HIFLD_2511,meso_SUB_HIFLD_2363_SUB_HIFLD_2511_fwd,60000000.0,0.0,0.0,0,168
SUB_HIFLD_2363,SUB_25292,meso_SUB_HIFLD_2363_SUB_25292_rev,6826946.15126492,5104825.64393943,6083106.492097383,0,168
SUB_HIFLD_2491,WEC_CALN,iface_SUB_HIFLD_2491_WEC_CALN_to_ba,5000000.0,0.0,0.0,0,168
SUB_HIFLD_2511,SUB_25284,meso_SUB_HIFLD_2511_SUB_25284_rev,60000000.0,11179567.040024623,15276080.259342784,0,168
SUB_HIFLD_2511,SUB_25409,meso_SUB_HIFLD_2511_SUB_25409_rev,60000000.0,0.0,0.0,0,168
SUB_HIFLD_2511,SUB_HIFLD_2363,meso_SUB_HIFLD_2511_SUB_HIFLD_2363_rev,60000000.0,5262706.849422093,6271243.8062859615,0,168
SUB_HIFLD_2514,SUB_HIFLD_1854,meso_SUB_HIFLD_2514_SUB_HIFLD_1854_rev,400000000.0,0.0,0.0,0,168
SUB_HIFLD_2514,SUB_HIFLD_4059,meso_SUB_HIFLD_2514_SUB_HIFLD_4059_fwd,80000000.0,218812.06233418334,276771.8128322326,0,168
SUB_HIFLD_2514,WEC_CALN,iface_SUB_HIFLD_2514_WEC_CALN_to_ba,20000000.0,0.0,0.0,0,168
SUB_HIFLD_2705,SUB_HIFLD_1153,meso_SUB_HIFLD_2705_SUB_HIFLD_1153_rev,150000000.0,2113608.9786324585,12363605.42847938,0,168
SUB_HIFLD_2705,SUB_HIFLD_1829,meso_SUB_HIFLD_2705_SUB_HIFLD_1829_rev,150000000.0,5005242.13530562,21482853.434876177,0,168
SUB_HIFLD_2705,SUB_HIFLD_1845,meso_SUB_HIFLD_2705_SUB_HIFLD_1845_rev,150000000.0,0.0,0.0,0,168
SUB_HIFLD_2705,SUB_HIFLD_3623,meso_SUB_HIFLD_2705_SUB_HIFLD_3623_fwd,150000000.0,7561182.832700542,29801388.53284503,0,168
SUB_HIFLD_2705,SUB_HIFLD_1833,meso_SUB_HIFLD_2705_SUB_HIFLD_1833_rev,150000000.0,0.0,0.0,0,168
SUB_HIFLD_2705,SUB_HIFLD_1844,meso_SUB_HIFLD_2705_SUB_HIFLD_1844_rev,150000000.0,20955730.691533923,31124044.34604666,0,168
SUB_HIFLD_2722,SUB_25224,meso_SUB_HIFLD_2722_SUB_25224_rev,60000000.0,0.0,0.0,0,168
SUB_HIFLD_2722,SUB_HIFLD_459,meso_SUB_HIFLD_2722_SUB_HIFLD_459_fwd,60000000.0,2344786.1510795844,3286003.5936337546,0,168
SUB_HIFLD_2751,SUB_HIFLD_1332,meso_SUB_HIFLD_2751_SUB_HIFLD_1332_rev,60000000.0,0.0,0.0,0,168
SUB_HIFLD_2751,SUB_HIFLD_2003,meso_SUB_HIFLD_2751_SUB_HIFLD_2003_rev,60000000.0,0.0,0.0,0,168
SUB_HIFLD_2751,SUB_HIFLD_2006,meso_SUB_HIFLD_2751_SUB_HIFLD_2006_rev,60000000.0,0.0,0.0,0,168
SUB_HIFLD_2791,SUB_01311,meso_SUB_HIFLD_2791_SUB_01311_rev,150000000.0,0.0,0.0,0,168
SUB_HIFLD_2791,SUB_01438,meso_SUB_HIFLD_2791_SUB_01438_rev,150000000.0,0.0,0.0,0,168
SUB_HIFLD_2791,SUB_HIFLD_11,meso_SUB_HIFLD_2791_SUB_HIFLD_11_rev,150000000.0,1223937.575861889,55474740.333650365,0,168
SUB_HIFLD_2791,SUB_HIFLD_2989,meso_SUB_HIFLD_2791_SUB_HIFLD_2989_fwd,150000000.0,21034052.190329485,61045072.449359685,0,168
SUB_HIFLD_2869,SUB_25391,meso_SUB_HIFLD_2869_SUB_25391_rev,150000000.0,0.0,0.0,0,168
SUB_HIFLD_2869,SUB_HIFLD_3898,meso_SUB_HIFLD_2869_SUB_HIFLD_3898_fwd,150000000.0,0.0,0.0,0,168
SUB_HIFLD_2869,SUB_HIFLD_4241,meso_SUB_HIFLD_2869_SUB_HIFLD_4241_rev,5000000.0,0.0,0.0,0,168
SUB_HIFLD_2947,SUB_HIFLD_3065,meso_SUB_HIFLD_2947_SUB_HIFLD_3065_fwd,60000000.0,23408028.00932168,32567680.244337924,0,168
SUB_HIFLD_2947,SUB_HIFLD_41,meso_SUB_HIFLD_2947_SUB_HIFLD_41_fwd,150000000.0,0.0,0.0,0,168
SUB_HIFLD_2973,SUB_HIFLD_2006,meso_SUB_HIFLD_2973_SUB_HIFLD_2006_fwd,11754078.431901952,0.0,0.0,0,168
SUB_HIFLD_2989,SUB_01209,meso_SUB_HIFLD_2989_SUB_01209_rev,150000000.0,0.0,0.0,0,168
SUB_HIFLD_2989,SUB_01368,meso_SUB_HIFLD_2989_SUB_01368_rev,150000000.0,24247398.640321974,56471810.5670103,0,168
SUB_HIFLD_2989,SUB_HIFLD_28,meso_SUB_HIFLD_2989_SUB_HIFLD_28_rev,150000000.0,0.0,0.0,0,168
SUB_HIFLD_2989,SUB_HIFLD_11,meso_SUB_HIFLD_2989_SUB_HIFLD_11_rev,150000000.0,0.0,0.0,0,168
SUB_HIFLD_2989,SUB_HIFLD_2791,meso_SUB_HIFLD_2989_SUB_HIFLD_2791_rev,150000000.0,0.0,0.0,0,168
SUB_HIFLD_2989,SUB_01208,meso_SUB_HIFLD_2989_SUB_01208_rev,5000000.0,1428745.1225808864,1881682.2799210695,0,168
SUB_HIFLD_2989,SUB_01264,meso_SUB_HIFLD_2989_SUB_01264_rev,5000000.0,268726.0804248898,362635.37849347614,0,168
SUB_HIFLD_2990,SUB_HIFLD_2020,meso_SUB_HIFLD_2990_SUB_HIFLD_2020_rev,60000000.0,0.0,0.0,0,168
SUB_HIFLD_2990,SUB_HIFLD_4390,meso_SUB_HIFLD_2990_SUB_HIFLD_4390_fwd,120000000.0,0.0,0.0,0,168
SUB_HIFLD_2990,SUB_HIFLD_4426,meso_SUB_HIFLD_2990_SUB_HIFLD_4426_fwd,60000000.0,4812242.695133361,22990339.276689816,0,168
SUB_HIFLD_3025,SUB_01222,meso_SUB_HIFLD_3025_SUB_01222_rev,300000000.0,0.0,0.0,0,168
SUB_HIFLD_3025,SUB_08363,meso_SUB_HIFLD_3025_SUB_08363_rev,150000000.0,12663437.370558728,45218923.163659796,0,168
SUB_HIFLD_3025,SUB_08390,meso_SUB_HIFLD_3025_SUB_08390_rev,150000000.0,0.0,0.0,0,168
SUB_HIFLD_3025,SUB_HIFLD_2058,meso_SUB_HIFLD_3025_SUB_HIFLD_2058_rev,210000000.0,228739.78471455188,38428283.83204471,0,168
SUB_HIFLD_3025,SUB_HIFLD_2070,meso_SUB_HIFLD_3025_SUB_HIFLD_2070_rev,150000000.0,8628490.470121546,58399940.5527945,0,168
SUB_HIFLD_3025,SUB_HIFLD_2121,meso_SUB_HIFLD_3025_SUB_HIFLD_2121_rev,150000000.0,0.0,0.0,0,168
SUB_HIFLD_3065,SUB_HIFLD_2947,meso_SUB_HIFLD_3065_SUB_HIFLD_2947_rev,60000000.0,0.0,0.0,0,168
SUB_HIFLD_3065,SUB_HIFLD_148,meso_SUB_HIFLD_3065_SUB_HIFLD_148_rev,31564453.056745507,19246314.205637246,27580340.55865727,0,168
SUB_HIFLD_3065,SUB_15803,meso_SUB_HIFLD_3065_SUB_15803_rev,5707530.466038818,3459472.9634047817,4010309.2783505153,0,168
SUB_HIFLD_3082,SUB_HIFLD_1327,meso_SUB_HIFLD_3082_SUB_HIFLD_1327_rev,60000000.0,0.0,0.0,0,168
SUB_HIFLD_3082,SUB_HIFLD_2194,meso_SUB_HIFLD_3082_SUB_HIFLD_2194_rev,60000000.0,0.0,0.0,0,168
SUB_HIFLD_3082,SUB_HIFLD_2195,meso_SUB_HIFLD_3082_SUB_HIFLD_2195_rev,120000000.0,0.0,0.0,0,168
SUB_HIFLD_3099,SUB_HIFLD_3262,meso_SUB_HIFLD_3099_SUB_HIFLD_3262_fwd,5000000.0,0.0,0.0,0,168
SUB_HIFLD_3101,SUB_HIFLD_3824,meso_SUB_HIFLD_3101_SUB_HIFLD_3824_fwd,60000000.0,9800000.0,9800000.0,0,168
SUB_HIFLD_3104,SUB_HIFLD_1860,meso_SUB_HIFLD_3104_SUB_HIFLD_1860_rev,80000000.0,149625.88428690203,188379.1422106556,0,168
SUB_HIFLD_3104,SUB_HIFLD_1864,meso_SUB_HIFLD_3104_SUB_HIFLD_1864_rev,80000000.0,319836.7097767533,401179.48866382096,0,168
SUB_HIFLD_3104,SUB_10349,meso_SUB_HIFLD_3104_SUB_10349_fwd,5000000.0,0.0,0.0,0,168
SUB_HIFLD_3161,SUB_HIFLD_1423,meso_SUB_HIFLD_3161_SUB_HIFLD_1423_rev,60000000.0,0.0,0.0,0,168
SUB_HIFLD_3161,SUB_HIFLD_3263,meso_SUB_HIFLD_3161_SUB_HIFLD_3263_fwd,60000000.0,0.0,0.0,0,168
SUB_HIFLD_3161,SUB_HIFLD_3258,meso_SUB_HIFLD_3161_SUB_HIFLD_3258_rev,5000000.0,0.0,0.0,0,168
SUB_HIFLD_3162,SUB_HIFLD_3164,meso_SUB_HIFLD_3162_SUB_HIFLD_3164_fwd,60000000.0,0.0,0.0,0,168
SUB_HIFLD_3163,SUB_HIFLD_2118,meso_SUB_HIFLD_3163_SUB_HIFLD_2118_rev,60000000.0,3292647.092261604,7053611.267719072,0,168
SUB_HIFLD_3163,SUB_HIFLD_3172,meso_SUB_HIFLD_3163_SUB_HIFLD_3172_fwd,60000000.0,0.0,0.0,0,168
SUB_HIFLD_3163,SUB_08342,meso_SUB_HIFLD_3163_SUB_08342_rev,150000000.0,0.0,0.0,0,168
SUB_HIFLD_3163,SUB_08361,meso_SUB_HIFLD_3163_SUB_08361_rev,150000000.0,0.0,0.0,0,168
SUB_HIFLD_3164,SUB_HIFLD_2108,meso_SUB_HIFLD_3164_SUB_HIFLD_2108_rev,60000000.0,0.0,0.0,0,168
SUB_HIFLD_3164,SUB_HIFLD_3162,meso_SUB_HIFLD_3164_SUB_HIFLD_3162_rev,60000000.0,2859784.08835949,4061059.822003866,0,168
SUB_HIFLD_3164,SUB_HIFLD_3165,meso_SUB_HIFLD_3164_SUB_HIFLD_3165_fwd,60000000.0,0.0,0.0,0,168
SUB_HIFLD_3165,SUB_HIFLD_2126,meso_SUB_HIFLD_3165_SUB_HIFLD_2126_rev,150000000.0,0.0,0.0,0,168
SUB_HIFLD_3165,SUB_HIFLD_3164,meso_SUB_HIFLD_3165_SUB_HIFLD_3164_rev,60000000.0,16964100.752824813,24091747.802967902,0,168
SUB_HIFLD_3165,SUB_HIFLD_3166,meso_SUB_HIFLD_3165_SUB_HIFLD_3166_fwd,60000000.0,0.0,0.0,0,168
SUB_HIFLD_3165,SUB_HIFLD_3167,meso_SUB_HIFLD_3165_SUB_HIFLD_3167_fwd,60000000.0,0.0,0.0,0,168
SUB_HIFLD_3165,SUB_HIFLD_3172,meso_SUB_HIFLD_3165_SUB_HIFLD_3172_fwd,60000000.0,4613914.930959399,12321986.100217652,0,168
SUB_HIFLD_3165,SUB_HIFLD_3263,meso_SUB_HIFLD_3165_SUB_HIFLD_3263_fwd,150000000.0,0.0,0.0,0,168
SUB_HIFLD_3165,SUB_HIFLD_1423,meso_SUB_HIFLD_3165_SUB_HIFLD_1423_rev,300000000.0,0.0,0.0,0,168
SUB_HIFLD_3165,SUB_HIFLD_2117,meso_SUB_HIFLD_3165_SUB_HIFLD_2117_rev,300000000.0,0.0,0.0,0,168
SUB_HIFLD_3165,SUB_HIFLD_3174,meso_SUB_HIFLD_3165_SUB_HIFLD_3174_fwd,150000000.0,0.0,0.0,0,168
SUB_HIFLD_3166,SUB_HIFLD_2117,meso_SUB_HIFLD_3166_SUB_HIFLD_2117_rev,60000000.0,0.0,0.0,0,168
SUB_HIFLD_3166,SUB_HIFLD_3165,meso_SUB_HIFLD_3166_SUB_HIFLD_3165_rev,60000000.0,0.0,0.0,0,168
SUB_HIFLD_3167,SUB_HIFLD_3165,meso_SUB_HIFLD_3167_SUB_HIFLD_3165_rev,60000000.0,52673.382532028925,541249.8168945314,0,168
SUB_HIFLD_3167,SUB_HIFLD_3168,meso_SUB_HIFLD_3167_SUB_HIFLD_3168_fwd,60000000.0,0.0,0.0,0,168
SUB_HIFLD_3168,SUB_HIFLD_3167,meso_SUB_HIFLD_3168_SUB_HIFLD_3167_rev,60000000.0,54302.45621858652,557989.5019531251,0,168
SUB_HIFLD_3168,SUB_HIFLD_3170,meso_SUB_HIFLD_3168_SUB_HIFLD_3170_fwd,60000000.0,826205.4608157293,1000000.0,0,168
SUB_HIFLD_3169,SUB_HIFLD_2117,meso_SUB_HIFLD_3169_SUB_HIFLD_2117_rev,60000000.0,0.0,0.0,0,168
SUB_HIFLD_3169,SUB_HIFLD_3170,meso_SUB_HIFLD_3169_SUB_HIFLD_3170_fwd,60000000.0,0.0,0.0,0,168
SUB_HIFLD_3169,SUB_HIFLD_3171,meso_SUB_HIFLD_3169_SUB_HIFLD_3171_fwd,60000000.0,1868058.4562486098,3094763.561130799,0,168
SUB_HIFLD_3170,SUB_HIFLD_3168,meso_SUB_HIFLD_3170_SUB_HIFLD_3168_rev,60000000.0,0.0,0.0,0,168
SUB_HIFLD_3170,SUB_HIFLD_3169,meso_SUB_HIFLD_3170_SUB_HIFLD_3169_rev,60000000.0,138442.99152919225,548334.2590332031,0,168
SUB_HIFLD_3170,SUB_HIFLD_3263,meso_SUB_HIFLD_3170_SUB_HIFLD_3263_fwd,60000000.0,0.0,0.0,0,168
SUB_HIFLD_3170,SUB_08380,meso_SUB_HIFLD_3170_SUB_08380_rev,150000000.0,38350.99955967494,517032.6843261719,0,168
SUB_HIFLD_3170,SUB_HIFLD_1423,meso_SUB_HIFLD_3170_SUB_HIFLD_1423_rev,300000000.0,31866.175333658855,517485.3210449219,0,168
SUB_HIFLD_3171,SUB_HIFLD_3169,meso_SUB_HIFLD_3171_SUB_HIFLD_3169_rev,60000000.0,0.0,0.0,0,168
SUB_HIFLD_3172,SUB_HIFLD_3163,meso_SUB_HIFLD_3172_SUB_HIFLD_3163_rev,60000000.0,1002534.3100992925,7100141.300051811,0,168
SUB_HIFLD_3172,SUB_HIFLD_3165,meso_SUB_HIFLD_3172_SUB_HIFLD_3165_rev,60000000.0,0.0,0.0,0,168
SUB_HIFLD_3172,SUB_HIFLD_3260,meso_SUB_HIFLD_3172_SUB_HIFLD_3260_rev,5000000.0,1240177.4942494514,1774801.2896665593,0,168
SUB_HIFLD_3174,SUB_HIFLD_2126,meso_SUB_HIFLD_3174_SUB_HIFLD_2126_rev,150000000.0,0.0,0.0,0,168
SUB_HIFLD_3174,SUB_HIFLD_3263,meso_SUB_HIFLD_3174_SUB_HIFLD_3263_fwd,150000000.0,0.0,0.0,0,168
SUB_HIFLD_3174,SUB_HIFLD_3618,meso_SUB_HIFLD_3174_SUB_HIFLD_3618_fwd,60000000.0,4563328.690095238,10909730.61555647,0,168
SUB_HIFLD_3174,SUB_HIFLD_2117,meso_SUB_HIFLD_3174_SUB_HIFLD_2117_rev,150000000.0,0.0,0.0,0,168
SUB_HIFLD_3174,SUB_HIFLD_3165,meso_SUB_HIFLD_3174_SUB_HIFLD_3165_rev,150000000.0,0.0,0.0,0,168
SUB_HIFLD_3212,SUB_HIFLD_1827,meso_SUB_HIFLD_3212_SUB_HIFLD_1827_rev,150000000.0,0.0,0.0,0,168
SUB_HIFLD_3258,SUB_HIFLD_3161,meso_SUB_HIFLD_3258_SUB_HIFLD_3161_fwd,5000000.0,0.0,0.0,0,168
SUB_HIFLD_3259,SUB_HIFLD_2117,meso_SUB_HIFLD_3259_SUB_HIFLD_2117_fwd,5000000.0,0.0,0.0,0,168
SUB_HIFLD_3260,SUB_HIFLD_3172,meso_SUB_HIFLD_3260_SUB_HIFLD_3172_fwd,5000000.0,0.0,0.0,0,168
SUB_HIFLD_3261,SUB_HIFLD_3862,meso_SUB_HIFLD_3261_SUB_HIFLD_3862_fwd,8630984.74315791,0.0,0.0,0,168
SUB_HIFLD_3262,SUB_HIFLD_3862,meso_SUB_HIFLD_3262_SUB_HIFLD_3862_fwd,60000000.0,3553635.8946330654,5442981.559832072,0,168
SUB_HIFLD_3262,SUB_HIFLD_3099,meso_SUB_HIFLD_3262_SUB_HIFLD_3099_rev,5000000.0,2110341.426678949,2996365.3249838916,0,168
SUB_HIFLD_3263,SUB_08380,meso_SUB_HIFLD_3263_SUB_08380_rev,150000000.0,14413671.793605821,55752464.2170385,0,168
SUB_HIFLD_3263,SUB_HIFLD_1423,meso_SUB_HIFLD_3263_SUB_HIFLD_1423_rev,150000000.0,2253810.0075760535,4995455.460695877,0,168
SUB_HIFLD_3263,SUB_HIFLD_3161,meso_SUB_HIFLD_3263_SUB_HIFLD_3161_rev,60000000.0,2014599.203372856,2867165.0994684277,0,168
SUB_HIFLD_3263,SUB_HIFLD_3165,meso_SUB_HIFLD_3263_SUB_HIFLD_3165_rev,150000000.0,13890187.498576116,35972221.903347135,0,168
SUB_HIFLD_3263,SUB_HIFLD_3170,meso_SUB_HIFLD_3263_SUB_HIFLD_3170_rev,60000000.0,0.0,0.0,0,168
SUB_HIFLD_3263,SUB_HIFLD_3174,meso_SUB_HIFLD_3263_SUB_HIFLD_3174_rev,150000000.0,3481971.263486483,12412325.032297676,0,168
SUB_HIFLD_3266,SUB_HIFLD_3270,meso_SUB_HIFLD_3266_SUB_HIFLD_3270_fwd,80000000.0,0.0,0.0,0,168
SUB_HIFLD_3267,SUB_HIFLD_135,meso_SUB_HIFLD_3267_SUB_HIFLD_135_rev,80000000.0,0.0,0.0,0,168
SUB_HIFLD_3268,SUB_HIFLD_139,meso_SUB_HIFLD_3268_SUB_HIFLD_139_rev,80000000.0,0.0,0.0,0,168
SUB_HIFLD_3268,SUB_HIFLD_140,meso_SUB_HIFLD_3268_SUB_HIFLD_140_rev,80000000.0,0.0,0.0,0,168
SUB_HIFLD_3268,SUB_HIFLD_142,meso_SUB_HIFLD_3268_SUB_HIFLD_142_rev,80000000.0,0.0,0.0,0,168
SUB_HIFLD_3269,SUB_HIFLD_136,meso_SUB_HIFLD_3269_SUB_HIFLD_136_rev,80000000.0,0.0,0.0,0,168
SUB_HIFLD_3269,SUB_HIFLD_138,meso_SUB_HIFLD_3269_SUB_HIFLD_138_rev,80000000.0,0.0,0.0,0,168
SUB_HIFLD_3269,SUB_HIFLD_142,meso_SUB_HIFLD_3269_SUB_HIFLD_142_rev,80000000.0,0.0,0.0,0,168
SUB_HIFLD_3270,SUB_HIFLD_136,meso_SUB_HIFLD_3270_SUB_HIFLD_136_rev,80000000.0,0.0,0.0,0,168
SUB_HIFLD_3270,SUB_HIFLD_3266,meso_SUB_HIFLD_3270_SUB_HIFLD_3266_rev,80000000.0,0.0,0.0,0,168
SUB_HIFLD_3271,SUB_HIFLD_2207,meso_SUB_HIFLD_3271_SUB_HIFLD_2207_rev,80000000.0,0.0,0.0,0,168
SUB_HIFLD_3271,SUB_HIFLD_3272,meso_SUB_HIFLD_3271_SUB_HIFLD_3272_fwd,80000000.0,181484.34732144055,234087.48980649968,0,168
SUB_HIFLD_3272,SUB_HIFLD_3271,meso_SUB_HIFLD_3272_SUB_HIFLD_3271_rev,80000000.0,0.0,0.0,0,168
SUB_HIFLD_3283,SUB_HIFLD_1867,meso_SUB_HIFLD_3283_SUB_HIFLD_1867_rev,80000000.0,496778.0956977188,627710.4896625752,0,168
SUB_HIFLD_3283,SUB_HIFLD_2222,meso_SUB_HIFLD_3283_SUB_HIFLD_2222_rev,80000000.0,677387.1004669236,874228.7547317977,0,168
SUB_HIFLD_3283,WEC_CALN,iface_SUB_HIFLD_3283_WEC_CALN_to_ba,4800000000.0,0.0,0.0,0,168
SUB_HIFLD_3312,SUB_HIFLD_4327,meso_SUB_HIFLD_3312_SUB_HIFLD_4327_fwd,60000000.0,0.0,0.0,0,168
SUB_HIFLD_3356,SUB_HIFLD_1832,meso_SUB_HIFLD_3356_SUB_HIFLD_1832_rev,150000000.0,0.0,0.0,0,168
SUB_HIFLD_3356,SUB_HIFLD_1848,meso_SUB_HIFLD_3356_SUB_HIFLD_1848_rev,150000000.0,0.0,0.0,0,168
SUB_HIFLD_3356,SUB_HIFLD_3625,meso_SUB_HIFLD_3356_SUB_HIFLD_3625_fwd,150000000.0,0.0,0.0,0,168
SUB_HIFLD_3436,SUB_HIFLD_1854,meso_SUB_HIFLD_3436_SUB_HIFLD_1854_rev,80000000.0,0.0,0.0,0,168
SUB_HIFLD_3448,SUB_01438,meso_SUB_HIFLD_3448_SUB_01438_rev,150000000.0,0.0,0.0,0,168
SUB_HIFLD_3448,SUB_HIFLD_11,meso_SUB_HIFLD_3448_SUB_HIFLD_11_rev,150000000.0,22992312.724396277,59283290.58774967,0,168
SUB_HIFLD_3448,SUB_HIFLD_28,meso_SUB_HIFLD_3448_SUB_HIFLD_28_rev,150000000.0,0.0,0.0,0,168
SUB_HIFLD_3503,SUB_25217,meso_SUB_HIFLD_3503_SUB_25217_rev,150000000.0,0.0,0.0,0,168
SUB_HIFLD_3503,SUB_25400,meso_SUB_HIFLD_3503_SUB_25400_rev,150000000.0,0.0,0.0,0,168
SUB_HIFLD_3547,SUB_HIFLD_28,meso_SUB_HIFLD_3547_SUB_HIFLD_28_rev,150000000.0,0.0,0.0,0,168
SUB_HIFLD_3602,SUB_HIFLD_2118,meso_SUB_HIFLD_3602_SUB_HIFLD_2118_rev,60000000.0,1658356.991490736,6708053.116945877,0,168
SUB_HIFLD_3602,SUB_HIFLD_3618,meso_SUB_HIFLD_3602_SUB_HIFLD_3618_fwd,60000000.0,0.0,0.0,0,168
SUB_HIFLD_3618,SUB_HIFLD_3174,meso_SUB_HIFLD_3618_SUB_HIFLD_3174_rev,60000000.0,0.0,0.0,0,168
SUB_HIFLD_3618,SUB_HIFLD_3602,meso_SUB_HIFLD_3618_SUB_HIFLD_3602_rev,60000000.0,4421809.9330485035,10576531.266917812,0,168
SUB_HIFLD_3623,SUB_25470,meso_SUB_HIFLD_3623_SUB_25470_rev,150000000.0,11742823.08210483,22962562.41945876,0,168
SUB_HIFLD_3623,SUB_HIFLD_1153,meso_SUB_HIFLD_3623_SUB_HIFLD_1153_rev,150000000.0,0.0,0.0,0,168
SUB_HIFLD_3623,SUB_HIFLD_1833,meso_SUB_HIFLD_3623_SUB_HIFLD_1833_rev,150000000.0,0.0,0.0,0,168
SUB_HIFLD_3623,SUB_HIFLD_1836,meso_SUB_HIFLD_3623_SUB_HIFLD_1836_rev,150000000.0,8454.850686865862,1367656.19850658,0,168
SUB_HIFLD_3623,SUB_HIFLD_2705,meso_SUB_HIFLD_3623_SUB_HIFLD_2705_rev,150000000.0,0.0,0.0,0,168
SUB_HIFLD_3625,SUB_HIFLD_3356,meso_SUB_HIFLD_3625_SUB_HIFLD_3356_rev,150000000.0,0.0,0.0,0,168
SUB_HIFLD_3824,SUB_HIFLD_3101,meso_SUB_HIFLD_3824_SUB_HIFLD_3101_rev,60000000.0,0.0,0.0,0,168
SUB_HIFLD_3824,SUB_HIFLD_3825,meso_SUB_HIFLD_3824_SUB_HIFLD_3825_fwd,60000000.0,178398.4884656289,259430.183331991,0,168
SUB_HIFLD_3824,SUB_HIFLD_4010,meso_SUB_HIFLD_3824_SUB_HIFLD_4010_fwd,150000000.0,9327601.511534372,9384915.208639558,0,168
SUB_HIFLD_3825,SUB_HIFLD_3824,meso_SUB_HIFLD_3825_SUB_HIFLD_3824_rev,60000000.0,0.0,0.0,0,168
SUB_HIFLD_3825,SUB_HIFLD_4010,meso_SUB_HIFLD_3825_SUB_HIFLD_4010_fwd,150000000.0,0.0,0.0,0,168
SUB_HIFLD_3834,SUB_02272,meso_SUB_HIFLD_3834_SUB_02272_rev,60000000.0,0.0,0.0,0,168
SUB_HIFLD_3834,SUB_02406,meso_SUB_HIFLD_3834_SUB_02406_rev,60000000.0,13545046.001959438,18100407.804320045,0,168
SUB_HIFLD_3834,SUB_HIFLD_2068,meso_SUB_HIFLD_3834_SUB_HIFLD_2068_rev,150000000.0,0.0,0.0,0,168
SUB_HIFLD_3834,SUB_HIFLD_3835,meso_SUB_HIFLD_3834_SUB_HIFLD_3835_fwd,60000000.0,0.0,0.0,0,168
SUB_HIFLD_3835,SUB_02269,meso_SUB_HIFLD_3835_SUB_02269_rev,60000000.0,0.0,0.0,0,168
SUB_HIFLD_3835,SUB_02405,meso_SUB_HIFLD_3835_SUB_02405_rev,150000000.0,0.0,0.0,0,168
SUB_HIFLD_3835,SUB_HIFLD_2049,meso_SUB_HIFLD_3835_SUB_HIFLD_2049_rev,150000000.0,0.0,0.0,0,168
SUB_HIFLD_3835,SUB_HIFLD_2068,meso_SUB_HIFLD_3835_SUB_HIFLD_2068_rev,150000000.0,0.0,0.0,0,168
SUB_HIFLD_3835,SUB_HIFLD_3834,meso_SUB_HIFLD_3835_SUB_HIFLD_3834_rev,60000000.0,0.0,0.0,0,168
SUB_HIFLD_3849,SUB_16237,meso_SUB_HIFLD_3849_SUB_16237_rev,60000000.0,6286065.564725008,57657578.930412374,0,168
SUB_HIFLD_3849,SUB_16374,meso_SUB_HIFLD_3849_SUB_16374_rev,60000000.0,0.0,0.0,0,168
SUB_HIFLD_3862,SUB_HIFLD_2108,meso_SUB_HIFLD_3862_SUB_HIFLD_2108_rev,60000000.0,2106999.584829099,3849593.0150612113,0,168
SUB_HIFLD_3862,SUB_HIFLD_2117,meso_SUB_HIFLD_3862_SUB_HIFLD_2117_rev,60000000.0,0.0,0.0,0,168
SUB_HIFLD_3862,SUB_HIFLD_3262,meso_SUB_HIFLD_3862_SUB_HIFLD_3262_rev,60000000.0,0.0,0.0,0,168
SUB_HIFLD_3862,SUB_HIFLD_3261,meso_SUB_HIFLD_3862_SUB_HIFLD_3261_rev,8630984.74315791,5244103.415128233,7445239.509503866,0,168
SUB_HIFLD_3887,SUB_25360,meso_SUB_HIFLD_3887_SUB_25360_fwd,5000000.0,0.0,0.0,0,168
SUB_HIFLD_3898,SUB_HIFLD_2869,meso_SUB_HIFLD_3898_SUB_HIFLD_2869_rev,150000000.0,0.0,0.0,0,168
SUB_HIFLD_3903,SUB_HIFLD_2086,meso_SUB_HIFLD_3903_SUB_HIFLD_2086_rev,150000000.0,0.0,0.0,0,168
SUB_HIFLD_3903,SUB_HIFLD_48,meso_SUB_HIFLD_3903_SUB_HIFLD_48_fwd,150000000.0,0.0,0.0,0,168
SUB_HIFLD_4010,SUB_01201,meso_SUB_HIFLD_4010_SUB_01201_rev,150000000.0,8878020.459162394,8988150.932617188,0,168
SUB_HIFLD_4010,SUB_HIFLD_3824,meso_SUB_HIFLD_4010_SUB_HIFLD_3824_rev,150000000.0,0.0,0.0,0,168
SUB_HIFLD_4010,SUB_HIFLD_3825,meso_SUB_HIFLD_4010_SUB_HIFLD_3825_rev,150000000.0,0.0,0.0,0,168
SUB_HIFLD_4059,SUB_HIFLD_2514,meso_SUB_HIFLD_4059_SUB_HIFLD_2514_rev,80000000.0,0.0,0.0,0,168
SUB_HIFLD_4068,WEC_CALN,iface_SUB_HIFLD_4068_WEC_CALN_to_ba,5000000.0,0.0,0.0,0,168
SUB_HIFLD_4077,SUB_HIFLD_523,meso_SUB_HIFLD_4077_SUB_HIFLD_523_fwd,5000000.0,0.0,0.0,0,168
SUB_HIFLD_4127,SUB_16368,meso_SUB_HIFLD_4127_SUB_16368_rev,450000000.0,4045523.237096934,4200000.0,0,168
SUB_HIFLD_4127,SUB_HIFLD_597,meso_SUB_HIFLD_4127_SUB_HIFLD_597_fwd,150000000.0,154476.7629030656,4200000.0,0,168
SUB_HIFLD_4231,SUB_01201,meso_SUB_HIFLD_4231_SUB_01201_rev,150000000.0,1035801.0277304286,41996474.02664027,0,168
SUB_HIFLD_4231,SUB_HIFLD_1139,meso_SUB_HIFLD_4231_SUB_HIFLD_1139_rev,150000000.0,0.0,0.0,0,168
SUB_HIFLD_4241,SUB_HIFLD_2869,meso_SUB_HIFLD_4241_SUB_HIFLD_2869_fwd,5000000.0,0.0,0.0,0,168
SUB_HIFLD_4291,SUB_18297,meso_SUB_HIFLD_4291_SUB_18297_rev,300000000.0,0.0,0.0,0,168
SUB_HIFLD_4291,SUB_HIFLD_2086,meso_SUB_HIFLD_4291_SUB_HIFLD_2086_rev,150000000.0,0.0,0.0,0,168
SUB_HIFLD_4291,SUB_HIFLD_48,meso_SUB_HIFLD_4291_SUB_HIFLD_48_fwd,150000000.0,7021338.155861305,8585786.69276092,0,168
SUB_HIFLD_4327,SUB_HIFLD_3312,meso_SUB_HIFLD_4327_SUB_HIFLD_3312_rev,60000000.0,0.0,0.0,0,168
SUB_HIFLD_4327,WEC_CALN,iface_SUB_HIFLD_4327_WEC_CALN_to_ba,5000000.0,0.0,0.0,0,168
SUB_HIFLD_4330,SUB_16328,meso_SUB_HIFLD_4330_SUB_16328_rev,60000000.0,0.0,0.0,0,168
SUB_HIFLD_4330,SUB_HIFLD_2043,meso_SUB_HIFLD_4330_SUB_HIFLD_2043_rev,60000000.0,0.0,0.0,0,168
SUB_HIFLD_4390,SUB_16307,meso_SUB_HIFLD_4390_SUB_16307_rev,60000000.0,40038925.05656355,45000000.0,0,168
SUB_HIFLD_4390,SUB_HIFLD_2990,meso_SUB_HIFLD_4390_SUB_HIFLD_2990_rev,120000000.0,4961074.943436455,23701380.69761837,0,168
SUB_HIFLD_4403,SUB_10335,meso_SUB_HIFLD_4403_SUB_10335_rev,60000000.0,525903.0799269709,4704214.490923353,0,168
SUB_HIFLD_4403,SUB_10352,meso_SUB_HIFLD_4403_SUB_10352_rev,60000000.0,3187533.898708027,7251263.872203051,0,168
SUB_HIFLD_4403,SUB_HIFLD_2180,meso_SUB_HIFLD_4403_SUB_HIFLD_2180_rev,60000000.0,109827.9341210844,2859930.435372325,0,168
SUB_HIFLD_4426,SUB_16237,meso_SUB_HIFLD_4426_SUB_16237_rev,60000000.0,4667875.41427936,22300629.098389123,0,168
SUB_HIFLD_4426,SUB_HIFLD_2020,meso_SUB_HIFLD_4426_SUB_HIFLD_2020_rev,60000000.0,0.0,0.0,0,168
SUB_HIFLD_4426,SUB_HIFLD_2990,meso_SUB_HIFLD_4426_SUB_HIFLD_2990_rev,60000000.0,0.0,0.0,0,168
