source,target,line,capacity_MW,mean_flow_MW,peak_flow_MW,binding_hours,n_hours
WECC_AZ,WECC_IID,line_3315,255.0,0.0,0.0,0,672
WECC_AZ,WECC_NM,line_3317,2400.0,170.9467538427945,1192.1613467974664,0,672
WECC_AZ,WECC_SCE,line_3320,2192.0,0.0,0.0,0,672
WECC_AZ,WECC_SNV,line_3321,4727.0,0.0,0.0,0,672
WECC_AZ,WECC_UT,line_3322,250.0,0.0,0.0,0,672
WECC_AZ,WEC_LADW,line_3326,692.0,0.0,0.0,0,672
WECC_AZ,WEC_SDGE,line_3327,1655.0,41.62120911690989,1335.7625070825368,0,672
WECC_CO,WECC_NM,line_3381,614.0,0.0,0.0,0,672
WECC_CO,WECC_UT,line_3386,650.0,0.0,0.0,0,672
WECC_CO,WECC_WY,line_3387,1400.0,0.04099319610788045,22.63349271208795,0,672
WECC_ID,WECC_MT,line_3444,200.0,0.0,0.0,0,672
WECC_ID,WECC_NNV,line_3446,350.0,16.138569275006997,350.0,5,672
WECC_ID,WECC_PNW,line_3447,2850.0,0.0,0.0,0,672
WECC_ID,WECC_UT,line_3450,680.0,48.57142857142857,680.0,48,672
WECC_ID,WECC_WY,line_3451,1500.0,0.0,0.0,0,672
WECC_IID,WECC_AZ,line_3504,163.0,163.0,163.0,672,672
WECC_IID,WECC_SCE,line_3512,600.0,316.47784338792746,600.0,215,672
WECC_IID,WEC_SDGE,line_3519,150.0,148.33969038551078,150.0,651,672
WECC_MT,WECC_ID,line_3570,325.0,235.996693192203,325.0,474,672
WECC_MT,WECC_PNW,line_3575,2000.0,831.883852953542,2000.0,115,672
WECC_MT,WECC_WY,line_3579,400.0,0.0,0.0,0,672
WECC_NM,WECC_AZ,line_3632,2400.0,84.93774167009578,1248.1958722085885,0,672
WECC_NM,WECC_CO,line_3633,664.0,0.0,0.0,0,672
WECC_NM,WECC_UT,line_3642,300.0,0.0,0.0,0,672
WECC_NNV,WECC_ID,line_3698,185.0,68.96101722377954,185.0,180,672
WECC_NNV,WECC_PNW,line_3703,300.0,72.29180124830994,300.0,93,672
WECC_NNV,WECC_UT,line_3706,235.0,12.758835700413691,235.0,26,672
WECC_NNV,WEC_CALN,line_3709,100.0,0.0,0.0,0,672
WECC_PNW,WECC_ID,line_3762,1650.0,442.30576720962097,1650.0,89,672
WECC_PNW,WECC_MT,line_3764,500.0,16.456767318968705,500.0,20,672
WECC_PNW,WECC_NNV,line_3766,300.0,81.13126276629525,300.0,139,672
WECC_PNW,WEC_CALN,line_3773,4200.0,0.0,0.0,0,672
WECC_PNW,WEC_LADW,line_3774,2600.0,11.997486298347722,1095.9587468083687,0,672
WECC_SCE,WECC_AZ,line_3824,1968.0,0.0,0.0,0,672
WECC_SCE,WECC_IID,line_3827,600.0,0.0,0.0,0,672
WECC_SCE,WECC_SNV,line_3833,2814.0,0.0,0.0,0,672
WECC_SCE,WEC_LADW,line_3838,3750.0,678.472313802898,3358.2262617672513,0,672
WECC_SCE,SUB_HIFLD_1060,iface_WECC_SCE_SUB_HIFLD_1060_to_hub,557.8384718587145,219.66788472894024,557.8384718587145,53,672
WECC_SCE,SUB_HIFLD_1156,iface_WECC_SCE_SUB_HIFLD_1156_to_hub,557.8384718587145,0.0,0.0,0,672
WECC_SCE,SUB_HIFLD_1446,iface_WECC_SCE_SUB_HIFLD_1446_to_hub,557.8384718587145,0.0,0.0,0,672
WECC_SCE,SUB_HIFLD_1477,iface_WECC_SCE_SUB_HIFLD_1477_to_hub,2544.0867157091466,40.064798543814305,819.5778259357355,0,672
WECC_SCE,SUB_HIFLD_1487,iface_WECC_SCE_SUB_HIFLD_1487_to_hub,557.8384718587145,0.001759002392468759,0.1619970105358006,0,672
WECC_SCE,SUB_HIFLD_1498,iface_WECC_SCE_SUB_HIFLD_1498_to_hub,557.8384718587145,1.5475362563010382,108.19137399983465,0,672
WECC_SCE,SUB_HIFLD_1538,iface_WECC_SCE_SUB_HIFLD_1538_to_hub,13853.392816050948,0.0,0.0,0,672
WECC_SCE,SUB_HIFLD_1539,iface_WECC_SCE_SUB_HIFLD_1539_to_hub,557.8384718587145,0.0,0.0,0,672
WECC_SCE,SUB_HIFLD_1542,iface_WECC_SCE_SUB_HIFLD_1542_to_hub,11100.985589988419,0.0,0.0,0,672
WECC_SCE,SUB_HIFLD_1617,iface_WECC_SCE_SUB_HIFLD_1617_to_hub,557.8384718587145,1.7227468523473812,82.38883996288838,0,672
WECC_SCE,SUB_HIFLD_1621,iface_WECC_SCE_SUB_HIFLD_1621_to_hub,557.8384718587145,36.78882337678288,108.76477773515622,0,672
WECC_SCE,SUB_HIFLD_1625,iface_WECC_SCE_SUB_HIFLD_1625_to_hub,557.8384718587145,1.0268955565191182,227.3553981137358,0,672
WECC_SCE,SUB_HIFLD_1635,iface_WECC_SCE_SUB_HIFLD_1635_to_hub,557.8384718587145,9.502416322402397,35.19700639974559,0,672
WECC_SCE,SUB_HIFLD_1636,iface_WECC_SCE_SUB_HIFLD_1636_to_hub,557.8384718587145,0.0,0.0,0,672
WECC_SCE,SUB_HIFLD_1664,iface_WECC_SCE_SUB_HIFLD_1664_to_hub,557.8384718587145,6.335298598865971,285.6379241802813,0,672
WECC_SCE,SUB_HIFLD_1681,iface_WECC_SCE_SUB_HIFLD_1681_to_hub,557.8384718587145,0.0,0.0,0,672
WECC_SCE,SUB_HIFLD_1687,iface_WECC_SCE_SUB_HIFLD_1687_to_hub,557.8384718587145,0.0,0.0,0,672
WECC_SCE,SUB_HIFLD_1713,iface_WECC_SCE_SUB_HIFLD_1713_to_hub,557.8384718587145,5.26585881057117,316.5962846453053,0,672
WECC_SCE,SUB_HIFLD_1745,iface_WECC_SCE_SUB_HIFLD_1745_to_hub,557.8384718587145,92.9205442904971,141.24775038044137,0,672
WECC_SCE,SUB_HIFLD_1748,iface_WECC_SCE_SUB_HIFLD_1748_to_hub,8925.415549739431,0.0,0.0,0,672
WECC_SCE,SUB_HIFLD_1768,iface_WECC_SCE_SUB_HIFLD_1768_to_hub,557.8384718587145,0.0,0.0,0,672
WECC_SCE,SUB_HIFLD_1981,iface_WECC_SCE_SUB_HIFLD_1981_to_hub,557.8384718587145,347.20112820513253,557.8384718587145,218,672
WECC_SCE,SUB_HIFLD_1982,iface_WECC_SCE_SUB_HIFLD_1982_to_hub,557.8384718587145,41.47710788724858,557.8384718587145,10,672
WECC_SCE,SUB_HIFLD_2675,iface_WECC_SCE_SUB_HIFLD_2675_to_hub,557.8384718587145,15.009698174431213,359.9245670584808,0,672
WECC_SCE,SUB_HIFLD_2885,iface_WECC_SCE_SUB_HIFLD_2885_to_hub,557.8384718587145,21.783406558298218,57.98111962082293,0,672
WECC_SCE,SUB_HIFLD_2946,iface_WECC_SCE_SUB_HIFLD_2946_to_hub,557.8384718587145,0.0,0.0,0,672
WECC_SCE,SUB_HIFLD_2970,iface_WECC_SCE_SUB_HIFLD_2970_to_hub,557.8384718587145,0.7031222922232766,55.37877404739379,0,672
WECC_SCE,SUB_HIFLD_3060,iface_WECC_SCE_SUB_HIFLD_3060_to_hub,557.8384718587145,44.32560682889639,184.09198436081144,0,672
WECC_SCE,SUB_HIFLD_3063,iface_WECC_SCE_SUB_HIFLD_3063_to_hub,557.8384718587145,0.0,0.0,0,672
WECC_SCE,SUB_HIFLD_3201,iface_WECC_SCE_SUB_HIFLD_3201_to_hub,10572.711386848885,0.0,0.0,0,672
WECC_SCE,SUB_HIFLD_3368,iface_WECC_SCE_SUB_HIFLD_3368_to_hub,1193.657983360008,6.672922342041178,415.3959953935136,0,672
WECC_SCE,SUB_HIFLD_3449,iface_WECC_SCE_SUB_HIFLD_3449_to_hub,557.8384718587145,0.007053242832290581,0.11188423707313146,0,672
WECC_SCE,SUB_HIFLD_3509,iface_WECC_SCE_SUB_HIFLD_3509_to_hub,613.622319044586,0.0,0.0,0,672
WECC_SCE,SUB_HIFLD_3573,iface_WECC_SCE_SUB_HIFLD_3573_to_hub,47851.31803460671,0.0,0.0,0,672
WECC_SCE,SUB_HIFLD_3743,iface_WECC_SCE_SUB_HIFLD_3743_to_hub,557.8384718587145,23.157396468737087,83.37071722645014,0,672
WECC_SCE,SUB_HIFLD_3744,iface_WECC_SCE_SUB_HIFLD_3744_to_hub,557.8384718587145,0.017140803289771637,11.51861981072654,0,672
WECC_SCE,SUB_HIFLD_3916,iface_WECC_SCE_SUB_HIFLD_3916_to_hub,29007.600536653154,312.55462325552537,1799.504462316062,0,672
WECC_SCE,SUB_HIFLD_3938,iface_WECC_SCE_SUB_HIFLD_3938_to_hub,27262.992393888322,0.0,0.0,0,672
WECC_SCE,SUB_HIFLD_4238,iface_WECC_SCE_SUB_HIFLD_4238_to_hub,557.8384718587145,12.125258488330276,17.59014148239835,0,672
WECC_SCE,SUB_HIFLD_4434,iface_WECC_SCE_SUB_HIFLD_4434_to_hub,1475.4827580662995,5.373881587954596,46.474917632054435,0,672
WECC_SCE,SUB_HIFLD_547,iface_WECC_SCE_SUB_HIFLD_547_to_hub,557.8384718587145,0.0,0.0,0,672
WECC_SCE,SUB_HIFLD_561,iface_WECC_SCE_SUB_HIFLD_561_to_hub,557.8384718587145,5.663066931722729,342.8420155192055,0,672
WECC_SCE,SUB_HIFLD_575,iface_WECC_SCE_SUB_HIFLD_575_to_hub,557.8384718587145,11.837219145641413,231.51826306655812,0,672
WECC_SCE,SUB_HIFLD_589,iface_WECC_SCE_SUB_HIFLD_589_to_hub,557.8384718587145,527.1632616383895,557.8384718587145,507,672
WECC_SCE,SUB_HIFLD_793,iface_WECC_SCE_SUB_HIFLD_793_to_hub,31099.49480612333,0.00040140753891268607,0.03463474289493438,0,672
WECC_SCE,SUB_HIFLD_804,iface_WECC_SCE_SUB_HIFLD_804_to_hub,557.8384718587145,0.2841267001470867,1.1269256906411083,0,672
WECC_SCE,SUB_HIFLD_811,iface_WECC_SCE_SUB_HIFLD_811_to_hub,557.8384718587145,376.67864955946226,557.8384718587145,86,672
WECC_SCE,SUB_HIFLD_812,iface_WECC_SCE_SUB_HIFLD_812_to_hub,557.8384718587145,0.0015393635522341928,0.0025522362325609347,0,672
WECC_SCE,SUB_HIFLD_838,iface_WECC_SCE_SUB_HIFLD_838_to_hub,557.8384718587145,0.0,0.0,0,672
WECC_SCE,SUB_HIFLD_841,iface_WECC_SCE_SUB_HIFLD_841_to_hub,557.8384718587145,143.0812418152935,557.8384718587145,2,672
WECC_SCE,SUB_HIFLD_842,iface_WECC_SCE_SUB_HIFLD_842_to_hub,557.8384718587145,0.0006060449674425607,0.0061140266890378344,0,672
WECC_SCE,SUB_HIFLD_851,iface_WECC_SCE_SUB_HIFLD_851_to_hub,557.8384718587145,0.0,0.0,0,672
WECC_SCE,SUB_HIFLD_1733,iface_WECC_SCE_SUB_HIFLD_1733_to_hub,40000.0,44.36090598950856,137.21027029473112,0,672
WECC_SCE,SUB_HIFLD_1480,iface_WECC_SCE_SUB_HIFLD_1480_to_hub,28000.0,0.0,0.0,0,672
WECC_SNV,WECC_AZ,line_3888,4785.0,0.0,0.0,0,672
WECC_SNV,WECC_SCE,line_3896,1700.0,0.0,0.0,0,672
WECC_SNV,WECC_UT,line_3898,250.0,0.0,0.0,0,672
WECC_SNV,WEC_LADW,line_3902,2300.0,0.0,0.0,0,672
WECC_UT,WECC_AZ,line_3952,250.0,0.0,0.0,0,672
WECC_UT,WECC_CO,line_3953,650.0,0.0,0.0,0,672
WECC_UT,WECC_ID,line_3954,775.0,530.6716557218066,775.0,447,672
WECC_UT,WECC_NM,line_3957,350.0,0.0,0.0,0,672
WECC_UT,WECC_NNV,line_3958,360.0,254.30049973003685,360.0,442,672
WECC_UT,WECC_SNV,line_3961,140.0,113.4563786854682,140.0,537,672
WECC_UT,WECC_WY,line_3963,1600.0,0.0,0.0,0,672
WECC_UT,WEC_LADW,line_3966,1920.0,0.0,0.0,0,672
WECC_WY,WECC_CO,line_4017,1400.0,711.3343862611333,1400.0,67,672
WECC_WY,WECC_ID,line_4018,3700.0,0.0,0.0,0,672
WECC_WY,WECC_MT,line_4020,200.0,0.0,0.0,0,672
WECC_WY,WECC_UT,line_4026,1800.0,0.0,0.0,0,672
WEC_BANC,WEC_CALN,line_4093,2750.0,0.0,0.0,0,672
WEC_BANC,SUB_HIFLD_1360,iface_WEC_BANC_SUB_HIFLD_1360_to_hub,600.0,10.182208393419128,20.36465152482973,0,672
WEC_BANC,SUB_10340,iface_WEC_BANC_SUB_10340_to_hub,131.47840326892245,7.068258142635175,12.00311493234536,0,672
WEC_BANC,SUB_16211,iface_WEC_BANC_SUB_16211_to_hub,150.36704877142725,8.01044760298132,15.059738442332472,0,672
WEC_BANC,SUB_HIFLD_142,iface_WEC_BANC_SUB_HIFLD_142_to_hub,337.2597973699951,24.81483582161469,34.41654768608093,0,672
WEC_BANC,SUB_HIFLD_1396,iface_WEC_BANC_SUB_HIFLD_1396_to_hub,600.0,16.026319072500534,24.3303459246134,0,672
WEC_BANC,SUB_HIFLD_1848,iface_WEC_BANC_SUB_HIFLD_1848_to_hub,3000.0,54.205160977438084,86.54807052248587,0,672
WEC_BANC,SUB_HIFLD_2013,iface_WEC_BANC_SUB_HIFLD_2013_to_hub,1421.0,0.0,0.0,0,672
WEC_BANC,SUB_HIFLD_2177,iface_WEC_BANC_SUB_HIFLD_2177_to_hub,50.0,0.0,0.0,0,672
WEC_BANC,SUB_HIFLD_2207,iface_WEC_BANC_SUB_HIFLD_2207_to_hub,50.0,1.566905778462758,2.249195722232893,0,672
WEC_BANC,SUB_HIFLD_2212,iface_WEC_BANC_SUB_HIFLD_2212_to_hub,800.0,0.04865287532101791,0.07099161836289868,0,672
WEC_BANC,SUB_HIFLD_2219,iface_WEC_BANC_SUB_HIFLD_2219_to_hub,50.0,0.20844566235661682,0.2992107902605509,0,672
WEC_BANC,SUB_HIFLD_2491,iface_WEC_BANC_SUB_HIFLD_2491_to_hub,600.0,0.0,0.0,0,672
WEC_BANC,SUB_HIFLD_3312,iface_WEC_BANC_SUB_HIFLD_3312_to_hub,1200.0,0.0,0.0,0,672
WEC_BANC,SUB_HIFLD_4327,iface_WEC_BANC_SUB_HIFLD_4327_to_hub,1200.0,0.0,0.0,0,672
WEC_CALN,WECC_NNV,line_4150,100.0,0.0,0.0,0,672
WEC_CALN,WECC_PNW,line_4151,3675.0,0.0,0.0,0,672
WEC_CALN,WEC_BANC,line_4156,2750.0,0.0,0.0,0,672
WEC_CALN,SUB_01222,iface_WEC_CALN_SUB_01222_to_hub,200.0,199.4975719325153,200.0,669,672
WEC_CALN,SUB_01223,iface_WEC_CALN_SUB_01223_to_hub,200.0,103.01162037850297,200.0,34,672
WEC_CALN,SUB_01323,iface_WEC_CALN_SUB_01323_to_hub,4000.0,0.7282691291066438,37.98229802194094,0,672
WEC_CALN,SUB_01365,iface_WEC_CALN_SUB_01365_to_hub,461.0,2.7381339626130297,143.0789183430038,0,672
WEC_CALN,SUB_01380,iface_WEC_CALN_SUB_01380_to_hub,200.0,174.63784106377938,200.0,528,672
WEC_CALN,SUB_01409,iface_WEC_CALN_SUB_01409_to_hub,200.0,50.91603711140473,200.0,1,672
WEC_CALN,SUB_01423,iface_WEC_CALN_SUB_01423_to_hub,10200.0,123.33180033015032,203.52492992802001,0,672
WEC_CALN,SUB_01440,iface_WEC_CALN_SUB_01440_to_hub,200.0,19.57504955864013,111.68027138215324,0,672
WEC_CALN,SUB_01466,iface_WEC_CALN_SUB_01466_to_hub,200.0,34.94318387753361,100.56699420103094,0,672
WEC_CALN,SUB_01467,iface_WEC_CALN_SUB_01467_to_hub,200.0,89.75312364484378,200.0,46,672
WEC_CALN,SUB_01469,iface_WEC_CALN_SUB_01469_to_hub,200.0,15.991978940313809,195.06099008722674,0,672
WEC_CALN,SUB_02210,iface_WEC_CALN_SUB_02210_to_hub,17745.3163661443,578.8531735487347,938.3966410791517,0,672
WEC_CALN,SUB_02287,iface_WEC_CALN_SUB_02287_to_hub,12636.505347241937,55.97425232740112,250.66923730167713,0,672
WEC_CALN,SUB_02419,iface_WEC_CALN_SUB_02419_to_hub,6800.0,302.1635229185284,456.92737125404057,0,672
WEC_CALN,SUB_04205,iface_WEC_CALN_SUB_04205_to_hub,31587.594518236485,38.110700228688074,63.88278007592465,0,672
WEC_CALN,SUB_04230,iface_WEC_CALN_SUB_04230_to_hub,200.0,96.32218617725928,200.0,1,672
WEC_CALN,SUB_04248,iface_WEC_CALN_SUB_04248_to_hub,4000.0,167.03543705055026,280.92615731070623,0,672
WEC_CALN,SUB_04256,iface_WEC_CALN_SUB_04256_to_hub,1713.2813725443934,0.0,0.0,0,672
WEC_CALN,SUB_04325,iface_WEC_CALN_SUB_04325_to_hub,2977.636363636364,0.16483624635362354,48.6490257015063,0,672
WEC_CALN,SUB_04337,iface_WEC_CALN_SUB_04337_to_hub,38100.0,129.4716521782166,190.79655503105528,0,672
WEC_CALN,SUB_06364,iface_WEC_CALN_SUB_06364_to_hub,1359.9904488999998,0.01747370373891975,6.466679904493296,0,672
WEC_CALN,SUB_08337,iface_WEC_CALN_SUB_08337_to_hub,17900.0,225.0849064673997,430.50876939223076,0,672
WEC_CALN,SUB_08343,iface_WEC_CALN_SUB_08343_to_hub,8400.0,214.19195962246556,396.46125581049154,0,672
WEC_CALN,SUB_08377,iface_WEC_CALN_SUB_08377_to_hub,4000.0,33.10676826248581,54.24216333762887,0,672
WEC_CALN,SUB_10225,iface_WEC_CALN_SUB_10225_to_hub,1960.0,0.0,0.0,0,672
WEC_CALN,SUB_10260,iface_WEC_CALN_SUB_10260_to_hub,200.0,3.1083849345871277,77.57856273033283,0,672
WEC_CALN,SUB_10293,iface_WEC_CALN_SUB_10293_to_hub,200.0,0.0,0.0,0,672
WEC_CALN,SUB_10314,iface_WEC_CALN_SUB_10314_to_hub,200.0,0.3189264211007245,17.148115335051546,0,672
WEC_CALN,SUB_10372,iface_WEC_CALN_SUB_10372_to_hub,14733.418307603153,0.0,0.0,0,672
WEC_CALN,SUB_10373,iface_WEC_CALN_SUB_10373_to_hub,200.0,0.0,0.0,0,672
WEC_CALN,SUB_15276,iface_WEC_CALN_SUB_15276_to_hub,206.0,27.211522258829497,46.235062164134746,0,672
WEC_CALN,SUB_16242,iface_WEC_CALN_SUB_16242_to_hub,3800.0,81.66107875939812,181.0609665136617,0,672
WEC_CALN,SUB_16348,iface_WEC_CALN_SUB_16348_to_hub,200.0,111.2814117211308,200.0,42,672
WEC_CALN,SUB_16368,iface_WEC_CALN_SUB_16368_to_hub,200.0,87.88941301307186,200.0,49,672
WEC_CALN,SUB_16371,iface_WEC_CALN_SUB_16371_to_hub,200.0,10.054422152710583,41.63284068943299,0,672
WEC_CALN,SUB_16391,iface_WEC_CALN_SUB_16391_to_hub,20000.0,2.516804946528916,36.859995167525774,0,672
WEC_CALN,SUB_18282,iface_WEC_CALN_SUB_18282_to_hub,200.0,8.598227368751033,200.0,19,672
WEC_CALN,SUB_18301,iface_WEC_CALN_SUB_18301_to_hub,200.0,2.3640901767343854,186.53582413784264,0,672
WEC_CALN,SUB_25270,iface_WEC_CALN_SUB_25270_to_hub,700.0,50.19271547437947,248.30427972992004,0,672
WEC_CALN,SUB_25337,iface_WEC_CALN_SUB_25337_to_hub,4800.0,52.42102623593213,219.2647398801378,0,672
WEC_CALN,SUB_25367,iface_WEC_CALN_SUB_25367_to_hub,200.0,3.310494189850639,29.067811715345684,0,672
WEC_CALN,SUB_25407,iface_WEC_CALN_SUB_25407_to_hub,6700.0,87.20534014361907,250.30833643320227,0,672
WEC_CALN,SUB_25412,iface_WEC_CALN_SUB_25412_to_hub,200.0,24.405919371135354,200.0,49,672
WEC_CALN,SUB_25430,iface_WEC_CALN_SUB_25430_to_hub,200.0,4.45831028738491,14.06760128060567,0,672
WEC_CALN,SUB_25441,iface_WEC_CALN_SUB_25441_to_hub,6280.614982341472,15.033175497222839,57.180823691910675,0,672
WEC_CALN,SUB_25457,iface_WEC_CALN_SUB_25457_to_hub,1000.0,24.647754335117867,95.49760605703315,0,672
WEC_CALN,SUB_25461,iface_WEC_CALN_SUB_25461_to_hub,30400.0,29.068799844723745,109.706009854569,0,672
WEC_CALN,SUB_25464,iface_WEC_CALN_SUB_25464_to_hub,2000.0,2.868296709876682,19.271649344419238,0,672
WEC_CALN,SUB_25526,iface_WEC_CALN_SUB_25526_to_hub,6700.0,7.507728033567151,311.18194566094616,0,672
WEC_CALN,SUB_HIFLD_10,iface_WEC_CALN_SUB_HIFLD_10_to_hub,11000.0,199.0338070515769,420.1271163061833,0,672
WEC_CALN,SUB_HIFLD_1020,iface_WEC_CALN_SUB_HIFLD_1020_to_hub,5500.0,74.890950709465,316.6372368892354,0,672
WEC_CALN,SUB_HIFLD_1077,iface_WEC_CALN_SUB_HIFLD_1077_to_hub,1200.0,0.0,0.0,0,672
WEC_CALN,SUB_HIFLD_1086,iface_WEC_CALN_SUB_HIFLD_1086_to_hub,6531.0,0.0,0.0,0,672
WEC_CALN,SUB_HIFLD_1113,iface_WEC_CALN_SUB_HIFLD_1113_to_hub,28000.0,0.0,0.0,0,672
WEC_CALN,SUB_HIFLD_1170,iface_WEC_CALN_SUB_HIFLD_1170_to_hub,1910.0,0.16029523290304684,99.7364330082719,0,672
WEC_CALN,SUB_HIFLD_1171,iface_WEC_CALN_SUB_HIFLD_1171_to_hub,200.0,0.0,0.0,0,672
WEC_CALN,SUB_HIFLD_1195,iface_WEC_CALN_SUB_HIFLD_1195_to_hub,19549.0,52.614507218417245,364.2480244056204,0,672
WEC_CALN,SUB_HIFLD_1297,iface_WEC_CALN_SUB_HIFLD_1297_to_hub,4000.0,0.0,0.0,0,672
WEC_CALN,SUB_HIFLD_130,iface_WEC_CALN_SUB_HIFLD_130_to_hub,8500.0,0.01639587430296579,11.018027531593011,0,672
WEC_CALN,SUB_HIFLD_1300,iface_WEC_CALN_SUB_HIFLD_1300_to_hub,2400.0,0.0,0.0,0,672
WEC_CALN,SUB_HIFLD_1303,iface_WEC_CALN_SUB_HIFLD_1303_to_hub,1774.0,0.0,0.0,0,672
WEC_CALN,SUB_HIFLD_1313,iface_WEC_CALN_SUB_HIFLD_1313_to_hub,1835.0,0.0,0.0,0,672
WEC_CALN,SUB_HIFLD_1323,iface_WEC_CALN_SUB_HIFLD_1323_to_hub,2800.0,0.0,0.0,0,672
WEC_CALN,SUB_HIFLD_1324,iface_WEC_CALN_SUB_HIFLD_1324_to_hub,1250.0,2.4130398472397254,110.02309373860346,0,672
WEC_CALN,SUB_HIFLD_1336,iface_WEC_CALN_SUB_HIFLD_1336_to_hub,6800.0,0.0,0.0,0,672
WEC_CALN,SUB_HIFLD_1357,iface_WEC_CALN_SUB_HIFLD_1357_to_hub,200.0,0.0,0.0,0,672
WEC_CALN,SUB_HIFLD_1395,iface_WEC_CALN_SUB_HIFLD_1395_to_hub,3063.0,0.0,0.0,0,672
WEC_CALN,SUB_HIFLD_1432,iface_WEC_CALN_SUB_HIFLD_1432_to_hub,5492.0,219.53822806763552,899.9930961821419,0,672
WEC_CALN,SUB_HIFLD_1444,iface_WEC_CALN_SUB_HIFLD_1444_to_hub,254000.0,0.0,0.0,0,672
WEC_CALN,SUB_HIFLD_1851,iface_WEC_CALN_SUB_HIFLD_1851_to_hub,12000.0,41.84170670272937,237.69905454473496,0,672
WEC_CALN,SUB_HIFLD_1854,iface_WEC_CALN_SUB_HIFLD_1854_to_hub,200.0,2.4415463377233406,3.4554095623102716,0,672
WEC_CALN,SUB_HIFLD_2010,iface_WEC_CALN_SUB_HIFLD_2010_to_hub,200.0,46.99057151933723,158.85738675598554,0,672
WEC_CALN,SUB_HIFLD_211,iface_WEC_CALN_SUB_HIFLD_211_to_hub,30300.0,0.0,0.0,0,672
WEC_CALN,SUB_HIFLD_2456,iface_WEC_CALN_SUB_HIFLD_2456_to_hub,3150.0,0.0,0.0,0,672
WEC_CALN,SUB_HIFLD_2469,iface_WEC_CALN_SUB_HIFLD_2469_to_hub,18000.0,0.0,0.0,0,672
WEC_CALN,SUB_HIFLD_2514,iface_WEC_CALN_SUB_HIFLD_2514_to_hub,200.0,0.41430910350681655,0.5549194661903767,0,672
WEC_CALN,SUB_HIFLD_2713,iface_WEC_CALN_SUB_HIFLD_2713_to_hub,11537.173767677747,0.0,0.0,0,672
WEC_CALN,SUB_HIFLD_30,iface_WEC_CALN_SUB_HIFLD_30_to_hub,50500.0,1.6368055844542764,181.19589724258,0,672
WEC_CALN,SUB_HIFLD_3784,iface_WEC_CALN_SUB_HIFLD_3784_to_hub,6400.0,0.5830232596972972,11.116503696636489,0,672
WEC_CALN,SUB_HIFLD_3940,iface_WEC_CALN_SUB_HIFLD_3940_to_hub,4000.0,0.0,0.0,0,672
WEC_CALN,SUB_HIFLD_597,iface_WEC_CALN_SUB_HIFLD_597_to_hub,10414.020126795327,47.32848212560062,179.93989393345197,0,672
WEC_CALN,SUB_HIFLD_659,iface_WEC_CALN_SUB_HIFLD_659_to_hub,200.0,4.545483804404247,69.59564230504735,0,672
WEC_CALN,SUB_HIFLD_74,iface_WEC_CALN_SUB_HIFLD_74_to_hub,4078.0,1.6683841504520984,49.041380158075924,0,672
WEC_CALN,SUB_HIFLD_982,iface_WEC_CALN_SUB_HIFLD_982_to_hub,200.0,0.7383927005348001,39.295026765745,0,672
WEC_CALN,SUB_HIFLD_3283,iface_WEC_CALN_SUB_HIFLD_3283_to_hub,48000.0,1.6849054095917482,2.3867663916941355,0,672
WEC_CALN,SUB_25209,iface_WEC_CALN_SUB_25209_to_hub,27000.0,13.441355457853517,50.29099146262886,0,672
WEC_CALN,SUB_25255,iface_WEC_CALN_SUB_25255_to_hub,27000.0,73.08827833684047,2384.894631320871,0,672
WEC_LADW,WECC_AZ,line_4208,468.0,0.0,0.0,0,672
WEC_LADW,WECC_PNW,line_4215,2858.0,0.0,0.0,0,672
WEC_LADW,WECC_SCE,line_4216,3750.0,99.82352893956079,2264.6501553379976,0,672
WEC_LADW,WECC_SNV,line_4217,3883.0,0.0,0.0,0,672
WEC_LADW,WECC_UT,line_4218,1400.0,0.0,0.0,0,672
WEC_LADW,SUB_HIFLD_1254,iface_WEC_LADW_SUB_HIFLD_1254_to_hub,800.0,3.673221868938161,9.748011729732895,0,672
WEC_LADW,SUB_HIFLD_1265,iface_WEC_LADW_SUB_HIFLD_1265_to_hub,1600.0,0.0,0.0,0,672
WEC_LADW,SUB_HIFLD_1871,iface_WEC_LADW_SUB_HIFLD_1871_to_hub,50.0,1.196009063065257,1.7165313406088918,0,672
WEC_LADW,SUB_HIFLD_1872,iface_WEC_LADW_SUB_HIFLD_1872_to_hub,50.0,1.6271929670211203,2.4521300640302837,0,672
WEC_LADW,SUB_HIFLD_321,iface_WEC_LADW_SUB_HIFLD_321_to_hub,50.0,0.0,0.0,0,672
WEC_LADW,SUB_HIFLD_3331,iface_WEC_LADW_SUB_HIFLD_3331_to_hub,50.0,0.0,0.0,0,672
WEC_LADW,SUB_HIFLD_3587,iface_WEC_LADW_SUB_HIFLD_3587_to_hub,1600.0,0.0,0.0,0,672
WEC_LADW,SUB_HIFLD_3588,iface_WEC_LADW_SUB_HIFLD_3588_to_hub,230.70705738862964,5.433989234665883,10.181387926868556,0,672
WEC_LADW,SUB_HIFLD_3755,iface_WEC_LADW_SUB_HIFLD_3755_to_hub,800.0,5.832818323359165,11.102511879832475,0,672
WEC_LADW,SUB_HIFLD_3740,iface_WEC_LADW_SUB_HIFLD_3740_to_hub,800.0,5.252891491837049,7.412006181539949,0,672
WEC_LADW,SUB_HIFLD_3759,iface_WEC_LADW_SUB_HIFLD_3759_to_hub,2568.473954994001,0.0,0.0,0,672
WEC_LADW,SUB_HIFLD_3760,iface_WEC_LADW_SUB_HIFLD_3760_to_hub,800.0,0.0,0.0,0,672
WEC_LADW,SUB_HIFLD_3999,iface_WEC_LADW_SUB_HIFLD_3999_to_hub,121.18006236407665,2.7952104004432163,11.346785397873711,0,672
WEC_LADW,SUB_HIFLD_4002,iface_WEC_LADW_SUB_HIFLD_4002_to_hub,779.9303445908636,0.0,0.0,0,672
WEC_SDGE,WECC_AZ,line_4272,1168.0,0.0,0.0,0,672
WEC_SDGE,WECC_IID,line_4275,150.0,0.0,0.0,0,672
WEC_SDGE,SUB_HIFLD_1047,iface_WEC_SDGE_SUB_HIFLD_1047_to_hub,314.4194761968858,77.55960571850379,303.68876885229236,0,672
WEC_SDGE,SUB_HIFLD_1162,iface_WEC_SDGE_SUB_HIFLD_1162_to_hub,236.40562120066608,224.31391779686774,236.40562120066608,474,672
WEC_SDGE,SUB_HIFLD_2485,iface_WEC_SDGE_SUB_HIFLD_2485_to_hub,236.40562120066608,4.41804788951841,41.804147873711344,0,672
WEC_SDGE,SUB_HIFLD_2486,iface_WEC_SDGE_SUB_HIFLD_2486_to_hub,2836.867454407992,55.05488934207718,198.96113736193715,0,672
WEC_SDGE,SUB_HIFLD_2493,iface_WEC_SDGE_SUB_HIFLD_2493_to_hub,236.40562120066608,51.57462459034233,86.53623550257731,0,672
WEC_SDGE,SUB_HIFLD_2497,iface_WEC_SDGE_SUB_HIFLD_2497_to_hub,236.40562120066608,0.9240046875614565,25.0875503382732,0,672
WEC_SDGE,SUB_HIFLD_3016,iface_WEC_SDGE_SUB_HIFLD_3016_to_hub,7210.371446620314,0.0,0.0,0,672
WEC_SDGE,SUB_HIFLD_3022,iface_WEC_SDGE_SUB_HIFLD_3022_to_hub,1418.433727203996,177.60878462137086,443.1518725932689,0,672
WEC_SDGE,SUB_HIFLD_3080,iface_WEC_SDGE_SUB_HIFLD_3080_to_hub,236.40562120066608,23.493993712150413,39.613498711340206,0,672
WEC_SDGE,SUB_HIFLD_3148,iface_WEC_SDGE_SUB_HIFLD_3148_to_hub,236.40562120066608,4.292359375239706,7.237809580380154,0,672
WEC_SDGE,SUB_HIFLD_3206,iface_WEC_SDGE_SUB_HIFLD_3206_to_hub,236.40562120066608,26.025299264729522,209.17247654762969,0,672
WEC_SDGE,SUB_HIFLD_3461,iface_WEC_SDGE_SUB_HIFLD_3461_to_hub,236.40562120066608,25.083770953807896,140.4969434535004,0,672
WEC_SDGE,SUB_HIFLD_3708,iface_WEC_SDGE_SUB_HIFLD_3708_to_hub,17966.827211250617,0.9363354796448442,51.54639175257732,0,672
WEC_SDGE,SUB_HIFLD_880,iface_WEC_SDGE_SUB_HIFLD_880_to_hub,4728.112424013321,3.9334491145487003,40.08998469716495,0,672
WEC_SDGE,SUB_HIFLD_901,iface_WEC_SDGE_SUB_HIFLD_901_to_hub,236.40562120066608,33.643150878092996,61.423937810540444,0,672
WEC_SDGE,SUB_HIFLD_902,iface_WEC_SDGE_SUB_HIFLD_902_to_hub,236.40562120066608,1.1403695079558533,14.049104985502577,0,672
WEC_SDGE,SUB_HIFLD_905,iface_WEC_SDGE_SUB_HIFLD_905_to_hub,886.5210795024976,3.666796485260148,113.87425505832384,0,672
WEC_SDGE,SUB_HIFLD_906,iface_WEC_SDGE_SUB_HIFLD_906_to_hub,236.40562120066608,22.183140271956145,37.51603173324742,0,672
WEC_SDGE,SUB_HIFLD_928,iface_WEC_SDGE_SUB_HIFLD_928_to_hub,236.40562120066608,31.074851624445575,228.82666186425107,0,672
WEC_SDGE,SUB_HIFLD_930,iface_WEC_SDGE_SUB_HIFLD_930_to_hub,1418.433727203996,356.38567617320734,584.6787127339863,0,672
WEC_SDGE,SUB_HIFLD_938,iface_WEC_SDGE_SUB_HIFLD_938_to_hub,236.40562120066608,125.58432941089492,224.98330794337656,0,672
WEC_SDGE,SUB_HIFLD_944,iface_WEC_SDGE_SUB_HIFLD_944_to_hub,236.40562120066608,5.951425823859872,81.5029586543286,0,672
WEC_SDGE,SUB_HIFLD_948,iface_WEC_SDGE_SUB_HIFLD_948_to_hub,13238.714787237299,46.43712505665268,131.1247975293965,0,672
WEC_SDGE,SUB_HIFLD_954,iface_WEC_SDGE_SUB_HIFLD_954_to_hub,236.40562120066608,23.406596927180242,127.5447779470658,0,672
WEC_SDGE,SUB_HIFLD_968,iface_WEC_SDGE_SUB_HIFLD_968_to_hub,236.40562120066608,178.3055164943208,236.40562120066608,86,672
WEC_SDGE,SUB_HIFLD_969,iface_WEC_SDGE_SUB_HIFLD_969_to_hub,236.40562120066608,34.044287946329916,107.23367005010635,0,672
SUB_02409,SUB_HIFLD_2062,meso_SUB_02409_SUB_HIFLD_2062_fwd,210.48781076590532,0.0,0.0,0,672
SUB_10349,SUB_10372,meso_SUB_10349_SUB_10372_fwd,600.0,7.697157484647765,27.554508459466,0,672
SUB_10349,SUB_HIFLD_3104,meso_SUB_10349_SUB_HIFLD_3104_rev,50.0,1.4733438284235956,2.030775638320441,0,672
SUB_10349,SUB_HIFLD_1062,meso_SUB_10349_SUB_HIFLD_1062_rev,50.0,0.9789629779379335,1.3846850837628868,0,672
SUB_04281,SUB_04209,meso_SUB_04281_SUB_04209_rev,600.0,0.0,0.0,0,672
SUB_04281,SUB_04285,meso_SUB_04281_SUB_04285_fwd,600.0,4.788745783649266,7.474643909488332,0,672
SUB_04281,SUB_04316,meso_SUB_04281_SUB_04316_fwd,600.0,2.4179526649741026,3.490831386920103,0,672
SUB_18239,SUB_18219,meso_SUB_18239_SUB_18219_rev,1200.0,1.1575953747734862,6.214085795722514,0,672
SUB_25404,SUB_25537,meso_SUB_25404_SUB_25537_fwd,72.1309451568815,0.0,0.0,0,672
SUB_25424,SUB_25208,meso_SUB_25424_SUB_25208_rev,3000.0,0.017509736645938065,4.500679585349107,0,672
SUB_25424,SUB_HIFLD_376,meso_SUB_25424_SUB_HIFLD_376_fwd,1500.0,0.0,0.0,0,672
SUB_01216,SUB_01365,meso_SUB_01216_SUB_01365_fwd,1800.0,0.0,0.0,0,672
SUB_01216,SUB_01445,meso_SUB_01216_SUB_01445_fwd,600.0,6.266189027611014,79.61901578608249,0,672
SUB_01216,SUB_01202,meso_SUB_01216_SUB_01202_rev,1500.0,60.414336697517975,297.47503196004976,0,672
SUB_01216,SUB_01324,meso_SUB_01216_SUB_01324_fwd,1500.0,0.0,0.0,0,672
SUB_01216,SUB_01343,meso_SUB_01216_SUB_01343_fwd,1500.0,0.0,0.0,0,672
SUB_01216,SUB_01391,meso_SUB_01216_SUB_01391_fwd,3000.0,0.46392999990821,15.858828125000002,0,672
SUB_01216,SUB_01466,meso_SUB_01216_SUB_01466_fwd,4000.0,17.833623649267068,99.98651739690723,0,672
SUB_01216,SUB_01467,meso_SUB_01216_SUB_01467_fwd,4000.0,3.8891734656920827,149.38181794418708,0,672
SUB_01216,SUB_02203,meso_SUB_01216_SUB_02203_fwd,4000.0,217.9901513904399,475.10068861878875,0,672
SUB_01216,SUB_02419,meso_SUB_01216_SUB_02419_fwd,4000.0,8.3802940996601,189.38124575431465,0,672
SUB_01216,SUB_HIFLD_10,meso_SUB_01216_SUB_HIFLD_10_fwd,4000.0,8.49051116173043,205.6235040807674,0,672
SUB_01216,SUB_HIFLD_105,meso_SUB_01216_SUB_HIFLD_105_fwd,3000.0,0.0,0.0,0,672
SUB_01216,SUB_HIFLD_130,meso_SUB_01216_SUB_HIFLD_130_fwd,4000.0,0.0,0.0,0,672
SUB_01216,SUB_HIFLD_30,meso_SUB_01216_SUB_HIFLD_30_fwd,4000.0,0.0,0.0,0,672
SUB_25229,SUB_25234,meso_SUB_25229_SUB_25234_fwd,3000.0,0.0,0.0,0,672
SUB_25229,SUB_25235,meso_SUB_25229_SUB_25235_fwd,3000.0,0.0,0.0,0,672
SUB_25357,SUB_25235,meso_SUB_25357_SUB_25235_rev,1500.0,0.0,0.0,0,672
SUB_25357,SUB_25392,meso_SUB_25357_SUB_25392_fwd,1500.0,43.00050655729964,89.26835107716019,0,672
SUB_25357,SUB_25204,meso_SUB_25357_SUB_25204_rev,1500.0,33.36455295002713,77.84769652061857,0,672
SUB_16299,SUB_16207,meso_SUB_16299_SUB_16207_rev,600.0,1.4530231868964751,13.918099629510309,0,672
SUB_16299,SUB_16323,meso_SUB_16299_SUB_16323_fwd,600.0,0.0,0.0,0,672
SUB_25460,SUB_HIFLD_217,meso_SUB_25460_SUB_HIFLD_217_fwd,50.0,0.0,0.0,0,672
SUB_16208,SUB_16223,meso_SUB_16208_SUB_16223_fwd,600.0,0.0,0.0,0,672
SUB_16208,SUB_16302,meso_SUB_16208_SUB_16302_fwd,600.0,0.0,0.0,0,672
SUB_25455,SUB_25205,meso_SUB_25455_SUB_25205_rev,4000.0,63.11858211339317,134.71610957887276,0,672
SUB_25455,SUB_25412,meso_SUB_25455_SUB_25412_rev,4000.0,0.0,0.0,0,672
SUB_16354,SUB_16301,meso_SUB_16354_SUB_16301_rev,1200.0,0.0,0.0,0,672
SUB_15215,SUB_06203,meso_SUB_15215_SUB_06203_rev,2100.0,0.5382787534462333,32.190788159205475,0,672
SUB_15215,SUB_06277,meso_SUB_15215_SUB_06277_rev,600.0,8.758517341006442,30.893686300711106,0,672
SUB_15215,SUB_06344,meso_SUB_15215_SUB_06344_rev,600.0,8.776954196213374,18.964531652706185,0,672
SUB_15215,SUB_06368,meso_SUB_15215_SUB_06368_rev,1500.0,0.0,0.0,0,672
SUB_15215,SUB_15281,meso_SUB_15215_SUB_15281_fwd,600.0,0.0,0.0,0,672
SUB_15215,SUB_15290,meso_SUB_15215_SUB_15290_fwd,1500.0,0.0,0.0,0,672
SUB_15215,SUB_15371,meso_SUB_15215_SUB_15371_fwd,600.0,3.804921908425636,6.435898272473497,0,672
SUB_15215,SUB_15373,meso_SUB_15215_SUB_15373_fwd,600.0,6.256797494831698,22.960673727448455,0,672
SUB_15215,SUB_15376,meso_SUB_15215_SUB_15376_fwd,600.0,0.0,0.0,0,672
SUB_15215,SUB_15378,meso_SUB_15215_SUB_15378_fwd,1500.0,6.462221989804923,48.41058714561856,0,672
SUB_25373,SUB_25412,meso_SUB_25373_SUB_25412_fwd,1500.0,0.0,0.0,0,672
SUB_25373,SUB_25425,meso_SUB_25373_SUB_25425_fwd,1500.0,0.0,0.0,0,672
SUB_25373,SUB_25228,meso_SUB_25373_SUB_25228_rev,1500.0,0.0,0.0,0,672
SUB_25232,SUB_25255,meso_SUB_25232_SUB_25255_fwd,1600.0,137.54576281439535,341.0941834482397,0,672
SUB_25232,SUB_25468,meso_SUB_25232_SUB_25468_fwd,800.0,0.0,0.0,0,672
SUB_04341,SUB_04295,meso_SUB_04341_SUB_04295_rev,1500.0,0.0,0.0,0,672
SUB_04341,SUB_HIFLD_1827,meso_SUB_04341_SUB_HIFLD_1827_fwd,3000.0,0.0,0.0,0,672
SUB_04341,SUB_HIFLD_1815,meso_SUB_04341_SUB_HIFLD_1815_rev,50.0,0.0,0.0,0,672
SUB_04341,SUB_HIFLD_1823,meso_SUB_04341_SUB_HIFLD_1823_rev,50.0,0.0,0.0,0,672
SUB_16223,SUB_16208,meso_SUB_16223_SUB_16208_rev,600.0,0.2965932041743133,4.867989388692011,0,672
SUB_16223,SUB_16328,meso_SUB_16223_SUB_16328_fwd,600.0,0.0,0.0,0,672
SUB_16223,SUB_16368,meso_SUB_16223_SUB_16368_fwd,600.0,0.0,0.0,0,672
SUB_16325,SUB_16267,meso_SUB_16325_SUB_16267_rev,600.0,4.76886405490322,27.322799082897376,0,672
SUB_16325,SUB_16274,meso_SUB_16325_SUB_16274_rev,600.0,15.521163061642236,43.906928212781104,0,672
SUB_16325,SUB_HIFLD_2318,meso_SUB_16325_SUB_HIFLD_2318_fwd,600.0,0.1575452704559604,15.8096153271955,0,672
SUB_08299,SUB_08300,meso_SUB_08299_SUB_08300_fwd,1500.0,0.0,0.0,0,672
SUB_25367,SUB_25289,meso_SUB_25367_SUB_25289_rev,3000.0,6.130444775915014,26.291027207992347,0,672
SUB_25367,SUB_HIFLD_211,meso_SUB_25367_SUB_HIFLD_211_fwd,5500.0,0.0,0.0,0,672
SUB_25367,WEC_CALN,iface_SUB_25367_WEC_CALN_to_ba,200.0,29.96144281178602,104.50725591566375,0,672
SUB_25202,SUB_25345,meso_SUB_25202_SUB_25345_fwd,1600.0,0.0,0.0,0,672
SUB_25296,SUB_25246,meso_SUB_25296_SUB_25246_rev,1500.0,3.4782087085151665,19.99553600193299,0,672
SUB_25296,SUB_25290,meso_SUB_25296_SUB_25290_rev,1500.0,0.0,0.0,0,672
SUB_18258,SUB_18280,meso_SUB_18258_SUB_18280_fwd,600.0,0.1272375431226131,1.324504600738836,0,672
SUB_18258,SUB_18263,meso_SUB_18258_SUB_18263_fwd,800.0,0.0,0.0,0,672
SUB_16209,SUB_01432,meso_SUB_16209_SUB_01432_rev,600.0,0.0,0.0,0,672
SUB_16209,SUB_16374,meso_SUB_16209_SUB_16374_fwd,600.0,0.0,0.0,0,672
SUB_15371,SUB_15211,meso_SUB_15371_SUB_15211_rev,600.0,1.8450876102063605,3.3655366563305416,0,672
SUB_15371,SUB_15215,meso_SUB_15371_SUB_15215_rev,600.0,0.0,0.0,0,672
SUB_04282,SUB_04256,meso_SUB_04282_SUB_04256_rev,3000.0,0.0,0.0,0,672
SUB_04282,SUB_04277,meso_SUB_04282_SUB_04277_rev,1500.0,11.08382984698843,16.991525048324743,0,672
SUB_04282,SUB_04289,meso_SUB_04282_SUB_04289_fwd,600.0,0.47350869667406503,11.911063345682988,0,672
SUB_04282,SUB_04331,meso_SUB_04282_SUB_04331_fwd,1200.0,0.1473258999608449,6.030247261597938,0,672
SUB_04282,SUB_04225,meso_SUB_04282_SUB_04225_rev,3000.0,3.230845585534194,4.513195171552836,0,672
SUB_25380,SUB_25297,meso_SUB_25380_SUB_25297_rev,800.0,2.0786907677796846,11.658599605300227,0,672
SUB_25380,SUB_25319,meso_SUB_25380_SUB_25319_rev,800.0,0.11751459083327283,5.0175202232290665,0,672
SUB_25255,SUB_18263,meso_SUB_25255_SUB_18263_rev,4500.0,22.376755933558435,200.11136576370723,0,672
SUB_25255,SUB_25208,meso_SUB_25255_SUB_25208_rev,1500.0,0.030815434854450412,4.996260118592039,0,672
SUB_25255,SUB_25232,meso_SUB_25255_SUB_25232_rev,1600.0,0.0,0.0,0,672
SUB_25255,SUB_25278,meso_SUB_25255_SUB_25278_fwd,800.0,0.0,0.0,0,672
SUB_25255,SUB_25348,meso_SUB_25255_SUB_25348_fwd,1500.0,15.348882966657216,50.1098763483684,0,672
SUB_25255,SUB_25457,meso_SUB_25255_SUB_25457_fwd,1500.0,6.572074113683476,70.16219394329897,0,672
SUB_25255,SUB_HIFLD_1538,meso_SUB_25255_SUB_HIFLD_1538_fwd,1500.0,99.51265434012046,1500.0,9,672
SUB_25255,SUB_HIFLD_1768,meso_SUB_25255_SUB_HIFLD_1768_fwd,1500.0,185.23493284502044,956.5929268668956,0,672
SUB_25255,SUB_25261,meso_SUB_25255_SUB_25261_fwd,1500.0,0.0,0.0,0,672
SUB_25255,WEC_CALN,iface_SUB_25255_WEC_CALN_to_ba,27000.0,8.620824456540033,382.8334211062933,0,672
SUB_08293,SUB_18358,meso_SUB_08293_SUB_18358_fwd,600.0,0.0,0.0,0,672
SUB_16315,SUB_16365,meso_SUB_16315_SUB_16365_fwd,600.0,1.3883286392289897,11.07255557345361,0,672
SUB_16315,SUB_16368,meso_SUB_16315_SUB_16368_fwd,600.0,0.0,0.0,0,672
SUB_10355,SUB_10330,meso_SUB_10355_SUB_10330_rev,600.0,0.0,0.0,0,672
SUB_10355,SUB_10372,meso_SUB_10355_SUB_10372_fwd,600.0,17.36433149096644,68.09609148716517,0,672
SUB_10355,SUB_HIFLD_482,meso_SUB_10355_SUB_HIFLD_482_fwd,600.0,0.016268005065283184,1.6868402053552451,0,672
SUB_10355,SUB_10331,meso_SUB_10355_SUB_10331_rev,517.9285714285714,0.0,0.0,0,672
SUB_04336,SUB_04271,meso_SUB_04336_SUB_04271_rev,600.0,0.0,0.0,0,672
SUB_04336,SUB_04319,meso_SUB_04336_SUB_04319_rev,1500.0,0.0,0.0,0,672
SUB_04336,SUB_04331,meso_SUB_04336_SUB_04331_rev,1200.0,0.0,0.0,0,672
SUB_16307,SUB_16242,meso_SUB_16307_SUB_16242_rev,600.0,13.944707385085797,31.655936371384776,0,672
SUB_16307,SUB_16322,meso_SUB_16307_SUB_16322_fwd,600.0,4.413604810702454,9.53752222538552,0,672
SUB_16307,SUB_HIFLD_4390,meso_SUB_16307_SUB_HIFLD_4390_fwd,600.0,0.0,0.0,0,672
SUB_16307,SUB_16308,meso_SUB_16307_SUB_16308_rev,83.23376181608302,5.149471568359016,7.814486348260309,0,672
SUB_18208,SUB_18203,meso_SUB_18208_SUB_18203_rev,600.0,0.0,0.0,0,672
SUB_18208,SUB_18215,meso_SUB_18208_SUB_18215_fwd,1200.0,3.4261584827171743,44.851761165913025,0,672
SUB_18208,SUB_HIFLD_1874,meso_SUB_18208_SUB_HIFLD_1874_fwd,600.0,0.0,0.0,0,672
SUB_16324,SUB_16376,meso_SUB_16324_SUB_16376_fwd,50.0,0.0,0.0,0,672
SUB_19245,SUB_19239,meso_SUB_19245_SUB_19239_rev,600.0,14.19733719659106,14.977676208496094,0,672
SUB_19245,SUB_19243,meso_SUB_19245_SUB_19243_rev,600.0,0.07417331998434266,2.1391632698567253,0,672
SUB_04266,SUB_04228,meso_SUB_04266_SUB_04228_rev,1200.0,0.0,0.0,0,672
SUB_04266,SUB_04268,meso_SUB_04266_SUB_04268_fwd,600.0,0.0,0.0,0,672
SUB_04266,SUB_04276,meso_SUB_04266_SUB_04276_fwd,600.0,0.0,0.0,0,672
SUB_04266,SUB_04295,meso_SUB_04266_SUB_04295_fwd,600.0,0.0,0.0,0,672
SUB_02412,SUB_02408,meso_SUB_02412_SUB_02408_rev,600.0,0.0,0.0,0,672
SUB_02412,SUB_02413,meso_SUB_02412_SUB_02413_fwd,1200.0,0.0,0.0,0,672
SUB_02412,SUB_02425,meso_SUB_02412_SUB_02425_fwd,600.0,0.0,0.0,0,672
SUB_01352,SUB_01254,meso_SUB_01352_SUB_01254_fwd,50.0,0.0,0.0,0,672
SUB_18294,SUB_18237,meso_SUB_18294_SUB_18237_rev,600.0,0.0,0.0,0,672
SUB_01220,SUB_01353,meso_SUB_01220_SUB_01353_fwd,50.0,0.0,0.0,0,672
SUB_25270,SUB_25221,meso_SUB_25270_SUB_25221_rev,800.0,8.440957408270489,15.92543693621134,0,672
SUB_25270,SUB_25224,meso_SUB_25270_SUB_25224_rev,800.0,3.7798539045042268,75.20579967484589,0,672
SUB_25270,SUB_25268,meso_SUB_25270_SUB_25268_rev,600.0,0.0004796712662973259,0.322339090951803,0,672
SUB_25270,SUB_25276,meso_SUB_25270_SUB_25276_fwd,1600.0,17.617854479587624,79.46370396651855,0,672
SUB_25270,SUB_25353,meso_SUB_25270_SUB_25353_fwd,600.0,7.857355035211622,13.256606394974225,0,672
SUB_25270,SUB_25425,meso_SUB_25270_SUB_25425_fwd,600.0,8.538789476838113,57.91823486890681,0,672
SUB_25270,SUB_25441,meso_SUB_25270_SUB_25441_fwd,4800.0,0.0,0.0,0,672
SUB_25270,SUB_25228,meso_SUB_25270_SUB_25228_rev,1500.0,51.77931558377249,82.5910165017295,0,672
SUB_25270,WEC_CALN,iface_SUB_25270_WEC_CALN_to_ba,700.0,3.3993960094748084,499.92123215354303,0,672
SUB_25425,SUB_25235,meso_SUB_25425_SUB_25235_rev,3000.0,0.6904053841136657,39.22900495328608,0,672
SUB_25425,SUB_25270,meso_SUB_25425_SUB_25270_rev,600.0,0.002460907866337971,1.6537300861791167,0,672
SUB_25425,SUB_25373,meso_SUB_25425_SUB_25373_rev,1500.0,8.554970500412347,52.817511181831875,0,672
SUB_25425,SUB_25412,meso_SUB_25425_SUB_25412_rev,1500.0,0.0,0.0,0,672
SUB_25425,SUB_25480,meso_SUB_25425_SUB_25480_fwd,1500.0,6.082696712746192,10.391414806762219,0,672
SUB_15211,SUB_15371,meso_SUB_15211_SUB_15371_fwd,600.0,0.0,0.0,0,672
SUB_10319,SUB_10291,meso_SUB_10319_SUB_10291_fwd,54.80746609466204,0.0,0.0,0,672
SUB_18272,SUB_18304,meso_SUB_18272_SUB_18304_fwd,1500.0,0.0,0.0,0,672
SUB_16211,WEC_BANC,iface_SUB_16211_WEC_BANC_to_ba,150.36704877142725,0.0,0.0,0,672
SUB_18304,SUB_18268,meso_SUB_18304_SUB_18268_rev,1500.0,2.360209202183999,7.776734220975263,0,672
SUB_18304,SUB_18272,meso_SUB_18304_SUB_18272_rev,1500.0,11.464407050498396,18.253931562960233,0,672
SUB_18304,SUB_HIFLD_48,meso_SUB_18304_SUB_HIFLD_48_fwd,1500.0,0.00609295903016849,3.7340131371225738,0,672
SUB_25461,SUB_25276,meso_SUB_25461_SUB_25276_rev,1600.0,0.7034611934065944,64.27808737143191,0,672
SUB_25461,SUB_HIFLD_1851,meso_SUB_25461_SUB_HIFLD_1851_fwd,4000.0,0.004946030930798838,2.1978715802582007,0,672
SUB_25461,WEC_CALN,iface_SUB_25461_WEC_CALN_to_ba,30400.0,0.0,0.0,0,672
SUB_25235,SUB_25224,meso_SUB_25235_SUB_25224_rev,1500.0,8.040292104162953,78.08360001893134,0,672
SUB_25235,SUB_25234,meso_SUB_25235_SUB_25234_rev,2100.0,0.9411290355110962,94.97539892277774,0,672
SUB_25235,SUB_25357,meso_SUB_25235_SUB_25357_fwd,1500.0,124.48524927461469,258.62912125889153,0,672
SUB_25235,SUB_25408,meso_SUB_25235_SUB_25408_fwd,1500.0,53.27916595940962,112.45012491371844,0,672
SUB_25235,SUB_25412,meso_SUB_25235_SUB_25412_fwd,3000.0,0.0,0.0,0,672
SUB_25235,SUB_25425,meso_SUB_25235_SUB_25425_fwd,3000.0,0.021655782397949137,6.143121200180417,0,672
SUB_25235,SUB_HIFLD_1170,meso_SUB_25235_SUB_HIFLD_1170_fwd,1500.0,0.0,0.0,0,672
SUB_25235,SUB_25228,meso_SUB_25235_SUB_25228_rev,3000.0,1.5742400080916923,59.60927835051546,0,672
SUB_25235,SUB_25229,meso_SUB_25235_SUB_25229_rev,3000.0,12.28581586939831,22.020002416237112,0,672
SUB_25235,SUB_HIFLD_1190,meso_SUB_25235_SUB_HIFLD_1190_fwd,1500.0,4.088275639246957,39.182166495726506,0,672
SUB_25235,SUB_25444,meso_SUB_25235_SUB_25444_rev,615.0,3.951548010719214,12.071544780927836,0,672
SUB_25539,SUB_25245,meso_SUB_25539_SUB_25245_rev,800.0,0.0,0.0,0,672
SUB_25539,SUB_25276,meso_SUB_25539_SUB_25276_rev,800.0,0.0,0.0,0,672
SUB_25539,SUB_25347,meso_SUB_25539_SUB_25347_rev,1500.0,0.0,0.0,0,672
SUB_25539,SUB_25398,meso_SUB_25539_SUB_25398_rev,192.17110358198553,8.199867422696592,18.732480267396905,0,672
SUB_01284,SUB_01467,meso_SUB_01284_SUB_01467_fwd,3000.0,0.0,0.0,0,672
SUB_16274,SUB_16311,meso_SUB_16274_SUB_16311_fwd,600.0,4.881552445722024,16.917888335147666,0,672
SUB_16274,SUB_16325,meso_SUB_16274_SUB_16325_fwd,600.0,1.3211458028982999,14.787711083196065,0,672
SUB_18254,SUB_18255,meso_SUB_18254_SUB_18255_fwd,600.0,8.294561760232567,12.116851899403168,0,672
SUB_18254,SUB_18263,meso_SUB_18254_SUB_18263_fwd,600.0,0.0,0.0,0,672
SUB_18254,SUB_18261,meso_SUB_18254_SUB_18261_rev,958.964896261608,32.19842048190128,66.23311746405939,0,672
SUB_18254,SUB_18305,meso_SUB_18254_SUB_18305_rev,642.9347083145001,33.78390860068074,56.98565192976823,0,672
SUB_15244,SUB_15370,meso_SUB_15244_SUB_15370_fwd,1500.0,9.864339031334788,38.80760251748895,0,672
SUB_15244,SUB_HIFLD_2010,meso_SUB_15244_SUB_HIFLD_2010_fwd,3000.0,0.0896352680979929,16.249220546724107,0,672
SUB_25292,SUB_HIFLD_2363,meso_SUB_25292_SUB_HIFLD_2363_fwd,68.26946151264919,0.0,0.0,0,672
SUB_16370,SUB_16330,meso_SUB_16370_SUB_16330_rev,600.0,0.0,0.0,0,672
SUB_16370,SUB_16372,meso_SUB_16370_SUB_16372_fwd,600.0,0.0,0.0,0,672
SUB_01265,SUB_01314,meso_SUB_01265_SUB_01314_fwd,600.0,0.6374114532117015,1.012755783296744,0,672
SUB_01265,SUB_01260,meso_SUB_01265_SUB_01260_fwd,50.0,0.0,0.0,0,672
SUB_16375,SUB_16216,meso_SUB_16375_SUB_16216_fwd,158.19926850468406,0.0,0.0,0,672
SUB_15379,SUB_15281,meso_SUB_15379_SUB_15281_rev,1200.0,31.751170057265707,145.60698908336758,0,672
SUB_15379,SUB_15292,meso_SUB_15379_SUB_15292_rev,600.0,11.310827322201083,42.19005783383851,0,672
SUB_15379,SUB_15313,meso_SUB_15379_SUB_15313_rev,600.0,0.0,0.0,0,672
SUB_15379,SUB_HIFLD_2456,meso_SUB_15379_SUB_HIFLD_2456_fwd,600.0,0.0,0.0,0,672
SUB_19218,SUB_19202,meso_SUB_19218_SUB_19202_rev,600.0,0.0,0.0,0,672
SUB_19218,SUB_19223,meso_SUB_19218_SUB_19223_fwd,600.0,3.2618944708082545,4.276889976224108,0,672
SUB_19218,SUB_19239,meso_SUB_19218_SUB_19239_fwd,600.0,0.0,0.0,0,672
SUB_19218,SUB_19210,meso_SUB_19218_SUB_19210_rev,50.0,0.37682198394322197,0.4699228503040432,0,672
SUB_19231,SUB_19222,meso_SUB_19231_SUB_19222_rev,600.0,0.0,0.0,0,672
SUB_19231,SUB_19246,meso_SUB_19231_SUB_19246_fwd,600.0,0.0,0.0,0,672
SUB_19231,SUB_HIFLD_255,meso_SUB_19231_SUB_HIFLD_255_fwd,1500.0,0.0,0.0,0,672
SUB_08324,SUB_08318,meso_SUB_08324_SUB_08318_rev,1500.0,0.0,0.0,0,672
SUB_08324,SUB_08319,meso_SUB_08324_SUB_08319_rev,4500.0,6.33805537747065,69.75273540169938,0,672
SUB_08324,SUB_HIFLD_1432,meso_SUB_08324_SUB_HIFLD_1432_fwd,3000.0,0.2596576487933391,17.439297169040543,0,672
SUB_06362,SUB_06313,meso_SUB_06362_SUB_06313_rev,1500.0,0.0,0.0,0,672
SUB_06362,SUB_06204,meso_SUB_06362_SUB_06204_rev,1500.0,0.0,0.0,0,672
SUB_15375,SUB_06254,meso_SUB_15375_SUB_06254_rev,600.0,0.7470665753223267,4.699521786404638,0,672
SUB_15375,SUB_15233,meso_SUB_15375_SUB_15233_rev,600.0,0.0,0.0,0,672
SUB_15375,SUB_15285,meso_SUB_15375_SUB_15285_rev,600.0,0.0,0.0,0,672
SUB_15375,SUB_15290,meso_SUB_15375_SUB_15290_rev,1500.0,0.0,0.0,0,672
SUB_15375,SUB_15377,meso_SUB_15375_SUB_15377_fwd,600.0,3.366546462983555,12.07679304929124,0,672
SUB_15375,SUB_HIFLD_595,meso_SUB_15375_SUB_HIFLD_595_fwd,1500.0,0.0,0.0,0,672
SUB_15375,SUB_10321,meso_SUB_15375_SUB_10321_rev,122.09443514595995,5.300612766226543,9.444314795425258,0,672
SUB_01391,SUB_01392,meso_SUB_01391_SUB_01392_fwd,600.0,16.33236353184264,27.788348007812502,0,672
SUB_01391,SUB_01445,meso_SUB_01391_SUB_01445_fwd,3600.0,18.598851817809244,41.03370415945535,0,672
SUB_01391,SUB_HIFLD_130,meso_SUB_01391_SUB_HIFLD_130_fwd,3000.0,0.0,0.0,0,672
SUB_01391,SUB_01216,meso_SUB_01391_SUB_01216_rev,3000.0,0.28427361802204804,11.767651943057338,0,672
SUB_01391,SUB_01465,meso_SUB_01391_SUB_01465_fwd,600.0,0.0,0.0,0,672
SUB_25445,SUB_25281,meso_SUB_25445_SUB_25281_rev,800.0,0.0,0.0,0,672
SUB_16283,SUB_16366,meso_SUB_16283_SUB_16366_fwd,3000.0,39.37582943764825,102.10470745925903,0,672
SUB_16283,SUB_16316,meso_SUB_16283_SUB_16316_rev,720.0,0.0,0.0,0,672
SUB_01450,SUB_01222,meso_SUB_01450_SUB_01222_rev,4000.0,0.0,0.0,0,672
SUB_01450,SUB_01315,meso_SUB_01450_SUB_01315_rev,1200.0,0.0,0.0,0,672
SUB_01450,SUB_01424,meso_SUB_01450_SUB_01424_rev,50.0,0.9556674194148669,1.4301842129107603,0,672
SUB_25412,SUB_25224,meso_SUB_25412_SUB_25224_rev,3000.0,2.9345670668887904,60.34556529154267,0,672
SUB_25412,SUB_25235,meso_SUB_25412_SUB_25235_rev,3000.0,78.83149472009606,317.64272063097536,0,672
SUB_25412,SUB_25373,meso_SUB_25412_SUB_25373_rev,1500.0,46.138795125426626,86.367606314433,0,672
SUB_25412,SUB_25425,meso_SUB_25412_SUB_25425_fwd,1500.0,0.5712562847559047,46.39314280869832,0,672
SUB_25412,SUB_25441,meso_SUB_25412_SUB_25441_fwd,4000.0,0.0,0.0,0,672
SUB_25412,SUB_25453,meso_SUB_25412_SUB_25453_fwd,1500.0,25.352552670478698,52.28404482540421,0,672
SUB_25412,SUB_HIFLD_1170,meso_SUB_25412_SUB_HIFLD_1170_fwd,4000.0,0.017752733753017214,0.10129669315947498,0,672
SUB_25412,SUB_25217,meso_SUB_25412_SUB_25217_rev,1500.0,29.88433151523798,86.55599563084546,0,672
SUB_25412,SUB_25234,meso_SUB_25412_SUB_25234_rev,800.0,120.70414497451517,373.65662455455663,0,672
SUB_25412,SUB_25268,meso_SUB_25412_SUB_25268_rev,4000.0,0.0,0.0,0,672
SUB_25412,SUB_25393,meso_SUB_25412_SUB_25393_rev,4000.0,0.0,0.0,0,672
SUB_25412,SUB_25455,meso_SUB_25412_SUB_25455_fwd,4000.0,131.44273936107342,284.1178803648173,0,672
SUB_25412,SUB_HIFLD_211,meso_SUB_25412_SUB_HIFLD_211_fwd,4000.0,0.0,0.0,0,672
SUB_25412,WEC_CALN,iface_SUB_25412_WEC_CALN_to_ba,200.0,14.845818808460033,200.0,29,672
SUB_25429,SUB_HIFLD_411,meso_SUB_25429_SUB_HIFLD_411_fwd,120.09059015589314,0.0,0.0,0,672
SUB_01459,SUB_HIFLD_1113,meso_SUB_01459_SUB_HIFLD_1113_fwd,4000.0,0.0,0.0,0,672
SUB_01459,SUB_HIFLD_3491,meso_SUB_01459_SUB_HIFLD_3491_fwd,4000.0,0.0,0.0,0,672
SUB_01201,SUB_01211,meso_SUB_01201_SUB_01211_fwd,1500.0,0.0,0.0,0,672
SUB_01201,SUB_HIFLD_1131,meso_SUB_01201_SUB_HIFLD_1131_fwd,1500.0,0.0,0.0,0,672
SUB_01201,SUB_HIFLD_4010,meso_SUB_01201_SUB_HIFLD_4010_fwd,1500.0,0.0,0.0,0,672
SUB_01201,SUB_HIFLD_4231,meso_SUB_01201_SUB_HIFLD_4231_fwd,1500.0,1.2962070020882592,5.909885430090205,0,672
SUB_01201,SUB_01254,meso_SUB_01201_SUB_01254_fwd,1500.0,0.0,0.0,0,672
SUB_06368,SUB_04305,meso_SUB_06368_SUB_04305_rev,1500.0,0.019418241887567793,2.363069325869845,0,672
SUB_06368,SUB_06203,meso_SUB_06368_SUB_06203_rev,1500.0,31.362622830183152,75.31126505594379,0,672
SUB_06368,SUB_06332,meso_SUB_06368_SUB_06332_rev,600.0,2.4888726827045375,12.005774178769995,0,672
SUB_06368,SUB_15215,meso_SUB_06368_SUB_15215_fwd,1500.0,0.13973063650690373,30.57869349056449,0,672
SUB_06368,SUB_04343,meso_SUB_06368_SUB_04343_rev,3000.0,0.0,0.0,0,672
SUB_06368,SUB_06317,meso_SUB_06368_SUB_06317_rev,3000.0,17.004053101688722,34.752617326632866,0,672
SUB_06368,SUB_06359,meso_SUB_06368_SUB_06359_rev,1500.0,0.0,0.0,0,672
SUB_10352,SUB_10344,meso_SUB_10352_SUB_10344_rev,1500.0,0.0,0.0,0,672
SUB_10352,SUB_HIFLD_2173,meso_SUB_10352_SUB_HIFLD_2173_fwd,1500.0,0.0,0.0,0,672
SUB_10352,SUB_HIFLD_4403,meso_SUB_10352_SUB_HIFLD_4403_fwd,600.0,1.0049555305394084,8.922042848998599,0,672
SUB_06360,SUB_06270,meso_SUB_06360_SUB_06270_rev,1500.0,0.0,0.0,0,672
SUB_16320,SUB_16216,meso_SUB_16320_SUB_16216_rev,600.0,24.17370861031663,69.05249731445312,0,672
SUB_18322,SUB_18249,meso_SUB_18322_SUB_18249_fwd,50.0,0.0,0.0,0,672
SUB_01267,SUB_01254,meso_SUB_01267_SUB_01254_fwd,50.0,0.0,0.0,0,672
SUB_18298,SUB_18219,meso_SUB_18298_SUB_18219_fwd,50.0,0.0,0.0,0,672
SUB_08283,SUB_01472,meso_SUB_08283_SUB_01472_rev,1500.0,0.0,0.0,0,672
SUB_08283,SUB_08353,meso_SUB_08283_SUB_08353_fwd,1500.0,13.922633700441745,88.79337145618558,0,672
SUB_08283,SUB_08389,meso_SUB_08283_SUB_08389_fwd,1500.0,0.0,0.0,0,672
SUB_08283,SUB_01222,meso_SUB_08283_SUB_01222_rev,3000.0,0.0,0.0,0,672
SUB_08283,SUB_08339,meso_SUB_08283_SUB_08339_fwd,1500.0,0.0,0.0,0,672
SUB_06254,SUB_06207,meso_SUB_06254_SUB_06207_rev,600.0,0.0,0.0,0,672
SUB_06254,SUB_15375,meso_SUB_06254_SUB_15375_fwd,600.0,0.03371917993067774,2.1525536600716753,0,672
SUB_25290,SUB_25296,meso_SUB_25290_SUB_25296_fwd,1500.0,11.43381500944251,28.586394939976024,0,672
SUB_25290,SUB_25355,meso_SUB_25290_SUB_25355_fwd,1500.0,9.645331284028426,49.807508103943036,0,672
SUB_25290,SUB_25420,meso_SUB_25290_SUB_25420_fwd,4500.0,5.076832775254128,16.074307345360825,0,672
SUB_25290,SUB_25450,meso_SUB_25290_SUB_25450_fwd,3000.0,18.57833151470037,38.900011520718195,0,672
SUB_25290,SUB_25454,meso_SUB_25290_SUB_25454_fwd,3000.0,3.3820679485156804,10.121952520940722,0,672
SUB_25290,SUB_25261,meso_SUB_25290_SUB_25261_rev,1500.0,3.1776222782135286,62.99896911398395,0,672
SUB_10249,SUB_10294,meso_SUB_10249_SUB_10294_fwd,1500.0,0.0,0.0,0,672
SUB_10249,SUB_10265,meso_SUB_10249_SUB_10265_rev,50.0,0.0,0.0,0,672
SUB_15313,SUB_15379,meso_SUB_15313_SUB_15379_fwd,600.0,12.797913177806798,52.063577636718755,0,672
SUB_04284,SUB_04286,meso_SUB_04284_SUB_04286_fwd,600.0,0.0,0.0,0,672
SUB_04284,SUB_04338,meso_SUB_04284_SUB_04338_fwd,600.0,0.0,0.0,0,672
SUB_06277,SUB_06207,meso_SUB_06277_SUB_06207_rev,600.0,0.0,0.0,0,672
SUB_06277,SUB_15215,meso_SUB_06277_SUB_15215_fwd,600.0,0.0,0.0,0,672
SUB_06277,SUB_06208,meso_SUB_06277_SUB_06208_rev,229.81822548514242,13.89456043054883,23.0872413131709,0,672
SUB_18280,SUB_18255,meso_SUB_18280_SUB_18255_rev,600.0,0.011516409995812792,1.1690197450042685,0,672
SUB_18280,SUB_18258,meso_SUB_18280_SUB_18258_rev,600.0,0.0,0.0,0,672
SUB_10334,SUB_10333,meso_SUB_10334_SUB_10333_rev,600.0,0.0,0.0,0,672
SUB_10334,SUB_10348,meso_SUB_10334_SUB_10348_fwd,600.0,8.12543781652877,13.137485427848338,0,672
SUB_10334,SUB_10358,meso_SUB_10334_SUB_10358_fwd,600.0,0.0,0.0,0,672
SUB_25256,SUB_25410,meso_SUB_25256_SUB_25410_fwd,3000.0,0.0,0.0,0,672
SUB_25256,SUB_HIFLD_1190,meso_SUB_25256_SUB_HIFLD_1190_fwd,1500.0,0.0,0.0,0,672
SUB_25256,SUB_25442,meso_SUB_25256_SUB_25442_fwd,1500.0,26.185279930520988,44.41439467032895,0,672
SUB_10331,SUB_10355,meso_SUB_10331_SUB_10355_fwd,517.9285714285714,10.753170971495464,50.58656283133371,0,672
SUB_06270,SUB_04204,meso_SUB_06270_SUB_04204_rev,1500.0,0.0,0.0,0,672
SUB_06270,SUB_06380,meso_SUB_06270_SUB_06380_fwd,1500.0,0.0,0.0,0,672
SUB_06270,SUB_HIFLD_2245,meso_SUB_06270_SUB_HIFLD_2245_fwd,1500.0,0.0,0.0,0,672
SUB_06270,SUB_04230,meso_SUB_06270_SUB_04230_rev,1500.0,0.0,0.0,0,672
SUB_06270,SUB_06213,meso_SUB_06270_SUB_06213_rev,1500.0,0.09433355053088761,17.887609097080926,0,672
SUB_06270,SUB_06360,meso_SUB_06270_SUB_06360_fwd,1500.0,40.81357480825736,80.18343978175355,0,672
SUB_10361,SUB_HIFLD_2359,meso_SUB_10361_SUB_HIFLD_2359_fwd,52.01668303229506,0.0,0.0,0,672
SUB_15220,SUB_15210,meso_SUB_15220_SUB_15210_rev,600.0,0.0,0.0,0,672
SUB_15220,SUB_15247,meso_SUB_15220_SUB_15247_fwd,600.0,0.0,0.0,0,672
SUB_18238,SUB_HIFLD_1195,meso_SUB_18238_SUB_HIFLD_1195_fwd,92.03959868882015,0.0,0.0,0,672
SUB_15361,SUB_16301,meso_SUB_15361_SUB_16301_fwd,600.0,0.036834276322505695,20.390708311417363,0,672
SUB_15361,SUB_HIFLD_597,meso_SUB_15361_SUB_HIFLD_597_fwd,3000.0,0.0,0.0,0,672
SUB_15361,SUB_15365,meso_SUB_15361_SUB_15365_rev,550.1427570791967,29.696076830065447,53.14649722741284,0,672
SUB_15225,SUB_15232,meso_SUB_15225_SUB_15232_fwd,208.0,7.816395995337349,20.5370986328125,0,672
SUB_25442,SUB_25443,meso_SUB_25442_SUB_25443_fwd,1500.0,14.593142084450365,26.391013611469074,0,672
SUB_25442,SUB_25256,meso_SUB_25442_SUB_25256_rev,1500.0,0.0,0.0,0,672
SUB_18303,SUB_18268,meso_SUB_18303_SUB_18268_rev,1500.0,8.847279722752253,40.49661688969596,0,672
SUB_18303,SUB_18281,meso_SUB_18303_SUB_18281_rev,1500.0,0.0,0.0,0,672
SUB_19226,SUB_19236,meso_SUB_19226_SUB_19236_fwd,600.0,0.0,0.0,0,672
SUB_18305,SUB_18254,meso_SUB_18305_SUB_18254_fwd,642.9347083145001,0.0,0.0,0,672
SUB_25344,SUB_25289,meso_SUB_25344_SUB_25289_rev,600.0,0.0,0.0,0,672
SUB_25344,SUB_25316,meso_SUB_25344_SUB_25316_rev,600.0,0.0,0.0,0,672
SUB_18307,SUB_18255,meso_SUB_18307_SUB_18255_rev,600.0,0.0,0.0,0,672
SUB_04214,SUB_04256,meso_SUB_04214_SUB_04256_fwd,600.0,0.0,0.0,0,672
SUB_04214,SUB_04289,meso_SUB_04214_SUB_04289_fwd,600.0,7.290121403551834,11.94663841011598,0,672
SUB_04214,SUB_04295,meso_SUB_04214_SUB_04295_fwd,600.0,27.86112683256799,65.62461473068551,0,672
SUB_04214,SUB_04321,meso_SUB_04214_SUB_04321_fwd,600.0,7.268906114419347,11.807722903063222,0,672
SUB_04214,SUB_04331,meso_SUB_04214_SUB_04331_fwd,600.0,7.082303092283706,10.49558734697165,0,672
SUB_01469,SUB_01423,meso_SUB_01469_SUB_01423_rev,4000.0,0.0,0.0,0,672
SUB_01469,SUB_01222,meso_SUB_01469_SUB_01222_rev,4000.0,1.1670110617202376,176.9260396312247,0,672
SUB_01469,SUB_01324,meso_SUB_01469_SUB_01324_rev,4000.0,0.0,0.0,0,672
SUB_01469,SUB_HIFLD_10,meso_SUB_01469_SUB_HIFLD_10_fwd,4000.0,0.0,0.0,0,672
SUB_01469,WEC_CALN,iface_SUB_01469_WEC_CALN_to_ba,200.0,0.0,0.0,0,672
SUB_25246,SUB_25296,meso_SUB_25246_SUB_25296_fwd,1500.0,0.0,0.0,0,672
SUB_25246,SUB_25349,meso_SUB_25246_SUB_25349_fwd,3000.0,0.0,0.0,0,672
SUB_25246,SUB_25450,meso_SUB_25246_SUB_25450_fwd,1500.0,0.0,0.0,0,672
SUB_25341,SUB_25282,meso_SUB_25341_SUB_25282_rev,800.0,0.0,0.0,0,672
SUB_25341,SUB_25348,meso_SUB_25341_SUB_25348_fwd,800.0,0.9837111727171605,32.91912759354972,0,672
SUB_25341,SUB_25387,meso_SUB_25341_SUB_25387_fwd,800.0,0.0,0.0,0,672
SUB_25500,SUB_25295,meso_SUB_25500_SUB_25295_fwd,607.41929311,11.290512259602178,38.207233537557585,0,672
SUB_25470,SUB_HIFLD_1829,meso_SUB_25470_SUB_HIFLD_1829_fwd,1500.0,0.0,0.0,0,672
SUB_25470,SUB_HIFLD_3623,meso_SUB_25470_SUB_HIFLD_3623_fwd,1500.0,0.0,0.0,0,672
SUB_25526,SUB_25272,meso_SUB_25526_SUB_25272_rev,6000.0,1.202091919985855,27.3803984594658,0,672
SUB_25526,SUB_25277,meso_SUB_25526_SUB_25277_rev,1500.0,10.853601108483028,147.34483841807537,0,672
SUB_25526,SUB_25337,meso_SUB_25526_SUB_25337_rev,4000.0,13.34550078661868,142.1427858729064,0,672
SUB_25526,SUB_25349,meso_SUB_25526_SUB_25349_rev,2300.0,37.43616280076045,62.06871198552889,0,672
SUB_25526,SUB_25407,meso_SUB_25526_SUB_25407_rev,4000.0,8.02438048405023,125.68925431391473,0,672
SUB_25526,SUB_25457,meso_SUB_25526_SUB_25457_rev,4000.0,2.233725324657892,73.37897873711339,0,672
SUB_25526,SUB_25458,meso_SUB_25526_SUB_25458_rev,1500.0,26.900580204990895,88.54292549658301,0,672
SUB_25526,SUB_25476,meso_SUB_25526_SUB_25476_rev,1500.0,8.250074875934134,17.79107804445876,0,672
SUB_25526,SUB_25261,meso_SUB_25526_SUB_25261_rev,8000.0,0.0,0.0,0,672
SUB_25526,SUB_25339,meso_SUB_25526_SUB_25339_rev,3000.0,31.073982616496323,95.27058293588584,0,672
SUB_25526,SUB_25370,meso_SUB_25526_SUB_25370_rev,1500.0,37.895773668347815,73.96293327369986,0,672
SUB_25526,SUB_HIFLD_376,meso_SUB_25526_SUB_HIFLD_376_fwd,4000.0,0.0,0.0,0,672
SUB_25526,WEC_CALN,iface_SUB_25526_WEC_CALN_to_ba,6700.0,23.767844319380526,773.3314087739927,0,672
SUB_04229,SUB_04226,meso_SUB_04229_SUB_04226_rev,600.0,1.9890980608625979,2.9009944325869848,0,672
SUB_04229,SUB_04248,meso_SUB_04229_SUB_04248_fwd,600.0,0.0,0.0,0,672
SUB_04229,SUB_04320,meso_SUB_04229_SUB_04320_fwd,600.0,0.0,0.0,0,672
SUB_01385,SUB_01430,meso_SUB_01385_SUB_01430_fwd,50.0,0.0,0.0,0,672
SUB_10270,SUB_10260,meso_SUB_10270_SUB_10260_rev,1200.0,0.0,0.0,0,672
SUB_10270,SUB_10274,meso_SUB_10270_SUB_10274_fwd,600.0,3.902469573918349,9.660979117459275,0,672
SUB_10270,SUB_10278,meso_SUB_10270_SUB_10278_fwd,600.0,0.0,0.0,0,672
SUB_04298,SUB_04260,meso_SUB_04298_SUB_04260_rev,600.0,0.0,0.0,0,672
SUB_04298,SUB_04308,meso_SUB_04298_SUB_04308_fwd,600.0,0.0,0.0,0,672
SUB_04298,SUB_04338,meso_SUB_04298_SUB_04338_fwd,600.0,1.053958699278347,1.4240672317976804,0,672
SUB_15365,SUB_15361,meso_SUB_15365_SUB_15361_fwd,550.1427570791967,0.0,0.0,0,672
SUB_06206,SUB_06359,meso_SUB_06206_SUB_06359_fwd,422.494558976127,0.0,0.0,0,672
SUB_04289,SUB_04214,meso_SUB_04289_SUB_04214_rev,600.0,0.0,0.0,0,672
SUB_04289,SUB_04282,meso_SUB_04289_SUB_04282_rev,600.0,0.0,0.0,0,672
SUB_25366,SUB_25236,meso_SUB_25366_SUB_25236_rev,600.0,0.9888862042102746,22.51627081530107,0,672
SUB_25366,SUB_25289,meso_SUB_25366_SUB_25289_rev,1200.0,5.7696914223922695,22.301933745652693,0,672
SUB_25315,SUB_25236,meso_SUB_25315_SUB_25236_rev,1500.0,108.5981341263215,350.68245503746226,0,672
SUB_15218,SUB_15249,meso_SUB_15218_SUB_15249_fwd,600.0,32.352235660362446,88.52387133789063,0,672
SUB_15218,SUB_HIFLD_1336,meso_SUB_15218_SUB_HIFLD_1336_fwd,1200.0,0.07732454356855852,47.30379896058127,0,672
SUB_15377,SUB_10325,meso_SUB_15377_SUB_10325_rev,1200.0,0.0,0.0,0,672
SUB_15377,SUB_15375,meso_SUB_15377_SUB_15375_rev,600.0,0.054889589605159404,7.242163644941346,0,672
SUB_04268,SUB_04266,meso_SUB_04268_SUB_04266_rev,600.0,2.972667512876556,12.92005980186856,0,672
SUB_04268,SUB_04306,meso_SUB_04268_SUB_04306_fwd,600.0,2.0710497815408835,2.670556892316366,0,672
SUB_04268,SUB_19222,meso_SUB_04268_SUB_19222_fwd,600.0,0.0,0.0,0,672
SUB_19222,SUB_04268,meso_SUB_19222_SUB_04268_rev,600.0,7.643800771239102,18.926545418718952,0,672
SUB_19222,SUB_19231,meso_SUB_19222_SUB_19231_fwd,600.0,0.0,0.0,0,672
SUB_19222,SUB_19246,meso_SUB_19222_SUB_19246_fwd,600.0,0.0,0.0,0,672
SUB_19222,SUB_HIFLD_255,meso_SUB_19222_SUB_HIFLD_255_fwd,1500.0,0.0,0.0,0,672
SUB_19232,SUB_HIFLD_255,meso_SUB_19232_SUB_HIFLD_255_fwd,50.0,0.0,0.0,0,672
SUB_18215,SUB_18207,meso_SUB_18215_SUB_18207_rev,600.0,0.3471685916186346,36.24524348718563,0,672
SUB_18215,SUB_18208,meso_SUB_18215_SUB_18208_rev,1200.0,0.0,0.0,0,672
SUB_08201,SUB_08219,meso_SUB_08201_SUB_08219_fwd,600.0,11.09518214662842,30.162850354381447,0,672
SUB_08201,SUB_08226,meso_SUB_08201_SUB_08226_fwd,1500.0,2.210859539013552,82.06792847938146,0,672
SUB_08201,SUB_08231,meso_SUB_08201_SUB_08231_fwd,600.0,2.593505656179394,31.92587327274357,0,672
SUB_08201,SUB_08370,meso_SUB_08201_SUB_08370_fwd,3000.0,36.401987667046534,53.36124758376288,0,672
SUB_08201,SUB_08391,meso_SUB_08201_SUB_08391_fwd,1500.0,0.0,0.0,0,672
SUB_08201,SUB_HIFLD_1432,meso_SUB_08201_SUB_HIFLD_1432_fwd,3000.0,0.0,0.0,0,672
SUB_15292,SUB_15233,meso_SUB_15292_SUB_15233_rev,600.0,10.061987612653324,39.217778340034286,0,672
SUB_15292,SUB_15379,meso_SUB_15292_SUB_15379_fwd,600.0,0.0,0.0,0,672
SUB_02258,SUB_02264,meso_SUB_02258_SUB_02264_fwd,50.0,0.0,0.0,0,672
SUB_01314,SUB_01265,meso_SUB_01314_SUB_01265_rev,600.0,0.0,0.0,0,672
SUB_01314,SUB_01370,meso_SUB_01314_SUB_01370_fwd,600.0,0.6182891096153502,0.9823731097978416,0,672
SUB_02222,SUB_02287,meso_SUB_02222_SUB_02287_fwd,363.4946527580621,0.0,0.0,0,672
SUB_02250,SUB_02264,meso_SUB_02250_SUB_02264_fwd,50.0,0.0,0.0,0,672
SUB_08369,SUB_08319,meso_SUB_08369_SUB_08319_rev,1500.0,0.0,0.0,0,672
SUB_08369,SUB_08325,meso_SUB_08369_SUB_08325_rev,1500.0,0.0,0.0,0,672
SUB_01370,SUB_01314,meso_SUB_01370_SUB_01314_rev,600.0,0.0,0.0,0,672
SUB_01206,SUB_01384,meso_SUB_01206_SUB_01384_fwd,308.30527599546934,0.0,0.0,0,672
SUB_08314,SUB_08362,meso_SUB_08314_SUB_08362_fwd,89.0,3.8890046858716625,7.706048098617278,0,672
SUB_02426,SUB_02401,meso_SUB_02426_SUB_02401_rev,1500.0,0.0,0.0,0,672
SUB_02426,SUB_02419,meso_SUB_02426_SUB_02419_rev,2100.0,0.0,0.0,0,672
SUB_02426,SUB_HIFLD_2058,meso_SUB_02426_SUB_HIFLD_2058_fwd,2100.0,34.76539380490601,81.67015118726124,0,672
SUB_02426,SUB_02403,meso_SUB_02426_SUB_02403_rev,3000.0,0.0,0.0,0,672
SUB_02426,SUB_02416,meso_SUB_02426_SUB_02416_rev,600.0,33.528778163065326,46.10104703608248,0,672
SUB_02426,SUB_02418,meso_SUB_02426_SUB_02418_rev,380.6728119540428,25.566685889594748,39.24461984536082,0,672
SUB_15270,SUB_15246,meso_SUB_15270_SUB_15246_rev,3000.0,0.0,0.0,0,672
SUB_15270,SUB_15269,meso_SUB_15270_SUB_15269_rev,3000.0,0.0,0.0,0,672
SUB_10302,SUB_10253,meso_SUB_10302_SUB_10253_rev,600.0,0.0,0.0,0,672
SUB_10302,SUB_10255,meso_SUB_10302_SUB_10255_rev,1200.0,0.0,0.0,0,672
SUB_10302,SUB_10310,meso_SUB_10302_SUB_10310_fwd,600.0,0.0,0.0,0,672
SUB_02424,SUB_02414,meso_SUB_02424_SUB_02414_fwd,50.0,0.0,0.0,0,672
SUB_25345,SUB_18256,meso_SUB_25345_SUB_18256_rev,800.0,0.0,0.0,0,672
SUB_25345,SUB_25202,meso_SUB_25345_SUB_25202_rev,1600.0,0.1970461700965683,0.3083849405504993,0,672
SUB_08216,SUB_08348,meso_SUB_08216_SUB_08348_fwd,1200.0,0.0,0.0,0,672
SUB_08216,SUB_HIFLD_2131,meso_SUB_08216_SUB_HIFLD_2131_fwd,600.0,3.9747300434563986,31.26052375572092,0,672
SUB_15210,SUB_15220,meso_SUB_15210_SUB_15220_fwd,600.0,0.0,0.0,0,672
SUB_15210,SUB_HIFLD_2456,meso_SUB_15210_SUB_HIFLD_2456_fwd,600.0,0.0,0.0,0,672
SUB_15803,SUB_HIFLD_3065,meso_SUB_15803_SUB_HIFLD_3065_fwd,57.07530466038817,0.0,0.0,0,672
SUB_16369,SUB_HIFLD_41,meso_SUB_16369_SUB_HIFLD_41_fwd,1500.0,0.0,0.0,0,672
SUB_16388,SUB_16334,meso_SUB_16388_SUB_16334_fwd,67.05738541774173,0.0,0.0,0,672
SUB_15259,SUB_HIFLD_2007,meso_SUB_15259_SUB_HIFLD_2007_fwd,80.76203156964826,0.0,0.0,0,672
SUB_10253,SUB_10255,meso_SUB_10253_SUB_10255_fwd,600.0,0.0,0.0,0,672
SUB_10253,SUB_10302,meso_SUB_10253_SUB_10302_fwd,600.0,0.0,0.0,0,672
SUB_10253,SUB_10310,meso_SUB_10253_SUB_10310_fwd,600.0,0.0,0.0,0,672
SUB_10253,SUB_HIFLD_1323,meso_SUB_10253_SUB_HIFLD_1323_fwd,600.0,1.4070711084521441,21.127218903125236,0,672
SUB_19210,SUB_19218,meso_SUB_19210_SUB_19218_fwd,50.0,0.0,0.0,0,672
SUB_04306,SUB_04268,meso_SUB_04306_SUB_04268_rev,600.0,0.0,0.0,0,672
SUB_01440,SUB_01214,meso_SUB_01440_SUB_01214_rev,1200.0,2.950860065867924,11.209513933634021,0,672
SUB_01440,SUB_01223,meso_SUB_01440_SUB_01223_rev,4000.0,0.15317629995256818,27.183366315611465,0,672
SUB_01440,SUB_01323,meso_SUB_01440_SUB_01323_rev,12000.0,0.0,0.0,0,672
SUB_01440,SUB_01375,meso_SUB_01440_SUB_01375_rev,1200.0,0.0008325571831661409,0.5594784270876467,0,672
SUB_01440,SUB_01423,meso_SUB_01440_SUB_01423_rev,600.0,0.036471902141330906,24.509118238974366,0,672
SUB_01440,SUB_01222,meso_SUB_01440_SUB_01222_rev,8000.0,15.893119892191473,110.66688988143515,0,672
SUB_01440,SUB_01442,meso_SUB_01440_SUB_01442_rev,824.0,0.6844286485687637,13.571189229362773,0,672
SUB_01440,WEC_CALN,iface_SUB_01440_WEC_CALN_to_ba,200.0,0.0,0.0,0,672
SUB_10274,SUB_06288,meso_SUB_10274_SUB_06288_rev,1200.0,0.029920970279079907,0.054371076760832804,0,672
SUB_10274,SUB_10270,meso_SUB_10274_SUB_10270_rev,600.0,0.0,0.0,0,672
SUB_10274,SUB_10278,meso_SUB_10274_SUB_10278_fwd,600.0,0.0,0.0,0,672
SUB_02403,SUB_02401,meso_SUB_02403_SUB_02401_rev,600.0,0.0,0.0,0,672
SUB_02403,SUB_02419,meso_SUB_02403_SUB_02419_fwd,3000.0,0.0,0.0,0,672
SUB_02403,SUB_02426,meso_SUB_02403_SUB_02426_fwd,3000.0,0.0,0.0,0,672
SUB_18246,SUB_18201,meso_SUB_18246_SUB_18201_rev,1500.0,0.0,0.0,0,672
SUB_18246,SUB_18235,meso_SUB_18246_SUB_18235_rev,1500.0,0.0,0.0,0,672
SUB_18246,SUB_18240,meso_SUB_18246_SUB_18240_rev,1500.0,0.0,0.0,0,672
SUB_25364,SUB_25272,meso_SUB_25364_SUB_25272_rev,1500.0,24.880868810220583,41.885965209960936,0,672
SUB_06364,SUB_01365,meso_SUB_06364_SUB_01365_rev,8000.0,0.12112459569006659,76.07931531674352,0,672
SUB_06364,SUB_04205,meso_SUB_06364_SUB_04205_rev,8000.0,1.7482562815760663,54.87500531406101,0,672
SUB_06364,SUB_04230,meso_SUB_06364_SUB_04230_rev,8600.0,3.0729642721252537,163.42090642781392,0,672
SUB_06364,SUB_HIFLD_1086,meso_SUB_06364_SUB_HIFLD_1086_fwd,8000.0,0.0,0.0,0,672
SUB_06364,SUB_HIFLD_3784,meso_SUB_06364_SUB_HIFLD_3784_fwd,13200.0,0.011217036689868733,7.537848655591788,0,672
SUB_06364,SUB_06359,meso_SUB_06364_SUB_06359_rev,4000.0,10.933565183029605,166.92335822852098,0,672
SUB_06364,WEC_CALN,iface_SUB_06364_WEC_CALN_to_ba,1359.9904488999998,0.0,0.0,0,672
SUB_25252,SUB_25253,meso_SUB_25252_SUB_25253_fwd,600.0,2.448004929060789,3.8168552673969076,0,672
SUB_25252,SUB_HIFLD_1175,meso_SUB_25252_SUB_HIFLD_1175_fwd,600.0,0.0,0.0,0,672
SUB_02287,SUB_02210,meso_SUB_02287_SUB_02210_rev,4000.0,0.0,0.0,0,672
SUB_02287,SUB_02233,meso_SUB_02287_SUB_02233_rev,3000.0,7.499526611106207,199.26448651558428,0,672
SUB_02287,SUB_02222,meso_SUB_02287_SUB_02222_rev,363.4946527580621,20.78729856151193,31.31119724548969,0,672
SUB_02287,WEC_CALN,iface_SUB_02287_WEC_CALN_to_ba,12636.505347241937,0.0,0.0,0,672
SUB_02227,SUB_02210,meso_SUB_02227_SUB_02210_fwd,104.68363385570258,0.0,0.0,0,672
SUB_18230,SUB_18220,meso_SUB_18230_SUB_18220_rev,600.0,0.0,0.0,0,672
SUB_18230,SUB_18226,meso_SUB_18230_SUB_18226_rev,600.0,0.0,0.0,0,672
SUB_04271,SUB_04331,meso_SUB_04271_SUB_04331_fwd,600.0,0.0,0.0,0,672
SUB_04271,SUB_04336,meso_SUB_04271_SUB_04336_fwd,600.0,13.828630298882299,19.669400370489694,0,672
SUB_04271,SUB_04343,meso_SUB_04271_SUB_04343_fwd,600.0,0.0,0.0,0,672
SUB_04271,SUB_04256,meso_SUB_04271_SUB_04256_rev,600.0,0.0,0.0,0,672
SUB_04271,SUB_04314,meso_SUB_04271_SUB_04314_rev,135.77784530380814,7.4265621164703,12.349979864690724,0,672
SUB_01331,SUB_01211,meso_SUB_01331_SUB_01211_rev,600.0,0.0,0.0,0,672
SUB_01331,SUB_01384,meso_SUB_01331_SUB_01384_fwd,600.0,5.917137641115976,16.83127400704902,0,672
SUB_01210,SUB_01204,meso_SUB_01210_SUB_01204_rev,1500.0,72.67468144262777,90.25053962628866,0,672
SUB_01210,SUB_01380,meso_SUB_01210_SUB_01380_fwd,1500.0,0.0,0.0,0,672
SUB_01210,SUB_01467,meso_SUB_01210_SUB_01467_fwd,3000.0,0.0,0.0,0,672
SUB_01210,SUB_01269,meso_SUB_01210_SUB_01269_rev,50.0,0.5990013028923413,0.9569968941285437,0,672
SUB_19236,SUB_19223,meso_SUB_19236_SUB_19223_rev,1200.0,0.0,0.0,0,672
SUB_19236,SUB_19226,meso_SUB_19236_SUB_19226_rev,600.0,0.39364416349970016,0.5102073433472939,0,672
SUB_16221,SUB_16323,meso_SUB_16221_SUB_16323_fwd,600.0,0.0,0.0,0,672
SUB_25241,SUB_25151,meso_SUB_25241_SUB_25151_rev,1500.0,0.004866761604166666,0.7806626152746456,0,672
SUB_25241,SUB_25234,meso_SUB_25241_SUB_25234_rev,800.0,0.0,0.0,0,672
SUB_25241,SUB_25529,meso_SUB_25241_SUB_25529_fwd,3000.0,122.88231861049334,282.6169848838288,0,672
SUB_25241,SUB_HIFLD_1175,meso_SUB_25241_SUB_HIFLD_1175_fwd,800.0,0.37012932356630396,4.035690777431933,0,672
SUB_25241,SUB_25294,meso_SUB_25241_SUB_25294_fwd,1600.0,0.11500500102096207,5.5966796875,0,672
SUB_25319,SUB_25293,meso_SUB_25319_SUB_25293_rev,800.0,0.11283018687919916,4.862301324391233,0,672
SUB_25319,SUB_25348,meso_SUB_25319_SUB_25348_fwd,800.0,0.0,0.0,0,672
SUB_25319,SUB_25380,meso_SUB_25319_SUB_25380_fwd,800.0,0.0,0.0,0,672
SUB_16247,SUB_16261,meso_SUB_16247_SUB_16261_fwd,1500.0,2.250843491552968,33.1006336611849,0,672
SUB_16247,SUB_16267,meso_SUB_16247_SUB_16267_fwd,2100.0,0.12431437978944103,13.900973542203609,0,672
SUB_16247,SUB_16270,meso_SUB_16247_SUB_16270_fwd,3000.0,14.175879500869602,53.668842622422694,0,672
SUB_16247,SUB_16277,meso_SUB_16247_SUB_16277_fwd,3000.0,0.0,0.0,0,672
SUB_16247,SUB_HIFLD_982,meso_SUB_16247_SUB_HIFLD_982_fwd,1500.0,0.0,0.0,0,672
SUB_16247,SUB_16288,meso_SUB_16247_SUB_16288_fwd,1500.0,0.15896319357311425,35.70731247094896,0,672
SUB_16247,SUB_HIFLD_1406,meso_SUB_16247_SUB_HIFLD_1406_fwd,3000.0,0.0,0.0,0,672
SUB_18310,SUB_HIFLD_48,meso_SUB_18310_SUB_HIFLD_48_fwd,1500.0,0.0,0.0,0,672
SUB_02253,SUB_02280,meso_SUB_02253_SUB_02280_fwd,50.0,0.0,0.0,0,672
SUB_16309,SUB_16277,meso_SUB_16309_SUB_16277_fwd,50.0,0.48547647114770176,1.1567645521074283,0,672
SUB_01326,SUB_01409,meso_SUB_01326_SUB_01409_fwd,50.0,0.0,0.0,0,672
SUB_25371,SUB_HIFLD_459,meso_SUB_25371_SUB_HIFLD_459_fwd,50.0,0.0,0.0,0,672
SUB_16323,SUB_16216,meso_SUB_16323_SUB_16216_rev,600.0,0.0,0.0,0,672
SUB_16323,SUB_16221,meso_SUB_16323_SUB_16221_rev,600.0,6.035777484966835,10.233275612113403,0,672
SUB_16323,SUB_16299,meso_SUB_16323_SUB_16299_rev,600.0,6.977571505296391,27.798491886093107,0,672
SUB_16323,SUB_16368,meso_SUB_16323_SUB_16368_fwd,600.0,0.04637035127623345,16.773456937231558,0,672
SUB_06867,SUB_06866,meso_SUB_06867_SUB_06866_rev,600.0,0.0,0.0,0,672
SUB_25151,SUB_25241,meso_SUB_25151_SUB_25241_fwd,1500.0,48.02101900908176,215.57556395630272,0,672
SUB_25151,SUB_HIFLD_1175,meso_SUB_25151_SUB_HIFLD_1175_fwd,1500.0,0.16708020790514796,4.038300406818634,0,672
SUB_25151,SUB_HIFLD_1189,meso_SUB_25151_SUB_HIFLD_1189_fwd,8000.0,0.0,0.0,0,672
SUB_25151,SUB_HIFLD_2386,meso_SUB_25151_SUB_HIFLD_2386_fwd,8000.0,3.310462249092048,98.96960278320313,0,672
SUB_01260,SUB_01335,meso_SUB_01260_SUB_01335_fwd,600.0,0.0,0.0,0,672
SUB_01260,SUB_01265,meso_SUB_01260_SUB_01265_rev,50.0,2.4938675880535675,4.057540091510818,0,672
SUB_10278,SUB_10270,meso_SUB_10278_SUB_10270_rev,600.0,0.0,0.0,0,672
SUB_10278,SUB_10274,meso_SUB_10278_SUB_10274_rev,600.0,1.024386083879138,4.4652587890625,0,672
SUB_02261,SUB_02201,meso_SUB_02261_SUB_02201_fwd,76.65828204529778,0.0,0.0,0,672
SUB_04225,SUB_04282,meso_SUB_04225_SUB_04282_fwd,3000.0,0.0,0.0,0,672
SUB_08311,SUB_08319,meso_SUB_08311_SUB_08319_fwd,50.0,0.0,0.0,0,672
SUB_16334,SUB_16301,meso_SUB_16334_SUB_16301_rev,1200.0,1.1914964961848953,13.803500684600515,0,672
SUB_16334,SUB_16388,meso_SUB_16334_SUB_16388_rev,67.05738541774173,3.181170247077474,6.672059741462629,0,672
SUB_02244,SUB_02286,meso_SUB_02244_SUB_02286_fwd,50.0,0.0,0.0,0,672
SUB_25346,SUB_18301,meso_SUB_25346_SUB_18301_rev,8000.0,204.83198126181335,646.6997140557266,0,672
SUB_15246,SUB_15224,meso_SUB_15246_SUB_15224_rev,600.0,0.0,0.0,0,672
SUB_15246,SUB_15228,meso_SUB_15246_SUB_15228_rev,600.0,4.3515563077332065,10.542933513208764,0,672
SUB_15246,SUB_15256,meso_SUB_15246_SUB_15256_fwd,600.0,25.361005893746615,99.83647862086833,0,672
SUB_15246,SUB_15257,meso_SUB_15246_SUB_15257_fwd,3000.0,3.622417555167577,36.84774484536082,0,672
SUB_15246,SUB_15269,meso_SUB_15246_SUB_15269_fwd,1500.0,0.0,0.0,0,672
SUB_15246,SUB_15270,meso_SUB_15246_SUB_15270_fwd,3000.0,0.07128230040481068,12.99008537371134,0,672
SUB_15246,SUB_15249,meso_SUB_15246_SUB_15249_fwd,600.0,0.0,0.0,0,672
SUB_15246,SUB_HIFLD_597,meso_SUB_15246_SUB_HIFLD_597_fwd,1500.0,0.0,0.0,0,672
SUB_15246,SUB_15253,meso_SUB_15246_SUB_15253_rev,115.0,0.0,0.0,0,672
SUB_15246,SUB_15216,meso_SUB_15246_SUB_15216_rev,62.85071521919287,3.2933002874555113,6.153884604542527,0,672
SUB_10330,SUB_10355,meso_SUB_10330_SUB_10355_fwd,600.0,0.0,0.0,0,672
SUB_10330,SUB_HIFLD_482,meso_SUB_10330_SUB_HIFLD_482_fwd,600.0,0.0,0.0,0,672
SUB_25206,SUB_25408,meso_SUB_25206_SUB_25408_fwd,1500.0,0.0,0.0,0,672
SUB_25206,SUB_25529,meso_SUB_25206_SUB_25529_fwd,1500.0,27.661161413929594,113.57326865808753,0,672
SUB_25206,SUB_HIFLD_1190,meso_SUB_25206_SUB_HIFLD_1190_fwd,1500.0,0.0,0.0,0,672
SUB_04226,SUB_04229,meso_SUB_04226_SUB_04229_fwd,600.0,0.0,0.0,0,672
SUB_04226,SUB_04302,meso_SUB_04226_SUB_04302_fwd,600.0,0.0,0.0,0,672
SUB_02213,SUB_02280,meso_SUB_02213_SUB_02280_fwd,577.1966932380266,0.0,0.0,0,672
SUB_10313,SUB_10310,meso_SUB_10313_SUB_10310_fwd,50.0,0.0,0.0,0,672
SUB_01252,SUB_01250,meso_SUB_01252_SUB_01250_rev,600.0,0.0,0.0,0,672
SUB_01252,SUB_01378,meso_SUB_01252_SUB_01378_fwd,600.0,0.0,0.0,0,672
SUB_01252,SUB_01233,meso_SUB_01252_SUB_01233_rev,67.88904530254705,4.182577184364335,6.981297530746826,0,672
SUB_01252,SUB_01374,meso_SUB_01252_SUB_01374_rev,50.0,1.24767799424259,1.9012246043411727,0,672
SUB_08333,SUB_08351,meso_SUB_08333_SUB_08351_fwd,1200.0,0.0,0.0,0,672
SUB_08333,SUB_18201,meso_SUB_08333_SUB_18201_fwd,1200.0,0.0,0.0,0,672
SUB_18205,SUB_18207,meso_SUB_18205_SUB_18207_fwd,261.99525500883937,0.0,0.0,0,672
SUB_04308,SUB_04276,meso_SUB_04308_SUB_04276_rev,600.0,0.0,0.0,0,672
SUB_04308,SUB_04298,meso_SUB_04308_SUB_04298_rev,600.0,0.0,0.0,0,672
SUB_02270,SUB_02272,meso_SUB_02270_SUB_02272_fwd,600.0,0.0,0.0,0,672
SUB_02270,SUB_02286,meso_SUB_02270_SUB_02286_fwd,600.0,0.0,0.0,0,672
SUB_02270,SUB_02408,meso_SUB_02270_SUB_02408_fwd,600.0,0.0,0.0,0,672
SUB_01208,SUB_HIFLD_2989,meso_SUB_01208_SUB_HIFLD_2989_fwd,50.0,0.0,0.0,0,672
SUB_01266,SUB_01384,meso_SUB_01266_SUB_01384_fwd,230.0,20.939832468967538,21.848148071289064,0,672
SUB_01269,SUB_01210,meso_SUB_01269_SUB_01210_fwd,50.0,0.0,0.0,0,672
SUB_25273,SUB_25295,meso_SUB_25273_SUB_25295_fwd,67.16844177460277,0.0,0.0,0,672
SUB_25418,SUB_HIFLD_3631,meso_SUB_25418_SUB_HIFLD_3631_fwd,944.0,2.482493887149783,46.157227235605255,0,672
SUB_25415,SUB_HIFLD_1190,meso_SUB_25415_SUB_HIFLD_1190_fwd,130.51293344517234,0.0,0.0,0,672
SUB_02405,SUB_02419,meso_SUB_02405_SUB_02419_fwd,1500.0,0.0,0.0,0,672
SUB_02405,SUB_HIFLD_2068,meso_SUB_02405_SUB_HIFLD_2068_fwd,1500.0,0.0,0.0,0,672
SUB_02405,SUB_HIFLD_3835,meso_SUB_02405_SUB_HIFLD_3835_fwd,1500.0,0.0,0.0,0,672
SUB_15228,SUB_15224,meso_SUB_15228_SUB_15224_rev,600.0,0.0,0.0,0,672
SUB_15228,SUB_15246,meso_SUB_15228_SUB_15246_fwd,600.0,0.0,0.0,0,672
SUB_04338,SUB_04284,meso_SUB_04338_SUB_04284_rev,600.0,0.0,0.0,0,672
SUB_04338,SUB_04298,meso_SUB_04338_SUB_04298_rev,600.0,0.0,0.0,0,672
SUB_01233,SUB_01302,meso_SUB_01233_SUB_01302_fwd,600.0,1.2067868092742455,2.1224934056862113,0,672
SUB_01233,SUB_01321,meso_SUB_01233_SUB_01321_fwd,600.0,0.6378145650021867,1.0910581608408505,0,672
SUB_01233,SUB_01252,meso_SUB_01233_SUB_01252_fwd,67.88904530254705,0.0,0.0,0,672
SUB_15232,SUB_15230,meso_SUB_15232_SUB_15230_rev,600.0,0.0,0.0,0,672
SUB_15232,SUB_15269,meso_SUB_15232_SUB_15269_fwd,1500.0,36.55015978473809,128.79486541774477,0,672
SUB_15232,SUB_HIFLD_1357,meso_SUB_15232_SUB_HIFLD_1357_fwd,6000.0,17.88223583637186,156.5067712694603,0,672
SUB_15232,SUB_HIFLD_2007,meso_SUB_15232_SUB_HIFLD_2007_fwd,600.0,24.828455163968567,39.63898247340676,0,672
SUB_15232,SUB_15225,meso_SUB_15232_SUB_15225_rev,208.0,0.0,0.0,0,672
SUB_15232,SUB_15229,meso_SUB_15232_SUB_15229_rev,50.0,0.16189896057327413,0.24719249292747264,0,672
SUB_15229,SUB_15232,meso_SUB_15229_SUB_15232_fwd,50.0,0.0,0.0,0,672
SUB_25393,SUB_18301,meso_SUB_25393_SUB_18301_rev,8000.0,0.0,0.0,0,672
SUB_25393,SUB_25261,meso_SUB_25393_SUB_25261_rev,60000.0,13.540524640009224,882.6442952104476,0,672
SUB_25393,SUB_25268,meso_SUB_25393_SUB_25268_rev,4000.0,0.4226355827115388,67.46433612225354,0,672
SUB_25393,SUB_25316,meso_SUB_25393_SUB_25316_rev,1500.0,3.7361527207847987,20.165952938281336,0,672
SUB_25393,SUB_25412,meso_SUB_25393_SUB_25412_fwd,4000.0,1.2212631168950554,77.32248930995952,0,672
SUB_25393,SUB_HIFLD_1195,meso_SUB_25393_SUB_HIFLD_1195_fwd,15000.0,50.81861584792966,509.97084465757797,0,672
SUB_25393,SUB_HIFLD_1444,meso_SUB_25393_SUB_HIFLD_1444_fwd,30000.0,0.0,0.0,0,672
SUB_25393,SUB_HIFLD_211,meso_SUB_25393_SUB_HIFLD_211_fwd,8000.0,0.0,0.0,0,672
SUB_08339,SUB_08353,meso_SUB_08339_SUB_08353_fwd,1500.0,27.557291534469055,93.00127255154639,0,672
SUB_08339,SUB_08391,meso_SUB_08339_SUB_08391_fwd,1500.0,0.0,0.0,0,672
SUB_08339,SUB_08283,meso_SUB_08339_SUB_08283_rev,1500.0,0.22605632469240916,79.94152706185567,0,672
SUB_08339,SUB_HIFLD_1432,meso_SUB_08339_SUB_HIFLD_1432_fwd,1500.0,0.0,0.0,0,672
SUB_01356,SUB_01353,meso_SUB_01356_SUB_01353_fwd,50.0,0.0,0.0,0,672
SUB_25469,SUB_25456,meso_SUB_25469_SUB_25456_rev,1500.0,0.0,0.0,0,672
SUB_01355,SUB_01430,meso_SUB_01355_SUB_01430_fwd,50.0,0.0,0.0,0,672
SUB_01318,SUB_01254,meso_SUB_01318_SUB_01254_rev,1500.0,0.0,0.0,0,672
SUB_01318,SUB_01380,meso_SUB_01318_SUB_01380_fwd,1500.0,0.0,0.0,0,672
SUB_01318,SUB_01317,meso_SUB_01318_SUB_01317_rev,50.0,1.2293458578103187,1.970006946681701,0,672
SUB_01318,SUB_01338,meso_SUB_01318_SUB_01338_rev,50.0,1.0760734244895789,1.797254424734214,0,672
SUB_16267,SUB_16247,meso_SUB_16267_SUB_16247_rev,2100.0,0.0,0.0,0,672
SUB_16267,SUB_16261,meso_SUB_16267_SUB_16261_rev,600.0,0.08338492140340682,6.350426279410955,0,672
SUB_16267,SUB_16325,meso_SUB_16267_SUB_16325_fwd,600.0,0.30754570454804975,25.686765586439076,0,672
SUB_16267,SUB_16288,meso_SUB_16267_SUB_16288_fwd,4000.0,1.2212796879374854,17.805072290892696,0,672
SUB_16267,SUB_HIFLD_30,meso_SUB_16267_SUB_HIFLD_30_fwd,4000.0,0.0,0.0,0,672
SUB_04307,SUB_04337,meso_SUB_04307_SUB_04337_fwd,1200.0,0.0,0.0,0,672
SUB_04307,SUB_04343,meso_SUB_04307_SUB_04343_fwd,600.0,0.0,0.0,0,672
SUB_04295,SUB_04214,meso_SUB_04295_SUB_04214_rev,600.0,0.0,0.0,0,672
SUB_04295,SUB_04228,meso_SUB_04295_SUB_04228_rev,1200.0,0.0,0.0,0,672
SUB_04295,SUB_04260,meso_SUB_04295_SUB_04260_rev,1200.0,5.841929474792471,7.742058515036329,0,672
SUB_04295,SUB_04266,meso_SUB_04295_SUB_04266_rev,600.0,7.260245449432543,12.94697970360825,0,672
SUB_04295,SUB_04276,meso_SUB_04295_SUB_04276_rev,600.0,14.10480427114818,19.713379933773517,0,672
SUB_04295,SUB_04287,meso_SUB_04295_SUB_04287_rev,600.0,1.5359587838384061,2.397890826353093,0,672
SUB_04295,SUB_04319,meso_SUB_04295_SUB_04319_fwd,1500.0,0.034280518201199275,7.697086420747423,0,672
SUB_04295,SUB_04341,meso_SUB_04295_SUB_04341_fwd,1500.0,3.803065300120936,7.538647712628866,0,672
SUB_04295,SUB_04335,meso_SUB_04295_SUB_04335_fwd,1500.0,6.957204546996293,11.392696923324744,0,672
SUB_04295,SUB_06312,meso_SUB_04295_SUB_06312_fwd,1500.0,0.0,0.0,0,672
SUB_19223,SUB_19218,meso_SUB_19223_SUB_19218_rev,600.0,0.0,0.0,0,672
SUB_19223,SUB_19236,meso_SUB_19223_SUB_19236_fwd,1200.0,0.4929414363767961,0.6349383946622593,0,672
SUB_01437,SUB_01426,meso_SUB_01437_SUB_01426_fwd,139.12289906423922,0.0,0.0,0,672
SUB_16308,SUB_16307,meso_SUB_16308_SUB_16307_fwd,83.23376181608302,0.0,0.0,0,672
SUB_04228,SUB_04266,meso_SUB_04228_SUB_04266_fwd,1200.0,0.0,0.0,0,672
SUB_04228,SUB_04295,meso_SUB_04228_SUB_04295_fwd,1200.0,0.0,0.0,0,672
SUB_10281,SUB_10236,meso_SUB_10281_SUB_10236_rev,600.0,0.9747515753395959,4.77692516390557,0,672
SUB_10281,SUB_HIFLD_1323,meso_SUB_10281_SUB_HIFLD_1323_fwd,600.0,12.467611057624316,38.75161083984375,0,672
SUB_18207,SUB_18201,meso_SUB_18207_SUB_18201_rev,600.0,0.0,0.0,0,672
SUB_18207,SUB_18213,meso_SUB_18207_SUB_18213_fwd,1200.0,8.811664173637528,17.409455184299556,0,672
SUB_18207,SUB_18215,meso_SUB_18207_SUB_18215_fwd,600.0,0.0,0.0,0,672
SUB_18207,SUB_18205,meso_SUB_18207_SUB_18205_rev,261.99525500883937,13.714492976422283,24.354735846331273,0,672
SUB_01366,SUB_01409,meso_SUB_01366_SUB_01409_fwd,50.0,0.0,0.0,0,672
SUB_19243,SUB_19202,meso_SUB_19243_SUB_19202_rev,600.0,14.654987492331383,21.645096091405954,0,672
SUB_19243,SUB_19217,meso_SUB_19243_SUB_19217_rev,600.0,5.642734590850521,7.4457394879154934,0,672
SUB_19243,SUB_19233,meso_SUB_19243_SUB_19233_rev,1200.0,17.565367877773568,36.57579714890142,0,672
SUB_19243,SUB_19239,meso_SUB_19243_SUB_19239_rev,600.0,0.0,0.0,0,672
SUB_19243,SUB_19245,meso_SUB_19243_SUB_19245_fwd,600.0,0.0,0.0,0,672
SUB_19243,SUB_19246,meso_SUB_19243_SUB_19246_fwd,600.0,0.0,0.0,0,672
SUB_19243,SUB_10293,meso_SUB_19243_SUB_10293_rev,1500.0,0.0,0.0,0,672
SUB_19243,SUB_19234,meso_SUB_19243_SUB_19234_rev,3000.0,0.0,0.0,0,672
SUB_25342,SUB_25282,meso_SUB_25342_SUB_25282_rev,800.0,0.0,0.0,0,672
SUB_25342,SUB_25337,meso_SUB_25342_SUB_25337_rev,800.0,0.0,0.0,0,672
SUB_25342,SUB_25339,meso_SUB_25342_SUB_25339_rev,800.0,0.0,0.0,0,672
SUB_25342,SUB_25532,meso_SUB_25342_SUB_25532_fwd,800.0,0.008584820616502242,1.332622499791071,0,672
SUB_18233,SUB_18201,meso_SUB_18233_SUB_18201_rev,600.0,0.0,0.0,0,672
SUB_10205,SUB_10307,meso_SUB_10205_SUB_10307_fwd,1500.0,0.0,0.0,0,672
SUB_10205,SUB_10308,meso_SUB_10205_SUB_10308_fwd,1500.0,0.0,0.0,0,672
SUB_01410,SUB_01343,meso_SUB_01410_SUB_01343_rev,1500.0,0.0,0.0,0,672
SUB_01410,SUB_01467,meso_SUB_01410_SUB_01467_fwd,1500.0,0.20607253302426778,18.539903923883422,0,672
SUB_01410,SUB_04204,meso_SUB_01410_SUB_04204_fwd,1500.0,27.970950621231914,43.33521411576703,0,672
SUB_02416,SUB_02426,meso_SUB_02416_SUB_02426_fwd,600.0,0.0,0.0,0,672
SUB_02416,SUB_HIFLD_2058,meso_SUB_02416_SUB_HIFLD_2058_fwd,600.0,0.0,0.0,0,672
SUB_15374,SUB_10320,meso_SUB_15374_SUB_10320_rev,600.0,0.0,0.0,0,672
SUB_15374,SUB_HIFLD_2456,meso_SUB_15374_SUB_HIFLD_2456_fwd,600.0,24.416217193565423,66.2959724182129,0,672
SUB_02402,SUB_HIFLD_1418,meso_SUB_02402_SUB_HIFLD_1418_fwd,502.7561409022589,0.0,0.0,0,672
SUB_08296,SUB_08295,meso_SUB_08296_SUB_08295_rev,1500.0,0.8352023606073289,7.613591796874999,0,672
SUB_08296,SUB_HIFLD_1432,meso_SUB_08296_SUB_HIFLD_1432_fwd,1500.0,0.0,0.0,0,672
SUB_10309,SUB_10252,meso_SUB_10309_SUB_10252_rev,600.0,0.11324684328994195,1.9591082593715077,0,672
SUB_10309,SUB_HIFLD_1086,meso_SUB_10309_SUB_HIFLD_1086_fwd,600.0,0.0,0.0,0,672
SUB_25464,SUB_25537,meso_SUB_25464_SUB_25537_fwd,2200.0,8.996110516691331,83.79424746623675,0,672
SUB_25464,SUB_HIFLD_1195,meso_SUB_25464_SUB_HIFLD_1195_fwd,4000.0,19.498159530010845,195.72320627799178,0,672
SUB_25464,SUB_HIFLD_211,meso_SUB_25464_SUB_HIFLD_211_fwd,4000.0,0.0,0.0,0,672
SUB_25464,SUB_25405,meso_SUB_25464_SUB_25405_rev,5485.99618,0.05716733739201482,5.245520283006905,0,672
SUB_25464,SUB_25209,meso_SUB_25464_SUB_25209_rev,538.5675098954275,12.180562659274537,50.38677110180413,0,672
SUB_25464,SUB_25431,meso_SUB_25464_SUB_25431_rev,229.808978,5.357176446230757,15.215875684600514,0,672
SUB_25464,WEC_CALN,iface_SUB_25464_WEC_CALN_to_ba,2000.0,25.356477975267143,199.6749559980754,0,672
SUB_02248,SUB_02201,meso_SUB_02248_SUB_02201_fwd,50.0,0.0,0.0,0,672
SUB_01224,SUB_01409,meso_SUB_01224_SUB_01409_fwd,50.0,0.0,0.0,0,672
SUB_02251,SUB_02264,meso_SUB_02251_SUB_02264_fwd,50.0,0.0,0.0,0,672
SUB_01378,SUB_01252,meso_SUB_01378_SUB_01252_rev,600.0,0.0,0.0,0,672
SUB_01378,SUB_01347,meso_SUB_01378_SUB_01347_rev,600.0,0.0,0.0,0,672
SUB_16356,SUB_HIFLD_41,meso_SUB_16356_SUB_HIFLD_41_fwd,55.0,1.5823798505052358,5.247654174804687,0,672
SUB_25446,SUB_25231,meso_SUB_25446_SUB_25231_rev,1500.0,0.0,0.0,0,672
SUB_25446,SUB_25242,meso_SUB_25446_SUB_25242_rev,1500.0,1.2964784229290447,8.036607838648749,0,672
SUB_25446,SUB_25347,meso_SUB_25446_SUB_25347_rev,1500.0,1.2454079425566813,8.005485377333551,0,672
SUB_01298,SUB_01311,meso_SUB_01298_SUB_01311_fwd,50.0,0.0,0.0,0,672
SUB_18235,SUB_18222,meso_SUB_18235_SUB_18222_rev,1500.0,0.0,0.0,0,672
SUB_18235,SUB_18246,meso_SUB_18235_SUB_18246_fwd,1500.0,0.0,0.0,0,672
SUB_18235,SUB_HIFLD_1195,meso_SUB_18235_SUB_HIFLD_1195_fwd,2100.0,0.0,0.0,0,672
SUB_18235,SUB_18296,meso_SUB_18235_SUB_18296_rev,169.79831529595242,11.466339473883544,16.538058754832473,0,672
SUB_02226,SUB_02264,meso_SUB_02226_SUB_02264_fwd,585.5928317232111,0.0,0.0,0,672
SUB_02228,SUB_02201,meso_SUB_02228_SUB_02201_fwd,125.0,2.0620815139043898,8.625091796875001,0,672
SUB_02255,SUB_02201,meso_SUB_02255_SUB_02201_fwd,50.0,0.06949463964068708,0.8184527244420186,0,672
SUB_10260,SUB_10211,meso_SUB_10260_SUB_10211_rev,600.0,16.97558710735923,32.681811508591224,0,672
SUB_10260,SUB_10270,meso_SUB_10260_SUB_10270_fwd,1200.0,9.776936444436055,25.46247867724276,0,672
SUB_10260,SUB_10285,meso_SUB_10260_SUB_10285_fwd,1200.0,14.496840280721269,31.203965695279493,0,672
SUB_10260,SUB_10293,meso_SUB_10260_SUB_10293_fwd,4000.0,0.0,0.0,0,672
SUB_10260,SUB_10314,meso_SUB_10260_SUB_10314_fwd,4000.0,0.0,0.0,0,672
SUB_10260,SUB_10333,meso_SUB_10260_SUB_10333_fwd,600.0,27.66411316572575,48.19962680980799,0,672
SUB_10260,SUB_HIFLD_3784,meso_SUB_10260_SUB_HIFLD_3784_fwd,8000.0,0.0,0.0,0,672
SUB_10260,WEC_CALN,iface_SUB_10260_WEC_CALN_to_ba,200.0,0.20940992520334087,54.65229347464812,0,672
SUB_25204,SUB_25357,meso_SUB_25204_SUB_25357_fwd,1500.0,0.0,0.0,0,672
SUB_08351,SUB_08319,meso_SUB_08351_SUB_08319_rev,600.0,0.0,0.0,0,672
SUB_08351,SUB_08333,meso_SUB_08351_SUB_08333_rev,1200.0,1.8792098137991766,2.3007235107421873,0,672
SUB_01324,SUB_01202,meso_SUB_01324_SUB_01202_rev,3000.0,50.7261618154599,167.13765948560234,0,672
SUB_01324,SUB_01216,meso_SUB_01324_SUB_01216_rev,1500.0,0.0,0.0,0,672
SUB_01324,SUB_01343,meso_SUB_01324_SUB_01343_fwd,1500.0,0.0,0.0,0,672
SUB_01324,SUB_01365,meso_SUB_01324_SUB_01365_fwd,1500.0,0.0,0.0,0,672
SUB_01324,SUB_01380,meso_SUB_01324_SUB_01380_fwd,4000.0,10.566978912447047,133.3363630863816,0,672
SUB_01324,SUB_01466,meso_SUB_01324_SUB_01466_fwd,4000.0,0.404600325645016,76.02821359536082,0,672
SUB_01324,SUB_01469,meso_SUB_01324_SUB_01469_fwd,4000.0,0.6462116474092701,21.732417847938148,0,672
SUB_01324,SUB_HIFLD_105,meso_SUB_01324_SUB_HIFLD_105_fwd,1500.0,0.0,0.0,0,672
SUB_01324,SUB_HIFLD_1113,meso_SUB_01324_SUB_HIFLD_1113_fwd,4000.0,0.0,0.0,0,672
SUB_01324,SUB_HIFLD_130,meso_SUB_01324_SUB_HIFLD_130_fwd,4000.0,0.0,0.0,0,672
SUB_01324,SUB_HIFLD_30,meso_SUB_01324_SUB_HIFLD_30_fwd,4000.0,0.0,0.0,0,672
SUB_04255,SUB_04328,meso_SUB_04255_SUB_04328_fwd,50.0,0.0,0.0,0,672
SUB_25293,SUB_25319,meso_SUB_25293_SUB_25319_fwd,800.0,0.0,0.0,0,672
SUB_25293,SUB_25348,meso_SUB_25293_SUB_25348_fwd,800.0,0.0,0.0,0,672
SUB_25293,SUB_HIFLD_335,meso_SUB_25293_SUB_HIFLD_335_fwd,1600.0,0.0,0.0,0,672
SUB_04260,SUB_04295,meso_SUB_04260_SUB_04295_fwd,1200.0,0.0,0.0,0,672
SUB_04260,SUB_04298,meso_SUB_04260_SUB_04298_fwd,600.0,2.891247901024364,4.013176642397738,0,672
SUB_02239,SUB_02201,meso_SUB_02239_SUB_02201_fwd,50.0,0.0,0.0,0,672
SUB_01335,SUB_01250,meso_SUB_01335_SUB_01250_rev,600.0,0.0,0.0,0,672
SUB_01335,SUB_01260,meso_SUB_01335_SUB_01260_rev,600.0,3.424072496657076,5.6315240201223,0,672
SUB_15253,SUB_15246,meso_SUB_15253_SUB_15246_fwd,115.0,1.2187055605111883,9.3286328125,0,672
SUB_01384,SUB_01331,meso_SUB_01384_SUB_01331_rev,600.0,0.06661727615487531,1.2810117741221005,0,672
SUB_01384,SUB_01206,meso_SUB_01384_SUB_01206_rev,308.30527599546934,22.68251063965323,31.34647430734536,0,672
SUB_01384,SUB_01266,meso_SUB_01384_SUB_01266_rev,230.0,0.0,0.0,0,672
SUB_04305,SUB_04343,meso_SUB_04305_SUB_04343_fwd,1500.0,0.0,0.0,0,672
SUB_04305,SUB_06368,meso_SUB_04305_SUB_06368_fwd,1500.0,0.0,0.0,0,672
SUB_04287,SUB_04295,meso_SUB_04287_SUB_04295_fwd,600.0,0.0,0.0,0,672
SUB_04287,SUB_04321,meso_SUB_04287_SUB_04321_fwd,600.0,0.0,0.0,0,672
SUB_01375,SUB_01440,meso_SUB_01375_SUB_01440_fwd,1200.0,40.92797382962008,106.12982537469969,0,672
SUB_01375,SUB_HIFLD_3491,meso_SUB_01375_SUB_HIFLD_3491_fwd,1200.0,0.0019345673041808453,1.300029228409528,0,672
SUB_18256,SUB_25345,meso_SUB_18256_SUB_25345_fwd,800.0,1.6975534798626704,2.7829997778369613,0,672
SUB_18256,SUB_25468,meso_SUB_18256_SUB_25468_fwd,3398.758357,61.262475843847476,206.50134890628354,0,672
SUB_02278,SUB_02280,meso_SUB_02278_SUB_02280_fwd,330.16049166357186,0.0,0.0,0,672
SUB_02425,SUB_02408,meso_SUB_02425_SUB_02408_rev,600.0,0.0,0.0,0,672
SUB_02425,SUB_02412,meso_SUB_02425_SUB_02412_rev,600.0,0.0,0.0,0,672
SUB_02280,SUB_02201,meso_SUB_02280_SUB_02201_rev,1500.0,0.0,0.0,0,672
SUB_02280,SUB_02203,meso_SUB_02280_SUB_02203_rev,1500.0,0.0,0.0,0,672
SUB_02280,SUB_02233,meso_SUB_02280_SUB_02233_rev,1500.0,0.0,0.0,0,672
SUB_02280,SUB_02253,meso_SUB_02280_SUB_02253_rev,50.0,2.5375872348416477,3.6323038317493554,0,672
SUB_02280,SUB_02213,meso_SUB_02280_SUB_02213_rev,577.1966932380266,33.48102594973939,50.160961662371136,0,672
SUB_02280,SUB_02278,meso_SUB_02280_SUB_02278_rev,330.16049166357186,18.997565982689387,28.548713353737117,0,672
SUB_02280,SUB_02234,meso_SUB_02280_SUB_02234_rev,50.0,0.8164736303910942,1.227330158666237,0,672
SUB_02280,SUB_02240,meso_SUB_02280_SUB_02240_rev,50.0,2.489812037824239,3.7384488764497426,0,672
SUB_02280,SUB_02209,meso_SUB_02280_SUB_02209_rev,130.5427409534259,7.973117734066101,11.645856519447047,0,672
SUB_25859,SUB_HIFLD_3525,meso_SUB_25859_SUB_HIFLD_3525_fwd,50.0,0.0,0.0,0,672
SUB_02268,SUB_02264,meso_SUB_02268_SUB_02264_fwd,50.0,0.0,0.0,0,672
SUB_02247,SUB_02264,meso_SUB_02247_SUB_02264_fwd,50.0,0.0,0.0,0,672
SUB_06866,SUB_06867,meso_SUB_06866_SUB_06867_fwd,600.0,0.0,0.0,0,672
SUB_06866,SUB_06204,meso_SUB_06866_SUB_06204_fwd,50.0,1.5,1.5,0,672
SUB_18220,SUB_18201,meso_SUB_18220_SUB_18201_rev,600.0,0.0,0.0,0,672
SUB_18220,SUB_18213,meso_SUB_18220_SUB_18213_rev,600.0,0.0,0.0,0,672
SUB_18220,SUB_18226,meso_SUB_18220_SUB_18226_fwd,600.0,0.0,0.0,0,672
SUB_18220,SUB_18230,meso_SUB_18220_SUB_18230_fwd,600.0,3.130251339222791,4.062653783424613,0,672
SUB_02285,SUB_02264,meso_SUB_02285_SUB_02264_fwd,50.0,0.0,0.0,0,672
SUB_25427,SUB_25529,meso_SUB_25427_SUB_25529_fwd,800.0,0.0,0.0,0,672
SUB_10310,SUB_10253,meso_SUB_10310_SUB_10253_rev,600.0,0.0,0.0,0,672
SUB_10310,SUB_10302,meso_SUB_10310_SUB_10302_rev,600.0,0.0,0.0,0,672
SUB_10310,SUB_10313,meso_SUB_10310_SUB_10313_rev,50.0,0.0,0.0,0,672
SUB_10225,SUB_HIFLD_1077,meso_SUB_10225_SUB_HIFLD_1077_fwd,8000.0,0.0,0.0,0,672
SUB_10225,SUB_10221,meso_SUB_10225_SUB_10221_rev,4000.0,0.0,0.0,0,672
SUB_10225,WEC_CALN,iface_SUB_10225_WEC_CALN_to_ba,1960.0,79.2928041888087,280.98993087281167,0,672
SUB_02249,SUB_02233,meso_SUB_02249_SUB_02233_fwd,50.0,0.09786805289132254,0.4906206054687501,0,672
SUB_02234,SUB_02280,meso_SUB_02234_SUB_02280_fwd,50.0,0.0,0.0,0,672
SUB_02267,SUB_02210,meso_SUB_02267_SUB_02210_fwd,50.0,0.0,0.0,0,672
SUB_18240,SUB_18222,meso_SUB_18240_SUB_18222_rev,2100.0,0.0,0.0,0,672
SUB_18240,SUB_18246,meso_SUB_18240_SUB_18246_fwd,1500.0,0.0,0.0,0,672
SUB_16207,SUB_16299,meso_SUB_16207_SUB_16299_fwd,600.0,0.0,0.0,0,672
SUB_16207,SUB_16321,meso_SUB_16207_SUB_16321_fwd,1200.0,0.0,0.0,0,672
SUB_04347,SUB_04318,meso_SUB_04347_SUB_04318_rev,1500.0,0.0,0.0,0,672
SUB_04347,SUB_04349,meso_SUB_04347_SUB_04349_fwd,1500.0,0.0,0.0,0,672
SUB_02240,SUB_02280,meso_SUB_02240_SUB_02280_fwd,50.0,0.0,0.0,0,672
SUB_02260,SUB_02264,meso_SUB_02260_SUB_02264_fwd,50.0,0.0,0.0,0,672
SUB_25421,SUB_25208,meso_SUB_25421_SUB_25208_rev,1600.0,8.886458437051017,38.72094500177556,0,672
SUB_25421,SUB_25387,meso_SUB_25421_SUB_25387_rev,800.0,30.949026373531773,87.25744402521306,0,672
SUB_16270,SUB_16247,meso_SUB_16270_SUB_16247_rev,3000.0,0.0,0.0,0,672
SUB_16270,SUB_16261,meso_SUB_16270_SUB_16261_rev,3000.0,0.0,0.0,0,672
SUB_16270,SUB_16348,meso_SUB_16270_SUB_16348_fwd,1500.0,0.0,0.0,0,672
SUB_16270,SUB_16277,meso_SUB_16270_SUB_16277_fwd,1500.0,0.0,0.0,0,672
SUB_16270,SUB_16329,meso_SUB_16270_SUB_16329_fwd,1500.0,0.0,0.0,0,672
SUB_18273,SUB_18201,meso_SUB_18273_SUB_18201_rev,600.0,0.0,0.0,0,672
SUB_18273,SUB_18237,meso_SUB_18273_SUB_18237_rev,600.0,7.195408917213299,10.424992111940695,0,672
SUB_25261,SUB_25255,meso_SUB_25261_SUB_25255_rev,1500.0,0.0,0.0,0,672
SUB_25261,SUB_25290,meso_SUB_25261_SUB_25290_fwd,1500.0,43.44600555977592,150.6225463699331,0,672
SUB_25261,SUB_25365,meso_SUB_25261_SUB_25365_fwd,1500.0,28.95819628760731,75.35951028423953,0,672
SUB_25261,SUB_25393,meso_SUB_25261_SUB_25393_fwd,60000.0,0.0009824830085696657,0.6602285817588154,0,672
SUB_25261,SUB_25526,meso_SUB_25261_SUB_25526_fwd,8000.0,0.0,0.0,0,672
SUB_25261,SUB_HIFLD_1225,meso_SUB_25261_SUB_HIFLD_1225_fwd,4000.0,0.0,0.0,0,672
SUB_25261,SUB_HIFLD_1444,meso_SUB_25261_SUB_HIFLD_1444_fwd,45000.0,0.0,0.0,0,672
SUB_25261,SUB_HIFLD_1768,meso_SUB_25261_SUB_HIFLD_1768_fwd,45000.0,1629.4619844165366,4221.757144137022,0,672
SUB_25261,SUB_HIFLD_376,meso_SUB_25261_SUB_HIFLD_376_fwd,4000.0,0.0,0.0,0,672
SUB_18213,SUB_18207,meso_SUB_18213_SUB_18207_rev,1200.0,0.0,0.0,0,672
SUB_18213,SUB_18220,meso_SUB_18213_SUB_18220_fwd,600.0,0.0,0.0,0,672
SUB_10375,SUB_10291,meso_SUB_10375_SUB_10291_rev,1500.0,0.13794500394207743,46.76094512858367,0,672
SUB_10375,SUB_10297,meso_SUB_10375_SUB_10297_rev,1500.0,63.332155344120395,124.39752463710349,0,672
SUB_10375,SUB_HIFLD_1324,meso_SUB_10375_SUB_HIFLD_1324_fwd,1500.0,0.0,0.0,0,672
SUB_10375,SUB_10283,meso_SUB_10375_SUB_10283_rev,1500.0,31.42790846321654,69.77517375934451,0,672
SUB_25281,SUB_25219,meso_SUB_25281_SUB_25219_rev,800.0,4.736040055041875,7.2003462806139735,0,672
SUB_25281,SUB_25445,meso_SUB_25281_SUB_25445_fwd,800.0,8.945344655819248,15.15900753060567,0,672
SUB_25281,SUB_25536,meso_SUB_25281_SUB_25536_fwd,1200.0,5.483562877812013,42.57151307274019,0,672
SUB_25281,SUB_HIFLD_1845,meso_SUB_25281_SUB_HIFLD_1845_fwd,1400.0,21.138138639332276,65.92443487436606,0,672
SUB_02207,SUB_02201,meso_SUB_02207_SUB_02201_fwd,122.21010547832375,0.0,0.0,0,672
SUB_02209,SUB_02280,meso_SUB_02209_SUB_02280_fwd,130.5427409534259,0.0,0.0,0,672
SUB_18260,SUB_18263,meso_SUB_18260_SUB_18263_fwd,1500.0,0.0,0.0,0,672
SUB_18260,SUB_18282,meso_SUB_18260_SUB_18282_fwd,1500.0,0.0,0.0,0,672
SUB_04245,SUB_04328,meso_SUB_04245_SUB_04328_fwd,156.7899301285542,0.0,0.0,0,672
SUB_04286,SUB_04284,meso_SUB_04286_SUB_04284_rev,600.0,3.528192916592957,5.697942674774485,0,672
SUB_04286,SUB_04285,meso_SUB_04286_SUB_04285_rev,600.0,0.0,0.0,0,672
SUB_01264,SUB_HIFLD_2989,meso_SUB_01264_SUB_HIFLD_2989_fwd,50.0,0.0,0.0,0,672
SUB_02272,SUB_02210,meso_SUB_02272_SUB_02210_rev,600.0,0.0,0.0,0,672
SUB_02272,SUB_02270,meso_SUB_02272_SUB_02270_rev,600.0,6.646714553325621,9.552139261802248,0,672
SUB_02272,SUB_02281,meso_SUB_02272_SUB_02281_fwd,600.0,13.932727049692378,24.398987536451134,0,672
SUB_02272,SUB_02286,meso_SUB_02272_SUB_02286_fwd,600.0,0.0,0.0,0,672
SUB_02272,SUB_02406,meso_SUB_02272_SUB_02406_fwd,600.0,6.029655882021231,8.65704131765464,0,672
SUB_02272,SUB_HIFLD_3834,meso_SUB_02272_SUB_HIFLD_3834_fwd,600.0,0.0,0.0,0,672
SUB_16316,SUB_16283,meso_SUB_16316_SUB_16283_fwd,720.0,28.295946778351496,71.93966278076172,0,672
SUB_16322,SUB_16230,meso_SUB_16322_SUB_16230_rev,600.0,0.0,0.0,0,672
SUB_16322,SUB_16242,meso_SUB_16322_SUB_16242_rev,600.0,0.0,0.0,0,672
SUB_16322,SUB_16307,meso_SUB_16322_SUB_16307_rev,600.0,0.0,0.0,0,672
SUB_16322,SUB_16331,meso_SUB_16322_SUB_16331_fwd,600.0,4.092497078881992,7.341705762725516,0,672
SUB_25282,SUB_25337,meso_SUB_25282_SUB_25337_fwd,800.0,2.513783049359964,47.026072038563015,0,672
SUB_25282,SUB_25339,meso_SUB_25282_SUB_25339_fwd,800.0,0.17005741529506857,13.054150894007732,0,672
SUB_25282,SUB_25341,meso_SUB_25282_SUB_25341_fwd,800.0,0.0,0.0,0,672
SUB_25282,SUB_25342,meso_SUB_25282_SUB_25342_fwd,800.0,5.286899032468682,27.93539251260507,0,672
SUB_25282,SUB_25387,meso_SUB_25282_SUB_25387_fwd,800.0,0.0,0.0,0,672
SUB_25282,SUB_25532,meso_SUB_25282_SUB_25532_fwd,800.0,13.270841800549414,70.51873389175256,0,672
SUB_18229,SUB_18222,meso_SUB_18229_SUB_18222_rev,600.0,0.0,0.0,0,672
SUB_18229,SUB_18285,meso_SUB_18229_SUB_18285_fwd,600.0,0.0,0.0,0,672
SUB_25278,SUB_25208,meso_SUB_25278_SUB_25208_rev,1600.0,3.071062963053433,17.84022091449391,0,672
SUB_25278,SUB_25255,meso_SUB_25278_SUB_25255_rev,800.0,14.335008223086701,31.94918576032144,0,672
SUB_25250,SUB_HIFLD_1170,meso_SUB_25250_SUB_HIFLD_1170_fwd,50.0,0.0,0.0,0,672
SUB_25480,SUB_25425,meso_SUB_25480_SUB_25425_rev,1500.0,0.0,0.0,0,672
SUB_06332,SUB_06344,meso_SUB_06332_SUB_06344_fwd,600.0,0.08261961677113057,9.229275732925258,0,672
SUB_06332,SUB_06368,meso_SUB_06332_SUB_06368_fwd,600.0,0.0,0.0,0,672
SUB_25406,SUB_HIFLD_189,meso_SUB_25406_SUB_HIFLD_189_fwd,50.0,0.0,0.0,0,672
SUB_18244,SUB_18285,meso_SUB_18244_SUB_18285_fwd,50.0,0.0,0.0,0,672
SUB_25476,SUB_25457,meso_SUB_25476_SUB_25457_rev,1500.0,0.0,0.0,0,672
SUB_25476,SUB_25526,meso_SUB_25476_SUB_25526_fwd,1500.0,0.0,0.0,0,672
SUB_10294,SUB_10249,meso_SUB_10294_SUB_10249_rev,1500.0,9.97318491039122,19.54187873103849,0,672
SUB_10294,SUB_10308,meso_SUB_10294_SUB_10308_fwd,1500.0,0.0,0.0,0,672
SUB_16230,SUB_16322,meso_SUB_16230_SUB_16322_fwd,600.0,0.0,0.0,0,672
SUB_16230,SUB_16331,meso_SUB_16230_SUB_16331_fwd,600.0,0.021294718064920073,4.145823181781572,0,672
SUB_16230,SUB_16348,meso_SUB_16230_SUB_16348_fwd,600.0,0.0,0.0,0,672
SUB_16230,SUB_16362,meso_SUB_16230_SUB_16362_fwd,600.0,0.01747552847541744,7.747796693782217,0,672
SUB_16230,SUB_16365,meso_SUB_16230_SUB_16365_fwd,1200.0,6.212052317376783,11.611313023518042,0,672
SUB_16230,SUB_16313,meso_SUB_16230_SUB_16313_rev,183.7350131462945,11.483360209626548,17.722386436855672,0,672
SUB_18285,SUB_18222,meso_SUB_18285_SUB_18222_rev,600.0,0.0,0.0,0,672
SUB_18285,SUB_18229,meso_SUB_18285_SUB_18229_rev,600.0,0.0,0.0,0,672
SUB_18285,SUB_18244,meso_SUB_18285_SUB_18244_rev,50.0,3.108190807104696,4.608793089561856,0,672
SUB_25512,SUB_25276,meso_SUB_25512_SUB_25276_rev,4500.0,0.310251537918235,19.462183943644543,0,672
SUB_25512,SUB_HIFLD_1851,meso_SUB_25512_SUB_HIFLD_1851_fwd,4000.0,7.872684050690866,31.177179315743878,0,672
SUB_16216,SUB_16301,meso_SUB_16216_SUB_16301_fwd,1200.0,33.96563161520841,142.0678588225438,0,672
SUB_16216,SUB_16320,meso_SUB_16216_SUB_16320_fwd,600.0,0.0,0.0,0,672
SUB_16216,SUB_16323,meso_SUB_16216_SUB_16323_fwd,600.0,9.986529093641028,44.461750443493585,0,672
SUB_16216,SUB_HIFLD_41,meso_SUB_16216_SUB_HIFLD_41_fwd,1500.0,6.049706681136983,31.17234757794722,0,672
SUB_16216,SUB_16375,meso_SUB_16216_SUB_16375_rev,158.19926850468406,8.51991907268631,14.796798485824743,0,672
SUB_25420,SUB_25290,meso_SUB_25420_SUB_25290_rev,4500.0,17.538099115792335,61.900360550574796,0,672
SUB_10255,SUB_10253,meso_SUB_10255_SUB_10253_rev,600.0,1.5152036170752365,21.862388123741784,0,672
SUB_10255,SUB_10302,meso_SUB_10255_SUB_10302_fwd,1200.0,2.429094968523298,3.4494732099710053,0,672
SUB_10255,SUB_HIFLD_523,meso_SUB_10255_SUB_HIFLD_523_fwd,600.0,0.0,0.0,0,672
SUB_10132,SUB_HIFLD_1300,meso_SUB_10132_SUB_HIFLD_1300_fwd,50.0,0.0,0.0,0,672
SUB_10332,SUB_10293,meso_SUB_10332_SUB_10293_rev,12000.0,0.0,0.0,0,672
SUB_10332,SUB_HIFLD_1299,meso_SUB_10332_SUB_HIFLD_1299_fwd,4000.0,0.0,0.0,0,672
SUB_10332,SUB_HIFLD_1300,meso_SUB_10332_SUB_HIFLD_1300_fwd,12000.0,0.0,0.0,0,672
SUB_10350,SUB_HIFLD_1299,meso_SUB_10350_SUB_HIFLD_1299_fwd,164.0,6.459607547227369,16.400000000000002,0,672
SUB_19241,SUB_19246,meso_SUB_19241_SUB_19246_fwd,1500.0,0.0,0.0,0,672
SUB_19241,SUB_HIFLD_2356,meso_SUB_19241_SUB_HIFLD_2356_fwd,1500.0,0.0,0.0,0,672
SUB_10356,SUB_10345,meso_SUB_10356_SUB_10345_rev,600.0,0.0,0.0,0,672
SUB_10356,SUB_HIFLD_2184,meso_SUB_10356_SUB_HIFLD_2184_rev,50.0,0.0,0.0,0,672
SUB_19229,SUB_19215,meso_SUB_19229_SUB_19215_rev,600.0,15.638591685112685,28.95493756347656,0,672
SUB_19229,SUB_19225,meso_SUB_19229_SUB_19225_rev,600.0,0.0,0.0,0,672
SUB_19229,SUB_19246,meso_SUB_19229_SUB_19246_fwd,600.0,5.00886608571062,15.899382408024183,0,672
SUB_01442,SUB_01440,meso_SUB_01442_SUB_01440_fwd,824.0,18.865488614269992,56.68491329953333,0,672
SUB_02210,SUB_02201,meso_SUB_02210_SUB_02201_rev,1500.0,129.82504421246085,375.26287853043664,0,672
SUB_02210,SUB_02233,meso_SUB_02210_SUB_02233_fwd,4500.0,28.472302675672363,42.84326563164258,0,672
SUB_02210,SUB_02257,meso_SUB_02210_SUB_02257_fwd,3000.0,86.4024889219843,116.5860019329897,0,672
SUB_02210,SUB_02264,meso_SUB_02210_SUB_02264_fwd,1500.0,109.58281840067096,142.09703216958164,0,672
SUB_02210,SUB_02272,meso_SUB_02210_SUB_02272_fwd,600.0,40.99529807446678,62.51617822302594,0,672
SUB_02210,SUB_02286,meso_SUB_02210_SUB_02286_fwd,1500.0,12.343587274319091,18.033293131908284,0,672
SUB_02210,SUB_02287,meso_SUB_02210_SUB_02287_fwd,4000.0,0.0,0.0,0,672
SUB_02210,SUB_02419,meso_SUB_02210_SUB_02419_fwd,4000.0,0.0,0.0,0,672
SUB_02210,SUB_02203,meso_SUB_02210_SUB_02203_rev,1500.0,5.6242301548974085,88.84920264175257,0,672
SUB_02210,SUB_02408,meso_SUB_02210_SUB_02408_fwd,4000.0,87.89161438058079,124.72588412313111,0,672
SUB_02210,SUB_02227,meso_SUB_02210_SUB_02227_rev,104.68363385570258,7.0603850404480015,10.515947164948454,0,672
SUB_02210,SUB_02267,meso_SUB_02210_SUB_02267_rev,50.0,1.223583876600907,1.836453718991624,0,672
SUB_02210,WEC_CALN,iface_SUB_02210_WEC_CALN_to_ba,17745.3163661443,0.0,0.0,0,672
SUB_16374,SUB_01432,meso_SUB_16374_SUB_01432_rev,600.0,0.13472687393154179,2.2786613543009024,0,672
SUB_16374,SUB_16209,meso_SUB_16374_SUB_16209_rev,600.0,2.9625218162269142,3.7921069587628864,0,672
SUB_16374,SUB_16348,meso_SUB_16374_SUB_16348_rev,600.0,0.33559065208207284,37.061944154786865,0,672
SUB_16374,SUB_HIFLD_1135,meso_SUB_16374_SUB_HIFLD_1135_fwd,600.0,0.0,0.0,0,672
SUB_16374,SUB_HIFLD_3491,meso_SUB_16374_SUB_HIFLD_3491_fwd,600.0,0.0,0.0,0,672
SUB_16374,SUB_HIFLD_3849,meso_SUB_16374_SUB_HIFLD_3849_fwd,600.0,0.12433197870195102,24.499194835984934,0,672
SUB_10373,SUB_10372,meso_SUB_10373_SUB_10372_rev,4000.0,0.0,0.0,0,672
SUB_10373,WEC_CALN,iface_SUB_10373_WEC_CALN_to_ba,200.0,0.0,0.0,0,672
SUB_18249,SUB_08318,meso_SUB_18249_SUB_08318_rev,3000.0,0.0,0.0,0,672
SUB_18249,SUB_16261,meso_SUB_18249_SUB_16261_rev,3000.0,6.600719880879482,42.954298347085555,0,672
SUB_18249,SUB_18201,meso_SUB_18249_SUB_18201_rev,1500.0,2.281391581464151,67.58326122981435,0,672
SUB_18249,SUB_18322,meso_SUB_18249_SUB_18322_rev,50.0,0.5056738401430755,0.8686225183231316,0,672
SUB_01343,SUB_01410,meso_SUB_01343_SUB_01410_fwd,1500.0,38.12545468957945,56.915644797585216,0,672
SUB_01343,SUB_HIFLD_130,meso_SUB_01343_SUB_HIFLD_130_fwd,3000.0,1.247766032495325,42.107996276836026,0,672
SUB_01343,SUB_01216,meso_SUB_01343_SUB_01216_rev,1500.0,3.5418938813246634,50.35135698347439,0,672
SUB_01343,SUB_01324,meso_SUB_01343_SUB_01324_rev,1500.0,10.381776815453915,54.42141343281396,0,672
SUB_08391,SUB_08201,meso_SUB_08391_SUB_08201_rev,1500.0,0.0,0.0,0,672
SUB_08391,SUB_08339,meso_SUB_08391_SUB_08339_rev,1500.0,0.0,0.0,0,672
SUB_08391,SUB_08353,meso_SUB_08391_SUB_08353_rev,1500.0,15.84650981337559,94.65624194587629,0,672
SUB_08391,SUB_HIFLD_1432,meso_SUB_08391_SUB_HIFLD_1432_fwd,3000.0,0.0,0.0,0,672
SUB_02233,SUB_02201,meso_SUB_02233_SUB_02201_rev,1500.0,0.0,0.0,0,672
SUB_02233,SUB_02203,meso_SUB_02233_SUB_02203_rev,4500.0,0.0,0.0,0,672
SUB_02233,SUB_02210,meso_SUB_02233_SUB_02210_rev,4500.0,0.0,0.0,0,672
SUB_02233,SUB_02287,meso_SUB_02233_SUB_02287_fwd,3000.0,0.0,0.0,0,672
SUB_02233,SUB_02280,meso_SUB_02233_SUB_02280_fwd,1500.0,0.34613705003766443,153.99957558466753,0,672
SUB_02233,SUB_02249,meso_SUB_02233_SUB_02249_rev,50.0,0.235459135090187,1.1480524122100517,0,672
SUB_02203,SUB_02201,meso_SUB_02203_SUB_02201_rev,4500.0,8.2415132697875,136.39853893540882,0,672
SUB_02203,SUB_02233,meso_SUB_02203_SUB_02233_fwd,4500.0,0.9024217944825305,41.657248991573894,0,672
SUB_02203,SUB_02280,meso_SUB_02203_SUB_02280_fwd,1500.0,138.38402527117475,242.36833276176358,0,672
SUB_02203,SUB_01216,meso_SUB_02203_SUB_01216_rev,4000.0,0.0,0.0,0,672
SUB_02203,SUB_02210,meso_SUB_02203_SUB_02210_fwd,1500.0,0.0,0.0,0,672
SUB_25440,SUB_25468,meso_SUB_25440_SUB_25468_fwd,434.41053869999996,11.428067182967784,35.55487532759983,0,672
SUB_04230,SUB_04202,meso_SUB_04230_SUB_04202_rev,600.0,28.016653557741353,50.609246134020616,0,672
SUB_04230,SUB_04246,meso_SUB_04230_SUB_04246_fwd,600.0,14.18171554363178,21.400934278350515,0,672
SUB_04230,SUB_04337,meso_SUB_04230_SUB_04337_fwd,8000.0,0.0,0.0,0,672
SUB_04230,SUB_06364,meso_SUB_04230_SUB_06364_fwd,8600.0,0.0,0.0,0,672
SUB_04230,SUB_06270,meso_SUB_04230_SUB_06270_fwd,1500.0,50.00176119989006,119.98180200846636,0,672
SUB_04230,SUB_06359,meso_SUB_04230_SUB_06359_fwd,4000.0,0.005336203066489817,3.5859284606811572,0,672
SUB_04230,WEC_CALN,iface_SUB_04230_WEC_CALN_to_ba,200.0,0.0,0.0,0,672
SUB_06203,SUB_06204,meso_SUB_06203_SUB_06204_fwd,1500.0,0.0,0.0,0,672
SUB_06203,SUB_06368,meso_SUB_06203_SUB_06368_fwd,1500.0,0.0,0.0,0,672
SUB_06203,SUB_15215,meso_SUB_06203_SUB_15215_fwd,2100.0,0.0,0.0,0,672
SUB_06203,SUB_06272,meso_SUB_06203_SUB_06272_fwd,3000.0,3.1515769862988208,6.51545032619201,0,672
SUB_06203,SUB_06317,meso_SUB_06203_SUB_06317_fwd,1500.0,0.0,0.0,0,672
SUB_06203,SUB_06344,meso_SUB_06203_SUB_06344_fwd,600.0,0.12262818713486928,15.932900088595362,0,672
SUB_04203,SUB_04201,meso_SUB_04203_SUB_04201_rev,1500.0,0.0,0.0,0,672
SUB_25269,SUB_25219,meso_SUB_25269_SUB_25219_rev,800.0,0.0,0.0,0,672
SUB_16380,SUB_HIFLD_30,meso_SUB_16380_SUB_HIFLD_30_fwd,1500.0,0.0,0.0,0,672
SUB_25353,SUB_25270,meso_SUB_25353_SUB_25270_rev,600.0,0.0,0.0,0,672
SUB_04272,SUB_04202,meso_SUB_04272_SUB_04202_rev,1500.0,0.0,0.0,0,672
SUB_04272,SUB_04329,meso_SUB_04272_SUB_04329_fwd,1500.0,0.0,0.0,0,672
SUB_04272,SUB_04337,meso_SUB_04272_SUB_04337_fwd,3000.0,0.0,0.0,0,672
SUB_16261,SUB_16247,meso_SUB_16261_SUB_16247_rev,1500.0,0.0,0.0,0,672
SUB_16261,SUB_16267,meso_SUB_16261_SUB_16267_fwd,600.0,0.0,0.0,0,672
SUB_16261,SUB_16270,meso_SUB_16261_SUB_16270_fwd,3000.0,0.8219644348725649,33.74700902016552,0,672
SUB_16261,SUB_16277,meso_SUB_16261_SUB_16277_fwd,1500.0,0.0,0.0,0,672
SUB_16261,SUB_16357,meso_SUB_16261_SUB_16357_fwd,3000.0,0.9948984323108823,11.653596166237113,0,672
SUB_16261,SUB_18249,meso_SUB_16261_SUB_18249_fwd,3000.0,0.11943241644416454,24.82393404296876,0,672
SUB_16261,SUB_01222,meso_SUB_16261_SUB_01222_rev,1500.0,0.0,0.0,0,672
SUB_16261,SUB_16282,meso_SUB_16261_SUB_16282_fwd,3000.0,0.0,0.0,0,672
SUB_16261,SUB_16298,meso_SUB_16261_SUB_16298_fwd,3000.0,0.0,0.0,0,672
SUB_16261,SUB_HIFLD_2318,meso_SUB_16261_SUB_HIFLD_2318_fwd,1500.0,0.0030528075984214333,2.0514867061392033,0,672
SUB_01317,SUB_01318,meso_SUB_01317_SUB_01318_fwd,50.0,0.0,0.0,0,672
SUB_08202,SUB_08231,meso_SUB_08202_SUB_08231_fwd,600.0,16.93334565615954,37.798903169511306,0,672
SUB_08202,SUB_08337,meso_SUB_08202_SUB_08337_fwd,600.0,0.0,0.0,0,672
SUB_08202,SUB_08343,meso_SUB_08202_SUB_08343_fwd,600.0,0.0,0.0,0,672
SUB_06312,SUB_04295,meso_SUB_06312_SUB_04295_rev,1500.0,15.17175012239939,58.018351990060076,0,672
SUB_06312,SUB_04319,meso_SUB_06312_SUB_04319_rev,1500.0,6.398207771049874,18.458430633236798,0,672
SUB_06312,SUB_06359,meso_SUB_06312_SUB_06359_fwd,4000.0,0.0,0.0,0,672
SUB_06312,SUB_HIFLD_3784,meso_SUB_06312_SUB_HIFLD_3784_fwd,8000.0,0.0,0.0,0,672
SUB_25370,SUB_25272,meso_SUB_25370_SUB_25272_rev,1500.0,0.0,0.0,0,672
SUB_25370,SUB_25526,meso_SUB_25370_SUB_25526_fwd,1500.0,0.0,0.0,0,672
SUB_01423,SUB_01223,meso_SUB_01423_SUB_01223_rev,16000.0,0.0,0.0,0,672
SUB_01423,SUB_01315,meso_SUB_01423_SUB_01315_rev,1200.0,2.6741861304462216,52.4554870924129,0,672
SUB_01423,SUB_01380,meso_SUB_01423_SUB_01380_rev,12000.0,0.0,0.0,0,672
SUB_01423,SUB_01440,meso_SUB_01423_SUB_01440_fwd,600.0,0.0,0.0,0,672
SUB_01423,SUB_01466,meso_SUB_01423_SUB_01466_fwd,12000.0,0.0,0.0,0,672
SUB_01423,SUB_01469,meso_SUB_01423_SUB_01469_fwd,4000.0,0.0,0.0,0,672
SUB_01423,SUB_HIFLD_10,meso_SUB_01423_SUB_HIFLD_10_fwd,4000.0,0.0,0.0,0,672
SUB_01423,SUB_01405,meso_SUB_01423_SUB_01405_rev,4000.0,19.44524525677029,33.86820123817622,0,672
SUB_01423,SUB_01409,meso_SUB_01423_SUB_01409_rev,4000.0,0.0,0.0,0,672
SUB_01423,WEC_CALN,iface_SUB_01423_WEC_CALN_to_ba,10200.0,0.0,0.0,0,672
SUB_16368,SUB_16223,meso_SUB_16368_SUB_16223_rev,600.0,2.83097461260663,8.906869633005964,0,672
SUB_16368,SUB_16315,meso_SUB_16368_SUB_16315_rev,600.0,5.403111851531228,17.040067158521765,0,672
SUB_16368,SUB_16319,meso_SUB_16368_SUB_16319_rev,1500.0,7.901394709385148,47.870194742508424,0,672
SUB_16368,SUB_16323,meso_SUB_16368_SUB_16323_rev,600.0,2.34013020161988,13.208011361309875,0,672
SUB_16368,SUB_16328,meso_SUB_16368_SUB_16328_rev,600.0,5.647007652806184,9.48824117398817,0,672
SUB_16368,SUB_16348,meso_SUB_16368_SUB_16348_rev,5500.0,0.0,0.0,0,672
SUB_16368,SUB_16371,meso_SUB_16368_SUB_16371_fwd,8000.0,0.0,0.0,0,672
SUB_16368,SUB_16372,meso_SUB_16368_SUB_16372_fwd,600.0,30.2478263082813,68.09209782214816,0,672
SUB_16368,SUB_HIFLD_1102,meso_SUB_16368_SUB_HIFLD_1102_fwd,1500.0,0.0,0.0,0,672
SUB_16368,SUB_HIFLD_2043,meso_SUB_16368_SUB_HIFLD_2043_fwd,600.0,3.7191047586058077,5.663937157699743,0,672
SUB_16368,SUB_HIFLD_4127,meso_SUB_16368_SUB_HIFLD_4127_fwd,4500.0,0.0,0.0,0,672
SUB_16368,SUB_HIFLD_595,meso_SUB_16368_SUB_HIFLD_595_fwd,4000.0,116.4135283093922,209.47842745688752,0,672
SUB_16368,SUB_HIFLD_597,meso_SUB_16368_SUB_HIFLD_597_fwd,1500.0,0.0,0.0,0,672
SUB_16368,WEC_CALN,iface_SUB_16368_WEC_CALN_to_ba,200.0,0.0,0.0,0,672
SUB_02264,SUB_02210,meso_SUB_02264_SUB_02210_rev,1500.0,0.0,0.0,0,672
SUB_02264,SUB_02286,meso_SUB_02264_SUB_02286_fwd,1500.0,0.0,0.0,0,672
SUB_02264,SUB_02258,meso_SUB_02264_SUB_02258_rev,50.0,2.46105354732313,3.675258487032861,0,672
SUB_02264,SUB_02250,meso_SUB_02264_SUB_02250_rev,50.0,2.991446989918083,4.306947185083763,0,672
SUB_02264,SUB_02251,meso_SUB_02264_SUB_02251_rev,50.0,1.174417649944682,1.739646423969072,0,672
SUB_02264,SUB_02226,meso_SUB_02264_SUB_02226_rev,585.5928317232111,34.07204757038729,50.9877818943299,0,672
SUB_02264,SUB_02268,meso_SUB_02264_SUB_02268_rev,50.0,1.6207133171894297,2.3748006604381446,0,672
SUB_02264,SUB_02247,meso_SUB_02264_SUB_02247_rev,50.0,2.8216738165741644,4.053165522309922,0,672
SUB_02264,SUB_02285,meso_SUB_02264_SUB_02285_rev,50.0,0.4894078648903819,0.6934363925579897,0,672
SUB_02264,SUB_02260,meso_SUB_02264_SUB_02260_rev,50.0,1.1549591933387604,1.5562487415431703,0,672
SUB_02264,SUB_02259,meso_SUB_02264_SUB_02259_rev,50.0,2.8550662219085474,4.048470974951676,0,672
SUB_08292,SUB_08225,meso_SUB_08292_SUB_08225_rev,1500.0,20.449305319084754,30.176752456283882,0,672
SUB_08292,SUB_08343,meso_SUB_08292_SUB_08343_fwd,1500.0,0.0,0.0,0,672
SUB_08292,SUB_HIFLD_1432,meso_SUB_08292_SUB_HIFLD_1432_fwd,3000.0,0.0,0.0,0,672
SUB_10333,SUB_10260,meso_SUB_10333_SUB_10260_rev,600.0,0.0,0.0,0,672
SUB_10333,SUB_10334,meso_SUB_10333_SUB_10334_fwd,600.0,9.680881476366883,15.85510652674826,0,672
SUB_06272,SUB_06203,meso_SUB_06272_SUB_06203_rev,3000.0,0.0,0.0,0,672
SUB_06272,SUB_06319,meso_SUB_06272_SUB_06319_fwd,3000.0,0.0,0.0,0,672
SUB_25236,SUB_25271,meso_SUB_25236_SUB_25271_fwd,600.0,24.19363631041072,44.49409632731959,0,672
SUB_25236,SUB_25366,meso_SUB_25236_SUB_25366_fwd,600.0,5.098351433692087,14.87537552351804,0,672
SUB_25236,SUB_25441,meso_SUB_25236_SUB_25441_fwd,600.0,25.922702013525374,314.6454908969553,0,672
SUB_25236,SUB_HIFLD_211,meso_SUB_25236_SUB_HIFLD_211_fwd,600.0,63.65986770766013,300.3518048302637,0,672
SUB_25236,SUB_25315,meso_SUB_25236_SUB_25315_fwd,1500.0,0.009732519345477801,6.540253000161083,0,672
SUB_01202,SUB_01353,meso_SUB_01202_SUB_01353_fwd,1500.0,8.658933467492396,108.4101086617416,0,672
SUB_01202,SUB_01430,meso_SUB_01202_SUB_01430_fwd,1500.0,55.41795815747281,100.22595796328649,0,672
SUB_01202,SUB_01445,meso_SUB_01202_SUB_01445_fwd,3000.0,0.0,0.0,0,672
SUB_01202,SUB_01216,meso_SUB_01202_SUB_01216_fwd,1500.0,0.0,0.0,0,672
SUB_01202,SUB_01324,meso_SUB_01202_SUB_01324_fwd,3000.0,0.0,0.0,0,672
SUB_04221,SUB_04248,meso_SUB_04221_SUB_04248_fwd,600.0,0.0,0.0,0,672
SUB_04221,SUB_04320,meso_SUB_04221_SUB_04320_fwd,600.0,0.0,0.0,0,672
SUB_06288,SUB_06202,meso_SUB_06288_SUB_06202_rev,600.0,0.0,0.0,0,672
SUB_06288,SUB_06283,meso_SUB_06288_SUB_06283_rev,600.0,0.0,0.0,0,672
SUB_06288,SUB_10274,meso_SUB_06288_SUB_10274_fwd,1200.0,0.0,0.0,0,672
SUB_01405,SUB_01423,meso_SUB_01405_SUB_01423_fwd,4000.0,0.0,0.0,0,672
SUB_25316,SUB_25289,meso_SUB_25316_SUB_25289_rev,800.0,0.03081135738112497,13.798547237435567,0,672
SUB_25316,SUB_25344,meso_SUB_25316_SUB_25344_fwd,600.0,1.984346904492925,8.67530525444828,0,672
SUB_25316,SUB_25393,meso_SUB_25316_SUB_25393_fwd,1500.0,8.208046207298931,26.987420386066855,0,672
SUB_16301,SUB_16216,meso_SUB_16301_SUB_16216_rev,1200.0,0.0,0.0,0,672
SUB_16301,SUB_16334,meso_SUB_16301_SUB_16334_fwd,1200.0,1.1351982231021522,12.641019268037919,0,672
SUB_16301,SUB_16354,meso_SUB_16301_SUB_16354_fwd,1200.0,4.577118146893553,7.900228032377577,0,672
SUB_16301,SUB_15361,meso_SUB_16301_SUB_15361_rev,600.0,20.615865947735994,126.37602769651262,0,672
SUB_15249,SUB_15218,meso_SUB_15249_SUB_15218_rev,600.0,0.0,0.0,0,672
SUB_15249,SUB_15224,meso_SUB_15249_SUB_15224_rev,600.0,5.776876567348266,21.524445158060104,0,672
SUB_15249,SUB_15243,meso_SUB_15249_SUB_15243_rev,600.0,0.0,0.0,0,672
SUB_15249,SUB_15246,meso_SUB_15249_SUB_15246_rev,600.0,26.054016404963154,115.26573331084765,0,672
SUB_04309,SUB_04201,meso_SUB_04309_SUB_04201_rev,1200.0,0.0,0.0,0,672
SUB_04309,SUB_04248,meso_SUB_04309_SUB_04248_rev,600.0,0.0,0.0,0,672
SUB_10324,SUB_10325,meso_SUB_10324_SUB_10325_fwd,1500.0,0.0,0.0,0,672
SUB_25410,SUB_25256,meso_SUB_25410_SUB_25256_rev,3000.0,14.14718980015207,34.20200422823606,0,672
SUB_25410,SUB_25536,meso_SUB_25410_SUB_25536_fwd,3000.0,0.006130226215407238,1.4926149199049377,0,672
SUB_15201,SUB_15233,meso_SUB_15201_SUB_15233_fwd,600.0,0.0,0.0,0,672
SUB_15201,SUB_15285,meso_SUB_15201_SUB_15285_fwd,600.0,0.0,0.0,0,672
SUB_15201,SUB_15373,meso_SUB_15201_SUB_15373_fwd,600.0,4.979622199757011,15.644012765786085,0,672
SUB_15366,SUB_15276,meso_SUB_15366_SUB_15276_fwd,185.98809471895237,0.0,0.0,0,672
SUB_04337,SUB_01467,meso_SUB_04337_SUB_01467_rev,4000.0,0.0,0.0,0,672
SUB_04337,SUB_04212,meso_SUB_04337_SUB_04212_rev,600.0,1.111655396716654,2.0056319718508377,0,672
SUB_04337,SUB_04230,meso_SUB_04337_SUB_04230_rev,8000.0,0.0,0.0,0,672
SUB_04337,SUB_04248,meso_SUB_04337_SUB_04248_rev,9500.0,0.0,0.0,0,672
SUB_04337,SUB_04256,meso_SUB_04337_SUB_04256_rev,12000.0,0.0,0.0,0,672
SUB_04337,SUB_04263,meso_SUB_04337_SUB_04263_rev,600.0,28.162683515881856,39.54986307989691,0,672
SUB_04337,SUB_04272,meso_SUB_04337_SUB_04272_rev,3000.0,25.81385348829851,42.973799935567015,0,672
SUB_04337,SUB_04307,meso_SUB_04337_SUB_04307_rev,1200.0,10.52362083843308,17.774563063788662,0,672
SUB_04337,SUB_04349,meso_SUB_04337_SUB_04349_fwd,1500.0,17.98566601746589,22.956979334114944,0,672
SUB_04337,SUB_04318,meso_SUB_04337_SUB_04318_rev,1500.0,33.75687220074684,48.20999344164212,0,672
SUB_04337,SUB_06359,meso_SUB_04337_SUB_06359_fwd,4000.0,0.0,0.0,0,672
SUB_04337,WEC_CALN,iface_SUB_04337_WEC_CALN_to_ba,38100.0,0.0,0.0,0,672
SUB_25355,SUB_25290,meso_SUB_25355_SUB_25290_rev,1500.0,2.915505760233954,62.3174563986288,0,672
SUB_25355,SUB_25400,meso_SUB_25355_SUB_25400_fwd,3000.0,0.9844291080721606,19.269613804768042,0,672
SUB_25355,SUB_25454,meso_SUB_25355_SUB_25454_fwd,1500.0,1.5997340398640894,9.60477206829897,0,672
SUB_10283,SUB_10291,meso_SUB_10283_SUB_10291_fwd,1500.0,0.0,0.0,0,672
SUB_10283,SUB_10308,meso_SUB_10283_SUB_10308_fwd,3000.0,28.92909115127216,51.838009735301036,0,672
SUB_10283,SUB_10375,meso_SUB_10283_SUB_10375_fwd,1500.0,0.0,0.0,0,672
SUB_10283,SUB_10303,meso_SUB_10283_SUB_10303_rev,345.0,0.0,0.0,0,672
SUB_01424,SUB_01450,meso_SUB_01424_SUB_01450_fwd,50.0,0.0,0.0,0,672
SUB_18281,SUB_18206,meso_SUB_18281_SUB_18206_rev,1500.0,12.25787979322134,35.32393282860824,0,672
SUB_18281,SUB_18267,meso_SUB_18281_SUB_18267_rev,1500.0,33.525379390171224,108.82182667525771,0,672
SUB_18281,SUB_18282,meso_SUB_18281_SUB_18282_fwd,1500.0,0.03003269776470123,17.736982920980964,0,672
SUB_18281,SUB_18303,meso_SUB_18281_SUB_18303_fwd,1500.0,10.758497680041119,44.05759750025035,0,672
SUB_18281,SUB_HIFLD_376,meso_SUB_18281_SUB_HIFLD_376_fwd,1500.0,0.0,0.0,0,672
SUB_01350,SUB_01223,meso_SUB_01350_SUB_01223_rev,1500.0,0.0,0.0,0,672
SUB_01350,SUB_01222,meso_SUB_01350_SUB_01222_rev,1500.0,0.0,0.0,0,672
SUB_10353,SUB_10293,meso_SUB_10353_SUB_10293_rev,1200.0,3.236985839257187,11.301606597652855,0,672
SUB_10353,SUB_10357,meso_SUB_10353_SUB_10357_fwd,600.0,5.696464493595134,13.673117628999206,0,672
SUB_25268,SUB_25270,meso_SUB_25268_SUB_25270_fwd,600.0,61.80550583061092,599.5851115313985,1,672
SUB_25268,SUB_25295,meso_SUB_25268_SUB_25295_fwd,600.0,9.93771267295737,30.302053106151696,0,672
SUB_25268,SUB_25360,meso_SUB_25268_SUB_25360_fwd,600.0,11.80105190686273,45.522295454319014,0,672
SUB_25268,SUB_25393,meso_SUB_25268_SUB_25393_fwd,4000.0,14.3256277803327,767.3097482564974,0,672
SUB_25268,SUB_25412,meso_SUB_25268_SUB_25412_fwd,4000.0,279.63208956834416,975.8322626915649,0,672
SUB_04201,SUB_04248,meso_SUB_04201_SUB_04248_fwd,1500.0,0.0,0.0,0,672
SUB_04201,SUB_04299,meso_SUB_04201_SUB_04299_fwd,1500.0,0.0,0.0,0,672
SUB_04201,SUB_04309,meso_SUB_04201_SUB_04309_fwd,1200.0,0.0,0.0,0,672
SUB_04201,SUB_04203,meso_SUB_04201_SUB_04203_fwd,1500.0,31.263762593257646,50.30940318943299,0,672
SUB_25208,SUB_25244,meso_SUB_25208_SUB_25244_fwd,800.0,1.121526476956939,3.0673621738079895,0,672
SUB_25208,SUB_25255,meso_SUB_25208_SUB_25255_fwd,1500.0,12.200055948258177,63.851522011437204,0,672
SUB_25208,SUB_25278,meso_SUB_25208_SUB_25278_fwd,1600.0,0.0,0.0,0,672
SUB_25208,SUB_25314,meso_SUB_25208_SUB_25314_fwd,800.0,0.0017522297715461895,0.1444274430422439,0,672
SUB_25208,SUB_25421,meso_SUB_25208_SUB_25421_fwd,1600.0,0.0,0.0,0,672
SUB_25208,SUB_25424,meso_SUB_25208_SUB_25424_fwd,3000.0,0.20634783528046569,1.1602618345280284,0,672
SUB_25208,SUB_HIFLD_1225,meso_SUB_25208_SUB_HIFLD_1225_fwd,1500.0,0.0,0.0,0,672
SUB_08367,SUB_08348,meso_SUB_08367_SUB_08348_rev,1500.0,0.0,0.0,0,672
SUB_02201,SUB_02203,meso_SUB_02201_SUB_02203_fwd,4500.0,0.0,0.0,0,672
SUB_02201,SUB_02210,meso_SUB_02201_SUB_02210_fwd,1500.0,0.0,0.0,0,672
SUB_02201,SUB_02233,meso_SUB_02201_SUB_02233_fwd,1500.0,0.0,0.0,0,672
SUB_02201,SUB_02280,meso_SUB_02201_SUB_02280_fwd,1500.0,26.651018251552912,235.25132101499022,0,672
SUB_02201,SUB_02261,meso_SUB_02201_SUB_02261_rev,76.65828204529778,4.53339981543532,6.74298435486469,0,672
SUB_02201,SUB_02248,meso_SUB_02201_SUB_02248_rev,50.0,1.9535023067064246,2.993571299130155,0,672
SUB_02201,SUB_02228,meso_SUB_02201_SUB_02228_rev,125.0,1.039772122083017,7.135419519168814,0,672
SUB_02201,SUB_02255,meso_SUB_02201_SUB_02255_rev,50.0,2.033021478545935,4.479593367429124,0,672
SUB_02201,SUB_02239,meso_SUB_02201_SUB_02239_rev,50.0,2.0804234425577977,3.0258096911243553,0,672
SUB_02201,SUB_02207,meso_SUB_02201_SUB_02207_rev,122.21010547832375,8.411391100277196,12.192864046391753,0,672
SUB_25253,SUB_25252,meso_SUB_25253_SUB_25252_rev,600.0,0.0,0.0,0,672
SUB_25217,SUB_25224,meso_SUB_25217_SUB_25224_fwd,3000.0,17.66691323953523,120.44541174590975,0,672
SUB_25217,SUB_25266,meso_SUB_25217_SUB_25266_fwd,600.0,10.736688386581548,25.09025249677835,0,672
SUB_25217,SUB_HIFLD_3503,meso_SUB_25217_SUB_HIFLD_3503_fwd,1500.0,0.0,0.0,0,672
SUB_25217,SUB_25400,meso_SUB_25217_SUB_25400_fwd,3000.0,5.133745327874057,40.95464388365913,0,672
SUB_25217,SUB_25412,meso_SUB_25217_SUB_25412_fwd,1500.0,18.21400973163982,102.24933017523591,0,672
SUB_01467,SUB_01210,meso_SUB_01467_SUB_01210_rev,3000.0,57.446319381047076,113.92048801580643,0,672
SUB_01467,SUB_01250,meso_SUB_01467_SUB_01250_rev,3000.0,70.28911749047644,95.47604882514933,0,672
SUB_01467,SUB_01380,meso_SUB_01467_SUB_01380_rev,4000.0,0.0,0.0,0,672
SUB_01467,SUB_01392,meso_SUB_01467_SUB_01392_rev,1200.0,4.912681214753385,34.39746617415387,0,672
SUB_01467,SUB_01410,meso_SUB_01467_SUB_01410_rev,1500.0,0.0,0.0,0,672
SUB_01467,SUB_04205,meso_SUB_01467_SUB_04205_fwd,4000.0,0.0,0.0,0,672
SUB_01467,SUB_04248,meso_SUB_01467_SUB_04248_fwd,4000.0,0.0,0.0,0,672
SUB_01467,SUB_04325,meso_SUB_01467_SUB_04325_fwd,8000.0,0.0,0.0,0,672
SUB_01467,SUB_04337,meso_SUB_01467_SUB_04337_fwd,4000.0,0.0,0.0,0,672
SUB_01467,SUB_06380,meso_SUB_01467_SUB_06380_fwd,1500.0,18.824224252234792,90.8283196259085,0,672
SUB_01467,SUB_HIFLD_1118,meso_SUB_01467_SUB_HIFLD_1118_fwd,1500.0,0.0,0.0,0,672
SUB_01467,SUB_HIFLD_130,meso_SUB_01467_SUB_HIFLD_130_fwd,4000.0,0.0,0.0,0,672
SUB_01467,SUB_01216,meso_SUB_01467_SUB_01216_rev,4000.0,0.0,0.0,0,672
SUB_01467,SUB_01284,meso_SUB_01467_SUB_01284_rev,3000.0,0.855837957544191,1.3566071500483248,0,672
SUB_01467,SUB_01347,meso_SUB_01467_SUB_01347_rev,1500.0,50.44273515438759,61.14152830733872,0,672
SUB_01467,SUB_04204,meso_SUB_01467_SUB_04204_fwd,8000.0,2.5175920655386648,24.859076997422683,0,672
SUB_01467,WEC_CALN,iface_SUB_01467_WEC_CALN_to_ba,200.0,0.0,0.0,0,672
SUB_01303,SUB_01311,meso_SUB_01303_SUB_01311_fwd,50.0,0.0,0.0,0,672
SUB_25441,SUB_25236,meso_SUB_25441_SUB_25236_rev,600.0,0.0,0.0,0,672
SUB_25441,SUB_25270,meso_SUB_25441_SUB_25270_rev,4800.0,3.536325107469324,121.41000678094458,0,672
SUB_25441,SUB_25412,meso_SUB_25441_SUB_25412_rev,4000.0,2.3030556309952246,107.99011178760011,0,672
SUB_25441,SUB_25237,meso_SUB_25441_SUB_25237_rev,319.3850176585276,14.937653930244577,32.92629067332474,0,672
SUB_25441,WEC_CALN,iface_SUB_25441_WEC_CALN_to_ba,6280.614982341472,7.820197752547764,270.7707350013933,0,672
SUB_18267,SUB_18206,meso_SUB_18267_SUB_18206_rev,3000.0,0.0,0.0,0,672
SUB_18267,SUB_18263,meso_SUB_18267_SUB_18263_rev,1500.0,0.0,0.0,0,672
SUB_18267,SUB_18281,meso_SUB_18267_SUB_18281_fwd,1500.0,0.0,0.0,0,672
SUB_18267,SUB_18282,meso_SUB_18267_SUB_18282_fwd,3000.0,0.0,0.0,0,672
SUB_08284,SUB_08348,meso_SUB_08284_SUB_08348_fwd,600.0,0.0,0.0,0,672
SUB_08284,SUB_18358,meso_SUB_08284_SUB_18358_fwd,600.0,3.9697321737461584,5.602390136459275,0,672
SUB_25228,SUB_25235,meso_SUB_25228_SUB_25235_fwd,3000.0,0.0,0.0,0,672
SUB_25228,SUB_25270,meso_SUB_25228_SUB_25270_fwd,1500.0,0.0,0.0,0,672
SUB_25228,SUB_25373,meso_SUB_25228_SUB_25373_fwd,1500.0,0.0,0.0,0,672
SUB_15256,SUB_15246,meso_SUB_15256_SUB_15246_rev,600.0,0.0,0.0,0,672
SUB_15256,SUB_15258,meso_SUB_15256_SUB_15258_fwd,600.0,6.889849789926451,62.68090769974227,0,672
SUB_25359,SUB_HIFLD_211,meso_SUB_25359_SUB_HIFLD_211_fwd,1500.0,4.795090763509053,15.272344171401121,0,672
SUB_15216,SUB_15246,meso_SUB_15216_SUB_15246_fwd,62.85071521919287,0.0,0.0,0,672
SUB_08231,SUB_08201,meso_SUB_08231_SUB_08201_rev,600.0,0.0,0.0,0,672
SUB_08231,SUB_08202,meso_SUB_08231_SUB_08202_rev,600.0,0.0,0.0,0,672
SUB_06359,SUB_04205,meso_SUB_06359_SUB_04205_rev,4000.0,0.0,0.0,0,672
SUB_06359,SUB_04230,meso_SUB_06359_SUB_04230_rev,4000.0,0.0,0.0,0,672
SUB_06359,SUB_04325,meso_SUB_06359_SUB_04325_rev,4000.0,0.0,0.0,0,672
SUB_06359,SUB_04337,meso_SUB_06359_SUB_04337_rev,4000.0,0.0,0.0,0,672
SUB_06359,SUB_06312,meso_SUB_06359_SUB_06312_rev,4000.0,0.08615610506304965,10.54306928642955,0,672
SUB_06359,SUB_06364,meso_SUB_06359_SUB_06364_fwd,4000.0,0.0,0.0,0,672
SUB_06359,SUB_06368,meso_SUB_06359_SUB_06368_fwd,1500.0,38.08044585004642,115.87558332299982,0,672
SUB_06359,SUB_HIFLD_30,meso_SUB_06359_SUB_HIFLD_30_fwd,15000.0,0.0,0.0,0,672
SUB_06359,SUB_HIFLD_3784,meso_SUB_06359_SUB_HIFLD_3784_fwd,4000.0,0.0,0.0,0,672
SUB_06359,SUB_06206,meso_SUB_06359_SUB_06206_rev,422.494558976127,21.802527590928975,38.39141075729647,0,672
SUB_18201,SUB_08333,meso_SUB_18201_SUB_08333_rev,1200.0,6.489364860691976,10.1310749096428,0,672
SUB_18201,SUB_18207,meso_SUB_18201_SUB_18207_fwd,600.0,21.434281844979814,41.435307370416936,0,672
SUB_18201,SUB_18220,meso_SUB_18201_SUB_18220_fwd,600.0,18.741010132819785,33.631916250398554,0,672
SUB_18201,SUB_18226,meso_SUB_18201_SUB_18226_fwd,600.0,17.910353836953153,36.18072245088315,0,672
SUB_18201,SUB_18233,meso_SUB_18201_SUB_18233_fwd,600.0,11.850114011694298,16.48729965367268,0,672
SUB_18201,SUB_18246,meso_SUB_18201_SUB_18246_fwd,1500.0,2.8698625058008864,5.275068460051546,0,672
SUB_18201,SUB_18249,meso_SUB_18201_SUB_18249_fwd,1500.0,3.0653483568159934,40.76605196108978,0,672
SUB_18201,SUB_18273,meso_SUB_18201_SUB_18273_fwd,600.0,14.9196685954078,20.330757613791956,0,672
SUB_18201,SUB_HIFLD_1195,meso_SUB_18201_SUB_HIFLD_1195_fwd,1500.0,0.0,0.0,0,672
SUB_10358,SUB_10284,meso_SUB_10358_SUB_10284_rev,600.0,0.0,0.0,0,672
SUB_10358,SUB_10334,meso_SUB_10358_SUB_10334_rev,600.0,0.0,0.0,0,672
SUB_10358,SUB_10348,meso_SUB_10358_SUB_10348_rev,600.0,0.0,0.0,0,672
SUB_04257,SUB_04209,meso_SUB_04257_SUB_04209_rev,600.0,0.0,0.0,0,672
SUB_04257,SUB_04256,meso_SUB_04257_SUB_04256_rev,600.0,0.0,0.0,0,672
SUB_04257,SUB_04215,meso_SUB_04257_SUB_04215_rev,600.0,0.0,0.0,0,672
SUB_19202,SUB_19218,meso_SUB_19202_SUB_19218_fwd,600.0,2.9131416424405345,7.267860396163777,0,672
SUB_19202,SUB_19243,meso_SUB_19202_SUB_19243_fwd,600.0,0.0,0.0,0,672
SUB_02404,SUB_02411,meso_SUB_02404_SUB_02411_fwd,600.0,5.244373683015198,17.42594298116331,0,672
SUB_02404,SUB_02419,meso_SUB_02404_SUB_02419_fwd,600.0,0.0,0.0,0,672
SUB_02259,SUB_02264,meso_SUB_02259_SUB_02264_fwd,50.0,0.0,0.0,0,672
SUB_16348,SUB_16230,meso_SUB_16348_SUB_16230_rev,600.0,20.670077689698374,34.51207437692636,0,672
SUB_16348,SUB_16237,meso_SUB_16348_SUB_16237_rev,3600.0,11.025303963742994,58.64692398813078,0,672
SUB_16348,SUB_16270,meso_SUB_16348_SUB_16270_rev,1500.0,4.101355450431231,59.208485019329906,0,672
SUB_16348,SUB_16321,meso_SUB_16348_SUB_16321_rev,1200.0,18.993711560949183,133.62513695227588,0,672
SUB_16348,SUB_16368,meso_SUB_16348_SUB_16368_fwd,5500.0,0.0,0.0,0,672
SUB_16348,SUB_16374,meso_SUB_16348_SUB_16374_fwd,600.0,0.002465379442679359,0.8218614874976197,0,672
SUB_16348,SUB_HIFLD_4426,meso_SUB_16348_SUB_HIFLD_4426_fwd,600.0,0.0,0.0,0,672
SUB_16348,SUB_HIFLD_982,meso_SUB_16348_SUB_HIFLD_982_fwd,4000.0,0.0,0.0,0,672
SUB_16348,SUB_HIFLD_30,meso_SUB_16348_SUB_HIFLD_30_fwd,8000.0,0.0,0.0,0,672
SUB_16348,WEC_CALN,iface_SUB_16348_WEC_CALN_to_ba,200.0,0.0,0.0,0,672
SUB_01204,SUB_01210,meso_SUB_01204_SUB_01210_fwd,1500.0,0.0,0.0,0,672
SUB_01204,SUB_01211,meso_SUB_01204_SUB_01211_fwd,1500.0,0.0,0.0,0,672
SUB_04227,SUB_04263,meso_SUB_04227_SUB_04263_fwd,600.0,0.00498988628546745,0.4017449749295068,0,672
SUB_04227,SUB_04330,meso_SUB_04227_SUB_04330_fwd,600.0,0.0,0.0,0,672
SUB_04227,SUB_04349,meso_SUB_04227_SUB_04349_fwd,600.0,0.0,0.0,0,672
SUB_10340,WEC_BANC,iface_SUB_10340_WEC_BANC_to_ba,131.47840326892245,0.0,0.0,0,672
SUB_16329,SUB_16270,meso_SUB_16329_SUB_16270_rev,1500.0,0.32119481667304295,27.150802425582587,0,672
SUB_16329,SUB_HIFLD_30,meso_SUB_16329_SUB_HIFLD_30_fwd,1500.0,0.0,0.0,0,672
SUB_01315,SUB_01214,meso_SUB_01315_SUB_01214_rev,1200.0,0.0,0.0,0,672
SUB_01315,SUB_01423,meso_SUB_01315_SUB_01423_fwd,1200.0,0.0,0.0,0,672
SUB_01315,SUB_01435,meso_SUB_01315_SUB_01435_fwd,600.0,0.0,0.0,0,672
SUB_01315,SUB_01450,meso_SUB_01315_SUB_01450_fwd,1200.0,0.11783499495557274,45.22053927651551,0,672
SUB_10217,SUB_10308,meso_SUB_10217_SUB_10308_fwd,1500.0,0.2980536849612281,1.456297607421875,0,672
SUB_04329,SUB_04202,meso_SUB_04329_SUB_04202_rev,1500.0,0.0,0.0,0,672
SUB_04329,SUB_04272,meso_SUB_04329_SUB_04272_rev,1500.0,0.0,0.0,0,672
SUB_04329,SUB_04343,meso_SUB_04329_SUB_04343_fwd,1500.0,0.0,0.0,0,672
SUB_02406,SUB_02272,meso_SUB_02406_SUB_02272_rev,600.0,0.0,0.0,0,672
SUB_02406,SUB_02414,meso_SUB_02406_SUB_02414_fwd,1200.0,0.0,0.0,0,672
SUB_02406,SUB_HIFLD_3834,meso_SUB_02406_SUB_HIFLD_3834_fwd,600.0,0.0,0.0,0,672
SUB_02410,SUB_02281,meso_SUB_02410_SUB_02281_rev,600.0,0.0,0.0,0,672
SUB_02410,SUB_02411,meso_SUB_02410_SUB_02411_fwd,600.0,0.0,0.0,0,672
SUB_16372,SUB_16362,meso_SUB_16372_SUB_16362_rev,600.0,1.4437157624565375,16.242358650128864,0,672
SUB_16372,SUB_16368,meso_SUB_16372_SUB_16368_rev,600.0,0.0,0.0,0,672
SUB_16372,SUB_16370,meso_SUB_16372_SUB_16370_rev,600.0,0.631186033734063,6.069807103737114,0,672
SUB_04265,SUB_04205,meso_SUB_04265_SUB_04205_fwd,412.4054817635174,0.0,0.0,0,672
SUB_25266,SUB_25217,meso_SUB_25266_SUB_25217_rev,600.0,1.9794076587186733,15.636361863815203,0,672
SUB_08304,SUB_18358,meso_SUB_08304_SUB_18358_fwd,50.0,0.0,0.0,0,672
SUB_10335,SUB_10254,meso_SUB_10335_SUB_10254_rev,600.0,0.5899639611085157,5.541959971005155,0,672
SUB_10335,SUB_10360,meso_SUB_10335_SUB_10360_fwd,1200.0,0.0,0.0,0,672
SUB_10335,SUB_HIFLD_4403,meso_SUB_10335_SUB_HIFLD_4403_fwd,600.0,0.0,0.0,0,672
SUB_18296,SUB_18235,meso_SUB_18296_SUB_18235_fwd,169.79831529595242,0.0,0.0,0,672
SUB_01250,SUB_01252,meso_SUB_01250_SUB_01252_fwd,600.0,5.041931115358478,8.926970516448065,0,672
SUB_01250,SUB_01335,meso_SUB_01250_SUB_01335_fwd,600.0,4.1527493255583625,6.7565401715581075,0,672
SUB_01250,SUB_01467,meso_SUB_01250_SUB_01467_fwd,3000.0,0.0,0.0,0,672
SUB_01250,SUB_04204,meso_SUB_01250_SUB_04204_fwd,1500.0,0.0,0.0,0,672
SUB_01250,SUB_01434,meso_SUB_01250_SUB_01434_fwd,1500.0,12.75423076931144,20.238273195876285,0,672
SUB_06202,SUB_06207,meso_SUB_06202_SUB_06207_fwd,600.0,0.0,0.0,0,672
SUB_06202,SUB_06283,meso_SUB_06202_SUB_06283_fwd,600.0,0.0,0.0,0,672
SUB_06202,SUB_06288,meso_SUB_06202_SUB_06288_fwd,600.0,0.005665184199383674,0.04089414458913902,0,672
SUB_10360,SUB_10335,meso_SUB_10360_SUB_10335_rev,1200.0,2.8843935132776957,8.41972528076172,0,672
SUB_16311,SUB_16274,meso_SUB_16311_SUB_16274_rev,600.0,6.102234250028212,23.79002261462193,0,672
SUB_25238,SUB_25216,meso_SUB_25238_SUB_25216_rev,600.0,0.0,0.0,0,672
SUB_08226,SUB_08201,meso_SUB_08226_SUB_08201_rev,1500.0,0.0,0.0,0,672
SUB_08226,SUB_08225,meso_SUB_08226_SUB_08225_rev,1500.0,0.5740228978692131,27.781948695231964,0,672
SUB_08226,SUB_08370,meso_SUB_08226_SUB_08370_fwd,1500.0,0.4550820078353424,43.2299331507732,0,672
SUB_08226,SUB_HIFLD_2109,meso_SUB_08226_SUB_HIFLD_2109_fwd,1500.0,0.0,0.0,0,672
SUB_08226,SUB_HIFLD_2126,meso_SUB_08226_SUB_HIFLD_2126_fwd,1500.0,0.0,0.0,0,672
SUB_08226,SUB_08380,meso_SUB_08226_SUB_08380_fwd,1500.0,0.0,0.0,0,672
SUB_25340,SUB_25537,meso_SUB_25340_SUB_25537_fwd,1500.0,0.005726999886906609,0.1491032291842999,0,672
SUB_25340,SUB_HIFLD_211,meso_SUB_25340_SUB_HIFLD_211_fwd,1500.0,0.0,0.0,0,672
SUB_04275,SUB_04256,meso_SUB_04275_SUB_04256_rev,1200.0,0.0,0.0,0,672
SUB_04331,SUB_04214,meso_SUB_04331_SUB_04214_rev,600.0,0.0,0.0,0,672
SUB_04331,SUB_04271,meso_SUB_04331_SUB_04271_rev,600.0,0.0,0.0,0,672
SUB_04331,SUB_04282,meso_SUB_04331_SUB_04282_rev,1200.0,0.0,0.0,0,672
SUB_04331,SUB_04336,meso_SUB_04331_SUB_04336_fwd,1200.0,0.0,0.0,0,672
SUB_16366,SUB_16283,meso_SUB_16366_SUB_16283_rev,3000.0,0.0,0.0,0,672
SUB_16366,SUB_16335,meso_SUB_16366_SUB_16335_rev,1500.0,31.526143945591393,91.8899710206375,0,672
SUB_25349,SUB_25246,meso_SUB_25349_SUB_25246_rev,3000.0,7.1172236446023005,20.73983368234536,0,672
SUB_25349,SUB_25458,meso_SUB_25349_SUB_25458_fwd,1500.0,0.0,0.0,0,672
SUB_25349,SUB_25526,meso_SUB_25349_SUB_25526_fwd,2300.0,0.0,0.0,0,672
SUB_25398,SUB_25539,meso_SUB_25398_SUB_25539_fwd,192.17110358198553,0.0,0.0,0,672
SUB_25537,SUB_25231,meso_SUB_25537_SUB_25231_rev,800.0,0.0,0.0,0,672
SUB_25537,SUB_25245,meso_SUB_25537_SUB_25245_rev,1500.0,24.181754088051342,90.31686867645573,0,672
SUB_25537,SUB_25340,meso_SUB_25537_SUB_25340_rev,1500.0,0.0,0.0,0,672
SUB_25537,SUB_25464,meso_SUB_25537_SUB_25464_rev,2200.0,0.0,0.0,0,672
SUB_25537,SUB_HIFLD_211,meso_SUB_25537_SUB_HIFLD_211_fwd,1500.0,0.0,0.0,0,672
SUB_25537,SUB_25404,meso_SUB_25537_SUB_25404_rev,72.1309451568815,3.1487821621106074,7.14008759175498,0,672
SUB_15373,SUB_15201,meso_SUB_15373_SUB_15201_rev,600.0,0.0,0.0,0,672
SUB_15373,SUB_15215,meso_SUB_15373_SUB_15215_rev,600.0,0.0,0.0,0,672
SUB_06380,SUB_01467,meso_SUB_06380_SUB_01467_rev,1500.0,0.0,0.0,0,672
SUB_06380,SUB_04204,meso_SUB_06380_SUB_04204_rev,1500.0,0.0,0.0,0,672
SUB_06380,SUB_04248,meso_SUB_06380_SUB_04248_rev,3000.0,0.0,0.0,0,672
SUB_06380,SUB_04328,meso_SUB_06380_SUB_04328_rev,1500.0,7.788231492068744,25.106989074830285,0,672
SUB_06380,SUB_06270,meso_SUB_06380_SUB_06270_rev,1500.0,0.0,0.0,0,672
SUB_06380,SUB_06213,meso_SUB_06380_SUB_06213_rev,1500.0,1.8378156991368362,28.872419019447037,0,672
SUB_18237,SUB_18273,meso_SUB_18237_SUB_18273_fwd,600.0,0.0,0.0,0,672
SUB_18237,SUB_18294,meso_SUB_18237_SUB_18294_fwd,600.0,2.2636700687773623,3.1236572265625,0,672
SUB_04330,SUB_04215,meso_SUB_04330_SUB_04215_rev,1500.0,0.0,0.0,0,672
SUB_04330,SUB_04227,meso_SUB_04330_SUB_04227_rev,600.0,6.574208456450283,13.420328895894706,0,672
SUB_04330,SUB_04256,meso_SUB_04330_SUB_04256_rev,1500.0,0.0,0.0,0,672
SUB_04320,SUB_04221,meso_SUB_04320_SUB_04221_rev,600.0,0.0,0.0,0,672
SUB_04320,SUB_04229,meso_SUB_04320_SUB_04229_rev,600.0,0.0,0.0,0,672
SUB_04320,SUB_04248,meso_SUB_04320_SUB_04248_rev,600.0,0.0,0.0,0,672
SUB_10307,SUB_10297,meso_SUB_10307_SUB_10297_rev,1500.0,0.0,0.0,0,672
SUB_10307,SUB_10308,meso_SUB_10307_SUB_10308_fwd,3000.0,0.0,0.0,0,672
SUB_10307,SUB_10205,meso_SUB_10307_SUB_10205_rev,1500.0,4.496897916250923,10.291461929603896,0,672
SUB_25444,SUB_25235,meso_SUB_25444_SUB_25235_fwd,615.0,2.430860557746948,42.0564267578125,0,672
SUB_16319,SUB_16368,meso_SUB_16319_SUB_16368_fwd,1500.0,0.0,0.0,0,672
SUB_16319,SUB_16378,meso_SUB_16319_SUB_16378_fwd,1500.0,0.0,0.0,0,672
SUB_16319,SUB_16298,meso_SUB_16319_SUB_16298_rev,1500.0,0.0,0.0,0,672
SUB_04335,SUB_04295,meso_SUB_04335_SUB_04295_rev,1500.0,0.0,0.0,0,672
SUB_04335,SUB_04319,meso_SUB_04335_SUB_04319_rev,1500.0,0.0,0.0,0,672
SUB_04212,SUB_04263,meso_SUB_04212_SUB_04263_fwd,600.0,0.0,0.0,0,672
SUB_04212,SUB_04337,meso_SUB_04212_SUB_04337_fwd,600.0,0.0,0.0,0,672
SUB_25400,SUB_25355,meso_SUB_25400_SUB_25355_rev,3000.0,6.037514062884666,74.16600915554443,0,672
SUB_25400,SUB_HIFLD_3503,meso_SUB_25400_SUB_HIFLD_3503_fwd,1500.0,0.0,0.0,0,672
SUB_25400,SUB_25217,meso_SUB_25400_SUB_25217_rev,3000.0,18.145731404993327,86.86653913728459,0,672
SUB_18255,SUB_18254,meso_SUB_18255_SUB_18254_rev,600.0,0.0,0.0,0,672
SUB_18255,SUB_18280,meso_SUB_18255_SUB_18280_fwd,600.0,0.0,0.0,0,672
SUB_18255,SUB_18307,meso_SUB_18255_SUB_18307_fwd,600.0,4.9552052197763015,7.227120751449743,0,672
SUB_08234,SUB_HIFLD_1020,meso_SUB_08234_SUB_HIFLD_1020_fwd,3000.0,0.0,0.0,0,672
SUB_16328,SUB_16223,meso_SUB_16328_SUB_16223_rev,600.0,0.0,0.0,0,672
SUB_16328,SUB_16368,meso_SUB_16328_SUB_16368_fwd,600.0,0.0,0.0,0,672
SUB_16328,SUB_HIFLD_4330,meso_SUB_16328_SUB_HIFLD_4330_fwd,600.0,0.37065234214696574,0.5651981943661405,0,672
SUB_15230,SUB_15232,meso_SUB_15230_SUB_15232_fwd,600.0,30.046262362536762,93.45486065673828,0,672
SUB_15230,SUB_15243,meso_SUB_15230_SUB_15243_fwd,600.0,6.120661243044214,58.098926167025745,0,672
SUB_10320,SUB_15374,meso_SUB_10320_SUB_15374_fwd,600.0,26.162841364685967,69.01026068115235,0,672
SUB_10284,SUB_10211,meso_SUB_10284_SUB_10211_rev,600.0,0.0,0.0,0,672
SUB_10284,SUB_10358,meso_SUB_10284_SUB_10358_fwd,600.0,1.3958362111169798,2.81852775652384,0,672
SUB_16302,SUB_16208,meso_SUB_16302_SUB_16208_rev,600.0,2.7994749296747354,4.959126832313145,0,672
SUB_16302,SUB_16242,meso_SUB_16302_SUB_16242_rev,600.0,0.0,0.0,0,672
SUB_15281,SUB_15215,meso_SUB_15281_SUB_15215_rev,600.0,30.27547790519333,142.53932628586657,0,672
SUB_15281,SUB_15379,meso_SUB_15281_SUB_15379_fwd,1200.0,0.0,0.0,0,672
SUB_15224,SUB_15228,meso_SUB_15224_SUB_15228_fwd,600.0,1.2897949398379733,9.055117388853093,0,672
SUB_15224,SUB_15246,meso_SUB_15224_SUB_15246_fwd,600.0,0.0,0.0,0,672
SUB_15224,SUB_15249,meso_SUB_15224_SUB_15249_fwd,600.0,0.0,0.0,0,672
SUB_25289,SUB_25316,meso_SUB_25289_SUB_25316_fwd,800.0,0.0,0.0,0,672
SUB_25289,SUB_25344,meso_SUB_25289_SUB_25344_fwd,600.0,0.8913089734767221,7.688336622100515,0,672
SUB_25289,SUB_25366,meso_SUB_25289_SUB_25366_fwd,1200.0,0.03635382932418423,3.74664315427851,0,672
SUB_25289,SUB_25367,meso_SUB_25289_SUB_25367_fwd,3000.0,33.97603490799146,117.5323756218183,0,672
SUB_10293,SUB_10260,meso_SUB_10293_SUB_10260_rev,4000.0,71.96791839088326,161.21541755827016,0,672
SUB_10293,SUB_10314,meso_SUB_10293_SUB_10314_fwd,8000.0,9.017950900570018,21.08499323297155,0,672
SUB_10293,SUB_10326,meso_SUB_10293_SUB_10326_fwd,1200.0,5.073804800965989,13.305829172036084,0,672
SUB_10293,SUB_10344,meso_SUB_10293_SUB_10344_fwd,1500.0,2.392408141322385,34.28289697055919,0,672
SUB_10293,SUB_10346,meso_SUB_10293_SUB_10346_fwd,1500.0,0.45828909370673304,9.579893886920104,0,672
SUB_10293,SUB_10353,meso_SUB_10293_SUB_10353_fwd,1200.0,0.4646981871141762,8.16744738391463,0,672
SUB_10293,SUB_10354,meso_SUB_10293_SUB_10354_fwd,600.0,14.503067178403155,26.74163579252577,0,672
SUB_10293,SUB_10372,meso_SUB_10293_SUB_10372_fwd,4000.0,0.014751422404702973,9.912955855960398,0,672
SUB_10293,SUB_HIFLD_1086,meso_SUB_10293_SUB_HIFLD_1086_fwd,8000.0,0.0,0.0,0,672
SUB_10293,SUB_HIFLD_2171,meso_SUB_10293_SUB_HIFLD_2171_fwd,1500.0,0.0,0.0,0,672
SUB_10293,SUB_HIFLD_2359,meso_SUB_10293_SUB_HIFLD_2359_fwd,1500.0,2.591037853628964,4.985996618928686,0,672
SUB_10293,SUB_10332,meso_SUB_10293_SUB_10332_fwd,12000.0,0.01326238550739541,0.94940732975596,0,672
SUB_10293,SUB_19243,meso_SUB_10293_SUB_19243_fwd,1500.0,29.91498873837771,69.4062935770814,0,672
SUB_10293,SUB_19246,meso_SUB_10293_SUB_19246_fwd,1500.0,7.6075472648209885,26.390648910410224,0,672
SUB_10293,SUB_HIFLD_2180,meso_SUB_10293_SUB_HIFLD_2180_fwd,1500.0,3.631278246872026,14.487012999987684,0,672
SUB_10293,SUB_HIFLD_2470,meso_SUB_10293_SUB_HIFLD_2470_fwd,4000.0,0.0,0.0,0,672
SUB_10293,SUB_HIFLD_3784,meso_SUB_10293_SUB_HIFLD_3784_fwd,4000.0,59.71320332242348,256.9210020463719,0,672
SUB_10293,WEC_CALN,iface_SUB_10293_WEC_CALN_to_ba,200.0,90.16318111824157,200.0,268,672
SUB_15258,SUB_15206,meso_SUB_15258_SUB_15206_rev,1200.0,0.0,0.0,0,672
SUB_15258,SUB_15256,meso_SUB_15258_SUB_15256_rev,600.0,0.0,0.0,0,672
SUB_08353,SUB_08283,meso_SUB_08353_SUB_08283_rev,1500.0,0.0,0.0,0,672
SUB_08353,SUB_08339,meso_SUB_08353_SUB_08339_rev,1500.0,0.0,0.0,0,672
SUB_08353,SUB_08391,meso_SUB_08353_SUB_08391_fwd,1500.0,0.0,0.0,0,672
SUB_08353,SUB_08219,meso_SUB_08353_SUB_08219_rev,1500.0,0.0,0.0,0,672
SUB_25532,SUB_25282,meso_SUB_25532_SUB_25282_rev,800.0,0.0,0.0,0,672
SUB_25532,SUB_25339,meso_SUB_25532_SUB_25339_rev,600.0,0.0,0.0,0,672
SUB_25532,SUB_25342,meso_SUB_25532_SUB_25342_rev,800.0,0.0,0.0,0,672
SUB_02257,SUB_02210,meso_SUB_02257_SUB_02210_rev,3000.0,0.0,0.0,0,672
SUB_02257,SUB_HIFLD_2049,meso_SUB_02257_SUB_HIFLD_2049_fwd,3000.0,0.0,0.0,0,672
SUB_01435,SUB_01222,meso_SUB_01435_SUB_01222_rev,1500.0,4.25519241286146,91.44624564116955,0,672
SUB_01435,SUB_01315,meso_SUB_01435_SUB_01315_rev,600.0,4.213249639287234,40.99670756446972,0,672
SUB_01435,SUB_HIFLD_1406,meso_SUB_01435_SUB_HIFLD_1406_fwd,1500.0,0.0,0.0,0,672
SUB_01435,SUB_HIFLD_982,meso_SUB_01435_SUB_HIFLD_982_fwd,1500.0,0.0,0.0,0,672
SUB_04314,SUB_04271,meso_SUB_04314_SUB_04271_fwd,135.77784530380814,0.0,0.0,0,672
SUB_25407,SUB_25277,meso_SUB_25407_SUB_25277_rev,1500.0,0.20680051315877077,21.14564674613402,0,672
SUB_25407,SUB_25297,meso_SUB_25407_SUB_25297_rev,800.0,2.2938441307074275,40.03067453573929,0,672
SUB_25407,SUB_25391,meso_SUB_25407_SUB_25391_rev,3000.0,13.749243598093152,46.21968427835052,0,672
SUB_25407,SUB_25526,meso_SUB_25407_SUB_25526_fwd,4000.0,0.0,0.0,0,672
SUB_25407,WEC_CALN,iface_SUB_25407_WEC_CALN_to_ba,6700.0,1.487803781924504,40.47569427343045,0,672
SUB_18263,SUB_18254,meso_SUB_18263_SUB_18254_rev,600.0,85.62423897425693,152.60578940411582,0,672
SUB_18263,SUB_18260,meso_SUB_18263_SUB_18260_rev,1500.0,7.825769974826069,38.401957152061854,0,672
SUB_18263,SUB_18267,meso_SUB_18263_SUB_18267_fwd,1500.0,13.440804955081552,131.29344394329894,0,672
SUB_18263,SUB_18295,meso_SUB_18263_SUB_18295_fwd,1500.0,0.012482505202820095,4.194584356878222,0,672
SUB_18263,SUB_18301,meso_SUB_18263_SUB_18301_fwd,1600.0,0.0,0.0,0,672
SUB_18263,SUB_25255,meso_SUB_18263_SUB_25255_fwd,4500.0,1.7424594826143758,124.03634025581408,0,672
SUB_18263,SUB_18258,meso_SUB_18263_SUB_18258_rev,800.0,5.7861516576771495,9.622032253911232,0,672
SUB_06213,SUB_06270,meso_SUB_06213_SUB_06270_fwd,1500.0,1.509746300207742,27.87873987926137,0,672
SUB_06213,SUB_06380,meso_SUB_06213_SUB_06380_fwd,1500.0,10.533698984549003,24.263018998579547,0,672
SUB_25545,SUB_25395,meso_SUB_25545_SUB_25395_fwd,460.0,1.3975665341331844,33.4628828125,0,672
SUB_16391,SUB_16242,meso_SUB_16391_SUB_16242_rev,4000.0,0.0,0.0,0,672
SUB_16391,SUB_HIFLD_1395,meso_SUB_16391_SUB_HIFLD_1395_fwd,4000.0,0.0,0.0,0,672
SUB_16391,SUB_HIFLD_30,meso_SUB_16391_SUB_HIFLD_30_fwd,4000.0,0.0,0.0,0,672
SUB_16391,SUB_HIFLD_597,meso_SUB_16391_SUB_HIFLD_597_fwd,4000.0,0.0,0.0,0,672
SUB_16391,WEC_CALN,iface_SUB_16391_WEC_CALN_to_ba,20000.0,0.0,0.0,0,672
SUB_15226,SUB_15308,meso_SUB_15226_SUB_15308_fwd,1500.0,0.0,0.0,0,672
SUB_15226,SUB_HIFLD_597,meso_SUB_15226_SUB_HIFLD_597_fwd,3000.0,0.0,0.0,0,672
SUB_25286,SUB_25365,meso_SUB_25286_SUB_25365_fwd,1500.0,0.0,0.0,0,672
SUB_25286,SUB_25458,meso_SUB_25286_SUB_25458_fwd,1500.0,0.0,0.0,0,672
SUB_25286,SUB_25456,meso_SUB_25286_SUB_25456_rev,156.12131274744092,9.883577901102964,16.03189316213492,0,672
SUB_10372,SUB_10293,meso_SUB_10372_SUB_10293_rev,4000.0,2.8615728259875235,71.95932610696472,0,672
SUB_10372,SUB_10349,meso_SUB_10372_SUB_10349_rev,600.0,0.0,0.0,0,672
SUB_10372,SUB_10355,meso_SUB_10372_SUB_10355_rev,600.0,0.0,0.0,0,672
SUB_10372,SUB_10373,meso_SUB_10372_SUB_10373_fwd,4000.0,0.7807698536340547,1.1438017225757087,0,672
SUB_10372,SUB_HIFLD_1294,meso_SUB_10372_SUB_HIFLD_1294_fwd,4000.0,0.0,0.0,0,672
SUB_10372,SUB_HIFLD_1862,meso_SUB_10372_SUB_HIFLD_1862_rev,66.5816923968447,1.7372966621015198,3.8154880030172196,0,672
SUB_10372,WEC_CALN,iface_SUB_10372_WEC_CALN_to_ba,14733.418307603153,134.63572504035946,352.78175505037825,0,672
SUB_04209,SUB_04256,meso_SUB_04209_SUB_04256_fwd,600.0,0.0,0.0,0,672
SUB_04209,SUB_04257,meso_SUB_04209_SUB_04257_fwd,600.0,0.0,0.0,0,672
SUB_04209,SUB_04281,meso_SUB_04209_SUB_04281_fwd,600.0,14.784448082714501,21.870271892391013,0,672
SUB_16312,SUB_16242,meso_SUB_16312_SUB_16242_rev,600.0,0.0,0.0,0,672
SUB_16312,SUB_16330,meso_SUB_16312_SUB_16330_fwd,600.0,0.0,0.0,0,672
SUB_16312,SUB_16362,meso_SUB_16312_SUB_16362_fwd,600.0,9.32272359402951,19.21629550579897,0,672
SUB_10291,SUB_10252,meso_SUB_10291_SUB_10252_rev,600.0,0.0,0.0,0,672
SUB_10291,SUB_10375,meso_SUB_10291_SUB_10375_fwd,1500.0,0.0,0.0,0,672
SUB_10291,SUB_10283,meso_SUB_10291_SUB_10283_rev,1500.0,0.29887420850213153,38.36446562101833,0,672
SUB_10291,SUB_10319,meso_SUB_10291_SUB_10319_rev,54.80746609466204,2.835378551529972,5.359509906572165,0,672
SUB_01209,SUB_HIFLD_28,meso_SUB_01209_SUB_HIFLD_28_fwd,1500.0,0.0,0.0,0,672
SUB_01209,SUB_HIFLD_2989,meso_SUB_01209_SUB_HIFLD_2989_fwd,1500.0,0.0,0.0,0,672
SUB_02401,SUB_02419,meso_SUB_02401_SUB_02419_fwd,3000.0,0.0,0.0,0,672
SUB_02401,SUB_02426,meso_SUB_02401_SUB_02426_fwd,1500.0,0.0,0.0,0,672
SUB_02401,SUB_02403,meso_SUB_02401_SUB_02403_fwd,600.0,0.0,0.0,0,672
SUB_06317,SUB_06203,meso_SUB_06317_SUB_06203_rev,1500.0,0.0,0.0,0,672
SUB_06317,SUB_06319,meso_SUB_06317_SUB_06319_fwd,3000.0,5.490265244646404,15.422660277061858,0,672
SUB_06317,SUB_06368,meso_SUB_06317_SUB_06368_fwd,3000.0,0.0,0.0,0,672
SUB_08387,SUB_HIFLD_2109,meso_SUB_08387_SUB_HIFLD_2109_fwd,1500.0,0.0,0.0,0,672
SUB_01222,SUB_01223,meso_SUB_01222_SUB_01223_fwd,5500.0,0.0,0.0,0,672
SUB_01222,SUB_01435,meso_SUB_01222_SUB_01435_fwd,1500.0,0.0,0.0,0,672
SUB_01222,SUB_01447,meso_SUB_01222_SUB_01447_fwd,1500.0,9.626887533459783,70.78990818298969,0,672
SUB_01222,SUB_01472,meso_SUB_01222_SUB_01472_fwd,1500.0,65.5930057631501,109.20048552344727,0,672
SUB_01222,SUB_08342,meso_SUB_01222_SUB_08342_fwd,3000.0,76.22313918917371,105.07683946345536,0,672
SUB_01222,SUB_08390,meso_SUB_01222_SUB_08390_fwd,1500.0,17.23910562308007,95.67399524287752,0,672
SUB_01222,SUB_HIFLD_10,meso_SUB_01222_SUB_HIFLD_10_fwd,1500.0,0.0,0.0,0,672
SUB_01222,SUB_HIFLD_1423,meso_SUB_01222_SUB_HIFLD_1423_fwd,3000.0,1.7218585898295626,7.980506488136359,0,672
SUB_01222,SUB_HIFLD_2121,meso_SUB_01222_SUB_HIFLD_2121_fwd,3000.0,36.17851813904695,52.60073215485099,0,672
SUB_01222,SUB_HIFLD_3025,meso_SUB_01222_SUB_HIFLD_3025_fwd,3000.0,34.854689392705055,108.1096044592278,0,672
SUB_01222,SUB_01350,meso_SUB_01222_SUB_01350_fwd,1500.0,11.763996141130113,86.06429606958766,0,672
SUB_01222,SUB_01409,meso_SUB_01222_SUB_01409_fwd,8000.0,0.0,0.0,0,672
SUB_01222,SUB_01440,meso_SUB_01222_SUB_01440_fwd,8000.0,0.0,0.0,0,672
SUB_01222,SUB_01450,meso_SUB_01222_SUB_01450_fwd,4000.0,53.89942254713668,94.84149054325479,0,672
SUB_01222,SUB_01469,meso_SUB_01222_SUB_01469_fwd,4000.0,0.0,0.0,0,672
SUB_01222,SUB_08246,meso_SUB_01222_SUB_08246_fwd,3000.0,1.0873619694713113,32.19677432345361,0,672
SUB_01222,SUB_08283,meso_SUB_01222_SUB_08283_fwd,3000.0,95.53797074627533,200.61569383369647,0,672
SUB_01222,SUB_08361,meso_SUB_01222_SUB_08361_fwd,1500.0,64.32403823784523,86.14046391752576,0,672
SUB_01222,SUB_16261,meso_SUB_01222_SUB_16261_fwd,1500.0,0.0,0.0,0,672
SUB_01222,SUB_HIFLD_1020,meso_SUB_01222_SUB_HIFLD_1020_fwd,4000.0,0.0,0.0,0,672
SUB_01222,SUB_HIFLD_2117,meso_SUB_01222_SUB_HIFLD_2117_fwd,1500.0,0.22220220625896214,18.78393801206566,0,672
SUB_01222,SUB_HIFLD_30,meso_SUB_01222_SUB_HIFLD_30_fwd,8000.0,0.0,0.0,0,672
SUB_01222,SUB_HIFLD_3523,meso_SUB_01222_SUB_HIFLD_3523_fwd,1500.0,0.0,0.0,0,672
SUB_01222,WEC_CALN,iface_SUB_01222_WEC_CALN_to_ba,200.0,0.0,0.0,0,672
SUB_01223,SUB_01214,meso_SUB_01223_SUB_01214_rev,1200.0,4.879963201159118,15.177052794780927,0,672
SUB_01223,SUB_01222,meso_SUB_01223_SUB_01222_rev,5500.0,6.187643274320624,220.83808423602338,0,672
SUB_01223,SUB_01350,meso_SUB_01223_SUB_01350_fwd,1500.0,53.671430772970744,92.04110019329899,0,672
SUB_01223,SUB_01409,meso_SUB_01223_SUB_01409_fwd,4000.0,0.0,0.0,0,672
SUB_01223,SUB_01423,meso_SUB_01223_SUB_01423_fwd,16000.0,0.0,0.0,0,672
SUB_01223,SUB_01440,meso_SUB_01223_SUB_01440_fwd,4000.0,0.0,0.0,0,672
SUB_01223,SUB_HIFLD_1020,meso_SUB_01223_SUB_HIFLD_1020_fwd,8000.0,0.0,0.0,0,672
SUB_01223,SUB_HIFLD_1195,meso_SUB_01223_SUB_HIFLD_1195_fwd,19000.0,0.0,0.0,0,672
SUB_01223,SUB_HIFLD_30,meso_SUB_01223_SUB_HIFLD_30_fwd,4000.0,0.0,0.0,0,672
SUB_01223,SUB_HIFLD_1432,meso_SUB_01223_SUB_HIFLD_1432_fwd,4000.0,0.0,0.0,0,672
SUB_01223,WEC_CALN,iface_SUB_01223_WEC_CALN_to_ba,200.0,0.0,0.0,0,672
SUB_04319,SUB_04295,meso_SUB_04319_SUB_04295_rev,1500.0,0.0,0.0,0,672
SUB_04319,SUB_04336,meso_SUB_04319_SUB_04336_fwd,1500.0,0.0,0.0,0,672
SUB_04319,SUB_04335,meso_SUB_04319_SUB_04335_fwd,1500.0,0.9568995472491811,11.354858650128868,0,672
SUB_04319,SUB_06312,meso_SUB_04319_SUB_06312_fwd,1500.0,0.0,0.0,0,672
SUB_19215,SUB_19229,meso_SUB_19215_SUB_19229_fwd,600.0,0.0,0.0,0,672
SUB_19215,SUB_19233,meso_SUB_19215_SUB_19233_fwd,600.0,1.0415173865845904,12.551748809415503,0,672
SUB_19215,SUB_19238,meso_SUB_19215_SUB_19238_rev,84.90338119886425,5.953783326858273,8.59076393363402,0,672
SUB_10221,SUB_10225,meso_SUB_10221_SUB_10225_fwd,4000.0,2.15841002508904,87.61963607197141,0,672
SUB_10221,SUB_HIFLD_1077,meso_SUB_10221_SUB_HIFLD_1077_fwd,4000.0,0.0,0.0,0,672
SUB_10221,SUB_HIFLD_1324,meso_SUB_10221_SUB_HIFLD_1324_fwd,4000.0,32.428108524873764,88.2832494354248,0,672
SUB_25221,SUB_25270,meso_SUB_25221_SUB_25270_fwd,800.0,0.0,0.0,0,672
SUB_25221,SUB_25276,meso_SUB_25221_SUB_25276_fwd,1600.0,0.0,0.0,0,672
SUB_10345,SUB_10338,meso_SUB_10345_SUB_10338_rev,600.0,0.9357816895609927,1.3545882077561209,0,672
SUB_10345,SUB_10356,meso_SUB_10345_SUB_10356_fwd,600.0,3.896150949110163,7.2054944225193305,0,672
SUB_10345,SUB_HIFLD_1303,meso_SUB_10345_SUB_HIFLD_1303_fwd,4000.0,0.0,0.0,0,672
SUB_10345,SUB_HIFLD_2469,meso_SUB_10345_SUB_HIFLD_2469_fwd,4000.0,0.0,0.0,0,672
SUB_08370,SUB_08201,meso_SUB_08370_SUB_08201_rev,3000.0,0.0,0.0,0,672
SUB_08370,SUB_08226,meso_SUB_08370_SUB_08226_rev,1500.0,0.0,0.0,0,672
SUB_25205,SUB_25455,meso_SUB_25205_SUB_25455_fwd,4000.0,0.0,0.0,0,672
SUB_04302,SUB_04226,meso_SUB_04302_SUB_04226_rev,600.0,0.0,0.0,0,672
SUB_04302,SUB_04248,meso_SUB_04302_SUB_04248_rev,600.0,0.0,0.0,0,672
SUB_16313,SUB_16230,meso_SUB_16313_SUB_16230_fwd,183.7350131462945,0.0,0.0,0,672
SUB_15248,SUB_HIFLD_2456,meso_SUB_15248_SUB_HIFLD_2456_fwd,479.06318338389207,0.0,0.0,0,672
SUB_18301,SUB_18263,meso_SUB_18301_SUB_18263_rev,1600.0,131.79498409145083,365.210274756822,0,672
SUB_18301,SUB_18282,meso_SUB_18301_SUB_18282_rev,8000.0,41.16078539256655,314.5767598791353,0,672
SUB_18301,SUB_18295,meso_SUB_18301_SUB_18295_rev,1500.0,4.2023588855651655,6.108568580863402,0,672
SUB_18301,SUB_HIFLD_1444,meso_SUB_18301_SUB_HIFLD_1444_fwd,24000.0,0.3308610914155546,80.03227970940256,0,672
SUB_18301,SUB_HIFLD_3631,meso_SUB_18301_SUB_HIFLD_3631_fwd,1600.0,1.433565016605325,136.1620336189249,0,672
SUB_18301,SUB_25346,meso_SUB_18301_SUB_25346_fwd,8000.0,0.16460579098236577,0.452246345441366,0,672
SUB_18301,SUB_25393,meso_SUB_18301_SUB_25393_fwd,8000.0,2.803452046749648,164.34306834177053,0,672
SUB_18301,WEC_CALN,iface_SUB_18301_WEC_CALN_to_ba,200.0,67.48491428530346,200.0,164,672
SUB_16335,SUB_16366,meso_SUB_16335_SUB_16366_fwd,1500.0,0.0,0.0,0,672
SUB_16335,SUB_16378,meso_SUB_16335_SUB_16378_fwd,1500.0,3.3856912312819505,48.57570897257398,0,672
SUB_16335,SUB_16376,meso_SUB_16335_SUB_16376_fwd,1500.0,3.1284006650904908,11.54148180411541,0,672
SUB_01348,SUB_01311,meso_SUB_01348_SUB_01311_fwd,50.0,0.0,0.0,0,672
SUB_16365,SUB_16230,meso_SUB_16365_SUB_16230_rev,1200.0,0.0,0.0,0,672
SUB_16365,SUB_16315,meso_SUB_16365_SUB_16315_rev,600.0,0.0,0.0,0,672
SUB_10354,SUB_10293,meso_SUB_10354_SUB_10293_rev,600.0,0.0,0.0,0,672
SUB_25453,SUB_25234,meso_SUB_25453_SUB_25234_rev,1500.0,0.0,0.0,0,672
SUB_25453,SUB_25412,meso_SUB_25453_SUB_25412_rev,1500.0,0.0,0.0,0,672
SUB_15269,SUB_15232,meso_SUB_15269_SUB_15232_rev,1500.0,0.0,0.0,0,672
SUB_15269,SUB_15246,meso_SUB_15269_SUB_15246_rev,1500.0,3.2171262166684707,79.07093506813123,0,672
SUB_15269,SUB_15270,meso_SUB_15269_SUB_15270_fwd,3000.0,17.840283440720793,31.460164304123712,0,672
SUB_25396,SUB_25285,meso_SUB_25396_SUB_25285_rev,1500.0,0.0,0.0,0,672
SUB_08380,SUB_08389,meso_SUB_08380_SUB_08389_fwd,1500.0,0.0,0.0,0,672
SUB_08380,SUB_HIFLD_1020,meso_SUB_08380_SUB_HIFLD_1020_fwd,3000.0,0.0,0.0,0,672
SUB_08380,SUB_HIFLD_2126,meso_SUB_08380_SUB_HIFLD_2126_fwd,1500.0,0.0,0.0,0,672
SUB_08380,SUB_HIFLD_3263,meso_SUB_08380_SUB_HIFLD_3263_fwd,1500.0,0.27739726849847646,3.831534662934923,0,672
SUB_08380,SUB_08226,meso_SUB_08380_SUB_08226_rev,1500.0,58.3765558434641,112.21576478968596,0,672
SUB_08380,SUB_HIFLD_2117,meso_SUB_08380_SUB_HIFLD_2117_fwd,1500.0,0.0,0.0,0,672
SUB_08380,SUB_HIFLD_3170,meso_SUB_08380_SUB_HIFLD_3170_fwd,1500.0,0.1292296276176801,0.8260012911767074,0,672
SUB_25245,SUB_25280,meso_SUB_25245_SUB_25280_fwd,800.0,26.340424557317295,52.87955775789537,0,672
SUB_25245,SUB_25347,meso_SUB_25245_SUB_25347_fwd,600.0,0.0,0.0,0,672
SUB_25245,SUB_25537,meso_SUB_25245_SUB_25537_fwd,1500.0,0.0,0.0,0,672
SUB_25245,SUB_25539,meso_SUB_25245_SUB_25539_fwd,800.0,3.1439433184388226,28.904951490511085,0,672
SUB_25245,SUB_HIFLD_1845,meso_SUB_25245_SUB_HIFLD_1845_fwd,600.0,2.5740135253044465,51.042711950432704,0,672
SUB_25245,SUB_HIFLD_1851,meso_SUB_25245_SUB_HIFLD_1851_fwd,3000.0,0.0,0.0,0,672
SUB_25245,SUB_25354,meso_SUB_25245_SUB_25354_rev,86.03732224228722,3.3424050492139386,8.345528954574743,0,672
SUB_25272,SUB_25337,meso_SUB_25272_SUB_25337_fwd,800.0,8.10683282587138,57.61159337902217,0,672
SUB_25272,SUB_25364,meso_SUB_25272_SUB_25364_fwd,1500.0,0.01085001294228873,0.1728610795797761,0,672
SUB_25272,SUB_25458,meso_SUB_25272_SUB_25458_fwd,1500.0,5.502376966822025,78.65874505585687,0,672
SUB_25272,SUB_25526,meso_SUB_25272_SUB_25526_fwd,6000.0,0.0,0.0,0,672
SUB_25272,SUB_HIFLD_333,meso_SUB_25272_SUB_HIFLD_333_fwd,3000.0,0.0,0.0,0,672
SUB_25272,SUB_25277,meso_SUB_25272_SUB_25277_fwd,1500.0,1.1883677662292291,43.342605832422436,0,672
SUB_25272,SUB_25370,meso_SUB_25272_SUB_25370_fwd,1500.0,5.21738015913301,75.32254303980434,0,672
SUB_25272,SUB_25395,meso_SUB_25272_SUB_25395_fwd,1500.0,0.9864369770558035,37.31516098929841,0,672
SUB_19212,SUB_19233,meso_SUB_19212_SUB_19233_fwd,600.0,0.0,0.0,0,672
SUB_18203,SUB_18208,meso_SUB_18203_SUB_18208_fwd,600.0,0.0,0.0,0,672
SUB_18203,SUB_18219,meso_SUB_18203_SUB_18219_fwd,1200.0,4.668296189301732,11.05924828153533,0,672
SUB_18203,SUB_HIFLD_1874,meso_SUB_18203_SUB_HIFLD_1874_fwd,1200.0,0.0,0.0,0,672
SUB_15285,SUB_15201,meso_SUB_15285_SUB_15201_rev,600.0,24.27172656273371,38.34017259758775,0,672
SUB_15285,SUB_15375,meso_SUB_15285_SUB_15375_fwd,600.0,19.005674284228316,42.970658364207466,0,672
SUB_16242,SUB_16302,meso_SUB_16242_SUB_16302_fwd,600.0,4.7061128570934425,7.926066963811246,0,672
SUB_16242,SUB_16307,meso_SUB_16242_SUB_16307_fwd,600.0,0.0,0.0,0,672
SUB_16242,SUB_16312,meso_SUB_16242_SUB_16312_fwd,600.0,21.9733026450972,45.29623056350724,0,672
SUB_16242,SUB_16322,meso_SUB_16242_SUB_16322_fwd,600.0,0.7638655586272216,8.217688684973332,0,672
SUB_16242,SUB_16330,meso_SUB_16242_SUB_16330_fwd,1200.0,22.60890987918885,45.4430525917672,0,672
SUB_16242,SUB_16391,meso_SUB_16242_SUB_16391_fwd,4000.0,0.0,0.0,0,672
SUB_16242,SUB_HIFLD_30,meso_SUB_16242_SUB_HIFLD_30_fwd,4000.0,0.0,0.0,0,672
SUB_16242,WEC_CALN,iface_SUB_16242_WEC_CALN_to_ba,3800.0,0.0,0.0,0,672
SUB_10357,SUB_10353,meso_SUB_10357_SUB_10353_rev,600.0,0.014147023699532003,1.0834607046677434,0,672
SUB_25458,SUB_25272,meso_SUB_25458_SUB_25272_rev,1500.0,0.0,0.0,0,672
SUB_25458,SUB_25286,meso_SUB_25458_SUB_25286_rev,1500.0,15.324515632349925,48.9678877316855,0,672
SUB_25458,SUB_25349,meso_SUB_25458_SUB_25349_rev,1500.0,0.0,0.0,0,672
SUB_25458,SUB_25526,meso_SUB_25458_SUB_25526_fwd,1500.0,0.0,0.0,0,672
SUB_01353,SUB_01202,meso_SUB_01353_SUB_01202_rev,1500.0,0.0,0.0,0,672
SUB_01353,SUB_01380,meso_SUB_01353_SUB_01380_fwd,1500.0,0.0,0.0,0,672
SUB_01353,SUB_01430,meso_SUB_01353_SUB_01430_fwd,1500.0,0.658957429662002,73.31633151063811,0,672
SUB_01353,SUB_01220,meso_SUB_01353_SUB_01220_rev,50.0,0.8088868226382333,1.7031090175982604,0,672
SUB_01353,SUB_01356,meso_SUB_01353_SUB_01356_rev,50.0,0.5625517565184618,1.0061976481958763,0,672
SUB_01374,SUB_01252,meso_SUB_01374_SUB_01252_fwd,50.0,0.0,0.0,0,672
SUB_06208,SUB_06381,meso_SUB_06208_SUB_06381_fwd,1200.0,5.181880008957816,8.741245167525772,0,672
SUB_06208,SUB_06277,meso_SUB_06208_SUB_06277_fwd,229.81822548514242,0.0,0.0,0,672
SUB_19217,SUB_19240,meso_SUB_19217_SUB_19240_fwd,600.0,2.561071303924276,3.6290504691527063,0,672
SUB_19217,SUB_19243,meso_SUB_19217_SUB_19243_fwd,600.0,0.0,0.0,0,672
SUB_19217,SUB_HIFLD_273,meso_SUB_19217_SUB_HIFLD_273_fwd,600.0,0.0,0.0,0,672
SUB_01365,SUB_01216,meso_SUB_01365_SUB_01216_rev,1800.0,0.0,0.0,0,672
SUB_01365,SUB_01323,meso_SUB_01365_SUB_01323_rev,4000.0,0.0,0.0,0,672
SUB_01365,SUB_01380,meso_SUB_01365_SUB_01380_fwd,4000.0,3.0220191303388955,141.9428991273282,0,672
SUB_01365,SUB_01432,meso_SUB_01365_SUB_01432_fwd,1200.0,1.3645923014375763,5.11055632380525,0,672
SUB_01365,SUB_01445,meso_SUB_01365_SUB_01445_fwd,1500.0,14.610237508745518,179.67746443985942,0,672
SUB_01365,SUB_01466,meso_SUB_01365_SUB_01466_fwd,12000.0,0.17540110014427862,49.96979300902062,0,672
SUB_01365,SUB_06246,meso_SUB_01365_SUB_06246_fwd,1500.0,14.473441504603128,122.91829380099533,0,672
SUB_01365,SUB_06364,meso_SUB_01365_SUB_06364_fwd,8000.0,0.0,0.0,0,672
SUB_01365,SUB_HIFLD_1113,meso_SUB_01365_SUB_HIFLD_1113_fwd,12000.0,0.0,0.0,0,672
SUB_01365,SUB_01324,meso_SUB_01365_SUB_01324_rev,1500.0,0.0,0.0,0,672
SUB_01365,SUB_01416,meso_SUB_01365_SUB_01416_fwd,4000.0,30.241684234124747,52.77005074097938,0,672
SUB_01365,SUB_HIFLD_105,meso_SUB_01365_SUB_HIFLD_105_fwd,1500.0,0.0,0.0,0,672
SUB_01365,WEC_CALN,iface_SUB_01365_WEC_CALN_to_ba,461.0,0.0,0.0,0,672
SUB_08363,SUB_08203,meso_SUB_08363_SUB_08203_rev,1500.0,0.0,0.0,0,672
SUB_08363,SUB_HIFLD_2121,meso_SUB_08363_SUB_HIFLD_2121_fwd,1500.0,0.0,0.0,0,672
SUB_08363,SUB_HIFLD_2149,meso_SUB_08363_SUB_HIFLD_2149_fwd,1500.0,0.0,0.0,0,672
SUB_08363,SUB_HIFLD_3025,meso_SUB_08363_SUB_HIFLD_3025_fwd,1500.0,0.0,0.0,0,672
SUB_01211,SUB_01201,meso_SUB_01211_SUB_01201_rev,1500.0,0.0,0.0,0,672
SUB_01211,SUB_01204,meso_SUB_01211_SUB_01204_rev,1500.0,0.0,0.0,0,672
SUB_01211,SUB_01254,meso_SUB_01211_SUB_01254_fwd,1500.0,0.0,0.0,0,672
SUB_01211,SUB_01331,meso_SUB_01211_SUB_01331_fwd,600.0,7.744731439810691,19.953661438082108,0,672
SUB_15376,SUB_15215,meso_SUB_15376_SUB_15215_rev,600.0,4.988993955276803,75.95325096504233,0,672
SUB_15376,SUB_15290,meso_SUB_15376_SUB_15290_rev,600.0,14.323350930483874,58.49309146185148,0,672
SUB_15376,SUB_HIFLD_659,meso_SUB_15376_SUB_HIFLD_659_fwd,600.0,0.0,0.0,0,672
SUB_04325,SUB_01467,meso_SUB_04325_SUB_01467_rev,8000.0,1.4382451362089985,130.3676221381484,0,672
SUB_04325,SUB_04205,meso_SUB_04325_SUB_04205_rev,8000.0,1.0982648970172733,57.62946802512886,0,672
SUB_04325,SUB_01380,meso_SUB_04325_SUB_01380_rev,4000.0,203.7599761249318,278.65263683031844,0,672
SUB_04325,SUB_06359,meso_SUB_04325_SUB_06359_fwd,4000.0,18.839029726222126,131.57405144179182,0,672
SUB_04325,WEC_CALN,iface_SUB_04325_WEC_CALN_to_ba,2977.636363636364,0.0,0.0,0,672
SUB_08361,SUB_08203,meso_SUB_08361_SUB_08203_rev,3600.0,0.0,0.0,0,672
SUB_08361,SUB_08342,meso_SUB_08361_SUB_08342_rev,3000.0,0.0,0.0,0,672
SUB_08361,SUB_01222,meso_SUB_08361_SUB_01222_rev,1500.0,0.0,0.0,0,672
SUB_08361,SUB_HIFLD_2070,meso_SUB_08361_SUB_HIFLD_2070_fwd,600.0,0.0,0.0,0,672
SUB_08361,SUB_HIFLD_3163,meso_SUB_08361_SUB_HIFLD_3163_fwd,1500.0,0.057223933622826614,7.330937547893319,0,672
SUB_10325,SUB_10308,meso_SUB_10325_SUB_10308_rev,1500.0,0.47146254043821867,21.64147536280662,0,672
SUB_10325,SUB_15377,meso_SUB_10325_SUB_15377_fwd,1200.0,4.332766661359379,20.802811176103415,0,672
SUB_10325,SUB_10324,meso_SUB_10325_SUB_10324_rev,1500.0,3.8549789636681275,8.443799331507734,0,672
SUB_16331,SUB_16230,meso_SUB_16331_SUB_16230_rev,600.0,0.0,0.0,0,672
SUB_16331,SUB_16322,meso_SUB_16331_SUB_16322_rev,600.0,0.0,0.0,0,672
SUB_25392,SUB_25357,meso_SUB_25392_SUB_25357_rev,1500.0,0.0,0.0,0,672
SUB_25337,SUB_25272,meso_SUB_25337_SUB_25272_rev,800.0,0.0,0.0,0,672
SUB_25337,SUB_25282,meso_SUB_25337_SUB_25282_rev,800.0,4.585224890612796,80.29939255936281,0,672
SUB_25337,SUB_25342,meso_SUB_25337_SUB_25342_fwd,800.0,9.386191863183594,37.62374355670104,0,672
SUB_25337,SUB_25395,meso_SUB_25337_SUB_25395_fwd,800.0,0.05089704044195757,28.8394929596995,0,672
SUB_25337,SUB_25526,meso_SUB_25337_SUB_25526_fwd,4000.0,0.0,0.0,0,672
SUB_25337,WEC_CALN,iface_SUB_25337_WEC_CALN_to_ba,4800.0,0.0,0.0,0,672
SUB_06204,SUB_06203,meso_SUB_06204_SUB_06203_rev,1500.0,0.0,0.0,0,672
SUB_06204,SUB_06313,meso_SUB_06204_SUB_06313_fwd,1500.0,0.0,0.0,0,672
SUB_06204,SUB_06362,meso_SUB_06204_SUB_06362_fwd,1500.0,25.557505730173435,45.01858086340206,0,672
SUB_06204,SUB_HIFLD_595,meso_SUB_06204_SUB_HIFLD_595_fwd,1500.0,0.0,0.0,0,672
SUB_06204,SUB_06866,meso_SUB_06204_SUB_06866_rev,50.0,0.0,0.0,0,672
SUB_08325,SUB_08301,meso_SUB_08325_SUB_08301_rev,600.0,1.3148467048454004,1.9759213162451676,0,672
SUB_08325,SUB_08319,meso_SUB_08325_SUB_08319_rev,1500.0,0.0,0.0,0,672
SUB_08325,SUB_08362,meso_SUB_08325_SUB_08362_fwd,1500.0,0.0,0.0,0,672
SUB_08325,SUB_08369,meso_SUB_08325_SUB_08369_fwd,1500.0,0.0,0.0,0,672
SUB_16288,SUB_16237,meso_SUB_16288_SUB_16237_rev,3000.0,0.20309659809861552,35.37215776739959,0,672
SUB_16288,SUB_16247,meso_SUB_16288_SUB_16247_rev,1500.0,0.0,0.0,0,672
SUB_16288,SUB_16267,meso_SUB_16288_SUB_16267_rev,4000.0,0.0,0.0,0,672
SUB_16288,SUB_HIFLD_1135,meso_SUB_16288_SUB_HIFLD_1135_fwd,15000.0,0.0,0.0,0,672
SUB_16288,SUB_HIFLD_30,meso_SUB_16288_SUB_HIFLD_30_fwd,30000.0,0.0,0.0,0,672
SUB_10303,SUB_10283,meso_SUB_10303_SUB_10283_fwd,345.0,9.359241956555067,31.725653564453125,0,672
SUB_25294,SUB_25234,meso_SUB_25294_SUB_25234_rev,3000.0,0.0,0.0,0,672
SUB_25294,SUB_25241,meso_SUB_25294_SUB_25241_rev,1600.0,0.0,0.0,0,672
SUB_01323,SUB_01365,meso_SUB_01323_SUB_01365_fwd,4000.0,0.0,0.0,0,672
SUB_01323,SUB_01440,meso_SUB_01323_SUB_01440_fwd,12000.0,0.14888253918511363,34.381983374599514,0,672
SUB_01323,SUB_HIFLD_1113,meso_SUB_01323_SUB_HIFLD_1113_fwd,4000.0,0.0,0.0,0,672
SUB_01323,WEC_CALN,iface_SUB_01323_WEC_CALN_to_ba,4000.0,0.0,0.0,0,672
SUB_25536,SUB_25242,meso_SUB_25536_SUB_25242_rev,1500.0,0.11871357873084264,13.99653315994254,0,672
SUB_25536,SUB_25281,meso_SUB_25536_SUB_25281_rev,1200.0,0.9140230558590591,17.258552059742097,0,672
SUB_25536,SUB_25410,meso_SUB_25536_SUB_25410_rev,3000.0,0.6858775248524641,23.143007650591855,0,672
SUB_25536,SUB_HIFLD_1851,meso_SUB_25536_SUB_HIFLD_1851_fwd,3000.0,0.0,0.0,0,672
SUB_25536,SUB_HIFLD_1190,meso_SUB_25536_SUB_HIFLD_1190_fwd,1500.0,0.2443446013660005,23.232784102986503,0,672
SUB_25242,SUB_25446,meso_SUB_25242_SUB_25446_fwd,1500.0,0.0,0.0,0,672
SUB_25242,SUB_25536,meso_SUB_25242_SUB_25536_fwd,1500.0,4.9355029319918575,38.64274691693348,0,672
SUB_25242,SUB_HIFLD_1851,meso_SUB_25242_SUB_HIFLD_1851_fwd,1500.0,26.789562050498883,122.36760675373199,0,672
SUB_25242,SUB_25231,meso_SUB_25242_SUB_25231_rev,1500.0,0.0,0.0,0,672
SUB_15233,SUB_15201,meso_SUB_15233_SUB_15201_rev,600.0,0.7298300555902257,17.22430507007088,0,672
SUB_15233,SUB_15292,meso_SUB_15233_SUB_15292_fwd,600.0,0.0,0.0,0,672
SUB_15233,SUB_15375,meso_SUB_15233_SUB_15375_fwd,600.0,0.10710905466587486,13.924706078348072,0,672
SUB_18274,SUB_08318,meso_SUB_18274_SUB_08318_rev,1500.0,0.0,0.0,0,672
SUB_18274,SUB_18318,meso_SUB_18274_SUB_18318_rev,50.0,1.7496501134199198,2.2181041599548967,0,672
SUB_01321,SUB_01233,meso_SUB_01321_SUB_01233_rev,600.0,0.0,0.0,0,672
SUB_01347,SUB_01378,meso_SUB_01347_SUB_01378_fwd,600.0,0.6993266697894375,1.023967121556862,0,672
SUB_01347,SUB_01467,meso_SUB_01347_SUB_01467_fwd,1500.0,0.0,0.0,0,672
SUB_08219,SUB_08201,meso_SUB_08219_SUB_08201_rev,600.0,0.0,0.0,0,672
SUB_08219,SUB_01472,meso_SUB_08219_SUB_01472_rev,1500.0,0.0,0.0,0,672
SUB_08219,SUB_08353,meso_SUB_08219_SUB_08353_fwd,1500.0,0.0,0.0,0,672
SUB_25443,SUB_25442,meso_SUB_25443_SUB_25442_rev,1500.0,0.0,0.0,0,672
SUB_01214,SUB_01223,meso_SUB_01214_SUB_01223_fwd,1200.0,0.0,0.0,0,672
SUB_01214,SUB_01315,meso_SUB_01214_SUB_01315_fwd,1200.0,0.0,0.0,0,672
SUB_01214,SUB_01440,meso_SUB_01214_SUB_01440_fwd,1200.0,0.0,0.0,0,672
SUB_04332,SUB_04256,meso_SUB_04332_SUB_04256_rev,1500.0,0.0,0.0,0,672
SUB_04332,SUB_04343,meso_SUB_04332_SUB_04343_fwd,1500.0,0.0,0.0,0,672
SUB_25387,SUB_25282,meso_SUB_25387_SUB_25282_rev,800.0,27.550946867842217,81.2056479245186,0,672
SUB_25387,SUB_25341,meso_SUB_25387_SUB_25341_rev,800.0,10.453889165034257,46.62596931412383,0,672
SUB_25387,SUB_25421,meso_SUB_25387_SUB_25421_fwd,800.0,0.0,0.0,0,672
SUB_04204,SUB_01250,meso_SUB_04204_SUB_01250_rev,1500.0,0.0,0.0,0,672
SUB_04204,SUB_01410,meso_SUB_04204_SUB_01410_rev,1500.0,0.0,0.0,0,672
SUB_04204,SUB_01426,meso_SUB_04204_SUB_01426_rev,1500.0,0.0,0.0,0,672
SUB_04204,SUB_04328,meso_SUB_04204_SUB_04328_fwd,3000.0,9.9635479519535,19.51329245791902,0,672
SUB_04204,SUB_06270,meso_SUB_04204_SUB_06270_fwd,1500.0,0.0,0.0,0,672
SUB_04204,SUB_06380,meso_SUB_04204_SUB_06380_fwd,1500.0,0.0,0.0,0,672
SUB_04204,SUB_HIFLD_2245,meso_SUB_04204_SUB_HIFLD_2245_fwd,3000.0,0.0,0.0,0,672
SUB_04204,SUB_01467,meso_SUB_04204_SUB_01467_rev,8000.0,0.0,0.0,0,672
SUB_01447,SUB_01222,meso_SUB_01447_SUB_01222_rev,1500.0,0.0,0.0,0,672
SUB_01447,SUB_HIFLD_10,meso_SUB_01447_SUB_HIFLD_10_fwd,3000.0,0.0,0.0,0,672
SUB_18257,SUB_18282,meso_SUB_18257_SUB_18282_fwd,1500.0,2.3608031848758775,33.242045623506186,0,672
SUB_18257,SUB_18297,meso_SUB_18257_SUB_18297_fwd,1500.0,0.7561880614289583,8.054512942147532,0,672
SUB_02414,SUB_02406,meso_SUB_02414_SUB_02406_rev,1200.0,0.0,0.0,0,672
SUB_02414,SUB_02408,meso_SUB_02414_SUB_02408_rev,600.0,0.0,0.0,0,672
SUB_02414,SUB_02424,meso_SUB_02414_SUB_02424_rev,50.0,0.6331831337952649,1.0309278350515465,0,672
SUB_01311,SUB_01380,meso_SUB_01311_SUB_01380_fwd,1500.0,0.0,0.0,0,672
SUB_01311,SUB_HIFLD_2791,meso_SUB_01311_SUB_HIFLD_2791_fwd,1500.0,23.458504822192587,63.988620536571055,0,672
SUB_01311,SUB_HIFLD_28,meso_SUB_01311_SUB_HIFLD_28_fwd,3000.0,30.718092119327665,111.54855539617985,0,672
SUB_01311,SUB_01298,meso_SUB_01311_SUB_01298_rev,50.0,0.0,0.0,0,672
SUB_01311,SUB_01303,meso_SUB_01311_SUB_01303_rev,50.0,1.7478766669346881,2.780614479300902,0,672
SUB_01311,SUB_01348,meso_SUB_01311_SUB_01348_rev,50.0,0.7702841763877963,1.1546341414304124,0,672
SUB_18268,SUB_18303,meso_SUB_18268_SUB_18303_fwd,1500.0,0.354042500774652,2.250913639658505,0,672
SUB_18268,SUB_18304,meso_SUB_18268_SUB_18304_fwd,1500.0,5.650599582922534,32.50472668378633,0,672
SUB_04215,SUB_04318,meso_SUB_04215_SUB_04318_fwd,1500.0,0.12749024464811695,36.65779466586892,0,672
SUB_04215,SUB_04330,meso_SUB_04215_SUB_04330_fwd,1500.0,0.0,0.0,0,672
SUB_04215,SUB_04256,meso_SUB_04215_SUB_04256_fwd,1500.0,0.0,0.0,0,672
SUB_04215,SUB_04257,meso_SUB_04215_SUB_04257_fwd,600.0,0.0,0.0,0,672
SUB_04215,SUB_04343,meso_SUB_04215_SUB_04343_fwd,1500.0,0.0,0.0,0,672
SUB_10314,SUB_10260,meso_SUB_10314_SUB_10260_rev,4000.0,0.0,0.0,0,672
SUB_10314,SUB_10293,meso_SUB_10314_SUB_10293_rev,8000.0,0.0,0.0,0,672
SUB_10314,SUB_HIFLD_3784,meso_SUB_10314_SUB_HIFLD_3784_fwd,8000.0,0.0,0.0,0,672
SUB_10314,WEC_CALN,iface_SUB_10314_WEC_CALN_to_ba,200.0,0.004749375230256552,3.191580154732403,0,672
SUB_01409,SUB_01223,meso_SUB_01409_SUB_01223_rev,4000.0,0.0,0.0,0,672
SUB_01409,SUB_01380,meso_SUB_01409_SUB_01380_rev,4000.0,0.0,0.0,0,672
SUB_01409,SUB_01222,meso_SUB_01409_SUB_01222_rev,8000.0,0.32010485807223793,152.14498110552915,0,672
SUB_01409,SUB_01423,meso_SUB_01409_SUB_01423_fwd,4000.0,0.0,0.0,0,672
SUB_01409,SUB_01326,meso_SUB_01409_SUB_01326_rev,50.0,0.0,0.0,0,672
SUB_01409,SUB_01366,meso_SUB_01409_SUB_01366_rev,50.0,1.0690264806246488,1.5605589561855668,0,672
SUB_01409,SUB_01224,meso_SUB_01409_SUB_01224_rev,50.0,0.0,0.0,0,672
SUB_01409,WEC_CALN,iface_SUB_01409_WEC_CALN_to_ba,200.0,0.0,0.0,0,672
SUB_25360,SUB_25268,meso_SUB_25360_SUB_25268_rev,600.0,1.9507474605362172,45.94390196795418,0,672
SUB_25360,SUB_HIFLD_3631,meso_SUB_25360_SUB_HIFLD_3631_fwd,600.0,25.546900912776675,95.57600159761722,0,672
SUB_25360,SUB_25477,meso_SUB_25360_SUB_25477_rev,1568.62941735,0.8555631238968788,2.746618778189433,0,672
SUB_25360,SUB_HIFLD_3887,meso_SUB_25360_SUB_HIFLD_3887_rev,50.0,0.0,0.0,0,672
SUB_06319,SUB_06272,meso_SUB_06319_SUB_06272_rev,3000.0,0.0,0.0,0,672
SUB_06319,SUB_06317,meso_SUB_06319_SUB_06317_rev,3000.0,0.0,0.0,0,672
SUB_25339,SUB_25282,meso_SUB_25339_SUB_25282_rev,800.0,0.0,0.0,0,672
SUB_25339,SUB_25342,meso_SUB_25339_SUB_25342_fwd,800.0,0.0037785735707267015,2.5392014395283433,0,672
SUB_25339,SUB_25395,meso_SUB_25339_SUB_25395_fwd,800.0,0.0,0.0,0,672
SUB_25339,SUB_25532,meso_SUB_25339_SUB_25532_fwd,600.0,16.51448351492548,65.36949500644329,0,672
SUB_25339,SUB_25526,meso_SUB_25339_SUB_25526_fwd,3000.0,0.0,0.0,0,672
SUB_01445,SUB_01202,meso_SUB_01445_SUB_01202_rev,3000.0,0.1886197182383727,10.776560594455937,0,672
SUB_01445,SUB_01216,meso_SUB_01445_SUB_01216_rev,600.0,0.0,0.0,0,672
SUB_01445,SUB_01365,meso_SUB_01445_SUB_01365_rev,1500.0,0.0,0.0,0,672
SUB_01445,SUB_01391,meso_SUB_01445_SUB_01391_rev,3600.0,0.0,0.0,0,672
SUB_01445,SUB_HIFLD_130,meso_SUB_01445_SUB_HIFLD_130_fwd,1500.0,0.0,0.0,0,672
SUB_01445,SUB_HIFLD_4325,meso_SUB_01445_SUB_HIFLD_4325_fwd,3000.0,0.0,0.0,0,672
SUB_01472,SUB_01222,meso_SUB_01472_SUB_01222_rev,1500.0,0.0,0.0,0,672
SUB_01472,SUB_08283,meso_SUB_01472_SUB_08283_fwd,1500.0,0.0,0.0,0,672
SUB_01472,SUB_08389,meso_SUB_01472_SUB_08389_fwd,1500.0,0.0,0.0,0,672
SUB_01472,SUB_08219,meso_SUB_01472_SUB_08219_fwd,1500.0,10.181686114934521,31.133551465850516,0,672
SUB_19240,SUB_19217,meso_SUB_19240_SUB_19217_rev,600.0,0.0,0.0,0,672
SUB_08225,SUB_08226,meso_SUB_08225_SUB_08226_fwd,1500.0,0.0,0.0,0,672
SUB_08225,SUB_08292,meso_SUB_08225_SUB_08292_fwd,1500.0,0.0,0.0,0,672
SUB_02419,SUB_02210,meso_SUB_02419_SUB_02210_rev,4000.0,0.0,0.0,0,672
SUB_02419,SUB_02401,meso_SUB_02419_SUB_02401_rev,3000.0,75.42541256033225,99.83646007814531,0,672
SUB_02419,SUB_02404,meso_SUB_02419_SUB_02404_rev,600.0,11.040081588971164,24.562638040342332,0,672
SUB_02419,SUB_02405,meso_SUB_02419_SUB_02405_rev,1500.0,9.050451808474376,13.079392517719072,0,672
SUB_02419,SUB_02426,meso_SUB_02419_SUB_02426_fwd,2100.0,97.0974853885465,172.59708783978888,0,672
SUB_02419,SUB_HIFLD_10,meso_SUB_02419_SUB_HIFLD_10_fwd,4000.0,0.0,0.0,0,672
SUB_02419,SUB_01216,meso_SUB_02419_SUB_01216_rev,4000.0,0.0,0.0,0,672
SUB_02419,SUB_02403,meso_SUB_02419_SUB_02403_rev,3000.0,52.10205355939296,71.7475757087629,0,672
SUB_02419,SUB_HIFLD_2049,meso_SUB_02419_SUB_HIFLD_2049_fwd,1500.0,0.0,0.0,0,672
SUB_02419,SUB_HIFLD_2068,meso_SUB_02419_SUB_HIFLD_2068_fwd,1500.0,33.19440075883823,42.708124368955254,0,672
SUB_02419,WEC_CALN,iface_SUB_02419_WEC_CALN_to_ba,6800.0,0.0,0.0,0,672
SUB_02413,SUB_02408,meso_SUB_02413_SUB_02408_rev,600.0,0.0,0.0,0,672
SUB_02413,SUB_02412,meso_SUB_02413_SUB_02412_rev,1200.0,0.0,0.0,0,672
SUB_02413,SUB_HIFLD_2048,meso_SUB_02413_SUB_HIFLD_2048_fwd,600.0,3.93242421245127,6.135297884330257,0,672
SUB_02413,SUB_HIFLD_2056,meso_SUB_02413_SUB_HIFLD_2056_fwd,600.0,1.3124641764337497,4.900270316527061,0,672
SUB_02413,SUB_HIFLD_2062,meso_SUB_02413_SUB_HIFLD_2062_fwd,600.0,16.72889578152887,24.295944730548047,0,672
SUB_04202,SUB_04230,meso_SUB_04202_SUB_04230_fwd,600.0,0.0,0.0,0,672
SUB_04202,SUB_04246,meso_SUB_04202_SUB_04246_fwd,600.0,0.0,0.0,0,672
SUB_04202,SUB_04272,meso_SUB_04202_SUB_04272_fwd,1500.0,0.0,0.0,0,672
SUB_04202,SUB_04329,meso_SUB_04202_SUB_04329_fwd,1500.0,0.0,0.0,0,672
SUB_08224,SUB_HIFLD_2131,meso_SUB_08224_SUB_HIFLD_2131_fwd,234.3736327209014,0.0,0.0,0,672
SUB_02408,SUB_02412,meso_SUB_02408_SUB_02412_fwd,600.0,5.869277208765523,9.759605549291239,0,672
SUB_02408,SUB_02413,meso_SUB_02408_SUB_02413_fwd,600.0,50.28560884743477,72.1460890064251,0,672
SUB_02408,SUB_02414,meso_SUB_02408_SUB_02414_fwd,600.0,9.650382364118226,13.513685772515013,0,672
SUB_02408,SUB_02425,meso_SUB_02408_SUB_02425_fwd,600.0,17.593222696101133,26.415564594072162,0,672
SUB_02408,SUB_08348,meso_SUB_02408_SUB_08348_fwd,600.0,0.0,0.0,0,672
SUB_02408,SUB_02210,meso_SUB_02408_SUB_02210_rev,4000.0,0.0,0.0,0,672
SUB_02408,SUB_02270,meso_SUB_02408_SUB_02270_rev,600.0,0.0,0.0,0,672
SUB_25405,SUB_25464,meso_SUB_25405_SUB_25464_fwd,5485.99618,20.630165306614874,147.41607066247195,0,672
SUB_25456,SUB_25469,meso_SUB_25456_SUB_25469_fwd,1500.0,0.015807220622143677,0.024136614062122464,0,672
SUB_25456,SUB_25286,meso_SUB_25456_SUB_25286_fwd,156.12131274744092,0.0,0.0,0,672
SUB_18261,SUB_18266,meso_SUB_18261_SUB_18266_fwd,600.0,4.8446943481769225,18.104929087919757,0,672
SUB_18261,SUB_18254,meso_SUB_18261_SUB_18254_fwd,958.964896261608,0.0,0.0,0,672
SUB_08389,SUB_01472,meso_SUB_08389_SUB_01472_rev,1500.0,1.6064603712277163,59.640724220678365,0,672
SUB_08389,SUB_08283,meso_SUB_08389_SUB_08283_rev,1500.0,1.1416544886030247,84.51830702319587,0,672
SUB_08389,SUB_08380,meso_SUB_08389_SUB_08380_rev,1500.0,0.0,0.0,0,672
SUB_08389,SUB_HIFLD_1020,meso_SUB_08389_SUB_HIFLD_1020_fwd,1500.0,0.0,0.0,0,672
SUB_08390,SUB_01222,meso_SUB_08390_SUB_01222_rev,1500.0,0.0,0.0,0,672
SUB_08390,SUB_HIFLD_2121,meso_SUB_08390_SUB_HIFLD_2121_fwd,1500.0,0.0,0.0,0,672
SUB_08390,SUB_HIFLD_3025,meso_SUB_08390_SUB_HIFLD_3025_fwd,1500.0,0.0,0.0,0,672
SUB_08390,SUB_08203,meso_SUB_08390_SUB_08203_rev,1500.0,8.687069693389715,86.14923485824742,0,672
SUB_16237,SUB_16348,meso_SUB_16237_SUB_16348_fwd,3600.0,0.0,0.0,0,672
SUB_16237,SUB_HIFLD_3849,meso_SUB_16237_SUB_HIFLD_3849_fwd,600.0,0.0,0.0,0,672
SUB_16237,SUB_HIFLD_4426,meso_SUB_16237_SUB_HIFLD_4426_fwd,600.0,0.0,0.0,0,672
SUB_16237,SUB_HIFLD_982,meso_SUB_16237_SUB_HIFLD_982_fwd,1500.0,0.0,0.0,0,672
SUB_16237,SUB_16288,meso_SUB_16237_SUB_16288_fwd,3000.0,0.0,0.0,0,672
SUB_10204,SUB_10308,meso_SUB_10204_SUB_10308_fwd,1500.0,0.0,0.0,0,672
SUB_10204,SUB_10297,meso_SUB_10204_SUB_10297_fwd,1500.0,0.0,0.0,0,672
SUB_25224,SUB_25217,meso_SUB_25224_SUB_25217_rev,3000.0,0.0,0.0,0,672
SUB_25224,SUB_25230,meso_SUB_25224_SUB_25230_fwd,600.0,16.305570557659376,26.873348904639176,0,672
SUB_25224,SUB_25235,meso_SUB_25224_SUB_25235_fwd,1500.0,0.41678556036194586,55.31670343435488,0,672
SUB_25224,SUB_25270,meso_SUB_25224_SUB_25270_fwd,800.0,0.0,0.0,0,672
SUB_25224,SUB_25412,meso_SUB_25224_SUB_25412_fwd,3000.0,0.0,0.0,0,672
SUB_25224,SUB_HIFLD_2722,meso_SUB_25224_SUB_HIFLD_2722_fwd,600.0,0.0036049660941503475,1.7210441003796124,0,672
SUB_25224,SUB_HIFLD_3631,meso_SUB_25224_SUB_HIFLD_3631_fwd,2300.0,0.0,0.0,0,672
SUB_02269,SUB_HIFLD_2068,meso_SUB_02269_SUB_HIFLD_2068_fwd,1500.0,0.0,0.0,0,672
SUB_02269,SUB_HIFLD_3835,meso_SUB_02269_SUB_HIFLD_3835_fwd,600.0,0.0,0.0,0,672
SUB_25318,SUB_25450,meso_SUB_25318_SUB_25450_fwd,161.32904046452495,0.0,0.0,0,672
SUB_10297,SUB_10307,meso_SUB_10297_SUB_10307_fwd,1500.0,15.912474837326354,32.892311076326806,0,672
SUB_10297,SUB_10375,meso_SUB_10297_SUB_10375_fwd,1500.0,0.0,0.0,0,672
SUB_10297,SUB_10204,meso_SUB_10297_SUB_10204_rev,1500.0,15.997930762881326,30.123238160438145,0,672
SUB_10211,SUB_10260,meso_SUB_10211_SUB_10260_fwd,600.0,0.0,0.0,0,672
SUB_10211,SUB_10284,meso_SUB_10211_SUB_10284_fwd,600.0,9.565794171667694,18.58033688448228,0,672
SUB_10211,SUB_10212,meso_SUB_10211_SUB_10212_rev,62.8700255258172,3.0373703929917975,5.780600636275773,0,672
SUB_08246,SUB_HIFLD_1020,meso_SUB_08246_SUB_HIFLD_1020_fwd,3000.0,0.0,0.0,0,672
SUB_08246,SUB_HIFLD_1423,meso_SUB_08246_SUB_HIFLD_1423_fwd,1500.0,0.0,0.0,0,672
SUB_08246,SUB_01222,meso_SUB_08246_SUB_01222_rev,3000.0,0.0,0.0,0,672
SUB_08246,SUB_HIFLD_2117,meso_SUB_08246_SUB_HIFLD_2117_fwd,1500.0,0.0,0.0,0,672
SUB_16357,SUB_16261,meso_SUB_16357_SUB_16261_rev,3000.0,0.0,0.0,0,672
SUB_16357,SUB_16298,meso_SUB_16357_SUB_16298_rev,3000.0,0.0,0.0,0,672
SUB_25314,SUB_25208,meso_SUB_25314_SUB_25208_rev,800.0,10.023015269822595,32.10828345115261,0,672
SUB_06205,SUB_06207,meso_SUB_06205_SUB_06207_fwd,600.0,16.7685788072901,20.9056845703125,0,672
SUB_25430,SUB_16371,meso_SUB_25430_SUB_16371_rev,4000.0,0.0,0.0,0,672
SUB_25430,SUB_HIFLD_1851,meso_SUB_25430_SUB_HIFLD_1851_fwd,4000.0,0.0,0.0,0,672
SUB_25430,SUB_HIFLD_74,meso_SUB_25430_SUB_HIFLD_74_fwd,4000.0,0.0,0.0,0,672
SUB_25430,WEC_CALN,iface_SUB_25430_WEC_CALN_to_ba,200.0,0.0,0.0,0,672
SUB_25408,SUB_25235,meso_SUB_25408_SUB_25235_rev,1500.0,0.0,0.0,0,672
SUB_25408,SUB_HIFLD_1190,meso_SUB_25408_SUB_HIFLD_1190_fwd,3000.0,0.0,0.0,0,672
SUB_25408,SUB_25206,meso_SUB_25408_SUB_25206_rev,1500.0,4.046829600571347,21.4201312822165,0,672
SUB_25285,SUB_25396,meso_SUB_25285_SUB_25396_fwd,1500.0,40.08267001363398,91.34807565373231,0,672
SUB_25285,SUB_25529,meso_SUB_25285_SUB_25529_fwd,2014.8323522442186,0.0,0.0,0,672
SUB_01466,SUB_01365,meso_SUB_01466_SUB_01365_rev,12000.0,0.0,0.0,0,672
SUB_01466,SUB_01423,meso_SUB_01466_SUB_01423_rev,12000.0,0.0,0.0,0,672
SUB_01466,SUB_01216,meso_SUB_01466_SUB_01216_rev,4000.0,0.0,0.0,0,672
SUB_01466,SUB_01324,meso_SUB_01466_SUB_01324_rev,4000.0,0.0,0.0,0,672
SUB_01466,WEC_CALN,iface_SUB_01466_WEC_CALN_to_ba,200.0,0.0,0.0,0,672
SUB_04256,SUB_04209,meso_SUB_04256_SUB_04209_rev,600.0,20.8761606725052,29.95269603516471,0,672
SUB_04256,SUB_04214,meso_SUB_04256_SUB_04214_rev,600.0,57.989189393969774,106.22035722825423,0,672
SUB_04256,SUB_04257,meso_SUB_04256_SUB_04257_fwd,600.0,25.532329588165805,36.345449420103094,0,672
SUB_04256,SUB_04275,meso_SUB_04256_SUB_04275_fwd,1200.0,7.053508612848581,10.621103817654639,0,672
SUB_04256,SUB_04282,meso_SUB_04256_SUB_04282_fwd,3000.0,3.5661482386586156,19.049816594545934,0,672
SUB_04256,SUB_04330,meso_SUB_04256_SUB_04330_fwd,1500.0,42.216947582800294,70.25000199212919,0,672
SUB_04256,SUB_04332,meso_SUB_04256_SUB_04332_fwd,1500.0,12.95741750953022,21.731080863402067,0,672
SUB_04256,SUB_04337,meso_SUB_04256_SUB_04337_fwd,12000.0,2.325961845913103,146.3717030881835,0,672
SUB_04256,SUB_04343,meso_SUB_04256_SUB_04343_fwd,1500.0,82.0516214020607,192.38826087785492,0,672
SUB_04256,SUB_04215,meso_SUB_04256_SUB_04215_rev,1500.0,47.771465760429756,88.58092153053498,0,672
SUB_04256,SUB_04248,meso_SUB_04256_SUB_04248_rev,4000.0,14.958681528491903,236.7076572193697,0,672
SUB_04256,SUB_04271,meso_SUB_04256_SUB_04271_fwd,600.0,30.47035382441398,45.662049384233185,0,672
SUB_04256,SUB_HIFLD_2713,meso_SUB_04256_SUB_HIFLD_2713_rev,13686.718627455608,0.0,0.0,0,672
SUB_04256,WEC_CALN,iface_SUB_04256_WEC_CALN_to_ba,1713.2813725443934,0.0,0.0,0,672
SUB_25477,SUB_25360,meso_SUB_25477_SUB_25360_fwd,1568.62941735,37.569093511681686,119.79985876871305,0,672
SUB_08203,SUB_08348,meso_SUB_08203_SUB_08348_fwd,1500.0,0.0,0.0,0,672
SUB_08203,SUB_08361,meso_SUB_08203_SUB_08361_fwd,3600.0,0.0,0.0,0,672
SUB_08203,SUB_08363,meso_SUB_08203_SUB_08363_fwd,1500.0,0.15877899694196043,40.9920787693299,0,672
SUB_08203,SUB_HIFLD_2149,meso_SUB_08203_SUB_HIFLD_2149_fwd,1500.0,0.0,0.0,0,672
SUB_08203,SUB_08390,meso_SUB_08203_SUB_08390_fwd,1500.0,0.0,0.0,0,672
SUB_08203,SUB_HIFLD_2058,meso_SUB_08203_SUB_HIFLD_2058_fwd,1500.0,0.0,0.0,0,672
SUB_18358,SUB_08284,meso_SUB_18358_SUB_08284_rev,600.0,0.0,0.0,0,672
SUB_18358,SUB_08293,meso_SUB_18358_SUB_08293_rev,600.0,0.8600498650784462,1.2862131020457477,0,672
SUB_18358,SUB_08304,meso_SUB_18358_SUB_08304_rev,50.0,2.1145019808410135,3.171458450789304,0,672
SUB_25347,SUB_25231,meso_SUB_25347_SUB_25231_rev,600.0,0.0,0.0,0,672
SUB_25347,SUB_25245,meso_SUB_25347_SUB_25245_rev,600.0,0.7197960646485152,82.86321618278964,0,672
SUB_25347,SUB_25446,meso_SUB_25347_SUB_25446_fwd,1500.0,0.0,0.0,0,672
SUB_25347,SUB_25539,meso_SUB_25347_SUB_25539_fwd,1500.0,2.254375851562582,28.427831252823097,0,672
SUB_25226,SUB_HIFLD_1844,meso_SUB_25226_SUB_HIFLD_1844_fwd,253.45408237502394,0.0,0.0,0,672
SUB_04248,SUB_01467,meso_SUB_04248_SUB_01467_rev,4000.0,0.0,0.0,0,672
SUB_04248,SUB_04201,meso_SUB_04248_SUB_04201_rev,1500.0,83.43049633982804,126.25913827518866,0,672
SUB_04248,SUB_04221,meso_SUB_04248_SUB_04221_rev,600.0,5.978334340949628,13.391047901879492,0,672
SUB_04248,SUB_04229,meso_SUB_04248_SUB_04229_rev,600.0,4.511257771345852,6.746601995305359,0,672
SUB_04248,SUB_04299,meso_SUB_04248_SUB_04299_fwd,1500.0,19.826156309087544,29.50244644007732,0,672
SUB_04248,SUB_04302,meso_SUB_04248_SUB_04302_fwd,600.0,5.808626721943485,9.020310486469072,0,672
SUB_04248,SUB_04309,meso_SUB_04248_SUB_04309_fwd,600.0,17.22636557098224,23.73726038981959,0,672
SUB_04248,SUB_04320,meso_SUB_04248_SUB_04320_fwd,600.0,10.327350356898355,17.335113965850514,0,672
SUB_04248,SUB_04337,meso_SUB_04248_SUB_04337_fwd,9500.0,0.0,0.0,0,672
SUB_04248,SUB_06380,meso_SUB_04248_SUB_06380_fwd,3000.0,0.7756727163994421,50.360915878691,0,672
SUB_04248,SUB_04249,meso_SUB_04248_SUB_04249_fwd,1500.0,9.96221183660748,14.688113120167527,0,672
SUB_04248,SUB_04256,meso_SUB_04248_SUB_04256_fwd,4000.0,0.0,0.0,0,672
SUB_04248,WEC_CALN,iface_SUB_04248_WEC_CALN_to_ba,4000.0,0.0,0.0,0,672
SUB_18297,SUB_18257,meso_SUB_18297_SUB_18257_rev,1500.0,8.800864250139963,46.782291718820815,0,672
SUB_18297,SUB_HIFLD_2086,meso_SUB_18297_SUB_HIFLD_2086_fwd,1500.0,0.0,0.0,0,672
SUB_18297,SUB_HIFLD_4291,meso_SUB_18297_SUB_HIFLD_4291_fwd,3000.0,1.3685394541417861,15.82606715969975,0,672
SUB_16282,SUB_16298,meso_SUB_16282_SUB_16298_fwd,1500.0,0.12606935086119478,21.844907401318395,0,672
SUB_16282,SUB_16378,meso_SUB_16282_SUB_16378_fwd,1500.0,0.2841961989724191,20.457561658858104,0,672
SUB_16282,SUB_16261,meso_SUB_16282_SUB_16261_rev,3000.0,29.285156557204644,86.52694775390626,0,672
SUB_08362,SUB_08319,meso_SUB_08362_SUB_08319_rev,1500.0,0.0,0.0,0,672
SUB_08362,SUB_08325,meso_SUB_08362_SUB_08325_rev,1500.0,0.0,0.0,0,672
SUB_08362,SUB_08314,meso_SUB_08362_SUB_08314_rev,89.0,0.0,0.0,0,672
SUB_25276,SUB_25221,meso_SUB_25276_SUB_25221_rev,1600.0,0.41387155913152507,12.589461179123711,0,672
SUB_25276,SUB_25270,meso_SUB_25276_SUB_25270_rev,1600.0,0.0,0.0,0,672
SUB_25276,SUB_25461,meso_SUB_25276_SUB_25461_fwd,1600.0,8.240135936097262,49.51243959407217,0,672
SUB_25276,SUB_25539,meso_SUB_25276_SUB_25539_fwd,800.0,9.208817923506748,29.373639237116727,0,672
SUB_25276,SUB_HIFLD_3631,meso_SUB_25276_SUB_HIFLD_3631_fwd,1600.0,0.0,0.0,0,672
SUB_25276,SUB_25512,meso_SUB_25276_SUB_25512_fwd,4500.0,0.0,0.0,0,672
SUB_19233,SUB_19212,meso_SUB_19233_SUB_19212_rev,600.0,9.983796418479804,15.147210252899486,0,672
SUB_19233,SUB_19215,meso_SUB_19233_SUB_19215_rev,600.0,1.1760241903262358,18.707753547135724,0,672
SUB_19233,SUB_19243,meso_SUB_19233_SUB_19243_fwd,1200.0,0.0,0.0,0,672
SUB_15276,SUB_15308,meso_SUB_15276_SUB_15308_fwd,3000.0,16.15018874904837,26.869152706185567,0,672
SUB_15276,SUB_15366,meso_SUB_15276_SUB_15366_rev,185.98809471895237,11.796510188346643,18.32765987435567,0,672
SUB_15276,WEC_CALN,iface_SUB_15276_WEC_CALN_to_ba,206.0,0.0,0.0,0,672
SUB_16277,SUB_16247,meso_SUB_16277_SUB_16247_rev,3000.0,0.0,0.0,0,672
SUB_16277,SUB_16261,meso_SUB_16277_SUB_16261_rev,1500.0,2.992726560788101,36.04986097535495,0,672
SUB_16277,SUB_HIFLD_1406,meso_SUB_16277_SUB_HIFLD_1406_fwd,1500.0,0.0,0.0,0,672
SUB_16277,SUB_16270,meso_SUB_16277_SUB_16270_rev,1500.0,24.509815329017208,73.9276900773196,0,672
SUB_16277,SUB_16309,meso_SUB_16277_SUB_16309_rev,50.0,0.0,0.0,0,672
SUB_08343,SUB_08202,meso_SUB_08343_SUB_08202_rev,600.0,0.2712103999591541,21.8947044136598,0,672
SUB_08343,SUB_08292,meso_SUB_08343_SUB_08292_rev,1500.0,78.3690096453293,141.48245259668442,0,672
SUB_08343,SUB_08295,meso_SUB_08343_SUB_08295_rev,1500.0,55.682388549849854,115.57668331185566,0,672
SUB_08343,SUB_08377,meso_SUB_08343_SUB_08377_fwd,4000.0,0.0,0.0,0,672
SUB_08343,SUB_HIFLD_1432,meso_SUB_08343_SUB_HIFLD_1432_fwd,4000.0,0.0,0.0,0,672
SUB_08343,WEC_CALN,iface_SUB_08343_WEC_CALN_to_ba,8400.0,0.0,0.0,0,672
SUB_04318,SUB_04215,meso_SUB_04318_SUB_04215_rev,1500.0,0.0,0.0,0,672
SUB_04318,SUB_04349,meso_SUB_04318_SUB_04349_fwd,1500.0,0.0,0.0,0,672
SUB_04318,SUB_04337,meso_SUB_04318_SUB_04337_fwd,1500.0,0.0,0.0,0,672
SUB_04318,SUB_04347,meso_SUB_04318_SUB_04347_fwd,1500.0,0.0,0.0,0,672
SUB_08342,SUB_01222,meso_SUB_08342_SUB_01222_rev,3000.0,0.0,0.0,0,672
SUB_08342,SUB_08361,meso_SUB_08342_SUB_08361_fwd,3000.0,0.0,0.0,0,672
SUB_08342,SUB_08300,meso_SUB_08342_SUB_08300_rev,1500.0,18.28825740320277,29.619253539360887,0,672
SUB_08342,SUB_HIFLD_3163,meso_SUB_08342_SUB_HIFLD_3163_fwd,1500.0,4.749486668321256,7.928570894061735,0,672
SUB_08318,SUB_08324,meso_SUB_08318_SUB_08324_fwd,1500.0,61.841648028800755,117.99605881850778,0,672
SUB_08318,SUB_18249,meso_SUB_08318_SUB_18249_fwd,3000.0,47.96798689738222,103.88023984121753,0,672
SUB_08318,SUB_HIFLD_1434,meso_SUB_08318_SUB_HIFLD_1434_fwd,1500.0,0.0,0.0,0,672
SUB_08318,SUB_18274,meso_SUB_08318_SUB_18274_fwd,1500.0,5.020266130277467,8.391889151795567,0,672
SUB_16345,SUB_HIFLD_74,meso_SUB_16345_SUB_HIFLD_74_fwd,167.8916364455201,0.0,0.0,0,672
SUB_08348,SUB_02408,meso_SUB_08348_SUB_02408_rev,600.0,0.0,0.0,0,672
SUB_08348,SUB_08203,meso_SUB_08348_SUB_08203_rev,1500.0,53.73667923513568,98.13129496193804,0,672
SUB_08348,SUB_08216,meso_SUB_08348_SUB_08216_rev,1200.0,17.162694849333302,52.46793686156796,0,672
SUB_08348,SUB_08284,meso_SUB_08348_SUB_08284_rev,600.0,9.221359356311313,13.264973622477347,0,672
SUB_08348,SUB_08337,meso_SUB_08348_SUB_08337_rev,1500.0,0.0,0.0,0,672
SUB_08348,SUB_08367,meso_SUB_08348_SUB_08367_fwd,1500.0,31.847988356471156,54.59087091497916,0,672
SUB_08348,SUB_HIFLD_1432,meso_SUB_08348_SUB_HIFLD_1432_fwd,1500.0,0.0,0.0,0,672
SUB_25271,SUB_25236,meso_SUB_25271_SUB_25236_rev,600.0,0.0,0.0,0,672
SUB_01376,SUB_HIFLD_10,meso_SUB_01376_SUB_HIFLD_10_fwd,3000.0,0.0,0.0,0,672
SUB_25230,SUB_25224,meso_SUB_25230_SUB_25224_rev,600.0,0.0,0.0,0,672
SUB_10322,SUB_HIFLD_1086,meso_SUB_10322_SUB_HIFLD_1086_fwd,360.0,13.629233069764789,35.60580642700195,0,672
SUB_18266,SUB_18261,meso_SUB_18266_SUB_18261_rev,600.0,0.0018666231972830692,0.6371869653320319,0,672
SUB_18266,SUB_25216,meso_SUB_18266_SUB_25216_fwd,600.0,0.7246301802263293,9.815156703563412,0,672
SUB_18295,SUB_18263,meso_SUB_18295_SUB_18263_rev,1500.0,0.0,0.0,0,672
SUB_18295,SUB_18301,meso_SUB_18295_SUB_18301_fwd,1500.0,0.0,0.0,0,672
SUB_25297,SUB_25277,meso_SUB_25297_SUB_25277_rev,800.0,0.0,0.0,0,672
SUB_25297,SUB_25348,meso_SUB_25297_SUB_25348_fwd,1600.0,0.09750333329274241,15.006832273682031,0,672
SUB_25297,SUB_25380,meso_SUB_25297_SUB_25380_fwd,800.0,2.988515742337331,9.698973099226805,0,672
SUB_25297,SUB_25407,meso_SUB_25297_SUB_25407_fwd,800.0,0.0,0.0,0,672
SUB_25297,SUB_HIFLD_1232,meso_SUB_25297_SUB_HIFLD_1232_fwd,800.0,0.0,0.0,0,672
SUB_25297,SUB_HIFLD_411,meso_SUB_25297_SUB_HIFLD_411_fwd,800.0,5.596822407589179,12.763373996970985,0,672
SUB_19238,SUB_19215,meso_SUB_19238_SUB_19215_fwd,84.90338119886425,0.0,0.0,0,672
SUB_25277,SUB_25297,meso_SUB_25277_SUB_25297_fwd,800.0,2.348066342131073,33.61331216624173,0,672
SUB_25277,SUB_25395,meso_SUB_25277_SUB_25395_fwd,1500.0,0.04586608221004225,10.822527527446265,0,672
SUB_25277,SUB_25407,meso_SUB_25277_SUB_25407_fwd,1500.0,0.06441213155693451,43.28495240625999,0,672
SUB_25277,SUB_25526,meso_SUB_25277_SUB_25526_fwd,1500.0,0.0,0.0,0,672
SUB_25277,SUB_HIFLD_1232,meso_SUB_25277_SUB_HIFLD_1232_fwd,800.0,0.0,0.0,0,672
SUB_25277,SUB_25272,meso_SUB_25277_SUB_25272_rev,1500.0,0.0,0.0,0,672
SUB_25277,SUB_HIFLD_1538,meso_SUB_25277_SUB_HIFLD_1538_fwd,12000.0,36.31495340961171,618.7432275703393,0,672
SUB_25277,SUB_HIFLD_2386,meso_SUB_25277_SUB_HIFLD_2386_fwd,12000.0,11.04922313795434,108.52294584556675,0,672
SUB_25277,SUB_HIFLD_2394,meso_SUB_25277_SUB_HIFLD_2394_fwd,4000.0,0.011589630550575193,7.78823172998653,0,672
SUB_25277,SUB_HIFLD_333,meso_SUB_25277_SUB_HIFLD_333_fwd,8000.0,0.0,0.0,0,672
SUB_04205,SUB_01467,meso_SUB_04205_SUB_01467_rev,4000.0,0.0,0.0,0,672
SUB_04205,SUB_04325,meso_SUB_04205_SUB_04325_fwd,8000.0,0.0,0.0,0,672
SUB_04205,SUB_06364,meso_SUB_04205_SUB_06364_fwd,8000.0,0.0,0.0,0,672
SUB_04205,SUB_01380,meso_SUB_04205_SUB_01380_rev,4000.0,0.0,0.0,0,672
SUB_04205,SUB_06359,meso_SUB_04205_SUB_06359_fwd,4000.0,0.006938923230028472,4.662956410579133,0,672
SUB_04205,SUB_04265,meso_SUB_04205_SUB_04265_rev,412.4054817635174,29.453503001479465,42.51602770618557,0,672
SUB_04205,WEC_CALN,iface_SUB_04205_WEC_CALN_to_ba,31587.594518236485,0.0,0.0,0,672
SUB_01296,SUB_01430,meso_SUB_01296_SUB_01430_fwd,50.0,0.0,0.0,0,672
SUB_25993,SUB_HIFLD_1171,meso_SUB_25993_SUB_HIFLD_1171_fwd,9520.0,56.71302245648838,143.9958960471153,0,672
SUB_16378,SUB_16282,meso_SUB_16378_SUB_16282_rev,1500.0,0.0,0.0,0,672
SUB_16378,SUB_16298,meso_SUB_16378_SUB_16298_rev,1500.0,0.08316973916841948,10.365256183583611,0,672
SUB_16378,SUB_16319,meso_SUB_16378_SUB_16319_rev,1500.0,10.246782945398069,46.816792847938146,0,672
SUB_16378,SUB_16335,meso_SUB_16378_SUB_16335_rev,1500.0,3.1648308502988107,32.40117388853092,0,672
SUB_16378,SUB_16376,meso_SUB_16378_SUB_16376_rev,1500.0,3.833697639404708,9.18489239441625,0,672
SUB_16378,SUB_HIFLD_74,meso_SUB_16378_SUB_HIFLD_74_fwd,1500.0,0.0,0.0,0,672
SUB_01368,SUB_HIFLD_11,meso_SUB_01368_SUB_HIFLD_11_fwd,1500.0,0.0,0.0,0,672
SUB_01368,SUB_HIFLD_2989,meso_SUB_01368_SUB_HIFLD_2989_fwd,1500.0,0.0,0.0,0,672
SUB_04321,SUB_04214,meso_SUB_04321_SUB_04214_rev,600.0,0.0,0.0,0,672
SUB_04321,SUB_04287,meso_SUB_04321_SUB_04287_rev,600.0,0.03419451163455325,1.9693680281491626,0,672
SUB_16376,SUB_16378,meso_SUB_16376_SUB_16378_fwd,1500.0,0.0,0.0,0,672
SUB_16376,SUB_16335,meso_SUB_16376_SUB_16335_rev,1500.0,0.0,0.0,0,672
SUB_16376,SUB_16324,meso_SUB_16376_SUB_16324_rev,50.0,0.9662673399620448,1.5427689070554123,0,672
SUB_02418,SUB_02426,meso_SUB_02418_SUB_02426_fwd,380.6728119540428,0.0,0.0,0,672
SUB_10318,SUB_10236,meso_SUB_10318_SUB_10236_rev,600.0,0.879353095247983,3.0304622060244846,0,672
SUB_08295,SUB_08343,meso_SUB_08295_SUB_08343_fwd,1500.0,0.0,0.0,0,672
SUB_08295,SUB_HIFLD_1432,meso_SUB_08295_SUB_HIFLD_1432_fwd,4500.0,0.0,0.0,0,672
SUB_08295,SUB_08296,meso_SUB_08295_SUB_08296_fwd,1500.0,0.0,0.0,0,672
SUB_04350,SUB_HIFLD_1360,meso_SUB_04350_SUB_HIFLD_1360_fwd,197.17187894974396,0.0,0.0,0,672
SUB_18318,SUB_18274,meso_SUB_18318_SUB_18274_fwd,50.0,0.0,0.0,0,672
SUB_08300,SUB_08299,meso_SUB_08300_SUB_08299_rev,1500.0,8.240387108284612,11.981051667203607,0,672
SUB_08300,SUB_08342,meso_SUB_08300_SUB_08342_fwd,1500.0,0.0,0.0,0,672
SUB_10285,SUB_06283,meso_SUB_10285_SUB_06283_rev,1200.0,10.63775785499776,22.787735396296103,0,672
SUB_10285,SUB_10260,meso_SUB_10285_SUB_10260_rev,1200.0,0.0,0.0,0,672
SUB_10308,SUB_10204,meso_SUB_10308_SUB_10204_rev,1500.0,0.0,0.0,0,672
SUB_10308,SUB_10217,meso_SUB_10308_SUB_10217_rev,1500.0,0.8356480935068182,3.019596689755155,0,672
SUB_10308,SUB_10294,meso_SUB_10308_SUB_10294_rev,1500.0,10.77904693108027,21.07987885649909,0,672
SUB_10308,SUB_10307,meso_SUB_10308_SUB_10307_rev,3000.0,0.0,0.0,0,672
SUB_10308,SUB_10325,meso_SUB_10308_SUB_10325_fwd,1500.0,0.0,0.0,0,672
SUB_10308,SUB_10205,meso_SUB_10308_SUB_10205_rev,1500.0,0.18819011449670048,8.246879293701626,0,672
SUB_10308,SUB_10283,meso_SUB_10308_SUB_10283_rev,3000.0,0.0,0.0,0,672
SUB_25391,SUB_25407,meso_SUB_25391_SUB_25407_fwd,3000.0,22.707010118847673,91.77111522798342,0,672
SUB_25391,SUB_HIFLD_2869,meso_SUB_25391_SUB_HIFLD_2869_fwd,1500.0,0.0,0.0,0,672
SUB_25391,SUB_HIFLD_369,meso_SUB_25391_SUB_HIFLD_369_rev,50.0,0.0,0.0,0,672
SUB_04343,SUB_04256,meso_SUB_04343_SUB_04256_rev,1500.0,0.0,0.0,0,672
SUB_04343,SUB_04271,meso_SUB_04343_SUB_04271_rev,600.0,0.0,0.0,0,672
SUB_04343,SUB_04305,meso_SUB_04343_SUB_04305_rev,1500.0,1.7215723349524876,2.6740038055734545,0,672
SUB_04343,SUB_04307,meso_SUB_04343_SUB_04307_rev,600.0,0.476479663577335,14.707595038659795,0,672
SUB_04343,SUB_04329,meso_SUB_04343_SUB_04329_rev,1500.0,35.389392038906216,63.99956105025773,0,672
SUB_04343,SUB_04215,meso_SUB_04343_SUB_04215_rev,1500.0,0.0,0.0,0,672
SUB_04343,SUB_04332,meso_SUB_04343_SUB_04332_rev,1500.0,0.0,0.0,0,672
SUB_04343,SUB_06368,meso_SUB_04343_SUB_06368_fwd,3000.0,18.336787733312786,100.1099073163729,0,672
SUB_01416,SUB_01365,meso_SUB_01416_SUB_01365_rev,4000.0,0.0,0.0,0,672
SUB_01416,SUB_01380,meso_SUB_01416_SUB_01380_rev,4000.0,0.0,0.0,0,672
SUB_25209,SUB_25464,meso_SUB_25209_SUB_25464_fwd,538.5675098954275,0.0,0.0,0,672
SUB_25209,WEC_CALN,iface_SUB_25209_WEC_CALN_to_ba,27000.0,0.0,0.0,0,672
SUB_06313,SUB_06204,meso_SUB_06313_SUB_06204_rev,1500.0,0.0,0.0,0,672
SUB_06313,SUB_06362,meso_SUB_06313_SUB_06362_fwd,1500.0,0.0,0.0,0,672
SUB_06313,SUB_HIFLD_595,meso_SUB_06313_SUB_HIFLD_595_fwd,3000.0,0.0,0.0,0,672
SUB_18219,SUB_18203,meso_SUB_18219_SUB_18203_rev,1200.0,0.0,0.0,0,672
SUB_18219,SUB_18239,meso_SUB_18219_SUB_18239_fwd,1200.0,0.06684392831643818,2.2350126943972577,0,672
SUB_18219,SUB_18298,meso_SUB_18219_SUB_18298_rev,50.0,2.3690934320261623,3.502165804204253,0,672
SUB_25348,SUB_25255,meso_SUB_25348_SUB_25255_rev,1500.0,0.0,0.0,0,672
SUB_25348,SUB_25293,meso_SUB_25348_SUB_25293_rev,800.0,12.11439001859487,18.977013530927838,0,672
SUB_25348,SUB_25297,meso_SUB_25348_SUB_25297_rev,1600.0,1.3155261034045662,31.08076572822889,0,672
SUB_25348,SUB_25319,meso_SUB_25348_SUB_25319_rev,800.0,0.0028497177944735797,0.006099543129045939,0,672
SUB_25348,SUB_25341,meso_SUB_25348_SUB_25341_rev,800.0,0.15333798632344903,13.119125523518042,0,672
SUB_10339,SUB_10348,meso_SUB_10339_SUB_10348_fwd,600.0,0.0,0.0,0,672
SUB_25237,SUB_25441,meso_SUB_25237_SUB_25441_fwd,319.3850176585276,0.0,0.0,0,672
SUB_10348,SUB_10334,meso_SUB_10348_SUB_10334_rev,600.0,0.0,0.0,0,672
SUB_10348,SUB_10339,meso_SUB_10348_SUB_10339_rev,600.0,3.2847733802402144,6.701872583762887,0,672
SUB_10348,SUB_10358,meso_SUB_10348_SUB_10358_fwd,600.0,0.0,0.0,0,672
SUB_19225,SUB_19229,meso_SUB_19225_SUB_19229_fwd,600.0,22.441348337458823,31.037124511718748,0,672
SUB_04316,SUB_04281,meso_SUB_04316_SUB_04281_rev,600.0,0.0,0.0,0,672
SUB_04316,SUB_04285,meso_SUB_04316_SUB_04285_rev,600.0,0.0,0.0,0,672
SUB_10344,SUB_10293,meso_SUB_10344_SUB_10293_rev,1500.0,0.0,0.0,0,672
SUB_10344,SUB_10326,meso_SUB_10344_SUB_10326_rev,600.0,2.635403918683628,8.263622543492268,0,672
SUB_10344,SUB_10352,meso_SUB_10344_SUB_10352_fwd,1500.0,10.691677528825588,18.57450869845361,0,672
SUB_10344,SUB_HIFLD_2171,meso_SUB_10344_SUB_HIFLD_2171_fwd,600.0,0.0,0.0,0,672
SUB_10344,SUB_HIFLD_2173,meso_SUB_10344_SUB_HIFLD_2173_fwd,1500.0,1.4868779022262846,2.7753690473271924,0,672
SUB_10236,SUB_10281,meso_SUB_10236_SUB_10281_fwd,600.0,0.0,0.0,0,672
SUB_10236,SUB_10318,meso_SUB_10236_SUB_10318_fwd,600.0,0.09061948863325836,2.1023037310728094,0,672
SUB_10236,SUB_HIFLD_482,meso_SUB_10236_SUB_HIFLD_482_fwd,600.0,0.0,0.0,0,672
SUB_06246,SUB_01365,meso_SUB_06246_SUB_01365_rev,1500.0,0.0,0.0,0,672
SUB_06246,SUB_HIFLD_595,meso_SUB_06246_SUB_HIFLD_595_fwd,3000.0,0.547775681281906,105.53900182290295,0,672
SUB_19234,SUB_19243,meso_SUB_19234_SUB_19243_fwd,3000.0,18.606663405349888,45.387137939453126,0,672
SUB_10338,SUB_10345,meso_SUB_10338_SUB_10345_fwd,600.0,0.0,0.0,0,672
SUB_10212,SUB_10211,meso_SUB_10212_SUB_10211_fwd,62.8700255258172,0.0,0.0,0,672
SUB_25354,SUB_25245,meso_SUB_25354_SUB_25245_fwd,86.03732224228722,0.051219211670063436,1.4031435587737118,0,672
SUB_15243,SUB_15203,meso_SUB_15243_SUB_15203_rev,1200.0,2.9133386008766635,11.275286928157216,0,672
SUB_15243,SUB_15230,meso_SUB_15243_SUB_15230_rev,600.0,0.0,0.0,0,672
SUB_15243,SUB_15249,meso_SUB_15243_SUB_15249_fwd,600.0,3.651055576916823,52.136166963683785,0,672
SUB_25244,SUB_25208,meso_SUB_25244_SUB_25208_rev,800.0,0.7707598593448698,3.499410719019539,0,672
SUB_15308,SUB_15226,meso_SUB_15308_SUB_15226_rev,1500.0,0.0,0.0,0,672
SUB_15308,SUB_15276,meso_SUB_15308_SUB_15276_rev,3000.0,0.0,0.0,0,672
SUB_01465,SUB_01391,meso_SUB_01465_SUB_01391_rev,600.0,52.89915125674294,69.76638671875,0,672
SUB_25388,SUB_HIFLD_1833,meso_SUB_25388_SUB_HIFLD_1833_fwd,1500.0,0.0,0.0,0,672
SUB_08319,SUB_08324,meso_SUB_08319_SUB_08324_fwd,4500.0,0.267458764736623,23.42085025845058,0,672
SUB_08319,SUB_08325,meso_SUB_08319_SUB_08325_fwd,1500.0,62.793992272883074,87.1436930450981,0,672
SUB_08319,SUB_08351,meso_SUB_08319_SUB_08351_fwd,600.0,0.0,0.0,0,672
SUB_08319,SUB_08362,meso_SUB_08319_SUB_08362_fwd,1500.0,22.235087181716626,31.84791800902062,0,672
SUB_08319,SUB_08369,meso_SUB_08319_SUB_08369_fwd,1500.0,14.341342634555579,21.425372503221645,0,672
SUB_08319,SUB_HIFLD_1195,meso_SUB_08319_SUB_HIFLD_1195_fwd,1500.0,0.0,0.0,0,672
SUB_08319,SUB_08311,meso_SUB_08319_SUB_08311_rev,50.0,0.389133385881584,0.6236464038337629,0,672
SUB_04276,SUB_04266,meso_SUB_04276_SUB_04266_rev,600.0,0.0,0.0,0,672
SUB_04276,SUB_04295,meso_SUB_04276_SUB_04295_fwd,600.0,0.0,0.0,0,672
SUB_04276,SUB_04308,meso_SUB_04276_SUB_04308_fwd,600.0,3.182505175478621,4.505941426385309,0,672
SUB_25234,SUB_25235,meso_SUB_25234_SUB_25235_fwd,2100.0,0.0,0.0,0,672
SUB_25234,SUB_25241,meso_SUB_25234_SUB_25241_fwd,800.0,64.5070261467173,254.17879906499206,0,672
SUB_25234,SUB_25409,meso_SUB_25234_SUB_25409_fwd,600.0,34.73940683803293,66.40202565666965,0,672
SUB_25234,SUB_25453,meso_SUB_25234_SUB_25453_fwd,1500.0,0.0,0.0,0,672
SUB_25234,SUB_HIFLD_217,meso_SUB_25234_SUB_HIFLD_217_fwd,600.0,2.975338129105853,4.820340718109061,0,672
SUB_25234,SUB_25229,meso_SUB_25234_SUB_25229_rev,3000.0,0.658799356377236,21.352295425257733,0,672
SUB_25234,SUB_25294,meso_SUB_25234_SUB_25294_fwd,3000.0,4.04053315015678,7.0235170344716495,0,672
SUB_25234,SUB_25412,meso_SUB_25234_SUB_25412_fwd,800.0,0.0,0.0,0,672
SUB_10254,SUB_10335,meso_SUB_10254_SUB_10335_fwd,600.0,0.5310871613136532,6.00829736328125,0,672
SUB_25361,SUB_HIFLD_1833,meso_SUB_25361_SUB_HIFLD_1833_fwd,540.1070683741551,0.0,0.0,0,672
SUB_10321,SUB_15375,meso_SUB_10321_SUB_15375_fwd,122.09443514595995,0.0,0.0,0,672
SUB_25219,SUB_25269,meso_SUB_25219_SUB_25269_fwd,800.0,1.8088042905767232,2.8352523961018044,0,672
SUB_25219,SUB_25281,meso_SUB_25219_SUB_25281_fwd,800.0,0.0,0.0,0,672
SUB_04263,SUB_04212,meso_SUB_04263_SUB_04212_rev,600.0,0.0,0.0,0,672
SUB_04263,SUB_04227,meso_SUB_04263_SUB_04227_rev,600.0,0.0,0.0,0,672
SUB_04263,SUB_04337,meso_SUB_04263_SUB_04337_fwd,600.0,0.0,0.0,0,672
SUB_16330,SUB_16242,meso_SUB_16330_SUB_16242_rev,1200.0,0.0,0.0,0,672
SUB_16330,SUB_16312,meso_SUB_16330_SUB_16312_rev,600.0,0.0,0.0,0,672
SUB_16330,SUB_16370,meso_SUB_16330_SUB_16370_fwd,600.0,3.6065944129959395,7.089999295264175,0,672
SUB_01392,SUB_01391,meso_SUB_01392_SUB_01391_rev,600.0,0.0,0.0,0,672
SUB_01392,SUB_01467,meso_SUB_01392_SUB_01467_fwd,1200.0,0.02462930299011355,8.52899842812499,0,672
SUB_01392,SUB_HIFLD_2245,meso_SUB_01392_SUB_HIFLD_2245_fwd,1200.0,0.0,0.0,0,672
SUB_25216,SUB_18266,meso_SUB_25216_SUB_18266_rev,600.0,2.748489109684137,6.5942135676747755,0,672
SUB_25216,SUB_25238,meso_SUB_25216_SUB_25238_fwd,600.0,0.7687774213436017,1.1447052945795748,0,672
SUB_01430,SUB_01202,meso_SUB_01430_SUB_01202_rev,1500.0,0.0,0.0,0,672
SUB_01430,SUB_01353,meso_SUB_01430_SUB_01353_rev,1500.0,0.0,0.0,0,672
SUB_01430,SUB_01385,meso_SUB_01430_SUB_01385_rev,50.0,0.6387402637015386,1.326685073695232,0,672
SUB_01430,SUB_01355,meso_SUB_01430_SUB_01355_rev,50.0,1.2934099999841195,2.600934278350515,0,672
SUB_01430,SUB_01296,meso_SUB_01430_SUB_01296_rev,50.0,1.5438247672236898,3.4414032297036083,0,672
SUB_02411,SUB_02404,meso_SUB_02411_SUB_02404_rev,600.0,0.0,0.0,0,672
SUB_02411,SUB_02410,meso_SUB_02411_SUB_02410_rev,600.0,0.1802123918566097,11.329431781572161,0,672
SUB_01434,SUB_01250,meso_SUB_01434_SUB_01250_rev,1500.0,0.0,0.0,0,672
SUB_04249,SUB_04248,meso_SUB_04249_SUB_04248_rev,1500.0,0.0,0.0,0,672
SUB_04349,SUB_04227,meso_SUB_04349_SUB_04227_rev,600.0,0.0,0.0,0,672
SUB_04349,SUB_04318,meso_SUB_04349_SUB_04318_rev,1500.0,0.0,0.0,0,672
SUB_04349,SUB_04337,meso_SUB_04349_SUB_04337_rev,1500.0,0.0,0.0,0,672
SUB_04349,SUB_04347,meso_SUB_04349_SUB_04347_rev,1500.0,3.9239873987234395,7.243989610180413,0,672
SUB_18222,SUB_18229,meso_SUB_18222_SUB_18229_fwd,600.0,9.83880212303465,13.324941607603092,0,672
SUB_18222,SUB_18235,meso_SUB_18222_SUB_18235_fwd,1500.0,0.0,0.0,0,672
SUB_18222,SUB_18240,meso_SUB_18222_SUB_18240_fwd,2100.0,17.67342255732331,24.500489288015462,0,672
SUB_18222,SUB_18285,meso_SUB_18222_SUB_18285_fwd,600.0,26.677146010043657,35.443069551094695,0,672
SUB_18222,SUB_HIFLD_1195,meso_SUB_18222_SUB_HIFLD_1195_fwd,1500.0,0.0,0.0,0,672
SUB_19246,SUB_19222,meso_SUB_19246_SUB_19222_rev,600.0,11.665826699225306,24.863879951775246,0,672
SUB_19246,SUB_19229,meso_SUB_19246_SUB_19229_rev,600.0,0.06899719125919035,1.2158644843347295,0,672
SUB_19246,SUB_19231,meso_SUB_19246_SUB_19231_rev,600.0,1.2658450662187792,1.7935064886034149,0,672
SUB_19246,SUB_19241,meso_SUB_19246_SUB_19241_rev,1500.0,0.016642168967528764,0.7136270739368556,0,672
SUB_19246,SUB_19243,meso_SUB_19246_SUB_19243_rev,600.0,0.0,0.0,0,672
SUB_19246,SUB_HIFLD_2356,meso_SUB_19246_SUB_HIFLD_2356_fwd,1500.0,0.0,0.0,0,672
SUB_19246,SUB_10293,meso_SUB_19246_SUB_10293_rev,1500.0,0.0,0.0,0,672
SUB_04285,SUB_04281,meso_SUB_04285_SUB_04281_rev,600.0,0.0,0.0,0,672
SUB_04285,SUB_04286,meso_SUB_04285_SUB_04286_fwd,600.0,3.9356567074587447,6.292447011637276,0,672
SUB_04285,SUB_04316,meso_SUB_04285_SUB_04316_fwd,600.0,0.0,0.0,0,672
SUB_01338,SUB_01318,meso_SUB_01338_SUB_01318_fwd,50.0,0.0,0.0,0,672
SUB_06344,SUB_06332,meso_SUB_06344_SUB_06332_rev,600.0,0.0,0.0,0,672
SUB_06344,SUB_15215,meso_SUB_06344_SUB_15215_fwd,600.0,0.0,0.0,0,672
SUB_06344,SUB_06203,meso_SUB_06344_SUB_06203_rev,600.0,0.0,0.0,0,672
SUB_16371,SUB_16368,meso_SUB_16371_SUB_16368_rev,8000.0,0.0,0.0,0,672
SUB_16371,SUB_25430,meso_SUB_16371_SUB_25430_fwd,4000.0,0.0,0.0,0,672
SUB_16371,SUB_HIFLD_1851,meso_SUB_16371_SUB_HIFLD_1851_fwd,4000.0,0.0,0.0,0,672
SUB_16371,SUB_HIFLD_3523,meso_SUB_16371_SUB_HIFLD_3523_fwd,1500.0,0.0,0.0,0,672
SUB_16371,SUB_HIFLD_74,meso_SUB_16371_SUB_HIFLD_74_fwd,8000.0,0.0,0.0,0,672
SUB_16371,WEC_CALN,iface_SUB_16371_WEC_CALN_to_ba,200.0,0.0,0.0,0,672
SUB_25295,SUB_25268,meso_SUB_25295_SUB_25268_rev,600.0,10.001479550523909,39.061911777556475,0,672
SUB_25295,SUB_25500,meso_SUB_25295_SUB_25500_rev,607.41929311,3.8892953114369115,12.351824259020619,0,672
SUB_25295,SUB_25273,meso_SUB_25295_SUB_25273_rev,67.16844177460277,3.7768082170669044,6.924564070554124,0,672
SUB_25284,SUB_HIFLD_2511,meso_SUB_25284_SUB_HIFLD_2511_fwd,600.0,0.0,0.0,0,672
SUB_25280,SUB_25245,meso_SUB_25280_SUB_25245_rev,800.0,0.0,0.0,0,672
SUB_06207,SUB_06202,meso_SUB_06207_SUB_06202_rev,600.0,2.5296330220733974,10.457494362113401,0,672
SUB_06207,SUB_06205,meso_SUB_06207_SUB_06205_rev,600.0,0.0,0.0,0,672
SUB_06207,SUB_06254,meso_SUB_06207_SUB_06254_fwd,600.0,1.793756410046101,5.546616261275773,0,672
SUB_06207,SUB_06277,meso_SUB_06207_SUB_06277_fwd,600.0,8.892942104604533,15.00947115234375,0,672
SUB_16362,SUB_16230,meso_SUB_16362_SUB_16230_rev,600.0,0.0,0.0,0,672
SUB_16362,SUB_16312,meso_SUB_16362_SUB_16312_rev,600.0,0.0,0.0,0,672
SUB_16362,SUB_16372,meso_SUB_16362_SUB_16372_fwd,600.0,0.0,0.0,0,672
SUB_04299,SUB_04201,meso_SUB_04299_SUB_04201_rev,1500.0,0.0,0.0,0,672
SUB_04299,SUB_04248,meso_SUB_04299_SUB_04248_rev,1500.0,0.0,0.0,0,672
SUB_10327,SUB_HIFLD_2188,meso_SUB_10327_SUB_HIFLD_2188_fwd,50.0,0.0,0.0,0,672
SUB_01302,SUB_01233,meso_SUB_01302_SUB_01233_rev,600.0,0.0,0.0,0,672
SUB_08301,SUB_08325,meso_SUB_08301_SUB_08325_fwd,600.0,0.0,0.0,0,672
SUB_02286,SUB_02210,meso_SUB_02286_SUB_02210_rev,1500.0,0.0,0.0,0,672
SUB_02286,SUB_02272,meso_SUB_02286_SUB_02272_rev,600.0,0.0,0.0,0,672
SUB_02286,SUB_02264,meso_SUB_02286_SUB_02264_rev,1500.0,0.0,0.0,0,672
SUB_02286,SUB_02270,meso_SUB_02286_SUB_02270_rev,600.0,0.0,0.0,0,672
SUB_02286,SUB_02244,meso_SUB_02286_SUB_02244_rev,50.0,1.7683035804175486,2.6844613301385305,0,672
SUB_01426,SUB_04204,meso_SUB_01426_SUB_04204_fwd,1500.0,0.002004485287943451,1.3470141134979992,0,672
SUB_01426,SUB_HIFLD_1118,meso_SUB_01426_SUB_HIFLD_1118_fwd,1500.0,0.0,0.0,0,672
SUB_01426,SUB_01437,meso_SUB_01426_SUB_01437_rev,139.12289906423922,11.028629319083766,14.337270457474226,0,672
SUB_15206,SUB_15258,meso_SUB_15206_SUB_15258_fwd,1200.0,23.044347524958145,52.166349871134024,0,672
SUB_15206,SUB_HIFLD_2010,meso_SUB_15206_SUB_HIFLD_2010_fwd,1200.0,0.0,0.0,0,672
SUB_10252,SUB_10291,meso_SUB_10252_SUB_10291_fwd,600.0,34.62941102628248,73.87835317461702,0,672
SUB_10252,SUB_10309,meso_SUB_10252_SUB_10309_fwd,600.0,0.0,0.0,0,672
SUB_10252,SUB_HIFLD_2456,meso_SUB_10252_SUB_HIFLD_2456_fwd,600.0,0.0,0.0,0,672
SUB_15247,SUB_15220,meso_SUB_15247_SUB_15220_rev,600.0,0.3762552179421756,0.5085306383899807,0,672
SUB_15247,SUB_HIFLD_2456,meso_SUB_15247_SUB_HIFLD_2456_fwd,1200.0,0.0,0.0,0,672
SUB_15290,SUB_15215,meso_SUB_15290_SUB_15215_rev,1500.0,0.0,0.0,0,672
SUB_15290,SUB_15375,meso_SUB_15290_SUB_15375_fwd,1500.0,0.30055383991249784,32.06740301008343,0,672
SUB_15290,SUB_15376,meso_SUB_15290_SUB_15376_fwd,600.0,0.0,0.0,0,672
SUB_15290,SUB_15378,meso_SUB_15290_SUB_15378_fwd,1500.0,0.790623565290972,35.934499838917525,0,672
SUB_15257,SUB_15246,meso_SUB_15257_SUB_15246_rev,3000.0,0.0,0.0,0,672
SUB_15257,SUB_HIFLD_597,meso_SUB_15257_SUB_HIFLD_597_fwd,1500.0,0.0,0.0,0,672
SUB_02281,SUB_02272,meso_SUB_02281_SUB_02272_rev,600.0,0.0,0.0,0,672
SUB_02281,SUB_02410,meso_SUB_02281_SUB_02410_fwd,600.0,7.707508524247224,15.3106556056701,0,672
SUB_01432,SUB_01365,meso_SUB_01432_SUB_01365_rev,1200.0,0.0,0.0,0,672
SUB_01432,SUB_16209,meso_SUB_01432_SUB_16209_fwd,600.0,0.03904752962842439,3.4332441506926545,0,672
SUB_01432,SUB_16374,meso_SUB_01432_SUB_16374_fwd,600.0,0.0,0.0,0,672
SUB_16298,SUB_16282,meso_SUB_16298_SUB_16282_rev,1500.0,0.0,0.0,0,672
SUB_16298,SUB_16357,meso_SUB_16298_SUB_16357_fwd,3000.0,5.251116166747169,11.922269652061855,0,672
SUB_16298,SUB_16378,meso_SUB_16298_SUB_16378_fwd,1500.0,0.0,0.0,0,672
SUB_16298,SUB_16261,meso_SUB_16298_SUB_16261_rev,3000.0,0.10065462437270105,10.24745638814669,0,672
SUB_16298,SUB_16319,meso_SUB_16298_SUB_16319_fwd,1500.0,8.097967485200328,48.62844397029952,0,672
SUB_16298,SUB_HIFLD_74,meso_SUB_16298_SUB_HIFLD_74_fwd,1500.0,0.0,0.0,0,672
SUB_04328,SUB_04204,meso_SUB_04328_SUB_04204_rev,3000.0,0.0,0.0,0,672
SUB_04328,SUB_06380,meso_SUB_04328_SUB_06380_fwd,1500.0,0.0,0.0,0,672
SUB_04328,SUB_04255,meso_SUB_04328_SUB_04255_rev,50.0,0.636213966204831,0.8920911651296713,0,672
SUB_04328,SUB_04245,meso_SUB_04328_SUB_04245_rev,156.7899301285542,8.681052147364815,13.578523679123712,0,672
SUB_15370,SUB_15244,meso_SUB_15370_SUB_15244_rev,1500.0,0.4797750320953577,10.650341866629464,0,672
SUB_15203,SUB_15243,meso_SUB_15203_SUB_15243_fwd,1200.0,0.0,0.0,0,672
SUB_15203,SUB_HIFLD_2456,meso_SUB_15203_SUB_HIFLD_2456_fwd,600.0,0.0,0.0,0,672
SUB_01254,SUB_01211,meso_SUB_01254_SUB_01211_rev,1500.0,44.83722407167542,61.962439203804706,0,672
SUB_01254,SUB_01318,meso_SUB_01254_SUB_01318_fwd,1500.0,0.0,0.0,0,672
SUB_01254,SUB_HIFLD_1131,meso_SUB_01254_SUB_HIFLD_1131_fwd,1500.0,1.5851652876396949,8.947489321539717,0,672
SUB_01254,SUB_01201,meso_SUB_01254_SUB_01201_rev,1500.0,41.97787450246969,57.25541458469038,0,672
SUB_01254,SUB_01380,meso_SUB_01254_SUB_01380_fwd,4500.0,0.0,0.0,0,672
SUB_01254,SUB_01352,meso_SUB_01254_SUB_01352_rev,50.0,0.6478738178502245,1.048184990637081,0,672
SUB_01254,SUB_01267,meso_SUB_01254_SUB_01267_rev,50.0,0.9728539751040683,1.4804090991462628,0,672
SUB_25468,SUB_25232,meso_SUB_25468_SUB_25232_rev,800.0,96.42218999851619,302.67554530744377,0,672
SUB_25468,SUB_18256,meso_SUB_25468_SUB_18256_rev,3398.758357,0.5896401959501987,6.249113140638689,0,672
SUB_25468,SUB_25440,meso_SUB_25468_SUB_25440_rev,434.41053869999996,0.01920427229770091,0.06130146931127175,0,672
SUB_06381,SUB_06208,meso_SUB_06381_SUB_06208_rev,1200.0,0.0,0.0,0,672
SUB_04277,SUB_04282,meso_SUB_04277_SUB_04282_fwd,1500.0,0.0,0.0,0,672
SUB_06283,SUB_06202,meso_SUB_06283_SUB_06202_rev,600.0,5.239780638428679,13.128714964561858,0,672
SUB_06283,SUB_06288,meso_SUB_06283_SUB_06288_fwd,600.0,0.0001762069933661422,0.05136660939639377,0,672
SUB_06283,SUB_10285,meso_SUB_06283_SUB_10285_fwd,1200.0,0.0,0.0,0,672
SUB_10326,SUB_10293,meso_SUB_10326_SUB_10293_rev,1200.0,0.0,0.0,0,672
SUB_10326,SUB_10344,meso_SUB_10326_SUB_10344_fwd,600.0,0.0,0.0,0,672
SUB_08377,SUB_08337,meso_SUB_08377_SUB_08337_rev,4000.0,0.0,0.0,0,672
SUB_08377,SUB_08343,meso_SUB_08377_SUB_08343_rev,4000.0,0.0,0.0,0,672
SUB_08377,SUB_HIFLD_1432,meso_SUB_08377_SUB_HIFLD_1432_fwd,4000.0,0.0,0.0,0,672
SUB_08377,WEC_CALN,iface_SUB_08377_WEC_CALN_to_ba,4000.0,0.0,0.0,0,672
SUB_01438,SUB_HIFLD_10,meso_SUB_01438_SUB_HIFLD_10_fwd,1500.0,0.0,0.0,0,672
SUB_01438,SUB_HIFLD_2791,meso_SUB_01438_SUB_HIFLD_2791_fwd,1500.0,24.288295622963226,64.48511133485027,0,672
SUB_01438,SUB_HIFLD_28,meso_SUB_01438_SUB_HIFLD_28_fwd,1500.0,77.07239196215512,173.35975462056524,0,672
SUB_01438,SUB_HIFLD_3448,meso_SUB_01438_SUB_HIFLD_3448_fwd,1500.0,7.493038448748142,67.08116007954793,0,672
SUB_25231,SUB_25347,meso_SUB_25231_SUB_25347_fwd,600.0,11.513553738059844,100.18584010652853,0,672
SUB_25231,SUB_25446,meso_SUB_25231_SUB_25446_fwd,1500.0,0.0104039543448679,0.031184361644626898,0,672
SUB_25231,SUB_25537,meso_SUB_25231_SUB_25537_fwd,800.0,7.721389539332788,84.9718281233768,0,672
SUB_25231,SUB_HIFLD_211,meso_SUB_25231_SUB_HIFLD_211_fwd,1500.0,0.06770889680409964,14.352631268980339,0,672
SUB_25231,SUB_25242,meso_SUB_25231_SUB_25242_fwd,1500.0,39.83074641200797,153.6523340848185,0,672
SUB_16321,SUB_16207,meso_SUB_16321_SUB_16207_rev,1200.0,6.117597951314949,123.16270950386387,0,672
SUB_16321,SUB_16348,meso_SUB_16321_SUB_16348_fwd,1200.0,0.0,0.0,0,672
SUB_15378,SUB_15290,meso_SUB_15378_SUB_15290_rev,1500.0,1.3709330244909579,15.618384544136598,0,672
SUB_15378,SUB_15215,meso_SUB_15378_SUB_15215_rev,1500.0,4.705122488076685,24.566390625,0,672
SUB_04246,SUB_04202,meso_SUB_04246_SUB_04202_rev,600.0,0.0,0.0,0,672
SUB_04246,SUB_04230,meso_SUB_04246_SUB_04230_rev,600.0,0.0,0.0,0,672
SUB_18282,SUB_18257,meso_SUB_18282_SUB_18257_rev,1500.0,9.478067695357074,28.300772054183497,0,672
SUB_18282,SUB_18260,meso_SUB_18282_SUB_18260_rev,1500.0,25.052596088572347,45.68178157216495,0,672
SUB_18282,SUB_18267,meso_SUB_18282_SUB_18267_rev,3000.0,29.656073303527982,127.44632731958761,0,672
SUB_18282,SUB_18281,meso_SUB_18282_SUB_18281_rev,1500.0,0.5150544599875999,33.5750877256899,0,672
SUB_18282,SUB_18301,meso_SUB_18282_SUB_18301_fwd,8000.0,0.0,0.0,0,672
SUB_18282,SUB_HIFLD_1444,meso_SUB_18282_SUB_HIFLD_1444_fwd,4000.0,0.0,0.0,0,672
SUB_18282,SUB_18206,meso_SUB_18282_SUB_18206_rev,1500.0,17.940798845085222,37.09278350515464,0,672
SUB_18282,WEC_CALN,iface_SUB_18282_WEC_CALN_to_ba,200.0,5.430719575171898,178.552752945047,0,672
SUB_19239,SUB_19218,meso_SUB_19239_SUB_19218_rev,600.0,3.4359235366121395,6.150236736913497,0,672
SUB_19239,SUB_19243,meso_SUB_19239_SUB_19243_fwd,600.0,0.0,0.0,0,672
SUB_19239,SUB_19245,meso_SUB_19239_SUB_19245_fwd,600.0,0.0,0.0,0,672
SUB_25409,SUB_25234,meso_SUB_25409_SUB_25234_rev,600.0,0.0,0.0,0,672
SUB_25409,SUB_HIFLD_2511,meso_SUB_25409_SUB_HIFLD_2511_fwd,600.0,13.799846697568634,23.965914105719552,0,672
SUB_25450,SUB_25246,meso_SUB_25450_SUB_25246_rev,1500.0,0.053007156668053904,8.215837241198567,0,672
SUB_25450,SUB_25290,meso_SUB_25450_SUB_25290_rev,3000.0,0.0,0.0,0,672
SUB_25450,SUB_25318,meso_SUB_25450_SUB_25318_rev,161.32904046452495,8.514705940737231,16.62820453447165,0,672
SUB_25457,SUB_25255,meso_SUB_25457_SUB_25255_rev,1500.0,0.0,0.0,0,672
SUB_25457,SUB_25476,meso_SUB_25457_SUB_25476_fwd,1500.0,1.0782006759531193,17.775692654639172,0,672
SUB_25457,SUB_25526,meso_SUB_25457_SUB_25526_fwd,4000.0,0.0,0.0,0,672
SUB_25457,WEC_CALN,iface_SUB_25457_WEC_CALN_to_ba,1000.0,0.0,0.0,0,672
SUB_25431,SUB_25464,meso_SUB_25431_SUB_25464_fwd,229.808978,2.6580026113101036,16.009676433904016,0,672
SUB_01380,SUB_01210,meso_SUB_01380_SUB_01210_rev,1500.0,35.19384322342474,118.6055628151072,0,672
SUB_01380,SUB_01311,meso_SUB_01380_SUB_01311_rev,1500.0,127.28726338946684,256.20688228272564,0,672
SUB_01380,SUB_01318,meso_SUB_01380_SUB_01318_rev,1500.0,3.2857206499100124,5.260821238049591,0,672
SUB_01380,SUB_01353,meso_SUB_01380_SUB_01353_rev,1500.0,64.18278929152616,178.2049836813961,0,672
SUB_01380,SUB_01365,meso_SUB_01380_SUB_01365_rev,4000.0,0.0,0.0,0,672
SUB_01380,SUB_01409,meso_SUB_01380_SUB_01409_fwd,4000.0,0.0,0.0,0,672
SUB_01380,SUB_01423,meso_SUB_01380_SUB_01423_fwd,12000.0,0.0,0.0,0,672
SUB_01380,SUB_01467,meso_SUB_01380_SUB_01467_fwd,4000.0,0.0,0.0,0,672
SUB_01380,SUB_01254,meso_SUB_01380_SUB_01254_rev,4500.0,133.86958146750976,168.92700895582635,0,672
SUB_01380,SUB_01324,meso_SUB_01380_SUB_01324_rev,4000.0,0.0,0.0,0,672
SUB_01380,SUB_01416,meso_SUB_01380_SUB_01416_fwd,4000.0,0.0,0.0,0,672
SUB_01380,SUB_04205,meso_SUB_01380_SUB_04205_fwd,4000.0,0.0,0.0,0,672
SUB_01380,SUB_04325,meso_SUB_01380_SUB_04325_fwd,4000.0,0.0,0.0,0,672
SUB_01380,WEC_CALN,iface_SUB_01380_WEC_CALN_to_ba,200.0,0.0,0.0,0,672
SUB_18226,SUB_18201,meso_SUB_18226_SUB_18201_rev,600.0,0.0,0.0,0,672
SUB_18226,SUB_18220,meso_SUB_18226_SUB_18220_rev,600.0,0.0,0.0,0,672
SUB_18226,SUB_18230,meso_SUB_18226_SUB_18230_fwd,600.0,0.0,0.0,0,672
SUB_25395,SUB_25277,meso_SUB_25395_SUB_25277_rev,1500.0,0.0,0.0,0,672
SUB_25395,SUB_25337,meso_SUB_25395_SUB_25337_rev,800.0,0.5217944358043817,63.42108972293814,0,672
SUB_25395,SUB_25339,meso_SUB_25395_SUB_25339_rev,800.0,0.7073169224061725,46.594646590854595,0,672
SUB_25395,SUB_HIFLD_2386,meso_SUB_25395_SUB_HIFLD_2386_fwd,3800.0,44.0045150675821,425.1621022237923,0,672
SUB_25395,SUB_HIFLD_2394,meso_SUB_25395_SUB_HIFLD_2394_fwd,3800.0,0.19224814347575148,71.3375169218325,0,672
SUB_25395,SUB_HIFLD_2635,meso_SUB_25395_SUB_HIFLD_2635_fwd,3800.0,0.0,0.0,0,672
SUB_25395,SUB_HIFLD_331,meso_SUB_25395_SUB_HIFLD_331_fwd,3800.0,0.0,0.0,0,672
SUB_25395,SUB_25272,meso_SUB_25395_SUB_25272_rev,1500.0,0.0,0.0,0,672
SUB_25395,SUB_25545,meso_SUB_25395_SUB_25545_rev,460.0,4.341606196299391,18.184280364046394,0,672
SUB_25529,SUB_25241,meso_SUB_25529_SUB_25241_rev,3000.0,0.0,0.0,0,672
SUB_25529,SUB_25427,meso_SUB_25529_SUB_25427_rev,800.0,10.127102831736114,21.539366543170104,0,672
SUB_25529,SUB_25206,meso_SUB_25529_SUB_25206_rev,1500.0,0.0,0.0,0,672
SUB_25529,SUB_25285,meso_SUB_25529_SUB_25285_rev,2014.8323522442186,93.41427481835962,196.30070621518794,0,672
SUB_25454,SUB_25290,meso_SUB_25454_SUB_25290_rev,3000.0,0.0,0.0,0,672
SUB_25454,SUB_25355,meso_SUB_25454_SUB_25355_rev,1500.0,0.0,0.0,0,672
SUB_18206,SUB_18267,meso_SUB_18206_SUB_18267_fwd,3000.0,0.0,0.0,0,672
SUB_18206,SUB_18281,meso_SUB_18206_SUB_18281_fwd,1500.0,0.0,0.0,0,672
SUB_18206,SUB_18282,meso_SUB_18206_SUB_18282_fwd,1500.0,0.0,0.0,0,672
SUB_25365,SUB_25286,meso_SUB_25365_SUB_25286_rev,1500.0,14.538103399583628,48.10679138196234,0,672
SUB_25365,SUB_25261,meso_SUB_25365_SUB_25261_rev,1500.0,0.0,0.0,0,672
SUB_08337,SUB_08202,meso_SUB_08337_SUB_08202_rev,600.0,35.91642487618246,66.9514465665065,0,672
SUB_08337,SUB_08348,meso_SUB_08337_SUB_08348_fwd,1500.0,119.72383288804892,264.9717991965089,0,672
SUB_08337,SUB_08377,meso_SUB_08337_SUB_08377_fwd,4000.0,0.0,0.0,0,672
SUB_08337,WEC_CALN,iface_SUB_08337_WEC_CALN_to_ba,17900.0,0.0,0.0,0,672
SUB_10265,SUB_10249,meso_SUB_10265_SUB_10249_fwd,50.0,1.1279914665882718,1.3490878157182171,0,672
SUB_10346,SUB_10293,meso_SUB_10346_SUB_10293_rev,1500.0,25.51093054333308,52.6143623046875,0,672
SUB_HIFLD_1,SUB_HIFLD_1140,meso_SUB_HIFLD_1_SUB_HIFLD_1140_fwd,1500.0,1.3602880572177174,12.976664183311856,0,672
SUB_HIFLD_1,SUB_HIFLD_28,meso_SUB_HIFLD_1_SUB_HIFLD_28_fwd,1500.0,0.0,0.0,0,672
SUB_HIFLD_10,SUB_01222,meso_SUB_HIFLD_10_SUB_01222_rev,1500.0,0.06577371284113244,44.199935029241,0,672
SUB_HIFLD_10,SUB_01423,meso_SUB_HIFLD_10_SUB_01423_rev,4000.0,0.0,0.0,0,672
SUB_HIFLD_10,SUB_01438,meso_SUB_HIFLD_10_SUB_01438_rev,1500.0,152.8960816092362,249.81524515643906,0,672
SUB_HIFLD_10,SUB_01447,meso_SUB_HIFLD_10_SUB_01447_rev,3000.0,47.50711059467557,76.78638047680413,0,672
SUB_HIFLD_10,SUB_02419,meso_SUB_HIFLD_10_SUB_02419_rev,4000.0,0.0,0.0,0,672
SUB_HIFLD_10,SUB_01216,meso_SUB_HIFLD_10_SUB_01216_rev,4000.0,0.0,0.0,0,672
SUB_HIFLD_10,SUB_01376,meso_SUB_HIFLD_10_SUB_01376_rev,3000.0,73.44128482689386,92.68592944587628,0,672
SUB_HIFLD_10,SUB_01469,meso_SUB_HIFLD_10_SUB_01469_rev,4000.0,0.0,0.0,0,672
SUB_HIFLD_10,WEC_CALN,iface_SUB_HIFLD_10_WEC_CALN_to_ba,11000.0,0.0,0.0,0,672
SUB_HIFLD_11,SUB_01368,meso_SUB_HIFLD_11_SUB_01368_rev,1500.0,45.7836007186291,57.96092541881443,0,672
SUB_HIFLD_11,SUB_HIFLD_2791,meso_SUB_HIFLD_11_SUB_HIFLD_2791_fwd,1500.0,0.0,0.0,0,672
SUB_HIFLD_11,SUB_HIFLD_2989,meso_SUB_HIFLD_11_SUB_HIFLD_2989_fwd,1500.0,0.0,0.0,0,672
SUB_HIFLD_11,SUB_HIFLD_3448,meso_SUB_HIFLD_11_SUB_HIFLD_3448_fwd,1500.0,0.0,0.0,0,672
SUB_HIFLD_28,SUB_01209,meso_SUB_HIFLD_28_SUB_01209_rev,1500.0,70.10297798827166,83.8496456185567,0,672
SUB_HIFLD_28,SUB_HIFLD_1,meso_SUB_HIFLD_28_SUB_HIFLD_1_rev,1500.0,16.712152792396815,41.272034193491606,0,672
SUB_HIFLD_28,SUB_HIFLD_2989,meso_SUB_HIFLD_28_SUB_HIFLD_2989_fwd,1500.0,0.44980884051030046,59.31048782377088,0,672
SUB_HIFLD_28,SUB_HIFLD_3547,meso_SUB_HIFLD_28_SUB_HIFLD_3547_fwd,1500.0,10.457307675286257,15.694331910438144,0,672
SUB_HIFLD_28,SUB_01311,meso_SUB_HIFLD_28_SUB_01311_rev,3000.0,0.0,0.0,0,672
SUB_HIFLD_28,SUB_01438,meso_SUB_HIFLD_28_SUB_01438_rev,1500.0,0.0,0.0,0,672
SUB_HIFLD_28,SUB_HIFLD_3448,meso_SUB_HIFLD_28_SUB_HIFLD_3448_fwd,1500.0,0.0,0.0,0,672
SUB_HIFLD_30,SUB_01223,meso_SUB_HIFLD_30_SUB_01223_rev,4000.0,0.0552527682887157,37.12986029001695,0,672
SUB_HIFLD_30,SUB_16242,meso_SUB_HIFLD_30_SUB_16242_rev,4000.0,0.8957524196146489,64.65161638831508,0,672
SUB_HIFLD_30,SUB_16391,meso_SUB_HIFLD_30_SUB_16391_rev,4000.0,0.0944418919635608,25.416925711439653,0,672
SUB_HIFLD_30,SUB_HIFLD_1113,meso_SUB_HIFLD_30_SUB_HIFLD_1113_rev,16000.0,0.0,0.0,0,672
SUB_HIFLD_30,SUB_HIFLD_1406,meso_SUB_HIFLD_30_SUB_HIFLD_1406_rev,1500.0,0.0,0.0,0,672
SUB_HIFLD_30,SUB_HIFLD_2318,meso_SUB_HIFLD_30_SUB_HIFLD_2318_rev,1500.0,3.452878118469206,26.158538084248306,0,672
SUB_HIFLD_30,SUB_HIFLD_982,meso_SUB_HIFLD_30_SUB_HIFLD_982_fwd,24500.0,0.0,0.0,0,672
SUB_HIFLD_30,SUB_01216,meso_SUB_HIFLD_30_SUB_01216_rev,4000.0,0.0,0.0,0,672
SUB_HIFLD_30,SUB_01222,meso_SUB_HIFLD_30_SUB_01222_rev,8000.0,114.58294140833806,439.899161832031,0,672
SUB_HIFLD_30,SUB_01324,meso_SUB_HIFLD_30_SUB_01324_rev,4000.0,0.0,0.0,0,672
SUB_HIFLD_30,SUB_06359,meso_SUB_HIFLD_30_SUB_06359_rev,15000.0,8.9148954847391,97.7890476762135,0,672
SUB_HIFLD_30,SUB_16267,meso_SUB_HIFLD_30_SUB_16267_rev,4000.0,7.103848361232757,44.927174280794475,0,672
SUB_HIFLD_30,SUB_16288,meso_SUB_HIFLD_30_SUB_16288_rev,30000.0,50.035321904111285,97.22515056561815,0,672
SUB_HIFLD_30,SUB_16329,meso_SUB_HIFLD_30_SUB_16329_rev,1500.0,15.551583900968657,41.03320482018823,0,672
SUB_HIFLD_30,SUB_16348,meso_SUB_HIFLD_30_SUB_16348_rev,8000.0,0.08140997109390789,54.7075005751061,0,672
SUB_HIFLD_30,SUB_16380,meso_SUB_HIFLD_30_SUB_16380_rev,1500.0,24.85585299432424,47.822402545103095,0,672
SUB_HIFLD_30,SUB_HIFLD_1135,meso_SUB_HIFLD_30_SUB_HIFLD_1135_rev,30000.0,0.0,0.0,0,672
SUB_HIFLD_30,SUB_HIFLD_1432,meso_SUB_HIFLD_30_SUB_HIFLD_1432_rev,30000.0,0.0,0.0,0,672
SUB_HIFLD_30,SUB_HIFLD_3491,meso_SUB_HIFLD_30_SUB_HIFLD_3491_fwd,4000.0,0.0,0.0,0,672
SUB_HIFLD_30,WEC_CALN,iface_SUB_HIFLD_30_WEC_CALN_to_ba,50500.0,0.0,0.0,0,672
SUB_HIFLD_41,SUB_16216,meso_SUB_HIFLD_41_SUB_16216_rev,1500.0,0.25767692557446814,24.350444957841507,0,672
SUB_HIFLD_41,SUB_HIFLD_2947,meso_SUB_HIFLD_41_SUB_HIFLD_2947_rev,1500.0,22.93779222468066,34.98837205496698,0,672
SUB_HIFLD_41,SUB_16369,meso_SUB_HIFLD_41_SUB_16369_rev,1500.0,1.53830918043808,2.844350283907861,0,672
SUB_HIFLD_41,SUB_16356,meso_SUB_HIFLD_41_SUB_16356_rev,55.0,0.0,0.0,0,672
SUB_HIFLD_48,SUB_18304,meso_SUB_HIFLD_48_SUB_18304_rev,1500.0,18.0024917532634,32.56767711273069,0,672
SUB_HIFLD_48,SUB_HIFLD_3903,meso_SUB_HIFLD_48_SUB_HIFLD_3903_rev,1500.0,0.0,0.0,0,672
SUB_HIFLD_48,SUB_HIFLD_4291,meso_SUB_HIFLD_48_SUB_HIFLD_4291_rev,1500.0,0.0,0.0,0,672
SUB_HIFLD_48,SUB_18310,meso_SUB_HIFLD_48_SUB_18310_rev,1500.0,6.113139133144373,8.375133396423971,0,672
SUB_HIFLD_74,SUB_16371,meso_SUB_HIFLD_74_SUB_16371_rev,8000.0,14.416833053878852,47.78123791881443,0,672
SUB_HIFLD_74,SUB_25430,meso_SUB_HIFLD_74_SUB_25430_rev,4000.0,3.53520473400526,14.344093307023197,0,672
SUB_HIFLD_74,SUB_16298,meso_SUB_HIFLD_74_SUB_16298_rev,1500.0,20.413529730105342,75.44676744938201,0,672
SUB_HIFLD_74,SUB_16378,meso_SUB_HIFLD_74_SUB_16378_rev,1500.0,4.382687990589072,58.88762457270087,0,672
SUB_HIFLD_74,SUB_HIFLD_1851,meso_SUB_HIFLD_74_SUB_HIFLD_1851_rev,4000.0,110.20652638740012,364.6536081897027,0,672
SUB_HIFLD_74,SUB_16345,meso_SUB_HIFLD_74_SUB_16345_rev,167.8916364455201,9.274660598780558,15.027163538981958,0,672
SUB_HIFLD_74,WEC_CALN,iface_SUB_HIFLD_74_WEC_CALN_to_ba,4078.0,0.012546092113474995,8.430973900255196,0,672
SUB_HIFLD_87,SUB_HIFLD_1574,meso_SUB_HIFLD_87_SUB_HIFLD_1574_rev,800.0,0.038757897673900435,0.20351859534733202,0,672
SUB_HIFLD_87,SUB_HIFLD_1589,meso_SUB_HIFLD_87_SUB_HIFLD_1589_rev,4000.0,260.4242003656963,531.2197220361783,0,672
SUB_HIFLD_87,SUB_HIFLD_1943,meso_SUB_HIFLD_87_SUB_HIFLD_1943_rev,800.0,47.86307485103071,134.4210633651593,0,672
SUB_HIFLD_87,SUB_HIFLD_1971,meso_SUB_HIFLD_87_SUB_HIFLD_1971_rev,800.0,20.478855568245308,83.13126371857138,0,672
SUB_HIFLD_87,SUB_HIFLD_3209,meso_SUB_HIFLD_87_SUB_HIFLD_3209_rev,800.0,1.4645650966099162,136.84756774990103,0,672
SUB_HIFLD_87,SUB_HIFLD_1561,meso_SUB_HIFLD_87_SUB_HIFLD_1561_rev,800.0,47.1104448707106,66.10380953824132,0,672
SUB_HIFLD_87,SUB_HIFLD_1568,meso_SUB_HIFLD_87_SUB_HIFLD_1568_rev,4000.0,301.3161372830814,656.563407757799,0,672
SUB_HIFLD_87,SUB_HIFLD_1575,meso_SUB_HIFLD_87_SUB_HIFLD_1575_rev,800.0,0.0,0.0,0,672
SUB_HIFLD_87,SUB_HIFLD_1622,meso_SUB_HIFLD_87_SUB_HIFLD_1622_rev,800.0,11.926587981488144,21.831757409793813,0,672
SUB_HIFLD_87,SUB_HIFLD_1650,meso_SUB_HIFLD_87_SUB_HIFLD_1650_rev,4000.0,309.3839476970617,593.0760476516425,0,672
SUB_HIFLD_87,SUB_HIFLD_1924,meso_SUB_HIFLD_87_SUB_HIFLD_1924_rev,800.0,110.98071768945495,330.8481067125906,0,672
SUB_HIFLD_87,SUB_HIFLD_1926,meso_SUB_HIFLD_87_SUB_HIFLD_1926_rev,4000.0,494.9238647868599,1019.5977056527331,0,672
SUB_HIFLD_105,SUB_HIFLD_4325,meso_SUB_HIFLD_105_SUB_HIFLD_4325_fwd,1500.0,1.3051204850019844,69.34864930283536,0,672
SUB_HIFLD_105,SUB_01216,meso_SUB_HIFLD_105_SUB_01216_rev,3000.0,23.965602625139745,148.3477715725478,0,672
SUB_HIFLD_105,SUB_01324,meso_SUB_HIFLD_105_SUB_01324_rev,1500.0,29.000892543995594,164.604322663223,0,672
SUB_HIFLD_105,SUB_01365,meso_SUB_HIFLD_105_SUB_01365_rev,1500.0,32.159336233557696,200.62541308029807,0,672
SUB_HIFLD_130,SUB_01343,meso_SUB_HIFLD_130_SUB_01343_rev,3000.0,0.0,0.0,0,672
SUB_HIFLD_130,SUB_01391,meso_SUB_HIFLD_130_SUB_01391_rev,3000.0,0.0029040063512518494,1.9514922680412428,0,672
SUB_HIFLD_130,SUB_01445,meso_SUB_HIFLD_130_SUB_01445_rev,1500.0,1.1727069816640574,40.844756388530946,0,672
SUB_HIFLD_130,SUB_01467,meso_SUB_HIFLD_130_SUB_01467_rev,4000.0,0.21580463300760416,18.39611397686069,0,672
SUB_HIFLD_130,SUB_01216,meso_SUB_HIFLD_130_SUB_01216_rev,4000.0,0.0,0.0,0,672
SUB_HIFLD_130,SUB_01324,meso_SUB_HIFLD_130_SUB_01324_rev,4000.0,0.0,0.0,0,672
SUB_HIFLD_130,WEC_CALN,iface_SUB_HIFLD_130_WEC_CALN_to_ba,8500.0,0.0,0.0,0,672
SUB_HIFLD_135,SUB_HIFLD_3267,meso_SUB_HIFLD_135_SUB_HIFLD_3267_fwd,800.0,1.794363244515046,2.5595383476965203,0,672
SUB_HIFLD_135,SUB_HIFLD_136,meso_SUB_HIFLD_135_SUB_HIFLD_136_fwd,1600.0,0.0,0.0,0,672
SUB_HIFLD_135,SUB_HIFLD_140,meso_SUB_HIFLD_135_SUB_HIFLD_140_fwd,800.0,0.0,0.0,0,672
SUB_HIFLD_136,SUB_HIFLD_141,meso_SUB_HIFLD_136_SUB_HIFLD_141_fwd,1500.0,0.6609668897891899,0.90234375,0,672
SUB_HIFLD_136,SUB_HIFLD_3269,meso_SUB_HIFLD_136_SUB_HIFLD_3269_fwd,800.0,0.0,0.0,0,672
SUB_HIFLD_136,SUB_HIFLD_3270,meso_SUB_HIFLD_136_SUB_HIFLD_3270_fwd,800.0,2.664196681195382,3.6945568187290765,0,672
SUB_HIFLD_136,SUB_HIFLD_135,meso_SUB_HIFLD_136_SUB_HIFLD_135_rev,1600.0,3.7592566673741734,5.335156771546027,0,672
SUB_HIFLD_136,SUB_HIFLD_138,meso_SUB_HIFLD_136_SUB_HIFLD_138_fwd,800.0,0.0,0.0,0,672
SUB_HIFLD_136,SUB_HIFLD_142,meso_SUB_HIFLD_136_SUB_HIFLD_142_fwd,1600.0,0.0,0.0,0,672
SUB_HIFLD_138,SUB_HIFLD_3269,meso_SUB_HIFLD_138_SUB_HIFLD_3269_fwd,800.0,0.0,0.0,0,672
SUB_HIFLD_138,SUB_HIFLD_136,meso_SUB_HIFLD_138_SUB_HIFLD_136_rev,800.0,0.0,0.0,0,672
SUB_HIFLD_139,SUB_HIFLD_146,meso_SUB_HIFLD_139_SUB_HIFLD_146_fwd,800.0,1.0079051246699247,1.4127574802673968,0,672
SUB_HIFLD_139,SUB_HIFLD_3268,meso_SUB_HIFLD_139_SUB_HIFLD_3268_fwd,800.0,0.0,0.0,0,672
SUB_HIFLD_139,SUB_HIFLD_142,meso_SUB_HIFLD_139_SUB_HIFLD_142_fwd,1600.0,0.0,0.0,0,672
SUB_HIFLD_140,SUB_HIFLD_3268,meso_SUB_HIFLD_140_SUB_HIFLD_3268_fwd,800.0,0.0,0.0,0,672
SUB_HIFLD_140,SUB_HIFLD_135,meso_SUB_HIFLD_140_SUB_HIFLD_135_rev,800.0,0.0,0.0,0,672
SUB_HIFLD_140,SUB_HIFLD_142,meso_SUB_HIFLD_140_SUB_HIFLD_142_fwd,800.0,0.0,0.0,0,672
SUB_HIFLD_141,SUB_HIFLD_136,meso_SUB_HIFLD_141_SUB_HIFLD_136_rev,1500.0,0.0,0.0,0,672
SUB_HIFLD_142,SUB_HIFLD_3268,meso_SUB_HIFLD_142_SUB_HIFLD_3268_fwd,800.0,2.517257548104213,3.6202825487274484,0,672
SUB_HIFLD_142,SUB_HIFLD_3269,meso_SUB_HIFLD_142_SUB_HIFLD_3269_fwd,800.0,6.855639690808868,9.214552833702275,0,672
SUB_HIFLD_142,SUB_HIFLD_136,meso_SUB_HIFLD_142_SUB_HIFLD_136_rev,1600.0,8.060634543091746,11.238230185790218,0,672
SUB_HIFLD_142,SUB_HIFLD_139,meso_SUB_HIFLD_142_SUB_HIFLD_139_rev,1600.0,1.2068140017558484,1.6915634820179755,0,672
SUB_HIFLD_142,SUB_HIFLD_140,meso_SUB_HIFLD_142_SUB_HIFLD_140_rev,800.0,1.759996744342218,2.509829806298325,0,672
SUB_HIFLD_142,WEC_BANC,iface_SUB_HIFLD_142_WEC_BANC_to_ba,337.2597973699951,0.0,0.0,0,672
SUB_HIFLD_146,SUB_HIFLD_139,meso_SUB_HIFLD_146_SUB_HIFLD_139_rev,800.0,0.0,0.0,0,672
SUB_HIFLD_147,SUB_HIFLD_148,meso_SUB_HIFLD_147_SUB_HIFLD_148_fwd,600.0,0.0,0.0,0,672
SUB_HIFLD_148,SUB_HIFLD_147,meso_SUB_HIFLD_148_SUB_HIFLD_147_rev,600.0,8.84551608385733,13.501712508054124,0,672
SUB_HIFLD_148,SUB_HIFLD_3065,meso_SUB_HIFLD_148_SUB_HIFLD_3065_fwd,315.64453056745504,0.0,0.0,0,672
SUB_HIFLD_150,SUB_HIFLD_1467,meso_SUB_HIFLD_150_SUB_HIFLD_1467_rev,8000.0,0.0,0.0,0,672
SUB_HIFLD_150,SUB_HIFLD_2864,meso_SUB_HIFLD_150_SUB_HIFLD_2864_fwd,800.0,0.0,0.0,0,672
SUB_HIFLD_150,SUB_HIFLD_3059,meso_SUB_HIFLD_150_SUB_HIFLD_3059_fwd,4000.0,0.9211956438602545,58.5083707325642,0,672
SUB_HIFLD_150,SUB_HIFLD_3658,meso_SUB_HIFLD_150_SUB_HIFLD_3658_fwd,4000.0,0.020664874304551408,13.886795532658546,0,672
SUB_HIFLD_150,SUB_HIFLD_4396,meso_SUB_HIFLD_150_SUB_HIFLD_4396_fwd,800.0,0.0,0.0,0,672
SUB_HIFLD_150,SUB_HIFLD_853,meso_SUB_HIFLD_150_SUB_HIFLD_853_fwd,1500.0,79.25005111444324,189.4035506727218,0,672
SUB_HIFLD_150,SUB_HIFLD_1044,meso_SUB_HIFLD_150_SUB_HIFLD_1044_rev,600.0,19.38093785015918,196.24522335637414,0,672
SUB_HIFLD_150,SUB_HIFLD_3368,meso_SUB_HIFLD_150_SUB_HIFLD_3368_fwd,4000.0,0.0,0.0,0,672
SUB_HIFLD_150,SUB_HIFLD_3659,meso_SUB_HIFLD_150_SUB_HIFLD_3659_fwd,4000.0,18.22845610906673,228.48004889115745,0,672
SUB_HIFLD_150,SUB_HIFLD_4322,meso_SUB_HIFLD_150_SUB_HIFLD_4322_fwd,800.0,2.2529670674750353,5.018726356580137,0,672
SUB_HIFLD_150,SUB_HIFLD_561,meso_SUB_HIFLD_150_SUB_HIFLD_561_fwd,4000.0,0.0,0.0,0,672
SUB_HIFLD_150,SUB_HIFLD_807,meso_SUB_HIFLD_150_SUB_HIFLD_807_fwd,600.0,17.313101262318334,92.01354158398914,0,672
SUB_HIFLD_150,SUB_HIFLD_809,meso_SUB_HIFLD_150_SUB_HIFLD_809_fwd,800.0,57.18767693554093,118.05618145639436,0,672
SUB_HIFLD_150,SUB_HIFLD_814,meso_SUB_HIFLD_150_SUB_HIFLD_814_fwd,800.0,19.86607095007642,212.7442339973221,0,672
SUB_HIFLD_150,SUB_HIFLD_831,meso_SUB_HIFLD_150_SUB_HIFLD_831_fwd,800.0,45.35431973380975,105.12905927835052,0,672
SUB_HIFLD_150,SUB_HIFLD_832,meso_SUB_HIFLD_150_SUB_HIFLD_832_fwd,1500.0,5.926848845400079,35.40609193493822,0,672
SUB_HIFLD_150,SUB_HIFLD_866,meso_SUB_HIFLD_150_SUB_HIFLD_866_fwd,3000.0,4.328639888895369,38.90240232544517,0,672
SUB_HIFLD_150,SUB_HIFLD_870,meso_SUB_HIFLD_150_SUB_HIFLD_870_fwd,8000.0,0.8538915552529188,58.29777925355204,0,672
SUB_HIFLD_160,SUB_HIFLD_1041,meso_SUB_HIFLD_160_SUB_HIFLD_1041_rev,600.0,0.8601167555409583,121.85567010309279,0,672
SUB_HIFLD_160,SUB_HIFLD_3203,meso_SUB_HIFLD_160_SUB_HIFLD_3203_fwd,2500.0,2.178939838756736,4.16025088416637,0,672
SUB_HIFLD_160,SUB_HIFLD_3968,meso_SUB_HIFLD_160_SUB_HIFLD_3968_fwd,600.0,20.487029718847825,41.423760619818786,0,672
SUB_HIFLD_160,SUB_HIFLD_1487,meso_SUB_HIFLD_160_SUB_HIFLD_1487_rev,2500.0,136.96901601631748,575.3275148487321,0,672
SUB_HIFLD_160,SUB_HIFLD_2615,meso_SUB_HIFLD_160_SUB_HIFLD_2615_fwd,4000.0,0.0,0.0,0,672
SUB_HIFLD_160,SUB_HIFLD_547,meso_SUB_HIFLD_160_SUB_HIFLD_547_fwd,4000.0,245.10715530500462,1030.8139314669538,0,672
SUB_HIFLD_160,SUB_HIFLD_571,meso_SUB_HIFLD_160_SUB_HIFLD_571_fwd,800.0,0.0,0.0,0,672
SUB_HIFLD_160,SUB_HIFLD_3003,meso_SUB_HIFLD_160_SUB_HIFLD_3003_rev,50.0,2.458461415398981,3.933971790431701,0,672
SUB_HIFLD_189,SUB_HIFLD_217,meso_SUB_HIFLD_189_SUB_HIFLD_217_fwd,600.0,0.0,0.0,0,672
SUB_HIFLD_189,SUB_25406,meso_SUB_HIFLD_189_SUB_25406_rev,50.0,0.7856673942457301,1.1686362355025772,0,672
SUB_HIFLD_211,SUB_25231,meso_SUB_HIFLD_211_SUB_25231_rev,1500.0,12.108089528493204,66.63552617585249,0,672
SUB_HIFLD_211,SUB_25236,meso_SUB_HIFLD_211_SUB_25236_rev,600.0,5.975453355113251,59.71690419412265,0,672
SUB_HIFLD_211,SUB_25340,meso_SUB_HIFLD_211_SUB_25340_rev,1500.0,3.1284937252893905,9.489171435182813,0,672
SUB_HIFLD_211,SUB_25367,meso_SUB_HIFLD_211_SUB_25367_rev,5500.0,6.102275280601176,35.86604770153851,0,672
SUB_HIFLD_211,SUB_25464,meso_SUB_HIFLD_211_SUB_25464_rev,4000.0,1.4401410732628133,19.417893470928767,0,672
SUB_HIFLD_211,SUB_HIFLD_1195,meso_SUB_HIFLD_211_SUB_HIFLD_1195_rev,8000.0,214.88435417782952,637.3786637295468,0,672
SUB_HIFLD_211,SUB_HIFLD_3631,meso_SUB_HIFLD_211_SUB_HIFLD_3631_fwd,1600.0,9.692504392362554,161.95012108573522,0,672
SUB_HIFLD_211,SUB_25359,meso_SUB_HIFLD_211_SUB_25359_rev,1500.0,0.10119826660636971,0.3045169476381282,0,672
SUB_HIFLD_211,SUB_25393,meso_SUB_HIFLD_211_SUB_25393_rev,8000.0,0.6346147746031513,355.6455543595325,0,672
SUB_HIFLD_211,SUB_25412,meso_SUB_HIFLD_211_SUB_25412_rev,4000.0,172.36474524714353,599.6767147462286,0,672
SUB_HIFLD_211,SUB_25537,meso_SUB_HIFLD_211_SUB_25537_rev,1500.0,14.84320835183606,114.3123282467978,0,672
SUB_HIFLD_211,WEC_CALN,iface_SUB_HIFLD_211_WEC_CALN_to_ba,30300.0,118.5936476155286,643.2780501208994,0,672
SUB_HIFLD_217,SUB_25234,meso_SUB_HIFLD_217_SUB_25234_rev,600.0,0.0,0.0,0,672
SUB_HIFLD_217,SUB_HIFLD_189,meso_SUB_HIFLD_217_SUB_HIFLD_189_rev,600.0,0.8099663858203405,1.2047796242294613,0,672
SUB_HIFLD_217,SUB_25460,meso_SUB_HIFLD_217_SUB_25460_rev,50.0,2.0761115994123367,3.4845688023518044,0,672
SUB_HIFLD_255,SUB_19222,meso_SUB_HIFLD_255_SUB_19222_rev,1500.0,2.0266989467933505,5.8907612751439675,0,672
SUB_HIFLD_255,SUB_19231,meso_SUB_HIFLD_255_SUB_19231_rev,1500.0,0.08532163674837455,1.7699209940802192,0,672
SUB_HIFLD_255,SUB_19232,meso_SUB_HIFLD_255_SUB_19232_rev,50.0,0.2906383212196751,0.3752577319587629,0,672
SUB_HIFLD_273,SUB_19217,meso_SUB_HIFLD_273_SUB_19217_rev,600.0,0.0,0.0,0,672
SUB_HIFLD_321,WEC_LADW,iface_SUB_HIFLD_321_WEC_LADW_to_ba,50.0,0.0,0.0,0,672
SUB_HIFLD_322,SUB_HIFLD_3955,meso_SUB_HIFLD_322_SUB_HIFLD_3955_fwd,600.0,160.2237160302743,317.91027816059926,0,672
SUB_HIFLD_322,SUB_HIFLD_434,meso_SUB_HIFLD_322_SUB_HIFLD_434_fwd,600.0,0.0,0.0,0,672
SUB_HIFLD_322,SUB_HIFLD_1159,meso_SUB_HIFLD_322_SUB_HIFLD_1159_rev,239.0,0.0,0.0,0,672
SUB_HIFLD_323,SUB_HIFLD_3051,meso_SUB_HIFLD_323_SUB_HIFLD_3051_rev,600.0,0.0,0.0,0,672
SUB_HIFLD_326,SUB_HIFLD_1248,meso_SUB_HIFLD_326_SUB_HIFLD_1248_rev,800.0,0.0,0.0,0,672
SUB_HIFLD_326,SUB_HIFLD_364,meso_SUB_HIFLD_326_SUB_HIFLD_364_fwd,800.0,0.0,0.0,0,672
SUB_HIFLD_331,SUB_25395,meso_SUB_HIFLD_331_SUB_25395_rev,3800.0,1.9401448580057092,79.67039460402944,0,672
SUB_HIFLD_331,SUB_HIFLD_1547,meso_SUB_HIFLD_331_SUB_HIFLD_1547_rev,4000.0,119.97537211191337,765.0,0,672
SUB_HIFLD_333,SUB_25272,meso_SUB_HIFLD_333_SUB_25272_rev,3000.0,1.2705337481024064,69.86524099814199,0,672
SUB_HIFLD_333,SUB_25277,meso_SUB_HIFLD_333_SUB_25277_rev,8000.0,68.71932816797478,721.1860961169489,0,672
SUB_HIFLD_333,SUB_HIFLD_2394,meso_SUB_HIFLD_333_SUB_HIFLD_2394_rev,4000.0,96.91946322598973,267.6122260874799,0,672
SUB_HIFLD_335,SUB_25293,meso_SUB_HIFLD_335_SUB_25293_rev,1600.0,0.0,0.0,0,672
SUB_HIFLD_335,SUB_HIFLD_364,meso_SUB_HIFLD_335_SUB_HIFLD_364_fwd,800.0,0.0,0.0,0,672
SUB_HIFLD_364,SUB_HIFLD_1248,meso_SUB_HIFLD_364_SUB_HIFLD_1248_rev,800.0,0.0,0.0,0,672
SUB_HIFLD_364,SUB_HIFLD_326,meso_SUB_HIFLD_364_SUB_HIFLD_326_rev,800.0,0.0,0.0,0,672
SUB_HIFLD_364,SUB_HIFLD_335,meso_SUB_HIFLD_364_SUB_HIFLD_335_rev,800.0,0.0,0.0,0,672
SUB_HIFLD_369,SUB_25391,meso_SUB_HIFLD_369_SUB_25391_fwd,50.0,0.0,0.0,0,672
SUB_HIFLD_376,SUB_25424,meso_SUB_HIFLD_376_SUB_25424_rev,1500.0,0.5596159481278119,5.208493660294666,0,672
SUB_HIFLD_376,SUB_18281,meso_SUB_HIFLD_376_SUB_18281_rev,1500.0,69.33837413997847,171.69692080656856,0,672
SUB_HIFLD_376,SUB_25261,meso_SUB_HIFLD_376_SUB_25261_rev,4000.0,726.7702072498478,1073.6807897093533,0,672
SUB_HIFLD_376,SUB_25526,meso_SUB_HIFLD_376_SUB_25526_rev,4000.0,227.01319921694144,897.1820247039865,0,672
SUB_HIFLD_376,SUB_HIFLD_415,meso_SUB_HIFLD_376_SUB_HIFLD_415_rev,16009.090909090908,0.0,0.0,0,672
SUB_HIFLD_396,SUB_HIFLD_4068,meso_SUB_HIFLD_396_SUB_HIFLD_4068_fwd,800.0,0.0,0.0,0,672
SUB_HIFLD_396,SUB_HIFLD_423,meso_SUB_HIFLD_396_SUB_HIFLD_423_fwd,800.0,1.4564363813247414,6.543266249194588,0,672
SUB_HIFLD_411,SUB_25297,meso_SUB_HIFLD_411_SUB_25297_rev,800.0,0.0,0.0,0,672
SUB_HIFLD_411,SUB_25429,meso_SUB_HIFLD_411_SUB_25429_rev,120.09059015589314,5.428917735361503,12.380472777061854,0,672
SUB_HIFLD_415,SUB_HIFLD_3585,meso_SUB_HIFLD_415_SUB_HIFLD_3585_rev,1500.0,0.0,0.0,0,672
SUB_HIFLD_415,SUB_HIFLD_376,meso_SUB_HIFLD_415_SUB_HIFLD_376_fwd,16009.090909090908,1050.7883058243192,1050.9090909090908,0,672
SUB_HIFLD_417,SUB_HIFLD_3434,meso_SUB_HIFLD_417_SUB_HIFLD_3434_rev,800.0,0.0,0.0,0,672
SUB_HIFLD_417,SUB_HIFLD_1680,meso_SUB_HIFLD_417_SUB_HIFLD_1680_fwd,170.0,7.492280243576504,17.0,0,672
SUB_HIFLD_418,SUB_HIFLD_432,meso_SUB_HIFLD_418_SUB_HIFLD_432_fwd,800.0,0.6575706718362426,1.0547594208078286,0,672
SUB_HIFLD_418,SUB_HIFLD_435,meso_SUB_HIFLD_418_SUB_HIFLD_435_fwd,800.0,0.0,0.0,0,672
SUB_HIFLD_418,SUB_HIFLD_3394,meso_SUB_HIFLD_418_SUB_HIFLD_3394_rev,800.0,8.565443849450167,35.92442213603867,0,672
SUB_HIFLD_419,SUB_HIFLD_439,meso_SUB_HIFLD_419_SUB_HIFLD_439_fwd,800.0,0.0,0.0,0,672
SUB_HIFLD_420,SUB_HIFLD_2972,meso_SUB_HIFLD_420_SUB_HIFLD_2972_rev,800.0,0.0,0.0,0,672
SUB_HIFLD_420,SUB_HIFLD_441,meso_SUB_HIFLD_420_SUB_HIFLD_441_fwd,800.0,0.0,0.0,0,672
SUB_HIFLD_420,SUB_HIFLD_2394,meso_SUB_HIFLD_420_SUB_HIFLD_2394_rev,800.0,0.0,0.0,0,672
SUB_HIFLD_422,SUB_HIFLD_1643,meso_SUB_HIFLD_422_SUB_HIFLD_1643_rev,800.0,399.397150992357,800.0,89,672
SUB_HIFLD_422,SUB_HIFLD_3418,meso_SUB_HIFLD_422_SUB_HIFLD_3418_rev,800.0,0.0,0.0,0,672
SUB_HIFLD_422,SUB_HIFLD_429,meso_SUB_HIFLD_422_SUB_HIFLD_429_fwd,800.0,0.0,0.0,0,672
SUB_HIFLD_423,SUB_HIFLD_396,meso_SUB_HIFLD_423_SUB_HIFLD_396_rev,800.0,0.0,0.0,0,672
SUB_HIFLD_423,SUB_HIFLD_439,meso_SUB_HIFLD_423_SUB_HIFLD_439_fwd,800.0,0.0,0.0,0,672
SUB_HIFLD_424,SUB_HIFLD_2366,meso_SUB_HIFLD_424_SUB_HIFLD_2366_rev,800.0,0.0,0.0,0,672
SUB_HIFLD_424,SUB_HIFLD_2982,meso_SUB_HIFLD_424_SUB_HIFLD_2982_rev,800.0,0.0,0.0,0,672
SUB_HIFLD_424,SUB_HIFLD_441,meso_SUB_HIFLD_424_SUB_HIFLD_441_fwd,800.0,0.0,0.0,0,672
SUB_HIFLD_424,SUB_HIFLD_2394,meso_SUB_HIFLD_424_SUB_HIFLD_2394_rev,800.0,0.0,0.0,0,672
SUB_HIFLD_426,SUB_HIFLD_1448,meso_SUB_HIFLD_426_SUB_HIFLD_1448_rev,1500.0,4.24914356720282,92.7230870791047,0,672
SUB_HIFLD_426,SUB_HIFLD_2654,meso_SUB_HIFLD_426_SUB_HIFLD_2654_rev,1500.0,2.206823702783333,4.200728866448264,0,672
SUB_HIFLD_426,SUB_HIFLD_3976,meso_SUB_HIFLD_426_SUB_HIFLD_3976_rev,600.0,0.347561246230169,0.8990116729482706,0,672
SUB_HIFLD_426,SUB_HIFLD_444,meso_SUB_HIFLD_426_SUB_HIFLD_444_fwd,1500.0,0.0,0.0,0,672
SUB_HIFLD_426,SUB_HIFLD_855,meso_SUB_HIFLD_426_SUB_HIFLD_855_fwd,1500.0,142.39348961823725,412.06635961140057,0,672
SUB_HIFLD_426,SUB_HIFLD_867,meso_SUB_HIFLD_426_SUB_HIFLD_867_fwd,1500.0,29.067832901456054,110.96265630472053,0,672
SUB_HIFLD_426,SUB_HIFLD_433,meso_SUB_HIFLD_426_SUB_HIFLD_433_fwd,1500.0,0.0,0.0,0,672
SUB_HIFLD_427,SUB_HIFLD_1616,meso_SUB_HIFLD_427_SUB_HIFLD_1616_rev,800.0,0.0,0.0,0,672
SUB_HIFLD_429,SUB_HIFLD_3418,meso_SUB_HIFLD_429_SUB_HIFLD_3418_rev,800.0,0.0,0.0,0,672
SUB_HIFLD_429,SUB_HIFLD_422,meso_SUB_HIFLD_429_SUB_HIFLD_422_rev,800.0,154.4502941403301,542.5140902774357,0,672
SUB_HIFLD_429,SUB_HIFLD_3316,meso_SUB_HIFLD_429_SUB_HIFLD_3316_rev,6587.730706689998,0.0,0.0,0,672
SUB_HIFLD_430,SUB_HIFLD_446,meso_SUB_HIFLD_430_SUB_HIFLD_446_fwd,800.0,0.0,0.0,0,672
SUB_HIFLD_431,SUB_HIFLD_1214,meso_SUB_HIFLD_431_SUB_HIFLD_1214_rev,800.0,0.0,0.0,0,672
SUB_HIFLD_432,SUB_HIFLD_418,meso_SUB_HIFLD_432_SUB_HIFLD_418_rev,800.0,0.0,0.0,0,672
SUB_HIFLD_433,SUB_HIFLD_1249,meso_SUB_HIFLD_433_SUB_HIFLD_1249_rev,1500.0,0.0,0.0,0,672
SUB_HIFLD_433,SUB_HIFLD_3652,meso_SUB_HIFLD_433_SUB_HIFLD_3652_rev,1500.0,0.2179355845989926,0.5585831244727455,0,672
SUB_HIFLD_433,SUB_HIFLD_426,meso_SUB_HIFLD_433_SUB_HIFLD_426_rev,1500.0,57.78227250459872,147.68137077660478,0,672
SUB_HIFLD_433,SUB_HIFLD_447,meso_SUB_HIFLD_433_SUB_HIFLD_447_fwd,1500.0,0.0,0.0,0,672
SUB_HIFLD_434,SUB_HIFLD_1206,meso_SUB_HIFLD_434_SUB_HIFLD_1206_rev,4000.0,0.0,0.0,0,672
SUB_HIFLD_434,SUB_HIFLD_1209,meso_SUB_HIFLD_434_SUB_HIFLD_1209_rev,1500.0,0.0,0.0,0,672
SUB_HIFLD_434,SUB_HIFLD_1233,meso_SUB_HIFLD_434_SUB_HIFLD_1233_rev,600.0,0.0,0.0,0,672
SUB_HIFLD_434,SUB_HIFLD_322,meso_SUB_HIFLD_434_SUB_HIFLD_322_rev,600.0,158.18196840695958,329.9830254777789,0,672
SUB_HIFLD_434,SUB_HIFLD_3997,meso_SUB_HIFLD_434_SUB_HIFLD_3997_rev,600.0,0.0,0.0,0,672
SUB_HIFLD_434,SUB_HIFLD_444,meso_SUB_HIFLD_434_SUB_HIFLD_444_fwd,4000.0,103.48227518200031,301.0029356444125,0,672
SUB_HIFLD_434,SUB_HIFLD_859,meso_SUB_HIFLD_434_SUB_HIFLD_859_fwd,1500.0,0.0,0.0,0,672
SUB_HIFLD_435,SUB_HIFLD_418,meso_SUB_HIFLD_435_SUB_HIFLD_418_rev,800.0,9.508262393078777,37.77703625246657,0,672
SUB_HIFLD_435,SUB_HIFLD_436,meso_SUB_HIFLD_435_SUB_HIFLD_436_fwd,800.0,0.0,0.0,0,672
SUB_HIFLD_435,SUB_HIFLD_449,meso_SUB_HIFLD_435_SUB_HIFLD_449_fwd,800.0,2.867011159860333,4.629745892396907,0,672
SUB_HIFLD_435,SUB_HIFLD_437,meso_SUB_HIFLD_435_SUB_HIFLD_437_rev,118.0,0.0,0.0,0,672
SUB_HIFLD_436,SUB_HIFLD_1214,meso_SUB_HIFLD_436_SUB_HIFLD_1214_rev,800.0,0.0,0.0,0,672
SUB_HIFLD_436,SUB_HIFLD_435,meso_SUB_HIFLD_436_SUB_HIFLD_435_rev,800.0,15.106637362660551,37.340408203125,0,672
SUB_HIFLD_437,SUB_HIFLD_435,meso_SUB_HIFLD_437_SUB_HIFLD_435_fwd,118.0,5.2005239337766325,11.8,0,672
SUB_HIFLD_438,SUB_HIFLD_439,meso_SUB_HIFLD_438_SUB_HIFLD_439_fwd,800.0,7.246764922399155,32.19854788990405,0,672
SUB_HIFLD_438,SUB_HIFLD_448,meso_SUB_HIFLD_438_SUB_HIFLD_448_fwd,800.0,0.0,0.0,0,672
SUB_HIFLD_439,SUB_HIFLD_3575,meso_SUB_HIFLD_439_SUB_HIFLD_3575_rev,1600.0,3.2273454680312814,25.009647212262184,0,672
SUB_HIFLD_439,SUB_HIFLD_419,meso_SUB_HIFLD_439_SUB_HIFLD_419_rev,800.0,0.0,0.0,0,672
SUB_HIFLD_439,SUB_HIFLD_423,meso_SUB_HIFLD_439_SUB_HIFLD_423_rev,800.0,3.687490010127005,8.428905243234537,0,672
SUB_HIFLD_439,SUB_HIFLD_438,meso_SUB_HIFLD_439_SUB_HIFLD_438_rev,800.0,0.06596245215719126,0.602074943621134,0,672
SUB_HIFLD_441,SUB_HIFLD_420,meso_SUB_HIFLD_441_SUB_HIFLD_420_rev,800.0,0.6308400010851943,1.0,0,672
SUB_HIFLD_441,SUB_HIFLD_424,meso_SUB_HIFLD_441_SUB_HIFLD_424_rev,800.0,0.3260052370100437,2.0,0,672
SUB_HIFLD_443,SUB_HIFLD_2972,meso_SUB_HIFLD_443_SUB_HIFLD_2972_rev,800.0,0.0,0.0,0,672
SUB_HIFLD_443,SUB_HIFLD_2837,meso_SUB_HIFLD_443_SUB_HIFLD_2837_rev,800.0,0.0,0.0,0,672
SUB_HIFLD_444,SUB_HIFLD_426,meso_SUB_HIFLD_444_SUB_HIFLD_426_rev,1500.0,99.91664404807236,291.31066501892775,0,672
SUB_HIFLD_444,SUB_HIFLD_434,meso_SUB_HIFLD_444_SUB_HIFLD_434_rev,4000.0,0.0,0.0,0,672
SUB_HIFLD_446,SUB_HIFLD_1590,meso_SUB_HIFLD_446_SUB_HIFLD_1590_rev,800.0,0.0,0.0,0,672
SUB_HIFLD_446,SUB_HIFLD_2933,meso_SUB_HIFLD_446_SUB_HIFLD_2933_rev,800.0,0.0,0.0,0,672
SUB_HIFLD_446,SUB_HIFLD_1538,meso_SUB_HIFLD_446_SUB_HIFLD_1538_rev,800.0,0.0,0.0,0,672
SUB_HIFLD_446,SUB_HIFLD_430,meso_SUB_HIFLD_446_SUB_HIFLD_430_rev,800.0,2.625740830542293,7.481602973892351,0,672
SUB_HIFLD_447,SUB_HIFLD_4158,meso_SUB_HIFLD_447_SUB_HIFLD_4158_rev,1500.0,0.0,0.0,0,672
SUB_HIFLD_447,SUB_HIFLD_433,meso_SUB_HIFLD_447_SUB_HIFLD_433_rev,1500.0,0.0,0.0,0,672
SUB_HIFLD_448,SUB_HIFLD_3394,meso_SUB_HIFLD_448_SUB_HIFLD_3394_rev,800.0,0.0,0.0,0,672
SUB_HIFLD_448,SUB_HIFLD_438,meso_SUB_HIFLD_448_SUB_HIFLD_438_rev,800.0,7.970754730514508,33.688056121783156,0,672
SUB_HIFLD_449,SUB_HIFLD_435,meso_SUB_HIFLD_449_SUB_HIFLD_435_rev,800.0,0.0,0.0,0,672
SUB_HIFLD_450,SUB_HIFLD_3445,meso_SUB_HIFLD_450_SUB_HIFLD_3445_rev,800.0,0.0,0.0,0,672
SUB_HIFLD_459,SUB_HIFLD_2722,meso_SUB_HIFLD_459_SUB_HIFLD_2722_rev,600.0,0.0,0.0,0,672
SUB_HIFLD_459,SUB_25371,meso_SUB_HIFLD_459_SUB_25371_rev,50.0,2.219114309581519,3.3980685204574748,0,672
SUB_HIFLD_464,SUB_HIFLD_3631,meso_SUB_HIFLD_464_SUB_HIFLD_3631_fwd,50.0,0.0,0.0,0,672
SUB_HIFLD_481,SUB_HIFLD_1860,meso_SUB_HIFLD_481_SUB_HIFLD_1860_rev,800.0,0.0,0.0,0,672
SUB_HIFLD_481,SUB_HIFLD_1864,meso_SUB_HIFLD_481_SUB_HIFLD_1864_rev,1600.0,0.0,0.0,0,672
SUB_HIFLD_482,SUB_10236,meso_SUB_HIFLD_482_SUB_10236_rev,600.0,0.015779964913324684,1.6362349991945875,0,672
SUB_HIFLD_482,SUB_10330,meso_SUB_HIFLD_482_SUB_10330_rev,600.0,0.0,0.0,0,672
SUB_HIFLD_482,SUB_10355,meso_SUB_HIFLD_482_SUB_10355_rev,600.0,0.0,0.0,0,672
SUB_HIFLD_489,SUB_HIFLD_1657,meso_SUB_HIFLD_489_SUB_HIFLD_1657_rev,800.0,0.0,0.0,0,672
SUB_HIFLD_489,SUB_HIFLD_2596,meso_SUB_HIFLD_489_SUB_HIFLD_2596_rev,800.0,0.0,0.0,0,672
SUB_HIFLD_492,SUB_HIFLD_1638,meso_SUB_HIFLD_492_SUB_HIFLD_1638_rev,800.0,0.0,0.0,0,672
SUB_HIFLD_523,SUB_10255,meso_SUB_HIFLD_523_SUB_10255_rev,600.0,3.706002890967212,9.408999999999999,0,672
SUB_HIFLD_523,SUB_HIFLD_1327,meso_SUB_HIFLD_523_SUB_HIFLD_1327_rev,600.0,0.0,0.0,0,672
SUB_HIFLD_523,SUB_HIFLD_4077,meso_SUB_HIFLD_523_SUB_HIFLD_4077_rev,50.0,0.0,0.0,0,672
SUB_HIFLD_540,SUB_HIFLD_1007,meso_SUB_HIFLD_540_SUB_HIFLD_1007_rev,600.0,0.0,0.0,0,672
SUB_HIFLD_547,SUB_HIFLD_2615,meso_SUB_HIFLD_547_SUB_HIFLD_2615_rev,4000.0,0.0,0.0,0,672
SUB_HIFLD_547,SUB_HIFLD_3938,meso_SUB_HIFLD_547_SUB_HIFLD_3938_rev,4000.0,0.0,0.0,0,672
SUB_HIFLD_547,SUB_HIFLD_575,meso_SUB_HIFLD_547_SUB_HIFLD_575_fwd,4000.0,192.86721461665613,940.1552322592989,0,672
SUB_HIFLD_547,SUB_HIFLD_160,meso_SUB_HIFLD_547_SUB_HIFLD_160_rev,4000.0,0.0,0.0,0,672
SUB_HIFLD_547,WECC_SCE,iface_SUB_HIFLD_547_WECC_SCE_to_ba,557.8384718587145,108.85146092648488,557.8384718587145,42,672
SUB_HIFLD_548,SUB_HIFLD_1044,meso_SUB_HIFLD_548_SUB_HIFLD_1044_rev,800.0,0.0,0.0,0,672
SUB_HIFLD_548,SUB_HIFLD_3090,meso_SUB_HIFLD_548_SUB_HIFLD_3090_rev,800.0,0.0,0.0,0,672
SUB_HIFLD_548,SUB_HIFLD_3091,meso_SUB_HIFLD_548_SUB_HIFLD_3091_rev,800.0,0.0,0.0,0,672
SUB_HIFLD_548,SUB_HIFLD_3093,meso_SUB_HIFLD_548_SUB_HIFLD_3093_rev,800.0,1.7333836251153365,43.313277412554314,0,672
SUB_HIFLD_548,SUB_HIFLD_3664,meso_SUB_HIFLD_548_SUB_HIFLD_3664_rev,800.0,0.0,0.0,0,672
SUB_HIFLD_548,SUB_HIFLD_3092,meso_SUB_HIFLD_548_SUB_HIFLD_3092_rev,800.0,0.2998327886170464,6.899965115988938,0,672
SUB_HIFLD_548,SUB_HIFLD_870,meso_SUB_HIFLD_548_SUB_HIFLD_870_fwd,1600.0,0.0,0.0,0,672
SUB_HIFLD_549,SUB_HIFLD_3430,meso_SUB_HIFLD_549_SUB_HIFLD_3430_rev,1500.0,12.08935385404551,31.070646746134024,0,672
SUB_HIFLD_549,SUB_HIFLD_4025,meso_SUB_HIFLD_549_SUB_HIFLD_4025_rev,1500.0,0.0,0.0,0,672
SUB_HIFLD_549,SUB_HIFLD_573,meso_SUB_HIFLD_549_SUB_HIFLD_573_fwd,1500.0,0.0,0.0,0,672
SUB_HIFLD_549,SUB_HIFLD_4071,meso_SUB_HIFLD_549_SUB_HIFLD_4071_rev,1500.0,0.0,0.0,0,672
SUB_HIFLD_549,SUB_HIFLD_553,meso_SUB_HIFLD_549_SUB_HIFLD_553_fwd,3000.0,0.0,0.0,0,672
SUB_HIFLD_549,SUB_HIFLD_587,meso_SUB_HIFLD_549_SUB_HIFLD_587_fwd,1500.0,0.0,0.0,0,672
SUB_HIFLD_550,SUB_HIFLD_4268,meso_SUB_HIFLD_550_SUB_HIFLD_4268_rev,1500.0,0.0,0.0,0,672
SUB_HIFLD_550,SUB_HIFLD_576,meso_SUB_HIFLD_550_SUB_HIFLD_576_fwd,1500.0,159.14075953366864,329.29238113109795,0,672
SUB_HIFLD_550,SUB_HIFLD_589,meso_SUB_HIFLD_550_SUB_HIFLD_589_fwd,1500.0,0.0,0.0,0,672
SUB_HIFLD_550,SUB_HIFLD_2560,meso_SUB_HIFLD_550_SUB_HIFLD_2560_rev,3000.0,0.0,0.0,0,672
SUB_HIFLD_550,SUB_HIFLD_3062,meso_SUB_HIFLD_550_SUB_HIFLD_3062_rev,3000.0,47.67077936728187,109.13916417293285,0,672
SUB_HIFLD_551,SUB_HIFLD_2622,meso_SUB_HIFLD_551_SUB_HIFLD_2622_rev,800.0,0.0,0.0,0,672
SUB_HIFLD_551,SUB_HIFLD_2776,meso_SUB_HIFLD_551_SUB_HIFLD_2776_rev,800.0,0.0,0.0,0,672
SUB_HIFLD_551,SUB_HIFLD_863,meso_SUB_HIFLD_551_SUB_HIFLD_863_fwd,800.0,0.0,0.0,0,672
SUB_HIFLD_551,SUB_HIFLD_4320,meso_SUB_HIFLD_551_SUB_HIFLD_4320_rev,800.0,0.0,0.0,0,672
SUB_HIFLD_551,SUB_HIFLD_567,meso_SUB_HIFLD_551_SUB_HIFLD_567_fwd,800.0,11.579226012779323,59.10073292525774,0,672
SUB_HIFLD_551,SUB_HIFLD_581,meso_SUB_HIFLD_551_SUB_HIFLD_581_fwd,800.0,0.0,0.0,0,672
SUB_HIFLD_551,SUB_HIFLD_856,meso_SUB_HIFLD_551_SUB_HIFLD_856_fwd,800.0,0.0,0.0,0,672
SUB_HIFLD_552,SUB_HIFLD_3658,meso_SUB_HIFLD_552_SUB_HIFLD_3658_rev,1500.0,0.0,0.0,0,672
SUB_HIFLD_552,SUB_HIFLD_3689,meso_SUB_HIFLD_552_SUB_HIFLD_3689_rev,600.0,5.771016929450431,11.401164827641752,0,672
SUB_HIFLD_552,SUB_HIFLD_1479,meso_SUB_HIFLD_552_SUB_HIFLD_1479_rev,1500.0,0.0,0.0,0,672
SUB_HIFLD_552,SUB_HIFLD_4313,meso_SUB_HIFLD_552_SUB_HIFLD_4313_rev,1500.0,0.0,0.0,0,672
SUB_HIFLD_552,SUB_HIFLD_572,meso_SUB_HIFLD_552_SUB_HIFLD_572_fwd,1500.0,1.7126291053898628,29.59440924268851,0,672
SUB_HIFLD_552,SUB_HIFLD_874,meso_SUB_HIFLD_552_SUB_HIFLD_874_fwd,3000.0,0.27096749524555336,9.74358076776429,0,672
SUB_HIFLD_553,SUB_HIFLD_4025,meso_SUB_HIFLD_553_SUB_HIFLD_4025_rev,1500.0,0.0,0.0,0,672
SUB_HIFLD_553,SUB_HIFLD_4071,meso_SUB_HIFLD_553_SUB_HIFLD_4071_rev,1500.0,0.0,0.0,0,672
SUB_HIFLD_553,SUB_HIFLD_2835,meso_SUB_HIFLD_553_SUB_HIFLD_2835_rev,1500.0,0.0,0.0,0,672
SUB_HIFLD_553,SUB_HIFLD_549,meso_SUB_HIFLD_553_SUB_HIFLD_549_rev,3000.0,0.7235332310486589,109.44893511199385,0,672
SUB_HIFLD_553,SUB_HIFLD_554,meso_SUB_HIFLD_553_SUB_HIFLD_554_fwd,3000.0,0.09985573646580767,39.261068467502824,0,672
SUB_HIFLD_553,SUB_HIFLD_589,meso_SUB_HIFLD_553_SUB_HIFLD_589_fwd,1500.0,0.0,0.0,0,672
SUB_HIFLD_554,SUB_HIFLD_2835,meso_SUB_HIFLD_554_SUB_HIFLD_2835_rev,1500.0,0.0,0.0,0,672
SUB_HIFLD_554,SUB_HIFLD_3923,meso_SUB_HIFLD_554_SUB_HIFLD_3923_rev,1500.0,12.10361032525681,29.415125644329898,0,672
SUB_HIFLD_554,SUB_HIFLD_4025,meso_SUB_HIFLD_554_SUB_HIFLD_4025_rev,1500.0,0.0,0.0,0,672
SUB_HIFLD_554,SUB_HIFLD_4126,meso_SUB_HIFLD_554_SUB_HIFLD_4126_rev,600.0,0.0,0.0,0,672
SUB_HIFLD_554,SUB_HIFLD_553,meso_SUB_HIFLD_554_SUB_HIFLD_553_rev,3000.0,0.0,0.0,0,672
SUB_HIFLD_555,SUB_HIFLD_3607,meso_SUB_HIFLD_555_SUB_HIFLD_3607_rev,800.0,0.23176764970632413,1.7525118798324741,0,672
SUB_HIFLD_555,SUB_HIFLD_559,meso_SUB_HIFLD_555_SUB_HIFLD_559_fwd,800.0,0.0,0.0,0,672
SUB_HIFLD_555,SUB_HIFLD_570,meso_SUB_HIFLD_555_SUB_HIFLD_570_fwd,800.0,0.0,0.0,0,672
SUB_HIFLD_556,SUB_HIFLD_2784,meso_SUB_HIFLD_556_SUB_HIFLD_2784_rev,1500.0,0.0,0.0,0,672
SUB_HIFLD_556,SUB_HIFLD_568,meso_SUB_HIFLD_556_SUB_HIFLD_568_fwd,1500.0,79.6318050524317,145.54530511698192,0,672
SUB_HIFLD_556,SUB_HIFLD_575,meso_SUB_HIFLD_556_SUB_HIFLD_575_fwd,1500.0,0.0,0.0,0,672
SUB_HIFLD_556,SUB_HIFLD_582,meso_SUB_HIFLD_556_SUB_HIFLD_582_fwd,1500.0,0.0,0.0,0,672
SUB_HIFLD_557,SUB_HIFLD_3181,meso_SUB_HIFLD_557_SUB_HIFLD_3181_rev,600.0,0.0,0.0,0,672
SUB_HIFLD_557,SUB_HIFLD_4040,meso_SUB_HIFLD_557_SUB_HIFLD_4040_rev,800.0,0.0,0.0,0,672
SUB_HIFLD_557,SUB_HIFLD_570,meso_SUB_HIFLD_557_SUB_HIFLD_570_fwd,800.0,62.97995742556021,161.1158204804515,0,672
SUB_HIFLD_557,SUB_HIFLD_559,meso_SUB_HIFLD_557_SUB_HIFLD_559_fwd,800.0,0.0,0.0,0,672
SUB_HIFLD_557,SUB_HIFLD_581,meso_SUB_HIFLD_557_SUB_HIFLD_581_fwd,800.0,0.0,0.0,0,672
SUB_HIFLD_557,SUB_HIFLD_841,meso_SUB_HIFLD_557_SUB_HIFLD_841_fwd,1600.0,0.0,0.0,0,672
SUB_HIFLD_558,SUB_HIFLD_1013,meso_SUB_HIFLD_558_SUB_HIFLD_1013_rev,1500.0,0.0,0.0,0,672
SUB_HIFLD_559,SUB_HIFLD_555,meso_SUB_HIFLD_559_SUB_HIFLD_555_rev,800.0,0.0,0.0,0,672
SUB_HIFLD_559,SUB_HIFLD_557,meso_SUB_HIFLD_559_SUB_HIFLD_557_rev,800.0,0.0,0.0,0,672
SUB_HIFLD_560,SUB_HIFLD_4040,meso_SUB_HIFLD_560_SUB_HIFLD_4040_rev,800.0,0.0,0.0,0,672
SUB_HIFLD_560,SUB_HIFLD_4400,meso_SUB_HIFLD_560_SUB_HIFLD_4400_rev,800.0,0.0,0.0,0,672
SUB_HIFLD_561,SUB_HIFLD_1480,meso_SUB_HIFLD_561_SUB_HIFLD_1480_rev,4000.0,0.0,0.0,0,672
SUB_HIFLD_561,SUB_HIFLD_2970,meso_SUB_HIFLD_561_SUB_HIFLD_2970_rev,15000.0,0.0,0.0,0,672
SUB_HIFLD_561,SUB_HIFLD_3368,meso_SUB_HIFLD_561_SUB_HIFLD_3368_rev,15000.0,0.0,0.0,0,672
SUB_HIFLD_561,SUB_HIFLD_873,meso_SUB_HIFLD_561_SUB_HIFLD_873_fwd,1500.0,11.375957425367128,60.251453807315,0,672
SUB_HIFLD_561,SUB_HIFLD_1476,meso_SUB_HIFLD_561_SUB_HIFLD_1476_rev,8000.0,0.0,0.0,0,672
SUB_HIFLD_561,SUB_HIFLD_1477,meso_SUB_HIFLD_561_SUB_HIFLD_1477_rev,1500.0,0.0,0.0,0,672
SUB_HIFLD_561,SUB_HIFLD_1483,meso_SUB_HIFLD_561_SUB_HIFLD_1483_rev,1500.0,0.0,0.0,0,672
SUB_HIFLD_561,SUB_HIFLD_150,meso_SUB_HIFLD_561_SUB_HIFLD_150_rev,4000.0,85.49383665368235,486.1344792419575,0,672
SUB_HIFLD_561,SUB_HIFLD_3059,meso_SUB_HIFLD_561_SUB_HIFLD_3059_rev,8000.0,12.751834208415294,80.52061375197276,0,672
SUB_HIFLD_561,SUB_HIFLD_3185,meso_SUB_HIFLD_561_SUB_HIFLD_3185_rev,45000.0,0.0,0.0,0,672
SUB_HIFLD_561,SUB_HIFLD_3934,meso_SUB_HIFLD_561_SUB_HIFLD_3934_rev,1500.0,21.31880357430996,51.40620354348231,0,672
SUB_HIFLD_561,SUB_HIFLD_566,meso_SUB_HIFLD_561_SUB_HIFLD_566_fwd,1500.0,0.0,0.0,0,672
SUB_HIFLD_561,SUB_HIFLD_575,meso_SUB_HIFLD_561_SUB_HIFLD_575_fwd,8000.0,1.0931970098172972,125.15156391785918,0,672
SUB_HIFLD_561,SUB_HIFLD_589,meso_SUB_HIFLD_561_SUB_HIFLD_589_fwd,45000.0,177.3849934204706,1351.210863850025,0,672
SUB_HIFLD_561,SUB_HIFLD_870,meso_SUB_HIFLD_561_SUB_HIFLD_870_fwd,8000.0,38.74390845732953,244.24590216904767,0,672
SUB_HIFLD_561,WECC_SCE,iface_SUB_HIFLD_561_WECC_SCE_to_ba,557.8384718587145,0.0,0.0,0,672
SUB_HIFLD_562,SUB_HIFLD_3690,meso_SUB_HIFLD_562_SUB_HIFLD_3690_rev,1500.0,0.006273285571301049,4.215647903914305,0,672
SUB_HIFLD_562,SUB_HIFLD_588,meso_SUB_HIFLD_562_SUB_HIFLD_588_fwd,1500.0,43.104586520489086,81.24265852240491,0,672
SUB_HIFLD_562,SUB_HIFLD_3368,meso_SUB_HIFLD_562_SUB_HIFLD_3368_rev,1500.0,0.0,0.0,0,672
SUB_HIFLD_562,SUB_HIFLD_564,meso_SUB_HIFLD_562_SUB_HIFLD_564_fwd,3000.0,0.0,0.0,0,672
SUB_HIFLD_562,SUB_HIFLD_586,meso_SUB_HIFLD_562_SUB_HIFLD_586_fwd,3000.0,10.113643655329318,76.60889798795453,0,672
SUB_HIFLD_563,SUB_HIFLD_4342,meso_SUB_HIFLD_563_SUB_HIFLD_4342_rev,1500.0,0.0,0.0,0,672
SUB_HIFLD_563,SUB_HIFLD_583,meso_SUB_HIFLD_563_SUB_HIFLD_583_fwd,1500.0,0.0,0.0,0,672
SUB_HIFLD_563,SUB_HIFLD_3078,meso_SUB_HIFLD_563_SUB_HIFLD_3078_rev,1500.0,0.0,0.0,0,672
SUB_HIFLD_564,SUB_HIFLD_3690,meso_SUB_HIFLD_564_SUB_HIFLD_3690_rev,1500.0,0.0,0.0,0,672
SUB_HIFLD_564,SUB_HIFLD_566,meso_SUB_HIFLD_564_SUB_HIFLD_566_fwd,1500.0,0.0,0.0,0,672
SUB_HIFLD_564,SUB_HIFLD_562,meso_SUB_HIFLD_564_SUB_HIFLD_562_rev,3000.0,0.0,0.0,0,672
SUB_HIFLD_565,SUB_HIFLD_3689,meso_SUB_HIFLD_565_SUB_HIFLD_3689_rev,600.0,0.0,0.0,0,672
SUB_HIFLD_566,SUB_HIFLD_1474,meso_SUB_HIFLD_566_SUB_HIFLD_1474_rev,1500.0,0.0,0.0,0,672
SUB_HIFLD_566,SUB_HIFLD_1485,meso_SUB_HIFLD_566_SUB_HIFLD_1485_rev,1500.0,0.951131941600727,37.55703868546133,0,672
SUB_HIFLD_566,SUB_HIFLD_3368,meso_SUB_HIFLD_566_SUB_HIFLD_3368_rev,1500.0,0.0,0.0,0,672
SUB_HIFLD_566,SUB_HIFLD_3934,meso_SUB_HIFLD_566_SUB_HIFLD_3934_rev,1500.0,0.1312850116046292,17.812867620258125,0,672
SUB_HIFLD_566,SUB_HIFLD_564,meso_SUB_HIFLD_566_SUB_HIFLD_564_rev,1500.0,41.50277029195719,83.9440318943299,0,672
SUB_HIFLD_566,SUB_HIFLD_1483,meso_SUB_HIFLD_566_SUB_HIFLD_1483_rev,3000.0,0.0,0.0,0,672
SUB_HIFLD_566,SUB_HIFLD_561,meso_SUB_HIFLD_566_SUB_HIFLD_561_rev,1500.0,0.0,0.0,0,672
SUB_HIFLD_567,SUB_HIFLD_2622,meso_SUB_HIFLD_567_SUB_HIFLD_2622_rev,800.0,0.0,0.0,0,672
SUB_HIFLD_567,SUB_HIFLD_551,meso_SUB_HIFLD_567_SUB_HIFLD_551_rev,800.0,0.0,0.0,0,672
SUB_HIFLD_567,SUB_HIFLD_805,meso_SUB_HIFLD_567_SUB_HIFLD_805_fwd,1600.0,0.0,0.0,0,672
SUB_HIFLD_568,SUB_HIFLD_1007,meso_SUB_HIFLD_568_SUB_HIFLD_1007_rev,1500.0,38.78248753822855,66.98104752597247,0,672
SUB_HIFLD_568,SUB_HIFLD_556,meso_SUB_HIFLD_568_SUB_HIFLD_556_rev,1500.0,0.0,0.0,0,672
SUB_HIFLD_569,SUB_HIFLD_1033,meso_SUB_HIFLD_569_SUB_HIFLD_1033_rev,1500.0,0.0,0.0,0,672
SUB_HIFLD_569,SUB_HIFLD_3078,meso_SUB_HIFLD_569_SUB_HIFLD_3078_rev,1500.0,0.0,0.0,0,672
SUB_HIFLD_569,SUB_HIFLD_1495,meso_SUB_HIFLD_569_SUB_HIFLD_1495_rev,50.0,0.0,0.0,0,672
SUB_HIFLD_570,SUB_HIFLD_3686,meso_SUB_HIFLD_570_SUB_HIFLD_3686_rev,800.0,0.0,0.0,0,672
SUB_HIFLD_570,SUB_HIFLD_555,meso_SUB_HIFLD_570_SUB_HIFLD_555_rev,800.0,48.06471036175431,90.64164298190255,0,672
SUB_HIFLD_570,SUB_HIFLD_557,meso_SUB_HIFLD_570_SUB_HIFLD_557_rev,800.0,0.0,0.0,0,672
SUB_HIFLD_570,SUB_HIFLD_4400,meso_SUB_HIFLD_570_SUB_HIFLD_4400_rev,800.0,0.0,0.0,0,672
SUB_HIFLD_571,SUB_HIFLD_1487,meso_SUB_HIFLD_571_SUB_HIFLD_1487_rev,800.0,0.0,0.0,0,672
SUB_HIFLD_571,SUB_HIFLD_160,meso_SUB_HIFLD_571_SUB_HIFLD_160_rev,800.0,0.0,0.0,0,672
SUB_HIFLD_572,SUB_HIFLD_3930,meso_SUB_HIFLD_572_SUB_HIFLD_3930_rev,800.0,1.101070541602815,2.1212973683150773,0,672
SUB_HIFLD_572,SUB_HIFLD_3059,meso_SUB_HIFLD_572_SUB_HIFLD_3059_rev,3000.0,0.0,0.0,0,672
SUB_HIFLD_572,SUB_HIFLD_4313,meso_SUB_HIFLD_572_SUB_HIFLD_4313_rev,1500.0,0.0,0.0,0,672
SUB_HIFLD_572,SUB_HIFLD_552,meso_SUB_HIFLD_572_SUB_HIFLD_552_rev,1500.0,0.0,0.0,0,672
SUB_HIFLD_573,SUB_HIFLD_1029,meso_SUB_HIFLD_573_SUB_HIFLD_1029_rev,1500.0,0.0,0.0,0,672
SUB_HIFLD_573,SUB_HIFLD_3479,meso_SUB_HIFLD_573_SUB_HIFLD_3479_rev,1500.0,0.0,0.0,0,672
SUB_HIFLD_573,SUB_HIFLD_549,meso_SUB_HIFLD_573_SUB_HIFLD_549_rev,1500.0,0.0,0.0,0,672
SUB_HIFLD_574,SUB_HIFLD_3149,meso_SUB_HIFLD_574_SUB_HIFLD_3149_rev,600.0,0.20177513749481543,0.6323875898356545,0,672
SUB_HIFLD_574,SUB_HIFLD_3931,meso_SUB_HIFLD_574_SUB_HIFLD_3931_rev,1500.0,0.0,0.0,0,672
SUB_HIFLD_574,SUB_HIFLD_3487,meso_SUB_HIFLD_574_SUB_HIFLD_3487_rev,1500.0,0.0,0.0,0,672
SUB_HIFLD_574,SUB_HIFLD_577,meso_SUB_HIFLD_574_SUB_HIFLD_577_fwd,1500.0,0.0,0.0,0,672
SUB_HIFLD_574,SUB_HIFLD_578,meso_SUB_HIFLD_574_SUB_HIFLD_578_fwd,1500.0,0.0,0.0,0,672
SUB_HIFLD_574,SUB_HIFLD_589,meso_SUB_HIFLD_574_SUB_HIFLD_589_fwd,1500.0,0.0,0.0,0,672
SUB_HIFLD_575,SUB_HIFLD_2970,meso_SUB_HIFLD_575_SUB_HIFLD_2970_rev,4000.0,0.9821853200216305,10.300221612950368,0,672
SUB_HIFLD_575,SUB_HIFLD_4259,meso_SUB_HIFLD_575_SUB_HIFLD_4259_rev,1500.0,28.016315119717785,113.42544785956154,0,672
SUB_HIFLD_575,SUB_HIFLD_547,meso_SUB_HIFLD_575_SUB_HIFLD_547_rev,4000.0,0.0,0.0,0,672
SUB_HIFLD_575,SUB_HIFLD_2784,meso_SUB_HIFLD_575_SUB_HIFLD_2784_rev,1500.0,0.0,0.0,0,672
SUB_HIFLD_575,SUB_HIFLD_3368,meso_SUB_HIFLD_575_SUB_HIFLD_3368_rev,4000.0,1.5217593013087165,516.4671666874033,0,672
SUB_HIFLD_575,SUB_HIFLD_556,meso_SUB_HIFLD_575_SUB_HIFLD_556_rev,1500.0,113.81381147249957,210.5883743151876,0,672
SUB_HIFLD_575,SUB_HIFLD_561,meso_SUB_HIFLD_575_SUB_HIFLD_561_rev,8000.0,1.708381304439182,414.96365014790945,0,672
SUB_HIFLD_575,SUB_HIFLD_582,meso_SUB_HIFLD_575_SUB_HIFLD_582_fwd,3000.0,56.32630384477666,154.544676177928,0,672
SUB_HIFLD_575,WECC_SCE,iface_SUB_HIFLD_575_WECC_SCE_to_ba,557.8384718587145,0.0,0.0,0,672
SUB_HIFLD_576,SUB_HIFLD_2490,meso_SUB_HIFLD_576_SUB_HIFLD_2490_rev,1500.0,45.172025703201705,99.1541961984536,0,672
SUB_HIFLD_576,SUB_HIFLD_2538,meso_SUB_HIFLD_576_SUB_HIFLD_2538_rev,1500.0,0.0,0.0,0,672
SUB_HIFLD_576,SUB_HIFLD_4202,meso_SUB_HIFLD_576_SUB_HIFLD_4202_rev,1500.0,0.0,0.0,0,672
SUB_HIFLD_576,SUB_HIFLD_550,meso_SUB_HIFLD_576_SUB_HIFLD_550_rev,1500.0,0.0,0.0,0,672
SUB_HIFLD_576,SUB_HIFLD_3062,meso_SUB_HIFLD_576_SUB_HIFLD_3062_rev,1500.0,0.0,0.0,0,672
SUB_HIFLD_576,SUB_HIFLD_3688,meso_SUB_HIFLD_576_SUB_HIFLD_3688_rev,1500.0,0.0,0.0,0,672
SUB_HIFLD_577,SUB_HIFLD_4354,meso_SUB_HIFLD_577_SUB_HIFLD_4354_rev,1500.0,0.0,0.0,0,672
SUB_HIFLD_577,SUB_HIFLD_832,meso_SUB_HIFLD_577_SUB_HIFLD_832_fwd,1500.0,0.0,0.0,0,672
SUB_HIFLD_577,SUB_HIFLD_3059,meso_SUB_HIFLD_577_SUB_HIFLD_3059_rev,1500.0,0.0,0.0,0,672
SUB_HIFLD_577,SUB_HIFLD_3971,meso_SUB_HIFLD_577_SUB_HIFLD_3971_rev,1500.0,0.04421587622393911,2.04469333923969,0,672
SUB_HIFLD_577,SUB_HIFLD_4295,meso_SUB_HIFLD_577_SUB_HIFLD_4295_rev,1500.0,0.00928906724917637,1.6756497412612759,0,672
SUB_HIFLD_577,SUB_HIFLD_574,meso_SUB_HIFLD_577_SUB_HIFLD_574_rev,1500.0,3.3319689506274903,70.65754477563455,0,672
SUB_HIFLD_577,SUB_HIFLD_870,meso_SUB_HIFLD_577_SUB_HIFLD_870_fwd,3000.0,0.0,0.0,0,672
SUB_HIFLD_578,SUB_HIFLD_3487,meso_SUB_HIFLD_578_SUB_HIFLD_3487_rev,1500.0,0.0,0.0,0,672
SUB_HIFLD_578,SUB_HIFLD_3931,meso_SUB_HIFLD_578_SUB_HIFLD_3931_rev,1500.0,0.0,0.0,0,672
SUB_HIFLD_578,SUB_HIFLD_585,meso_SUB_HIFLD_578_SUB_HIFLD_585_fwd,1500.0,0.32229228354803546,26.289360754041773,0,672
SUB_HIFLD_578,SUB_HIFLD_589,meso_SUB_HIFLD_578_SUB_HIFLD_589_fwd,1500.0,0.0,0.0,0,672
SUB_HIFLD_578,SUB_HIFLD_574,meso_SUB_HIFLD_578_SUB_HIFLD_574_rev,1500.0,0.0,0.0,0,672
SUB_HIFLD_579,SUB_HIFLD_4268,meso_SUB_HIFLD_579_SUB_HIFLD_4268_rev,1500.0,0.0,0.0,0,672
SUB_HIFLD_579,SUB_HIFLD_589,meso_SUB_HIFLD_579_SUB_HIFLD_589_fwd,1500.0,0.0,0.0,0,672
SUB_HIFLD_579,SUB_HIFLD_3985,meso_SUB_HIFLD_579_SUB_HIFLD_3985_rev,149.11178063916606,6.661999419581732,15.167715045103094,0,672
SUB_HIFLD_580,SUB_HIFLD_2490,meso_SUB_HIFLD_580_SUB_HIFLD_2490_rev,1500.0,0.0,0.0,0,672
SUB_HIFLD_580,SUB_HIFLD_4202,meso_SUB_HIFLD_580_SUB_HIFLD_4202_rev,1500.0,0.0,0.0,0,672
SUB_HIFLD_580,SUB_HIFLD_3062,meso_SUB_HIFLD_580_SUB_HIFLD_3062_rev,1500.0,0.0,0.0,0,672
SUB_HIFLD_581,SUB_HIFLD_1486,meso_SUB_HIFLD_581_SUB_HIFLD_1486_rev,800.0,0.0,0.0,0,672
SUB_HIFLD_581,SUB_HIFLD_4040,meso_SUB_HIFLD_581_SUB_HIFLD_4040_rev,800.0,0.0,0.0,0,672
SUB_HIFLD_581,SUB_HIFLD_4435,meso_SUB_HIFLD_581_SUB_HIFLD_4435_rev,800.0,0.0,0.0,0,672
SUB_HIFLD_581,SUB_HIFLD_551,meso_SUB_HIFLD_581_SUB_HIFLD_551_rev,800.0,18.833807360321902,50.08218633339755,0,672
SUB_HIFLD_581,SUB_HIFLD_557,meso_SUB_HIFLD_581_SUB_HIFLD_557_rev,800.0,3.1720368472647973,113.80867115833647,0,672
SUB_HIFLD_581,SUB_HIFLD_841,meso_SUB_HIFLD_581_SUB_HIFLD_841_fwd,800.0,0.0,0.0,0,672
SUB_HIFLD_582,SUB_HIFLD_2784,meso_SUB_HIFLD_582_SUB_HIFLD_2784_rev,1500.0,0.0,0.0,0,672
SUB_HIFLD_582,SUB_HIFLD_4259,meso_SUB_HIFLD_582_SUB_HIFLD_4259_rev,1500.0,0.0,0.0,0,672
SUB_HIFLD_582,SUB_HIFLD_556,meso_SUB_HIFLD_582_SUB_HIFLD_556_rev,1500.0,0.0,0.0,0,672
SUB_HIFLD_582,SUB_HIFLD_575,meso_SUB_HIFLD_582_SUB_HIFLD_575_rev,3000.0,0.0,0.0,0,672
SUB_HIFLD_582,SUB_HIFLD_586,meso_SUB_HIFLD_582_SUB_HIFLD_586_fwd,1500.0,0.9355455868326198,68.33205387996534,0,672
SUB_HIFLD_582,SUB_HIFLD_3006,meso_SUB_HIFLD_582_SUB_HIFLD_3006_rev,50.0,0.254247643166918,0.49918864142034475,0,672
SUB_HIFLD_583,SUB_HIFLD_3019,meso_SUB_HIFLD_583_SUB_HIFLD_3019_rev,1500.0,0.0,0.0,0,672
SUB_HIFLD_583,SUB_HIFLD_563,meso_SUB_HIFLD_583_SUB_HIFLD_563_rev,1500.0,0.0,0.0,0,672
SUB_HIFLD_583,SUB_HIFLD_4268,meso_SUB_HIFLD_583_SUB_HIFLD_4268_rev,1500.0,0.0,0.0,0,672
SUB_HIFLD_583,SUB_HIFLD_589,meso_SUB_HIFLD_583_SUB_HIFLD_589_fwd,1500.0,0.0,0.0,0,672
SUB_HIFLD_584,SUB_HIFLD_3019,meso_SUB_HIFLD_584_SUB_HIFLD_3019_rev,1500.0,0.0,0.0,0,672
SUB_HIFLD_584,SUB_HIFLD_3688,meso_SUB_HIFLD_584_SUB_HIFLD_3688_rev,1500.0,0.0,0.0,0,672
SUB_HIFLD_584,SUB_HIFLD_2538,meso_SUB_HIFLD_584_SUB_HIFLD_2538_rev,1500.0,0.0,0.0,0,672
SUB_HIFLD_584,SUB_HIFLD_3929,meso_SUB_HIFLD_584_SUB_HIFLD_3929_rev,207.89543457117415,8.830927963929694,19.517110107124058,0,672
SUB_HIFLD_585,SUB_HIFLD_3687,meso_SUB_HIFLD_585_SUB_HIFLD_3687_rev,600.0,7.371711286751734,23.705698292525774,0,672
SUB_HIFLD_585,SUB_HIFLD_578,meso_SUB_HIFLD_585_SUB_HIFLD_578_rev,1500.0,0.0,0.0,0,672
SUB_HIFLD_585,SUB_HIFLD_1504,meso_SUB_HIFLD_585_SUB_HIFLD_1504_rev,3000.0,0.0,0.0,0,672
SUB_HIFLD_585,SUB_HIFLD_2843,meso_SUB_HIFLD_585_SUB_HIFLD_2843_rev,1500.0,0.0,0.0,0,672
SUB_HIFLD_586,SUB_HIFLD_3690,meso_SUB_HIFLD_586_SUB_HIFLD_3690_rev,1500.0,0.0,0.0,0,672
SUB_HIFLD_586,SUB_HIFLD_4259,meso_SUB_HIFLD_586_SUB_HIFLD_4259_rev,1500.0,0.0,0.0,0,672
SUB_HIFLD_586,SUB_HIFLD_1485,meso_SUB_HIFLD_586_SUB_HIFLD_1485_rev,1500.0,0.0,0.0,0,672
SUB_HIFLD_586,SUB_HIFLD_562,meso_SUB_HIFLD_586_SUB_HIFLD_562_rev,3000.0,0.0,0.0,0,672
SUB_HIFLD_586,SUB_HIFLD_582,meso_SUB_HIFLD_586_SUB_HIFLD_582_rev,1500.0,0.0,0.0,0,672
SUB_HIFLD_586,SUB_HIFLD_3986,meso_SUB_HIFLD_586_SUB_HIFLD_3986_rev,51.59510194494094,2.2778447434430507,5.142204111630155,0,672
SUB_HIFLD_587,SUB_HIFLD_3430,meso_SUB_HIFLD_587_SUB_HIFLD_3430_rev,1500.0,0.9748491219508026,24.35747825386598,0,672
SUB_HIFLD_587,SUB_HIFLD_1029,meso_SUB_HIFLD_587_SUB_HIFLD_1029_rev,1500.0,0.0,0.0,0,672
SUB_HIFLD_587,SUB_HIFLD_549,meso_SUB_HIFLD_587_SUB_HIFLD_549_rev,1500.0,0.009118587118974925,6.127690543951149,0,672
SUB_HIFLD_588,SUB_HIFLD_3691,meso_SUB_HIFLD_588_SUB_HIFLD_3691_rev,600.0,17.227292592593944,31.313363714673827,0,672
SUB_HIFLD_588,SUB_HIFLD_3937,meso_SUB_HIFLD_588_SUB_HIFLD_3937_rev,600.0,1.6430454691852299,4.085944135499648,0,672
SUB_HIFLD_588,SUB_HIFLD_562,meso_SUB_HIFLD_588_SUB_HIFLD_562_rev,1500.0,0.0,0.0,0,672
SUB_HIFLD_589,SUB_HIFLD_1477,meso_SUB_HIFLD_589_SUB_HIFLD_1477_rev,15000.0,0.0,0.0,0,672
SUB_HIFLD_589,SUB_HIFLD_1498,meso_SUB_HIFLD_589_SUB_HIFLD_1498_rev,15000.0,0.0,0.0,0,672
SUB_HIFLD_589,SUB_HIFLD_1982,meso_SUB_HIFLD_589_SUB_HIFLD_1982_rev,15000.0,0.0,0.0,0,672
SUB_HIFLD_589,SUB_HIFLD_2560,meso_SUB_HIFLD_589_SUB_HIFLD_2560_rev,1500.0,28.141507576749085,65.90965286726805,0,672
SUB_HIFLD_589,SUB_HIFLD_2843,meso_SUB_HIFLD_589_SUB_HIFLD_2843_rev,1500.0,41.1947507344407,97.99067704820125,0,672
SUB_HIFLD_589,SUB_HIFLD_3353,meso_SUB_HIFLD_589_SUB_HIFLD_3353_rev,1500.0,8.824557055231978,16.348618717783506,0,672
SUB_HIFLD_589,SUB_HIFLD_4071,meso_SUB_HIFLD_589_SUB_HIFLD_4071_rev,1500.0,49.561225498702,112.02352928910466,0,672
SUB_HIFLD_589,SUB_HIFLD_4342,meso_SUB_HIFLD_589_SUB_HIFLD_4342_rev,1500.0,69.7672852639707,141.2360851295453,0,672
SUB_HIFLD_589,SUB_HIFLD_550,meso_SUB_HIFLD_589_SUB_HIFLD_550_rev,1500.0,337.748537021213,755.9637877387357,0,672
SUB_HIFLD_589,SUB_HIFLD_578,meso_SUB_HIFLD_589_SUB_HIFLD_578_rev,1500.0,51.09635122263678,100.13146855320923,0,672
SUB_HIFLD_589,SUB_HIFLD_1504,meso_SUB_HIFLD_589_SUB_HIFLD_1504_rev,1500.0,0.0,0.0,0,672
SUB_HIFLD_589,SUB_HIFLD_2835,meso_SUB_HIFLD_589_SUB_HIFLD_2835_rev,1500.0,54.41890329485988,113.04559179935957,0,672
SUB_HIFLD_589,SUB_HIFLD_3019,meso_SUB_HIFLD_589_SUB_HIFLD_3019_rev,1500.0,77.05980030775365,169.44520380185799,0,672
SUB_HIFLD_589,SUB_HIFLD_3368,meso_SUB_HIFLD_589_SUB_HIFLD_3368_rev,15000.0,0.0,0.0,0,672
SUB_HIFLD_589,SUB_HIFLD_3487,meso_SUB_HIFLD_589_SUB_HIFLD_3487_rev,1500.0,0.24345949381787818,0.7119553450735334,0,672
SUB_HIFLD_589,SUB_HIFLD_3971,meso_SUB_HIFLD_589_SUB_HIFLD_3971_rev,1500.0,2.2800813026722255,9.142546749206211,0,672
SUB_HIFLD_589,SUB_HIFLD_4025,meso_SUB_HIFLD_589_SUB_HIFLD_4025_rev,1500.0,0.3461803169702552,1.2174412048969074,0,672
SUB_HIFLD_589,SUB_HIFLD_4268,meso_SUB_HIFLD_589_SUB_HIFLD_4268_rev,1500.0,0.0,0.0,0,672
SUB_HIFLD_589,SUB_HIFLD_553,meso_SUB_HIFLD_589_SUB_HIFLD_553_rev,1500.0,33.93743116156913,177.543719348705,0,672
SUB_HIFLD_589,SUB_HIFLD_561,meso_SUB_HIFLD_589_SUB_HIFLD_561_rev,45000.0,0.0,0.0,0,672
SUB_HIFLD_589,SUB_HIFLD_574,meso_SUB_HIFLD_589_SUB_HIFLD_574_rev,1500.0,37.900727657243785,87.7749977323917,0,672
SUB_HIFLD_589,SUB_HIFLD_579,meso_SUB_HIFLD_589_SUB_HIFLD_579_rev,1500.0,62.70246522590365,140.0493035258795,0,672
SUB_HIFLD_589,SUB_HIFLD_583,meso_SUB_HIFLD_589_SUB_HIFLD_583_rev,1500.0,33.37682274287977,60.14427351804123,0,672
SUB_HIFLD_589,WECC_SCE,iface_SUB_HIFLD_589_WECC_SCE_to_ba,557.8384718587145,0.0,0.0,0,672
SUB_HIFLD_590,SUB_HIFLD_2763,meso_SUB_HIFLD_590_SUB_HIFLD_2763_rev,800.0,0.0,0.0,0,672
SUB_HIFLD_590,SUB_HIFLD_3475,meso_SUB_HIFLD_590_SUB_HIFLD_3475_rev,800.0,0.0,0.0,0,672
SUB_HIFLD_590,SUB_HIFLD_864,meso_SUB_HIFLD_590_SUB_HIFLD_864_fwd,800.0,0.0,0.0,0,672
SUB_HIFLD_595,SUB_06204,meso_SUB_HIFLD_595_SUB_06204_rev,1500.0,66.07934954255632,131.40878123100276,0,672
SUB_HIFLD_595,SUB_06246,meso_SUB_HIFLD_595_SUB_06246_rev,3000.0,0.0,0.0,0,672
SUB_HIFLD_595,SUB_06313,meso_SUB_HIFLD_595_SUB_06313_rev,3000.0,43.28710673823331,65.03178559922681,0,672
SUB_HIFLD_595,SUB_15375,meso_SUB_HIFLD_595_SUB_15375_rev,1500.0,4.086008590164251,33.60560467371666,0,672
SUB_HIFLD_595,SUB_16368,meso_SUB_HIFLD_595_SUB_16368_rev,4000.0,0.0,0.0,0,672
SUB_HIFLD_597,SUB_HIFLD_4127,meso_SUB_HIFLD_597_SUB_HIFLD_4127_rev,1500.0,0.0,0.0,0,672
SUB_HIFLD_597,SUB_15226,meso_SUB_HIFLD_597_SUB_15226_rev,3000.0,20.123903179869576,35.051244012895054,0,672
SUB_HIFLD_597,SUB_15246,meso_SUB_HIFLD_597_SUB_15246_rev,1500.0,8.969500434822905,47.55748606998357,0,672
SUB_HIFLD_597,SUB_15257,meso_SUB_HIFLD_597_SUB_15257_rev,1500.0,18.871105513604572,44.10333843427834,0,672
SUB_HIFLD_597,SUB_15361,meso_SUB_HIFLD_597_SUB_15361_rev,3000.0,62.00081282271617,124.02637913742034,0,672
SUB_HIFLD_597,SUB_16368,meso_SUB_HIFLD_597_SUB_16368_rev,1500.0,0.0,0.0,0,672
SUB_HIFLD_597,SUB_16391,meso_SUB_HIFLD_597_SUB_16391_rev,4000.0,0.0,0.0,0,672
SUB_HIFLD_597,SUB_HIFLD_1395,meso_SUB_HIFLD_597_SUB_HIFLD_1395_rev,8000.0,0.0,0.0,0,672
SUB_HIFLD_597,SUB_HIFLD_2010,meso_SUB_HIFLD_597_SUB_HIFLD_2010_rev,1500.0,0.0,0.0,0,672
SUB_HIFLD_597,WEC_CALN,iface_SUB_HIFLD_597_WEC_CALN_to_ba,10414.020126795327,0.0,0.0,0,672
SUB_HIFLD_659,SUB_15376,meso_SUB_HIFLD_659_SUB_15376_rev,600.0,36.02329638661197,105.97755825459588,0,672
SUB_HIFLD_659,SUB_HIFLD_2330,meso_SUB_HIFLD_659_SUB_HIFLD_2330_rev,1500.0,0.0,0.0,0,672
SUB_HIFLD_659,SUB_HIFLD_2469,meso_SUB_HIFLD_659_SUB_HIFLD_2469_rev,4000.0,0.0,0.0,0,672
SUB_HIFLD_659,WEC_CALN,iface_SUB_HIFLD_659_WEC_CALN_to_ba,200.0,0.0,0.0,0,672
SUB_HIFLD_792,SUB_HIFLD_793,meso_SUB_HIFLD_792_SUB_HIFLD_793_fwd,50.0,0.0,0.0,0,672
SUB_HIFLD_793,SUB_HIFLD_1446,meso_SUB_HIFLD_793_SUB_HIFLD_1446_rev,4000.0,0.0,0.0,0,672
SUB_HIFLD_793,SUB_HIFLD_836,meso_SUB_HIFLD_793_SUB_HIFLD_836_fwd,800.0,0.0003893653127453054,0.03359570060808634,0,672
SUB_HIFLD_793,SUB_HIFLD_792,meso_SUB_HIFLD_793_SUB_HIFLD_792_rev,50.0,0.0,0.0,0,672
SUB_HIFLD_793,WECC_SCE,iface_SUB_HIFLD_793_WECC_SCE_to_ba,31099.49480612333,0.0,0.0,0,672
SUB_HIFLD_795,SUB_HIFLD_2783,meso_SUB_HIFLD_795_SUB_HIFLD_2783_rev,800.0,0.0,0.0,0,672
SUB_HIFLD_796,SUB_HIFLD_2559,meso_SUB_HIFLD_796_SUB_HIFLD_2559_rev,800.0,0.0,0.0,0,672
SUB_HIFLD_796,SUB_HIFLD_3666,meso_SUB_HIFLD_796_SUB_HIFLD_3666_rev,800.0,1.3778971915977754,5.543211380476804,0,672
SUB_HIFLD_796,SUB_HIFLD_3060,meso_SUB_HIFLD_796_SUB_HIFLD_3060_rev,800.0,0.0,0.0,0,672
SUB_HIFLD_796,SUB_HIFLD_852,meso_SUB_HIFLD_796_SUB_HIFLD_852_fwd,800.0,2.116427217222708,71.05013928993439,0,672
SUB_HIFLD_797,SUB_HIFLD_3659,meso_SUB_HIFLD_797_SUB_HIFLD_3659_rev,800.0,0.0,0.0,0,672
SUB_HIFLD_798,SUB_HIFLD_2824,meso_SUB_HIFLD_798_SUB_HIFLD_2824_rev,1500.0,0.0,0.0,0,672
SUB_HIFLD_798,SUB_HIFLD_4418,meso_SUB_HIFLD_798_SUB_HIFLD_4418_rev,1500.0,0.0,0.0,0,672
SUB_HIFLD_799,SUB_HIFLD_2824,meso_SUB_HIFLD_799_SUB_HIFLD_2824_rev,1500.0,44.01179365578066,84.00613774046127,0,672
SUB_HIFLD_799,SUB_HIFLD_3574,meso_SUB_HIFLD_799_SUB_HIFLD_3574_rev,1500.0,0.0,0.0,0,672
SUB_HIFLD_799,SUB_HIFLD_4252,meso_SUB_HIFLD_799_SUB_HIFLD_4252_rev,1500.0,1.0458003441127732,73.76702720854345,0,672
SUB_HIFLD_799,SUB_HIFLD_829,meso_SUB_HIFLD_799_SUB_HIFLD_829_fwd,1500.0,24.915330820734383,40.70491704252577,0,672
SUB_HIFLD_799,SUB_HIFLD_869,meso_SUB_HIFLD_799_SUB_HIFLD_869_fwd,1500.0,0.0,0.0,0,672
SUB_HIFLD_800,SUB_HIFLD_2904,meso_SUB_HIFLD_800_SUB_HIFLD_2904_rev,800.0,0.0,0.0,0,672
SUB_HIFLD_800,SUB_HIFLD_4400,meso_SUB_HIFLD_800_SUB_HIFLD_4400_rev,800.0,0.0362270375454261,15.379305354876841,0,672
SUB_HIFLD_800,SUB_HIFLD_4434,meso_SUB_HIFLD_800_SUB_HIFLD_4434_rev,800.0,0.0,0.0,0,672
SUB_HIFLD_800,SUB_HIFLD_811,meso_SUB_HIFLD_800_SUB_HIFLD_811_fwd,800.0,0.0,0.0,0,672
SUB_HIFLD_800,SUB_HIFLD_822,meso_SUB_HIFLD_800_SUB_HIFLD_822_fwd,800.0,0.1010423369072088,32.24960657328329,0,672
SUB_HIFLD_800,SUB_HIFLD_841,meso_SUB_HIFLD_800_SUB_HIFLD_841_fwd,1600.0,0.0,0.0,0,672
SUB_HIFLD_801,SUB_HIFLD_3682,meso_SUB_HIFLD_801_SUB_HIFLD_3682_rev,800.0,0.0,0.0,0,672
SUB_HIFLD_801,SUB_HIFLD_4314,meso_SUB_HIFLD_801_SUB_HIFLD_4314_rev,800.0,0.0,0.0,0,672
SUB_HIFLD_801,SUB_HIFLD_827,meso_SUB_HIFLD_801_SUB_HIFLD_827_fwd,800.0,0.0,0.0,0,672
SUB_HIFLD_801,SUB_HIFLD_2673,meso_SUB_HIFLD_801_SUB_HIFLD_2673_rev,50.0,0.0,0.0,0,672
SUB_HIFLD_801,SUB_HIFLD_3341,meso_SUB_HIFLD_801_SUB_HIFLD_3341_rev,50.0,0.0,0.0,0,672
SUB_HIFLD_802,SUB_HIFLD_3668,meso_SUB_HIFLD_802_SUB_HIFLD_3668_rev,800.0,0.0,0.0,0,672
SUB_HIFLD_802,SUB_HIFLD_3670,meso_SUB_HIFLD_802_SUB_HIFLD_3670_rev,800.0,0.0,0.0,0,672
SUB_HIFLD_803,SUB_HIFLD_1461,meso_SUB_HIFLD_803_SUB_HIFLD_1461_rev,1500.0,0.0,0.0,0,672
SUB_HIFLD_803,SUB_HIFLD_3657,meso_SUB_HIFLD_803_SUB_HIFLD_3657_rev,600.0,0.05845583511674645,19.68749194587629,0,672
SUB_HIFLD_803,SUB_HIFLD_820,meso_SUB_HIFLD_803_SUB_HIFLD_820_fwd,1500.0,0.0,0.0,0,672
SUB_HIFLD_803,SUB_HIFLD_3574,meso_SUB_HIFLD_803_SUB_HIFLD_3574_rev,1500.0,0.0,0.0,0,672
SUB_HIFLD_803,SUB_HIFLD_3984,meso_SUB_HIFLD_803_SUB_HIFLD_3984_rev,600.0,5.588212777580507,13.142026417525775,0,672
SUB_HIFLD_804,SUB_HIFLD_3449,meso_SUB_HIFLD_804_SUB_HIFLD_3449_rev,15000.0,0.0,0.0,0,672
SUB_HIFLD_804,SUB_HIFLD_842,meso_SUB_HIFLD_804_SUB_HIFLD_842_fwd,16500.0,0.0,0.0,0,672
SUB_HIFLD_804,SUB_HIFLD_821,meso_SUB_HIFLD_804_SUB_HIFLD_821_fwd,1500.0,0.0,0.0,0,672
SUB_HIFLD_804,WECC_SCE,iface_SUB_HIFLD_804_WECC_SCE_to_ba,557.8384718587145,0.0,0.0,0,672
SUB_HIFLD_805,SUB_HIFLD_1013,meso_SUB_HIFLD_805_SUB_HIFLD_1013_rev,800.0,0.0,0.0,0,672
SUB_HIFLD_805,SUB_HIFLD_4050,meso_SUB_HIFLD_805_SUB_HIFLD_4050_rev,800.0,0.0,0.0,0,672
SUB_HIFLD_805,SUB_HIFLD_4170,meso_SUB_HIFLD_805_SUB_HIFLD_4170_rev,800.0,0.0,0.0,0,672
SUB_HIFLD_805,SUB_HIFLD_3659,meso_SUB_HIFLD_805_SUB_HIFLD_3659_rev,800.0,0.0,0.0,0,672
SUB_HIFLD_805,SUB_HIFLD_3664,meso_SUB_HIFLD_805_SUB_HIFLD_3664_rev,800.0,0.0,0.0,0,672
SUB_HIFLD_805,SUB_HIFLD_567,meso_SUB_HIFLD_805_SUB_HIFLD_567_rev,1600.0,18.713434665497154,59.589553801546394,0,672
SUB_HIFLD_805,SUB_HIFLD_814,meso_SUB_HIFLD_805_SUB_HIFLD_814_fwd,800.0,0.0,0.0,0,672
SUB_HIFLD_805,SUB_HIFLD_818,meso_SUB_HIFLD_805_SUB_HIFLD_818_fwd,800.0,32.49280529858585,64.27976848165409,0,672
SUB_HIFLD_805,SUB_HIFLD_4208,meso_SUB_HIFLD_805_SUB_HIFLD_4208_rev,50.0,0.0,0.0,0,672
SUB_HIFLD_806,SUB_HIFLD_1611,meso_SUB_HIFLD_806_SUB_HIFLD_1611_rev,800.0,0.0,0.0,0,672
SUB_HIFLD_806,SUB_HIFLD_4442,meso_SUB_HIFLD_806_SUB_HIFLD_4442_rev,800.0,0.0,0.0,0,672
SUB_HIFLD_806,SUB_HIFLD_3361,meso_SUB_HIFLD_806_SUB_HIFLD_3361_rev,50.0,0.0,0.0,0,672
SUB_HIFLD_807,SUB_HIFLD_3669,meso_SUB_HIFLD_807_SUB_HIFLD_3669_rev,1500.0,7.887128976214207,12.864814553801546,0,672
SUB_HIFLD_807,SUB_HIFLD_4252,meso_SUB_HIFLD_807_SUB_HIFLD_4252_rev,1500.0,0.0,0.0,0,672
SUB_HIFLD_807,SUB_HIFLD_809,meso_SUB_HIFLD_807_SUB_HIFLD_809_fwd,800.0,2.674920160284236,69.24413193371441,0,672
SUB_HIFLD_807,SUB_HIFLD_814,meso_SUB_HIFLD_807_SUB_HIFLD_814_fwd,1500.0,0.3998667845757313,23.844331879301066,0,672
SUB_HIFLD_807,SUB_HIFLD_832,meso_SUB_HIFLD_807_SUB_HIFLD_832_fwd,1500.0,0.024336023194917455,16.35380758698453,0,672
SUB_HIFLD_807,SUB_HIFLD_846,meso_SUB_HIFLD_807_SUB_HIFLD_846_fwd,1500.0,20.12480733377644,72.02142396907217,0,672
SUB_HIFLD_807,SUB_HIFLD_860,meso_SUB_HIFLD_807_SUB_HIFLD_860_fwd,1500.0,0.0,0.0,0,672
SUB_HIFLD_807,SUB_HIFLD_1029,meso_SUB_HIFLD_807_SUB_HIFLD_1029_rev,3000.0,10.307952843531123,117.43873266655679,0,672
SUB_HIFLD_807,SUB_HIFLD_150,meso_SUB_HIFLD_807_SUB_HIFLD_150_rev,600.0,0.0,0.0,0,672
SUB_HIFLD_807,SUB_HIFLD_3666,meso_SUB_HIFLD_807_SUB_HIFLD_3666_rev,600.0,1.323776584451083,5.557203910277062,0,672
SUB_HIFLD_807,SUB_HIFLD_870,meso_SUB_HIFLD_807_SUB_HIFLD_870_fwd,3000.0,0.0,0.0,0,672
SUB_HIFLD_807,SUB_HIFLD_2593,meso_SUB_HIFLD_807_SUB_HIFLD_2593_rev,100.39290467826652,5.5113743987147945,10.428342902448787,0,672
SUB_HIFLD_807,SUB_HIFLD_3403,meso_SUB_HIFLD_807_SUB_HIFLD_3403_rev,75.82801943915494,4.128431097151429,7.817321399806701,0,672
SUB_HIFLD_808,SUB_HIFLD_1467,meso_SUB_HIFLD_808_SUB_HIFLD_1467_rev,800.0,0.0,0.0,0,672
SUB_HIFLD_808,SUB_HIFLD_3439,meso_SUB_HIFLD_808_SUB_HIFLD_3439_rev,800.0,0.0,0.0,0,672
SUB_HIFLD_808,SUB_HIFLD_4004,meso_SUB_HIFLD_808_SUB_HIFLD_4004_rev,800.0,0.0,0.0,0,672
SUB_HIFLD_808,SUB_HIFLD_832,meso_SUB_HIFLD_808_SUB_HIFLD_832_fwd,800.0,0.7480293987701175,2.3257593738727853,0,672
SUB_HIFLD_809,SUB_HIFLD_3671,meso_SUB_HIFLD_809_SUB_HIFLD_3671_rev,800.0,0.0,0.0,0,672
SUB_HIFLD_809,SUB_HIFLD_807,meso_SUB_HIFLD_809_SUB_HIFLD_807_rev,800.0,0.0,0.0,0,672
SUB_HIFLD_809,SUB_HIFLD_1463,meso_SUB_HIFLD_809_SUB_HIFLD_1463_rev,600.0,0.0,0.0,0,672
SUB_HIFLD_809,SUB_HIFLD_1465,meso_SUB_HIFLD_809_SUB_HIFLD_1465_rev,600.0,0.0,0.0,0,672
SUB_HIFLD_809,SUB_HIFLD_150,meso_SUB_HIFLD_809_SUB_HIFLD_150_rev,800.0,0.0,0.0,0,672
SUB_HIFLD_809,SUB_HIFLD_819,meso_SUB_HIFLD_809_SUB_HIFLD_819_fwd,1600.0,28.031651981074727,63.29762696227743,0,672
SUB_HIFLD_809,SUB_HIFLD_862,meso_SUB_HIFLD_809_SUB_HIFLD_862_fwd,600.0,3.6955964404458674,6.691887987274485,0,672
SUB_HIFLD_810,SUB_HIFLD_2794,meso_SUB_HIFLD_810_SUB_HIFLD_2794_rev,1500.0,0.0,0.0,0,672
SUB_HIFLD_810,SUB_HIFLD_2945,meso_SUB_HIFLD_810_SUB_HIFLD_2945_rev,1500.0,0.21532077011912704,3.026325438676704,0,672
SUB_HIFLD_810,SUB_HIFLD_3222,meso_SUB_HIFLD_810_SUB_HIFLD_3222_rev,3000.0,0.0,0.0,0,672
SUB_HIFLD_810,SUB_HIFLD_830,meso_SUB_HIFLD_810_SUB_HIFLD_830_fwd,3000.0,0.19606158405448745,5.576449779853146,0,672
SUB_HIFLD_811,SUB_HIFLD_1679,meso_SUB_HIFLD_811_SUB_HIFLD_1679_rev,4000.0,0.0,0.0,0,672
SUB_HIFLD_811,SUB_HIFLD_2833,meso_SUB_HIFLD_811_SUB_HIFLD_2833_rev,800.0,0.0,0.0,0,672
SUB_HIFLD_811,SUB_HIFLD_2935,meso_SUB_HIFLD_811_SUB_HIFLD_2935_rev,800.0,0.0,0.0,0,672
SUB_HIFLD_811,SUB_HIFLD_3061,meso_SUB_HIFLD_811_SUB_HIFLD_3061_rev,800.0,30.765517156470384,59.05282699742268,0,672
SUB_HIFLD_811,SUB_HIFLD_3916,meso_SUB_HIFLD_811_SUB_HIFLD_3916_rev,4000.0,0.0,0.0,0,672
SUB_HIFLD_811,SUB_HIFLD_4434,meso_SUB_HIFLD_811_SUB_HIFLD_4434_rev,23000.0,0.0,0.0,0,672
SUB_HIFLD_811,SUB_HIFLD_800,meso_SUB_HIFLD_811_SUB_HIFLD_800_rev,800.0,0.014574548106130337,9.794096327319586,0,672
SUB_HIFLD_811,SUB_HIFLD_841,meso_SUB_HIFLD_811_SUB_HIFLD_841_fwd,1500.0,0.0,0.0,0,672
SUB_HIFLD_811,SUB_HIFLD_861,meso_SUB_HIFLD_811_SUB_HIFLD_861_fwd,4000.0,33.67861733827512,69.4266430412371,0,672
SUB_HIFLD_811,SUB_HIFLD_1612,meso_SUB_HIFLD_811_SUB_HIFLD_1612_rev,800.0,146.75720247049264,303.4221225009254,0,672
SUB_HIFLD_811,SUB_HIFLD_1982,meso_SUB_HIFLD_811_SUB_HIFLD_1982_rev,4000.0,0.0,0.0,0,672
SUB_HIFLD_811,SUB_HIFLD_3662,meso_SUB_HIFLD_811_SUB_HIFLD_3662_rev,4000.0,0.0,0.0,0,672
SUB_HIFLD_811,SUB_HIFLD_822,meso_SUB_HIFLD_811_SUB_HIFLD_822_fwd,800.0,30.51665157174171,51.54283962069529,0,672
SUB_HIFLD_811,SUB_HIFLD_823,meso_SUB_HIFLD_811_SUB_HIFLD_823_fwd,800.0,59.583983455689456,142.10966910006377,0,672
SUB_HIFLD_811,SUB_HIFLD_843,meso_SUB_HIFLD_811_SUB_HIFLD_843_fwd,2400.0,51.82412466468577,102.38376288659795,0,672
SUB_HIFLD_811,SUB_HIFLD_844,meso_SUB_HIFLD_811_SUB_HIFLD_844_fwd,800.0,4.818546639554995,37.89801277434086,0,672
SUB_HIFLD_811,WECC_SCE,iface_SUB_HIFLD_811_WECC_SCE_to_ba,557.8384718587145,0.0,0.0,0,672
SUB_HIFLD_812,SUB_HIFLD_851,meso_SUB_HIFLD_812_SUB_HIFLD_851_fwd,15000.0,0.0,0.0,0,672
SUB_HIFLD_812,WECC_SCE,iface_SUB_HIFLD_812_WECC_SCE_to_ba,557.8384718587145,0.0,0.0,0,672
SUB_HIFLD_813,SUB_HIFLD_1471,meso_SUB_HIFLD_813_SUB_HIFLD_1471_rev,800.0,0.0,0.0,0,672
SUB_HIFLD_813,SUB_HIFLD_2935,meso_SUB_HIFLD_813_SUB_HIFLD_2935_rev,800.0,4.606260673987214,29.145007569759255,0,672
SUB_HIFLD_814,SUB_HIFLD_1014,meso_SUB_HIFLD_814_SUB_HIFLD_1014_rev,800.0,2.417810468341302,11.333136678479383,0,672
SUB_HIFLD_814,SUB_HIFLD_1015,meso_SUB_HIFLD_814_SUB_HIFLD_1015_rev,800.0,3.517433602094768,6.736702138369846,0,672
SUB_HIFLD_814,SUB_HIFLD_2684,meso_SUB_HIFLD_814_SUB_HIFLD_2684_rev,800.0,0.08697819473349001,1.835867781491624,0,672
SUB_HIFLD_814,SUB_HIFLD_807,meso_SUB_HIFLD_814_SUB_HIFLD_807_rev,1500.0,0.0,0.0,0,672
SUB_HIFLD_814,SUB_HIFLD_870,meso_SUB_HIFLD_814_SUB_HIFLD_870_fwd,1500.0,0.0,0.0,0,672
SUB_HIFLD_814,SUB_HIFLD_1013,meso_SUB_HIFLD_814_SUB_HIFLD_1013_rev,800.0,0.0,0.0,0,672
SUB_HIFLD_814,SUB_HIFLD_150,meso_SUB_HIFLD_814_SUB_HIFLD_150_rev,800.0,0.0,0.0,0,672
SUB_HIFLD_814,SUB_HIFLD_2622,meso_SUB_HIFLD_814_SUB_HIFLD_2622_rev,800.0,0.182205523753903,58.83792279997875,0,672
SUB_HIFLD_814,SUB_HIFLD_3664,meso_SUB_HIFLD_814_SUB_HIFLD_3664_rev,800.0,0.0,0.0,0,672
SUB_HIFLD_814,SUB_HIFLD_805,meso_SUB_HIFLD_814_SUB_HIFLD_805_rev,800.0,1.0802534416884952,164.04997811545013,0,672
SUB_HIFLD_815,SUB_HIFLD_1013,meso_SUB_HIFLD_815_SUB_HIFLD_1013_rev,800.0,0.0,0.0,0,672
SUB_HIFLD_815,SUB_HIFLD_2894,meso_SUB_HIFLD_815_SUB_HIFLD_2894_rev,800.0,0.0,0.0,0,672
SUB_HIFLD_815,SUB_HIFLD_3433,meso_SUB_HIFLD_815_SUB_HIFLD_3433_rev,800.0,0.0,0.0,0,672
SUB_HIFLD_817,SUB_HIFLD_2619,meso_SUB_HIFLD_817_SUB_HIFLD_2619_rev,800.0,0.0,0.0,0,672
SUB_HIFLD_817,SUB_HIFLD_2877,meso_SUB_HIFLD_817_SUB_HIFLD_2877_rev,800.0,0.0,0.0,0,672
SUB_HIFLD_817,SUB_HIFLD_4314,meso_SUB_HIFLD_817_SUB_HIFLD_4314_rev,800.0,0.0,0.0,0,672
SUB_HIFLD_817,SUB_HIFLD_827,meso_SUB_HIFLD_817_SUB_HIFLD_827_fwd,800.0,0.0,0.0,0,672
SUB_HIFLD_817,SUB_HIFLD_845,meso_SUB_HIFLD_817_SUB_HIFLD_845_fwd,1600.0,0.0,0.0,0,672
SUB_HIFLD_818,SUB_HIFLD_3665,meso_SUB_HIFLD_818_SUB_HIFLD_3665_rev,800.0,0.0,0.0,0,672
SUB_HIFLD_818,SUB_HIFLD_4320,meso_SUB_HIFLD_818_SUB_HIFLD_4320_rev,800.0,0.0,0.0,0,672
SUB_HIFLD_818,SUB_HIFLD_826,meso_SUB_HIFLD_818_SUB_HIFLD_826_fwd,800.0,0.0,0.0,0,672
SUB_HIFLD_818,SUB_HIFLD_805,meso_SUB_HIFLD_818_SUB_HIFLD_805_rev,800.0,0.0,0.0,0,672
SUB_HIFLD_819,SUB_HIFLD_831,meso_SUB_HIFLD_819_SUB_HIFLD_831_fwd,800.0,0.0,0.0,0,672
SUB_HIFLD_819,SUB_HIFLD_809,meso_SUB_HIFLD_819_SUB_HIFLD_809_rev,1600.0,0.0,0.0,0,672
SUB_HIFLD_820,SUB_HIFLD_803,meso_SUB_HIFLD_820_SUB_HIFLD_803_rev,1500.0,10.500655382959451,45.80568820411309,0,672
SUB_HIFLD_820,SUB_HIFLD_860,meso_SUB_HIFLD_820_SUB_HIFLD_860_fwd,1500.0,96.15553428252721,262.0,0,672
SUB_HIFLD_820,SUB_HIFLD_4252,meso_SUB_HIFLD_820_SUB_HIFLD_4252_rev,1500.0,8.813070559045345,207.6462762340246,0,672
SUB_HIFLD_821,SUB_HIFLD_1448,meso_SUB_HIFLD_821_SUB_HIFLD_1448_rev,1500.0,0.0,0.0,0,672
SUB_HIFLD_821,SUB_HIFLD_804,meso_SUB_HIFLD_821_SUB_HIFLD_804_rev,1500.0,0.029472225322170944,0.9357268972495169,0,672
SUB_HIFLD_822,SUB_HIFLD_2904,meso_SUB_HIFLD_822_SUB_HIFLD_2904_rev,800.0,0.0,0.0,0,672
SUB_HIFLD_822,SUB_HIFLD_4200,meso_SUB_HIFLD_822_SUB_HIFLD_4200_rev,800.0,0.0,0.0,0,672
SUB_HIFLD_822,SUB_HIFLD_1470,meso_SUB_HIFLD_822_SUB_HIFLD_1470_rev,800.0,0.0,0.0,0,672
SUB_HIFLD_822,SUB_HIFLD_800,meso_SUB_HIFLD_822_SUB_HIFLD_800_rev,800.0,0.0,0.0,0,672
SUB_HIFLD_822,SUB_HIFLD_811,meso_SUB_HIFLD_822_SUB_HIFLD_811_rev,800.0,0.0,0.0,0,672
SUB_HIFLD_823,SUB_HIFLD_4442,meso_SUB_HIFLD_823_SUB_HIFLD_4442_rev,800.0,0.0,0.0,0,672
SUB_HIFLD_823,SUB_HIFLD_843,meso_SUB_HIFLD_823_SUB_HIFLD_843_fwd,800.0,0.0,0.0,0,672
SUB_HIFLD_823,SUB_HIFLD_811,meso_SUB_HIFLD_823_SUB_HIFLD_811_rev,800.0,0.0,0.0,0,672
SUB_HIFLD_823,SUB_HIFLD_857,meso_SUB_HIFLD_823_SUB_HIFLD_857_fwd,800.0,0.9915829880120788,72.49570715206187,0,672
SUB_HIFLD_824,SUB_HIFLD_826,meso_SUB_HIFLD_824_SUB_HIFLD_826_fwd,800.0,0.0,0.0,0,672
SUB_HIFLD_825,SUB_HIFLD_2551,meso_SUB_HIFLD_825_SUB_HIFLD_2551_rev,1500.0,0.0,0.0,0,672
SUB_HIFLD_825,SUB_HIFLD_3991,meso_SUB_HIFLD_825_SUB_HIFLD_3991_rev,600.0,0.537863514135709,1.2449885732119845,0,672
SUB_HIFLD_825,SUB_HIFLD_1448,meso_SUB_HIFLD_825_SUB_HIFLD_1448_rev,1500.0,0.0,0.0,0,672
SUB_HIFLD_825,SUB_HIFLD_3401,meso_SUB_HIFLD_825_SUB_HIFLD_3401_rev,3000.0,0.0,0.0,0,672
SUB_HIFLD_825,SUB_HIFLD_869,meso_SUB_HIFLD_825_SUB_HIFLD_869_fwd,3000.0,126.29339366371153,483.985696746268,0,672
SUB_HIFLD_826,SUB_HIFLD_818,meso_SUB_HIFLD_826_SUB_HIFLD_818_rev,800.0,0.0,0.0,0,672
SUB_HIFLD_826,SUB_HIFLD_824,meso_SUB_HIFLD_826_SUB_HIFLD_824_rev,800.0,0.0,0.0,0,672
SUB_HIFLD_826,SUB_HIFLD_863,meso_SUB_HIFLD_826_SUB_HIFLD_863_fwd,800.0,0.0,0.0,0,672
SUB_HIFLD_826,SUB_HIFLD_856,meso_SUB_HIFLD_826_SUB_HIFLD_856_fwd,800.0,0.0,0.0,0,672
SUB_HIFLD_827,SUB_HIFLD_3659,meso_SUB_HIFLD_827_SUB_HIFLD_3659_rev,800.0,0.0,0.0,0,672
SUB_HIFLD_827,SUB_HIFLD_4314,meso_SUB_HIFLD_827_SUB_HIFLD_4314_rev,800.0,0.0,0.0,0,672
SUB_HIFLD_827,SUB_HIFLD_801,meso_SUB_HIFLD_827_SUB_HIFLD_801_rev,800.0,0.14945725949302174,49.63345712337084,0,672
SUB_HIFLD_827,SUB_HIFLD_817,meso_SUB_HIFLD_827_SUB_HIFLD_817_rev,800.0,0.06854456043148742,42.86843186211341,0,672
SUB_HIFLD_829,SUB_HIFLD_2824,meso_SUB_HIFLD_829_SUB_HIFLD_2824_rev,1500.0,0.0,0.0,0,672
SUB_HIFLD_829,SUB_HIFLD_799,meso_SUB_HIFLD_829_SUB_HIFLD_799_rev,1500.0,0.0,0.0,0,672
SUB_HIFLD_830,SUB_HIFLD_2618,meso_SUB_HIFLD_830_SUB_HIFLD_2618_rev,1500.0,0.0,0.0,0,672
SUB_HIFLD_830,SUB_HIFLD_2640,meso_SUB_HIFLD_830_SUB_HIFLD_2640_rev,1500.0,0.0,0.0,0,672
SUB_HIFLD_830,SUB_HIFLD_3222,meso_SUB_HIFLD_830_SUB_HIFLD_3222_rev,1500.0,0.07456678285490279,2.09549027759531,0,672
SUB_HIFLD_830,SUB_HIFLD_810,meso_SUB_HIFLD_830_SUB_HIFLD_810_rev,3000.0,3.578788077399293,16.249353656572165,0,672
SUB_HIFLD_830,SUB_HIFLD_873,meso_SUB_HIFLD_830_SUB_HIFLD_873_fwd,1500.0,4.022176410159965,22.075813003185978,0,672
SUB_HIFLD_831,SUB_HIFLD_4396,meso_SUB_HIFLD_831_SUB_HIFLD_4396_rev,800.0,0.0,0.0,0,672
SUB_HIFLD_831,SUB_HIFLD_819,meso_SUB_HIFLD_831_SUB_HIFLD_819_rev,800.0,0.03231806266247713,21.71773810918463,0,672
SUB_HIFLD_831,SUB_HIFLD_1465,meso_SUB_HIFLD_831_SUB_HIFLD_1465_rev,600.0,0.0,0.0,0,672
SUB_HIFLD_831,SUB_HIFLD_150,meso_SUB_HIFLD_831_SUB_HIFLD_150_rev,800.0,0.0,0.0,0,672
SUB_HIFLD_831,SUB_HIFLD_832,meso_SUB_HIFLD_831_SUB_HIFLD_832_fwd,800.0,0.0,0.0,0,672
SUB_HIFLD_832,SUB_HIFLD_1467,meso_SUB_HIFLD_832_SUB_HIFLD_1467_rev,1500.0,0.0,0.0,0,672
SUB_HIFLD_832,SUB_HIFLD_4004,meso_SUB_HIFLD_832_SUB_HIFLD_4004_rev,800.0,0.0,0.0,0,672
SUB_HIFLD_832,SUB_HIFLD_577,meso_SUB_HIFLD_832_SUB_HIFLD_577_rev,1500.0,19.352489692761974,124.52952425323151,0,672
SUB_HIFLD_832,SUB_HIFLD_807,meso_SUB_HIFLD_832_SUB_HIFLD_807_rev,1500.0,1.6457513436261153,133.2757571503002,0,672
SUB_HIFLD_832,SUB_HIFLD_808,meso_SUB_HIFLD_832_SUB_HIFLD_808_rev,800.0,0.0,0.0,0,672
SUB_HIFLD_832,SUB_HIFLD_150,meso_SUB_HIFLD_832_SUB_HIFLD_150_rev,1500.0,0.0,0.0,0,672
SUB_HIFLD_832,SUB_HIFLD_4295,meso_SUB_HIFLD_832_SUB_HIFLD_4295_rev,1500.0,1.137114099102138,2.845176334971005,0,672
SUB_HIFLD_832,SUB_HIFLD_831,meso_SUB_HIFLD_832_SUB_HIFLD_831_rev,800.0,4.963851001717451,107.56003543814433,0,672
SUB_HIFLD_832,SUB_HIFLD_840,meso_SUB_HIFLD_832_SUB_HIFLD_840_fwd,1500.0,5.709713315759596,15.05050177977616,0,672
SUB_HIFLD_833,SUB_HIFLD_2619,meso_SUB_HIFLD_833_SUB_HIFLD_2619_rev,800.0,0.0,0.0,0,672
SUB_HIFLD_833,SUB_HIFLD_872,meso_SUB_HIFLD_833_SUB_HIFLD_872_fwd,800.0,0.0,0.0,0,672
SUB_HIFLD_833,SUB_HIFLD_837,meso_SUB_HIFLD_833_SUB_HIFLD_837_fwd,1600.0,0.0,0.0,0,672
SUB_HIFLD_834,SUB_HIFLD_2776,meso_SUB_HIFLD_834_SUB_HIFLD_2776_rev,800.0,6.216653172140119,29.999999999999996,0,672
SUB_HIFLD_834,SUB_HIFLD_2904,meso_SUB_HIFLD_834_SUB_HIFLD_2904_rev,800.0,0.9853242661244692,29.999999999999996,0,672
SUB_HIFLD_834,SUB_HIFLD_2999,meso_SUB_HIFLD_834_SUB_HIFLD_2999_rev,800.0,0.9395260546816259,29.999999999999996,0,672
SUB_HIFLD_834,SUB_HIFLD_4302,meso_SUB_HIFLD_834_SUB_HIFLD_4302_rev,800.0,2.683371353884618,29.999999999999996,0,672
SUB_HIFLD_836,SUB_HIFLD_3203,meso_SUB_HIFLD_836_SUB_HIFLD_3203_rev,800.0,0.0,0.0,0,672
SUB_HIFLD_836,SUB_HIFLD_3204,meso_SUB_HIFLD_836_SUB_HIFLD_3204_rev,800.0,0.0,0.0,0,672
SUB_HIFLD_836,SUB_HIFLD_793,meso_SUB_HIFLD_836_SUB_HIFLD_793_rev,800.0,0.0,0.0,0,672
SUB_HIFLD_837,SUB_HIFLD_850,meso_SUB_HIFLD_837_SUB_HIFLD_850_fwd,800.0,0.0,0.0,0,672
SUB_HIFLD_837,SUB_HIFLD_833,meso_SUB_HIFLD_837_SUB_HIFLD_833_rev,1600.0,0.0,0.0,0,672
SUB_HIFLD_837,SUB_HIFLD_856,meso_SUB_HIFLD_837_SUB_HIFLD_856_fwd,800.0,0.0,0.0,0,672
SUB_HIFLD_838,SUB_HIFLD_1768,meso_SUB_HIFLD_838_SUB_HIFLD_1768_rev,15000.0,0.0,0.0,0,672
SUB_HIFLD_838,SUB_HIFLD_3060,meso_SUB_HIFLD_838_SUB_HIFLD_3060_rev,30000.0,13.022673026920007,182.5718511220714,0,672
SUB_HIFLD_838,SUB_HIFLD_851,meso_SUB_HIFLD_838_SUB_HIFLD_851_fwd,15000.0,0.0,0.0,0,672
SUB_HIFLD_838,SUB_HIFLD_869,meso_SUB_HIFLD_838_SUB_HIFLD_869_fwd,4000.0,19.69262775648328,253.04527238666103,0,672
SUB_HIFLD_838,SUB_HIFLD_1060,meso_SUB_HIFLD_838_SUB_HIFLD_1060_rev,30000.0,131.8087189306198,874.5977849885725,0,672
SUB_HIFLD_838,SUB_HIFLD_3656,meso_SUB_HIFLD_838_SUB_HIFLD_3656_rev,15000.0,12.197011967558415,51.39821383200261,0,672
SUB_HIFLD_838,SUB_HIFLD_841,meso_SUB_HIFLD_838_SUB_HIFLD_841_fwd,15000.0,55.10109908518058,911.0545978907743,0,672
SUB_HIFLD_838,WECC_SCE,iface_SUB_HIFLD_838_WECC_SCE_to_ba,557.8384718587145,0.0,0.0,0,672
SUB_HIFLD_840,SUB_HIFLD_1463,meso_SUB_HIFLD_840_SUB_HIFLD_1463_rev,800.0,0.0,0.0,0,672
SUB_HIFLD_840,SUB_HIFLD_1464,meso_SUB_HIFLD_840_SUB_HIFLD_1464_rev,1500.0,0.0,0.0,0,672
SUB_HIFLD_840,SUB_HIFLD_1466,meso_SUB_HIFLD_840_SUB_HIFLD_1466_rev,1500.0,0.0,0.0,0,672
SUB_HIFLD_840,SUB_HIFLD_4389,meso_SUB_HIFLD_840_SUB_HIFLD_4389_rev,800.0,0.0,0.0,0,672
SUB_HIFLD_840,SUB_HIFLD_832,meso_SUB_HIFLD_840_SUB_HIFLD_832_rev,1500.0,0.0,0.0,0,672
SUB_HIFLD_840,SUB_HIFLD_874,meso_SUB_HIFLD_840_SUB_HIFLD_874_fwd,3000.0,0.0,0.0,0,672
SUB_HIFLD_841,SUB_HIFLD_1060,meso_SUB_HIFLD_841_SUB_HIFLD_1060_rev,34000.0,0.0,0.0,0,672
SUB_HIFLD_841,SUB_HIFLD_2776,meso_SUB_HIFLD_841_SUB_HIFLD_2776_rev,800.0,8.110618126384566,77.6402705468231,0,672
SUB_HIFLD_841,SUB_HIFLD_4434,meso_SUB_HIFLD_841_SUB_HIFLD_4434_rev,15000.0,0.0,0.0,0,672
SUB_HIFLD_841,SUB_HIFLD_4435,meso_SUB_HIFLD_841_SUB_HIFLD_4435_rev,800.0,0.0,0.0,0,672
SUB_HIFLD_841,SUB_HIFLD_811,meso_SUB_HIFLD_841_SUB_HIFLD_811_rev,1500.0,0.8162048966948857,195.4889794374415,0,672
SUB_HIFLD_841,SUB_HIFLD_1257,meso_SUB_HIFLD_841_SUB_HIFLD_1257_rev,4000.0,0.9175255788306649,190.1551271475063,0,672
SUB_HIFLD_841,SUB_HIFLD_1470,meso_SUB_HIFLD_841_SUB_HIFLD_1470_rev,1600.0,34.94885015762071,113.17192363810939,0,672
SUB_HIFLD_841,SUB_HIFLD_1679,meso_SUB_HIFLD_841_SUB_HIFLD_1679_rev,8000.0,1.2823829300293086,247.73976874263758,0,672
SUB_HIFLD_841,SUB_HIFLD_1982,meso_SUB_HIFLD_841_SUB_HIFLD_1982_rev,30000.0,0.0,0.0,0,672
SUB_HIFLD_841,SUB_HIFLD_3662,meso_SUB_HIFLD_841_SUB_HIFLD_3662_rev,15000.0,0.0,0.0,0,672
SUB_HIFLD_841,SUB_HIFLD_557,meso_SUB_HIFLD_841_SUB_HIFLD_557_rev,1600.0,102.22749643205063,246.74478915510468,0,672
SUB_HIFLD_841,SUB_HIFLD_581,meso_SUB_HIFLD_841_SUB_HIFLD_581_rev,800.0,9.431156418937496,55.71455782860826,0,672
SUB_HIFLD_841,SUB_HIFLD_800,meso_SUB_HIFLD_841_SUB_HIFLD_800_rev,1600.0,1.0541986243239427,79.08650739504326,0,672
SUB_HIFLD_841,SUB_HIFLD_838,meso_SUB_HIFLD_841_SUB_HIFLD_838_rev,15000.0,0.0,0.0,0,672
SUB_HIFLD_841,SUB_HIFLD_870,meso_SUB_HIFLD_841_SUB_HIFLD_870_fwd,8000.0,4.526947931463448,203.9743556782286,0,672
SUB_HIFLD_841,SUB_HIFLD_872,meso_SUB_HIFLD_841_SUB_HIFLD_872_fwd,800.0,13.959077005770409,29.79525117241026,0,672
SUB_HIFLD_841,WECC_SCE,iface_SUB_HIFLD_841_WECC_SCE_to_ba,557.8384718587145,0.0,0.0,0,672
SUB_HIFLD_842,SUB_HIFLD_3207,meso_SUB_HIFLD_842_SUB_HIFLD_3207_rev,1500.0,0.0,0.0,0,672
SUB_HIFLD_842,SUB_HIFLD_804,meso_SUB_HIFLD_842_SUB_HIFLD_804_rev,16500.0,0.4104535049188134,1.4706162914787373,0,672
SUB_HIFLD_842,WECC_SCE,iface_SUB_HIFLD_842_WECC_SCE_to_ba,557.8384718587145,179.42815656845917,557.8384718587145,10,672
SUB_HIFLD_843,SUB_HIFLD_2833,meso_SUB_HIFLD_843_SUB_HIFLD_2833_rev,800.0,0.0,0.0,0,672
SUB_HIFLD_843,SUB_HIFLD_2959,meso_SUB_HIFLD_843_SUB_HIFLD_2959_rev,800.0,0.0,0.0,0,672
SUB_HIFLD_843,SUB_HIFLD_3388,meso_SUB_HIFLD_843_SUB_HIFLD_3388_rev,800.0,0.0,0.0,0,672
SUB_HIFLD_843,SUB_HIFLD_4200,meso_SUB_HIFLD_843_SUB_HIFLD_4200_rev,800.0,0.0,0.0,0,672
SUB_HIFLD_843,SUB_HIFLD_823,meso_SUB_HIFLD_843_SUB_HIFLD_823_rev,800.0,0.0,0.0,0,672
SUB_HIFLD_843,SUB_HIFLD_811,meso_SUB_HIFLD_843_SUB_HIFLD_811_rev,2400.0,0.0,0.0,0,672
SUB_HIFLD_843,SUB_HIFLD_857,meso_SUB_HIFLD_843_SUB_HIFLD_857_fwd,1600.0,0.33704767941874636,42.83316285438144,0,672
SUB_HIFLD_844,SUB_HIFLD_3661,meso_SUB_HIFLD_844_SUB_HIFLD_3661_rev,800.0,4.389198868641032,9.761367388853094,0,672
SUB_HIFLD_844,SUB_HIFLD_811,meso_SUB_HIFLD_844_SUB_HIFLD_811_rev,800.0,0.0,0.0,0,672
SUB_HIFLD_844,SUB_HIFLD_868,meso_SUB_HIFLD_844_SUB_HIFLD_868_fwd,800.0,0.28479137172731317,30.000755562019137,0,672
SUB_HIFLD_845,SUB_HIFLD_1060,meso_SUB_HIFLD_845_SUB_HIFLD_1060_rev,4000.0,0.0,0.0,0,672
SUB_HIFLD_845,SUB_HIFLD_2877,meso_SUB_HIFLD_845_SUB_HIFLD_2877_rev,800.0,0.0,0.0,0,672
SUB_HIFLD_845,SUB_HIFLD_3306,meso_SUB_HIFLD_845_SUB_HIFLD_3306_rev,800.0,0.0,0.0,0,672
SUB_HIFLD_845,SUB_HIFLD_1647,meso_SUB_HIFLD_845_SUB_HIFLD_1647_rev,1600.0,23.864522659992986,45.5902405900081,0,672
SUB_HIFLD_845,SUB_HIFLD_1653,meso_SUB_HIFLD_845_SUB_HIFLD_1653_rev,800.0,40.11497625651521,85.07214884020618,0,672
SUB_HIFLD_845,SUB_HIFLD_817,meso_SUB_HIFLD_845_SUB_HIFLD_817_rev,1600.0,0.22633008615515315,42.69654478092784,0,672
SUB_HIFLD_845,SUB_HIFLD_857,meso_SUB_HIFLD_845_SUB_HIFLD_857_fwd,800.0,55.25991536188619,100.46757409793815,0,672
SUB_HIFLD_845,SUB_HIFLD_868,meso_SUB_HIFLD_845_SUB_HIFLD_868_fwd,800.0,22.146627822608394,52.0544726749128,0,672
SUB_HIFLD_846,SUB_HIFLD_1013,meso_SUB_HIFLD_846_SUB_HIFLD_1013_rev,1500.0,0.0,0.0,0,672
SUB_HIFLD_846,SUB_HIFLD_3665,meso_SUB_HIFLD_846_SUB_HIFLD_3665_rev,800.0,0.0,0.0,0,672
SUB_HIFLD_846,SUB_HIFLD_807,meso_SUB_HIFLD_846_SUB_HIFLD_807_rev,1500.0,0.0,0.0,0,672
SUB_HIFLD_846,SUB_HIFLD_1029,meso_SUB_HIFLD_846_SUB_HIFLD_1029_rev,1500.0,0.0,0.0,0,672
SUB_HIFLD_847,SUB_HIFLD_3200,meso_SUB_HIFLD_847_SUB_HIFLD_3200_rev,600.0,17.653296783261215,26.583833360180414,0,672
SUB_HIFLD_847,SUB_HIFLD_4418,meso_SUB_HIFLD_847_SUB_HIFLD_4418_rev,1500.0,1.5987382724901689,11.524068634556174,0,672
SUB_HIFLD_847,SUB_HIFLD_4425,meso_SUB_HIFLD_847_SUB_HIFLD_4425_rev,1500.0,0.0,0.0,0,672
SUB_HIFLD_848,SUB_HIFLD_2825,meso_SUB_HIFLD_848_SUB_HIFLD_2825_rev,800.0,0.0,0.0,0,672
SUB_HIFLD_848,SUB_HIFLD_4260,meso_SUB_HIFLD_848_SUB_HIFLD_4260_rev,800.0,0.0,0.0,0,672
SUB_HIFLD_848,SUB_HIFLD_1612,meso_SUB_HIFLD_848_SUB_HIFLD_1612_rev,800.0,0.0,0.0,0,672
SUB_HIFLD_849,SUB_HIFLD_869,meso_SUB_HIFLD_849_SUB_HIFLD_869_fwd,1500.0,0.0,0.0,0,672
SUB_HIFLD_849,SUB_HIFLD_3010,meso_SUB_HIFLD_849_SUB_HIFLD_3010_rev,50.0,0.7756049419303824,1.1404765020940721,0,672
SUB_HIFLD_850,SUB_HIFLD_1060,meso_SUB_HIFLD_850_SUB_HIFLD_1060_rev,800.0,0.0,0.0,0,672
SUB_HIFLD_850,SUB_HIFLD_2894,meso_SUB_HIFLD_850_SUB_HIFLD_2894_rev,800.0,0.0,0.0,0,672
SUB_HIFLD_850,SUB_HIFLD_3606,meso_SUB_HIFLD_850_SUB_HIFLD_3606_rev,800.0,0.0,0.0,0,672
SUB_HIFLD_850,SUB_HIFLD_3659,meso_SUB_HIFLD_850_SUB_HIFLD_3659_rev,800.0,0.0,0.0,0,672
SUB_HIFLD_850,SUB_HIFLD_837,meso_SUB_HIFLD_850_SUB_HIFLD_837_rev,800.0,0.0,0.0,0,672
SUB_HIFLD_850,SUB_HIFLD_852,meso_SUB_HIFLD_850_SUB_HIFLD_852_fwd,800.0,9.21929401816963,54.72826594716495,0,672
SUB_HIFLD_850,SUB_HIFLD_863,meso_SUB_HIFLD_850_SUB_HIFLD_863_fwd,800.0,0.0,0.0,0,672
SUB_HIFLD_851,SUB_HIFLD_812,meso_SUB_HIFLD_851_SUB_HIFLD_812_rev,15000.0,0.0,0.0,0,672
SUB_HIFLD_851,SUB_HIFLD_838,meso_SUB_HIFLD_851_SUB_HIFLD_838_rev,15000.0,0.0,0.0,0,672
SUB_HIFLD_851,WECC_SCE,iface_SUB_HIFLD_851_WECC_SCE_to_ba,557.8384718587145,0.0,0.0,0,672
SUB_HIFLD_852,SUB_HIFLD_2559,meso_SUB_HIFLD_852_SUB_HIFLD_2559_rev,800.0,0.0,0.0,0,672
SUB_HIFLD_852,SUB_HIFLD_3663,meso_SUB_HIFLD_852_SUB_HIFLD_3663_rev,800.0,0.0,0.0,0,672
SUB_HIFLD_852,SUB_HIFLD_850,meso_SUB_HIFLD_852_SUB_HIFLD_850_rev,800.0,0.0,0.0,0,672
SUB_HIFLD_852,SUB_HIFLD_3659,meso_SUB_HIFLD_852_SUB_HIFLD_3659_rev,800.0,0.0,0.0,0,672
SUB_HIFLD_852,SUB_HIFLD_796,meso_SUB_HIFLD_852_SUB_HIFLD_796_rev,800.0,0.0,0.0,0,672
SUB_HIFLD_853,SUB_HIFLD_150,meso_SUB_HIFLD_853_SUB_HIFLD_150_rev,1500.0,0.0,0.0,0,672
SUB_HIFLD_853,SUB_HIFLD_3475,meso_SUB_HIFLD_853_SUB_HIFLD_3475_rev,1500.0,43.0306231637033,90.10502743383995,0,672
SUB_HIFLD_853,SUB_HIFLD_4322,meso_SUB_HIFLD_853_SUB_HIFLD_4322_rev,800.0,0.0,0.0,0,672
SUB_HIFLD_853,SUB_HIFLD_1029,meso_SUB_HIFLD_853_SUB_HIFLD_1029_rev,800.0,0.32216875405677314,93.43450956203132,0,672
SUB_HIFLD_853,SUB_HIFLD_864,meso_SUB_HIFLD_853_SUB_HIFLD_864_fwd,1600.0,25.723818400424665,55.257301063144325,0,672
SUB_HIFLD_853,SUB_HIFLD_866,meso_SUB_HIFLD_853_SUB_HIFLD_866_fwd,800.0,0.0,0.0,0,672
SUB_HIFLD_854,SUB_HIFLD_3659,meso_SUB_HIFLD_854_SUB_HIFLD_3659_rev,800.0,0.0,0.0,0,672
SUB_HIFLD_854,SUB_HIFLD_3015,meso_SUB_HIFLD_854_SUB_HIFLD_3015_rev,800.0,0.0,0.0,0,672
SUB_HIFLD_854,SUB_HIFLD_3606,meso_SUB_HIFLD_854_SUB_HIFLD_3606_rev,800.0,0.0,0.0,0,672
SUB_HIFLD_855,SUB_HIFLD_426,meso_SUB_HIFLD_855_SUB_HIFLD_426_rev,1500.0,0.0,0.0,0,672
SUB_HIFLD_855,SUB_HIFLD_869,meso_SUB_HIFLD_855_SUB_HIFLD_869_fwd,3000.0,149.1575464294933,425.9844657561627,0,672
SUB_HIFLD_856,SUB_HIFLD_863,meso_SUB_HIFLD_856_SUB_HIFLD_863_fwd,800.0,0.0,0.0,0,672
SUB_HIFLD_856,SUB_HIFLD_3659,meso_SUB_HIFLD_856_SUB_HIFLD_3659_rev,800.0,0.0,0.0,0,672
SUB_HIFLD_856,SUB_HIFLD_551,meso_SUB_HIFLD_856_SUB_HIFLD_551_rev,800.0,0.0,0.0,0,672
SUB_HIFLD_856,SUB_HIFLD_826,meso_SUB_HIFLD_856_SUB_HIFLD_826_rev,800.0,0.0,0.0,0,672
SUB_HIFLD_856,SUB_HIFLD_837,meso_SUB_HIFLD_856_SUB_HIFLD_837_rev,800.0,0.0,0.0,0,672
SUB_HIFLD_856,SUB_HIFLD_872,meso_SUB_HIFLD_856_SUB_HIFLD_872_fwd,800.0,0.0,0.0,0,672
SUB_HIFLD_857,SUB_HIFLD_3505,meso_SUB_HIFLD_857_SUB_HIFLD_3505_rev,800.0,0.0,0.0,0,672
SUB_HIFLD_857,SUB_HIFLD_4021,meso_SUB_HIFLD_857_SUB_HIFLD_4021_rev,800.0,0.0,0.0,0,672
SUB_HIFLD_857,SUB_HIFLD_4122,meso_SUB_HIFLD_857_SUB_HIFLD_4122_rev,800.0,0.0,0.0,0,672
SUB_HIFLD_857,SUB_HIFLD_1647,meso_SUB_HIFLD_857_SUB_HIFLD_1647_rev,800.0,0.0,0.0,0,672
SUB_HIFLD_857,SUB_HIFLD_1653,meso_SUB_HIFLD_857_SUB_HIFLD_1653_rev,800.0,0.0,0.0,0,672
SUB_HIFLD_857,SUB_HIFLD_823,meso_SUB_HIFLD_857_SUB_HIFLD_823_rev,800.0,0.0,0.0,0,672
SUB_HIFLD_857,SUB_HIFLD_843,meso_SUB_HIFLD_857_SUB_HIFLD_843_rev,1600.0,0.0,0.0,0,672
SUB_HIFLD_857,SUB_HIFLD_845,meso_SUB_HIFLD_857_SUB_HIFLD_845_rev,800.0,0.0,0.0,0,672
SUB_HIFLD_858,SUB_HIFLD_4418,meso_SUB_HIFLD_858_SUB_HIFLD_4418_rev,1500.0,0.03389769686111778,17.627873262496337,0,672
SUB_HIFLD_858,SUB_HIFLD_869,meso_SUB_HIFLD_858_SUB_HIFLD_869_fwd,1500.0,0.0,0.0,0,672
SUB_HIFLD_858,SUB_HIFLD_3208,meso_SUB_HIFLD_858_SUB_HIFLD_3208_rev,50.0,0.0,0.0,0,672
SUB_HIFLD_859,SUB_HIFLD_1233,meso_SUB_HIFLD_859_SUB_HIFLD_1233_rev,600.0,20.212000942455454,39.038583279639184,0,672
SUB_HIFLD_859,SUB_HIFLD_1442,meso_SUB_HIFLD_859_SUB_HIFLD_1442_rev,1500.0,0.0,0.0,0,672
SUB_HIFLD_859,SUB_HIFLD_434,meso_SUB_HIFLD_859_SUB_HIFLD_434_rev,1500.0,61.54467129724735,130.81867810622705,0,672
SUB_HIFLD_860,SUB_HIFLD_807,meso_SUB_HIFLD_860_SUB_HIFLD_807_rev,1500.0,58.99623510359121,209.32481936614045,0,672
SUB_HIFLD_860,SUB_HIFLD_820,meso_SUB_HIFLD_860_SUB_HIFLD_820_rev,1500.0,0.0,0.0,0,672
SUB_HIFLD_860,SUB_HIFLD_3657,meso_SUB_HIFLD_860_SUB_HIFLD_3657_rev,600.0,0.23294192720757495,16.96799291237113,0,672
SUB_HIFLD_860,SUB_HIFLD_4000,meso_SUB_HIFLD_860_SUB_HIFLD_4000_rev,50.0,2.435166936021373,3.6027474629510308,0,672
SUB_HIFLD_861,SUB_HIFLD_2764,meso_SUB_HIFLD_861_SUB_HIFLD_2764_rev,800.0,0.0,0.0,0,672
SUB_HIFLD_861,SUB_HIFLD_2912,meso_SUB_HIFLD_861_SUB_HIFLD_2912_rev,800.0,0.0,0.0,0,672
SUB_HIFLD_861,SUB_HIFLD_811,meso_SUB_HIFLD_861_SUB_HIFLD_811_rev,4000.0,0.0,0.0,0,672
SUB_HIFLD_862,SUB_HIFLD_4146,meso_SUB_HIFLD_862_SUB_HIFLD_4146_rev,600.0,0.0,0.0,0,672
SUB_HIFLD_862,SUB_HIFLD_809,meso_SUB_HIFLD_862_SUB_HIFLD_809_rev,600.0,0.0,0.0,0,672
SUB_HIFLD_863,SUB_HIFLD_551,meso_SUB_HIFLD_863_SUB_HIFLD_551_rev,800.0,0.0,0.0,0,672
SUB_HIFLD_863,SUB_HIFLD_826,meso_SUB_HIFLD_863_SUB_HIFLD_826_rev,800.0,0.0,0.0,0,672
SUB_HIFLD_863,SUB_HIFLD_850,meso_SUB_HIFLD_863_SUB_HIFLD_850_rev,800.0,0.0,0.0,0,672
SUB_HIFLD_863,SUB_HIFLD_856,meso_SUB_HIFLD_863_SUB_HIFLD_856_rev,800.0,0.0,0.0,0,672
SUB_HIFLD_864,SUB_HIFLD_2763,meso_SUB_HIFLD_864_SUB_HIFLD_2763_rev,800.0,0.0,0.0,0,672
SUB_HIFLD_864,SUB_HIFLD_3475,meso_SUB_HIFLD_864_SUB_HIFLD_3475_rev,1500.0,0.0,0.0,0,672
SUB_HIFLD_864,SUB_HIFLD_4062,meso_SUB_HIFLD_864_SUB_HIFLD_4062_rev,800.0,0.0,0.0,0,672
SUB_HIFLD_864,SUB_HIFLD_590,meso_SUB_HIFLD_864_SUB_HIFLD_590_rev,800.0,0.0,0.0,0,672
SUB_HIFLD_864,SUB_HIFLD_853,meso_SUB_HIFLD_864_SUB_HIFLD_853_rev,1600.0,0.0,0.0,0,672
SUB_HIFLD_865,SUB_HIFLD_1448,meso_SUB_HIFLD_865_SUB_HIFLD_1448_rev,1500.0,0.0,0.0,0,672
SUB_HIFLD_865,SUB_HIFLD_3972,meso_SUB_HIFLD_865_SUB_HIFLD_3972_rev,800.0,5.48480799491931,10.44979965367268,0,672
SUB_HIFLD_865,SUB_HIFLD_3989,meso_SUB_HIFLD_865_SUB_HIFLD_3989_rev,50.0,2.5237024302569218,4.80822376369201,0,672
SUB_HIFLD_866,SUB_HIFLD_1467,meso_SUB_HIFLD_866_SUB_HIFLD_1467_rev,1500.0,0.0,0.0,0,672
SUB_HIFLD_866,SUB_HIFLD_2638,meso_SUB_HIFLD_866_SUB_HIFLD_2638_rev,800.0,0.0,0.0,0,672
SUB_HIFLD_866,SUB_HIFLD_2864,meso_SUB_HIFLD_866_SUB_HIFLD_2864_rev,1500.0,0.0,0.0,0,672
SUB_HIFLD_866,SUB_HIFLD_3059,meso_SUB_HIFLD_866_SUB_HIFLD_3059_rev,1500.0,5.746925155750505,84.21505363165568,0,672
SUB_HIFLD_866,SUB_HIFLD_4322,meso_SUB_HIFLD_866_SUB_HIFLD_4322_rev,800.0,0.021602894203094872,2.9050632622356254,0,672
SUB_HIFLD_866,SUB_HIFLD_150,meso_SUB_HIFLD_866_SUB_HIFLD_150_rev,3000.0,0.0,0.0,0,672
SUB_HIFLD_866,SUB_HIFLD_853,meso_SUB_HIFLD_866_SUB_HIFLD_853_rev,800.0,42.519687168232764,272.4572901079965,0,672
SUB_HIFLD_867,SUB_HIFLD_3401,meso_SUB_HIFLD_867_SUB_HIFLD_3401_rev,1500.0,13.128142328483133,260.038501946863,0,672
SUB_HIFLD_867,SUB_HIFLD_3673,meso_SUB_HIFLD_867_SUB_HIFLD_3673_rev,600.0,0.1522761100712495,2.2666690560048055,0,672
SUB_HIFLD_867,SUB_HIFLD_3676,meso_SUB_HIFLD_867_SUB_HIFLD_3676_rev,600.0,14.16968252309584,41.289191755613686,0,672
SUB_HIFLD_867,SUB_HIFLD_426,meso_SUB_HIFLD_867_SUB_HIFLD_426_rev,1500.0,0.31055174983379397,75.55763562923701,0,672
SUB_HIFLD_868,SUB_HIFLD_2877,meso_SUB_HIFLD_868_SUB_HIFLD_2877_rev,800.0,0.0,0.0,0,672
SUB_HIFLD_868,SUB_HIFLD_3377,meso_SUB_HIFLD_868_SUB_HIFLD_3377_rev,800.0,1.6809591127658614,3.6867489218268417,0,672
SUB_HIFLD_868,SUB_HIFLD_3505,meso_SUB_HIFLD_868_SUB_HIFLD_3505_rev,800.0,0.0,0.0,0,672
SUB_HIFLD_868,SUB_HIFLD_3661,meso_SUB_HIFLD_868_SUB_HIFLD_3661_rev,800.0,0.936021723110539,9.76888893363402,0,672
SUB_HIFLD_868,SUB_HIFLD_844,meso_SUB_HIFLD_868_SUB_HIFLD_844_rev,800.0,0.0,0.0,0,672
SUB_HIFLD_868,SUB_HIFLD_845,meso_SUB_HIFLD_868_SUB_HIFLD_845_rev,800.0,0.0,0.0,0,672
SUB_HIFLD_869,SUB_HIFLD_1450,meso_SUB_HIFLD_869_SUB_HIFLD_1450_rev,4000.0,0.0,0.0,0,672
SUB_HIFLD_869,SUB_HIFLD_3656,meso_SUB_HIFLD_869_SUB_HIFLD_3656_rev,600.0,20.423429980673465,58.682002144585745,0,672
SUB_HIFLD_869,SUB_HIFLD_4425,meso_SUB_HIFLD_869_SUB_HIFLD_4425_rev,1500.0,15.875864666458375,32.69644937778236,0,672
SUB_HIFLD_869,SUB_HIFLD_799,meso_SUB_HIFLD_869_SUB_HIFLD_799_rev,1500.0,109.55616584848825,203.5973261293681,0,672
SUB_HIFLD_869,SUB_HIFLD_838,meso_SUB_HIFLD_869_SUB_HIFLD_838_rev,4000.0,0.2743051530297812,67.43415335231069,0,672
SUB_HIFLD_869,SUB_HIFLD_855,meso_SUB_HIFLD_869_SUB_HIFLD_855_rev,3000.0,0.0,0.0,0,672
SUB_HIFLD_869,SUB_HIFLD_858,meso_SUB_HIFLD_869_SUB_HIFLD_858_rev,1500.0,46.53727250327241,86.38773356958762,0,672
SUB_HIFLD_869,SUB_HIFLD_3657,meso_SUB_HIFLD_869_SUB_HIFLD_3657_rev,600.0,40.30683250421261,172.93404500682374,0,672
SUB_HIFLD_869,SUB_HIFLD_825,meso_SUB_HIFLD_869_SUB_HIFLD_825_rev,3000.0,0.0,0.0,0,672
SUB_HIFLD_869,SUB_HIFLD_849,meso_SUB_HIFLD_869_SUB_HIFLD_849_rev,1500.0,59.07634753662823,90.62014559489253,0,672
SUB_HIFLD_870,SUB_HIFLD_1029,meso_SUB_HIFLD_870_SUB_HIFLD_1029_rev,1500.0,42.890293416076574,148.6950888476303,0,672
SUB_HIFLD_870,SUB_HIFLD_1045,meso_SUB_HIFLD_870_SUB_HIFLD_1045_rev,800.0,3.975279480040395,7.8594208078286085,0,672
SUB_HIFLD_870,SUB_HIFLD_2684,meso_SUB_HIFLD_870_SUB_HIFLD_2684_rev,800.0,1.4244912862426578,2.8708020397068297,0,672
SUB_HIFLD_870,SUB_HIFLD_2894,meso_SUB_HIFLD_870_SUB_HIFLD_2894_rev,4000.0,0.0,0.0,0,672
SUB_HIFLD_870,SUB_HIFLD_3658,meso_SUB_HIFLD_870_SUB_HIFLD_3658_rev,4000.0,0.0,0.0,0,672
SUB_HIFLD_870,SUB_HIFLD_3664,meso_SUB_HIFLD_870_SUB_HIFLD_3664_rev,800.0,0.0,0.0,0,672
SUB_HIFLD_870,SUB_HIFLD_4016,meso_SUB_HIFLD_870_SUB_HIFLD_4016_rev,4000.0,0.0,0.0,0,672
SUB_HIFLD_870,SUB_HIFLD_814,meso_SUB_HIFLD_870_SUB_HIFLD_814_rev,1500.0,0.596718294174578,28.441865002922736,0,672
SUB_HIFLD_870,SUB_HIFLD_1044,meso_SUB_HIFLD_870_SUB_HIFLD_1044_rev,800.0,3.047085334504974,80.59539887315398,0,672
SUB_HIFLD_870,SUB_HIFLD_150,meso_SUB_HIFLD_870_SUB_HIFLD_150_rev,8000.0,0.0,0.0,0,672
SUB_HIFLD_870,SUB_HIFLD_3090,meso_SUB_HIFLD_870_SUB_HIFLD_3090_rev,3000.0,6.246395793871723,12.331893323131442,0,672
SUB_HIFLD_870,SUB_HIFLD_3368,meso_SUB_HIFLD_870_SUB_HIFLD_3368_rev,4000.0,0.0,0.0,0,672
SUB_HIFLD_870,SUB_HIFLD_3659,meso_SUB_HIFLD_870_SUB_HIFLD_3659_rev,8000.0,1.393046716842966,74.97856074136774,0,672
SUB_HIFLD_870,SUB_HIFLD_4354,meso_SUB_HIFLD_870_SUB_HIFLD_4354_rev,1500.0,0.0,0.0,0,672
SUB_HIFLD_870,SUB_HIFLD_548,meso_SUB_HIFLD_870_SUB_HIFLD_548_rev,1600.0,12.804375648364168,58.3209451011595,0,672
SUB_HIFLD_870,SUB_HIFLD_561,meso_SUB_HIFLD_870_SUB_HIFLD_561_rev,8000.0,0.0,0.0,0,672
SUB_HIFLD_870,SUB_HIFLD_577,meso_SUB_HIFLD_870_SUB_HIFLD_577_rev,3000.0,4.242328764462366,38.432188305412375,0,672
SUB_HIFLD_870,SUB_HIFLD_807,meso_SUB_HIFLD_870_SUB_HIFLD_807_rev,3000.0,0.49752875371174166,50.929168275464875,0,672
SUB_HIFLD_870,SUB_HIFLD_841,meso_SUB_HIFLD_870_SUB_HIFLD_841_rev,8000.0,0.0,0.0,0,672
SUB_HIFLD_872,SUB_HIFLD_2999,meso_SUB_HIFLD_872_SUB_HIFLD_2999_rev,800.0,0.0,0.0,0,672
SUB_HIFLD_872,SUB_HIFLD_833,meso_SUB_HIFLD_872_SUB_HIFLD_833_rev,800.0,0.0,0.0,0,672
SUB_HIFLD_872,SUB_HIFLD_3659,meso_SUB_HIFLD_872_SUB_HIFLD_3659_rev,800.0,0.0,0.0,0,672
SUB_HIFLD_872,SUB_HIFLD_841,meso_SUB_HIFLD_872_SUB_HIFLD_841_rev,800.0,0.0,0.0,0,672
SUB_HIFLD_872,SUB_HIFLD_856,meso_SUB_HIFLD_872_SUB_HIFLD_856_rev,800.0,0.0,0.0,0,672
SUB_HIFLD_873,SUB_HIFLD_2640,meso_SUB_HIFLD_873_SUB_HIFLD_2640_rev,1500.0,0.0,0.0,0,672
SUB_HIFLD_873,SUB_HIFLD_3679,meso_SUB_HIFLD_873_SUB_HIFLD_3679_rev,1500.0,10.089548762990015,13.735039099345544,0,672
SUB_HIFLD_873,SUB_HIFLD_561,meso_SUB_HIFLD_873_SUB_HIFLD_561_rev,1500.0,0.0,0.0,0,672
SUB_HIFLD_873,SUB_HIFLD_1479,meso_SUB_HIFLD_873_SUB_HIFLD_1479_rev,1500.0,0.0,0.0,0,672
SUB_HIFLD_873,SUB_HIFLD_830,meso_SUB_HIFLD_873_SUB_HIFLD_830_rev,1500.0,0.0,0.0,0,672
SUB_HIFLD_874,SUB_HIFLD_1464,meso_SUB_HIFLD_874_SUB_HIFLD_1464_rev,1500.0,0.0,0.0,0,672
SUB_HIFLD_874,SUB_HIFLD_1469,meso_SUB_HIFLD_874_SUB_HIFLD_1469_rev,1500.0,0.08502743799834966,0.663571352747986,0,672
SUB_HIFLD_874,SUB_HIFLD_3658,meso_SUB_HIFLD_874_SUB_HIFLD_3658_rev,800.0,0.0,0.0,0,672
SUB_HIFLD_874,SUB_HIFLD_552,meso_SUB_HIFLD_874_SUB_HIFLD_552_rev,3000.0,0.10191245860453019,2.8035168228149416,0,672
SUB_HIFLD_874,SUB_HIFLD_840,meso_SUB_HIFLD_874_SUB_HIFLD_840_rev,3000.0,1.9014642065330842,9.669985003077358,0,672
SUB_HIFLD_876,SUB_HIFLD_1030,meso_SUB_HIFLD_876_SUB_HIFLD_1030_rev,800.0,0.0,0.0,0,672
SUB_HIFLD_876,SUB_HIFLD_924,meso_SUB_HIFLD_876_SUB_HIFLD_924_fwd,800.0,0.11244830737106042,25.375716817010307,0,672
SUB_HIFLD_877,SUB_HIFLD_3393,meso_SUB_HIFLD_877_SUB_HIFLD_3393_rev,800.0,0.0,0.0,0,672
SUB_HIFLD_878,SUB_HIFLD_931,meso_SUB_HIFLD_878_SUB_HIFLD_931_fwd,800.0,0.0,0.0,0,672
SUB_HIFLD_878,SUB_HIFLD_3009,meso_SUB_HIFLD_878_SUB_HIFLD_3009_rev,129.76486024085864,5.5206271644817,11.604327077963918,0,672
SUB_HIFLD_879,SUB_HIFLD_887,meso_SUB_HIFLD_879_SUB_HIFLD_887_fwd,800.0,0.0,0.0,0,672
SUB_HIFLD_880,SUB_HIFLD_2485,meso_SUB_HIFLD_880_SUB_HIFLD_2485_rev,4000.0,4.589562628164292,37.19890866623712,0,672
SUB_HIFLD_880,SUB_HIFLD_2497,meso_SUB_HIFLD_880_SUB_HIFLD_2497_rev,4000.0,0.0,0.0,0,672
SUB_HIFLD_880,SUB_HIFLD_3016,meso_SUB_HIFLD_880_SUB_HIFLD_3016_rev,4000.0,0.0,0.0,0,672
SUB_HIFLD_880,SUB_HIFLD_968,meso_SUB_HIFLD_880_SUB_HIFLD_968_fwd,4000.0,1.6446729622036274,61.19797878765716,0,672
SUB_HIFLD_880,WEC_SDGE,iface_SUB_HIFLD_880_WEC_SDGE_to_ba,4728.112424013321,0.0,0.0,0,672
SUB_HIFLD_881,SUB_HIFLD_3705,meso_SUB_HIFLD_881_SUB_HIFLD_3705_rev,800.0,25.103965412817395,45.05644196667241,0,672
SUB_HIFLD_881,SUB_HIFLD_907,meso_SUB_HIFLD_881_SUB_HIFLD_907_fwd,800.0,0.0,0.0,0,672
SUB_HIFLD_881,SUB_HIFLD_949,meso_SUB_HIFLD_881_SUB_HIFLD_949_fwd,800.0,23.306525840626076,65.29824420103093,0,672
SUB_HIFLD_881,SUB_HIFLD_950,meso_SUB_HIFLD_881_SUB_HIFLD_950_fwd,800.0,12.857679488105191,43.51812244536991,0,672
SUB_HIFLD_882,SUB_HIFLD_3514,meso_SUB_HIFLD_882_SUB_HIFLD_3514_rev,800.0,3.27297440519787,46.16357556152344,0,672
SUB_HIFLD_884,SUB_HIFLD_957,meso_SUB_HIFLD_884_SUB_HIFLD_957_fwd,50.0,0.0,0.0,0,672
SUB_HIFLD_886,SUB_HIFLD_2500,meso_SUB_HIFLD_886_SUB_HIFLD_2500_rev,800.0,0.0,0.0,0,672
SUB_HIFLD_886,SUB_HIFLD_946,meso_SUB_HIFLD_886_SUB_HIFLD_946_fwd,800.0,0.0,0.0,0,672
SUB_HIFLD_887,SUB_HIFLD_2577,meso_SUB_HIFLD_887_SUB_HIFLD_2577_rev,800.0,0.0,0.0,0,672
SUB_HIFLD_887,SUB_HIFLD_879,meso_SUB_HIFLD_887_SUB_HIFLD_879_rev,800.0,1.0247959945970853,1.6805136769088274,0,672
SUB_HIFLD_887,SUB_HIFLD_3704,meso_SUB_HIFLD_887_SUB_HIFLD_3704_rev,1600.0,2.604196618801217,4.280209858185148,0,672
SUB_HIFLD_887,SUB_HIFLD_896,meso_SUB_HIFLD_887_SUB_HIFLD_896_fwd,800.0,56.83716507985586,127.96659529322474,0,672
SUB_HIFLD_888,SUB_HIFLD_3461,meso_SUB_HIFLD_888_SUB_HIFLD_3461_rev,2000.0,149.04558061966063,456.40369647589165,0,672
SUB_HIFLD_888,SUB_HIFLD_902,meso_SUB_HIFLD_888_SUB_HIFLD_902_fwd,4000.0,95.2819184036246,330.5167822856837,0,672
SUB_HIFLD_888,SUB_HIFLD_2497,meso_SUB_HIFLD_888_SUB_HIFLD_2497_rev,2000.0,34.894349867198265,195.08872623787838,0,672
SUB_HIFLD_889,SUB_HIFLD_4404,meso_SUB_HIFLD_889_SUB_HIFLD_4404_rev,2000.0,0.0,0.0,0,672
SUB_HIFLD_889,SUB_HIFLD_930,meso_SUB_HIFLD_889_SUB_HIFLD_930_fwd,2000.0,0.0,0.0,0,672
SUB_HIFLD_890,SUB_HIFLD_968,meso_SUB_HIFLD_890_SUB_HIFLD_968_fwd,2000.0,0.0,0.0,0,672
SUB_HIFLD_891,SUB_HIFLD_2535,meso_SUB_HIFLD_891_SUB_HIFLD_2535_rev,800.0,0.0,0.0,0,672
SUB_HIFLD_891,SUB_HIFLD_943,meso_SUB_HIFLD_891_SUB_HIFLD_943_fwd,800.0,0.0,0.0,0,672
SUB_HIFLD_891,SUB_HIFLD_961,meso_SUB_HIFLD_891_SUB_HIFLD_961_fwd,800.0,7.1049930220022715,53.10128865979382,0,672
SUB_HIFLD_891,SUB_HIFLD_964,meso_SUB_HIFLD_891_SUB_HIFLD_964_fwd,800.0,27.45945915954623,107.42313144329898,0,672
SUB_HIFLD_892,SUB_HIFLD_4431,meso_SUB_HIFLD_892_SUB_HIFLD_4431_rev,800.0,68.42956634002729,115.30488432783773,0,672
SUB_HIFLD_892,SUB_HIFLD_926,meso_SUB_HIFLD_892_SUB_HIFLD_926_fwd,800.0,0.0,0.0,0,672
SUB_HIFLD_892,SUB_HIFLD_952,meso_SUB_HIFLD_892_SUB_HIFLD_952_fwd,800.0,0.0,0.0,0,672
SUB_HIFLD_892,SUB_HIFLD_3706,meso_SUB_HIFLD_892_SUB_HIFLD_3706_rev,800.0,0.0,0.0,0,672
SUB_HIFLD_892,SUB_HIFLD_930,meso_SUB_HIFLD_892_SUB_HIFLD_930_fwd,800.0,0.0,0.0,0,672
SUB_HIFLD_893,SUB_HIFLD_2499,meso_SUB_HIFLD_893_SUB_HIFLD_2499_rev,800.0,12.049721654910668,20.2606839196514,0,672
SUB_HIFLD_893,SUB_HIFLD_962,meso_SUB_HIFLD_893_SUB_HIFLD_962_fwd,360.99489549668886,0.0,0.0,0,672
SUB_HIFLD_894,SUB_HIFLD_924,meso_SUB_HIFLD_894_SUB_HIFLD_924_fwd,800.0,0.0,0.0,0,672
SUB_HIFLD_894,SUB_HIFLD_957,meso_SUB_HIFLD_894_SUB_HIFLD_957_fwd,800.0,3.3841423812631524,5.684071644440331,0,672
SUB_HIFLD_894,SUB_HIFLD_968,meso_SUB_HIFLD_894_SUB_HIFLD_968_fwd,2000.0,0.0,0.0,0,672
SUB_HIFLD_895,SUB_HIFLD_2496,meso_SUB_HIFLD_895_SUB_HIFLD_2496_rev,800.0,0.0,0.0,0,672
SUB_HIFLD_895,SUB_HIFLD_903,meso_SUB_HIFLD_895_SUB_HIFLD_903_fwd,800.0,0.0,0.0,0,672
SUB_HIFLD_895,SUB_HIFLD_950,meso_SUB_HIFLD_895_SUB_HIFLD_950_fwd,800.0,3.2595819492076723,32.48924820322074,0,672
SUB_HIFLD_896,SUB_HIFLD_2807,meso_SUB_HIFLD_896_SUB_HIFLD_2807_rev,800.0,2.9714076170145503,5.077138183022904,0,672
SUB_HIFLD_896,SUB_HIFLD_1030,meso_SUB_HIFLD_896_SUB_HIFLD_1030_rev,800.0,49.02239687054862,119.3195594101938,0,672
SUB_HIFLD_896,SUB_HIFLD_887,meso_SUB_HIFLD_896_SUB_HIFLD_887_rev,800.0,0.0,0.0,0,672
SUB_HIFLD_897,SUB_HIFLD_953,meso_SUB_HIFLD_897_SUB_HIFLD_953_fwd,800.0,0.0,0.0,0,672
SUB_HIFLD_897,SUB_HIFLD_959,meso_SUB_HIFLD_897_SUB_HIFLD_959_fwd,800.0,16.84610510431014,28.552108467873182,0,672
SUB_HIFLD_898,SUB_HIFLD_2486,meso_SUB_HIFLD_898_SUB_HIFLD_2486_rev,800.0,0.0,0.0,0,672
SUB_HIFLD_898,SUB_HIFLD_2496,meso_SUB_HIFLD_898_SUB_HIFLD_2496_rev,800.0,0.0,0.0,0,672
SUB_HIFLD_898,SUB_HIFLD_3706,meso_SUB_HIFLD_898_SUB_HIFLD_3706_rev,800.0,0.0,0.0,0,672
SUB_HIFLD_898,SUB_HIFLD_938,meso_SUB_HIFLD_898_SUB_HIFLD_938_fwd,2000.0,0.0,0.0,0,672
SUB_HIFLD_898,SUB_HIFLD_968,meso_SUB_HIFLD_898_SUB_HIFLD_968_fwd,1500.0,0.0,0.0,0,672
SUB_HIFLD_899,SUB_HIFLD_2496,meso_SUB_HIFLD_899_SUB_HIFLD_2496_rev,800.0,0.0,0.0,0,672
SUB_HIFLD_900,SUB_HIFLD_916,meso_SUB_HIFLD_900_SUB_HIFLD_916_fwd,800.0,16.937537141345796,26.005533203125,0,672
SUB_HIFLD_901,SUB_HIFLD_4404,meso_SUB_HIFLD_901_SUB_HIFLD_4404_rev,800.0,0.613555515684447,5.586498268363403,0,672
SUB_HIFLD_901,SUB_HIFLD_930,meso_SUB_HIFLD_901_SUB_HIFLD_930_fwd,4000.0,0.0,0.0,0,672
SUB_HIFLD_901,SUB_HIFLD_968,meso_SUB_HIFLD_901_SUB_HIFLD_968_fwd,4000.0,0.0,0.0,0,672
SUB_HIFLD_901,WEC_SDGE,iface_SUB_HIFLD_901_WEC_SDGE_to_ba,236.40562120066608,0.0,0.0,0,672
SUB_HIFLD_902,SUB_HIFLD_2485,meso_SUB_HIFLD_902_SUB_HIFLD_2485_rev,4000.0,11.062885163255958,41.617831829896915,0,672
SUB_HIFLD_902,SUB_HIFLD_2486,meso_SUB_HIFLD_902_SUB_HIFLD_2486_rev,4000.0,61.4813042723427,210.8535918666435,0,672
SUB_HIFLD_902,SUB_HIFLD_888,meso_SUB_HIFLD_902_SUB_HIFLD_888_rev,4000.0,0.0,0.0,0,672
SUB_HIFLD_902,SUB_HIFLD_954,meso_SUB_HIFLD_902_SUB_HIFLD_954_fwd,4000.0,0.19543633268210708,19.731340768820125,0,672
SUB_HIFLD_902,SUB_HIFLD_944,meso_SUB_HIFLD_902_SUB_HIFLD_944_fwd,8000.0,8.475884828392143,64.9371080984244,0,672
SUB_HIFLD_902,WEC_SDGE,iface_SUB_HIFLD_902_WEC_SDGE_to_ba,236.40562120066608,0.5447011647136836,115.02132652796996,0,672
SUB_HIFLD_903,SUB_HIFLD_2486,meso_SUB_HIFLD_903_SUB_HIFLD_2486_rev,800.0,0.0,0.0,0,672
SUB_HIFLD_903,SUB_HIFLD_895,meso_SUB_HIFLD_903_SUB_HIFLD_895_rev,800.0,24.07674781549577,69.43640681388737,0,672
SUB_HIFLD_904,SUB_HIFLD_2495,meso_SUB_HIFLD_904_SUB_HIFLD_2495_rev,800.0,0.0,0.0,0,672
SUB_HIFLD_904,SUB_HIFLD_3016,meso_SUB_HIFLD_904_SUB_HIFLD_3016_rev,800.0,0.0,0.0,0,672
SUB_HIFLD_904,SUB_HIFLD_907,meso_SUB_HIFLD_904_SUB_HIFLD_907_fwd,800.0,132.95462812296293,257.9026464318083,0,672
SUB_HIFLD_905,SUB_HIFLD_2495,meso_SUB_HIFLD_905_SUB_HIFLD_2495_rev,800.0,0.0,0.0,0,672
SUB_HIFLD_905,SUB_HIFLD_3016,meso_SUB_HIFLD_905_SUB_HIFLD_3016_rev,4000.0,0.0,0.0,0,672
SUB_HIFLD_905,SUB_HIFLD_3393,meso_SUB_HIFLD_905_SUB_HIFLD_3393_rev,800.0,85.54145018730362,134.9838460696221,0,672
SUB_HIFLD_905,SUB_HIFLD_923,meso_SUB_HIFLD_905_SUB_HIFLD_923_fwd,800.0,12.784676860832374,30.577883222585545,0,672
SUB_HIFLD_905,SUB_HIFLD_969,meso_SUB_HIFLD_905_SUB_HIFLD_969_fwd,4000.0,0.9625351574588423,64.03919857520339,0,672
SUB_HIFLD_905,SUB_HIFLD_2485,meso_SUB_HIFLD_905_SUB_HIFLD_2485_rev,4000.0,1.9953477540647455,24.35144370167526,0,672
SUB_HIFLD_905,WEC_SDGE,iface_SUB_HIFLD_905_WEC_SDGE_to_ba,886.5210795024976,0.0,0.0,0,672
SUB_HIFLD_906,SUB_HIFLD_3080,meso_SUB_HIFLD_906_SUB_HIFLD_3080_rev,4000.0,0.0,0.0,0,672
SUB_HIFLD_906,SUB_HIFLD_938,meso_SUB_HIFLD_906_SUB_HIFLD_938_fwd,4000.0,0.0,0.0,0,672
SUB_HIFLD_906,SUB_HIFLD_944,meso_SUB_HIFLD_906_SUB_HIFLD_944_fwd,4000.0,0.0,0.0,0,672
SUB_HIFLD_906,WEC_SDGE,iface_SUB_HIFLD_906_WEC_SDGE_to_ba,236.40562120066608,0.0,0.0,0,672
SUB_HIFLD_907,SUB_HIFLD_4111,meso_SUB_HIFLD_907_SUB_HIFLD_4111_rev,800.0,22.397376653319878,41.17982464844165,0,672
SUB_HIFLD_907,SUB_HIFLD_881,meso_SUB_HIFLD_907_SUB_HIFLD_881_rev,800.0,88.18272109414612,178.9125169957603,0,672
SUB_HIFLD_907,SUB_HIFLD_904,meso_SUB_HIFLD_907_SUB_HIFLD_904_rev,800.0,0.0,0.0,0,672
SUB_HIFLD_908,SUB_HIFLD_3706,meso_SUB_HIFLD_908_SUB_HIFLD_3706_rev,800.0,9.479365437483942,35.066727724627285,0,672
SUB_HIFLD_908,SUB_HIFLD_929,meso_SUB_HIFLD_908_SUB_HIFLD_929_fwd,800.0,49.14761723073358,82.71191738378813,0,672
SUB_HIFLD_908,SUB_HIFLD_3018,meso_SUB_HIFLD_908_SUB_HIFLD_3018_rev,1240.0,0.0,0.0,0,672
SUB_HIFLD_909,SUB_HIFLD_959,meso_SUB_HIFLD_909_SUB_HIFLD_959_fwd,800.0,0.0,0.0,0,672
SUB_HIFLD_910,SUB_HIFLD_918,meso_SUB_HIFLD_910_SUB_HIFLD_918_fwd,800.0,0.0,0.0,0,672
SUB_HIFLD_910,SUB_HIFLD_920,meso_SUB_HIFLD_910_SUB_HIFLD_920_fwd,800.0,9.746575152915934,18.925122276241797,0,672
SUB_HIFLD_910,SUB_HIFLD_926,meso_SUB_HIFLD_910_SUB_HIFLD_926_fwd,800.0,0.0,0.0,0,672
SUB_HIFLD_911,SUB_HIFLD_3020,meso_SUB_HIFLD_911_SUB_HIFLD_3020_rev,800.0,0.0,0.0,0,672
SUB_HIFLD_911,SUB_HIFLD_4235,meso_SUB_HIFLD_911_SUB_HIFLD_4235_rev,800.0,0.036680462765071455,8.201806432301206,0,672
SUB_HIFLD_911,SUB_HIFLD_944,meso_SUB_HIFLD_911_SUB_HIFLD_944_fwd,800.0,2.334845621975194,9.769394329896906,0,672
SUB_HIFLD_913,SUB_HIFLD_2745,meso_SUB_HIFLD_913_SUB_HIFLD_2745_rev,800.0,0.0,0.0,0,672
SUB_HIFLD_913,SUB_HIFLD_2963,meso_SUB_HIFLD_913_SUB_HIFLD_2963_rev,800.0,0.0,0.0,0,672
SUB_HIFLD_914,SUB_HIFLD_2880,meso_SUB_HIFLD_914_SUB_HIFLD_2880_rev,800.0,0.0,0.0,0,672
SUB_HIFLD_915,SUB_HIFLD_1162,meso_SUB_HIFLD_915_SUB_HIFLD_1162_rev,800.0,0.0,0.0,0,672
SUB_HIFLD_915,SUB_HIFLD_4029,meso_SUB_HIFLD_915_SUB_HIFLD_4029_rev,800.0,61.879883579661424,105.78484608919047,0,672
SUB_HIFLD_916,SUB_HIFLD_4273,meso_SUB_HIFLD_916_SUB_HIFLD_4273_rev,800.0,0.0,0.0,0,672
SUB_HIFLD_916,SUB_HIFLD_900,meso_SUB_HIFLD_916_SUB_HIFLD_900_rev,800.0,0.01437797115664886,1.476691365979378,0,672
SUB_HIFLD_916,SUB_HIFLD_961,meso_SUB_HIFLD_916_SUB_HIFLD_961_fwd,800.0,43.265925766542466,85.1471488402062,0,672
SUB_HIFLD_918,SUB_HIFLD_910,meso_SUB_HIFLD_918_SUB_HIFLD_910_rev,800.0,17.546195352383265,33.80668110791681,0,672
SUB_HIFLD_918,SUB_HIFLD_930,meso_SUB_HIFLD_918_SUB_HIFLD_930_fwd,800.0,0.0,0.0,0,672
SUB_HIFLD_919,SUB_HIFLD_2625,meso_SUB_HIFLD_919_SUB_HIFLD_2625_rev,800.0,0.0,0.0,0,672
SUB_HIFLD_919,SUB_HIFLD_962,meso_SUB_HIFLD_919_SUB_HIFLD_962_fwd,800.0,0.0,0.0,0,672
SUB_HIFLD_920,SUB_HIFLD_910,meso_SUB_HIFLD_920_SUB_HIFLD_910_rev,800.0,0.0,0.0,0,672
SUB_HIFLD_921,SUB_HIFLD_952,meso_SUB_HIFLD_921_SUB_HIFLD_952_fwd,800.0,0.0,0.0,0,672
SUB_HIFLD_922,SUB_HIFLD_965,meso_SUB_HIFLD_922_SUB_HIFLD_965_fwd,800.0,0.0,0.0,0,672
SUB_HIFLD_923,SUB_HIFLD_905,meso_SUB_HIFLD_923_SUB_HIFLD_905_rev,800.0,0.0,0.0,0,672
SUB_HIFLD_923,SUB_HIFLD_951,meso_SUB_HIFLD_923_SUB_HIFLD_951_fwd,800.0,4.438485445150793,13.011529147782976,0,672
SUB_HIFLD_924,SUB_HIFLD_2745,meso_SUB_HIFLD_924_SUB_HIFLD_2745_rev,800.0,0.0,0.0,0,672
SUB_HIFLD_924,SUB_HIFLD_3416,meso_SUB_HIFLD_924_SUB_HIFLD_3416_rev,800.0,21.342801034316487,74.64058339521037,0,672
SUB_HIFLD_924,SUB_HIFLD_876,meso_SUB_HIFLD_924_SUB_HIFLD_876_rev,800.0,3.9278709662061844,14.026506121134023,0,672
SUB_HIFLD_924,SUB_HIFLD_894,meso_SUB_HIFLD_924_SUB_HIFLD_894_rev,800.0,0.24473061098153023,34.63637420922703,0,672
SUB_HIFLD_924,SUB_HIFLD_958,meso_SUB_HIFLD_924_SUB_HIFLD_958_fwd,1600.0,1.6716127186635976,91.9634531813656,0,672
SUB_HIFLD_924,SUB_HIFLD_928,meso_SUB_HIFLD_924_SUB_HIFLD_928_fwd,4000.0,0.0,0.0,0,672
SUB_HIFLD_925,SUB_HIFLD_3461,meso_SUB_HIFLD_925_SUB_HIFLD_3461_rev,800.0,0.0,0.0,0,672
SUB_HIFLD_926,SUB_HIFLD_3706,meso_SUB_HIFLD_926_SUB_HIFLD_3706_rev,800.0,0.0,0.0,0,672
SUB_HIFLD_926,SUB_HIFLD_892,meso_SUB_HIFLD_926_SUB_HIFLD_892_rev,800.0,0.0,0.0,0,672
SUB_HIFLD_926,SUB_HIFLD_910,meso_SUB_HIFLD_926_SUB_HIFLD_910_rev,800.0,0.9701257672456077,20.080298839692897,0,672
SUB_HIFLD_926,SUB_HIFLD_930,meso_SUB_HIFLD_926_SUB_HIFLD_930_fwd,800.0,0.0,0.0,0,672
SUB_HIFLD_927,SUB_HIFLD_3018,meso_SUB_HIFLD_927_SUB_HIFLD_3018_rev,800.0,0.0,0.0,0,672
SUB_HIFLD_928,SUB_HIFLD_3708,meso_SUB_HIFLD_928_SUB_HIFLD_3708_rev,4000.0,0.0,0.0,0,672
SUB_HIFLD_928,SUB_HIFLD_4273,meso_SUB_HIFLD_928_SUB_HIFLD_4273_rev,800.0,78.0616663616522,272.9511599164595,0,672
SUB_HIFLD_928,SUB_HIFLD_4438,meso_SUB_HIFLD_928_SUB_HIFLD_4438_rev,800.0,125.38171400657562,367.35510115201504,0,672
SUB_HIFLD_928,SUB_HIFLD_948,meso_SUB_HIFLD_928_SUB_HIFLD_948_fwd,4000.0,6.6156955023150585,98.82754364296723,0,672
SUB_HIFLD_928,SUB_HIFLD_968,meso_SUB_HIFLD_928_SUB_HIFLD_968_fwd,4000.0,12.777579767780967,283.3800452152742,0,672
SUB_HIFLD_928,SUB_HIFLD_1047,meso_SUB_HIFLD_928_SUB_HIFLD_1047_rev,4000.0,23.962755247110934,295.5821113802401,0,672
SUB_HIFLD_928,SUB_HIFLD_924,meso_SUB_HIFLD_928_SUB_HIFLD_924_rev,4000.0,57.874900100394306,205.93111741416425,0,672
SUB_HIFLD_928,SUB_HIFLD_930,meso_SUB_HIFLD_928_SUB_HIFLD_930_fwd,4000.0,19.301585985030204,299.96794718443,0,672
SUB_HIFLD_928,WEC_SDGE,iface_SUB_HIFLD_928_WEC_SDGE_to_ba,236.40562120066608,0.0,0.0,0,672
SUB_HIFLD_929,SUB_HIFLD_908,meso_SUB_HIFLD_929_SUB_HIFLD_908_rev,800.0,0.0,0.0,0,672
SUB_HIFLD_929,SUB_HIFLD_960,meso_SUB_HIFLD_929_SUB_HIFLD_960_fwd,800.0,30.683473968880403,51.62055009664948,0,672
SUB_HIFLD_930,SUB_HIFLD_3080,meso_SUB_HIFLD_930_SUB_HIFLD_3080_rev,4000.0,0.0,0.0,0,672
SUB_HIFLD_930,SUB_HIFLD_3707,meso_SUB_HIFLD_930_SUB_HIFLD_3707_rev,2000.0,49.30349543161559,231.86898488783086,0,672
SUB_HIFLD_930,SUB_HIFLD_901,meso_SUB_HIFLD_930_SUB_HIFLD_901_rev,4000.0,0.0,0.0,0,672
SUB_HIFLD_930,SUB_HIFLD_918,meso_SUB_HIFLD_930_SUB_HIFLD_918_rev,800.0,22.763535489775002,45.42199243583611,0,672
SUB_HIFLD_930,SUB_HIFLD_926,meso_SUB_HIFLD_930_SUB_HIFLD_926_rev,800.0,1.479225078142176,21.225862227953822,0,672
SUB_HIFLD_930,SUB_HIFLD_934,meso_SUB_HIFLD_930_SUB_HIFLD_934_fwd,800.0,58.44086229505189,112.87344834702509,0,672
SUB_HIFLD_930,SUB_HIFLD_944,meso_SUB_HIFLD_930_SUB_HIFLD_944_fwd,4000.0,0.0,0.0,0,672
SUB_HIFLD_930,SUB_HIFLD_963,meso_SUB_HIFLD_930_SUB_HIFLD_963_fwd,800.0,72.14683405615531,117.74328286082475,0,672
SUB_HIFLD_930,SUB_HIFLD_4404,meso_SUB_HIFLD_930_SUB_HIFLD_4404_rev,2000.0,0.24126366833933546,5.326080259342785,0,672
SUB_HIFLD_930,SUB_HIFLD_889,meso_SUB_HIFLD_930_SUB_HIFLD_889_rev,2000.0,15.908228885468981,26.792415028994846,0,672
SUB_HIFLD_930,SUB_HIFLD_892,meso_SUB_HIFLD_930_SUB_HIFLD_892_rev,800.0,101.27833533032265,171.70981148488426,0,672
SUB_HIFLD_930,SUB_HIFLD_928,meso_SUB_HIFLD_930_SUB_HIFLD_928_rev,4000.0,0.0,0.0,0,672
SUB_HIFLD_930,SUB_HIFLD_938,meso_SUB_HIFLD_930_SUB_HIFLD_938_fwd,8000.0,0.0,0.0,0,672
SUB_HIFLD_930,SUB_HIFLD_947,meso_SUB_HIFLD_930_SUB_HIFLD_947_fwd,800.0,36.19801510238155,86.94156781761342,0,672
SUB_HIFLD_930,SUB_HIFLD_954,meso_SUB_HIFLD_930_SUB_HIFLD_954_fwd,4000.0,0.0,0.0,0,672
SUB_HIFLD_930,WEC_SDGE,iface_SUB_HIFLD_930_WEC_SDGE_to_ba,1418.433727203996,0.0,0.0,0,672
SUB_HIFLD_931,SUB_HIFLD_878,meso_SUB_HIFLD_931_SUB_HIFLD_878_rev,800.0,31.210784069798116,74.8658050566809,0,672
SUB_HIFLD_931,SUB_HIFLD_933,meso_SUB_HIFLD_931_SUB_HIFLD_933_fwd,800.0,33.53040348271986,65.78311121753026,0,672
SUB_HIFLD_931,SUB_HIFLD_942,meso_SUB_HIFLD_931_SUB_HIFLD_942_fwd,800.0,0.0,0.0,0,672
SUB_HIFLD_931,SUB_HIFLD_945,meso_SUB_HIFLD_931_SUB_HIFLD_945_fwd,800.0,2.516478661081635,4.183620932667527,0,672
SUB_HIFLD_932,SUB_HIFLD_1162,meso_SUB_HIFLD_932_SUB_HIFLD_1162_rev,800.0,0.0,0.0,0,672
SUB_HIFLD_932,SUB_HIFLD_967,meso_SUB_HIFLD_932_SUB_HIFLD_967_fwd,800.0,13.189607481384778,26.7253765302835,0,672
SUB_HIFLD_933,SUB_HIFLD_931,meso_SUB_HIFLD_933_SUB_HIFLD_931_rev,800.0,0.0,0.0,0,672
SUB_HIFLD_933,SUB_HIFLD_954,meso_SUB_HIFLD_933_SUB_HIFLD_954_fwd,800.0,0.0,0.0,0,672
SUB_HIFLD_934,SUB_HIFLD_3954,meso_SUB_HIFLD_934_SUB_HIFLD_3954_rev,800.0,14.25212330691419,38.26789333411434,0,672
SUB_HIFLD_934,SUB_HIFLD_930,meso_SUB_HIFLD_934_SUB_HIFLD_930_rev,800.0,0.0,0.0,0,672
SUB_HIFLD_935,SUB_HIFLD_973,meso_SUB_HIFLD_935_SUB_HIFLD_973_fwd,800.0,6.671286702592519,23.616565803782233,0,672
SUB_HIFLD_936,SUB_HIFLD_2535,meso_SUB_HIFLD_936_SUB_HIFLD_2535_rev,800.0,0.0,0.0,0,672
SUB_HIFLD_936,SUB_HIFLD_967,meso_SUB_HIFLD_936_SUB_HIFLD_967_fwd,800.0,0.0,0.0,0,672
SUB_HIFLD_937,SUB_HIFLD_954,meso_SUB_HIFLD_937_SUB_HIFLD_954_fwd,800.0,0.0,0.0,0,672
SUB_HIFLD_937,SUB_HIFLD_965,meso_SUB_HIFLD_937_SUB_HIFLD_965_fwd,800.0,3.8289138190355563,6.373825680739519,0,672
SUB_HIFLD_938,SUB_HIFLD_2498,meso_SUB_HIFLD_938_SUB_HIFLD_2498_rev,800.0,26.056689794820365,46.04431032538233,0,672
SUB_HIFLD_938,SUB_HIFLD_4430,meso_SUB_HIFLD_938_SUB_HIFLD_4430_rev,800.0,45.7168593732876,80.34963727681631,0,672
SUB_HIFLD_938,SUB_HIFLD_898,meso_SUB_HIFLD_938_SUB_HIFLD_898_rev,2000.0,0.017003780803828143,4.180342494786478,0,672
SUB_HIFLD_938,SUB_HIFLD_906,meso_SUB_HIFLD_938_SUB_HIFLD_906_rev,4000.0,0.0,0.0,0,672
SUB_HIFLD_938,SUB_HIFLD_952,meso_SUB_HIFLD_938_SUB_HIFLD_952_fwd,800.0,35.617358010959755,68.39683759399246,0,672
SUB_HIFLD_938,SUB_HIFLD_1047,meso_SUB_HIFLD_938_SUB_HIFLD_1047_rev,4000.0,0.0,0.0,0,672
SUB_HIFLD_938,SUB_HIFLD_930,meso_SUB_HIFLD_938_SUB_HIFLD_930_rev,8000.0,0.0,0.0,0,672
SUB_HIFLD_938,SUB_HIFLD_944,meso_SUB_HIFLD_938_SUB_HIFLD_944_fwd,8000.0,0.0,0.0,0,672
SUB_HIFLD_938,WEC_SDGE,iface_SUB_HIFLD_938_WEC_SDGE_to_ba,236.40562120066608,0.0,0.0,0,672
SUB_HIFLD_939,SUB_HIFLD_1162,meso_SUB_HIFLD_939_SUB_HIFLD_1162_rev,800.0,0.0,0.0,0,672
SUB_HIFLD_939,SUB_HIFLD_3513,meso_SUB_HIFLD_939_SUB_HIFLD_3513_rev,800.0,6.37938491903688,33.104308956185555,0,672
SUB_HIFLD_940,SUB_HIFLD_3708,meso_SUB_HIFLD_940_SUB_HIFLD_3708_rev,800.0,3.97719684270504,58.190519557783205,0,672
SUB_HIFLD_940,SUB_HIFLD_4373,meso_SUB_HIFLD_940_SUB_HIFLD_4373_rev,800.0,0.2240083431839168,1.4568839316313946,0,672
SUB_HIFLD_941,SUB_HIFLD_4431,meso_SUB_HIFLD_941_SUB_HIFLD_4431_rev,800.0,0.0,0.0,0,672
SUB_HIFLD_942,SUB_HIFLD_931,meso_SUB_HIFLD_942_SUB_HIFLD_931_rev,800.0,83.57199087425818,94.66605493164063,0,672
SUB_HIFLD_943,SUB_HIFLD_4438,meso_SUB_HIFLD_943_SUB_HIFLD_4438_rev,800.0,0.0,0.0,0,672
SUB_HIFLD_943,SUB_HIFLD_891,meso_SUB_HIFLD_943_SUB_HIFLD_891_rev,800.0,15.108679279495211,152.0800211180353,0,672
SUB_HIFLD_944,SUB_HIFLD_2486,meso_SUB_HIFLD_944_SUB_HIFLD_2486_rev,8000.0,0.0,0.0,0,672
SUB_HIFLD_944,SUB_HIFLD_906,meso_SUB_HIFLD_944_SUB_HIFLD_906_rev,4000.0,0.04554678033285665,24.44108609858247,0,672
SUB_HIFLD_944,SUB_HIFLD_930,meso_SUB_HIFLD_944_SUB_HIFLD_930_rev,4000.0,0.013097743021482337,8.80168331043613,0,672
SUB_HIFLD_944,SUB_HIFLD_3706,meso_SUB_HIFLD_944_SUB_HIFLD_3706_rev,800.0,3.446650285508228,47.66108501323449,0,672
SUB_HIFLD_944,SUB_HIFLD_902,meso_SUB_HIFLD_944_SUB_HIFLD_902_rev,8000.0,0.0,0.0,0,672
SUB_HIFLD_944,SUB_HIFLD_911,meso_SUB_HIFLD_944_SUB_HIFLD_911_rev,800.0,0.7024048782174843,12.31318458144812,0,672
SUB_HIFLD_944,SUB_HIFLD_938,meso_SUB_HIFLD_944_SUB_HIFLD_938_rev,8000.0,0.0,0.0,0,672
SUB_HIFLD_944,WEC_SDGE,iface_SUB_HIFLD_944_WEC_SDGE_to_ba,236.40562120066608,0.0,0.0,0,672
SUB_HIFLD_945,SUB_HIFLD_931,meso_SUB_HIFLD_945_SUB_HIFLD_931_rev,800.0,0.0,0.0,0,672
SUB_HIFLD_946,SUB_HIFLD_4430,meso_SUB_HIFLD_946_SUB_HIFLD_4430_rev,800.0,0.0,0.0,0,672
SUB_HIFLD_946,SUB_HIFLD_886,meso_SUB_HIFLD_946_SUB_HIFLD_886_rev,800.0,3.8373248655069214,9.567342541881443,0,672
SUB_HIFLD_947,SUB_HIFLD_2494,meso_SUB_HIFLD_947_SUB_HIFLD_2494_rev,800.0,0.0,0.0,0,672
SUB_HIFLD_947,SUB_HIFLD_4111,meso_SUB_HIFLD_947_SUB_HIFLD_4111_rev,800.0,2.1771260877121583,25.483495336081152,0,672
SUB_HIFLD_947,SUB_HIFLD_949,meso_SUB_HIFLD_947_SUB_HIFLD_949_fwd,800.0,15.914276028290182,46.22027625644329,0,672
SUB_HIFLD_947,SUB_HIFLD_930,meso_SUB_HIFLD_947_SUB_HIFLD_930_rev,800.0,0.0,0.0,0,672
SUB_HIFLD_948,SUB_HIFLD_2493,meso_SUB_HIFLD_948_SUB_HIFLD_2493_rev,4000.0,0.0,0.0,0,672
SUB_HIFLD_948,SUB_HIFLD_928,meso_SUB_HIFLD_948_SUB_HIFLD_928_rev,4000.0,0.0,0.0,0,672
SUB_HIFLD_948,SUB_HIFLD_966,meso_SUB_HIFLD_948_SUB_HIFLD_966_fwd,800.0,27.84965536126028,87.3178856347646,0,672
SUB_HIFLD_948,WEC_SDGE,iface_SUB_HIFLD_948_WEC_SDGE_to_ba,13238.714787237299,0.0,0.0,0,672
SUB_HIFLD_949,SUB_HIFLD_881,meso_SUB_HIFLD_949_SUB_HIFLD_881_rev,800.0,0.0,0.0,0,672
SUB_HIFLD_949,SUB_HIFLD_947,meso_SUB_HIFLD_949_SUB_HIFLD_947_rev,800.0,0.0,0.0,0,672
SUB_HIFLD_950,SUB_HIFLD_2542,meso_SUB_HIFLD_950_SUB_HIFLD_2542_rev,800.0,1.9861643269641232,21.572851762857994,0,672
SUB_HIFLD_950,SUB_HIFLD_895,meso_SUB_HIFLD_950_SUB_HIFLD_895_rev,800.0,0.0,0.0,0,672
SUB_HIFLD_950,SUB_HIFLD_881,meso_SUB_HIFLD_950_SUB_HIFLD_881_rev,800.0,0.0,0.0,0,672
SUB_HIFLD_951,SUB_HIFLD_4364,meso_SUB_HIFLD_951_SUB_HIFLD_4364_rev,800.0,3.194296974931395,19.2862145772216,0,672
SUB_HIFLD_951,SUB_HIFLD_923,meso_SUB_HIFLD_951_SUB_HIFLD_923_rev,800.0,1.2277843016121084,8.256792026684337,0,672
SUB_HIFLD_951,SUB_HIFLD_973,meso_SUB_HIFLD_951_SUB_HIFLD_973_fwd,800.0,1.9301792248513896,5.94656348393161,0,672
SUB_HIFLD_952,SUB_HIFLD_3706,meso_SUB_HIFLD_952_SUB_HIFLD_3706_rev,800.0,0.0,0.0,0,672
SUB_HIFLD_952,SUB_HIFLD_892,meso_SUB_HIFLD_952_SUB_HIFLD_892_rev,800.0,0.0,0.0,0,672
SUB_HIFLD_952,SUB_HIFLD_921,meso_SUB_HIFLD_952_SUB_HIFLD_921_rev,800.0,15.841214561556036,26.57255355992268,0,672
SUB_HIFLD_952,SUB_HIFLD_938,meso_SUB_HIFLD_952_SUB_HIFLD_938_rev,800.0,0.0,0.0,0,672
SUB_HIFLD_953,SUB_HIFLD_1047,meso_SUB_HIFLD_953_SUB_HIFLD_1047_rev,800.0,0.0,0.0,0,672
SUB_HIFLD_953,SUB_HIFLD_897,meso_SUB_HIFLD_953_SUB_HIFLD_897_rev,800.0,28.077391890795926,47.59050728002391,0,672
SUB_HIFLD_954,SUB_HIFLD_3206,meso_SUB_HIFLD_954_SUB_HIFLD_3206_rev,4000.0,0.0,0.0,0,672
SUB_HIFLD_954,SUB_HIFLD_3461,meso_SUB_HIFLD_954_SUB_HIFLD_3461_rev,8000.0,0.5024081388763427,121.88577313860146,0,672
SUB_HIFLD_954,SUB_HIFLD_902,meso_SUB_HIFLD_954_SUB_HIFLD_902_rev,4000.0,1.2858212994897138,13.883846448131445,0,672
SUB_HIFLD_954,SUB_HIFLD_933,meso_SUB_HIFLD_954_SUB_HIFLD_933_rev,800.0,26.05104852357195,88.63337663186566,0,672
SUB_HIFLD_954,SUB_HIFLD_937,meso_SUB_HIFLD_954_SUB_HIFLD_937_rev,800.0,38.4590641259042,65.04745237705106,0,672
SUB_HIFLD_954,SUB_HIFLD_2485,meso_SUB_HIFLD_954_SUB_HIFLD_2485_rev,4000.0,2.4881526418473197,26.294980267396912,0,672
SUB_HIFLD_954,SUB_HIFLD_2497,meso_SUB_HIFLD_954_SUB_HIFLD_2497_rev,4000.0,2.0251626708466413,32.74735019329896,0,672
SUB_HIFLD_954,SUB_HIFLD_930,meso_SUB_HIFLD_954_SUB_HIFLD_930_rev,4000.0,10.23300749705181,504.40753948054004,0,672
SUB_HIFLD_954,WEC_SDGE,iface_SUB_HIFLD_954_WEC_SDGE_to_ba,236.40562120066608,0.0,0.0,0,672
SUB_HIFLD_955,SUB_HIFLD_2497,meso_SUB_HIFLD_955_SUB_HIFLD_2497_rev,800.0,0.0,0.0,0,672
SUB_HIFLD_955,SUB_HIFLD_3016,meso_SUB_HIFLD_955_SUB_HIFLD_3016_rev,800.0,0.0,0.0,0,672
SUB_HIFLD_956,SUB_HIFLD_4029,meso_SUB_HIFLD_956_SUB_HIFLD_4029_rev,800.0,0.0,0.0,0,672
SUB_HIFLD_957,SUB_HIFLD_894,meso_SUB_HIFLD_957_SUB_HIFLD_894_rev,800.0,0.0,0.0,0,672
SUB_HIFLD_957,SUB_HIFLD_884,meso_SUB_HIFLD_957_SUB_HIFLD_884_rev,50.0,1.4938987363947334,2.5032367509664954,0,672
SUB_HIFLD_958,SUB_HIFLD_924,meso_SUB_HIFLD_958_SUB_HIFLD_924_rev,1600.0,0.0,0.0,0,672
SUB_HIFLD_958,SUB_HIFLD_968,meso_SUB_HIFLD_958_SUB_HIFLD_968_fwd,800.0,0.0,0.0,0,672
SUB_HIFLD_958,SUB_HIFLD_4404,meso_SUB_HIFLD_958_SUB_HIFLD_4404_rev,2000.0,0.0,0.0,0,672
SUB_HIFLD_958,SUB_HIFLD_3046,meso_SUB_HIFLD_958_SUB_HIFLD_3046_rev,396.4888618711065,24.23358182911786,40.87514094716495,0,672
SUB_HIFLD_959,SUB_HIFLD_3512,meso_SUB_HIFLD_959_SUB_HIFLD_3512_rev,800.0,7.0087223830150505,11.878913297358247,0,672
SUB_HIFLD_959,SUB_HIFLD_897,meso_SUB_HIFLD_959_SUB_HIFLD_897_rev,800.0,0.0,0.0,0,672
SUB_HIFLD_959,SUB_HIFLD_909,meso_SUB_HIFLD_959_SUB_HIFLD_909_rev,800.0,4.729846086909388,8.018492268041237,0,672
SUB_HIFLD_960,SUB_HIFLD_929,meso_SUB_HIFLD_960_SUB_HIFLD_929_rev,800.0,0.0,0.0,0,672
SUB_HIFLD_961,SUB_HIFLD_891,meso_SUB_HIFLD_961_SUB_HIFLD_891_rev,800.0,0.0,0.0,0,672
SUB_HIFLD_961,SUB_HIFLD_916,meso_SUB_HIFLD_961_SUB_HIFLD_916_rev,800.0,0.0,0.0,0,672
SUB_HIFLD_962,SUB_HIFLD_1047,meso_SUB_HIFLD_962_SUB_HIFLD_1047_rev,800.0,0.0,0.0,0,672
SUB_HIFLD_962,SUB_HIFLD_919,meso_SUB_HIFLD_962_SUB_HIFLD_919_rev,800.0,15.721158744800775,26.566607603092784,0,672
SUB_HIFLD_962,SUB_HIFLD_971,meso_SUB_HIFLD_962_SUB_HIFLD_971_fwd,800.0,12.550032064908,24.705784691307407,0,672
SUB_HIFLD_962,SUB_HIFLD_893,meso_SUB_HIFLD_962_SUB_HIFLD_893_rev,360.99489549668886,22.633572841564312,38.1148924107231,0,672
SUB_HIFLD_963,SUB_HIFLD_3707,meso_SUB_HIFLD_963_SUB_HIFLD_3707_rev,800.0,0.0,0.0,0,672
SUB_HIFLD_963,SUB_HIFLD_930,meso_SUB_HIFLD_963_SUB_HIFLD_930_rev,800.0,0.0,0.0,0,672
SUB_HIFLD_963,SUB_HIFLD_972,meso_SUB_HIFLD_963_SUB_HIFLD_972_fwd,800.0,2.4583474915018977,29.542447566977938,0,672
SUB_HIFLD_964,SUB_HIFLD_891,meso_SUB_HIFLD_964_SUB_HIFLD_891_rev,800.0,0.0,0.0,0,672
SUB_HIFLD_964,SUB_HIFLD_972,meso_SUB_HIFLD_964_SUB_HIFLD_972_fwd,800.0,0.0,0.0,0,672
SUB_HIFLD_965,SUB_HIFLD_922,meso_SUB_HIFLD_965_SUB_HIFLD_922_rev,800.0,1.5194484419487946,2.490320956829897,0,672
SUB_HIFLD_965,SUB_HIFLD_937,meso_SUB_HIFLD_965_SUB_HIFLD_937_rev,800.0,0.0,0.0,0,672
SUB_HIFLD_966,SUB_HIFLD_4438,meso_SUB_HIFLD_966_SUB_HIFLD_4438_rev,800.0,0.0,0.0,0,672
SUB_HIFLD_966,SUB_HIFLD_948,meso_SUB_HIFLD_966_SUB_HIFLD_948_rev,800.0,0.0,0.0,0,672
SUB_HIFLD_966,SUB_HIFLD_967,meso_SUB_HIFLD_966_SUB_HIFLD_967_fwd,800.0,13.036590419700996,44.42009906572165,0,672
SUB_HIFLD_967,SUB_HIFLD_932,meso_SUB_HIFLD_967_SUB_HIFLD_932_rev,800.0,0.0,0.0,0,672
SUB_HIFLD_967,SUB_HIFLD_936,meso_SUB_HIFLD_967_SUB_HIFLD_936_rev,800.0,0.0,0.0,0,672
SUB_HIFLD_967,SUB_HIFLD_966,meso_SUB_HIFLD_967_SUB_HIFLD_966_rev,800.0,0.0,0.0,0,672
SUB_HIFLD_968,SUB_HIFLD_2494,meso_SUB_HIFLD_968_SUB_HIFLD_2494_rev,800.0,20.484757247273105,34.53232925257732,0,672
SUB_HIFLD_968,SUB_HIFLD_2896,meso_SUB_HIFLD_968_SUB_HIFLD_2896_rev,800.0,31.879238799794525,53.91587467783505,0,672
SUB_HIFLD_968,SUB_HIFLD_3148,meso_SUB_HIFLD_968_SUB_HIFLD_3148_rev,4000.0,0.0,0.0,0,672
SUB_HIFLD_968,SUB_HIFLD_4404,meso_SUB_HIFLD_968_SUB_HIFLD_4404_rev,800.0,0.40569262422646835,4.466275370489692,0,672
SUB_HIFLD_968,SUB_HIFLD_880,meso_SUB_HIFLD_968_SUB_HIFLD_880_rev,4000.0,0.0,0.0,0,672
SUB_HIFLD_968,SUB_HIFLD_890,meso_SUB_HIFLD_968_SUB_HIFLD_890_rev,2000.0,46.31435908231891,77.96704252577321,0,672
SUB_HIFLD_968,SUB_HIFLD_894,meso_SUB_HIFLD_968_SUB_HIFLD_894_rev,2000.0,27.863608180249116,52.306394317459194,0,672
SUB_HIFLD_968,SUB_HIFLD_898,meso_SUB_HIFLD_968_SUB_HIFLD_898_rev,1500.0,0.16660134139118052,13.238423203930413,0,672
SUB_HIFLD_968,SUB_HIFLD_901,meso_SUB_HIFLD_968_SUB_HIFLD_901_rev,4000.0,0.0,0.0,0,672
SUB_HIFLD_968,SUB_HIFLD_928,meso_SUB_HIFLD_968_SUB_HIFLD_928_rev,4000.0,0.0,0.0,0,672
SUB_HIFLD_968,SUB_HIFLD_958,meso_SUB_HIFLD_968_SUB_HIFLD_958_rev,800.0,54.59642390631372,93.68301767257415,0,672
SUB_HIFLD_968,SUB_HIFLD_2485,meso_SUB_HIFLD_968_SUB_HIFLD_2485_rev,4000.0,0.0,0.0,0,672
SUB_HIFLD_968,WEC_SDGE,iface_SUB_HIFLD_968_WEC_SDGE_to_ba,236.40562120066608,0.0,0.0,0,672
SUB_HIFLD_969,SUB_HIFLD_1999,meso_SUB_HIFLD_969_SUB_HIFLD_1999_rev,2000.0,6.174124564244342,11.47279216333763,0,672
SUB_HIFLD_969,SUB_HIFLD_2001,meso_SUB_HIFLD_969_SUB_HIFLD_2001_rev,800.0,24.73262772345474,44.71501859548991,0,672
SUB_HIFLD_969,SUB_HIFLD_3206,meso_SUB_HIFLD_969_SUB_HIFLD_3206_rev,4800.0,0.0,0.0,0,672
SUB_HIFLD_969,SUB_HIFLD_905,meso_SUB_HIFLD_969_SUB_HIFLD_905_rev,4000.0,5.230617921920448,120.37832563317345,0,672
SUB_HIFLD_969,SUB_HIFLD_3079,meso_SUB_HIFLD_969_SUB_HIFLD_3079_rev,2000.0,20.41318877401972,36.885413042656964,0,672
SUB_HIFLD_969,WEC_SDGE,iface_SUB_HIFLD_969_WEC_SDGE_to_ba,236.40562120066608,0.0,0.0,0,672
SUB_HIFLD_970,SUB_HIFLD_4318,meso_SUB_HIFLD_970_SUB_HIFLD_4318_rev,800.0,0.0,0.0,0,672
SUB_HIFLD_971,SUB_HIFLD_962,meso_SUB_HIFLD_971_SUB_HIFLD_962_rev,800.0,0.0,0.0,0,672
SUB_HIFLD_972,SUB_HIFLD_3707,meso_SUB_HIFLD_972_SUB_HIFLD_3707_rev,800.0,0.0,0.0,0,672
SUB_HIFLD_972,SUB_HIFLD_963,meso_SUB_HIFLD_972_SUB_HIFLD_963_rev,800.0,0.0,0.0,0,672
SUB_HIFLD_972,SUB_HIFLD_964,meso_SUB_HIFLD_972_SUB_HIFLD_964_rev,800.0,30.58302377817622,105.84087467783505,0,672
SUB_HIFLD_973,SUB_HIFLD_935,meso_SUB_HIFLD_973_SUB_HIFLD_935_rev,800.0,1.8722738481058478,5.76816657941366,0,672
SUB_HIFLD_973,SUB_HIFLD_951,meso_SUB_HIFLD_973_SUB_HIFLD_951_rev,800.0,6.471148101514742,22.908068829668764,0,672
SUB_HIFLD_974,SUB_HIFLD_4111,meso_SUB_HIFLD_974_SUB_HIFLD_4111_rev,800.0,0.0,0.0,0,672
SUB_HIFLD_982,SUB_01435,meso_SUB_HIFLD_982_SUB_01435_rev,1500.0,0.0,0.0,0,672
SUB_HIFLD_982,SUB_16237,meso_SUB_HIFLD_982_SUB_16237_rev,1500.0,27.250446863754807,64.6029992719909,0,672
SUB_HIFLD_982,SUB_16247,meso_SUB_HIFLD_982_SUB_16247_rev,1500.0,0.0,0.0,0,672
SUB_HIFLD_982,SUB_16348,meso_SUB_HIFLD_982_SUB_16348_rev,4000.0,0.0,0.0,0,672
SUB_HIFLD_982,SUB_HIFLD_1406,meso_SUB_HIFLD_982_SUB_HIFLD_1406_rev,1500.0,0.0,0.0,0,672
SUB_HIFLD_982,SUB_HIFLD_30,meso_SUB_HIFLD_982_SUB_HIFLD_30_rev,24500.0,0.0,0.0,0,672
SUB_HIFLD_982,WEC_CALN,iface_SUB_HIFLD_982_WEC_CALN_to_ba,200.0,0.0,0.0,0,672
SUB_HIFLD_1007,SUB_HIFLD_540,meso_SUB_HIFLD_1007_SUB_HIFLD_540_fwd,600.0,14.680141517515562,26.6745731314433,0,672
SUB_HIFLD_1007,SUB_HIFLD_568,meso_SUB_HIFLD_1007_SUB_HIFLD_568_fwd,1500.0,0.0,0.0,0,672
SUB_HIFLD_1009,SUB_HIFLD_1870,meso_SUB_HIFLD_1009_SUB_HIFLD_1870_fwd,600.0,0.0,0.0,0,672
SUB_HIFLD_1010,SUB_HIFLD_1944,meso_SUB_HIFLD_1010_SUB_HIFLD_1944_fwd,4000.0,671.3396989241252,734.3630436058218,0,672
SUB_HIFLD_1010,SUB_HIFLD_1951,meso_SUB_HIFLD_1010_SUB_HIFLD_1951_fwd,800.0,34.063729411744376,106.6016416889984,0,672
SUB_HIFLD_1010,SUB_HIFLD_1996,meso_SUB_HIFLD_1010_SUB_HIFLD_1996_fwd,800.0,64.15877782926043,101.71900524099266,0,672
SUB_HIFLD_1010,SUB_HIFLD_2540,meso_SUB_HIFLD_1010_SUB_HIFLD_2540_fwd,800.0,0.0,0.0,0,672
SUB_HIFLD_1010,SUB_HIFLD_1958,meso_SUB_HIFLD_1010_SUB_HIFLD_1958_fwd,800.0,64.25597565305166,236.122475473228,0,672
SUB_HIFLD_1013,SUB_HIFLD_1014,meso_SUB_HIFLD_1013_SUB_HIFLD_1014_fwd,800.0,3.364923467915786,10.409794146561804,0,672
SUB_HIFLD_1013,SUB_HIFLD_1029,meso_SUB_HIFLD_1013_SUB_HIFLD_1029_fwd,1500.0,3.8164196304295617,93.73866688001378,0,672
SUB_HIFLD_1013,SUB_HIFLD_3433,meso_SUB_HIFLD_1013_SUB_HIFLD_3433_fwd,800.0,0.0,0.0,0,672
SUB_HIFLD_1013,SUB_HIFLD_558,meso_SUB_HIFLD_1013_SUB_HIFLD_558_fwd,1500.0,0.0,0.0,0,672
SUB_HIFLD_1013,SUB_HIFLD_805,meso_SUB_HIFLD_1013_SUB_HIFLD_805_fwd,800.0,60.81900791484302,101.691196087278,0,672
SUB_HIFLD_1013,SUB_HIFLD_815,meso_SUB_HIFLD_1013_SUB_HIFLD_815_fwd,800.0,0.0,0.0,0,672
SUB_HIFLD_1013,SUB_HIFLD_846,meso_SUB_HIFLD_1013_SUB_HIFLD_846_fwd,1500.0,17.25810012825286,71.4170425257732,0,672
SUB_HIFLD_1013,SUB_HIFLD_1468,meso_SUB_HIFLD_1013_SUB_HIFLD_1468_fwd,800.0,0.0,0.0,0,672
SUB_HIFLD_1013,SUB_HIFLD_814,meso_SUB_HIFLD_1013_SUB_HIFLD_814_fwd,800.0,1.20935498507082,20.802367912371132,0,672
SUB_HIFLD_1014,SUB_HIFLD_1013,meso_SUB_HIFLD_1014_SUB_HIFLD_1013_rev,800.0,0.0,0.0,0,672
SUB_HIFLD_1014,SUB_HIFLD_3433,meso_SUB_HIFLD_1014_SUB_HIFLD_3433_fwd,800.0,0.0,0.0,0,672
SUB_HIFLD_1014,SUB_HIFLD_814,meso_SUB_HIFLD_1014_SUB_HIFLD_814_fwd,800.0,0.0,0.0,0,672
SUB_HIFLD_1014,SUB_HIFLD_1015,meso_SUB_HIFLD_1014_SUB_HIFLD_1015_fwd,800.0,0.037712493057513154,3.835199540914948,0,672
SUB_HIFLD_1015,SUB_HIFLD_814,meso_SUB_HIFLD_1015_SUB_HIFLD_814_fwd,800.0,0.0,0.0,0,672
SUB_HIFLD_1015,SUB_HIFLD_1014,meso_SUB_HIFLD_1015_SUB_HIFLD_1014_rev,800.0,0.0,0.0,0,672
SUB_HIFLD_1020,SUB_01223,meso_SUB_HIFLD_1020_SUB_01223_rev,8000.0,0.33814869897319777,39.35282159844236,0,672
SUB_HIFLD_1020,SUB_08234,meso_SUB_HIFLD_1020_SUB_08234_rev,3000.0,19.18356934043199,59.068693621134024,0,672
SUB_HIFLD_1020,SUB_08246,meso_SUB_HIFLD_1020_SUB_08246_rev,3000.0,25.6129107295394,46.17038096005156,0,672
SUB_HIFLD_1020,SUB_08380,meso_SUB_HIFLD_1020_SUB_08380_rev,3000.0,125.22511818871052,183.35284418508874,0,672
SUB_HIFLD_1020,SUB_08389,meso_SUB_HIFLD_1020_SUB_08389_rev,1500.0,63.975263295003124,153.09850691964022,0,672
SUB_HIFLD_1020,SUB_01222,meso_SUB_HIFLD_1020_SUB_01222_rev,4000.0,12.924813022505743,101.98380611825576,0,672
SUB_HIFLD_1020,SUB_HIFLD_1432,meso_SUB_HIFLD_1020_SUB_HIFLD_1432_fwd,4000.0,0.8588178115972737,131.92236740486985,0,672
SUB_HIFLD_1020,WEC_CALN,iface_SUB_HIFLD_1020_WEC_CALN_to_ba,5500.0,0.0,0.0,0,672
SUB_HIFLD_1027,SUB_HIFLD_4364,meso_SUB_HIFLD_1027_SUB_HIFLD_4364_fwd,800.0,0.23281929149958686,3.449397923918289,0,672
SUB_HIFLD_1028,SUB_HIFLD_2577,meso_SUB_HIFLD_1028_SUB_HIFLD_2577_fwd,800.0,69.46806575097919,143.02494241344127,0,672
SUB_HIFLD_1028,SUB_HIFLD_4118,meso_SUB_HIFLD_1028_SUB_HIFLD_4118_fwd,800.0,0.0,0.0,0,672
SUB_HIFLD_1029,SUB_HIFLD_1013,meso_SUB_HIFLD_1029_SUB_HIFLD_1013_rev,1500.0,0.0,0.0,0,672
SUB_HIFLD_1029,SUB_HIFLD_1045,meso_SUB_HIFLD_1029_SUB_HIFLD_1045_fwd,800.0,0.0,0.0,0,672
SUB_HIFLD_1029,SUB_HIFLD_573,meso_SUB_HIFLD_1029_SUB_HIFLD_573_fwd,1500.0,46.22649224814563,99.18207957474226,0,672
SUB_HIFLD_1029,SUB_HIFLD_870,meso_SUB_HIFLD_1029_SUB_HIFLD_870_fwd,1500.0,0.0,0.0,0,672
SUB_HIFLD_1029,SUB_HIFLD_3090,meso_SUB_HIFLD_1029_SUB_HIFLD_3090_fwd,800.0,0.0,0.0,0,672
SUB_HIFLD_1029,SUB_HIFLD_3091,meso_SUB_HIFLD_1029_SUB_HIFLD_3091_fwd,800.0,2.1944801794415016,15.33881056902732,0,672
SUB_HIFLD_1029,SUB_HIFLD_3479,meso_SUB_HIFLD_1029_SUB_HIFLD_3479_fwd,1500.0,2.8854447303429387,30.509311231267937,0,672
SUB_HIFLD_1029,SUB_HIFLD_587,meso_SUB_HIFLD_1029_SUB_HIFLD_587_fwd,1500.0,3.6554323574774465,29.968612852591892,0,672
SUB_HIFLD_1029,SUB_HIFLD_807,meso_SUB_HIFLD_1029_SUB_HIFLD_807_fwd,3000.0,0.0,0.0,0,672
SUB_HIFLD_1029,SUB_HIFLD_846,meso_SUB_HIFLD_1029_SUB_HIFLD_846_fwd,1500.0,0.6548800893636786,33.774579172036084,0,672
SUB_HIFLD_1029,SUB_HIFLD_853,meso_SUB_HIFLD_1029_SUB_HIFLD_853_fwd,800.0,0.0,0.0,0,672
SUB_HIFLD_1030,SUB_HIFLD_2745,meso_SUB_HIFLD_1030_SUB_HIFLD_2745_fwd,800.0,33.72524336642728,101.62783697127557,0,672
SUB_HIFLD_1030,SUB_HIFLD_2807,meso_SUB_HIFLD_1030_SUB_HIFLD_2807_fwd,800.0,0.08024197751912328,5.064854925615601,0,672
SUB_HIFLD_1030,SUB_HIFLD_876,meso_SUB_HIFLD_1030_SUB_HIFLD_876_fwd,800.0,4.547822957908259,33.13016019714336,0,672
SUB_HIFLD_1030,SUB_HIFLD_3704,meso_SUB_HIFLD_1030_SUB_HIFLD_3704_fwd,800.0,0.005923143331485234,1.3722864406074529,0,672
SUB_HIFLD_1030,SUB_HIFLD_896,meso_SUB_HIFLD_1030_SUB_HIFLD_896_fwd,800.0,0.051067719433149736,5.077660881121134,0,672
SUB_HIFLD_1032,SUB_HIFLD_2542,meso_SUB_HIFLD_1032_SUB_HIFLD_2542_fwd,800.0,0.0,0.0,0,672
SUB_HIFLD_1032,SUB_HIFLD_3014,meso_SUB_HIFLD_1032_SUB_HIFLD_3014_fwd,800.0,3.6382523792774357,5.993396121939433,0,672
SUB_HIFLD_1033,SUB_HIFLD_3078,meso_SUB_HIFLD_1033_SUB_HIFLD_3078_fwd,1500.0,0.0,0.0,0,672
SUB_HIFLD_1033,SUB_HIFLD_569,meso_SUB_HIFLD_1033_SUB_HIFLD_569_fwd,1500.0,0.0,0.0,0,672
SUB_HIFLD_1041,SUB_HIFLD_160,meso_SUB_HIFLD_1041_SUB_HIFLD_160_fwd,600.0,3.029209624127289,350.0,0,672
SUB_HIFLD_1042,SUB_HIFLD_1222,meso_SUB_HIFLD_1042_SUB_HIFLD_1222_fwd,600.0,0.020462842350738798,0.11103602143907054,0,672
SUB_HIFLD_1042,SUB_HIFLD_3976,meso_SUB_HIFLD_1042_SUB_HIFLD_3976_fwd,600.0,26.791601172915914,83.25881517880069,0,672
SUB_HIFLD_1043,SUB_HIFLD_1044,meso_SUB_HIFLD_1043_SUB_HIFLD_1044_fwd,800.0,0.0,0.0,0,672
SUB_HIFLD_1043,SUB_HIFLD_2949,meso_SUB_HIFLD_1043_SUB_HIFLD_2949_fwd,800.0,29.077046406151005,56.985285178253534,0,672
SUB_HIFLD_1043,SUB_HIFLD_3095,meso_SUB_HIFLD_1043_SUB_HIFLD_3095_fwd,800.0,40.3946583483645,79.04932100415826,0,672
SUB_HIFLD_1043,SUB_HIFLD_3096,meso_SUB_HIFLD_1043_SUB_HIFLD_3096_fwd,800.0,0.0,0.0,0,672
SUB_HIFLD_1044,SUB_HIFLD_1043,meso_SUB_HIFLD_1044_SUB_HIFLD_1043_rev,800.0,88.63084304862289,184.73139570996062,0,672
SUB_HIFLD_1044,SUB_HIFLD_1486,meso_SUB_HIFLD_1044_SUB_HIFLD_1486_fwd,800.0,0.0,0.0,0,672
SUB_HIFLD_1044,SUB_HIFLD_3093,meso_SUB_HIFLD_1044_SUB_HIFLD_3093_fwd,800.0,14.467661177520396,30.775275853737114,0,672
SUB_HIFLD_1044,SUB_HIFLD_3097,meso_SUB_HIFLD_1044_SUB_HIFLD_3097_fwd,800.0,25.09871466762597,49.199750322164945,0,672
SUB_HIFLD_1044,SUB_HIFLD_3664,meso_SUB_HIFLD_1044_SUB_HIFLD_3664_fwd,800.0,0.0,0.0,0,672
SUB_HIFLD_1044,SUB_HIFLD_548,meso_SUB_HIFLD_1044_SUB_HIFLD_548_fwd,800.0,2.418929488320111,35.307352663667,0,672
SUB_HIFLD_1044,SUB_HIFLD_150,meso_SUB_HIFLD_1044_SUB_HIFLD_150_fwd,600.0,0.0,0.0,0,672
SUB_HIFLD_1044,SUB_HIFLD_870,meso_SUB_HIFLD_1044_SUB_HIFLD_870_fwd,800.0,0.0,0.0,0,672
SUB_HIFLD_1045,SUB_HIFLD_1029,meso_SUB_HIFLD_1045_SUB_HIFLD_1029_rev,800.0,0.0,0.0,0,672
SUB_HIFLD_1045,SUB_HIFLD_3090,meso_SUB_HIFLD_1045_SUB_HIFLD_3090_fwd,800.0,0.0,0.0,0,672
SUB_HIFLD_1045,SUB_HIFLD_3091,meso_SUB_HIFLD_1045_SUB_HIFLD_3091_fwd,800.0,0.0,0.0,0,672
SUB_HIFLD_1045,SUB_HIFLD_870,meso_SUB_HIFLD_1045_SUB_HIFLD_870_fwd,800.0,0.0,0.0,0,672
SUB_HIFLD_1046,SUB_HIFLD_2430,meso_SUB_HIFLD_1046_SUB_HIFLD_2430_fwd,800.0,0.0,0.0,0,672
SUB_HIFLD_1047,SUB_HIFLD_1162,meso_SUB_HIFLD_1047_SUB_HIFLD_1162_fwd,4000.0,11.847476710843214,136.52854902551127,0,672
SUB_HIFLD_1047,SUB_HIFLD_3022,meso_SUB_HIFLD_1047_SUB_HIFLD_3022_fwd,4000.0,0.0,0.0,0,672
SUB_HIFLD_1047,SUB_HIFLD_953,meso_SUB_HIFLD_1047_SUB_HIFLD_953_fwd,800.0,37.118924445382525,62.92336245041124,0,672
SUB_HIFLD_1047,SUB_HIFLD_962,meso_SUB_HIFLD_1047_SUB_HIFLD_962_fwd,800.0,66.41620971173795,115.76481710901885,0,672
SUB_HIFLD_1047,SUB_HIFLD_928,meso_SUB_HIFLD_1047_SUB_HIFLD_928_fwd,4000.0,0.0,0.0,0,672
SUB_HIFLD_1047,SUB_HIFLD_938,meso_SUB_HIFLD_1047_SUB_HIFLD_938_fwd,4000.0,0.0,0.0,0,672
SUB_HIFLD_1047,WEC_SDGE,iface_SUB_HIFLD_1047_WEC_SDGE_to_ba,314.4194761968858,0.0,0.0,0,672
SUB_HIFLD_1060,SUB_HIFLD_2619,meso_SUB_HIFLD_1060_SUB_HIFLD_2619_fwd,800.0,35.997170543164394,65.3167138843129,0,672
SUB_HIFLD_1060,SUB_HIFLD_3060,meso_SUB_HIFLD_1060_SUB_HIFLD_3060_fwd,15000.0,0.0,0.0,0,672
SUB_HIFLD_1060,SUB_HIFLD_3659,meso_SUB_HIFLD_1060_SUB_HIFLD_3659_fwd,4000.0,35.8419703495698,239.4062671769857,0,672
SUB_HIFLD_1060,SUB_HIFLD_841,meso_SUB_HIFLD_1060_SUB_HIFLD_841_fwd,34000.0,0.0,0.0,0,672
SUB_HIFLD_1060,SUB_HIFLD_845,meso_SUB_HIFLD_1060_SUB_HIFLD_845_fwd,4000.0,220.58203993377387,449.5891313238432,0,672
SUB_HIFLD_1060,SUB_HIFLD_850,meso_SUB_HIFLD_1060_SUB_HIFLD_850_fwd,800.0,0.5214358997650802,50.855211523132326,0,672
SUB_HIFLD_1060,SUB_HIFLD_3682,meso_SUB_HIFLD_1060_SUB_HIFLD_3682_fwd,800.0,48.242511604158985,106.77003068870232,0,672
SUB_HIFLD_1060,SUB_HIFLD_838,meso_SUB_HIFLD_1060_SUB_HIFLD_838_fwd,30000.0,0.0,0.0,0,672
SUB_HIFLD_1060,WECC_SCE,iface_SUB_HIFLD_1060_WECC_SCE_to_ba,557.8384718587145,0.0,0.0,0,672
SUB_HIFLD_1062,SUB_10349,meso_SUB_HIFLD_1062_SUB_10349_fwd,50.0,0.0,0.0,0,672
SUB_HIFLD_1077,SUB_10225,meso_SUB_HIFLD_1077_SUB_10225_rev,8000.0,0.0,0.0,0,672
SUB_HIFLD_1077,SUB_HIFLD_1324,meso_SUB_HIFLD_1077_SUB_HIFLD_1324_fwd,16000.0,4.842757952895934,119.70137785496851,0,672
SUB_HIFLD_1077,SUB_10221,meso_SUB_HIFLD_1077_SUB_10221_rev,4000.0,0.0,0.0,0,672
SUB_HIFLD_1077,WEC_CALN,iface_SUB_HIFLD_1077_WEC_CALN_to_ba,1200.0,42.42266312437749,120.0,0,672
SUB_HIFLD_1086,SUB_06364,meso_SUB_HIFLD_1086_SUB_06364_rev,8000.0,21.166993327978727,271.87370821391744,0,672
SUB_HIFLD_1086,SUB_10293,meso_SUB_HIFLD_1086_SUB_10293_rev,8000.0,0.0,0.0,0,672
SUB_HIFLD_1086,SUB_HIFLD_1324,meso_SUB_HIFLD_1086_SUB_HIFLD_1324_fwd,8000.0,5.835415106275375,116.73307334749596,0,672
SUB_HIFLD_1086,SUB_HIFLD_2456,meso_SUB_HIFLD_1086_SUB_HIFLD_2456_fwd,8000.0,0.0,0.0,0,672
SUB_HIFLD_1086,SUB_10309,meso_SUB_HIFLD_1086_SUB_10309_rev,600.0,2.448785524933657,5.5798961674829854,0,672
SUB_HIFLD_1086,SUB_10322,meso_SUB_HIFLD_1086_SUB_10322_rev,360.0,0.0,0.0,0,672
SUB_HIFLD_1086,WEC_CALN,iface_SUB_HIFLD_1086_WEC_CALN_to_ba,6531.0,241.01121633154474,686.2765431985622,0,672
SUB_HIFLD_1102,SUB_16368,meso_SUB_HIFLD_1102_SUB_16368_rev,1500.0,101.0692254035697,256.59999999999997,0,672
SUB_HIFLD_1113,SUB_01365,meso_SUB_HIFLD_1113_SUB_01365_rev,12000.0,52.47440979467941,268.57619153031817,0,672
SUB_HIFLD_1113,SUB_HIFLD_30,meso_SUB_HIFLD_1113_SUB_HIFLD_30_fwd,16000.0,139.09844883670846,502.0495299070994,0,672
SUB_HIFLD_1113,SUB_01323,meso_SUB_HIFLD_1113_SUB_01323_rev,4000.0,23.402049267906296,77.69793159924986,0,672
SUB_HIFLD_1113,SUB_01324,meso_SUB_HIFLD_1113_SUB_01324_rev,4000.0,24.88944682710847,172.30686544907462,0,672
SUB_HIFLD_1113,SUB_01459,meso_SUB_HIFLD_1113_SUB_01459_rev,4000.0,49.242804027914815,104.6685405927835,0,672
SUB_HIFLD_1113,WEC_CALN,iface_SUB_HIFLD_1113_WEC_CALN_to_ba,28000.0,21.445788839756695,454.4978520392344,0,672
SUB_HIFLD_1118,SUB_01426,meso_SUB_HIFLD_1118_SUB_01426_rev,1500.0,19.523651421982354,26.009314542177037,0,672
SUB_HIFLD_1118,SUB_01467,meso_SUB_HIFLD_1118_SUB_01467_rev,1500.0,127.5086337691295,137.23795225657145,0,672
SUB_HIFLD_1131,SUB_01201,meso_SUB_HIFLD_1131_SUB_01201_rev,1500.0,0.0,0.0,0,672
SUB_HIFLD_1131,SUB_01254,meso_SUB_HIFLD_1131_SUB_01254_rev,1500.0,0.0,0.0,0,672
SUB_HIFLD_1131,SUB_HIFLD_1139,meso_SUB_HIFLD_1131_SUB_HIFLD_1139_fwd,1500.0,0.12853898360674207,6.341974065721649,0,672
SUB_HIFLD_1135,SUB_16374,meso_SUB_HIFLD_1135_SUB_16374_rev,600.0,0.0,0.0,0,672
SUB_HIFLD_1135,SUB_16288,meso_SUB_HIFLD_1135_SUB_16288_rev,15000.0,0.0,0.0,0,672
SUB_HIFLD_1135,SUB_HIFLD_30,meso_SUB_HIFLD_1135_SUB_HIFLD_30_fwd,30000.0,0.0,0.0,0,672
SUB_HIFLD_1139,SUB_HIFLD_1140,meso_SUB_HIFLD_1139_SUB_HIFLD_1140_fwd,1500.0,16.485623415963605,32.01897332071521,0,672
SUB_HIFLD_1139,SUB_HIFLD_4231,meso_SUB_HIFLD_1139_SUB_HIFLD_4231_fwd,1500.0,2.4271934200927014,5.751985341494846,0,672
SUB_HIFLD_1139,SUB_HIFLD_1131,meso_SUB_HIFLD_1139_SUB_HIFLD_1131_rev,1500.0,1.1689917727485846,3.9355566909632733,0,672
SUB_HIFLD_1140,SUB_HIFLD_1,meso_SUB_HIFLD_1140_SUB_HIFLD_1_rev,1500.0,7.138539525510946,20.814942413015462,0,672
SUB_HIFLD_1140,SUB_HIFLD_1139,meso_SUB_HIFLD_1140_SUB_HIFLD_1139_rev,1500.0,0.0,0.0,0,672
SUB_HIFLD_1153,SUB_HIFLD_1833,meso_SUB_HIFLD_1153_SUB_HIFLD_1833_fwd,1500.0,0.0,0.0,0,672
SUB_HIFLD_1153,SUB_HIFLD_2705,meso_SUB_HIFLD_1153_SUB_HIFLD_2705_fwd,1500.0,0.0,0.0,0,672
SUB_HIFLD_1153,SUB_HIFLD_3623,meso_SUB_HIFLD_1153_SUB_HIFLD_3623_fwd,1500.0,0.0,0.0,0,672
SUB_HIFLD_1156,SUB_HIFLD_3955,meso_SUB_HIFLD_1156_SUB_HIFLD_3955_fwd,600.0,0.0,0.0,0,672
SUB_HIFLD_1156,SUB_HIFLD_1183,meso_SUB_HIFLD_1156_SUB_HIFLD_1183_rev,65.78841459335327,3.556895538539821,6.7385717018363405,0,672
SUB_HIFLD_1156,WECC_SCE,iface_SUB_HIFLD_1156_WECC_SCE_to_ba,557.8384718587145,147.86363325829933,294.16061851739124,0,672
SUB_HIFLD_1159,SUB_HIFLD_1160,meso_SUB_HIFLD_1159_SUB_HIFLD_1160_fwd,1500.0,0.0,0.0,0,672
SUB_HIFLD_1159,SUB_HIFLD_1164,meso_SUB_HIFLD_1159_SUB_HIFLD_1164_fwd,600.0,0.0,0.0,0,672
SUB_HIFLD_1159,SUB_HIFLD_322,meso_SUB_HIFLD_1159_SUB_HIFLD_322_fwd,239.0,10.274033504580244,23.42960489396095,0,672
SUB_HIFLD_1160,SUB_HIFLD_1159,meso_SUB_HIFLD_1160_SUB_HIFLD_1159_rev,1500.0,3.557949007098622,8.194438035011292,0,672
SUB_HIFLD_1162,SUB_HIFLD_1047,meso_SUB_HIFLD_1162_SUB_HIFLD_1047_rev,4000.0,0.0,0.0,0,672
SUB_HIFLD_1162,SUB_HIFLD_2493,meso_SUB_HIFLD_1162_SUB_HIFLD_2493_fwd,4000.0,0.0,0.0,0,672
SUB_HIFLD_1162,SUB_HIFLD_915,meso_SUB_HIFLD_1162_SUB_HIFLD_915_fwd,800.0,103.81490292129968,176.79053076205204,0,672
SUB_HIFLD_1162,SUB_HIFLD_932,meso_SUB_HIFLD_1162_SUB_HIFLD_932_fwd,800.0,37.18194635112691,51.52025556066666,0,672
SUB_HIFLD_1162,SUB_HIFLD_939,meso_SUB_HIFLD_1162_SUB_HIFLD_939_fwd,800.0,49.50048637194178,106.78239808627379,0,672
SUB_HIFLD_1162,SUB_HIFLD_3707,meso_SUB_HIFLD_1162_SUB_HIFLD_3707_fwd,2000.0,16.08619935407384,89.91979330048933,0,672
SUB_HIFLD_1162,WEC_SDGE,iface_SUB_HIFLD_1162_WEC_SDGE_to_ba,236.40562120066608,0.0,0.0,0,672
SUB_HIFLD_1163,SUB_HIFLD_3955,meso_SUB_HIFLD_1163_SUB_HIFLD_3955_fwd,600.0,0.0,0.0,0,672
SUB_HIFLD_1163,SUB_HIFLD_3051,meso_SUB_HIFLD_1163_SUB_HIFLD_3051_rev,50.0,0.017966730047747032,0.029788506891309602,0,672
SUB_HIFLD_1164,SUB_HIFLD_1159,meso_SUB_HIFLD_1164_SUB_HIFLD_1159_rev,600.0,3.217273281065205,7.3,0,672
SUB_HIFLD_1170,SUB_25235,meso_SUB_HIFLD_1170_SUB_25235_rev,1500.0,153.9700236183457,486.45060993877166,0,672
SUB_HIFLD_1170,SUB_25412,meso_SUB_HIFLD_1170_SUB_25412_rev,4000.0,7.199357562990077,166.05600014579932,0,672
SUB_HIFLD_1170,SUB_HIFLD_1171,meso_SUB_HIFLD_1170_SUB_HIFLD_1171_fwd,4000.0,0.0,0.0,0,672
SUB_HIFLD_1170,SUB_HIFLD_1191,meso_SUB_HIFLD_1170_SUB_HIFLD_1191_fwd,4000.0,0.0,0.0,0,672
SUB_HIFLD_1170,SUB_25250,meso_SUB_HIFLD_1170_SUB_25250_rev,50.0,0.06079690832101544,0.09828794813647714,0,672
SUB_HIFLD_1170,WEC_CALN,iface_SUB_HIFLD_1170_WEC_CALN_to_ba,1910.0,0.0,0.0,0,672
SUB_HIFLD_1171,SUB_HIFLD_1170,meso_SUB_HIFLD_1171_SUB_HIFLD_1170_rev,4000.0,23.491155655182233,139.6738374367428,0,672
SUB_HIFLD_1171,SUB_25993,meso_SUB_HIFLD_1171_SUB_25993_rev,9520.0,0.0,0.0,0,672
SUB_HIFLD_1171,WEC_CALN,iface_SUB_HIFLD_1171_WEC_CALN_to_ba,200.0,31.520476127611488,139.67601916570186,0,672
SUB_HIFLD_1175,SUB_25241,meso_SUB_HIFLD_1175_SUB_25241_rev,800.0,6.271112447105717,20.0,0,672
SUB_HIFLD_1175,SUB_25252,meso_SUB_HIFLD_1175_SUB_25252_rev,600.0,2.1275509779671604,5.224120225804001,0,672
SUB_HIFLD_1175,SUB_25151,meso_SUB_HIFLD_1175_SUB_25151_rev,1500.0,0.0,0.0,0,672
SUB_HIFLD_1176,SUB_HIFLD_1189,meso_SUB_HIFLD_1176_SUB_HIFLD_1189_fwd,4000.0,174.7904908589672,396.6,0,672
SUB_HIFLD_1183,SUB_HIFLD_1156,meso_SUB_HIFLD_1183_SUB_HIFLD_1156_fwd,65.78841459335327,0.0,0.0,0,672
SUB_HIFLD_1189,SUB_HIFLD_1176,meso_SUB_HIFLD_1189_SUB_HIFLD_1176_rev,4000.0,0.0,0.0,0,672
SUB_HIFLD_1189,SUB_HIFLD_2385,meso_SUB_HIFLD_1189_SUB_HIFLD_2385_fwd,4000.0,196.98621101331315,524.3373749983393,0,672
SUB_HIFLD_1189,SUB_HIFLD_2386,meso_SUB_HIFLD_1189_SUB_HIFLD_2386_fwd,4000.0,23.887163803196337,104.3924700595909,0,672
SUB_HIFLD_1189,SUB_25151,meso_SUB_HIFLD_1189_SUB_25151_rev,8000.0,6.403310034205594,120.2337144272048,0,672
SUB_HIFLD_1189,SUB_HIFLD_2393,meso_SUB_HIFLD_1189_SUB_HIFLD_2393_fwd,4000.0,20.327709009833224,36.70798782109011,0,672
SUB_HIFLD_1190,SUB_25256,meso_SUB_HIFLD_1190_SUB_25256_rev,1500.0,13.352177004856909,40.2012483380496,0,672
SUB_HIFLD_1190,SUB_25408,meso_SUB_HIFLD_1190_SUB_25408_rev,3000.0,1.8289283869885598,65.13078072785089,0,672
SUB_HIFLD_1190,SUB_25206,meso_SUB_HIFLD_1190_SUB_25206_rev,1500.0,42.54682198127974,146.48667757921396,0,672
SUB_HIFLD_1190,SUB_25235,meso_SUB_HIFLD_1190_SUB_25235_rev,1500.0,0.0,0.0,0,672
SUB_HIFLD_1190,SUB_25536,meso_SUB_HIFLD_1190_SUB_25536_rev,1500.0,0.25808947968496115,20.821272547938214,0,672
SUB_HIFLD_1190,SUB_25415,meso_SUB_HIFLD_1190_SUB_25415_rev,130.51293344517234,7.267793672062569,12.36439372583763,0,672
SUB_HIFLD_1191,SUB_HIFLD_1170,meso_SUB_HIFLD_1191_SUB_HIFLD_1170_rev,4000.0,64.98995398125096,165.0,0,672
SUB_HIFLD_1195,SUB_01223,meso_SUB_HIFLD_1195_SUB_01223_rev,19000.0,48.912577808465684,347.021171838514,0,672
SUB_HIFLD_1195,SUB_08319,meso_SUB_HIFLD_1195_SUB_08319_rev,1500.0,135.06947135213272,183.0057469725892,0,672
SUB_HIFLD_1195,SUB_18201,meso_SUB_HIFLD_1195_SUB_18201_rev,1500.0,146.35016586613614,242.87557243464252,0,672
SUB_HIFLD_1195,SUB_18235,meso_SUB_HIFLD_1195_SUB_18235_rev,2100.0,14.637739585279903,22.54788836036146,0,672
SUB_HIFLD_1195,SUB_25464,meso_SUB_HIFLD_1195_SUB_25464_rev,4000.0,0.0,0.0,0,672
SUB_HIFLD_1195,SUB_HIFLD_1874,meso_SUB_HIFLD_1195_SUB_HIFLD_1874_fwd,600.0,0.0,0.0,0,672
SUB_HIFLD_1195,SUB_HIFLD_211,meso_SUB_HIFLD_1195_SUB_HIFLD_211_fwd,8000.0,0.0,0.0,0,672
SUB_HIFLD_1195,SUB_18222,meso_SUB_HIFLD_1195_SUB_18222_rev,1500.0,93.98671480450516,123.89010202552012,0,672
SUB_HIFLD_1195,SUB_25393,meso_SUB_HIFLD_1195_SUB_25393_rev,15000.0,0.0,0.0,0,672
SUB_HIFLD_1195,SUB_HIFLD_1432,meso_SUB_HIFLD_1195_SUB_HIFLD_1432_fwd,45000.0,9.803536959641594,578.5189722408446,0,672
SUB_HIFLD_1195,SUB_18238,meso_SUB_HIFLD_1195_SUB_18238_rev,92.03959868882015,6.189114422205915,8.66100696681701,0,672
SUB_HIFLD_1195,WEC_CALN,iface_SUB_HIFLD_1195_WEC_CALN_to_ba,19549.0,0.0,0.0,0,672
SUB_HIFLD_1206,SUB_HIFLD_434,meso_SUB_HIFLD_1206_SUB_HIFLD_434_fwd,4000.0,77.40081693,77.40081693,0,672
SUB_HIFLD_1209,SUB_HIFLD_434,meso_SUB_HIFLD_1209_SUB_HIFLD_434_fwd,1500.0,140.10700536958012,201.17070182,0,672
SUB_HIFLD_1213,SUB_HIFLD_4068,meso_SUB_HIFLD_1213_SUB_HIFLD_4068_fwd,800.0,0.3009773641506599,6.954263204585598,0,672
SUB_HIFLD_1213,SUB_HIFLD_1232,meso_SUB_HIFLD_1213_SUB_HIFLD_1232_fwd,800.0,11.22392426260159,26.345791446685794,0,672
SUB_HIFLD_1214,SUB_HIFLD_431,meso_SUB_HIFLD_1214_SUB_HIFLD_431_fwd,800.0,0.0,0.0,0,672
SUB_HIFLD_1214,SUB_HIFLD_436,meso_SUB_HIFLD_1214_SUB_HIFLD_436_fwd,800.0,17.717039164222083,40.2,0,672
SUB_HIFLD_1222,SUB_HIFLD_1042,meso_SUB_HIFLD_1222_SUB_HIFLD_1042_rev,600.0,26.28896688464065,81.6947613489437,0,672
SUB_HIFLD_1225,SUB_25208,meso_SUB_HIFLD_1225_SUB_25208_rev,1500.0,0.0355051910114813,8.405078955322033,0,672
SUB_HIFLD_1225,SUB_25261,meso_SUB_HIFLD_1225_SUB_25261_rev,4000.0,14.410777486025365,312.0,0,672
SUB_HIFLD_1232,SUB_25277,meso_SUB_HIFLD_1232_SUB_25277_rev,800.0,1.2639990584350018,36.5449100285731,0,672
SUB_HIFLD_1232,SUB_25297,meso_SUB_HIFLD_1232_SUB_25297_rev,800.0,14.901179496584072,38.91092184318542,0,672
SUB_HIFLD_1232,SUB_HIFLD_1213,meso_SUB_HIFLD_1232_SUB_HIFLD_1213_rev,800.0,0.0,0.0,0,672
SUB_HIFLD_1233,SUB_HIFLD_2556,meso_SUB_HIFLD_1233_SUB_HIFLD_2556_fwd,600.0,0.0,0.0,0,672
SUB_HIFLD_1233,SUB_HIFLD_434,meso_SUB_HIFLD_1233_SUB_HIFLD_434_fwd,600.0,0.0,0.0,0,672
SUB_HIFLD_1233,SUB_HIFLD_859,meso_SUB_HIFLD_1233_SUB_HIFLD_859_fwd,600.0,0.0,0.0,0,672
SUB_HIFLD_1248,SUB_HIFLD_1616,meso_SUB_HIFLD_1248_SUB_HIFLD_1616_fwd,800.0,0.0,0.0,0,672
SUB_HIFLD_1248,SUB_HIFLD_326,meso_SUB_HIFLD_1248_SUB_HIFLD_326_fwd,800.0,0.0,0.0,0,672
SUB_HIFLD_1248,SUB_HIFLD_364,meso_SUB_HIFLD_1248_SUB_HIFLD_364_fwd,800.0,0.0,0.0,0,672
SUB_HIFLD_1249,SUB_HIFLD_433,meso_SUB_HIFLD_1249_SUB_HIFLD_433_fwd,1500.0,61.954498304129714,155.1886738512803,0,672
SUB_HIFLD_1254,WEC_LADW,iface_SUB_HIFLD_1254_WEC_LADW_to_ba,800.0,0.0,0.0,0,672
SUB_HIFLD_1256,SUB_HIFLD_1735,meso_SUB_HIFLD_1256_SUB_HIFLD_1735_fwd,800.0,0.045965203631854225,15.5775862096311,0,672
SUB_HIFLD_1256,SUB_HIFLD_1759,meso_SUB_HIFLD_1256_SUB_HIFLD_1759_fwd,800.0,0.0,0.0,0,672
SUB_HIFLD_1256,SUB_HIFLD_1612,meso_SUB_HIFLD_1256_SUB_HIFLD_1612_fwd,800.0,0.0,0.0,0,672
SUB_HIFLD_1256,SUB_HIFLD_3231,meso_SUB_HIFLD_1256_SUB_HIFLD_3231_fwd,800.0,0.0,0.0,0,672
SUB_HIFLD_1257,SUB_HIFLD_1663,meso_SUB_HIFLD_1257_SUB_HIFLD_1663_fwd,800.0,27.55432006955791,51.57866462628866,0,672
SUB_HIFLD_1257,SUB_HIFLD_1679,meso_SUB_HIFLD_1257_SUB_HIFLD_1679_fwd,4000.0,0.9364700828799334,232.92348612759395,0,672
SUB_HIFLD_1257,SUB_HIFLD_1699,meso_SUB_HIFLD_1257_SUB_HIFLD_1699_fwd,800.0,73.66466114894241,198.05572832228737,0,672
SUB_HIFLD_1257,SUB_HIFLD_4193,meso_SUB_HIFLD_1257_SUB_HIFLD_4193_fwd,800.0,0.256620657203231,32.30201386305665,0,672
SUB_HIFLD_1257,SUB_HIFLD_1531,meso_SUB_HIFLD_1257_SUB_HIFLD_1531_fwd,800.0,43.68657877664093,80.18447164948455,0,672
SUB_HIFLD_1257,SUB_HIFLD_1581,meso_SUB_HIFLD_1257_SUB_HIFLD_1581_fwd,800.0,15.879016661608867,112.46864529639176,0,672
SUB_HIFLD_1257,SUB_HIFLD_1645,meso_SUB_HIFLD_1257_SUB_HIFLD_1645_fwd,800.0,0.0,0.0,0,672
SUB_HIFLD_1257,SUB_HIFLD_1664,meso_SUB_HIFLD_1257_SUB_HIFLD_1664_fwd,8000.0,0.0,0.0,0,672
SUB_HIFLD_1257,SUB_HIFLD_841,meso_SUB_HIFLD_1257_SUB_HIFLD_841_fwd,4000.0,0.0,0.0,0,672
SUB_HIFLD_1258,SUB_HIFLD_1624,meso_SUB_HIFLD_1258_SUB_HIFLD_1624_fwd,800.0,48.214285714285715,48.214285714285715,0,672
SUB_HIFLD_1259,SUB_HIFLD_1550,meso_SUB_HIFLD_1259_SUB_HIFLD_1550_fwd,800.0,0.0,0.0,0,672
SUB_HIFLD_1261,SUB_HIFLD_1716,meso_SUB_HIFLD_1261_SUB_HIFLD_1716_fwd,4000.0,0.0,0.0,0,672
SUB_HIFLD_1261,SUB_HIFLD_1775,meso_SUB_HIFLD_1261_SUB_HIFLD_1775_fwd,800.0,0.0,0.0,0,672
SUB_HIFLD_1261,SUB_HIFLD_3776,meso_SUB_HIFLD_1261_SUB_HIFLD_3776_fwd,800.0,0.0,0.0,0,672
SUB_HIFLD_1261,SUB_HIFLD_1599,meso_SUB_HIFLD_1261_SUB_HIFLD_1599_fwd,4000.0,0.0,0.0,0,672
SUB_HIFLD_1261,SUB_HIFLD_1639,meso_SUB_HIFLD_1261_SUB_HIFLD_1639_fwd,800.0,44.02355507195956,280.6952762082656,0,672
SUB_HIFLD_1261,SUB_HIFLD_1727,meso_SUB_HIFLD_1261_SUB_HIFLD_1727_fwd,800.0,8.144838337722422,12.678182751727975,0,672
SUB_HIFLD_1261,SUB_HIFLD_1749,meso_SUB_HIFLD_1261_SUB_HIFLD_1749_fwd,800.0,0.0,0.0,0,672
SUB_HIFLD_1261,SUB_HIFLD_3775,meso_SUB_HIFLD_1261_SUB_HIFLD_3775_fwd,800.0,0.0,0.0,0,672
SUB_HIFLD_1261,SUB_HIFLD_4296,meso_SUB_HIFLD_1261_SUB_HIFLD_4296_fwd,800.0,0.0,0.0,0,672
SUB_HIFLD_1262,SUB_HIFLD_1633,meso_SUB_HIFLD_1262_SUB_HIFLD_1633_fwd,800.0,13.053062252689902,23.84118884523492,0,672
SUB_HIFLD_1262,SUB_HIFLD_1676,meso_SUB_HIFLD_1262_SUB_HIFLD_1676_fwd,800.0,37.674210474582814,50.72727272727272,0,672
SUB_HIFLD_1263,SUB_HIFLD_1639,meso_SUB_HIFLD_1263_SUB_HIFLD_1639_fwd,4000.0,0.0,0.0,0,672
SUB_HIFLD_1263,SUB_HIFLD_1650,meso_SUB_HIFLD_1263_SUB_HIFLD_1650_fwd,8000.0,0.0,0.0,0,672
SUB_HIFLD_1263,SUB_HIFLD_1666,meso_SUB_HIFLD_1263_SUB_HIFLD_1666_fwd,800.0,0.0,0.0,0,672
SUB_HIFLD_1264,SUB_HIFLD_2744,meso_SUB_HIFLD_1264_SUB_HIFLD_2744_fwd,800.0,0.0,0.0,0,672
SUB_HIFLD_1264,SUB_HIFLD_2934,meso_SUB_HIFLD_1264_SUB_HIFLD_2934_fwd,800.0,0.0,0.0,0,672
SUB_HIFLD_1264,SUB_HIFLD_1639,meso_SUB_HIFLD_1264_SUB_HIFLD_1639_fwd,800.0,0.3343809929653679,3.164845454545454,0,672
SUB_HIFLD_1265,WEC_LADW,iface_SUB_HIFLD_1265_WEC_LADW_to_ba,1600.0,0.0,0.0,0,672
SUB_HIFLD_1267,SUB_HIFLD_1565,meso_SUB_HIFLD_1267_SUB_HIFLD_1565_fwd,800.0,0.0,0.0,0,672
SUB_HIFLD_1267,SUB_HIFLD_1620,meso_SUB_HIFLD_1267_SUB_HIFLD_1620_fwd,800.0,0.0,0.0,0,672
SUB_HIFLD_1267,SUB_HIFLD_1268,meso_SUB_HIFLD_1267_SUB_HIFLD_1268_fwd,800.0,0.0,0.0,0,672
SUB_HIFLD_1267,SUB_HIFLD_1625,meso_SUB_HIFLD_1267_SUB_HIFLD_1625_fwd,800.0,0.0,0.0,0,672
SUB_HIFLD_1267,SUB_HIFLD_1772,meso_SUB_HIFLD_1267_SUB_HIFLD_1772_fwd,800.0,75.8948703040223,150.2036861835244,0,672
SUB_HIFLD_1268,SUB_HIFLD_1570,meso_SUB_HIFLD_1268_SUB_HIFLD_1570_fwd,800.0,0.0,0.0,0,672
SUB_HIFLD_1268,SUB_HIFLD_1592,meso_SUB_HIFLD_1268_SUB_HIFLD_1592_fwd,800.0,0.0,0.0,0,672
SUB_HIFLD_1268,SUB_HIFLD_1620,meso_SUB_HIFLD_1268_SUB_HIFLD_1620_fwd,4000.0,0.0,0.0,0,672
SUB_HIFLD_1268,SUB_HIFLD_1267,meso_SUB_HIFLD_1268_SUB_HIFLD_1267_rev,800.0,31.639406428740184,74.78779841719363,0,672
SUB_HIFLD_1268,SUB_HIFLD_1554,meso_SUB_HIFLD_1268_SUB_HIFLD_1554_fwd,800.0,40.287499134061854,59.360893202319595,0,672
SUB_HIFLD_1268,SUB_HIFLD_1625,meso_SUB_HIFLD_1268_SUB_HIFLD_1625_fwd,1600.0,41.72340943796414,105.86755622417434,0,672
SUB_HIFLD_1268,SUB_HIFLD_1650,meso_SUB_HIFLD_1268_SUB_HIFLD_1650_fwd,4000.0,31.4799813245046,208.78283688690885,0,672
SUB_HIFLD_1268,SUB_HIFLD_1690,meso_SUB_HIFLD_1268_SUB_HIFLD_1690_fwd,800.0,3.7717954003582643,7.195368375483248,0,672
SUB_HIFLD_1268,SUB_HIFLD_1726,meso_SUB_HIFLD_1268_SUB_HIFLD_1726_fwd,800.0,13.466557132712724,19.59163666939292,0,672
SUB_HIFLD_1268,SUB_HIFLD_1740,meso_SUB_HIFLD_1268_SUB_HIFLD_1740_fwd,800.0,3.4736178272723626,6.195180110341494,0,672
SUB_HIFLD_1294,SUB_10372,meso_SUB_HIFLD_1294_SUB_10372_rev,4000.0,95.72743972196282,236.5313220111746,0,672
SUB_HIFLD_1294,SUB_HIFLD_1295,meso_SUB_HIFLD_1294_SUB_HIFLD_1295_rev,1967.0,0.0,0.0,0,672
SUB_HIFLD_1295,SUB_HIFLD_1294,meso_SUB_HIFLD_1295_SUB_HIFLD_1294_fwd,1967.0,70.3382770727147,171.91781886607072,0,672
SUB_HIFLD_1297,SUB_HIFLD_1300,meso_SUB_HIFLD_1297_SUB_HIFLD_1300_fwd,4000.0,0.0,0.0,0,672
SUB_HIFLD_1297,WEC_CALN,iface_SUB_HIFLD_1297_WEC_CALN_to_ba,4000.0,67.72016417460361,171.98273116683959,0,672
SUB_HIFLD_1299,SUB_10332,meso_SUB_HIFLD_1299_SUB_10332_rev,4000.0,0.8198673033866452,1.0614737284552191,0,672
SUB_HIFLD_1299,SUB_HIFLD_1300,meso_SUB_HIFLD_1299_SUB_HIFLD_1300_fwd,4000.0,49.95422353185639,128.90800000000002,0,672
SUB_HIFLD_1299,SUB_10350,meso_SUB_HIFLD_1299_SUB_10350_rev,164.0,0.0,0.0,0,672
SUB_HIFLD_1300,SUB_HIFLD_1297,meso_SUB_HIFLD_1300_SUB_HIFLD_1297_rev,4000.0,0.0,0.0,0,672
SUB_HIFLD_1300,SUB_10332,meso_SUB_HIFLD_1300_SUB_10332_rev,12000.0,0.0,0.0,0,672
SUB_HIFLD_1300,SUB_HIFLD_1299,meso_SUB_HIFLD_1300_SUB_HIFLD_1299_rev,4000.0,0.0,0.0,0,672
SUB_HIFLD_1300,SUB_10132,meso_SUB_HIFLD_1300_SUB_10132_rev,50.0,0.07019825417678265,0.10223818906803722,0,672
SUB_HIFLD_1300,WEC_CALN,iface_SUB_HIFLD_1300_WEC_CALN_to_ba,2400.0,142.91624072627076,364.97432906065006,0,672
SUB_HIFLD_1303,SUB_HIFLD_2469,meso_SUB_HIFLD_1303_SUB_HIFLD_2469_fwd,4000.0,0.0,0.0,0,672
SUB_HIFLD_1303,SUB_10345,meso_SUB_HIFLD_1303_SUB_10345_rev,4000.0,5.0149577582424145,9.59556909805024,0,672
SUB_HIFLD_1303,WEC_CALN,iface_SUB_HIFLD_1303_WEC_CALN_to_ba,1774.0,64.8590897343268,177.4,0,672
SUB_HIFLD_1313,SUB_HIFLD_2469,meso_SUB_HIFLD_1313_SUB_HIFLD_2469_fwd,4000.0,0.0,0.0,0,672
SUB_HIFLD_1313,WEC_CALN,iface_SUB_HIFLD_1313_WEC_CALN_to_ba,1835.0,72.2767063973306,183.5,0,672
SUB_HIFLD_1323,SUB_10253,meso_SUB_HIFLD_1323_SUB_10253_rev,600.0,0.020883784893393577,0.10602664750875886,0,672
SUB_HIFLD_1323,SUB_10281,meso_SUB_HIFLD_1323_SUB_10281_rev,600.0,0.0,0.0,0,672
SUB_HIFLD_1323,SUB_HIFLD_1324,meso_SUB_HIFLD_1323_SUB_HIFLD_1324_fwd,4000.0,5.170430015913088,75.77009457570558,0,672
SUB_HIFLD_1323,WEC_CALN,iface_SUB_HIFLD_1323_WEC_CALN_to_ba,2800.0,85.07343715085702,252.49469221396117,0,672
SUB_HIFLD_1324,SUB_10375,meso_SUB_HIFLD_1324_SUB_10375_rev,1500.0,98.40387252594176,197.5493982583679,0,672
SUB_HIFLD_1324,SUB_HIFLD_1077,meso_SUB_HIFLD_1324_SUB_HIFLD_1077_rev,16000.0,0.0,0.0,0,672
SUB_HIFLD_1324,SUB_HIFLD_1086,meso_SUB_HIFLD_1324_SUB_HIFLD_1086_rev,8000.0,0.0,0.0,0,672
SUB_HIFLD_1324,SUB_HIFLD_1323,meso_SUB_HIFLD_1324_SUB_HIFLD_1323_rev,4000.0,0.0,0.0,0,672
SUB_HIFLD_1324,SUB_10221,meso_SUB_HIFLD_1324_SUB_10221_rev,4000.0,0.0,0.0,0,672
SUB_HIFLD_1324,WEC_CALN,iface_SUB_HIFLD_1324_WEC_CALN_to_ba,1250.0,0.0,0.0,0,672
SUB_HIFLD_1327,SUB_HIFLD_2193,meso_SUB_HIFLD_1327_SUB_HIFLD_2193_fwd,600.0,0.0,0.0,0,672
SUB_HIFLD_1327,SUB_HIFLD_3082,meso_SUB_HIFLD_1327_SUB_HIFLD_3082_fwd,600.0,0.0,0.0,0,672
SUB_HIFLD_1327,SUB_HIFLD_523,meso_SUB_HIFLD_1327_SUB_HIFLD_523_fwd,600.0,3.820621537079601,9.7,0,672
SUB_HIFLD_1332,SUB_HIFLD_2003,meso_SUB_HIFLD_1332_SUB_HIFLD_2003_fwd,600.0,1.849179173779944,3.306776286646263,0,672
SUB_HIFLD_1332,SUB_HIFLD_2009,meso_SUB_HIFLD_1332_SUB_HIFLD_2009_fwd,600.0,0.0,0.0,0,672
SUB_HIFLD_1332,SUB_HIFLD_2751,meso_SUB_HIFLD_1332_SUB_HIFLD_2751_fwd,600.0,0.002395256372076302,0.3730698147803233,0,672
SUB_HIFLD_1333,SUB_HIFLD_1917,meso_SUB_HIFLD_1333_SUB_HIFLD_1917_fwd,600.0,0.0,0.0,0,672
SUB_HIFLD_1333,SUB_HIFLD_2005,meso_SUB_HIFLD_1333_SUB_HIFLD_2005_fwd,600.0,14.768727889519942,24.54401178518219,0,672
SUB_HIFLD_1333,SUB_HIFLD_2009,meso_SUB_HIFLD_1333_SUB_HIFLD_2009_fwd,600.0,3.3507746961819334,8.480614003390487,0,672
SUB_HIFLD_1336,SUB_15218,meso_SUB_HIFLD_1336_SUB_15218_rev,1200.0,0.18608390014144732,19.383541556609767,0,672
SUB_HIFLD_1336,WEC_CALN,iface_SUB_HIFLD_1336_WEC_CALN_to_ba,6800.0,47.94209900234803,167.88468499176383,0,672
SUB_HIFLD_1357,SUB_15232,meso_SUB_HIFLD_1357_SUB_15232_rev,6000.0,0.0,0.0,0,672
SUB_HIFLD_1357,SUB_HIFLD_2010,meso_SUB_HIFLD_1357_SUB_HIFLD_2010_fwd,4000.0,18.140381993524702,142.16389296729787,0,672
SUB_HIFLD_1357,SUB_HIFLD_2456,meso_SUB_HIFLD_1357_SUB_HIFLD_2456_fwd,8000.0,0.0,0.0,0,672
SUB_HIFLD_1357,WEC_CALN,iface_SUB_HIFLD_1357_WEC_CALN_to_ba,200.0,0.1717437230364952,39.14701903870731,0,672
SUB_HIFLD_1360,SUB_04350,meso_SUB_HIFLD_1360_SUB_04350_rev,197.17187894974396,10.613239209206961,19.97240018235382,0,672
SUB_HIFLD_1360,WEC_BANC,iface_SUB_HIFLD_1360_WEC_BANC_to_ba,600.0,0.0,0.0,0,672
SUB_HIFLD_1395,SUB_16391,meso_SUB_HIFLD_1395_SUB_16391_rev,4000.0,23.666458962046672,50.201308795103095,0,672
SUB_HIFLD_1395,SUB_HIFLD_597,meso_SUB_HIFLD_1395_SUB_HIFLD_597_fwd,8000.0,64.8326821834032,145.2816571588101,0,672
SUB_HIFLD_1395,WEC_CALN,iface_SUB_HIFLD_1395_WEC_CALN_to_ba,3063.0,0.17671848121418113,18.053556266481436,0,672
SUB_HIFLD_1396,WEC_BANC,iface_SUB_HIFLD_1396_WEC_BANC_to_ba,600.0,0.0,0.0,0,672
SUB_HIFLD_1406,SUB_01435,meso_SUB_HIFLD_1406_SUB_01435_rev,1500.0,57.93906211416459,139.32113182074355,0,672
SUB_HIFLD_1406,SUB_16277,meso_SUB_HIFLD_1406_SUB_16277_rev,1500.0,61.70032234323608,145.04934118880055,0,672
SUB_HIFLD_1406,SUB_HIFLD_30,meso_SUB_HIFLD_1406_SUB_HIFLD_30_fwd,1500.0,7.758925156898188,97.91258162877114,0,672
SUB_HIFLD_1406,SUB_HIFLD_982,meso_SUB_HIFLD_1406_SUB_HIFLD_982_fwd,1500.0,25.072495190751333,62.86238013789847,0,672
SUB_HIFLD_1406,SUB_16247,meso_SUB_HIFLD_1406_SUB_16247_rev,3000.0,17.226804706994976,68.1144978824523,0,672
SUB_HIFLD_1418,SUB_HIFLD_2058,meso_SUB_HIFLD_1418_SUB_HIFLD_2058_fwd,1200.0,0.0,0.0,0,672
SUB_HIFLD_1418,SUB_HIFLD_2062,meso_SUB_HIFLD_1418_SUB_HIFLD_2062_fwd,600.0,0.0,0.0,0,672
SUB_HIFLD_1418,SUB_02402,meso_SUB_HIFLD_1418_SUB_02402_rev,502.7561409022589,34.50406286495248,46.101244362113405,0,672
SUB_HIFLD_1423,SUB_01222,meso_SUB_HIFLD_1423_SUB_01222_rev,3000.0,0.0,0.0,0,672
SUB_HIFLD_1423,SUB_08246,meso_SUB_HIFLD_1423_SUB_08246_rev,1500.0,0.0,0.0,0,672
SUB_HIFLD_1423,SUB_HIFLD_2117,meso_SUB_HIFLD_1423_SUB_HIFLD_2117_fwd,1500.0,0.0,0.0,0,672
SUB_HIFLD_1423,SUB_HIFLD_3161,meso_SUB_HIFLD_1423_SUB_HIFLD_3161_fwd,600.0,0.45198908914932157,2.7231193621134024,0,672
SUB_HIFLD_1423,SUB_HIFLD_3263,meso_SUB_HIFLD_1423_SUB_HIFLD_3263_fwd,1500.0,0.0259332708359701,2.7172038599387887,0,672
SUB_HIFLD_1423,SUB_HIFLD_3165,meso_SUB_HIFLD_1423_SUB_HIFLD_3165_fwd,3000.0,0.0,0.0,0,672
SUB_HIFLD_1423,SUB_HIFLD_3170,meso_SUB_HIFLD_1423_SUB_HIFLD_3170_fwd,3000.0,0.03035046493650126,0.7398266349871133,0,672
SUB_HIFLD_1432,SUB_08295,meso_SUB_HIFLD_1432_SUB_08295_rev,4500.0,12.438651556779787,115.9014255798969,0,672
SUB_HIFLD_1432,SUB_08343,meso_SUB_HIFLD_1432_SUB_08343_rev,4000.0,0.0,0.0,0,672
SUB_HIFLD_1432,SUB_08348,meso_SUB_HIFLD_1432_SUB_08348_rev,1500.0,41.20991778986839,283.9539140225047,0,672
SUB_HIFLD_1432,SUB_01223,meso_SUB_HIFLD_1432_SUB_01223_rev,4000.0,0.0,0.0,0,672
SUB_HIFLD_1432,SUB_08201,meso_SUB_HIFLD_1432_SUB_08201_rev,3000.0,94.95951460714198,240.28911645641324,0,672
SUB_HIFLD_1432,SUB_08292,meso_SUB_HIFLD_1432_SUB_08292_rev,3000.0,16.30733623621365,139.59003186031907,0,672
SUB_HIFLD_1432,SUB_08296,meso_SUB_HIFLD_1432_SUB_08296_rev,1500.0,5.882850577308083,15.702532015141756,0,672
SUB_HIFLD_1432,SUB_08324,meso_SUB_HIFLD_1432_SUB_08324_rev,3000.0,1.2659674813892168,54.13591113739078,0,672
SUB_HIFLD_1432,SUB_08339,meso_SUB_HIFLD_1432_SUB_08339_rev,1500.0,81.47537048014603,188.51850040519716,0,672
SUB_HIFLD_1432,SUB_08377,meso_SUB_HIFLD_1432_SUB_08377_rev,4000.0,0.0,0.0,0,672
SUB_HIFLD_1432,SUB_08391,meso_SUB_HIFLD_1432_SUB_08391_rev,3000.0,36.03236079169057,129.9913979467797,0,672
SUB_HIFLD_1432,SUB_HIFLD_1020,meso_SUB_HIFLD_1432_SUB_HIFLD_1020_rev,4000.0,0.0,0.0,0,672
SUB_HIFLD_1432,SUB_HIFLD_1195,meso_SUB_HIFLD_1432_SUB_HIFLD_1195_rev,45000.0,0.0,0.0,0,672
SUB_HIFLD_1432,SUB_HIFLD_30,meso_SUB_HIFLD_1432_SUB_HIFLD_30_fwd,30000.0,0.0,0.0,0,672
SUB_HIFLD_1432,WEC_CALN,iface_SUB_HIFLD_1432_WEC_CALN_to_ba,5492.0,0.0,0.0,0,672
SUB_HIFLD_1434,SUB_08318,meso_SUB_HIFLD_1434_SUB_08318_rev,1500.0,170.76800037060679,246.55,0,672
SUB_HIFLD_1434,SUB_HIFLD_2611,meso_SUB_HIFLD_1434_SUB_HIFLD_2611_fwd,1500.0,0.0,0.0,0,672
SUB_HIFLD_1442,SUB_HIFLD_859,meso_SUB_HIFLD_1442_SUB_HIFLD_859_fwd,1500.0,84.31349048430788,141.24076645579268,0,672
SUB_HIFLD_1442,SUB_HIFLD_4427,meso_SUB_HIFLD_1442_SUB_HIFLD_4427_rev,1035.0,0.004516614015247521,0.017263137188154396,0,672
SUB_HIFLD_1444,SUB_18282,meso_SUB_HIFLD_1444_SUB_18282_rev,4000.0,57.81395342207878,228.7388363202785,0,672
SUB_HIFLD_1444,SUB_18301,meso_SUB_HIFLD_1444_SUB_18301_rev,24000.0,61.035437122111524,349.87366807459216,0,672
SUB_HIFLD_1444,SUB_25261,meso_SUB_HIFLD_1444_SUB_25261_rev,45000.0,1007.5833037657745,2240.0,0,672
SUB_HIFLD_1444,SUB_25393,meso_SUB_HIFLD_1444_SUB_25393_rev,30000.0,10.419569649514747,103.99049887442186,0,672
SUB_HIFLD_1444,WEC_CALN,iface_SUB_HIFLD_1444_WEC_CALN_to_ba,254000.0,1103.4686712991936,2298.815873857511,0,672
SUB_HIFLD_1446,SUB_HIFLD_3938,meso_SUB_HIFLD_1446_SUB_HIFLD_3938_fwd,4000.0,0.0,0.0,0,672
SUB_HIFLD_1446,SUB_HIFLD_793,meso_SUB_HIFLD_1446_SUB_HIFLD_793_fwd,4000.0,0.0,0.0,0,672
SUB_HIFLD_1446,SUB_HIFLD_1487,meso_SUB_HIFLD_1446_SUB_HIFLD_1487_fwd,4000.0,0.0,0.0,0,672
SUB_HIFLD_1446,WECC_SCE,iface_SUB_HIFLD_1446_WECC_SCE_to_ba,557.8384718587145,0.0,0.0,0,672
SUB_HIFLD_1448,SUB_HIFLD_3449,meso_SUB_HIFLD_1448_SUB_HIFLD_3449_fwd,1500.0,92.73378938507658,441.91150145403424,0,672
SUB_HIFLD_1448,SUB_HIFLD_3673,meso_SUB_HIFLD_1448_SUB_HIFLD_3673_fwd,600.0,0.5095902322382149,2.2672331586301184,0,672
SUB_HIFLD_1448,SUB_HIFLD_426,meso_SUB_HIFLD_1448_SUB_HIFLD_426_fwd,1500.0,0.0,0.0,0,672
SUB_HIFLD_1448,SUB_HIFLD_865,meso_SUB_HIFLD_1448_SUB_HIFLD_865_fwd,1500.0,8.256196314614673,15.729921048829578,0,672
SUB_HIFLD_1448,SUB_HIFLD_3207,meso_SUB_HIFLD_1448_SUB_HIFLD_3207_fwd,1500.0,2.719979867636948e-05,0.004039703691052585,0,672
SUB_HIFLD_1448,SUB_HIFLD_3401,meso_SUB_HIFLD_1448_SUB_HIFLD_3401_fwd,4000.0,0.0,0.0,0,672
SUB_HIFLD_1448,SUB_HIFLD_821,meso_SUB_HIFLD_1448_SUB_HIFLD_821_fwd,1500.0,0.030383737445537056,0.9646669043809453,0,672
SUB_HIFLD_1448,SUB_HIFLD_825,meso_SUB_HIFLD_1448_SUB_HIFLD_825_fwd,1500.0,0.3552299879770058,71.95787996793226,0,672
SUB_HIFLD_1448,SUB_HIFLD_3990,meso_SUB_HIFLD_1448_SUB_HIFLD_3990_rev,50.0,0.04013933490671009,0.14365261117207637,0,672
SUB_HIFLD_1450,SUB_HIFLD_869,meso_SUB_HIFLD_1450_SUB_HIFLD_869_fwd,4000.0,171.89449791129306,815.9319620360653,0,672
SUB_HIFLD_1450,SUB_HIFLD_3605,meso_SUB_HIFLD_1450_SUB_HIFLD_3605_rev,269.54527275,0.10766183031103205,0.3256666675056379,0,672
SUB_HIFLD_1453,SUB_HIFLD_1454,meso_SUB_HIFLD_1453_SUB_HIFLD_1454_fwd,1500.0,0.0,0.0,0,672
SUB_HIFLD_1454,SUB_HIFLD_1453,meso_SUB_HIFLD_1454_SUB_HIFLD_1453_rev,1500.0,0.0,0.0,0,672
SUB_HIFLD_1454,SUB_HIFLD_1455,meso_SUB_HIFLD_1454_SUB_HIFLD_1455_fwd,1500.0,0.0,0.0,0,672
SUB_HIFLD_1454,SUB_HIFLD_2551,meso_SUB_HIFLD_1454_SUB_HIFLD_2551_fwd,1500.0,5.86236490744475,17.101212362178437,0,672
SUB_HIFLD_1455,SUB_HIFLD_1454,meso_SUB_HIFLD_1455_SUB_HIFLD_1454_rev,1500.0,5.261749037093609,16.35973421112474,0,672
SUB_HIFLD_1456,SUB_HIFLD_4418,meso_SUB_HIFLD_1456_SUB_HIFLD_4418_fwd,1500.0,0.0,0.0,0,672
SUB_HIFLD_1457,SUB_HIFLD_2551,meso_SUB_HIFLD_1457_SUB_HIFLD_2551_fwd,1500.0,0.8090328980059589,2.1525600786139063,0,672
SUB_HIFLD_1457,SUB_HIFLD_3414,meso_SUB_HIFLD_1457_SUB_HIFLD_3414_fwd,1500.0,0.0,0.0,0,672
SUB_HIFLD_1458,SUB_HIFLD_2103,meso_SUB_HIFLD_1458_SUB_HIFLD_2103_fwd,800.0,0.0,0.0,0,672
SUB_HIFLD_1461,SUB_HIFLD_3574,meso_SUB_HIFLD_1461_SUB_HIFLD_3574_fwd,1500.0,0.7682011552756857,32.400000000000006,0,672
SUB_HIFLD_1461,SUB_HIFLD_803,meso_SUB_HIFLD_1461_SUB_HIFLD_803_fwd,1500.0,13.511203544246595,32.400000000000006,0,672
SUB_HIFLD_1462,SUB_HIFLD_1465,meso_SUB_HIFLD_1462_SUB_HIFLD_1465_fwd,600.0,0.8277358865172408,2.7253285201554447,0,672
SUB_HIFLD_1462,SUB_HIFLD_3005,meso_SUB_HIFLD_1462_SUB_HIFLD_3005_fwd,600.0,0.5825756887442191,3.2,0,672
SUB_HIFLD_1463,SUB_HIFLD_1465,meso_SUB_HIFLD_1463_SUB_HIFLD_1465_fwd,600.0,0.0,0.0,0,672
SUB_HIFLD_1463,SUB_HIFLD_840,meso_SUB_HIFLD_1463_SUB_HIFLD_840_fwd,800.0,0.0028713211623474545,1.9295278210974893,0,672
SUB_HIFLD_1463,SUB_HIFLD_809,meso_SUB_HIFLD_1463_SUB_HIFLD_809_fwd,600.0,0.0,0.0,0,672
SUB_HIFLD_1464,SUB_HIFLD_840,meso_SUB_HIFLD_1464_SUB_HIFLD_840_fwd,1500.0,0.0,0.0,0,672
SUB_HIFLD_1464,SUB_HIFLD_874,meso_SUB_HIFLD_1464_SUB_HIFLD_874_fwd,1500.0,0.0,0.0,0,672
SUB_HIFLD_1465,SUB_HIFLD_1462,meso_SUB_HIFLD_1465_SUB_HIFLD_1462_rev,600.0,0.0,0.0,0,672
SUB_HIFLD_1465,SUB_HIFLD_1463,meso_SUB_HIFLD_1465_SUB_HIFLD_1463_rev,600.0,0.002960124909636551,1.9892039392757623,0,672
SUB_HIFLD_1465,SUB_HIFLD_809,meso_SUB_HIFLD_1465_SUB_HIFLD_809_fwd,600.0,2.1242778618063856,5.7060905456542965,0,672
SUB_HIFLD_1465,SUB_HIFLD_831,meso_SUB_HIFLD_1465_SUB_HIFLD_831_fwd,600.0,0.04190516174024032,5.743568664550781,0,672
SUB_HIFLD_1466,SUB_HIFLD_840,meso_SUB_HIFLD_1466_SUB_HIFLD_840_fwd,1500.0,0.5007094408464303,1.5567966680853225,0,672
SUB_HIFLD_1467,SUB_HIFLD_150,meso_SUB_HIFLD_1467_SUB_HIFLD_150_fwd,8000.0,142.370621390715,621.4297266585527,0,672
SUB_HIFLD_1467,SUB_HIFLD_808,meso_SUB_HIFLD_1467_SUB_HIFLD_808_fwd,800.0,0.0,0.0,0,672
SUB_HIFLD_1467,SUB_HIFLD_832,meso_SUB_HIFLD_1467_SUB_HIFLD_832_fwd,1500.0,48.60319973948033,324.2161416246535,0,672
SUB_HIFLD_1467,SUB_HIFLD_866,meso_SUB_HIFLD_1467_SUB_HIFLD_866_fwd,1500.0,66.07186901693397,414.5234943158125,0,672
SUB_HIFLD_1468,SUB_HIFLD_2894,meso_SUB_HIFLD_1468_SUB_HIFLD_2894_fwd,1500.0,0.0,0.0,0,672
SUB_HIFLD_1468,SUB_HIFLD_3664,meso_SUB_HIFLD_1468_SUB_HIFLD_3664_fwd,800.0,16.280070975301186,40.743161387424045,0,672
SUB_HIFLD_1468,SUB_HIFLD_4050,meso_SUB_HIFLD_1468_SUB_HIFLD_4050_fwd,800.0,6.856185349603023,33.901047809401845,0,672
SUB_HIFLD_1468,SUB_HIFLD_1013,meso_SUB_HIFLD_1468_SUB_HIFLD_1013_rev,800.0,18.61201246705611,30.785490020483856,0,672
SUB_HIFLD_1469,SUB_HIFLD_4321,meso_SUB_HIFLD_1469_SUB_HIFLD_4321_fwd,600.0,0.3154671198872469,0.6947519807332077,0,672
SUB_HIFLD_1469,SUB_HIFLD_874,meso_SUB_HIFLD_1469_SUB_HIFLD_874_fwd,1500.0,1.0891765967787708,3.0,0,672
SUB_HIFLD_1470,SUB_HIFLD_2776,meso_SUB_HIFLD_1470_SUB_HIFLD_2776_fwd,800.0,0.0,0.0,0,672
SUB_HIFLD_1470,SUB_HIFLD_822,meso_SUB_HIFLD_1470_SUB_HIFLD_822_fwd,800.0,0.07511775760429854,50.47913311008861,0,672
SUB_HIFLD_1470,SUB_HIFLD_841,meso_SUB_HIFLD_1470_SUB_HIFLD_841_fwd,1600.0,0.0,0.0,0,672
SUB_HIFLD_1471,SUB_HIFLD_813,meso_SUB_HIFLD_1471_SUB_HIFLD_813_fwd,800.0,4.748722344316716,30.04639955645284,0,672
SUB_HIFLD_1474,SUB_HIFLD_3220,meso_SUB_HIFLD_1474_SUB_HIFLD_3220_fwd,1500.0,0.028957813936086135,2.058815212551677,0,672
SUB_HIFLD_1474,SUB_HIFLD_566,meso_SUB_HIFLD_1474_SUB_HIFLD_566_fwd,1500.0,6.630197867227342,26.70519847227664,0,672
SUB_HIFLD_1474,SUB_HIFLD_1477,meso_SUB_HIFLD_1474_SUB_HIFLD_1477_fwd,1500.0,3.353440118074675,27.844750776691892,0,672
SUB_HIFLD_1474,SUB_HIFLD_1490,meso_SUB_HIFLD_1474_SUB_HIFLD_1490_fwd,3000.0,0.03506618422318435,1.929272893434434,0,672
SUB_HIFLD_1476,SUB_HIFLD_1477,meso_SUB_HIFLD_1476_SUB_HIFLD_1477_fwd,1500.0,3.306743285189897,31.40477445988427,0,672
SUB_HIFLD_1476,SUB_HIFLD_3368,meso_SUB_HIFLD_1476_SUB_HIFLD_3368_fwd,1500.0,4.183589629145551,33.02331072116837,0,672
SUB_HIFLD_1476,SUB_HIFLD_561,meso_SUB_HIFLD_1476_SUB_HIFLD_561_fwd,8000.0,5.081752388557662,33.22562775382888,0,672
SUB_HIFLD_1477,SUB_HIFLD_1476,meso_SUB_HIFLD_1477_SUB_HIFLD_1476_rev,1500.0,0.0,0.0,0,672
SUB_HIFLD_1477,SUB_HIFLD_3368,meso_SUB_HIFLD_1477_SUB_HIFLD_3368_fwd,15000.0,0.010126272410387015,6.804855059780074,0,672
SUB_HIFLD_1477,SUB_HIFLD_589,meso_SUB_HIFLD_1477_SUB_HIFLD_589_fwd,15000.0,68.69921341823168,810.3323737184505,0,672
SUB_HIFLD_1477,SUB_HIFLD_1474,meso_SUB_HIFLD_1477_SUB_HIFLD_1474_rev,1500.0,0.0,0.0,0,672
SUB_HIFLD_1477,SUB_HIFLD_561,meso_SUB_HIFLD_1477_SUB_HIFLD_561_fwd,1500.0,0.0,0.0,0,672
SUB_HIFLD_1477,WECC_SCE,iface_SUB_HIFLD_1477_WECC_SCE_to_ba,2544.0867157091466,0.0,0.0,0,672
SUB_HIFLD_1479,SUB_HIFLD_3368,meso_SUB_HIFLD_1479_SUB_HIFLD_3368_fwd,1500.0,0.0,0.0,0,672
SUB_HIFLD_1479,SUB_HIFLD_1483,meso_SUB_HIFLD_1479_SUB_HIFLD_1483_fwd,1500.0,0.0,0.0,0,672
SUB_HIFLD_1479,SUB_HIFLD_3934,meso_SUB_HIFLD_1479_SUB_HIFLD_3934_fwd,600.0,5.267813796627636,51.265968462708585,0,672
SUB_HIFLD_1479,SUB_HIFLD_552,meso_SUB_HIFLD_1479_SUB_HIFLD_552_fwd,1500.0,24.56542052537555,54.09548209205204,0,672
SUB_HIFLD_1479,SUB_HIFLD_873,meso_SUB_HIFLD_1479_SUB_HIFLD_873_fwd,1500.0,13.760400068163909,60.17860496165865,0,672
SUB_HIFLD_1480,SUB_HIFLD_2640,meso_SUB_HIFLD_1480_SUB_HIFLD_2640_fwd,1500.0,13.058057499209228,84.97102143400203,0,672
SUB_HIFLD_1480,SUB_HIFLD_2970,meso_SUB_HIFLD_1480_SUB_HIFLD_2970_fwd,4000.0,9.032070931411086,149.61585195771931,0,672
SUB_HIFLD_1480,SUB_HIFLD_3368,meso_SUB_HIFLD_1480_SUB_HIFLD_3368_fwd,1500.0,186.92317598492798,1132.2047155952164,0,672
SUB_HIFLD_1480,SUB_HIFLD_561,meso_SUB_HIFLD_1480_SUB_HIFLD_561_fwd,4000.0,110.24711480508482,1220.9189256158256,0,672
SUB_HIFLD_1480,WECC_SCE,iface_SUB_HIFLD_1480_WECC_SCE_to_ba,28000.0,6.443650221493383,218.85696208436028,0,672
SUB_HIFLD_1483,SUB_HIFLD_1479,meso_SUB_HIFLD_1483_SUB_HIFLD_1479_rev,1500.0,7.680131227613357,83.7867861119102,0,672
SUB_HIFLD_1483,SUB_HIFLD_3368,meso_SUB_HIFLD_1483_SUB_HIFLD_3368_fwd,1500.0,31.486045172052584,99.59335932503336,0,672
SUB_HIFLD_1483,SUB_HIFLD_561,meso_SUB_HIFLD_1483_SUB_HIFLD_561_fwd,1500.0,20.054934510741987,113.17601152519677,0,672
SUB_HIFLD_1483,SUB_HIFLD_566,meso_SUB_HIFLD_1483_SUB_HIFLD_566_fwd,3000.0,31.381616082680758,91.72638564085459,0,672
SUB_HIFLD_1484,SUB_HIFLD_3092,meso_SUB_HIFLD_1484_SUB_HIFLD_3092_fwd,800.0,16.881787634728056,31.58602801073212,0,672
SUB_HIFLD_1484,SUB_HIFLD_3096,meso_SUB_HIFLD_1484_SUB_HIFLD_3096_fwd,800.0,9.730581461894744,24.776276679284788,0,672
SUB_HIFLD_1484,SUB_HIFLD_3927,meso_SUB_HIFLD_1484_SUB_HIFLD_3927_fwd,600.0,2.041467082155178,3.235422036082474,0,672
SUB_HIFLD_1485,SUB_HIFLD_2970,meso_SUB_HIFLD_1485_SUB_HIFLD_2970_fwd,1500.0,0.0,0.0,0,672
SUB_HIFLD_1485,SUB_HIFLD_566,meso_SUB_HIFLD_1485_SUB_HIFLD_566_fwd,1500.0,0.0,0.0,0,672
SUB_HIFLD_1485,SUB_HIFLD_586,meso_SUB_HIFLD_1485_SUB_HIFLD_586_fwd,1500.0,11.29245645368213,79.84319143198998,0,672
SUB_HIFLD_1486,SUB_HIFLD_1044,meso_SUB_HIFLD_1486_SUB_HIFLD_1044_rev,800.0,125.485303791416,187.5991611328125,0,672
SUB_HIFLD_1486,SUB_HIFLD_581,meso_SUB_HIFLD_1486_SUB_HIFLD_581_fwd,800.0,36.636936205835056,181.35284751483834,0,672
SUB_HIFLD_1487,SUB_HIFLD_3938,meso_SUB_HIFLD_1487_SUB_HIFLD_3938_fwd,4000.0,0.0,0.0,0,672
SUB_HIFLD_1487,SUB_HIFLD_571,meso_SUB_HIFLD_1487_SUB_HIFLD_571_fwd,800.0,0.0,0.0,0,672
SUB_HIFLD_1487,SUB_HIFLD_1446,meso_SUB_HIFLD_1487_SUB_HIFLD_1446_rev,4000.0,0.0,0.0,0,672
SUB_HIFLD_1487,SUB_HIFLD_160,meso_SUB_HIFLD_1487_SUB_HIFLD_160_fwd,2500.0,0.0,0.0,0,672
SUB_HIFLD_1487,WECC_SCE,iface_SUB_HIFLD_1487_WECC_SCE_to_ba,557.8384718587145,132.7094081772488,557.8384718587145,123,672
SUB_HIFLD_1489,SUB_HIFLD_3607,meso_SUB_HIFLD_1489_SUB_HIFLD_3607_fwd,800.0,0.08991109550804455,1.9714807254751936,0,672
SUB_HIFLD_1489,SUB_HIFLD_3923,meso_SUB_HIFLD_1489_SUB_HIFLD_3923_fwd,800.0,2.0696285041110665,4.9,0,672
SUB_HIFLD_1490,SUB_HIFLD_2644,meso_SUB_HIFLD_1490_SUB_HIFLD_2644_fwd,1500.0,0.009836215700429139,3.619919859364817,0,672
SUB_HIFLD_1490,SUB_HIFLD_1474,meso_SUB_HIFLD_1490_SUB_HIFLD_1474_rev,3000.0,0.010925354342887052,3.6871428771739687,0,672
SUB_HIFLD_1490,SUB_HIFLD_3220,meso_SUB_HIFLD_1490_SUB_HIFLD_3220_fwd,1500.0,0.0,0.0,0,672
SUB_HIFLD_1490,SUB_HIFLD_3357,meso_SUB_HIFLD_1490_SUB_HIFLD_3357_fwd,1500.0,10.378986632591825,27.579676002550748,0,672
SUB_HIFLD_1491,SUB_HIFLD_3971,meso_SUB_HIFLD_1491_SUB_HIFLD_3971_fwd,1500.0,3.4817067014267273,7.9,0,672
SUB_HIFLD_1492,SUB_HIFLD_1925,meso_SUB_HIFLD_1492_SUB_HIFLD_1925_fwd,800.0,25.346897147687596,101.90396590441735,0,672
SUB_HIFLD_1492,SUB_HIFLD_2936,meso_SUB_HIFLD_1492_SUB_HIFLD_2936_fwd,800.0,13.496447102837237,57.917341172829644,0,672
SUB_HIFLD_1492,SUB_HIFLD_3160,meso_SUB_HIFLD_1492_SUB_HIFLD_3160_fwd,800.0,0.0,0.0,0,672
SUB_HIFLD_1492,SUB_HIFLD_3701,meso_SUB_HIFLD_1492_SUB_HIFLD_3701_fwd,1600.0,24.346185256665766,67.50213402103371,0,672
SUB_HIFLD_1493,SUB_HIFLD_2645,meso_SUB_HIFLD_1493_SUB_HIFLD_2645_fwd,800.0,0.0,0.0,0,672
SUB_HIFLD_1493,SUB_HIFLD_3699,meso_SUB_HIFLD_1493_SUB_HIFLD_3699_fwd,800.0,0.0,0.0,0,672
SUB_HIFLD_1493,SUB_HIFLD_3700,meso_SUB_HIFLD_1493_SUB_HIFLD_3700_fwd,800.0,0.0,0.0,0,672
SUB_HIFLD_1493,SUB_HIFLD_4197,meso_SUB_HIFLD_1493_SUB_HIFLD_4197_fwd,800.0,2.6411544035741614,14.372693500322166,0,672
SUB_HIFLD_1494,SUB_HIFLD_1960,meso_SUB_HIFLD_1494_SUB_HIFLD_1960_fwd,800.0,0.0,0.0,0,672
SUB_HIFLD_1494,SUB_HIFLD_1961,meso_SUB_HIFLD_1494_SUB_HIFLD_1961_fwd,800.0,0.0,0.0,0,672
SUB_HIFLD_1494,SUB_HIFLD_3698,meso_SUB_HIFLD_1494_SUB_HIFLD_3698_fwd,800.0,0.0,0.0,0,672
SUB_HIFLD_1495,SUB_HIFLD_569,meso_SUB_HIFLD_1495_SUB_HIFLD_569_fwd,50.0,0.0,0.0,0,672
SUB_HIFLD_1498,SUB_HIFLD_589,meso_SUB_HIFLD_1498_SUB_HIFLD_589_fwd,15000.0,2.397116536442461,104.9456327798396,0,672
SUB_HIFLD_1498,WECC_SCE,iface_SUB_HIFLD_1498_WECC_SCE_to_ba,557.8384718587145,0.0,0.0,0,672
SUB_HIFLD_1499,SUB_HIFLD_3078,meso_SUB_HIFLD_1499_SUB_HIFLD_3078_fwd,1500.0,0.0,0.0,0,672
SUB_HIFLD_1504,SUB_HIFLD_2843,meso_SUB_HIFLD_1504_SUB_HIFLD_2843_fwd,1500.0,0.0,0.0,0,672
SUB_HIFLD_1504,SUB_HIFLD_585,meso_SUB_HIFLD_1504_SUB_HIFLD_585_fwd,3000.0,13.089454307895426,29.700000000000003,0,672
SUB_HIFLD_1504,SUB_HIFLD_589,meso_SUB_HIFLD_1504_SUB_HIFLD_589_fwd,1500.0,0.0,0.0,0,672
SUB_HIFLD_1529,SUB_HIFLD_1546,meso_SUB_HIFLD_1529_SUB_HIFLD_1546_fwd,800.0,0.0,0.0,0,672
SUB_HIFLD_1529,SUB_HIFLD_3948,meso_SUB_HIFLD_1529_SUB_HIFLD_3948_fwd,800.0,0.3341931442612357,2.127477398115335,0,672
SUB_HIFLD_1529,SUB_HIFLD_4089,meso_SUB_HIFLD_1529_SUB_HIFLD_4089_fwd,800.0,0.7475013065629644,2.514290641159926,0,672
SUB_HIFLD_1529,SUB_HIFLD_4283,meso_SUB_HIFLD_1529_SUB_HIFLD_4283_fwd,800.0,1.147885599991262,2.24172614972616,0,672
SUB_HIFLD_1529,SUB_HIFLD_1713,meso_SUB_HIFLD_1529_SUB_HIFLD_1713_fwd,800.0,0.0,0.0,0,672
SUB_HIFLD_1530,SUB_HIFLD_1609,meso_SUB_HIFLD_1530_SUB_HIFLD_1609_fwd,800.0,0.0,0.0,0,672
SUB_HIFLD_1530,SUB_HIFLD_1716,meso_SUB_HIFLD_1530_SUB_HIFLD_1716_fwd,4000.0,0.0,0.0,0,672
SUB_HIFLD_1531,SUB_HIFLD_1630,meso_SUB_HIFLD_1531_SUB_HIFLD_1630_fwd,800.0,0.0,0.0,0,672
SUB_HIFLD_1531,SUB_HIFLD_2998,meso_SUB_HIFLD_1531_SUB_HIFLD_2998_fwd,800.0,0.0,0.0,0,672
SUB_HIFLD_1531,SUB_HIFLD_1257,meso_SUB_HIFLD_1531_SUB_HIFLD_1257_rev,800.0,0.0,0.0,0,672
SUB_HIFLD_1532,SUB_HIFLD_1613,meso_SUB_HIFLD_1532_SUB_HIFLD_1613_fwd,800.0,0.0,0.0,0,672
SUB_HIFLD_1532,SUB_HIFLD_1703,meso_SUB_HIFLD_1532_SUB_HIFLD_1703_fwd,800.0,0.0,0.0,0,672
SUB_HIFLD_1532,SUB_HIFLD_1597,meso_SUB_HIFLD_1532_SUB_HIFLD_1597_fwd,800.0,46.17640116871812,114.34395036705162,0,672
SUB_HIFLD_1533,SUB_HIFLD_4326,meso_SUB_HIFLD_1533_SUB_HIFLD_4326_fwd,800.0,0.0,0.0,0,672
SUB_HIFLD_1533,SUB_HIFLD_1625,meso_SUB_HIFLD_1533_SUB_HIFLD_1625_fwd,800.0,0.0,0.0,0,672
SUB_HIFLD_1533,SUB_HIFLD_1650,meso_SUB_HIFLD_1533_SUB_HIFLD_1650_fwd,800.0,0.0,0.0,0,672
SUB_HIFLD_1533,SUB_HIFLD_1683,meso_SUB_HIFLD_1533_SUB_HIFLD_1683_fwd,800.0,0.0,0.0,0,672
SUB_HIFLD_1534,SUB_HIFLD_1618,meso_SUB_HIFLD_1534_SUB_HIFLD_1618_fwd,800.0,0.0,0.0,0,672
SUB_HIFLD_1534,SUB_HIFLD_1713,meso_SUB_HIFLD_1534_SUB_HIFLD_1713_fwd,800.0,0.0,0.0,0,672
SUB_HIFLD_1534,SUB_HIFLD_3724,meso_SUB_HIFLD_1534_SUB_HIFLD_3724_fwd,800.0,5.465701680239665,9.908592961194069,0,672
SUB_HIFLD_1535,SUB_HIFLD_1639,meso_SUB_HIFLD_1535_SUB_HIFLD_1639_fwd,800.0,0.0,0.0,0,672
SUB_HIFLD_1535,SUB_HIFLD_1666,meso_SUB_HIFLD_1535_SUB_HIFLD_1666_fwd,800.0,0.0,0.0,0,672
SUB_HIFLD_1535,SUB_HIFLD_1755,meso_SUB_HIFLD_1535_SUB_HIFLD_1755_fwd,800.0,37.121371030650394,51.47404858068904,0,672
SUB_HIFLD_1535,SUB_HIFLD_2643,meso_SUB_HIFLD_1535_SUB_HIFLD_2643_fwd,800.0,0.0,0.0,0,672
SUB_HIFLD_1536,SUB_HIFLD_2983,meso_SUB_HIFLD_1536_SUB_HIFLD_2983_fwd,800.0,0.0,0.0,0,672
SUB_HIFLD_1536,SUB_HIFLD_2946,meso_SUB_HIFLD_1536_SUB_HIFLD_2946_fwd,800.0,0.0,0.0,0,672
SUB_HIFLD_1537,SUB_HIFLD_1541,meso_SUB_HIFLD_1537_SUB_HIFLD_1541_fwd,800.0,0.0,0.0,0,672
SUB_HIFLD_1537,SUB_HIFLD_1713,meso_SUB_HIFLD_1537_SUB_HIFLD_1713_fwd,800.0,0.0,0.0,0,672
SUB_HIFLD_1537,SUB_HIFLD_2827,meso_SUB_HIFLD_1537_SUB_HIFLD_2827_fwd,800.0,0.0,0.0,0,672
SUB_HIFLD_1537,SUB_HIFLD_2832,meso_SUB_HIFLD_1537_SUB_HIFLD_2832_fwd,800.0,2.4763514914018225,5.41443085161149,0,672
SUB_HIFLD_1538,SUB_25255,meso_SUB_HIFLD_1538_SUB_25255_rev,1500.0,0.11175950703742914,75.10238872915238,0,672
SUB_HIFLD_1538,SUB_HIFLD_1590,meso_SUB_HIFLD_1538_SUB_HIFLD_1590_fwd,800.0,2.1336052692084357,6.130681177512887,0,672
SUB_HIFLD_1538,SUB_HIFLD_1687,meso_SUB_HIFLD_1538_SUB_HIFLD_1687_fwd,15000.0,309.17133760223146,1222.0538666576135,0,672
SUB_HIFLD_1538,SUB_HIFLD_1701,meso_SUB_HIFLD_1538_SUB_HIFLD_1701_fwd,800.0,7.469486268711537,58.863740335051546,0,672
SUB_HIFLD_1538,SUB_HIFLD_1730,meso_SUB_HIFLD_1538_SUB_HIFLD_1730_fwd,800.0,45.911202296875175,165.55685490976225,0,672
SUB_HIFLD_1538,SUB_HIFLD_2635,meso_SUB_HIFLD_1538_SUB_HIFLD_2635_fwd,4000.0,0.0,0.0,0,672
SUB_HIFLD_1538,SUB_HIFLD_2933,meso_SUB_HIFLD_1538_SUB_HIFLD_2933_fwd,800.0,0.0,0.0,0,672
SUB_HIFLD_1538,SUB_HIFLD_2946,meso_SUB_HIFLD_1538_SUB_HIFLD_2946_fwd,15000.0,2.81504119851514,58.73761136064355,0,672
SUB_HIFLD_1538,SUB_HIFLD_3063,meso_SUB_HIFLD_1538_SUB_HIFLD_3063_fwd,15000.0,0.0,0.0,0,672
SUB_HIFLD_1538,SUB_HIFLD_4073,meso_SUB_HIFLD_1538_SUB_HIFLD_4073_fwd,800.0,0.0,0.0,0,672
SUB_HIFLD_1538,SUB_25277,meso_SUB_HIFLD_1538_SUB_25277_rev,12000.0,1.3833816274441535,64.68441897013128,0,672
SUB_HIFLD_1538,SUB_HIFLD_1643,meso_SUB_HIFLD_1538_SUB_HIFLD_1643_fwd,800.0,0.004623721158986234,3.107140618838749,0,672
SUB_HIFLD_1538,SUB_HIFLD_1671,meso_SUB_HIFLD_1538_SUB_HIFLD_1671_fwd,800.0,0.006794799351493226,0.4545825132389658,0,672
SUB_HIFLD_1538,SUB_HIFLD_1768,meso_SUB_HIFLD_1538_SUB_HIFLD_1768_fwd,45000.0,3.4469241624158284,452.1959503064374,0,672
SUB_HIFLD_1538,SUB_HIFLD_2898,meso_SUB_HIFLD_1538_SUB_HIFLD_2898_fwd,1600.0,0.0,0.0,0,672
SUB_HIFLD_1538,SUB_HIFLD_446,meso_SUB_HIFLD_1538_SUB_HIFLD_446_fwd,800.0,7.350404899316372,27.284764151178397,0,672
SUB_HIFLD_1538,WECC_SCE,iface_SUB_HIFLD_1538_WECC_SCE_to_ba,13853.392816050948,697.5880387508739,2561.880072049292,0,672
SUB_HIFLD_1539,SUB_HIFLD_1748,meso_SUB_HIFLD_1539_SUB_HIFLD_1748_fwd,4000.0,0.0,0.0,0,672
SUB_HIFLD_1539,SUB_HIFLD_1621,meso_SUB_HIFLD_1539_SUB_HIFLD_1621_fwd,4000.0,0.0,0.0,0,672
SUB_HIFLD_1539,WECC_SCE,iface_SUB_HIFLD_1539_WECC_SCE_to_ba,557.8384718587145,0.0,0.0,0,672
SUB_HIFLD_1541,SUB_HIFLD_1537,meso_SUB_HIFLD_1541_SUB_HIFLD_1537_rev,800.0,0.0,0.0,0,672
SUB_HIFLD_1541,SUB_HIFLD_3717,meso_SUB_HIFLD_1541_SUB_HIFLD_3717_fwd,800.0,4.7458302400015,10.97792465367268,0,672
SUB_HIFLD_1541,SUB_HIFLD_3719,meso_SUB_HIFLD_1541_SUB_HIFLD_3719_fwd,800.0,3.340965901722671,6.379822406572164,0,672
SUB_HIFLD_1541,SUB_HIFLD_1713,meso_SUB_HIFLD_1541_SUB_HIFLD_1713_fwd,800.0,0.0,0.0,0,672
SUB_HIFLD_1542,SUB_HIFLD_1625,meso_SUB_HIFLD_1542_SUB_HIFLD_1625_fwd,4000.0,72.5815865520126,398.0,0,672
SUB_HIFLD_1542,WECC_SCE,iface_SUB_HIFLD_1542_WECC_SCE_to_ba,11100.985589988419,156.03857139246,398.0,0,672
SUB_HIFLD_1543,SUB_HIFLD_1597,meso_SUB_HIFLD_1543_SUB_HIFLD_1597_fwd,800.0,0.0,0.0,0,672
SUB_HIFLD_1543,SUB_HIFLD_1617,meso_SUB_HIFLD_1543_SUB_HIFLD_1617_fwd,1600.0,0.0,0.0,0,672
SUB_HIFLD_1543,SUB_HIFLD_1634,meso_SUB_HIFLD_1543_SUB_HIFLD_1634_rev,50.0,0.0,0.0,0,672
SUB_HIFLD_1543,SUB_HIFLD_3753,meso_SUB_HIFLD_1543_SUB_HIFLD_3753_rev,125.51080322316216,6.680168430513767,12.939257812500001,0,672
SUB_HIFLD_1544,SUB_HIFLD_1569,meso_SUB_HIFLD_1544_SUB_HIFLD_1569_fwd,800.0,0.0,0.0,0,672
SUB_HIFLD_1544,SUB_HIFLD_1744,meso_SUB_HIFLD_1544_SUB_HIFLD_1744_fwd,800.0,0.0,0.0,0,672
SUB_HIFLD_1545,SUB_HIFLD_1561,meso_SUB_HIFLD_1545_SUB_HIFLD_1561_fwd,800.0,0.0,0.0,0,672
SUB_HIFLD_1546,SUB_HIFLD_1529,meso_SUB_HIFLD_1546_SUB_HIFLD_1529_rev,800.0,1.3982607710998425,4.802142900289949,0,672
SUB_HIFLD_1546,SUB_HIFLD_3948,meso_SUB_HIFLD_1546_SUB_HIFLD_3948_fwd,800.0,1.5382221715649718,3.7550899544942014,0,672
SUB_HIFLD_1546,SUB_HIFLD_1651,meso_SUB_HIFLD_1546_SUB_HIFLD_1651_fwd,800.0,0.060429154765787925,2.646120281383682,0,672
SUB_HIFLD_1547,SUB_HIFLD_1616,meso_SUB_HIFLD_1547_SUB_HIFLD_1616_fwd,800.0,7.496975602329412,9.218062373998631,0,672
SUB_HIFLD_1547,SUB_HIFLD_1680,meso_SUB_HIFLD_1547_SUB_HIFLD_1680_fwd,800.0,0.0,0.0,0,672
SUB_HIFLD_1547,SUB_HIFLD_2782,meso_SUB_HIFLD_1547_SUB_HIFLD_2782_fwd,8000.0,0.0,0.0,0,672
SUB_HIFLD_1547,SUB_HIFLD_331,meso_SUB_HIFLD_1547_SUB_HIFLD_331_fwd,4000.0,0.0,0.0,0,672
SUB_HIFLD_1547,SUB_HIFLD_3445,meso_SUB_HIFLD_1547_SUB_HIFLD_3445_fwd,800.0,0.0,0.0,0,672
SUB_HIFLD_1547,SUB_HIFLD_1687,meso_SUB_HIFLD_1547_SUB_HIFLD_1687_fwd,8000.0,117.66942206257242,749.9621785436588,0,672
SUB_HIFLD_1548,SUB_HIFLD_1708,meso_SUB_HIFLD_1548_SUB_HIFLD_1708_fwd,800.0,0.0,0.0,0,672
SUB_HIFLD_1548,SUB_HIFLD_2750,meso_SUB_HIFLD_1548_SUB_HIFLD_2750_fwd,800.0,0.0,0.0,0,672
SUB_HIFLD_1548,SUB_HIFLD_3178,meso_SUB_HIFLD_1548_SUB_HIFLD_3178_fwd,800.0,0.0,0.0,0,672
SUB_HIFLD_1548,SUB_HIFLD_1641,meso_SUB_HIFLD_1548_SUB_HIFLD_1641_fwd,1600.0,0.0,0.0,0,672
SUB_HIFLD_1549,SUB_HIFLD_1585,meso_SUB_HIFLD_1549_SUB_HIFLD_1585_fwd,800.0,0.0,0.0,0,672
SUB_HIFLD_1549,SUB_HIFLD_2998,meso_SUB_HIFLD_1549_SUB_HIFLD_2998_fwd,800.0,0.15874513027490725,5.034408638186383,0,672
SUB_HIFLD_1549,SUB_HIFLD_4193,meso_SUB_HIFLD_1549_SUB_HIFLD_4193_fwd,800.0,0.0,0.0,0,672
SUB_HIFLD_1550,SUB_HIFLD_1259,meso_SUB_HIFLD_1550_SUB_HIFLD_1259_rev,800.0,0.0,0.0,0,672
SUB_HIFLD_1550,SUB_HIFLD_1578,meso_SUB_HIFLD_1550_SUB_HIFLD_1578_fwd,800.0,0.0,0.0,0,672
SUB_HIFLD_1551,SUB_HIFLD_1657,meso_SUB_HIFLD_1551_SUB_HIFLD_1657_fwd,800.0,0.0,0.0,0,672
SUB_HIFLD_1551,SUB_HIFLD_3767,meso_SUB_HIFLD_1551_SUB_HIFLD_3767_fwd,800.0,60.355712687943026,101.90471166237114,0,672
SUB_HIFLD_1551,SUB_HIFLD_1587,meso_SUB_HIFLD_1551_SUB_HIFLD_1587_fwd,800.0,7.204977359063336,37.05841655927835,0,672
SUB_HIFLD_1551,SUB_HIFLD_1597,meso_SUB_HIFLD_1551_SUB_HIFLD_1597_fwd,800.0,0.0,0.0,0,672
SUB_HIFLD_1551,SUB_HIFLD_1638,meso_SUB_HIFLD_1551_SUB_HIFLD_1638_fwd,800.0,0.3753428045719892,10.067012224532883,0,672
SUB_HIFLD_1552,SUB_HIFLD_2605,meso_SUB_HIFLD_1552_SUB_HIFLD_2605_fwd,800.0,0.0,0.0,0,672
SUB_HIFLD_1552,SUB_HIFLD_1656,meso_SUB_HIFLD_1552_SUB_HIFLD_1656_fwd,800.0,0.0,0.0,0,672
SUB_HIFLD_1553,SUB_HIFLD_1559,meso_SUB_HIFLD_1553_SUB_HIFLD_1559_fwd,800.0,1.2994651045352146,2.5224609375000004,0,672
SUB_HIFLD_1553,SUB_HIFLD_1589,meso_SUB_HIFLD_1553_SUB_HIFLD_1589_fwd,800.0,0.0,0.0,0,672
SUB_HIFLD_1553,SUB_HIFLD_1945,meso_SUB_HIFLD_1553_SUB_HIFLD_1945_fwd,800.0,0.0,0.0,0,672
SUB_HIFLD_1553,SUB_HIFLD_4052,meso_SUB_HIFLD_1553_SUB_HIFLD_4052_fwd,800.0,0.0,0.0,0,672
SUB_HIFLD_1553,SUB_HIFLD_1640,meso_SUB_HIFLD_1553_SUB_HIFLD_1640_fwd,800.0,0.0,0.0,0,672
SUB_HIFLD_1554,SUB_HIFLD_1561,meso_SUB_HIFLD_1554_SUB_HIFLD_1561_fwd,800.0,0.0,0.0,0,672
SUB_HIFLD_1554,SUB_HIFLD_2554,meso_SUB_HIFLD_1554_SUB_HIFLD_2554_fwd,800.0,0.0,0.0,0,672
SUB_HIFLD_1554,SUB_HIFLD_1268,meso_SUB_HIFLD_1554_SUB_HIFLD_1268_rev,800.0,0.0,0.0,0,672
SUB_HIFLD_1555,SUB_HIFLD_3431,meso_SUB_HIFLD_1555_SUB_HIFLD_3431_fwd,800.0,0.0,0.0,0,672
SUB_HIFLD_1555,SUB_HIFLD_3716,meso_SUB_HIFLD_1555_SUB_HIFLD_3716_fwd,800.0,2.5239606258970997,5.464793915109536,0,672
SUB_HIFLD_1555,SUB_HIFLD_3717,meso_SUB_HIFLD_1555_SUB_HIFLD_3717_fwd,800.0,0.0,0.0,0,672
SUB_HIFLD_1555,SUB_HIFLD_3718,meso_SUB_HIFLD_1555_SUB_HIFLD_3718_fwd,800.0,3.2711786018262963,7.875247160921392,0,672
SUB_HIFLD_1555,SUB_HIFLD_1713,meso_SUB_HIFLD_1555_SUB_HIFLD_1713_fwd,1600.0,0.0,0.0,0,672
SUB_HIFLD_1556,SUB_HIFLD_1568,meso_SUB_HIFLD_1556_SUB_HIFLD_1568_fwd,800.0,0.0,0.0,0,672
SUB_HIFLD_1556,SUB_HIFLD_3307,meso_SUB_HIFLD_1556_SUB_HIFLD_3307_fwd,800.0,0.0,0.0,0,672
SUB_HIFLD_1556,SUB_HIFLD_3592,meso_SUB_HIFLD_1556_SUB_HIFLD_3592_fwd,800.0,0.013311883764031432,2.061855670103093,0,672
SUB_HIFLD_1557,SUB_HIFLD_4283,meso_SUB_HIFLD_1557_SUB_HIFLD_4283_fwd,800.0,0.0,0.0,0,672
SUB_HIFLD_1558,SUB_HIFLD_1560,meso_SUB_HIFLD_1558_SUB_HIFLD_1560_fwd,800.0,0.0,0.0,0,672
SUB_HIFLD_1558,SUB_HIFLD_1639,meso_SUB_HIFLD_1558_SUB_HIFLD_1639_fwd,800.0,0.0,0.0,0,672
SUB_HIFLD_1558,SUB_HIFLD_1779,meso_SUB_HIFLD_1558_SUB_HIFLD_1779_fwd,800.0,26.35082988935648,41.16757007087629,0,672
SUB_HIFLD_1558,SUB_HIFLD_2558,meso_SUB_HIFLD_1558_SUB_HIFLD_2558_fwd,800.0,0.0,0.0,0,672
SUB_HIFLD_1559,SUB_HIFLD_1553,meso_SUB_HIFLD_1559_SUB_HIFLD_1553_rev,800.0,0.0,0.0,0,672
SUB_HIFLD_1560,SUB_HIFLD_1558,meso_SUB_HIFLD_1560_SUB_HIFLD_1558_rev,800.0,0.0,0.0,0,672
SUB_HIFLD_1560,SUB_HIFLD_1626,meso_SUB_HIFLD_1560_SUB_HIFLD_1626_fwd,800.0,11.047426637060571,17.670662854381444,0,672
SUB_HIFLD_1560,SUB_HIFLD_2643,meso_SUB_HIFLD_1560_SUB_HIFLD_2643_fwd,800.0,0.0,0.0,0,672
SUB_HIFLD_1560,SUB_HIFLD_1639,meso_SUB_HIFLD_1560_SUB_HIFLD_1639_fwd,800.0,0.0,0.0,0,672
SUB_HIFLD_1561,SUB_HIFLD_1545,meso_SUB_HIFLD_1561_SUB_HIFLD_1545_rev,800.0,4.898607587182294,8.495317533827318,0,672
SUB_HIFLD_1561,SUB_HIFLD_1554,meso_SUB_HIFLD_1561_SUB_HIFLD_1554_rev,800.0,0.0,0.0,0,672
SUB_HIFLD_1561,SUB_HIFLD_1622,meso_SUB_HIFLD_1561_SUB_HIFLD_1622_fwd,800.0,0.0,0.0,0,672
SUB_HIFLD_1561,SUB_HIFLD_87,meso_SUB_HIFLD_1561_SUB_HIFLD_87_fwd,800.0,0.0,0.0,0,672
SUB_HIFLD_1561,SUB_HIFLD_1751,meso_SUB_HIFLD_1561_SUB_HIFLD_1751_rev,50.0,0.0,0.0,0,672
SUB_HIFLD_1562,SUB_HIFLD_3748,meso_SUB_HIFLD_1562_SUB_HIFLD_3748_fwd,800.0,6.2728178194824515,23.85442273170402,0,672
SUB_HIFLD_1562,SUB_HIFLD_4137,meso_SUB_HIFLD_1562_SUB_HIFLD_4137_fwd,800.0,0.0,0.0,0,672
SUB_HIFLD_1562,SUB_HIFLD_1604,meso_SUB_HIFLD_1562_SUB_HIFLD_1604_fwd,800.0,16.9170151127709,47.49387977164518,0,672
SUB_HIFLD_1562,SUB_HIFLD_1650,meso_SUB_HIFLD_1562_SUB_HIFLD_1650_fwd,1600.0,0.0,0.0,0,672
SUB_HIFLD_1563,SUB_HIFLD_4288,meso_SUB_HIFLD_1563_SUB_HIFLD_4288_fwd,800.0,10.354270418732789,30.594903125772117,0,672
SUB_HIFLD_1563,SUB_HIFLD_1704,meso_SUB_HIFLD_1563_SUB_HIFLD_1704_fwd,800.0,0.0,0.0,0,672
SUB_HIFLD_1563,SUB_HIFLD_3745,meso_SUB_HIFLD_1563_SUB_HIFLD_3745_rev,85.98319751213423,5.365403997002716,8.864246738079897,0,672
SUB_HIFLD_1564,SUB_HIFLD_1654,meso_SUB_HIFLD_1564_SUB_HIFLD_1654_fwd,800.0,0.0,0.0,0,672
SUB_HIFLD_1564,SUB_HIFLD_1625,meso_SUB_HIFLD_1564_SUB_HIFLD_1625_fwd,800.0,0.0,0.0,0,672
SUB_HIFLD_1565,SUB_HIFLD_1267,meso_SUB_HIFLD_1565_SUB_HIFLD_1267_rev,800.0,45.991258928852,101.7,0,672
SUB_HIFLD_1565,SUB_HIFLD_1620,meso_SUB_HIFLD_1565_SUB_HIFLD_1620_fwd,800.0,0.0,0.0,0,672
SUB_HIFLD_1566,SUB_HIFLD_2674,meso_SUB_HIFLD_1566_SUB_HIFLD_2674_fwd,800.0,0.0,0.0,0,672
SUB_HIFLD_1566,SUB_HIFLD_2699,meso_SUB_HIFLD_1566_SUB_HIFLD_2699_fwd,800.0,0.0,0.0,0,672
SUB_HIFLD_1566,SUB_HIFLD_4023,meso_SUB_HIFLD_1566_SUB_HIFLD_4023_fwd,800.0,0.0,0.0,0,672
SUB_HIFLD_1566,SUB_HIFLD_4166,meso_SUB_HIFLD_1566_SUB_HIFLD_4166_fwd,800.0,0.0,0.0,0,672
SUB_HIFLD_1566,SUB_HIFLD_1589,meso_SUB_HIFLD_1566_SUB_HIFLD_1589_fwd,800.0,0.0,0.0,0,672
SUB_HIFLD_1566,SUB_HIFLD_1601,meso_SUB_HIFLD_1566_SUB_HIFLD_1601_fwd,800.0,0.0,0.0,0,672
SUB_HIFLD_1566,SUB_HIFLD_1619,meso_SUB_HIFLD_1566_SUB_HIFLD_1619_fwd,800.0,0.0,0.0,0,672
SUB_HIFLD_1566,SUB_HIFLD_1640,meso_SUB_HIFLD_1566_SUB_HIFLD_1640_fwd,1600.0,0.0,0.0,0,672
SUB_HIFLD_1566,SUB_HIFLD_1691,meso_SUB_HIFLD_1566_SUB_HIFLD_1691_fwd,800.0,0.0,0.0,0,672
SUB_HIFLD_1566,SUB_HIFLD_1747,meso_SUB_HIFLD_1566_SUB_HIFLD_1747_fwd,800.0,26.039542752052576,103.03248228092782,0,672
SUB_HIFLD_1567,SUB_HIFLD_1760,meso_SUB_HIFLD_1567_SUB_HIFLD_1760_fwd,800.0,0.0,0.0,0,672
SUB_HIFLD_1567,SUB_HIFLD_3441,meso_SUB_HIFLD_1567_SUB_HIFLD_3441_fwd,800.0,0.0,0.0,0,672
SUB_HIFLD_1567,SUB_HIFLD_1633,meso_SUB_HIFLD_1567_SUB_HIFLD_1633_fwd,800.0,0.0,0.0,0,672
SUB_HIFLD_1567,SUB_HIFLD_1650,meso_SUB_HIFLD_1567_SUB_HIFLD_1650_fwd,1600.0,0.0,0.0,0,672
SUB_HIFLD_1568,SUB_HIFLD_1556,meso_SUB_HIFLD_1568_SUB_HIFLD_1556_rev,800.0,5.064382829999705,11.686127778672681,0,672
SUB_HIFLD_1568,SUB_HIFLD_1589,meso_SUB_HIFLD_1568_SUB_HIFLD_1589_fwd,4000.0,0.0,0.0,0,672
SUB_HIFLD_1568,SUB_HIFLD_1610,meso_SUB_HIFLD_1568_SUB_HIFLD_1610_fwd,800.0,29.180492003567128,59.490173969072174,0,672
SUB_HIFLD_1568,SUB_HIFLD_2675,meso_SUB_HIFLD_1568_SUB_HIFLD_2675_fwd,4000.0,0.05531487630931041,8.150055568683324,0,672
SUB_HIFLD_1568,SUB_HIFLD_2913,meso_SUB_HIFLD_1568_SUB_HIFLD_2913_fwd,800.0,0.0,0.0,0,672
SUB_HIFLD_1568,SUB_HIFLD_3319,meso_SUB_HIFLD_1568_SUB_HIFLD_3319_fwd,800.0,1.345485508974475,2.541266561291881,0,672
SUB_HIFLD_1568,SUB_HIFLD_3730,meso_SUB_HIFLD_1568_SUB_HIFLD_3730_fwd,800.0,0.0,0.0,0,672
SUB_HIFLD_1568,SUB_HIFLD_1629,meso_SUB_HIFLD_1568_SUB_HIFLD_1629_fwd,800.0,46.07475263884374,68.86557667525774,0,672
SUB_HIFLD_1568,SUB_HIFLD_1641,meso_SUB_HIFLD_1568_SUB_HIFLD_1641_fwd,1600.0,13.765224569961209,118.23200902390134,0,672
SUB_HIFLD_1568,SUB_HIFLD_1664,meso_SUB_HIFLD_1568_SUB_HIFLD_1664_fwd,8000.0,5.676425233098353,229.19540125647552,0,672
SUB_HIFLD_1568,SUB_HIFLD_1679,meso_SUB_HIFLD_1568_SUB_HIFLD_1679_fwd,4000.0,102.1300462080955,432.51397072326955,0,672
SUB_HIFLD_1568,SUB_HIFLD_1688,meso_SUB_HIFLD_1568_SUB_HIFLD_1688_fwd,800.0,75.91390894935523,151.9326472505076,0,672
SUB_HIFLD_1568,SUB_HIFLD_1691,meso_SUB_HIFLD_1568_SUB_HIFLD_1691_fwd,1600.0,30.069862715543692,55.80233166881443,0,672
SUB_HIFLD_1568,SUB_HIFLD_1696,meso_SUB_HIFLD_1568_SUB_HIFLD_1696_fwd,800.0,0.0,0.0,0,672
SUB_HIFLD_1568,SUB_HIFLD_1741,meso_SUB_HIFLD_1568_SUB_HIFLD_1741_fwd,800.0,1.3512394743569647,2.8927983549452323,0,672
SUB_HIFLD_1568,SUB_HIFLD_3209,meso_SUB_HIFLD_1568_SUB_HIFLD_3209_fwd,4000.0,0.0,0.0,0,672
SUB_HIFLD_1568,SUB_HIFLD_87,meso_SUB_HIFLD_1568_SUB_HIFLD_87_fwd,4000.0,0.0,0.0,0,672
SUB_HIFLD_1569,SUB_HIFLD_1544,meso_SUB_HIFLD_1569_SUB_HIFLD_1544_rev,800.0,0.0,0.0,0,672
SUB_HIFLD_1569,SUB_HIFLD_1774,meso_SUB_HIFLD_1569_SUB_HIFLD_1774_fwd,800.0,0.0,0.0,0,672
SUB_HIFLD_1569,SUB_HIFLD_1731,meso_SUB_HIFLD_1569_SUB_HIFLD_1731_fwd,800.0,0.0,0.0,0,672
SUB_HIFLD_1570,SUB_HIFLD_1268,meso_SUB_HIFLD_1570_SUB_HIFLD_1268_rev,800.0,27.318625346116338,27.85778566739093,0,672
SUB_HIFLD_1570,SUB_HIFLD_1728,meso_SUB_HIFLD_1570_SUB_HIFLD_1728_fwd,800.0,0.0,0.0,0,672
SUB_HIFLD_1570,SUB_HIFLD_1592,meso_SUB_HIFLD_1570_SUB_HIFLD_1592_fwd,800.0,0.0,0.0,0,672
SUB_HIFLD_1570,SUB_HIFLD_1669,meso_SUB_HIFLD_1570_SUB_HIFLD_1669_fwd,800.0,0.0,0.0,0,672
SUB_HIFLD_1571,SUB_HIFLD_3766,meso_SUB_HIFLD_1571_SUB_HIFLD_3766_fwd,800.0,7.693299271701069,11.382599065721648,0,672
SUB_HIFLD_1571,SUB_HIFLD_1726,meso_SUB_HIFLD_1571_SUB_HIFLD_1726_fwd,800.0,0.0,0.0,0,672
SUB_HIFLD_1571,SUB_HIFLD_1740,meso_SUB_HIFLD_1571_SUB_HIFLD_1740_fwd,800.0,0.0,0.0,0,672
SUB_HIFLD_1572,SUB_HIFLD_1749,meso_SUB_HIFLD_1572_SUB_HIFLD_1749_fwd,800.0,0.0,0.0,0,672
SUB_HIFLD_1572,SUB_HIFLD_1775,meso_SUB_HIFLD_1572_SUB_HIFLD_1775_fwd,800.0,0.0,0.0,0,672
SUB_HIFLD_1572,SUB_HIFLD_3775,meso_SUB_HIFLD_1572_SUB_HIFLD_3775_fwd,800.0,0.0,0.0,0,672
SUB_HIFLD_1573,SUB_HIFLD_1581,meso_SUB_HIFLD_1573_SUB_HIFLD_1581_fwd,800.0,33.24205890668627,112.57290592783507,0,672
SUB_HIFLD_1573,SUB_HIFLD_1719,meso_SUB_HIFLD_1573_SUB_HIFLD_1719_fwd,800.0,36.525758417887474,88.1957232603093,0,672
SUB_HIFLD_1573,SUB_HIFLD_3948,meso_SUB_HIFLD_1573_SUB_HIFLD_3948_fwd,800.0,0.005777101362976601,2.0365772069219727,0,672
SUB_HIFLD_1573,SUB_HIFLD_1645,meso_SUB_HIFLD_1573_SUB_HIFLD_1645_fwd,800.0,0.0,0.0,0,672
SUB_HIFLD_1573,SUB_HIFLD_1651,meso_SUB_HIFLD_1573_SUB_HIFLD_1651_fwd,800.0,0.0,0.0,0,672
SUB_HIFLD_1573,SUB_HIFLD_1713,meso_SUB_HIFLD_1573_SUB_HIFLD_1713_fwd,800.0,0.0,0.0,0,672
SUB_HIFLD_1574,SUB_HIFLD_1943,meso_SUB_HIFLD_1574_SUB_HIFLD_1943_fwd,800.0,0.0,0.0,0,672
SUB_HIFLD_1574,SUB_HIFLD_2819,meso_SUB_HIFLD_1574_SUB_HIFLD_2819_fwd,800.0,0.0,0.0,0,672
SUB_HIFLD_1574,SUB_HIFLD_87,meso_SUB_HIFLD_1574_SUB_HIFLD_87_fwd,800.0,0.0,0.0,0,672
SUB_HIFLD_1574,SUB_HIFLD_1575,meso_SUB_HIFLD_1574_SUB_HIFLD_1575_fwd,800.0,0.0,0.0,0,672
SUB_HIFLD_1574,SUB_HIFLD_1642,meso_SUB_HIFLD_1574_SUB_HIFLD_1642_fwd,800.0,0.07012522813475881,0.2063858818762081,0,672
SUB_HIFLD_1575,SUB_HIFLD_2819,meso_SUB_HIFLD_1575_SUB_HIFLD_2819_fwd,800.0,0.0,0.0,0,672
SUB_HIFLD_1575,SUB_HIFLD_1574,meso_SUB_HIFLD_1575_SUB_HIFLD_1574_rev,800.0,0.03353615194956226,0.21276895038784344,0,672
SUB_HIFLD_1575,SUB_HIFLD_1589,meso_SUB_HIFLD_1575_SUB_HIFLD_1589_fwd,800.0,0.47941506119602567,3.662924313456164,0,672
SUB_HIFLD_1575,SUB_HIFLD_1622,meso_SUB_HIFLD_1575_SUB_HIFLD_1622_fwd,800.0,0.6597932181795744,3.6386986235523535,0,672
SUB_HIFLD_1575,SUB_HIFLD_87,meso_SUB_HIFLD_1575_SUB_HIFLD_87_fwd,800.0,0.0,0.0,0,672
SUB_HIFLD_1576,SUB_HIFLD_3769,meso_SUB_HIFLD_1576_SUB_HIFLD_3769_fwd,800.0,0.0,0.0,0,672
SUB_HIFLD_1576,SUB_HIFLD_4139,meso_SUB_HIFLD_1576_SUB_HIFLD_4139_fwd,800.0,0.0,0.0,0,672
SUB_HIFLD_1576,SUB_HIFLD_1660,meso_SUB_HIFLD_1576_SUB_HIFLD_1660_fwd,800.0,0.0,0.0,0,672
SUB_HIFLD_1576,SUB_HIFLD_1723,meso_SUB_HIFLD_1576_SUB_HIFLD_1723_fwd,800.0,0.0,0.0,0,672
SUB_HIFLD_1576,SUB_HIFLD_1725,meso_SUB_HIFLD_1576_SUB_HIFLD_1725_fwd,800.0,0.5033259051454173,4.216926244362114,0,672
SUB_HIFLD_1578,SUB_HIFLD_1550,meso_SUB_HIFLD_1578_SUB_HIFLD_1550_rev,800.0,0.0,0.0,0,672
SUB_HIFLD_1578,SUB_HIFLD_1700,meso_SUB_HIFLD_1578_SUB_HIFLD_1700_fwd,800.0,0.0,0.0,0,672
SUB_HIFLD_1578,SUB_HIFLD_3178,meso_SUB_HIFLD_1578_SUB_HIFLD_3178_fwd,800.0,0.0,0.0,0,672
SUB_HIFLD_1578,SUB_HIFLD_1641,meso_SUB_HIFLD_1578_SUB_HIFLD_1641_fwd,800.0,0.0,0.0,0,672
SUB_HIFLD_1579,SUB_HIFLD_1712,meso_SUB_HIFLD_1579_SUB_HIFLD_1712_fwd,800.0,0.0,0.0,0,672
SUB_HIFLD_1580,SUB_HIFLD_2997,meso_SUB_HIFLD_1580_SUB_HIFLD_2997_fwd,800.0,0.0,0.0,0,672
SUB_HIFLD_1580,SUB_HIFLD_3731,meso_SUB_HIFLD_1580_SUB_HIFLD_3731_fwd,800.0,0.006773100802871488,4.55152373952964,0,672
SUB_HIFLD_1580,SUB_HIFLD_1589,meso_SUB_HIFLD_1580_SUB_HIFLD_1589_fwd,800.0,0.0,0.0,0,672
SUB_HIFLD_1581,SUB_HIFLD_1573,meso_SUB_HIFLD_1581_SUB_HIFLD_1573_rev,800.0,0.0,0.0,0,672
SUB_HIFLD_1581,SUB_HIFLD_1645,meso_SUB_HIFLD_1581_SUB_HIFLD_1645_fwd,800.0,0.0,0.0,0,672
SUB_HIFLD_1581,SUB_HIFLD_1663,meso_SUB_HIFLD_1581_SUB_HIFLD_1663_fwd,800.0,0.0,0.0,0,672
SUB_HIFLD_1581,SUB_HIFLD_4437,meso_SUB_HIFLD_1581_SUB_HIFLD_4437_fwd,800.0,0.0,0.0,0,672
SUB_HIFLD_1581,SUB_HIFLD_1257,meso_SUB_HIFLD_1581_SUB_HIFLD_1257_rev,800.0,0.0,0.0,0,672
SUB_HIFLD_1581,SUB_HIFLD_1719,meso_SUB_HIFLD_1581_SUB_HIFLD_1719_fwd,800.0,0.0,0.0,0,672
SUB_HIFLD_1582,SUB_HIFLD_2902,meso_SUB_HIFLD_1582_SUB_HIFLD_2902_fwd,800.0,0.0,0.0,0,672
SUB_HIFLD_1583,SUB_HIFLD_1659,meso_SUB_HIFLD_1583_SUB_HIFLD_1659_fwd,800.0,0.0,0.0,0,672
SUB_HIFLD_1583,SUB_HIFLD_1746,meso_SUB_HIFLD_1583_SUB_HIFLD_1746_fwd,800.0,10.311468069893973,14.982619201030928,0,672
SUB_HIFLD_1583,SUB_HIFLD_1763,meso_SUB_HIFLD_1583_SUB_HIFLD_1763_fwd,800.0,55.04571110121924,100.71672841494845,0,672
SUB_HIFLD_1583,SUB_HIFLD_4328,meso_SUB_HIFLD_1583_SUB_HIFLD_4328_fwd,800.0,0.0,0.0,0,672
SUB_HIFLD_1583,SUB_HIFLD_1646,meso_SUB_HIFLD_1583_SUB_HIFLD_1646_fwd,800.0,0.0,0.0,0,672
SUB_HIFLD_1583,SUB_HIFLD_3017,meso_SUB_HIFLD_1583_SUB_HIFLD_3017_rev,50.0,0.0,0.0,0,672
SUB_HIFLD_1584,SUB_HIFLD_1661,meso_SUB_HIFLD_1584_SUB_HIFLD_1661_fwd,800.0,24.04709488621724,37.366918122774734,0,672
SUB_HIFLD_1584,SUB_HIFLD_1685,meso_SUB_HIFLD_1584_SUB_HIFLD_1685_fwd,800.0,0.0,0.0,0,672
SUB_HIFLD_1584,SUB_HIFLD_3780,meso_SUB_HIFLD_1584_SUB_HIFLD_3780_fwd,800.0,5.785869375911483,10.19888450386598,0,672
SUB_HIFLD_1584,SUB_HIFLD_1639,meso_SUB_HIFLD_1584_SUB_HIFLD_1639_fwd,800.0,0.0,0.0,0,672
SUB_HIFLD_1584,SUB_HIFLD_1770,meso_SUB_HIFLD_1584_SUB_HIFLD_1770_fwd,800.0,0.0,0.0,0,672
SUB_HIFLD_1585,SUB_HIFLD_1549,meso_SUB_HIFLD_1585_SUB_HIFLD_1549_rev,800.0,9.95034697682018,33.17933513208762,0,672
SUB_HIFLD_1585,SUB_HIFLD_2998,meso_SUB_HIFLD_1585_SUB_HIFLD_2998_fwd,800.0,0.0,0.0,0,672
SUB_HIFLD_1585,SUB_HIFLD_1635,meso_SUB_HIFLD_1585_SUB_HIFLD_1635_fwd,800.0,0.0,0.0,0,672
SUB_HIFLD_1586,SUB_HIFLD_3294,meso_SUB_HIFLD_1586_SUB_HIFLD_3294_fwd,800.0,0.0,0.0,0,672
SUB_HIFLD_1586,SUB_HIFLD_4372,meso_SUB_HIFLD_1586_SUB_HIFLD_4372_fwd,800.0,0.0,0.0,0,672
SUB_HIFLD_1586,SUB_HIFLD_1641,meso_SUB_HIFLD_1586_SUB_HIFLD_1641_fwd,800.0,0.0,0.0,0,672
SUB_HIFLD_1587,SUB_HIFLD_2883,meso_SUB_HIFLD_1587_SUB_HIFLD_2883_fwd,800.0,0.7534468853671572,6.666099043821907,0,672
SUB_HIFLD_1587,SUB_HIFLD_3770,meso_SUB_HIFLD_1587_SUB_HIFLD_3770_fwd,800.0,0.0,0.0,0,672
SUB_HIFLD_1587,SUB_HIFLD_1551,meso_SUB_HIFLD_1587_SUB_HIFLD_1551_rev,800.0,0.0,0.0,0,672
SUB_HIFLD_1587,SUB_HIFLD_1638,meso_SUB_HIFLD_1587_SUB_HIFLD_1638_fwd,800.0,0.0,0.0,0,672
SUB_HIFLD_1587,SUB_HIFLD_1725,meso_SUB_HIFLD_1587_SUB_HIFLD_1725_fwd,800.0,2.180611335359334,4.554306439271907,0,672
SUB_HIFLD_1589,SUB_HIFLD_1553,meso_SUB_HIFLD_1589_SUB_HIFLD_1553_rev,800.0,30.63455222286265,61.205891539599726,0,672
SUB_HIFLD_1589,SUB_HIFLD_1568,meso_SUB_HIFLD_1589_SUB_HIFLD_1568_rev,4000.0,0.0,0.0,0,672
SUB_HIFLD_1589,SUB_HIFLD_1650,meso_SUB_HIFLD_1589_SUB_HIFLD_1650_fwd,4000.0,0.0,0.0,0,672
SUB_HIFLD_1589,SUB_HIFLD_1945,meso_SUB_HIFLD_1589_SUB_HIFLD_1945_fwd,4000.0,23.469743240990482,127.13141182976406,0,672
SUB_HIFLD_1589,SUB_HIFLD_2997,meso_SUB_HIFLD_1589_SUB_HIFLD_2997_fwd,800.0,0.0,0.0,0,672
SUB_HIFLD_1589,SUB_HIFLD_3751,meso_SUB_HIFLD_1589_SUB_HIFLD_3751_fwd,800.0,6.943123623357684,15.038668810592752,0,672
SUB_HIFLD_1589,SUB_HIFLD_87,meso_SUB_HIFLD_1589_SUB_HIFLD_87_fwd,4000.0,0.0,0.0,0,672
SUB_HIFLD_1589,SUB_HIFLD_1566,meso_SUB_HIFLD_1589_SUB_HIFLD_1566_rev,800.0,53.54353289055494,154.12428102415242,0,672
SUB_HIFLD_1589,SUB_HIFLD_1575,meso_SUB_HIFLD_1589_SUB_HIFLD_1575_rev,800.0,0.0,0.0,0,672
SUB_HIFLD_1589,SUB_HIFLD_1580,meso_SUB_HIFLD_1589_SUB_HIFLD_1580_rev,800.0,27.993756721222088,54.07145618556701,0,672
SUB_HIFLD_1589,SUB_HIFLD_1601,meso_SUB_HIFLD_1589_SUB_HIFLD_1601_fwd,800.0,47.71105267660981,92.56084239816725,0,672
SUB_HIFLD_1589,SUB_HIFLD_1619,meso_SUB_HIFLD_1589_SUB_HIFLD_1619_fwd,800.0,19.601699339202302,34.9716937822165,0,672
SUB_HIFLD_1589,SUB_HIFLD_1625,meso_SUB_HIFLD_1589_SUB_HIFLD_1625_fwd,4000.0,0.0,0.0,0,672
SUB_HIFLD_1589,SUB_HIFLD_1640,meso_SUB_HIFLD_1589_SUB_HIFLD_1640_fwd,800.0,15.30935581579469,26.76729394661874,0,672
SUB_HIFLD_1589,SUB_HIFLD_1641,meso_SUB_HIFLD_1589_SUB_HIFLD_1641_fwd,8000.0,9.342670503849908,109.5928820312472,0,672
SUB_HIFLD_1589,SUB_HIFLD_1642,meso_SUB_HIFLD_1589_SUB_HIFLD_1642_fwd,800.0,0.06113273189730023,0.2175583672277706,0,672
SUB_HIFLD_1589,SUB_HIFLD_1656,meso_SUB_HIFLD_1589_SUB_HIFLD_1656_fwd,2400.0,4.527943065702717,7.541275936146576,0,672
SUB_HIFLD_1589,SUB_HIFLD_1734,meso_SUB_HIFLD_1589_SUB_HIFLD_1734_fwd,800.0,16.34447168004706,32.0586662371134,0,672
SUB_HIFLD_1589,SUB_HIFLD_1926,meso_SUB_HIFLD_1589_SUB_HIFLD_1926_fwd,8000.0,0.0,0.0,0,672
SUB_HIFLD_1589,SUB_HIFLD_1943,meso_SUB_HIFLD_1589_SUB_HIFLD_1943_fwd,800.0,0.0,0.0,0,672
SUB_HIFLD_1589,SUB_HIFLD_4052,meso_SUB_HIFLD_1589_SUB_HIFLD_4052_fwd,800.0,0.0,0.0,0,672
SUB_HIFLD_1590,SUB_HIFLD_1538,meso_SUB_HIFLD_1590_SUB_HIFLD_1538_rev,800.0,42.45618016955531,144.39142558389685,0,672
SUB_HIFLD_1590,SUB_HIFLD_2898,meso_SUB_HIFLD_1590_SUB_HIFLD_2898_fwd,800.0,0.0,0.0,0,672
SUB_HIFLD_1590,SUB_HIFLD_446,meso_SUB_HIFLD_1590_SUB_HIFLD_446_fwd,800.0,5.605320182302403,26.806402264880454,0,672
SUB_HIFLD_1591,SUB_HIFLD_2852,meso_SUB_HIFLD_1591_SUB_HIFLD_2852_fwd,800.0,0.0,0.0,0,672
SUB_HIFLD_1592,SUB_HIFLD_1268,meso_SUB_HIFLD_1592_SUB_HIFLD_1268_rev,800.0,0.0,0.0,0,672
SUB_HIFLD_1592,SUB_HIFLD_1570,meso_SUB_HIFLD_1592_SUB_HIFLD_1570_rev,800.0,0.0,0.0,0,672
SUB_HIFLD_1593,SUB_HIFLD_1766,meso_SUB_HIFLD_1593_SUB_HIFLD_1766_fwd,800.0,0.31835148250798634,24.264309354740142,0,672
SUB_HIFLD_1593,SUB_HIFLD_4214,meso_SUB_HIFLD_1593_SUB_HIFLD_4214_fwd,800.0,0.0,0.0,0,672
SUB_HIFLD_1593,SUB_HIFLD_1599,meso_SUB_HIFLD_1593_SUB_HIFLD_1599_fwd,800.0,0.0,0.0,0,672
SUB_HIFLD_1593,SUB_HIFLD_1639,meso_SUB_HIFLD_1593_SUB_HIFLD_1639_fwd,1600.0,0.0,0.0,0,672
SUB_HIFLD_1594,SUB_HIFLD_3441,meso_SUB_HIFLD_1594_SUB_HIFLD_3441_fwd,800.0,0.0,0.0,0,672
SUB_HIFLD_1595,SUB_HIFLD_1758,meso_SUB_HIFLD_1595_SUB_HIFLD_1758_fwd,800.0,0.0,0.0,0,672
SUB_HIFLD_1595,SUB_HIFLD_4296,meso_SUB_HIFLD_1595_SUB_HIFLD_4296_fwd,800.0,0.0,0.0,0,672
SUB_HIFLD_1596,SUB_HIFLD_2668,meso_SUB_HIFLD_1596_SUB_HIFLD_2668_fwd,800.0,0.0,0.0,0,672
SUB_HIFLD_1596,SUB_HIFLD_1629,meso_SUB_HIFLD_1596_SUB_HIFLD_1629_fwd,800.0,0.0,0.0,0,672
SUB_HIFLD_1597,SUB_HIFLD_1543,meso_SUB_HIFLD_1597_SUB_HIFLD_1543_rev,800.0,0.8051089159583944,59.9478708052131,0,672
SUB_HIFLD_1597,SUB_HIFLD_1617,meso_SUB_HIFLD_1597_SUB_HIFLD_1617_fwd,4000.0,0.0,0.0,0,672
SUB_HIFLD_1597,SUB_HIFLD_3183,meso_SUB_HIFLD_1597_SUB_HIFLD_3183_fwd,4000.0,1.6068015150722712,24.357497325325152,0,672
SUB_HIFLD_1597,SUB_HIFLD_1532,meso_SUB_HIFLD_1597_SUB_HIFLD_1532_rev,800.0,0.0,0.0,0,672
SUB_HIFLD_1597,SUB_HIFLD_1551,meso_SUB_HIFLD_1597_SUB_HIFLD_1551_rev,800.0,57.0320139942487,145.2782385244825,0,672
SUB_HIFLD_1597,SUB_HIFLD_1657,meso_SUB_HIFLD_1597_SUB_HIFLD_1657_fwd,800.0,60.520680790542656,111.67823846053507,0,672
SUB_HIFLD_1597,SUB_HIFLD_1664,meso_SUB_HIFLD_1597_SUB_HIFLD_1664_fwd,4000.0,0.0,0.0,0,672
SUB_HIFLD_1597,SUB_HIFLD_1687,meso_SUB_HIFLD_1597_SUB_HIFLD_1687_fwd,4000.0,0.0,0.0,0,672
SUB_HIFLD_1597,SUB_HIFLD_1769,meso_SUB_HIFLD_1597_SUB_HIFLD_1769_fwd,1600.0,1.5061840491956524,97.6854775113405,0,672
SUB_HIFLD_1598,SUB_HIFLD_1615,meso_SUB_HIFLD_1598_SUB_HIFLD_1615_fwd,4000.0,0.08865241086769761,13.633142719072167,0,672
SUB_HIFLD_1598,SUB_HIFLD_1617,meso_SUB_HIFLD_1598_SUB_HIFLD_1617_fwd,4000.0,0.0,0.0,0,672
SUB_HIFLD_1598,SUB_HIFLD_1664,meso_SUB_HIFLD_1598_SUB_HIFLD_1664_fwd,4000.0,0.0,0.0,0,672
SUB_HIFLD_1598,SUB_HIFLD_1705,meso_SUB_HIFLD_1598_SUB_HIFLD_1705_fwd,800.0,14.77238301750137,45.76832867643597,0,672
SUB_HIFLD_1598,SUB_HIFLD_1768,meso_SUB_HIFLD_1598_SUB_HIFLD_1768_fwd,4000.0,0.0,0.0,0,672
SUB_HIFLD_1598,SUB_HIFLD_3210,meso_SUB_HIFLD_1598_SUB_HIFLD_3210_rev,322.63425078460864,17.195987811905532,33.26126369201031,0,672
SUB_HIFLD_1599,SUB_HIFLD_1603,meso_SUB_HIFLD_1599_SUB_HIFLD_1603_fwd,800.0,30.66651599342822,45.12017557989691,0,672
SUB_HIFLD_1599,SUB_HIFLD_1639,meso_SUB_HIFLD_1599_SUB_HIFLD_1639_fwd,4000.0,6.062849235725163,242.33925812086778,0,672
SUB_HIFLD_1599,SUB_HIFLD_1711,meso_SUB_HIFLD_1599_SUB_HIFLD_1711_fwd,800.0,0.0,0.0,0,672
SUB_HIFLD_1599,SUB_HIFLD_1737,meso_SUB_HIFLD_1599_SUB_HIFLD_1737_fwd,800.0,0.0,0.0,0,672
SUB_HIFLD_1599,SUB_HIFLD_3024,meso_SUB_HIFLD_1599_SUB_HIFLD_3024_fwd,4000.0,0.0,0.0,0,672
SUB_HIFLD_1599,SUB_HIFLD_3781,meso_SUB_HIFLD_1599_SUB_HIFLD_3781_fwd,4000.0,0.0,0.0,0,672
SUB_HIFLD_1599,SUB_HIFLD_1261,meso_SUB_HIFLD_1599_SUB_HIFLD_1261_rev,4000.0,0.0,0.0,0,672
SUB_HIFLD_1599,SUB_HIFLD_1593,meso_SUB_HIFLD_1599_SUB_HIFLD_1593_rev,800.0,11.32302565922055,47.59877051712902,0,672
SUB_HIFLD_1599,SUB_HIFLD_1609,meso_SUB_HIFLD_1599_SUB_HIFLD_1609_fwd,800.0,0.0,0.0,0,672
SUB_HIFLD_1599,SUB_HIFLD_1627,meso_SUB_HIFLD_1599_SUB_HIFLD_1627_fwd,800.0,0.0,0.0,0,672
SUB_HIFLD_1599,SUB_HIFLD_1631,meso_SUB_HIFLD_1599_SUB_HIFLD_1631_fwd,800.0,15.278220166303273,22.990965286726805,0,672
SUB_HIFLD_1599,SUB_HIFLD_1638,meso_SUB_HIFLD_1599_SUB_HIFLD_1638_fwd,4000.0,38.077333105791425,165.29420146709774,0,672
SUB_HIFLD_1599,SUB_HIFLD_1648,meso_SUB_HIFLD_1599_SUB_HIFLD_1648_fwd,800.0,33.664047837343574,52.40778028350516,0,672
SUB_HIFLD_1599,SUB_HIFLD_1775,meso_SUB_HIFLD_1599_SUB_HIFLD_1775_fwd,4000.0,0.0,0.0,0,672
SUB_HIFLD_1599,SUB_HIFLD_1778,meso_SUB_HIFLD_1599_SUB_HIFLD_1778_fwd,800.0,7.64194809354686,19.902738402061857,0,672
SUB_HIFLD_1600,SUB_HIFLD_1606,meso_SUB_HIFLD_1600_SUB_HIFLD_1606_fwd,800.0,0.0,0.0,0,672
SUB_HIFLD_1600,SUB_HIFLD_1687,meso_SUB_HIFLD_1600_SUB_HIFLD_1687_fwd,800.0,0.0,0.0,0,672
SUB_HIFLD_1600,SUB_HIFLD_1692,meso_SUB_HIFLD_1600_SUB_HIFLD_1692_fwd,800.0,0.0,0.0,0,672
SUB_HIFLD_1600,SUB_HIFLD_1724,meso_SUB_HIFLD_1600_SUB_HIFLD_1724_fwd,800.0,0.0,0.0,0,672
SUB_HIFLD_1601,SUB_HIFLD_2590,meso_SUB_HIFLD_1601_SUB_HIFLD_2590_fwd,800.0,6.634842405137784,12.643085306455257,0,672
SUB_HIFLD_1601,SUB_HIFLD_2997,meso_SUB_HIFLD_1601_SUB_HIFLD_2997_fwd,800.0,0.0,0.0,0,672
SUB_HIFLD_1601,SUB_HIFLD_1566,meso_SUB_HIFLD_1601_SUB_HIFLD_1566_rev,800.0,0.0,0.0,0,672
SUB_HIFLD_1601,SUB_HIFLD_1589,meso_SUB_HIFLD_1601_SUB_HIFLD_1589_rev,800.0,0.0,0.0,0,672
SUB_HIFLD_1602,SUB_HIFLD_3178,meso_SUB_HIFLD_1602_SUB_HIFLD_3178_fwd,800.0,0.0,0.0,0,672
SUB_HIFLD_1602,SUB_HIFLD_4027,meso_SUB_HIFLD_1602_SUB_HIFLD_4027_fwd,800.0,0.0,0.0,0,672
SUB_HIFLD_1602,SUB_HIFLD_1641,meso_SUB_HIFLD_1602_SUB_HIFLD_1641_fwd,800.0,0.0,0.0,0,672
SUB_HIFLD_1603,SUB_HIFLD_1599,meso_SUB_HIFLD_1603_SUB_HIFLD_1599_rev,800.0,0.0,0.0,0,672
SUB_HIFLD_1603,SUB_HIFLD_4154,meso_SUB_HIFLD_1603_SUB_HIFLD_4154_fwd,800.0,0.0,0.0,0,672
SUB_HIFLD_1603,SUB_HIFLD_1648,meso_SUB_HIFLD_1603_SUB_HIFLD_1648_fwd,800.0,0.0,0.0,0,672
SUB_HIFLD_1604,SUB_HIFLD_3747,meso_SUB_HIFLD_1604_SUB_HIFLD_3747_fwd,800.0,17.874226447224828,30.709822022308085,0,672
SUB_HIFLD_1604,SUB_HIFLD_4288,meso_SUB_HIFLD_1604_SUB_HIFLD_4288_fwd,800.0,0.3146822902435664,11.805975158217864,0,672
SUB_HIFLD_1604,SUB_HIFLD_1562,meso_SUB_HIFLD_1604_SUB_HIFLD_1562_rev,800.0,0.0,0.0,0,672
SUB_HIFLD_1604,SUB_HIFLD_3743,meso_SUB_HIFLD_1604_SUB_HIFLD_3743_fwd,800.0,0.0,0.0,0,672
SUB_HIFLD_1605,SUB_HIFLD_1625,meso_SUB_HIFLD_1605_SUB_HIFLD_1625_fwd,800.0,0.0,0.0,0,672
SUB_HIFLD_1605,SUB_HIFLD_1772,meso_SUB_HIFLD_1605_SUB_HIFLD_1772_fwd,800.0,0.0,0.0,0,672
SUB_HIFLD_1605,SUB_HIFLD_3764,meso_SUB_HIFLD_1605_SUB_HIFLD_3764_fwd,800.0,0.0,0.0,0,672
SUB_HIFLD_1606,SUB_HIFLD_1600,meso_SUB_HIFLD_1606_SUB_HIFLD_1600_rev,800.0,0.0,0.0,0,672
SUB_HIFLD_1607,SUB_HIFLD_1649,meso_SUB_HIFLD_1607_SUB_HIFLD_1649_fwd,800.0,0.0,0.0,0,672
SUB_HIFLD_1607,SUB_HIFLD_1704,meso_SUB_HIFLD_1607_SUB_HIFLD_1704_fwd,800.0,0.0,0.0,0,672
SUB_HIFLD_1607,SUB_HIFLD_1765,meso_SUB_HIFLD_1607_SUB_HIFLD_1765_fwd,800.0,0.0,0.0,0,672
SUB_HIFLD_1609,SUB_HIFLD_1530,meso_SUB_HIFLD_1609_SUB_HIFLD_1530_rev,800.0,0.0,0.0,0,672
SUB_HIFLD_1609,SUB_HIFLD_1711,meso_SUB_HIFLD_1609_SUB_HIFLD_1711_fwd,800.0,0.0,0.0,0,672
SUB_HIFLD_1609,SUB_HIFLD_1599,meso_SUB_HIFLD_1609_SUB_HIFLD_1599_rev,800.0,0.0,0.0,0,672
SUB_HIFLD_1609,SUB_HIFLD_1775,meso_SUB_HIFLD_1609_SUB_HIFLD_1775_fwd,800.0,0.0,0.0,0,672
SUB_HIFLD_1610,SUB_HIFLD_1568,meso_SUB_HIFLD_1610_SUB_HIFLD_1568_rev,800.0,0.0,0.0,0,672
SUB_HIFLD_1610,SUB_HIFLD_1662,meso_SUB_HIFLD_1610_SUB_HIFLD_1662_fwd,800.0,6.438441900254231,13.58568580863402,0,672
SUB_HIFLD_1610,SUB_HIFLD_1738,meso_SUB_HIFLD_1610_SUB_HIFLD_1738_fwd,800.0,0.0,0.0,0,672
SUB_HIFLD_1610,SUB_HIFLD_1741,meso_SUB_HIFLD_1610_SUB_HIFLD_1741_fwd,800.0,0.0,0.0,0,672
SUB_HIFLD_1610,SUB_HIFLD_1641,meso_SUB_HIFLD_1610_SUB_HIFLD_1641_fwd,800.0,0.0,0.0,0,672
SUB_HIFLD_1611,SUB_HIFLD_1612,meso_SUB_HIFLD_1611_SUB_HIFLD_1612_fwd,800.0,0.0,0.0,0,672
SUB_HIFLD_1611,SUB_HIFLD_806,meso_SUB_HIFLD_1611_SUB_HIFLD_806_fwd,800.0,0.0,0.0,0,672
SUB_HIFLD_1612,SUB_HIFLD_1611,meso_SUB_HIFLD_1612_SUB_HIFLD_1611_rev,800.0,4.3347378112313555,7.589137504027062,0,672
SUB_HIFLD_1612,SUB_HIFLD_1732,meso_SUB_HIFLD_1612_SUB_HIFLD_1732_fwd,800.0,0.2662376752806286,41.23711340206186,0,672
SUB_HIFLD_1612,SUB_HIFLD_1759,meso_SUB_HIFLD_1612_SUB_HIFLD_1759_fwd,800.0,0.0,0.0,0,672
SUB_HIFLD_1612,SUB_HIFLD_2695,meso_SUB_HIFLD_1612_SUB_HIFLD_2695_fwd,800.0,0.0,0.0,0,672
SUB_HIFLD_1612,SUB_HIFLD_2825,meso_SUB_HIFLD_1612_SUB_HIFLD_2825_fwd,800.0,43.68391106524217,98.58286410950637,0,672
SUB_HIFLD_1612,SUB_HIFLD_1256,meso_SUB_HIFLD_1612_SUB_HIFLD_1256_rev,800.0,26.82900202702156,56.97532647255784,0,672
SUB_HIFLD_1612,SUB_HIFLD_811,meso_SUB_HIFLD_1612_SUB_HIFLD_811_fwd,800.0,0.0,0.0,0,672
SUB_HIFLD_1612,SUB_HIFLD_848,meso_SUB_HIFLD_1612_SUB_HIFLD_848_fwd,800.0,37.64260501103128,81.83464884020619,0,672
SUB_HIFLD_1613,SUB_HIFLD_1532,meso_SUB_HIFLD_1613_SUB_HIFLD_1532_rev,800.0,115.28729372009018,208.410105082012,0,672
SUB_HIFLD_1613,SUB_HIFLD_3725,meso_SUB_HIFLD_1613_SUB_HIFLD_3725_fwd,800.0,6.943306242653009,13.398891551224226,0,672
SUB_HIFLD_1613,SUB_HIFLD_3762,meso_SUB_HIFLD_1613_SUB_HIFLD_3762_fwd,800.0,4.757453824852741,9.121384373090258,0,672
SUB_HIFLD_1613,SUB_HIFLD_1703,meso_SUB_HIFLD_1613_SUB_HIFLD_1703_fwd,800.0,8.745953712011493,55.31777103777074,0,672
SUB_HIFLD_1614,SUB_HIFLD_1729,meso_SUB_HIFLD_1614_SUB_HIFLD_1729_fwd,800.0,0.0,0.0,0,672
SUB_HIFLD_1614,SUB_HIFLD_1740,meso_SUB_HIFLD_1614_SUB_HIFLD_1740_fwd,800.0,0.0,0.0,0,672
SUB_HIFLD_1614,SUB_HIFLD_1767,meso_SUB_HIFLD_1614_SUB_HIFLD_1767_fwd,800.0,0.0,0.0,0,672
SUB_HIFLD_1615,SUB_HIFLD_1598,meso_SUB_HIFLD_1615_SUB_HIFLD_1598_rev,4000.0,0.0,0.0,0,672
SUB_HIFLD_1615,SUB_HIFLD_1664,meso_SUB_HIFLD_1615_SUB_HIFLD_1664_fwd,4000.0,0.0,0.0,0,672
SUB_HIFLD_1615,SUB_HIFLD_1705,meso_SUB_HIFLD_1615_SUB_HIFLD_1705_fwd,800.0,0.0,0.0,0,672
SUB_HIFLD_1615,SUB_HIFLD_1617,meso_SUB_HIFLD_1615_SUB_HIFLD_1617_fwd,8000.0,0.0,0.0,0,672
SUB_HIFLD_1615,SUB_HIFLD_1641,meso_SUB_HIFLD_1615_SUB_HIFLD_1641_fwd,4000.0,0.0,0.0,0,672
SUB_HIFLD_1616,SUB_HIFLD_1248,meso_SUB_HIFLD_1616_SUB_HIFLD_1248_rev,800.0,0.0,0.0,0,672
SUB_HIFLD_1616,SUB_HIFLD_1547,meso_SUB_HIFLD_1616_SUB_HIFLD_1547_rev,800.0,0.0,0.0,0,672
SUB_HIFLD_1616,SUB_HIFLD_427,meso_SUB_HIFLD_1616_SUB_HIFLD_427_fwd,800.0,5.841570134787918,7.365641108247423,0,672
SUB_HIFLD_1617,SUB_HIFLD_1597,meso_SUB_HIFLD_1617_SUB_HIFLD_1597_rev,4000.0,8.71471642451011,213.64447253526478,0,672
SUB_HIFLD_1617,SUB_HIFLD_1598,meso_SUB_HIFLD_1617_SUB_HIFLD_1598_rev,4000.0,0.0,0.0,0,672
SUB_HIFLD_1617,SUB_HIFLD_1637,meso_SUB_HIFLD_1617_SUB_HIFLD_1637_fwd,800.0,10.494396294737541,20.299021423969073,0,672
SUB_HIFLD_1617,SUB_HIFLD_1768,meso_SUB_HIFLD_1617_SUB_HIFLD_1768_fwd,15000.0,0.0,0.0,0,672
SUB_HIFLD_1617,SUB_HIFLD_3183,meso_SUB_HIFLD_1617_SUB_HIFLD_3183_fwd,4000.0,12.056139484346037,25.93517531108015,0,672
SUB_HIFLD_1617,SUB_HIFLD_1543,meso_SUB_HIFLD_1617_SUB_HIFLD_1543_rev,1600.0,34.77859889180827,66.46894329896907,0,672
SUB_HIFLD_1617,SUB_HIFLD_1615,meso_SUB_HIFLD_1617_SUB_HIFLD_1615_rev,8000.0,6.874660639137865,16.342183472938146,0,672
SUB_HIFLD_1617,SUB_HIFLD_1664,meso_SUB_HIFLD_1617_SUB_HIFLD_1664_fwd,4000.0,0.0,0.0,0,672
SUB_HIFLD_1617,WECC_SCE,iface_SUB_HIFLD_1617_WECC_SCE_to_ba,557.8384718587145,0.0,0.0,0,672
SUB_HIFLD_1618,SUB_HIFLD_1534,meso_SUB_HIFLD_1618_SUB_HIFLD_1534_rev,800.0,0.0,0.0,0,672
SUB_HIFLD_1618,SUB_HIFLD_2827,meso_SUB_HIFLD_1618_SUB_HIFLD_2827_fwd,800.0,0.0,0.0,0,672
SUB_HIFLD_1619,SUB_HIFLD_2590,meso_SUB_HIFLD_1619_SUB_HIFLD_2590_fwd,800.0,0.0,0.0,0,672
SUB_HIFLD_1619,SUB_HIFLD_4166,meso_SUB_HIFLD_1619_SUB_HIFLD_4166_fwd,800.0,0.0,0.0,0,672
SUB_HIFLD_1619,SUB_HIFLD_1566,meso_SUB_HIFLD_1619_SUB_HIFLD_1566_rev,800.0,0.0,0.0,0,672
SUB_HIFLD_1619,SUB_HIFLD_1589,meso_SUB_HIFLD_1619_SUB_HIFLD_1589_rev,800.0,0.0,0.0,0,672
SUB_HIFLD_1620,SUB_HIFLD_1267,meso_SUB_HIFLD_1620_SUB_HIFLD_1267_rev,800.0,0.58033200580221,2.7,0,672
SUB_HIFLD_1620,SUB_HIFLD_1268,meso_SUB_HIFLD_1620_SUB_HIFLD_1268_rev,4000.0,0.0,0.0,0,672
SUB_HIFLD_1620,SUB_HIFLD_1565,meso_SUB_HIFLD_1620_SUB_HIFLD_1565_rev,800.0,0.0,0.0,0,672
SUB_HIFLD_1620,SUB_HIFLD_1625,meso_SUB_HIFLD_1620_SUB_HIFLD_1625_fwd,4800.0,1.7379715656263612,2.7,0,672
SUB_HIFLD_1620,SUB_HIFLD_1650,meso_SUB_HIFLD_1620_SUB_HIFLD_1650_fwd,4000.0,0.38169642857142855,2.7,0,672
SUB_HIFLD_1621,SUB_HIFLD_1733,meso_SUB_HIFLD_1621_SUB_HIFLD_1733_fwd,800.0,0.0,0.0,0,672
SUB_HIFLD_1621,SUB_HIFLD_1748,meso_SUB_HIFLD_1621_SUB_HIFLD_1748_fwd,4000.0,0.0,0.0,0,672
SUB_HIFLD_1621,SUB_HIFLD_1539,meso_SUB_HIFLD_1621_SUB_HIFLD_1539_rev,4000.0,0.0,0.0,0,672
SUB_HIFLD_1621,SUB_HIFLD_1724,meso_SUB_HIFLD_1621_SUB_HIFLD_1724_fwd,800.0,0.0,0.0,0,672
SUB_HIFLD_1621,WECC_SCE,iface_SUB_HIFLD_1621_WECC_SCE_to_ba,557.8384718587145,0.0,0.0,0,672
SUB_HIFLD_1622,SUB_HIFLD_2819,meso_SUB_HIFLD_1622_SUB_HIFLD_2819_fwd,800.0,0.0,0.0,0,672
SUB_HIFLD_1622,SUB_HIFLD_3462,meso_SUB_HIFLD_1622_SUB_HIFLD_3462_fwd,800.0,0.0,0.0,0,672
SUB_HIFLD_1622,SUB_HIFLD_1561,meso_SUB_HIFLD_1622_SUB_HIFLD_1561_rev,800.0,0.0,0.0,0,672
SUB_HIFLD_1622,SUB_HIFLD_1575,meso_SUB_HIFLD_1622_SUB_HIFLD_1575_rev,800.0,0.0,0.0,0,672
SUB_HIFLD_1622,SUB_HIFLD_1642,meso_SUB_HIFLD_1622_SUB_HIFLD_1642_fwd,800.0,0.0,0.0,0,672
SUB_HIFLD_1622,SUB_HIFLD_87,meso_SUB_HIFLD_1622_SUB_HIFLD_87_fwd,800.0,0.0,0.0,0,672
SUB_HIFLD_1623,SUB_HIFLD_1714,meso_SUB_HIFLD_1623_SUB_HIFLD_1714_fwd,50.0,0.0,0.0,0,672
SUB_HIFLD_1624,SUB_HIFLD_1258,meso_SUB_HIFLD_1624_SUB_HIFLD_1258_rev,800.0,0.0,0.0,0,672
SUB_HIFLD_1624,SUB_HIFLD_4106,meso_SUB_HIFLD_1624_SUB_HIFLD_4106_fwd,800.0,46.76785714285715,46.767857142857146,0,672
SUB_HIFLD_1625,SUB_HIFLD_1542,meso_SUB_HIFLD_1625_SUB_HIFLD_1542_rev,4000.0,0.0,0.0,0,672
SUB_HIFLD_1625,SUB_HIFLD_1605,meso_SUB_HIFLD_1625_SUB_HIFLD_1605_rev,800.0,0.0,0.0,0,672
SUB_HIFLD_1625,SUB_HIFLD_1620,meso_SUB_HIFLD_1625_SUB_HIFLD_1620_rev,4800.0,0.0,0.0,0,672
SUB_HIFLD_1625,SUB_HIFLD_1650,meso_SUB_HIFLD_1625_SUB_HIFLD_1650_fwd,4000.0,0.0,0.0,0,672
SUB_HIFLD_1625,SUB_HIFLD_1267,meso_SUB_HIFLD_1625_SUB_HIFLD_1267_rev,800.0,0.03113697064923271,20.92404427628438,0,672
SUB_HIFLD_1625,SUB_HIFLD_1268,meso_SUB_HIFLD_1625_SUB_HIFLD_1268_rev,1600.0,0.0,0.0,0,672
SUB_HIFLD_1625,SUB_HIFLD_1533,meso_SUB_HIFLD_1625_SUB_HIFLD_1533_rev,800.0,5.420456271562533,9.854791196842784,0,672
SUB_HIFLD_1625,SUB_HIFLD_1564,meso_SUB_HIFLD_1625_SUB_HIFLD_1564_rev,800.0,11.968684927294754,20.030696278994846,0,672
SUB_HIFLD_1625,SUB_HIFLD_1589,meso_SUB_HIFLD_1625_SUB_HIFLD_1589_rev,4000.0,9.29488549120219,267.71178154527814,0,672
SUB_HIFLD_1625,SUB_HIFLD_1639,meso_SUB_HIFLD_1625_SUB_HIFLD_1639_fwd,4000.0,59.250732053401485,314.8703674616734,0,672
SUB_HIFLD_1625,SUB_HIFLD_1654,meso_SUB_HIFLD_1625_SUB_HIFLD_1654_fwd,800.0,25.697010750037872,42.202363885309275,0,672
SUB_HIFLD_1625,SUB_HIFLD_1690,meso_SUB_HIFLD_1625_SUB_HIFLD_1690_fwd,1600.0,0.0,0.0,0,672
SUB_HIFLD_1625,SUB_HIFLD_1726,meso_SUB_HIFLD_1625_SUB_HIFLD_1726_fwd,800.0,0.0,0.0,0,672
SUB_HIFLD_1625,SUB_HIFLD_1729,meso_SUB_HIFLD_1625_SUB_HIFLD_1729_fwd,800.0,0.0,0.0,0,672
SUB_HIFLD_1625,SUB_HIFLD_1740,meso_SUB_HIFLD_1625_SUB_HIFLD_1740_fwd,800.0,0.0,0.0,0,672
SUB_HIFLD_1625,SUB_HIFLD_1767,meso_SUB_HIFLD_1625_SUB_HIFLD_1767_fwd,800.0,0.0,0.0,0,672
SUB_HIFLD_1625,SUB_HIFLD_3011,meso_SUB_HIFLD_1625_SUB_HIFLD_3011_fwd,800.0,0.0,0.0,0,672
SUB_HIFLD_1625,WECC_SCE,iface_SUB_HIFLD_1625_WECC_SCE_to_ba,557.8384718587145,2.9264049946126756,69.40402932958317,0,672
SUB_HIFLD_1626,SUB_HIFLD_1560,meso_SUB_HIFLD_1626_SUB_HIFLD_1560_rev,800.0,0.0,0.0,0,672
SUB_HIFLD_1626,SUB_HIFLD_2902,meso_SUB_HIFLD_1626_SUB_HIFLD_2902_fwd,800.0,0.0,0.0,0,672
SUB_HIFLD_1627,SUB_HIFLD_3774,meso_SUB_HIFLD_1627_SUB_HIFLD_3774_fwd,800.0,0.0,0.0,0,672
SUB_HIFLD_1627,SUB_HIFLD_1599,meso_SUB_HIFLD_1627_SUB_HIFLD_1599_rev,800.0,0.0,0.0,0,672
SUB_HIFLD_1627,SUB_HIFLD_1727,meso_SUB_HIFLD_1627_SUB_HIFLD_1727_fwd,1600.0,0.0,0.0,0,672
SUB_HIFLD_1628,SUB_HIFLD_3910,meso_SUB_HIFLD_1628_SUB_HIFLD_3910_fwd,800.0,0.0,0.0,0,672
SUB_HIFLD_1628,SUB_HIFLD_1755,meso_SUB_HIFLD_1628_SUB_HIFLD_1755_fwd,800.0,0.0,0.0,0,672
SUB_HIFLD_1629,SUB_HIFLD_2913,meso_SUB_HIFLD_1629_SUB_HIFLD_2913_fwd,800.0,0.0,0.0,0,672
SUB_HIFLD_1629,SUB_HIFLD_3748,meso_SUB_HIFLD_1629_SUB_HIFLD_3748_fwd,800.0,4.170189430376901,19.62461634965157,0,672
SUB_HIFLD_1629,SUB_HIFLD_1568,meso_SUB_HIFLD_1629_SUB_HIFLD_1568_rev,800.0,0.0,0.0,0,672
SUB_HIFLD_1629,SUB_HIFLD_1596,meso_SUB_HIFLD_1629_SUB_HIFLD_1596_rev,800.0,0.0,0.0,0,672
SUB_HIFLD_1630,SUB_HIFLD_1531,meso_SUB_HIFLD_1630_SUB_HIFLD_1531_rev,800.0,0.0,0.0,0,672
SUB_HIFLD_1631,SUB_HIFLD_1599,meso_SUB_HIFLD_1631_SUB_HIFLD_1599_rev,800.0,0.0,0.0,0,672
SUB_HIFLD_1632,SUB_HIFLD_3462,meso_SUB_HIFLD_1632_SUB_HIFLD_3462_fwd,800.0,0.0,0.0,0,672
SUB_HIFLD_1633,SUB_HIFLD_1262,meso_SUB_HIFLD_1633_SUB_HIFLD_1262_rev,800.0,0.0,0.0,0,672
SUB_HIFLD_1633,SUB_HIFLD_2483,meso_SUB_HIFLD_1633_SUB_HIFLD_2483_fwd,800.0,0.0,0.0,0,672
SUB_HIFLD_1633,SUB_HIFLD_1567,meso_SUB_HIFLD_1633_SUB_HIFLD_1567_rev,800.0,0.020306401913009035,7.364021539252873,0,672
SUB_HIFLD_1633,SUB_HIFLD_1650,meso_SUB_HIFLD_1633_SUB_HIFLD_1650_fwd,1600.0,0.0,0.0,0,672
SUB_HIFLD_1633,SUB_HIFLD_1676,meso_SUB_HIFLD_1633_SUB_HIFLD_1676_fwd,800.0,0.0,0.0,0,672
SUB_HIFLD_1634,SUB_HIFLD_1543,meso_SUB_HIFLD_1634_SUB_HIFLD_1543_fwd,50.0,0.0,0.0,0,672
SUB_HIFLD_1635,SUB_HIFLD_1713,meso_SUB_HIFLD_1635_SUB_HIFLD_1713_fwd,15000.0,0.0,0.0,0,672
SUB_HIFLD_1635,SUB_HIFLD_2675,meso_SUB_HIFLD_1635_SUB_HIFLD_2675_fwd,15000.0,0.0,0.0,0,672
SUB_HIFLD_1635,SUB_HIFLD_3743,meso_SUB_HIFLD_1635_SUB_HIFLD_3743_fwd,4000.0,0.0,0.0,0,672
SUB_HIFLD_1635,SUB_HIFLD_4238,meso_SUB_HIFLD_1635_SUB_HIFLD_4238_fwd,4000.0,0.0,0.0,0,672
SUB_HIFLD_1635,SUB_HIFLD_1585,meso_SUB_HIFLD_1635_SUB_HIFLD_1585_rev,800.0,10.258089666824928,34.205500136172816,0,672
SUB_HIFLD_1635,WECC_SCE,iface_SUB_HIFLD_1635_WECC_SCE_to_ba,557.8384718587145,0.0,0.0,0,672
SUB_HIFLD_1636,SUB_HIFLD_3744,meso_SUB_HIFLD_1636_SUB_HIFLD_3744_fwd,4000.0,0.0,0.0,0,672
SUB_HIFLD_1636,WECC_SCE,iface_SUB_HIFLD_1636_WECC_SCE_to_ba,557.8384718587145,0.0,0.0,0,672
SUB_HIFLD_1637,SUB_HIFLD_1617,meso_SUB_HIFLD_1637_SUB_HIFLD_1617_rev,800.0,0.0,0.0,0,672
SUB_HIFLD_1638,SUB_HIFLD_3024,meso_SUB_HIFLD_1638_SUB_HIFLD_3024_fwd,4000.0,0.0,0.0,0,672
SUB_HIFLD_1638,SUB_HIFLD_492,meso_SUB_HIFLD_1638_SUB_HIFLD_492_fwd,800.0,8.330041292665282,13.176560486469072,0,672
SUB_HIFLD_1638,SUB_HIFLD_1551,meso_SUB_HIFLD_1638_SUB_HIFLD_1551_rev,800.0,17.77376169744098,106.35766519178988,0,672
SUB_HIFLD_1638,SUB_HIFLD_1587,meso_SUB_HIFLD_1638_SUB_HIFLD_1587_rev,800.0,17.410371159936844,41.853444943837026,0,672
SUB_HIFLD_1638,SUB_HIFLD_1599,meso_SUB_HIFLD_1638_SUB_HIFLD_1599_rev,4000.0,0.0,0.0,0,672
SUB_HIFLD_1638,SUB_HIFLD_1639,meso_SUB_HIFLD_1638_SUB_HIFLD_1639_fwd,4000.0,0.0,0.0,0,672
SUB_HIFLD_1638,SUB_HIFLD_1778,meso_SUB_HIFLD_1638_SUB_HIFLD_1778_fwd,800.0,0.0,0.0,0,672
SUB_HIFLD_1639,SUB_HIFLD_1263,meso_SUB_HIFLD_1639_SUB_HIFLD_1263_rev,4000.0,0.0,0.0,0,672
SUB_HIFLD_1639,SUB_HIFLD_1535,meso_SUB_HIFLD_1639_SUB_HIFLD_1535_rev,800.0,38.269454670773605,53.06602946462788,0,672
SUB_HIFLD_1639,SUB_HIFLD_1558,meso_SUB_HIFLD_1639_SUB_HIFLD_1558_rev,800.0,35.9580548100244,56.36908213919185,0,672
SUB_HIFLD_1639,SUB_HIFLD_1599,meso_SUB_HIFLD_1639_SUB_HIFLD_1599_rev,4000.0,23.81469556977293,100.49542187794388,0,672
SUB_HIFLD_1639,SUB_HIFLD_1650,meso_SUB_HIFLD_1639_SUB_HIFLD_1650_fwd,8000.0,0.0,0.0,0,672
SUB_HIFLD_1639,SUB_HIFLD_1666,meso_SUB_HIFLD_1639_SUB_HIFLD_1666_fwd,800.0,0.0,0.0,0,672
SUB_HIFLD_1639,SUB_HIFLD_2558,meso_SUB_HIFLD_1639_SUB_HIFLD_2558_fwd,800.0,0.0,0.0,0,672
SUB_HIFLD_1639,SUB_HIFLD_3773,meso_SUB_HIFLD_1639_SUB_HIFLD_3773_fwd,4000.0,3.966021464464415,6.582150551707474,0,672
SUB_HIFLD_1639,SUB_HIFLD_3777,meso_SUB_HIFLD_1639_SUB_HIFLD_3777_fwd,800.0,5.952228224786638,8.840662250322165,0,672
SUB_HIFLD_1639,SUB_HIFLD_1261,meso_SUB_HIFLD_1639_SUB_HIFLD_1261_rev,800.0,2.6305709594205133,12.690203943697524,0,672
SUB_HIFLD_1639,SUB_HIFLD_1264,meso_SUB_HIFLD_1639_SUB_HIFLD_1264_rev,800.0,0.0,0.0,0,672
SUB_HIFLD_1639,SUB_HIFLD_1560,meso_SUB_HIFLD_1639_SUB_HIFLD_1560_rev,800.0,37.80344089499775,53.603449863495065,0,672
SUB_HIFLD_1639,SUB_HIFLD_1584,meso_SUB_HIFLD_1639_SUB_HIFLD_1584_rev,800.0,67.97907450833009,105.16989558803168,0,672
SUB_HIFLD_1639,SUB_HIFLD_1593,meso_SUB_HIFLD_1639_SUB_HIFLD_1593_rev,1600.0,6.576558933101846,21.596025289948457,0,672
SUB_HIFLD_1639,SUB_HIFLD_1625,meso_SUB_HIFLD_1639_SUB_HIFLD_1625_rev,4000.0,0.0,0.0,0,672
SUB_HIFLD_1639,SUB_HIFLD_1638,meso_SUB_HIFLD_1639_SUB_HIFLD_1638_rev,4000.0,6.740550003846282,51.509562945578544,0,672
SUB_HIFLD_1639,SUB_HIFLD_1641,meso_SUB_HIFLD_1639_SUB_HIFLD_1641_fwd,4000.0,0.0,0.0,0,672
SUB_HIFLD_1639,SUB_HIFLD_1766,meso_SUB_HIFLD_1639_SUB_HIFLD_1766_fwd,800.0,17.40730745557758,25.867648754267858,0,672
SUB_HIFLD_1639,SUB_HIFLD_1778,meso_SUB_HIFLD_1639_SUB_HIFLD_1778_fwd,800.0,4.290410224139661,12.994126530283506,0,672
SUB_HIFLD_1639,SUB_HIFLD_2643,meso_SUB_HIFLD_1639_SUB_HIFLD_2643_fwd,800.0,0.0,0.0,0,672
SUB_HIFLD_1639,SUB_HIFLD_3779,meso_SUB_HIFLD_1639_SUB_HIFLD_3779_fwd,800.0,2.7409510682246,4.123765705541238,0,672
SUB_HIFLD_1640,SUB_HIFLD_3319,meso_SUB_HIFLD_1640_SUB_HIFLD_3319_fwd,800.0,0.0,0.0,0,672
SUB_HIFLD_1640,SUB_HIFLD_4061,meso_SUB_HIFLD_1640_SUB_HIFLD_4061_fwd,800.0,0.0,0.0,0,672
SUB_HIFLD_1640,SUB_HIFLD_1553,meso_SUB_HIFLD_1640_SUB_HIFLD_1553_rev,800.0,0.0,0.0,0,672
SUB_HIFLD_1640,SUB_HIFLD_1566,meso_SUB_HIFLD_1640_SUB_HIFLD_1566_rev,1600.0,0.0,0.0,0,672
SUB_HIFLD_1640,SUB_HIFLD_1589,meso_SUB_HIFLD_1640_SUB_HIFLD_1589_rev,800.0,0.0,0.0,0,672
SUB_HIFLD_1641,SUB_HIFLD_1650,meso_SUB_HIFLD_1641_SUB_HIFLD_1650_fwd,4000.0,0.0,0.0,0,672
SUB_HIFLD_1641,SUB_HIFLD_1664,meso_SUB_HIFLD_1641_SUB_HIFLD_1664_fwd,4000.0,0.0,0.0,0,672
SUB_HIFLD_1641,SUB_HIFLD_2517,meso_SUB_HIFLD_1641_SUB_HIFLD_2517_fwd,800.0,0.0,0.0,0,672
SUB_HIFLD_1641,SUB_HIFLD_3333,meso_SUB_HIFLD_1641_SUB_HIFLD_3333_fwd,800.0,0.0,0.0,0,672
SUB_HIFLD_1641,SUB_HIFLD_3743,meso_SUB_HIFLD_1641_SUB_HIFLD_3743_fwd,4000.0,0.0,0.0,0,672
SUB_HIFLD_1641,SUB_HIFLD_1548,meso_SUB_HIFLD_1641_SUB_HIFLD_1548_rev,1600.0,14.03157324655465,19.317938547036082,0,672
SUB_HIFLD_1641,SUB_HIFLD_1568,meso_SUB_HIFLD_1641_SUB_HIFLD_1568_rev,1600.0,0.0,0.0,0,672
SUB_HIFLD_1641,SUB_HIFLD_1578,meso_SUB_HIFLD_1641_SUB_HIFLD_1578_rev,800.0,0.0,0.0,0,672
SUB_HIFLD_1641,SUB_HIFLD_1586,meso_SUB_HIFLD_1641_SUB_HIFLD_1586_rev,800.0,97.33410715843804,160.5394329896907,0,672
SUB_HIFLD_1641,SUB_HIFLD_1589,meso_SUB_HIFLD_1641_SUB_HIFLD_1589_rev,8000.0,0.0,0.0,0,672
SUB_HIFLD_1641,SUB_HIFLD_1602,meso_SUB_HIFLD_1641_SUB_HIFLD_1602_rev,800.0,0.0,0.0,0,672
SUB_HIFLD_1641,SUB_HIFLD_1610,meso_SUB_HIFLD_1641_SUB_HIFLD_1610_rev,800.0,4.523508489775137,59.562884854261874,0,672
SUB_HIFLD_1641,SUB_HIFLD_1615,meso_SUB_HIFLD_1641_SUB_HIFLD_1615_rev,4000.0,0.4706039323839534,8.312894148679124,0,672
SUB_HIFLD_1641,SUB_HIFLD_1639,meso_SUB_HIFLD_1641_SUB_HIFLD_1639_rev,4000.0,0.24385260002600956,91.22929617223978,0,672
SUB_HIFLD_1641,SUB_HIFLD_1673,meso_SUB_HIFLD_1641_SUB_HIFLD_1673_fwd,800.0,0.6667063438898071,25.13147535694303,0,672
SUB_HIFLD_1641,SUB_HIFLD_1700,meso_SUB_HIFLD_1641_SUB_HIFLD_1700_fwd,800.0,0.0,0.0,0,672
SUB_HIFLD_1641,SUB_HIFLD_1704,meso_SUB_HIFLD_1641_SUB_HIFLD_1704_fwd,800.0,0.0,0.0,0,672
SUB_HIFLD_1641,SUB_HIFLD_1713,meso_SUB_HIFLD_1641_SUB_HIFLD_1713_fwd,4000.0,0.0,0.0,0,672
SUB_HIFLD_1641,SUB_HIFLD_1741,meso_SUB_HIFLD_1641_SUB_HIFLD_1741_fwd,800.0,0.29806396941314683,3.0244037431539947,0,672
SUB_HIFLD_1641,SUB_HIFLD_1762,meso_SUB_HIFLD_1641_SUB_HIFLD_1762_fwd,2400.0,30.365227753586197,54.648570808202265,0,672
SUB_HIFLD_1641,SUB_HIFLD_3178,meso_SUB_HIFLD_1641_SUB_HIFLD_3178_fwd,800.0,0.0,0.0,0,672
SUB_HIFLD_1641,SUB_HIFLD_3209,meso_SUB_HIFLD_1641_SUB_HIFLD_3209_fwd,4000.0,0.0,0.0,0,672
SUB_HIFLD_1641,SUB_HIFLD_3744,meso_SUB_HIFLD_1641_SUB_HIFLD_3744_fwd,4000.0,0.0,0.0,0,672
SUB_HIFLD_1642,SUB_HIFLD_1943,meso_SUB_HIFLD_1642_SUB_HIFLD_1943_fwd,800.0,0.0,0.0,0,672
SUB_HIFLD_1642,SUB_HIFLD_1574,meso_SUB_HIFLD_1642_SUB_HIFLD_1574_rev,800.0,0.0,0.0,0,672
SUB_HIFLD_1642,SUB_HIFLD_1589,meso_SUB_HIFLD_1642_SUB_HIFLD_1589_rev,800.0,0.0,0.0,0,672
SUB_HIFLD_1642,SUB_HIFLD_1622,meso_SUB_HIFLD_1642_SUB_HIFLD_1622_rev,800.0,0.0,0.0,0,672
SUB_HIFLD_1642,SUB_HIFLD_1656,meso_SUB_HIFLD_1642_SUB_HIFLD_1656_fwd,800.0,0.0,0.0,0,672
SUB_HIFLD_1643,SUB_HIFLD_1693,meso_SUB_HIFLD_1643_SUB_HIFLD_1693_fwd,800.0,13.937171033041434,28.279349197700057,0,672
SUB_HIFLD_1643,SUB_HIFLD_422,meso_SUB_HIFLD_1643_SUB_HIFLD_422_fwd,800.0,0.0,0.0,0,672
SUB_HIFLD_1643,SUB_HIFLD_4337,meso_SUB_HIFLD_1643_SUB_HIFLD_4337_fwd,800.0,112.93444577151004,242.11629239572937,0,672
SUB_HIFLD_1643,SUB_HIFLD_1538,meso_SUB_HIFLD_1643_SUB_HIFLD_1538_rev,800.0,223.6280691114889,642.0785770784236,0,672
SUB_HIFLD_1644,SUB_HIFLD_4398,meso_SUB_HIFLD_1644_SUB_HIFLD_4398_fwd,800.0,0.6061219547088367,1.8845433350506535,0,672
SUB_HIFLD_1645,SUB_HIFLD_1581,meso_SUB_HIFLD_1645_SUB_HIFLD_1581_rev,800.0,1.6369001835189618,110.26528672680413,0,672
SUB_HIFLD_1645,SUB_HIFLD_3715,meso_SUB_HIFLD_1645_SUB_HIFLD_3715_fwd,800.0,0.623969397742345,70.81408748281937,0,672
SUB_HIFLD_1645,SUB_HIFLD_4204,meso_SUB_HIFLD_1645_SUB_HIFLD_4204_fwd,800.0,0.0,0.0,0,672
SUB_HIFLD_1645,SUB_HIFLD_4437,meso_SUB_HIFLD_1645_SUB_HIFLD_4437_fwd,800.0,0.0,0.0,0,672
SUB_HIFLD_1645,SUB_HIFLD_1257,meso_SUB_HIFLD_1645_SUB_HIFLD_1257_rev,800.0,0.0,0.0,0,672
SUB_HIFLD_1645,SUB_HIFLD_1573,meso_SUB_HIFLD_1645_SUB_HIFLD_1573_rev,800.0,0.0,0.0,0,672
SUB_HIFLD_1645,SUB_HIFLD_1713,meso_SUB_HIFLD_1645_SUB_HIFLD_1713_fwd,800.0,0.0,0.0,0,672
SUB_HIFLD_1646,SUB_HIFLD_4328,meso_SUB_HIFLD_1646_SUB_HIFLD_4328_fwd,800.0,0.0,0.0,0,672
SUB_HIFLD_1646,SUB_HIFLD_1583,meso_SUB_HIFLD_1646_SUB_HIFLD_1583_rev,800.0,0.0,0.0,0,672
SUB_HIFLD_1646,SUB_HIFLD_2426,meso_SUB_HIFLD_1646_SUB_HIFLD_2426_fwd,1600.0,0.0,0.0,0,672
SUB_HIFLD_1647,SUB_HIFLD_2976,meso_SUB_HIFLD_1647_SUB_HIFLD_2976_fwd,800.0,0.0,0.0,0,672
SUB_HIFLD_1647,SUB_HIFLD_4122,meso_SUB_HIFLD_1647_SUB_HIFLD_4122_fwd,800.0,0.0,0.0,0,672
SUB_HIFLD_1647,SUB_HIFLD_1732,meso_SUB_HIFLD_1647_SUB_HIFLD_1732_fwd,800.0,0.0,0.0,0,672
SUB_HIFLD_1647,SUB_HIFLD_845,meso_SUB_HIFLD_1647_SUB_HIFLD_845_fwd,1600.0,0.0,0.0,0,672
SUB_HIFLD_1647,SUB_HIFLD_857,meso_SUB_HIFLD_1647_SUB_HIFLD_857_fwd,800.0,0.0,0.0,0,672
SUB_HIFLD_1648,SUB_HIFLD_1758,meso_SUB_HIFLD_1648_SUB_HIFLD_1758_fwd,800.0,0.0,0.0,0,672
SUB_HIFLD_1648,SUB_HIFLD_1599,meso_SUB_HIFLD_1648_SUB_HIFLD_1599_rev,800.0,0.0,0.0,0,672
SUB_HIFLD_1648,SUB_HIFLD_1603,meso_SUB_HIFLD_1648_SUB_HIFLD_1603_rev,800.0,0.0,0.0,0,672
SUB_HIFLD_1649,SUB_HIFLD_1607,meso_SUB_HIFLD_1649_SUB_HIFLD_1607_rev,800.0,0.0,0.0,0,672
SUB_HIFLD_1649,SUB_HIFLD_1700,meso_SUB_HIFLD_1649_SUB_HIFLD_1700_fwd,800.0,0.0,0.0,0,672
SUB_HIFLD_1649,SUB_HIFLD_1704,meso_SUB_HIFLD_1649_SUB_HIFLD_1704_fwd,800.0,0.0,0.0,0,672
SUB_HIFLD_1649,SUB_HIFLD_1765,meso_SUB_HIFLD_1649_SUB_HIFLD_1765_fwd,800.0,0.0,0.0,0,672
SUB_HIFLD_1650,SUB_HIFLD_1589,meso_SUB_HIFLD_1650_SUB_HIFLD_1589_rev,4000.0,0.06380492521806591,42.87690974654029,0,672
SUB_HIFLD_1650,SUB_HIFLD_1625,meso_SUB_HIFLD_1650_SUB_HIFLD_1625_rev,4000.0,0.0,0.0,0,672
SUB_HIFLD_1650,SUB_HIFLD_1639,meso_SUB_HIFLD_1650_SUB_HIFLD_1639_rev,8000.0,171.75402159010156,371.2307995509321,0,672
SUB_HIFLD_1650,SUB_HIFLD_1641,meso_SUB_HIFLD_1650_SUB_HIFLD_1641_rev,4000.0,19.591886411425765,145.11186422298823,0,672
SUB_HIFLD_1650,SUB_HIFLD_1742,meso_SUB_HIFLD_1650_SUB_HIFLD_1742_fwd,800.0,7.297014953882952,13.133985381765465,0,672
SUB_HIFLD_1650,SUB_HIFLD_1757,meso_SUB_HIFLD_1650_SUB_HIFLD_1757_fwd,800.0,0.0,0.0,0,672
SUB_HIFLD_1650,SUB_HIFLD_1760,meso_SUB_HIFLD_1650_SUB_HIFLD_1760_fwd,800.0,3.5493579293327353,5.782198876449742,0,672
SUB_HIFLD_1650,SUB_HIFLD_4137,meso_SUB_HIFLD_1650_SUB_HIFLD_4137_fwd,800.0,0.0,0.0,0,672
SUB_HIFLD_1650,SUB_HIFLD_1263,meso_SUB_HIFLD_1650_SUB_HIFLD_1263_rev,8000.0,0.0,0.0,0,672
SUB_HIFLD_1650,SUB_HIFLD_1268,meso_SUB_HIFLD_1650_SUB_HIFLD_1268_rev,4000.0,0.0,0.0,0,672
SUB_HIFLD_1650,SUB_HIFLD_1533,meso_SUB_HIFLD_1650_SUB_HIFLD_1533_rev,800.0,1.7051665761766561,8.639079615012887,0,672
SUB_HIFLD_1650,SUB_HIFLD_1562,meso_SUB_HIFLD_1650_SUB_HIFLD_1562_rev,1600.0,41.45859104132994,92.62307946113175,0,672
SUB_HIFLD_1650,SUB_HIFLD_1567,meso_SUB_HIFLD_1650_SUB_HIFLD_1567_rev,1600.0,11.914337441919928,19.79707635309278,0,672
SUB_HIFLD_1650,SUB_HIFLD_1620,meso_SUB_HIFLD_1650_SUB_HIFLD_1620_rev,4000.0,0.0,0.0,0,672
SUB_HIFLD_1650,SUB_HIFLD_1633,meso_SUB_HIFLD_1650_SUB_HIFLD_1633_rev,1600.0,3.0914300791365124,18.899009342783504,0,672
SUB_HIFLD_1650,SUB_HIFLD_1664,meso_SUB_HIFLD_1650_SUB_HIFLD_1664_fwd,4000.0,10.820980898740917,246.13760599222795,0,672
SUB_HIFLD_1650,SUB_HIFLD_1712,meso_SUB_HIFLD_1650_SUB_HIFLD_1712_fwd,800.0,18.68427600648565,32.79933204353578,0,672
SUB_HIFLD_1650,SUB_HIFLD_1731,meso_SUB_HIFLD_1650_SUB_HIFLD_1731_fwd,800.0,5.697714068225979,9.258029961340206,0,672
SUB_HIFLD_1650,SUB_HIFLD_1774,meso_SUB_HIFLD_1650_SUB_HIFLD_1774_fwd,800.0,0.0,0.0,0,672
SUB_HIFLD_1650,SUB_HIFLD_2483,meso_SUB_HIFLD_1650_SUB_HIFLD_2483_fwd,800.0,13.403553127013533,18.547734777706186,0,672
SUB_HIFLD_1650,SUB_HIFLD_3209,meso_SUB_HIFLD_1650_SUB_HIFLD_3209_fwd,4000.0,0.00030727171150269787,0.005001868906709337,0,672
SUB_HIFLD_1650,SUB_HIFLD_87,meso_SUB_HIFLD_1650_SUB_HIFLD_87_fwd,4000.0,0.0,0.0,0,672
SUB_HIFLD_1651,SUB_HIFLD_3948,meso_SUB_HIFLD_1651_SUB_HIFLD_3948_fwd,800.0,0.006157724277135275,1.5183382919394888,0,672
SUB_HIFLD_1651,SUB_HIFLD_4089,meso_SUB_HIFLD_1651_SUB_HIFLD_4089_fwd,800.0,0.06008757367533918,1.392155661042204,0,672
SUB_HIFLD_1651,SUB_HIFLD_4229,meso_SUB_HIFLD_1651_SUB_HIFLD_4229_fwd,800.0,0.0,0.0,0,672
SUB_HIFLD_1651,SUB_HIFLD_1546,meso_SUB_HIFLD_1651_SUB_HIFLD_1546_rev,800.0,0.0,0.0,0,672
SUB_HIFLD_1651,SUB_HIFLD_1573,meso_SUB_HIFLD_1651_SUB_HIFLD_1573_rev,800.0,0.016047010614126365,1.4797233181982923,0,672
SUB_HIFLD_1651,SUB_HIFLD_1713,meso_SUB_HIFLD_1651_SUB_HIFLD_1713_fwd,800.0,0.0,0.0,0,672
SUB_HIFLD_1652,SUB_HIFLD_1693,meso_SUB_HIFLD_1652_SUB_HIFLD_1693_fwd,800.0,0.0,0.0,0,672
SUB_HIFLD_1652,SUB_HIFLD_1777,meso_SUB_HIFLD_1652_SUB_HIFLD_1777_fwd,800.0,1.233866005756063,3.250333491059923,0,672
SUB_HIFLD_1652,SUB_HIFLD_4014,meso_SUB_HIFLD_1652_SUB_HIFLD_4014_fwd,800.0,0.0,0.0,0,672
SUB_HIFLD_1653,SUB_HIFLD_4021,meso_SUB_HIFLD_1653_SUB_HIFLD_4021_fwd,800.0,0.0,0.0,0,672
SUB_HIFLD_1653,SUB_HIFLD_4122,meso_SUB_HIFLD_1653_SUB_HIFLD_4122_fwd,800.0,0.0,0.0,0,672
SUB_HIFLD_1653,SUB_HIFLD_845,meso_SUB_HIFLD_1653_SUB_HIFLD_845_fwd,800.0,0.0,0.0,0,672
SUB_HIFLD_1653,SUB_HIFLD_857,meso_SUB_HIFLD_1653_SUB_HIFLD_857_fwd,800.0,0.0,0.0,0,672
SUB_HIFLD_1654,SUB_HIFLD_1564,meso_SUB_HIFLD_1654_SUB_HIFLD_1564_rev,800.0,0.0,0.0,0,672
SUB_HIFLD_1654,SUB_HIFLD_1625,meso_SUB_HIFLD_1654_SUB_HIFLD_1625_rev,800.0,0.0,0.0,0,672
SUB_HIFLD_1654,SUB_HIFLD_1731,meso_SUB_HIFLD_1654_SUB_HIFLD_1731_fwd,800.0,0.0,0.0,0,672
SUB_HIFLD_1655,SUB_HIFLD_1727,meso_SUB_HIFLD_1655_SUB_HIFLD_1727_fwd,800.0,0.0,0.0,0,672
SUB_HIFLD_1656,SUB_HIFLD_3751,meso_SUB_HIFLD_1656_SUB_HIFLD_3751_fwd,800.0,0.0,0.0,0,672
SUB_HIFLD_1656,SUB_HIFLD_1552,meso_SUB_HIFLD_1656_SUB_HIFLD_1552_rev,800.0,0.7181355152869845,1.568421794458763,0,672
SUB_HIFLD_1656,SUB_HIFLD_1589,meso_SUB_HIFLD_1656_SUB_HIFLD_1589_rev,2400.0,0.0,0.0,0,672
SUB_HIFLD_1656,SUB_HIFLD_1642,meso_SUB_HIFLD_1656_SUB_HIFLD_1642_rev,800.0,0.0,0.0,0,672
SUB_HIFLD_1657,SUB_HIFLD_1551,meso_SUB_HIFLD_1657_SUB_HIFLD_1551_rev,800.0,0.0,0.0,0,672
SUB_HIFLD_1657,SUB_HIFLD_3591,meso_SUB_HIFLD_1657_SUB_HIFLD_3591_fwd,800.0,8.201475910679289,15.825563788659794,0,672
SUB_HIFLD_1657,SUB_HIFLD_4258,meso_SUB_HIFLD_1657_SUB_HIFLD_4258_fwd,800.0,8.277749024785848,15.672137765786083,0,672
SUB_HIFLD_1657,SUB_HIFLD_1597,meso_SUB_HIFLD_1657_SUB_HIFLD_1597_rev,800.0,0.0,0.0,0,672
SUB_HIFLD_1657,SUB_HIFLD_1761,meso_SUB_HIFLD_1657_SUB_HIFLD_1761_fwd,800.0,25.059361655556565,44.457723924113225,0,672
SUB_HIFLD_1657,SUB_HIFLD_489,meso_SUB_HIFLD_1657_SUB_HIFLD_489_fwd,800.0,13.174995756453606,32.88850475193299,0,672
SUB_HIFLD_1659,SUB_HIFLD_1583,meso_SUB_HIFLD_1659_SUB_HIFLD_1583_rev,800.0,76.05612147284484,132.25648819863298,0,672
SUB_HIFLD_1659,SUB_HIFLD_4086,meso_SUB_HIFLD_1659_SUB_HIFLD_4086_fwd,800.0,0.0,0.0,0,672
SUB_HIFLD_1659,SUB_HIFLD_2423,meso_SUB_HIFLD_1659_SUB_HIFLD_2423_fwd,1600.0,0.0,0.0,0,672
SUB_HIFLD_1659,SUB_HIFLD_2426,meso_SUB_HIFLD_1659_SUB_HIFLD_2426_fwd,800.0,0.0,0.0,0,672
SUB_HIFLD_1660,SUB_HIFLD_4139,meso_SUB_HIFLD_1660_SUB_HIFLD_4139_fwd,800.0,7.270074575943309,14.614926182347437,0,672
SUB_HIFLD_1660,SUB_HIFLD_1576,meso_SUB_HIFLD_1660_SUB_HIFLD_1576_rev,800.0,30.32828514465606,47.5024887242268,0,672
SUB_HIFLD_1660,SUB_HIFLD_1723,meso_SUB_HIFLD_1660_SUB_HIFLD_1723_fwd,800.0,4.538175755361745,6.9779221367590205,0,672
SUB_HIFLD_1660,SUB_HIFLD_1745,meso_SUB_HIFLD_1660_SUB_HIFLD_1745_fwd,800.0,0.0,0.0,0,672
SUB_HIFLD_1661,SUB_HIFLD_1584,meso_SUB_HIFLD_1661_SUB_HIFLD_1584_rev,800.0,0.0,0.0,0,672
SUB_HIFLD_1661,SUB_HIFLD_1715,meso_SUB_HIFLD_1661_SUB_HIFLD_1715_fwd,800.0,12.969536751254141,21.20542243878866,0,672
SUB_HIFLD_1662,SUB_HIFLD_1610,meso_SUB_HIFLD_1662_SUB_HIFLD_1610_rev,800.0,0.0,0.0,0,672
SUB_HIFLD_1662,SUB_HIFLD_3726,meso_SUB_HIFLD_1662_SUB_HIFLD_3726_fwd,800.0,0.0,0.0,0,672
SUB_HIFLD_1663,SUB_HIFLD_1257,meso_SUB_HIFLD_1663_SUB_HIFLD_1257_rev,800.0,0.0,0.0,0,672
SUB_HIFLD_1663,SUB_HIFLD_1581,meso_SUB_HIFLD_1663_SUB_HIFLD_1581_rev,800.0,0.0,0.0,0,672
SUB_HIFLD_1664,SUB_HIFLD_1615,meso_SUB_HIFLD_1664_SUB_HIFLD_1615_rev,4000.0,1.0850241120328608,16.21458601804124,0,672
SUB_HIFLD_1664,SUB_HIFLD_1641,meso_SUB_HIFLD_1664_SUB_HIFLD_1641_rev,4000.0,11.522541700716296,288.23169447677344,0,672
SUB_HIFLD_1664,SUB_HIFLD_1673,meso_SUB_HIFLD_1664_SUB_HIFLD_1673_fwd,800.0,22.917036773983764,99.47142567183259,0,672
SUB_HIFLD_1664,SUB_HIFLD_1717,meso_SUB_HIFLD_1664_SUB_HIFLD_1717_fwd,1600.0,42.174981036170266,83.10128496411177,0,672
SUB_HIFLD_1664,SUB_HIFLD_2675,meso_SUB_HIFLD_1664_SUB_HIFLD_2675_fwd,15000.0,5.840311815449191,253.42909733571597,0,672
SUB_HIFLD_1664,SUB_HIFLD_3727,meso_SUB_HIFLD_1664_SUB_HIFLD_3727_fwd,800.0,0.019999029049925777,13.439347521550122,0,672
SUB_HIFLD_1664,SUB_HIFLD_4329,meso_SUB_HIFLD_1664_SUB_HIFLD_4329_fwd,800.0,0.4267513227626629,1.1957659219958117,0,672
SUB_HIFLD_1664,SUB_HIFLD_1257,meso_SUB_HIFLD_1664_SUB_HIFLD_1257_rev,8000.0,201.02630874956844,682.3050092090066,0,672
SUB_HIFLD_1664,SUB_HIFLD_1568,meso_SUB_HIFLD_1664_SUB_HIFLD_1568_rev,8000.0,5.594321693672855,647.898109518212,0,672
SUB_HIFLD_1664,SUB_HIFLD_1597,meso_SUB_HIFLD_1664_SUB_HIFLD_1597_rev,4000.0,2.6792166492495246,173.05864360926842,0,672
SUB_HIFLD_1664,SUB_HIFLD_1598,meso_SUB_HIFLD_1664_SUB_HIFLD_1598_rev,4000.0,0.0,0.0,0,672
SUB_HIFLD_1664,SUB_HIFLD_1617,meso_SUB_HIFLD_1664_SUB_HIFLD_1617_rev,4000.0,0.0,0.0,0,672
SUB_HIFLD_1664,SUB_HIFLD_1650,meso_SUB_HIFLD_1664_SUB_HIFLD_1650_rev,4000.0,0.0,0.0,0,672
SUB_HIFLD_1664,SUB_HIFLD_1713,meso_SUB_HIFLD_1664_SUB_HIFLD_1713_fwd,8000.0,0.0,0.0,0,672
SUB_HIFLD_1664,SUB_HIFLD_1768,meso_SUB_HIFLD_1664_SUB_HIFLD_1768_fwd,15000.0,0.0,0.0,0,672
SUB_HIFLD_1664,WECC_SCE,iface_SUB_HIFLD_1664_WECC_SCE_to_ba,557.8384718587145,0.0,0.0,0,672
SUB_HIFLD_1665,SUB_HIFLD_1666,meso_SUB_HIFLD_1665_SUB_HIFLD_1666_fwd,800.0,0.0,0.0,0,672
SUB_HIFLD_1666,SUB_HIFLD_1535,meso_SUB_HIFLD_1666_SUB_HIFLD_1535_rev,800.0,0.0,0.0,0,672
SUB_HIFLD_1666,SUB_HIFLD_1639,meso_SUB_HIFLD_1666_SUB_HIFLD_1639_rev,800.0,0.0,0.0,0,672
SUB_HIFLD_1666,SUB_HIFLD_1665,meso_SUB_HIFLD_1666_SUB_HIFLD_1665_rev,800.0,0.0,0.0,0,672
SUB_HIFLD_1666,SUB_HIFLD_1766,meso_SUB_HIFLD_1666_SUB_HIFLD_1766_fwd,800.0,0.0,0.0,0,672
SUB_HIFLD_1666,SUB_HIFLD_2643,meso_SUB_HIFLD_1666_SUB_HIFLD_2643_fwd,800.0,0.0,0.0,0,672
SUB_HIFLD_1666,SUB_HIFLD_3777,meso_SUB_HIFLD_1666_SUB_HIFLD_3777_fwd,800.0,0.0,0.0,0,672
SUB_HIFLD_1666,SUB_HIFLD_3779,meso_SUB_HIFLD_1666_SUB_HIFLD_3779_fwd,800.0,0.0,0.0,0,672
SUB_HIFLD_1666,SUB_HIFLD_1263,meso_SUB_HIFLD_1666_SUB_HIFLD_1263_rev,800.0,0.0,0.0,0,672
SUB_HIFLD_1667,SUB_HIFLD_1697,meso_SUB_HIFLD_1667_SUB_HIFLD_1697_fwd,800.0,0.0,0.0,0,672
SUB_HIFLD_1667,SUB_HIFLD_1722,meso_SUB_HIFLD_1667_SUB_HIFLD_1722_fwd,800.0,0.0,0.0,0,672
SUB_HIFLD_1667,SUB_HIFLD_4035,meso_SUB_HIFLD_1667_SUB_HIFLD_4035_fwd,800.0,0.0,0.0,0,672
SUB_HIFLD_1668,SUB_HIFLD_2533,meso_SUB_HIFLD_1668_SUB_HIFLD_2533_fwd,800.0,0.0,0.0,0,672
SUB_HIFLD_1668,SUB_HIFLD_3733,meso_SUB_HIFLD_1668_SUB_HIFLD_3733_fwd,800.0,0.00024383057741366492,0.16385414802198284,0,672
SUB_HIFLD_1668,SUB_HIFLD_4106,meso_SUB_HIFLD_1668_SUB_HIFLD_4106_fwd,800.0,0.0,0.0,0,672
SUB_HIFLD_1669,SUB_HIFLD_1728,meso_SUB_HIFLD_1669_SUB_HIFLD_1728_fwd,800.0,0.0,0.0,0,672
SUB_HIFLD_1669,SUB_HIFLD_1570,meso_SUB_HIFLD_1669_SUB_HIFLD_1570_rev,800.0,0.26353128465601594,0.8193666674133276,0,672
SUB_HIFLD_1671,SUB_HIFLD_3445,meso_SUB_HIFLD_1671_SUB_HIFLD_3445_fwd,800.0,1.8501437295830858,8.872418181823528,0,672
SUB_HIFLD_1671,SUB_HIFLD_1538,meso_SUB_HIFLD_1671_SUB_HIFLD_1538_rev,800.0,124.27351209653564,393.13086914021204,0,672
SUB_HIFLD_1671,SUB_HIFLD_4237,meso_SUB_HIFLD_1671_SUB_HIFLD_4237_rev,5923.6001346,0.0,0.0,0,672
SUB_HIFLD_1672,SUB_HIFLD_1676,meso_SUB_HIFLD_1672_SUB_HIFLD_1676_fwd,800.0,0.0,0.0,0,672
SUB_HIFLD_1672,SUB_HIFLD_1721,meso_SUB_HIFLD_1672_SUB_HIFLD_1721_fwd,800.0,0.0,0.0,0,672
SUB_HIFLD_1672,SUB_HIFLD_1772,meso_SUB_HIFLD_1672_SUB_HIFLD_1772_fwd,800.0,0.0,0.0,0,672
SUB_HIFLD_1672,SUB_HIFLD_4109,meso_SUB_HIFLD_1672_SUB_HIFLD_4109_fwd,800.0,0.0,0.0,0,672
SUB_HIFLD_1672,SUB_HIFLD_4326,meso_SUB_HIFLD_1672_SUB_HIFLD_4326_fwd,800.0,0.0,0.0,0,672
SUB_HIFLD_1673,SUB_HIFLD_1664,meso_SUB_HIFLD_1673_SUB_HIFLD_1664_rev,800.0,0.0,0.0,0,672
SUB_HIFLD_1673,SUB_HIFLD_2617,meso_SUB_HIFLD_1673_SUB_HIFLD_2617_fwd,800.0,0.0,0.0,0,672
SUB_HIFLD_1673,SUB_HIFLD_3333,meso_SUB_HIFLD_1673_SUB_HIFLD_3333_fwd,800.0,0.0,0.0,0,672
SUB_HIFLD_1673,SUB_HIFLD_1641,meso_SUB_HIFLD_1673_SUB_HIFLD_1641_rev,800.0,0.0,0.0,0,672
SUB_HIFLD_1673,SUB_HIFLD_1710,meso_SUB_HIFLD_1673_SUB_HIFLD_1710_fwd,800.0,14.017994886283212,27.81301110360363,0,672
SUB_HIFLD_1673,SUB_HIFLD_1762,meso_SUB_HIFLD_1673_SUB_HIFLD_1762_fwd,800.0,0.7237998582803391,53.19200142483261,0,672
SUB_HIFLD_1674,SUB_HIFLD_1724,meso_SUB_HIFLD_1674_SUB_HIFLD_1724_fwd,800.0,0.0,0.0,0,672
SUB_HIFLD_1674,SUB_HIFLD_2596,meso_SUB_HIFLD_1674_SUB_HIFLD_2596_fwd,800.0,0.0,0.0,0,672
SUB_HIFLD_1675,SUB_HIFLD_2629,meso_SUB_HIFLD_1675_SUB_HIFLD_2629_fwd,800.0,0.0,0.0,0,672
SUB_HIFLD_1675,SUB_HIFLD_2961,meso_SUB_HIFLD_1675_SUB_HIFLD_2961_fwd,800.0,0.0,0.0,0,672
SUB_HIFLD_1676,SUB_HIFLD_1262,meso_SUB_HIFLD_1676_SUB_HIFLD_1262_rev,800.0,0.0,0.0,0,672
SUB_HIFLD_1676,SUB_HIFLD_1672,meso_SUB_HIFLD_1676_SUB_HIFLD_1672_rev,800.0,18.740506255071892,35.454892045454535,0,672
SUB_HIFLD_1676,SUB_HIFLD_1683,meso_SUB_HIFLD_1676_SUB_HIFLD_1683_fwd,800.0,0.0,0.0,0,672
SUB_HIFLD_1676,SUB_HIFLD_3441,meso_SUB_HIFLD_1676_SUB_HIFLD_3441_fwd,800.0,0.0,0.0,0,672
SUB_HIFLD_1676,SUB_HIFLD_1633,meso_SUB_HIFLD_1676_SUB_HIFLD_1633_rev,800.0,0.0,0.0,0,672
SUB_HIFLD_1677,SUB_HIFLD_1724,meso_SUB_HIFLD_1677_SUB_HIFLD_1724_fwd,800.0,0.0,0.0,0,672
SUB_HIFLD_1677,SUB_HIFLD_4352,meso_SUB_HIFLD_1677_SUB_HIFLD_4352_fwd,800.0,0.0,0.0,0,672
SUB_HIFLD_1677,SUB_HIFLD_1733,meso_SUB_HIFLD_1677_SUB_HIFLD_1733_fwd,800.0,0.0,0.0,0,672
SUB_HIFLD_1678,SUB_HIFLD_1756,meso_SUB_HIFLD_1678_SUB_HIFLD_1756_fwd,800.0,0.0,0.0,0,672
SUB_HIFLD_1678,SUB_HIFLD_2801,meso_SUB_HIFLD_1678_SUB_HIFLD_2801_fwd,800.0,0.0,0.0,0,672
SUB_HIFLD_1678,SUB_HIFLD_4337,meso_SUB_HIFLD_1678_SUB_HIFLD_4337_fwd,800.0,0.0,0.0,0,672
SUB_HIFLD_1678,SUB_HIFLD_1730,meso_SUB_HIFLD_1678_SUB_HIFLD_1730_fwd,1500.0,0.0,0.0,0,672
SUB_HIFLD_1679,SUB_HIFLD_1257,meso_SUB_HIFLD_1679_SUB_HIFLD_1257_rev,4000.0,4.6022479283594855,179.26359103266418,0,672
SUB_HIFLD_1679,SUB_HIFLD_1955,meso_SUB_HIFLD_1679_SUB_HIFLD_1955_fwd,800.0,32.834977635325465,70.02220869429028,0,672
SUB_HIFLD_1679,SUB_HIFLD_2653,meso_SUB_HIFLD_1679_SUB_HIFLD_2653_fwd,800.0,0.0,0.0,0,672
SUB_HIFLD_1679,SUB_HIFLD_2675,meso_SUB_HIFLD_1679_SUB_HIFLD_2675_fwd,4000.0,0.0,0.0,0,672
SUB_HIFLD_1679,SUB_HIFLD_2817,meso_SUB_HIFLD_1679_SUB_HIFLD_2817_fwd,800.0,0.0,0.0,0,672
SUB_HIFLD_1679,SUB_HIFLD_4102,meso_SUB_HIFLD_1679_SUB_HIFLD_4102_fwd,800.0,0.0,0.0,0,672
SUB_HIFLD_1679,SUB_HIFLD_811,meso_SUB_HIFLD_1679_SUB_HIFLD_811_fwd,4000.0,12.523284462105277,306.4315977115544,0,672
SUB_HIFLD_1679,SUB_HIFLD_1568,meso_SUB_HIFLD_1679_SUB_HIFLD_1568_rev,4000.0,0.0,0.0,0,672
SUB_HIFLD_1679,SUB_HIFLD_1747,meso_SUB_HIFLD_1679_SUB_HIFLD_1747_fwd,800.0,20.321960205872276,103.21912854381443,0,672
SUB_HIFLD_1679,SUB_HIFLD_1930,meso_SUB_HIFLD_1679_SUB_HIFLD_1930_fwd,800.0,0.06014163392281852,2.116514980670097,0,672
SUB_HIFLD_1679,SUB_HIFLD_1937,meso_SUB_HIFLD_1679_SUB_HIFLD_1937_fwd,1600.0,18.105853116958436,71.83050902061855,0,672
SUB_HIFLD_1679,SUB_HIFLD_1978,meso_SUB_HIFLD_1679_SUB_HIFLD_1978_fwd,800.0,19.22440940371498,59.99863482603093,0,672
SUB_HIFLD_1679,SUB_HIFLD_841,meso_SUB_HIFLD_1679_SUB_HIFLD_841_fwd,8000.0,0.5153630404114903,72.03857099951242,0,672
SUB_HIFLD_1680,SUB_HIFLD_1547,meso_SUB_HIFLD_1680_SUB_HIFLD_1547_rev,800.0,7.267511836269208,16.49,0,672
SUB_HIFLD_1680,SUB_HIFLD_417,meso_SUB_HIFLD_1680_SUB_HIFLD_417_rev,170.0,0.0,0.0,0,672
SUB_HIFLD_1681,WECC_SCE,iface_SUB_HIFLD_1681_WECC_SCE_to_ba,557.8384718587145,0.0,0.0,0,672
SUB_HIFLD_1682,SUB_HIFLD_1698,meso_SUB_HIFLD_1682_SUB_HIFLD_1698_fwd,800.0,11.20095940478947,16.054047197164948,0,672
SUB_HIFLD_1682,SUB_HIFLD_2998,meso_SUB_HIFLD_1682_SUB_HIFLD_2998_fwd,800.0,0.0,0.0,0,672
SUB_HIFLD_1683,SUB_HIFLD_1676,meso_SUB_HIFLD_1683_SUB_HIFLD_1676_rev,800.0,0.0,0.0,0,672
SUB_HIFLD_1683,SUB_HIFLD_2952,meso_SUB_HIFLD_1683_SUB_HIFLD_2952_fwd,800.0,0.0,0.0,0,672
SUB_HIFLD_1683,SUB_HIFLD_1533,meso_SUB_HIFLD_1683_SUB_HIFLD_1533_rev,800.0,0.0,0.0,0,672
SUB_HIFLD_1684,SUB_HIFLD_4014,meso_SUB_HIFLD_1684_SUB_HIFLD_4014_fwd,800.0,0.0,0.0,0,672
SUB_HIFLD_1684,SUB_HIFLD_4075,meso_SUB_HIFLD_1684_SUB_HIFLD_4075_fwd,800.0,0.0,0.0,0,672
SUB_HIFLD_1684,SUB_HIFLD_2801,meso_SUB_HIFLD_1684_SUB_HIFLD_2801_fwd,800.0,0.0,0.0,0,672
SUB_HIFLD_1685,SUB_HIFLD_1584,meso_SUB_HIFLD_1685_SUB_HIFLD_1584_rev,800.0,0.0,0.0,0,672
SUB_HIFLD_1685,SUB_HIFLD_1715,meso_SUB_HIFLD_1685_SUB_HIFLD_1715_fwd,800.0,0.0,0.0,0,672
SUB_HIFLD_1685,SUB_HIFLD_1754,meso_SUB_HIFLD_1685_SUB_HIFLD_1754_fwd,800.0,0.0,0.0,0,672
SUB_HIFLD_1687,SUB_HIFLD_1538,meso_SUB_HIFLD_1687_SUB_HIFLD_1538_rev,15000.0,0.0,0.0,0,672
SUB_HIFLD_1687,SUB_HIFLD_1600,meso_SUB_HIFLD_1687_SUB_HIFLD_1600_rev,800.0,33.65174002331381,64.47477045747424,0,672
SUB_HIFLD_1687,SUB_HIFLD_1724,meso_SUB_HIFLD_1687_SUB_HIFLD_1724_fwd,4000.0,158.3459172023426,556.9191708466384,0,672
SUB_HIFLD_1687,SUB_HIFLD_1768,meso_SUB_HIFLD_1687_SUB_HIFLD_1768_fwd,15000.0,0.0,0.0,0,672
SUB_HIFLD_1687,SUB_HIFLD_2115,meso_SUB_HIFLD_1687_SUB_HIFLD_2115_fwd,4000.0,1.3761201344463367,54.84282780283505,0,672
SUB_HIFLD_1687,SUB_HIFLD_2431,meso_SUB_HIFLD_1687_SUB_HIFLD_2431_fwd,4000.0,7.284988143915551,300.2870113385984,0,672
SUB_HIFLD_1687,SUB_HIFLD_2782,meso_SUB_HIFLD_1687_SUB_HIFLD_2782_fwd,4000.0,0.0,0.0,0,672
SUB_HIFLD_1687,SUB_HIFLD_3908,meso_SUB_HIFLD_1687_SUB_HIFLD_3908_fwd,800.0,0.0,0.0,0,672
SUB_HIFLD_1687,SUB_HIFLD_1547,meso_SUB_HIFLD_1687_SUB_HIFLD_1547_rev,8000.0,0.0,0.0,0,672
SUB_HIFLD_1687,SUB_HIFLD_1597,meso_SUB_HIFLD_1687_SUB_HIFLD_1597_rev,4000.0,79.87248499739468,266.9462884350432,0,672
SUB_HIFLD_1687,SUB_HIFLD_1771,meso_SUB_HIFLD_1687_SUB_HIFLD_1771_fwd,8000.0,0.0,0.0,0,672
SUB_HIFLD_1687,SUB_HIFLD_2421,meso_SUB_HIFLD_1687_SUB_HIFLD_2421_fwd,12000.0,273.24822579085804,619.7988838225315,0,672
SUB_HIFLD_1687,WECC_SCE,iface_SUB_HIFLD_1687_WECC_SCE_to_ba,557.8384718587145,0.9780253824640207,153.99246819709197,0,672
SUB_HIFLD_1688,SUB_HIFLD_1697,meso_SUB_HIFLD_1688_SUB_HIFLD_1697_fwd,800.0,20.157832664366982,45.56535968221916,0,672
SUB_HIFLD_1688,SUB_HIFLD_2717,meso_SUB_HIFLD_1688_SUB_HIFLD_2717_fwd,800.0,0.0,0.0,0,672
SUB_HIFLD_1688,SUB_HIFLD_3730,meso_SUB_HIFLD_1688_SUB_HIFLD_3730_fwd,800.0,0.0,0.0,0,672
SUB_HIFLD_1688,SUB_HIFLD_1568,meso_SUB_HIFLD_1688_SUB_HIFLD_1568_rev,800.0,0.0,0.0,0,672
SUB_HIFLD_1688,SUB_HIFLD_1722,meso_SUB_HIFLD_1688_SUB_HIFLD_1722_fwd,800.0,28.59475493470886,51.83525692654639,0,672
SUB_HIFLD_1689,SUB_HIFLD_1768,meso_SUB_HIFLD_1689_SUB_HIFLD_1768_fwd,4000.0,0.0,0.0,0,672
SUB_HIFLD_1690,SUB_HIFLD_1726,meso_SUB_HIFLD_1690_SUB_HIFLD_1726_fwd,800.0,0.0,0.0,0,672
SUB_HIFLD_1690,SUB_HIFLD_3011,meso_SUB_HIFLD_1690_SUB_HIFLD_3011_fwd,800.0,0.0,0.0,0,672
SUB_HIFLD_1690,SUB_HIFLD_3912,meso_SUB_HIFLD_1690_SUB_HIFLD_3912_fwd,800.0,0.0,0.0,0,672
SUB_HIFLD_1690,SUB_HIFLD_1268,meso_SUB_HIFLD_1690_SUB_HIFLD_1268_rev,800.0,0.0,0.0,0,672
SUB_HIFLD_1690,SUB_HIFLD_1625,meso_SUB_HIFLD_1690_SUB_HIFLD_1625_rev,1600.0,1.0634476701053668,19.885075041806708,0,672
SUB_HIFLD_1690,SUB_HIFLD_1695,meso_SUB_HIFLD_1690_SUB_HIFLD_1695_fwd,1600.0,0.0,0.0,0,672
SUB_HIFLD_1690,SUB_HIFLD_3913,meso_SUB_HIFLD_1690_SUB_HIFLD_3913_fwd,1600.0,0.0,0.0,0,672
SUB_HIFLD_1691,SUB_HIFLD_4191,meso_SUB_HIFLD_1691_SUB_HIFLD_4191_fwd,800.0,0.0,0.0,0,672
SUB_HIFLD_1691,SUB_HIFLD_1566,meso_SUB_HIFLD_1691_SUB_HIFLD_1566_rev,800.0,0.0,0.0,0,672
SUB_HIFLD_1691,SUB_HIFLD_1568,meso_SUB_HIFLD_1691_SUB_HIFLD_1568_rev,1600.0,0.0,0.0,0,672
SUB_HIFLD_1692,SUB_HIFLD_2115,meso_SUB_HIFLD_1692_SUB_HIFLD_2115_fwd,800.0,0.0,0.0,0,672
SUB_HIFLD_1692,SUB_HIFLD_1600,meso_SUB_HIFLD_1692_SUB_HIFLD_1600_rev,800.0,0.0,0.0,0,672
SUB_HIFLD_1693,SUB_HIFLD_1643,meso_SUB_HIFLD_1693_SUB_HIFLD_1643_rev,800.0,0.0,0.0,0,672
SUB_HIFLD_1693,SUB_HIFLD_1652,meso_SUB_HIFLD_1693_SUB_HIFLD_1652_rev,800.0,9.218852722752017,18.14548409489518,0,672
SUB_HIFLD_1693,SUB_HIFLD_1706,meso_SUB_HIFLD_1693_SUB_HIFLD_1706_fwd,800.0,0.3348165882936712,1.318326151739691,0,672
SUB_HIFLD_1694,SUB_HIFLD_1727,meso_SUB_HIFLD_1694_SUB_HIFLD_1727_fwd,1600.0,1.7300064277918392,1.8181818181818181,0,672
SUB_HIFLD_1694,SUB_HIFLD_1758,meso_SUB_HIFLD_1694_SUB_HIFLD_1758_fwd,800.0,0.0,0.0,0,672
SUB_HIFLD_1695,SUB_HIFLD_1690,meso_SUB_HIFLD_1695_SUB_HIFLD_1690_rev,1600.0,0.0,0.0,0,672
SUB_HIFLD_1695,SUB_HIFLD_1750,meso_SUB_HIFLD_1695_SUB_HIFLD_1750_fwd,800.0,0.0,0.0,0,672
SUB_HIFLD_1696,SUB_HIFLD_1776,meso_SUB_HIFLD_1696_SUB_HIFLD_1776_fwd,800.0,0.0,0.0,0,672
SUB_HIFLD_1696,SUB_HIFLD_4191,meso_SUB_HIFLD_1696_SUB_HIFLD_4191_fwd,800.0,0.0,0.0,0,672
SUB_HIFLD_1696,SUB_HIFLD_4196,meso_SUB_HIFLD_1696_SUB_HIFLD_4196_fwd,800.0,0.0,0.0,0,672
SUB_HIFLD_1696,SUB_HIFLD_1568,meso_SUB_HIFLD_1696_SUB_HIFLD_1568_rev,800.0,0.0,0.0,0,672
SUB_HIFLD_1697,SUB_HIFLD_1667,meso_SUB_HIFLD_1697_SUB_HIFLD_1667_rev,800.0,19.55332022202055,44.198398891752575,0,672
SUB_HIFLD_1697,SUB_HIFLD_1688,meso_SUB_HIFLD_1697_SUB_HIFLD_1688_rev,800.0,0.0,0.0,0,672
SUB_HIFLD_1697,SUB_HIFLD_2717,meso_SUB_HIFLD_1697_SUB_HIFLD_2717_fwd,800.0,0.0,0.0,0,672
SUB_HIFLD_1698,SUB_HIFLD_1682,meso_SUB_HIFLD_1698_SUB_HIFLD_1682_rev,800.0,0.0,0.0,0,672
SUB_HIFLD_1699,SUB_HIFLD_1257,meso_SUB_HIFLD_1699_SUB_HIFLD_1257_rev,800.0,0.0,0.0,0,672
SUB_HIFLD_1699,SUB_HIFLD_3914,meso_SUB_HIFLD_1699_SUB_HIFLD_3914_fwd,800.0,0.0,0.0,0,672
SUB_HIFLD_1699,SUB_HIFLD_4436,meso_SUB_HIFLD_1699_SUB_HIFLD_4436_fwd,800.0,0.17662439294530882,60.94204306250274,0,672
SUB_HIFLD_1699,SUB_HIFLD_1702,meso_SUB_HIFLD_1699_SUB_HIFLD_1702_fwd,800.0,52.55238219885248,112.62373550257733,0,672
SUB_HIFLD_1700,SUB_HIFLD_1578,meso_SUB_HIFLD_1700_SUB_HIFLD_1578_rev,800.0,0.0,0.0,0,672
SUB_HIFLD_1700,SUB_HIFLD_1649,meso_SUB_HIFLD_1700_SUB_HIFLD_1649_rev,800.0,0.0,0.0,0,672
SUB_HIFLD_1700,SUB_HIFLD_1704,meso_SUB_HIFLD_1700_SUB_HIFLD_1704_fwd,800.0,0.0,0.0,0,672
SUB_HIFLD_1700,SUB_HIFLD_3178,meso_SUB_HIFLD_1700_SUB_HIFLD_3178_fwd,800.0,0.1925855269826664,15.450794286055908,0,672
SUB_HIFLD_1700,SUB_HIFLD_1641,meso_SUB_HIFLD_1700_SUB_HIFLD_1641_rev,800.0,5.841681227378618,68.49864635829177,0,672
SUB_HIFLD_1700,SUB_HIFLD_1765,meso_SUB_HIFLD_1700_SUB_HIFLD_1765_fwd,1600.0,0.0,0.0,0,672
SUB_HIFLD_1701,SUB_HIFLD_1538,meso_SUB_HIFLD_1701_SUB_HIFLD_1538_rev,800.0,0.0,0.0,0,672
SUB_HIFLD_1701,SUB_HIFLD_1730,meso_SUB_HIFLD_1701_SUB_HIFLD_1730_fwd,800.0,0.0,0.0,0,672
SUB_HIFLD_1701,SUB_HIFLD_4337,meso_SUB_HIFLD_1701_SUB_HIFLD_4337_fwd,800.0,0.0,0.0,0,672
SUB_HIFLD_1702,SUB_HIFLD_3507,meso_SUB_HIFLD_1702_SUB_HIFLD_3507_fwd,800.0,0.0,0.0,0,672
SUB_HIFLD_1702,SUB_HIFLD_3914,meso_SUB_HIFLD_1702_SUB_HIFLD_3914_fwd,800.0,0.0,0.0,0,672
SUB_HIFLD_1702,SUB_HIFLD_1699,meso_SUB_HIFLD_1702_SUB_HIFLD_1699_rev,800.0,0.0,0.0,0,672
SUB_HIFLD_1702,SUB_HIFLD_3231,meso_SUB_HIFLD_1702_SUB_HIFLD_3231_fwd,800.0,0.0,0.0,0,672
SUB_HIFLD_1703,SUB_HIFLD_1532,meso_SUB_HIFLD_1703_SUB_HIFLD_1532_rev,800.0,0.0,0.0,0,672
SUB_HIFLD_1703,SUB_HIFLD_2617,meso_SUB_HIFLD_1703_SUB_HIFLD_2617_fwd,800.0,0.42606683459455075,41.168224472727715,0,672
SUB_HIFLD_1703,SUB_HIFLD_3735,meso_SUB_HIFLD_1703_SUB_HIFLD_3735_fwd,800.0,6.537535392005547,11.190297858308869,0,672
SUB_HIFLD_1703,SUB_HIFLD_1613,meso_SUB_HIFLD_1703_SUB_HIFLD_1613_rev,800.0,0.0,0.0,0,672
SUB_HIFLD_1704,SUB_HIFLD_1607,meso_SUB_HIFLD_1704_SUB_HIFLD_1607_rev,800.0,0.0,0.0,0,672
SUB_HIFLD_1704,SUB_HIFLD_1649,meso_SUB_HIFLD_1704_SUB_HIFLD_1649_rev,800.0,0.0,0.0,0,672
SUB_HIFLD_1704,SUB_HIFLD_1700,meso_SUB_HIFLD_1704_SUB_HIFLD_1700_rev,800.0,0.0,0.0,0,672
SUB_HIFLD_1704,SUB_HIFLD_3294,meso_SUB_HIFLD_1704_SUB_HIFLD_3294_fwd,800.0,0.0,0.0,0,672
SUB_HIFLD_1704,SUB_HIFLD_3739,meso_SUB_HIFLD_1704_SUB_HIFLD_3739_fwd,800.0,0.0,0.0,0,672
SUB_HIFLD_1704,SUB_HIFLD_1563,meso_SUB_HIFLD_1704_SUB_HIFLD_1563_rev,800.0,25.760797241018036,63.44797396525763,0,672
SUB_HIFLD_1704,SUB_HIFLD_1641,meso_SUB_HIFLD_1704_SUB_HIFLD_1641_rev,800.0,55.63986501532134,91.57364243758283,0,672
SUB_HIFLD_1704,SUB_HIFLD_1765,meso_SUB_HIFLD_1704_SUB_HIFLD_1765_fwd,800.0,0.0,0.0,0,672
SUB_HIFLD_1705,SUB_HIFLD_1615,meso_SUB_HIFLD_1705_SUB_HIFLD_1615_rev,800.0,0.0,0.0,0,672
SUB_HIFLD_1705,SUB_HIFLD_2597,meso_SUB_HIFLD_1705_SUB_HIFLD_2597_fwd,800.0,2.294474610631295,5.660267409362048,0,672
SUB_HIFLD_1705,SUB_HIFLD_3720,meso_SUB_HIFLD_1705_SUB_HIFLD_3720_fwd,800.0,4.271921543801129,10.479739851804124,0,672
SUB_HIFLD_1705,SUB_HIFLD_1598,meso_SUB_HIFLD_1705_SUB_HIFLD_1598_rev,800.0,0.0,0.0,0,672
SUB_HIFLD_1705,SUB_HIFLD_1717,meso_SUB_HIFLD_1705_SUB_HIFLD_1717_fwd,1600.0,0.0,0.0,0,672
SUB_HIFLD_1705,SUB_HIFLD_1720,meso_SUB_HIFLD_1705_SUB_HIFLD_1720_fwd,800.0,0.7769795955719756,1.79329959830058,0,672
SUB_HIFLD_1705,SUB_HIFLD_3723,meso_SUB_HIFLD_1705_SUB_HIFLD_3723_rev,118.18181818181816,0.0,0.0,0,672
SUB_HIFLD_1706,SUB_HIFLD_1693,meso_SUB_HIFLD_1706_SUB_HIFLD_1693_rev,800.0,0.4511197316082064,1.9531528586852955,0,672
SUB_HIFLD_1706,SUB_HIFLD_3435,meso_SUB_HIFLD_1706_SUB_HIFLD_3435_fwd,800.0,0.0,0.0,0,672
SUB_HIFLD_1707,SUB_HIFLD_2952,meso_SUB_HIFLD_1707_SUB_HIFLD_2952_fwd,800.0,0.0,0.0,0,672
SUB_HIFLD_1708,SUB_HIFLD_1548,meso_SUB_HIFLD_1708_SUB_HIFLD_1548_rev,800.0,0.0,0.0,0,672
SUB_HIFLD_1708,SUB_HIFLD_1762,meso_SUB_HIFLD_1708_SUB_HIFLD_1762_fwd,800.0,0.0,0.0,0,672
SUB_HIFLD_1709,SUB_HIFLD_4106,meso_SUB_HIFLD_1709_SUB_HIFLD_4106_fwd,800.0,0.0,0.0,0,672
SUB_HIFLD_1709,SUB_HIFLD_4193,meso_SUB_HIFLD_1709_SUB_HIFLD_4193_fwd,800.0,11.09093018422922,20.786378738839286,0,672
SUB_HIFLD_1710,SUB_HIFLD_1769,meso_SUB_HIFLD_1710_SUB_HIFLD_1769_fwd,800.0,0.0,0.0,0,672
SUB_HIFLD_1710,SUB_HIFLD_3737,meso_SUB_HIFLD_1710_SUB_HIFLD_3737_fwd,800.0,2.6911510251370423,5.549142404584136,0,672
SUB_HIFLD_1710,SUB_HIFLD_1673,meso_SUB_HIFLD_1710_SUB_HIFLD_1673_rev,800.0,0.0,0.0,0,672
SUB_HIFLD_1711,SUB_HIFLD_1599,meso_SUB_HIFLD_1711_SUB_HIFLD_1599_rev,800.0,0.0,0.0,0,672
SUB_HIFLD_1711,SUB_HIFLD_1609,meso_SUB_HIFLD_1711_SUB_HIFLD_1609_rev,800.0,0.0,0.0,0,672
SUB_HIFLD_1711,SUB_HIFLD_1727,meso_SUB_HIFLD_1711_SUB_HIFLD_1727_fwd,800.0,0.0,0.0,0,672
SUB_HIFLD_1712,SUB_HIFLD_1579,meso_SUB_HIFLD_1712_SUB_HIFLD_1579_rev,800.0,0.0,0.0,0,672
SUB_HIFLD_1712,SUB_HIFLD_1757,meso_SUB_HIFLD_1712_SUB_HIFLD_1757_fwd,800.0,0.0,0.0,0,672
SUB_HIFLD_1712,SUB_HIFLD_1650,meso_SUB_HIFLD_1712_SUB_HIFLD_1650_rev,800.0,0.0,0.0,0,672
SUB_HIFLD_1712,SUB_HIFLD_1744,meso_SUB_HIFLD_1712_SUB_HIFLD_1744_fwd,1600.0,18.12374772629108,31.815352082229698,0,672
SUB_HIFLD_1713,SUB_HIFLD_1534,meso_SUB_HIFLD_1713_SUB_HIFLD_1534_rev,800.0,25.77607161467316,46.50187579762275,0,672
SUB_HIFLD_1713,SUB_HIFLD_1537,meso_SUB_HIFLD_1713_SUB_HIFLD_1537_rev,800.0,67.20001290079357,146.58079457521345,0,672
SUB_HIFLD_1713,SUB_HIFLD_1635,meso_SUB_HIFLD_1713_SUB_HIFLD_1635_rev,15000.0,1.0192784195620357,35.263402202240016,0,672
SUB_HIFLD_1713,SUB_HIFLD_1768,meso_SUB_HIFLD_1713_SUB_HIFLD_1768_fwd,16500.0,0.0,0.0,0,672
SUB_HIFLD_1713,SUB_HIFLD_3431,meso_SUB_HIFLD_1713_SUB_HIFLD_3431_fwd,800.0,0.0,0.0,0,672
SUB_HIFLD_1713,SUB_HIFLD_3714,meso_SUB_HIFLD_1713_SUB_HIFLD_3714_fwd,800.0,0.0,0.0,0,672
SUB_HIFLD_1713,SUB_HIFLD_1529,meso_SUB_HIFLD_1713_SUB_HIFLD_1529_rev,800.0,2.990328619482164,6.34686088405352,0,672
SUB_HIFLD_1713,SUB_HIFLD_1541,meso_SUB_HIFLD_1713_SUB_HIFLD_1541_rev,800.0,24.524787589584705,50.61386656475848,0,672
SUB_HIFLD_1713,SUB_HIFLD_1555,meso_SUB_HIFLD_1713_SUB_HIFLD_1555_rev,1600.0,46.20781185053866,90.15089608353703,0,672
SUB_HIFLD_1713,SUB_HIFLD_1573,meso_SUB_HIFLD_1713_SUB_HIFLD_1573_rev,800.0,116.77674905648853,301.0290923251674,0,672
SUB_HIFLD_1713,SUB_HIFLD_1641,meso_SUB_HIFLD_1713_SUB_HIFLD_1641_rev,4000.0,37.952855572179196,289.49280773584826,0,672
SUB_HIFLD_1713,SUB_HIFLD_1645,meso_SUB_HIFLD_1713_SUB_HIFLD_1645_rev,800.0,23.513011185485183,154.53939836526203,0,672
SUB_HIFLD_1713,SUB_HIFLD_1651,meso_SUB_HIFLD_1713_SUB_HIFLD_1651_rev,800.0,0.024408276746171693,1.5652972081850403,0,672
SUB_HIFLD_1713,SUB_HIFLD_1664,meso_SUB_HIFLD_1713_SUB_HIFLD_1664_rev,8000.0,0.0,0.0,0,672
SUB_HIFLD_1713,WECC_SCE,iface_SUB_HIFLD_1713_WECC_SCE_to_ba,557.8384718587145,0.0,0.0,0,672
SUB_HIFLD_1714,SUB_HIFLD_4287,meso_SUB_HIFLD_1714_SUB_HIFLD_4287_fwd,800.0,0.0,0.0,0,672
SUB_HIFLD_1714,SUB_HIFLD_1623,meso_SUB_HIFLD_1714_SUB_HIFLD_1623_rev,50.0,0.0,0.0,0,672
SUB_HIFLD_1715,SUB_HIFLD_1685,meso_SUB_HIFLD_1715_SUB_HIFLD_1685_rev,800.0,0.0,0.0,0,672
SUB_HIFLD_1715,SUB_HIFLD_1754,meso_SUB_HIFLD_1715_SUB_HIFLD_1754_fwd,800.0,0.0,0.0,0,672
SUB_HIFLD_1715,SUB_HIFLD_1661,meso_SUB_HIFLD_1715_SUB_HIFLD_1661_rev,800.0,0.0,0.0,0,672
SUB_HIFLD_1716,SUB_HIFLD_1261,meso_SUB_HIFLD_1716_SUB_HIFLD_1261_rev,4000.0,0.0,0.0,0,672
SUB_HIFLD_1716,SUB_HIFLD_1530,meso_SUB_HIFLD_1716_SUB_HIFLD_1530_rev,4000.0,0.0,0.0,0,672
SUB_HIFLD_1716,SUB_HIFLD_3776,meso_SUB_HIFLD_1716_SUB_HIFLD_3776_fwd,800.0,0.0,0.0,0,672
SUB_HIFLD_1716,SUB_HIFLD_1775,meso_SUB_HIFLD_1716_SUB_HIFLD_1775_fwd,4000.0,0.0,0.0,0,672
SUB_HIFLD_1717,SUB_HIFLD_1664,meso_SUB_HIFLD_1717_SUB_HIFLD_1664_rev,1600.0,0.0,0.0,0,672
SUB_HIFLD_1717,SUB_HIFLD_2597,meso_SUB_HIFLD_1717_SUB_HIFLD_2597_fwd,800.0,0.7063584747390907,5.649383444375069,0,672
SUB_HIFLD_1717,SUB_HIFLD_2832,meso_SUB_HIFLD_1717_SUB_HIFLD_2832_fwd,800.0,0.47863223304148306,5.398426394442821,0,672
SUB_HIFLD_1717,SUB_HIFLD_4329,meso_SUB_HIFLD_1717_SUB_HIFLD_4329_fwd,800.0,0.0,0.0,0,672
SUB_HIFLD_1717,SUB_HIFLD_1705,meso_SUB_HIFLD_1717_SUB_HIFLD_1705_rev,1600.0,0.0,0.0,0,672
SUB_HIFLD_1717,SUB_HIFLD_1720,meso_SUB_HIFLD_1717_SUB_HIFLD_1720_fwd,1600.0,0.24298460487062346,1.8562474830863402,0,672
SUB_HIFLD_1718,SUB_HIFLD_3722,meso_SUB_HIFLD_1718_SUB_HIFLD_3722_fwd,800.0,0.0,0.0,0,672
SUB_HIFLD_1718,SUB_HIFLD_3724,meso_SUB_HIFLD_1718_SUB_HIFLD_3724_fwd,800.0,0.0,0.0,0,672
SUB_HIFLD_1719,SUB_HIFLD_1573,meso_SUB_HIFLD_1719_SUB_HIFLD_1573_rev,800.0,0.0,0.0,0,672
SUB_HIFLD_1719,SUB_HIFLD_2976,meso_SUB_HIFLD_1719_SUB_HIFLD_2976_fwd,800.0,0.0,0.0,0,672
SUB_HIFLD_1719,SUB_HIFLD_3306,meso_SUB_HIFLD_1719_SUB_HIFLD_3306_fwd,800.0,0.0,0.0,0,672
SUB_HIFLD_1719,SUB_HIFLD_1581,meso_SUB_HIFLD_1719_SUB_HIFLD_1581_rev,800.0,0.0,0.0,0,672
SUB_HIFLD_1720,SUB_HIFLD_2597,meso_SUB_HIFLD_1720_SUB_HIFLD_2597_fwd,800.0,0.0,0.0,0,672
SUB_HIFLD_1720,SUB_HIFLD_4329,meso_SUB_HIFLD_1720_SUB_HIFLD_4329_fwd,800.0,0.0,0.0,0,672
SUB_HIFLD_1720,SUB_HIFLD_1705,meso_SUB_HIFLD_1720_SUB_HIFLD_1705_rev,800.0,0.0,0.0,0,672
SUB_HIFLD_1720,SUB_HIFLD_1717,meso_SUB_HIFLD_1720_SUB_HIFLD_1717_rev,1600.0,0.0,0.0,0,672
SUB_HIFLD_1721,SUB_HIFLD_1672,meso_SUB_HIFLD_1721_SUB_HIFLD_1672_rev,800.0,0.0,0.0,0,672
SUB_HIFLD_1721,SUB_HIFLD_2934,meso_SUB_HIFLD_1721_SUB_HIFLD_2934_fwd,800.0,0.0,0.0,0,672
SUB_HIFLD_1722,SUB_HIFLD_1667,meso_SUB_HIFLD_1722_SUB_HIFLD_1667_rev,800.0,0.0,0.0,0,672
SUB_HIFLD_1722,SUB_HIFLD_2717,meso_SUB_HIFLD_1722_SUB_HIFLD_2717_fwd,800.0,0.0,0.0,0,672
SUB_HIFLD_1722,SUB_HIFLD_4035,meso_SUB_HIFLD_1722_SUB_HIFLD_4035_fwd,800.0,0.0,0.0,0,672
SUB_HIFLD_1722,SUB_HIFLD_1688,meso_SUB_HIFLD_1722_SUB_HIFLD_1688_rev,800.0,0.0,0.0,0,672
SUB_HIFLD_1722,SUB_HIFLD_1776,meso_SUB_HIFLD_1722_SUB_HIFLD_1776_fwd,800.0,0.0,0.0,0,672
SUB_HIFLD_1723,SUB_HIFLD_1576,meso_SUB_HIFLD_1723_SUB_HIFLD_1576_rev,800.0,0.0,0.0,0,672
SUB_HIFLD_1723,SUB_HIFLD_1660,meso_SUB_HIFLD_1723_SUB_HIFLD_1660_rev,800.0,0.0,0.0,0,672
SUB_HIFLD_1724,SUB_HIFLD_1674,meso_SUB_HIFLD_1724_SUB_HIFLD_1674_rev,800.0,54.61451783065534,114.47113402061856,0,672
SUB_HIFLD_1724,SUB_HIFLD_1677,meso_SUB_HIFLD_1724_SUB_HIFLD_1677_rev,800.0,27.640084276084238,87.85642719072166,0,672
SUB_HIFLD_1724,SUB_HIFLD_1687,meso_SUB_HIFLD_1724_SUB_HIFLD_1687_rev,4000.0,0.0,0.0,0,672
SUB_HIFLD_1724,SUB_HIFLD_2421,meso_SUB_HIFLD_1724_SUB_HIFLD_2421_fwd,4800.0,0.0,0.0,0,672
SUB_HIFLD_1724,SUB_HIFLD_2431,meso_SUB_HIFLD_1724_SUB_HIFLD_2431_fwd,800.0,0.0,0.0,0,672
SUB_HIFLD_1724,SUB_HIFLD_2432,meso_SUB_HIFLD_1724_SUB_HIFLD_2432_fwd,800.0,43.16873612701161,97.03804768041238,0,672
SUB_HIFLD_1724,SUB_HIFLD_1600,meso_SUB_HIFLD_1724_SUB_HIFLD_1600_rev,800.0,0.0,0.0,0,672
SUB_HIFLD_1724,SUB_HIFLD_1621,meso_SUB_HIFLD_1724_SUB_HIFLD_1621_rev,800.0,1.9341305830293551,74.9801050062781,0,672
SUB_HIFLD_1724,SUB_HIFLD_1733,meso_SUB_HIFLD_1724_SUB_HIFLD_1733_fwd,800.0,0.0,0.0,0,672
SUB_HIFLD_1724,SUB_HIFLD_1748,meso_SUB_HIFLD_1724_SUB_HIFLD_1748_fwd,800.0,0.0,0.0,0,672
SUB_HIFLD_1724,SUB_HIFLD_2413,meso_SUB_HIFLD_1724_SUB_HIFLD_2413_fwd,800.0,17.521356864858035,31.482858811211344,0,672
SUB_HIFLD_1724,SUB_HIFLD_2417,meso_SUB_HIFLD_1724_SUB_HIFLD_2417_fwd,800.0,19.250176206726145,34.40740979381443,0,672
SUB_HIFLD_1725,SUB_HIFLD_3771,meso_SUB_HIFLD_1725_SUB_HIFLD_3771_fwd,800.0,0.0,0.0,0,672
SUB_HIFLD_1725,SUB_HIFLD_1576,meso_SUB_HIFLD_1725_SUB_HIFLD_1576_rev,800.0,0.0052497012583414705,3.5277992456054683,0,672
SUB_HIFLD_1725,SUB_HIFLD_1587,meso_SUB_HIFLD_1725_SUB_HIFLD_1587_rev,800.0,0.0,0.0,0,672
SUB_HIFLD_1726,SUB_HIFLD_1690,meso_SUB_HIFLD_1726_SUB_HIFLD_1690_rev,800.0,0.0,0.0,0,672
SUB_HIFLD_1726,SUB_HIFLD_1740,meso_SUB_HIFLD_1726_SUB_HIFLD_1740_fwd,800.0,0.15605845448389663,6.260258436694588,0,672
SUB_HIFLD_1726,SUB_HIFLD_3913,meso_SUB_HIFLD_1726_SUB_HIFLD_3913_fwd,800.0,0.0,0.0,0,672
SUB_HIFLD_1726,SUB_HIFLD_1268,meso_SUB_HIFLD_1726_SUB_HIFLD_1268_rev,800.0,0.0,0.0,0,672
SUB_HIFLD_1726,SUB_HIFLD_1571,meso_SUB_HIFLD_1726_SUB_HIFLD_1571_rev,800.0,11.430612310690808,16.721425925518453,0,672
SUB_HIFLD_1726,SUB_HIFLD_1625,meso_SUB_HIFLD_1726_SUB_HIFLD_1625_rev,800.0,0.0,0.0,0,672
SUB_HIFLD_1727,SUB_HIFLD_1655,meso_SUB_HIFLD_1727_SUB_HIFLD_1655_rev,800.0,0.0,0.0,0,672
SUB_HIFLD_1727,SUB_HIFLD_1711,meso_SUB_HIFLD_1727_SUB_HIFLD_1711_rev,800.0,0.0,0.0,0,672
SUB_HIFLD_1727,SUB_HIFLD_1758,meso_SUB_HIFLD_1727_SUB_HIFLD_1758_fwd,800.0,0.0,0.0,0,672
SUB_HIFLD_1727,SUB_HIFLD_4296,meso_SUB_HIFLD_1727_SUB_HIFLD_4296_fwd,800.0,0.0,0.0,0,672
SUB_HIFLD_1727,SUB_HIFLD_1261,meso_SUB_HIFLD_1727_SUB_HIFLD_1261_rev,800.0,0.0,0.0,0,672
SUB_HIFLD_1727,SUB_HIFLD_1627,meso_SUB_HIFLD_1727_SUB_HIFLD_1627_rev,1600.0,0.0,0.0,0,672
SUB_HIFLD_1727,SUB_HIFLD_1694,meso_SUB_HIFLD_1727_SUB_HIFLD_1694_rev,1600.0,0.0,0.0,0,672
SUB_HIFLD_1727,SUB_HIFLD_1737,meso_SUB_HIFLD_1727_SUB_HIFLD_1737_fwd,800.0,0.0,0.0,0,672
SUB_HIFLD_1728,SUB_HIFLD_1570,meso_SUB_HIFLD_1728_SUB_HIFLD_1570_rev,800.0,27.9,27.900000000000002,0,672
SUB_HIFLD_1728,SUB_HIFLD_1669,meso_SUB_HIFLD_1728_SUB_HIFLD_1669_rev,800.0,0.0,0.0,0,672
SUB_HIFLD_1729,SUB_HIFLD_1614,meso_SUB_HIFLD_1729_SUB_HIFLD_1614_rev,800.0,0.0,0.0,0,672
SUB_HIFLD_1729,SUB_HIFLD_1772,meso_SUB_HIFLD_1729_SUB_HIFLD_1772_fwd,800.0,0.0,0.0,0,672
SUB_HIFLD_1729,SUB_HIFLD_1625,meso_SUB_HIFLD_1729_SUB_HIFLD_1625_rev,800.0,0.0,0.0,0,672
SUB_HIFLD_1730,SUB_HIFLD_1538,meso_SUB_HIFLD_1730_SUB_HIFLD_1538_rev,800.0,0.0,0.0,0,672
SUB_HIFLD_1730,SUB_HIFLD_1701,meso_SUB_HIFLD_1730_SUB_HIFLD_1701_rev,800.0,0.0,0.0,0,672
SUB_HIFLD_1730,SUB_HIFLD_2801,meso_SUB_HIFLD_1730_SUB_HIFLD_2801_fwd,800.0,1.9879994903796212,69.4919259485599,0,672
SUB_HIFLD_1730,SUB_HIFLD_4287,meso_SUB_HIFLD_1730_SUB_HIFLD_4287_fwd,800.0,0.0,0.0,0,672
SUB_HIFLD_1730,SUB_HIFLD_4398,meso_SUB_HIFLD_1730_SUB_HIFLD_4398_fwd,800.0,0.0,0.0,0,672
SUB_HIFLD_1730,SUB_HIFLD_1678,meso_SUB_HIFLD_1730_SUB_HIFLD_1678_rev,1500.0,1.5970971768135336,37.70821520618557,0,672
SUB_HIFLD_1730,SUB_HIFLD_2983,meso_SUB_HIFLD_1730_SUB_HIFLD_2983_fwd,800.0,0.0,0.0,0,672
SUB_HIFLD_1731,SUB_HIFLD_2554,meso_SUB_HIFLD_1731_SUB_HIFLD_2554_fwd,800.0,0.0,0.0,0,672
SUB_HIFLD_1731,SUB_HIFLD_1569,meso_SUB_HIFLD_1731_SUB_HIFLD_1569_rev,800.0,0.0,0.0,0,672
SUB_HIFLD_1731,SUB_HIFLD_1650,meso_SUB_HIFLD_1731_SUB_HIFLD_1650_rev,800.0,0.0,0.0,0,672
SUB_HIFLD_1731,SUB_HIFLD_1654,meso_SUB_HIFLD_1731_SUB_HIFLD_1654_rev,800.0,0.0,0.0,0,672
SUB_HIFLD_1732,SUB_HIFLD_1612,meso_SUB_HIFLD_1732_SUB_HIFLD_1612_rev,800.0,0.0,0.0,0,672
SUB_HIFLD_1732,SUB_HIFLD_1647,meso_SUB_HIFLD_1732_SUB_HIFLD_1647_rev,800.0,0.21951296326887826,40.0,0,672
SUB_HIFLD_1732,SUB_HIFLD_1759,meso_SUB_HIFLD_1732_SUB_HIFLD_1759_fwd,800.0,0.0,0.0,0,672
SUB_HIFLD_1733,SUB_HIFLD_1621,meso_SUB_HIFLD_1733_SUB_HIFLD_1621_rev,800.0,0.0,0.0,0,672
SUB_HIFLD_1733,SUB_HIFLD_4352,meso_SUB_HIFLD_1733_SUB_HIFLD_4352_fwd,800.0,0.0,0.0,0,672
SUB_HIFLD_1733,SUB_HIFLD_1677,meso_SUB_HIFLD_1733_SUB_HIFLD_1677_rev,800.0,15.3796944075028,80.63975515463918,0,672
SUB_HIFLD_1733,SUB_HIFLD_1724,meso_SUB_HIFLD_1733_SUB_HIFLD_1724_rev,800.0,0.0,0.0,0,672
SUB_HIFLD_1733,WECC_SCE,iface_SUB_HIFLD_1733_WECC_SCE_to_ba,40000.0,0.0,0.0,0,672
SUB_HIFLD_1734,SUB_HIFLD_2605,meso_SUB_HIFLD_1734_SUB_HIFLD_2605_fwd,800.0,0.0,0.0,0,672
SUB_HIFLD_1734,SUB_HIFLD_2668,meso_SUB_HIFLD_1734_SUB_HIFLD_2668_fwd,800.0,0.0,0.0,0,672
SUB_HIFLD_1734,SUB_HIFLD_3751,meso_SUB_HIFLD_1734_SUB_HIFLD_3751_fwd,800.0,0.0,0.0,0,672
SUB_HIFLD_1734,SUB_HIFLD_1589,meso_SUB_HIFLD_1734_SUB_HIFLD_1589_rev,800.0,0.0,0.0,0,672
SUB_HIFLD_1735,SUB_HIFLD_1256,meso_SUB_HIFLD_1735_SUB_HIFLD_1256_rev,800.0,0.0,0.0,0,672
SUB_HIFLD_1735,SUB_HIFLD_3231,meso_SUB_HIFLD_1735_SUB_HIFLD_3231_fwd,800.0,0.0,0.0,0,672
SUB_HIFLD_1735,SUB_HIFLD_3507,meso_SUB_HIFLD_1735_SUB_HIFLD_3507_fwd,800.0,0.0,0.0,0,672
SUB_HIFLD_1735,SUB_HIFLD_2961,meso_SUB_HIFLD_1735_SUB_HIFLD_2961_fwd,800.0,6.53320199175338,69.09047354926135,0,672
SUB_HIFLD_1736,SUB_HIFLD_3306,meso_SUB_HIFLD_1736_SUB_HIFLD_3306_fwd,800.0,4.36315143596514,9.9,0,672
SUB_HIFLD_1737,SUB_HIFLD_1599,meso_SUB_HIFLD_1737_SUB_HIFLD_1599_rev,800.0,0.0,0.0,0,672
SUB_HIFLD_1737,SUB_HIFLD_4214,meso_SUB_HIFLD_1737_SUB_HIFLD_4214_fwd,800.0,0.0,0.0,0,672
SUB_HIFLD_1737,SUB_HIFLD_1727,meso_SUB_HIFLD_1737_SUB_HIFLD_1727_rev,800.0,0.0,0.0,0,672
SUB_HIFLD_1738,SUB_HIFLD_1610,meso_SUB_HIFLD_1738_SUB_HIFLD_1610_rev,800.0,0.0,0.0,0,672
SUB_HIFLD_1738,SUB_HIFLD_3348,meso_SUB_HIFLD_1738_SUB_HIFLD_3348_fwd,800.0,0.0,0.0,0,672
SUB_HIFLD_1740,SUB_HIFLD_1614,meso_SUB_HIFLD_1740_SUB_HIFLD_1614_rev,800.0,0.0,0.0,0,672
SUB_HIFLD_1740,SUB_HIFLD_1726,meso_SUB_HIFLD_1740_SUB_HIFLD_1726_rev,800.0,0.0,0.0,0,672
SUB_HIFLD_1740,SUB_HIFLD_1268,meso_SUB_HIFLD_1740_SUB_HIFLD_1268_rev,800.0,0.0,0.0,0,672
SUB_HIFLD_1740,SUB_HIFLD_1571,meso_SUB_HIFLD_1740_SUB_HIFLD_1571_rev,800.0,0.0,0.0,0,672
SUB_HIFLD_1740,SUB_HIFLD_1625,meso_SUB_HIFLD_1740_SUB_HIFLD_1625_rev,800.0,0.0,0.0,0,672
SUB_HIFLD_1741,SUB_HIFLD_1610,meso_SUB_HIFLD_1741_SUB_HIFLD_1610_rev,800.0,0.0,0.0,0,672
SUB_HIFLD_1741,SUB_HIFLD_3307,meso_SUB_HIFLD_1741_SUB_HIFLD_3307_fwd,800.0,0.0,0.0,0,672
SUB_HIFLD_1741,SUB_HIFLD_3396,meso_SUB_HIFLD_1741_SUB_HIFLD_3396_fwd,800.0,0.0,0.0,0,672
SUB_HIFLD_1741,SUB_HIFLD_1568,meso_SUB_HIFLD_1741_SUB_HIFLD_1568_rev,800.0,0.0,0.0,0,672
SUB_HIFLD_1741,SUB_HIFLD_1641,meso_SUB_HIFLD_1741_SUB_HIFLD_1641_rev,800.0,0.0,0.0,0,672
SUB_HIFLD_1742,SUB_HIFLD_1650,meso_SUB_HIFLD_1742_SUB_HIFLD_1650_rev,800.0,0.0,0.0,0,672
SUB_HIFLD_1742,SUB_HIFLD_1760,meso_SUB_HIFLD_1742_SUB_HIFLD_1760_fwd,800.0,0.0,0.0,0,672
SUB_HIFLD_1743,SUB_HIFLD_4349,meso_SUB_HIFLD_1743_SUB_HIFLD_4349_fwd,800.0,0.0,0.0,0,672
SUB_HIFLD_1744,SUB_HIFLD_1544,meso_SUB_HIFLD_1744_SUB_HIFLD_1544_rev,800.0,0.0,0.0,0,672
SUB_HIFLD_1744,SUB_HIFLD_3734,meso_SUB_HIFLD_1744_SUB_HIFLD_3734_fwd,800.0,0.5022667950371287,0.5172539779820393,0,672
SUB_HIFLD_1744,SUB_HIFLD_1712,meso_SUB_HIFLD_1744_SUB_HIFLD_1712_rev,1600.0,0.0,0.0,0,672
SUB_HIFLD_1745,SUB_HIFLD_1764,meso_SUB_HIFLD_1745_SUB_HIFLD_1764_fwd,800.0,8.818015032699085,18.073513130567097,0,672
SUB_HIFLD_1745,SUB_HIFLD_1660,meso_SUB_HIFLD_1745_SUB_HIFLD_1660_rev,800.0,70.42235340236714,105.43434367610136,0,672
SUB_HIFLD_1745,WECC_SCE,iface_SUB_HIFLD_1745_WECC_SCE_to_ba,557.8384718587145,0.0,0.0,0,672
SUB_HIFLD_1746,SUB_HIFLD_1583,meso_SUB_HIFLD_1746_SUB_HIFLD_1583_rev,800.0,0.0,0.0,0,672
SUB_HIFLD_1747,SUB_HIFLD_1968,meso_SUB_HIFLD_1747_SUB_HIFLD_1968_fwd,800.0,0.0,0.0,0,672
SUB_HIFLD_1747,SUB_HIFLD_2674,meso_SUB_HIFLD_1747_SUB_HIFLD_2674_fwd,800.0,0.0,0.0,0,672
SUB_HIFLD_1747,SUB_HIFLD_4102,meso_SUB_HIFLD_1747_SUB_HIFLD_4102_fwd,800.0,0.0,0.0,0,672
SUB_HIFLD_1747,SUB_HIFLD_1566,meso_SUB_HIFLD_1747_SUB_HIFLD_1566_rev,800.0,0.0,0.0,0,672
SUB_HIFLD_1747,SUB_HIFLD_1679,meso_SUB_HIFLD_1747_SUB_HIFLD_1679_rev,800.0,0.0,0.0,0,672
SUB_HIFLD_1747,SUB_HIFLD_1978,meso_SUB_HIFLD_1747_SUB_HIFLD_1978_fwd,1600.0,0.0,0.0,0,672
SUB_HIFLD_1748,SUB_HIFLD_1539,meso_SUB_HIFLD_1748_SUB_HIFLD_1539_rev,4000.0,0.0,0.0,0,672
SUB_HIFLD_1748,SUB_HIFLD_1621,meso_SUB_HIFLD_1748_SUB_HIFLD_1621_rev,4000.0,10.282859386429253,39.2,0,672
SUB_HIFLD_1748,SUB_HIFLD_1724,meso_SUB_HIFLD_1748_SUB_HIFLD_1724_rev,800.0,19.496307280237414,39.2,0,672
SUB_HIFLD_1748,WECC_SCE,iface_SUB_HIFLD_1748_WECC_SCE_to_ba,8925.415549739431,0.0,0.0,0,672
SUB_HIFLD_1749,SUB_HIFLD_1572,meso_SUB_HIFLD_1749_SUB_HIFLD_1572_rev,800.0,0.0,0.0,0,672
SUB_HIFLD_1749,SUB_HIFLD_1261,meso_SUB_HIFLD_1749_SUB_HIFLD_1261_rev,800.0,0.0,0.0,0,672
SUB_HIFLD_1749,SUB_HIFLD_1775,meso_SUB_HIFLD_1749_SUB_HIFLD_1775_fwd,1600.0,0.0,0.0,0,672
SUB_HIFLD_1750,SUB_HIFLD_1695,meso_SUB_HIFLD_1750_SUB_HIFLD_1695_rev,800.0,0.0,0.0,0,672
SUB_HIFLD_1750,SUB_HIFLD_1752,meso_SUB_HIFLD_1750_SUB_HIFLD_1752_fwd,800.0,0.0,0.0,0,672
SUB_HIFLD_1751,SUB_HIFLD_1561,meso_SUB_HIFLD_1751_SUB_HIFLD_1561_fwd,50.0,0.0,0.0,0,672
SUB_HIFLD_1752,SUB_HIFLD_1750,meso_SUB_HIFLD_1752_SUB_HIFLD_1750_rev,800.0,0.0,0.0,0,672
SUB_HIFLD_1754,SUB_HIFLD_1685,meso_SUB_HIFLD_1754_SUB_HIFLD_1685_rev,800.0,0.0,0.0,0,672
SUB_HIFLD_1754,SUB_HIFLD_1715,meso_SUB_HIFLD_1754_SUB_HIFLD_1715_rev,800.0,0.0,0.0,0,672
SUB_HIFLD_1754,SUB_HIFLD_1766,meso_SUB_HIFLD_1754_SUB_HIFLD_1766_fwd,800.0,0.0,0.0,0,672
SUB_HIFLD_1755,SUB_HIFLD_1535,meso_SUB_HIFLD_1755_SUB_HIFLD_1535_rev,800.0,0.0,0.0,0,672
SUB_HIFLD_1755,SUB_HIFLD_3777,meso_SUB_HIFLD_1755_SUB_HIFLD_3777_fwd,800.0,0.0,0.0,0,672
SUB_HIFLD_1755,SUB_HIFLD_3779,meso_SUB_HIFLD_1755_SUB_HIFLD_3779_fwd,800.0,0.0,0.0,0,672
SUB_HIFLD_1755,SUB_HIFLD_3910,meso_SUB_HIFLD_1755_SUB_HIFLD_3910_fwd,800.0,0.7188255418207228,1.2387549331507732,0,672
SUB_HIFLD_1755,SUB_HIFLD_1628,meso_SUB_HIFLD_1755_SUB_HIFLD_1628_rev,800.0,0.0,0.0,0,672
SUB_HIFLD_1756,SUB_HIFLD_1678,meso_SUB_HIFLD_1756_SUB_HIFLD_1678_rev,800.0,0.0,0.0,0,672
SUB_HIFLD_1757,SUB_HIFLD_1650,meso_SUB_HIFLD_1757_SUB_HIFLD_1650_rev,800.0,0.0,0.0,0,672
SUB_HIFLD_1757,SUB_HIFLD_1712,meso_SUB_HIFLD_1757_SUB_HIFLD_1712_rev,800.0,0.0,0.0,0,672
SUB_HIFLD_1758,SUB_HIFLD_1595,meso_SUB_HIFLD_1758_SUB_HIFLD_1595_rev,800.0,0.0,0.0,0,672
SUB_HIFLD_1758,SUB_HIFLD_1648,meso_SUB_HIFLD_1758_SUB_HIFLD_1648_rev,800.0,0.43831168831168826,1.8181818181818181,0,672
SUB_HIFLD_1758,SUB_HIFLD_1727,meso_SUB_HIFLD_1758_SUB_HIFLD_1727_rev,800.0,1.2933136549042832,1.8181818181818181,0,672
SUB_HIFLD_1758,SUB_HIFLD_4296,meso_SUB_HIFLD_1758_SUB_HIFLD_4296_fwd,800.0,0.0,0.0,0,672
SUB_HIFLD_1758,SUB_HIFLD_1694,meso_SUB_HIFLD_1758_SUB_HIFLD_1694_rev,800.0,0.0,0.0,0,672
SUB_HIFLD_1759,SUB_HIFLD_1256,meso_SUB_HIFLD_1759_SUB_HIFLD_1256_rev,800.0,0.0,0.0,0,672
SUB_HIFLD_1759,SUB_HIFLD_1612,meso_SUB_HIFLD_1759_SUB_HIFLD_1612_rev,800.0,0.0,0.0,0,672
SUB_HIFLD_1759,SUB_HIFLD_2976,meso_SUB_HIFLD_1759_SUB_HIFLD_2976_fwd,800.0,0.0,0.0,0,672
SUB_HIFLD_1759,SUB_HIFLD_1732,meso_SUB_HIFLD_1759_SUB_HIFLD_1732_rev,800.0,0.0,0.0,0,672
SUB_HIFLD_1760,SUB_HIFLD_1567,meso_SUB_HIFLD_1760_SUB_HIFLD_1567_rev,800.0,0.0,0.0,0,672
SUB_HIFLD_1760,SUB_HIFLD_1650,meso_SUB_HIFLD_1760_SUB_HIFLD_1650_rev,800.0,0.0,0.0,0,672
SUB_HIFLD_1760,SUB_HIFLD_1742,meso_SUB_HIFLD_1760_SUB_HIFLD_1742_rev,800.0,0.0,0.0,0,672
SUB_HIFLD_1761,SUB_HIFLD_4349,meso_SUB_HIFLD_1761_SUB_HIFLD_4349_fwd,800.0,18.53395537900708,35.213673847014825,0,672
SUB_HIFLD_1761,SUB_HIFLD_1657,meso_SUB_HIFLD_1761_SUB_HIFLD_1657_rev,800.0,0.0,0.0,0,672
SUB_HIFLD_1762,SUB_HIFLD_1708,meso_SUB_HIFLD_1762_SUB_HIFLD_1708_rev,800.0,0.0,0.0,0,672
SUB_HIFLD_1762,SUB_HIFLD_3333,meso_SUB_HIFLD_1762_SUB_HIFLD_3333_fwd,800.0,0.0,0.0,0,672
SUB_HIFLD_1762,SUB_HIFLD_3728,meso_SUB_HIFLD_1762_SUB_HIFLD_3728_fwd,800.0,0.0,0.0,0,672
SUB_HIFLD_1762,SUB_HIFLD_3738,meso_SUB_HIFLD_1762_SUB_HIFLD_3738_fwd,800.0,7.269833627934829,14.11666599548969,0,672
SUB_HIFLD_1762,SUB_HIFLD_1641,meso_SUB_HIFLD_1762_SUB_HIFLD_1641_rev,2400.0,0.0,0.0,0,672
SUB_HIFLD_1762,SUB_HIFLD_1673,meso_SUB_HIFLD_1762_SUB_HIFLD_1673_rev,800.0,0.0,0.0,0,672
SUB_HIFLD_1763,SUB_HIFLD_1583,meso_SUB_HIFLD_1763_SUB_HIFLD_1583_rev,800.0,0.0,0.0,0,672
SUB_HIFLD_1763,SUB_HIFLD_3685,meso_SUB_HIFLD_1763_SUB_HIFLD_3685_fwd,800.0,0.0,0.0,0,672
SUB_HIFLD_1764,SUB_HIFLD_1745,meso_SUB_HIFLD_1764_SUB_HIFLD_1745_rev,800.0,0.0,0.0,0,672
SUB_HIFLD_1764,SUB_HIFLD_2883,meso_SUB_HIFLD_1764_SUB_HIFLD_2883_fwd,800.0,3.379033813794121,7.953804592635709,0,672
SUB_HIFLD_1765,SUB_HIFLD_1607,meso_SUB_HIFLD_1765_SUB_HIFLD_1607_rev,800.0,12.42330511333782,19.00413981958763,0,672
SUB_HIFLD_1765,SUB_HIFLD_1649,meso_SUB_HIFLD_1765_SUB_HIFLD_1649_rev,800.0,0.0,0.0,0,672
SUB_HIFLD_1765,SUB_HIFLD_1700,meso_SUB_HIFLD_1765_SUB_HIFLD_1700_rev,1600.0,6.2208935611972,81.92054794757185,0,672
SUB_HIFLD_1765,SUB_HIFLD_1704,meso_SUB_HIFLD_1765_SUB_HIFLD_1704_rev,800.0,108.64685032095788,132.86070795747423,0,672
SUB_HIFLD_1766,SUB_HIFLD_1593,meso_SUB_HIFLD_1766_SUB_HIFLD_1593_rev,800.0,0.0,0.0,0,672
SUB_HIFLD_1766,SUB_HIFLD_1666,meso_SUB_HIFLD_1766_SUB_HIFLD_1666_rev,800.0,0.0,0.0,0,672
SUB_HIFLD_1766,SUB_HIFLD_1754,meso_SUB_HIFLD_1766_SUB_HIFLD_1754_rev,800.0,5.0526687078986265,7.835737153672681,0,672
SUB_HIFLD_1766,SUB_HIFLD_3778,meso_SUB_HIFLD_1766_SUB_HIFLD_3778_fwd,800.0,8.41775078452798,11.823770739368555,0,672
SUB_HIFLD_1766,SUB_HIFLD_4214,meso_SUB_HIFLD_1766_SUB_HIFLD_4214_fwd,800.0,0.0,0.0,0,672
SUB_HIFLD_1766,SUB_HIFLD_1639,meso_SUB_HIFLD_1766_SUB_HIFLD_1639_rev,800.0,0.0,0.0,0,672
SUB_HIFLD_1767,SUB_HIFLD_1614,meso_SUB_HIFLD_1767_SUB_HIFLD_1614_rev,800.0,0.0,0.0,0,672
SUB_HIFLD_1767,SUB_HIFLD_1625,meso_SUB_HIFLD_1767_SUB_HIFLD_1625_rev,800.0,0.0,0.0,0,672
SUB_HIFLD_1767,SUB_HIFLD_1772,meso_SUB_HIFLD_1767_SUB_HIFLD_1772_fwd,800.0,0.0,0.0,0,672
SUB_HIFLD_1768,SUB_25255,meso_SUB_HIFLD_1768_SUB_25255_rev,1500.0,0.0,0.0,0,672
SUB_HIFLD_1768,SUB_HIFLD_1617,meso_SUB_HIFLD_1768_SUB_HIFLD_1617_rev,15000.0,86.54818940457507,362.2618584219711,0,672
SUB_HIFLD_1768,SUB_HIFLD_1687,meso_SUB_HIFLD_1768_SUB_HIFLD_1687_rev,15000.0,104.97611599887573,640.2181989961863,0,672
SUB_HIFLD_1768,SUB_HIFLD_1689,meso_SUB_HIFLD_1768_SUB_HIFLD_1689_rev,4000.0,0.0,0.0,0,672
SUB_HIFLD_1768,SUB_HIFLD_1713,meso_SUB_HIFLD_1768_SUB_HIFLD_1713_rev,16500.0,384.38857533387045,1161.8338038120173,0,672
SUB_HIFLD_1768,SUB_HIFLD_2115,meso_SUB_HIFLD_1768_SUB_HIFLD_2115_fwd,4000.0,32.24027012116662,54.79987516108246,0,672
SUB_HIFLD_1768,SUB_HIFLD_3063,meso_SUB_HIFLD_1768_SUB_HIFLD_3063_fwd,15000.0,0.18901500871631008,14.327983014932512,0,672
SUB_HIFLD_1768,SUB_HIFLD_838,meso_SUB_HIFLD_1768_SUB_HIFLD_838_fwd,15000.0,238.71758223538473,1475.9912352618226,0,672
SUB_HIFLD_1768,SUB_25261,meso_SUB_HIFLD_1768_SUB_25261_rev,45000.0,0.0,0.0,0,672
SUB_HIFLD_1768,SUB_HIFLD_1538,meso_SUB_HIFLD_1768_SUB_HIFLD_1538_rev,45000.0,0.0,0.0,0,672
SUB_HIFLD_1768,SUB_HIFLD_1598,meso_SUB_HIFLD_1768_SUB_HIFLD_1598_rev,4000.0,63.14309293464534,144.68078313870274,0,672
SUB_HIFLD_1768,SUB_HIFLD_1664,meso_SUB_HIFLD_1768_SUB_HIFLD_1664_rev,15000.0,302.649533187527,1468.5332362834486,0,672
SUB_HIFLD_1768,SUB_HIFLD_2431,meso_SUB_HIFLD_1768_SUB_HIFLD_2431_fwd,4000.0,246.30678875088984,721.0955341513738,0,672
SUB_HIFLD_1768,WECC_SCE,iface_SUB_HIFLD_1768_WECC_SCE_to_ba,557.8384718587145,304.4403632056025,557.8384718587145,316,672
SUB_HIFLD_1769,SUB_HIFLD_1710,meso_SUB_HIFLD_1769_SUB_HIFLD_1710_rev,800.0,0.45578770823633863,15.912174922398053,0,672
SUB_HIFLD_1769,SUB_HIFLD_3485,meso_SUB_HIFLD_1769_SUB_HIFLD_3485_fwd,800.0,0.0,0.0,0,672
SUB_HIFLD_1769,SUB_HIFLD_1597,meso_SUB_HIFLD_1769_SUB_HIFLD_1597_rev,1600.0,0.0,0.0,0,672
SUB_HIFLD_1769,SUB_HIFLD_3767,meso_SUB_HIFLD_1769_SUB_HIFLD_3767_fwd,800.0,0.25369228730014753,94.79660115979382,0,672
SUB_HIFLD_1770,SUB_HIFLD_1584,meso_SUB_HIFLD_1770_SUB_HIFLD_1584_rev,800.0,0.0,0.0,0,672
SUB_HIFLD_1770,SUB_HIFLD_1772,meso_SUB_HIFLD_1770_SUB_HIFLD_1772_fwd,1500.0,0.0,0.0,0,672
SUB_HIFLD_1771,SUB_HIFLD_2782,meso_SUB_HIFLD_1771_SUB_HIFLD_2782_fwd,4000.0,0.0,0.0,0,672
SUB_HIFLD_1771,SUB_HIFLD_1687,meso_SUB_HIFLD_1771_SUB_HIFLD_1687_rev,8000.0,33.49489991245967,76.0,0,672
SUB_HIFLD_1772,SUB_HIFLD_1672,meso_SUB_HIFLD_1772_SUB_HIFLD_1672_rev,800.0,22.769782747142035,64.03491462628865,0,672
SUB_HIFLD_1772,SUB_HIFLD_1729,meso_SUB_HIFLD_1772_SUB_HIFLD_1729_rev,800.0,0.0,0.0,0,672
SUB_HIFLD_1772,SUB_HIFLD_2934,meso_SUB_HIFLD_1772_SUB_HIFLD_2934_fwd,800.0,0.0,0.0,0,672
SUB_HIFLD_1772,SUB_HIFLD_1267,meso_SUB_HIFLD_1772_SUB_HIFLD_1267_rev,800.0,0.0,0.0,0,672
SUB_HIFLD_1772,SUB_HIFLD_1605,meso_SUB_HIFLD_1772_SUB_HIFLD_1605_rev,800.0,0.0,0.0,0,672
SUB_HIFLD_1772,SUB_HIFLD_1767,meso_SUB_HIFLD_1772_SUB_HIFLD_1767_rev,800.0,0.0,0.0,0,672
SUB_HIFLD_1772,SUB_HIFLD_1770,meso_SUB_HIFLD_1772_SUB_HIFLD_1770_rev,1500.0,40.398949200532336,70.6176143685567,0,672
SUB_HIFLD_1773,SUB_HIFLD_3734,meso_SUB_HIFLD_1773_SUB_HIFLD_3734_fwd,800.0,0.0,0.0,0,672
SUB_HIFLD_1774,SUB_HIFLD_1569,meso_SUB_HIFLD_1774_SUB_HIFLD_1569_rev,800.0,0.0,0.0,0,672
SUB_HIFLD_1774,SUB_HIFLD_2554,meso_SUB_HIFLD_1774_SUB_HIFLD_2554_fwd,800.0,0.0,0.0,0,672
SUB_HIFLD_1774,SUB_HIFLD_1650,meso_SUB_HIFLD_1774_SUB_HIFLD_1650_rev,800.0,0.0,0.0,0,672
SUB_HIFLD_1775,SUB_HIFLD_1261,meso_SUB_HIFLD_1775_SUB_HIFLD_1261_rev,800.0,51.1512779165403,299.50318582048567,0,672
SUB_HIFLD_1775,SUB_HIFLD_1572,meso_SUB_HIFLD_1775_SUB_HIFLD_1572_rev,800.0,0.0,0.0,0,672
SUB_HIFLD_1775,SUB_HIFLD_1599,meso_SUB_HIFLD_1775_SUB_HIFLD_1599_rev,4000.0,143.8558389192953,479.36164166592187,0,672
SUB_HIFLD_1775,SUB_HIFLD_1609,meso_SUB_HIFLD_1775_SUB_HIFLD_1609_rev,800.0,0.0,0.0,0,672
SUB_HIFLD_1775,SUB_HIFLD_1716,meso_SUB_HIFLD_1775_SUB_HIFLD_1716_rev,4000.0,0.0,0.0,0,672
SUB_HIFLD_1775,SUB_HIFLD_1749,meso_SUB_HIFLD_1775_SUB_HIFLD_1749_rev,1600.0,0.0,0.0,0,672
SUB_HIFLD_1776,SUB_HIFLD_1696,meso_SUB_HIFLD_1776_SUB_HIFLD_1696_rev,800.0,0.0,0.0,0,672
SUB_HIFLD_1776,SUB_HIFLD_4035,meso_SUB_HIFLD_1776_SUB_HIFLD_4035_fwd,800.0,0.0,0.0,0,672
SUB_HIFLD_1776,SUB_HIFLD_1722,meso_SUB_HIFLD_1776_SUB_HIFLD_1722_rev,800.0,0.0,0.0,0,672
SUB_HIFLD_1777,SUB_HIFLD_1652,meso_SUB_HIFLD_1777_SUB_HIFLD_1652_rev,800.0,0.422295857567902,2.2803726625698877,0,672
SUB_HIFLD_1778,SUB_HIFLD_3024,meso_SUB_HIFLD_1778_SUB_HIFLD_3024_fwd,4000.0,0.0,0.0,0,672
SUB_HIFLD_1778,SUB_HIFLD_1599,meso_SUB_HIFLD_1778_SUB_HIFLD_1599_rev,800.0,0.0,0.0,0,672
SUB_HIFLD_1778,SUB_HIFLD_1638,meso_SUB_HIFLD_1778_SUB_HIFLD_1638_rev,800.0,0.0,0.0,0,672
SUB_HIFLD_1778,SUB_HIFLD_1639,meso_SUB_HIFLD_1778_SUB_HIFLD_1639_rev,800.0,0.0,0.0,0,672
SUB_HIFLD_1779,SUB_HIFLD_1558,meso_SUB_HIFLD_1779_SUB_HIFLD_1558_rev,800.0,0.0,0.0,0,672
SUB_HIFLD_1779,SUB_HIFLD_2558,meso_SUB_HIFLD_1779_SUB_HIFLD_2558_fwd,800.0,0.0,0.0,0,672
SUB_HIFLD_1779,SUB_HIFLD_2902,meso_SUB_HIFLD_1779_SUB_HIFLD_2902_fwd,800.0,0.0,0.0,0,672
SUB_HIFLD_1779,SUB_HIFLD_3772,meso_SUB_HIFLD_1779_SUB_HIFLD_3772_fwd,800.0,0.0,0.0,0,672
SUB_HIFLD_1815,SUB_04341,meso_SUB_HIFLD_1815_SUB_04341_fwd,50.0,1.3785747814204747,3.5,0,672
SUB_HIFLD_1823,SUB_04341,meso_SUB_HIFLD_1823_SUB_04341_fwd,50.0,0.0,0.0,0,672
SUB_HIFLD_1827,SUB_04341,meso_SUB_HIFLD_1827_SUB_04341_rev,3000.0,0.0,0.0,0,672
SUB_HIFLD_1827,SUB_HIFLD_3212,meso_SUB_HIFLD_1827_SUB_HIFLD_3212_fwd,1500.0,0.0,0.0,0,672
SUB_HIFLD_1829,SUB_25470,meso_SUB_HIFLD_1829_SUB_25470_rev,1500.0,0.0,0.0,0,672
SUB_HIFLD_1829,SUB_HIFLD_2705,meso_SUB_HIFLD_1829_SUB_HIFLD_2705_fwd,1500.0,0.0,0.0,0,672
SUB_HIFLD_1829,SUB_HIFLD_1844,meso_SUB_HIFLD_1829_SUB_HIFLD_1844_fwd,1500.0,0.0,0.0,0,672
SUB_HIFLD_1832,SUB_HIFLD_3356,meso_SUB_HIFLD_1832_SUB_HIFLD_3356_fwd,1500.0,0.0,0.0,0,672
SUB_HIFLD_1832,SUB_HIFLD_1848,meso_SUB_HIFLD_1832_SUB_HIFLD_1848_fwd,1500.0,0.0,0.0,0,672
SUB_HIFLD_1833,SUB_25388,meso_SUB_HIFLD_1833_SUB_25388_rev,1500.0,28.131073440418806,60.28343781866333,0,672
SUB_HIFLD_1833,SUB_HIFLD_1153,meso_SUB_HIFLD_1833_SUB_HIFLD_1153_rev,1500.0,8.463580078814156,13.54839420908505,0,672
SUB_HIFLD_1833,SUB_HIFLD_1840,meso_SUB_HIFLD_1833_SUB_HIFLD_1840_fwd,1500.0,0.0,0.0,0,672
SUB_HIFLD_1833,SUB_HIFLD_3623,meso_SUB_HIFLD_1833_SUB_HIFLD_3623_fwd,1500.0,17.789708715944986,31.89053286539152,0,672
SUB_HIFLD_1833,SUB_HIFLD_1836,meso_SUB_HIFLD_1833_SUB_HIFLD_1836_fwd,1500.0,2.299234447188979,3.6656808754832477,0,672
SUB_HIFLD_1833,SUB_HIFLD_1851,meso_SUB_HIFLD_1833_SUB_HIFLD_1851_fwd,1500.0,0.0,0.0,0,672
SUB_HIFLD_1833,SUB_HIFLD_2705,meso_SUB_HIFLD_1833_SUB_HIFLD_2705_fwd,1500.0,0.138260262806863,25.435833996292693,0,672
SUB_HIFLD_1833,SUB_25361,meso_SUB_HIFLD_1833_SUB_25361_rev,540.1070683741551,26.751038277822197,51.85494120489691,0,672
SUB_HIFLD_1836,SUB_HIFLD_3623,meso_SUB_HIFLD_1836_SUB_HIFLD_3623_fwd,1500.0,0.0,0.0,0,672
SUB_HIFLD_1836,SUB_HIFLD_1833,meso_SUB_HIFLD_1836_SUB_HIFLD_1833_rev,1500.0,0.0,0.0,0,672
SUB_HIFLD_1840,SUB_HIFLD_1833,meso_SUB_HIFLD_1840_SUB_HIFLD_1833_rev,1500.0,0.0,0.0,0,672
SUB_HIFLD_1840,SUB_HIFLD_1851,meso_SUB_HIFLD_1840_SUB_HIFLD_1851_fwd,1500.0,0.0,0.0,0,672
SUB_HIFLD_1844,SUB_HIFLD_1829,meso_SUB_HIFLD_1844_SUB_HIFLD_1829_rev,1500.0,0.0,0.0,0,672
SUB_HIFLD_1844,SUB_HIFLD_2705,meso_SUB_HIFLD_1844_SUB_HIFLD_2705_fwd,1500.0,0.0,0.0,0,672
SUB_HIFLD_1844,SUB_25226,meso_SUB_HIFLD_1844_SUB_25226_rev,253.45408237502394,13.214167937708066,24.92839481314433,0,672
SUB_HIFLD_1845,SUB_25245,meso_SUB_HIFLD_1845_SUB_25245_rev,600.0,0.05135979249375669,13.120964478330905,0,672
SUB_HIFLD_1845,SUB_25281,meso_SUB_HIFLD_1845_SUB_25281_rev,1400.0,0.0,0.0,0,672
SUB_HIFLD_1845,SUB_HIFLD_1851,meso_SUB_HIFLD_1845_SUB_HIFLD_1851_fwd,1500.0,0.0,0.0,0,672
SUB_HIFLD_1845,SUB_HIFLD_2705,meso_SUB_HIFLD_1845_SUB_HIFLD_2705_fwd,1500.0,17.90851576984855,32.08664365571823,0,672
SUB_HIFLD_1848,SUB_HIFLD_3356,meso_SUB_HIFLD_1848_SUB_HIFLD_3356_fwd,1500.0,35.358730342221655,56.72195097446594,0,672
SUB_HIFLD_1848,SUB_HIFLD_1832,meso_SUB_HIFLD_1848_SUB_HIFLD_1832_rev,1500.0,6.689876120805624,10.569354059278348,0,672
SUB_HIFLD_1848,WEC_BANC,iface_SUB_HIFLD_1848_WEC_BANC_to_ba,3000.0,0.0,0.0,0,672
SUB_HIFLD_1851,SUB_16371,meso_SUB_HIFLD_1851_SUB_16371_rev,4000.0,0.02924744766381498,5.906674629378806,0,672
SUB_HIFLD_1851,SUB_25242,meso_SUB_HIFLD_1851_SUB_25242_rev,1500.0,9.772338429443133,38.05320439064801,0,672
SUB_HIFLD_1851,SUB_25245,meso_SUB_HIFLD_1851_SUB_25245_rev,3000.0,24.84762211458896,104.3203122887815,0,672
SUB_HIFLD_1851,SUB_25430,meso_SUB_HIFLD_1851_SUB_25430_rev,4000.0,0.0,0.0,0,672
SUB_HIFLD_1851,SUB_25461,meso_SUB_HIFLD_1851_SUB_25461_rev,4000.0,0.0,0.0,0,672
SUB_HIFLD_1851,SUB_25536,meso_SUB_HIFLD_1851_SUB_25536_rev,3000.0,1.2651176391474659,27.48817588213413,0,672
SUB_HIFLD_1851,SUB_HIFLD_1840,meso_SUB_HIFLD_1851_SUB_HIFLD_1840_rev,1500.0,9.644827288485768,15.414857844716495,0,672
SUB_HIFLD_1851,SUB_HIFLD_1845,meso_SUB_HIFLD_1851_SUB_HIFLD_1845_rev,1500.0,13.734884821175028,54.984337632342715,0,672
SUB_HIFLD_1851,SUB_25512,meso_SUB_HIFLD_1851_SUB_25512_rev,4000.0,6.998170848012889,22.96896343427835,0,672
SUB_HIFLD_1851,SUB_HIFLD_1833,meso_SUB_HIFLD_1851_SUB_HIFLD_1833_rev,1500.0,103.49896951863217,186.2175719409583,0,672
SUB_HIFLD_1851,SUB_HIFLD_74,meso_SUB_HIFLD_1851_SUB_HIFLD_74_fwd,4000.0,0.0,0.0,0,672
SUB_HIFLD_1851,WEC_CALN,iface_SUB_HIFLD_1851_WEC_CALN_to_ba,12000.0,0.0,0.0,0,672
SUB_HIFLD_1853,SUB_HIFLD_1866,meso_SUB_HIFLD_1853_SUB_HIFLD_1866_fwd,800.0,0.2519393855353811,0.33744387282538657,0,672
SUB_HIFLD_1853,SUB_HIFLD_1867,meso_SUB_HIFLD_1853_SUB_HIFLD_1867_fwd,800.0,0.0,0.0,0,672
SUB_HIFLD_1854,SUB_HIFLD_1856,meso_SUB_HIFLD_1854_SUB_HIFLD_1856_fwd,800.0,0.35398468624802276,0.5006903579554607,0,672
SUB_HIFLD_1854,SUB_HIFLD_2514,meso_SUB_HIFLD_1854_SUB_HIFLD_2514_fwd,4000.0,0.0,0.0,0,672
SUB_HIFLD_1854,SUB_HIFLD_3436,meso_SUB_HIFLD_1854_SUB_HIFLD_3436_fwd,800.0,0.3772599092229769,0.5331350424855026,0,672
SUB_HIFLD_1854,SUB_HIFLD_1862,meso_SUB_HIFLD_1854_SUB_HIFLD_1862_fwd,4000.0,0.0,0.0,0,672
SUB_HIFLD_1854,WEC_CALN,iface_SUB_HIFLD_1854_WEC_CALN_to_ba,200.0,0.0,0.0,0,672
SUB_HIFLD_1856,SUB_HIFLD_1854,meso_SUB_HIFLD_1856_SUB_HIFLD_1854_rev,800.0,0.0,0.0,0,672
SUB_HIFLD_1860,SUB_HIFLD_3104,meso_SUB_HIFLD_1860_SUB_HIFLD_3104_fwd,800.0,0.0,0.0,0,672
SUB_HIFLD_1860,SUB_HIFLD_481,meso_SUB_HIFLD_1860_SUB_HIFLD_481_fwd,800.0,0.0,0.0,0,672
SUB_HIFLD_1862,SUB_HIFLD_1854,meso_SUB_HIFLD_1862_SUB_HIFLD_1854_rev,4000.0,0.003262887026304618,2.1926600816767032,0,672
SUB_HIFLD_1862,SUB_10372,meso_SUB_HIFLD_1862_SUB_10372_fwd,66.5816923968447,0.0,0.0,0,672
SUB_HIFLD_1864,SUB_HIFLD_3104,meso_SUB_HIFLD_1864_SUB_HIFLD_3104_fwd,800.0,0.0,0.0,0,672
SUB_HIFLD_1864,SUB_HIFLD_481,meso_SUB_HIFLD_1864_SUB_HIFLD_481_fwd,1600.0,0.0,0.0,0,672
SUB_HIFLD_1866,SUB_HIFLD_1853,meso_SUB_HIFLD_1866_SUB_HIFLD_1853_rev,800.0,0.0,0.0,0,672
SUB_HIFLD_1867,SUB_HIFLD_1853,meso_SUB_HIFLD_1867_SUB_HIFLD_1853_rev,800.0,0.349866891020591,0.4686065225421793,0,672
SUB_HIFLD_1867,SUB_HIFLD_3283,meso_SUB_HIFLD_1867_SUB_HIFLD_3283_fwd,800.0,0.0,0.0,0,672
SUB_HIFLD_1870,SUB_HIFLD_1009,meso_SUB_HIFLD_1870_SUB_HIFLD_1009_rev,600.0,0.9264604722511317,1.3289328034391106,0,672
SUB_HIFLD_1870,SUB_HIFLD_2399,meso_SUB_HIFLD_1870_SUB_HIFLD_2399_fwd,143.0,5.337950328231564,13.720647806010296,0,672
SUB_HIFLD_1871,WEC_LADW,iface_SUB_HIFLD_1871_WEC_LADW_to_ba,50.0,0.0,0.0,0,672
SUB_HIFLD_1872,WEC_LADW,iface_SUB_HIFLD_1872_WEC_LADW_to_ba,50.0,0.0,0.0,0,672
SUB_HIFLD_1874,SUB_18203,meso_SUB_HIFLD_1874_SUB_18203_rev,1200.0,15.409621159623255,25.131377620548044,0,672
SUB_HIFLD_1874,SUB_18208,meso_SUB_HIFLD_1874_SUB_18208_rev,600.0,20.08814489833062,71.70085094039652,0,672
SUB_HIFLD_1874,SUB_HIFLD_1195,meso_SUB_HIFLD_1874_SUB_HIFLD_1195_rev,600.0,71.47788974119165,93.41247184385429,0,672
SUB_HIFLD_1917,SUB_HIFLD_1333,meso_SUB_HIFLD_1917_SUB_HIFLD_1333_rev,600.0,18.679899572888537,33.622757329931545,0,672
SUB_HIFLD_1917,SUB_HIFLD_2007,meso_SUB_HIFLD_1917_SUB_HIFLD_2007_fwd,600.0,0.0,0.0,0,672
SUB_HIFLD_1923,SUB_HIFLD_1930,meso_SUB_HIFLD_1923_SUB_HIFLD_1930_fwd,800.0,0.0,0.0,0,672
SUB_HIFLD_1923,SUB_HIFLD_1959,meso_SUB_HIFLD_1923_SUB_HIFLD_1959_fwd,800.0,0.0,0.0,0,672
SUB_HIFLD_1923,SUB_HIFLD_2817,meso_SUB_HIFLD_1923_SUB_HIFLD_2817_fwd,800.0,0.0,0.0,0,672
SUB_HIFLD_1924,SUB_HIFLD_4019,meso_SUB_HIFLD_1924_SUB_HIFLD_4019_fwd,800.0,0.0,0.0,0,672
SUB_HIFLD_1924,SUB_HIFLD_4043,meso_SUB_HIFLD_1924_SUB_HIFLD_4043_fwd,800.0,21.19473985212522,114.04039374589804,0,672
SUB_HIFLD_1924,SUB_HIFLD_1973,meso_SUB_HIFLD_1924_SUB_HIFLD_1973_fwd,800.0,66.0107384074257,174.1584162053215,0,672
SUB_HIFLD_1924,SUB_HIFLD_1992,meso_SUB_HIFLD_1924_SUB_HIFLD_1992_fwd,800.0,20.44581789922037,108.00662854381443,0,672
SUB_HIFLD_1924,SUB_HIFLD_87,meso_SUB_HIFLD_1924_SUB_HIFLD_87_fwd,800.0,0.0,0.0,0,672
SUB_HIFLD_1925,SUB_HIFLD_1492,meso_SUB_HIFLD_1925_SUB_HIFLD_1492_rev,800.0,0.0,0.0,0,672
SUB_HIFLD_1925,SUB_HIFLD_1979,meso_SUB_HIFLD_1925_SUB_HIFLD_1979_fwd,800.0,2.6934300723283777,39.01628845750908,0,672
SUB_HIFLD_1925,SUB_HIFLD_3292,meso_SUB_HIFLD_1925_SUB_HIFLD_3292_fwd,800.0,0.0,0.0,0,672
SUB_HIFLD_1925,SUB_HIFLD_3701,meso_SUB_HIFLD_1925_SUB_HIFLD_3701_fwd,800.0,0.0,0.0,0,672
SUB_HIFLD_1925,SUB_HIFLD_4210,meso_SUB_HIFLD_1925_SUB_HIFLD_4210_fwd,800.0,0.4942186836532964,5.611262307059107,0,672
SUB_HIFLD_1925,SUB_HIFLD_4226,meso_SUB_HIFLD_1925_SUB_HIFLD_4226_fwd,800.0,0.0,0.0,0,672
SUB_HIFLD_1925,SUB_HIFLD_1937,meso_SUB_HIFLD_1925_SUB_HIFLD_1937_fwd,800.0,2.619562855923975,52.212471754463614,0,672
SUB_HIFLD_1925,SUB_HIFLD_1994,meso_SUB_HIFLD_1925_SUB_HIFLD_1994_fwd,800.0,0.0,0.0,0,672
SUB_HIFLD_1926,SUB_HIFLD_1943,meso_SUB_HIFLD_1926_SUB_HIFLD_1943_fwd,800.0,0.0,0.0,0,672
SUB_HIFLD_1926,SUB_HIFLD_1945,meso_SUB_HIFLD_1926_SUB_HIFLD_1945_fwd,4000.0,17.223583535722852,132.16657646601658,0,672
SUB_HIFLD_1926,SUB_HIFLD_1956,meso_SUB_HIFLD_1926_SUB_HIFLD_1956_fwd,800.0,68.78684831889164,162.1274288856122,0,672
SUB_HIFLD_1926,SUB_HIFLD_1961,meso_SUB_HIFLD_1926_SUB_HIFLD_1961_fwd,4000.0,52.690549222637486,114.54406590433125,0,672
SUB_HIFLD_1926,SUB_HIFLD_1983,meso_SUB_HIFLD_1926_SUB_HIFLD_1983_fwd,800.0,9.205012988074792,35.29575950386598,0,672
SUB_HIFLD_1926,SUB_HIFLD_1991,meso_SUB_HIFLD_1926_SUB_HIFLD_1991_fwd,4000.0,14.554143791381017,44.486482087462804,0,672
SUB_HIFLD_1926,SUB_HIFLD_1992,meso_SUB_HIFLD_1926_SUB_HIFLD_1992_fwd,800.0,36.95244603983997,107.8678076675258,0,672
SUB_HIFLD_1926,SUB_HIFLD_3157,meso_SUB_HIFLD_1926_SUB_HIFLD_3157_fwd,800.0,24.786811412833117,46.84559366951013,0,672
SUB_HIFLD_1926,SUB_HIFLD_3698,meso_SUB_HIFLD_1926_SUB_HIFLD_3698_fwd,800.0,16.682007611669697,32.50797761451,0,672
SUB_HIFLD_1926,SUB_HIFLD_1589,meso_SUB_HIFLD_1926_SUB_HIFLD_1589_rev,8000.0,0.0,0.0,0,672
SUB_HIFLD_1926,SUB_HIFLD_1944,meso_SUB_HIFLD_1926_SUB_HIFLD_1944_fwd,12000.0,5.571592109538223,160.92149872941266,0,672
SUB_HIFLD_1926,SUB_HIFLD_1948,meso_SUB_HIFLD_1926_SUB_HIFLD_1948_fwd,800.0,49.478344825539594,135.59388608119428,0,672
SUB_HIFLD_1926,SUB_HIFLD_1960,meso_SUB_HIFLD_1926_SUB_HIFLD_1960_fwd,800.0,27.266065654651644,48.052943782216495,0,672
SUB_HIFLD_1926,SUB_HIFLD_1964,meso_SUB_HIFLD_1926_SUB_HIFLD_1964_fwd,1600.0,26.599905402998626,72.64572326030927,0,672
SUB_HIFLD_1926,SUB_HIFLD_1994,meso_SUB_HIFLD_1926_SUB_HIFLD_1994_fwd,4000.0,169.61578139763893,384.4799514981935,0,672
SUB_HIFLD_1926,SUB_HIFLD_3209,meso_SUB_HIFLD_1926_SUB_HIFLD_3209_fwd,4000.0,0.0,0.0,0,672
SUB_HIFLD_1926,SUB_HIFLD_87,meso_SUB_HIFLD_1926_SUB_HIFLD_87_fwd,4000.0,0.0,0.0,0,672
SUB_HIFLD_1927,SUB_HIFLD_1950,meso_SUB_HIFLD_1927_SUB_HIFLD_1950_fwd,800.0,0.0,0.0,0,672
SUB_HIFLD_1927,SUB_HIFLD_1958,meso_SUB_HIFLD_1927_SUB_HIFLD_1958_fwd,800.0,0.0,0.0,0,672
SUB_HIFLD_1927,SUB_HIFLD_4129,meso_SUB_HIFLD_1927_SUB_HIFLD_4129_fwd,800.0,0.0,0.0,0,672
SUB_HIFLD_1927,SUB_HIFLD_4164,meso_SUB_HIFLD_1927_SUB_HIFLD_4164_fwd,800.0,1.0195983385079455,127.23941838014656,0,672
SUB_HIFLD_1927,SUB_HIFLD_1951,meso_SUB_HIFLD_1927_SUB_HIFLD_1951_fwd,800.0,0.0,0.0,0,672
SUB_HIFLD_1928,SUB_HIFLD_3346,meso_SUB_HIFLD_1928_SUB_HIFLD_3346_fwd,800.0,0.0,0.0,0,672
SUB_HIFLD_1928,SUB_HIFLD_4123,meso_SUB_HIFLD_1928_SUB_HIFLD_4123_rev,50.0,0.0,0.0,0,672
SUB_HIFLD_1929,SUB_HIFLD_1940,meso_SUB_HIFLD_1929_SUB_HIFLD_1940_fwd,800.0,0.0,0.0,0,672
SUB_HIFLD_1929,SUB_HIFLD_2648,meso_SUB_HIFLD_1929_SUB_HIFLD_2648_fwd,800.0,0.9224725149321555,24.90567334134871,0,672
SUB_HIFLD_1929,SUB_HIFLD_1967,meso_SUB_HIFLD_1929_SUB_HIFLD_1967_fwd,800.0,0.0,0.0,0,672
SUB_HIFLD_1929,SUB_HIFLD_1970,meso_SUB_HIFLD_1929_SUB_HIFLD_1970_fwd,800.0,28.352862132338846,53.70225112757733,0,672
SUB_HIFLD_1929,SUB_HIFLD_1981,meso_SUB_HIFLD_1929_SUB_HIFLD_1981_fwd,800.0,0.0,0.0,0,672
SUB_HIFLD_1929,SUB_HIFLD_2624,meso_SUB_HIFLD_1929_SUB_HIFLD_2624_rev,50.0,0.0,0.0,0,672
SUB_HIFLD_1930,SUB_HIFLD_1923,meso_SUB_HIFLD_1930_SUB_HIFLD_1923_rev,800.0,0.0,0.0,0,672
SUB_HIFLD_1930,SUB_HIFLD_2817,meso_SUB_HIFLD_1930_SUB_HIFLD_2817_fwd,800.0,0.0,0.0,0,672
SUB_HIFLD_1930,SUB_HIFLD_4226,meso_SUB_HIFLD_1930_SUB_HIFLD_4226_fwd,800.0,0.0,0.0,0,672
SUB_HIFLD_1930,SUB_HIFLD_1679,meso_SUB_HIFLD_1930_SUB_HIFLD_1679_rev,800.0,0.0,0.0,0,672
SUB_HIFLD_1930,SUB_HIFLD_1937,meso_SUB_HIFLD_1930_SUB_HIFLD_1937_fwd,800.0,17.079756865001862,24.304431640625005,0,672
SUB_HIFLD_1930,SUB_HIFLD_3349,meso_SUB_HIFLD_1930_SUB_HIFLD_3349_fwd,800.0,0.0,0.0,0,672
SUB_HIFLD_1931,SUB_HIFLD_1990,meso_SUB_HIFLD_1931_SUB_HIFLD_1990_fwd,800.0,0.0,0.0,0,672
SUB_HIFLD_1931,SUB_HIFLD_1993,meso_SUB_HIFLD_1931_SUB_HIFLD_1993_fwd,800.0,0.3669315448624279,36.94990335051546,0,672
SUB_HIFLD_1931,SUB_HIFLD_4043,meso_SUB_HIFLD_1931_SUB_HIFLD_4043_fwd,800.0,0.0,0.0,0,672
SUB_HIFLD_1931,SUB_HIFLD_1973,meso_SUB_HIFLD_1931_SUB_HIFLD_1973_fwd,1600.0,0.0,0.0,0,672
SUB_HIFLD_1932,SUB_HIFLD_1952,meso_SUB_HIFLD_1932_SUB_HIFLD_1952_fwd,800.0,0.0,0.0,0,672
SUB_HIFLD_1932,SUB_HIFLD_2758,meso_SUB_HIFLD_1932_SUB_HIFLD_2758_fwd,800.0,0.0,0.0,0,672
SUB_HIFLD_1932,SUB_HIFLD_4378,meso_SUB_HIFLD_1932_SUB_HIFLD_4378_fwd,800.0,0.0,0.0,0,672
SUB_HIFLD_1932,SUB_HIFLD_1938,meso_SUB_HIFLD_1932_SUB_HIFLD_1938_fwd,1600.0,0.0,0.0,0,672
SUB_HIFLD_1932,SUB_HIFLD_1953,meso_SUB_HIFLD_1932_SUB_HIFLD_1953_fwd,800.0,0.0,0.0,0,672
SUB_HIFLD_1932,SUB_HIFLD_1965,meso_SUB_HIFLD_1932_SUB_HIFLD_1965_fwd,1600.0,0.0,0.0,0,672
SUB_HIFLD_1932,SUB_HIFLD_2584,meso_SUB_HIFLD_1932_SUB_HIFLD_2584_fwd,800.0,1.6328286883985865,21.855428479381448,0,672
SUB_HIFLD_1933,SUB_HIFLD_3390,meso_SUB_HIFLD_1933_SUB_HIFLD_3390_fwd,800.0,0.0,0.0,0,672
SUB_HIFLD_1933,SUB_HIFLD_4210,meso_SUB_HIFLD_1933_SUB_HIFLD_4210_fwd,800.0,0.0,0.0,0,672
SUB_HIFLD_1934,SUB_HIFLD_1939,meso_SUB_HIFLD_1934_SUB_HIFLD_1939_fwd,800.0,57.91952774002983,103.56035360524203,0,672
SUB_HIFLD_1934,SUB_HIFLD_1946,meso_SUB_HIFLD_1934_SUB_HIFLD_1946_fwd,800.0,0.0,0.0,0,672
SUB_HIFLD_1934,SUB_HIFLD_1981,meso_SUB_HIFLD_1934_SUB_HIFLD_1981_fwd,800.0,0.0,0.0,0,672
SUB_HIFLD_1934,SUB_HIFLD_1953,meso_SUB_HIFLD_1934_SUB_HIFLD_1953_fwd,800.0,0.0,0.0,0,672
SUB_HIFLD_1934,SUB_HIFLD_2943,meso_SUB_HIFLD_1934_SUB_HIFLD_2943_fwd,800.0,0.0,0.0,0,672
SUB_HIFLD_1934,SUB_HIFLD_4164,meso_SUB_HIFLD_1934_SUB_HIFLD_4164_fwd,800.0,0.0,0.0,0,672
SUB_HIFLD_1935,SUB_HIFLD_1990,meso_SUB_HIFLD_1935_SUB_HIFLD_1990_fwd,800.0,0.0,0.0,0,672
SUB_HIFLD_1935,SUB_HIFLD_2795,meso_SUB_HIFLD_1935_SUB_HIFLD_2795_fwd,800.0,0.0,0.0,0,672
SUB_HIFLD_1935,SUB_HIFLD_4058,meso_SUB_HIFLD_1935_SUB_HIFLD_4058_fwd,800.0,0.0,0.0,0,672
SUB_HIFLD_1935,SUB_HIFLD_1947,meso_SUB_HIFLD_1935_SUB_HIFLD_1947_fwd,1600.0,0.0,0.0,0,672
SUB_HIFLD_1936,SUB_HIFLD_2885,meso_SUB_HIFLD_1936_SUB_HIFLD_2885_fwd,800.0,0.0,0.0,0,672
SUB_HIFLD_1936,SUB_HIFLD_4210,meso_SUB_HIFLD_1936_SUB_HIFLD_4210_fwd,800.0,0.012015069651943613,4.764333173630406,0,672
SUB_HIFLD_1937,SUB_HIFLD_1972,meso_SUB_HIFLD_1937_SUB_HIFLD_1972_fwd,800.0,0.0,0.0,0,672
SUB_HIFLD_1937,SUB_HIFLD_1979,meso_SUB_HIFLD_1937_SUB_HIFLD_1979_fwd,800.0,6.293502081008587e-05,0.042292333984377706,0,672
SUB_HIFLD_1937,SUB_HIFLD_2817,meso_SUB_HIFLD_1937_SUB_HIFLD_2817_fwd,800.0,0.0,0.0,0,672
SUB_HIFLD_1937,SUB_HIFLD_1679,meso_SUB_HIFLD_1937_SUB_HIFLD_1679_rev,1600.0,0.0,0.0,0,672
SUB_HIFLD_1937,SUB_HIFLD_1925,meso_SUB_HIFLD_1937_SUB_HIFLD_1925_rev,800.0,0.0,0.0,0,672
SUB_HIFLD_1937,SUB_HIFLD_1930,meso_SUB_HIFLD_1937_SUB_HIFLD_1930_rev,800.0,0.0,0.0,0,672
SUB_HIFLD_1938,SUB_HIFLD_2758,meso_SUB_HIFLD_1938_SUB_HIFLD_2758_fwd,800.0,0.0,0.0,0,672
SUB_HIFLD_1938,SUB_HIFLD_3496,meso_SUB_HIFLD_1938_SUB_HIFLD_3496_fwd,800.0,0.0,0.0,0,672
SUB_HIFLD_1938,SUB_HIFLD_1932,meso_SUB_HIFLD_1938_SUB_HIFLD_1932_rev,1600.0,0.0,0.0,0,672
SUB_HIFLD_1938,SUB_HIFLD_1953,meso_SUB_HIFLD_1938_SUB_HIFLD_1953_fwd,800.0,0.0,0.0,0,672
SUB_HIFLD_1938,SUB_HIFLD_1957,meso_SUB_HIFLD_1938_SUB_HIFLD_1957_fwd,800.0,0.0,0.0,0,672
SUB_HIFLD_1938,SUB_HIFLD_2795,meso_SUB_HIFLD_1938_SUB_HIFLD_2795_fwd,800.0,0.0,0.0,0,672
SUB_HIFLD_1938,SUB_HIFLD_3925,meso_SUB_HIFLD_1938_SUB_HIFLD_3925_rev,50.0,0.0,0.0,0,672
SUB_HIFLD_1939,SUB_HIFLD_1934,meso_SUB_HIFLD_1939_SUB_HIFLD_1934_rev,800.0,0.0,0.0,0,672
SUB_HIFLD_1939,SUB_HIFLD_4164,meso_SUB_HIFLD_1939_SUB_HIFLD_4164_fwd,800.0,0.0,0.0,0,672
SUB_HIFLD_1939,SUB_HIFLD_1942,meso_SUB_HIFLD_1939_SUB_HIFLD_1942_fwd,800.0,56.373745109193415,100.5482318266379,0,672
SUB_HIFLD_1940,SUB_HIFLD_1929,meso_SUB_HIFLD_1940_SUB_HIFLD_1929_rev,800.0,12.541001335704712,139.1344413517184,0,672
SUB_HIFLD_1940,SUB_HIFLD_3916,meso_SUB_HIFLD_1940_SUB_HIFLD_3916_fwd,800.0,0.0,0.0,0,672
SUB_HIFLD_1940,SUB_HIFLD_3926,meso_SUB_HIFLD_1940_SUB_HIFLD_3926_fwd,800.0,46.446065530603754,87.46372422680412,0,672
SUB_HIFLD_1940,SUB_HIFLD_1967,meso_SUB_HIFLD_1940_SUB_HIFLD_1967_fwd,800.0,8.594572278831869,86.07136759020618,0,672
SUB_HIFLD_1941,SUB_HIFLD_1981,meso_SUB_HIFLD_1941_SUB_HIFLD_1981_fwd,800.0,0.0,0.0,0,672
SUB_HIFLD_1942,SUB_HIFLD_4392,meso_SUB_HIFLD_1942_SUB_HIFLD_4392_fwd,800.0,0.0,0.0,0,672
SUB_HIFLD_1942,SUB_HIFLD_1939,meso_SUB_HIFLD_1942_SUB_HIFLD_1939_rev,800.0,0.0,0.0,0,672
SUB_HIFLD_1942,SUB_HIFLD_3378,meso_SUB_HIFLD_1942_SUB_HIFLD_3378_rev,50.0,0.6209243015969099,0.8787530958038015,0,672
SUB_HIFLD_1943,SUB_HIFLD_1574,meso_SUB_HIFLD_1943_SUB_HIFLD_1574_rev,800.0,0.0,0.0,0,672
SUB_HIFLD_1943,SUB_HIFLD_1642,meso_SUB_HIFLD_1943_SUB_HIFLD_1642_rev,800.0,0.0,0.0,0,672
SUB_HIFLD_1943,SUB_HIFLD_1926,meso_SUB_HIFLD_1943_SUB_HIFLD_1926_rev,800.0,0.0,0.0,0,672
SUB_HIFLD_1943,SUB_HIFLD_4052,meso_SUB_HIFLD_1943_SUB_HIFLD_4052_fwd,800.0,0.0,0.0,0,672
SUB_HIFLD_1943,SUB_HIFLD_87,meso_SUB_HIFLD_1943_SUB_HIFLD_87_fwd,800.0,0.0,0.0,0,672
SUB_HIFLD_1943,SUB_HIFLD_1589,meso_SUB_HIFLD_1943_SUB_HIFLD_1589_rev,800.0,0.0,0.0,0,672
SUB_HIFLD_1943,SUB_HIFLD_1964,meso_SUB_HIFLD_1943_SUB_HIFLD_1964_fwd,800.0,12.212792773988824,72.36475515463918,0,672
SUB_HIFLD_1944,SUB_HIFLD_1010,meso_SUB_HIFLD_1944_SUB_HIFLD_1010_rev,4000.0,0.0,0.0,0,672
SUB_HIFLD_1944,SUB_HIFLD_1951,meso_SUB_HIFLD_1944_SUB_HIFLD_1951_fwd,800.0,0.0,0.0,0,672
SUB_HIFLD_1944,SUB_HIFLD_1953,meso_SUB_HIFLD_1944_SUB_HIFLD_1953_fwd,4000.0,179.45551018499728,331.764371910663,0,672
SUB_HIFLD_1944,SUB_HIFLD_1975,meso_SUB_HIFLD_1944_SUB_HIFLD_1975_fwd,800.0,1.4446098836357744,62.59190981363774,0,672
SUB_HIFLD_1944,SUB_HIFLD_1991,meso_SUB_HIFLD_1944_SUB_HIFLD_1991_fwd,4000.0,13.337385866753147,95.6283644430224,0,672
SUB_HIFLD_1944,SUB_HIFLD_1996,meso_SUB_HIFLD_1944_SUB_HIFLD_1996_fwd,800.0,0.0,0.0,0,672
SUB_HIFLD_1944,SUB_HIFLD_3498,meso_SUB_HIFLD_1944_SUB_HIFLD_3498_fwd,800.0,0.0,0.0,0,672
SUB_HIFLD_1944,SUB_HIFLD_3924,meso_SUB_HIFLD_1944_SUB_HIFLD_3924_fwd,800.0,0.0,0.0,0,672
SUB_HIFLD_1944,SUB_HIFLD_1926,meso_SUB_HIFLD_1944_SUB_HIFLD_1926_rev,12000.0,0.0,0.0,0,672
SUB_HIFLD_1944,SUB_HIFLD_1950,meso_SUB_HIFLD_1944_SUB_HIFLD_1950_fwd,1600.0,46.606720990949874,179.82253490680776,0,672
SUB_HIFLD_1944,SUB_HIFLD_1958,meso_SUB_HIFLD_1944_SUB_HIFLD_1958_fwd,800.0,0.0,0.0,0,672
SUB_HIFLD_1944,SUB_HIFLD_1981,meso_SUB_HIFLD_1944_SUB_HIFLD_1981_fwd,4000.0,257.0225187765518,589.3029357938184,0,672
SUB_HIFLD_1944,SUB_HIFLD_1988,meso_SUB_HIFLD_1944_SUB_HIFLD_1988_fwd,800.0,65.01608222040831,102.25621533405517,0,672
SUB_HIFLD_1944,SUB_HIFLD_1990,meso_SUB_HIFLD_1944_SUB_HIFLD_1990_fwd,1600.0,68.82997902360168,152.4038186510256,0,672
SUB_HIFLD_1945,SUB_HIFLD_1553,meso_SUB_HIFLD_1945_SUB_HIFLD_1553_rev,800.0,0.0,0.0,0,672
SUB_HIFLD_1945,SUB_HIFLD_1589,meso_SUB_HIFLD_1945_SUB_HIFLD_1589_rev,4000.0,0.0,0.0,0,672
SUB_HIFLD_1945,SUB_HIFLD_1926,meso_SUB_HIFLD_1945_SUB_HIFLD_1926_rev,4000.0,0.0,0.0,0,672
SUB_HIFLD_1945,SUB_HIFLD_1956,meso_SUB_HIFLD_1945_SUB_HIFLD_1956_fwd,800.0,0.0,0.0,0,672
SUB_HIFLD_1945,SUB_HIFLD_4061,meso_SUB_HIFLD_1945_SUB_HIFLD_4061_fwd,800.0,0.0,0.0,0,672
SUB_HIFLD_1945,SUB_HIFLD_1964,meso_SUB_HIFLD_1945_SUB_HIFLD_1964_fwd,800.0,0.0,0.0,0,672
SUB_HIFLD_1945,SUB_HIFLD_1978,meso_SUB_HIFLD_1945_SUB_HIFLD_1978_fwd,800.0,8.367113942696719,59.66383698453608,0,672
SUB_HIFLD_1946,SUB_HIFLD_1934,meso_SUB_HIFLD_1946_SUB_HIFLD_1934_rev,800.0,0.0,0.0,0,672
SUB_HIFLD_1946,SUB_HIFLD_1981,meso_SUB_HIFLD_1946_SUB_HIFLD_1981_fwd,2400.0,0.0,0.0,0,672
SUB_HIFLD_1946,SUB_HIFLD_2584,meso_SUB_HIFLD_1946_SUB_HIFLD_2584_fwd,800.0,1.6086689255672648,21.66451353092784,0,672
SUB_HIFLD_1947,SUB_HIFLD_1990,meso_SUB_HIFLD_1947_SUB_HIFLD_1990_fwd,800.0,0.0,0.0,0,672
SUB_HIFLD_1947,SUB_HIFLD_2665,meso_SUB_HIFLD_1947_SUB_HIFLD_2665_fwd,800.0,0.0,0.0,0,672
SUB_HIFLD_1947,SUB_HIFLD_2943,meso_SUB_HIFLD_1947_SUB_HIFLD_2943_fwd,800.0,0.0,0.0,0,672
SUB_HIFLD_1947,SUB_HIFLD_4058,meso_SUB_HIFLD_1947_SUB_HIFLD_4058_fwd,800.0,0.0,0.0,0,672
SUB_HIFLD_1947,SUB_HIFLD_1935,meso_SUB_HIFLD_1947_SUB_HIFLD_1935_rev,1600.0,0.0,0.0,0,672
SUB_HIFLD_1947,SUB_HIFLD_1953,meso_SUB_HIFLD_1947_SUB_HIFLD_1953_fwd,800.0,0.0,0.0,0,672
SUB_HIFLD_1948,SUB_HIFLD_2678,meso_SUB_HIFLD_1948_SUB_HIFLD_2678_fwd,800.0,3.394546308898024,19.59365678272274,0,672
SUB_HIFLD_1948,SUB_HIFLD_2809,meso_SUB_HIFLD_1948_SUB_HIFLD_2809_fwd,800.0,0.0,0.0,0,672
SUB_HIFLD_1948,SUB_HIFLD_3915,meso_SUB_HIFLD_1948_SUB_HIFLD_3915_fwd,800.0,2.4922385600131696,5.36213756443299,0,672
SUB_HIFLD_1948,SUB_HIFLD_1926,meso_SUB_HIFLD_1948_SUB_HIFLD_1926_rev,800.0,0.0,0.0,0,672
SUB_HIFLD_1948,SUB_HIFLD_1949,meso_SUB_HIFLD_1948_SUB_HIFLD_1949_fwd,1600.0,4.268081250047941,60.32621214561856,0,672
SUB_HIFLD_1948,SUB_HIFLD_1956,meso_SUB_HIFLD_1948_SUB_HIFLD_1956_fwd,1600.0,0.0,0.0,0,672
SUB_HIFLD_1948,SUB_HIFLD_1979,meso_SUB_HIFLD_1948_SUB_HIFLD_1979_fwd,800.0,23.58287561995139,44.284904398921256,0,672
SUB_HIFLD_1948,SUB_HIFLD_3699,meso_SUB_HIFLD_1948_SUB_HIFLD_3699_fwd,800.0,1.277609480156107,46.127291424945945,0,672
SUB_HIFLD_1948,SUB_HIFLD_3702,meso_SUB_HIFLD_1948_SUB_HIFLD_3702_fwd,800.0,0.15736010799117692,2.0425990153833764,0,672
SUB_HIFLD_1949,SUB_HIFLD_4246,meso_SUB_HIFLD_1949_SUB_HIFLD_4246_fwd,800.0,0.0,0.0,0,672
SUB_HIFLD_1949,SUB_HIFLD_4370,meso_SUB_HIFLD_1949_SUB_HIFLD_4370_fwd,800.0,0.0,0.0,0,672
SUB_HIFLD_1949,SUB_HIFLD_1948,meso_SUB_HIFLD_1949_SUB_HIFLD_1948_rev,1600.0,0.0,0.0,0,672
SUB_HIFLD_1949,SUB_HIFLD_1956,meso_SUB_HIFLD_1949_SUB_HIFLD_1956_fwd,800.0,0.0,0.0,0,672
SUB_HIFLD_1949,SUB_HIFLD_1978,meso_SUB_HIFLD_1949_SUB_HIFLD_1978_fwd,800.0,0.0,0.0,0,672
SUB_HIFLD_1949,SUB_HIFLD_1989,meso_SUB_HIFLD_1949_SUB_HIFLD_1989_fwd,800.0,0.0,0.0,0,672
SUB_HIFLD_1950,SUB_HIFLD_1927,meso_SUB_HIFLD_1950_SUB_HIFLD_1927_rev,800.0,0.0,0.0,0,672
SUB_HIFLD_1950,SUB_HIFLD_3924,meso_SUB_HIFLD_1950_SUB_HIFLD_3924_fwd,800.0,0.0,0.0,0,672
SUB_HIFLD_1950,SUB_HIFLD_1944,meso_SUB_HIFLD_1950_SUB_HIFLD_1944_rev,1600.0,0.0,0.0,0,672
SUB_HIFLD_1950,SUB_HIFLD_4164,meso_SUB_HIFLD_1950_SUB_HIFLD_4164_fwd,800.0,31.438338562786942,154.9343256564785,0,672
SUB_HIFLD_1951,SUB_HIFLD_1010,meso_SUB_HIFLD_1951_SUB_HIFLD_1010_rev,800.0,0.0,0.0,0,672
SUB_HIFLD_1951,SUB_HIFLD_1944,meso_SUB_HIFLD_1951_SUB_HIFLD_1944_rev,800.0,0.0,0.0,0,672
SUB_HIFLD_1951,SUB_HIFLD_1976,meso_SUB_HIFLD_1951_SUB_HIFLD_1976_fwd,800.0,0.0,0.0,0,672
SUB_HIFLD_1951,SUB_HIFLD_2693,meso_SUB_HIFLD_1951_SUB_HIFLD_2693_fwd,800.0,0.0,0.0,0,672
SUB_HIFLD_1951,SUB_HIFLD_1927,meso_SUB_HIFLD_1951_SUB_HIFLD_1927_rev,800.0,4.1300559298059225,51.70665270618557,0,672
SUB_HIFLD_1952,SUB_HIFLD_1932,meso_SUB_HIFLD_1952_SUB_HIFLD_1932_rev,800.0,0.0,0.0,0,672
SUB_HIFLD_1952,SUB_HIFLD_1981,meso_SUB_HIFLD_1952_SUB_HIFLD_1981_fwd,800.0,0.0,0.0,0,672
SUB_HIFLD_1953,SUB_HIFLD_1944,meso_SUB_HIFLD_1953_SUB_HIFLD_1944_rev,4000.0,0.0,0.0,0,672
SUB_HIFLD_1953,SUB_HIFLD_1981,meso_SUB_HIFLD_1953_SUB_HIFLD_1981_fwd,4000.0,0.0,0.0,0,672
SUB_HIFLD_1953,SUB_HIFLD_1932,meso_SUB_HIFLD_1953_SUB_HIFLD_1932_rev,800.0,53.16645458266205,123.89899805040388,0,672
SUB_HIFLD_1953,SUB_HIFLD_1934,meso_SUB_HIFLD_1953_SUB_HIFLD_1934_rev,800.0,1.2291760659774225,133.34681031500594,0,672
SUB_HIFLD_1953,SUB_HIFLD_1938,meso_SUB_HIFLD_1953_SUB_HIFLD_1938_rev,800.0,44.99178060367768,76.36203286082474,0,672
SUB_HIFLD_1953,SUB_HIFLD_1947,meso_SUB_HIFLD_1953_SUB_HIFLD_1947_rev,800.0,48.099589901878716,77.16271746134021,0,672
SUB_HIFLD_1954,SUB_HIFLD_2943,meso_SUB_HIFLD_1954_SUB_HIFLD_2943_fwd,800.0,0.0,0.0,0,672
SUB_HIFLD_1955,SUB_HIFLD_1679,meso_SUB_HIFLD_1955_SUB_HIFLD_1679_rev,800.0,0.0,0.0,0,672
SUB_HIFLD_1955,SUB_HIFLD_1968,meso_SUB_HIFLD_1955_SUB_HIFLD_1968_fwd,800.0,0.0,0.0,0,672
SUB_HIFLD_1955,SUB_HIFLD_1972,meso_SUB_HIFLD_1955_SUB_HIFLD_1972_fwd,800.0,0.0,0.0,0,672
SUB_HIFLD_1956,SUB_HIFLD_1926,meso_SUB_HIFLD_1956_SUB_HIFLD_1926_rev,800.0,0.0,0.0,0,672
SUB_HIFLD_1956,SUB_HIFLD_1945,meso_SUB_HIFLD_1956_SUB_HIFLD_1945_rev,800.0,0.0,0.0,0,672
SUB_HIFLD_1956,SUB_HIFLD_3157,meso_SUB_HIFLD_1956_SUB_HIFLD_3157_fwd,800.0,0.0,0.0,0,672
SUB_HIFLD_1956,SUB_HIFLD_3697,meso_SUB_HIFLD_1956_SUB_HIFLD_3697_fwd,800.0,19.850927833549356,62.40164407806966,0,672
SUB_HIFLD_1956,SUB_HIFLD_1948,meso_SUB_HIFLD_1956_SUB_HIFLD_1948_rev,1600.0,0.0,0.0,0,672
SUB_HIFLD_1956,SUB_HIFLD_1949,meso_SUB_HIFLD_1956_SUB_HIFLD_1949_rev,800.0,26.93015950221201,60.22394490979382,0,672
SUB_HIFLD_1957,SUB_HIFLD_2680,meso_SUB_HIFLD_1957_SUB_HIFLD_2680_fwd,800.0,0.0,0.0,0,672
SUB_HIFLD_1957,SUB_HIFLD_3310,meso_SUB_HIFLD_1957_SUB_HIFLD_3310_fwd,800.0,0.0,0.0,0,672
SUB_HIFLD_1957,SUB_HIFLD_3496,meso_SUB_HIFLD_1957_SUB_HIFLD_3496_fwd,800.0,0.0,0.0,0,672
SUB_HIFLD_1957,SUB_HIFLD_1938,meso_SUB_HIFLD_1957_SUB_HIFLD_1938_rev,800.0,0.28673971878099896,44.295022551546396,0,672
SUB_HIFLD_1957,SUB_HIFLD_1994,meso_SUB_HIFLD_1957_SUB_HIFLD_1994_fwd,800.0,0.0,0.0,0,672
SUB_HIFLD_1957,SUB_HIFLD_1995,meso_SUB_HIFLD_1957_SUB_HIFLD_1995_fwd,800.0,16.075544808434106,26.090759906572167,0,672
SUB_HIFLD_1958,SUB_HIFLD_1927,meso_SUB_HIFLD_1958_SUB_HIFLD_1927_rev,800.0,29.151291015537016,183.979108027213,0,672
SUB_HIFLD_1958,SUB_HIFLD_2866,meso_SUB_HIFLD_1958_SUB_HIFLD_2866_fwd,800.0,0.0,0.0,0,672
SUB_HIFLD_1958,SUB_HIFLD_3415,meso_SUB_HIFLD_1958_SUB_HIFLD_3415_fwd,800.0,0.0,0.0,0,672
SUB_HIFLD_1958,SUB_HIFLD_3703,meso_SUB_HIFLD_1958_SUB_HIFLD_3703_fwd,800.0,0.0,0.0,0,672
SUB_HIFLD_1958,SUB_HIFLD_1010,meso_SUB_HIFLD_1958_SUB_HIFLD_1010_rev,800.0,0.0,0.0,0,672
SUB_HIFLD_1958,SUB_HIFLD_1944,meso_SUB_HIFLD_1958_SUB_HIFLD_1944_rev,800.0,0.0,0.0,0,672
SUB_HIFLD_1958,SUB_HIFLD_1976,meso_SUB_HIFLD_1958_SUB_HIFLD_1976_fwd,800.0,0.0,0.0,0,672
SUB_HIFLD_1959,SUB_HIFLD_1923,meso_SUB_HIFLD_1959_SUB_HIFLD_1923_rev,800.0,0.0,0.0,0,672
SUB_HIFLD_1959,SUB_HIFLD_3349,meso_SUB_HIFLD_1959_SUB_HIFLD_3349_fwd,800.0,0.0,0.0,0,672
SUB_HIFLD_1960,SUB_HIFLD_1494,meso_SUB_HIFLD_1960_SUB_HIFLD_1494_rev,800.0,0.0,0.0,0,672
SUB_HIFLD_1960,SUB_HIFLD_1961,meso_SUB_HIFLD_1960_SUB_HIFLD_1961_fwd,800.0,0.0,0.0,0,672
SUB_HIFLD_1960,SUB_HIFLD_1926,meso_SUB_HIFLD_1960_SUB_HIFLD_1926_rev,800.0,0.0,0.0,0,672
SUB_HIFLD_1961,SUB_HIFLD_1494,meso_SUB_HIFLD_1961_SUB_HIFLD_1494_rev,800.0,0.0,0.0,0,672
SUB_HIFLD_1961,SUB_HIFLD_1926,meso_SUB_HIFLD_1961_SUB_HIFLD_1926_rev,4000.0,0.0,0.0,0,672
SUB_HIFLD_1961,SUB_HIFLD_1960,meso_SUB_HIFLD_1961_SUB_HIFLD_1960_rev,800.0,0.0,0.0,0,672
SUB_HIFLD_1961,SUB_HIFLD_1994,meso_SUB_HIFLD_1961_SUB_HIFLD_1994_fwd,4000.0,0.0,0.0,0,672
SUB_HIFLD_1961,SUB_HIFLD_2645,meso_SUB_HIFLD_1961_SUB_HIFLD_2645_fwd,800.0,21.848098712970685,53.07273852902837,0,672
SUB_HIFLD_1961,SUB_HIFLD_2936,meso_SUB_HIFLD_1961_SUB_HIFLD_2936_fwd,800.0,1.7056206381081513,15.751904893668963,0,672
SUB_HIFLD_1961,SUB_HIFLD_3390,meso_SUB_HIFLD_1961_SUB_HIFLD_3390_fwd,800.0,4.820355897233552,10.637984483824082,0,672
SUB_HIFLD_1961,SUB_HIFLD_3699,meso_SUB_HIFLD_1961_SUB_HIFLD_3699_fwd,800.0,21.877919224248615,64.19767981167168,0,672
SUB_HIFLD_1961,SUB_HIFLD_3700,meso_SUB_HIFLD_1961_SUB_HIFLD_3700_fwd,800.0,9.842657105032238,32.04697056546489,0,672
SUB_HIFLD_1961,SUB_HIFLD_1982,meso_SUB_HIFLD_1961_SUB_HIFLD_1982_fwd,4000.0,0.09320384254152944,62.632982187907785,0,672
SUB_HIFLD_1961,SUB_HIFLD_3702,meso_SUB_HIFLD_1961_SUB_HIFLD_3702_fwd,800.0,1.0205675171003308,3.242411757007088,0,672
SUB_HIFLD_1962,SUB_HIFLD_2930,meso_SUB_HIFLD_1962_SUB_HIFLD_2930_fwd,800.0,0.006655941882015716,1.0309278350515465,0,672
SUB_HIFLD_1962,SUB_HIFLD_3916,meso_SUB_HIFLD_1962_SUB_HIFLD_3916_fwd,800.0,0.0,0.0,0,672
SUB_HIFLD_1962,SUB_HIFLD_4190,meso_SUB_HIFLD_1962_SUB_HIFLD_4190_fwd,800.0,0.0,0.0,0,672
SUB_HIFLD_1962,SUB_HIFLD_1967,meso_SUB_HIFLD_1962_SUB_HIFLD_1967_fwd,800.0,0.3641451746210726,85.91926546391753,0,672
SUB_HIFLD_1962,SUB_HIFLD_1981,meso_SUB_HIFLD_1962_SUB_HIFLD_1981_fwd,800.0,0.7396251064841304,84.99779343374126,0,672
SUB_HIFLD_1963,SUB_HIFLD_4392,meso_SUB_HIFLD_1963_SUB_HIFLD_4392_fwd,800.0,0.0,0.0,0,672
SUB_HIFLD_1964,SUB_HIFLD_4052,meso_SUB_HIFLD_1964_SUB_HIFLD_4052_fwd,800.0,0.0,0.0,0,672
SUB_HIFLD_1964,SUB_HIFLD_1926,meso_SUB_HIFLD_1964_SUB_HIFLD_1926_rev,1600.0,0.0,0.0,0,672
SUB_HIFLD_1964,SUB_HIFLD_1943,meso_SUB_HIFLD_1964_SUB_HIFLD_1943_rev,800.0,0.0,0.0,0,672
SUB_HIFLD_1964,SUB_HIFLD_1945,meso_SUB_HIFLD_1964_SUB_HIFLD_1945_rev,800.0,0.0,0.0,0,672
SUB_HIFLD_1965,SUB_HIFLD_2681,meso_SUB_HIFLD_1965_SUB_HIFLD_2681_fwd,800.0,0.0,0.0,0,672
SUB_HIFLD_1965,SUB_HIFLD_1932,meso_SUB_HIFLD_1965_SUB_HIFLD_1932_rev,1600.0,0.09401448253558985,43.12970763530927,0,672
SUB_HIFLD_1965,SUB_HIFLD_1994,meso_SUB_HIFLD_1965_SUB_HIFLD_1994_fwd,1600.0,0.0,0.0,0,672
SUB_HIFLD_1966,SUB_HIFLD_2648,meso_SUB_HIFLD_1966_SUB_HIFLD_2648_fwd,800.0,0.0,0.0,0,672
SUB_HIFLD_1966,SUB_HIFLD_1970,meso_SUB_HIFLD_1966_SUB_HIFLD_1970_fwd,800.0,0.0,0.0,0,672
SUB_HIFLD_1967,SUB_HIFLD_1970,meso_SUB_HIFLD_1967_SUB_HIFLD_1970_fwd,800.0,0.18092551589538844,40.939179284793816,0,672
SUB_HIFLD_1967,SUB_HIFLD_3297,meso_SUB_HIFLD_1967_SUB_HIFLD_3297_fwd,800.0,0.0,0.0,0,672
SUB_HIFLD_1967,SUB_HIFLD_1929,meso_SUB_HIFLD_1967_SUB_HIFLD_1929_rev,800.0,0.0,0.0,0,672
SUB_HIFLD_1967,SUB_HIFLD_1940,meso_SUB_HIFLD_1967_SUB_HIFLD_1940_rev,800.0,0.0,0.0,0,672
SUB_HIFLD_1967,SUB_HIFLD_1962,meso_SUB_HIFLD_1967_SUB_HIFLD_1962_rev,800.0,0.0,0.0,0,672
SUB_HIFLD_1967,SUB_HIFLD_1981,meso_SUB_HIFLD_1967_SUB_HIFLD_1981_fwd,800.0,0.0,0.0,0,672
SUB_HIFLD_1968,SUB_HIFLD_1747,meso_SUB_HIFLD_1968_SUB_HIFLD_1747_rev,800.0,0.40805019222031025,3.1,0,672
SUB_HIFLD_1968,SUB_HIFLD_1955,meso_SUB_HIFLD_1968_SUB_HIFLD_1955_rev,800.0,0.9581891463142282,3.1,0,672
SUB_HIFLD_1969,SUB_HIFLD_4151,meso_SUB_HIFLD_1969_SUB_HIFLD_4151_fwd,800.0,0.0,0.0,0,672
SUB_HIFLD_1969,SUB_HIFLD_4206,meso_SUB_HIFLD_1969_SUB_HIFLD_4206_fwd,800.0,2.2476840730729513,5.1,0,672
SUB_HIFLD_1970,SUB_HIFLD_1967,meso_SUB_HIFLD_1970_SUB_HIFLD_1967_rev,800.0,0.0,0.0,0,672
SUB_HIFLD_1970,SUB_HIFLD_1929,meso_SUB_HIFLD_1970_SUB_HIFLD_1929_rev,800.0,0.0,0.0,0,672
SUB_HIFLD_1970,SUB_HIFLD_1966,meso_SUB_HIFLD_1970_SUB_HIFLD_1966_rev,800.0,0.0,0.0,0,672
SUB_HIFLD_1971,SUB_HIFLD_4019,meso_SUB_HIFLD_1971_SUB_HIFLD_4019_fwd,800.0,0.0,0.0,0,672
SUB_HIFLD_1971,SUB_HIFLD_87,meso_SUB_HIFLD_1971_SUB_HIFLD_87_fwd,800.0,0.0,0.0,0,672
SUB_HIFLD_1971,SUB_HIFLD_1983,meso_SUB_HIFLD_1971_SUB_HIFLD_1983_fwd,800.0,19.864489901197945,80.63732580701424,0,672
SUB_HIFLD_1972,SUB_HIFLD_1937,meso_SUB_HIFLD_1972_SUB_HIFLD_1937_rev,800.0,0.0,0.0,0,672
SUB_HIFLD_1972,SUB_HIFLD_1955,meso_SUB_HIFLD_1972_SUB_HIFLD_1955_rev,800.0,0.0,0.0,0,672
SUB_HIFLD_1972,SUB_HIFLD_1978,meso_SUB_HIFLD_1972_SUB_HIFLD_1978_fwd,800.0,0.0,0.0,0,672
SUB_HIFLD_1972,SUB_HIFLD_4102,meso_SUB_HIFLD_1972_SUB_HIFLD_4102_fwd,800.0,0.0,0.0,0,672
SUB_HIFLD_1973,SUB_HIFLD_3346,meso_SUB_HIFLD_1973_SUB_HIFLD_3346_fwd,800.0,32.5165685077753,44.53243320889575,0,672
SUB_HIFLD_1973,SUB_HIFLD_4290,meso_SUB_HIFLD_1973_SUB_HIFLD_4290_fwd,800.0,0.0,0.0,0,672
SUB_HIFLD_1973,SUB_HIFLD_1924,meso_SUB_HIFLD_1973_SUB_HIFLD_1924_rev,800.0,0.0,0.0,0,672
SUB_HIFLD_1973,SUB_HIFLD_1931,meso_SUB_HIFLD_1973_SUB_HIFLD_1931_rev,1600.0,6.349859937678773,75.13804768041237,0,672
SUB_HIFLD_1973,SUB_HIFLD_1975,meso_SUB_HIFLD_1973_SUB_HIFLD_1975_fwd,800.0,0.0,0.0,0,672
SUB_HIFLD_1973,SUB_HIFLD_1984,meso_SUB_HIFLD_1973_SUB_HIFLD_1984_fwd,1600.0,2.547315537389212,60.202629671391755,0,672
SUB_HIFLD_1973,SUB_HIFLD_1992,meso_SUB_HIFLD_1973_SUB_HIFLD_1992_fwd,800.0,0.0,0.0,0,672
SUB_HIFLD_1974,SUB_HIFLD_1995,meso_SUB_HIFLD_1974_SUB_HIFLD_1995_fwd,800.0,0.0,0.0,0,672
SUB_HIFLD_1974,SUB_HIFLD_4224,meso_SUB_HIFLD_1974_SUB_HIFLD_4224_fwd,800.0,0.0,0.0,0,672
SUB_HIFLD_1974,SUB_HIFLD_1994,meso_SUB_HIFLD_1974_SUB_HIFLD_1994_fwd,800.0,0.0,0.0,0,672
SUB_HIFLD_1975,SUB_HIFLD_1944,meso_SUB_HIFLD_1975_SUB_HIFLD_1944_rev,800.0,1.0418095623941046,12.132142857142858,0,672
SUB_HIFLD_1975,SUB_HIFLD_1973,meso_SUB_HIFLD_1975_SUB_HIFLD_1973_rev,800.0,7.557985700463227,67.94629537637145,0,672
SUB_HIFLD_1976,SUB_HIFLD_1951,meso_SUB_HIFLD_1976_SUB_HIFLD_1951_rev,800.0,14.464285714285719,14.464285714285715,0,672
SUB_HIFLD_1976,SUB_HIFLD_1958,meso_SUB_HIFLD_1976_SUB_HIFLD_1958_rev,800.0,0.0,0.0,0,672
SUB_HIFLD_1977,SUB_HIFLD_1979,meso_SUB_HIFLD_1977_SUB_HIFLD_1979_fwd,800.0,1.8843640678393299,6.774843790889253,0,672
SUB_HIFLD_1977,SUB_HIFLD_2685,meso_SUB_HIFLD_1977_SUB_HIFLD_2685_fwd,800.0,1.7376748108032525,3.6557682627255157,0,672
SUB_HIFLD_1977,SUB_HIFLD_3696,meso_SUB_HIFLD_1977_SUB_HIFLD_3696_fwd,800.0,0.0,0.0,0,672
SUB_HIFLD_1978,SUB_HIFLD_1972,meso_SUB_HIFLD_1978_SUB_HIFLD_1972_rev,800.0,0.0,0.0,0,672
SUB_HIFLD_1978,SUB_HIFLD_4370,meso_SUB_HIFLD_1978_SUB_HIFLD_4370_fwd,800.0,0.0,0.0,0,672
SUB_HIFLD_1978,SUB_HIFLD_1679,meso_SUB_HIFLD_1978_SUB_HIFLD_1679_rev,800.0,0.0,0.0,0,672
SUB_HIFLD_1978,SUB_HIFLD_1747,meso_SUB_HIFLD_1978_SUB_HIFLD_1747_rev,1600.0,0.0,0.0,0,672
SUB_HIFLD_1978,SUB_HIFLD_1945,meso_SUB_HIFLD_1978_SUB_HIFLD_1945_rev,800.0,0.0,0.0,0,672
SUB_HIFLD_1978,SUB_HIFLD_1949,meso_SUB_HIFLD_1978_SUB_HIFLD_1949_rev,800.0,0.0,0.0,0,672
SUB_HIFLD_1979,SUB_HIFLD_1925,meso_SUB_HIFLD_1979_SUB_HIFLD_1925_rev,800.0,0.0,0.0,0,672
SUB_HIFLD_1979,SUB_HIFLD_1937,meso_SUB_HIFLD_1979_SUB_HIFLD_1937_rev,800.0,0.0,0.0,0,672
SUB_HIFLD_1979,SUB_HIFLD_1977,meso_SUB_HIFLD_1979_SUB_HIFLD_1977_rev,800.0,0.0,0.0,0,672
SUB_HIFLD_1979,SUB_HIFLD_1948,meso_SUB_HIFLD_1979_SUB_HIFLD_1948_rev,800.0,0.0,0.0,0,672
SUB_HIFLD_1979,SUB_HIFLD_4210,meso_SUB_HIFLD_1979_SUB_HIFLD_4210_fwd,800.0,0.0,0.0,0,672
SUB_HIFLD_1980,SUB_HIFLD_1986,meso_SUB_HIFLD_1980_SUB_HIFLD_1986_fwd,800.0,0.0,0.0,0,672
SUB_HIFLD_1980,SUB_HIFLD_3358,meso_SUB_HIFLD_1980_SUB_HIFLD_3358_fwd,800.0,0.0,0.0,0,672
SUB_HIFLD_1981,SUB_HIFLD_1934,meso_SUB_HIFLD_1981_SUB_HIFLD_1934_rev,800.0,118.92532901454454,209.74267605747727,0,672
SUB_HIFLD_1981,SUB_HIFLD_1941,meso_SUB_HIFLD_1981_SUB_HIFLD_1941_rev,800.0,0.0,0.0,0,672
SUB_HIFLD_1981,SUB_HIFLD_1952,meso_SUB_HIFLD_1981_SUB_HIFLD_1952_rev,800.0,48.712641741191284,92.19871939432991,0,672
SUB_HIFLD_1981,SUB_HIFLD_1953,meso_SUB_HIFLD_1981_SUB_HIFLD_1953_rev,4000.0,0.0,0.0,0,672
SUB_HIFLD_1981,SUB_HIFLD_2648,meso_SUB_HIFLD_1981_SUB_HIFLD_2648_fwd,800.0,15.18025097883353,25.05725900733341,0,672
SUB_HIFLD_1981,SUB_HIFLD_2875,meso_SUB_HIFLD_1981_SUB_HIFLD_2875_fwd,800.0,0.0,0.0,0,672
SUB_HIFLD_1981,SUB_HIFLD_3206,meso_SUB_HIFLD_1981_SUB_HIFLD_3206_fwd,4000.0,106.42959283529919,520.2397594442693,0,672
SUB_HIFLD_1981,SUB_HIFLD_1929,meso_SUB_HIFLD_1981_SUB_HIFLD_1929_rev,800.0,46.37411448690492,88.46600561961952,0,672
SUB_HIFLD_1981,SUB_HIFLD_1944,meso_SUB_HIFLD_1981_SUB_HIFLD_1944_rev,4000.0,0.0,0.0,0,672
SUB_HIFLD_1981,SUB_HIFLD_1946,meso_SUB_HIFLD_1981_SUB_HIFLD_1946_rev,2400.0,11.8074866446589,52.07328487548794,0,672
SUB_HIFLD_1981,SUB_HIFLD_1962,meso_SUB_HIFLD_1981_SUB_HIFLD_1962_rev,800.0,30.140567589745686,52.17920827963918,0,672
SUB_HIFLD_1981,SUB_HIFLD_1967,meso_SUB_HIFLD_1981_SUB_HIFLD_1967_rev,800.0,36.8346921840163,100.28468869566372,0,672
SUB_HIFLD_1981,WECC_SCE,iface_SUB_HIFLD_1981_WECC_SCE_to_ba,557.8384718587145,0.0,0.0,0,672
SUB_HIFLD_1982,SUB_HIFLD_1994,meso_SUB_HIFLD_1982_SUB_HIFLD_1994_fwd,4000.0,18.979000124484383,377.6797992594196,0,672
SUB_HIFLD_1982,SUB_HIFLD_2885,meso_SUB_HIFLD_1982_SUB_HIFLD_2885_fwd,30000.0,0.0,0.0,0,672
SUB_HIFLD_1982,SUB_HIFLD_3916,meso_SUB_HIFLD_1982_SUB_HIFLD_3916_fwd,4000.0,0.0,0.0,0,672
SUB_HIFLD_1982,SUB_HIFLD_589,meso_SUB_HIFLD_1982_SUB_HIFLD_589_fwd,15000.0,0.6423733623337757,95.06239012827777,0,672
SUB_HIFLD_1982,SUB_HIFLD_1961,meso_SUB_HIFLD_1982_SUB_HIFLD_1961_rev,4000.0,10.410917722965706,131.5026138753557,0,672
SUB_HIFLD_1982,SUB_HIFLD_811,meso_SUB_HIFLD_1982_SUB_HIFLD_811_fwd,4000.0,10.579604161098603,194.63062953631294,0,672
SUB_HIFLD_1982,SUB_HIFLD_841,meso_SUB_HIFLD_1982_SUB_HIFLD_841_fwd,30000.0,0.0,0.0,0,672
SUB_HIFLD_1982,WECC_SCE,iface_SUB_HIFLD_1982_WECC_SCE_to_ba,557.8384718587145,0.0,0.0,0,672
SUB_HIFLD_1983,SUB_HIFLD_1926,meso_SUB_HIFLD_1983_SUB_HIFLD_1926_rev,800.0,0.0,0.0,0,672
SUB_HIFLD_1983,SUB_HIFLD_3697,meso_SUB_HIFLD_1983_SUB_HIFLD_3697_fwd,800.0,10.271472130628846,53.604602099774,0,672
SUB_HIFLD_1983,SUB_HIFLD_4019,meso_SUB_HIFLD_1983_SUB_HIFLD_4019_fwd,800.0,0.0,0.0,0,672
SUB_HIFLD_1983,SUB_HIFLD_1971,meso_SUB_HIFLD_1983_SUB_HIFLD_1971_rev,800.0,0.0,0.0,0,672
SUB_HIFLD_1983,SUB_HIFLD_1992,meso_SUB_HIFLD_1983_SUB_HIFLD_1992_fwd,800.0,0.0,0.0,0,672
SUB_HIFLD_1984,SUB_HIFLD_3358,meso_SUB_HIFLD_1984_SUB_HIFLD_3358_fwd,800.0,0.0,0.0,0,672
SUB_HIFLD_1984,SUB_HIFLD_3498,meso_SUB_HIFLD_1984_SUB_HIFLD_3498_fwd,800.0,0.0,0.0,0,672
SUB_HIFLD_1984,SUB_HIFLD_1973,meso_SUB_HIFLD_1984_SUB_HIFLD_1973_rev,1600.0,0.0,0.0,0,672
SUB_HIFLD_1984,SUB_HIFLD_1996,meso_SUB_HIFLD_1984_SUB_HIFLD_1996_fwd,800.0,0.0,0.0,0,672
SUB_HIFLD_1985,SUB_HIFLD_2943,meso_SUB_HIFLD_1985_SUB_HIFLD_2943_fwd,50.0,0.0,0.0,0,672
SUB_HIFLD_1986,SUB_HIFLD_1980,meso_SUB_HIFLD_1986_SUB_HIFLD_1980_rev,800.0,0.0,0.0,0,672
SUB_HIFLD_1987,SUB_HIFLD_2665,meso_SUB_HIFLD_1987_SUB_HIFLD_2665_fwd,50.0,0.0,0.0,0,672
SUB_HIFLD_1988,SUB_HIFLD_2528,meso_SUB_HIFLD_1988_SUB_HIFLD_2528_fwd,800.0,0.0,0.0,0,672
SUB_HIFLD_1988,SUB_HIFLD_2795,meso_SUB_HIFLD_1988_SUB_HIFLD_2795_fwd,800.0,0.0,0.0,0,672
SUB_HIFLD_1988,SUB_HIFLD_1944,meso_SUB_HIFLD_1988_SUB_HIFLD_1944_rev,800.0,0.0,0.0,0,672
SUB_HIFLD_1988,SUB_HIFLD_1993,meso_SUB_HIFLD_1988_SUB_HIFLD_1993_fwd,1600.0,26.0266179979462,39.65413176546392,0,672
SUB_HIFLD_1989,SUB_HIFLD_4140,meso_SUB_HIFLD_1989_SUB_HIFLD_4140_fwd,800.0,0.0,0.0,0,672
SUB_HIFLD_1989,SUB_HIFLD_1949,meso_SUB_HIFLD_1989_SUB_HIFLD_1949_rev,800.0,0.0,0.0,0,672
SUB_HIFLD_1990,SUB_HIFLD_1931,meso_SUB_HIFLD_1990_SUB_HIFLD_1931_rev,800.0,13.125531243569927,54.20755476804124,0,672
SUB_HIFLD_1990,SUB_HIFLD_1935,meso_SUB_HIFLD_1990_SUB_HIFLD_1935_rev,800.0,27.77409449658964,46.173493878865976,0,672
SUB_HIFLD_1990,SUB_HIFLD_1947,meso_SUB_HIFLD_1990_SUB_HIFLD_1947_rev,800.0,1.1130350778661173,74.91297519329896,0,672
SUB_HIFLD_1990,SUB_HIFLD_2528,meso_SUB_HIFLD_1990_SUB_HIFLD_2528_fwd,800.0,0.0,0.0,0,672
SUB_HIFLD_1990,SUB_HIFLD_4290,meso_SUB_HIFLD_1990_SUB_HIFLD_4290_fwd,800.0,0.0,0.0,0,672
SUB_HIFLD_1990,SUB_HIFLD_1944,meso_SUB_HIFLD_1990_SUB_HIFLD_1944_rev,1600.0,0.0,0.0,0,672
SUB_HIFLD_1991,SUB_HIFLD_1926,meso_SUB_HIFLD_1991_SUB_HIFLD_1926_rev,4000.0,0.0,0.0,0,672
SUB_HIFLD_1991,SUB_HIFLD_1944,meso_SUB_HIFLD_1991_SUB_HIFLD_1944_rev,4000.0,0.0,0.0,0,672
SUB_HIFLD_1991,SUB_HIFLD_1992,meso_SUB_HIFLD_1991_SUB_HIFLD_1992_fwd,800.0,2.0383733408415656,66.54377346664216,0,672
SUB_HIFLD_1991,SUB_HIFLD_4043,meso_SUB_HIFLD_1991_SUB_HIFLD_4043_fwd,800.0,0.0,0.0,0,672
SUB_HIFLD_1991,SUB_HIFLD_3922,meso_SUB_HIFLD_1991_SUB_HIFLD_3922_rev,50.0,1.5259727720542464,2.6946009685083765,0,672
SUB_HIFLD_1992,SUB_HIFLD_1926,meso_SUB_HIFLD_1992_SUB_HIFLD_1926_rev,800.0,0.0,0.0,0,672
SUB_HIFLD_1992,SUB_HIFLD_1991,meso_SUB_HIFLD_1992_SUB_HIFLD_1991_rev,800.0,0.0,0.0,0,672
SUB_HIFLD_1992,SUB_HIFLD_1924,meso_SUB_HIFLD_1992_SUB_HIFLD_1924_rev,800.0,0.0,0.0,0,672
SUB_HIFLD_1992,SUB_HIFLD_1973,meso_SUB_HIFLD_1992_SUB_HIFLD_1973_rev,800.0,0.0,0.0,0,672
SUB_HIFLD_1992,SUB_HIFLD_1983,meso_SUB_HIFLD_1992_SUB_HIFLD_1983_rev,800.0,0.0,0.0,0,672
SUB_HIFLD_1993,SUB_HIFLD_1931,meso_SUB_HIFLD_1993_SUB_HIFLD_1931_rev,800.0,0.0,0.0,0,672
SUB_HIFLD_1993,SUB_HIFLD_2528,meso_SUB_HIFLD_1993_SUB_HIFLD_2528_fwd,800.0,0.0,0.0,0,672
SUB_HIFLD_1993,SUB_HIFLD_1988,meso_SUB_HIFLD_1993_SUB_HIFLD_1988_rev,1600.0,0.0,0.0,0,672
SUB_HIFLD_1994,SUB_HIFLD_1961,meso_SUB_HIFLD_1994_SUB_HIFLD_1961_rev,4000.0,0.0,0.0,0,672
SUB_HIFLD_1994,SUB_HIFLD_1982,meso_SUB_HIFLD_1994_SUB_HIFLD_1982_rev,4000.0,0.2976216422536776,55.689192161253565,0,672
SUB_HIFLD_1994,SUB_HIFLD_2680,meso_SUB_HIFLD_1994_SUB_HIFLD_2680_fwd,800.0,0.0,0.0,0,672
SUB_HIFLD_1994,SUB_HIFLD_2681,meso_SUB_HIFLD_1994_SUB_HIFLD_2681_fwd,800.0,0.0,0.0,0,672
SUB_HIFLD_1994,SUB_HIFLD_3496,meso_SUB_HIFLD_1994_SUB_HIFLD_3496_fwd,800.0,1.3612284482390815,78.68000385269424,0,672
SUB_HIFLD_1994,SUB_HIFLD_3702,meso_SUB_HIFLD_1994_SUB_HIFLD_3702_fwd,800.0,0.6465550841685891,3.291250201353093,0,672
SUB_HIFLD_1994,SUB_HIFLD_4210,meso_SUB_HIFLD_1994_SUB_HIFLD_4210_fwd,800.0,1.1600181777188685,15.628226261988296,0,672
SUB_HIFLD_1994,SUB_HIFLD_1925,meso_SUB_HIFLD_1994_SUB_HIFLD_1925_rev,800.0,0.08610765811545235,18.01717743234536,0,672
SUB_HIFLD_1994,SUB_HIFLD_1926,meso_SUB_HIFLD_1994_SUB_HIFLD_1926_rev,4000.0,0.0,0.0,0,672
SUB_HIFLD_1994,SUB_HIFLD_1957,meso_SUB_HIFLD_1994_SUB_HIFLD_1957_rev,800.0,51.36996809503836,92.7076749986715,0,672
SUB_HIFLD_1994,SUB_HIFLD_1965,meso_SUB_HIFLD_1994_SUB_HIFLD_1965_rev,1600.0,49.104395058361014,109.85217155235154,0,672
SUB_HIFLD_1994,SUB_HIFLD_1974,meso_SUB_HIFLD_1994_SUB_HIFLD_1974_rev,800.0,14.825028286813579,23.6830078125,0,672
SUB_HIFLD_1994,SUB_HIFLD_3701,meso_SUB_HIFLD_1994_SUB_HIFLD_3701_fwd,800.0,11.570080881052295,38.62231369026665,0,672
SUB_HIFLD_1995,SUB_HIFLD_1974,meso_SUB_HIFLD_1995_SUB_HIFLD_1974_rev,800.0,0.0,0.0,0,672
SUB_HIFLD_1995,SUB_HIFLD_1957,meso_SUB_HIFLD_1995_SUB_HIFLD_1957_rev,800.0,0.0,0.0,0,672
SUB_HIFLD_1996,SUB_HIFLD_1010,meso_SUB_HIFLD_1996_SUB_HIFLD_1010_rev,800.0,0.0,0.0,0,672
SUB_HIFLD_1996,SUB_HIFLD_1944,meso_SUB_HIFLD_1996_SUB_HIFLD_1944_rev,800.0,0.0,0.0,0,672
SUB_HIFLD_1996,SUB_HIFLD_3358,meso_SUB_HIFLD_1996_SUB_HIFLD_3358_fwd,800.0,0.0,0.0,0,672
SUB_HIFLD_1996,SUB_HIFLD_1984,meso_SUB_HIFLD_1996_SUB_HIFLD_1984_rev,800.0,34.52963478304985,60.51452158505154,0,672
SUB_HIFLD_1997,SUB_HIFLD_3701,meso_SUB_HIFLD_1997_SUB_HIFLD_3701_fwd,800.0,0.0,0.0,0,672
SUB_HIFLD_1997,SUB_HIFLD_4225,meso_SUB_HIFLD_1997_SUB_HIFLD_4225_fwd,800.0,0.0,0.0,0,672
SUB_HIFLD_1997,SUB_HIFLD_4206,meso_SUB_HIFLD_1997_SUB_HIFLD_4206_fwd,800.0,0.0,0.0,0,672
SUB_HIFLD_1998,SUB_HIFLD_2754,meso_SUB_HIFLD_1998_SUB_HIFLD_2754_fwd,2000.0,72.43386953698393,134.53603896535233,0,672
SUB_HIFLD_1998,SUB_HIFLD_3206,meso_SUB_HIFLD_1998_SUB_HIFLD_3206_fwd,2000.0,0.0,0.0,0,672
SUB_HIFLD_1998,SUB_HIFLD_2002,meso_SUB_HIFLD_1998_SUB_HIFLD_2002_fwd,2000.0,30.350321889286484,56.28144732603093,0,672
SUB_HIFLD_1999,SUB_HIFLD_3079,meso_SUB_HIFLD_1999_SUB_HIFLD_3079_fwd,2000.0,0.0,0.0,0,672
SUB_HIFLD_1999,SUB_HIFLD_969,meso_SUB_HIFLD_1999_SUB_HIFLD_969_fwd,2000.0,0.0,0.0,0,672
SUB_HIFLD_2000,SUB_HIFLD_2754,meso_SUB_HIFLD_2000_SUB_HIFLD_2754_fwd,2000.0,0.0,0.0,0,672
SUB_HIFLD_2001,SUB_HIFLD_2880,meso_SUB_HIFLD_2001_SUB_HIFLD_2880_fwd,1600.0,6.51365816764163,11.012658887310355,0,672
SUB_HIFLD_2001,SUB_HIFLD_969,meso_SUB_HIFLD_2001_SUB_HIFLD_969_fwd,800.0,0.0,0.0,0,672
SUB_HIFLD_2002,SUB_HIFLD_2754,meso_SUB_HIFLD_2002_SUB_HIFLD_2754_fwd,2000.0,0.0,0.0,0,672
SUB_HIFLD_2002,SUB_HIFLD_1998,meso_SUB_HIFLD_2002_SUB_HIFLD_1998_rev,2000.0,0.0,0.0,0,672
SUB_HIFLD_2003,SUB_HIFLD_1332,meso_SUB_HIFLD_2003_SUB_HIFLD_1332_rev,600.0,0.0,0.0,0,672
SUB_HIFLD_2003,SUB_HIFLD_2751,meso_SUB_HIFLD_2003_SUB_HIFLD_2751_fwd,600.0,0.0,0.0,0,672
SUB_HIFLD_2004,SUB_HIFLD_2009,meso_SUB_HIFLD_2004_SUB_HIFLD_2009_fwd,50.0,0.0,0.0,0,672
SUB_HIFLD_2005,SUB_HIFLD_1333,meso_SUB_HIFLD_2005_SUB_HIFLD_1333_rev,600.0,0.0,0.0,0,672
SUB_HIFLD_2005,SUB_HIFLD_2006,meso_SUB_HIFLD_2005_SUB_HIFLD_2006_fwd,600.0,13.683312668770984,22.65853469334547,0,672
SUB_HIFLD_2006,SUB_HIFLD_2005,meso_SUB_HIFLD_2006_SUB_HIFLD_2005_rev,600.0,0.0,0.0,0,672
SUB_HIFLD_2006,SUB_HIFLD_2751,meso_SUB_HIFLD_2006_SUB_HIFLD_2751_fwd,600.0,2.2544795380425207,4.0358338031572165,0,672
SUB_HIFLD_2006,SUB_HIFLD_2973,meso_SUB_HIFLD_2006_SUB_HIFLD_2973_rev,117.54078431901952,6.705191302966649,10.234950869845362,0,672
SUB_HIFLD_2007,SUB_15232,meso_SUB_HIFLD_2007_SUB_15232_rev,600.0,0.0,0.0,0,672
SUB_HIFLD_2007,SUB_HIFLD_1917,meso_SUB_HIFLD_2007_SUB_HIFLD_1917_rev,600.0,19.257628425658286,34.66263642260984,0,672
SUB_HIFLD_2007,SUB_15259,meso_SUB_HIFLD_2007_SUB_15259_rev,80.76203156964826,4.825973083391223,7.931418633215207,0,672
SUB_HIFLD_2009,SUB_HIFLD_1332,meso_SUB_HIFLD_2009_SUB_HIFLD_1332_rev,600.0,3.8729738810905263,6.921391166162385,0,672
SUB_HIFLD_2009,SUB_HIFLD_1333,meso_SUB_HIFLD_2009_SUB_HIFLD_1333_rev,600.0,0.0,0.0,0,672
SUB_HIFLD_2009,SUB_HIFLD_2004,meso_SUB_HIFLD_2009_SUB_HIFLD_2004_rev,50.0,0.7952402065241518,1.4220803801546393,0,672
SUB_HIFLD_2010,SUB_15206,meso_SUB_HIFLD_2010_SUB_15206_rev,1200.0,34.95379876603275,71.40299962137317,0,672
SUB_HIFLD_2010,SUB_HIFLD_1357,meso_SUB_HIFLD_2010_SUB_HIFLD_1357_rev,4000.0,0.0,0.0,0,672
SUB_HIFLD_2010,SUB_15244,meso_SUB_HIFLD_2010_SUB_15244_rev,3000.0,28.294115996237267,102.79391942268596,0,672
SUB_HIFLD_2010,SUB_HIFLD_597,meso_SUB_HIFLD_2010_SUB_HIFLD_597_fwd,1500.0,0.016056355261110194,10.789870735466051,0,672
SUB_HIFLD_2010,WEC_CALN,iface_SUB_HIFLD_2010_WEC_CALN_to_ba,200.0,0.0,0.0,0,672
SUB_HIFLD_2013,WEC_BANC,iface_SUB_HIFLD_2013_WEC_BANC_to_ba,1421.0,46.10000000000001,46.1,0,672
SUB_HIFLD_2020,SUB_HIFLD_2990,meso_SUB_HIFLD_2020_SUB_HIFLD_2990_fwd,600.0,0.0,0.0,0,672
SUB_HIFLD_2020,SUB_HIFLD_4426,meso_SUB_HIFLD_2020_SUB_HIFLD_4426_fwd,600.0,0.0,0.0,0,672
SUB_HIFLD_2043,SUB_16368,meso_SUB_HIFLD_2043_SUB_16368_rev,600.0,0.0,0.0,0,672
SUB_HIFLD_2043,SUB_HIFLD_4330,meso_SUB_HIFLD_2043_SUB_HIFLD_4330_fwd,600.0,0.0,0.0,0,672
SUB_HIFLD_2048,SUB_02413,meso_SUB_HIFLD_2048_SUB_02413_rev,600.0,0.0,0.0,0,672
SUB_HIFLD_2048,SUB_HIFLD_2056,meso_SUB_HIFLD_2048_SUB_HIFLD_2056_fwd,600.0,0.0,0.0,0,672
SUB_HIFLD_2049,SUB_02257,meso_SUB_HIFLD_2049_SUB_02257_rev,3000.0,0.0,0.0,0,672
SUB_HIFLD_2049,SUB_HIFLD_3835,meso_SUB_HIFLD_2049_SUB_HIFLD_3835_fwd,1500.0,0.0,0.0,0,672
SUB_HIFLD_2049,SUB_02419,meso_SUB_HIFLD_2049_SUB_02419_rev,1500.0,0.0,0.0,0,672
SUB_HIFLD_2049,SUB_HIFLD_2068,meso_SUB_HIFLD_2049_SUB_HIFLD_2068_fwd,1500.0,0.0,0.0,0,672
SUB_HIFLD_2056,SUB_02413,meso_SUB_HIFLD_2056_SUB_02413_rev,600.0,0.0,0.0,0,672
SUB_HIFLD_2056,SUB_HIFLD_2048,meso_SUB_HIFLD_2056_SUB_HIFLD_2048_rev,600.0,0.0,0.0,0,672
SUB_HIFLD_2056,SUB_HIFLD_2070,meso_SUB_HIFLD_2056_SUB_HIFLD_2070_fwd,600.0,0.0,0.0,0,672
SUB_HIFLD_2058,SUB_02426,meso_SUB_HIFLD_2058_SUB_02426_rev,2100.0,0.0,0.0,0,672
SUB_HIFLD_2058,SUB_HIFLD_1418,meso_SUB_HIFLD_2058_SUB_HIFLD_1418_rev,1200.0,34.869609104108214,47.777848367836,0,672
SUB_HIFLD_2058,SUB_HIFLD_2070,meso_SUB_HIFLD_2058_SUB_HIFLD_2070_fwd,1500.0,0.0,0.0,0,672
SUB_HIFLD_2058,SUB_HIFLD_2131,meso_SUB_HIFLD_2058_SUB_HIFLD_2131_fwd,600.0,16.808028276150583,31.442198283807397,0,672
SUB_HIFLD_2058,SUB_HIFLD_3025,meso_SUB_HIFLD_2058_SUB_HIFLD_3025_fwd,2100.0,0.0,0.0,0,672
SUB_HIFLD_2058,SUB_02416,meso_SUB_HIFLD_2058_SUB_02416_rev,600.0,0.0,0.0,0,672
SUB_HIFLD_2058,SUB_08203,meso_SUB_HIFLD_2058_SUB_08203_rev,1500.0,0.0,0.0,0,672
SUB_HIFLD_2062,SUB_02413,meso_SUB_HIFLD_2062_SUB_02413_rev,600.0,0.0,0.0,0,672
SUB_HIFLD_2062,SUB_HIFLD_1418,meso_SUB_HIFLD_2062_SUB_HIFLD_1418_rev,600.0,0.0,0.0,0,672
SUB_HIFLD_2062,SUB_02409,meso_SUB_HIFLD_2062_SUB_02409_rev,210.48781076590532,14.610192760229696,21.18189231636598,0,672
SUB_HIFLD_2068,SUB_02269,meso_SUB_HIFLD_2068_SUB_02269_rev,1500.0,32.19856873607308,41.4268806378866,0,672
SUB_HIFLD_2068,SUB_02405,meso_SUB_HIFLD_2068_SUB_02405_rev,1500.0,0.0,0.0,0,672
SUB_HIFLD_2068,SUB_HIFLD_3834,meso_SUB_HIFLD_2068_SUB_HIFLD_3834_fwd,1500.0,0.0,0.0,0,672
SUB_HIFLD_2068,SUB_HIFLD_3835,meso_SUB_HIFLD_2068_SUB_HIFLD_3835_fwd,1500.0,0.0,0.0,0,672
SUB_HIFLD_2068,SUB_02419,meso_SUB_HIFLD_2068_SUB_02419_rev,1500.0,0.0,0.0,0,672
SUB_HIFLD_2068,SUB_HIFLD_2049,meso_SUB_HIFLD_2068_SUB_HIFLD_2049_rev,1500.0,0.0,0.0,0,672
SUB_HIFLD_2070,SUB_HIFLD_2058,meso_SUB_HIFLD_2070_SUB_HIFLD_2058_rev,1500.0,0.0,0.0,0,672
SUB_HIFLD_2070,SUB_HIFLD_2131,meso_SUB_HIFLD_2070_SUB_HIFLD_2131_fwd,600.0,0.053976889295507396,19.549098903393695,0,672
SUB_HIFLD_2070,SUB_HIFLD_3025,meso_SUB_HIFLD_2070_SUB_HIFLD_3025_fwd,1500.0,0.0,0.0,0,672
SUB_HIFLD_2070,SUB_08361,meso_SUB_HIFLD_2070_SUB_08361_rev,600.0,0.0,0.0,0,672
SUB_HIFLD_2070,SUB_HIFLD_2056,meso_SUB_HIFLD_2070_SUB_HIFLD_2056_rev,600.0,2.273682764975167,6.333359173646907,0,672
SUB_HIFLD_2086,SUB_18297,meso_SUB_HIFLD_2086_SUB_18297_rev,1500.0,7.09655836916329,46.25662528174537,0,672
SUB_HIFLD_2086,SUB_HIFLD_3903,meso_SUB_HIFLD_2086_SUB_HIFLD_3903_fwd,1500.0,0.0,0.0,0,672
SUB_HIFLD_2086,SUB_HIFLD_4291,meso_SUB_HIFLD_2086_SUB_HIFLD_4291_fwd,1500.0,0.0,0.0,0,672
SUB_HIFLD_2095,SUB_HIFLD_2101,meso_SUB_HIFLD_2095_SUB_HIFLD_2101_fwd,800.0,0.00046986492559182103,0.000779027361230752,0,672
SUB_HIFLD_2095,SUB_HIFLD_2410,meso_SUB_HIFLD_2095_SUB_HIFLD_2410_fwd,800.0,0.0,0.0,0,672
SUB_HIFLD_2095,SUB_HIFLD_4428,meso_SUB_HIFLD_2095_SUB_HIFLD_4428_fwd,800.0,0.0,0.0,0,672
SUB_HIFLD_2095,SUB_HIFLD_2102,meso_SUB_HIFLD_2095_SUB_HIFLD_2102_fwd,800.0,0.0,0.0,0,672
SUB_HIFLD_2095,SUB_HIFLD_2431,meso_SUB_HIFLD_2095_SUB_HIFLD_2431_fwd,800.0,0.0,0.0,0,672
SUB_HIFLD_2096,SUB_HIFLD_2103,meso_SUB_HIFLD_2096_SUB_HIFLD_2103_fwd,800.0,0.0,0.0,0,672
SUB_HIFLD_2097,SUB_HIFLD_2099,meso_SUB_HIFLD_2097_SUB_HIFLD_2099_fwd,800.0,0.0,0.0,0,672
SUB_HIFLD_2097,SUB_HIFLD_2698,meso_SUB_HIFLD_2097_SUB_HIFLD_2698_fwd,800.0,0.0,0.0,0,672
SUB_HIFLD_2097,SUB_HIFLD_3905,meso_SUB_HIFLD_2097_SUB_HIFLD_3905_fwd,800.0,0.0,0.0,0,672
SUB_HIFLD_2099,SUB_HIFLD_2097,meso_SUB_HIFLD_2099_SUB_HIFLD_2097_rev,800.0,0.0,0.0,0,672
SUB_HIFLD_2099,SUB_HIFLD_2102,meso_SUB_HIFLD_2099_SUB_HIFLD_2102_fwd,800.0,29.25703565851978,40.83318635725647,0,672
SUB_HIFLD_2099,SUB_HIFLD_2431,meso_SUB_HIFLD_2099_SUB_HIFLD_2431_fwd,4000.0,0.0,0.0,0,672
SUB_HIFLD_2099,SUB_HIFLD_3440,meso_SUB_HIFLD_2099_SUB_HIFLD_3440_fwd,800.0,0.0,0.0,0,672
SUB_HIFLD_2099,SUB_HIFLD_2100,meso_SUB_HIFLD_2099_SUB_HIFLD_2100_fwd,1500.0,7.42221353204085,68.72547639863996,0,672
SUB_HIFLD_2100,SUB_HIFLD_2698,meso_SUB_HIFLD_2100_SUB_HIFLD_2698_fwd,800.0,0.0,0.0,0,672
SUB_HIFLD_2100,SUB_HIFLD_3440,meso_SUB_HIFLD_2100_SUB_HIFLD_3440_fwd,800.0,0.0,0.0,0,672
SUB_HIFLD_2100,SUB_HIFLD_2099,meso_SUB_HIFLD_2100_SUB_HIFLD_2099_rev,1500.0,0.0,0.0,0,672
SUB_HIFLD_2100,SUB_HIFLD_3906,meso_SUB_HIFLD_2100_SUB_HIFLD_3906_fwd,800.0,0.0,0.0,0,672
SUB_HIFLD_2101,SUB_HIFLD_2095,meso_SUB_HIFLD_2101_SUB_HIFLD_2095_rev,800.0,0.0,0.0,0,672
SUB_HIFLD_2101,SUB_HIFLD_2103,meso_SUB_HIFLD_2101_SUB_HIFLD_2103_fwd,800.0,0.0,0.0,0,672
SUB_HIFLD_2102,SUB_HIFLD_2099,meso_SUB_HIFLD_2102_SUB_HIFLD_2099_rev,800.0,0.0,0.0,0,672
SUB_HIFLD_2102,SUB_HIFLD_2103,meso_SUB_HIFLD_2102_SUB_HIFLD_2103_fwd,800.0,22.264233297242,30.60539427011372,0,672
SUB_HIFLD_2102,SUB_HIFLD_2095,meso_SUB_HIFLD_2102_SUB_HIFLD_2095_rev,800.0,0.0,0.0,0,672
SUB_HIFLD_2102,SUB_HIFLD_2104,meso_SUB_HIFLD_2102_SUB_HIFLD_2104_fwd,800.0,2.8823768677521877,4.778927392074743,0,672
SUB_HIFLD_2103,SUB_HIFLD_1458,meso_SUB_HIFLD_2103_SUB_HIFLD_1458_rev,800.0,2.98679307985376,4.2219240798163655,0,672
SUB_HIFLD_2103,SUB_HIFLD_2096,meso_SUB_HIFLD_2103_SUB_HIFLD_2096_rev,800.0,0.0,0.0,0,672
SUB_HIFLD_2103,SUB_HIFLD_2101,meso_SUB_HIFLD_2103_SUB_HIFLD_2101_rev,800.0,0.0,0.0,0,672
SUB_HIFLD_2103,SUB_HIFLD_2102,meso_SUB_HIFLD_2103_SUB_HIFLD_2102_rev,800.0,0.0,0.0,0,672
SUB_HIFLD_2103,SUB_HIFLD_4428,meso_SUB_HIFLD_2103_SUB_HIFLD_4428_fwd,800.0,0.0,0.0,0,672
SUB_HIFLD_2104,SUB_HIFLD_3440,meso_SUB_HIFLD_2104_SUB_HIFLD_3440_fwd,800.0,0.0,0.0,0,672
SUB_HIFLD_2104,SUB_HIFLD_2102,meso_SUB_HIFLD_2104_SUB_HIFLD_2102_rev,800.0,0.0,0.0,0,672
SUB_HIFLD_2108,SUB_HIFLD_2109,meso_SUB_HIFLD_2108_SUB_HIFLD_2109_fwd,1500.0,0.0,0.0,0,672
SUB_HIFLD_2108,SUB_HIFLD_3164,meso_SUB_HIFLD_2108_SUB_HIFLD_3164_fwd,600.0,0.0,0.0,0,672
SUB_HIFLD_2108,SUB_HIFLD_3862,meso_SUB_HIFLD_2108_SUB_HIFLD_3862_fwd,600.0,0.0,0.0,0,672
SUB_HIFLD_2109,SUB_08226,meso_SUB_HIFLD_2109_SUB_08226_rev,1500.0,2.778217157106004,71.07331885441737,0,672
SUB_HIFLD_2109,SUB_08387,meso_SUB_HIFLD_2109_SUB_08387_rev,1500.0,22.52983935978346,33.2548969072165,0,672
SUB_HIFLD_2109,SUB_HIFLD_2108,meso_SUB_HIFLD_2109_SUB_HIFLD_2108_rev,1500.0,0.06891235028453581,2.493715266591495,0,672
SUB_HIFLD_2109,SUB_HIFLD_2117,meso_SUB_HIFLD_2109_SUB_HIFLD_2117_fwd,1500.0,0.0,0.0,0,672
SUB_HIFLD_2115,SUB_HIFLD_1687,meso_SUB_HIFLD_2115_SUB_HIFLD_1687_rev,4000.0,0.0,0.0,0,672
SUB_HIFLD_2115,SUB_HIFLD_1692,meso_SUB_HIFLD_2115_SUB_HIFLD_1692_rev,800.0,0.0,0.0,0,672
SUB_HIFLD_2115,SUB_HIFLD_1768,meso_SUB_HIFLD_2115_SUB_HIFLD_1768_rev,4000.0,0.0,0.0,0,672
SUB_HIFLD_2117,SUB_HIFLD_1423,meso_SUB_HIFLD_2117_SUB_HIFLD_1423_rev,1500.0,1.8542532421242977,5.040862093266753,0,672
SUB_HIFLD_2117,SUB_HIFLD_3166,meso_SUB_HIFLD_2117_SUB_HIFLD_3166_fwd,600.0,0.004642025482642867,0.006944372236114188,0,672
SUB_HIFLD_2117,SUB_HIFLD_3169,meso_SUB_HIFLD_2117_SUB_HIFLD_3169_fwd,600.0,2.7450560487901368,4.521069866565173,0,672
SUB_HIFLD_2117,SUB_HIFLD_3862,meso_SUB_HIFLD_2117_SUB_HIFLD_3862_fwd,600.0,10.735897100793947,17.237376498561435,0,672
SUB_HIFLD_2117,SUB_01222,meso_SUB_HIFLD_2117_SUB_01222_rev,1500.0,17.79200964999054,100.55895785555595,0,672
SUB_HIFLD_2117,SUB_08246,meso_SUB_HIFLD_2117_SUB_08246_rev,1500.0,0.9625419092041089,42.55702722293815,0,672
SUB_HIFLD_2117,SUB_08380,meso_SUB_HIFLD_2117_SUB_08380_rev,1500.0,5.263307267507639,115.48570269759188,0,672
SUB_HIFLD_2117,SUB_HIFLD_2109,meso_SUB_HIFLD_2117_SUB_HIFLD_2109_rev,1500.0,26.161823574406192,107.21792938413736,0,672
SUB_HIFLD_2117,SUB_HIFLD_3165,meso_SUB_HIFLD_2117_SUB_HIFLD_3165_fwd,3000.0,13.10533028087806,25.78987294151918,0,672
SUB_HIFLD_2117,SUB_HIFLD_3174,meso_SUB_HIFLD_2117_SUB_HIFLD_3174_fwd,1500.0,3.4728656707352052,9.123289053504376,0,672
SUB_HIFLD_2117,SUB_HIFLD_3259,meso_SUB_HIFLD_2117_SUB_HIFLD_3259_rev,50.0,0.8630040653324267,1.2918058100434922,0,672
SUB_HIFLD_2118,SUB_HIFLD_3163,meso_SUB_HIFLD_2118_SUB_HIFLD_3163_fwd,600.0,0.0,0.0,0,672
SUB_HIFLD_2118,SUB_HIFLD_3602,meso_SUB_HIFLD_2118_SUB_HIFLD_3602_fwd,600.0,0.00507027348874063,2.4992655645940722,0,672
SUB_HIFLD_2121,SUB_01222,meso_SUB_HIFLD_2121_SUB_01222_rev,3000.0,0.0,0.0,0,672
SUB_HIFLD_2121,SUB_08363,meso_SUB_HIFLD_2121_SUB_08363_rev,1500.0,36.93246130155441,54.839465206185565,0,672
SUB_HIFLD_2121,SUB_08390,meso_SUB_HIFLD_2121_SUB_08390_rev,1500.0,0.0,0.0,0,672
SUB_HIFLD_2121,SUB_HIFLD_2149,meso_SUB_HIFLD_2121_SUB_HIFLD_2149_fwd,1500.0,0.0,0.0,0,672
SUB_HIFLD_2121,SUB_HIFLD_3025,meso_SUB_HIFLD_2121_SUB_HIFLD_3025_fwd,1500.0,0.0,0.0,0,672
SUB_HIFLD_2126,SUB_08226,meso_SUB_HIFLD_2126_SUB_08226_rev,1500.0,0.0,0.0,0,672
SUB_HIFLD_2126,SUB_08380,meso_SUB_HIFLD_2126_SUB_08380_rev,1500.0,0.0,0.0,0,672
SUB_HIFLD_2126,SUB_HIFLD_3165,meso_SUB_HIFLD_2126_SUB_HIFLD_3165_fwd,1500.0,0.0,0.0,0,672
SUB_HIFLD_2126,SUB_HIFLD_3174,meso_SUB_HIFLD_2126_SUB_HIFLD_3174_fwd,1500.0,0.0,0.0,0,672
SUB_HIFLD_2131,SUB_08216,meso_SUB_HIFLD_2131_SUB_08216_rev,600.0,0.0,0.0,0,672
SUB_HIFLD_2131,SUB_HIFLD_2058,meso_SUB_HIFLD_2131_SUB_HIFLD_2058_rev,600.0,0.0,0.0,0,672
SUB_HIFLD_2131,SUB_HIFLD_2070,meso_SUB_HIFLD_2131_SUB_HIFLD_2070_rev,600.0,0.0,0.0,0,672
SUB_HIFLD_2131,SUB_08224,meso_SUB_HIFLD_2131_SUB_08224_rev,234.3736327209014,15.915605844489257,24.16223018685567,0,672
SUB_HIFLD_2149,SUB_08203,meso_SUB_HIFLD_2149_SUB_08203_rev,1500.0,0.0,0.0,0,672
SUB_HIFLD_2149,SUB_08363,meso_SUB_HIFLD_2149_SUB_08363_rev,1500.0,0.0,0.0,0,672
SUB_HIFLD_2149,SUB_HIFLD_2121,meso_SUB_HIFLD_2149_SUB_HIFLD_2121_rev,1500.0,0.0,0.0,0,672
SUB_HIFLD_2170,SUB_HIFLD_2188,meso_SUB_HIFLD_2170_SUB_HIFLD_2188_fwd,50.0,0.0,0.0,0,672
SUB_HIFLD_2171,SUB_10293,meso_SUB_HIFLD_2171_SUB_10293_rev,1500.0,0.0,0.0,0,672
SUB_HIFLD_2171,SUB_10344,meso_SUB_HIFLD_2171_SUB_10344_rev,600.0,0.0,0.0,0,672
SUB_HIFLD_2173,SUB_10352,meso_SUB_HIFLD_2173_SUB_10352_rev,1500.0,0.0,0.0,0,672
SUB_HIFLD_2173,SUB_HIFLD_2188,meso_SUB_HIFLD_2173_SUB_HIFLD_2188_fwd,1500.0,1.442271565159496,2.6921079759073763,0,672
SUB_HIFLD_2173,SUB_10344,meso_SUB_HIFLD_2173_SUB_10344_rev,1500.0,0.0,0.0,0,672
SUB_HIFLD_2177,WEC_BANC,iface_SUB_HIFLD_2177_WEC_BANC_to_ba,50.0,0.0,0.0,0,672
SUB_HIFLD_2180,SUB_HIFLD_4403,meso_SUB_HIFLD_2180_SUB_HIFLD_4403_fwd,600.0,3.522339899465865,14.052402609988052,0,672
SUB_HIFLD_2180,SUB_10293,meso_SUB_HIFLD_2180_SUB_10293_rev,1500.0,0.0,0.0,0,672
SUB_HIFLD_2184,SUB_10356,meso_SUB_HIFLD_2184_SUB_10356_fwd,50.0,0.0,0.0,0,672
SUB_HIFLD_2188,SUB_HIFLD_2173,meso_SUB_HIFLD_2188_SUB_HIFLD_2173_rev,1500.0,0.0,0.0,0,672
SUB_HIFLD_2188,SUB_10327,meso_SUB_HIFLD_2188_SUB_10327_rev,50.0,1.3990034182047106,2.6113447366301545,0,672
SUB_HIFLD_2188,SUB_HIFLD_2170,meso_SUB_HIFLD_2188_SUB_HIFLD_2170_rev,50.0,0.0,0.0,0,672
SUB_HIFLD_2193,SUB_HIFLD_1327,meso_SUB_HIFLD_2193_SUB_HIFLD_1327_rev,600.0,3.9387850897727854,10.0,0,672
SUB_HIFLD_2194,SUB_HIFLD_2195,meso_SUB_HIFLD_2194_SUB_HIFLD_2195_fwd,600.0,0.0,0.0,0,672
SUB_HIFLD_2194,SUB_HIFLD_3082,meso_SUB_HIFLD_2194_SUB_HIFLD_3082_fwd,600.0,0.0,0.0,0,672
SUB_HIFLD_2195,SUB_HIFLD_2194,meso_SUB_HIFLD_2195_SUB_HIFLD_2194_rev,600.0,0.0,0.0,0,672
SUB_HIFLD_2195,SUB_HIFLD_3082,meso_SUB_HIFLD_2195_SUB_HIFLD_3082_fwd,1200.0,0.0,0.0,0,672
SUB_HIFLD_2207,SUB_HIFLD_3271,meso_SUB_HIFLD_2207_SUB_HIFLD_3271_fwd,800.0,0.5232403652901206,0.7510789814252811,0,672
SUB_HIFLD_2207,WEC_BANC,iface_SUB_HIFLD_2207_WEC_BANC_to_ba,50.0,0.0,0.0,0,672
SUB_HIFLD_2212,WEC_BANC,iface_SUB_HIFLD_2212_WEC_BANC_to_ba,800.0,0.0,0.0,0,672
SUB_HIFLD_2219,WEC_BANC,iface_SUB_HIFLD_2219_WEC_BANC_to_ba,50.0,0.0,0.0,0,672
SUB_HIFLD_2222,SUB_HIFLD_3283,meso_SUB_HIFLD_2222_SUB_HIFLD_3283_fwd,800.0,0.0,0.0,0,672
SUB_HIFLD_2245,SUB_01392,meso_SUB_HIFLD_2245_SUB_01392_rev,1200.0,0.0,0.0,0,672
SUB_HIFLD_2245,SUB_04204,meso_SUB_HIFLD_2245_SUB_04204_rev,3000.0,0.0,0.0,0,672
SUB_HIFLD_2245,SUB_06270,meso_SUB_HIFLD_2245_SUB_06270_rev,1500.0,0.0,0.0,0,672
SUB_HIFLD_2318,SUB_16325,meso_SUB_HIFLD_2318_SUB_16325_rev,600.0,14.747065920680878,45.37378194172085,0,672
SUB_HIFLD_2318,SUB_HIFLD_30,meso_SUB_HIFLD_2318_SUB_HIFLD_30_fwd,1500.0,0.054224974876317944,10.892154803138162,0,672
SUB_HIFLD_2318,SUB_16261,meso_SUB_HIFLD_2318_SUB_16261_rev,1500.0,8.703781015070684,35.335326867379635,0,672
SUB_HIFLD_2330,SUB_HIFLD_659,meso_SUB_HIFLD_2330_SUB_HIFLD_659_fwd,1500.0,0.0,0.0,0,672
SUB_HIFLD_2356,SUB_19241,meso_SUB_HIFLD_2356_SUB_19241_rev,1500.0,0.5621067304820102,0.8176684822003866,0,672
SUB_HIFLD_2356,SUB_19246,meso_SUB_HIFLD_2356_SUB_19246_rev,1500.0,0.225650287472547,1.6049620008960213,0,672
SUB_HIFLD_2359,SUB_10293,meso_SUB_HIFLD_2359_SUB_10293_rev,1500.0,0.0,0.0,0,672
SUB_HIFLD_2359,SUB_10361,meso_SUB_HIFLD_2359_SUB_10361_rev,52.01668303229506,2.513306718020095,4.836416720360825,0,672
SUB_HIFLD_2363,SUB_HIFLD_2511,meso_SUB_HIFLD_2363_SUB_HIFLD_2511_fwd,600.0,0.0,0.0,0,672
SUB_HIFLD_2363,SUB_25292,meso_SUB_HIFLD_2363_SUB_25292_rev,68.26946151264919,4.111016997017577,6.764640886759022,0,672
SUB_HIFLD_2364,SUB_HIFLD_2397,meso_SUB_HIFLD_2364_SUB_HIFLD_2397_fwd,800.0,0.0,0.0,0,672
SUB_HIFLD_2364,SUB_HIFLD_2527,meso_SUB_HIFLD_2364_SUB_HIFLD_2527_fwd,800.0,0.0,0.0,0,672
SUB_HIFLD_2365,SUB_HIFLD_2386,meso_SUB_HIFLD_2365_SUB_HIFLD_2386_fwd,800.0,0.0,0.0,0,672
SUB_HIFLD_2365,SUB_HIFLD_3525,meso_SUB_HIFLD_2365_SUB_HIFLD_3525_fwd,800.0,0.0,0.0,0,672
SUB_HIFLD_2365,SUB_HIFLD_4335,meso_SUB_HIFLD_2365_SUB_HIFLD_4335_fwd,800.0,0.0,0.0,0,672
SUB_HIFLD_2366,SUB_HIFLD_424,meso_SUB_HIFLD_2366_SUB_HIFLD_424_fwd,800.0,4.6598897777801245,38.16912962515299,0,672
SUB_HIFLD_2367,SUB_HIFLD_4271,meso_SUB_HIFLD_2367_SUB_HIFLD_4271_fwd,800.0,0.0,0.0,0,672
SUB_HIFLD_2367,SUB_HIFLD_2385,meso_SUB_HIFLD_2367_SUB_HIFLD_2385_fwd,600.0,0.0,0.0,0,672
SUB_HIFLD_2367,SUB_HIFLD_2392,meso_SUB_HIFLD_2367_SUB_HIFLD_2392_fwd,600.0,0.0,0.0,0,672
SUB_HIFLD_2368,SUB_HIFLD_2394,meso_SUB_HIFLD_2368_SUB_HIFLD_2394_fwd,800.0,0.0,0.0,0,672
SUB_HIFLD_2368,SUB_HIFLD_3447,meso_SUB_HIFLD_2368_SUB_HIFLD_3447_fwd,800.0,0.0,0.0,0,672
SUB_HIFLD_2369,SUB_HIFLD_4104,meso_SUB_HIFLD_2369_SUB_HIFLD_4104_fwd,800.0,0.0,0.0,0,672
SUB_HIFLD_2369,SUB_HIFLD_2378,meso_SUB_HIFLD_2369_SUB_HIFLD_2378_fwd,600.0,3.104821257902284,9.464933995625865,0,672
SUB_HIFLD_2369,SUB_HIFLD_2391,meso_SUB_HIFLD_2369_SUB_HIFLD_2391_fwd,800.0,3.1552261961259838,8.335648350384961,0,672
SUB_HIFLD_2369,SUB_HIFLD_3023,meso_SUB_HIFLD_2369_SUB_HIFLD_3023_fwd,1600.0,0.0,0.0,0,672
SUB_HIFLD_2370,SUB_HIFLD_2390,meso_SUB_HIFLD_2370_SUB_HIFLD_2390_fwd,800.0,0.06351933137547268,4.737015745811855,0,672
SUB_HIFLD_2370,SUB_HIFLD_2396,meso_SUB_HIFLD_2370_SUB_HIFLD_2396_fwd,800.0,0.0,0.0,0,672
SUB_HIFLD_2370,SUB_HIFLD_3447,meso_SUB_HIFLD_2370_SUB_HIFLD_3447_fwd,800.0,0.0,0.0,0,672
SUB_HIFLD_2371,SUB_HIFLD_2372,meso_SUB_HIFLD_2371_SUB_HIFLD_2372_fwd,800.0,16.44132046818909,25.81117912371134,0,672
SUB_HIFLD_2371,SUB_HIFLD_2380,meso_SUB_HIFLD_2371_SUB_HIFLD_2380_fwd,800.0,0.0,0.0,0,672
SUB_HIFLD_2371,SUB_HIFLD_2385,meso_SUB_HIFLD_2371_SUB_HIFLD_2385_fwd,800.0,0.0,0.0,0,672
SUB_HIFLD_2372,SUB_HIFLD_2371,meso_SUB_HIFLD_2372_SUB_HIFLD_2371_rev,800.0,0.0,0.0,0,672
SUB_HIFLD_2372,SUB_HIFLD_2374,meso_SUB_HIFLD_2372_SUB_HIFLD_2374_fwd,800.0,0.0,0.0,0,672
SUB_HIFLD_2372,SUB_HIFLD_2715,meso_SUB_HIFLD_2372_SUB_HIFLD_2715_fwd,800.0,0.0,0.0,0,672
SUB_HIFLD_2372,SUB_HIFLD_3973,meso_SUB_HIFLD_2372_SUB_HIFLD_3973_fwd,800.0,0.0,0.0,0,672
SUB_HIFLD_2372,SUB_HIFLD_2376,meso_SUB_HIFLD_2372_SUB_HIFLD_2376_fwd,800.0,0.0,0.0,0,672
SUB_HIFLD_2372,SUB_HIFLD_2380,meso_SUB_HIFLD_2372_SUB_HIFLD_2380_fwd,800.0,0.0,0.0,0,672
SUB_HIFLD_2373,SUB_HIFLD_2375,meso_SUB_HIFLD_2373_SUB_HIFLD_2375_fwd,800.0,10.489192341007106,23.8,0,672
SUB_HIFLD_2374,SUB_HIFLD_2372,meso_SUB_HIFLD_2374_SUB_HIFLD_2372_rev,800.0,0.0,0.0,0,672
SUB_HIFLD_2374,SUB_HIFLD_2381,meso_SUB_HIFLD_2374_SUB_HIFLD_2381_fwd,800.0,0.01936305725976319,2.360437389255799,0,672
SUB_HIFLD_2374,SUB_HIFLD_2391,meso_SUB_HIFLD_2374_SUB_HIFLD_2391_fwd,800.0,0.0,0.0,0,672
SUB_HIFLD_2375,SUB_HIFLD_2373,meso_SUB_HIFLD_2375_SUB_HIFLD_2373_rev,800.0,0.0,0.0,0,672
SUB_HIFLD_2375,SUB_HIFLD_2393,meso_SUB_HIFLD_2375_SUB_HIFLD_2393_fwd,800.0,0.08427258930252976,6.44144586087247,0,672
SUB_HIFLD_2375,SUB_HIFLD_2377,meso_SUB_HIFLD_2375_SUB_HIFLD_2377_fwd,800.0,4.072906803652795,17.0812626953125,0,672
SUB_HIFLD_2376,SUB_HIFLD_2391,meso_SUB_HIFLD_2376_SUB_HIFLD_2391_fwd,800.0,0.0,0.0,0,672
SUB_HIFLD_2376,SUB_HIFLD_2715,meso_SUB_HIFLD_2376_SUB_HIFLD_2715_fwd,800.0,0.0,0.0,0,672
SUB_HIFLD_2376,SUB_HIFLD_4419,meso_SUB_HIFLD_2376_SUB_HIFLD_4419_fwd,800.0,0.0,0.0,0,672
SUB_HIFLD_2376,SUB_HIFLD_2372,meso_SUB_HIFLD_2376_SUB_HIFLD_2372_rev,800.0,0.0,0.0,0,672
SUB_HIFLD_2376,SUB_HIFLD_2385,meso_SUB_HIFLD_2376_SUB_HIFLD_2385_fwd,800.0,0.0,0.0,0,672
SUB_HIFLD_2376,SUB_HIFLD_3973,meso_SUB_HIFLD_2376_SUB_HIFLD_3973_fwd,800.0,58.45430407372736,106.61535962907854,0,672
SUB_HIFLD_2377,SUB_HIFLD_2387,meso_SUB_HIFLD_2377_SUB_HIFLD_2387_fwd,800.0,0.013152646948206231,4.4917112999355675,0,672
SUB_HIFLD_2377,SUB_HIFLD_2393,meso_SUB_HIFLD_2377_SUB_HIFLD_2393_fwd,800.0,0.0,0.0,0,672
SUB_HIFLD_2377,SUB_HIFLD_2527,meso_SUB_HIFLD_2377_SUB_HIFLD_2527_fwd,800.0,0.4136383929844727,6.968247666015623,0,672
SUB_HIFLD_2377,SUB_HIFLD_2375,meso_SUB_HIFLD_2377_SUB_HIFLD_2375_rev,800.0,0.0,0.0,0,672
SUB_HIFLD_2377,SUB_HIFLD_2391,meso_SUB_HIFLD_2377_SUB_HIFLD_2391_fwd,600.0,0.0,0.0,0,672
SUB_HIFLD_2378,SUB_HIFLD_4039,meso_SUB_HIFLD_2378_SUB_HIFLD_4039_fwd,800.0,0.0,0.0,0,672
SUB_HIFLD_2378,SUB_HIFLD_2369,meso_SUB_HIFLD_2378_SUB_HIFLD_2369_rev,600.0,0.0,0.0,0,672
SUB_HIFLD_2378,SUB_HIFLD_2381,meso_SUB_HIFLD_2378_SUB_HIFLD_2381_fwd,800.0,1.8806646413376087,3.582799915431701,0,672
SUB_HIFLD_2378,SUB_HIFLD_2390,meso_SUB_HIFLD_2378_SUB_HIFLD_2390_fwd,800.0,1.1310119788276065,7.245060808634021,0,672
SUB_HIFLD_2379,SUB_HIFLD_2394,meso_SUB_HIFLD_2379_SUB_HIFLD_2394_fwd,800.0,0.0,0.0,0,672
SUB_HIFLD_2379,SUB_HIFLD_2982,meso_SUB_HIFLD_2379_SUB_HIFLD_2982_fwd,800.0,0.0,0.0,0,672
SUB_HIFLD_2380,SUB_HIFLD_2371,meso_SUB_HIFLD_2380_SUB_HIFLD_2371_rev,800.0,0.0,0.0,0,672
SUB_HIFLD_2380,SUB_HIFLD_3637,meso_SUB_HIFLD_2380_SUB_HIFLD_3637_fwd,800.0,0.0,0.0,0,672
SUB_HIFLD_2380,SUB_HIFLD_4347,meso_SUB_HIFLD_2380_SUB_HIFLD_4347_fwd,800.0,0.0,0.0,0,672
SUB_HIFLD_2380,SUB_HIFLD_2372,meso_SUB_HIFLD_2380_SUB_HIFLD_2372_rev,800.0,0.0,0.0,0,672
SUB_HIFLD_2380,SUB_HIFLD_2395,meso_SUB_HIFLD_2380_SUB_HIFLD_2395_fwd,800.0,0.0,0.0,0,672
SUB_HIFLD_2380,SUB_HIFLD_2715,meso_SUB_HIFLD_2380_SUB_HIFLD_2715_fwd,800.0,0.0,0.0,0,672
SUB_HIFLD_2381,SUB_HIFLD_2374,meso_SUB_HIFLD_2381_SUB_HIFLD_2374_rev,800.0,0.0,0.0,0,672
SUB_HIFLD_2381,SUB_HIFLD_4039,meso_SUB_HIFLD_2381_SUB_HIFLD_4039_fwd,800.0,0.0,0.0,0,672
SUB_HIFLD_2381,SUB_HIFLD_2378,meso_SUB_HIFLD_2381_SUB_HIFLD_2378_rev,800.0,0.0,0.0,0,672
SUB_HIFLD_2383,SUB_HIFLD_4365,meso_SUB_HIFLD_2383_SUB_HIFLD_4365_fwd,800.0,0.0,0.0,0,672
SUB_HIFLD_2383,SUB_HIFLD_2388,meso_SUB_HIFLD_2383_SUB_HIFLD_2388_fwd,800.0,0.0,0.0,0,672
SUB_HIFLD_2384,SUB_HIFLD_2388,meso_SUB_HIFLD_2384_SUB_HIFLD_2388_fwd,800.0,0.0,0.0,0,672
SUB_HIFLD_2384,SUB_HIFLD_2397,meso_SUB_HIFLD_2384_SUB_HIFLD_2397_fwd,800.0,4.489049427212747,29.406819569776946,0,672
SUB_HIFLD_2384,SUB_HIFLD_2386,meso_SUB_HIFLD_2384_SUB_HIFLD_2386_fwd,800.0,0.0,0.0,0,672
SUB_HIFLD_2385,SUB_HIFLD_1189,meso_SUB_HIFLD_2385_SUB_HIFLD_1189_rev,4000.0,0.0,0.0,0,672
SUB_HIFLD_2385,SUB_HIFLD_2392,meso_SUB_HIFLD_2385_SUB_HIFLD_2392_fwd,800.0,5.628406893197435,11.073173727448454,0,672
SUB_HIFLD_2385,SUB_HIFLD_2394,meso_SUB_HIFLD_2385_SUB_HIFLD_2394_fwd,4000.0,0.0,0.0,0,672
SUB_HIFLD_2385,SUB_HIFLD_2395,meso_SUB_HIFLD_2385_SUB_HIFLD_2395_fwd,800.0,47.794284834206145,84.27383576396271,0,672
SUB_HIFLD_2385,SUB_HIFLD_2856,meso_SUB_HIFLD_2385_SUB_HIFLD_2856_fwd,800.0,0.0,0.0,0,672
SUB_HIFLD_2385,SUB_HIFLD_4012,meso_SUB_HIFLD_2385_SUB_HIFLD_4012_fwd,800.0,0.0,0.0,0,672
SUB_HIFLD_2385,SUB_HIFLD_4419,meso_SUB_HIFLD_2385_SUB_HIFLD_4419_fwd,800.0,0.03262174369910952,13.11095210485947,0,672
SUB_HIFLD_2385,SUB_HIFLD_2367,meso_SUB_HIFLD_2385_SUB_HIFLD_2367_rev,600.0,2.574305801129423,4.528142115012886,0,672
SUB_HIFLD_2385,SUB_HIFLD_2371,meso_SUB_HIFLD_2385_SUB_HIFLD_2371_rev,800.0,13.802010061025488,24.820066843295933,0,672
SUB_HIFLD_2385,SUB_HIFLD_2376,meso_SUB_HIFLD_2385_SUB_HIFLD_2376_rev,800.0,98.53983875159805,181.91574500425352,0,672
SUB_HIFLD_2385,SUB_HIFLD_2386,meso_SUB_HIFLD_2385_SUB_HIFLD_2386_fwd,8000.0,0.0,0.0,0,672
SUB_HIFLD_2385,SUB_HIFLD_2391,meso_SUB_HIFLD_2385_SUB_HIFLD_2391_fwd,800.0,53.81756936787408,117.43757340046766,0,672
SUB_HIFLD_2385,SUB_HIFLD_2393,meso_SUB_HIFLD_2385_SUB_HIFLD_2393_fwd,8000.0,0.6951623727831397,12.642697052229682,0,672
SUB_HIFLD_2385,SUB_HIFLD_3637,meso_SUB_HIFLD_2385_SUB_HIFLD_3637_fwd,800.0,22.5524399346081,45.34682667525773,0,672
SUB_HIFLD_2386,SUB_25395,meso_SUB_HIFLD_2386_SUB_25395_rev,3800.0,0.0,0.0,0,672
SUB_HIFLD_2386,SUB_HIFLD_1189,meso_SUB_HIFLD_2386_SUB_HIFLD_1189_rev,4000.0,1.6415329960236102,20.71121297311666,0,672
SUB_HIFLD_2386,SUB_HIFLD_2365,meso_SUB_HIFLD_2386_SUB_HIFLD_2365_rev,800.0,4.074385304514193,8.482069507087628,0,672
SUB_HIFLD_2386,SUB_HIFLD_2387,meso_SUB_HIFLD_2386_SUB_HIFLD_2387_fwd,800.0,4.316833197389549,12.175228672288116,0,672
SUB_HIFLD_2386,SUB_HIFLD_4335,meso_SUB_HIFLD_2386_SUB_HIFLD_4335_fwd,800.0,0.0,0.0,0,672
SUB_HIFLD_2386,SUB_25151,meso_SUB_HIFLD_2386_SUB_25151_rev,8000.0,1.9995798431006722,151.35288813336294,0,672
SUB_HIFLD_2386,SUB_25277,meso_SUB_HIFLD_2386_SUB_25277_rev,12000.0,0.0,0.0,0,672
SUB_HIFLD_2386,SUB_HIFLD_2384,meso_SUB_HIFLD_2386_SUB_HIFLD_2384_rev,800.0,52.93081727851444,102.7165167496293,0,672
SUB_HIFLD_2386,SUB_HIFLD_2385,meso_SUB_HIFLD_2386_SUB_HIFLD_2385_rev,8000.0,15.437686024724494,292.52048480438975,0,672
SUB_HIFLD_2387,SUB_HIFLD_2377,meso_SUB_HIFLD_2387_SUB_HIFLD_2377_rev,800.0,0.8628514071795902,8.583433237900723,0,672
SUB_HIFLD_2387,SUB_HIFLD_2386,meso_SUB_HIFLD_2387_SUB_HIFLD_2386_rev,800.0,0.0,0.0,0,672
SUB_HIFLD_2388,SUB_HIFLD_2384,meso_SUB_HIFLD_2388_SUB_HIFLD_2384_rev,800.0,0.14710495056800502,47.31644553036909,0,672
SUB_HIFLD_2388,SUB_HIFLD_2394,meso_SUB_HIFLD_2388_SUB_HIFLD_2394_fwd,800.0,0.0,0.0,0,672
SUB_HIFLD_2388,SUB_HIFLD_2383,meso_SUB_HIFLD_2388_SUB_HIFLD_2383_rev,800.0,3.9266971861549487,6.443653853898196,0,672
SUB_HIFLD_2390,SUB_HIFLD_2370,meso_SUB_HIFLD_2390_SUB_HIFLD_2370_rev,800.0,0.0,0.0,0,672
SUB_HIFLD_2390,SUB_HIFLD_2397,meso_SUB_HIFLD_2390_SUB_HIFLD_2397_fwd,1600.0,0.0,0.0,0,672
SUB_HIFLD_2390,SUB_HIFLD_3458,meso_SUB_HIFLD_2390_SUB_HIFLD_3458_fwd,800.0,0.0,0.0,0,672
SUB_HIFLD_2390,SUB_HIFLD_2378,meso_SUB_HIFLD_2390_SUB_HIFLD_2378_rev,800.0,0.0,0.0,0,672
SUB_HIFLD_2391,SUB_HIFLD_2374,meso_SUB_HIFLD_2391_SUB_HIFLD_2374_rev,800.0,5.816789168207103,16.394470044954605,0,672
SUB_HIFLD_2391,SUB_HIFLD_2376,meso_SUB_HIFLD_2391_SUB_HIFLD_2376_rev,800.0,0.0,0.0,0,672
SUB_HIFLD_2391,SUB_HIFLD_3023,meso_SUB_HIFLD_2391_SUB_HIFLD_3023_fwd,800.0,0.0,0.0,0,672
SUB_HIFLD_2391,SUB_HIFLD_4104,meso_SUB_HIFLD_2391_SUB_HIFLD_4104_fwd,800.0,0.0,0.0,0,672
SUB_HIFLD_2391,SUB_HIFLD_2369,meso_SUB_HIFLD_2391_SUB_HIFLD_2369_rev,800.0,0.0,0.0,0,672
SUB_HIFLD_2391,SUB_HIFLD_2377,meso_SUB_HIFLD_2391_SUB_HIFLD_2377_rev,600.0,0.0,0.0,0,672
SUB_HIFLD_2391,SUB_HIFLD_2385,meso_SUB_HIFLD_2391_SUB_HIFLD_2385_rev,800.0,0.0,0.0,0,672
SUB_HIFLD_2391,SUB_HIFLD_2393,meso_SUB_HIFLD_2391_SUB_HIFLD_2393_fwd,800.0,0.0,0.0,0,672
SUB_HIFLD_2391,SUB_HIFLD_3458,meso_SUB_HIFLD_2391_SUB_HIFLD_3458_fwd,800.0,0.005225723827265307,1.7578990314174883,0,672
SUB_HIFLD_2392,SUB_HIFLD_2385,meso_SUB_HIFLD_2392_SUB_HIFLD_2385_rev,800.0,0.0,0.0,0,672
SUB_HIFLD_2392,SUB_HIFLD_4271,meso_SUB_HIFLD_2392_SUB_HIFLD_4271_fwd,800.0,0.0,0.0,0,672
SUB_HIFLD_2392,SUB_HIFLD_2367,meso_SUB_HIFLD_2392_SUB_HIFLD_2367_rev,600.0,0.0,0.0,0,672
SUB_HIFLD_2392,SUB_HIFLD_2393,meso_SUB_HIFLD_2392_SUB_HIFLD_2393_fwd,800.0,0.0,0.0,0,672
SUB_HIFLD_2393,SUB_HIFLD_2375,meso_SUB_HIFLD_2393_SUB_HIFLD_2375_rev,800.0,0.0,0.0,0,672
SUB_HIFLD_2393,SUB_HIFLD_2377,meso_SUB_HIFLD_2393_SUB_HIFLD_2377_rev,800.0,2.0263146241040486,9.727563224871135,0,672
SUB_HIFLD_2393,SUB_HIFLD_1189,meso_SUB_HIFLD_2393_SUB_HIFLD_1189_rev,4000.0,0.0,0.0,0,672
SUB_HIFLD_2393,SUB_HIFLD_2385,meso_SUB_HIFLD_2393_SUB_HIFLD_2385_rev,8000.0,0.0,0.0,0,672
SUB_HIFLD_2393,SUB_HIFLD_2391,meso_SUB_HIFLD_2393_SUB_HIFLD_2391_rev,800.0,0.0011188846238770768,0.7518904672453957,0,672
SUB_HIFLD_2393,SUB_HIFLD_2392,meso_SUB_HIFLD_2393_SUB_HIFLD_2392_rev,800.0,0.24952162788790141,8.33128083119382,0,672
SUB_HIFLD_2394,SUB_25395,meso_SUB_HIFLD_2394_SUB_25395_rev,3800.0,0.05216421731056362,10.862879582883119,0,672
SUB_HIFLD_2394,SUB_HIFLD_2368,meso_SUB_HIFLD_2394_SUB_HIFLD_2368_rev,800.0,0.3151257040106203,3.6941605086179123,0,672
SUB_HIFLD_2394,SUB_HIFLD_2379,meso_SUB_HIFLD_2394_SUB_HIFLD_2379_rev,800.0,0.18092629263432633,0.2765025974548969,0,672
SUB_HIFLD_2394,SUB_HIFLD_2385,meso_SUB_HIFLD_2394_SUB_HIFLD_2385_rev,4000.0,72.32673000433672,225.15857730065684,0,672
SUB_HIFLD_2394,SUB_HIFLD_2388,meso_SUB_HIFLD_2394_SUB_HIFLD_2388_rev,800.0,7.3083802578384685,58.84247769900849,0,672
SUB_HIFLD_2394,SUB_HIFLD_2837,meso_SUB_HIFLD_2394_SUB_HIFLD_2837_fwd,800.0,0.07365802852524632,0.30687917392506514,0,672
SUB_HIFLD_2394,SUB_HIFLD_4365,meso_SUB_HIFLD_2394_SUB_HIFLD_4365_fwd,800.0,17.298977199066364,35.960118693458604,0,672
SUB_HIFLD_2394,SUB_25277,meso_SUB_HIFLD_2394_SUB_25277_rev,4000.0,0.0,0.0,0,672
SUB_HIFLD_2394,SUB_HIFLD_2396,meso_SUB_HIFLD_2394_SUB_HIFLD_2396_fwd,800.0,10.59369549223347,19.116008332944634,0,672
SUB_HIFLD_2394,SUB_HIFLD_2655,meso_SUB_HIFLD_2394_SUB_HIFLD_2655_fwd,800.0,0.0,0.0,0,672
SUB_HIFLD_2394,SUB_HIFLD_333,meso_SUB_HIFLD_2394_SUB_HIFLD_333_fwd,4000.0,0.0,0.0,0,672
SUB_HIFLD_2394,SUB_HIFLD_420,meso_SUB_HIFLD_2394_SUB_HIFLD_420_fwd,800.0,0.16908087498660646,3.7463602911565723,0,672
SUB_HIFLD_2394,SUB_HIFLD_424,meso_SUB_HIFLD_2394_SUB_HIFLD_424_fwd,800.0,26.107184413491694,57.1742745625604,0,672
SUB_HIFLD_2395,SUB_HIFLD_2385,meso_SUB_HIFLD_2395_SUB_HIFLD_2385_rev,800.0,0.0,0.0,0,672
SUB_HIFLD_2395,SUB_HIFLD_3638,meso_SUB_HIFLD_2395_SUB_HIFLD_3638_fwd,800.0,0.0,0.0,0,672
SUB_HIFLD_2395,SUB_HIFLD_4012,meso_SUB_HIFLD_2395_SUB_HIFLD_4012_fwd,800.0,0.0,0.0,0,672
SUB_HIFLD_2395,SUB_HIFLD_2380,meso_SUB_HIFLD_2395_SUB_HIFLD_2380_rev,800.0,21.39349168375771,37.83810405927835,0,672
SUB_HIFLD_2396,SUB_HIFLD_2370,meso_SUB_HIFLD_2396_SUB_HIFLD_2370_rev,800.0,7.496472853693999,13.74395218950593,0,672
SUB_HIFLD_2396,SUB_HIFLD_2394,meso_SUB_HIFLD_2396_SUB_HIFLD_2394_rev,800.0,0.0,0.0,0,672
SUB_HIFLD_2397,SUB_HIFLD_2364,meso_SUB_HIFLD_2397_SUB_HIFLD_2364_rev,800.0,9.716091673346668,15.442160317332474,0,672
SUB_HIFLD_2397,SUB_HIFLD_2384,meso_SUB_HIFLD_2397_SUB_HIFLD_2384_rev,800.0,0.0,0.0,0,672
SUB_HIFLD_2397,SUB_HIFLD_2390,meso_SUB_HIFLD_2397_SUB_HIFLD_2390_rev,1600.0,3.383671518620818,7.410829776095362,0,672
SUB_HIFLD_2397,SUB_HIFLD_4365,meso_SUB_HIFLD_2397_SUB_HIFLD_4365_fwd,800.0,0.0,0.0,0,672
SUB_HIFLD_2399,SUB_HIFLD_3523,meso_SUB_HIFLD_2399_SUB_HIFLD_3523_fwd,1500.0,112.43092981289759,285.38757660224917,0,672
SUB_HIFLD_2399,SUB_HIFLD_1870,meso_SUB_HIFLD_2399_SUB_HIFLD_1870_rev,143.0,0.0,0.0,0,672
SUB_HIFLD_2406,SUB_HIFLD_2421,meso_SUB_HIFLD_2406_SUB_HIFLD_2421_fwd,800.0,0.0,0.0,0,672
SUB_HIFLD_2406,SUB_HIFLD_2422,meso_SUB_HIFLD_2406_SUB_HIFLD_2422_fwd,800.0,0.0,0.0,0,672
SUB_HIFLD_2407,SUB_HIFLD_2413,meso_SUB_HIFLD_2407_SUB_HIFLD_2413_fwd,800.0,0.0,0.0,0,672
SUB_HIFLD_2407,SUB_HIFLD_2438,meso_SUB_HIFLD_2407_SUB_HIFLD_2438_fwd,800.0,0.0,0.0,0,672
SUB_HIFLD_2408,SUB_HIFLD_2414,meso_SUB_HIFLD_2408_SUB_HIFLD_2414_fwd,800.0,0.0,0.0,0,672
SUB_HIFLD_2408,SUB_HIFLD_2436,meso_SUB_HIFLD_2408_SUB_HIFLD_2436_fwd,800.0,0.0835804002613539,3.910717562766937,0,672
SUB_HIFLD_2408,SUB_HIFLD_2434,meso_SUB_HIFLD_2408_SUB_HIFLD_2434_rev,50.0,0.0,0.0,0,672
SUB_HIFLD_2409,SUB_HIFLD_2414,meso_SUB_HIFLD_2409_SUB_HIFLD_2414_fwd,800.0,21.99405582934323,30.99498048818941,0,672
SUB_HIFLD_2410,SUB_HIFLD_2095,meso_SUB_HIFLD_2410_SUB_HIFLD_2095_rev,800.0,0.0,0.0,0,672
SUB_HIFLD_2410,SUB_HIFLD_2431,meso_SUB_HIFLD_2410_SUB_HIFLD_2431_fwd,800.0,0.0,0.0,0,672
SUB_HIFLD_2410,SUB_HIFLD_4379,meso_SUB_HIFLD_2410_SUB_HIFLD_4379_fwd,800.0,0.0,0.0,0,672
SUB_HIFLD_2410,SUB_HIFLD_4428,meso_SUB_HIFLD_2410_SUB_HIFLD_4428_fwd,800.0,0.0,0.0,0,672
SUB_HIFLD_2411,SUB_HIFLD_2425,meso_SUB_HIFLD_2411_SUB_HIFLD_2425_fwd,800.0,0.0,0.0,0,672
SUB_HIFLD_2411,SUB_HIFLD_2661,meso_SUB_HIFLD_2411_SUB_HIFLD_2661_fwd,800.0,0.24439837350077528,8.264349612695305,0,672
SUB_HIFLD_2412,SUB_HIFLD_2427,meso_SUB_HIFLD_2412_SUB_HIFLD_2427_fwd,800.0,0.0,0.0,0,672
SUB_HIFLD_2412,SUB_HIFLD_2420,meso_SUB_HIFLD_2412_SUB_HIFLD_2420_fwd,800.0,0.0,0.0,0,672
SUB_HIFLD_2413,SUB_HIFLD_2407,meso_SUB_HIFLD_2413_SUB_HIFLD_2407_rev,800.0,0.0,0.0,0,672
SUB_HIFLD_2413,SUB_HIFLD_2416,meso_SUB_HIFLD_2413_SUB_HIFLD_2416_fwd,800.0,0.0,0.0,0,672
SUB_HIFLD_2413,SUB_HIFLD_2428,meso_SUB_HIFLD_2413_SUB_HIFLD_2428_fwd,800.0,0.0,0.0,0,672
SUB_HIFLD_2413,SUB_HIFLD_2596,meso_SUB_HIFLD_2413_SUB_HIFLD_2596_fwd,800.0,0.0,0.0,0,672
SUB_HIFLD_2413,SUB_HIFLD_1724,meso_SUB_HIFLD_2413_SUB_HIFLD_1724_rev,800.0,0.0,0.0,0,672
SUB_HIFLD_2413,SUB_HIFLD_2432,meso_SUB_HIFLD_2413_SUB_HIFLD_2432_fwd,800.0,0.0,0.0,0,672
SUB_HIFLD_2414,SUB_HIFLD_2408,meso_SUB_HIFLD_2414_SUB_HIFLD_2408_rev,800.0,29.929160487750067,53.718548646907216,0,672
SUB_HIFLD_2414,SUB_HIFLD_2409,meso_SUB_HIFLD_2414_SUB_HIFLD_2409_rev,800.0,0.0,0.0,0,672
SUB_HIFLD_2414,SUB_HIFLD_3382,meso_SUB_HIFLD_2414_SUB_HIFLD_3382_fwd,1600.0,0.0,0.0,0,672
SUB_HIFLD_2414,SUB_HIFLD_3453,meso_SUB_HIFLD_2414_SUB_HIFLD_3453_fwd,800.0,0.11404967350115305,4.544854226062497,0,672
SUB_HIFLD_2414,SUB_HIFLD_2415,meso_SUB_HIFLD_2414_SUB_HIFLD_2415_fwd,800.0,1.609109239957166,14.301716535115979,0,672
SUB_HIFLD_2414,SUB_HIFLD_2431,meso_SUB_HIFLD_2414_SUB_HIFLD_2431_fwd,800.0,0.0,0.0,0,672
SUB_HIFLD_2415,SUB_HIFLD_2739,meso_SUB_HIFLD_2415_SUB_HIFLD_2739_fwd,800.0,0.0,0.0,0,672
SUB_HIFLD_2415,SUB_HIFLD_3453,meso_SUB_HIFLD_2415_SUB_HIFLD_3453_fwd,800.0,0.0,0.0,0,672
SUB_HIFLD_2415,SUB_HIFLD_3654,meso_SUB_HIFLD_2415_SUB_HIFLD_3654_fwd,800.0,0.0,0.0,0,672
SUB_HIFLD_2415,SUB_HIFLD_2414,meso_SUB_HIFLD_2415_SUB_HIFLD_2414_rev,800.0,0.6750356991880533,12.600000481632778,0,672
SUB_HIFLD_2416,SUB_HIFLD_2413,meso_SUB_HIFLD_2416_SUB_HIFLD_2413_rev,800.0,0.0,0.0,0,672
SUB_HIFLD_2416,SUB_HIFLD_3464,meso_SUB_HIFLD_2416_SUB_HIFLD_3464_fwd,800.0,0.0,0.0,0,672
SUB_HIFLD_2417,SUB_HIFLD_2630,meso_SUB_HIFLD_2417_SUB_HIFLD_2630_fwd,800.0,0.0,0.0,0,672
SUB_HIFLD_2417,SUB_HIFLD_1724,meso_SUB_HIFLD_2417_SUB_HIFLD_1724_rev,800.0,0.0,0.0,0,672
SUB_HIFLD_2417,SUB_HIFLD_2439,meso_SUB_HIFLD_2417_SUB_HIFLD_2439_rev,50.0,0.0,0.0,0,672
SUB_HIFLD_2418,SUB_HIFLD_4379,meso_SUB_HIFLD_2418_SUB_HIFLD_4379_fwd,50.0,0.0,0.0,0,672
SUB_HIFLD_2419,SUB_HIFLD_2425,meso_SUB_HIFLD_2419_SUB_HIFLD_2425_fwd,800.0,0.0,0.0,0,672
SUB_HIFLD_2419,SUB_HIFLD_3527,meso_SUB_HIFLD_2419_SUB_HIFLD_3527_fwd,800.0,0.0,0.0,0,672
SUB_HIFLD_2420,SUB_HIFLD_2425,meso_SUB_HIFLD_2420_SUB_HIFLD_2425_fwd,800.0,0.0,0.0,0,672
SUB_HIFLD_2420,SUB_HIFLD_3453,meso_SUB_HIFLD_2420_SUB_HIFLD_3453_fwd,800.0,0.0,0.0,0,672
SUB_HIFLD_2420,SUB_HIFLD_3506,meso_SUB_HIFLD_2420_SUB_HIFLD_3506_fwd,800.0,0.0,0.0,0,672
SUB_HIFLD_2420,SUB_HIFLD_2412,meso_SUB_HIFLD_2420_SUB_HIFLD_2412_rev,800.0,0.0,0.0,0,672
SUB_HIFLD_2421,SUB_HIFLD_1724,meso_SUB_HIFLD_2421_SUB_HIFLD_1724_rev,4800.0,0.0,0.0,0,672
SUB_HIFLD_2421,SUB_HIFLD_2406,meso_SUB_HIFLD_2421_SUB_HIFLD_2406_rev,800.0,43.508926108448776,82.5364207474227,0,672
SUB_HIFLD_2421,SUB_HIFLD_2423,meso_SUB_HIFLD_2421_SUB_HIFLD_2423_fwd,800.0,109.29232111685867,206.67701454565628,0,672
SUB_HIFLD_2421,SUB_HIFLD_2426,meso_SUB_HIFLD_2421_SUB_HIFLD_2426_fwd,800.0,57.132186624350055,94.5202888773382,0,672
SUB_HIFLD_2421,SUB_HIFLD_2429,meso_SUB_HIFLD_2421_SUB_HIFLD_2429_fwd,800.0,41.217797801817184,90.94996778350517,0,672
SUB_HIFLD_2421,SUB_HIFLD_2431,meso_SUB_HIFLD_2421_SUB_HIFLD_2431_fwd,4000.0,0.0,0.0,0,672
SUB_HIFLD_2421,SUB_HIFLD_2442,meso_SUB_HIFLD_2421_SUB_HIFLD_2442_fwd,4000.0,0.0,0.0,0,672
SUB_HIFLD_2421,SUB_HIFLD_2804,meso_SUB_HIFLD_2421_SUB_HIFLD_2804_fwd,800.0,0.7906365434532034,13.710835785551069,0,672
SUB_HIFLD_2421,SUB_HIFLD_1687,meso_SUB_HIFLD_2421_SUB_HIFLD_1687_rev,12000.0,0.0,0.0,0,672
SUB_HIFLD_2421,SUB_HIFLD_2422,meso_SUB_HIFLD_2421_SUB_HIFLD_2422_fwd,1600.0,31.620432580822825,62.17311705796976,0,672
SUB_HIFLD_2421,SUB_HIFLD_2996,meso_SUB_HIFLD_2421_SUB_HIFLD_2996_fwd,800.0,0.2090882234131128,10.911174639972366,0,672
SUB_HIFLD_2422,SUB_HIFLD_2804,meso_SUB_HIFLD_2422_SUB_HIFLD_2804_fwd,800.0,0.0,0.0,0,672
SUB_HIFLD_2422,SUB_HIFLD_3909,meso_SUB_HIFLD_2422_SUB_HIFLD_3909_fwd,800.0,1.3221192360392493,2.562577269249356,0,672
SUB_HIFLD_2422,SUB_HIFLD_2406,meso_SUB_HIFLD_2422_SUB_HIFLD_2406_rev,800.0,0.0,0.0,0,672
SUB_HIFLD_2422,SUB_HIFLD_2421,meso_SUB_HIFLD_2422_SUB_HIFLD_2421_rev,1600.0,0.0,0.0,0,672
SUB_HIFLD_2422,SUB_HIFLD_2433,meso_SUB_HIFLD_2422_SUB_HIFLD_2433_fwd,800.0,0.0,0.0,0,672
SUB_HIFLD_2423,SUB_HIFLD_2421,meso_SUB_HIFLD_2423_SUB_HIFLD_2421_rev,800.0,0.0,0.0,0,672
SUB_HIFLD_2423,SUB_HIFLD_4086,meso_SUB_HIFLD_2423_SUB_HIFLD_4086_fwd,800.0,0.0,0.0,0,672
SUB_HIFLD_2423,SUB_HIFLD_1659,meso_SUB_HIFLD_2423_SUB_HIFLD_1659_rev,1600.0,85.26586851884629,162.04596192178656,0,672
SUB_HIFLD_2424,SUB_HIFLD_4379,meso_SUB_HIFLD_2424_SUB_HIFLD_4379_fwd,800.0,0.0,0.0,0,672
SUB_HIFLD_2424,SUB_HIFLD_2431,meso_SUB_HIFLD_2424_SUB_HIFLD_2431_fwd,800.0,0.0,0.0,0,672
SUB_HIFLD_2425,SUB_HIFLD_2411,meso_SUB_HIFLD_2425_SUB_HIFLD_2411_rev,800.0,27.456335659986134,40.07006282558795,0,672
SUB_HIFLD_2425,SUB_HIFLD_2419,meso_SUB_HIFLD_2425_SUB_HIFLD_2419_rev,800.0,26.86064604383156,51.230311694587634,0,672
SUB_HIFLD_2425,SUB_HIFLD_2420,meso_SUB_HIFLD_2425_SUB_HIFLD_2420_rev,800.0,14.16413096905817,25.023437992830356,0,672
SUB_HIFLD_2425,SUB_HIFLD_2739,meso_SUB_HIFLD_2425_SUB_HIFLD_2739_fwd,800.0,0.3134291608916347,10.811958515703624,0,672
SUB_HIFLD_2425,SUB_HIFLD_3526,meso_SUB_HIFLD_2425_SUB_HIFLD_3526_fwd,800.0,0.0,0.0,0,672
SUB_HIFLD_2426,SUB_HIFLD_2421,meso_SUB_HIFLD_2426_SUB_HIFLD_2421_rev,800.0,0.0,0.0,0,672
SUB_HIFLD_2426,SUB_HIFLD_4086,meso_SUB_HIFLD_2426_SUB_HIFLD_4086_fwd,800.0,0.0,0.0,0,672
SUB_HIFLD_2426,SUB_HIFLD_1646,meso_SUB_HIFLD_2426_SUB_HIFLD_1646_rev,1600.0,21.2635987256986,32.066859294458766,0,672
SUB_HIFLD_2426,SUB_HIFLD_1659,meso_SUB_HIFLD_2426_SUB_HIFLD_1659_rev,800.0,0.0,0.0,0,672
SUB_HIFLD_2427,SUB_HIFLD_2412,meso_SUB_HIFLD_2427_SUB_HIFLD_2412_rev,800.0,0.0,0.0,0,672
SUB_HIFLD_2427,SUB_HIFLD_3506,meso_SUB_HIFLD_2427_SUB_HIFLD_3506_fwd,800.0,0.0,0.0,0,672
SUB_HIFLD_2427,SUB_HIFLD_3382,meso_SUB_HIFLD_2427_SUB_HIFLD_3382_fwd,800.0,0.0,0.0,0,672
SUB_HIFLD_2428,SUB_HIFLD_2413,meso_SUB_HIFLD_2428_SUB_HIFLD_2413_rev,800.0,0.0,0.0,0,672
SUB_HIFLD_2428,SUB_HIFLD_2438,meso_SUB_HIFLD_2428_SUB_HIFLD_2438_fwd,800.0,0.0,0.0,0,672
SUB_HIFLD_2429,SUB_HIFLD_2421,meso_SUB_HIFLD_2429_SUB_HIFLD_2421_rev,800.0,0.0,0.0,0,672
SUB_HIFLD_2429,SUB_HIFLD_3464,meso_SUB_HIFLD_2429_SUB_HIFLD_3464_fwd,800.0,0.0,0.0,0,672
SUB_HIFLD_2430,SUB_HIFLD_1046,meso_SUB_HIFLD_2430_SUB_HIFLD_1046_rev,800.0,5.355521114538509,7.835655605670103,0,672
SUB_HIFLD_2430,SUB_HIFLD_2431,meso_SUB_HIFLD_2430_SUB_HIFLD_2431_fwd,800.0,0.0,0.0,0,672
SUB_HIFLD_2430,SUB_HIFLD_2435,meso_SUB_HIFLD_2430_SUB_HIFLD_2435_fwd,800.0,0.0,0.0,0,672
SUB_HIFLD_2430,SUB_HIFLD_3653,meso_SUB_HIFLD_2430_SUB_HIFLD_3653_fwd,800.0,0.0,0.0,0,672
SUB_HIFLD_2430,SUB_HIFLD_2440,meso_SUB_HIFLD_2430_SUB_HIFLD_2440_fwd,800.0,0.0,0.0,0,672
SUB_HIFLD_2431,SUB_HIFLD_1687,meso_SUB_HIFLD_2431_SUB_HIFLD_1687_rev,4000.0,0.0,0.0,0,672
SUB_HIFLD_2431,SUB_HIFLD_1724,meso_SUB_HIFLD_2431_SUB_HIFLD_1724_rev,800.0,49.973859343943516,440.285173450551,0,672
SUB_HIFLD_2431,SUB_HIFLD_2099,meso_SUB_HIFLD_2431_SUB_HIFLD_2099_rev,4000.0,38.528157571234885,101.51344742466691,0,672
SUB_HIFLD_2431,SUB_HIFLD_2410,meso_SUB_HIFLD_2431_SUB_HIFLD_2410_rev,800.0,16.232973083585982,26.704592864046393,0,672
SUB_HIFLD_2431,SUB_HIFLD_2421,meso_SUB_HIFLD_2431_SUB_HIFLD_2421_rev,4000.0,5.018710873886389,212.2309811444233,0,672
SUB_HIFLD_2431,SUB_HIFLD_2430,meso_SUB_HIFLD_2431_SUB_HIFLD_2430_rev,800.0,19.920850462160814,46.45426110887847,0,672
SUB_HIFLD_2431,SUB_HIFLD_2433,meso_SUB_HIFLD_2431_SUB_HIFLD_2433_fwd,800.0,41.279658221810436,124.89847761843006,0,672
SUB_HIFLD_2431,SUB_HIFLD_2440,meso_SUB_HIFLD_2431_SUB_HIFLD_2440_fwd,800.0,1.720599489417366,12.072580287534812,0,672
SUB_HIFLD_2431,SUB_HIFLD_2996,meso_SUB_HIFLD_2431_SUB_HIFLD_2996_fwd,800.0,9.324191161159025,13.767477240873102,0,672
SUB_HIFLD_2431,SUB_HIFLD_3527,meso_SUB_HIFLD_2431_SUB_HIFLD_3527_fwd,4000.0,10.833094696643363,44.935604374800725,0,672
SUB_HIFLD_2431,SUB_HIFLD_4379,meso_SUB_HIFLD_2431_SUB_HIFLD_4379_fwd,800.0,0.0,0.0,0,672
SUB_HIFLD_2431,SUB_HIFLD_1768,meso_SUB_HIFLD_2431_SUB_HIFLD_1768_rev,4000.0,0.0,0.0,0,672
SUB_HIFLD_2431,SUB_HIFLD_2095,meso_SUB_HIFLD_2431_SUB_HIFLD_2095_rev,800.0,23.73533290269496,34.71636204445752,0,672
SUB_HIFLD_2431,SUB_HIFLD_2414,meso_SUB_HIFLD_2431_SUB_HIFLD_2414_rev,800.0,20.755117207008674,72.68691086345424,0,672
SUB_HIFLD_2431,SUB_HIFLD_2424,meso_SUB_HIFLD_2431_SUB_HIFLD_2424_rev,800.0,9.671635819043257,17.268725837628867,0,672
SUB_HIFLD_2432,SUB_HIFLD_1724,meso_SUB_HIFLD_2432_SUB_HIFLD_1724_rev,800.0,0.0,0.0,0,672
SUB_HIFLD_2432,SUB_HIFLD_3464,meso_SUB_HIFLD_2432_SUB_HIFLD_3464_fwd,800.0,0.0,0.0,0,672
SUB_HIFLD_2432,SUB_HIFLD_2413,meso_SUB_HIFLD_2432_SUB_HIFLD_2413_rev,800.0,0.0,0.0,0,672
SUB_HIFLD_2433,SUB_HIFLD_2431,meso_SUB_HIFLD_2433_SUB_HIFLD_2431_rev,800.0,0.0,0.0,0,672
SUB_HIFLD_2433,SUB_HIFLD_2748,meso_SUB_HIFLD_2433_SUB_HIFLD_2748_fwd,800.0,1.6661638122494962,2.8357957225130197,0,672
SUB_HIFLD_2433,SUB_HIFLD_2422,meso_SUB_HIFLD_2433_SUB_HIFLD_2422_rev,800.0,0.2425944787548408,56.50451206869763,0,672
SUB_HIFLD_2434,SUB_HIFLD_2408,meso_SUB_HIFLD_2434_SUB_HIFLD_2408_fwd,50.0,0.0,0.0,0,672
SUB_HIFLD_2435,SUB_HIFLD_2430,meso_SUB_HIFLD_2435_SUB_HIFLD_2430_rev,800.0,0.0,0.0,0,672
SUB_HIFLD_2435,SUB_HIFLD_3527,meso_SUB_HIFLD_2435_SUB_HIFLD_3527_fwd,800.0,0.0,0.0,0,672
SUB_HIFLD_2436,SUB_HIFLD_2408,meso_SUB_HIFLD_2436_SUB_HIFLD_2408_rev,800.0,0.0,0.0,0,672
SUB_HIFLD_2436,SUB_HIFLD_2630,meso_SUB_HIFLD_2436_SUB_HIFLD_2630_fwd,800.0,0.0,0.0,0,672
SUB_HIFLD_2436,SUB_HIFLD_2996,meso_SUB_HIFLD_2436_SUB_HIFLD_2996_fwd,800.0,0.0,0.0,0,672
SUB_HIFLD_2436,SUB_HIFLD_2804,meso_SUB_HIFLD_2436_SUB_HIFLD_2804_fwd,800.0,0.0,0.0,0,672
SUB_HIFLD_2436,SUB_HIFLD_3907,meso_SUB_HIFLD_2436_SUB_HIFLD_3907_rev,50.0,0.0,0.0,0,672
SUB_HIFLD_2437,SUB_HIFLD_4172,meso_SUB_HIFLD_2437_SUB_HIFLD_4172_fwd,800.0,0.0,0.0,0,672
SUB_HIFLD_2437,SUB_HIFLD_4379,meso_SUB_HIFLD_2437_SUB_HIFLD_4379_fwd,800.0,0.0,0.0,0,672
SUB_HIFLD_2438,SUB_HIFLD_2407,meso_SUB_HIFLD_2438_SUB_HIFLD_2407_rev,800.0,0.0,0.0,0,672
SUB_HIFLD_2438,SUB_HIFLD_2428,meso_SUB_HIFLD_2438_SUB_HIFLD_2428_rev,800.0,0.0,0.0,0,672
SUB_HIFLD_2439,SUB_HIFLD_2417,meso_SUB_HIFLD_2439_SUB_HIFLD_2417_fwd,50.0,0.5729390774499679,1.3,0,672
SUB_HIFLD_2440,SUB_HIFLD_2431,meso_SUB_HIFLD_2440_SUB_HIFLD_2431_rev,800.0,1.041399221265485,13.810682848104598,0,672
SUB_HIFLD_2440,SUB_HIFLD_2661,meso_SUB_HIFLD_2440_SUB_HIFLD_2661_fwd,800.0,8.852328738965635,23.682390014234908,0,672
SUB_HIFLD_2440,SUB_HIFLD_2430,meso_SUB_HIFLD_2440_SUB_HIFLD_2430_rev,800.0,20.225464469874662,44.95338516065071,0,672
SUB_HIFLD_2440,SUB_HIFLD_3074,meso_SUB_HIFLD_2440_SUB_HIFLD_3074_fwd,800.0,0.5050809661722909,0.9506089043371456,0,672
SUB_HIFLD_2441,SUB_HIFLD_2748,meso_SUB_HIFLD_2441_SUB_HIFLD_2748_fwd,800.0,0.0,0.0,0,672
SUB_HIFLD_2442,SUB_HIFLD_2421,meso_SUB_HIFLD_2442_SUB_HIFLD_2421_rev,4000.0,59.175279994324455,650.4739366871434,0,672
SUB_HIFLD_2442,SUB_HIFLD_3529,meso_SUB_HIFLD_2442_SUB_HIFLD_3529_fwd,800.0,0.0,0.0,0,672
SUB_HIFLD_2456,SUB_10252,meso_SUB_HIFLD_2456_SUB_10252_rev,600.0,39.19728331568366,79.39453391874179,0,672
SUB_HIFLD_2456,SUB_15203,meso_SUB_HIFLD_2456_SUB_15203_rev,600.0,4.109441981661805,11.27061352287371,0,672
SUB_HIFLD_2456,SUB_15247,meso_SUB_HIFLD_2456_SUB_15247_rev,1200.0,3.0742059247699802,4.448515397180393,0,672
SUB_HIFLD_2456,SUB_15374,meso_SUB_HIFLD_2456_SUB_15374_rev,600.0,0.0,0.0,0,672
SUB_HIFLD_2456,SUB_15379,meso_SUB_HIFLD_2456_SUB_15379_rev,600.0,32.04109059592168,164.29997565101874,0,672
SUB_HIFLD_2456,SUB_HIFLD_1086,meso_SUB_HIFLD_2456_SUB_HIFLD_1086_rev,8000.0,0.0,0.0,0,672
SUB_HIFLD_2456,SUB_HIFLD_1357,meso_SUB_HIFLD_2456_SUB_HIFLD_1357_rev,8000.0,0.9962442837943225,68.83229292720247,0,672
SUB_HIFLD_2456,SUB_15210,meso_SUB_HIFLD_2456_SUB_15210_rev,600.0,1.1125807253238786,1.4762194446681702,0,672
SUB_HIFLD_2456,SUB_15248,meso_SUB_HIFLD_2456_SUB_15248_rev,479.06318338389207,28.62240293228387,42.256193621134024,0,672
SUB_HIFLD_2456,WEC_CALN,iface_SUB_HIFLD_2456_WEC_CALN_to_ba,3150.0,38.602211246162,339.4791561100111,0,672
SUB_HIFLD_2469,SUB_HIFLD_1303,meso_SUB_HIFLD_2469_SUB_HIFLD_1303_rev,4000.0,0.0,0.0,0,672
SUB_HIFLD_2469,SUB_HIFLD_1313,meso_SUB_HIFLD_2469_SUB_HIFLD_1313_rev,4000.0,0.0,0.0,0,672
SUB_HIFLD_2469,SUB_10345,meso_SUB_HIFLD_2469_SUB_10345_rev,4000.0,0.4400326474508914,9.01984701303585,0,672
SUB_HIFLD_2469,SUB_HIFLD_659,meso_SUB_HIFLD_2469_SUB_HIFLD_659_fwd,4000.0,32.59193515086582,109.25521469545967,0,672
SUB_HIFLD_2469,WEC_CALN,iface_SUB_HIFLD_2469_WEC_CALN_to_ba,18000.0,13.05181775202486,86.51457131278124,0,672
SUB_HIFLD_2470,SUB_10293,meso_SUB_HIFLD_2470_SUB_10293_rev,4000.0,281.22925540977684,714.0,0,672
SUB_HIFLD_2482,SUB_HIFLD_4021,meso_SUB_HIFLD_2482_SUB_HIFLD_4021_fwd,800.0,0.0,0.0,0,672
SUB_HIFLD_2483,SUB_HIFLD_1633,meso_SUB_HIFLD_2483_SUB_HIFLD_1633_rev,800.0,0.0,0.0,0,672
SUB_HIFLD_2483,SUB_HIFLD_1650,meso_SUB_HIFLD_2483_SUB_HIFLD_1650_rev,800.0,0.0,0.0,0,672
SUB_HIFLD_2485,SUB_HIFLD_880,meso_SUB_HIFLD_2485_SUB_HIFLD_880_fwd,4000.0,0.0,0.0,0,672
SUB_HIFLD_2485,SUB_HIFLD_902,meso_SUB_HIFLD_2485_SUB_HIFLD_902_fwd,4000.0,0.0,0.0,0,672
SUB_HIFLD_2485,SUB_HIFLD_905,meso_SUB_HIFLD_2485_SUB_HIFLD_905_fwd,4000.0,0.0,0.0,0,672
SUB_HIFLD_2485,SUB_HIFLD_954,meso_SUB_HIFLD_2485_SUB_HIFLD_954_fwd,4000.0,0.0,0.0,0,672
SUB_HIFLD_2485,SUB_HIFLD_968,meso_SUB_HIFLD_2485_SUB_HIFLD_968_fwd,4000.0,0.0,0.0,0,672
SUB_HIFLD_2485,WEC_SDGE,iface_SUB_HIFLD_2485_WEC_SDGE_to_ba,236.40562120066608,0.0,0.0,0,672
SUB_HIFLD_2486,SUB_HIFLD_898,meso_SUB_HIFLD_2486_SUB_HIFLD_898_fwd,800.0,6.986794613127988,16.687216092139177,0,672
SUB_HIFLD_2486,SUB_HIFLD_902,meso_SUB_HIFLD_2486_SUB_HIFLD_902_fwd,4000.0,0.0,0.0,0,672
SUB_HIFLD_2486,SUB_HIFLD_903,meso_SUB_HIFLD_2486_SUB_HIFLD_903_fwd,800.0,73.42246719200269,143.1042612127705,0,672
SUB_HIFLD_2486,SUB_HIFLD_944,meso_SUB_HIFLD_2486_SUB_HIFLD_944_fwd,8000.0,0.0,0.0,0,672
SUB_HIFLD_2486,WEC_SDGE,iface_SUB_HIFLD_2486_WEC_SDGE_to_ba,2836.867454407992,0.0,0.0,0,672
SUB_HIFLD_2490,SUB_HIFLD_576,meso_SUB_HIFLD_2490_SUB_HIFLD_576_fwd,1500.0,0.0,0.0,0,672
SUB_HIFLD_2490,SUB_HIFLD_580,meso_SUB_HIFLD_2490_SUB_HIFLD_580_fwd,1500.0,0.0,0.0,0,672
SUB_HIFLD_2490,SUB_HIFLD_2906,meso_SUB_HIFLD_2490_SUB_HIFLD_2906_rev,50.0,0.0,0.0,0,672
SUB_HIFLD_2491,WEC_BANC,iface_SUB_HIFLD_2491_WEC_BANC_to_ba,600.0,0.0,0.0,0,672
SUB_HIFLD_2492,SUB_HIFLD_3079,meso_SUB_HIFLD_2492_SUB_HIFLD_3079_fwd,2000.0,0.0,0.0,0,672
SUB_HIFLD_2493,SUB_HIFLD_1162,meso_SUB_HIFLD_2493_SUB_HIFLD_1162_rev,4000.0,0.0,0.0,0,672
SUB_HIFLD_2493,SUB_HIFLD_948,meso_SUB_HIFLD_2493_SUB_HIFLD_948_fwd,4000.0,0.0,0.0,0,672
SUB_HIFLD_2493,WEC_SDGE,iface_SUB_HIFLD_2493_WEC_SDGE_to_ba,236.40562120066608,0.0,0.0,0,672
SUB_HIFLD_2494,SUB_HIFLD_947,meso_SUB_HIFLD_2494_SUB_HIFLD_947_fwd,800.0,0.0,0.0,0,672
SUB_HIFLD_2494,SUB_HIFLD_968,meso_SUB_HIFLD_2494_SUB_HIFLD_968_fwd,800.0,0.0,0.0,0,672
SUB_HIFLD_2495,SUB_HIFLD_904,meso_SUB_HIFLD_2495_SUB_HIFLD_904_fwd,800.0,15.013944875081382,36.1170869140625,0,672
SUB_HIFLD_2495,SUB_HIFLD_905,meso_SUB_HIFLD_2495_SUB_HIFLD_905_fwd,800.0,14.20568969290597,34.250764648437496,0,672
SUB_HIFLD_2496,SUB_HIFLD_4235,meso_SUB_HIFLD_2496_SUB_HIFLD_4235_fwd,800.0,0.0,0.0,0,672
SUB_HIFLD_2496,SUB_HIFLD_4318,meso_SUB_HIFLD_2496_SUB_HIFLD_4318_fwd,800.0,0.28997156389557605,0.4833434642621873,0,672
SUB_HIFLD_2496,SUB_HIFLD_895,meso_SUB_HIFLD_2496_SUB_HIFLD_895_fwd,800.0,3.775987851736206,12.840063562932167,0,672
SUB_HIFLD_2496,SUB_HIFLD_898,meso_SUB_HIFLD_2496_SUB_HIFLD_898_fwd,800.0,0.0,0.0,0,672
SUB_HIFLD_2496,SUB_HIFLD_899,meso_SUB_HIFLD_2496_SUB_HIFLD_899_fwd,800.0,0.6977094744371912,1.157714340367268,0,672
SUB_HIFLD_2497,SUB_HIFLD_3461,meso_SUB_HIFLD_2497_SUB_HIFLD_3461_fwd,4000.0,0.0,0.0,0,672
SUB_HIFLD_2497,SUB_HIFLD_880,meso_SUB_HIFLD_2497_SUB_HIFLD_880_fwd,4000.0,0.11388761644920532,38.61704252577319,0,672
SUB_HIFLD_2497,SUB_HIFLD_955,meso_SUB_HIFLD_2497_SUB_HIFLD_955_fwd,800.0,1.5498130008477204,56.46790834407217,0,672
SUB_HIFLD_2497,SUB_HIFLD_3016,meso_SUB_HIFLD_2497_SUB_HIFLD_3016_fwd,2000.0,0.0,0.0,0,672
SUB_HIFLD_2497,SUB_HIFLD_888,meso_SUB_HIFLD_2497_SUB_HIFLD_888_fwd,2000.0,0.0,0.0,0,672
SUB_HIFLD_2497,SUB_HIFLD_954,meso_SUB_HIFLD_2497_SUB_HIFLD_954_fwd,4000.0,17.047500484110714,155.94155148915266,0,672
SUB_HIFLD_2497,WEC_SDGE,iface_SUB_HIFLD_2497_WEC_SDGE_to_ba,236.40562120066608,0.0,0.0,0,672
SUB_HIFLD_2498,SUB_HIFLD_2625,meso_SUB_HIFLD_2498_SUB_HIFLD_2625_fwd,800.0,16.16789090049561,29.37730425780835,0,672
SUB_HIFLD_2498,SUB_HIFLD_938,meso_SUB_HIFLD_2498_SUB_HIFLD_938_fwd,800.0,0.0,0.0,0,672
SUB_HIFLD_2499,SUB_HIFLD_3511,meso_SUB_HIFLD_2499_SUB_HIFLD_3511_fwd,800.0,5.2482365592765525,8.804496214561857,0,672
SUB_HIFLD_2499,SUB_HIFLD_893,meso_SUB_HIFLD_2499_SUB_HIFLD_893_fwd,800.0,0.0,0.0,0,672
SUB_HIFLD_2500,SUB_HIFLD_886,meso_SUB_HIFLD_2500_SUB_HIFLD_886_fwd,800.0,4.600000000000001,4.6,0,672
SUB_HIFLD_2511,SUB_25284,meso_SUB_HIFLD_2511_SUB_25284_rev,600.0,9.147689444046133,16.349567090850517,0,672
SUB_HIFLD_2511,SUB_25409,meso_SUB_HIFLD_2511_SUB_25409_rev,600.0,0.0,0.0,0,672
SUB_HIFLD_2511,SUB_HIFLD_2363,meso_SUB_HIFLD_2511_SUB_HIFLD_2363_rev,600.0,4.238161852595441,6.973856584287652,0,672
SUB_HIFLD_2513,SUB_HIFLD_2873,meso_SUB_HIFLD_2513_SUB_HIFLD_2873_fwd,800.0,0.711947165337395,2.246937180331574,0,672
SUB_HIFLD_2514,SUB_HIFLD_1854,meso_SUB_HIFLD_2514_SUB_HIFLD_1854_rev,4000.0,0.0,0.0,0,672
SUB_HIFLD_2514,SUB_HIFLD_4059,meso_SUB_HIFLD_2514_SUB_HIFLD_4059_fwd,800.0,0.25126549388827446,0.3365412761255638,0,672
SUB_HIFLD_2514,WEC_CALN,iface_SUB_HIFLD_2514_WEC_CALN_to_ba,200.0,0.0,0.0,0,672
SUB_HIFLD_2517,SUB_HIFLD_1641,meso_SUB_HIFLD_2517_SUB_HIFLD_1641_rev,800.0,0.0,0.0,0,672
SUB_HIFLD_2527,SUB_HIFLD_2364,meso_SUB_HIFLD_2527_SUB_HIFLD_2364_rev,800.0,0.43192303984143054,14.56231475515464,0,672
SUB_HIFLD_2527,SUB_HIFLD_2377,meso_SUB_HIFLD_2527_SUB_HIFLD_2377_rev,800.0,0.0,0.0,0,672
SUB_HIFLD_2527,SUB_HIFLD_4419,meso_SUB_HIFLD_2527_SUB_HIFLD_4419_fwd,800.0,0.0,0.0,0,672
SUB_HIFLD_2527,SUB_HIFLD_2549,meso_SUB_HIFLD_2527_SUB_HIFLD_2549_rev,50.0,0.0,0.0,0,672
SUB_HIFLD_2528,SUB_HIFLD_1988,meso_SUB_HIFLD_2528_SUB_HIFLD_1988_rev,800.0,0.0,0.0,0,672
SUB_HIFLD_2528,SUB_HIFLD_1990,meso_SUB_HIFLD_2528_SUB_HIFLD_1990_rev,800.0,0.0,0.0,0,672
SUB_HIFLD_2528,SUB_HIFLD_1993,meso_SUB_HIFLD_2528_SUB_HIFLD_1993_rev,800.0,0.0,0.0,0,672
SUB_HIFLD_2533,SUB_HIFLD_1668,meso_SUB_HIFLD_2533_SUB_HIFLD_1668_rev,800.0,1.6955770630734686,14.867592392304857,0,672
SUB_HIFLD_2533,SUB_HIFLD_2675,meso_SUB_HIFLD_2533_SUB_HIFLD_2675_fwd,800.0,0.0,0.0,0,672
SUB_HIFLD_2533,SUB_HIFLD_3727,meso_SUB_HIFLD_2533_SUB_HIFLD_3727_fwd,800.0,0.0,0.0,0,672
SUB_HIFLD_2534,SUB_HIFLD_2776,meso_SUB_HIFLD_2534_SUB_HIFLD_2776_fwd,50.0,0.0,0.0,0,672
SUB_HIFLD_2535,SUB_HIFLD_3022,meso_SUB_HIFLD_2535_SUB_HIFLD_3022_fwd,800.0,0.0,0.0,0,672
SUB_HIFLD_2535,SUB_HIFLD_891,meso_SUB_HIFLD_2535_SUB_HIFLD_891_fwd,800.0,69.8311920289761,194.07711842550336,0,672
SUB_HIFLD_2535,SUB_HIFLD_936,meso_SUB_HIFLD_2535_SUB_HIFLD_936_fwd,800.0,19.687404066637328,33.35207192332474,0,672
SUB_HIFLD_2538,SUB_HIFLD_576,meso_SUB_HIFLD_2538_SUB_HIFLD_576_fwd,1500.0,0.0,0.0,0,672
SUB_HIFLD_2538,SUB_HIFLD_3688,meso_SUB_HIFLD_2538_SUB_HIFLD_3688_fwd,1500.0,0.0,0.0,0,672
SUB_HIFLD_2538,SUB_HIFLD_584,meso_SUB_HIFLD_2538_SUB_HIFLD_584_fwd,1500.0,0.0,0.0,0,672
SUB_HIFLD_2540,SUB_HIFLD_1010,meso_SUB_HIFLD_2540_SUB_HIFLD_1010_rev,800.0,0.0,0.0,0,672
SUB_HIFLD_2540,SUB_HIFLD_2866,meso_SUB_HIFLD_2540_SUB_HIFLD_2866_fwd,800.0,0.0,0.0,0,672
SUB_HIFLD_2542,SUB_HIFLD_1032,meso_SUB_HIFLD_2542_SUB_HIFLD_1032_rev,800.0,9.283310799461404,15.437639566754571,0,672
SUB_HIFLD_2542,SUB_HIFLD_3705,meso_SUB_HIFLD_2542_SUB_HIFLD_3705_fwd,800.0,0.0,0.0,0,672
SUB_HIFLD_2542,SUB_HIFLD_950,meso_SUB_HIFLD_2542_SUB_HIFLD_950_fwd,800.0,0.0,0.0,0,672
SUB_HIFLD_2549,SUB_HIFLD_2527,meso_SUB_HIFLD_2549_SUB_HIFLD_2527_fwd,50.0,0.0,0.0,0,672
SUB_HIFLD_2551,SUB_HIFLD_1454,meso_SUB_HIFLD_2551_SUB_HIFLD_1454_rev,1500.0,0.0,0.0,0,672
SUB_HIFLD_2551,SUB_HIFLD_1457,meso_SUB_HIFLD_2551_SUB_HIFLD_1457_rev,1500.0,0.0,0.0,0,672
SUB_HIFLD_2551,SUB_HIFLD_825,meso_SUB_HIFLD_2551_SUB_HIFLD_825_fwd,1500.0,6.708034577824634,19.03212613683087,0,672
SUB_HIFLD_2554,SUB_HIFLD_1554,meso_SUB_HIFLD_2554_SUB_HIFLD_1554_rev,800.0,0.0,0.0,0,672
SUB_HIFLD_2554,SUB_HIFLD_1731,meso_SUB_HIFLD_2554_SUB_HIFLD_1731_rev,800.0,0.0,0.0,0,672
SUB_HIFLD_2554,SUB_HIFLD_1774,meso_SUB_HIFLD_2554_SUB_HIFLD_1774_rev,800.0,0.0,0.0,0,672
SUB_HIFLD_2554,SUB_HIFLD_3462,meso_SUB_HIFLD_2554_SUB_HIFLD_3462_fwd,800.0,0.0,0.0,0,672
SUB_HIFLD_2555,SUB_HIFLD_3993,meso_SUB_HIFLD_2555_SUB_HIFLD_3993_fwd,600.0,3.3478686359074965,15.410250563232072,0,672
SUB_HIFLD_2555,SUB_HIFLD_3995,meso_SUB_HIFLD_2555_SUB_HIFLD_3995_rev,239.59579798999997,5.1707209519364925,14.358248189430915,0,672
SUB_HIFLD_2556,SUB_HIFLD_1233,meso_SUB_HIFLD_2556_SUB_HIFLD_1233_rev,600.0,2.920270716245781,9.079652489222646,0,672
SUB_HIFLD_2558,SUB_HIFLD_1558,meso_SUB_HIFLD_2558_SUB_HIFLD_1558_rev,800.0,0.0,0.0,0,672
SUB_HIFLD_2558,SUB_HIFLD_1639,meso_SUB_HIFLD_2558_SUB_HIFLD_1639_rev,800.0,0.0,0.0,0,672
SUB_HIFLD_2558,SUB_HIFLD_1779,meso_SUB_HIFLD_2558_SUB_HIFLD_1779_rev,800.0,0.0,0.0,0,672
SUB_HIFLD_2559,SUB_HIFLD_3606,meso_SUB_HIFLD_2559_SUB_HIFLD_3606_fwd,800.0,0.0,0.0,0,672
SUB_HIFLD_2559,SUB_HIFLD_796,meso_SUB_HIFLD_2559_SUB_HIFLD_796_fwd,800.0,0.0344985119047619,23.182999999999996,0,672
SUB_HIFLD_2559,SUB_HIFLD_852,meso_SUB_HIFLD_2559_SUB_HIFLD_852_fwd,800.0,1.4923968898332045,23.182999999999996,0,672
SUB_HIFLD_2560,SUB_HIFLD_4268,meso_SUB_HIFLD_2560_SUB_HIFLD_4268_fwd,1500.0,0.0,0.0,0,672
SUB_HIFLD_2560,SUB_HIFLD_589,meso_SUB_HIFLD_2560_SUB_HIFLD_589_fwd,1500.0,0.0,0.0,0,672
SUB_HIFLD_2560,SUB_HIFLD_550,meso_SUB_HIFLD_2560_SUB_HIFLD_550_fwd,3000.0,0.0,0.0,0,672
SUB_HIFLD_2577,SUB_HIFLD_1028,meso_SUB_HIFLD_2577_SUB_HIFLD_1028_rev,800.0,0.0,0.0,0,672
SUB_HIFLD_2577,SUB_HIFLD_887,meso_SUB_HIFLD_2577_SUB_HIFLD_887_fwd,800.0,63.30566790316208,135.66825004924115,0,672
SUB_HIFLD_2584,SUB_HIFLD_1932,meso_SUB_HIFLD_2584_SUB_HIFLD_1932_rev,800.0,0.13183077857744088,6.548152343750001,0,672
SUB_HIFLD_2584,SUB_HIFLD_1946,meso_SUB_HIFLD_2584_SUB_HIFLD_1946_rev,800.0,2.8467936924512056,9.3412421875,0,672
SUB_HIFLD_2590,SUB_HIFLD_1601,meso_SUB_HIFLD_2590_SUB_HIFLD_1601_rev,800.0,0.0,0.0,0,672
SUB_HIFLD_2590,SUB_HIFLD_1619,meso_SUB_HIFLD_2590_SUB_HIFLD_1619_rev,800.0,0.0,0.0,0,672
SUB_HIFLD_2590,SUB_HIFLD_3359,meso_SUB_HIFLD_2590_SUB_HIFLD_3359_rev,60.98188821143901,3.2986724018289815,6.2867927472615985,0,672
SUB_HIFLD_2593,SUB_HIFLD_3179,meso_SUB_HIFLD_2593_SUB_HIFLD_3179_fwd,800.0,1.3453245391433708,2.540061463031572,0,672
SUB_HIFLD_2593,SUB_HIFLD_807,meso_SUB_HIFLD_2593_SUB_HIFLD_807_fwd,100.39290467826652,0.0,0.0,0,672
SUB_HIFLD_2596,SUB_HIFLD_1674,meso_SUB_HIFLD_2596_SUB_HIFLD_1674_rev,800.0,0.0,0.0,0,672
SUB_HIFLD_2596,SUB_HIFLD_2413,meso_SUB_HIFLD_2596_SUB_HIFLD_2413_rev,800.0,0.0,0.0,0,672
SUB_HIFLD_2596,SUB_HIFLD_489,meso_SUB_HIFLD_2596_SUB_HIFLD_489_fwd,800.0,0.0,0.0,0,672
SUB_HIFLD_2597,SUB_HIFLD_1705,meso_SUB_HIFLD_2597_SUB_HIFLD_1705_rev,800.0,0.0,0.0,0,672
SUB_HIFLD_2597,SUB_HIFLD_1717,meso_SUB_HIFLD_2597_SUB_HIFLD_1717_rev,800.0,0.0,0.0,0,672
SUB_HIFLD_2597,SUB_HIFLD_1720,meso_SUB_HIFLD_2597_SUB_HIFLD_1720_rev,800.0,0.0,0.0,0,672
SUB_HIFLD_2597,SUB_HIFLD_3721,meso_SUB_HIFLD_2597_SUB_HIFLD_3721_fwd,800.0,2.9108080928092734,5.490459387081187,0,672
SUB_HIFLD_2605,SUB_HIFLD_1552,meso_SUB_HIFLD_2605_SUB_HIFLD_1552_rev,800.0,0.0,0.0,0,672
SUB_HIFLD_2605,SUB_HIFLD_1734,meso_SUB_HIFLD_2605_SUB_HIFLD_1734_rev,800.0,0.0,0.0,0,672
SUB_HIFLD_2611,SUB_HIFLD_1434,meso_SUB_HIFLD_2611_SUB_HIFLD_1434_rev,1500.0,82.01671778746818,115.0,0,672
SUB_HIFLD_2613,SUB_HIFLD_2829,meso_SUB_HIFLD_2613_SUB_HIFLD_2829_fwd,800.0,0.0,0.0,0,672
SUB_HIFLD_2613,SUB_HIFLD_3915,meso_SUB_HIFLD_2613_SUB_HIFLD_3915_fwd,800.0,0.0,0.0,0,672
SUB_HIFLD_2613,SUB_HIFLD_4246,meso_SUB_HIFLD_2613_SUB_HIFLD_4246_fwd,800.0,0.0,0.0,0,672
SUB_HIFLD_2615,SUB_HIFLD_3204,meso_SUB_HIFLD_2615_SUB_HIFLD_3204_fwd,2500.0,0.0003385895286995878,0.02427299897644647,0,672
SUB_HIFLD_2615,SUB_HIFLD_547,meso_SUB_HIFLD_2615_SUB_HIFLD_547_fwd,4000.0,65.88248257447529,204.8416668533319,0,672
SUB_HIFLD_2615,SUB_HIFLD_160,meso_SUB_HIFLD_2615_SUB_HIFLD_160_rev,4000.0,0.0,0.0,0,672
SUB_HIFLD_2615,SUB_HIFLD_4133,meso_SUB_HIFLD_2615_SUB_HIFLD_4133_fwd,8000.0,0.0,0.0,0,672
SUB_HIFLD_2617,SUB_HIFLD_1673,meso_SUB_HIFLD_2617_SUB_HIFLD_1673_rev,800.0,0.41328482955671414,39.93317773854587,0,672
SUB_HIFLD_2617,SUB_HIFLD_1703,meso_SUB_HIFLD_2617_SUB_HIFLD_1703_rev,800.0,0.0,0.0,0,672
SUB_HIFLD_2618,SUB_HIFLD_2794,meso_SUB_HIFLD_2618_SUB_HIFLD_2794_fwd,1500.0,0.0,0.0,0,672
SUB_HIFLD_2618,SUB_HIFLD_830,meso_SUB_HIFLD_2618_SUB_HIFLD_830_fwd,1500.0,0.0,0.0,0,672
SUB_HIFLD_2619,SUB_HIFLD_1060,meso_SUB_HIFLD_2619_SUB_HIFLD_1060_rev,800.0,0.0,0.0,0,672
SUB_HIFLD_2619,SUB_HIFLD_2999,meso_SUB_HIFLD_2619_SUB_HIFLD_2999_fwd,800.0,0.0,0.0,0,672
SUB_HIFLD_2619,SUB_HIFLD_817,meso_SUB_HIFLD_2619_SUB_HIFLD_817_fwd,800.0,35.739432793035434,63.357212467783505,0,672
SUB_HIFLD_2619,SUB_HIFLD_833,meso_SUB_HIFLD_2619_SUB_HIFLD_833_fwd,800.0,0.0,0.0,0,672
SUB_HIFLD_2620,SUB_HIFLD_3418,meso_SUB_HIFLD_2620_SUB_HIFLD_3418_fwd,1301.624282,33.37260703056718,88.79310321042048,0,672
SUB_HIFLD_2622,SUB_HIFLD_4050,meso_SUB_HIFLD_2622_SUB_HIFLD_4050_fwd,800.0,0.0,0.0,0,672
SUB_HIFLD_2622,SUB_HIFLD_551,meso_SUB_HIFLD_2622_SUB_HIFLD_551_fwd,800.0,0.0,0.0,0,672
SUB_HIFLD_2622,SUB_HIFLD_567,meso_SUB_HIFLD_2622_SUB_HIFLD_567_fwd,800.0,0.4189671152579816,57.072785115979386,0,672
SUB_HIFLD_2622,SUB_HIFLD_814,meso_SUB_HIFLD_2622_SUB_HIFLD_814_fwd,800.0,0.0,0.0,0,672
SUB_HIFLD_2624,SUB_HIFLD_1929,meso_SUB_HIFLD_2624_SUB_HIFLD_1929_fwd,50.0,0.0,0.0,0,672
SUB_HIFLD_2625,SUB_HIFLD_2498,meso_SUB_HIFLD_2625_SUB_HIFLD_2498_rev,800.0,0.0,0.0,0,672
SUB_HIFLD_2625,SUB_HIFLD_4175,meso_SUB_HIFLD_2625_SUB_HIFLD_4175_fwd,800.0,6.7518073381058725,13.511548606636598,0,672
SUB_HIFLD_2625,SUB_HIFLD_919,meso_SUB_HIFLD_2625_SUB_HIFLD_919_fwd,800.0,0.0,0.0,0,672
SUB_HIFLD_2629,SUB_HIFLD_1675,meso_SUB_HIFLD_2629_SUB_HIFLD_1675_rev,800.0,26.704406956610693,60.74898864791549,0,672
SUB_HIFLD_2629,SUB_HIFLD_2852,meso_SUB_HIFLD_2629_SUB_HIFLD_2852_fwd,800.0,0.0,0.0,0,672
SUB_HIFLD_2629,SUB_HIFLD_2961,meso_SUB_HIFLD_2629_SUB_HIFLD_2961_fwd,800.0,0.0,0.0,0,672
SUB_HIFLD_2630,SUB_HIFLD_2417,meso_SUB_HIFLD_2630_SUB_HIFLD_2417_rev,800.0,0.0,0.0,0,672
SUB_HIFLD_2630,SUB_HIFLD_2436,meso_SUB_HIFLD_2630_SUB_HIFLD_2436_rev,800.0,0.0,0.0,0,672
SUB_HIFLD_2630,SUB_HIFLD_2996,meso_SUB_HIFLD_2630_SUB_HIFLD_2996_fwd,800.0,0.0,0.0,0,672
SUB_HIFLD_2632,SUB_HIFLD_2671,meso_SUB_HIFLD_2632_SUB_HIFLD_2671_fwd,800.0,4.73322325282136,10.901214019032643,0,672
SUB_HIFLD_2632,SUB_HIFLD_3160,meso_SUB_HIFLD_2632_SUB_HIFLD_3160_fwd,800.0,0.0,0.0,0,672
SUB_HIFLD_2633,SUB_HIFLD_3351,meso_SUB_HIFLD_2633_SUB_HIFLD_3351_fwd,800.0,0.0,0.0,0,672
SUB_HIFLD_2633,SUB_HIFLD_3698,meso_SUB_HIFLD_2633_SUB_HIFLD_3698_fwd,800.0,0.0,0.0,0,672
SUB_HIFLD_2635,SUB_25395,meso_SUB_HIFLD_2635_SUB_25395_rev,3800.0,46.83794571812707,446.07254560859815,0,672
SUB_HIFLD_2635,SUB_HIFLD_1538,meso_SUB_HIFLD_2635_SUB_HIFLD_1538_rev,4000.0,529.3716368785138,1518.5446075406444,0,672
SUB_HIFLD_2635,SUB_HIFLD_4195,meso_SUB_HIFLD_2635_SUB_HIFLD_4195_rev,16589.446373,0.0,0.0,0,672
SUB_HIFLD_2635,SUB_HIFLD_4179,meso_SUB_HIFLD_2635_SUB_HIFLD_4179_rev,3460.932717,0.0,0.0,0,672
SUB_HIFLD_2638,SUB_HIFLD_2783,meso_SUB_HIFLD_2638_SUB_HIFLD_2783_fwd,800.0,0.0,0.0,0,672
SUB_HIFLD_2638,SUB_HIFLD_2864,meso_SUB_HIFLD_2638_SUB_HIFLD_2864_fwd,800.0,0.0,0.0,0,672
SUB_HIFLD_2638,SUB_HIFLD_4016,meso_SUB_HIFLD_2638_SUB_HIFLD_4016_fwd,800.0,0.3401181901957215,11.909090909090908,0,672
SUB_HIFLD_2638,SUB_HIFLD_866,meso_SUB_HIFLD_2638_SUB_HIFLD_866_fwd,800.0,11.57185962365709,12.879090909090909,0,672
SUB_HIFLD_2640,SUB_HIFLD_1480,meso_SUB_HIFLD_2640_SUB_HIFLD_1480_rev,1500.0,0.0,0.0,0,672
SUB_HIFLD_2640,SUB_HIFLD_830,meso_SUB_HIFLD_2640_SUB_HIFLD_830_fwd,1500.0,5.081014322821605,22.530798218854496,0,672
SUB_HIFLD_2640,SUB_HIFLD_873,meso_SUB_HIFLD_2640_SUB_HIFLD_873_fwd,1500.0,7.585301451411348,60.20495628155481,0,672
SUB_HIFLD_2643,SUB_HIFLD_1535,meso_SUB_HIFLD_2643_SUB_HIFLD_1535_rev,800.0,0.0,0.0,0,672
SUB_HIFLD_2643,SUB_HIFLD_1560,meso_SUB_HIFLD_2643_SUB_HIFLD_1560_rev,800.0,0.0,0.0,0,672
SUB_HIFLD_2643,SUB_HIFLD_1666,meso_SUB_HIFLD_2643_SUB_HIFLD_1666_rev,800.0,0.0,0.0,0,672
SUB_HIFLD_2643,SUB_HIFLD_4135,meso_SUB_HIFLD_2643_SUB_HIFLD_4135_fwd,800.0,0.0,0.0,0,672
SUB_HIFLD_2643,SUB_HIFLD_1639,meso_SUB_HIFLD_2643_SUB_HIFLD_1639_rev,800.0,0.0,0.0,0,672
SUB_HIFLD_2644,SUB_HIFLD_1490,meso_SUB_HIFLD_2644_SUB_HIFLD_1490_rev,1500.0,0.0,0.0,0,672
SUB_HIFLD_2644,SUB_HIFLD_3357,meso_SUB_HIFLD_2644_SUB_HIFLD_3357_fwd,1500.0,0.05094990680708656,3.765122963301974,0,672
SUB_HIFLD_2644,SUB_HIFLD_3368,meso_SUB_HIFLD_2644_SUB_HIFLD_3368_fwd,1500.0,0.009541129229416264,3.5113222635838723,0,672
SUB_HIFLD_2645,SUB_HIFLD_1493,meso_SUB_HIFLD_2645_SUB_HIFLD_1493_rev,800.0,10.46681150887324,31.210810792857906,0,672
SUB_HIFLD_2645,SUB_HIFLD_1961,meso_SUB_HIFLD_2645_SUB_HIFLD_1961_rev,800.0,0.0,0.0,0,672
SUB_HIFLD_2645,SUB_HIFLD_2892,meso_SUB_HIFLD_2645_SUB_HIFLD_2892_fwd,800.0,5.354683178923676,10.169028874033504,0,672
SUB_HIFLD_2645,SUB_HIFLD_3700,meso_SUB_HIFLD_2645_SUB_HIFLD_3700_fwd,800.0,0.0,0.0,0,672
SUB_HIFLD_2648,SUB_HIFLD_1929,meso_SUB_HIFLD_2648_SUB_HIFLD_1929_rev,800.0,0.0,0.0,0,672
SUB_HIFLD_2648,SUB_HIFLD_1966,meso_SUB_HIFLD_2648_SUB_HIFLD_1966_rev,800.0,15.619641788952716,24.305541237113406,0,672
SUB_HIFLD_2648,SUB_HIFLD_1981,meso_SUB_HIFLD_2648_SUB_HIFLD_1981_rev,800.0,0.0,0.0,0,672
SUB_HIFLD_2653,SUB_HIFLD_1679,meso_SUB_HIFLD_2653_SUB_HIFLD_1679_rev,800.0,0.0,0.0,0,672
SUB_HIFLD_2653,SUB_HIFLD_2859,meso_SUB_HIFLD_2653_SUB_HIFLD_2859_fwd,800.0,0.0,0.0,0,672
SUB_HIFLD_2653,SUB_HIFLD_4102,meso_SUB_HIFLD_2653_SUB_HIFLD_4102_fwd,800.0,0.0,0.0,0,672
SUB_HIFLD_2654,SUB_HIFLD_4158,meso_SUB_HIFLD_2654_SUB_HIFLD_4158_fwd,1500.0,0.0,0.0,0,672
SUB_HIFLD_2654,SUB_HIFLD_426,meso_SUB_HIFLD_2654_SUB_HIFLD_426_fwd,1500.0,0.05040182131068758,0.8433175453758728,0,672
SUB_HIFLD_2654,SUB_HIFLD_3360,meso_SUB_HIFLD_2654_SUB_HIFLD_3360_rev,50.0,0.0,0.0,0,672
SUB_HIFLD_2655,SUB_HIFLD_2394,meso_SUB_HIFLD_2655_SUB_HIFLD_2394_rev,800.0,48.06453457370854,149.4413749238072,0,672
SUB_HIFLD_2661,SUB_HIFLD_2411,meso_SUB_HIFLD_2661_SUB_HIFLD_2411_rev,800.0,0.3388149994098015,13.22654624349536,0,672
SUB_HIFLD_2661,SUB_HIFLD_2440,meso_SUB_HIFLD_2661_SUB_HIFLD_2440_rev,800.0,0.0,0.0,0,672
SUB_HIFLD_2664,SUB_HIFLD_4195,meso_SUB_HIFLD_2664_SUB_HIFLD_4195_fwd,12000.0,91.48252908555096,283.6784592615184,0,672
SUB_HIFLD_2665,SUB_HIFLD_1947,meso_SUB_HIFLD_2665_SUB_HIFLD_1947_rev,800.0,0.0,0.0,0,672
SUB_HIFLD_2665,SUB_HIFLD_2758,meso_SUB_HIFLD_2665_SUB_HIFLD_2758_fwd,800.0,0.0,0.0,0,672
SUB_HIFLD_2665,SUB_HIFLD_2795,meso_SUB_HIFLD_2665_SUB_HIFLD_2795_fwd,800.0,0.0,0.0,0,672
SUB_HIFLD_2665,SUB_HIFLD_1987,meso_SUB_HIFLD_2665_SUB_HIFLD_1987_rev,50.0,0.0,0.0,0,672
SUB_HIFLD_2668,SUB_HIFLD_1596,meso_SUB_HIFLD_2668_SUB_HIFLD_1596_rev,800.0,0.0,0.0,0,672
SUB_HIFLD_2668,SUB_HIFLD_1734,meso_SUB_HIFLD_2668_SUB_HIFLD_1734_rev,800.0,0.0,0.0,0,672
SUB_HIFLD_2668,SUB_HIFLD_3396,meso_SUB_HIFLD_2668_SUB_HIFLD_3396_fwd,800.0,0.0,0.0,0,672
SUB_HIFLD_2671,SUB_HIFLD_2632,meso_SUB_HIFLD_2671_SUB_HIFLD_2632_rev,800.0,0.0,0.0,0,672
SUB_HIFLD_2671,SUB_HIFLD_2917,meso_SUB_HIFLD_2671_SUB_HIFLD_2917_fwd,800.0,1.142302248276386,4.0642044539304125,0,672
SUB_HIFLD_2673,SUB_HIFLD_801,meso_SUB_HIFLD_2673_SUB_HIFLD_801_fwd,50.0,0.0,0.0,0,672
SUB_HIFLD_2674,SUB_HIFLD_1566,meso_SUB_HIFLD_2674_SUB_HIFLD_1566_rev,800.0,0.0,0.0,0,672
SUB_HIFLD_2674,SUB_HIFLD_1747,meso_SUB_HIFLD_2674_SUB_HIFLD_1747_rev,800.0,0.0,0.0,0,672
SUB_HIFLD_2674,SUB_HIFLD_4370,meso_SUB_HIFLD_2674_SUB_HIFLD_4370_fwd,800.0,0.0,0.0,0,672
SUB_HIFLD_2675,SUB_HIFLD_1568,meso_SUB_HIFLD_2675_SUB_HIFLD_1568_rev,4000.0,0.0,0.0,0,672
SUB_HIFLD_2675,SUB_HIFLD_1635,meso_SUB_HIFLD_2675_SUB_HIFLD_1635_rev,15000.0,0.053655430020031085,7.905553901622824,0,672
SUB_HIFLD_2675,SUB_HIFLD_1664,meso_SUB_HIFLD_2675_SUB_HIFLD_1664_rev,15000.0,0.0,0.0,0,672
SUB_HIFLD_2675,SUB_HIFLD_1679,meso_SUB_HIFLD_2675_SUB_HIFLD_1679_rev,4000.0,19.27226863103797,335.7355342176949,0,672
SUB_HIFLD_2675,SUB_HIFLD_2533,meso_SUB_HIFLD_2675_SUB_HIFLD_2533_rev,800.0,0.9522410591460183,13.42741483742769,0,672
SUB_HIFLD_2675,WECC_SCE,iface_SUB_HIFLD_2675_WECC_SCE_to_ba,557.8384718587145,0.0,0.0,0,672
SUB_HIFLD_2678,SUB_HIFLD_1948,meso_SUB_HIFLD_2678_SUB_HIFLD_1948_rev,800.0,0.0,0.0,0,672
SUB_HIFLD_2678,SUB_HIFLD_2685,meso_SUB_HIFLD_2678_SUB_HIFLD_2685_fwd,800.0,0.024196845173074973,1.6275235834809922,0,672
SUB_HIFLD_2678,SUB_HIFLD_4125,meso_SUB_HIFLD_2678_SUB_HIFLD_4125_fwd,800.0,1.9441413934262817,17.510701937639496,0,672
SUB_HIFLD_2679,SUB_HIFLD_3696,meso_SUB_HIFLD_2679_SUB_HIFLD_3696_fwd,50.0,0.0,0.0,0,672
SUB_HIFLD_2680,SUB_HIFLD_1957,meso_SUB_HIFLD_2680_SUB_HIFLD_1957_rev,800.0,0.0,0.0,0,672
SUB_HIFLD_2680,SUB_HIFLD_1994,meso_SUB_HIFLD_2680_SUB_HIFLD_1994_rev,800.0,0.0,0.0,0,672
SUB_HIFLD_2680,SUB_HIFLD_4210,meso_SUB_HIFLD_2680_SUB_HIFLD_4210_fwd,800.0,0.0,0.0,0,672
SUB_HIFLD_2680,SUB_HIFLD_4224,meso_SUB_HIFLD_2680_SUB_HIFLD_4224_fwd,800.0,0.0,0.0,0,672
SUB_HIFLD_2681,SUB_HIFLD_1965,meso_SUB_HIFLD_2681_SUB_HIFLD_1965_rev,800.0,0.0,0.0,0,672
SUB_HIFLD_2681,SUB_HIFLD_1994,meso_SUB_HIFLD_2681_SUB_HIFLD_1994_rev,800.0,0.0,0.0,0,672
SUB_HIFLD_2681,SUB_HIFLD_4378,meso_SUB_HIFLD_2681_SUB_HIFLD_4378_fwd,800.0,0.0,0.0,0,672
SUB_HIFLD_2684,SUB_HIFLD_3433,meso_SUB_HIFLD_2684_SUB_HIFLD_3433_fwd,800.0,0.0,0.0,0,672
SUB_HIFLD_2684,SUB_HIFLD_3474,meso_SUB_HIFLD_2684_SUB_HIFLD_3474_fwd,800.0,0.0,0.0,0,672
SUB_HIFLD_2684,SUB_HIFLD_814,meso_SUB_HIFLD_2684_SUB_HIFLD_814_fwd,800.0,0.0,0.0,0,672
SUB_HIFLD_2684,SUB_HIFLD_870,meso_SUB_HIFLD_2684_SUB_HIFLD_870_fwd,800.0,0.0,0.0,0,672
SUB_HIFLD_2685,SUB_HIFLD_1977,meso_SUB_HIFLD_2685_SUB_HIFLD_1977_rev,800.0,0.0,0.0,0,672
SUB_HIFLD_2685,SUB_HIFLD_2678,meso_SUB_HIFLD_2685_SUB_HIFLD_2678_rev,800.0,0.0,0.0,0,672
SUB_HIFLD_2685,SUB_HIFLD_3699,meso_SUB_HIFLD_2685_SUB_HIFLD_3699_fwd,800.0,0.0,0.0,0,672
SUB_HIFLD_2693,SUB_HIFLD_1951,meso_SUB_HIFLD_2693_SUB_HIFLD_1951_rev,800.0,0.0,0.0,0,672
SUB_HIFLD_2693,SUB_HIFLD_3415,meso_SUB_HIFLD_2693_SUB_HIFLD_3415_fwd,800.0,0.0,0.0,0,672
SUB_HIFLD_2693,SUB_HIFLD_4129,meso_SUB_HIFLD_2693_SUB_HIFLD_4129_fwd,800.0,0.0,0.0,0,672
SUB_HIFLD_2695,SUB_HIFLD_1612,meso_SUB_HIFLD_2695_SUB_HIFLD_1612_rev,800.0,0.0,0.0,0,672
SUB_HIFLD_2698,SUB_HIFLD_2097,meso_SUB_HIFLD_2698_SUB_HIFLD_2097_rev,800.0,0.0,0.0,0,672
SUB_HIFLD_2698,SUB_HIFLD_2100,meso_SUB_HIFLD_2698_SUB_HIFLD_2100_rev,800.0,0.0,0.0,0,672
SUB_HIFLD_2698,SUB_HIFLD_3906,meso_SUB_HIFLD_2698_SUB_HIFLD_3906_fwd,800.0,0.0,0.0,0,672
SUB_HIFLD_2699,SUB_HIFLD_1566,meso_SUB_HIFLD_2699_SUB_HIFLD_1566_rev,800.0,0.0,0.0,0,672
SUB_HIFLD_2699,SUB_HIFLD_3473,meso_SUB_HIFLD_2699_SUB_HIFLD_3473_fwd,800.0,0.0,0.0,0,672
SUB_HIFLD_2705,SUB_HIFLD_1153,meso_SUB_HIFLD_2705_SUB_HIFLD_1153_rev,1500.0,0.0,0.0,0,672
SUB_HIFLD_2705,SUB_HIFLD_1829,meso_SUB_HIFLD_2705_SUB_HIFLD_1829_rev,1500.0,0.0,0.0,0,672
SUB_HIFLD_2705,SUB_HIFLD_1845,meso_SUB_HIFLD_2705_SUB_HIFLD_1845_rev,1500.0,0.0,0.0,0,672
SUB_HIFLD_2705,SUB_HIFLD_3623,meso_SUB_HIFLD_2705_SUB_HIFLD_3623_fwd,1500.0,0.0,0.0,0,672
SUB_HIFLD_2705,SUB_HIFLD_1833,meso_SUB_HIFLD_2705_SUB_HIFLD_1833_rev,1500.0,0.0,0.0,0,672
SUB_HIFLD_2705,SUB_HIFLD_1844,meso_SUB_HIFLD_2705_SUB_HIFLD_1844_rev,1500.0,17.50537275167575,31.124044346046677,0,672
SUB_HIFLD_2708,SUB_HIFLD_3417,meso_SUB_HIFLD_2708_SUB_HIFLD_3417_fwd,800.0,0.0,0.0,0,672
SUB_HIFLD_2708,SUB_HIFLD_3746,meso_SUB_HIFLD_2708_SUB_HIFLD_3746_fwd,800.0,2.2451958488462638,13.946790431701032,0,672
SUB_HIFLD_2708,SUB_HIFLD_4288,meso_SUB_HIFLD_2708_SUB_HIFLD_4288_fwd,800.0,0.0,0.0,0,672
SUB_HIFLD_2713,SUB_HIFLD_3940,meso_SUB_HIFLD_2713_SUB_HIFLD_3940_fwd,4000.0,0.0,0.0,0,672
SUB_HIFLD_2713,SUB_04256,meso_SUB_HIFLD_2713_SUB_04256_fwd,13686.718627455608,385.6579698594451,882.0676438642214,0,672
SUB_HIFLD_2713,WEC_CALN,iface_SUB_HIFLD_2713_WEC_CALN_to_ba,11537.173767677747,768.0594069083295,921.5573219858325,0,672
SUB_HIFLD_2715,SUB_HIFLD_2372,meso_SUB_HIFLD_2715_SUB_HIFLD_2372_rev,800.0,0.0,0.0,0,672
SUB_HIFLD_2715,SUB_HIFLD_2376,meso_SUB_HIFLD_2715_SUB_HIFLD_2376_rev,800.0,0.0,0.0,0,672
SUB_HIFLD_2715,SUB_HIFLD_2856,meso_SUB_HIFLD_2715_SUB_HIFLD_2856_fwd,800.0,0.0,0.0,0,672
SUB_HIFLD_2715,SUB_HIFLD_4347,meso_SUB_HIFLD_2715_SUB_HIFLD_4347_fwd,800.0,0.0,0.0,0,672
SUB_HIFLD_2715,SUB_HIFLD_2380,meso_SUB_HIFLD_2715_SUB_HIFLD_2380_rev,800.0,0.0,0.0,0,672
SUB_HIFLD_2717,SUB_HIFLD_1688,meso_SUB_HIFLD_2717_SUB_HIFLD_1688_rev,800.0,0.0,0.0,0,672
SUB_HIFLD_2717,SUB_HIFLD_1697,meso_SUB_HIFLD_2717_SUB_HIFLD_1697_rev,800.0,0.00022942019028851732,0.15417036787388363,0,672
SUB_HIFLD_2717,SUB_HIFLD_1722,meso_SUB_HIFLD_2717_SUB_HIFLD_1722_rev,800.0,0.0,0.0,0,672
SUB_HIFLD_2717,SUB_HIFLD_3733,meso_SUB_HIFLD_2717_SUB_HIFLD_3733_fwd,800.0,0.0,0.0,0,672
SUB_HIFLD_2721,SUB_HIFLD_2885,meso_SUB_HIFLD_2721_SUB_HIFLD_2885_fwd,800.0,0.0,0.0,0,672
SUB_HIFLD_2721,SUB_HIFLD_3159,meso_SUB_HIFLD_2721_SUB_HIFLD_3159_fwd,800.0,3.1125138608911076,6.9874516752577325,0,672
SUB_HIFLD_2721,SUB_HIFLD_3309,meso_SUB_HIFLD_2721_SUB_HIFLD_3309_fwd,800.0,1.8133129298953283,4.066959971005155,0,672
SUB_HIFLD_2722,SUB_25224,meso_SUB_HIFLD_2722_SUB_25224_rev,600.0,0.0,0.0,0,672
SUB_HIFLD_2722,SUB_HIFLD_3631,meso_SUB_HIFLD_2722_SUB_HIFLD_3631_fwd,600.0,0.0,0.0,0,672
SUB_HIFLD_2722,SUB_HIFLD_459,meso_SUB_HIFLD_2722_SUB_HIFLD_459_fwd,600.0,2.2877467109087823,3.503163423152036,0,672
SUB_HIFLD_2739,SUB_HIFLD_2415,meso_SUB_HIFLD_2739_SUB_HIFLD_2415_rev,800.0,11.268831816518057,26.848205516607315,0,672
SUB_HIFLD_2739,SUB_HIFLD_2425,meso_SUB_HIFLD_2739_SUB_HIFLD_2425_rev,800.0,1.470069213934537,17.425986324338393,0,672
SUB_HIFLD_2739,SUB_HIFLD_3453,meso_SUB_HIFLD_2739_SUB_HIFLD_3453_fwd,800.0,0.05188479482803426,5.59443873221013,0,672
SUB_HIFLD_2739,SUB_HIFLD_3529,meso_SUB_HIFLD_2739_SUB_HIFLD_3529_fwd,800.0,0.0,0.0,0,672
SUB_HIFLD_2739,SUB_HIFLD_3654,meso_SUB_HIFLD_2739_SUB_HIFLD_3654_fwd,800.0,0.02822240080591154,0.050792705889829655,0,672
SUB_HIFLD_2744,SUB_HIFLD_1264,meso_SUB_HIFLD_2744_SUB_HIFLD_1264_rev,800.0,0.3447226731601731,3.2627272727272723,0,672
SUB_HIFLD_2744,SUB_HIFLD_3593,meso_SUB_HIFLD_2744_SUB_HIFLD_3593_fwd,800.0,0.0,0.0,0,672
SUB_HIFLD_2745,SUB_HIFLD_1030,meso_SUB_HIFLD_2745_SUB_HIFLD_1030_rev,800.0,1.0275238856999602,27.095165237203208,0,672
SUB_HIFLD_2745,SUB_HIFLD_4273,meso_SUB_HIFLD_2745_SUB_HIFLD_4273_fwd,800.0,4.9541181157956355,52.05239849657699,0,672
SUB_HIFLD_2745,SUB_HIFLD_913,meso_SUB_HIFLD_2745_SUB_HIFLD_913_fwd,800.0,27.386708313959318,60.224229985502575,0,672
SUB_HIFLD_2745,SUB_HIFLD_924,meso_SUB_HIFLD_2745_SUB_HIFLD_924_fwd,800.0,0.07513462871253507,20.565317954846385,0,672
SUB_HIFLD_2746,SUB_HIFLD_2984,meso_SUB_HIFLD_2746_SUB_HIFLD_2984_fwd,600.0,0.021125093201649466,1.5100927680427627,0,672
SUB_HIFLD_2746,SUB_HIFLD_2988,meso_SUB_HIFLD_2746_SUB_HIFLD_2988_fwd,600.0,0.4645630644193879,1.500171002155491,0,672
SUB_HIFLD_2746,SUB_HIFLD_3187,meso_SUB_HIFLD_2746_SUB_HIFLD_3187_fwd,600.0,0.0,0.0,0,672
SUB_HIFLD_2748,SUB_HIFLD_2433,meso_SUB_HIFLD_2748_SUB_HIFLD_2433_rev,800.0,0.0,0.0,0,672
SUB_HIFLD_2748,SUB_HIFLD_2441,meso_SUB_HIFLD_2748_SUB_HIFLD_2441_rev,800.0,1.757054013929709,2.750721850837629,0,672
SUB_HIFLD_2748,SUB_HIFLD_2996,meso_SUB_HIFLD_2748_SUB_HIFLD_2996_fwd,800.0,0.0,0.0,0,672
SUB_HIFLD_2750,SUB_HIFLD_1548,meso_SUB_HIFLD_2750_SUB_HIFLD_1548_rev,800.0,0.0,0.0,0,672
SUB_HIFLD_2750,SUB_HIFLD_3317,meso_SUB_HIFLD_2750_SUB_HIFLD_3317_fwd,800.0,0.0,0.0,0,672
SUB_HIFLD_2751,SUB_HIFLD_1332,meso_SUB_HIFLD_2751_SUB_HIFLD_1332_rev,600.0,0.0,0.0,0,672
SUB_HIFLD_2751,SUB_HIFLD_2003,meso_SUB_HIFLD_2751_SUB_HIFLD_2003_rev,600.0,0.0,0.0,0,672
SUB_HIFLD_2751,SUB_HIFLD_2006,meso_SUB_HIFLD_2751_SUB_HIFLD_2006_rev,600.0,0.0,0.0,0,672
SUB_HIFLD_2754,SUB_HIFLD_1998,meso_SUB_HIFLD_2754_SUB_HIFLD_1998_rev,2000.0,0.0,0.0,0,672
SUB_HIFLD_2754,SUB_HIFLD_2000,meso_SUB_HIFLD_2754_SUB_HIFLD_2000_rev,2000.0,41.37047203637013,76.70848904639176,0,672
SUB_HIFLD_2754,SUB_HIFLD_2002,meso_SUB_HIFLD_2754_SUB_HIFLD_2002_rev,2000.0,0.0,0.0,0,672
SUB_HIFLD_2758,SUB_HIFLD_1932,meso_SUB_HIFLD_2758_SUB_HIFLD_1932_rev,800.0,0.0,0.0,0,672
SUB_HIFLD_2758,SUB_HIFLD_1938,meso_SUB_HIFLD_2758_SUB_HIFLD_1938_rev,800.0,0.0,0.0,0,672
SUB_HIFLD_2758,SUB_HIFLD_2665,meso_SUB_HIFLD_2758_SUB_HIFLD_2665_rev,800.0,0.0,0.0,0,672
SUB_HIFLD_2758,SUB_HIFLD_4378,meso_SUB_HIFLD_2758_SUB_HIFLD_4378_fwd,800.0,0.0,0.0,0,672
SUB_HIFLD_2763,SUB_HIFLD_4062,meso_SUB_HIFLD_2763_SUB_HIFLD_4062_fwd,800.0,0.0,0.0,0,672
SUB_HIFLD_2763,SUB_HIFLD_590,meso_SUB_HIFLD_2763_SUB_HIFLD_590_fwd,800.0,0.0,0.0,0,672
SUB_HIFLD_2763,SUB_HIFLD_864,meso_SUB_HIFLD_2763_SUB_HIFLD_864_fwd,800.0,0.0,0.0,0,672
SUB_HIFLD_2764,SUB_HIFLD_861,meso_SUB_HIFLD_2764_SUB_HIFLD_861_fwd,800.0,0.0,0.0,0,672
SUB_HIFLD_2776,SUB_HIFLD_1470,meso_SUB_HIFLD_2776_SUB_HIFLD_1470_rev,800.0,0.01254694142213039,7.672473018685556,0,672
SUB_HIFLD_2776,SUB_HIFLD_2904,meso_SUB_HIFLD_2776_SUB_HIFLD_2904_fwd,800.0,0.0,0.0,0,672
SUB_HIFLD_2776,SUB_HIFLD_551,meso_SUB_HIFLD_2776_SUB_HIFLD_551_fwd,800.0,14.675500072114861,101.52175672062656,0,672
SUB_HIFLD_2776,SUB_HIFLD_834,meso_SUB_HIFLD_2776_SUB_HIFLD_834_fwd,800.0,0.0,0.0,0,672
SUB_HIFLD_2776,SUB_HIFLD_841,meso_SUB_HIFLD_2776_SUB_HIFLD_841_fwd,800.0,0.0,0.0,0,672
SUB_HIFLD_2776,SUB_HIFLD_2534,meso_SUB_HIFLD_2776_SUB_HIFLD_2534_rev,50.0,0.0,0.0,0,672
SUB_HIFLD_2782,SUB_HIFLD_1547,meso_SUB_HIFLD_2782_SUB_HIFLD_1547_rev,8000.0,0.0,0.0,0,672
SUB_HIFLD_2782,SUB_HIFLD_1687,meso_SUB_HIFLD_2782_SUB_HIFLD_1687_rev,4000.0,0.0,0.0,0,672
SUB_HIFLD_2782,SUB_HIFLD_1771,meso_SUB_HIFLD_2782_SUB_HIFLD_1771_rev,4000.0,0.0,0.0,0,672
SUB_HIFLD_2783,SUB_HIFLD_2638,meso_SUB_HIFLD_2783_SUB_HIFLD_2638_rev,800.0,0.0,0.0,0,672
SUB_HIFLD_2783,SUB_HIFLD_4343,meso_SUB_HIFLD_2783_SUB_HIFLD_4343_fwd,800.0,0.0,0.0,0,672
SUB_HIFLD_2783,SUB_HIFLD_795,meso_SUB_HIFLD_2783_SUB_HIFLD_795_fwd,800.0,0.0,0.0,0,672
SUB_HIFLD_2784,SUB_HIFLD_556,meso_SUB_HIFLD_2784_SUB_HIFLD_556_fwd,1500.0,0.0,0.0,0,672
SUB_HIFLD_2784,SUB_HIFLD_582,meso_SUB_HIFLD_2784_SUB_HIFLD_582_fwd,1500.0,0.0,0.0,0,672
SUB_HIFLD_2784,SUB_HIFLD_575,meso_SUB_HIFLD_2784_SUB_HIFLD_575_fwd,1500.0,0.0,0.0,0,672
SUB_HIFLD_2791,SUB_01311,meso_SUB_HIFLD_2791_SUB_01311_rev,1500.0,0.0,0.0,0,672
SUB_HIFLD_2791,SUB_01438,meso_SUB_HIFLD_2791_SUB_01438_rev,1500.0,0.0,0.0,0,672
SUB_HIFLD_2791,SUB_HIFLD_11,meso_SUB_HIFLD_2791_SUB_HIFLD_11_rev,1500.0,44.555815746025,61.16176519094917,0,672
SUB_HIFLD_2791,SUB_HIFLD_2989,meso_SUB_HIFLD_2791_SUB_HIFLD_2989_fwd,1500.0,3.1168057940012495,4.4154578159562154,0,672
SUB_HIFLD_2794,SUB_HIFLD_2618,meso_SUB_HIFLD_2794_SUB_HIFLD_2618_rev,1500.0,0.0,0.0,0,672
SUB_HIFLD_2794,SUB_HIFLD_3222,meso_SUB_HIFLD_2794_SUB_HIFLD_3222_fwd,1500.0,0.08306116580557649,2.8603217734132995,0,672
SUB_HIFLD_2794,SUB_HIFLD_810,meso_SUB_HIFLD_2794_SUB_HIFLD_810_fwd,1500.0,3.5475456684713564,11.288216601579233,0,672
SUB_HIFLD_2795,SUB_HIFLD_1935,meso_SUB_HIFLD_2795_SUB_HIFLD_1935_rev,800.0,0.0,0.0,0,672
SUB_HIFLD_2795,SUB_HIFLD_1988,meso_SUB_HIFLD_2795_SUB_HIFLD_1988_rev,800.0,0.0,0.0,0,672
SUB_HIFLD_2795,SUB_HIFLD_2665,meso_SUB_HIFLD_2795_SUB_HIFLD_2665_rev,800.0,0.0,0.0,0,672
SUB_HIFLD_2795,SUB_HIFLD_1938,meso_SUB_HIFLD_2795_SUB_HIFLD_1938_rev,800.0,0.0,0.0,0,672
SUB_HIFLD_2801,SUB_HIFLD_1678,meso_SUB_HIFLD_2801_SUB_HIFLD_1678_rev,800.0,0.0,0.0,0,672
SUB_HIFLD_2801,SUB_HIFLD_1730,meso_SUB_HIFLD_2801_SUB_HIFLD_1730_rev,800.0,0.0,0.0,0,672
SUB_HIFLD_2801,SUB_HIFLD_2983,meso_SUB_HIFLD_2801_SUB_HIFLD_2983_fwd,800.0,0.0,0.0,0,672
SUB_HIFLD_2801,SUB_HIFLD_4337,meso_SUB_HIFLD_2801_SUB_HIFLD_4337_fwd,800.0,0.0,0.0,0,672
SUB_HIFLD_2801,SUB_HIFLD_1684,meso_SUB_HIFLD_2801_SUB_HIFLD_1684_rev,800.0,60.979599599786766,121.82723904639174,0,672
SUB_HIFLD_2804,SUB_HIFLD_2421,meso_SUB_HIFLD_2804_SUB_HIFLD_2421_rev,800.0,0.0,0.0,0,672
SUB_HIFLD_2804,SUB_HIFLD_2422,meso_SUB_HIFLD_2804_SUB_HIFLD_2422_rev,800.0,0.0,0.0,0,672
SUB_HIFLD_2804,SUB_HIFLD_2436,meso_SUB_HIFLD_2804_SUB_HIFLD_2436_rev,800.0,0.7669174471496072,13.299510711984535,0,672
SUB_HIFLD_2807,SUB_HIFLD_1030,meso_SUB_HIFLD_2807_SUB_HIFLD_1030_rev,800.0,0.0,0.0,0,672
SUB_HIFLD_2807,SUB_HIFLD_4031,meso_SUB_HIFLD_2807_SUB_HIFLD_4031_fwd,800.0,1.5119942848156878,2.4794466313627574,0,672
SUB_HIFLD_2807,SUB_HIFLD_896,meso_SUB_HIFLD_2807_SUB_HIFLD_896_fwd,800.0,0.0,0.0,0,672
SUB_HIFLD_2809,SUB_HIFLD_1948,meso_SUB_HIFLD_2809_SUB_HIFLD_1948_rev,800.0,0.0,0.0,0,672
SUB_HIFLD_2809,SUB_HIFLD_2829,meso_SUB_HIFLD_2809_SUB_HIFLD_2829_fwd,800.0,0.0,0.0,0,672
SUB_HIFLD_2809,SUB_HIFLD_3697,meso_SUB_HIFLD_2809_SUB_HIFLD_3697_fwd,800.0,0.0,0.0,0,672
SUB_HIFLD_2817,SUB_HIFLD_1679,meso_SUB_HIFLD_2817_SUB_HIFLD_1679_rev,800.0,0.0,0.0,0,672
SUB_HIFLD_2817,SUB_HIFLD_1923,meso_SUB_HIFLD_2817_SUB_HIFLD_1923_rev,800.0,0.0,0.0,0,672
SUB_HIFLD_2817,SUB_HIFLD_1930,meso_SUB_HIFLD_2817_SUB_HIFLD_1930_rev,800.0,0.0,0.0,0,672
SUB_HIFLD_2817,SUB_HIFLD_1937,meso_SUB_HIFLD_2817_SUB_HIFLD_1937_rev,800.0,0.0,0.0,0,672
SUB_HIFLD_2819,SUB_HIFLD_1574,meso_SUB_HIFLD_2819_SUB_HIFLD_1574_rev,800.0,0.0,0.0,0,672
SUB_HIFLD_2819,SUB_HIFLD_1575,meso_SUB_HIFLD_2819_SUB_HIFLD_1575_rev,800.0,0.0,0.0,0,672
SUB_HIFLD_2819,SUB_HIFLD_1622,meso_SUB_HIFLD_2819_SUB_HIFLD_1622_rev,800.0,0.0,0.0,0,672
SUB_HIFLD_2824,SUB_HIFLD_798,meso_SUB_HIFLD_2824_SUB_HIFLD_798_fwd,1500.0,42.691439846107244,81.48595360824743,0,672
SUB_HIFLD_2824,SUB_HIFLD_799,meso_SUB_HIFLD_2824_SUB_HIFLD_799_fwd,1500.0,0.0,0.0,0,672
SUB_HIFLD_2824,SUB_HIFLD_829,meso_SUB_HIFLD_2824_SUB_HIFLD_829_fwd,1500.0,0.0,0.0,0,672
SUB_HIFLD_2825,SUB_HIFLD_1612,meso_SUB_HIFLD_2825_SUB_HIFLD_1612_rev,800.0,0.0,0.0,0,672
SUB_HIFLD_2825,SUB_HIFLD_2852,meso_SUB_HIFLD_2825_SUB_HIFLD_2852_fwd,800.0,42.3733937332849,95.62537818622117,0,672
SUB_HIFLD_2825,SUB_HIFLD_848,meso_SUB_HIFLD_2825_SUB_HIFLD_848_fwd,800.0,0.0,0.0,0,672
SUB_HIFLD_2827,SUB_HIFLD_1537,meso_SUB_HIFLD_2827_SUB_HIFLD_1537_rev,800.0,0.0,0.0,0,672
SUB_HIFLD_2827,SUB_HIFLD_1618,meso_SUB_HIFLD_2827_SUB_HIFLD_1618_rev,800.0,0.0,0.0,0,672
SUB_HIFLD_2829,SUB_HIFLD_2613,meso_SUB_HIFLD_2829_SUB_HIFLD_2613_rev,800.0,0.0,0.0,0,672
SUB_HIFLD_2829,SUB_HIFLD_2809,meso_SUB_HIFLD_2829_SUB_HIFLD_2809_rev,800.0,0.0,0.0,0,672
SUB_HIFLD_2829,SUB_HIFLD_3697,meso_SUB_HIFLD_2829_SUB_HIFLD_3697_fwd,800.0,0.0,0.0,0,672
SUB_HIFLD_2832,SUB_HIFLD_1537,meso_SUB_HIFLD_2832_SUB_HIFLD_1537_rev,800.0,0.0,0.0,0,672
SUB_HIFLD_2832,SUB_HIFLD_1717,meso_SUB_HIFLD_2832_SUB_HIFLD_1717_rev,800.0,0.0,0.0,0,672
SUB_HIFLD_2832,SUB_HIFLD_3722,meso_SUB_HIFLD_2832_SUB_HIFLD_3722_fwd,800.0,2.866334212710007,5.2519979260631455,0,672
SUB_HIFLD_2833,SUB_HIFLD_4200,meso_SUB_HIFLD_2833_SUB_HIFLD_4200_fwd,800.0,0.0,0.0,0,672
SUB_HIFLD_2833,SUB_HIFLD_811,meso_SUB_HIFLD_2833_SUB_HIFLD_811_fwd,800.0,0.0,0.0,0,672
SUB_HIFLD_2833,SUB_HIFLD_843,meso_SUB_HIFLD_2833_SUB_HIFLD_843_fwd,800.0,0.0,0.0,0,672
SUB_HIFLD_2835,SUB_HIFLD_3988,meso_SUB_HIFLD_2835_SUB_HIFLD_3988_fwd,600.0,9.761010280004248,17.032816527061858,0,672
SUB_HIFLD_2835,SUB_HIFLD_554,meso_SUB_HIFLD_2835_SUB_HIFLD_554_fwd,1500.0,43.02532591600984,93.67642221709268,0,672
SUB_HIFLD_2835,SUB_HIFLD_553,meso_SUB_HIFLD_2835_SUB_HIFLD_553_fwd,1500.0,0.0,0.0,0,672
SUB_HIFLD_2835,SUB_HIFLD_589,meso_SUB_HIFLD_2835_SUB_HIFLD_589_fwd,1500.0,0.0,0.0,0,672
SUB_HIFLD_2837,SUB_HIFLD_2394,meso_SUB_HIFLD_2837_SUB_HIFLD_2394_rev,800.0,0.19053970992058858,0.7676870247929073,0,672
SUB_HIFLD_2837,SUB_HIFLD_2972,meso_SUB_HIFLD_2837_SUB_HIFLD_2972_fwd,800.0,0.0,0.0,0,672
SUB_HIFLD_2837,SUB_HIFLD_443,meso_SUB_HIFLD_2837_SUB_HIFLD_443_fwd,800.0,0.1439960296035808,0.3033210361126772,0,672
SUB_HIFLD_2843,SUB_HIFLD_1504,meso_SUB_HIFLD_2843_SUB_HIFLD_1504_rev,1500.0,0.0,0.0,0,672
SUB_HIFLD_2843,SUB_HIFLD_589,meso_SUB_HIFLD_2843_SUB_HIFLD_589_fwd,1500.0,0.0,0.0,0,672
SUB_HIFLD_2843,SUB_HIFLD_585,meso_SUB_HIFLD_2843_SUB_HIFLD_585_fwd,1500.0,40.30092189968679,95.06772492687315,0,672
SUB_HIFLD_2852,SUB_HIFLD_1591,meso_SUB_HIFLD_2852_SUB_HIFLD_1591_rev,800.0,13.571875471172229,30.405339884020623,0,672
SUB_HIFLD_2852,SUB_HIFLD_2629,meso_SUB_HIFLD_2852_SUB_HIFLD_2629_rev,800.0,27.530316450114118,62.62782334836649,0,672
SUB_HIFLD_2852,SUB_HIFLD_2825,meso_SUB_HIFLD_2852_SUB_HIFLD_2825_rev,800.0,0.0,0.0,0,672
SUB_HIFLD_2856,SUB_HIFLD_2385,meso_SUB_HIFLD_2856_SUB_HIFLD_2385_rev,800.0,0.0,0.0,0,672
SUB_HIFLD_2856,SUB_HIFLD_2715,meso_SUB_HIFLD_2856_SUB_HIFLD_2715_rev,800.0,0.0,0.0,0,672
SUB_HIFLD_2856,SUB_HIFLD_4419,meso_SUB_HIFLD_2856_SUB_HIFLD_4419_fwd,800.0,0.0,0.0,0,672
SUB_HIFLD_2859,SUB_HIFLD_2653,meso_SUB_HIFLD_2859_SUB_HIFLD_2653_rev,800.0,0.0,0.0,0,672
SUB_HIFLD_2859,SUB_HIFLD_2912,meso_SUB_HIFLD_2859_SUB_HIFLD_2912_fwd,800.0,0.0,0.0,0,672
SUB_HIFLD_2859,SUB_HIFLD_4260,meso_SUB_HIFLD_2859_SUB_HIFLD_4260_fwd,800.0,0.0,0.0,0,672
SUB_HIFLD_2864,SUB_HIFLD_150,meso_SUB_HIFLD_2864_SUB_HIFLD_150_rev,800.0,0.0,0.0,0,672
SUB_HIFLD_2864,SUB_HIFLD_2638,meso_SUB_HIFLD_2864_SUB_HIFLD_2638_rev,800.0,0.0,0.0,0,672
SUB_HIFLD_2864,SUB_HIFLD_4389,meso_SUB_HIFLD_2864_SUB_HIFLD_4389_fwd,1500.0,0.0,0.0,0,672
SUB_HIFLD_2864,SUB_HIFLD_866,meso_SUB_HIFLD_2864_SUB_HIFLD_866_fwd,1500.0,0.0,0.0,0,672
SUB_HIFLD_2866,SUB_HIFLD_1958,meso_SUB_HIFLD_2866_SUB_HIFLD_1958_rev,800.0,0.0,0.0,0,672
SUB_HIFLD_2866,SUB_HIFLD_2540,meso_SUB_HIFLD_2866_SUB_HIFLD_2540_rev,800.0,0.0,0.0,0,672
SUB_HIFLD_2867,SUB_HIFLD_4237,meso_SUB_HIFLD_2867_SUB_HIFLD_4237_fwd,8000.0,51.30205310770972,159.5074085461757,0,672
SUB_HIFLD_2869,SUB_25391,meso_SUB_HIFLD_2869_SUB_25391_rev,1500.0,28.96191060530094,90.04784462521468,0,672
SUB_HIFLD_2869,SUB_HIFLD_3898,meso_SUB_HIFLD_2869_SUB_HIFLD_3898_fwd,1500.0,0.0,0.0,0,672
SUB_HIFLD_2869,SUB_HIFLD_4241,meso_SUB_HIFLD_2869_SUB_HIFLD_4241_rev,515.4678006,0.0,0.0,0,672
SUB_HIFLD_2871,SUB_HIFLD_4398,meso_SUB_HIFLD_2871_SUB_HIFLD_4398_fwd,800.0,0.0,0.0,0,672
SUB_HIFLD_2873,SUB_HIFLD_2513,meso_SUB_HIFLD_2873_SUB_HIFLD_2513_rev,800.0,0.0,0.0,0,672
SUB_HIFLD_2873,SUB_HIFLD_3973,meso_SUB_HIFLD_2873_SUB_HIFLD_3973_fwd,800.0,0.0,0.0,0,672
SUB_HIFLD_2875,SUB_HIFLD_1981,meso_SUB_HIFLD_2875_SUB_HIFLD_1981_rev,800.0,0.0,0.0,0,672
SUB_HIFLD_2875,SUB_HIFLD_4165,meso_SUB_HIFLD_2875_SUB_HIFLD_4165_fwd,800.0,0.0,0.0,0,672
SUB_HIFLD_2877,SUB_HIFLD_817,meso_SUB_HIFLD_2877_SUB_HIFLD_817_fwd,800.0,0.0,0.0,0,672
SUB_HIFLD_2877,SUB_HIFLD_845,meso_SUB_HIFLD_2877_SUB_HIFLD_845_fwd,800.0,0.0,0.0,0,672
SUB_HIFLD_2877,SUB_HIFLD_868,meso_SUB_HIFLD_2877_SUB_HIFLD_868_fwd,800.0,0.0,0.0,0,672
SUB_HIFLD_2879,SUB_HIFLD_2935,meso_SUB_HIFLD_2879_SUB_HIFLD_2935_fwd,800.0,0.0,0.0,0,672
SUB_HIFLD_2879,SUB_HIFLD_4257,meso_SUB_HIFLD_2879_SUB_HIFLD_4257_fwd,800.0,0.0,0.0,0,672
SUB_HIFLD_2879,SUB_HIFLD_4368,meso_SUB_HIFLD_2879_SUB_HIFLD_4368_fwd,800.0,0.0,0.0,0,672
SUB_HIFLD_2879,SUB_HIFLD_3324,meso_SUB_HIFLD_2879_SUB_HIFLD_3324_rev,50.0,0.0,0.0,0,672
SUB_HIFLD_2880,SUB_HIFLD_2001,meso_SUB_HIFLD_2880_SUB_HIFLD_2001_rev,1600.0,0.0,0.0,0,672
SUB_HIFLD_2880,SUB_HIFLD_914,meso_SUB_HIFLD_2880_SUB_HIFLD_914_fwd,800.0,4.383720358247903,7.191304063305412,0,672
SUB_HIFLD_2883,SUB_HIFLD_1587,meso_SUB_HIFLD_2883_SUB_HIFLD_1587_rev,800.0,0.0,0.0,0,672
SUB_HIFLD_2883,SUB_HIFLD_1764,meso_SUB_HIFLD_2883_SUB_HIFLD_1764_rev,800.0,0.0,0.0,0,672
SUB_HIFLD_2883,SUB_HIFLD_3768,meso_SUB_HIFLD_2883_SUB_HIFLD_3768_fwd,800.0,3.3002761606926376,5.303959105186856,0,672
SUB_HIFLD_2883,SUB_HIFLD_3771,meso_SUB_HIFLD_2883_SUB_HIFLD_3771_fwd,800.0,0.473002676776508,3.1612229180090203,0,672
SUB_HIFLD_2885,SUB_HIFLD_1936,meso_SUB_HIFLD_2885_SUB_HIFLD_1936_rev,800.0,19.58004768800353,41.87174613402061,0,672
SUB_HIFLD_2885,SUB_HIFLD_1982,meso_SUB_HIFLD_2885_SUB_HIFLD_1982_rev,30000.0,0.0,0.0,0,672
SUB_HIFLD_2885,SUB_HIFLD_2721,meso_SUB_HIFLD_2885_SUB_HIFLD_2721_rev,800.0,6.826700826900955,14.659228793263932,0,672
SUB_HIFLD_2885,SUB_HIFLD_4434,meso_SUB_HIFLD_2885_SUB_HIFLD_4434_fwd,15000.0,0.0,0.0,0,672
SUB_HIFLD_2885,WECC_SCE,iface_SUB_HIFLD_2885_WECC_SCE_to_ba,557.8384718587145,0.0,0.0,0,672
SUB_HIFLD_2892,SUB_HIFLD_2645,meso_SUB_HIFLD_2892_SUB_HIFLD_2645_rev,800.0,0.0,0.0,0,672
SUB_HIFLD_2894,SUB_HIFLD_1468,meso_SUB_HIFLD_2894_SUB_HIFLD_1468_rev,1500.0,0.0,0.0,0,672
SUB_HIFLD_2894,SUB_HIFLD_3433,meso_SUB_HIFLD_2894_SUB_HIFLD_3433_fwd,800.0,0.25629831491405,7.50144943089728,0,672
SUB_HIFLD_2894,SUB_HIFLD_4434,meso_SUB_HIFLD_2894_SUB_HIFLD_4434_fwd,4000.0,0.0,0.0,0,672
SUB_HIFLD_2894,SUB_HIFLD_815,meso_SUB_HIFLD_2894_SUB_HIFLD_815_fwd,800.0,0.0,0.0,0,672
SUB_HIFLD_2894,SUB_HIFLD_850,meso_SUB_HIFLD_2894_SUB_HIFLD_850_fwd,800.0,0.023845316220068004,6.223902039644548,0,672
SUB_HIFLD_2894,SUB_HIFLD_870,meso_SUB_HIFLD_2894_SUB_HIFLD_870_fwd,4000.0,0.0,0.0,0,672
SUB_HIFLD_2896,SUB_HIFLD_968,meso_SUB_HIFLD_2896_SUB_HIFLD_968_fwd,800.0,0.0,0.0,0,672
SUB_HIFLD_2898,SUB_HIFLD_1590,meso_SUB_HIFLD_2898_SUB_HIFLD_1590_rev,800.0,0.00018425623934776586,0.043067893162329965,0,672
SUB_HIFLD_2898,SUB_HIFLD_1538,meso_SUB_HIFLD_2898_SUB_HIFLD_1538_rev,1600.0,1.3174721670407321,4.096833337066638,0,672
SUB_HIFLD_2902,SUB_HIFLD_1582,meso_SUB_HIFLD_2902_SUB_HIFLD_1582_rev,800.0,0.0,0.0,0,672
SUB_HIFLD_2902,SUB_HIFLD_1626,meso_SUB_HIFLD_2902_SUB_HIFLD_1626_rev,800.0,0.0,0.0,0,672
SUB_HIFLD_2902,SUB_HIFLD_1779,meso_SUB_HIFLD_2902_SUB_HIFLD_1779_rev,800.0,0.0,0.0,0,672
SUB_HIFLD_2904,SUB_HIFLD_2776,meso_SUB_HIFLD_2904_SUB_HIFLD_2776_rev,800.0,0.0,0.0,0,672
SUB_HIFLD_2904,SUB_HIFLD_800,meso_SUB_HIFLD_2904_SUB_HIFLD_800_fwd,800.0,0.009149208874110217,6.1482683634020665,0,672
SUB_HIFLD_2904,SUB_HIFLD_822,meso_SUB_HIFLD_2904_SUB_HIFLD_822_fwd,800.0,0.9466153292666247,29.099999999999994,0,672
SUB_HIFLD_2904,SUB_HIFLD_834,meso_SUB_HIFLD_2904_SUB_HIFLD_834_fwd,800.0,0.0,0.0,0,672
SUB_HIFLD_2906,SUB_HIFLD_2490,meso_SUB_HIFLD_2906_SUB_HIFLD_2490_fwd,50.0,0.0,0.0,0,672
SUB_HIFLD_2912,SUB_HIFLD_2859,meso_SUB_HIFLD_2912_SUB_HIFLD_2859_rev,800.0,0.0,0.0,0,672
SUB_HIFLD_2912,SUB_HIFLD_4040,meso_SUB_HIFLD_2912_SUB_HIFLD_4040_fwd,800.0,0.0,0.0,0,672
SUB_HIFLD_2912,SUB_HIFLD_4368,meso_SUB_HIFLD_2912_SUB_HIFLD_4368_fwd,800.0,0.0,0.0,0,672
SUB_HIFLD_2912,SUB_HIFLD_861,meso_SUB_HIFLD_2912_SUB_HIFLD_861_fwd,800.0,0.0,0.0,0,672
SUB_HIFLD_2913,SUB_HIFLD_1568,meso_SUB_HIFLD_2913_SUB_HIFLD_1568_rev,800.0,0.0,0.0,0,672
SUB_HIFLD_2913,SUB_HIFLD_1629,meso_SUB_HIFLD_2913_SUB_HIFLD_1629_rev,800.0,0.0,0.0,0,672
SUB_HIFLD_2913,SUB_HIFLD_4023,meso_SUB_HIFLD_2913_SUB_HIFLD_4023_fwd,800.0,0.0,0.0,0,672
SUB_HIFLD_2917,SUB_HIFLD_2671,meso_SUB_HIFLD_2917_SUB_HIFLD_2671_rev,800.0,0.0,0.0,0,672
SUB_HIFLD_2917,SUB_HIFLD_3339,meso_SUB_HIFLD_2917_SUB_HIFLD_3339_fwd,800.0,0.0,0.0,0,672
SUB_HIFLD_2917,SUB_HIFLD_4210,meso_SUB_HIFLD_2917_SUB_HIFLD_4210_fwd,800.0,0.0,0.0,0,672
SUB_HIFLD_2922,SUB_HIFLD_4226,meso_SUB_HIFLD_2922_SUB_HIFLD_4226_fwd,50.0,0.0,0.0,0,672
SUB_HIFLD_2930,SUB_HIFLD_1962,meso_SUB_HIFLD_2930_SUB_HIFLD_1962_rev,800.0,0.005487824081721957,1.0,0,672
SUB_HIFLD_2930,SUB_HIFLD_4152,meso_SUB_HIFLD_2930_SUB_HIFLD_4152_fwd,800.0,0.0,0.0,0,672
SUB_HIFLD_2930,SUB_HIFLD_4165,meso_SUB_HIFLD_2930_SUB_HIFLD_4165_fwd,800.0,0.0,0.0,0,672
SUB_HIFLD_2931,SUB_HIFLD_3746,meso_SUB_HIFLD_2931_SUB_HIFLD_3746_fwd,800.0,0.0,0.0,0,672
SUB_HIFLD_2931,SUB_HIFLD_3747,meso_SUB_HIFLD_2931_SUB_HIFLD_3747_fwd,800.0,0.0,0.0,0,672
SUB_HIFLD_2933,SUB_HIFLD_1538,meso_SUB_HIFLD_2933_SUB_HIFLD_1538_rev,800.0,38.32251714278664,119.50785837252693,0,672
SUB_HIFLD_2933,SUB_HIFLD_446,meso_SUB_HIFLD_2933_SUB_HIFLD_446_fwd,800.0,0.11455956040090526,9.893554635307748,0,672
SUB_HIFLD_2933,SUB_HIFLD_3387,meso_SUB_HIFLD_2933_SUB_HIFLD_3387_rev,1098.147407,0.0,0.0,0,672
SUB_HIFLD_2933,SUB_HIFLD_4189,meso_SUB_HIFLD_2933_SUB_HIFLD_4189_rev,199.663165,0.0,0.0,0,672
SUB_HIFLD_2934,SUB_HIFLD_1264,meso_SUB_HIFLD_2934_SUB_HIFLD_1264_rev,800.0,0.0,0.0,0,672
SUB_HIFLD_2934,SUB_HIFLD_1721,meso_SUB_HIFLD_2934_SUB_HIFLD_1721_rev,800.0,0.0,0.0,0,672
SUB_HIFLD_2934,SUB_HIFLD_1772,meso_SUB_HIFLD_2934_SUB_HIFLD_1772_rev,800.0,0.0,0.0,0,672
SUB_HIFLD_2935,SUB_HIFLD_2879,meso_SUB_HIFLD_2935_SUB_HIFLD_2879_rev,800.0,0.0,0.0,0,672
SUB_HIFLD_2935,SUB_HIFLD_4257,meso_SUB_HIFLD_2935_SUB_HIFLD_4257_fwd,800.0,0.0,0.0,0,672
SUB_HIFLD_2935,SUB_HIFLD_811,meso_SUB_HIFLD_2935_SUB_HIFLD_811_fwd,800.0,4.468072853767597,28.270657342666475,0,672
SUB_HIFLD_2935,SUB_HIFLD_813,meso_SUB_HIFLD_2935_SUB_HIFLD_813_fwd,800.0,0.0,0.0,0,672
SUB_HIFLD_2936,SUB_HIFLD_1492,meso_SUB_HIFLD_2936_SUB_HIFLD_1492_rev,800.0,0.0,0.0,0,672
SUB_HIFLD_2936,SUB_HIFLD_1961,meso_SUB_HIFLD_2936_SUB_HIFLD_1961_rev,800.0,0.0,0.0,0,672
SUB_HIFLD_2936,SUB_HIFLD_3339,meso_SUB_HIFLD_2936_SUB_HIFLD_3339_fwd,800.0,4.834661983963784,9.116332756121134,0,672
SUB_HIFLD_2936,SUB_HIFLD_3700,meso_SUB_HIFLD_2936_SUB_HIFLD_3700_fwd,800.0,2.2417967196902286,39.07754377511254,0,672
SUB_HIFLD_2939,SUB_HIFLD_3390,meso_SUB_HIFLD_2939_SUB_HIFLD_3390_fwd,800.0,0.0,0.0,0,672
SUB_HIFLD_2939,SUB_HIFLD_4224,meso_SUB_HIFLD_2939_SUB_HIFLD_4224_fwd,800.0,0.0,0.0,0,672
SUB_HIFLD_2943,SUB_HIFLD_1947,meso_SUB_HIFLD_2943_SUB_HIFLD_1947_rev,800.0,0.0,0.0,0,672
SUB_HIFLD_2943,SUB_HIFLD_1954,meso_SUB_HIFLD_2943_SUB_HIFLD_1954_rev,800.0,0.0,0.0,0,672
SUB_HIFLD_2943,SUB_HIFLD_4058,meso_SUB_HIFLD_2943_SUB_HIFLD_4058_fwd,800.0,0.0,0.0,0,672
SUB_HIFLD_2943,SUB_HIFLD_1934,meso_SUB_HIFLD_2943_SUB_HIFLD_1934_rev,800.0,0.0,0.0,0,672
SUB_HIFLD_2943,SUB_HIFLD_1985,meso_SUB_HIFLD_2943_SUB_HIFLD_1985_rev,50.0,0.0,0.0,0,672
SUB_HIFLD_2945,SUB_HIFLD_3222,meso_SUB_HIFLD_2945_SUB_HIFLD_3222_fwd,1500.0,4.944387611184002e-06,0.00332262847471565,0,672
SUB_HIFLD_2945,SUB_HIFLD_3680,meso_SUB_HIFLD_2945_SUB_HIFLD_3680_fwd,1500.0,9.757265849574619,15.642993919136599,0,672
SUB_HIFLD_2945,SUB_HIFLD_810,meso_SUB_HIFLD_2945_SUB_HIFLD_810_fwd,1500.0,0.005520532562240527,0.720554263061886,0,672
SUB_HIFLD_2946,SUB_HIFLD_1538,meso_SUB_HIFLD_2946_SUB_HIFLD_1538_rev,15000.0,0.0,0.0,0,672
SUB_HIFLD_2946,SUB_HIFLD_3063,meso_SUB_HIFLD_2946_SUB_HIFLD_3063_fwd,15000.0,0.0,0.0,0,672
SUB_HIFLD_2946,SUB_HIFLD_3575,meso_SUB_HIFLD_2946_SUB_HIFLD_3575_fwd,4000.0,0.0,0.0,0,672
SUB_HIFLD_2946,SUB_HIFLD_1536,meso_SUB_HIFLD_2946_SUB_HIFLD_1536_rev,800.0,36.53344601316082,66.54764014175258,0,672
SUB_HIFLD_2946,SUB_HIFLD_3684,meso_SUB_HIFLD_2946_SUB_HIFLD_3684_fwd,1600.0,9.217312487099639,16.17149746295103,0,672
SUB_HIFLD_2946,WECC_SCE,iface_SUB_HIFLD_2946_WECC_SCE_to_ba,557.8384718587145,66.01967302618421,250.60933198436283,0,672
SUB_HIFLD_2947,SUB_HIFLD_3065,meso_SUB_HIFLD_2947_SUB_HIFLD_3065_fwd,600.0,22.249658457940235,33.93872089331797,0,672
SUB_HIFLD_2947,SUB_HIFLD_41,meso_SUB_HIFLD_2947_SUB_HIFLD_41_fwd,1500.0,0.0,0.0,0,672
SUB_HIFLD_2948,SUB_HIFLD_3514,meso_SUB_HIFLD_2948_SUB_HIFLD_3514_fwd,916.0,17.26708812236878,39.886118652343754,0,672
SUB_HIFLD_2949,SUB_HIFLD_1043,meso_SUB_HIFLD_2949_SUB_HIFLD_1043_rev,800.0,0.0,0.0,0,672
SUB_HIFLD_2949,SUB_HIFLD_3097,meso_SUB_HIFLD_2949_SUB_HIFLD_3097_fwd,800.0,0.0,0.0,0,672
SUB_HIFLD_2949,SUB_HIFLD_3098,meso_SUB_HIFLD_2949_SUB_HIFLD_3098_fwd,800.0,12.715973321374397,24.918556701030926,0,672
SUB_HIFLD_2950,SUB_HIFLD_4125,meso_SUB_HIFLD_2950_SUB_HIFLD_4125_fwd,140.69421853223253,0.0,0.0,0,672
SUB_HIFLD_2952,SUB_HIFLD_1683,meso_SUB_HIFLD_2952_SUB_HIFLD_1683_rev,800.0,0.0,0.0,0,672
SUB_HIFLD_2952,SUB_HIFLD_1707,meso_SUB_HIFLD_2952_SUB_HIFLD_1707_rev,800.0,0.0,0.0,0,672
SUB_HIFLD_2956,SUB_HIFLD_4257,meso_SUB_HIFLD_2956_SUB_HIFLD_4257_fwd,800.0,0.0,0.0,0,672
SUB_HIFLD_2959,SUB_HIFLD_3388,meso_SUB_HIFLD_2959_SUB_HIFLD_3388_fwd,800.0,0.0,0.0,0,672
SUB_HIFLD_2959,SUB_HIFLD_843,meso_SUB_HIFLD_2959_SUB_HIFLD_843_fwd,800.0,0.0,0.0,0,672
SUB_HIFLD_2960,SUB_HIFLD_3190,meso_SUB_HIFLD_2960_SUB_HIFLD_3190_fwd,600.0,0.0,0.0,0,672
SUB_HIFLD_2960,SUB_HIFLD_3193,meso_SUB_HIFLD_2960_SUB_HIFLD_3193_fwd,600.0,0.0,0.0,0,672
SUB_HIFLD_2960,SUB_HIFLD_3196,meso_SUB_HIFLD_2960_SUB_HIFLD_3196_fwd,600.0,0.05975686211046388,1.3368742699812557,0,672
SUB_HIFLD_2961,SUB_HIFLD_1675,meso_SUB_HIFLD_2961_SUB_HIFLD_1675_rev,800.0,6.337205932000778,67.0177593427835,0,672
SUB_HIFLD_2961,SUB_HIFLD_2629,meso_SUB_HIFLD_2961_SUB_HIFLD_2629_rev,800.0,0.0,0.0,0,672
SUB_HIFLD_2961,SUB_HIFLD_1735,meso_SUB_HIFLD_2961_SUB_HIFLD_1735_rev,800.0,0.0,0.0,0,672
SUB_HIFLD_2963,SUB_HIFLD_3416,meso_SUB_HIFLD_2963_SUB_HIFLD_3416_fwd,800.0,11.282861217388122,31.444017578125003,0,672
SUB_HIFLD_2963,SUB_HIFLD_913,meso_SUB_HIFLD_2963_SUB_HIFLD_913_fwd,800.0,12.525660584802264,30.150545666881445,0,672
SUB_HIFLD_2966,SUB_HIFLD_3309,meso_SUB_HIFLD_2966_SUB_HIFLD_3309_fwd,800.0,0.36607831644525896,2.4578960615335053,0,672
SUB_HIFLD_2966,SUB_HIFLD_3701,meso_SUB_HIFLD_2966_SUB_HIFLD_3701_fwd,800.0,0.0,0.0,0,672
SUB_HIFLD_2970,SUB_HIFLD_1480,meso_SUB_HIFLD_2970_SUB_HIFLD_1480_rev,4000.0,0.0,0.0,0,672
SUB_HIFLD_2970,SUB_HIFLD_1485,meso_SUB_HIFLD_2970_SUB_HIFLD_1485_rev,1500.0,5.477734906922807,74.10331923846583,0,672
SUB_HIFLD_2970,SUB_HIFLD_3368,meso_SUB_HIFLD_2970_SUB_HIFLD_3368_fwd,4000.0,0.0,0.0,0,672
SUB_HIFLD_2970,SUB_HIFLD_3690,meso_SUB_HIFLD_2970_SUB_HIFLD_3690_fwd,1500.0,4.251899880436683,28.984543708369447,0,672
SUB_HIFLD_2970,SUB_HIFLD_4259,meso_SUB_HIFLD_2970_SUB_HIFLD_4259_fwd,1500.0,0.3937442688169642,83.20372871077959,0,672
SUB_HIFLD_2970,SUB_HIFLD_561,meso_SUB_HIFLD_2970_SUB_HIFLD_561_fwd,15000.0,0.0,0.0,0,672
SUB_HIFLD_2970,SUB_HIFLD_575,meso_SUB_HIFLD_2970_SUB_HIFLD_575_fwd,4000.0,0.2724781311698564,85.2361445578192,0,672
SUB_HIFLD_2970,WECC_SCE,iface_SUB_HIFLD_2970_WECC_SCE_to_ba,557.8384718587145,0.0,0.0,0,672
SUB_HIFLD_2972,SUB_HIFLD_2837,meso_SUB_HIFLD_2972_SUB_HIFLD_2837_rev,800.0,0.0,0.0,0,672
SUB_HIFLD_2972,SUB_HIFLD_420,meso_SUB_HIFLD_2972_SUB_HIFLD_420_fwd,800.0,0.0,0.0,0,672
SUB_HIFLD_2972,SUB_HIFLD_443,meso_SUB_HIFLD_2972_SUB_HIFLD_443_fwd,800.0,0.0,0.0,0,672
SUB_HIFLD_2973,SUB_HIFLD_2006,meso_SUB_HIFLD_2973_SUB_HIFLD_2006_fwd,117.54078431901952,0.0,0.0,0,672
SUB_HIFLD_2976,SUB_HIFLD_1647,meso_SUB_HIFLD_2976_SUB_HIFLD_1647_rev,800.0,0.0,0.0,0,672
SUB_HIFLD_2976,SUB_HIFLD_1719,meso_SUB_HIFLD_2976_SUB_HIFLD_1719_rev,800.0,0.0,0.0,0,672
SUB_HIFLD_2976,SUB_HIFLD_1759,meso_SUB_HIFLD_2976_SUB_HIFLD_1759_rev,800.0,0.0,0.0,0,672
SUB_HIFLD_2978,SUB_HIFLD_3575,meso_SUB_HIFLD_2978_SUB_HIFLD_3575_fwd,8000.0,24.953608442471033,66.39302491037944,0,672
SUB_HIFLD_2982,SUB_HIFLD_2379,meso_SUB_HIFLD_2982_SUB_HIFLD_2379_rev,800.0,0.0,0.0,0,672
SUB_HIFLD_2982,SUB_HIFLD_3447,meso_SUB_HIFLD_2982_SUB_HIFLD_3447_fwd,800.0,0.0,0.0,0,672
SUB_HIFLD_2982,SUB_HIFLD_424,meso_SUB_HIFLD_2982_SUB_HIFLD_424_fwd,800.0,0.0,0.0,0,672
SUB_HIFLD_2983,SUB_HIFLD_1536,meso_SUB_HIFLD_2983_SUB_HIFLD_1536_rev,800.0,0.0,0.0,0,672
SUB_HIFLD_2983,SUB_HIFLD_2801,meso_SUB_HIFLD_2983_SUB_HIFLD_2801_rev,800.0,0.0,0.0,0,672
SUB_HIFLD_2983,SUB_HIFLD_3063,meso_SUB_HIFLD_2983_SUB_HIFLD_3063_fwd,800.0,0.0,0.0,0,672
SUB_HIFLD_2983,SUB_HIFLD_4075,meso_SUB_HIFLD_2983_SUB_HIFLD_4075_fwd,800.0,0.0,0.0,0,672
SUB_HIFLD_2983,SUB_HIFLD_1730,meso_SUB_HIFLD_2983_SUB_HIFLD_1730_rev,800.0,0.0,0.0,0,672
SUB_HIFLD_2984,SUB_HIFLD_2746,meso_SUB_HIFLD_2984_SUB_HIFLD_2746_rev,600.0,0.0,0.0,0,672
SUB_HIFLD_2984,SUB_HIFLD_3188,meso_SUB_HIFLD_2984_SUB_HIFLD_3188_fwd,600.0,0.0,0.0,0,672
SUB_HIFLD_2984,SUB_HIFLD_4081,meso_SUB_HIFLD_2984_SUB_HIFLD_4081_fwd,600.0,0.020491340405599984,1.4647899850014798,0,672
SUB_HIFLD_2988,SUB_HIFLD_2746,meso_SUB_HIFLD_2988_SUB_HIFLD_2746_rev,600.0,0.0,0.0,0,672
SUB_HIFLD_2988,SUB_HIFLD_3200,meso_SUB_HIFLD_2988_SUB_HIFLD_3200_fwd,600.0,0.4056429539753966,1.4551658720908263,0,672
SUB_HIFLD_2988,SUB_HIFLD_4081,meso_SUB_HIFLD_2988_SUB_HIFLD_4081_fwd,600.0,0.044983218511409614,1.414549445846148,0,672
SUB_HIFLD_2989,SUB_01209,meso_SUB_HIFLD_2989_SUB_01209_rev,1500.0,0.0,0.0,0,672
SUB_HIFLD_2989,SUB_01368,meso_SUB_HIFLD_2989_SUB_01368_rev,1500.0,0.2906884630048068,54.1623221903464,0,672
SUB_HIFLD_2989,SUB_HIFLD_28,meso_SUB_HIFLD_2989_SUB_HIFLD_28_rev,1500.0,0.0,0.0,0,672
SUB_HIFLD_2989,SUB_HIFLD_11,meso_SUB_HIFLD_2989_SUB_HIFLD_11_rev,1500.0,0.0,0.0,0,672
SUB_HIFLD_2989,SUB_HIFLD_2791,meso_SUB_HIFLD_2989_SUB_HIFLD_2791_rev,1500.0,0.0,0.0,0,672
SUB_HIFLD_2989,SUB_01208,meso_SUB_HIFLD_2989_SUB_01208_rev,50.0,1.7254570604716672,2.538078890141753,0,672
SUB_HIFLD_2989,SUB_01264,meso_SUB_HIFLD_2989_SUB_01264_rev,50.0,0.3217924944840639,0.49125161711702636,0,672
SUB_HIFLD_2990,SUB_HIFLD_2020,meso_SUB_HIFLD_2990_SUB_HIFLD_2020_rev,600.0,0.0,0.0,0,672
SUB_HIFLD_2990,SUB_HIFLD_4390,meso_SUB_HIFLD_2990_SUB_HIFLD_4390_fwd,1200.0,0.08858843877210648,4.529220779220779,0,672
SUB_HIFLD_2990,SUB_HIFLD_4426,meso_SUB_HIFLD_2990_SUB_HIFLD_4426_fwd,600.0,4.685993385300923,25.23549929066302,0,672
SUB_HIFLD_2996,SUB_HIFLD_2431,meso_SUB_HIFLD_2996_SUB_HIFLD_2431_rev,800.0,0.0,0.0,0,672
SUB_HIFLD_2996,SUB_HIFLD_2436,meso_SUB_HIFLD_2996_SUB_HIFLD_2436_rev,800.0,9.102048924635286,13.354452923646907,0,672
SUB_HIFLD_2996,SUB_HIFLD_2630,meso_SUB_HIFLD_2996_SUB_HIFLD_2630_rev,800.0,0.0,0.0,0,672
SUB_HIFLD_2996,SUB_HIFLD_2748,meso_SUB_HIFLD_2996_SUB_HIFLD_2748_rev,800.0,0.14523207839968832,2.738584732702732,0,672
SUB_HIFLD_2996,SUB_HIFLD_2421,meso_SUB_HIFLD_2996_SUB_HIFLD_2421_rev,800.0,0.0,0.0,0,672
SUB_HIFLD_2997,SUB_HIFLD_1580,meso_SUB_HIFLD_2997_SUB_HIFLD_1580_rev,800.0,0.0,0.0,0,672
SUB_HIFLD_2997,SUB_HIFLD_1589,meso_SUB_HIFLD_2997_SUB_HIFLD_1589_rev,800.0,0.0,0.0,0,672
SUB_HIFLD_2997,SUB_HIFLD_1601,meso_SUB_HIFLD_2997_SUB_HIFLD_1601_rev,800.0,0.0,0.0,0,672
SUB_HIFLD_2997,SUB_HIFLD_4023,meso_SUB_HIFLD_2997_SUB_HIFLD_4023_fwd,800.0,0.0,0.0,0,672
SUB_HIFLD_2998,SUB_HIFLD_1531,meso_SUB_HIFLD_2998_SUB_HIFLD_1531_rev,800.0,0.0,0.0,0,672
SUB_HIFLD_2998,SUB_HIFLD_1549,meso_SUB_HIFLD_2998_SUB_HIFLD_1549_rev,800.0,0.015257658356745776,5.487011464337492,0,672
SUB_HIFLD_2998,SUB_HIFLD_1585,meso_SUB_HIFLD_2998_SUB_HIFLD_1585_rev,800.0,0.0,0.0,0,672
SUB_HIFLD_2998,SUB_HIFLD_1682,meso_SUB_HIFLD_2998_SUB_HIFLD_1682_rev,800.0,11.547380829679868,16.550564120788607,0,672
SUB_HIFLD_2998,SUB_HIFLD_3715,meso_SUB_HIFLD_2998_SUB_HIFLD_3715_fwd,800.0,0.0,0.0,0,672
SUB_HIFLD_2998,SUB_HIFLD_4238,meso_SUB_HIFLD_2998_SUB_HIFLD_4238_fwd,800.0,0.0,0.0,0,672
SUB_HIFLD_2999,SUB_HIFLD_2619,meso_SUB_HIFLD_2999_SUB_HIFLD_2619_rev,800.0,0.8476055321298721,29.099999999999994,0,672
SUB_HIFLD_2999,SUB_HIFLD_834,meso_SUB_HIFLD_2999_SUB_HIFLD_834_fwd,800.0,0.0,0.0,0,672
SUB_HIFLD_2999,SUB_HIFLD_872,meso_SUB_HIFLD_2999_SUB_HIFLD_872_fwd,800.0,0.06373474091130492,21.427526981314433,0,672
SUB_HIFLD_3003,SUB_HIFLD_160,meso_SUB_HIFLD_3003_SUB_HIFLD_160_fwd,50.0,0.0,0.0,0,672
SUB_HIFLD_3004,SUB_HIFLD_4050,meso_SUB_HIFLD_3004_SUB_HIFLD_4050_fwd,57.869215836692526,0.0,0.0,0,672
SUB_HIFLD_3005,SUB_HIFLD_1462,meso_SUB_HIFLD_3005_SUB_HIFLD_1462_rev,600.0,0.0,0.0,0,672
SUB_HIFLD_3005,SUB_HIFLD_3984,meso_SUB_HIFLD_3005_SUB_HIFLD_3984_fwd,600.0,0.011572146034758764,2.2972705078125,0,672
SUB_HIFLD_3006,SUB_HIFLD_582,meso_SUB_HIFLD_3006_SUB_HIFLD_582_fwd,50.0,0.0,0.0,0,672
SUB_HIFLD_3009,SUB_HIFLD_878,meso_SUB_HIFLD_3009_SUB_HIFLD_878_fwd,129.76486024085864,0.0,0.0,0,672
SUB_HIFLD_3010,SUB_HIFLD_849,meso_SUB_HIFLD_3010_SUB_HIFLD_849_fwd,50.0,0.0,0.0,0,672
SUB_HIFLD_3011,SUB_HIFLD_1690,meso_SUB_HIFLD_3011_SUB_HIFLD_1690_rev,800.0,0.0,0.0,0,672
SUB_HIFLD_3011,SUB_HIFLD_3912,meso_SUB_HIFLD_3011_SUB_HIFLD_3912_fwd,800.0,0.0,0.0,0,672
SUB_HIFLD_3011,SUB_HIFLD_1625,meso_SUB_HIFLD_3011_SUB_HIFLD_1625_rev,800.0,0.0,0.0,0,672
SUB_HIFLD_3011,SUB_HIFLD_3913,meso_SUB_HIFLD_3011_SUB_HIFLD_3913_fwd,800.0,0.0,0.0,0,672
SUB_HIFLD_3014,SUB_HIFLD_1032,meso_SUB_HIFLD_3014_SUB_HIFLD_1032_rev,800.0,0.0,0.0,0,672
SUB_HIFLD_3015,SUB_HIFLD_3682,meso_SUB_HIFLD_3015_SUB_HIFLD_3682_fwd,800.0,0.48573402238830726,2.911143720589999,0,672
SUB_HIFLD_3015,SUB_HIFLD_3659,meso_SUB_HIFLD_3015_SUB_HIFLD_3659_fwd,800.0,0.9041846523286075,2.953279172697495,0,672
SUB_HIFLD_3015,SUB_HIFLD_854,meso_SUB_HIFLD_3015_SUB_HIFLD_854_fwd,800.0,0.0,0.0,0,672
SUB_HIFLD_3016,SUB_HIFLD_880,meso_SUB_HIFLD_3016_SUB_HIFLD_880_fwd,4000.0,40.88189977751893,140.93757643028624,0,672
SUB_HIFLD_3016,SUB_HIFLD_904,meso_SUB_HIFLD_3016_SUB_HIFLD_904_fwd,800.0,146.23264579007875,302.61130446890314,0,672
SUB_HIFLD_3016,SUB_HIFLD_905,meso_SUB_HIFLD_3016_SUB_HIFLD_905_fwd,4000.0,62.25662147967405,188.94557896172768,0,672
SUB_HIFLD_3016,SUB_HIFLD_955,meso_SUB_HIFLD_3016_SUB_HIFLD_955_fwd,800.0,49.804261579738586,86.38584085051548,0,672
SUB_HIFLD_3016,SUB_HIFLD_2497,meso_SUB_HIFLD_3016_SUB_HIFLD_2497_rev,2000.0,12.631563192046455,144.38155090336195,0,672
SUB_HIFLD_3016,WEC_SDGE,iface_SUB_HIFLD_3016_WEC_SDGE_to_ba,7210.371446620314,103.30949740838791,350.1843251122855,0,672
SUB_HIFLD_3017,SUB_HIFLD_1583,meso_SUB_HIFLD_3017_SUB_HIFLD_1583_fwd,50.0,0.0,0.0,0,672
SUB_HIFLD_3018,SUB_HIFLD_927,meso_SUB_HIFLD_3018_SUB_HIFLD_927_fwd,800.0,13.860815720331098,23.14632731958763,0,672
SUB_HIFLD_3018,SUB_HIFLD_908,meso_SUB_HIFLD_3018_SUB_HIFLD_908_fwd,1240.0,71.68793122706434,98.36037524665753,0,672
SUB_HIFLD_3019,SUB_HIFLD_583,meso_SUB_HIFLD_3019_SUB_HIFLD_583_fwd,1500.0,0.0,0.0,0,672
SUB_HIFLD_3019,SUB_HIFLD_584,meso_SUB_HIFLD_3019_SUB_HIFLD_584_fwd,1500.0,52.71101346579222,107.78301460785985,0,672
SUB_HIFLD_3019,SUB_HIFLD_589,meso_SUB_HIFLD_3019_SUB_HIFLD_589_fwd,1500.0,0.0,0.0,0,672
SUB_HIFLD_3020,SUB_HIFLD_911,meso_SUB_HIFLD_3020_SUB_HIFLD_911_fwd,800.0,17.076296685020615,22.0402666015625,0,672
SUB_HIFLD_3021,SUB_HIFLD_4392,meso_SUB_HIFLD_3021_SUB_HIFLD_4392_fwd,800.0,17.993303571428573,19.0,0,672
SUB_HIFLD_3022,SUB_HIFLD_1047,meso_SUB_HIFLD_3022_SUB_HIFLD_1047_rev,4000.0,0.0,0.0,0,672
SUB_HIFLD_3022,SUB_HIFLD_2535,meso_SUB_HIFLD_3022_SUB_HIFLD_2535_rev,800.0,125.89385698693175,291.3909742642558,0,672
SUB_HIFLD_3022,SUB_HIFLD_3707,meso_SUB_HIFLD_3022_SUB_HIFLD_3707_fwd,2000.0,36.02067944613975,149.41557460394665,0,672
SUB_HIFLD_3022,WEC_SDGE,iface_SUB_HIFLD_3022_WEC_SDGE_to_ba,1418.433727203996,0.0,0.0,0,672
SUB_HIFLD_3023,SUB_HIFLD_2391,meso_SUB_HIFLD_3023_SUB_HIFLD_2391_rev,800.0,2.6956141970083887,2.7,0,672
SUB_HIFLD_3023,SUB_HIFLD_2369,meso_SUB_HIFLD_3023_SUB_HIFLD_2369_rev,1600.0,0.004385802991610751,1.6588864473209082,0,672
SUB_HIFLD_3024,SUB_HIFLD_1599,meso_SUB_HIFLD_3024_SUB_HIFLD_1599_rev,4000.0,0.0,0.0,0,672
SUB_HIFLD_3024,SUB_HIFLD_1638,meso_SUB_HIFLD_3024_SUB_HIFLD_1638_rev,4000.0,0.0,0.0,0,672
SUB_HIFLD_3024,SUB_HIFLD_1778,meso_SUB_HIFLD_3024_SUB_HIFLD_1778_rev,4000.0,0.0,0.0,0,672
SUB_HIFLD_3025,SUB_01222,meso_SUB_HIFLD_3025_SUB_01222_rev,3000.0,0.0,0.0,0,672
SUB_HIFLD_3025,SUB_08363,meso_SUB_HIFLD_3025_SUB_08363_rev,1500.0,0.0,0.0,0,672
SUB_HIFLD_3025,SUB_08390,meso_SUB_HIFLD_3025_SUB_08390_rev,1500.0,0.0,0.0,0,672
SUB_HIFLD_3025,SUB_HIFLD_2058,meso_SUB_HIFLD_3025_SUB_HIFLD_2058_rev,2100.0,18.510521020103063,80.69367060666173,0,672
SUB_HIFLD_3025,SUB_HIFLD_2070,meso_SUB_HIFLD_3025_SUB_HIFLD_2070_rev,1500.0,14.819164807707152,35.58089709109431,0,672
SUB_HIFLD_3025,SUB_HIFLD_2121,meso_SUB_HIFLD_3025_SUB_HIFLD_2121_rev,1500.0,0.0,0.0,0,672
SUB_HIFLD_3046,SUB_HIFLD_958,meso_SUB_HIFLD_3046_SUB_HIFLD_958_fwd,396.4888618711065,0.0,0.0,0,672
SUB_HIFLD_3051,SUB_HIFLD_323,meso_SUB_HIFLD_3051_SUB_HIFLD_323_fwd,600.0,0.0,0.0,0,672
SUB_HIFLD_3051,SUB_HIFLD_1163,meso_SUB_HIFLD_3051_SUB_HIFLD_1163_fwd,50.0,0.0,0.0,0,672
SUB_HIFLD_3059,SUB_HIFLD_150,meso_SUB_HIFLD_3059_SUB_HIFLD_150_rev,4000.0,0.0,0.0,0,672
SUB_HIFLD_3059,SUB_HIFLD_3658,meso_SUB_HIFLD_3059_SUB_HIFLD_3658_fwd,4000.0,0.0,0.0,0,672
SUB_HIFLD_3059,SUB_HIFLD_866,meso_SUB_HIFLD_3059_SUB_HIFLD_866_fwd,1500.0,0.47945541441081474,26.979427937558572,0,672
SUB_HIFLD_3059,SUB_HIFLD_3368,meso_SUB_HIFLD_3059_SUB_HIFLD_3368_fwd,4000.0,0.0,0.0,0,672
SUB_HIFLD_3059,SUB_HIFLD_4313,meso_SUB_HIFLD_3059_SUB_HIFLD_4313_fwd,1500.0,0.01899939526421477,1.6583639557828604,0,672
SUB_HIFLD_3059,SUB_HIFLD_561,meso_SUB_HIFLD_3059_SUB_HIFLD_561_fwd,8000.0,0.0,0.0,0,672
SUB_HIFLD_3059,SUB_HIFLD_572,meso_SUB_HIFLD_3059_SUB_HIFLD_572_fwd,3000.0,23.432777894189105,60.520678194580995,0,672
SUB_HIFLD_3059,SUB_HIFLD_577,meso_SUB_HIFLD_3059_SUB_HIFLD_577_fwd,1500.0,5.991367385068277,38.896854864690724,0,672
SUB_HIFLD_3060,SUB_HIFLD_1060,meso_SUB_HIFLD_3060_SUB_HIFLD_1060_rev,15000.0,0.0,0.0,0,672
SUB_HIFLD_3060,SUB_HIFLD_838,meso_SUB_HIFLD_3060_SUB_HIFLD_838_fwd,30000.0,0.0,0.0,0,672
SUB_HIFLD_3060,SUB_HIFLD_796,meso_SUB_HIFLD_3060_SUB_HIFLD_796_fwd,800.0,42.0472507687589,148.67878738528424,0,672
SUB_HIFLD_3060,SUB_HIFLD_3397,meso_SUB_HIFLD_3060_SUB_HIFLD_3397_rev,50.0,0.0,0.0,0,672
SUB_HIFLD_3060,WECC_SCE,iface_SUB_HIFLD_3060_WECC_SCE_to_ba,557.8384718587145,0.0,0.0,0,672
SUB_HIFLD_3061,SUB_HIFLD_811,meso_SUB_HIFLD_3061_SUB_HIFLD_811_fwd,800.0,0.0,0.0,0,672
SUB_HIFLD_3062,SUB_HIFLD_550,meso_SUB_HIFLD_3062_SUB_HIFLD_550_fwd,3000.0,0.0,0.0,0,672
SUB_HIFLD_3062,SUB_HIFLD_576,meso_SUB_HIFLD_3062_SUB_HIFLD_576_fwd,1500.0,0.0,0.0,0,672
SUB_HIFLD_3062,SUB_HIFLD_580,meso_SUB_HIFLD_3062_SUB_HIFLD_580_fwd,1500.0,21.32870868576117,46.73909471649485,0,672
SUB_HIFLD_3063,SUB_HIFLD_1538,meso_SUB_HIFLD_3063_SUB_HIFLD_1538_rev,15000.0,0.0,0.0,0,672
SUB_HIFLD_3063,SUB_HIFLD_1768,meso_SUB_HIFLD_3063_SUB_HIFLD_1768_rev,15000.0,0.0,0.0,0,672
SUB_HIFLD_3063,SUB_HIFLD_2946,meso_SUB_HIFLD_3063_SUB_HIFLD_2946_rev,15000.0,0.0,0.0,0,672
SUB_HIFLD_3063,SUB_HIFLD_2983,meso_SUB_HIFLD_3063_SUB_HIFLD_2983_rev,800.0,0.0,0.0,0,672
SUB_HIFLD_3063,SUB_HIFLD_3684,meso_SUB_HIFLD_3063_SUB_HIFLD_3684_fwd,1500.0,0.18334455845482076,13.898143524484537,0,672
SUB_HIFLD_3063,WECC_SCE,iface_SUB_HIFLD_3063_WECC_SCE_to_ba,557.8384718587145,0.0,0.0,0,672
SUB_HIFLD_3065,SUB_HIFLD_2947,meso_SUB_HIFLD_3065_SUB_HIFLD_2947_rev,600.0,0.0,0.0,0,672
SUB_HIFLD_3065,SUB_HIFLD_148,meso_SUB_HIFLD_3065_SUB_HIFLD_148_rev,315.64453056745504,18.27044034685794,27.90005699122848,0,672
SUB_HIFLD_3065,SUB_15803,meso_SUB_HIFLD_3065_SUB_15803_rev,57.07530466038817,3.3117283573440908,5.033710031411084,0,672
SUB_HIFLD_3073,SUB_HIFLD_4068,meso_SUB_HIFLD_3073_SUB_HIFLD_4068_fwd,800.0,0.0,0.0,0,672
SUB_HIFLD_3074,SUB_HIFLD_2440,meso_SUB_HIFLD_3074_SUB_HIFLD_2440_rev,800.0,0.0,0.0,0,672
SUB_HIFLD_3078,SUB_HIFLD_1033,meso_SUB_HIFLD_3078_SUB_HIFLD_1033_rev,1500.0,0.0,0.0,0,672
SUB_HIFLD_3078,SUB_HIFLD_1499,meso_SUB_HIFLD_3078_SUB_HIFLD_1499_rev,1500.0,0.0,0.0,0,672
SUB_HIFLD_3078,SUB_HIFLD_4342,meso_SUB_HIFLD_3078_SUB_HIFLD_4342_fwd,800.0,0.0,0.0,0,672
SUB_HIFLD_3078,SUB_HIFLD_563,meso_SUB_HIFLD_3078_SUB_HIFLD_563_fwd,1500.0,0.0,0.0,0,672
SUB_HIFLD_3078,SUB_HIFLD_569,meso_SUB_HIFLD_3078_SUB_HIFLD_569_fwd,1500.0,26.88330948857273,55.53233327963918,0,672
SUB_HIFLD_3079,SUB_HIFLD_1999,meso_SUB_HIFLD_3079_SUB_HIFLD_1999_rev,2000.0,0.0,0.0,0,672
SUB_HIFLD_3079,SUB_HIFLD_2492,meso_SUB_HIFLD_3079_SUB_HIFLD_2492_rev,2000.0,19.13625553900785,34.562681217783506,0,672
SUB_HIFLD_3079,SUB_HIFLD_969,meso_SUB_HIFLD_3079_SUB_HIFLD_969_fwd,2000.0,0.0,0.0,0,672
SUB_HIFLD_3080,SUB_HIFLD_906,meso_SUB_HIFLD_3080_SUB_HIFLD_906_fwd,4000.0,0.0,0.0,0,672
SUB_HIFLD_3080,SUB_HIFLD_930,meso_SUB_HIFLD_3080_SUB_HIFLD_930_fwd,4000.0,0.0,0.0,0,672
SUB_HIFLD_3080,WEC_SDGE,iface_SUB_HIFLD_3080_WEC_SDGE_to_ba,236.40562120066608,0.0,0.0,0,672
SUB_HIFLD_3082,SUB_HIFLD_1327,meso_SUB_HIFLD_3082_SUB_HIFLD_1327_rev,600.0,0.0,0.0,0,672
SUB_HIFLD_3082,SUB_HIFLD_2194,meso_SUB_HIFLD_3082_SUB_HIFLD_2194_rev,600.0,0.0,0.0,0,672
SUB_HIFLD_3082,SUB_HIFLD_2195,meso_SUB_HIFLD_3082_SUB_HIFLD_2195_rev,1200.0,0.0,0.0,0,672
SUB_HIFLD_3090,SUB_HIFLD_1045,meso_SUB_HIFLD_3090_SUB_HIFLD_1045_rev,800.0,0.0,0.0,0,672
SUB_HIFLD_3090,SUB_HIFLD_548,meso_SUB_HIFLD_3090_SUB_HIFLD_548_fwd,800.0,0.0,0.0,0,672
SUB_HIFLD_3090,SUB_HIFLD_1029,meso_SUB_HIFLD_3090_SUB_HIFLD_1029_rev,800.0,0.0,0.0,0,672
SUB_HIFLD_3090,SUB_HIFLD_870,meso_SUB_HIFLD_3090_SUB_HIFLD_870_fwd,3000.0,0.0,0.0,0,672
SUB_HIFLD_3091,SUB_HIFLD_1045,meso_SUB_HIFLD_3091_SUB_HIFLD_1045_rev,800.0,0.0,0.0,0,672
SUB_HIFLD_3091,SUB_HIFLD_3092,meso_SUB_HIFLD_3091_SUB_HIFLD_3092_fwd,800.0,0.0,0.0,0,672
SUB_HIFLD_3091,SUB_HIFLD_548,meso_SUB_HIFLD_3091_SUB_HIFLD_548_fwd,800.0,0.0,0.0,0,672
SUB_HIFLD_3091,SUB_HIFLD_1029,meso_SUB_HIFLD_3091_SUB_HIFLD_1029_rev,800.0,0.0,0.0,0,672
SUB_HIFLD_3092,SUB_HIFLD_1484,meso_SUB_HIFLD_3092_SUB_HIFLD_1484_rev,800.0,0.0,0.0,0,672
SUB_HIFLD_3092,SUB_HIFLD_3091,meso_SUB_HIFLD_3092_SUB_HIFLD_3091_rev,800.0,7.946707010776728,16.86846709890464,0,672
SUB_HIFLD_3092,SUB_HIFLD_3096,meso_SUB_HIFLD_3092_SUB_HIFLD_3096_fwd,800.0,0.0,0.0,0,672
SUB_HIFLD_3092,SUB_HIFLD_548,meso_SUB_HIFLD_3092_SUB_HIFLD_548_fwd,800.0,2.638355009974279,15.241586461018041,0,672
SUB_HIFLD_3093,SUB_HIFLD_1044,meso_SUB_HIFLD_3093_SUB_HIFLD_1044_rev,800.0,0.0,0.0,0,672
SUB_HIFLD_3093,SUB_HIFLD_548,meso_SUB_HIFLD_3093_SUB_HIFLD_548_fwd,800.0,0.0,0.0,0,672
SUB_HIFLD_3093,SUB_HIFLD_3095,meso_SUB_HIFLD_3093_SUB_HIFLD_3095_fwd,1600.0,0.34617989706810043,28.329984558927684,0,672
SUB_HIFLD_3094,SUB_HIFLD_3095,meso_SUB_HIFLD_3094_SUB_HIFLD_3095_fwd,800.0,0.0,0.0,0,672
SUB_HIFLD_3095,SUB_HIFLD_1043,meso_SUB_HIFLD_3095_SUB_HIFLD_1043_rev,800.0,0.0,0.0,0,672
SUB_HIFLD_3095,SUB_HIFLD_3094,meso_SUB_HIFLD_3095_SUB_HIFLD_3094_rev,800.0,17.18987508857139,33.23748590528351,0,672
SUB_HIFLD_3095,SUB_HIFLD_3093,meso_SUB_HIFLD_3095_SUB_HIFLD_3093_rev,1600.0,0.0,0.0,0,672
SUB_HIFLD_3096,SUB_HIFLD_1043,meso_SUB_HIFLD_3096_SUB_HIFLD_1043_rev,800.0,5.798465996426601,20.425211612737602,0,672
SUB_HIFLD_3096,SUB_HIFLD_1484,meso_SUB_HIFLD_3096_SUB_HIFLD_1484_rev,800.0,0.0,0.0,0,672
SUB_HIFLD_3096,SUB_HIFLD_3092,meso_SUB_HIFLD_3096_SUB_HIFLD_3092_rev,800.0,0.0,0.0,0,672
SUB_HIFLD_3097,SUB_HIFLD_1044,meso_SUB_HIFLD_3097_SUB_HIFLD_1044_rev,800.0,0.0,0.0,0,672
SUB_HIFLD_3097,SUB_HIFLD_2949,meso_SUB_HIFLD_3097_SUB_HIFLD_2949_rev,800.0,0.0,0.0,0,672
SUB_HIFLD_3098,SUB_HIFLD_2949,meso_SUB_HIFLD_3098_SUB_HIFLD_2949_rev,800.0,0.0,0.0,0,672
SUB_HIFLD_3099,SUB_HIFLD_3262,meso_SUB_HIFLD_3099_SUB_HIFLD_3262_fwd,905.4545454545453,0.0,0.0,0,672
SUB_HIFLD_3101,SUB_HIFLD_3824,meso_SUB_HIFLD_3101_SUB_HIFLD_3824_fwd,600.0,9.799999999999997,9.8,0,672
SUB_HIFLD_3104,SUB_HIFLD_1860,meso_SUB_HIFLD_3104_SUB_HIFLD_1860_rev,800.0,0.1727447772763439,0.23597824253986793,0,672
SUB_HIFLD_3104,SUB_HIFLD_1864,meso_SUB_HIFLD_3104_SUB_HIFLD_1864_rev,800.0,0.3728093828239684,0.5268456842481476,0,672
SUB_HIFLD_3104,SUB_10349,meso_SUB_HIFLD_3104_SUB_10349_fwd,50.0,0.0,0.0,0,672
SUB_HIFLD_3109,SUB_HIFLD_3665,meso_SUB_HIFLD_3109_SUB_HIFLD_3665_fwd,50.0,0.0,0.0,0,672
SUB_HIFLD_3148,SUB_HIFLD_968,meso_SUB_HIFLD_3148_SUB_HIFLD_968_fwd,4000.0,0.0,0.0,0,672
SUB_HIFLD_3148,WEC_SDGE,iface_SUB_HIFLD_3148_WEC_SDGE_to_ba,236.40562120066608,0.0,0.0,0,672
SUB_HIFLD_3149,SUB_HIFLD_3150,meso_SUB_HIFLD_3149_SUB_HIFLD_3150_fwd,600.0,0.03812832596698051,0.309765876691366,0,672
SUB_HIFLD_3149,SUB_HIFLD_3996,meso_SUB_HIFLD_3149_SUB_HIFLD_3996_fwd,600.0,0.0,0.0,0,672
SUB_HIFLD_3149,SUB_HIFLD_574,meso_SUB_HIFLD_3149_SUB_HIFLD_574_fwd,600.0,0.06360986345904643,1.5844495445040745,0,672
SUB_HIFLD_3150,SUB_HIFLD_3149,meso_SUB_HIFLD_3150_SUB_HIFLD_3149_rev,600.0,0.24765531856028117,2.0090114844979987,0,672
SUB_HIFLD_3150,SUB_HIFLD_3152,meso_SUB_HIFLD_3150_SUB_HIFLD_3152_fwd,600.0,0.0,0.0,0,672
SUB_HIFLD_3151,SUB_HIFLD_3152,meso_SUB_HIFLD_3151_SUB_HIFLD_3152_fwd,600.0,0.0,0.0,0,672
SUB_HIFLD_3152,SUB_HIFLD_3150,meso_SUB_HIFLD_3152_SUB_HIFLD_3150_rev,600.0,0.46634757365155755,2.3339695511345755,0,672
SUB_HIFLD_3152,SUB_HIFLD_3151,meso_SUB_HIFLD_3152_SUB_HIFLD_3151_rev,600.0,0.0,0.0,0,672
SUB_HIFLD_3157,SUB_HIFLD_1926,meso_SUB_HIFLD_3157_SUB_HIFLD_1926_rev,800.0,0.0,0.0,0,672
SUB_HIFLD_3157,SUB_HIFLD_1956,meso_SUB_HIFLD_3157_SUB_HIFLD_1956_rev,800.0,0.0,0.0,0,672
SUB_HIFLD_3157,SUB_HIFLD_3697,meso_SUB_HIFLD_3157_SUB_HIFLD_3697_fwd,800.0,0.0,0.0,0,672
SUB_HIFLD_3157,SUB_HIFLD_4198,meso_SUB_HIFLD_3157_SUB_HIFLD_4198_fwd,800.0,14.935639864928216,28.14065276389295,0,672
SUB_HIFLD_3158,SUB_HIFLD_3159,meso_SUB_HIFLD_3158_SUB_HIFLD_3159_fwd,800.0,0.0,0.0,0,672
SUB_HIFLD_3159,SUB_HIFLD_2721,meso_SUB_HIFLD_3159_SUB_HIFLD_2721_rev,800.0,0.0,0.0,0,672
SUB_HIFLD_3159,SUB_HIFLD_3158,meso_SUB_HIFLD_3159_SUB_HIFLD_3158_rev,800.0,0.0,0.0,0,672
SUB_HIFLD_3159,SUB_HIFLD_4211,meso_SUB_HIFLD_3159_SUB_HIFLD_4211_fwd,800.0,0.005496981194280326,2.0687443369442655,0,672
SUB_HIFLD_3160,SUB_HIFLD_1492,meso_SUB_HIFLD_3160_SUB_HIFLD_1492_rev,800.0,68.57786574437071,185.284032787721,0,672
SUB_HIFLD_3160,SUB_HIFLD_2632,meso_SUB_HIFLD_3160_SUB_HIFLD_2632_rev,800.0,7.19919942541027,15.6369922681354,0,672
SUB_HIFLD_3161,SUB_HIFLD_1423,meso_SUB_HIFLD_3161_SUB_HIFLD_1423_rev,600.0,0.0,0.0,0,672
SUB_HIFLD_3161,SUB_HIFLD_3263,meso_SUB_HIFLD_3161_SUB_HIFLD_3263_fwd,600.0,0.0,0.0,0,672
SUB_HIFLD_3161,SUB_HIFLD_3258,meso_SUB_HIFLD_3161_SUB_HIFLD_3258_rev,50.0,0.0,0.0,0,672
SUB_HIFLD_3162,SUB_HIFLD_3164,meso_SUB_HIFLD_3162_SUB_HIFLD_3164_fwd,600.0,1.2486828661831941,3.6441461070667613,0,672
SUB_HIFLD_3163,SUB_HIFLD_2118,meso_SUB_HIFLD_3163_SUB_HIFLD_2118_rev,600.0,4.764611298274494,7.111009421456519,0,672
SUB_HIFLD_3163,SUB_HIFLD_3172,meso_SUB_HIFLD_3163_SUB_HIFLD_3172_fwd,600.0,0.007612563332480539,2.819253084334979,0,672
SUB_HIFLD_3163,SUB_08342,meso_SUB_HIFLD_3163_SUB_08342_rev,1500.0,0.0,0.0,0,672
SUB_HIFLD_3163,SUB_08361,meso_SUB_HIFLD_3163_SUB_08361_rev,1500.0,0.0,0.0,0,672
SUB_HIFLD_3164,SUB_HIFLD_2108,meso_SUB_HIFLD_3164_SUB_HIFLD_2108_rev,600.0,0.0,0.0,0,672
SUB_HIFLD_3164,SUB_HIFLD_3162,meso_SUB_HIFLD_3164_SUB_HIFLD_3162_rev,600.0,0.0,0.0,0,672
SUB_HIFLD_3164,SUB_HIFLD_3165,meso_SUB_HIFLD_3164_SUB_HIFLD_3165_fwd,600.0,0.0,0.0,0,672
SUB_HIFLD_3165,SUB_HIFLD_2126,meso_SUB_HIFLD_3165_SUB_HIFLD_2126_rev,1500.0,0.0,0.0,0,672
SUB_HIFLD_3165,SUB_HIFLD_3164,meso_SUB_HIFLD_3165_SUB_HIFLD_3164_rev,600.0,12.21923399494502,19.90508819265464,0,672
SUB_HIFLD_3165,SUB_HIFLD_3166,meso_SUB_HIFLD_3165_SUB_HIFLD_3166_fwd,600.0,0.0,0.0,0,672
SUB_HIFLD_3165,SUB_HIFLD_3167,meso_SUB_HIFLD_3165_SUB_HIFLD_3167_fwd,600.0,0.0,0.0,0,672
SUB_HIFLD_3165,SUB_HIFLD_3172,meso_SUB_HIFLD_3165_SUB_HIFLD_3172_fwd,600.0,3.4902187456858464,9.032707195424784,0,672
SUB_HIFLD_3165,SUB_HIFLD_3263,meso_SUB_HIFLD_3165_SUB_HIFLD_3263_fwd,1500.0,0.0,0.0,0,672
SUB_HIFLD_3165,SUB_HIFLD_1423,meso_SUB_HIFLD_3165_SUB_HIFLD_1423_rev,3000.0,0.0,0.0,0,672
SUB_HIFLD_3165,SUB_HIFLD_2117,meso_SUB_HIFLD_3165_SUB_HIFLD_2117_rev,3000.0,0.0,0.0,0,672
SUB_HIFLD_3165,SUB_HIFLD_3174,meso_SUB_HIFLD_3165_SUB_HIFLD_3174_fwd,1500.0,0.0,0.0,0,672
SUB_HIFLD_3166,SUB_HIFLD_2117,meso_SUB_HIFLD_3166_SUB_HIFLD_2117_rev,600.0,0.0,0.0,0,672
SUB_HIFLD_3166,SUB_HIFLD_3165,meso_SUB_HIFLD_3166_SUB_HIFLD_3165_rev,600.0,0.0,0.0,0,672
SUB_HIFLD_3167,SUB_HIFLD_3165,meso_SUB_HIFLD_3167_SUB_HIFLD_3165_rev,600.0,0.0,0.0,0,672
SUB_HIFLD_3167,SUB_HIFLD_3168,meso_SUB_HIFLD_3167_SUB_HIFLD_3168_fwd,600.0,0.0,0.0,0,672
SUB_HIFLD_3168,SUB_HIFLD_3167,meso_SUB_HIFLD_3168_SUB_HIFLD_3167_rev,600.0,0.0,0.0,0,672
SUB_HIFLD_3168,SUB_HIFLD_3170,meso_SUB_HIFLD_3168_SUB_HIFLD_3170_fwd,600.0,0.43677109070835474,1.0,0,672
SUB_HIFLD_3169,SUB_HIFLD_2117,meso_SUB_HIFLD_3169_SUB_HIFLD_2117_rev,600.0,0.0,0.0,0,672
SUB_HIFLD_3169,SUB_HIFLD_3170,meso_SUB_HIFLD_3169_SUB_HIFLD_3170_fwd,600.0,0.0,0.0,0,672
SUB_HIFLD_3169,SUB_HIFLD_3171,meso_SUB_HIFLD_3169_SUB_HIFLD_3171_fwd,600.0,1.8255904239539784,3.1323861348260302,0,672
SUB_HIFLD_3170,SUB_HIFLD_3168,meso_SUB_HIFLD_3170_SUB_HIFLD_3168_rev,600.0,0.0,0.0,0,672
SUB_HIFLD_3170,SUB_HIFLD_3169,meso_SUB_HIFLD_3170_SUB_HIFLD_3169_rev,600.0,0.0,0.0,0,672
SUB_HIFLD_3170,SUB_HIFLD_3263,meso_SUB_HIFLD_3170_SUB_HIFLD_3263_fwd,600.0,0.0,0.0,0,672
SUB_HIFLD_3170,SUB_08380,meso_SUB_HIFLD_3170_SUB_08380_rev,1500.0,0.008066725503830682,0.32693695068359385,0,672
SUB_HIFLD_3170,SUB_HIFLD_1423,meso_SUB_HIFLD_3170_SUB_HIFLD_1423_rev,3000.0,0.0,0.0,0,672
SUB_HIFLD_3171,SUB_HIFLD_3169,meso_SUB_HIFLD_3171_SUB_HIFLD_3169_rev,600.0,0.0,0.0,0,672
SUB_HIFLD_3172,SUB_HIFLD_3163,meso_SUB_HIFLD_3172_SUB_HIFLD_3163_rev,600.0,0.11310781208372699,5.216533974286589,0,672
SUB_HIFLD_3172,SUB_HIFLD_3165,meso_SUB_HIFLD_3172_SUB_HIFLD_3165_rev,600.0,0.0,0.0,0,672
SUB_HIFLD_3172,SUB_HIFLD_3260,meso_SUB_HIFLD_3172_SUB_HIFLD_3260_rev,554.5454545454545,1.1284230148435281,1.7748012896665593,0,672
SUB_HIFLD_3174,SUB_HIFLD_2126,meso_SUB_HIFLD_3174_SUB_HIFLD_2126_rev,1500.0,0.0,0.0,0,672
SUB_HIFLD_3174,SUB_HIFLD_3263,meso_SUB_HIFLD_3174_SUB_HIFLD_3263_fwd,1500.0,0.0,0.0,0,672
SUB_HIFLD_3174,SUB_HIFLD_3618,meso_SUB_HIFLD_3174_SUB_HIFLD_3618_fwd,600.0,2.6942799704906544,7.983635364809401,0,672
SUB_HIFLD_3174,SUB_HIFLD_2117,meso_SUB_HIFLD_3174_SUB_HIFLD_2117_rev,1500.0,0.0,0.0,0,672
SUB_HIFLD_3174,SUB_HIFLD_3165,meso_SUB_HIFLD_3174_SUB_HIFLD_3165_rev,1500.0,0.0,0.0,0,672
SUB_HIFLD_3178,SUB_HIFLD_1548,meso_SUB_HIFLD_3178_SUB_HIFLD_1548_rev,800.0,0.1868079611731864,14.987270457474228,0,672
SUB_HIFLD_3178,SUB_HIFLD_1578,meso_SUB_HIFLD_3178_SUB_HIFLD_1578_rev,800.0,0.0,0.0,0,672
SUB_HIFLD_3178,SUB_HIFLD_1602,meso_SUB_HIFLD_3178_SUB_HIFLD_1602_rev,800.0,0.0,0.0,0,672
SUB_HIFLD_3178,SUB_HIFLD_1700,meso_SUB_HIFLD_3178_SUB_HIFLD_1700_rev,800.0,0.0,0.0,0,672
SUB_HIFLD_3178,SUB_HIFLD_3317,meso_SUB_HIFLD_3178_SUB_HIFLD_3317_fwd,800.0,0.0,0.0,0,672
SUB_HIFLD_3178,SUB_HIFLD_1641,meso_SUB_HIFLD_3178_SUB_HIFLD_1641_rev,800.0,0.0,0.0,0,672
SUB_HIFLD_3179,SUB_HIFLD_2593,meso_SUB_HIFLD_3179_SUB_HIFLD_2593_rev,800.0,0.0,0.0,0,672
SUB_HIFLD_3180,SUB_HIFLD_3605,meso_SUB_HIFLD_3180_SUB_HIFLD_3605_fwd,600.0,0.0,0.0,0,672
SUB_HIFLD_3181,SUB_HIFLD_557,meso_SUB_HIFLD_3181_SUB_HIFLD_557_fwd,600.0,0.0,0.0,0,672
SUB_HIFLD_3183,SUB_HIFLD_1597,meso_SUB_HIFLD_3183_SUB_HIFLD_1597_rev,4000.0,0.0,0.0,0,672
SUB_HIFLD_3183,SUB_HIFLD_1617,meso_SUB_HIFLD_3183_SUB_HIFLD_1617_rev,4000.0,0.0,0.0,0,672
SUB_HIFLD_3183,SUB_HIFLD_3184,meso_SUB_HIFLD_3183_SUB_HIFLD_3184_fwd,800.0,9.307315711432015,17.735756282216496,0,672
SUB_HIFLD_3184,SUB_HIFLD_3183,meso_SUB_HIFLD_3184_SUB_HIFLD_3183_rev,800.0,0.0,0.0,0,672
SUB_HIFLD_3185,SUB_HIFLD_3368,meso_SUB_HIFLD_3185_SUB_HIFLD_3368_fwd,15000.0,149.9760211251735,1104.4299430210358,0,672
SUB_HIFLD_3185,SUB_HIFLD_561,meso_SUB_HIFLD_3185_SUB_HIFLD_561_fwd,45000.0,216.17519413099194,1031.5678228872173,0,672
SUB_HIFLD_3187,SUB_HIFLD_2746,meso_SUB_HIFLD_3187_SUB_HIFLD_2746_rev,600.0,0.5007094408464303,1.5567966680853225,0,672
SUB_HIFLD_3188,SUB_HIFLD_2984,meso_SUB_HIFLD_3188_SUB_HIFLD_2984_rev,600.0,0.0,0.0,0,672
SUB_HIFLD_3190,SUB_HIFLD_2960,meso_SUB_HIFLD_3190_SUB_HIFLD_2960_rev,600.0,0.06160501248501432,1.3782208968878924,0,672
SUB_HIFLD_3190,SUB_HIFLD_4081,meso_SUB_HIFLD_3190_SUB_HIFLD_4081_fwd,600.0,0.0,0.0,0,672
SUB_HIFLD_3191,SUB_HIFLD_3192,meso_SUB_HIFLD_3191_SUB_HIFLD_3192_fwd,600.0,0.0,0.0,0,672
SUB_HIFLD_3192,SUB_HIFLD_3191,meso_SUB_HIFLD_3192_SUB_HIFLD_3191_rev,600.0,0.0,0.0,0,672
SUB_HIFLD_3192,SUB_HIFLD_3504,meso_SUB_HIFLD_3192_SUB_HIFLD_3504_fwd,600.0,0.0,0.0,0,672
SUB_HIFLD_3193,SUB_HIFLD_2960,meso_SUB_HIFLD_3193_SUB_HIFLD_2960_rev,600.0,0.0,0.0,0,672
SUB_HIFLD_3193,SUB_HIFLD_3504,meso_SUB_HIFLD_3193_SUB_HIFLD_3504_fwd,600.0,0.0,0.0,0,672
SUB_HIFLD_3195,SUB_HIFLD_3196,meso_SUB_HIFLD_3195_SUB_HIFLD_3196_fwd,600.0,0.0,0.0,0,672
SUB_HIFLD_3196,SUB_HIFLD_2960,meso_SUB_HIFLD_3196_SUB_HIFLD_2960_rev,600.0,0.0,0.0,0,672
SUB_HIFLD_3196,SUB_HIFLD_3195,meso_SUB_HIFLD_3196_SUB_HIFLD_3195_rev,600.0,0.9783984560210387,1.8712295374919459,0,672
SUB_HIFLD_3196,SUB_HIFLD_3197,meso_SUB_HIFLD_3196_SUB_HIFLD_3197_fwd,600.0,0.0,0.0,0,672
SUB_HIFLD_3196,SUB_HIFLD_3504,meso_SUB_HIFLD_3196_SUB_HIFLD_3504_fwd,600.0,0.0,0.0,0,672
SUB_HIFLD_3197,SUB_HIFLD_3196,meso_SUB_HIFLD_3197_SUB_HIFLD_3196_rev,600.0,1.877573768881357,3.7052289348338365,0,672
SUB_HIFLD_3197,SUB_HIFLD_3198,meso_SUB_HIFLD_3197_SUB_HIFLD_3198_fwd,600.0,0.0,0.0,0,672
SUB_HIFLD_3198,SUB_HIFLD_3197,meso_SUB_HIFLD_3198_SUB_HIFLD_3197_rev,600.0,2.758048671421342,5.392710065912783,0,672
SUB_HIFLD_3198,SUB_HIFLD_3987,meso_SUB_HIFLD_3198_SUB_HIFLD_3987_fwd,600.0,0.26539860082576194,0.7472907532290606,0,672
SUB_HIFLD_3200,SUB_HIFLD_2988,meso_SUB_HIFLD_3200_SUB_HIFLD_2988_rev,600.0,0.0,0.0,0,672
SUB_HIFLD_3200,SUB_HIFLD_847,meso_SUB_HIFLD_3200_SUB_HIFLD_847_fwd,600.0,0.0,0.0,0,672
SUB_HIFLD_3201,SUB_HIFLD_3573,meso_SUB_HIFLD_3201_SUB_HIFLD_3573_fwd,4000.0,0.0,0.0,0,672
SUB_HIFLD_3201,SUB_HIFLD_3575,meso_SUB_HIFLD_3201_SUB_HIFLD_3575_fwd,4000.0,0.002862400442579601,1.3130709605847033,0,672
SUB_HIFLD_3201,WECC_SCE,iface_SUB_HIFLD_3201_WECC_SCE_to_ba,10572.711386848885,62.63274322734878,161.95866453620468,0,672
SUB_HIFLD_3203,SUB_HIFLD_160,meso_SUB_HIFLD_3203_SUB_HIFLD_160_rev,2500.0,0.0,0.0,0,672
SUB_HIFLD_3203,SUB_HIFLD_836,meso_SUB_HIFLD_3203_SUB_HIFLD_836_fwd,800.0,0.027890716035926702,0.04477550860532781,0,672
SUB_HIFLD_3203,SUB_HIFLD_3979,meso_SUB_HIFLD_3203_SUB_HIFLD_3979_rev,50.0,2.0856809275581067,3.9947655850407524,0,672
SUB_HIFLD_3204,SUB_HIFLD_2615,meso_SUB_HIFLD_3204_SUB_HIFLD_2615_rev,2500.0,0.0,0.0,0,672
SUB_HIFLD_3204,SUB_HIFLD_836,meso_SUB_HIFLD_3204_SUB_HIFLD_836_fwd,800.0,0.00032843184283860014,0.02354480900715307,0,672
SUB_HIFLD_3206,SUB_HIFLD_1981,meso_SUB_HIFLD_3206_SUB_HIFLD_1981_rev,4000.0,0.0174938676446905,6.872125842130939,0,672
SUB_HIFLD_3206,SUB_HIFLD_1998,meso_SUB_HIFLD_3206_SUB_HIFLD_1998_rev,2000.0,134.96608683534393,250.66433026173533,0,672
SUB_HIFLD_3206,SUB_HIFLD_3916,meso_SUB_HIFLD_3206_SUB_HIFLD_3916_fwd,4000.0,0.0,0.0,0,672
SUB_HIFLD_3206,SUB_HIFLD_954,meso_SUB_HIFLD_3206_SUB_HIFLD_954_fwd,4000.0,60.26604086028432,803.8959972255003,0,672
SUB_HIFLD_3206,SUB_HIFLD_969,meso_SUB_HIFLD_3206_SUB_HIFLD_969_fwd,4800.0,30.670684231057532,178.6112638453211,0,672
SUB_HIFLD_3206,WEC_SDGE,iface_SUB_HIFLD_3206_WEC_SDGE_to_ba,236.40562120066608,21.79974209653753,236.40562120066608,34,672
SUB_HIFLD_3207,SUB_HIFLD_842,meso_SUB_HIFLD_3207_SUB_HIFLD_842_fwd,1500.0,185.40403215820123,576.5164110171418,0,672
SUB_HIFLD_3207,SUB_HIFLD_1448,meso_SUB_HIFLD_3207_SUB_HIFLD_1448_rev,1500.0,0.12349869664250714,6.704640970927502,0,672
SUB_HIFLD_3207,SUB_HIFLD_3401,meso_SUB_HIFLD_3207_SUB_HIFLD_3401_fwd,3000.0,0.03475821761651548,23.3575222382984,0,672
SUB_HIFLD_3208,SUB_HIFLD_858,meso_SUB_HIFLD_3208_SUB_HIFLD_858_fwd,50.0,0.2630874518546804,0.8179867105562368,0,672
SUB_HIFLD_3209,SUB_HIFLD_87,meso_SUB_HIFLD_3209_SUB_HIFLD_87_fwd,800.0,0.0,0.0,0,672
SUB_HIFLD_3209,SUB_HIFLD_1568,meso_SUB_HIFLD_3209_SUB_HIFLD_1568_rev,4000.0,0.0,0.0,0,672
SUB_HIFLD_3209,SUB_HIFLD_1641,meso_SUB_HIFLD_3209_SUB_HIFLD_1641_rev,4000.0,1.4159653820604614,132.7383144201208,0,672
SUB_HIFLD_3209,SUB_HIFLD_1650,meso_SUB_HIFLD_3209_SUB_HIFLD_1650_rev,4000.0,0.0,0.0,0,672
SUB_HIFLD_3209,SUB_HIFLD_1926,meso_SUB_HIFLD_3209_SUB_HIFLD_1926_rev,4000.0,0.0,0.0,0,672
SUB_HIFLD_3210,SUB_HIFLD_1598,meso_SUB_HIFLD_3210_SUB_HIFLD_1598_fwd,322.63425078460864,0.0,0.0,0,672
SUB_HIFLD_3212,SUB_HIFLD_1827,meso_SUB_HIFLD_3212_SUB_HIFLD_1827_rev,1500.0,0.0,0.0,0,672
SUB_HIFLD_3213,SUB_HIFLD_3222,meso_SUB_HIFLD_3213_SUB_HIFLD_3222_fwd,50.0,0.0,0.0,0,672
SUB_HIFLD_3214,SUB_HIFLD_3934,meso_SUB_HIFLD_3214_SUB_HIFLD_3934_fwd,600.0,0.0,0.0,0,672
SUB_HIFLD_3220,SUB_HIFLD_1474,meso_SUB_HIFLD_3220_SUB_HIFLD_1474_rev,1500.0,0.0,0.0,0,672
SUB_HIFLD_3220,SUB_HIFLD_1490,meso_SUB_HIFLD_3220_SUB_HIFLD_1490_rev,1500.0,0.0,0.0,0,672
SUB_HIFLD_3220,SUB_HIFLD_3357,meso_SUB_HIFLD_3220_SUB_HIFLD_3357_fwd,1500.0,0.028089079518003546,1.9970507561751267,0,672
SUB_HIFLD_3222,SUB_HIFLD_2794,meso_SUB_HIFLD_3222_SUB_HIFLD_2794_rev,1500.0,0.0,0.0,0,672
SUB_HIFLD_3222,SUB_HIFLD_2945,meso_SUB_HIFLD_3222_SUB_HIFLD_2945_rev,1500.0,7.544007050387525,16.126797854779998,0,672
SUB_HIFLD_3222,SUB_HIFLD_810,meso_SUB_HIFLD_3222_SUB_HIFLD_810_fwd,3000.0,2.7666567995120612,6.978104651667304,0,672
SUB_HIFLD_3222,SUB_HIFLD_830,meso_SUB_HIFLD_3222_SUB_HIFLD_830_fwd,1500.0,0.6654166909385898,7.124129092079977,0,672
SUB_HIFLD_3222,SUB_HIFLD_3213,meso_SUB_HIFLD_3222_SUB_HIFLD_3213_rev,50.0,0.005855565076299784,0.012466272373789365,0,672
SUB_HIFLD_3231,SUB_HIFLD_1735,meso_SUB_HIFLD_3231_SUB_HIFLD_1735_rev,800.0,0.0,0.0,0,672
SUB_HIFLD_3231,SUB_HIFLD_1256,meso_SUB_HIFLD_3231_SUB_HIFLD_1256_rev,800.0,0.0,0.0,0,672
SUB_HIFLD_3231,SUB_HIFLD_1702,meso_SUB_HIFLD_3231_SUB_HIFLD_1702_rev,800.0,0.0,0.0,0,672
SUB_HIFLD_3258,SUB_HIFLD_3161,meso_SUB_HIFLD_3258_SUB_HIFLD_3161_fwd,50.0,0.0,0.0,0,672
SUB_HIFLD_3259,SUB_HIFLD_2117,meso_SUB_HIFLD_3259_SUB_HIFLD_2117_fwd,50.0,0.0,0.0,0,672
SUB_HIFLD_3260,SUB_HIFLD_3172,meso_SUB_HIFLD_3260_SUB_HIFLD_3172_fwd,554.5454545454545,0.0,0.0,0,672
SUB_HIFLD_3261,SUB_HIFLD_3862,meso_SUB_HIFLD_3261_SUB_HIFLD_3862_fwd,86.3098474315791,0.0,0.0,0,672
SUB_HIFLD_3262,SUB_HIFLD_3862,meso_SUB_HIFLD_3262_SUB_HIFLD_3862_fwd,600.0,0.43640319660731713,6.556040893554687,0,672
SUB_HIFLD_3262,SUB_HIFLD_3099,meso_SUB_HIFLD_3262_SUB_HIFLD_3099_rev,905.4545454545453,1.7559150909420085,2.4997017457313144,0,672
SUB_HIFLD_3263,SUB_08380,meso_SUB_HIFLD_3263_SUB_08380_rev,1500.0,7.369289781600701,26.22862644470844,0,672
SUB_HIFLD_3263,SUB_HIFLD_1423,meso_SUB_HIFLD_3263_SUB_HIFLD_1423_rev,1500.0,0.32536993050142193,4.83607895054768,0,672
SUB_HIFLD_3263,SUB_HIFLD_3161,meso_SUB_HIFLD_3263_SUB_HIFLD_3161_rev,600.0,1.4865246274158779,2.893163559117269,0,672
SUB_HIFLD_3263,SUB_HIFLD_3165,meso_SUB_HIFLD_3263_SUB_HIFLD_3165_rev,1500.0,0.9024033975710682,18.103910462396602,0,672
SUB_HIFLD_3263,SUB_HIFLD_3170,meso_SUB_HIFLD_3263_SUB_HIFLD_3170_rev,600.0,0.0,0.0,0,672
SUB_HIFLD_3263,SUB_HIFLD_3174,meso_SUB_HIFLD_3263_SUB_HIFLD_3174_rev,1500.0,0.1677466115978963,5.225539687743591,0,672
SUB_HIFLD_3266,SUB_HIFLD_3270,meso_SUB_HIFLD_3266_SUB_HIFLD_3270_fwd,800.0,0.0,0.0,0,672
SUB_HIFLD_3267,SUB_HIFLD_135,meso_SUB_HIFLD_3267_SUB_HIFLD_135_rev,800.0,0.0,0.0,0,672
SUB_HIFLD_3268,SUB_HIFLD_139,meso_SUB_HIFLD_3268_SUB_HIFLD_139_rev,800.0,0.0,0.0,0,672
SUB_HIFLD_3268,SUB_HIFLD_140,meso_SUB_HIFLD_3268_SUB_HIFLD_140_rev,800.0,0.0,0.0,0,672
SUB_HIFLD_3268,SUB_HIFLD_142,meso_SUB_HIFLD_3268_SUB_HIFLD_142_rev,800.0,0.0,0.0,0,672
SUB_HIFLD_3269,SUB_HIFLD_136,meso_SUB_HIFLD_3269_SUB_HIFLD_136_rev,800.0,0.0,0.0,0,672
SUB_HIFLD_3269,SUB_HIFLD_138,meso_SUB_HIFLD_3269_SUB_HIFLD_138_rev,800.0,3.89738006142348,5.23840457876933,0,672
SUB_HIFLD_3269,SUB_HIFLD_142,meso_SUB_HIFLD_3269_SUB_HIFLD_142_rev,800.0,0.0,0.0,0,672
SUB_HIFLD_3270,SUB_HIFLD_136,meso_SUB_HIFLD_3270_SUB_HIFLD_136_rev,800.0,0.0,0.0,0,672
SUB_HIFLD_3270,SUB_HIFLD_3266,meso_SUB_HIFLD_3270_SUB_HIFLD_3266_rev,800.0,1.874619573743892,2.6473436493234535,0,672
SUB_HIFLD_3271,SUB_HIFLD_2207,meso_SUB_HIFLD_3271_SUB_HIFLD_2207_rev,800.0,0.0,0.0,0,672
SUB_HIFLD_3271,SUB_HIFLD_3272,meso_SUB_HIFLD_3271_SUB_HIFLD_3272_fwd,800.0,0.2091566146678297,0.30023130436533507,0,672
SUB_HIFLD_3272,SUB_HIFLD_3271,meso_SUB_HIFLD_3272_SUB_HIFLD_3271_rev,800.0,0.0,0.0,0,672
SUB_HIFLD_3283,SUB_HIFLD_1867,meso_SUB_HIFLD_3283_SUB_HIFLD_1867_rev,800.0,0.5713329996027993,0.7860946035691766,0,672
SUB_HIFLD_3283,SUB_HIFLD_2222,meso_SUB_HIFLD_3283_SUB_HIFLD_2222_rev,800.0,0.7810976313093334,1.1235405676143686,0,672
SUB_HIFLD_3283,WEC_CALN,iface_SUB_HIFLD_3283_WEC_CALN_to_ba,48000.0,0.0,0.0,0,672
SUB_HIFLD_3292,SUB_HIFLD_1925,meso_SUB_HIFLD_3292_SUB_HIFLD_1925_rev,800.0,0.0,0.0,0,672
SUB_HIFLD_3292,SUB_HIFLD_4225,meso_SUB_HIFLD_3292_SUB_HIFLD_4225_fwd,800.0,0.0,0.0,0,672
SUB_HIFLD_3293,SUB_HIFLD_3743,meso_SUB_HIFLD_3293_SUB_HIFLD_3743_fwd,800.0,0.0,0.0,0,672
SUB_HIFLD_3293,SUB_HIFLD_3748,meso_SUB_HIFLD_3293_SUB_HIFLD_3748_fwd,800.0,0.8500856634068367,18.806473429226315,0,672
SUB_HIFLD_3294,SUB_HIFLD_1586,meso_SUB_HIFLD_3294_SUB_HIFLD_1586_rev,800.0,0.0,0.0,0,672
SUB_HIFLD_3294,SUB_HIFLD_1704,meso_SUB_HIFLD_3294_SUB_HIFLD_1704_rev,800.0,0.0,0.0,0,672
SUB_HIFLD_3296,SUB_HIFLD_3631,meso_SUB_HIFLD_3296_SUB_HIFLD_3631_fwd,800.0,0.7357936318761823,2.322197698097863,0,672
SUB_HIFLD_3297,SUB_HIFLD_1967,meso_SUB_HIFLD_3297_SUB_HIFLD_1967_rev,800.0,0.0,0.0,0,672
SUB_HIFLD_3297,SUB_HIFLD_4152,meso_SUB_HIFLD_3297_SUB_HIFLD_4152_fwd,800.0,0.0,0.0,0,672
SUB_HIFLD_3306,SUB_HIFLD_1719,meso_SUB_HIFLD_3306_SUB_HIFLD_1719_rev,800.0,2.2772084373196586,9.603,0,672
SUB_HIFLD_3306,SUB_HIFLD_1736,meso_SUB_HIFLD_3306_SUB_HIFLD_1736_rev,800.0,0.0,0.0,0,672
SUB_HIFLD_3306,SUB_HIFLD_845,meso_SUB_HIFLD_3306_SUB_HIFLD_845_fwd,800.0,1.955048455566527,9.603,0,672
SUB_HIFLD_3307,SUB_HIFLD_1556,meso_SUB_HIFLD_3307_SUB_HIFLD_1556_rev,800.0,0.0,0.0,0,672
SUB_HIFLD_3307,SUB_HIFLD_1741,meso_SUB_HIFLD_3307_SUB_HIFLD_1741_rev,800.0,0.0,0.0,0,672
SUB_HIFLD_3307,SUB_HIFLD_3742,meso_SUB_HIFLD_3307_SUB_HIFLD_3742_fwd,800.0,0.0,0.0,0,672
SUB_HIFLD_3309,SUB_HIFLD_2721,meso_SUB_HIFLD_3309_SUB_HIFLD_2721_rev,800.0,0.0,0.0,0,672
SUB_HIFLD_3309,SUB_HIFLD_2966,meso_SUB_HIFLD_3309_SUB_HIFLD_2966_rev,800.0,0.0,0.0,0,672
SUB_HIFLD_3310,SUB_HIFLD_1957,meso_SUB_HIFLD_3310_SUB_HIFLD_1957_rev,800.0,0.0,0.0,0,672
SUB_HIFLD_3310,SUB_HIFLD_3496,meso_SUB_HIFLD_3310_SUB_HIFLD_3496_fwd,800.0,0.0,0.0,0,672
SUB_HIFLD_3312,SUB_HIFLD_4327,meso_SUB_HIFLD_3312_SUB_HIFLD_4327_fwd,600.0,0.0,0.0,0,672
SUB_HIFLD_3312,WEC_BANC,iface_SUB_HIFLD_3312_WEC_BANC_to_ba,1200.0,0.0,0.0,0,672
SUB_HIFLD_3316,SUB_HIFLD_429,meso_SUB_HIFLD_3316_SUB_HIFLD_429_fwd,6587.730706689998,126.63531881333343,472.0314215342619,0,672
SUB_HIFLD_3317,SUB_HIFLD_2750,meso_SUB_HIFLD_3317_SUB_HIFLD_2750_rev,800.0,0.0,0.0,0,672
SUB_HIFLD_3317,SUB_HIFLD_3178,meso_SUB_HIFLD_3317_SUB_HIFLD_3178_rev,800.0,0.0,0.0,0,672
SUB_HIFLD_3317,SUB_HIFLD_3333,meso_SUB_HIFLD_3317_SUB_HIFLD_3333_fwd,800.0,0.0,0.0,0,672
SUB_HIFLD_3319,SUB_HIFLD_1568,meso_SUB_HIFLD_3319_SUB_HIFLD_1568_rev,800.0,0.0,0.0,0,672
SUB_HIFLD_3319,SUB_HIFLD_1640,meso_SUB_HIFLD_3319_SUB_HIFLD_1640_rev,800.0,0.0,0.0,0,672
SUB_HIFLD_3319,SUB_HIFLD_4061,meso_SUB_HIFLD_3319_SUB_HIFLD_4061_fwd,800.0,0.0,0.0,0,672
SUB_HIFLD_3319,SUB_HIFLD_4166,meso_SUB_HIFLD_3319_SUB_HIFLD_4166_fwd,800.0,0.0,0.0,0,672
SUB_HIFLD_3324,SUB_HIFLD_2879,meso_SUB_HIFLD_3324_SUB_HIFLD_2879_fwd,50.0,0.0,0.0,0,672
SUB_HIFLD_3326,SUB_HIFLD_3747,meso_SUB_HIFLD_3326_SUB_HIFLD_3747_fwd,800.0,0.0,0.0,0,672
SUB_HIFLD_3331,WEC_LADW,iface_SUB_HIFLD_3331_WEC_LADW_to_ba,50.0,0.0,0.0,0,672
SUB_HIFLD_3333,SUB_HIFLD_1641,meso_SUB_HIFLD_3333_SUB_HIFLD_1641_rev,800.0,0.0,0.0,0,672
SUB_HIFLD_3333,SUB_HIFLD_1673,meso_SUB_HIFLD_3333_SUB_HIFLD_1673_rev,800.0,0.0,0.0,0,672
SUB_HIFLD_3333,SUB_HIFLD_1762,meso_SUB_HIFLD_3333_SUB_HIFLD_1762_rev,800.0,0.0,0.0,0,672
SUB_HIFLD_3333,SUB_HIFLD_3317,meso_SUB_HIFLD_3333_SUB_HIFLD_3317_rev,800.0,0.0,0.0,0,672
SUB_HIFLD_3333,SUB_HIFLD_4027,meso_SUB_HIFLD_3333_SUB_HIFLD_4027_fwd,800.0,0.0,0.0,0,672
SUB_HIFLD_3339,SUB_HIFLD_2917,meso_SUB_HIFLD_3339_SUB_HIFLD_2917_rev,800.0,0.0,0.0,0,672
SUB_HIFLD_3339,SUB_HIFLD_2936,meso_SUB_HIFLD_3339_SUB_HIFLD_2936_rev,800.0,0.0,0.0,0,672
SUB_HIFLD_3341,SUB_HIFLD_801,meso_SUB_HIFLD_3341_SUB_HIFLD_801_fwd,50.0,0.0,0.0,0,672
SUB_HIFLD_3342,SUB_HIFLD_3687,meso_SUB_HIFLD_3342_SUB_HIFLD_3687_fwd,600.0,0.0,0.0,0,672
SUB_HIFLD_3346,SUB_HIFLD_1928,meso_SUB_HIFLD_3346_SUB_HIFLD_1928_rev,800.0,31.54107145254204,43.19646021262888,0,672
SUB_HIFLD_3346,SUB_HIFLD_1973,meso_SUB_HIFLD_3346_SUB_HIFLD_1973_rev,800.0,0.0,0.0,0,672
SUB_HIFLD_3347,SUB_HIFLD_3697,meso_SUB_HIFLD_3347_SUB_HIFLD_3697_fwd,800.0,0.0,0.0,0,672
SUB_HIFLD_3347,SUB_HIFLD_4197,meso_SUB_HIFLD_3347_SUB_HIFLD_4197_fwd,800.0,4.969681610122404,14.377971971649485,0,672
SUB_HIFLD_3348,SUB_HIFLD_1738,meso_SUB_HIFLD_3348_SUB_HIFLD_1738_rev,800.0,0.0,0.0,0,672
SUB_HIFLD_3348,SUB_HIFLD_3726,meso_SUB_HIFLD_3348_SUB_HIFLD_3726_fwd,800.0,0.0,0.0,0,672
SUB_HIFLD_3349,SUB_HIFLD_1959,meso_SUB_HIFLD_3349_SUB_HIFLD_1959_rev,800.0,0.0,0.0,0,672
SUB_HIFLD_3349,SUB_HIFLD_1930,meso_SUB_HIFLD_3349_SUB_HIFLD_1930_rev,800.0,37.19999999999999,37.2,0,672
SUB_HIFLD_3351,SUB_HIFLD_2633,meso_SUB_HIFLD_3351_SUB_HIFLD_2633_rev,800.0,0.0,0.0,0,672
SUB_HIFLD_3351,SUB_HIFLD_4198,meso_SUB_HIFLD_3351_SUB_HIFLD_4198_fwd,800.0,0.0,0.0,0,672
SUB_HIFLD_3353,SUB_HIFLD_589,meso_SUB_HIFLD_3353_SUB_HIFLD_589_fwd,1500.0,0.0,0.0,0,672
SUB_HIFLD_3353,SUB_HIFLD_3971,meso_SUB_HIFLD_3353_SUB_HIFLD_3971_fwd,3000.0,0.0,0.0,0,672
SUB_HIFLD_3356,SUB_HIFLD_1832,meso_SUB_HIFLD_3356_SUB_HIFLD_1832_rev,1500.0,0.0,0.0,0,672
SUB_HIFLD_3356,SUB_HIFLD_1848,meso_SUB_HIFLD_3356_SUB_HIFLD_1848_rev,1500.0,0.0,0.0,0,672
SUB_HIFLD_3356,SUB_HIFLD_3625,meso_SUB_HIFLD_3356_SUB_HIFLD_3625_fwd,1500.0,17.784097926758292,28.54464400773196,0,672
SUB_HIFLD_3357,SUB_HIFLD_2644,meso_SUB_HIFLD_3357_SUB_HIFLD_2644_rev,1500.0,0.0,0.0,0,672
SUB_HIFLD_3357,SUB_HIFLD_4313,meso_SUB_HIFLD_3357_SUB_HIFLD_4313_fwd,1500.0,8.968887642895192,28.41691743460893,0,672
SUB_HIFLD_3357,SUB_HIFLD_1490,meso_SUB_HIFLD_3357_SUB_HIFLD_1490_rev,1500.0,0.0,0.0,0,672
SUB_HIFLD_3357,SUB_HIFLD_3220,meso_SUB_HIFLD_3357_SUB_HIFLD_3220_rev,1500.0,0.0,0.0,0,672
SUB_HIFLD_3357,SUB_HIFLD_3932,meso_SUB_HIFLD_3357_SUB_HIFLD_3932_rev,50.147979713191106,2.482996475611481,4.869299055899793,0,672
SUB_HIFLD_3358,SUB_HIFLD_1980,meso_SUB_HIFLD_3358_SUB_HIFLD_1980_rev,800.0,0.0,0.0,0,672
SUB_HIFLD_3358,SUB_HIFLD_1984,meso_SUB_HIFLD_3358_SUB_HIFLD_1984_rev,800.0,0.0,0.0,0,672
SUB_HIFLD_3358,SUB_HIFLD_1996,meso_SUB_HIFLD_3358_SUB_HIFLD_1996_rev,800.0,0.0,0.0,0,672
SUB_HIFLD_3359,SUB_HIFLD_2590,meso_SUB_HIFLD_3359_SUB_HIFLD_2590_fwd,60.98188821143901,0.0,0.0,0,672
SUB_HIFLD_3360,SUB_HIFLD_2654,meso_SUB_HIFLD_3360_SUB_HIFLD_2654_fwd,50.0,0.0,0.0,0,672
SUB_HIFLD_3361,SUB_HIFLD_806,meso_SUB_HIFLD_3361_SUB_HIFLD_806_fwd,50.0,0.0,0.0,0,672
SUB_HIFLD_3362,SUB_HIFLD_4146,meso_SUB_HIFLD_3362_SUB_HIFLD_4146_fwd,50.0,0.0,0.0,0,672
SUB_HIFLD_3367,SUB_HIFLD_3746,meso_SUB_HIFLD_3367_SUB_HIFLD_3746_fwd,800.0,5.2462545392798,13.230111348260312,0,672
SUB_HIFLD_3367,SUB_HIFLD_3748,meso_SUB_HIFLD_3367_SUB_HIFLD_3748_fwd,800.0,0.0,0.0,0,672
SUB_HIFLD_3368,SUB_HIFLD_1476,meso_SUB_HIFLD_3368_SUB_HIFLD_1476_rev,1500.0,0.0,0.0,0,672
SUB_HIFLD_3368,SUB_HIFLD_1477,meso_SUB_HIFLD_3368_SUB_HIFLD_1477_rev,15000.0,0.0,0.0,0,672
SUB_HIFLD_3368,SUB_HIFLD_1479,meso_SUB_HIFLD_3368_SUB_HIFLD_1479_rev,1500.0,0.0,0.0,0,672
SUB_HIFLD_3368,SUB_HIFLD_1480,meso_SUB_HIFLD_3368_SUB_HIFLD_1480_rev,1500.0,0.0,0.0,0,672
SUB_HIFLD_3368,SUB_HIFLD_2644,meso_SUB_HIFLD_3368_SUB_HIFLD_2644_rev,1500.0,0.0525256771207078,3.8815700652597678,0,672
SUB_HIFLD_3368,SUB_HIFLD_2970,meso_SUB_HIFLD_3368_SUB_HIFLD_2970_rev,4000.0,0.0,0.0,0,672
SUB_HIFLD_3368,SUB_HIFLD_3658,meso_SUB_HIFLD_3368_SUB_HIFLD_3658_fwd,4000.0,0.9199750141280909,10.425995342724985,0,672
SUB_HIFLD_3368,SUB_HIFLD_561,meso_SUB_HIFLD_3368_SUB_HIFLD_561_fwd,15000.0,0.0,0.0,0,672
SUB_HIFLD_3368,SUB_HIFLD_566,meso_SUB_HIFLD_3368_SUB_HIFLD_566_fwd,1500.0,0.0,0.0,0,672
SUB_HIFLD_3368,SUB_HIFLD_1483,meso_SUB_HIFLD_3368_SUB_HIFLD_1483_rev,1500.0,0.0,0.0,0,672
SUB_HIFLD_3368,SUB_HIFLD_150,meso_SUB_HIFLD_3368_SUB_HIFLD_150_rev,4000.0,70.09788312134513,508.72222083557295,0,672
SUB_HIFLD_3368,SUB_HIFLD_3059,meso_SUB_HIFLD_3368_SUB_HIFLD_3059_rev,4000.0,21.984556243592092,88.9626872313892,0,672
SUB_HIFLD_3368,SUB_HIFLD_3185,meso_SUB_HIFLD_3368_SUB_HIFLD_3185_rev,15000.0,0.0,0.0,0,672
SUB_HIFLD_3368,SUB_HIFLD_562,meso_SUB_HIFLD_3368_SUB_HIFLD_562_fwd,1500.0,84.32034462086092,193.08367274434576,0,672
SUB_HIFLD_3368,SUB_HIFLD_575,meso_SUB_HIFLD_3368_SUB_HIFLD_575_fwd,4000.0,2.5574749758529736,116.25724270138882,0,672
SUB_HIFLD_3368,SUB_HIFLD_589,meso_SUB_HIFLD_3368_SUB_HIFLD_589_fwd,15000.0,161.02800569174823,1379.9206232812173,0,672
SUB_HIFLD_3368,SUB_HIFLD_870,meso_SUB_HIFLD_3368_SUB_HIFLD_870_fwd,4000.0,34.56321498551489,175.6375955899247,0,672
SUB_HIFLD_3368,WECC_SCE,iface_SUB_HIFLD_3368_WECC_SCE_to_ba,1193.657983360008,0.0,0.0,0,672
SUB_HIFLD_3377,SUB_HIFLD_3505,meso_SUB_HIFLD_3377_SUB_HIFLD_3505_fwd,800.0,0.0,0.0,0,672
SUB_HIFLD_3377,SUB_HIFLD_3667,meso_SUB_HIFLD_3377_SUB_HIFLD_3667_fwd,800.0,1.6305303393828852,3.5761464541720365,0,672
SUB_HIFLD_3377,SUB_HIFLD_868,meso_SUB_HIFLD_3377_SUB_HIFLD_868_fwd,800.0,0.0,0.0,0,672
SUB_HIFLD_3378,SUB_HIFLD_1942,meso_SUB_HIFLD_3378_SUB_HIFLD_1942_fwd,50.0,0.0,0.0,0,672
SUB_HIFLD_3382,SUB_HIFLD_2414,meso_SUB_HIFLD_3382_SUB_HIFLD_2414_rev,1600.0,0.13919214410074213,0.6192527194927635,0,672
SUB_HIFLD_3382,SUB_HIFLD_3506,meso_SUB_HIFLD_3382_SUB_HIFLD_3506_fwd,800.0,0.057019491066239825,0.6026061410117753,0,672
SUB_HIFLD_3382,SUB_HIFLD_2427,meso_SUB_HIFLD_3382_SUB_HIFLD_2427_rev,800.0,0.0,0.0,0,672
SUB_HIFLD_3387,SUB_HIFLD_4169,meso_SUB_HIFLD_3387_SUB_HIFLD_4169_fwd,4000.0,0.0,0.0,0,672
SUB_HIFLD_3387,SUB_HIFLD_2933,meso_SUB_HIFLD_3387_SUB_HIFLD_2933_fwd,1098.147407,28.93961969083828,89.97853812021772,0,672
SUB_HIFLD_3388,SUB_HIFLD_2959,meso_SUB_HIFLD_3388_SUB_HIFLD_2959_rev,800.0,0.0,0.0,0,672
SUB_HIFLD_3388,SUB_HIFLD_843,meso_SUB_HIFLD_3388_SUB_HIFLD_843_fwd,800.0,0.0,0.0,0,672
SUB_HIFLD_3390,SUB_HIFLD_1933,meso_SUB_HIFLD_3390_SUB_HIFLD_1933_rev,800.0,1.8848244876894344,5.443572493405687,0,672
SUB_HIFLD_3390,SUB_HIFLD_1961,meso_SUB_HIFLD_3390_SUB_HIFLD_1961_rev,800.0,0.0,0.0,0,672
SUB_HIFLD_3390,SUB_HIFLD_2939,meso_SUB_HIFLD_3390_SUB_HIFLD_2939_rev,800.0,0.6883974113845506,3.225412207534633,0,672
SUB_HIFLD_3390,SUB_HIFLD_3702,meso_SUB_HIFLD_3390_SUB_HIFLD_3702_fwd,800.0,0.0,0.0,0,672
SUB_HIFLD_3393,SUB_HIFLD_4364,meso_SUB_HIFLD_3393_SUB_HIFLD_4364_fwd,800.0,7.361147127606479,48.60039654829551,0,672
SUB_HIFLD_3393,SUB_HIFLD_877,meso_SUB_HIFLD_3393_SUB_HIFLD_877_fwd,800.0,38.44693502782711,64.55904880798968,0,672
SUB_HIFLD_3393,SUB_HIFLD_905,meso_SUB_HIFLD_3393_SUB_HIFLD_905_fwd,800.0,0.0,0.0,0,672
SUB_HIFLD_3394,SUB_HIFLD_448,meso_SUB_HIFLD_3394_SUB_HIFLD_448_fwd,800.0,8.308480533966664,34.84668947195751,0,672
SUB_HIFLD_3394,SUB_HIFLD_418,meso_SUB_HIFLD_3394_SUB_HIFLD_418_fwd,800.0,0.0,0.0,0,672
SUB_HIFLD_3396,SUB_HIFLD_1741,meso_SUB_HIFLD_3396_SUB_HIFLD_1741_rev,800.0,0.0,0.0,0,672
SUB_HIFLD_3396,SUB_HIFLD_2668,meso_SUB_HIFLD_3396_SUB_HIFLD_2668_rev,800.0,0.0,0.0,0,672
SUB_HIFLD_3396,SUB_HIFLD_3731,meso_SUB_HIFLD_3396_SUB_HIFLD_3731_fwd,800.0,0.0,0.0,0,672
SUB_HIFLD_3397,SUB_HIFLD_3060,meso_SUB_HIFLD_3397_SUB_HIFLD_3060_fwd,50.0,0.0,0.0,0,672
SUB_HIFLD_3398,SUB_HIFLD_4436,meso_SUB_HIFLD_3398_SUB_HIFLD_4436_fwd,800.0,6.557142857142857,6.557142857142857,0,672
SUB_HIFLD_3401,SUB_HIFLD_867,meso_SUB_HIFLD_3401_SUB_HIFLD_867_fwd,1500.0,9.327619167060599,108.37199965457168,0,672
SUB_HIFLD_3401,SUB_HIFLD_1448,meso_SUB_HIFLD_3401_SUB_HIFLD_1448_rev,4000.0,1.5500824833921392,122.0177705300699,0,672
SUB_HIFLD_3401,SUB_HIFLD_3207,meso_SUB_HIFLD_3401_SUB_HIFLD_3207_rev,3000.0,1.533035625913787,160.1971138318146,0,672
SUB_HIFLD_3401,SUB_HIFLD_825,meso_SUB_HIFLD_3401_SUB_HIFLD_825_fwd,3000.0,123.63504007682492,482.194422295485,0,672
SUB_HIFLD_3403,SUB_HIFLD_807,meso_SUB_HIFLD_3403_SUB_HIFLD_807_fwd,75.82801943915494,0.0,0.0,0,672
SUB_HIFLD_3410,SUB_HIFLD_4151,meso_SUB_HIFLD_3410_SUB_HIFLD_4151_fwd,50.0,0.0,0.0,0,672
SUB_HIFLD_3414,SUB_HIFLD_1457,meso_SUB_HIFLD_3414_SUB_HIFLD_1457_rev,1500.0,0.0,0.0,0,672
SUB_HIFLD_3415,SUB_HIFLD_1958,meso_SUB_HIFLD_3415_SUB_HIFLD_1958_rev,800.0,0.0,0.0,0,672
SUB_HIFLD_3415,SUB_HIFLD_2693,meso_SUB_HIFLD_3415_SUB_HIFLD_2693_rev,800.0,0.0,0.0,0,672
SUB_HIFLD_3416,SUB_HIFLD_2963,meso_SUB_HIFLD_3416_SUB_HIFLD_2963_rev,800.0,0.0,0.0,0,672
SUB_HIFLD_3416,SUB_HIFLD_3954,meso_SUB_HIFLD_3416_SUB_HIFLD_3954_fwd,800.0,5.7204020974626175,32.24592448710405,0,672
SUB_HIFLD_3416,SUB_HIFLD_924,meso_SUB_HIFLD_3416_SUB_HIFLD_924_fwd,800.0,0.0,0.0,0,672
SUB_HIFLD_3417,SUB_HIFLD_2708,meso_SUB_HIFLD_3417_SUB_HIFLD_2708_rev,800.0,0.0,0.0,0,672
SUB_HIFLD_3417,SUB_HIFLD_4079,meso_SUB_HIFLD_3417_SUB_HIFLD_4079_fwd,800.0,0.0,0.0,0,672
SUB_HIFLD_3418,SUB_HIFLD_422,meso_SUB_HIFLD_3418_SUB_HIFLD_422_fwd,800.0,257.49909988686056,749.4277412626133,0,672
SUB_HIFLD_3418,SUB_HIFLD_429,meso_SUB_HIFLD_3418_SUB_HIFLD_429_fwd,800.0,0.0,0.0,0,672
SUB_HIFLD_3418,SUB_HIFLD_2620,meso_SUB_HIFLD_3418_SUB_HIFLD_2620_rev,1301.624282,0.0,0.0,0,672
SUB_HIFLD_3420,SUB_HIFLD_3948,meso_SUB_HIFLD_3420_SUB_HIFLD_3948_fwd,800.0,0.0,0.0,0,672
SUB_HIFLD_3420,SUB_HIFLD_4204,meso_SUB_HIFLD_3420_SUB_HIFLD_4204_fwd,800.0,0.0,0.0,0,672
SUB_HIFLD_3420,SUB_HIFLD_4437,meso_SUB_HIFLD_3420_SUB_HIFLD_4437_fwd,800.0,0.0,0.0,0,672
SUB_HIFLD_3428,SUB_HIFLD_4109,meso_SUB_HIFLD_3428_SUB_HIFLD_4109_fwd,2000.0,0.0,0.0,0,672
SUB_HIFLD_3430,SUB_HIFLD_3479,meso_SUB_HIFLD_3430_SUB_HIFLD_3479_fwd,1500.0,0.0,0.0,0,672
SUB_HIFLD_3430,SUB_HIFLD_549,meso_SUB_HIFLD_3430_SUB_HIFLD_549_fwd,1500.0,0.0,0.0,0,672
SUB_HIFLD_3430,SUB_HIFLD_587,meso_SUB_HIFLD_3430_SUB_HIFLD_587_fwd,1500.0,0.0,0.0,0,672
SUB_HIFLD_3431,SUB_HIFLD_1555,meso_SUB_HIFLD_3431_SUB_HIFLD_1555_rev,800.0,0.0,0.0,0,672
SUB_HIFLD_3431,SUB_HIFLD_1713,meso_SUB_HIFLD_3431_SUB_HIFLD_1713_rev,800.0,0.0,0.0,0,672
SUB_HIFLD_3431,SUB_HIFLD_3752,meso_SUB_HIFLD_3431_SUB_HIFLD_3752_fwd,800.0,0.0,0.0,0,672
SUB_HIFLD_3433,SUB_HIFLD_1013,meso_SUB_HIFLD_3433_SUB_HIFLD_1013_rev,800.0,0.0,0.0,0,672
SUB_HIFLD_3433,SUB_HIFLD_1014,meso_SUB_HIFLD_3433_SUB_HIFLD_1014_rev,800.0,0.24120915165481305,7.276405947970361,0,672
SUB_HIFLD_3433,SUB_HIFLD_2684,meso_SUB_HIFLD_3433_SUB_HIFLD_2684_rev,800.0,0.0074002138118154,1.6380148346891108,0,672
SUB_HIFLD_3433,SUB_HIFLD_2894,meso_SUB_HIFLD_3433_SUB_HIFLD_2894_rev,800.0,0.0,0.0,0,672
SUB_HIFLD_3433,SUB_HIFLD_3474,meso_SUB_HIFLD_3433_SUB_HIFLD_3474_fwd,800.0,0.0,0.0,0,672
SUB_HIFLD_3433,SUB_HIFLD_815,meso_SUB_HIFLD_3433_SUB_HIFLD_815_fwd,800.0,0.0,0.0,0,672
SUB_HIFLD_3434,SUB_HIFLD_417,meso_SUB_HIFLD_3434_SUB_HIFLD_417_fwd,800.0,0.0,0.0,0,672
SUB_HIFLD_3435,SUB_HIFLD_1706,meso_SUB_HIFLD_3435_SUB_HIFLD_1706_rev,800.0,0.0,0.0,0,672
SUB_HIFLD_3435,SUB_HIFLD_3683,meso_SUB_HIFLD_3435_SUB_HIFLD_3683_fwd,800.0,0.0,0.0,0,672
SUB_HIFLD_3436,SUB_HIFLD_1854,meso_SUB_HIFLD_3436_SUB_HIFLD_1854_rev,800.0,0.0,0.0,0,672
SUB_HIFLD_3439,SUB_HIFLD_4004,meso_SUB_HIFLD_3439_SUB_HIFLD_4004_fwd,800.0,0.0,0.0,0,672
SUB_HIFLD_3439,SUB_HIFLD_808,meso_SUB_HIFLD_3439_SUB_HIFLD_808_fwd,800.0,0.5270625693120319,1.6387333348266553,0,672
SUB_HIFLD_3440,SUB_HIFLD_2099,meso_SUB_HIFLD_3440_SUB_HIFLD_2099_rev,800.0,0.0,0.0,0,672
SUB_HIFLD_3440,SUB_HIFLD_2100,meso_SUB_HIFLD_3440_SUB_HIFLD_2100_rev,800.0,0.0,0.0,0,672
SUB_HIFLD_3440,SUB_HIFLD_2104,meso_SUB_HIFLD_3440_SUB_HIFLD_2104_rev,800.0,0.0,0.0,0,672
SUB_HIFLD_3441,SUB_HIFLD_1567,meso_SUB_HIFLD_3441_SUB_HIFLD_1567_rev,800.0,0.0,0.0,0,672
SUB_HIFLD_3441,SUB_HIFLD_1594,meso_SUB_HIFLD_3441_SUB_HIFLD_1594_rev,800.0,0.0,0.0,0,672
SUB_HIFLD_3441,SUB_HIFLD_1676,meso_SUB_HIFLD_3441_SUB_HIFLD_1676_rev,800.0,0.0,0.0,0,672
SUB_HIFLD_3445,SUB_HIFLD_1547,meso_SUB_HIFLD_3445_SUB_HIFLD_1547_rev,800.0,1.7946394176955933,8.606245636368822,0,672
SUB_HIFLD_3445,SUB_HIFLD_1671,meso_SUB_HIFLD_3445_SUB_HIFLD_1671_rev,800.0,0.0,0.0,0,672
SUB_HIFLD_3445,SUB_HIFLD_450,meso_SUB_HIFLD_3445_SUB_HIFLD_450_fwd,800.0,0.0,0.0,0,672
SUB_HIFLD_3447,SUB_HIFLD_2368,meso_SUB_HIFLD_3447_SUB_HIFLD_2368_rev,800.0,0.0,0.0,0,672
SUB_HIFLD_3447,SUB_HIFLD_2370,meso_SUB_HIFLD_3447_SUB_HIFLD_2370_rev,800.0,0.0,0.0,0,672
SUB_HIFLD_3447,SUB_HIFLD_2982,meso_SUB_HIFLD_3447_SUB_HIFLD_2982_rev,800.0,0.0,0.0,0,672
SUB_HIFLD_3448,SUB_01438,meso_SUB_HIFLD_3448_SUB_01438_rev,1500.0,0.0,0.0,0,672
SUB_HIFLD_3448,SUB_HIFLD_11,meso_SUB_HIFLD_3448_SUB_HIFLD_11_rev,1500.0,3.8101515834413893,61.01174285528649,0,672
SUB_HIFLD_3448,SUB_HIFLD_28,meso_SUB_HIFLD_3448_SUB_HIFLD_28_rev,1500.0,0.0,0.0,0,672
SUB_HIFLD_3449,SUB_HIFLD_1448,meso_SUB_HIFLD_3449_SUB_HIFLD_1448_rev,1500.0,0.0,0.0,0,672
SUB_HIFLD_3449,SUB_HIFLD_804,meso_SUB_HIFLD_3449_SUB_HIFLD_804_fwd,15000.0,0.05484712689692893,1.371339652464562,0,672
SUB_HIFLD_3449,WECC_SCE,iface_SUB_HIFLD_3449_WECC_SCE_to_ba,557.8384718587145,89.8161919366111,428.55839575214895,0,672
SUB_HIFLD_3453,SUB_HIFLD_2414,meso_SUB_HIFLD_3453_SUB_HIFLD_2414_rev,800.0,0.0,0.0,0,672
SUB_HIFLD_3453,SUB_HIFLD_2415,meso_SUB_HIFLD_3453_SUB_HIFLD_2415_rev,800.0,0.0,0.0,0,672
SUB_HIFLD_3453,SUB_HIFLD_2420,meso_SUB_HIFLD_3453_SUB_HIFLD_2420_rev,800.0,0.16095643427931167,5.426605570243826,0,672
SUB_HIFLD_3453,SUB_HIFLD_2739,meso_SUB_HIFLD_3453_SUB_HIFLD_2739_rev,800.0,0.0,0.0,0,672
SUB_HIFLD_3458,SUB_HIFLD_2390,meso_SUB_HIFLD_3458_SUB_HIFLD_2390_rev,800.0,0.005068952112447347,1.7051620604749635,0,672
SUB_HIFLD_3458,SUB_HIFLD_4039,meso_SUB_HIFLD_3458_SUB_HIFLD_4039_fwd,800.0,0.0,0.0,0,672
SUB_HIFLD_3458,SUB_HIFLD_2391,meso_SUB_HIFLD_3458_SUB_HIFLD_2391_rev,800.0,0.0,0.0,0,672
SUB_HIFLD_3461,SUB_HIFLD_2497,meso_SUB_HIFLD_3461_SUB_HIFLD_2497_rev,4000.0,0.0,0.0,0,672
SUB_HIFLD_3461,SUB_HIFLD_888,meso_SUB_HIFLD_3461_SUB_HIFLD_888_fwd,2000.0,0.0,0.0,0,672
SUB_HIFLD_3461,SUB_HIFLD_925,meso_SUB_HIFLD_3461_SUB_HIFLD_925_fwd,800.0,83.71615410565015,141.29497489738796,0,672
SUB_HIFLD_3461,SUB_HIFLD_954,meso_SUB_HIFLD_3461_SUB_HIFLD_954_fwd,8000.0,30.250711074633656,220.22891537172688,0,672
SUB_HIFLD_3461,WEC_SDGE,iface_SUB_HIFLD_3461_WEC_SDGE_to_ba,236.40562120066608,6.940426601065541,118.78391946067794,0,672
SUB_HIFLD_3462,SUB_HIFLD_1622,meso_SUB_HIFLD_3462_SUB_HIFLD_1622_rev,800.0,0.0,0.0,0,672
SUB_HIFLD_3462,SUB_HIFLD_1632,meso_SUB_HIFLD_3462_SUB_HIFLD_1632_rev,800.0,0.0,0.0,0,672
SUB_HIFLD_3462,SUB_HIFLD_2554,meso_SUB_HIFLD_3462_SUB_HIFLD_2554_rev,800.0,0.0,0.0,0,672
SUB_HIFLD_3464,SUB_HIFLD_2416,meso_SUB_HIFLD_3464_SUB_HIFLD_2416_rev,800.0,0.0,0.0,0,672
SUB_HIFLD_3464,SUB_HIFLD_2429,meso_SUB_HIFLD_3464_SUB_HIFLD_2429_rev,800.0,0.0,0.0,0,672
SUB_HIFLD_3464,SUB_HIFLD_2432,meso_SUB_HIFLD_3464_SUB_HIFLD_2432_rev,800.0,0.0,0.0,0,672
SUB_HIFLD_3473,SUB_HIFLD_2699,meso_SUB_HIFLD_3473_SUB_HIFLD_2699_rev,800.0,0.0,0.0,0,672
SUB_HIFLD_3473,SUB_HIFLD_3729,meso_SUB_HIFLD_3473_SUB_HIFLD_3729_fwd,800.0,0.0,0.0,0,672
SUB_HIFLD_3473,SUB_HIFLD_4035,meso_SUB_HIFLD_3473_SUB_HIFLD_4035_fwd,800.0,0.0,0.0,0,672
SUB_HIFLD_3474,SUB_HIFLD_2684,meso_SUB_HIFLD_3474_SUB_HIFLD_2684_rev,800.0,0.0,0.0,0,672
SUB_HIFLD_3474,SUB_HIFLD_3433,meso_SUB_HIFLD_3474_SUB_HIFLD_3433_rev,800.0,0.0,0.0,0,672
SUB_HIFLD_3475,SUB_HIFLD_590,meso_SUB_HIFLD_3475_SUB_HIFLD_590_fwd,800.0,41.73970446879219,87.40187661082474,0,672
SUB_HIFLD_3475,SUB_HIFLD_853,meso_SUB_HIFLD_3475_SUB_HIFLD_853_fwd,1500.0,0.0,0.0,0,672
SUB_HIFLD_3475,SUB_HIFLD_864,meso_SUB_HIFLD_3475_SUB_HIFLD_864_fwd,1500.0,0.0,0.0,0,672
SUB_HIFLD_3479,SUB_HIFLD_3430,meso_SUB_HIFLD_3479_SUB_HIFLD_3430_rev,1500.0,2.79888138843265,29.5940318943299,0,672
SUB_HIFLD_3479,SUB_HIFLD_573,meso_SUB_HIFLD_3479_SUB_HIFLD_573_fwd,1500.0,0.0,0.0,0,672
SUB_HIFLD_3479,SUB_HIFLD_1029,meso_SUB_HIFLD_3479_SUB_HIFLD_1029_rev,1500.0,0.0,0.0,0,672
SUB_HIFLD_3485,SUB_HIFLD_1769,meso_SUB_HIFLD_3485_SUB_HIFLD_1769_rev,800.0,0.0,0.0,0,672
SUB_HIFLD_3485,SUB_HIFLD_3735,meso_SUB_HIFLD_3485_SUB_HIFLD_3735_fwd,800.0,0.0,0.0,0,672
SUB_HIFLD_3485,SUB_HIFLD_3736,meso_SUB_HIFLD_3485_SUB_HIFLD_3736_fwd,800.0,0.0,0.0,0,672
SUB_HIFLD_3487,SUB_HIFLD_3931,meso_SUB_HIFLD_3487_SUB_HIFLD_3931_fwd,1500.0,0.0,0.0,0,672
SUB_HIFLD_3487,SUB_HIFLD_4354,meso_SUB_HIFLD_3487_SUB_HIFLD_4354_fwd,1500.0,0.0,0.0,0,672
SUB_HIFLD_3487,SUB_HIFLD_578,meso_SUB_HIFLD_3487_SUB_HIFLD_578_fwd,1500.0,1.2619011236413527,4.181714248495596,0,672
SUB_HIFLD_3487,SUB_HIFLD_574,meso_SUB_HIFLD_3487_SUB_HIFLD_574_fwd,1500.0,0.0,0.0,0,672
SUB_HIFLD_3487,SUB_HIFLD_589,meso_SUB_HIFLD_3487_SUB_HIFLD_589_fwd,1500.0,0.0,0.0,0,672
SUB_HIFLD_3487,SUB_HIFLD_4441,meso_SUB_HIFLD_3487_SUB_HIFLD_4441_rev,50.0,0.42367665097007695,0.6905966847213273,0,672
SUB_HIFLD_3491,SUB_01375,meso_SUB_HIFLD_3491_SUB_01375_rev,1200.0,0.2528016404777936,20.33503652252191,0,672
SUB_HIFLD_3491,SUB_16374,meso_SUB_HIFLD_3491_SUB_16374_rev,600.0,8.707462388520263,68.32662455603912,0,672
SUB_HIFLD_3491,SUB_01459,meso_SUB_HIFLD_3491_SUB_01459_rev,4000.0,2.6996440175938625,51.941502940301504,0,672
SUB_HIFLD_3491,SUB_HIFLD_30,meso_SUB_HIFLD_3491_SUB_HIFLD_30_rev,4000.0,29.754368521736854,79.25636267406209,0,672
SUB_HIFLD_3496,SUB_HIFLD_1938,meso_SUB_HIFLD_3496_SUB_HIFLD_1938_rev,800.0,1.3203915947919087,76.31960373711341,0,672
SUB_HIFLD_3496,SUB_HIFLD_1957,meso_SUB_HIFLD_3496_SUB_HIFLD_1957_rev,800.0,0.0,0.0,0,672
SUB_HIFLD_3496,SUB_HIFLD_1994,meso_SUB_HIFLD_3496_SUB_HIFLD_1994_rev,800.0,0.0,0.0,0,672
SUB_HIFLD_3496,SUB_HIFLD_3310,meso_SUB_HIFLD_3496_SUB_HIFLD_3310_rev,800.0,0.0,0.0,0,672
SUB_HIFLD_3496,SUB_HIFLD_4378,meso_SUB_HIFLD_3496_SUB_HIFLD_4378_fwd,800.0,0.0,0.0,0,672
SUB_HIFLD_3498,SUB_HIFLD_1944,meso_SUB_HIFLD_3498_SUB_HIFLD_1944_rev,800.0,0.0,0.0,0,672
SUB_HIFLD_3498,SUB_HIFLD_1984,meso_SUB_HIFLD_3498_SUB_HIFLD_1984_rev,800.0,0.0,0.0,0,672
SUB_HIFLD_3498,SUB_HIFLD_4290,meso_SUB_HIFLD_3498_SUB_HIFLD_4290_fwd,800.0,0.0,0.0,0,672
SUB_HIFLD_3503,SUB_25217,meso_SUB_HIFLD_3503_SUB_25217_rev,1500.0,0.0,0.0,0,672
SUB_HIFLD_3503,SUB_25400,meso_SUB_HIFLD_3503_SUB_25400_rev,1500.0,0.0,0.0,0,672
SUB_HIFLD_3504,SUB_HIFLD_3192,meso_SUB_HIFLD_3504_SUB_HIFLD_3192_rev,600.0,0.0,0.0,0,672
SUB_HIFLD_3504,SUB_HIFLD_3193,meso_SUB_HIFLD_3504_SUB_HIFLD_3193_rev,600.0,0.0,0.0,0,672
SUB_HIFLD_3504,SUB_HIFLD_3196,meso_SUB_HIFLD_3504_SUB_HIFLD_3196_rev,600.0,0.0,0.0,0,672
SUB_HIFLD_3505,SUB_HIFLD_3377,meso_SUB_HIFLD_3505_SUB_HIFLD_3377_rev,800.0,0.0,0.0,0,672
SUB_HIFLD_3505,SUB_HIFLD_857,meso_SUB_HIFLD_3505_SUB_HIFLD_857_fwd,800.0,0.0,0.0,0,672
SUB_HIFLD_3505,SUB_HIFLD_868,meso_SUB_HIFLD_3505_SUB_HIFLD_868_fwd,800.0,0.0,0.0,0,672
SUB_HIFLD_3506,SUB_HIFLD_2420,meso_SUB_HIFLD_3506_SUB_HIFLD_2420_rev,800.0,0.05530890633425264,0.5845279567814221,0,672
SUB_HIFLD_3506,SUB_HIFLD_2427,meso_SUB_HIFLD_3506_SUB_HIFLD_2427_rev,800.0,0.0,0.0,0,672
SUB_HIFLD_3506,SUB_HIFLD_3382,meso_SUB_HIFLD_3506_SUB_HIFLD_3382_rev,800.0,0.0,0.0,0,672
SUB_HIFLD_3507,SUB_HIFLD_1702,meso_SUB_HIFLD_3507_SUB_HIFLD_1702_rev,800.0,0.0,0.0,0,672
SUB_HIFLD_3507,SUB_HIFLD_1735,meso_SUB_HIFLD_3507_SUB_HIFLD_1735_rev,800.0,6.200267455515105,70.79972137949291,0,672
SUB_HIFLD_3507,SUB_HIFLD_4436,meso_SUB_HIFLD_3507_SUB_HIFLD_4436_fwd,800.0,0.0,0.0,0,672
SUB_HIFLD_3509,WECC_SCE,iface_SUB_HIFLD_3509_WECC_SCE_to_ba,613.622319044586,0.0,0.0,0,672
SUB_HIFLD_3511,SUB_HIFLD_2499,meso_SUB_HIFLD_3511_SUB_HIFLD_2499_rev,800.0,0.0,0.0,0,672
SUB_HIFLD_3512,SUB_HIFLD_959,meso_SUB_HIFLD_3512_SUB_HIFLD_959_fwd,800.0,0.0,0.0,0,672
SUB_HIFLD_3513,SUB_HIFLD_4029,meso_SUB_HIFLD_3513_SUB_HIFLD_4029_fwd,800.0,0.8273583374023439,6.30315234375,0,672
SUB_HIFLD_3513,SUB_HIFLD_939,meso_SUB_HIFLD_3513_SUB_HIFLD_939_fwd,800.0,0.0,0.0,0,672
SUB_HIFLD_3514,SUB_HIFLD_4373,meso_SUB_HIFLD_3514_SUB_HIFLD_4373_fwd,800.0,17.292927113575235,80.12940556640626,0,672
SUB_HIFLD_3514,SUB_HIFLD_882,meso_SUB_HIFLD_3514_SUB_HIFLD_882_fwd,800.0,0.0,0.0,0,672
SUB_HIFLD_3514,SUB_HIFLD_2948,meso_SUB_HIFLD_3514_SUB_HIFLD_2948_rev,916.0,0.0,0.0,0,672
SUB_HIFLD_3523,SUB_16371,meso_SUB_HIFLD_3523_SUB_16371_rev,1500.0,0.06487160196570299,14.268954068615471,0,672
SUB_HIFLD_3523,SUB_HIFLD_2399,meso_SUB_HIFLD_3523_SUB_HIFLD_2399_rev,1500.0,0.0,0.0,0,672
SUB_HIFLD_3523,SUB_01222,meso_SUB_HIFLD_3523_SUB_01222_rev,1500.0,149.52322889030694,379.72594930418165,0,672
SUB_HIFLD_3525,SUB_HIFLD_2365,meso_SUB_HIFLD_3525_SUB_HIFLD_2365_rev,800.0,0.0,0.0,0,672
SUB_HIFLD_3525,SUB_HIFLD_4335,meso_SUB_HIFLD_3525_SUB_HIFLD_4335_fwd,800.0,0.0,0.0,0,672
SUB_HIFLD_3525,SUB_25859,meso_SUB_HIFLD_3525_SUB_25859_rev,50.0,0.0,0.0,0,672
SUB_HIFLD_3526,SUB_HIFLD_2425,meso_SUB_HIFLD_3526_SUB_HIFLD_2425_rev,800.0,75.38288008749423,114.298853515625,0,672
SUB_HIFLD_3527,SUB_HIFLD_2431,meso_SUB_HIFLD_3527_SUB_HIFLD_2431_rev,4000.0,0.0,0.0,0,672
SUB_HIFLD_3527,SUB_HIFLD_2435,meso_SUB_HIFLD_3527_SUB_HIFLD_2435_rev,800.0,0.0,0.0,0,672
SUB_HIFLD_3527,SUB_HIFLD_2419,meso_SUB_HIFLD_3527_SUB_HIFLD_2419_rev,800.0,10.50810185574406,43.5875362435567,0,672
SUB_HIFLD_3528,SUB_HIFLD_3529,meso_SUB_HIFLD_3528_SUB_HIFLD_3529_fwd,800.0,0.0,0.0,0,672
SUB_HIFLD_3529,SUB_HIFLD_2739,meso_SUB_HIFLD_3529_SUB_HIFLD_2739_rev,800.0,12.902043237135725,29.058375479651833,0,672
SUB_HIFLD_3529,SUB_HIFLD_3528,meso_SUB_HIFLD_3529_SUB_HIFLD_3528_rev,800.0,0.0,0.0,0,672
SUB_HIFLD_3529,SUB_HIFLD_2442,meso_SUB_HIFLD_3529_SUB_HIFLD_2442_rev,800.0,10.69453880170903,28.890747897298418,0,672
SUB_HIFLD_3529,SUB_HIFLD_3530,meso_SUB_HIFLD_3529_SUB_HIFLD_3530_rev,50.0,2.2489479334610727,3.36611328125,0,672
SUB_HIFLD_3530,SUB_HIFLD_3529,meso_SUB_HIFLD_3530_SUB_HIFLD_3529_fwd,50.0,0.0,0.0,0,672
SUB_HIFLD_3547,SUB_HIFLD_28,meso_SUB_HIFLD_3547_SUB_HIFLD_28_rev,1500.0,0.0,0.0,0,672
SUB_HIFLD_3573,SUB_HIFLD_3201,meso_SUB_HIFLD_3573_SUB_HIFLD_3201_rev,4000.0,0.0,0.0,0,672
SUB_HIFLD_3573,SUB_HIFLD_3575,meso_SUB_HIFLD_3573_SUB_HIFLD_3575_fwd,4000.0,0.0,0.0,0,672
SUB_HIFLD_3573,WECC_SCE,iface_SUB_HIFLD_3573_WECC_SCE_to_ba,47851.31803460671,439.8663092747603,1170.331866162377,0,672
SUB_HIFLD_3574,SUB_HIFLD_1461,meso_SUB_HIFLD_3574_SUB_HIFLD_1461_rev,1500.0,0.0,0.0,0,672
SUB_HIFLD_3574,SUB_HIFLD_4252,meso_SUB_HIFLD_3574_SUB_HIFLD_4252_fwd,1500.0,0.0152906668526786,1.4884980468750024,0,672
SUB_HIFLD_3574,SUB_HIFLD_799,meso_SUB_HIFLD_3574_SUB_HIFLD_799_fwd,1500.0,0.7298644537647365,31.428000000000004,0,672
SUB_HIFLD_3574,SUB_HIFLD_803,meso_SUB_HIFLD_3574_SUB_HIFLD_803_fwd,1500.0,0.0,0.0,0,672
SUB_HIFLD_3575,SUB_HIFLD_2946,meso_SUB_HIFLD_3575_SUB_HIFLD_2946_rev,4000.0,115.1483566807384,330.26779517992657,0,672
SUB_HIFLD_3575,SUB_HIFLD_3573,meso_SUB_HIFLD_3575_SUB_HIFLD_3573_rev,4000.0,0.0008026702300577731,0.5393943945988235,0,672
SUB_HIFLD_3575,SUB_HIFLD_3900,meso_SUB_HIFLD_3575_SUB_HIFLD_3900_fwd,800.0,0.04138319484014249,4.6833196628349265,0,672
SUB_HIFLD_3575,SUB_HIFLD_439,meso_SUB_HIFLD_3575_SUB_HIFLD_439_fwd,1600.0,3.2512098202638717,12.677341430564276,0,672
SUB_HIFLD_3575,SUB_HIFLD_2978,meso_SUB_HIFLD_3575_SUB_HIFLD_2978_rev,8000.0,0.0,0.0,0,672
SUB_HIFLD_3575,SUB_HIFLD_3201,meso_SUB_HIFLD_3575_SUB_HIFLD_3201_rev,4000.0,0.0,0.0,0,672
SUB_HIFLD_3575,SUB_HIFLD_4220,meso_SUB_HIFLD_3575_SUB_HIFLD_4220_fwd,4000.0,0.0,0.0,0,672
SUB_HIFLD_3585,SUB_HIFLD_415,meso_SUB_HIFLD_3585_SUB_HIFLD_415_fwd,1500.0,0.0,0.0,0,672
SUB_HIFLD_3587,WEC_LADW,iface_SUB_HIFLD_3587_WEC_LADW_to_ba,1600.0,0.0,0.0,0,672
SUB_HIFLD_3588,SUB_HIFLD_3755,meso_SUB_HIFLD_3588_SUB_HIFLD_3755_fwd,800.0,0.0,0.0,0,672
SUB_HIFLD_3588,WEC_LADW,iface_SUB_HIFLD_3588_WEC_LADW_to_ba,230.70705738862964,0.0,0.0,0,672
SUB_HIFLD_3591,SUB_HIFLD_1657,meso_SUB_HIFLD_3591_SUB_HIFLD_1657_rev,800.0,0.0,0.0,0,672
SUB_HIFLD_3592,SUB_HIFLD_1556,meso_SUB_HIFLD_3592_SUB_HIFLD_1556_rev,800.0,0.0,0.0,0,672
SUB_HIFLD_3592,SUB_HIFLD_3731,meso_SUB_HIFLD_3592_SUB_HIFLD_3731_fwd,800.0,0.010975648163443914,2.0,0,672
SUB_HIFLD_3593,SUB_HIFLD_2744,meso_SUB_HIFLD_3593_SUB_HIFLD_2744_rev,800.0,0.3553841991341991,3.3636363636363633,0,672
SUB_HIFLD_3602,SUB_HIFLD_2118,meso_SUB_HIFLD_3602_SUB_HIFLD_2118_rev,600.0,0.007281503129602358,4.8931701030927846,0,672
SUB_HIFLD_3602,SUB_HIFLD_3618,meso_SUB_HIFLD_3602_SUB_HIFLD_3618_fwd,600.0,0.0,0.0,0,672
SUB_HIFLD_3605,SUB_HIFLD_3180,meso_SUB_HIFLD_3605_SUB_HIFLD_3180_rev,600.0,0.0,0.0,0,672
SUB_HIFLD_3605,SUB_HIFLD_1450,meso_SUB_HIFLD_3605_SUB_HIFLD_1450_fwd,269.54527275,7.017262307379223,21.939858042928552,0,672
SUB_HIFLD_3606,SUB_HIFLD_2559,meso_SUB_HIFLD_3606_SUB_HIFLD_2559_rev,800.0,1.5741189708638832,23.9,0,672
SUB_HIFLD_3606,SUB_HIFLD_850,meso_SUB_HIFLD_3606_SUB_HIFLD_850_fwd,800.0,8.959145606870143,23.9,0,672
SUB_HIFLD_3606,SUB_HIFLD_854,meso_SUB_HIFLD_3606_SUB_HIFLD_854_fwd,800.0,0.0,0.0,0,672
SUB_HIFLD_3607,SUB_HIFLD_1489,meso_SUB_HIFLD_3607_SUB_HIFLD_1489_rev,800.0,0.0,0.0,0,672
SUB_HIFLD_3607,SUB_HIFLD_555,meso_SUB_HIFLD_3607_SUB_HIFLD_555_fwd,800.0,0.07148133941971523,1.2581808844653009,0,672
SUB_HIFLD_3618,SUB_HIFLD_3174,meso_SUB_HIFLD_3618_SUB_HIFLD_3174_rev,600.0,0.0,0.0,0,672
SUB_HIFLD_3618,SUB_HIFLD_3602,meso_SUB_HIFLD_3618_SUB_HIFLD_3602_rev,600.0,2.608948806657771,7.739737723066015,0,672
SUB_HIFLD_3623,SUB_25470,meso_SUB_HIFLD_3623_SUB_25470_rev,1500.0,9.485159442585124,22.98035196520619,0,672
SUB_HIFLD_3623,SUB_HIFLD_1153,meso_SUB_HIFLD_3623_SUB_HIFLD_1153_rev,1500.0,0.0,0.0,0,672
SUB_HIFLD_3623,SUB_HIFLD_1833,meso_SUB_HIFLD_3623_SUB_HIFLD_1833_rev,1500.0,0.0,0.0,0,672
SUB_HIFLD_3623,SUB_HIFLD_1836,meso_SUB_HIFLD_3623_SUB_HIFLD_1836_rev,1500.0,0.0,0.0,0,672
SUB_HIFLD_3623,SUB_HIFLD_2705,meso_SUB_HIFLD_3623_SUB_HIFLD_2705_rev,1500.0,0.0,0.0,0,672
SUB_HIFLD_3625,SUB_HIFLD_3356,meso_SUB_HIFLD_3625_SUB_HIFLD_3356_rev,1500.0,0.0,0.0,0,672
SUB_HIFLD_3631,SUB_18301,meso_SUB_HIFLD_3631_SUB_18301_rev,1600.0,0.0,0.0,0,672
SUB_HIFLD_3631,SUB_25224,meso_SUB_HIFLD_3631_SUB_25224_rev,2300.0,6.206554232961873,78.3966990962775,0,672
SUB_HIFLD_3631,SUB_25276,meso_SUB_HIFLD_3631_SUB_25276_rev,1600.0,27.79775514163719,95.00757991268226,0,672
SUB_HIFLD_3631,SUB_25360,meso_SUB_HIFLD_3631_SUB_25360_rev,600.0,1.1331921964665002,32.192131173029146,0,672
SUB_HIFLD_3631,SUB_HIFLD_211,meso_SUB_HIFLD_3631_SUB_HIFLD_211_rev,1600.0,1.4805226901371897,44.85069277032289,0,672
SUB_HIFLD_3631,SUB_HIFLD_2722,meso_SUB_HIFLD_3631_SUB_HIFLD_2722_rev,600.0,2.0764958443446466,3.3938407259500396,0,672
SUB_HIFLD_3631,SUB_HIFLD_3296,meso_SUB_HIFLD_3631_SUB_HIFLD_3296_rev,800.0,0.0,0.0,0,672
SUB_HIFLD_3631,SUB_25418,meso_SUB_HIFLD_3631_SUB_25418_rev,944.0,0.0,0.0,0,672
SUB_HIFLD_3631,SUB_HIFLD_464,meso_SUB_HIFLD_3631_SUB_HIFLD_464_rev,50.0,0.0,0.0,0,672
SUB_HIFLD_3631,SUB_HIFLD_3888,meso_SUB_HIFLD_3631_SUB_HIFLD_3888_rev,50.0,0.0,0.0,0,672
SUB_HIFLD_3637,SUB_HIFLD_2380,meso_SUB_HIFLD_3637_SUB_HIFLD_2380_rev,800.0,0.0,0.0,0,672
SUB_HIFLD_3637,SUB_HIFLD_4012,meso_SUB_HIFLD_3637_SUB_HIFLD_4012_fwd,800.0,0.0,0.0,0,672
SUB_HIFLD_3637,SUB_HIFLD_2385,meso_SUB_HIFLD_3637_SUB_HIFLD_2385_rev,800.0,0.0,0.0,0,672
SUB_HIFLD_3638,SUB_HIFLD_2395,meso_SUB_HIFLD_3638_SUB_HIFLD_2395_rev,800.0,0.0,0.0,0,672
SUB_HIFLD_3638,SUB_HIFLD_4347,meso_SUB_HIFLD_3638_SUB_HIFLD_4347_fwd,800.0,0.0,0.0,0,672
SUB_HIFLD_3652,SUB_HIFLD_433,meso_SUB_HIFLD_3652_SUB_HIFLD_433_fwd,1500.0,0.0,0.0,0,672
SUB_HIFLD_3652,SUB_HIFLD_4003,meso_SUB_HIFLD_3652_SUB_HIFLD_4003_rev,50.0,0.21139751706102283,0.5418256307385632,0,672
SUB_HIFLD_3653,SUB_HIFLD_2430,meso_SUB_HIFLD_3653_SUB_HIFLD_2430_rev,800.0,0.0,0.0,0,672
SUB_HIFLD_3654,SUB_HIFLD_2415,meso_SUB_HIFLD_3654_SUB_HIFLD_2415_rev,800.0,0.0,0.0,0,672
SUB_HIFLD_3654,SUB_HIFLD_2739,meso_SUB_HIFLD_3654_SUB_HIFLD_2739_rev,800.0,0.0,0.0,0,672
SUB_HIFLD_3655,SUB_HIFLD_3656,meso_SUB_HIFLD_3655_SUB_HIFLD_3656_fwd,600.0,0.0,0.0,0,672
SUB_HIFLD_3656,SUB_HIFLD_3655,meso_SUB_HIFLD_3656_SUB_HIFLD_3655_rev,600.0,17.78155903501139,34.266333762886596,0,672
SUB_HIFLD_3656,SUB_HIFLD_869,meso_SUB_HIFLD_3656_SUB_HIFLD_869_fwd,600.0,0.0,0.0,0,672
SUB_HIFLD_3656,SUB_HIFLD_838,meso_SUB_HIFLD_3656_SUB_HIFLD_838_fwd,15000.0,0.0,0.0,0,672
SUB_HIFLD_3657,SUB_HIFLD_3984,meso_SUB_HIFLD_3657_SUB_HIFLD_3984_fwd,600.0,4.777524636207005,13.413933634020621,0,672
SUB_HIFLD_3657,SUB_HIFLD_803,meso_SUB_HIFLD_3657_SUB_HIFLD_803_fwd,600.0,5.7815589392466,31.32544901739691,0,672
SUB_HIFLD_3657,SUB_HIFLD_860,meso_SUB_HIFLD_3657_SUB_HIFLD_860_fwd,600.0,12.665354898123956,125.52728607287672,0,672
SUB_HIFLD_3657,SUB_HIFLD_869,meso_SUB_HIFLD_3657_SUB_HIFLD_869_fwd,600.0,0.0,0.0,0,672
SUB_HIFLD_3658,SUB_HIFLD_150,meso_SUB_HIFLD_3658_SUB_HIFLD_150_rev,4000.0,0.0,0.0,0,672
SUB_HIFLD_3658,SUB_HIFLD_3059,meso_SUB_HIFLD_3658_SUB_HIFLD_3059_rev,4000.0,0.0,0.0,0,672
SUB_HIFLD_3658,SUB_HIFLD_3368,meso_SUB_HIFLD_3658_SUB_HIFLD_3368_rev,4000.0,0.0,0.0,0,672
SUB_HIFLD_3658,SUB_HIFLD_552,meso_SUB_HIFLD_3658_SUB_HIFLD_552_fwd,1500.0,0.020044928075414862,13.470191666678787,0,672
SUB_HIFLD_3658,SUB_HIFLD_870,meso_SUB_HIFLD_3658_SUB_HIFLD_870_fwd,4000.0,0.0,0.0,0,672
SUB_HIFLD_3658,SUB_HIFLD_874,meso_SUB_HIFLD_3658_SUB_HIFLD_874_fwd,800.0,0.8923757637042481,10.113215482443232,0,672
SUB_HIFLD_3659,SUB_HIFLD_1060,meso_SUB_HIFLD_3659_SUB_HIFLD_1060_rev,4000.0,0.0,0.0,0,672
SUB_HIFLD_3659,SUB_HIFLD_797,meso_SUB_HIFLD_3659_SUB_HIFLD_797_fwd,800.0,0.0,0.0,0,672
SUB_HIFLD_3659,SUB_HIFLD_827,meso_SUB_HIFLD_3659_SUB_HIFLD_827_fwd,800.0,8.52513152610395,109.16151772021573,0,672
SUB_HIFLD_3659,SUB_HIFLD_850,meso_SUB_HIFLD_3659_SUB_HIFLD_850_fwd,800.0,0.0,0.0,0,672
SUB_HIFLD_3659,SUB_HIFLD_854,meso_SUB_HIFLD_3659_SUB_HIFLD_854_fwd,800.0,0.0,0.0,0,672
SUB_HIFLD_3659,SUB_HIFLD_150,meso_SUB_HIFLD_3659_SUB_HIFLD_150_rev,4000.0,0.0,0.0,0,672
SUB_HIFLD_3659,SUB_HIFLD_3015,meso_SUB_HIFLD_3659_SUB_HIFLD_3015_rev,800.0,0.0,0.0,0,672
SUB_HIFLD_3659,SUB_HIFLD_4314,meso_SUB_HIFLD_3659_SUB_HIFLD_4314_fwd,800.0,0.04521068077233553,15.207619367095345,0,672
SUB_HIFLD_3659,SUB_HIFLD_805,meso_SUB_HIFLD_3659_SUB_HIFLD_805_fwd,800.0,53.31142703255422,239.06367363795795,0,672
SUB_HIFLD_3659,SUB_HIFLD_852,meso_SUB_HIFLD_3659_SUB_HIFLD_852_fwd,800.0,32.46321658346722,72.61078221649485,0,672
SUB_HIFLD_3659,SUB_HIFLD_856,meso_SUB_HIFLD_3659_SUB_HIFLD_856_fwd,800.0,0.0,0.0,0,672
SUB_HIFLD_3659,SUB_HIFLD_870,meso_SUB_HIFLD_3659_SUB_HIFLD_870_fwd,8000.0,0.0,0.0,0,672
SUB_HIFLD_3659,SUB_HIFLD_872,meso_SUB_HIFLD_3659_SUB_HIFLD_872_fwd,800.0,0.11164454053586294,21.485103898195877,0,672
SUB_HIFLD_3660,SUB_HIFLD_4302,meso_SUB_HIFLD_3660_SUB_HIFLD_4302_fwd,800.0,0.5261749037093608,1.6359734211124737,0,672
SUB_HIFLD_3661,SUB_HIFLD_4200,meso_SUB_HIFLD_3661_SUB_HIFLD_4200_fwd,800.0,0.0,0.0,0,672
SUB_HIFLD_3661,SUB_HIFLD_844,meso_SUB_HIFLD_3661_SUB_HIFLD_844_fwd,800.0,0.0,0.0,0,672
SUB_HIFLD_3661,SUB_HIFLD_868,meso_SUB_HIFLD_3661_SUB_HIFLD_868_fwd,800.0,0.0,0.0,0,672
SUB_HIFLD_3662,SUB_HIFLD_4257,meso_SUB_HIFLD_3662_SUB_HIFLD_4257_fwd,800.0,0.0,0.0,0,672
SUB_HIFLD_3662,SUB_HIFLD_811,meso_SUB_HIFLD_3662_SUB_HIFLD_811_fwd,4000.0,0.0,0.0,0,672
SUB_HIFLD_3662,SUB_HIFLD_841,meso_SUB_HIFLD_3662_SUB_HIFLD_841_fwd,15000.0,0.0,0.0,0,672
SUB_HIFLD_3663,SUB_HIFLD_852,meso_SUB_HIFLD_3663_SUB_HIFLD_852_fwd,800.0,1.0541251386240638,3.2774666696533106,0,672
SUB_HIFLD_3664,SUB_HIFLD_1044,meso_SUB_HIFLD_3664_SUB_HIFLD_1044_rev,800.0,0.06992866308047858,20.9147761390063,0,672
SUB_HIFLD_3664,SUB_HIFLD_1468,meso_SUB_HIFLD_3664_SUB_HIFLD_1468_rev,800.0,0.0,0.0,0,672
SUB_HIFLD_3664,SUB_HIFLD_548,meso_SUB_HIFLD_3664_SUB_HIFLD_548_fwd,800.0,0.46653469669105957,20.651259745489686,0,672
SUB_HIFLD_3664,SUB_HIFLD_870,meso_SUB_HIFLD_3664_SUB_HIFLD_870_fwd,800.0,0.0,0.0,0,672
SUB_HIFLD_3664,SUB_HIFLD_3969,meso_SUB_HIFLD_3664_SUB_HIFLD_3969_fwd,600.0,12.58116409384157,24.149414062499996,0,672
SUB_HIFLD_3664,SUB_HIFLD_805,meso_SUB_HIFLD_3664_SUB_HIFLD_805_fwd,800.0,2.342781561879067,28.769810657619196,0,672
SUB_HIFLD_3664,SUB_HIFLD_814,meso_SUB_HIFLD_3664_SUB_HIFLD_814_fwd,800.0,0.3312598305499755,16.492137877879557,0,672
SUB_HIFLD_3665,SUB_HIFLD_818,meso_SUB_HIFLD_3665_SUB_HIFLD_818_fwd,800.0,0.0,0.0,0,672
SUB_HIFLD_3665,SUB_HIFLD_846,meso_SUB_HIFLD_3665_SUB_HIFLD_846_fwd,800.0,0.0,0.0,0,672
SUB_HIFLD_3665,SUB_HIFLD_3109,meso_SUB_HIFLD_3665_SUB_HIFLD_3109_rev,50.0,0.0,0.0,0,672
SUB_HIFLD_3666,SUB_HIFLD_796,meso_SUB_HIFLD_3666_SUB_HIFLD_796_fwd,800.0,0.0,0.0,0,672
SUB_HIFLD_3666,SUB_HIFLD_807,meso_SUB_HIFLD_3666_SUB_HIFLD_807_fwd,600.0,0.0,0.0,0,672
SUB_HIFLD_3667,SUB_HIFLD_3377,meso_SUB_HIFLD_3667_SUB_HIFLD_3377_rev,800.0,0.0,0.0,0,672
SUB_HIFLD_3668,SUB_HIFLD_802,meso_SUB_HIFLD_3668_SUB_HIFLD_802_fwd,800.0,0.0,0.0,0,672
SUB_HIFLD_3669,SUB_HIFLD_807,meso_SUB_HIFLD_3669_SUB_HIFLD_807_fwd,1500.0,0.0,0.0,0,672
SUB_HIFLD_3670,SUB_HIFLD_3671,meso_SUB_HIFLD_3670_SUB_HIFLD_3671_fwd,800.0,0.0,0.0,0,672
SUB_HIFLD_3670,SUB_HIFLD_802,meso_SUB_HIFLD_3670_SUB_HIFLD_802_fwd,800.0,0.0,0.0,0,672
SUB_HIFLD_3671,SUB_HIFLD_3670,meso_SUB_HIFLD_3671_SUB_HIFLD_3670_rev,800.0,0.0,0.0,0,672
SUB_HIFLD_3671,SUB_HIFLD_809,meso_SUB_HIFLD_3671_SUB_HIFLD_809_fwd,800.0,1.1331845240208687,3.523276669877309,0,672
SUB_HIFLD_3672,SUB_HIFLD_4425,meso_SUB_HIFLD_3672_SUB_HIFLD_4425_fwd,1500.0,0.0,0.0,0,672
SUB_HIFLD_3673,SUB_HIFLD_1448,meso_SUB_HIFLD_3673_SUB_HIFLD_1448_rev,600.0,89.98758486171808,364.93153835112037,0,672
SUB_HIFLD_3673,SUB_HIFLD_3674,meso_SUB_HIFLD_3673_SUB_HIFLD_3674_fwd,600.0,0.5062502489166517,1.6853630144571523,0,672
SUB_HIFLD_3673,SUB_HIFLD_867,meso_SUB_HIFLD_3673_SUB_HIFLD_867_fwd,600.0,0.0,0.0,0,672
SUB_HIFLD_3674,SUB_HIFLD_3673,meso_SUB_HIFLD_3674_SUB_HIFLD_3673_rev,600.0,92.87600117877602,376.3159429865418,0,672
SUB_HIFLD_3674,SUB_HIFLD_3675,meso_SUB_HIFLD_3674_SUB_HIFLD_3675_fwd,600.0,0.0,0.0,0,672
SUB_HIFLD_3675,SUB_HIFLD_3674,meso_SUB_HIFLD_3675_SUB_HIFLD_3674_rev,600.0,96.20586261337402,388.54219340792,0,672
SUB_HIFLD_3675,SUB_HIFLD_3676,meso_SUB_HIFLD_3675_SUB_HIFLD_3676_fwd,600.0,36.63901965436766,313.97481221751735,0,672
SUB_HIFLD_3675,SUB_HIFLD_3677,meso_SUB_HIFLD_3675_SUB_HIFLD_3677_fwd,600.0,1.0901435327631945,2.5453449681862113,0,672
SUB_HIFLD_3676,SUB_HIFLD_3675,meso_SUB_HIFLD_3676_SUB_HIFLD_3675_rev,600.0,4.940084095879131,14.915740871439578,0,672
SUB_HIFLD_3676,SUB_HIFLD_3678,meso_SUB_HIFLD_3676_SUB_HIFLD_3678_fwd,600.0,9.475060397027438,23.294860336583817,0,672
SUB_HIFLD_3676,SUB_HIFLD_867,meso_SUB_HIFLD_3676_SUB_HIFLD_867_fwd,600.0,35.08259852229897,307.9101461758897,0,672
SUB_HIFLD_3677,SUB_HIFLD_3675,meso_SUB_HIFLD_3677_SUB_HIFLD_3675_rev,600.0,140.45275547135466,437.64574792980585,0,672
SUB_HIFLD_3678,SUB_HIFLD_3676,meso_SUB_HIFLD_3678_SUB_HIFLD_3676_rev,600.0,1.4799350597368024,10.27042437050812,0,672
SUB_HIFLD_3678,SUB_HIFLD_3993,meso_SUB_HIFLD_3678_SUB_HIFLD_3993_fwd,600.0,5.6060288115029975,15.509032104611299,0,672
SUB_HIFLD_3679,SUB_HIFLD_873,meso_SUB_HIFLD_3679_SUB_HIFLD_873_fwd,1500.0,0.0,0.0,0,672
SUB_HIFLD_3679,SUB_HIFLD_4001,meso_SUB_HIFLD_3679_SUB_HIFLD_4001_rev,197.15518008376003,8.342870441300061,11.0372684439433,0,672
SUB_HIFLD_3680,SUB_HIFLD_2945,meso_SUB_HIFLD_3680_SUB_HIFLD_2945_rev,1500.0,0.0,0.0,0,672
SUB_HIFLD_3681,SUB_HIFLD_4322,meso_SUB_HIFLD_3681_SUB_HIFLD_4322_fwd,50.0,0.0,0.0,0,672
SUB_HIFLD_3682,SUB_HIFLD_3015,meso_SUB_HIFLD_3682_SUB_HIFLD_3015_rev,800.0,0.0,0.0,0,672
SUB_HIFLD_3682,SUB_HIFLD_801,meso_SUB_HIFLD_3682_SUB_HIFLD_801_fwd,800.0,47.266398257750865,103.56692976804125,0,672
SUB_HIFLD_3682,SUB_HIFLD_1060,meso_SUB_HIFLD_3682_SUB_HIFLD_1060_rev,800.0,0.0,0.0,0,672
SUB_HIFLD_3683,SUB_HIFLD_3435,meso_SUB_HIFLD_3683_SUB_HIFLD_3435_rev,800.0,0.0,0.0,0,672
SUB_HIFLD_3684,SUB_HIFLD_3063,meso_SUB_HIFLD_3684_SUB_HIFLD_3063_rev,1500.0,0.0,0.0,0,672
SUB_HIFLD_3684,SUB_HIFLD_2946,meso_SUB_HIFLD_3684_SUB_HIFLD_2946_rev,1600.0,0.0,0.0,0,672
SUB_HIFLD_3685,SUB_HIFLD_1763,meso_SUB_HIFLD_3685_SUB_HIFLD_1763_rev,800.0,0.0,0.0,0,672
SUB_HIFLD_3686,SUB_HIFLD_4400,meso_SUB_HIFLD_3686_SUB_HIFLD_4400_fwd,800.0,0.0,0.0,0,672
SUB_HIFLD_3686,SUB_HIFLD_570,meso_SUB_HIFLD_3686_SUB_HIFLD_570_fwd,800.0,0.0,0.0,0,672
SUB_HIFLD_3687,SUB_HIFLD_3342,meso_SUB_HIFLD_3687_SUB_HIFLD_3342_rev,600.0,0.0,0.0,0,672
SUB_HIFLD_3687,SUB_HIFLD_585,meso_SUB_HIFLD_3687_SUB_HIFLD_585_fwd,600.0,0.0,0.0,0,672
SUB_HIFLD_3688,SUB_HIFLD_584,meso_SUB_HIFLD_3688_SUB_HIFLD_584_fwd,1500.0,0.0,0.0,0,672
SUB_HIFLD_3688,SUB_HIFLD_2538,meso_SUB_HIFLD_3688_SUB_HIFLD_2538_rev,1500.0,0.0,0.0,0,672
SUB_HIFLD_3688,SUB_HIFLD_576,meso_SUB_HIFLD_3688_SUB_HIFLD_576_fwd,1500.0,0.0,0.0,0,672
SUB_HIFLD_3689,SUB_HIFLD_552,meso_SUB_HIFLD_3689_SUB_HIFLD_552_fwd,600.0,0.0,0.0,0,672
SUB_HIFLD_3689,SUB_HIFLD_565,meso_SUB_HIFLD_3689_SUB_HIFLD_565_fwd,600.0,0.0,0.0,0,672
SUB_HIFLD_3690,SUB_HIFLD_2970,meso_SUB_HIFLD_3690_SUB_HIFLD_2970_rev,1500.0,0.0,0.0,0,672
SUB_HIFLD_3690,SUB_HIFLD_562,meso_SUB_HIFLD_3690_SUB_HIFLD_562_fwd,1500.0,0.0,0.0,0,672
SUB_HIFLD_3690,SUB_HIFLD_564,meso_SUB_HIFLD_3690_SUB_HIFLD_564_fwd,1500.0,0.0,0.0,0,672
SUB_HIFLD_3690,SUB_HIFLD_586,meso_SUB_HIFLD_3690_SUB_HIFLD_586_fwd,1500.0,0.10262840939095559,26.38452460903242,0,672
SUB_HIFLD_3691,SUB_HIFLD_3692,meso_SUB_HIFLD_3691_SUB_HIFLD_3692_fwd,600.0,11.145955138471,21.81476924935567,0,672
SUB_HIFLD_3691,SUB_HIFLD_3936,meso_SUB_HIFLD_3691_SUB_HIFLD_3936_fwd,600.0,5.5645186763451235,8.559193553877936,0,672
SUB_HIFLD_3691,SUB_HIFLD_588,meso_SUB_HIFLD_3691_SUB_HIFLD_588_fwd,600.0,0.0,0.0,0,672
SUB_HIFLD_3692,SUB_HIFLD_3691,meso_SUB_HIFLD_3692_SUB_HIFLD_3691_rev,600.0,0.0,0.0,0,672
SUB_HIFLD_3696,SUB_HIFLD_1977,meso_SUB_HIFLD_3696_SUB_HIFLD_1977_rev,800.0,3.734060699631528,9.32730763419485,0,672
SUB_HIFLD_3696,SUB_HIFLD_2679,meso_SUB_HIFLD_3696_SUB_HIFLD_2679_rev,50.0,0.0,0.0,0,672
SUB_HIFLD_3697,SUB_HIFLD_1956,meso_SUB_HIFLD_3697_SUB_HIFLD_1956_rev,800.0,0.0,0.0,0,672
SUB_HIFLD_3697,SUB_HIFLD_1983,meso_SUB_HIFLD_3697_SUB_HIFLD_1983_rev,800.0,0.0,0.0,0,672
SUB_HIFLD_3697,SUB_HIFLD_2809,meso_SUB_HIFLD_3697_SUB_HIFLD_2809_rev,800.0,0.0,0.0,0,672
SUB_HIFLD_3697,SUB_HIFLD_2829,meso_SUB_HIFLD_3697_SUB_HIFLD_2829_rev,800.0,0.0,0.0,0,672
SUB_HIFLD_3697,SUB_HIFLD_3157,meso_SUB_HIFLD_3697_SUB_HIFLD_3157_rev,800.0,0.0,0.0,0,672
SUB_HIFLD_3697,SUB_HIFLD_3347,meso_SUB_HIFLD_3697_SUB_HIFLD_3347_rev,800.0,11.408406678534979,26.741422659239163,0,672
SUB_HIFLD_3697,SUB_HIFLD_4145,meso_SUB_HIFLD_3697_SUB_HIFLD_4145_fwd,800.0,9.44601696615542,17.9451896746134,0,672
SUB_HIFLD_3698,SUB_HIFLD_1494,meso_SUB_HIFLD_3698_SUB_HIFLD_1494_rev,800.0,0.0,0.0,0,672
SUB_HIFLD_3698,SUB_HIFLD_1926,meso_SUB_HIFLD_3698_SUB_HIFLD_1926_rev,800.0,0.0,0.0,0,672
SUB_HIFLD_3698,SUB_HIFLD_2633,meso_SUB_HIFLD_3698_SUB_HIFLD_2633_rev,800.0,8.851812607058722,16.743853696842784,0,672
SUB_HIFLD_3698,SUB_HIFLD_4201,meso_SUB_HIFLD_3698_SUB_HIFLD_4201_rev,70.32643604769027,3.280538407998004,7.140419951868829,0,672
SUB_HIFLD_3699,SUB_HIFLD_1493,meso_SUB_HIFLD_3699_SUB_HIFLD_1493_rev,800.0,0.049407746646813674,16.8145138007825,0,672
SUB_HIFLD_3699,SUB_HIFLD_1961,meso_SUB_HIFLD_3699_SUB_HIFLD_1961_rev,800.0,0.0,0.0,0,672
SUB_HIFLD_3699,SUB_HIFLD_2685,meso_SUB_HIFLD_3699_SUB_HIFLD_2685_rev,800.0,0.18704467467487504,1.6982993214400774,0,672
SUB_HIFLD_3699,SUB_HIFLD_4125,meso_SUB_HIFLD_3699_SUB_HIFLD_4125_fwd,800.0,13.528707084781061,29.428860987070227,0,672
SUB_HIFLD_3699,SUB_HIFLD_1948,meso_SUB_HIFLD_3699_SUB_HIFLD_1948_rev,800.0,0.0,0.0,0,672
SUB_HIFLD_3700,SUB_HIFLD_1493,meso_SUB_HIFLD_3700_SUB_HIFLD_1493_rev,800.0,0.2868871042213979,22.30027117279666,0,672
SUB_HIFLD_3700,SUB_HIFLD_1961,meso_SUB_HIFLD_3700_SUB_HIFLD_1961_rev,800.0,0.0,0.0,0,672
SUB_HIFLD_3700,SUB_HIFLD_2645,meso_SUB_HIFLD_3700_SUB_HIFLD_2645_rev,800.0,0.0,0.0,0,672
SUB_HIFLD_3700,SUB_HIFLD_2936,meso_SUB_HIFLD_3700_SUB_HIFLD_2936_rev,800.0,0.0,0.0,0,672
SUB_HIFLD_3701,SUB_HIFLD_1492,meso_SUB_HIFLD_3701_SUB_HIFLD_1492_rev,1600.0,0.0,0.0,0,672
SUB_HIFLD_3701,SUB_HIFLD_1925,meso_SUB_HIFLD_3701_SUB_HIFLD_1925_rev,800.0,0.0,0.0,0,672
SUB_HIFLD_3701,SUB_HIFLD_1997,meso_SUB_HIFLD_3701_SUB_HIFLD_1997_rev,800.0,31.875058523715023,61.99761179123711,0,672
SUB_HIFLD_3701,SUB_HIFLD_2966,meso_SUB_HIFLD_3701_SUB_HIFLD_2966_rev,800.0,0.37740032623222575,2.533913465498459,0,672
SUB_HIFLD_3701,SUB_HIFLD_4210,meso_SUB_HIFLD_3701_SUB_HIFLD_4210_fwd,800.0,0.0,0.0,0,672
SUB_HIFLD_3701,SUB_HIFLD_4211,meso_SUB_HIFLD_3701_SUB_HIFLD_4211_fwd,800.0,2.5863193036392707,7.088426229416318,0,672
SUB_HIFLD_3701,SUB_HIFLD_1994,meso_SUB_HIFLD_3701_SUB_HIFLD_1994_rev,800.0,0.0,0.0,0,672
SUB_HIFLD_3702,SUB_HIFLD_1994,meso_SUB_HIFLD_3702_SUB_HIFLD_1994_rev,800.0,0.0,0.0,0,672
SUB_HIFLD_3702,SUB_HIFLD_3390,meso_SUB_HIFLD_3702_SUB_HIFLD_3390_rev,800.0,0.0,0.0,0,672
SUB_HIFLD_3702,SUB_HIFLD_1948,meso_SUB_HIFLD_3702_SUB_HIFLD_1948_rev,800.0,0.0,0.0,0,672
SUB_HIFLD_3702,SUB_HIFLD_1961,meso_SUB_HIFLD_3702_SUB_HIFLD_1961_rev,800.0,0.0,0.0,0,672
SUB_HIFLD_3703,SUB_HIFLD_1958,meso_SUB_HIFLD_3703_SUB_HIFLD_1958_rev,800.0,4.090909090909092,4.090909090909091,0,672
SUB_HIFLD_3704,SUB_HIFLD_4114,meso_SUB_HIFLD_3704_SUB_HIFLD_4114_fwd,800.0,1.0213512566725178,1.6748648417364689,0,672
SUB_HIFLD_3704,SUB_HIFLD_1030,meso_SUB_HIFLD_3704_SUB_HIFLD_1030_rev,800.0,0.0,0.0,0,672
SUB_HIFLD_3704,SUB_HIFLD_887,meso_SUB_HIFLD_3704_SUB_HIFLD_887_fwd,1600.0,0.0,0.0,0,672
SUB_HIFLD_3705,SUB_HIFLD_2542,meso_SUB_HIFLD_3705_SUB_HIFLD_2542_rev,800.0,12.531398389897618,24.07061394204724,0,672
SUB_HIFLD_3705,SUB_HIFLD_881,meso_SUB_HIFLD_3705_SUB_HIFLD_881_fwd,800.0,0.0,0.0,0,672
SUB_HIFLD_3706,SUB_HIFLD_898,meso_SUB_HIFLD_3706_SUB_HIFLD_898_fwd,800.0,2.8342263752052306,10.375675539626288,0,672
SUB_HIFLD_3706,SUB_HIFLD_908,meso_SUB_HIFLD_3706_SUB_HIFLD_908_fwd,800.0,2.41060043174716,41.27823648272382,0,672
SUB_HIFLD_3706,SUB_HIFLD_926,meso_SUB_HIFLD_3706_SUB_HIFLD_926_fwd,800.0,1.517970412554091,23.369271516435983,0,672
SUB_HIFLD_3706,SUB_HIFLD_952,meso_SUB_HIFLD_3706_SUB_HIFLD_952_fwd,800.0,5.104918069441067,29.702175215385537,0,672
SUB_HIFLD_3706,SUB_HIFLD_892,meso_SUB_HIFLD_3706_SUB_HIFLD_892_fwd,800.0,0.6503341596474325,17.790775273834456,0,672
SUB_HIFLD_3706,SUB_HIFLD_944,meso_SUB_HIFLD_3706_SUB_HIFLD_944_fwd,800.0,0.0,0.0,0,672
SUB_HIFLD_3707,SUB_HIFLD_3022,meso_SUB_HIFLD_3707_SUB_HIFLD_3022_rev,2000.0,0.0,0.0,0,672
SUB_HIFLD_3707,SUB_HIFLD_930,meso_SUB_HIFLD_3707_SUB_HIFLD_930_fwd,2000.0,0.0,0.0,0,672
SUB_HIFLD_3707,SUB_HIFLD_963,meso_SUB_HIFLD_3707_SUB_HIFLD_963_fwd,800.0,0.0,0.0,0,672
SUB_HIFLD_3707,SUB_HIFLD_972,meso_SUB_HIFLD_3707_SUB_HIFLD_972_fwd,800.0,72.96143262796767,182.37140752869595,0,672
SUB_HIFLD_3707,SUB_HIFLD_1162,meso_SUB_HIFLD_3707_SUB_HIFLD_1162_rev,2000.0,0.0,0.0,0,672
SUB_HIFLD_3708,SUB_HIFLD_928,meso_SUB_HIFLD_3708_SUB_HIFLD_928_fwd,4000.0,325.62920883969537,1162.6208226000235,0,672
SUB_HIFLD_3708,SUB_HIFLD_940,meso_SUB_HIFLD_3708_SUB_HIFLD_940_fwd,800.0,0.7218330480578301,2.0183825306056704,0,672
SUB_HIFLD_3708,WEC_SDGE,iface_SUB_HIFLD_3708_WEC_SDGE_to_ba,17966.827211250617,23.868484207161163,245.08108364862088,0,672
SUB_HIFLD_3714,SUB_HIFLD_1713,meso_SUB_HIFLD_3714_SUB_HIFLD_1713_rev,800.0,0.0,0.0,0,672
SUB_HIFLD_3714,SUB_HIFLD_4204,meso_SUB_HIFLD_3714_SUB_HIFLD_4204_fwd,800.0,0.0,0.0,0,672
SUB_HIFLD_3715,SUB_HIFLD_1645,meso_SUB_HIFLD_3715_SUB_HIFLD_1645_rev,800.0,0.0,0.0,0,672
SUB_HIFLD_3715,SUB_HIFLD_2998,meso_SUB_HIFLD_3715_SUB_HIFLD_2998_rev,800.0,0.0,0.0,0,672
SUB_HIFLD_3715,SUB_HIFLD_4436,meso_SUB_HIFLD_3715_SUB_HIFLD_4436_fwd,800.0,0.6052503158100746,68.68966485833478,0,672
SUB_HIFLD_3716,SUB_HIFLD_1555,meso_SUB_HIFLD_3716_SUB_HIFLD_1555_rev,800.0,0.0,0.0,0,672
SUB_HIFLD_3717,SUB_HIFLD_1541,meso_SUB_HIFLD_3717_SUB_HIFLD_1541_rev,800.0,0.0,0.0,0,672
SUB_HIFLD_3717,SUB_HIFLD_1555,meso_SUB_HIFLD_3717_SUB_HIFLD_1555_rev,800.0,0.0,0.0,0,672
SUB_HIFLD_3717,SUB_HIFLD_3718,meso_SUB_HIFLD_3717_SUB_HIFLD_3718_fwd,800.0,0.0,0.0,0,672
SUB_HIFLD_3718,SUB_HIFLD_1555,meso_SUB_HIFLD_3718_SUB_HIFLD_1555_rev,800.0,0.0,0.0,0,672
SUB_HIFLD_3718,SUB_HIFLD_3717,meso_SUB_HIFLD_3718_SUB_HIFLD_3717_rev,800.0,0.0,0.0,0,672
SUB_HIFLD_3719,SUB_HIFLD_1541,meso_SUB_HIFLD_3719_SUB_HIFLD_1541_rev,800.0,0.0,0.0,0,672
SUB_HIFLD_3720,SUB_HIFLD_1705,meso_SUB_HIFLD_3720_SUB_HIFLD_1705_rev,800.0,0.0,0.0,0,672
SUB_HIFLD_3721,SUB_HIFLD_2597,meso_SUB_HIFLD_3721_SUB_HIFLD_2597_rev,800.0,0.0,0.0,0,672
SUB_HIFLD_3722,SUB_HIFLD_1718,meso_SUB_HIFLD_3722_SUB_HIFLD_1718_rev,800.0,0.0,0.0,0,672
SUB_HIFLD_3722,SUB_HIFLD_2832,meso_SUB_HIFLD_3722_SUB_HIFLD_2832_rev,800.0,0.0,0.0,0,672
SUB_HIFLD_3723,SUB_HIFLD_1705,meso_SUB_HIFLD_3723_SUB_HIFLD_1705_fwd,118.18181818181816,7.953229121517823,9.560287286931818,0,672
SUB_HIFLD_3724,SUB_HIFLD_1534,meso_SUB_HIFLD_3724_SUB_HIFLD_1534_rev,800.0,0.0,0.0,0,672
SUB_HIFLD_3724,SUB_HIFLD_1718,meso_SUB_HIFLD_3724_SUB_HIFLD_1718_rev,800.0,5.301730629832474,9.611335172358247,0,672
SUB_HIFLD_3725,SUB_HIFLD_1613,meso_SUB_HIFLD_3725_SUB_HIFLD_1613_rev,800.0,0.0,0.0,0,672
SUB_HIFLD_3725,SUB_HIFLD_3762,meso_SUB_HIFLD_3725_SUB_HIFLD_3762_fwd,800.0,0.0,0.0,0,672
SUB_HIFLD_3726,SUB_HIFLD_1662,meso_SUB_HIFLD_3726_SUB_HIFLD_1662_rev,800.0,0.0,0.0,0,672
SUB_HIFLD_3726,SUB_HIFLD_3348,meso_SUB_HIFLD_3726_SUB_HIFLD_3348_rev,800.0,0.0,0.0,0,672
SUB_HIFLD_3727,SUB_HIFLD_1664,meso_SUB_HIFLD_3727_SUB_HIFLD_1664_rev,800.0,0.06099502433854761,1.9,0,672
SUB_HIFLD_3727,SUB_HIFLD_2533,meso_SUB_HIFLD_3727_SUB_HIFLD_2533_rev,800.0,0.7957765316513717,14.936167095903617,0,672
SUB_HIFLD_3728,SUB_HIFLD_1762,meso_SUB_HIFLD_3728_SUB_HIFLD_1762_rev,800.0,0.0,0.0,0,672
SUB_HIFLD_3729,SUB_HIFLD_3473,meso_SUB_HIFLD_3729_SUB_HIFLD_3473_rev,800.0,0.0,0.0,0,672
SUB_HIFLD_3730,SUB_HIFLD_1568,meso_SUB_HIFLD_3730_SUB_HIFLD_1568_rev,800.0,0.0,0.0,0,672
SUB_HIFLD_3730,SUB_HIFLD_1688,meso_SUB_HIFLD_3730_SUB_HIFLD_1688_rev,800.0,0.0,0.0,0,672
SUB_HIFLD_3730,SUB_HIFLD_4191,meso_SUB_HIFLD_3730_SUB_HIFLD_4191_fwd,800.0,0.0,0.0,0,672
SUB_HIFLD_3731,SUB_HIFLD_1580,meso_SUB_HIFLD_3731_SUB_HIFLD_1580_rev,800.0,0.0,0.0,0,672
SUB_HIFLD_3731,SUB_HIFLD_3396,meso_SUB_HIFLD_3731_SUB_HIFLD_3396_rev,800.0,0.0,0.0,0,672
SUB_HIFLD_3731,SUB_HIFLD_3592,meso_SUB_HIFLD_3731_SUB_HIFLD_3592_rev,800.0,0.0,0.0,0,672
SUB_HIFLD_3731,SUB_HIFLD_3751,meso_SUB_HIFLD_3731_SUB_HIFLD_3751_fwd,800.0,0.0,0.0,0,672
SUB_HIFLD_3732,SUB_HIFLD_3945,meso_SUB_HIFLD_3732_SUB_HIFLD_3945_fwd,800.0,0.0,0.0,0,672
SUB_HIFLD_3732,SUB_HIFLD_4196,meso_SUB_HIFLD_3732_SUB_HIFLD_4196_fwd,800.0,0.0,0.0,0,672
SUB_HIFLD_3733,SUB_HIFLD_1668,meso_SUB_HIFLD_3733_SUB_HIFLD_1668_rev,800.0,0.0,0.0,0,672
SUB_HIFLD_3733,SUB_HIFLD_2717,meso_SUB_HIFLD_3733_SUB_HIFLD_2717_rev,800.0,0.00023651566009125498,0.15893852358132335,0,672
SUB_HIFLD_3734,SUB_HIFLD_1744,meso_SUB_HIFLD_3734_SUB_HIFLD_1744_rev,800.0,0.0,0.0,0,672
SUB_HIFLD_3734,SUB_HIFLD_1773,meso_SUB_HIFLD_3734_SUB_HIFLD_1773_rev,800.0,0.0,0.0,0,672
SUB_HIFLD_3735,SUB_HIFLD_1703,meso_SUB_HIFLD_3735_SUB_HIFLD_1703_rev,800.0,0.0,0.0,0,672
SUB_HIFLD_3735,SUB_HIFLD_3485,meso_SUB_HIFLD_3735_SUB_HIFLD_3485_rev,800.0,0.0,0.0,0,672
SUB_HIFLD_3735,SUB_HIFLD_3736,meso_SUB_HIFLD_3735_SUB_HIFLD_3736_fwd,800.0,4.776497388717059,7.9694517155283515,0,672
SUB_HIFLD_3736,SUB_HIFLD_3485,meso_SUB_HIFLD_3736_SUB_HIFLD_3485_rev,800.0,0.0,0.0,0,672
SUB_HIFLD_3736,SUB_HIFLD_3735,meso_SUB_HIFLD_3736_SUB_HIFLD_3735_rev,800.0,0.0,0.0,0,672
SUB_HIFLD_3737,SUB_HIFLD_1710,meso_SUB_HIFLD_3737_SUB_HIFLD_1710_rev,800.0,0.0,0.0,0,672
SUB_HIFLD_3737,SUB_HIFLD_3738,meso_SUB_HIFLD_3737_SUB_HIFLD_3738_fwd,800.0,0.0,0.0,0,672
SUB_HIFLD_3738,SUB_HIFLD_1762,meso_SUB_HIFLD_3738_SUB_HIFLD_1762_rev,800.0,0.0,0.0,0,672
SUB_HIFLD_3738,SUB_HIFLD_3737,meso_SUB_HIFLD_3738_SUB_HIFLD_3737_rev,800.0,0.019256383960297364,2.3469816397025225,0,672
SUB_HIFLD_3739,SUB_HIFLD_1704,meso_SUB_HIFLD_3739_SUB_HIFLD_1704_rev,800.0,0.0,0.0,0,672
SUB_HIFLD_3739,SUB_HIFLD_4027,meso_SUB_HIFLD_3739_SUB_HIFLD_4027_fwd,800.0,0.0,0.0,0,672
SUB_HIFLD_3740,WEC_LADW,iface_SUB_HIFLD_3740_WEC_LADW_to_ba,800.0,0.0,0.0,0,672
SUB_HIFLD_3741,SUB_HIFLD_4372,meso_SUB_HIFLD_3741_SUB_HIFLD_4372_fwd,800.0,0.0,0.0,0,672
SUB_HIFLD_3742,SUB_HIFLD_3307,meso_SUB_HIFLD_3742_SUB_HIFLD_3307_rev,800.0,0.0,0.0,0,672
SUB_HIFLD_3742,SUB_HIFLD_4372,meso_SUB_HIFLD_3742_SUB_HIFLD_4372_fwd,800.0,0.0,0.0,0,672
SUB_HIFLD_3743,SUB_HIFLD_1635,meso_SUB_HIFLD_3743_SUB_HIFLD_1635_rev,4000.0,0.0,0.0,0,672
SUB_HIFLD_3743,SUB_HIFLD_1641,meso_SUB_HIFLD_3743_SUB_HIFLD_1641_rev,4000.0,0.0,0.0,0,672
SUB_HIFLD_3743,SUB_HIFLD_3293,meso_SUB_HIFLD_3743_SUB_HIFLD_3293_rev,800.0,0.8763769725843676,19.388116937346716,0,672
SUB_HIFLD_3743,SUB_HIFLD_3744,meso_SUB_HIFLD_3743_SUB_HIFLD_3744_fwd,4000.0,0.0,0.0,0,672
SUB_HIFLD_3743,SUB_HIFLD_1604,meso_SUB_HIFLD_3743_SUB_HIFLD_1604_rev,800.0,21.586297602090603,61.48147877230992,0,672
SUB_HIFLD_3743,WECC_SCE,iface_SUB_HIFLD_3743_WECC_SCE_to_ba,557.8384718587145,0.0,0.0,0,672
SUB_HIFLD_3744,SUB_HIFLD_1636,meso_SUB_HIFLD_3744_SUB_HIFLD_1636_rev,4000.0,0.0,0.0,0,672
SUB_HIFLD_3744,SUB_HIFLD_3743,meso_SUB_HIFLD_3744_SUB_HIFLD_3743_rev,4000.0,0.0,0.0,0,672
SUB_HIFLD_3744,SUB_HIFLD_1641,meso_SUB_HIFLD_3744_SUB_HIFLD_1641_rev,4000.0,0.01662657919107849,11.173061216404744,0,672
SUB_HIFLD_3744,WECC_SCE,iface_SUB_HIFLD_3744_WECC_SCE_to_ba,557.8384718587145,0.0,0.0,0,672
SUB_HIFLD_3745,SUB_HIFLD_1563,meso_SUB_HIFLD_3745_SUB_HIFLD_1563_fwd,85.98319751213423,0.0,0.0,0,672
SUB_HIFLD_3746,SUB_HIFLD_2708,meso_SUB_HIFLD_3746_SUB_HIFLD_2708_rev,800.0,0.0,0.0,0,672
SUB_HIFLD_3746,SUB_HIFLD_2931,meso_SUB_HIFLD_3746_SUB_HIFLD_2931_rev,800.0,0.0,0.0,0,672
SUB_HIFLD_3746,SUB_HIFLD_3367,meso_SUB_HIFLD_3746_SUB_HIFLD_3367_rev,800.0,0.0,0.0,0,672
SUB_HIFLD_3746,SUB_HIFLD_4079,meso_SUB_HIFLD_3746_SUB_HIFLD_4079_fwd,800.0,0.0,0.0,0,672
SUB_HIFLD_3747,SUB_HIFLD_1604,meso_SUB_HIFLD_3747_SUB_HIFLD_1604_rev,800.0,0.0,0.0,0,672
SUB_HIFLD_3747,SUB_HIFLD_2931,meso_SUB_HIFLD_3747_SUB_HIFLD_2931_rev,800.0,2.4077744710076714,4.698349408021907,0,672
SUB_HIFLD_3747,SUB_HIFLD_3326,meso_SUB_HIFLD_3747_SUB_HIFLD_3326_rev,800.0,0.0,0.0,0,672
SUB_HIFLD_3747,SUB_HIFLD_3749,meso_SUB_HIFLD_3747_SUB_HIFLD_3749_fwd,800.0,10.328292264433477,17.496235757056045,0,672
SUB_HIFLD_3748,SUB_HIFLD_1562,meso_SUB_HIFLD_3748_SUB_HIFLD_1562_rev,800.0,0.0,0.0,0,672
SUB_HIFLD_3748,SUB_HIFLD_1629,meso_SUB_HIFLD_3748_SUB_HIFLD_1629_rev,800.0,0.0,0.0,0,672
SUB_HIFLD_3748,SUB_HIFLD_3293,meso_SUB_HIFLD_3748_SUB_HIFLD_3293_rev,800.0,0.0,0.0,0,672
SUB_HIFLD_3748,SUB_HIFLD_3367,meso_SUB_HIFLD_3748_SUB_HIFLD_3367_rev,800.0,5.408509834309074,13.6392900497529,0,672
SUB_HIFLD_3749,SUB_HIFLD_3747,meso_SUB_HIFLD_3749_SUB_HIFLD_3747_rev,800.0,0.0,0.0,0,672
SUB_HIFLD_3749,SUB_HIFLD_3763,meso_SUB_HIFLD_3749_SUB_HIFLD_3763_fwd,800.0,5.80829317118486,10.657255935141887,0,672
SUB_HIFLD_3750,SUB_HIFLD_3763,meso_SUB_HIFLD_3750_SUB_HIFLD_3763_fwd,800.0,0.0,0.0,0,672
SUB_HIFLD_3751,SUB_HIFLD_1589,meso_SUB_HIFLD_3751_SUB_HIFLD_1589_rev,800.0,0.0,0.0,0,672
SUB_HIFLD_3751,SUB_HIFLD_1656,meso_SUB_HIFLD_3751_SUB_HIFLD_1656_rev,800.0,0.0,0.0,0,672
SUB_HIFLD_3751,SUB_HIFLD_1734,meso_SUB_HIFLD_3751_SUB_HIFLD_1734_rev,800.0,0.0,0.0,0,672
SUB_HIFLD_3751,SUB_HIFLD_3731,meso_SUB_HIFLD_3751_SUB_HIFLD_3731_rev,800.0,5.912213040688738,13.150625201353094,0,672
SUB_HIFLD_3752,SUB_HIFLD_3431,meso_SUB_HIFLD_3752_SUB_HIFLD_3431_rev,800.0,0.0,0.0,0,672
SUB_HIFLD_3753,SUB_HIFLD_1543,meso_SUB_HIFLD_3753_SUB_HIFLD_1543_fwd,125.51080322316216,0.0,0.0,0,672
SUB_HIFLD_3755,SUB_HIFLD_3588,meso_SUB_HIFLD_3755_SUB_HIFLD_3588_rev,800.0,0.0,0.0,0,672
SUB_HIFLD_3755,WEC_LADW,iface_SUB_HIFLD_3755_WEC_LADW_to_ba,800.0,0.0,0.0,0,672
SUB_HIFLD_3759,WEC_LADW,iface_SUB_HIFLD_3759_WEC_LADW_to_ba,2568.473954994001,0.0,0.0,0,672
SUB_HIFLD_3760,WEC_LADW,iface_SUB_HIFLD_3760_WEC_LADW_to_ba,800.0,0.0,0.0,0,672
SUB_HIFLD_3761,SUB_HIFLD_3762,meso_SUB_HIFLD_3761_SUB_HIFLD_3762_fwd,800.0,0.0,0.0,0,672
SUB_HIFLD_3762,SUB_HIFLD_1613,meso_SUB_HIFLD_3762_SUB_HIFLD_1613_rev,800.0,0.0,0.0,0,672
SUB_HIFLD_3762,SUB_HIFLD_3725,meso_SUB_HIFLD_3762_SUB_HIFLD_3725_rev,800.0,0.0,0.0,0,672
SUB_HIFLD_3762,SUB_HIFLD_3761,meso_SUB_HIFLD_3762_SUB_HIFLD_3761_rev,800.0,1.4192999108023778,2.7259088575225516,0,672
SUB_HIFLD_3763,SUB_HIFLD_3749,meso_SUB_HIFLD_3763_SUB_HIFLD_3749_rev,800.0,0.0,0.0,0,672
SUB_HIFLD_3763,SUB_HIFLD_3750,meso_SUB_HIFLD_3763_SUB_HIFLD_3750_rev,800.0,5.634044376049313,10.33753825708763,0,672
SUB_HIFLD_3764,SUB_HIFLD_4326,meso_SUB_HIFLD_3764_SUB_HIFLD_4326_fwd,800.0,0.0,0.0,0,672
SUB_HIFLD_3764,SUB_HIFLD_1605,meso_SUB_HIFLD_3764_SUB_HIFLD_1605_rev,800.0,0.0,0.0,0,672
SUB_HIFLD_3765,SUB_HIFLD_4326,meso_SUB_HIFLD_3765_SUB_HIFLD_4326_fwd,800.0,0.0,0.0,0,672
SUB_HIFLD_3766,SUB_HIFLD_1571,meso_SUB_HIFLD_3766_SUB_HIFLD_1571_rev,800.0,0.0,0.0,0,672
SUB_HIFLD_3767,SUB_HIFLD_1551,meso_SUB_HIFLD_3767_SUB_HIFLD_1551_rev,800.0,0.0,0.0,0,672
SUB_HIFLD_3767,SUB_HIFLD_1769,meso_SUB_HIFLD_3767_SUB_HIFLD_1769_rev,800.0,0.0,0.0,0,672
SUB_HIFLD_3768,SUB_HIFLD_2883,meso_SUB_HIFLD_3768_SUB_HIFLD_2883_rev,800.0,0.0,0.0,0,672
SUB_HIFLD_3768,SUB_HIFLD_4139,meso_SUB_HIFLD_3768_SUB_HIFLD_4139_fwd,800.0,0.0,0.0,0,672
SUB_HIFLD_3769,SUB_HIFLD_1576,meso_SUB_HIFLD_3769_SUB_HIFLD_1576_rev,800.0,0.0,0.0,0,672
SUB_HIFLD_3770,SUB_HIFLD_1587,meso_SUB_HIFLD_3770_SUB_HIFLD_1587_rev,800.0,0.0,0.0,0,672
SUB_HIFLD_3771,SUB_HIFLD_1725,meso_SUB_HIFLD_3771_SUB_HIFLD_1725_rev,800.0,1.1404282293477475,7.872666748046875,0,672
SUB_HIFLD_3771,SUB_HIFLD_2883,meso_SUB_HIFLD_3771_SUB_HIFLD_2883_rev,800.0,1.2755103962678151,6.963575439453125,0,672
SUB_HIFLD_3772,SUB_HIFLD_1779,meso_SUB_HIFLD_3772_SUB_HIFLD_1779_rev,800.0,0.0,0.0,0,672
SUB_HIFLD_3773,SUB_HIFLD_1639,meso_SUB_HIFLD_3773_SUB_HIFLD_1639_rev,4000.0,0.0,0.0,0,672
SUB_HIFLD_3774,SUB_HIFLD_1627,meso_SUB_HIFLD_3774_SUB_HIFLD_1627_rev,800.0,0.0,0.0,0,672
SUB_HIFLD_3775,SUB_HIFLD_1572,meso_SUB_HIFLD_3775_SUB_HIFLD_1572_rev,800.0,0.0,0.0,0,672
SUB_HIFLD_3775,SUB_HIFLD_3776,meso_SUB_HIFLD_3775_SUB_HIFLD_3776_fwd,800.0,0.0,0.0,0,672
SUB_HIFLD_3775,SUB_HIFLD_1261,meso_SUB_HIFLD_3775_SUB_HIFLD_1261_rev,800.0,0.0,0.0,0,672
SUB_HIFLD_3776,SUB_HIFLD_1261,meso_SUB_HIFLD_3776_SUB_HIFLD_1261_rev,800.0,0.0,0.0,0,672
SUB_HIFLD_3776,SUB_HIFLD_1716,meso_SUB_HIFLD_3776_SUB_HIFLD_1716_rev,800.0,0.0,0.0,0,672
SUB_HIFLD_3776,SUB_HIFLD_3775,meso_SUB_HIFLD_3776_SUB_HIFLD_3775_rev,800.0,0.0,0.0,0,672
SUB_HIFLD_3777,SUB_HIFLD_1639,meso_SUB_HIFLD_3777_SUB_HIFLD_1639_rev,800.0,0.0,0.0,0,672
SUB_HIFLD_3777,SUB_HIFLD_1666,meso_SUB_HIFLD_3777_SUB_HIFLD_1666_rev,800.0,0.0,0.0,0,672
SUB_HIFLD_3777,SUB_HIFLD_1755,meso_SUB_HIFLD_3777_SUB_HIFLD_1755_rev,800.0,0.0,0.0,0,672
SUB_HIFLD_3777,SUB_HIFLD_4214,meso_SUB_HIFLD_3777_SUB_HIFLD_4214_fwd,800.0,0.0,0.0,0,672
SUB_HIFLD_3777,SUB_HIFLD_4240,meso_SUB_HIFLD_3777_SUB_HIFLD_4240_fwd,800.0,0.0,0.0,0,672
SUB_HIFLD_3778,SUB_HIFLD_1766,meso_SUB_HIFLD_3778_SUB_HIFLD_1766_rev,800.0,0.0,0.0,0,672
SUB_HIFLD_3779,SUB_HIFLD_1666,meso_SUB_HIFLD_3779_SUB_HIFLD_1666_rev,800.0,0.0,0.0,0,672
SUB_HIFLD_3779,SUB_HIFLD_1755,meso_SUB_HIFLD_3779_SUB_HIFLD_1755_rev,800.0,0.0,0.0,0,672
SUB_HIFLD_3779,SUB_HIFLD_1639,meso_SUB_HIFLD_3779_SUB_HIFLD_1639_rev,800.0,0.0,0.0,0,672
SUB_HIFLD_3780,SUB_HIFLD_1584,meso_SUB_HIFLD_3780_SUB_HIFLD_1584_rev,800.0,0.0,0.0,0,672
SUB_HIFLD_3781,SUB_HIFLD_1599,meso_SUB_HIFLD_3781_SUB_HIFLD_1599_rev,4000.0,0.0,0.0,0,672
SUB_HIFLD_3784,SUB_06364,meso_SUB_HIFLD_3784_SUB_06364_rev,13200.0,0.0,0.0,0,672
SUB_HIFLD_3784,SUB_10314,meso_SUB_HIFLD_3784_SUB_10314_rev,8000.0,0.0,0.0,0,672
SUB_HIFLD_3784,SUB_06312,meso_SUB_HIFLD_3784_SUB_06312_rev,8000.0,24.55523545548305,70.95669660536316,0,672
SUB_HIFLD_3784,SUB_06359,meso_SUB_HIFLD_3784_SUB_06359_rev,4000.0,33.93106369465925,195.49095032952798,0,672
SUB_HIFLD_3784,SUB_10260,meso_SUB_HIFLD_3784_SUB_10260_rev,8000.0,0.0,0.0,0,672
SUB_HIFLD_3784,SUB_10293,meso_SUB_HIFLD_3784_SUB_10293_rev,4000.0,0.0,0.0,0,672
SUB_HIFLD_3784,WEC_CALN,iface_SUB_HIFLD_3784_WEC_CALN_to_ba,6400.0,0.011921160104015237,8.01101958989824,0,672
SUB_HIFLD_3824,SUB_HIFLD_3101,meso_SUB_HIFLD_3824_SUB_HIFLD_3101_rev,600.0,0.0,0.0,0,672
SUB_HIFLD_3824,SUB_HIFLD_3825,meso_SUB_HIFLD_3824_SUB_HIFLD_3825_fwd,600.0,0.17357626081859007,0.259430183331991,0,672
SUB_HIFLD_3824,SUB_HIFLD_4010,meso_SUB_HIFLD_3824_SUB_HIFLD_4010_fwd,1500.0,9.33242373918141,9.387124406008377,0,672
SUB_HIFLD_3825,SUB_HIFLD_3824,meso_SUB_HIFLD_3825_SUB_HIFLD_3824_rev,600.0,0.0,0.0,0,672
SUB_HIFLD_3825,SUB_HIFLD_4010,meso_SUB_HIFLD_3825_SUB_HIFLD_4010_fwd,1500.0,0.0,0.0,0,672
SUB_HIFLD_3834,SUB_02272,meso_SUB_HIFLD_3834_SUB_02272_rev,600.0,0.0,0.0,0,672
SUB_HIFLD_3834,SUB_02406,meso_SUB_HIFLD_3834_SUB_02406_rev,600.0,0.0,0.0,0,672
SUB_HIFLD_3834,SUB_HIFLD_2068,meso_SUB_HIFLD_3834_SUB_HIFLD_2068_rev,1500.0,0.0,0.0,0,672
SUB_HIFLD_3834,SUB_HIFLD_3835,meso_SUB_HIFLD_3834_SUB_HIFLD_3835_fwd,600.0,0.0,0.0,0,672
SUB_HIFLD_3835,SUB_02269,meso_SUB_HIFLD_3835_SUB_02269_rev,600.0,0.0,0.0,0,672
SUB_HIFLD_3835,SUB_02405,meso_SUB_HIFLD_3835_SUB_02405_rev,1500.0,0.0,0.0,0,672
SUB_HIFLD_3835,SUB_HIFLD_2049,meso_SUB_HIFLD_3835_SUB_HIFLD_2049_rev,1500.0,0.0,0.0,0,672
SUB_HIFLD_3835,SUB_HIFLD_2068,meso_SUB_HIFLD_3835_SUB_HIFLD_2068_rev,1500.0,0.0,0.0,0,672
SUB_HIFLD_3835,SUB_HIFLD_3834,meso_SUB_HIFLD_3835_SUB_HIFLD_3834_rev,600.0,0.0,0.0,0,672
SUB_HIFLD_3849,SUB_16237,meso_SUB_HIFLD_3849_SUB_16237_rev,600.0,0.12060201934089249,23.764218990905384,0,672
SUB_HIFLD_3849,SUB_16374,meso_SUB_HIFLD_3849_SUB_16374_rev,600.0,0.0,0.0,0,672
SUB_HIFLD_3862,SUB_HIFLD_2108,meso_SUB_HIFLD_3862_SUB_HIFLD_2108_rev,600.0,1.166485065489658,2.489315564227976,0,672
SUB_HIFLD_3862,SUB_HIFLD_2117,meso_SUB_HIFLD_3862_SUB_HIFLD_2117_rev,600.0,0.0,0.0,0,672
SUB_HIFLD_3862,SUB_HIFLD_3262,meso_SUB_HIFLD_3862_SUB_HIFLD_3262_rev,600.0,0.013260244129784791,2.3321583749316144,0,672
SUB_HIFLD_3862,SUB_HIFLD_3261,meso_SUB_HIFLD_3862_SUB_HIFLD_3261_rev,86.3098474315791,5.036071479958416,7.549096427996134,0,672
SUB_HIFLD_3887,SUB_25360,meso_SUB_HIFLD_3887_SUB_25360_fwd,50.0,0.0,0.0,0,672
SUB_HIFLD_3888,SUB_HIFLD_3631,meso_SUB_HIFLD_3888_SUB_HIFLD_3631_fwd,50.0,0.0,0.0,0,672
SUB_HIFLD_3898,SUB_HIFLD_2869,meso_SUB_HIFLD_3898_SUB_HIFLD_2869_rev,1500.0,0.0,0.0,0,672
SUB_HIFLD_3900,SUB_HIFLD_3575,meso_SUB_HIFLD_3900_SUB_HIFLD_3575_rev,800.0,38.27124936109886,106.86722192882755,0,672
SUB_HIFLD_3900,SUB_HIFLD_3901,meso_SUB_HIFLD_3900_SUB_HIFLD_3901_fwd,800.0,4.369530851488671,6.914553801546392,0,672
SUB_HIFLD_3901,SUB_HIFLD_3900,meso_SUB_HIFLD_3901_SUB_HIFLD_3900_rev,800.0,0.0,0.0,0,672
SUB_HIFLD_3903,SUB_HIFLD_2086,meso_SUB_HIFLD_3903_SUB_HIFLD_2086_rev,1500.0,7.3160395558384455,47.68724255850039,0,672
SUB_HIFLD_3903,SUB_HIFLD_48,meso_SUB_HIFLD_3903_SUB_HIFLD_48_fwd,1500.0,23.52789891107887,41.98661377916625,0,672
SUB_HIFLD_3905,SUB_HIFLD_2097,meso_SUB_HIFLD_3905_SUB_HIFLD_2097_rev,800.0,0.0,0.0,0,672
SUB_HIFLD_3905,SUB_HIFLD_4156,meso_SUB_HIFLD_3905_SUB_HIFLD_4156_rev,50.0,0.0,0.0,0,672
SUB_HIFLD_3906,SUB_HIFLD_2698,meso_SUB_HIFLD_3906_SUB_HIFLD_2698_rev,800.0,0.0,0.0,0,672
SUB_HIFLD_3906,SUB_HIFLD_2100,meso_SUB_HIFLD_3906_SUB_HIFLD_2100_rev,800.0,0.4743563123808287,1.4748600013439899,0,672
SUB_HIFLD_3907,SUB_HIFLD_2436,meso_SUB_HIFLD_3907_SUB_HIFLD_2436_fwd,50.0,0.0,0.0,0,672
SUB_HIFLD_3908,SUB_HIFLD_1687,meso_SUB_HIFLD_3908_SUB_HIFLD_1687_rev,800.0,6.603174604000001,6.603174604,0,672
SUB_HIFLD_3909,SUB_HIFLD_2422,meso_SUB_HIFLD_3909_SUB_HIFLD_2422_rev,800.0,0.0,0.0,0,672
SUB_HIFLD_3910,SUB_HIFLD_1628,meso_SUB_HIFLD_3910_SUB_HIFLD_1628_rev,800.0,0.0,0.0,0,672
SUB_HIFLD_3910,SUB_HIFLD_1755,meso_SUB_HIFLD_3910_SUB_HIFLD_1755_rev,800.0,0.0,0.0,0,672
SUB_HIFLD_3911,SUB_HIFLD_4135,meso_SUB_HIFLD_3911_SUB_HIFLD_4135_fwd,800.0,0.0,0.0,0,672
SUB_HIFLD_3912,SUB_HIFLD_1690,meso_SUB_HIFLD_3912_SUB_HIFLD_1690_rev,800.0,0.0,0.0,0,672
SUB_HIFLD_3912,SUB_HIFLD_3011,meso_SUB_HIFLD_3912_SUB_HIFLD_3011_rev,800.0,0.0,0.0,0,672
SUB_HIFLD_3913,SUB_HIFLD_1726,meso_SUB_HIFLD_3913_SUB_HIFLD_1726_rev,800.0,2.9979817752939346,29.70667464049025,0,672
SUB_HIFLD_3913,SUB_HIFLD_1690,meso_SUB_HIFLD_3913_SUB_HIFLD_1690_rev,1600.0,1.8602156395505565,24.716994042777536,0,672
SUB_HIFLD_3913,SUB_HIFLD_3011,meso_SUB_HIFLD_3913_SUB_HIFLD_3011_rev,800.0,0.0,0.0,0,672
SUB_HIFLD_3914,SUB_HIFLD_1699,meso_SUB_HIFLD_3914_SUB_HIFLD_1699_rev,800.0,0.0,0.0,0,672
SUB_HIFLD_3914,SUB_HIFLD_1702,meso_SUB_HIFLD_3914_SUB_HIFLD_1702_rev,800.0,0.0,0.0,0,672
SUB_HIFLD_3915,SUB_HIFLD_1948,meso_SUB_HIFLD_3915_SUB_HIFLD_1948_rev,800.0,0.0,0.0,0,672
SUB_HIFLD_3915,SUB_HIFLD_2613,meso_SUB_HIFLD_3915_SUB_HIFLD_2613_rev,800.0,0.0,0.0,0,672
SUB_HIFLD_3915,SUB_HIFLD_4140,meso_SUB_HIFLD_3915_SUB_HIFLD_4140_fwd,800.0,0.0,0.0,0,672
SUB_HIFLD_3916,SUB_HIFLD_1940,meso_SUB_HIFLD_3916_SUB_HIFLD_1940_rev,800.0,121.38140502340481,433.2268731918024,0,672
SUB_HIFLD_3916,SUB_HIFLD_1962,meso_SUB_HIFLD_3916_SUB_HIFLD_1962_rev,800.0,10.592653883078006,159.92698114836858,0,672
SUB_HIFLD_3916,SUB_HIFLD_1982,meso_SUB_HIFLD_3916_SUB_HIFLD_1982_rev,4000.0,0.0,0.0,0,672
SUB_HIFLD_3916,SUB_HIFLD_3206,meso_SUB_HIFLD_3916_SUB_HIFLD_3206_rev,4000.0,140.46458232771988,1281.2573461421966,0,672
SUB_HIFLD_3916,SUB_HIFLD_811,meso_SUB_HIFLD_3916_SUB_HIFLD_811_fwd,4000.0,0.7706118229315354,205.82916265764263,0,672
SUB_HIFLD_3916,WECC_SCE,iface_SUB_HIFLD_3916_WECC_SCE_to_ba,29007.600536653154,0.0,0.0,0,672
SUB_HIFLD_3922,SUB_HIFLD_1991,meso_SUB_HIFLD_3922_SUB_HIFLD_1991_fwd,50.0,0.0,0.0,0,672
SUB_HIFLD_3923,SUB_HIFLD_1489,meso_SUB_HIFLD_3923_SUB_HIFLD_1489_rev,800.0,0.0,0.0,0,672
SUB_HIFLD_3923,SUB_HIFLD_554,meso_SUB_HIFLD_3923_SUB_HIFLD_554_fwd,1500.0,0.0,0.0,0,672
SUB_HIFLD_3923,SUB_HIFLD_4126,meso_SUB_HIFLD_3923_SUB_HIFLD_4126_fwd,600.0,0.0,0.0,0,672
SUB_HIFLD_3924,SUB_HIFLD_1944,meso_SUB_HIFLD_3924_SUB_HIFLD_1944_rev,800.0,0.0,0.0,0,672
SUB_HIFLD_3924,SUB_HIFLD_1950,meso_SUB_HIFLD_3924_SUB_HIFLD_1950_rev,800.0,0.0,0.0,0,672
SUB_HIFLD_3925,SUB_HIFLD_1938,meso_SUB_HIFLD_3925_SUB_HIFLD_1938_fwd,50.0,0.0,0.0,0,672
SUB_HIFLD_3926,SUB_HIFLD_1940,meso_SUB_HIFLD_3926_SUB_HIFLD_1940_rev,800.0,0.0,0.0,0,672
SUB_HIFLD_3927,SUB_HIFLD_1484,meso_SUB_HIFLD_3927_SUB_HIFLD_1484_rev,600.0,0.0,0.0,0,672
SUB_HIFLD_3928,SUB_HIFLD_4441,meso_SUB_HIFLD_3928_SUB_HIFLD_4441_fwd,600.0,0.0,0.0,0,672
SUB_HIFLD_3929,SUB_HIFLD_584,meso_SUB_HIFLD_3929_SUB_HIFLD_584_fwd,207.89543457117415,0.0,0.0,0,672
SUB_HIFLD_3930,SUB_HIFLD_572,meso_SUB_HIFLD_3930_SUB_HIFLD_572_fwd,800.0,0.0,0.0,0,672
SUB_HIFLD_3931,SUB_HIFLD_3487,meso_SUB_HIFLD_3931_SUB_HIFLD_3487_rev,1500.0,0.0,0.0,0,672
SUB_HIFLD_3931,SUB_HIFLD_574,meso_SUB_HIFLD_3931_SUB_HIFLD_574_fwd,1500.0,0.0,0.0,0,672
SUB_HIFLD_3931,SUB_HIFLD_578,meso_SUB_HIFLD_3931_SUB_HIFLD_578_fwd,1500.0,0.0,0.0,0,672
SUB_HIFLD_3932,SUB_HIFLD_3357,meso_SUB_HIFLD_3932_SUB_HIFLD_3357_fwd,50.147979713191106,0.0,0.0,0,672
SUB_HIFLD_3934,SUB_HIFLD_3214,meso_SUB_HIFLD_3934_SUB_HIFLD_3214_rev,600.0,5.946502541348697,9.487462749677835,0,672
SUB_HIFLD_3934,SUB_HIFLD_566,meso_SUB_HIFLD_3934_SUB_HIFLD_566_fwd,1500.0,0.0,0.0,0,672
SUB_HIFLD_3934,SUB_HIFLD_1479,meso_SUB_HIFLD_3934_SUB_HIFLD_1479_rev,600.0,0.0,0.0,0,672
SUB_HIFLD_3934,SUB_HIFLD_561,meso_SUB_HIFLD_3934_SUB_HIFLD_561_fwd,1500.0,0.0,0.0,0,672
SUB_HIFLD_3935,SUB_HIFLD_3936,meso_SUB_HIFLD_3935_SUB_HIFLD_3936_fwd,600.0,0.0,0.0,0,672
SUB_HIFLD_3936,SUB_HIFLD_3691,meso_SUB_HIFLD_3936_SUB_HIFLD_3691_rev,600.0,0.0,0.0,0,672
SUB_HIFLD_3936,SUB_HIFLD_3935,meso_SUB_HIFLD_3936_SUB_HIFLD_3935_rev,600.0,5.397583116054769,8.302417747261599,0,672
SUB_HIFLD_3937,SUB_HIFLD_588,meso_SUB_HIFLD_3937_SUB_HIFLD_588_fwd,600.0,0.0,0.0,0,672
SUB_HIFLD_3938,SUB_HIFLD_1446,meso_SUB_HIFLD_3938_SUB_HIFLD_1446_rev,4000.0,0.0,0.0,0,672
SUB_HIFLD_3938,SUB_HIFLD_1487,meso_SUB_HIFLD_3938_SUB_HIFLD_1487_rev,4000.0,0.003338225530419329,0.20092252750986633,0,672
SUB_HIFLD_3938,SUB_HIFLD_547,meso_SUB_HIFLD_3938_SUB_HIFLD_547_fwd,4000.0,0.06054309283044625,40.68495838205988,0,672
SUB_HIFLD_3938,WECC_SCE,iface_SUB_HIFLD_3938_WECC_SCE_to_ba,27262.992393888322,186.71306539251046,583.7587127861241,0,672
SUB_HIFLD_3940,SUB_HIFLD_2713,meso_SUB_HIFLD_3940_SUB_HIFLD_2713_rev,4000.0,0.0,0.0,0,672
SUB_HIFLD_3940,WEC_CALN,iface_SUB_HIFLD_3940_WEC_CALN_to_ba,4000.0,214.9544859777862,214.9544859777862,0,672
SUB_HIFLD_3945,SUB_HIFLD_3732,meso_SUB_HIFLD_3945_SUB_HIFLD_3732_rev,800.0,0.0,0.0,0,672
SUB_HIFLD_3948,SUB_HIFLD_1529,meso_SUB_HIFLD_3948_SUB_HIFLD_1529_rev,800.0,0.0,0.0,0,672
SUB_HIFLD_3948,SUB_HIFLD_1546,meso_SUB_HIFLD_3948_SUB_HIFLD_1546_rev,800.0,0.0,0.0,0,672
SUB_HIFLD_3948,SUB_HIFLD_1573,meso_SUB_HIFLD_3948_SUB_HIFLD_1573_rev,800.0,0.0062623991401876454,0.6767169378221654,0,672
SUB_HIFLD_3948,SUB_HIFLD_1651,meso_SUB_HIFLD_3948_SUB_HIFLD_1651_rev,800.0,0.0,0.0,0,672
SUB_HIFLD_3948,SUB_HIFLD_3420,meso_SUB_HIFLD_3948_SUB_HIFLD_3420_rev,800.0,0.0,0.0,0,672
SUB_HIFLD_3948,SUB_HIFLD_4089,meso_SUB_HIFLD_3948_SUB_HIFLD_4089_fwd,800.0,0.0019780523705611236,1.329251193017075,0,672
SUB_HIFLD_3954,SUB_HIFLD_3416,meso_SUB_HIFLD_3954_SUB_HIFLD_3416_rev,800.0,0.0,0.0,0,672
SUB_HIFLD_3954,SUB_HIFLD_934,meso_SUB_HIFLD_3954_SUB_HIFLD_934_fwd,800.0,0.0,0.0,0,672
SUB_HIFLD_3955,SUB_HIFLD_1156,meso_SUB_HIFLD_3955_SUB_HIFLD_1156_rev,600.0,156.10363793488574,309.95350784172155,0,672
SUB_HIFLD_3955,SUB_HIFLD_1163,meso_SUB_HIFLD_3955_SUB_HIFLD_1163_rev,600.0,0.018522402111079417,0.030709800918875884,0,672
SUB_HIFLD_3955,SUB_HIFLD_322,meso_SUB_HIFLD_3955_SUB_HIFLD_322_rev,600.0,0.0,0.0,0,672
SUB_HIFLD_3968,SUB_HIFLD_160,meso_SUB_HIFLD_3968_SUB_HIFLD_160_rev,600.0,0.0,0.0,0,672
SUB_HIFLD_3968,SUB_HIFLD_3981,meso_SUB_HIFLD_3968_SUB_HIFLD_3981_rev,69.21030941334446,2.6889629150102543,7.0960358609858245,0,672
SUB_HIFLD_3969,SUB_HIFLD_3664,meso_SUB_HIFLD_3969_SUB_HIFLD_3664_rev,600.0,0.0,0.0,0,672
SUB_HIFLD_3970,SUB_HIFLD_4040,meso_SUB_HIFLD_3970_SUB_HIFLD_4040_fwd,800.0,0.0,0.0,0,672
SUB_HIFLD_3970,SUB_HIFLD_4435,meso_SUB_HIFLD_3970_SUB_HIFLD_4435_fwd,800.0,0.0,0.0,0,672
SUB_HIFLD_3971,SUB_HIFLD_1491,meso_SUB_HIFLD_3971_SUB_HIFLD_1491_rev,1500.0,0.0,0.0,0,672
SUB_HIFLD_3971,SUB_HIFLD_4295,meso_SUB_HIFLD_3971_SUB_HIFLD_4295_fwd,1500.0,0.34715393347184853,2.019912436573776,0,672
SUB_HIFLD_3971,SUB_HIFLD_3353,meso_SUB_HIFLD_3971_SUB_HIFLD_3353_rev,3000.0,0.1936408215535921,3.1660747070312505,0,672
SUB_HIFLD_3971,SUB_HIFLD_577,meso_SUB_HIFLD_3971_SUB_HIFLD_577_fwd,1500.0,0.027238371099447115,3.283556640625001,0,672
SUB_HIFLD_3971,SUB_HIFLD_589,meso_SUB_HIFLD_3971_SUB_HIFLD_589_fwd,1500.0,0.0,0.0,0,672
SUB_HIFLD_3972,SUB_HIFLD_865,meso_SUB_HIFLD_3972_SUB_HIFLD_865_fwd,800.0,0.0,0.0,0,672
SUB_HIFLD_3973,SUB_HIFLD_2372,meso_SUB_HIFLD_3973_SUB_HIFLD_2372_rev,800.0,0.0,0.0,0,672
SUB_HIFLD_3973,SUB_HIFLD_2376,meso_SUB_HIFLD_3973_SUB_HIFLD_2376_rev,800.0,0.0,0.0,0,672
SUB_HIFLD_3973,SUB_HIFLD_2873,meso_SUB_HIFLD_3973_SUB_HIFLD_2873_rev,800.0,47.729835929560316,85.37191650575213,0,672
SUB_HIFLD_3976,SUB_HIFLD_1042,meso_SUB_HIFLD_3976_SUB_HIFLD_1042_rev,600.0,0.02109571376364825,0.1144701251949181,0,672
SUB_HIFLD_3976,SUB_HIFLD_426,meso_SUB_HIFLD_3976_SUB_HIFLD_426_fwd,600.0,25.718326820421183,80.33634091508706,0,672
SUB_HIFLD_3979,SUB_HIFLD_3980,meso_SUB_HIFLD_3979_SUB_HIFLD_3980_fwd,600.0,0.7617462000607113,1.8452924905364048,0,672
SUB_HIFLD_3979,SUB_HIFLD_3203,meso_SUB_HIFLD_3979_SUB_HIFLD_3203_fwd,50.0,0.0,0.0,0,672
SUB_HIFLD_3980,SUB_HIFLD_3979,meso_SUB_HIFLD_3980_SUB_HIFLD_3979_rev,600.0,0.01948592562291432,0.3875976393984797,0,672
SUB_HIFLD_3981,SUB_HIFLD_3968,meso_SUB_HIFLD_3981_SUB_HIFLD_3968_fwd,69.21030941334446,0.0,0.0,0,672
SUB_HIFLD_3983,SUB_HIFLD_4321,meso_SUB_HIFLD_3983_SUB_HIFLD_4321_fwd,600.0,0.0,0.0,0,672
SUB_HIFLD_3984,SUB_HIFLD_3005,meso_SUB_HIFLD_3984_SUB_HIFLD_3005_rev,600.0,0.1587599604985383,0.829359546150129,0,672
SUB_HIFLD_3984,SUB_HIFLD_3657,meso_SUB_HIFLD_3984_SUB_HIFLD_3657_rev,600.0,0.0,0.0,0,672
SUB_HIFLD_3984,SUB_HIFLD_803,meso_SUB_HIFLD_3984_SUB_HIFLD_803_fwd,600.0,0.0,0.0,0,672
SUB_HIFLD_3985,SUB_HIFLD_579,meso_SUB_HIFLD_3985_SUB_HIFLD_579_fwd,149.11178063916606,0.0,0.0,0,672
SUB_HIFLD_3986,SUB_HIFLD_586,meso_SUB_HIFLD_3986_SUB_HIFLD_586_fwd,51.59510194494094,0.0,0.0,0,672
SUB_HIFLD_3987,SUB_HIFLD_3198,meso_SUB_HIFLD_3987_SUB_HIFLD_3198_rev,600.0,0.0,0.0,0,672
SUB_HIFLD_3987,SUB_HIFLD_4321,meso_SUB_HIFLD_3987_SUB_HIFLD_4321_fwd,600.0,0.19561699994214324,0.63648757018297,0,672
SUB_HIFLD_3988,SUB_HIFLD_2835,meso_SUB_HIFLD_3988_SUB_HIFLD_2835_rev,600.0,0.0,0.0,0,672
SUB_HIFLD_3989,SUB_HIFLD_865,meso_SUB_HIFLD_3989_SUB_HIFLD_865_fwd,50.0,0.0,0.0,0,672
SUB_HIFLD_3990,SUB_HIFLD_1448,meso_SUB_HIFLD_3990_SUB_HIFLD_1448_fwd,50.0,0.0,0.0,0,672
SUB_HIFLD_3991,SUB_HIFLD_825,meso_SUB_HIFLD_3991_SUB_HIFLD_825_fwd,600.0,0.05875115640423956,0.5762944731575144,0,672
SUB_HIFLD_3993,SUB_HIFLD_2555,meso_SUB_HIFLD_3993_SUB_HIFLD_2555_rev,600.0,5.3306401566355595,14.802317721062801,0,672
SUB_HIFLD_3993,SUB_HIFLD_3678,meso_SUB_HIFLD_3993_SUB_HIFLD_3678_rev,600.0,3.1883829010704567,14.828084617380032,0,672
SUB_HIFLD_3994,SUB_HIFLD_3995,meso_SUB_HIFLD_3994_SUB_HIFLD_3995_fwd,600.0,0.014574679518253466,0.7304153493104844,0,672
SUB_HIFLD_3995,SUB_HIFLD_3994,meso_SUB_HIFLD_3995_SUB_HIFLD_3994_rev,600.0,5.673343052020066,12.407580943943298,0,672
SUB_HIFLD_3995,SUB_HIFLD_2555,meso_SUB_HIFLD_3995_SUB_HIFLD_2555_fwd,239.59579798999997,3.4514109648530895,15.886856250754715,0,672
SUB_HIFLD_3996,SUB_HIFLD_3149,meso_SUB_HIFLD_3996_SUB_HIFLD_3149_rev,600.0,0.0,0.0,0,672
SUB_HIFLD_3997,SUB_HIFLD_434,meso_SUB_HIFLD_3997_SUB_HIFLD_434_fwd,600.0,0.0,0.0,0,672
SUB_HIFLD_3999,WEC_LADW,iface_SUB_HIFLD_3999_WEC_LADW_to_ba,121.18006236407665,1.767914931825563,8.227435546875,0,672
SUB_HIFLD_4000,SUB_HIFLD_860,meso_SUB_HIFLD_4000_SUB_HIFLD_860_fwd,50.0,0.0,0.0,0,672
SUB_HIFLD_4001,SUB_HIFLD_3679,meso_SUB_HIFLD_4001_SUB_HIFLD_3679_fwd,197.15518008376003,0.0,0.0,0,672
SUB_HIFLD_4002,WEC_LADW,iface_SUB_HIFLD_4002_WEC_LADW_to_ba,779.9303445908636,62.421605549057986,68.69017899033636,0,672
SUB_HIFLD_4003,SUB_HIFLD_3652,meso_SUB_HIFLD_4003_SUB_HIFLD_3652_fwd,50.0,0.0,0.0,0,672
SUB_HIFLD_4004,SUB_HIFLD_3439,meso_SUB_HIFLD_4004_SUB_HIFLD_3439_rev,800.0,0.0,0.0,0,672
SUB_HIFLD_4004,SUB_HIFLD_808,meso_SUB_HIFLD_4004_SUB_HIFLD_808_fwd,800.0,0.0,0.0,0,672
SUB_HIFLD_4004,SUB_HIFLD_832,meso_SUB_HIFLD_4004_SUB_HIFLD_832_fwd,800.0,0.0,0.0,0,672
SUB_HIFLD_4010,SUB_01201,meso_SUB_HIFLD_4010_SUB_01201_rev,1500.0,8.887286555334272,8.992395981140138,0,672
SUB_HIFLD_4010,SUB_HIFLD_3824,meso_SUB_HIFLD_4010_SUB_HIFLD_3824_rev,1500.0,0.0,0.0,0,672
SUB_HIFLD_4010,SUB_HIFLD_3825,meso_SUB_HIFLD_4010_SUB_HIFLD_3825_rev,1500.0,0.0,0.0,0,672
SUB_HIFLD_4012,SUB_HIFLD_2385,meso_SUB_HIFLD_4012_SUB_HIFLD_2385_rev,800.0,0.0,0.0,0,672
SUB_HIFLD_4012,SUB_HIFLD_2395,meso_SUB_HIFLD_4012_SUB_HIFLD_2395_rev,800.0,0.0,0.0,0,672
SUB_HIFLD_4012,SUB_HIFLD_3637,meso_SUB_HIFLD_4012_SUB_HIFLD_3637_rev,800.0,0.0,0.0,0,672
SUB_HIFLD_4012,SUB_HIFLD_4271,meso_SUB_HIFLD_4012_SUB_HIFLD_4271_fwd,800.0,0.0,0.0,0,672
SUB_HIFLD_4014,SUB_HIFLD_1652,meso_SUB_HIFLD_4014_SUB_HIFLD_1652_rev,800.0,0.0,0.0,0,672
SUB_HIFLD_4014,SUB_HIFLD_1684,meso_SUB_HIFLD_4014_SUB_HIFLD_1684_rev,800.0,0.0,0.0,0,672
SUB_HIFLD_4014,SUB_HIFLD_4287,meso_SUB_HIFLD_4014_SUB_HIFLD_4287_fwd,800.0,0.0,0.0,0,672
SUB_HIFLD_4016,SUB_HIFLD_2638,meso_SUB_HIFLD_4016_SUB_HIFLD_2638_rev,800.0,0.002976190476190476,1.0,0,672
SUB_HIFLD_4016,SUB_HIFLD_4313,meso_SUB_HIFLD_4016_SUB_HIFLD_4313_fwd,1500.0,0.2558316086191449,12.55181818181818,0,672
SUB_HIFLD_4016,SUB_HIFLD_870,meso_SUB_HIFLD_4016_SUB_HIFLD_870_fwd,4000.0,0.8146592233177152,12.55181818181818,0,672
SUB_HIFLD_4019,SUB_HIFLD_1924,meso_SUB_HIFLD_4019_SUB_HIFLD_1924_rev,800.0,0.0,0.0,0,672
SUB_HIFLD_4019,SUB_HIFLD_1971,meso_SUB_HIFLD_4019_SUB_HIFLD_1971_rev,800.0,0.0,0.0,0,672
SUB_HIFLD_4019,SUB_HIFLD_1983,meso_SUB_HIFLD_4019_SUB_HIFLD_1983_rev,800.0,2.598774307455596,12.584073589739798,0,672
SUB_HIFLD_4021,SUB_HIFLD_1653,meso_SUB_HIFLD_4021_SUB_HIFLD_1653_rev,800.0,0.0,0.0,0,672
SUB_HIFLD_4021,SUB_HIFLD_2482,meso_SUB_HIFLD_4021_SUB_HIFLD_2482_rev,800.0,0.0,0.0,0,672
SUB_HIFLD_4021,SUB_HIFLD_857,meso_SUB_HIFLD_4021_SUB_HIFLD_857_fwd,800.0,0.0,0.0,0,672
SUB_HIFLD_4023,SUB_HIFLD_1566,meso_SUB_HIFLD_4023_SUB_HIFLD_1566_rev,800.0,0.0,0.0,0,672
SUB_HIFLD_4023,SUB_HIFLD_2913,meso_SUB_HIFLD_4023_SUB_HIFLD_2913_rev,800.0,0.0,0.0,0,672
SUB_HIFLD_4023,SUB_HIFLD_2997,meso_SUB_HIFLD_4023_SUB_HIFLD_2997_rev,800.0,0.0,0.0,0,672
SUB_HIFLD_4025,SUB_HIFLD_549,meso_SUB_HIFLD_4025_SUB_HIFLD_549_fwd,1500.0,0.0,0.0,0,672
SUB_HIFLD_4025,SUB_HIFLD_553,meso_SUB_HIFLD_4025_SUB_HIFLD_553_fwd,1500.0,0.0,0.0,0,672
SUB_HIFLD_4025,SUB_HIFLD_554,meso_SUB_HIFLD_4025_SUB_HIFLD_554_fwd,1500.0,0.5413984411977634,2.111803384989364,0,672
SUB_HIFLD_4025,SUB_HIFLD_589,meso_SUB_HIFLD_4025_SUB_HIFLD_589_fwd,1500.0,0.0,0.0,0,672
SUB_HIFLD_4027,SUB_HIFLD_1602,meso_SUB_HIFLD_4027_SUB_HIFLD_1602_rev,800.0,0.0,0.0,0,672
SUB_HIFLD_4027,SUB_HIFLD_3333,meso_SUB_HIFLD_4027_SUB_HIFLD_3333_rev,800.0,0.0,0.0,0,672
SUB_HIFLD_4027,SUB_HIFLD_3739,meso_SUB_HIFLD_4027_SUB_HIFLD_3739_rev,800.0,0.0,0.0,0,672
SUB_HIFLD_4029,SUB_HIFLD_3513,meso_SUB_HIFLD_4029_SUB_HIFLD_3513_rev,800.0,0.0,0.0,0,672
SUB_HIFLD_4029,SUB_HIFLD_915,meso_SUB_HIFLD_4029_SUB_HIFLD_915_fwd,800.0,0.0,0.0,0,672
SUB_HIFLD_4029,SUB_HIFLD_956,meso_SUB_HIFLD_4029_SUB_HIFLD_956_fwd,800.0,23.072770192359705,39.02164143041238,0,672
SUB_HIFLD_4031,SUB_HIFLD_2807,meso_SUB_HIFLD_4031_SUB_HIFLD_2807_rev,800.0,0.0,0.0,0,672
SUB_HIFLD_4035,SUB_HIFLD_1667,meso_SUB_HIFLD_4035_SUB_HIFLD_1667_rev,800.0,0.0,0.0,0,672
SUB_HIFLD_4035,SUB_HIFLD_1722,meso_SUB_HIFLD_4035_SUB_HIFLD_1722_rev,800.0,0.0,0.0,0,672
SUB_HIFLD_4035,SUB_HIFLD_1776,meso_SUB_HIFLD_4035_SUB_HIFLD_1776_rev,800.0,0.0,0.0,0,672
SUB_HIFLD_4035,SUB_HIFLD_3473,meso_SUB_HIFLD_4035_SUB_HIFLD_3473_rev,800.0,0.0,0.0,0,672
SUB_HIFLD_4037,SUB_HIFLD_4079,meso_SUB_HIFLD_4037_SUB_HIFLD_4079_fwd,800.0,0.0,0.0,0,672
SUB_HIFLD_4039,SUB_HIFLD_2378,meso_SUB_HIFLD_4039_SUB_HIFLD_2378_rev,800.0,0.0,0.0,0,672
SUB_HIFLD_4039,SUB_HIFLD_2381,meso_SUB_HIFLD_4039_SUB_HIFLD_2381_rev,800.0,0.0,0.0,0,672
SUB_HIFLD_4039,SUB_HIFLD_3458,meso_SUB_HIFLD_4039_SUB_HIFLD_3458_rev,800.0,0.0,0.0,0,672
SUB_HIFLD_4040,SUB_HIFLD_2912,meso_SUB_HIFLD_4040_SUB_HIFLD_2912_rev,800.0,0.0,0.0,0,672
SUB_HIFLD_4040,SUB_HIFLD_3970,meso_SUB_HIFLD_4040_SUB_HIFLD_3970_rev,800.0,0.0,0.0,0,672
SUB_HIFLD_4040,SUB_HIFLD_557,meso_SUB_HIFLD_4040_SUB_HIFLD_557_fwd,800.0,0.0,0.0,0,672
SUB_HIFLD_4040,SUB_HIFLD_560,meso_SUB_HIFLD_4040_SUB_HIFLD_560_fwd,800.0,0.0,0.0,0,672
SUB_HIFLD_4040,SUB_HIFLD_581,meso_SUB_HIFLD_4040_SUB_HIFLD_581_fwd,800.0,0.0,0.0,0,672
SUB_HIFLD_4043,SUB_HIFLD_1924,meso_SUB_HIFLD_4043_SUB_HIFLD_1924_rev,800.0,0.0,0.0,0,672
SUB_HIFLD_4043,SUB_HIFLD_1931,meso_SUB_HIFLD_4043_SUB_HIFLD_1931_rev,800.0,20.55889765656146,110.6191819335211,0,672
SUB_HIFLD_4043,SUB_HIFLD_1991,meso_SUB_HIFLD_4043_SUB_HIFLD_1991_rev,800.0,0.0,0.0,0,672
SUB_HIFLD_4050,SUB_HIFLD_1468,meso_SUB_HIFLD_4050_SUB_HIFLD_1468_rev,800.0,0.0,0.0,0,672
SUB_HIFLD_4050,SUB_HIFLD_2622,meso_SUB_HIFLD_4050_SUB_HIFLD_2622_rev,800.0,0.24971933733679977,25.327303859548234,0,672
SUB_HIFLD_4050,SUB_HIFLD_805,meso_SUB_HIFLD_4050_SUB_HIFLD_805_fwd,800.0,2.4813015018956355,29.724563350796338,0,672
SUB_HIFLD_4050,SUB_HIFLD_3004,meso_SUB_HIFLD_4050_SUB_HIFLD_3004_rev,57.869215836692526,3.9194789498824956,5.946845803801548,0,672
SUB_HIFLD_4052,SUB_HIFLD_1553,meso_SUB_HIFLD_4052_SUB_HIFLD_1553_rev,800.0,0.0,0.0,0,672
SUB_HIFLD_4052,SUB_HIFLD_1943,meso_SUB_HIFLD_4052_SUB_HIFLD_1943_rev,800.0,0.0,0.0,0,672
SUB_HIFLD_4052,SUB_HIFLD_1964,meso_SUB_HIFLD_4052_SUB_HIFLD_1964_rev,800.0,0.0,0.0,0,672
SUB_HIFLD_4052,SUB_HIFLD_1589,meso_SUB_HIFLD_4052_SUB_HIFLD_1589_rev,800.0,0.0,0.0,0,672
SUB_HIFLD_4058,SUB_HIFLD_1935,meso_SUB_HIFLD_4058_SUB_HIFLD_1935_rev,800.0,0.0,0.0,0,672
SUB_HIFLD_4058,SUB_HIFLD_1947,meso_SUB_HIFLD_4058_SUB_HIFLD_1947_rev,800.0,0.0,0.0,0,672
SUB_HIFLD_4058,SUB_HIFLD_2943,meso_SUB_HIFLD_4058_SUB_HIFLD_2943_rev,800.0,0.0,0.0,0,672
SUB_HIFLD_4059,SUB_HIFLD_2514,meso_SUB_HIFLD_4059_SUB_HIFLD_2514_rev,800.0,0.0,0.0,0,672
SUB_HIFLD_4061,SUB_HIFLD_1640,meso_SUB_HIFLD_4061_SUB_HIFLD_1640_rev,800.0,0.0,0.0,0,672
SUB_HIFLD_4061,SUB_HIFLD_1945,meso_SUB_HIFLD_4061_SUB_HIFLD_1945_rev,800.0,0.0,0.0,0,672
SUB_HIFLD_4061,SUB_HIFLD_3319,meso_SUB_HIFLD_4061_SUB_HIFLD_3319_rev,800.0,0.0,0.0,0,672
SUB_HIFLD_4062,SUB_HIFLD_2763,meso_SUB_HIFLD_4062_SUB_HIFLD_2763_rev,800.0,0.0,0.0,0,672
SUB_HIFLD_4062,SUB_HIFLD_4322,meso_SUB_HIFLD_4062_SUB_HIFLD_4322_fwd,800.0,0.0,0.0,0,672
SUB_HIFLD_4062,SUB_HIFLD_864,meso_SUB_HIFLD_4062_SUB_HIFLD_864_fwd,800.0,0.0,0.0,0,672
SUB_HIFLD_4068,SUB_HIFLD_1213,meso_SUB_HIFLD_4068_SUB_HIFLD_1213_rev,800.0,0.0,0.0,0,672
SUB_HIFLD_4068,SUB_HIFLD_3073,meso_SUB_HIFLD_4068_SUB_HIFLD_3073_rev,800.0,0.0,0.0,0,672
SUB_HIFLD_4068,SUB_HIFLD_396,meso_SUB_HIFLD_4068_SUB_HIFLD_396_rev,800.0,0.2919480432261401,6.74563530844803,0,672
SUB_HIFLD_4071,SUB_HIFLD_553,meso_SUB_HIFLD_4071_SUB_HIFLD_553_fwd,1500.0,0.0,0.0,0,672
SUB_HIFLD_4071,SUB_HIFLD_589,meso_SUB_HIFLD_4071_SUB_HIFLD_589_fwd,1500.0,0.0,0.0,0,672
SUB_HIFLD_4071,SUB_HIFLD_549,meso_SUB_HIFLD_4071_SUB_HIFLD_549_fwd,1500.0,48.07438873374093,108.6628234104315,0,672
SUB_HIFLD_4073,SUB_HIFLD_1538,meso_SUB_HIFLD_4073_SUB_HIFLD_1538_rev,800.0,0.0,0.0,0,672
SUB_HIFLD_4075,SUB_HIFLD_1684,meso_SUB_HIFLD_4075_SUB_HIFLD_1684_rev,800.0,0.0,0.0,0,672
SUB_HIFLD_4075,SUB_HIFLD_2983,meso_SUB_HIFLD_4075_SUB_HIFLD_2983_rev,800.0,0.0,0.0,0,672
SUB_HIFLD_4077,SUB_HIFLD_523,meso_SUB_HIFLD_4077_SUB_HIFLD_523_fwd,50.0,0.0,0.0,0,672
SUB_HIFLD_4079,SUB_HIFLD_3417,meso_SUB_HIFLD_4079_SUB_HIFLD_3417_rev,800.0,0.0,0.0,0,672
SUB_HIFLD_4079,SUB_HIFLD_3746,meso_SUB_HIFLD_4079_SUB_HIFLD_3746_rev,800.0,0.0,0.0,0,672
SUB_HIFLD_4079,SUB_HIFLD_4037,meso_SUB_HIFLD_4079_SUB_HIFLD_4037_rev,800.0,0.0,0.0,0,672
SUB_HIFLD_4081,SUB_HIFLD_2984,meso_SUB_HIFLD_4081_SUB_HIFLD_2984_rev,600.0,0.0,0.0,0,672
SUB_HIFLD_4081,SUB_HIFLD_2988,meso_SUB_HIFLD_4081_SUB_HIFLD_2988_rev,600.0,0.0,0.0,0,672
SUB_HIFLD_4081,SUB_HIFLD_3190,meso_SUB_HIFLD_4081_SUB_HIFLD_3190_rev,600.0,0.06351032214949932,1.4208462854514354,0,672
SUB_HIFLD_4086,SUB_HIFLD_1659,meso_SUB_HIFLD_4086_SUB_HIFLD_1659_rev,800.0,0.0,0.0,0,672
SUB_HIFLD_4086,SUB_HIFLD_2423,meso_SUB_HIFLD_4086_SUB_HIFLD_2423_rev,800.0,0.0,0.0,0,672
SUB_HIFLD_4086,SUB_HIFLD_2426,meso_SUB_HIFLD_4086_SUB_HIFLD_2426_rev,800.0,0.0,0.0,0,672
SUB_HIFLD_4086,SUB_HIFLD_4328,meso_SUB_HIFLD_4086_SUB_HIFLD_4328_fwd,800.0,0.0,0.0,0,672
SUB_HIFLD_4089,SUB_HIFLD_1529,meso_SUB_HIFLD_4089_SUB_HIFLD_1529_rev,800.0,0.0,0.0,0,672
SUB_HIFLD_4089,SUB_HIFLD_1651,meso_SUB_HIFLD_4089_SUB_HIFLD_1651_rev,800.0,0.0,0.0,0,672
SUB_HIFLD_4089,SUB_HIFLD_3948,meso_SUB_HIFLD_4089_SUB_HIFLD_3948_rev,800.0,0.08589767990848099,0.9633054750654888,0,672
SUB_HIFLD_4089,SUB_HIFLD_4283,meso_SUB_HIFLD_4089_SUB_HIFLD_4283_fwd,800.0,0.023247959286758782,0.7824369392749062,0,672
SUB_HIFLD_4102,SUB_HIFLD_1679,meso_SUB_HIFLD_4102_SUB_HIFLD_1679_rev,800.0,0.0,0.0,0,672
SUB_HIFLD_4102,SUB_HIFLD_1747,meso_SUB_HIFLD_4102_SUB_HIFLD_1747_rev,800.0,0.0,0.0,0,672
SUB_HIFLD_4102,SUB_HIFLD_1972,meso_SUB_HIFLD_4102_SUB_HIFLD_1972_rev,800.0,0.0,0.0,0,672
SUB_HIFLD_4102,SUB_HIFLD_2653,meso_SUB_HIFLD_4102_SUB_HIFLD_2653_rev,800.0,0.0,0.0,0,672
SUB_HIFLD_4104,SUB_HIFLD_2369,meso_SUB_HIFLD_4104_SUB_HIFLD_2369_rev,800.0,0.0,0.0,0,672
SUB_HIFLD_4104,SUB_HIFLD_2391,meso_SUB_HIFLD_4104_SUB_HIFLD_2391_rev,800.0,0.0,0.0,0,672
SUB_HIFLD_4106,SUB_HIFLD_1624,meso_SUB_HIFLD_4106_SUB_HIFLD_1624_rev,800.0,0.0,0.0,0,672
SUB_HIFLD_4106,SUB_HIFLD_1668,meso_SUB_HIFLD_4106_SUB_HIFLD_1668_rev,800.0,33.93087278503615,45.36482142857143,0,672
SUB_HIFLD_4106,SUB_HIFLD_1709,meso_SUB_HIFLD_4106_SUB_HIFLD_1709_rev,800.0,11.433948643535281,21.42925643179308,0,672
SUB_HIFLD_4109,SUB_HIFLD_1672,meso_SUB_HIFLD_4109_SUB_HIFLD_1672_rev,800.0,0.0,0.0,0,672
SUB_HIFLD_4109,SUB_HIFLD_3428,meso_SUB_HIFLD_4109_SUB_HIFLD_3428_rev,2000.0,0.0,0.0,0,672
SUB_HIFLD_4111,SUB_HIFLD_907,meso_SUB_HIFLD_4111_SUB_HIFLD_907_fwd,800.0,0.0,0.0,0,672
SUB_HIFLD_4111,SUB_HIFLD_947,meso_SUB_HIFLD_4111_SUB_HIFLD_947_fwd,800.0,0.0,0.0,0,672
SUB_HIFLD_4111,SUB_HIFLD_974,meso_SUB_HIFLD_4111_SUB_HIFLD_974_fwd,800.0,8.757149324712064,14.5846427996134,0,672
SUB_HIFLD_4114,SUB_HIFLD_3704,meso_SUB_HIFLD_4114_SUB_HIFLD_3704_rev,800.0,0.0,0.0,0,672
SUB_HIFLD_4118,SUB_HIFLD_1028,meso_SUB_HIFLD_4118_SUB_HIFLD_1028_rev,800.0,72.0475129087946,147.25300124364088,0,672
SUB_HIFLD_4122,SUB_HIFLD_1647,meso_SUB_HIFLD_4122_SUB_HIFLD_1647_rev,800.0,0.0,0.0,0,672
SUB_HIFLD_4122,SUB_HIFLD_1653,meso_SUB_HIFLD_4122_SUB_HIFLD_1653_rev,800.0,0.0,0.0,0,672
SUB_HIFLD_4122,SUB_HIFLD_857,meso_SUB_HIFLD_4122_SUB_HIFLD_857_fwd,800.0,0.0,0.0,0,672
SUB_HIFLD_4123,SUB_HIFLD_1928,meso_SUB_HIFLD_4123_SUB_HIFLD_1928_fwd,50.0,0.0,0.0,0,672
SUB_HIFLD_4125,SUB_HIFLD_2678,meso_SUB_HIFLD_4125_SUB_HIFLD_2678_rev,800.0,0.0,0.0,0,672
SUB_HIFLD_4125,SUB_HIFLD_3699,meso_SUB_HIFLD_4125_SUB_HIFLD_3699_rev,800.0,0.0,0.0,0,672
SUB_HIFLD_4125,SUB_HIFLD_4145,meso_SUB_HIFLD_4125_SUB_HIFLD_4145_fwd,800.0,0.0,0.0,0,672
SUB_HIFLD_4125,SUB_HIFLD_2950,meso_SUB_HIFLD_4125_SUB_HIFLD_2950_rev,140.69421853223253,7.626109957425807,14.504558634020619,0,672
SUB_HIFLD_4126,SUB_HIFLD_3923,meso_SUB_HIFLD_4126_SUB_HIFLD_3923_rev,600.0,0.0,0.0,0,672
SUB_HIFLD_4126,SUB_HIFLD_554,meso_SUB_HIFLD_4126_SUB_HIFLD_554_fwd,600.0,0.0,0.0,0,672
SUB_HIFLD_4127,SUB_16368,meso_SUB_HIFLD_4127_SUB_16368_rev,4500.0,2.9466337188219818,10.5,0,672
SUB_HIFLD_4127,SUB_HIFLD_597,meso_SUB_HIFLD_4127_SUB_HIFLD_597_fwd,1500.0,1.1890906254394433,10.5,0,672
SUB_HIFLD_4129,SUB_HIFLD_1927,meso_SUB_HIFLD_4129_SUB_HIFLD_1927_rev,800.0,0.0,0.0,0,672
SUB_HIFLD_4129,SUB_HIFLD_2693,meso_SUB_HIFLD_4129_SUB_HIFLD_2693_rev,800.0,0.0,0.0,0,672
SUB_HIFLD_4133,SUB_HIFLD_2615,meso_SUB_HIFLD_4133_SUB_HIFLD_2615_rev,8000.0,0.0,0.0,0,672
SUB_HIFLD_4135,SUB_HIFLD_2643,meso_SUB_HIFLD_4135_SUB_HIFLD_2643_rev,800.0,0.0,0.0,0,672
SUB_HIFLD_4135,SUB_HIFLD_3911,meso_SUB_HIFLD_4135_SUB_HIFLD_3911_rev,800.0,0.0,0.0,0,672
SUB_HIFLD_4135,SUB_HIFLD_4326,meso_SUB_HIFLD_4135_SUB_HIFLD_4326_fwd,800.0,0.0,0.0,0,672
SUB_HIFLD_4136,SUB_HIFLD_4142,meso_SUB_HIFLD_4136_SUB_HIFLD_4142_fwd,800.0,0.0,0.0,0,672
SUB_HIFLD_4136,SUB_HIFLD_4228,meso_SUB_HIFLD_4136_SUB_HIFLD_4228_fwd,800.0,0.0,0.0,0,672
SUB_HIFLD_4137,SUB_HIFLD_1562,meso_SUB_HIFLD_4137_SUB_HIFLD_1562_rev,800.0,0.0,0.0,0,672
SUB_HIFLD_4137,SUB_HIFLD_1650,meso_SUB_HIFLD_4137_SUB_HIFLD_1650_rev,800.0,0.0,0.0,0,672
SUB_HIFLD_4139,SUB_HIFLD_1576,meso_SUB_HIFLD_4139_SUB_HIFLD_1576_rev,800.0,0.0,0.0,0,672
SUB_HIFLD_4139,SUB_HIFLD_1660,meso_SUB_HIFLD_4139_SUB_HIFLD_1660_rev,800.0,0.0,0.0,0,672
SUB_HIFLD_4139,SUB_HIFLD_3768,meso_SUB_HIFLD_4139_SUB_HIFLD_3768_rev,800.0,0.01468381603549963,2.6793429345199744,0,672
SUB_HIFLD_4140,SUB_HIFLD_1989,meso_SUB_HIFLD_4140_SUB_HIFLD_1989_rev,800.0,0.0,0.0,0,672
SUB_HIFLD_4140,SUB_HIFLD_3915,meso_SUB_HIFLD_4140_SUB_HIFLD_3915_rev,800.0,0.0,0.0,0,672
SUB_HIFLD_4140,SUB_HIFLD_4246,meso_SUB_HIFLD_4140_SUB_HIFLD_4246_fwd,800.0,0.0,0.0,0,672
SUB_HIFLD_4142,SUB_HIFLD_4136,meso_SUB_HIFLD_4142_SUB_HIFLD_4136_rev,800.0,0.0,0.0,0,672
SUB_HIFLD_4142,SUB_HIFLD_4257,meso_SUB_HIFLD_4142_SUB_HIFLD_4257_fwd,800.0,0.0,0.0,0,672
SUB_HIFLD_4145,SUB_HIFLD_3697,meso_SUB_HIFLD_4145_SUB_HIFLD_3697_rev,800.0,0.0,0.0,0,672
SUB_HIFLD_4145,SUB_HIFLD_4125,meso_SUB_HIFLD_4145_SUB_HIFLD_4125_rev,800.0,0.0,0.0,0,672
SUB_HIFLD_4146,SUB_HIFLD_862,meso_SUB_HIFLD_4146_SUB_HIFLD_862_fwd,600.0,0.0,0.0,0,672
SUB_HIFLD_4146,SUB_HIFLD_3362,meso_SUB_HIFLD_4146_SUB_HIFLD_3362_rev,50.0,0.0,0.0,0,672
SUB_HIFLD_4151,SUB_HIFLD_1969,meso_SUB_HIFLD_4151_SUB_HIFLD_1969_rev,800.0,0.0,0.0,0,672
SUB_HIFLD_4151,SUB_HIFLD_4225,meso_SUB_HIFLD_4151_SUB_HIFLD_4225_fwd,800.0,0.0,0.0,0,672
SUB_HIFLD_4151,SUB_HIFLD_3410,meso_SUB_HIFLD_4151_SUB_HIFLD_3410_rev,50.0,0.0,0.0,0,672
SUB_HIFLD_4152,SUB_HIFLD_2930,meso_SUB_HIFLD_4152_SUB_HIFLD_2930_rev,800.0,0.0,0.0,0,672
SUB_HIFLD_4152,SUB_HIFLD_3297,meso_SUB_HIFLD_4152_SUB_HIFLD_3297_rev,800.0,0.0,0.0,0,672
SUB_HIFLD_4152,SUB_HIFLD_4190,meso_SUB_HIFLD_4152_SUB_HIFLD_4190_fwd,800.0,0.0,0.0,0,672
SUB_HIFLD_4154,SUB_HIFLD_1603,meso_SUB_HIFLD_4154_SUB_HIFLD_1603_rev,800.0,0.0,0.0,0,672
SUB_HIFLD_4156,SUB_HIFLD_3905,meso_SUB_HIFLD_4156_SUB_HIFLD_3905_fwd,50.0,0.0,0.0,0,672
SUB_HIFLD_4158,SUB_HIFLD_2654,meso_SUB_HIFLD_4158_SUB_HIFLD_2654_rev,1500.0,1.3680547493808068,4.253530894073065,0,672
SUB_HIFLD_4158,SUB_HIFLD_447,meso_SUB_HIFLD_4158_SUB_HIFLD_447_fwd,1500.0,0.0,0.0,0,672
SUB_HIFLD_4164,SUB_HIFLD_1927,meso_SUB_HIFLD_4164_SUB_HIFLD_1927_rev,800.0,0.0,0.0,0,672
SUB_HIFLD_4164,SUB_HIFLD_1939,meso_SUB_HIFLD_4164_SUB_HIFLD_1939_rev,800.0,0.19773525913864476,18.73725742975668,0,672
SUB_HIFLD_4164,SUB_HIFLD_4392,meso_SUB_HIFLD_4164_SUB_HIFLD_4392_fwd,800.0,31.286463535117395,150.28629588678416,0,672
SUB_HIFLD_4164,SUB_HIFLD_1934,meso_SUB_HIFLD_4164_SUB_HIFLD_1934_rev,800.0,0.0,0.0,0,672
SUB_HIFLD_4164,SUB_HIFLD_1950,meso_SUB_HIFLD_4164_SUB_HIFLD_1950_rev,800.0,0.0,0.0,0,672
SUB_HIFLD_4165,SUB_HIFLD_2875,meso_SUB_HIFLD_4165_SUB_HIFLD_2875_rev,800.0,0.0,0.0,0,672
SUB_HIFLD_4165,SUB_HIFLD_2930,meso_SUB_HIFLD_4165_SUB_HIFLD_2930_rev,800.0,0.0,0.0,0,672
SUB_HIFLD_4166,SUB_HIFLD_1566,meso_SUB_HIFLD_4166_SUB_HIFLD_1566_rev,800.0,0.0,0.0,0,672
SUB_HIFLD_4166,SUB_HIFLD_1619,meso_SUB_HIFLD_4166_SUB_HIFLD_1619_rev,800.0,0.0,0.0,0,672
SUB_HIFLD_4166,SUB_HIFLD_3319,meso_SUB_HIFLD_4166_SUB_HIFLD_3319_rev,800.0,0.0,0.0,0,672
SUB_HIFLD_4169,SUB_HIFLD_3387,meso_SUB_HIFLD_4169_SUB_HIFLD_3387_rev,4000.0,0.0,0.0,0,672
SUB_HIFLD_4170,SUB_HIFLD_4320,meso_SUB_HIFLD_4170_SUB_HIFLD_4320_fwd,800.0,0.0,0.0,0,672
SUB_HIFLD_4170,SUB_HIFLD_805,meso_SUB_HIFLD_4170_SUB_HIFLD_805_fwd,800.0,0.0,0.0,0,672
SUB_HIFLD_4172,SUB_HIFLD_2437,meso_SUB_HIFLD_4172_SUB_HIFLD_2437_rev,800.0,0.0,0.0,0,672
SUB_HIFLD_4175,SUB_HIFLD_2625,meso_SUB_HIFLD_4175_SUB_HIFLD_2625_rev,800.0,0.0,0.0,0,672
SUB_HIFLD_4179,SUB_HIFLD_2635,meso_SUB_HIFLD_4179_SUB_HIFLD_2635_fwd,3460.932717,91.20640450190456,283.5772906470043,0,672
SUB_HIFLD_4189,SUB_HIFLD_2933,meso_SUB_HIFLD_4189_SUB_HIFLD_2933_fwd,199.663165,5.261749037093609,16.35973421112474,0,672
SUB_HIFLD_4190,SUB_HIFLD_1962,meso_SUB_HIFLD_4190_SUB_HIFLD_1962_rev,800.0,0.0,0.0,0,672
SUB_HIFLD_4190,SUB_HIFLD_4152,meso_SUB_HIFLD_4190_SUB_HIFLD_4152_rev,800.0,0.0,0.0,0,672
SUB_HIFLD_4191,SUB_HIFLD_1691,meso_SUB_HIFLD_4191_SUB_HIFLD_1691_rev,800.0,0.0,0.0,0,672
SUB_HIFLD_4191,SUB_HIFLD_1696,meso_SUB_HIFLD_4191_SUB_HIFLD_1696_rev,800.0,0.0,0.0,0,672
SUB_HIFLD_4191,SUB_HIFLD_3730,meso_SUB_HIFLD_4191_SUB_HIFLD_3730_rev,800.0,0.0,0.0,0,672
SUB_HIFLD_4193,SUB_HIFLD_1257,meso_SUB_HIFLD_4193_SUB_HIFLD_1257_rev,800.0,0.22316747412354201,5.254795976464699,0,672
SUB_HIFLD_4193,SUB_HIFLD_1549,meso_SUB_HIFLD_4193_SUB_HIFLD_1549_rev,800.0,10.783956842065937,31.332953447164947,0,672
SUB_HIFLD_4193,SUB_HIFLD_1709,meso_SUB_HIFLD_4193_SUB_HIFLD_1709_rev,800.0,0.0,0.0,0,672
SUB_HIFLD_4195,SUB_HIFLD_2664,meso_SUB_HIFLD_4195_SUB_HIFLD_2664_rev,12000.0,0.0,0.0,0,672
SUB_HIFLD_4195,SUB_HIFLD_2635,meso_SUB_HIFLD_4195_SUB_HIFLD_2635_fwd,16589.446373,407.922753436173,1168.008623876815,0,672
SUB_HIFLD_4196,SUB_HIFLD_1696,meso_SUB_HIFLD_4196_SUB_HIFLD_1696_rev,800.0,0.0,0.0,0,672
SUB_HIFLD_4196,SUB_HIFLD_3732,meso_SUB_HIFLD_4196_SUB_HIFLD_3732_rev,800.0,0.0,0.0,0,672
SUB_HIFLD_4197,SUB_HIFLD_1493,meso_SUB_HIFLD_4197_SUB_HIFLD_1493_rev,800.0,0.0,0.0,0,672
SUB_HIFLD_4197,SUB_HIFLD_3347,meso_SUB_HIFLD_4197_SUB_HIFLD_3347_rev,800.0,0.0,0.0,0,672
SUB_HIFLD_4198,SUB_HIFLD_3157,meso_SUB_HIFLD_4198_SUB_HIFLD_3157_rev,800.0,0.0,0.0,0,672
SUB_HIFLD_4198,SUB_HIFLD_3351,meso_SUB_HIFLD_4198_SUB_HIFLD_3351_rev,800.0,8.659499797718047,16.322121657538663,0,672
SUB_HIFLD_4200,SUB_HIFLD_2833,meso_SUB_HIFLD_4200_SUB_HIFLD_2833_rev,800.0,0.0,0.0,0,672
SUB_HIFLD_4200,SUB_HIFLD_3661,meso_SUB_HIFLD_4200_SUB_HIFLD_3661_rev,800.0,0.0,0.0,0,672
SUB_HIFLD_4200,SUB_HIFLD_822,meso_SUB_HIFLD_4200_SUB_HIFLD_822_fwd,800.0,0.0,0.0,0,672
SUB_HIFLD_4200,SUB_HIFLD_843,meso_SUB_HIFLD_4200_SUB_HIFLD_843_fwd,800.0,0.0,0.0,0,672
SUB_HIFLD_4201,SUB_HIFLD_3698,meso_SUB_HIFLD_4201_SUB_HIFLD_3698_fwd,70.32643604769027,0.0,0.0,0,672
SUB_HIFLD_4202,SUB_HIFLD_576,meso_SUB_HIFLD_4202_SUB_HIFLD_576_fwd,1500.0,0.0,0.0,0,672
SUB_HIFLD_4202,SUB_HIFLD_580,meso_SUB_HIFLD_4202_SUB_HIFLD_580_fwd,1500.0,0.0,0.0,0,672
SUB_HIFLD_4204,SUB_HIFLD_1645,meso_SUB_HIFLD_4204_SUB_HIFLD_1645_rev,800.0,0.0,0.0,0,672
SUB_HIFLD_4204,SUB_HIFLD_3420,meso_SUB_HIFLD_4204_SUB_HIFLD_3420_rev,800.0,0.0,0.0,0,672
SUB_HIFLD_4204,SUB_HIFLD_3714,meso_SUB_HIFLD_4204_SUB_HIFLD_3714_rev,800.0,0.0,0.0,0,672
SUB_HIFLD_4204,SUB_HIFLD_4229,meso_SUB_HIFLD_4204_SUB_HIFLD_4229_fwd,800.0,0.0,0.0,0,672
SUB_HIFLD_4204,SUB_HIFLD_4437,meso_SUB_HIFLD_4204_SUB_HIFLD_4437_fwd,800.0,0.0,0.0,0,672
SUB_HIFLD_4206,SUB_HIFLD_1969,meso_SUB_HIFLD_4206_SUB_HIFLD_1969_rev,800.0,0.0,0.0,0,672
SUB_HIFLD_4206,SUB_HIFLD_1997,meso_SUB_HIFLD_4206_SUB_HIFLD_1997_rev,800.0,2.180253550880762,4.946999999999999,0,672
SUB_HIFLD_4208,SUB_HIFLD_805,meso_SUB_HIFLD_4208_SUB_HIFLD_805_fwd,50.0,0.0,0.0,0,672
SUB_HIFLD_4210,SUB_HIFLD_1925,meso_SUB_HIFLD_4210_SUB_HIFLD_1925_rev,800.0,0.0,0.0,0,672
SUB_HIFLD_4210,SUB_HIFLD_1933,meso_SUB_HIFLD_4210_SUB_HIFLD_1933_rev,800.0,1.7721728592588435,6.75015151820232,0,672
SUB_HIFLD_4210,SUB_HIFLD_1994,meso_SUB_HIFLD_4210_SUB_HIFLD_1994_rev,800.0,0.0,0.0,0,672
SUB_HIFLD_4210,SUB_HIFLD_2680,meso_SUB_HIFLD_4210_SUB_HIFLD_2680_rev,800.0,0.0,0.0,0,672
SUB_HIFLD_4210,SUB_HIFLD_2917,meso_SUB_HIFLD_4210_SUB_HIFLD_2917_rev,800.0,1.0184627058687432,2.6408021907216495,0,672
SUB_HIFLD_4210,SUB_HIFLD_3701,meso_SUB_HIFLD_4210_SUB_HIFLD_3701_rev,800.0,0.0,0.0,0,672
SUB_HIFLD_4210,SUB_HIFLD_1936,meso_SUB_HIFLD_4210_SUB_HIFLD_1936_rev,800.0,0.35308246275458766,12.746325306056702,0,672
SUB_HIFLD_4210,SUB_HIFLD_1979,meso_SUB_HIFLD_4210_SUB_HIFLD_1979_rev,800.0,0.0,0.0,0,672
SUB_HIFLD_4211,SUB_HIFLD_3159,meso_SUB_HIFLD_4211_SUB_HIFLD_3159_rev,800.0,0.6375693248660762,4.580354985502577,0,672
SUB_HIFLD_4211,SUB_HIFLD_3701,meso_SUB_HIFLD_4211_SUB_HIFLD_3701_rev,800.0,0.0,0.0,0,672
SUB_HIFLD_4214,SUB_HIFLD_1593,meso_SUB_HIFLD_4214_SUB_HIFLD_1593_rev,800.0,0.0,0.0,0,672
SUB_HIFLD_4214,SUB_HIFLD_1737,meso_SUB_HIFLD_4214_SUB_HIFLD_1737_rev,800.0,0.0,0.0,0,672
SUB_HIFLD_4214,SUB_HIFLD_1766,meso_SUB_HIFLD_4214_SUB_HIFLD_1766_rev,800.0,0.0,0.0,0,672
SUB_HIFLD_4214,SUB_HIFLD_3777,meso_SUB_HIFLD_4214_SUB_HIFLD_3777_rev,800.0,0.0,0.0,0,672
SUB_HIFLD_4220,SUB_HIFLD_3575,meso_SUB_HIFLD_4220_SUB_HIFLD_3575_rev,4000.0,0.0,0.0,0,672
SUB_HIFLD_4224,SUB_HIFLD_1974,meso_SUB_HIFLD_4224_SUB_HIFLD_1974_rev,800.0,0.0,0.0,0,672
SUB_HIFLD_4224,SUB_HIFLD_2680,meso_SUB_HIFLD_4224_SUB_HIFLD_2680_rev,800.0,0.0,0.0,0,672
SUB_HIFLD_4224,SUB_HIFLD_2939,meso_SUB_HIFLD_4224_SUB_HIFLD_2939_rev,800.0,0.0,0.0,0,672
SUB_HIFLD_4225,SUB_HIFLD_1997,meso_SUB_HIFLD_4225_SUB_HIFLD_1997_rev,800.0,1.806961705803745,4.1,0,672
SUB_HIFLD_4225,SUB_HIFLD_3292,meso_SUB_HIFLD_4225_SUB_HIFLD_3292_rev,800.0,0.0,0.0,0,672
SUB_HIFLD_4225,SUB_HIFLD_4151,meso_SUB_HIFLD_4225_SUB_HIFLD_4151_rev,800.0,0.0,0.0,0,672
SUB_HIFLD_4226,SUB_HIFLD_1925,meso_SUB_HIFLD_4226_SUB_HIFLD_1925_rev,800.0,0.0,0.0,0,672
SUB_HIFLD_4226,SUB_HIFLD_1930,meso_SUB_HIFLD_4226_SUB_HIFLD_1930_rev,800.0,0.0,0.0,0,672
SUB_HIFLD_4226,SUB_HIFLD_2922,meso_SUB_HIFLD_4226_SUB_HIFLD_2922_rev,50.0,0.0,0.0,0,672
SUB_HIFLD_4228,SUB_HIFLD_4136,meso_SUB_HIFLD_4228_SUB_HIFLD_4136_rev,800.0,0.0,0.0,0,672
SUB_HIFLD_4228,SUB_HIFLD_4442,meso_SUB_HIFLD_4228_SUB_HIFLD_4442_fwd,800.0,0.0,0.0,0,672
SUB_HIFLD_4229,SUB_HIFLD_1651,meso_SUB_HIFLD_4229_SUB_HIFLD_1651_rev,800.0,0.0,0.0,0,672
SUB_HIFLD_4229,SUB_HIFLD_4204,meso_SUB_HIFLD_4229_SUB_HIFLD_4204_rev,800.0,0.0,0.0,0,672
SUB_HIFLD_4231,SUB_01201,meso_SUB_HIFLD_4231_SUB_01201_rev,1500.0,0.0,0.0,0,672
SUB_HIFLD_4231,SUB_HIFLD_1139,meso_SUB_HIFLD_4231_SUB_HIFLD_1139_rev,1500.0,0.0,0.0,0,672
SUB_HIFLD_4235,SUB_HIFLD_2496,meso_SUB_HIFLD_4235_SUB_HIFLD_2496_rev,800.0,5.671053616347814,14.53258892035134,0,672
SUB_HIFLD_4235,SUB_HIFLD_911,meso_SUB_HIFLD_4235_SUB_HIFLD_911_fwd,800.0,0.3549552513897545,3.1221451715428925,0,672
SUB_HIFLD_4237,SUB_HIFLD_2867,meso_SUB_HIFLD_4237_SUB_HIFLD_2867_rev,8000.0,0.0,0.0,0,672
SUB_HIFLD_4237,SUB_HIFLD_1671,meso_SUB_HIFLD_4237_SUB_HIFLD_1671_fwd,5923.6001346,130.40183211333127,405.7867861084761,0,672
SUB_HIFLD_4238,SUB_HIFLD_1635,meso_SUB_HIFLD_4238_SUB_HIFLD_1635_rev,4000.0,0.0,0.0,0,672
SUB_HIFLD_4238,SUB_HIFLD_2998,meso_SUB_HIFLD_4238_SUB_HIFLD_2998_rev,800.0,11.761500733680366,17.0624372379264,0,672
SUB_HIFLD_4238,WECC_SCE,iface_SUB_HIFLD_4238_WECC_SCE_to_ba,557.8384718587145,0.0,0.0,0,672
SUB_HIFLD_4240,SUB_HIFLD_3777,meso_SUB_HIFLD_4240_SUB_HIFLD_3777_rev,800.0,0.0,0.0,0,672
SUB_HIFLD_4241,SUB_HIFLD_2869,meso_SUB_HIFLD_4241_SUB_HIFLD_2869_fwd,515.4678006,13.584189169092909,42.23571339364997,0,672
SUB_HIFLD_4246,SUB_HIFLD_1949,meso_SUB_HIFLD_4246_SUB_HIFLD_1949_rev,800.0,0.0,0.0,0,672
SUB_HIFLD_4246,SUB_HIFLD_2613,meso_SUB_HIFLD_4246_SUB_HIFLD_2613_rev,800.0,0.0,0.0,0,672
SUB_HIFLD_4246,SUB_HIFLD_4140,meso_SUB_HIFLD_4246_SUB_HIFLD_4140_rev,800.0,0.0,0.0,0,672
SUB_HIFLD_4252,SUB_HIFLD_3574,meso_SUB_HIFLD_4252_SUB_HIFLD_3574_rev,1500.0,0.0,0.0,0,672
SUB_HIFLD_4252,SUB_HIFLD_799,meso_SUB_HIFLD_4252_SUB_HIFLD_799_fwd,1500.0,4.051625632465925,125.24228368679404,0,672
SUB_HIFLD_4252,SUB_HIFLD_807,meso_SUB_HIFLD_4252_SUB_HIFLD_807_fwd,1500.0,5.526311090444547,193.48529952077826,0,672
SUB_HIFLD_4252,SUB_HIFLD_820,meso_SUB_HIFLD_4252_SUB_HIFLD_820_fwd,1500.0,0.0,0.0,0,672
SUB_HIFLD_4257,SUB_HIFLD_2879,meso_SUB_HIFLD_4257_SUB_HIFLD_2879_rev,800.0,0.0,0.0,0,672
SUB_HIFLD_4257,SUB_HIFLD_2935,meso_SUB_HIFLD_4257_SUB_HIFLD_2935_rev,800.0,0.0,0.0,0,672
SUB_HIFLD_4257,SUB_HIFLD_2956,meso_SUB_HIFLD_4257_SUB_HIFLD_2956_rev,800.0,0.0,0.0,0,672
SUB_HIFLD_4257,SUB_HIFLD_3662,meso_SUB_HIFLD_4257_SUB_HIFLD_3662_rev,800.0,0.0,0.0,0,672
SUB_HIFLD_4257,SUB_HIFLD_4142,meso_SUB_HIFLD_4257_SUB_HIFLD_4142_rev,800.0,0.0,0.0,0,672
SUB_HIFLD_4258,SUB_HIFLD_1657,meso_SUB_HIFLD_4258_SUB_HIFLD_1657_rev,800.0,0.0,0.0,0,672
SUB_HIFLD_4259,SUB_HIFLD_2970,meso_SUB_HIFLD_4259_SUB_HIFLD_2970_rev,1500.0,0.0,0.0,0,672
SUB_HIFLD_4259,SUB_HIFLD_575,meso_SUB_HIFLD_4259_SUB_HIFLD_575_fwd,1500.0,0.0,0.0,0,672
SUB_HIFLD_4259,SUB_HIFLD_582,meso_SUB_HIFLD_4259_SUB_HIFLD_582_fwd,1500.0,0.1140188915308637,34.71401506266441,0,672
SUB_HIFLD_4259,SUB_HIFLD_586,meso_SUB_HIFLD_4259_SUB_HIFLD_586_fwd,1500.0,27.443738715347838,110.02268442377468,0,672
SUB_HIFLD_4260,SUB_HIFLD_2859,meso_SUB_HIFLD_4260_SUB_HIFLD_2859_rev,800.0,0.0,0.0,0,672
SUB_HIFLD_4260,SUB_HIFLD_4368,meso_SUB_HIFLD_4260_SUB_HIFLD_4368_fwd,800.0,0.0,0.0,0,672
SUB_HIFLD_4260,SUB_HIFLD_848,meso_SUB_HIFLD_4260_SUB_HIFLD_848_fwd,800.0,0.0,0.0,0,672
SUB_HIFLD_4268,SUB_HIFLD_2560,meso_SUB_HIFLD_4268_SUB_HIFLD_2560_rev,1500.0,0.0,0.0,0,672
SUB_HIFLD_4268,SUB_HIFLD_550,meso_SUB_HIFLD_4268_SUB_HIFLD_550_fwd,1500.0,0.0,0.0,0,672
SUB_HIFLD_4268,SUB_HIFLD_579,meso_SUB_HIFLD_4268_SUB_HIFLD_579_fwd,1500.0,0.0,0.0,0,672
SUB_HIFLD_4268,SUB_HIFLD_583,meso_SUB_HIFLD_4268_SUB_HIFLD_583_fwd,1500.0,0.0,0.0,0,672
SUB_HIFLD_4268,SUB_HIFLD_589,meso_SUB_HIFLD_4268_SUB_HIFLD_589_fwd,1500.0,0.0,0.0,0,672
SUB_HIFLD_4271,SUB_HIFLD_2367,meso_SUB_HIFLD_4271_SUB_HIFLD_2367_rev,800.0,0.0,0.0,0,672
SUB_HIFLD_4271,SUB_HIFLD_2392,meso_SUB_HIFLD_4271_SUB_HIFLD_2392_rev,800.0,0.9208060810960843,2.862953485717779,0,672
SUB_HIFLD_4271,SUB_HIFLD_4012,meso_SUB_HIFLD_4271_SUB_HIFLD_4012_rev,800.0,0.0,0.0,0,672
SUB_HIFLD_4273,SUB_HIFLD_2745,meso_SUB_HIFLD_4273_SUB_HIFLD_2745_rev,800.0,12.431002433712846,108.56851676899826,0,672
SUB_HIFLD_4273,SUB_HIFLD_916,meso_SUB_HIFLD_4273_SUB_HIFLD_916_fwd,800.0,54.08152687721521,133.78297395611915,0,672
SUB_HIFLD_4273,SUB_HIFLD_928,meso_SUB_HIFLD_4273_SUB_HIFLD_928_fwd,800.0,0.0,0.0,0,672
SUB_HIFLD_4283,SUB_HIFLD_1529,meso_SUB_HIFLD_4283_SUB_HIFLD_1529_rev,800.0,0.0,0.0,0,672
SUB_HIFLD_4283,SUB_HIFLD_1557,meso_SUB_HIFLD_4283_SUB_HIFLD_1557_rev,800.0,0.0,0.0,0,672
SUB_HIFLD_4283,SUB_HIFLD_4089,meso_SUB_HIFLD_4283_SUB_HIFLD_4089_rev,800.0,0.0,0.0,0,672
SUB_HIFLD_4287,SUB_HIFLD_1714,meso_SUB_HIFLD_4287_SUB_HIFLD_1714_rev,800.0,0.0,0.0,0,672
SUB_HIFLD_4287,SUB_HIFLD_1730,meso_SUB_HIFLD_4287_SUB_HIFLD_1730_rev,800.0,0.0,0.0,0,672
SUB_HIFLD_4287,SUB_HIFLD_4014,meso_SUB_HIFLD_4287_SUB_HIFLD_4014_rev,800.0,0.0,0.0,0,672
SUB_HIFLD_4288,SUB_HIFLD_1563,meso_SUB_HIFLD_4288_SUB_HIFLD_1563_rev,800.0,0.0,0.0,0,672
SUB_HIFLD_4288,SUB_HIFLD_1604,meso_SUB_HIFLD_4288_SUB_HIFLD_1604_rev,800.0,0.0,0.0,0,672
SUB_HIFLD_4288,SUB_HIFLD_2708,meso_SUB_HIFLD_4288_SUB_HIFLD_2708_rev,800.0,5.859715959139588,20.94922391875465,0,672
SUB_HIFLD_4290,SUB_HIFLD_1973,meso_SUB_HIFLD_4290_SUB_HIFLD_1973_rev,800.0,0.0,0.0,0,672
SUB_HIFLD_4290,SUB_HIFLD_1990,meso_SUB_HIFLD_4290_SUB_HIFLD_1990_rev,800.0,0.0,0.0,0,672
SUB_HIFLD_4290,SUB_HIFLD_3498,meso_SUB_HIFLD_4290_SUB_HIFLD_3498_rev,800.0,0.0,0.0,0,672
SUB_HIFLD_4291,SUB_18297,meso_SUB_HIFLD_4291_SUB_18297_rev,3000.0,0.0,0.0,0,672
SUB_HIFLD_4291,SUB_HIFLD_2086,meso_SUB_HIFLD_4291_SUB_HIFLD_2086_rev,1500.0,0.0,0.0,0,672
SUB_HIFLD_4291,SUB_HIFLD_48,meso_SUB_HIFLD_4291_SUB_HIFLD_48_fwd,1500.0,1.3274832705175326,15.351285144908758,0,672
SUB_HIFLD_4295,SUB_HIFLD_3971,meso_SUB_HIFLD_4295_SUB_HIFLD_3971_rev,1500.0,0.0,0.0,0,672
SUB_HIFLD_4295,SUB_HIFLD_577,meso_SUB_HIFLD_4295_SUB_HIFLD_577_fwd,1500.0,0.0,0.0,0,672
SUB_HIFLD_4295,SUB_HIFLD_832,meso_SUB_HIFLD_4295_SUB_HIFLD_832_fwd,1500.0,0.0,0.0,0,672
SUB_HIFLD_4296,SUB_HIFLD_1595,meso_SUB_HIFLD_4296_SUB_HIFLD_1595_rev,800.0,0.0,0.0,0,672
SUB_HIFLD_4296,SUB_HIFLD_1727,meso_SUB_HIFLD_4296_SUB_HIFLD_1727_rev,800.0,0.0,0.0,0,672
SUB_HIFLD_4296,SUB_HIFLD_1758,meso_SUB_HIFLD_4296_SUB_HIFLD_1758_rev,800.0,0.0,0.0,0,672
SUB_HIFLD_4296,SUB_HIFLD_1261,meso_SUB_HIFLD_4296_SUB_HIFLD_1261_rev,800.0,0.0,0.0,0,672
SUB_HIFLD_4302,SUB_HIFLD_3660,meso_SUB_HIFLD_4302_SUB_HIFLD_3660_rev,800.0,0.0,0.0,0,672
SUB_HIFLD_4302,SUB_HIFLD_4320,meso_SUB_HIFLD_4302_SUB_HIFLD_4320_fwd,800.0,3.3763473217208393,31.097220429895305,0,672
SUB_HIFLD_4302,SUB_HIFLD_834,meso_SUB_HIFLD_4302_SUB_HIFLD_834_fwd,800.0,0.0,0.0,0,672
SUB_HIFLD_4313,SUB_HIFLD_3357,meso_SUB_HIFLD_4313_SUB_HIFLD_3357_rev,1500.0,0.0,0.0,0,672
SUB_HIFLD_4313,SUB_HIFLD_4016,meso_SUB_HIFLD_4313_SUB_HIFLD_4016_rev,1500.0,0.0,0.0,0,672
SUB_HIFLD_4313,SUB_HIFLD_3059,meso_SUB_HIFLD_4313_SUB_HIFLD_3059_rev,1500.0,0.0,0.0,0,672
SUB_HIFLD_4313,SUB_HIFLD_552,meso_SUB_HIFLD_4313_SUB_HIFLD_552_fwd,1500.0,0.0,0.0,0,672
SUB_HIFLD_4313,SUB_HIFLD_572,meso_SUB_HIFLD_4313_SUB_HIFLD_572_fwd,1500.0,7.431833328387042,25.795307616648785,0,672
SUB_HIFLD_4314,SUB_HIFLD_801,meso_SUB_HIFLD_4314_SUB_HIFLD_801_fwd,800.0,0.0,0.0,0,672
SUB_HIFLD_4314,SUB_HIFLD_817,meso_SUB_HIFLD_4314_SUB_HIFLD_817_fwd,800.0,0.04385436034916547,14.751390786082483,0,672
SUB_HIFLD_4314,SUB_HIFLD_827,meso_SUB_HIFLD_4314_SUB_HIFLD_827_fwd,800.0,0.0,0.0,0,672
SUB_HIFLD_4314,SUB_HIFLD_3659,meso_SUB_HIFLD_4314_SUB_HIFLD_3659_rev,800.0,0.0,0.0,0,672
SUB_HIFLD_4318,SUB_HIFLD_2496,meso_SUB_HIFLD_4318_SUB_HIFLD_2496_rev,800.0,0.0,0.0,0,672
SUB_HIFLD_4318,SUB_HIFLD_970,meso_SUB_HIFLD_4318_SUB_HIFLD_970_fwd,800.0,0.2136335884172892,0.35609835595199746,0,672
SUB_HIFLD_4320,SUB_HIFLD_4170,meso_SUB_HIFLD_4320_SUB_HIFLD_4170_rev,800.0,0.0,0.0,0,672
SUB_HIFLD_4320,SUB_HIFLD_4302,meso_SUB_HIFLD_4320_SUB_HIFLD_4302_rev,800.0,0.0,0.0,0,672
SUB_HIFLD_4320,SUB_HIFLD_818,meso_SUB_HIFLD_4320_SUB_HIFLD_818_fwd,800.0,3.2750569020692146,30.164303816998444,0,672
SUB_HIFLD_4320,SUB_HIFLD_551,meso_SUB_HIFLD_4320_SUB_HIFLD_551_fwd,800.0,0.0,0.0,0,672
SUB_HIFLD_4321,SUB_HIFLD_1469,meso_SUB_HIFLD_4321_SUB_HIFLD_1469_rev,600.0,0.0,0.0,0,672
SUB_HIFLD_4321,SUB_HIFLD_3983,meso_SUB_HIFLD_4321_SUB_HIFLD_3983_rev,600.0,0.4957515962345085,0.6739094213112113,0,672
SUB_HIFLD_4321,SUB_HIFLD_3987,meso_SUB_HIFLD_4321_SUB_HIFLD_3987_rev,600.0,0.0,0.0,0,672
SUB_HIFLD_4322,SUB_HIFLD_4062,meso_SUB_HIFLD_4322_SUB_HIFLD_4062_rev,800.0,0.0,0.0,0,672
SUB_HIFLD_4322,SUB_HIFLD_853,meso_SUB_HIFLD_4322_SUB_HIFLD_853_fwd,800.0,0.0,0.0,0,672
SUB_HIFLD_4322,SUB_HIFLD_866,meso_SUB_HIFLD_4322_SUB_HIFLD_866_fwd,800.0,0.0,0.0,0,672
SUB_HIFLD_4322,SUB_HIFLD_150,meso_SUB_HIFLD_4322_SUB_HIFLD_150_rev,800.0,0.0,0.0,0,672
SUB_HIFLD_4322,SUB_HIFLD_3681,meso_SUB_HIFLD_4322_SUB_HIFLD_3681_rev,50.0,2.2063328628277863,4.868164565882732,0,672
SUB_HIFLD_4325,SUB_01445,meso_SUB_HIFLD_4325_SUB_01445_rev,3000.0,4.452736890680716,85.03957796391755,0,672
SUB_HIFLD_4325,SUB_HIFLD_105,meso_SUB_HIFLD_4325_SUB_HIFLD_105_rev,1500.0,0.0,0.0,0,672
SUB_HIFLD_4326,SUB_HIFLD_1533,meso_SUB_HIFLD_4326_SUB_HIFLD_1533_rev,800.0,0.0,0.0,0,672
SUB_HIFLD_4326,SUB_HIFLD_1672,meso_SUB_HIFLD_4326_SUB_HIFLD_1672_rev,800.0,0.0,0.0,0,672
SUB_HIFLD_4326,SUB_HIFLD_3764,meso_SUB_HIFLD_4326_SUB_HIFLD_3764_rev,800.0,0.0,0.0,0,672
SUB_HIFLD_4326,SUB_HIFLD_3765,meso_SUB_HIFLD_4326_SUB_HIFLD_3765_rev,800.0,0.0,0.0,0,672
SUB_HIFLD_4326,SUB_HIFLD_4135,meso_SUB_HIFLD_4326_SUB_HIFLD_4135_rev,800.0,0.0,0.0,0,672
SUB_HIFLD_4327,SUB_HIFLD_3312,meso_SUB_HIFLD_4327_SUB_HIFLD_3312_rev,600.0,0.0,0.0,0,672
SUB_HIFLD_4327,WEC_BANC,iface_SUB_HIFLD_4327_WEC_BANC_to_ba,1200.0,0.0,0.0,0,672
SUB_HIFLD_4328,SUB_HIFLD_1583,meso_SUB_HIFLD_4328_SUB_HIFLD_1583_rev,800.0,0.0,0.0,0,672
SUB_HIFLD_4328,SUB_HIFLD_1646,meso_SUB_HIFLD_4328_SUB_HIFLD_1646_rev,800.0,0.0,0.0,0,672
SUB_HIFLD_4328,SUB_HIFLD_4086,meso_SUB_HIFLD_4328_SUB_HIFLD_4086_rev,800.0,0.0,0.0,0,672
SUB_HIFLD_4329,SUB_HIFLD_1664,meso_SUB_HIFLD_4329_SUB_HIFLD_1664_rev,800.0,0.0,0.0,0,672
SUB_HIFLD_4329,SUB_HIFLD_1717,meso_SUB_HIFLD_4329_SUB_HIFLD_1717_rev,800.0,0.0,0.0,0,672
SUB_HIFLD_4329,SUB_HIFLD_1720,meso_SUB_HIFLD_4329_SUB_HIFLD_1720_rev,800.0,0.0,0.0,0,672
SUB_HIFLD_4330,SUB_16328,meso_SUB_HIFLD_4330_SUB_16328_rev,600.0,0.0,0.0,0,672
SUB_HIFLD_4330,SUB_HIFLD_2043,meso_SUB_HIFLD_4330_SUB_HIFLD_2043_rev,600.0,0.0,0.0,0,672
SUB_HIFLD_4335,SUB_HIFLD_2365,meso_SUB_HIFLD_4335_SUB_HIFLD_2365_rev,800.0,0.0,0.0,0,672
SUB_HIFLD_4335,SUB_HIFLD_2386,meso_SUB_HIFLD_4335_SUB_HIFLD_2386_rev,800.0,0.0,0.0,0,672
SUB_HIFLD_4335,SUB_HIFLD_3525,meso_SUB_HIFLD_4335_SUB_HIFLD_3525_rev,800.0,0.0,0.0,0,672
SUB_HIFLD_4337,SUB_HIFLD_1643,meso_SUB_HIFLD_4337_SUB_HIFLD_1643_rev,800.0,0.0,0.0,0,672
SUB_HIFLD_4337,SUB_HIFLD_1678,meso_SUB_HIFLD_4337_SUB_HIFLD_1678_rev,800.0,26.63026965307,50.642751288659795,0,672
SUB_HIFLD_4337,SUB_HIFLD_1701,meso_SUB_HIFLD_4337_SUB_HIFLD_1701_rev,800.0,22.03857563795603,59.07796391752577,0,672
SUB_HIFLD_4337,SUB_HIFLD_2801,meso_SUB_HIFLD_4337_SUB_HIFLD_2801_rev,800.0,60.87756710733869,125.59509180040388,0,672
SUB_HIFLD_4342,SUB_HIFLD_3078,meso_SUB_HIFLD_4342_SUB_HIFLD_3078_rev,800.0,43.06982029941326,93.76234423158678,0,672
SUB_HIFLD_4342,SUB_HIFLD_563,meso_SUB_HIFLD_4342_SUB_HIFLD_563_fwd,1500.0,24.604446406638328,43.837342944587625,0,672
SUB_HIFLD_4342,SUB_HIFLD_589,meso_SUB_HIFLD_4342_SUB_HIFLD_589_fwd,1500.0,0.0,0.0,0,672
SUB_HIFLD_4343,SUB_HIFLD_2783,meso_SUB_HIFLD_4343_SUB_HIFLD_2783_rev,800.0,0.0,0.0,0,672
SUB_HIFLD_4347,SUB_HIFLD_2380,meso_SUB_HIFLD_4347_SUB_HIFLD_2380_rev,800.0,0.0,0.0,0,672
SUB_HIFLD_4347,SUB_HIFLD_2715,meso_SUB_HIFLD_4347_SUB_HIFLD_2715_rev,800.0,0.0,0.0,0,672
SUB_HIFLD_4347,SUB_HIFLD_3638,meso_SUB_HIFLD_4347_SUB_HIFLD_3638_rev,800.0,0.0,0.0,0,672
SUB_HIFLD_4349,SUB_HIFLD_1743,meso_SUB_HIFLD_4349_SUB_HIFLD_1743_rev,800.0,9.072908922662673,17.23743355347938,0,672
SUB_HIFLD_4349,SUB_HIFLD_1761,meso_SUB_HIFLD_4349_SUB_HIFLD_1761_rev,800.0,0.0,0.0,0,672
SUB_HIFLD_4352,SUB_HIFLD_1677,meso_SUB_HIFLD_4352_SUB_HIFLD_1677_rev,800.0,0.0,0.0,0,672
SUB_HIFLD_4352,SUB_HIFLD_1733,meso_SUB_HIFLD_4352_SUB_HIFLD_1733_rev,800.0,0.0,0.0,0,672
SUB_HIFLD_4354,SUB_HIFLD_3487,meso_SUB_HIFLD_4354_SUB_HIFLD_3487_rev,1500.0,0.0,0.0,0,672
SUB_HIFLD_4354,SUB_HIFLD_577,meso_SUB_HIFLD_4354_SUB_HIFLD_577_fwd,1500.0,0.0,0.0,0,672
SUB_HIFLD_4354,SUB_HIFLD_870,meso_SUB_HIFLD_4354_SUB_HIFLD_870_fwd,1500.0,0.0,0.0,0,672
SUB_HIFLD_4364,SUB_HIFLD_1027,meso_SUB_HIFLD_4364_SUB_HIFLD_1027_rev,800.0,4.498204200179263,11.733857522551546,0,672
SUB_HIFLD_4364,SUB_HIFLD_3393,meso_SUB_HIFLD_4364_SUB_HIFLD_3393_rev,800.0,0.0,0.0,0,672
SUB_HIFLD_4364,SUB_HIFLD_951,meso_SUB_HIFLD_4364_SUB_HIFLD_951_fwd,800.0,0.0,0.0,0,672
SUB_HIFLD_4365,SUB_HIFLD_2383,meso_SUB_HIFLD_4365_SUB_HIFLD_2383_rev,800.0,0.22708083739395404,6.031888289304123,0,672
SUB_HIFLD_4365,SUB_HIFLD_2394,meso_SUB_HIFLD_4365_SUB_HIFLD_2394_rev,800.0,0.0,0.0,0,672
SUB_HIFLD_4365,SUB_HIFLD_2397,meso_SUB_HIFLD_4365_SUB_HIFLD_2397_rev,800.0,16.552927045700415,32.32344269989173,0,672
SUB_HIFLD_4368,SUB_HIFLD_2879,meso_SUB_HIFLD_4368_SUB_HIFLD_2879_rev,800.0,0.0,0.0,0,672
SUB_HIFLD_4368,SUB_HIFLD_2912,meso_SUB_HIFLD_4368_SUB_HIFLD_2912_rev,800.0,0.0,0.0,0,672
SUB_HIFLD_4368,SUB_HIFLD_4260,meso_SUB_HIFLD_4368_SUB_HIFLD_4260_rev,800.0,0.0,0.0,0,672
SUB_HIFLD_4370,SUB_HIFLD_1949,meso_SUB_HIFLD_4370_SUB_HIFLD_1949_rev,800.0,0.0,0.0,0,672
SUB_HIFLD_4370,SUB_HIFLD_1978,meso_SUB_HIFLD_4370_SUB_HIFLD_1978_rev,800.0,0.0,0.0,0,672
SUB_HIFLD_4370,SUB_HIFLD_2674,meso_SUB_HIFLD_4370_SUB_HIFLD_2674_rev,800.0,0.0,0.0,0,672
SUB_HIFLD_4372,SUB_HIFLD_1586,meso_SUB_HIFLD_4372_SUB_HIFLD_1586_rev,800.0,0.0,0.0,0,672
SUB_HIFLD_4372,SUB_HIFLD_3741,meso_SUB_HIFLD_4372_SUB_HIFLD_3741_rev,800.0,0.0,0.0,0,672
SUB_HIFLD_4372,SUB_HIFLD_3742,meso_SUB_HIFLD_4372_SUB_HIFLD_3742_rev,800.0,0.0,0.0,0,672
SUB_HIFLD_4373,SUB_HIFLD_3514,meso_SUB_HIFLD_4373_SUB_HIFLD_3514_rev,800.0,0.0,0.0,0,672
SUB_HIFLD_4373,SUB_HIFLD_940,meso_SUB_HIFLD_4373_SUB_HIFLD_940_fwd,800.0,4.232544491910076,61.76921578222657,0,672
SUB_HIFLD_4378,SUB_HIFLD_1932,meso_SUB_HIFLD_4378_SUB_HIFLD_1932_rev,800.0,0.0,0.0,0,672
SUB_HIFLD_4378,SUB_HIFLD_2681,meso_SUB_HIFLD_4378_SUB_HIFLD_2681_rev,800.0,0.0,0.0,0,672
SUB_HIFLD_4378,SUB_HIFLD_2758,meso_SUB_HIFLD_4378_SUB_HIFLD_2758_rev,800.0,0.0,0.0,0,672
SUB_HIFLD_4378,SUB_HIFLD_3496,meso_SUB_HIFLD_4378_SUB_HIFLD_3496_rev,800.0,0.0,0.0,0,672
SUB_HIFLD_4379,SUB_HIFLD_2410,meso_SUB_HIFLD_4379_SUB_HIFLD_2410_rev,800.0,0.0,0.0,0,672
SUB_HIFLD_4379,SUB_HIFLD_2424,meso_SUB_HIFLD_4379_SUB_HIFLD_2424_rev,800.0,0.0,0.0,0,672
SUB_HIFLD_4379,SUB_HIFLD_2431,meso_SUB_HIFLD_4379_SUB_HIFLD_2431_rev,800.0,0.0,0.0,0,672
SUB_HIFLD_4379,SUB_HIFLD_2437,meso_SUB_HIFLD_4379_SUB_HIFLD_2437_rev,800.0,0.0,0.0,0,672
SUB_HIFLD_4379,SUB_HIFLD_2418,meso_SUB_HIFLD_4379_SUB_HIFLD_2418_rev,50.0,0.0,0.0,0,672
SUB_HIFLD_4389,SUB_HIFLD_2864,meso_SUB_HIFLD_4389_SUB_HIFLD_2864_rev,1500.0,0.0,0.0,0,672
SUB_HIFLD_4389,SUB_HIFLD_4396,meso_SUB_HIFLD_4389_SUB_HIFLD_4396_fwd,800.0,0.0,0.0,0,672
SUB_HIFLD_4389,SUB_HIFLD_840,meso_SUB_HIFLD_4389_SUB_HIFLD_840_fwd,800.0,0.0,0.0,0,672
SUB_HIFLD_4390,SUB_16307,meso_SUB_HIFLD_4390_SUB_16307_rev,600.0,30.77284893855029,45.0,0,672
SUB_HIFLD_4390,SUB_HIFLD_2990,meso_SUB_HIFLD_4390_SUB_HIFLD_2990_rev,1200.0,0.25294953077551485,21.34667887777551,0,672
SUB_HIFLD_4392,SUB_HIFLD_1942,meso_SUB_HIFLD_4392_SUB_HIFLD_1942_rev,800.0,5.459299536853737,99.87669460683007,0,672
SUB_HIFLD_4392,SUB_HIFLD_1963,meso_SUB_HIFLD_4392_SUB_HIFLD_1963_rev,800.0,42.342074556495845,66.3662612757732,0,672
SUB_HIFLD_4392,SUB_HIFLD_3021,meso_SUB_HIFLD_4392_SUB_HIFLD_3021_rev,800.0,0.0,0.0,0,672
SUB_HIFLD_4392,SUB_HIFLD_4164,meso_SUB_HIFLD_4392_SUB_HIFLD_4164_rev,800.0,0.0,0.0,0,672
SUB_HIFLD_4396,SUB_HIFLD_150,meso_SUB_HIFLD_4396_SUB_HIFLD_150_rev,800.0,0.0,0.0,0,672
SUB_HIFLD_4396,SUB_HIFLD_4389,meso_SUB_HIFLD_4396_SUB_HIFLD_4389_rev,800.0,0.0,0.0,0,672
SUB_HIFLD_4396,SUB_HIFLD_831,meso_SUB_HIFLD_4396_SUB_HIFLD_831_fwd,800.0,0.0,0.0,0,672
SUB_HIFLD_4398,SUB_HIFLD_1644,meso_SUB_HIFLD_4398_SUB_HIFLD_1644_rev,800.0,0.0,0.0,0,672
SUB_HIFLD_4398,SUB_HIFLD_1730,meso_SUB_HIFLD_4398_SUB_HIFLD_1730_rev,800.0,0.5879382960675715,1.828007034999134,0,672
SUB_HIFLD_4398,SUB_HIFLD_2871,meso_SUB_HIFLD_4398_SUB_HIFLD_2871_rev,800.0,0.0,0.0,0,672
SUB_HIFLD_4400,SUB_HIFLD_3686,meso_SUB_HIFLD_4400_SUB_HIFLD_3686_rev,800.0,0.0,0.0,0,672
SUB_HIFLD_4400,SUB_HIFLD_560,meso_SUB_HIFLD_4400_SUB_HIFLD_560_fwd,800.0,0.0,0.0,0,672
SUB_HIFLD_4400,SUB_HIFLD_800,meso_SUB_HIFLD_4400_SUB_HIFLD_800_fwd,800.0,0.0,0.0,0,672
SUB_HIFLD_4400,SUB_HIFLD_570,meso_SUB_HIFLD_4400_SUB_HIFLD_570_fwd,800.0,41.20411509027215,50.34823416782192,0,672
SUB_HIFLD_4403,SUB_10335,meso_SUB_HIFLD_4403_SUB_10335_rev,600.0,4.391476567105115,13.945754044498619,0,672
SUB_HIFLD_4403,SUB_10352,meso_SUB_HIFLD_4403_SUB_10352_rev,600.0,0.0,0.0,0,672
SUB_HIFLD_4403,SUB_HIFLD_2180,meso_SUB_HIFLD_4403_SUB_HIFLD_2180_rev,600.0,0.0,0.0,0,672
SUB_HIFLD_4404,SUB_HIFLD_889,meso_SUB_HIFLD_4404_SUB_HIFLD_889_fwd,2000.0,0.029963427589053244,1.0358271484375006,0,672
SUB_HIFLD_4404,SUB_HIFLD_901,meso_SUB_HIFLD_4404_SUB_HIFLD_901_fwd,800.0,0.0,0.0,0,672
SUB_HIFLD_4404,SUB_HIFLD_968,meso_SUB_HIFLD_4404_SUB_HIFLD_968_fwd,800.0,0.0,0.0,0,672
SUB_HIFLD_4404,SUB_HIFLD_930,meso_SUB_HIFLD_4404_SUB_HIFLD_930_fwd,2000.0,0.0,0.0,0,672
SUB_HIFLD_4404,SUB_HIFLD_958,meso_SUB_HIFLD_4404_SUB_HIFLD_958_fwd,2000.0,0.04243881298246843,0.6930175781249996,0,672
SUB_HIFLD_4418,SUB_HIFLD_1456,meso_SUB_HIFLD_4418_SUB_HIFLD_1456_rev,1500.0,0.0,0.0,0,672
SUB_HIFLD_4418,SUB_HIFLD_847,meso_SUB_HIFLD_4418_SUB_HIFLD_847_fwd,1500.0,0.0,0.0,0,672
SUB_HIFLD_4418,SUB_HIFLD_858,meso_SUB_HIFLD_4418_SUB_HIFLD_858_fwd,1500.0,0.0,0.0,0,672
SUB_HIFLD_4418,SUB_HIFLD_798,meso_SUB_HIFLD_4418_SUB_HIFLD_798_fwd,1500.0,1.583656890270748,17.099037064621445,0,672
SUB_HIFLD_4419,SUB_HIFLD_2376,meso_SUB_HIFLD_4419_SUB_HIFLD_2376_rev,800.0,0.0,0.0,0,672
SUB_HIFLD_4419,SUB_HIFLD_2385,meso_SUB_HIFLD_4419_SUB_HIFLD_2385_rev,800.0,0.0,0.0,0,672
SUB_HIFLD_4419,SUB_HIFLD_2527,meso_SUB_HIFLD_4419_SUB_HIFLD_2527_rev,800.0,0.03164309138813624,12.717623541713683,0,672
SUB_HIFLD_4419,SUB_HIFLD_2856,meso_SUB_HIFLD_4419_SUB_HIFLD_2856_rev,800.0,0.0,0.0,0,672
SUB_HIFLD_4425,SUB_HIFLD_3672,meso_SUB_HIFLD_4425_SUB_HIFLD_3672_rev,1500.0,3.6888552209238945,5.210596709890464,0,672
SUB_HIFLD_4425,SUB_HIFLD_847,meso_SUB_HIFLD_4425_SUB_HIFLD_847_fwd,1500.0,11.710733505540727,27.406013773381876,0,672
SUB_HIFLD_4425,SUB_HIFLD_869,meso_SUB_HIFLD_4425_SUB_HIFLD_869_fwd,1500.0,0.0,0.0,0,672
SUB_HIFLD_4426,SUB_16237,meso_SUB_HIFLD_4426_SUB_16237_rev,600.0,4.434272436942265,24.47843431194313,0,672
SUB_HIFLD_4426,SUB_16348,meso_SUB_HIFLD_4426_SUB_16348_rev,600.0,0.11114114679962894,4.393344155844155,0,672
SUB_HIFLD_4426,SUB_HIFLD_2020,meso_SUB_HIFLD_4426_SUB_HIFLD_2020_rev,600.0,0.0,0.0,0,672
SUB_HIFLD_4426,SUB_HIFLD_2990,meso_SUB_HIFLD_4426_SUB_HIFLD_2990_rev,600.0,0.0,0.0,0,672
SUB_HIFLD_4427,SUB_HIFLD_1442,meso_SUB_HIFLD_4427_SUB_HIFLD_1442_fwd,1035.0,27.270761566836324,84.7970437218984,0,672
SUB_HIFLD_4428,SUB_HIFLD_2095,meso_SUB_HIFLD_4428_SUB_HIFLD_2095_rev,800.0,0.0,0.0,0,672
SUB_HIFLD_4428,SUB_HIFLD_2103,meso_SUB_HIFLD_4428_SUB_HIFLD_2103_rev,800.0,0.0,0.0,0,672
SUB_HIFLD_4428,SUB_HIFLD_2410,meso_SUB_HIFLD_4428_SUB_HIFLD_2410_rev,800.0,0.0,0.0,0,672
SUB_HIFLD_4430,SUB_HIFLD_4431,meso_SUB_HIFLD_4430_SUB_HIFLD_4431_fwd,800.0,0.014044322050938508,9.437784418230677,0,672
SUB_HIFLD_4430,SUB_HIFLD_938,meso_SUB_HIFLD_4430_SUB_HIFLD_938_fwd,800.0,0.0,0.0,0,672
SUB_HIFLD_4430,SUB_HIFLD_946,meso_SUB_HIFLD_4430_SUB_HIFLD_946_fwd,800.0,25.124001896991157,45.534796596011795,0,672
SUB_HIFLD_4431,SUB_HIFLD_4430,meso_SUB_HIFLD_4431_SUB_HIFLD_4430_rev,800.0,0.0,0.0,0,672
SUB_HIFLD_4431,SUB_HIFLD_892,meso_SUB_HIFLD_4431_SUB_HIFLD_892_fwd,800.0,0.0,0.0,0,672
SUB_HIFLD_4431,SUB_HIFLD_941,meso_SUB_HIFLD_4431_SUB_HIFLD_941_fwd,800.0,37.6792409815388,63.57264014175258,0,672
SUB_HIFLD_4434,SUB_HIFLD_2885,meso_SUB_HIFLD_4434_SUB_HIFLD_2885_rev,15000.0,5.4400455189229,20.193474470235937,0,672
SUB_HIFLD_4434,SUB_HIFLD_2894,meso_SUB_HIFLD_4434_SUB_HIFLD_2894_rev,4000.0,0.28880786714857526,7.733453021543588,0,672
SUB_HIFLD_4434,SUB_HIFLD_4435,meso_SUB_HIFLD_4434_SUB_HIFLD_4435_fwd,800.0,0.003634305988813168,2.442253624482449,0,672
SUB_HIFLD_4434,SUB_HIFLD_800,meso_SUB_HIFLD_4434_SUB_HIFLD_800_fwd,800.0,48.81791142560345,94.08067010309279,0,672
SUB_HIFLD_4434,SUB_HIFLD_811,meso_SUB_HIFLD_4434_SUB_HIFLD_811_fwd,23000.0,0.1368420025141163,36.79434901164847,0,672
SUB_HIFLD_4434,SUB_HIFLD_841,meso_SUB_HIFLD_4434_SUB_HIFLD_841_fwd,15000.0,0.5531960302965631,19.016542411817007,0,672
SUB_HIFLD_4434,WECC_SCE,iface_SUB_HIFLD_4434_WECC_SCE_to_ba,1475.4827580662995,0.0,0.0,0,672
SUB_HIFLD_4435,SUB_HIFLD_3970,meso_SUB_HIFLD_4435_SUB_HIFLD_3970_rev,800.0,0.0,0.0,0,672
SUB_HIFLD_4435,SUB_HIFLD_4434,meso_SUB_HIFLD_4435_SUB_HIFLD_4434_rev,800.0,0.0,0.0,0,672
SUB_HIFLD_4435,SUB_HIFLD_581,meso_SUB_HIFLD_4435_SUB_HIFLD_581_fwd,800.0,0.003525276809148773,2.3689860157479754,0,672
SUB_HIFLD_4435,SUB_HIFLD_841,meso_SUB_HIFLD_4435_SUB_HIFLD_841_fwd,800.0,0.0,0.0,0,672
SUB_HIFLD_4436,SUB_HIFLD_1699,meso_SUB_HIFLD_4436_SUB_HIFLD_1699_rev,800.0,0.7268187342665451,6.360428571428571,0,672
SUB_HIFLD_4436,SUB_HIFLD_3398,meso_SUB_HIFLD_4436_SUB_HIFLD_3398_rev,800.0,0.0,0.0,0,672
SUB_HIFLD_4436,SUB_HIFLD_3507,meso_SUB_HIFLD_4436_SUB_HIFLD_3507_rev,800.0,6.3920283046547475,72.98940348401331,0,672
SUB_HIFLD_4436,SUB_HIFLD_3715,meso_SUB_HIFLD_4436_SUB_HIFLD_3715_rev,800.0,0.0,0.0,0,672
SUB_HIFLD_4437,SUB_HIFLD_1581,meso_SUB_HIFLD_4437_SUB_HIFLD_1581_rev,800.0,0.0,0.0,0,672
SUB_HIFLD_4437,SUB_HIFLD_1645,meso_SUB_HIFLD_4437_SUB_HIFLD_1645_rev,800.0,0.0,0.0,0,672
SUB_HIFLD_4437,SUB_HIFLD_3420,meso_SUB_HIFLD_4437_SUB_HIFLD_3420_rev,800.0,0.0,0.0,0,672
SUB_HIFLD_4437,SUB_HIFLD_4204,meso_SUB_HIFLD_4437_SUB_HIFLD_4204_rev,800.0,0.0,0.0,0,672
SUB_HIFLD_4438,SUB_HIFLD_928,meso_SUB_HIFLD_4438_SUB_HIFLD_928_fwd,800.0,0.0,0.0,0,672
SUB_HIFLD_4438,SUB_HIFLD_943,meso_SUB_HIFLD_4438_SUB_HIFLD_943_fwd,800.0,62.96641619966005,220.92780849797452,0,672
SUB_HIFLD_4438,SUB_HIFLD_966,meso_SUB_HIFLD_4438_SUB_HIFLD_966_fwd,800.0,10.229242048571898,79.94959758442715,0,672
SUB_HIFLD_4441,SUB_HIFLD_3928,meso_SUB_HIFLD_4441_SUB_HIFLD_3928_rev,600.0,0.0,0.0,0,672
SUB_HIFLD_4441,SUB_HIFLD_3487,meso_SUB_HIFLD_4441_SUB_HIFLD_3487_fwd,50.0,0.0,0.0,0,672
SUB_HIFLD_4442,SUB_HIFLD_4228,meso_SUB_HIFLD_4442_SUB_HIFLD_4228_rev,800.0,0.0,0.0,0,672
SUB_HIFLD_4442,SUB_HIFLD_806,meso_SUB_HIFLD_4442_SUB_HIFLD_806_fwd,800.0,0.0,0.0,0,672
SUB_HIFLD_4442,SUB_HIFLD_823,meso_SUB_HIFLD_4442_SUB_HIFLD_823_fwd,800.0,0.0,0.0,0,672
