node,asset,fuel,energy_J,mean_W
WECC_AZ,installed_21,hydro,338688000000.0,560000.0
WECC_AZ,installed_824,coal,48203059169702.07,79700825.3467296
WECC_AZ,installed_825,coal,106576645483711.14,176217998.48497215
WECC_AZ,installed_826,coal,84433349307065.92,139605405.6003074
WECC_AZ,installed_847,oil,0.0,0.0
WECC_AZ,installed_890,natural gas,0.0,0.0
WECC_AZ,installed_891,natural gas,0.0,0.0
WECC_AZ,installed_946,natural gas,48206597855835.54,79706676.34893443
WECC_AZ,installed_947,natural gas,39917034489089.47,66000387.71344157
WECC_AZ,installed_948,natural gas,43880999505631.734,72554562.67465565
WECC_AZ,installed_949,natural gas,1958400000000.0,3238095.238095238
WECC_AZ,installed_950,natural gas,0.0,0.0
WECC_AZ,installed_951,natural gas,87940038961496.78,145403503.5739034
WECC_AZ,installed_952,natural gas,12544298204191.523,20741233.803226728
WECC_AZ,installed_953,natural gas,0.0,0.0
WECC_AZ,installed_954,natural gas,0.0,0.0
WECC_AZ,installed_955,natural gas,23853225431274.957,39439856.86388055
WECC_AZ,installed_969,natural gas,2188800000000.0,3619047.619047619
WECC_AZ,installed_970,natural gas,25455959929652.7,42089880.83606597
WECC_AZ,installed_971,natural gas,29160000000000.0,48214285.71428572
WECC_AZ,installed_1015,oil,0.0,0.0
WECC_AZ,installed_1016,natural gas,0.0,0.0
WECC_AZ,installed_1017,natural gas,518400000000.0,857142.8571428572
WECC_AZ,installed_1018,natural gas,0.0,0.0
WECC_AZ,installed_1019,natural gas,0.0,0.0
WECC_AZ,installed_1020,natural gas,0.0,0.0
WECC_AZ,installed_1021,natural gas,25073912548946.68,41458188.73833777
WECC_AZ,installed_1022,natural gas,0.0,0.0
WECC_AZ,installed_1053,battery,2542551316114.4097,4203953.895691815
WECC_AZ,installed_1054,natural gas,0.0,0.0
WECC_AZ,installed_1076,oil,0.0,0.0
WECC_AZ,installed_1077,oil,0.0,0.0
WECC_AZ,installed_1078,oil,0.0,0.0
WECC_AZ,installed_1079,oil,0.0,0.0
WECC_AZ,installed_1080,natural gas,13965779189095.617,23091566.119536407
WECC_AZ,installed_1081,natural gas,0.0,0.0
WECC_AZ,installed_1448,oil,0.0,0.0
WECC_AZ,installed_1449,oil,0.0,0.0
WECC_AZ,installed_1450,oil,0.0,0.0
WECC_AZ,installed_1451,natural gas,0.0,0.0
WECC_AZ,installed_1452,natural gas,0.0,0.0
WECC_AZ,installed_1453,natural gas,0.0,0.0
WECC_AZ,installed_1454,solar,40366080000.0,66742.85714285714
WECC_AZ,installed_1461,hydro,2419200000000.0,4000000.0
WECC_AZ,installed_1462,hydro,2419200000000.0,4000000.0
WECC_AZ,installed_1463,hydro,2419200000000.0,4000000.0
WECC_AZ,installed_1464,pump hydro,33412772339374.19,55245986.010870025
WECC_AZ,installed_1481,natural gas,0.0,0.0
WECC_AZ,installed_1482,natural gas,0.0,0.0
WECC_AZ,installed_1483,natural gas,25451336970067.15,42082237.053682454
WECC_AZ,installed_1484,natural gas,3750596449361.26,6201383.018123776
WECC_AZ,installed_1485,natural gas,20459978270764.97,33829329.1513971
WECC_AZ,installed_1499,hydro,2782080000000.0,4600000.0
WECC_AZ,installed_1500,pump hydro,15959267286042.58,26387677.39094342
WECC_AZ,installed_1523,hydro,8709120000000.0,14400000.0
WECC_AZ,installed_1541,hydro,3144960000000.0,5200000.0
WECC_AZ,installed_1586,hydro,12507264000000.0,20680000.0
WECC_AZ,installed_1587,hydro,12507264000000.0,20680000.0
WECC_AZ,installed_1588,hydro,11612160000000.0,19200000.0
WECC_AZ,installed_1589,hydro,12507264000000.0,20680000.0
WECC_AZ,installed_1590,hydro,12507264000000.0,20680000.0
WECC_AZ,installed_1591,hydro,39916800000000.0,66000000.0
WECC_AZ,installed_1592,hydro,39916800000000.0,66000000.0
WECC_AZ,installed_1593,hydro,39916800000000.0,66000000.0
WECC_AZ,installed_1594,hydro,39916800000000.0,66000000.0
WECC_AZ,installed_1595,hydro,39916800000000.0,66000000.0
WECC_AZ,installed_1596,hydro,39916800000000.0,66000000.0
WECC_AZ,installed_1597,hydro,37981440000000.0,62800000.0
WECC_AZ,installed_1598,hydro,39916800000000.0,66000000.0
WECC_AZ,installed_1703,oil,0.0,0.0
WECC_AZ,installed_1704,oil,0.0,0.0
WECC_AZ,installed_1705,coal,77139363746526.5,127545244.28989169
WECC_AZ,installed_1706,natural gas,0.0,0.0
WECC_AZ,installed_1707,oil,0.0,0.0
WECC_AZ,installed_1708,natural gas,0.0,0.0
WECC_AZ,installed_1709,oil,0.0,0.0
WECC_AZ,installed_5786,hydro,7257600000000.0,12000000.0
WECC_AZ,installed_5787,hydro,7257600000000.0,12000000.0
WECC_AZ,installed_5788,hydro,7257600000000.0,12000000.0
WECC_AZ,installed_5789,hydro,7257600000000.0,12000000.0
WECC_AZ,installed_7391,natural gas,0.0,0.0
WECC_AZ,installed_7392,natural gas,8249040000000.0,13639285.714285715
WECC_AZ,installed_7956,natural gas,0.0,0.0
WECC_AZ,installed_7957,natural gas,0.0,0.0
WECC_AZ,installed_7958,natural gas,0.0,0.0
WECC_AZ,installed_7967,natural gas,0.0,0.0
WECC_AZ,installed_7968,natural gas,0.0,0.0
WECC_AZ,installed_7969,natural gas,0.0,0.0
WECC_AZ,installed_8073,natural gas,0.0,0.0
WECC_AZ,installed_8074,natural gas,0.0,0.0
WECC_AZ,installed_8075,natural gas,0.0,0.0
WECC_AZ,installed_8364,natural gas,0.0,0.0
WECC_AZ,installed_8365,natural gas,0.0,0.0
WECC_AZ,installed_8366,natural gas,0.0,0.0
WECC_AZ,installed_8432,natural gas,1085514160579.3788,1794831.6147145813
WECC_AZ,installed_8433,natural gas,1471611907679.2656,2433220.7468241826
WECC_AZ,installed_8434,natural gas,0.0,0.0
WECC_AZ,installed_8523,natural gas,0.0,0.0
WECC_AZ,installed_8524,natural gas,0.0,0.0
WECC_AZ,installed_8525,natural gas,0.0,0.0
WECC_AZ,installed_8526,natural gas,0.0,0.0
WECC_AZ,installed_8527,natural gas,0.0,0.0
WECC_AZ,installed_8528,natural gas,0.0,0.0
WECC_AZ,installed_8669,natural gas,0.0,0.0
WECC_AZ,installed_8670,natural gas,0.0,0.0
WECC_AZ,installed_8671,natural gas,0.0,0.0
WECC_AZ,installed_8672,natural gas,0.0,0.0
WECC_AZ,installed_8673,natural gas,0.0,0.0
WECC_AZ,installed_8674,natural gas,0.0,0.0
WECC_AZ,installed_8714,natural gas,0.0,0.0
WECC_AZ,installed_8715,natural gas,0.0,0.0
WECC_AZ,installed_8716,natural gas,0.0,0.0
WECC_AZ,installed_8770,natural gas,7552508031560.98,12487612.486046595
WECC_AZ,installed_8771,natural gas,0.0,0.0
WECC_AZ,installed_8772,natural gas,0.0,0.0
WECC_AZ,installed_8773,natural gas,0.0,0.0
WECC_AZ,installed_8774,natural gas,738000000000.0,1220238.0952380951
WECC_AZ,installed_8775,natural gas,0.0,0.0
WECC_AZ,installed_8776,natural gas,0.0,0.0
WECC_AZ,installed_8777,natural gas,0.0,0.0
WECC_AZ,installed_8778,natural gas,5461200000000.0,9029761.904761905
WECC_AZ,installed_8779,natural gas,0.0,0.0
WECC_AZ,installed_9499,solar,422845032817.152,699148.5330971428
WECC_AZ,installed_9500,natural gas,0.0,0.0
WECC_AZ,installed_9884,natural gas,0.0,0.0
WECC_AZ,installed_9885,natural gas,0.0,0.0
WECC_AZ,installed_10153,biomass,639360000000.0,1057142.857142857
WECC_AZ,installed_10688,solar,59539968000000.0,98445714.28571428
WECC_AZ,installed_10866,oil,0.0,0.0
WECC_AZ,installed_10867,oil,0.0,0.0
WECC_AZ,installed_10932,natural gas,0.0,0.0
WECC_AZ,installed_10933,natural gas,0.0,0.0
WECC_AZ,installed_10934,natural gas,3593520000000.0,5941666.666666667
WECC_AZ,installed_10935,natural gas,0.0,0.0
WECC_AZ,installed_10936,natural gas,5611582730193.525,9278410.598864956
WECC_AZ,installed_10937,natural gas,0.0,0.0
WECC_AZ,installed_10938,natural gas,0.0,0.0
WECC_AZ,installed_10939,natural gas,0.0,0.0
WECC_AZ,installed_10940,natural gas,0.0,0.0
WECC_AZ,installed_10941,natural gas,0.0,0.0
WECC_AZ,installed_10942,natural gas,0.0,0.0
WECC_AZ,installed_10943,natural gas,0.0,0.0
WECC_AZ,installed_11186,wind,21784820400000.0,36019875.0
WECC_AZ,installed_11522,solar,4027095549582.3354,6658557.456319999
WECC_AZ,installed_11593,solar,18262878320756.74,30196558.070034288
WECC_AZ,installed_11594,solar,27384249734737.92,45278190.69897143
WECC_AZ,installed_11595,solar,24363928076083.203,40284272.61257143
WECC_AZ,installed_11603,wind,22510981080000.0,37220537.5
WECC_AZ,installed_11614,solar,241625733096.0384,399513.44757942855
WECC_AZ,installed_11630,waste,967680000000.0,1600000.0
WECC_AZ,installed_11631,waste,967680000000.0,1600000.0
WECC_AZ,installed_11797,solar,181219299721.1136,299635.08551771427
WECC_AZ,installed_11832,solar,201354777580.03198,332927.8729828571
WECC_AZ,installed_11836,solar,3825740773011.455,6325629.585005713
WECC_AZ,installed_11837,solar,3423031217851.392,5659773.839040001
WECC_AZ,installed_11838,solar,3543844083793.9204,5859530.561828572
WECC_AZ,installed_11839,solar,3423031217851.392,5659773.839040001
WECC_AZ,installed_11840,solar,1006773887496.4993,1664639.3642468574
WECC_AZ,installed_11943,solar,5033869438491.648,8323196.822902858
WECC_AZ,installed_11981,solar,704741721227.3665,1165247.5549394286
WECC_AZ,installed_11987,solar,3725063383716.8643,6159165.64768
WECC_AZ,installed_11988,solar,5496985425613.824,9088930.928594286
WECC_AZ,installed_11989,solar,5496985425613.824,9088930.928594286
WECC_AZ,installed_11990,solar,5033869438491.648,8323196.822902858
WECC_AZ,installed_11991,solar,5496985425613.824,9088930.928594286
WECC_AZ,installed_12032,solar,3221676441280.5117,5326845.967725714
WECC_AZ,installed_12033,solar,2416257330960.384,3995134.4757942855
WECC_AZ,installed_12034,solar,3221676441280.5117,5326845.967725714
WECC_AZ,installed_12035,solar,3221676441280.5117,5326845.967725714
WECC_AZ,installed_12036,solar,3221676441280.5117,5326845.967725714
WECC_AZ,installed_12037,solar,2013547775194.8286,3329278.728827428
WECC_AZ,installed_12038,solar,3221676441280.5117,5326845.967725714
WECC_AZ,installed_12039,solar,3221676441280.5117,5326845.967725714
WECC_AZ,installed_12040,solar,1610838220236.5952,2663422.9831954287
WECC_AZ,installed_12041,solar,3221676441280.5117,5326845.967725714
WECC_AZ,installed_12042,solar,2416257330960.384,3995134.4757942855
WECC_AZ,installed_12043,solar,3221676441280.5117,5326845.967725714
WECC_AZ,installed_12053,battery,2356376275905.9346,3896124.794818014
WECC_AZ,installed_12054,solar,805419110118.2976,1331711.4915977144
WECC_AZ,installed_12101,solar,201354777580.03198,332927.8729828571
WECC_AZ,installed_12102,solar,181219299721.1136,299635.08551771427
WECC_AZ,installed_12103,solar,201354777580.03198,332927.8729828571
WECC_AZ,installed_12104,solar,181219299721.1136,299635.08551771427
WECC_AZ,installed_12105,solar,181219299721.1136,299635.08551771427
WECC_AZ,installed_12115,solar,100677388689.1008,166463.93632457143
WECC_AZ,installed_12116,wind,3457908000000.0,5717440.476190476
WECC_AZ,installed_12133,solar,3020321662691.328,4993918.093074285
WECC_AZ,installed_12141,solar,906096498807.3984,1498175.4279222856
WECC_AZ,installed_12176,waste,846720000000.0,1400000.0
WECC_AZ,installed_12177,waste,846720000000.0,1400000.0
WECC_AZ,installed_12280,solar,3745198862383.1035,6192458.436479999
WECC_AZ,installed_12345,solar,382574077301.14557,632562.9585005713
WECC_AZ,installed_12350,solar,201354777580.03198,332927.8729828571
WECC_AZ,installed_12351,solar,201354777580.03198,332927.8729828571
WECC_AZ,installed_12424,solar,3423031217851.392,5659773.839040001
WECC_AZ,installed_12425,solar,3624385994422.272,5992701.710354285
WECC_AZ,installed_12483,solar,664470765711.36,1098661.980342857
WECC_AZ,installed_12490,solar,1812192997614.7969,2996350.8558445713
WECC_AZ,installed_12584,solar,2174631597057.0237,3595621.02688
WECC_AZ,installed_12593,wind,34302447360000.0,56717009.52380952
WECC_AZ,installed_12607,solar,906096498807.3984,1498175.4279222856
WECC_AZ,installed_12645,solar,3020321662691.328,4993918.093074285
WECC_AZ,installed_12714,solar,2980050707377.152,4927332.518811428
WECC_AZ,installed_12752,solar,221490255237.12003,366220.66011428577
WECC_AZ,installed_12753,solar,261761210753.12643,432806.23471085716
WECC_AZ,installed_12858,solar,2818966886120.448,4660990.22176
WECC_AZ,installed_12986,solar,805419110118.2976,1331711.4915977144
WECC_AZ,installed_13009,solar,4027095549582.3354,6658557.456319999
WECC_AZ,installed_13028,solar,3020321662691.328,4993918.093074285
WECC_AZ,installed_13042,solar,322167644128.0513,532684.5967725716
WECC_AZ,installed_13043,solar,281896688612.0448,466099.022176
WECC_AZ,installed_13071,solar,1208128665076.531,1997567.2372297142
WECC_AZ,installed_13083,solar,503386943849.16486,832319.6822902858
WECC_AZ,installed_13099,natural gas,0.0,0.0
WECC_AZ,installed_13100,natural gas,0.0,0.0
WECC_AZ,installed_13101,natural gas,0.0,0.0
WECC_AZ,installed_13185,solar,604064332538.2655,998783.6186148571
WECC_AZ,installed_13264,solar,201354777580.03198,332927.8729828571
WECC_AZ,installed_13265,solar,281896688612.0448,466099.022176
WECC_AZ,installed_13398,solar,201354777580.03198,332927.8729828571
WECC_AZ,installed_13399,solar,10269093653554.176,16979321.517119996
WECC_AZ,installed_13400,wind,10373724000000.0,17152321.42857143
WECC_AZ,installed_13420,solar,1006773887496.4993,1664639.3642468574
WECC_AZ,installed_13557,solar,825554587775.3857,1365004.278729143
WECC_AZ,installed_13558,solar,2738424973473.792,4527819.069897143
WECC_AZ,installed_13608,solar,6443352880542.72,10653691.932114284
WECC_AZ,installed_13639,solar,1208128665076.531,1997567.2372297142
WECC_AZ,installed_13790,solar,5839288548811.775,9654908.314834286
WECC_AZ,installed_13953,natural gas,0.0,0.0
WECC_AZ,installed_13954,natural gas,0.0,0.0
WECC_AZ,installed_13955,natural gas,0.0,0.0
WECC_AZ,installed_14061,solar,2013547775194.8286,3329278.728827428
WECC_AZ,installed_14068,solar,2013547775194.8286,3329278.728827428
WECC_AZ,installed_14069,solar,1006773887496.4993,1664639.3642468574
WECC_AZ,installed_14234,solar,9060964988073.984,14981754.279222857
WECC_AZ,installed_14412,solar,2537070196902.912,4194891.198582857
WECC_AZ,installed_14417,natural gas,0.0,0.0
WECC_AZ,installed_14418,natural gas,0.0,0.0
WECC_AZ,installed_14419,natural gas,14398351823802.793,23806798.650467582
WECC_AZ,installed_14460,solar,885961021150.3105,1464882.6407908574
WECC_AZ,installed_14461,solar,2013547775194.8286,3329278.728827428
WECC_AZ,installed_14704,solar,3221676441280.5117,5326845.967725714
WECC_AZ,installed_14721,nuclear,792892800000000.0,1311000000.0
WECC_AZ,installed_14722,nuclear,794707200000000.0,1314000000.0
WECC_AZ,installed_14723,nuclear,793497600000000.0,1312000000.0
WECC_AZ,installed_14891,solar,362438599442.2272,599270.1710354285
WECC_AZ,installed_14951,solar,6040643325382.656,9987836.18614857
WECC_AZ,installed_14966,solar,20135477751948.29,33292787.28827429
WECC_AZ,installed_14967,solar,30203216626913.277,49939180.93074285
WECC_AZ,installed_15049,solar,4027095549582.3354,6658557.456319999
WECC_AZ,installed_15081,solar,10067738874964.992,16646393.642468572
WECC_AZ,installed_15160,solar,8054191101182.975,13317114.91597714
WECC_AZ,installed_15289,solar,825554587775.3857,1365004.278729143
WECC_AZ,installed_15363,solar,201354777580.03198,332927.8729828571
WECC_AZ,installed_15364,solar,201354777580.03198,332927.8729828571
WECC_AZ,installed_15365,solar,20135477657.088,33292.78713142857
WECC_AZ,installed_15366,solar,40270955516.00641,66585.57459657144
WECC_AZ,installed_15367,solar,40270955516.00641,66585.57459657144
WECC_AZ,installed_15507,natural gas,0.0,0.0
WECC_AZ,installed_15508,natural gas,0.0,0.0
WECC_AZ,installed_15509,natural gas,3696309102473.2207,6111622.193242759
WECC_AZ,installed_15562,solar,563793377022.2593,932198.0440182858
WECC_AZ,installed_15563,solar,281896688612.0448,466099.022176
WECC_AZ,installed_15629,natural gas,0.0,0.0
WECC_AZ,installed_15630,natural gas,0.0,0.0
WECC_AZ,installed_15631,natural gas,0.0,0.0
WECC_AZ,installed_15632,natural gas,0.0,0.0
WECC_AZ,installed_15730,solar,4027095549582.3354,6658557.456319999
WECC_AZ,installed_15760,battery,2340000000000.0,3869047.619047619
WECC_AZ,installed_15761,solar,402709554958.2336,665855.745632
WECC_AZ,installed_15844,solar,261761210753.12643,432806.23471085716
WECC_AZ,installed_15905,battery,2458593103698.9634,4065134.1000313545
WECC_AZ,installed_15907,solar,241625733096.0384,399513.44757942855
WECC_AZ,installed_15990,solar,5496985425613.824,9088930.928594286
WECC_AZ,installed_16147,coal,1357200000000.0,2244047.619047619
WECC_AZ,installed_16148,coal,231575917203.31677,382896.6884975476
WECC_AZ,installed_16496,natural gas,243000000000.0,401785.71428571426
WECC_AZ,installed_16497,natural gas,0.0,0.0
WECC_AZ,installed_16498,natural gas,0.0,0.0
WECC_AZ,installed_16499,natural gas,0.0,0.0
WECC_AZ,installed_16943,pump hydro,2772000000000.0,4583333.333333333
WECC_AZ,installed_16944,pump hydro,2736000000000.0,4523809.523809524
WECC_AZ,installed_16945,pump hydro,2736000000000.0,4523809.523809524
WECC_AZ,installed_16946,pump hydro,2700000000000.0,4464285.714285715
WECC_AZ,installed_16956,hydro,1572480000000.0,2600000.0
WECC_AZ,installed_16957,hydro,1572480000000.0,2600000.0
WECC_AZ,installed_16958,hydro,1572480000000.0,2600000.0
WECC_AZ,installed_18071,natural gas,0.0,0.0
WECC_AZ,installed_18072,natural gas,0.0,0.0
WECC_AZ,installed_18073,natural gas,0.0,0.0
WECC_AZ,installed_18074,natural gas,0.0,0.0
WECC_AZ,installed_18075,natural gas,0.0,0.0
WECC_AZ,installed_18076,natural gas,0.0,0.0
WECC_AZ,installed_18077,natural gas,0.0,0.0
WECC_AZ,installed_18078,natural gas,0.0,0.0
WECC_AZ,installed_18079,natural gas,0.0,0.0
WECC_AZ,installed_18150,coal,64227644013672.21,106196501.3453575
WECC_AZ,installed_18151,coal,38487226735516.98,63636287.59179395
WECC_AZ,installed_18152,coal,17304344110240.385,28611680.07645566
WECC_AZ,installed_18153,coal,2988000000000.0,4940476.19047619
WECC_AZ,installed_18154,solar,746772480000.0,1234742.857142857
WECC_AZ,installed_18155,solar,282562560000.0,467200.0
WECC_AZ,installed_18156,solar,1675192320000.0,2769828.5714285714
WECC_AZ,installed_18271,hydro,653184000000.0,1080000.0
WECC_AZ,installed_18272,hydro,31449600000000.0,52000000.0
WECC_AZ,installed_18273,hydro,31449600000000.0,52000000.0
WECC_AZ,installed_18274,hydro,31449600000000.0,52000000.0
WECC_AZ,installed_18275,hydro,31449600000000.0,52000000.0
WECC_AZ,installed_18276,hydro,30723840000000.0,50800000.0
WECC_AZ,installed_18277,hydro,31449600000000.0,52000000.0
WECC_AZ,installed_18278,hydro,31449600000000.0,52000000.0
WECC_AZ,installed_18279,hydro,14878080000000.0,24600000.0
WECC_AZ,installed_18280,hydro,16571520000000.0,27400000.0
WECC_AZ,installed_18558,oil,0.0,0.0
WECC_AZ,installed_18559,battery,2340000000000.0,3869047.619047619
WECC_AZ,installed_18560,solar,36329472000000.0,60068571.428571425
WECC_AZ,optional_490_0,wind,0.0,0.0
WECC_AZ,optional_491_0,wind,911304000000.0,1506785.7142857143
WECC_AZ,optional_492_0,wind,14000256000000.0,23148571.42857143
WECC_AZ,optional_493_0,wind,688006176174484.8,1137576349.494849
WECC_AZ,optional_494_0,wind,0.0,0.0
WECC_AZ,optional_494_1,wind,0.0,0.0
WECC_AZ,optional_494_2,wind,0.0,0.0
WECC_AZ,optional_494_3,wind,0.0,0.0
WECC_AZ,optional_494_4,wind,0.0,0.0
WECC_AZ,optional_494_5,wind,0.0,0.0
WECC_AZ,optional_495_0,wind,0.0,0.0
WECC_AZ,optional_495_1,wind,0.0,0.0
WECC_AZ,optional_495_2,wind,0.0,0.0
WECC_AZ,optional_495_3,wind,0.0,0.0
WECC_AZ,optional_495_4,wind,0.0,0.0
WECC_AZ,optional_495_5,wind,0.0,0.0
WECC_AZ,optional_815_0,solar,0.0,0.0
WECC_AZ,optional_815_1,solar,0.0,0.0
WECC_AZ,optional_815_2,solar,0.0,0.0
WECC_AZ,optional_815_3,solar,0.0,0.0
WECC_AZ,optional_815_4,solar,0.0,0.0
WECC_AZ,optional_815_5,solar,0.0,0.0
WECC_AZ,optional_816_0,solar,0.0,0.0
WECC_AZ,optional_816_1,solar,635096196000000.0,1050092916.6666666
WECC_AZ,optional_816_2,solar,143692039061236.8,237586043.42135715
WECC_AZ,optional_816_3,solar,635096196000000.0,1050092916.6666666
WECC_AZ,optional_816_4,solar,0.0,0.0
WECC_AZ,optional_816_5,solar,0.0,0.0
WECC_AZ,optional_817_0,solar,0.0,0.0
WECC_AZ,optional_817_1,solar,0.0,0.0
WECC_AZ,optional_817_2,solar,0.0,0.0
WECC_AZ,optional_817_3,solar,0.0,0.0
WECC_AZ,optional_817_4,solar,0.0,0.0
WECC_AZ,optional_817_5,solar,0.0,0.0
WECC_CO,installed_0,coal,179584206032334.88,296931557.59314626
WECC_CO,installed_22,oil,0.0,0.0
WECC_CO,installed_23,oil,0.0,0.0
WECC_CO,installed_24,oil,0.0,0.0
WECC_CO,installed_25,oil,0.0,0.0
WECC_CO,installed_94,non-fossil,725760000000.0,1200000.0
WECC_CO,installed_95,non-fossil,725760000000.0,1200000.0
WECC_CO,installed_96,non-fossil,725760000000.0,1200000.0
WECC_CO,installed_97,non-fossil,725760000000.0,1200000.0
WECC_CO,installed_98,non-fossil,1512000000000.0,2500000.0
WECC_CO,installed_99,non-fossil,1512000000000.0,2500000.0
WECC_CO,installed_145,hydro,749023266942.7201,1238464.3964000002
WECC_CO,installed_151,hydro,241620408691.2,399504.64400000003
WECC_CO,installed_332,hydro,434916735644.1599,719108.3591999998
WECC_CO,installed_333,hydro,724861226073.6,1198513.932
WECC_CO,installed_334,hydro,120960000000.0,200000.0
WECC_CO,installed_335,hydro,1328912247559.6797,2197275.5415999996
WECC_CO,installed_336,hydro,1886976000000.0,3120000.0
WECC_CO,installed_552,natural gas,0.0,0.0
WECC_CO,installed_553,natural gas,8910442076931.943,14732873.804450966
WECC_CO,installed_554,natural gas,0.0,0.0
WECC_CO,installed_555,natural gas,90000000000.0,148809.52380952382
WECC_CO,installed_556,natural gas,0.0,0.0
WECC_CO,installed_557,natural gas,2052000000000.0,3392857.1428571427
WECC_CO,installed_558,natural gas,2160000000000.0,3571428.5714285714
WECC_CO,installed_559,natural gas,51192000000000.0,84642857.14285715
WECC_CO,installed_624,natural gas,514800000000.0,851190.4761904762
WECC_CO,installed_625,natural gas,93600000000.0,154761.90476190476
WECC_CO,installed_626,natural gas,0.0,0.0
WECC_CO,installed_627,natural gas,0.0,0.0
WECC_CO,installed_5810,oil,0.0,0.0
WECC_CO,installed_5811,oil,0.0,0.0
WECC_CO,installed_5812,oil,0.0,0.0
WECC_CO,installed_5813,oil,0.0,0.0
WECC_CO,installed_5814,oil,0.0,0.0
WECC_CO,installed_5815,oil,0.0,0.0
WECC_CO,installed_5816,oil,0.0,0.0
WECC_CO,installed_5817,hydro,1209600000000.0,2000000.0
WECC_CO,installed_5818,pump hydro,45307206292642.96,74912708.81720066
WECC_CO,installed_5819,pump hydro,46661982102917.33,77152748.18604057
WECC_CO,installed_5820,oil,0.0,0.0
WECC_CO,installed_5821,natural gas,604800000000.0,1000000.0
WECC_CO,installed_5822,natural gas,604800000000.0,1000000.0
WECC_CO,installed_5823,natural gas,0.0,0.0
WECC_CO,installed_5832,coal,149383444264204.66,246996435.62203154
WECC_CO,installed_5833,coal,123575708967366.94,204324915.6206464
WECC_CO,installed_5834,coal,123011572846359.05,203392150.87030265
WECC_CO,installed_5835,natural gas,0.0,0.0
WECC_CO,installed_5836,hydro,193296326952.96002,319603.71520000004
WECC_CO,installed_5837,hydro,193296326952.96002,319603.71520000004
WECC_CO,installed_5838,hydro,483240817382.4,799009.2880000001
WECC_CO,installed_5839,hydro,507402858251.5199,838959.7523999999
WECC_CO,installed_5840,hydro,193296326952.96002,319603.71520000004
WECC_CO,installed_5841,hydro,144972245214.72003,239702.78640000007
WECC_CO,installed_5842,hydro,1812153064942.0798,2996284.8296
WECC_CO,installed_5843,hydro,1812153064942.0798,2996284.8296
WECC_CO,installed_5844,natural gas,22605428058673.68,37376699.83246309
WECC_CO,installed_5868,oil,0.0,0.0
WECC_CO,installed_5869,oil,0.0,0.0
WECC_CO,installed_5870,coal,27997200000000.0,46291666.666666664
WECC_CO,installed_5871,coal,50626510794349.44,83707855.1493873
WECC_CO,installed_5872,oil,0.0,0.0
WECC_CO,installed_5873,oil,0.0,0.0
WECC_CO,installed_5874,oil,0.0,0.0
WECC_CO,installed_5882,hydro,604051021728.0,998761.61
WECC_CO,installed_5883,hydro,628213062597.1201,1038712.0744
WECC_CO,installed_5884,hydro,120960000000.0,200000.0
WECC_CO,installed_5890,hydro,241620408691.2,399504.64400000003
WECC_CO,installed_6042,oil,0.0,0.0
WECC_CO,installed_6043,oil,0.0,0.0
WECC_CO,installed_6044,oil,0.0,0.0
WECC_CO,installed_6046,non-fossil,3689280000000.0,6100000.0
WECC_CO,installed_6047,hydro,193296326952.96002,319603.71520000004
WECC_CO,installed_6048,hydro,604051021728.0,998761.61
WECC_CO,installed_6049,hydro,604051021728.0,998761.61
WECC_CO,installed_6083,hydro,338268572167.68,559306.5016
WECC_CO,installed_6192,oil,0.0,0.0
WECC_CO,installed_6193,oil,0.0,0.0
WECC_CO,installed_6194,oil,0.0,0.0
WECC_CO,installed_6195,oil,0.0,0.0
WECC_CO,installed_6232,hydro,604051021728.0,998761.61
WECC_CO,installed_6395,oil,0.0,0.0
WECC_CO,installed_6396,oil,0.0,0.0
WECC_CO,installed_6397,oil,0.0,0.0
WECC_CO,installed_6398,oil,0.0,0.0
WECC_CO,installed_6399,oil,0.0,0.0
WECC_CO,installed_6400,oil,0.0,0.0
WECC_CO,installed_6401,oil,0.0,0.0
WECC_CO,installed_6479,oil,0.0,0.0
WECC_CO,installed_6480,oil,0.0,0.0
WECC_CO,installed_6481,oil,0.0,0.0
WECC_CO,installed_6482,oil,0.0,0.0
WECC_CO,installed_6483,oil,0.0,0.0
WECC_CO,installed_6495,natural gas,0.0,0.0
WECC_CO,installed_6496,natural gas,0.0,0.0
WECC_CO,installed_6497,natural gas,114480000000.0,189285.7142857143
WECC_CO,installed_6498,natural gas,16370640000000.0,27067857.14285714
WECC_CO,installed_6499,natural gas,3626069928503.577,5995485.992896127
WECC_CO,installed_6500,natural gas,748800000000.0,1238095.238095238
WECC_CO,installed_6501,natural gas,187200000000.0,309523.8095238095
WECC_CO,installed_6560,wind,974849802394.8528,1611854.8320020714
WECC_CO,installed_6561,wind,365568675774.9156,604445.5617971488
WECC_CO,installed_6722,oil,0.0,0.0
WECC_CO,installed_6723,oil,0.0,0.0
WECC_CO,installed_6724,oil,0.0,0.0
WECC_CO,installed_6725,oil,0.0,0.0
WECC_CO,installed_6726,oil,0.0,0.0
WECC_CO,installed_6727,hydro,10438001654976.002,17258600.62
WECC_CO,installed_6728,hydro,10438001654976.002,17258600.62
WECC_CO,installed_6729,hydro,4155871029004.801,6871479.876000001
WECC_CO,installed_6730,hydro,4155871029004.801,6871479.876000001
WECC_CO,installed_6731,hydro,4155871029004.801,6871479.876000001
WECC_CO,installed_6732,hydro,20924327391206.4,34597102.168
WECC_CO,installed_6733,hydro,20924327391206.4,34597102.168
WECC_CO,installed_6734,hydro,1256426125194.2402,2077424.1488
WECC_CO,installed_6735,hydro,3141065312985.601,5193560.372000001
WECC_CO,installed_6736,hydro,3141065312985.601,5193560.372000001
WECC_CO,installed_6737,hydro,2247069800586.24,3715393.1888
WECC_CO,installed_6738,hydro,10389677573721.602,17178699.692
WECC_CO,installed_6739,hydro,10389677573721.602,17178699.692
WECC_CO,installed_6740,pump hydro,2080800000000.0,3440476.1904761903
WECC_CO,installed_6741,hydro,9229899611520.002,15261077.400000004
WECC_CO,installed_6742,hydro,1353074288428.8005,2237226.006000001
WECC_CO,installed_6818,hydro,2392042045800.96,3955095.9751999998
WECC_CO,installed_6881,coal,61924132354558.15,102387784.97777471
WECC_CO,installed_6882,coal,86653690341003.3,143276604.39980704
WECC_CO,installed_7004,hydro,483240817382.4,799009.2880000001
WECC_CO,installed_7130,natural gas,162000000000.0,267857.14285714284
WECC_CO,installed_7131,natural gas,7722000000000.0,12767857.142857144
WECC_CO,installed_7132,natural gas,496800000000.0,821428.5714285715
WECC_CO,installed_7375,hydro,845671430419.2002,1398266.2540000002
WECC_CO,installed_7376,hydro,724861226073.6,1198513.932
WECC_CO,installed_7451,hydro,483240817382.4,799009.2880000001
WECC_CO,installed_7962,natural gas,47665803269108.69,78812505.4052723
WECC_CO,installed_7963,natural gas,0.0,0.0
WECC_CO,installed_8122,natural gas,1803574194012.579,2982100.1885128627
WECC_CO,installed_8123,natural gas,421200000000.0,696428.5714285715
WECC_CO,installed_8124,natural gas,320400000000.0,529761.9047619047
WECC_CO,installed_8135,wind,1267304742965.5237,2095411.2813583394
WECC_CO,installed_8141,natural gas,287280000000.0,475000.0
WECC_CO,installed_8142,natural gas,0.0,0.0
WECC_CO,installed_8367,natural gas,0.0,0.0
WECC_CO,installed_8368,natural gas,0.0,0.0
WECC_CO,installed_8369,natural gas,0.0,0.0
WECC_CO,installed_8663,natural gas,19897937971637.113,32900029.715008453
WECC_CO,installed_8664,natural gas,3482196321156.0024,5757599.737361115
WECC_CO,installed_8665,natural gas,19028888935303.484,31463110.012075868
WECC_CO,installed_8666,natural gas,0.0,0.0
WECC_CO,installed_8667,natural gas,280800000000.0,464285.71428571426
WECC_CO,installed_8668,natural gas,0.0,0.0
WECC_CO,installed_8745,natural gas,0.0,0.0
WECC_CO,installed_8746,natural gas,3518831102352.3203,5818173.118968783
WECC_CO,installed_8747,natural gas,0.0,0.0
WECC_CO,installed_8748,natural gas,33697315210751.41,55716460.335237116
WECC_CO,installed_8889,natural gas,0.0,0.0
WECC_CO,installed_8890,natural gas,0.0,0.0
WECC_CO,installed_8891,natural gas,61560000000.0,101785.71428571429
WECC_CO,installed_8892,natural gas,0.0,0.0
WECC_CO,installed_8893,natural gas,0.0,0.0
WECC_CO,installed_8894,natural gas,0.0,0.0
WECC_CO,installed_8895,natural gas,0.0,0.0
WECC_CO,installed_8896,natural gas,61560000000.0,101785.71428571429
WECC_CO,installed_8897,natural gas,0.0,0.0
WECC_CO,installed_8898,natural gas,20520000000.0,33928.57142857143
WECC_CO,installed_8899,natural gas,0.0,0.0
WECC_CO,installed_8900,natural gas,0.0,0.0
WECC_CO,installed_8901,natural gas,0.0,0.0
WECC_CO,installed_8902,natural gas,20520000000.0,33928.57142857143
WECC_CO,installed_8903,natural gas,13331138141.971436,22042.22576384166
WECC_CO,installed_8904,natural gas,0.0,0.0
WECC_CO,installed_8905,natural gas,0.0,0.0
WECC_CO,installed_8906,natural gas,0.0,0.0
WECC_CO,installed_8907,natural gas,0.0,0.0
WECC_CO,installed_8908,natural gas,41040000000.0,67857.14285714286
WECC_CO,installed_8909,natural gas,0.0,0.0
WECC_CO,installed_8910,natural gas,61560000000.0,101785.71428571429
WECC_CO,installed_9003,wind,7238259783249.769,11968022.128389167
WECC_CO,installed_9085,natural gas,0.0,0.0
WECC_CO,installed_9086,natural gas,0.0,0.0
WECC_CO,installed_9087,natural gas,0.0,0.0
WECC_CO,installed_9140,hydro,797347348680.9597,1318365.3251999996
WECC_CO,installed_9423,wind,39481416990587.52,65280120.68549524
WECC_CO,installed_9649,wind,14622747035922.79,24177822.480031066
WECC_CO,installed_9727,wind,73113735179613.97,120889112.40015537
WECC_CO,installed_9820,natural gas,0.0,0.0
WECC_CO,installed_9821,natural gas,0.0,0.0
WECC_CO,installed_9832,wind,18278433793671.95,30222278.09800256
WECC_CO,installed_9882,solar,152164800000.0,251595.2380952381
WECC_CO,installed_9883,solar,1019504160000.0,1685688.0952380951
WECC_CO,installed_9963,natural gas,89640000000.00002,148214.28571428574
WECC_CO,installed_9964,natural gas,597600000000.0001,988095.2380952382
WECC_CO,installed_9965,natural gas,89640000000.00002,148214.28571428574
WECC_CO,installed_9966,natural gas,89640000000.00002,148214.28571428574
WECC_CO,installed_9967,natural gas,0.0,0.0
WECC_CO,installed_9968,natural gas,29880000000.000004,49404.76190476191
WECC_CO,installed_9969,natural gas,0.0,0.0
WECC_CO,installed_9970,natural gas,567720000000.0001,938690.4761904763
WECC_CO,installed_9971,natural gas,0.0,0.0
WECC_CO,installed_9972,natural gas,537840000000.0001,889285.7142857144
WECC_CO,installed_9973,natural gas,0.0,0.0
WECC_CO,installed_9974,natural gas,59760000000.00001,98809.52380952382
WECC_CO,installed_9975,natural gas,717120000000.0002,1185714.2857142861
WECC_CO,installed_9976,natural gas,0.0,0.0
WECC_CO,installed_10036,waste,483840000000.0,800000.0
WECC_CO,installed_10037,waste,483840000000.0,800000.0
WECC_CO,installed_10038,waste,483840000000.0,800000.0
WECC_CO,installed_10039,waste,483840000000.0,800000.0
WECC_CO,installed_10081,wind,48620633891118.12,80391259.74060535
WECC_CO,installed_10150,wind,48986202576991.68,80995705.31909999
WECC_CO,installed_10693,solar,289113120000.0,478030.95238095237
WECC_CO,installed_10899,solar,60865920000.0,100638.09523809524
WECC_CO,installed_10900,solar,136948320000.0,226435.7142857143
WECC_CO,installed_11025,natural gas,399600000000.0,660714.2857142857
WECC_CO,installed_11026,natural gas,142226910453.47803,235163.54241646497
WECC_CO,installed_11027,natural gas,133200000000.0,220238.09523809524
WECC_CO,installed_11028,natural gas,266843358886.14795,441209.25741757266
WECC_CO,installed_11029,natural gas,2530800000000.0,4184523.8095238097
WECC_CO,installed_11030,natural gas,13053600000000.0,21583333.333333332
WECC_CO,installed_11031,natural gas,0.0,0.0
WECC_CO,installed_11032,natural gas,0.0,0.0
WECC_CO,installed_11033,natural gas,0.0,0.0
WECC_CO,installed_11226,non-fossil,1935360000000.0,3200000.0
WECC_CO,installed_11233,solar,289113120000.0,478030.95238095237
WECC_CO,installed_11270,wind,16377476678854.197,27079161.175354164
WECC_CO,installed_11271,wind,5800356324889.775,9590536.25147119
WECC_CO,installed_11319,wind,60513801489596.516,100055888.70634344
WECC_CO,installed_11403,wind,12429334979795.45,20551149.106804643
WECC_CO,installed_11476,wind,5483530137855.276,9066683.428993512
WECC_CO,installed_11477,wind,36995550005466.01,61169890.88205358
WECC_CO,installed_11520,wind,61415537551860.96,101546854.41775952
WECC_CO,installed_11521,solar,5325768000000.0,8805833.333333334
WECC_CO,installed_11591,solar,4564944000000.0,7547857.142857143
WECC_CO,installed_11600,solar,1521648000000.0,2515952.380952381
WECC_CO,installed_11601,solar,1369483200000.0,2264357.1428571427
WECC_CO,installed_11782,solar,456494400000.0,754785.7142857143
WECC_CO,installed_11783,solar,228247200000.0,377392.85714285716
WECC_CO,installed_11828,solar,836906400000.0,1383773.8095238095
WECC_CO,installed_11928,wind,438682410979.16046,725334.6742380299
WECC_CO,installed_11930,solar,517360320000.0,855423.8095238095
WECC_CO,installed_11992,solar,136948320000.0,226435.7142857143
WECC_CO,installed_12003,solar,167381280000.0,276754.7619047619
WECC_CO,installed_12004,wind,731137351796.1395,1208891.1240015535
WECC_CO,installed_12005,wind,487424901197.4264,805927.4160010357
WECC_CO,installed_12006,wind,365568675774.9156,604445.5617971488
WECC_CO,installed_12007,wind,560538636401.6711,926816.5284419166
WECC_CO,installed_12008,solar,106515360000.0,176116.66666666666
WECC_CO,installed_12009,solar,182597760000.0,301914.28571428574
WECC_CO,installed_12010,solar,76082400000.0,125797.61904761905
WECC_CO,installed_12011,solar,76082400000.0,125797.61904761905
WECC_CO,installed_12012,solar,60865920000.0,100638.09523809524
WECC_CO,installed_12013,solar,15216480000.0,25159.52380952381
WECC_CO,installed_12391,wind,7067661068101.608,11685947.533236787
WECC_CO,installed_12559,wind,48742490119742.65,80592741.60010359
WECC_CO,installed_12560,wind,48742490119742.65,80592741.60010359
WECC_CO,installed_13002,solar,152164800000.0,251595.2380952381
WECC_CO,installed_13088,solar,152164800000.0,251595.2380952381
WECC_CO,installed_13089,wind,487424901197.4264,805927.4160010357
WECC_CO,installed_13090,wind,487424901197.4264,805927.4160010357
WECC_CO,installed_13091,wind,487424901197.4264,805927.4160010357
WECC_CO,installed_13092,wind,487424901197.4264,805927.4160010357
WECC_CO,installed_13121,biomass,861840000000.0,1425000.0
WECC_CO,installed_13171,hydro,314496000000.0,520000.0
WECC_CO,installed_13172,hydro,314496000000.0,520000.0
WECC_CO,installed_13318,wind,8286223319863.632,13700766.071203096
WECC_CO,installed_13319,wind,6970176087665.076,11524762.049710773
WECC_CO,installed_13327,hydro,919296000000.0,1520000.0
WECC_CO,installed_13328,hydro,798336000000.0,1320000.0
WECC_CO,installed_13476,hydro,1741824000000.0,2880000.0
WECC_CO,installed_13477,hydro,193536000000.0,320000.0
WECC_CO,installed_13507,wind,7311373517961.395,12088911.240015533
WECC_CO,installed_13701,wind,48888717579313.56,80834519.80706608
WECC_CO,installed_13770,waste,1874880000000.0,3100000.0
WECC_CO,installed_13771,solar,273896640000.0,452871.4285714286
WECC_CO,installed_13819,solar,243463680000.0,402552.38095238095
WECC_CO,installed_13820,solar,243463680000.0,402552.38095238095
WECC_CO,installed_13856,solar,152164800000.0,251595.2380952381
WECC_CO,installed_14079,solar,152164800000.0,251595.2380952381
WECC_CO,installed_14262,solar,18259776000000.0,30191428.57142857
WECC_CO,installed_14367,solar,228247200000.0,377392.85714285716
WECC_CO,installed_14442,solar,228247200000.0,377392.85714285716
WECC_CO,installed_14509,solar,304329600000.0,503190.4761904762
WECC_CO,installed_14510,solar,182597760000.0,301914.28571428574
WECC_CO,installed_14511,solar,182597760000.0,301914.28571428574
WECC_CO,installed_14615,wind,60928112637362.88,100740926.97976668
WECC_CO,installed_14616,wind,36556867577491.56,60444556.17971488
WECC_CO,installed_14648,solar,7912569600000.0,13082952.38095238
WECC_CO,installed_14669,solar,1978142400000.0,3270738.095238095
WECC_CO,installed_14775,hydro,290304000000.0,480000.0
WECC_CO,installed_14812,wind,14817716996795.855,24500193.447083093
WECC_CO,installed_14853,coal,140150148219705.66,231729742.42676198
WECC_CO,installed_14854,coal,120386235380602.55,199051315.11343014
WECC_CO,installed_14909,solar,608659200000.0,1006380.9523809524
WECC_CO,installed_14910,solar,608659200000.0,1006380.9523809524
WECC_CO,installed_14950,solar,989071200000.0,1635369.0476190476
WECC_CO,installed_14964,solar,4564944000000.0,7547857.142857143
WECC_CO,installed_14976,solar,182597760000.0,301914.28571428574
WECC_CO,installed_15021,solar,4564944000000.0,7547857.142857143
WECC_CO,installed_15186,solar,304329600000.0,503190.4761904762
WECC_CO,installed_15198,solar,1521648000000.0,2515952.380952381
WECC_CO,installed_15504,solar,1947709440000.0,3220419.0476190476
WECC_CO,installed_15806,wind,18278433793671.95,30222278.09800256
WECC_CO,installed_15851,natural gas,0.0,0.0
WECC_CO,installed_15852,natural gas,7145730928299.521,11815031.296791537
WECC_CO,installed_15853,natural gas,5068800000000.0,8380952.380952381
WECC_CO,installed_15854,natural gas,29302260541752.44,48449504.864008665
WECC_CO,installed_15855,natural gas,0.0,0.0
WECC_CO,installed_15856,natural gas,0.0,0.0
WECC_CO,installed_15897,hydro,677376000000.0,1120000.0
WECC_CO,installed_15901,hydro,1088640000000.0,1800000.0
WECC_CO,installed_15902,hydro,580608000000.0,960000.0
WECC_CO,installed_16081,hydro,8456714304192.001,13982662.540000001
WECC_CO,installed_16215,hydro,555726939989.7599,918860.6811999998
WECC_CO,installed_16216,hydro,555726939989.7599,918860.6811999998
WECC_CO,installed_16217,hydro,918157553026.5599,1518117.6472
WECC_CO,installed_16218,pump hydro,28119561367423.52,46493983.74243307
WECC_CO,installed_16219,pump hydro,28565068872696.145,47230603.294801824
WECC_CO,installed_16250,coal,13075607576991.361,21619721.522803176
WECC_CO,installed_16500,oil,0.0,0.0
WECC_CO,installed_16501,oil,0.0,0.0
WECC_CO,installed_16502,oil,0.0,0.0
WECC_CO,installed_16503,oil,0.0,0.0
WECC_CO,installed_16504,oil,0.0,0.0
WECC_CO,installed_16593,oil,0.0,0.0
WECC_CO,installed_16594,oil,0.0,0.0
WECC_CO,installed_16703,coal,19770154945104.777,32688748.255794935
WECC_CO,installed_16704,natural gas,702000000000.0,1160714.2857142857
WECC_CO,installed_16705,natural gas,0.0,0.0
WECC_CO,installed_16706,natural gas,0.0,0.0
WECC_CO,installed_16707,natural gas,0.0,0.0
WECC_CO,installed_16708,natural gas,0.0,0.0
WECC_CO,installed_17001,hydro,6765371443353.602,11186130.032000002
WECC_CO,installed_17142,hydro,289944490429.44006,479405.57280000014
WECC_CO,installed_17143,hydro,2754472658112.0,4554352.9399999995
WECC_CO,installed_17228,hydro,1087291839110.3999,1797770.8979999998
WECC_CO,installed_17930,oil,0.0,0.0
WECC_CO,installed_17931,oil,0.0,0.0
WECC_CO,installed_17932,oil,0.0,0.0
WECC_CO,installed_17933,oil,0.0,0.0
WECC_CO,installed_18069,natural gas,446600267604.6499,738426.3683939318
WECC_CO,installed_18070,natural gas,2897997449731.9717,4791662.449953657
WECC_CO,installed_18098,oil,0.0,0.0
WECC_CO,installed_18099,oil,0.0,0.0
WECC_CO,installed_18100,oil,0.0,0.0
WECC_CO,installed_18101,oil,0.0,0.0
WECC_CO,installed_18144,coal,15988205051418.709,26435524.22522935
WECC_CO,installed_18145,natural gas,0.0,0.0
WECC_CO,installed_18146,natural gas,108000000000.0,178571.42857142858
WECC_CO,installed_18616,natural gas,21600000000.0,35714.28571428572
WECC_CO,installed_18617,hydro,35384154220800.0,58505546.0
WECC_CO,installed_18619,wind,55847966616000.0,92341214.64285715
WECC_CO,installed_18620,wind,59368776719054.41,98162659.91907144
WECC_CO,installed_18621,solar,26954602316409.6,44567794.83533333
WECC_CO,optional_496_0,wind,0.0,0.0
WECC_CO,optional_497_0,wind,0.0,0.0
WECC_CO,optional_498_0,wind,0.0,0.0
WECC_CO,optional_499_0,wind,0.0,0.0
WECC_CO,optional_499_1,wind,0.0,0.0
WECC_CO,optional_499_2,wind,0.0,0.0
WECC_CO,optional_499_3,wind,0.0,0.0
WECC_CO,optional_499_4,wind,0.0,0.0
WECC_CO,optional_499_5,wind,0.0,0.0
WECC_CO,optional_500_0,wind,0.0,0.0
WECC_CO,optional_500_1,wind,0.0,0.0
WECC_CO,optional_500_2,wind,0.0,0.0
WECC_CO,optional_500_3,wind,0.0,0.0
WECC_CO,optional_500_4,wind,0.0,0.0
WECC_CO,optional_500_5,wind,0.0,0.0
WECC_CO,optional_501_0,wind,0.0,0.0
WECC_CO,optional_501_1,wind,0.0,0.0
WECC_CO,optional_501_2,wind,0.0,0.0
WECC_CO,optional_501_3,wind,0.0,0.0
WECC_CO,optional_501_4,wind,0.0,0.0
WECC_CO,optional_501_5,wind,0.0,0.0
WECC_CO,optional_502_0,wind,0.0,0.0
WECC_CO,optional_502_1,wind,0.0,0.0
WECC_CO,optional_502_2,wind,0.0,0.0
WECC_CO,optional_502_3,wind,0.0,0.0
WECC_CO,optional_502_4,wind,0.0,0.0
WECC_CO,optional_502_5,wind,0.0,0.0
WECC_CO,optional_503_0,wind,0.0,0.0
WECC_CO,optional_503_1,wind,0.0,0.0
WECC_CO,optional_503_2,wind,0.0,0.0
WECC_CO,optional_503_3,wind,0.0,0.0
WECC_CO,optional_503_4,wind,0.0,0.0
WECC_CO,optional_503_5,wind,0.0,0.0
WECC_CO,optional_818_0,solar,0.0,0.0
WECC_CO,optional_818_1,solar,0.0,0.0
WECC_CO,optional_818_2,solar,0.0,0.0
WECC_CO,optional_818_3,solar,0.0,0.0
WECC_CO,optional_818_4,solar,0.0,0.0
WECC_CO,optional_818_5,solar,0.0,0.0
WECC_CO,optional_819_0,solar,0.0,0.0
WECC_CO,optional_819_1,solar,0.0,0.0
WECC_CO,optional_819_2,solar,0.0,0.0
WECC_CO,optional_819_3,solar,0.0,0.0
WECC_CO,optional_819_4,solar,0.0,0.0
WECC_CO,optional_819_5,solar,0.0,0.0
WECC_CO,optional_820_0,solar,293208220800000.0,484801952.38095236
WECC_CO,optional_820_1,solar,293208220800000.0,484801952.38095236
WECC_CO,optional_820_2,solar,293208220800000.0,484801952.38095236
WECC_CO,optional_820_3,solar,179923226400000.0,297492107.14285713
WECC_CO,optional_820_4,solar,341327618074189.4,564364447.8739904
WECC_CO,optional_820_5,solar,0.0,0.0
WECC_CO,optional_821_0,solar,0.0,0.0
WECC_CO,optional_821_1,solar,0.0,0.0
WECC_CO,optional_821_2,solar,0.0,0.0
WECC_CO,optional_821_3,solar,0.0,0.0
WECC_CO,optional_821_4,solar,0.0,0.0
WECC_ID,installed_42,hydro,8746245831859.202,14461385.304000003
WECC_ID,installed_43,hydro,8746245831859.202,14461385.304000003
WECC_ID,installed_44,hydro,2561055409382.401,4234549.288000002
WECC_ID,installed_58,hydro,555700702072.32,918817.2984
WECC_ID,installed_59,hydro,555700702072.32,918817.2984
WECC_ID,installed_60,hydro,193287200762.87997,319588.62559999997
WECC_ID,installed_61,hydro,120804500355.84,199742.8908
WECC_ID,installed_70,hydro,72482700165.12,119845.73439999999
WECC_ID,installed_71,hydro,96643600381.43999,159794.31279999999
WECC_ID,installed_72,hydro,96643600381.43999,159794.31279999999
WECC_ID,installed_115,hydro,96643600381.43999,159794.31279999999
WECC_ID,installed_183,hydro,628183402237.4401,1038663.0328000002
WECC_ID,installed_257,hydro,966436003572.48,1597943.1276
WECC_ID,installed_258,hydro,966436003572.48,1597943.1276
WECC_ID,installed_274,hydro,483218001665.27997,798971.5636
WECC_ID,installed_589,hydro,966436003572.48,1597943.1276
WECC_ID,installed_591,hydro,700666102644.4801,1158508.7676000001
WECC_ID,installed_592,hydro,700666102644.4801,1158508.7676000001
WECC_ID,installed_593,hydro,700666102644.4801,1158508.7676000001
WECC_ID,installed_652,hydro,48321800190.71999,79897.15639999999
WECC_ID,installed_653,hydro,72482700165.12,119845.73439999999
WECC_ID,installed_654,hydro,193287200762.87997,319588.62559999997
WECC_ID,installed_673,hydro,483218001665.27997,798971.5636
WECC_ID,installed_674,hydro,1159723204093.44,1917531.7528
WECC_ID,installed_675,hydro,652344302453.7599,1078611.6112
WECC_ID,installed_676,hydro,434896201474.56006,719074.4072000001
WECC_ID,installed_5702,hydro,579861602046.72,958765.8764
WECC_ID,installed_5703,hydro,579861602046.72,958765.8764
WECC_ID,installed_5960,biomass,104400000000.0,172619.04761904763
WECC_ID,installed_6119,hydro,72482700165.12,119845.73439999999
WECC_ID,installed_6120,hydro,72482700165.12,119845.73439999999
WECC_ID,installed_6121,hydro,72482700165.12,119845.73439999999
WECC_ID,installed_6122,hydro,72482700165.12,119845.73439999999
WECC_ID,installed_6505,hydro,241609000953.60007,399485.7820000001
WECC_ID,installed_6646,hydro,555700702072.32,918817.2984
WECC_ID,installed_6653,hydro,797309702784.0,1318303.08
WECC_ID,installed_6654,hydro,797309702784.0,1318303.08
WECC_ID,installed_6655,hydro,797309702784.0,1318303.08
WECC_ID,installed_6656,hydro,676505202428.1598,1118560.1891999997
WECC_ID,installed_6657,hydro,676505202428.1598,1118560.1891999997
WECC_ID,installed_6658,hydro,676505202428.1598,1118560.1891999997
WECC_ID,installed_6700,hydro,362413501309.43994,599228.6727999998
WECC_ID,installed_6708,hydro,483218001665.27997,798971.5636
WECC_ID,installed_7075,hydro,1014757803763.2001,1677840.284
WECC_ID,installed_7076,hydro,1014757803763.2001,1677840.284
WECC_ID,installed_7136,hydro,579861602046.72,958765.8764
WECC_ID,installed_7142,hydro,531539801855.99994,878868.7199999999
WECC_ID,installed_7186,hydro,314091701118.72003,519331.5164000001
WECC_ID,installed_7194,hydro,1135562304119.0405,1877583.1748000006
WECC_ID,installed_7195,hydro,1135562304119.0405,1877583.1748000006
WECC_ID,installed_7250,hydro,918114203381.7601,1518045.9712000003
WECC_ID,installed_7251,hydro,918114203381.7601,1518045.9712000003
WECC_ID,installed_7357,hydro,1087240503928.32,1797686.0184
WECC_ID,installed_7358,hydro,1087240503928.32,1797686.0184
WECC_ID,installed_7462,hydro,555700702072.32,918817.2984
WECC_ID,installed_7574,hydro,169126300546.55997,279640.0472
WECC_ID,installed_7575,hydro,169126300546.55997,279640.0472
WECC_ID,installed_7765,hydro,24160899974.4,39948.578
WECC_ID,installed_7766,hydro,24160899974.4,39948.578
WECC_ID,installed_7767,hydro,24160899974.4,39948.578
WECC_ID,installed_7768,hydro,24160899974.4,39948.578
WECC_ID,installed_7769,hydro,24160899974.4,39948.578
WECC_ID,installed_7770,hydro,24160899974.4,39948.578
WECC_ID,installed_7771,hydro,48321800190.71999,79897.15639999999
WECC_ID,installed_7772,hydro,48321800190.71999,79897.15639999999
WECC_ID,installed_7773,hydro,48321800190.71999,79897.15639999999
WECC_ID,installed_7774,hydro,48321800190.71999,79897.15639999999
WECC_ID,installed_8990,natural gas,0.0,0.0
WECC_ID,installed_9627,wind,17388993600000.0,28751642.85714286
WECC_ID,installed_9633,wind,2830766400000.0,4680500.0
WECC_ID,installed_9647,geothermal,6048000000000.0,10000000.0
WECC_ID,installed_9812,wind,5742411840000.0,9494728.57142857
WECC_ID,installed_9813,wind,3235161600000.0,5349142.857142857
WECC_ID,installed_9814,wind,5257137600000.0,8692357.142857144
WECC_ID,installed_9815,wind,3639556800000.0,6017785.714285715
WECC_ID,installed_9816,wind,2830766400000.0,4680500.0
WECC_ID,installed_9817,wind,5661532800000.0,9361000.0
WECC_ID,installed_9818,wind,3235161600000.0,5349142.857142857
WECC_ID,installed_9819,wind,2830766400000.0,4680500.0
WECC_ID,installed_9913,hydro,193536000000.0,320000.0
WECC_ID,installed_10171,wind,5661532800000.0,9361000.0
WECC_ID,installed_10172,wind,5661532800000.0,9361000.0
WECC_ID,installed_10848,hydro,290304000000.0,480000.0
WECC_ID,installed_10849,hydro,290304000000.0,480000.0
WECC_ID,installed_10850,hydro,290304000000.0,480000.0
WECC_ID,installed_10909,wind,2830766400000.0,4680500.0
WECC_ID,installed_10910,wind,5095379520000.0,8424900.0
WECC_ID,installed_11023,hydro,1935360000000.0,3200000.0
WECC_ID,installed_11024,hydro,1935360000000.0,3200000.0
WECC_ID,installed_11118,natural gas,0.0,0.0
WECC_ID,installed_11119,natural gas,0.0,0.0
WECC_ID,installed_11216,wind,5661532800000.0,9361000.0
WECC_ID,installed_11217,wind,6065928000000.0,10029642.857142856
WECC_ID,installed_11218,wind,5661532800000.0,9361000.0
WECC_ID,installed_11228,wind,4529226240000.0,7488800.0
WECC_ID,installed_11320,wind,33564801600000.0,55497357.14285714
WECC_ID,installed_11543,non-fossil,665280000000.0,1100000.0
WECC_ID,installed_11544,non-fossil,665280000000.0,1100000.0
WECC_ID,installed_11545,non-fossil,483840000000.0,800000.0
WECC_ID,installed_11546,non-fossil,483840000000.0,800000.0
WECC_ID,installed_11547,non-fossil,483840000000.0,800000.0
WECC_ID,installed_11548,non-fossil,544320000000.0,900000.0
WECC_ID,installed_11549,non-fossil,544320000000.0,900000.0
WECC_ID,installed_11615,non-fossil,423360000000.0,700000.0
WECC_ID,installed_11616,non-fossil,423360000000.0,700000.0
WECC_ID,installed_11662,wind,6200726400000.0,10252523.80952381
WECC_ID,installed_11663,wind,6200726400000.0,10252523.80952381
WECC_ID,installed_11664,wind,6200726400000.0,10252523.80952381
WECC_ID,installed_11665,wind,6200726400000.0,10252523.80952381
WECC_ID,installed_11666,wind,6200726400000.0,10252523.80952381
WECC_ID,installed_11701,wind,6200726400000.0,10252523.80952381
WECC_ID,installed_12083,wind,6038968320000.0,9985066.666666666
WECC_ID,installed_12096,wind,6065928000000.0,10029642.857142856
WECC_ID,installed_12097,wind,6065928000000.0,10029642.857142856
WECC_ID,installed_12106,wind,21352066560000.0,35304342.85714286
WECC_ID,installed_12223,waste,907200000000.0,1500000.0
WECC_ID,installed_12224,waste,907200000000.0,1500000.0
WECC_ID,installed_12292,wind,15528775680000.0,25675885.714285713
WECC_ID,installed_12465,wind,10783872000000.0,17830476.19047619
WECC_ID,installed_12542,wind,31219309440000.0,51619228.571428575
WECC_ID,installed_12580,non-fossil,264664615622.40002,437606.83800000005
WECC_ID,installed_12581,non-fossil,264664615622.40002,437606.83800000005
WECC_ID,installed_12859,hydro,266112000000.0,440000.0
WECC_ID,installed_13549,non-fossil,132332307811.20001,218803.41900000002
WECC_ID,installed_13550,non-fossil,132332307811.20001,218803.41900000002
WECC_ID,installed_13551,non-fossil,132332307811.20001,218803.41900000002
WECC_ID,installed_13552,non-fossil,248123076768.00003,410256.41000000003
WECC_ID,installed_13553,non-fossil,248123076768.00003,410256.41000000003
WECC_ID,installed_13554,non-fossil,248123076768.00003,410256.41000000003
WECC_ID,installed_13555,non-fossil,132332307811.20001,218803.41900000002
WECC_ID,installed_13556,non-fossil,132332307811.20001,218803.41900000002
WECC_ID,installed_14114,natural gas,0.0,0.0
WECC_ID,installed_14143,waste,846720000000.0,1400000.0
WECC_ID,installed_14315,solar,3811752000000.0,6302500.0
WECC_ID,installed_14649,solar,3811752000000.0,6302500.0
WECC_ID,installed_14652,solar,3811752000000.0,6302500.0
WECC_ID,installed_14653,solar,3811752000000.0,6302500.0
WECC_ID,installed_14654,solar,3811752000000.0,6302500.0
WECC_ID,installed_14709,solar,11435256000000.0,18907500.0
WECC_ID,installed_14710,solar,3811752000000.0,6302500.0
WECC_ID,installed_15124,solar,7623504000000.0,12605000.0
WECC_ID,installed_15482,solar,3811752000000.0,6302500.0
WECC_ID,installed_15932,hydro,290304000000.0,480000.0
WECC_ID,installed_16304,hydro,676505202428.1598,1118560.1891999997
WECC_ID,installed_16305,hydro,676505202428.1598,1118560.1891999997
WECC_ID,installed_16306,hydro,144965400572.16006,239691.4692000001
WECC_ID,installed_16307,hydro,169126300546.55997,279640.0472
WECC_ID,installed_16338,hydro,4832180016652.801,7989715.636000002
WECC_ID,installed_16339,hydro,4832180016652.801,7989715.636000002
WECC_ID,installed_16340,hydro,1232205904500.48,2037377.4875999999
WECC_ID,installed_16341,hydro,1232205904500.48,2037377.4875999999
WECC_ID,installed_16342,hydro,265769900927.99997,439434.3599999999
WECC_ID,installed_16343,hydro,265769900927.99997,439434.3599999999
WECC_ID,installed_16344,hydro,265769900927.99997,439434.3599999999
WECC_ID,installed_16345,hydro,652344302453.7599,1078611.6112
WECC_ID,installed_16346,hydro,1208045004284.16,1997428.9091999999
WECC_ID,installed_16347,hydro,2416090008810.241,3994857.8188000014
WECC_ID,installed_16348,hydro,2416090008810.241,3994857.8188000014
WECC_ID,installed_16766,hydro,1932872006903.0398,3195886.2547999998
WECC_ID,installed_16840,hydro,2126159207665.921,3515474.880400001
WECC_ID,installed_16841,hydro,2029515607284.4802,3355680.5676000006
WECC_ID,installed_16966,hydro,11548910240985.604,19095420.37200001
WECC_ID,installed_16967,hydro,3020112510105.6,4993572.272
WECC_ID,installed_17710,hydro,5653650620620.802,9347967.296000002
WECC_ID,installed_17829,natural gas,0.0,0.0
WECC_ID,installed_17830,natural gas,0.0,0.0
WECC_ID,installed_17831,natural gas,0.0,0.0
WECC_ID,installed_18092,hydro,8891211231705.6,14701076.772
WECC_ID,installed_18093,hydro,8891211231705.6,14701076.772
WECC_ID,installed_18094,hydro,8891211231705.6,14701076.772
WECC_ID,installed_18095,hydro,6499282123353.601,10746167.532000002
WECC_ID,installed_18096,hydro,6209351323660.801,10266784.596
WECC_ID,installed_18097,hydro,6958339224076.802,11505190.516000003
WECC_ID,installed_18114,hydro,29790389817216.004,49256596.92000001
WECC_ID,installed_18115,hydro,31699100926080.01,52412534.60000002
WECC_ID,installed_18116,hydro,29041401916800.0,48018191.0
WECC_ID,installed_18117,hydro,29742068014848.0,49176699.760000005
WECC_ID,installed_18118,hydro,59484136005504.0,98353399.47999999
WECC_ID,installed_18123,hydro,7803970729228.8,12903390.756
WECC_ID,installed_18124,hydro,7538200828300.8,12463956.396
WECC_ID,installed_18125,hydro,7417396327219.201,12264213.504000003
WECC_ID,installed_18126,hydro,1739584806382.0798,2876297.6295999996
WECC_ID,installed_18127,hydro,1739584806382.0798,2876297.6295999996
WECC_ID,installed_18128,hydro,507378901881.60004,838920.142
WECC_ID,installed_18129,hydro,3696617714227.2007,6112132.464000001
WECC_ID,installed_18130,hydro,4373122915929.601,7230692.652000002
WECC_ID,installed_18131,hydro,4348962014745.599,7190744.071999999
WECC_ID,installed_18132,hydro,4276479316032.0015,7070898.340000002
WECC_ID,installed_18133,hydro,4373122915929.601,7230692.652000002
WECC_ID,installed_18134,oil,0.0,0.0
WECC_ID,installed_18135,oil,0.0,0.0
WECC_ID,installed_18136,hydro,169126300546.55997,279640.0472
WECC_ID,installed_18137,hydro,96643600381.43999,159794.31279999999
WECC_ID,installed_18138,hydro,3092595211238.4004,5113418.008
WECC_ID,installed_18139,hydro,3599974111910.401,5952338.148000001
WECC_ID,installed_18140,hydro,3503330512012.801,5792543.836000001
WECC_ID,installed_18141,hydro,1546297605619.2002,2556709.004
WECC_ID,installed_18142,hydro,2440250908300.8,4034806.396
WECC_ID,installed_18143,hydro,10413347938559.998,17217837.199999996
WECC_ID,installed_18147,hydro,2295285508212.4795,3795114.927599999
WECC_ID,installed_18148,hydro,2101998307691.52,3475526.3024
WECC_ID,installed_18163,hydro,1957032907119.3604,3235834.8332000007
WECC_ID,installed_18164,hydro,652344302453.7599,1078611.6112
WECC_ID,installed_18165,hydro,531539801855.99994,878868.7199999999
WECC_ID,installed_18166,hydro,531539801855.99994,878868.7199999999
WECC_ID,installed_18167,hydro,2657699009280.0005,4394343.6000000015
WECC_ID,installed_18168,hydro,2657699009280.0005,4394343.6000000015
WECC_ID,installed_18169,hydro,2657699009280.0005,4394343.6000000015
WECC_ID,installed_18170,hydro,2246963708021.7603,3715217.7712000003
WECC_ID,installed_18171,hydro,2246963708021.7603,3715217.7712000003
WECC_ID,installed_18172,hydro,2246963708021.7603,3715217.7712000003
WECC_ID,installed_18180,hydro,1836228406763.5203,3036091.9424000005
WECC_ID,installed_18181,hydro,1836228406763.5203,3036091.9424000005
WECC_ID,installed_18217,hydro,1932872006903.0398,3195886.2547999998
WECC_ID,installed_18218,hydro,724827002618.8799,1198457.3455999997
WECC_ID,installed_18219,hydro,1932872006903.0398,3195886.2547999998
WECC_ID,installed_18223,hydro,10654956938303.998,17617322.979999997
WECC_ID,installed_18224,hydro,10654956938303.998,17617322.979999997
WECC_ID,installed_18225,hydro,10654956938303.998,17617322.979999997
WECC_ID,installed_18226,hydro,10654956938303.998,17617322.979999997
WECC_ID,installed_18504,hydro,48321800190.71999,79897.15639999999
WECC_ID,installed_18505,hydro,96643600381.43999,159794.31279999999
WECC_ID,installed_18506,hydro,193287200762.87997,319588.62559999997
WECC_ID,installed_18638,hydro,774144000000.0,1280000.0
WECC_ID,optional_504_0,wind,0.0,0.0
WECC_ID,optional_505_0,wind,0.0,0.0
WECC_ID,optional_506_0,wind,8410053600000.0,13905511.904761905
WECC_ID,optional_507_0,wind,0.0,0.0
WECC_ID,optional_508_0,wind,0.0,0.0
WECC_ID,optional_509_0,wind,0.0,0.0
WECC_ID,optional_509_1,wind,0.0,0.0
WECC_ID,optional_509_2,wind,0.0,0.0
WECC_ID,optional_509_3,wind,0.0,0.0
WECC_ID,optional_510_0,wind,0.0,0.0
WECC_ID,optional_510_1,wind,0.0,0.0
WECC_ID,optional_510_2,wind,0.0,0.0
WECC_ID,optional_510_3,wind,0.0,0.0
WECC_ID,optional_510_4,wind,0.0,0.0
WECC_ID,optional_510_5,wind,0.0,0.0
WECC_ID,optional_511_0,wind,0.0,0.0
WECC_ID,optional_511_1,wind,0.0,0.0
WECC_ID,optional_511_2,wind,0.0,0.0
WECC_ID,optional_511_3,wind,0.0,0.0
WECC_ID,optional_511_4,wind,0.0,0.0
WECC_ID,optional_511_5,wind,0.0,0.0
WECC_ID,optional_822_0,solar,0.0,0.0
WECC_ID,optional_822_1,solar,0.0,0.0
WECC_ID,optional_822_2,solar,0.0,0.0
WECC_ID,optional_822_3,solar,0.0,0.0
WECC_ID,optional_822_4,solar,0.0,0.0
WECC_ID,optional_822_5,solar,0.0,0.0
WECC_ID,optional_823_0,solar,0.0,0.0
WECC_ID,optional_823_1,solar,0.0,0.0
WECC_ID,optional_823_2,solar,0.0,0.0
WECC_ID,optional_823_3,solar,0.0,0.0
WECC_ID,optional_823_4,solar,0.0,0.0
WECC_ID,optional_823_5,solar,0.0,0.0
WECC_ID,optional_824_0,solar,0.0,0.0
WECC_ID,optional_824_1,solar,180331716610971.84,298167520.85147464
WECC_ID,optional_824_2,solar,0.0,0.0
WECC_ID,optional_824_3,solar,0.0,0.0
WECC_ID,optional_824_4,solar,0.0,0.0
WECC_ID,optional_824_5,solar,0.0,0.0
WECC_IID,installed_263,biomass,507600000000.0,839285.7142857143
WECC_IID,installed_264,biomass,507600000000.0,839285.7142857143
WECC_IID,installed_519,geothermal,25156286775647.996,41594389.51
WECC_IID,installed_520,geothermal,25156286775647.996,41594389.51
WECC_IID,installed_525,geothermal,25156286775647.996,41594389.51
WECC_IID,installed_628,geothermal,28450562430528.004,47041273.86000001
WECC_IID,installed_637,geothermal,1935360000000.0,3200000.0
WECC_IID,installed_638,geothermal,8085949320960.001,13369625.200000003
WECC_IID,installed_737,geothermal,5989592090160.001,9903426.075000003
WECC_IID,installed_738,geothermal,5989592090160.001,9903426.075000003
WECC_IID,installed_739,geothermal,2395836836064.0,3961370.43
WECC_IID,installed_740,geothermal,1257814339084.8003,2079719.4760000003
WECC_IID,installed_4176,hydro,16416000000.0,27142.85714285714
WECC_IID,installed_4177,hydro,16416000000.0,27142.85714285714
WECC_IID,installed_5139,hydro,42336000000.0,70000.0
WECC_IID,installed_5140,hydro,42336000000.0,70000.0
WECC_IID,installed_5153,hydro,23328000000.0,38571.42857142857
WECC_IID,installed_5154,hydro,39744000000.0,65714.28571428571
WECC_IID,installed_5172,hydro,69984000000.0,115714.28571428571
WECC_IID,installed_5173,hydro,95040000000.0,157142.85714285713
WECC_IID,installed_5177,hydro,89856000000.0,148571.42857142858
WECC_IID,installed_5178,hydro,66528000000.0,110000.0
WECC_IID,installed_5220,oil,0.0,0.0
WECC_IID,installed_5221,natural gas,0.0,0.0
WECC_IID,installed_5222,natural gas,0.0,0.0
WECC_IID,installed_5223,natural gas,0.0,0.0
WECC_IID,installed_5224,natural gas,0.0,0.0
WECC_IID,installed_5225,natural gas,0.0,0.0
WECC_IID,installed_5226,battery,7257600000000.0,12000000.0
WECC_IID,installed_6051,geothermal,14075541414144.0,23273051.28
WECC_IID,installed_6052,geothermal,3593755254095.999,5942055.644999999
WECC_IID,installed_6534,geothermal,359375525107.20013,594205.5640000002
WECC_IID,installed_6535,geothermal,359375525107.20013,594205.5640000002
WECC_IID,installed_6536,geothermal,359375525107.20013,594205.5640000002
WECC_IID,installed_6537,geothermal,359375525107.20013,594205.5640000002
WECC_IID,installed_6538,geothermal,359375525107.20013,594205.5640000002
WECC_IID,installed_6539,geothermal,359375525107.20013,594205.5640000002
WECC_IID,installed_6540,geothermal,359375525107.20013,594205.5640000002
WECC_IID,installed_6546,geothermal,6888030905951.999,11388939.989999998
WECC_IID,installed_6547,geothermal,5091153276787.202,8417912.164000003
WECC_IID,installed_6548,geothermal,419271446160.00006,693239.8250000002
WECC_IID,installed_6549,geothermal,419271446160.00006,693239.8250000002
WECC_IID,installed_6919,geothermal,8085949320960.001,13369625.200000003
WECC_IID,installed_6951,geothermal,2276044993958.4,3763301.9079999994
WECC_IID,installed_6952,geothermal,2276044993958.4,3763301.9079999994
WECC_IID,installed_6953,geothermal,2276044993958.4,3763301.9079999994
WECC_IID,installed_6954,geothermal,1209600000000.0,2000000.0
WECC_IID,installed_6955,geothermal,1796877626745.6003,2971027.8220000006
WECC_IID,installed_6956,geothermal,7257600000000.0,12000000.0
WECC_IID,installed_6957,geothermal,1796877626745.6003,2971027.8220000006
WECC_IID,installed_6958,geothermal,1796877626745.6003,2971027.8220000006
WECC_IID,installed_6959,geothermal,1796877626745.6003,2971027.8220000006
WECC_IID,installed_6960,geothermal,1796877626745.6003,2971027.8220000006
WECC_IID,installed_6961,geothermal,1796877626745.6003,2971027.8220000006
WECC_IID,installed_6962,geothermal,2276044993958.4,3763301.9079999994
WECC_IID,installed_6963,geothermal,2276044993958.4,3763301.9079999994
WECC_IID,installed_6964,geothermal,2276044993958.4,3763301.9079999994
WECC_IID,installed_7380,geothermal,22982400000000.0,38000000.0
WECC_IID,installed_7381,geothermal,3024000000000.0,5000000.0
WECC_IID,installed_7382,geothermal,1512000000000.0,2500000.0
WECC_IID,installed_7449,geothermal,6888030905951.999,11388939.989999998
WECC_IID,installed_7450,geothermal,5140800000000.0,8500000.0
WECC_IID,installed_7753,geothermal,26354205196704.0,43575074.730000004
WECC_IID,installed_9191,geothermal,27552123611712.0,45555759.94
WECC_IID,installed_9192,geothermal,6528655377216.0,10794734.42
WECC_IID,installed_10089,natural gas,0.0,0.0
WECC_IID,installed_10090,natural gas,0.0,0.0
WECC_IID,installed_10705,geothermal,9676800000000.0,16000000.0
WECC_IID,installed_10706,geothermal,9676800000000.0,16000000.0
WECC_IID,installed_10707,geothermal,9676800000000.0,16000000.0
WECC_IID,installed_10708,geothermal,9676800000000.0,16000000.0
WECC_IID,installed_10893,solar,19440601200000.0,32143851.19047619
WECC_IID,installed_10894,solar,12434285520000.0,20559334.523809522
WECC_IID,installed_10895,solar,6602105160000.0,10916179.166666666
WECC_IID,installed_11582,hydro,19008000000.0,31428.571428571428
WECC_IID,installed_11583,hydro,19008000000.0,31428.571428571428
WECC_IID,installed_11738,geothermal,30179520000000.0,49900000.0
WECC_IID,installed_11759,solar,24810826680000.0,41023192.26190476
WECC_IID,installed_11760,solar,28621954440000.0,47324660.11904762
WECC_IID,installed_11784,wind,110877856560000.0,183329789.2857143
WECC_IID,installed_12501,solar,4427067600000.0,7319886.904761905
WECC_IID,installed_12883,solar,1924812000000.0,3182559.523809524
WECC_IID,installed_12917,solar,6428872080000.0,10629748.80952381
WECC_IID,installed_12918,solar,4927518720000.0,8147352.380952381
WECC_IID,installed_12919,solar,6428872080000.0,10629748.80952381
WECC_IID,installed_12920,solar,6428872080000.0,10629748.80952381
WECC_IID,installed_12921,solar,3580150320000.0,5919560.714285715
WECC_IID,installed_12922,solar,4927518720000.0,8147352.380952381
WECC_IID,installed_12987,solar,26754886800000.0,44237577.38095238
WECC_IID,installed_13024,hydro,11232000000.0,18571.428571428572
WECC_IID,installed_13025,hydro,10368000000.0,17142.85714285714
WECC_IID,installed_13026,hydro,11232000000.0,18571.428571428572
WECC_IID,installed_13058,solar,192481200000.0,318255.95238095237
WECC_IID,installed_13085,solar,1097142840000.0,1814058.9285714286
WECC_IID,installed_13141,solar,9624060000000.0,15912797.61904762
WECC_IID,installed_13142,solar,9624060000000.0,15912797.61904762
WECC_IID,installed_13143,solar,9624060000000.0,15912797.61904762
WECC_IID,installed_13149,hydro,8640000000.0,14285.714285714286
WECC_IID,installed_13170,solar,3849624000000.0,6365119.047619048
WECC_IID,installed_13706,solar,3849624000000.0,6365119.047619048
WECC_IID,installed_14263,solar,3849624000000.0,6365119.047619048
WECC_IID,installed_14345,solar,3849624000000.0,6365119.047619048
WECC_IID,installed_14346,solar,5774436000000.0,9547678.57142857
WECC_IID,installed_14902,solar,5774436000000.0,9547678.57142857
WECC_IID,installed_14989,solar,9624060000000.0,15912797.61904762
WECC_IID,installed_15283,natural gas,0.0,0.0
WECC_IID,installed_15284,natural gas,0.0,0.0
WECC_IID,installed_15285,natural gas,0.0,0.0
WECC_IID,installed_15286,natural gas,0.0,0.0
WECC_IID,installed_15478,solar,558195480000.0,922942.2619047619
WECC_IID,installed_15479,solar,365714280000.0,604686.3095238095
WECC_IID,installed_17522,natural gas,0.0,0.0
WECC_IID,installed_17523,natural gas,0.0,0.0
WECC_IID,installed_18570,geothermal,55981800000000.0,92562500.0
WECC_IID,installed_18597,wind,25066584000.0,41446.07142857143
WECC_IID,installed_18598,wind,15140216736000.0,25033427.14285714
WECC_IID,installed_18613,solar,74163006360000.0,122624018.45238096
WECC_IID,optional_512_0,wind,0.0,0.0
WECC_IID,optional_513_0,wind,0.0,0.0
WECC_IID,optional_514_0,wind,0.0,0.0
WECC_IID,optional_515_0,wind,0.0,0.0
WECC_IID,optional_515_1,wind,0.0,0.0
WECC_IID,optional_515_2,wind,0.0,0.0
WECC_IID,optional_515_3,wind,0.0,0.0
WECC_IID,optional_515_4,wind,0.0,0.0
WECC_IID,optional_516_0,wind,0.0,0.0
WECC_IID,optional_516_1,wind,0.0,0.0
WECC_IID,optional_516_2,wind,0.0,0.0
WECC_IID,optional_516_3,wind,0.0,0.0
WECC_IID,optional_516_4,wind,0.0,0.0
WECC_IID,optional_825_0,solar,0.0,0.0
WECC_IID,optional_825_1,solar,0.0,0.0
WECC_IID,optional_825_2,solar,0.0,0.0
WECC_IID,optional_825_3,solar,0.0,0.0
WECC_IID,optional_825_4,solar,0.0,0.0
WECC_IID,optional_825_5,solar,0.0,0.0
WECC_IID,optional_826_0,solar,0.0,0.0
WECC_IID,optional_826_1,solar,0.0,0.0
WECC_IID,optional_826_2,solar,0.0,0.0
WECC_IID,optional_826_3,solar,0.0,0.0
WECC_IID,optional_826_4,solar,0.0,0.0
WECC_IID,optional_826_5,solar,0.0,0.0
WECC_MT,installed_180,hydro,483158315646.7201,798872.8764000002
WECC_MT,installed_655,coal,6003633057587.088,9926641.960296111
WECC_MT,installed_2693,hydro,1691054105126.4001,2796055.068
WECC_MT,installed_2694,hydro,1691054105126.4001,2796055.068
WECC_MT,installed_2695,hydro,1691054105126.4001,2796055.068
WECC_MT,installed_2696,hydro,7730533051315.202,12781966.024000004
WECC_MT,installed_2697,hydro,7730533051315.202,12781966.024000004
WECC_MT,installed_2698,hydro,724737473591.0399,1198309.3147999998
WECC_MT,installed_2699,hydro,845527052563.2001,1398027.534
WECC_MT,installed_2700,hydro,845527052563.2001,1398027.534
WECC_MT,installed_2701,hydro,845527052563.2001,1398027.534
WECC_MT,installed_2702,hydro,845527052563.2001,1398027.534
WECC_MT,installed_2703,hydro,966316631535.36,1597745.7532000002
WECC_MT,installed_2704,hydro,2898949894848.0,4793237.260000001
WECC_MT,installed_2705,hydro,2898949894848.0,4793237.260000001
WECC_MT,installed_2706,hydro,2898949894848.0,4793237.260000001
WECC_MT,installed_2707,hydro,2898949894848.0,4793237.260000001
WECC_MT,installed_2708,hydro,14977907787225.598,24765059.172
WECC_MT,installed_2709,hydro,14977907787225.598,24765059.172
WECC_MT,installed_2710,hydro,19809490946112.0,32753787.94
WECC_MT,installed_2712,hydro,5797899789696.0,9586474.520000001
WECC_MT,installed_2713,hydro,5797899789696.0,9586474.520000001
WECC_MT,installed_2714,hydro,1449474947182.0798,2396618.6295999996
WECC_MT,installed_2715,hydro,1449474947182.0798,2396618.6295999996
WECC_MT,installed_2716,hydro,14636160000000.0,24200000.0
WECC_MT,installed_2717,hydro,2415791578717.44,3994364.3828000003
WECC_MT,installed_2718,hydro,2415791578717.44,3994364.3828000003
WECC_MT,installed_2719,hydro,2415791578717.44,3994364.3828000003
WECC_MT,installed_2720,hydro,2415791578717.44,3994364.3828000003
WECC_MT,installed_2721,hydro,2415791578717.44,3994364.3828000003
WECC_MT,installed_2722,hydro,2415791578717.44,3994364.3828000003
WECC_MT,installed_2723,hydro,1691054105126.4001,2796055.068
WECC_MT,installed_2724,hydro,1449474947182.0798,2396618.6295999996
WECC_MT,installed_2725,hydro,1691054105126.4001,2796055.068
WECC_MT,installed_2726,hydro,1449474947182.0798,2396618.6295999996
WECC_MT,installed_2727,hydro,1449474947182.0798,2396618.6295999996
WECC_MT,installed_2728,hydro,1449474947182.0798,2396618.6295999996
WECC_MT,installed_2729,hydro,13528432841011.201,22368440.544
WECC_MT,installed_2732,hydro,27515866081536.0,45495810.32
WECC_MT,installed_2733,hydro,27298444836095.996,45136317.519999996
WECC_MT,installed_2734,hydro,27298444836095.996,45136317.519999996
WECC_MT,installed_2735,hydro,27298444836095.996,45136317.519999996
WECC_MT,installed_2736,hydro,30825500541695.996,50968089.519999996
WECC_MT,installed_2739,hydro,25848969882623.996,42739698.879999995
WECC_MT,installed_2740,hydro,25848969882623.996,42739698.879999995
WECC_MT,installed_2741,hydro,25848969882623.996,42739698.879999995
WECC_MT,installed_2742,hydro,25848969882623.996,42739698.879999995
WECC_MT,installed_2743,hydro,17345383534886.4,28679536.268
WECC_MT,installed_2744,hydro,17345383534886.4,28679536.268
WECC_MT,installed_2745,hydro,17369541450777.598,28719479.911999997
WECC_MT,installed_2746,hydro,17345383534886.4,28679536.268
WECC_MT,installed_6678,coal,2527200000000.0,4178571.4285714286
WECC_MT,installed_6679,coal,2901600000000.0,4797619.047619048
WECC_MT,installed_6913,hydro,2343317831527.68,3874533.4516000003
WECC_MT,installed_9011,coal,10577989297400.385,17490061.66898212
WECC_MT,installed_9100,natural gas,0.0,0.0
WECC_MT,installed_9101,natural gas,0.0,0.0
WECC_MT,installed_9102,natural gas,0.0,0.0
WECC_MT,installed_9103,natural gas,0.0,0.0
WECC_MT,installed_9104,natural gas,0.0,0.0
WECC_MT,installed_9105,natural gas,0.0,0.0
WECC_MT,installed_9106,natural gas,0.0,0.0
WECC_MT,installed_9107,natural gas,0.0,0.0
WECC_MT,installed_9108,natural gas,0.0,0.0
WECC_MT,installed_9732,wind,36914130000000.0,61035267.85714286
WECC_MT,installed_9900,waste,907200000000.0,1500000.0
WECC_MT,installed_9914,hydro,1811843684098.5603,2995773.2872
WECC_MT,installed_10112,wind,2460942000000.0,4069017.8571428573
WECC_MT,installed_10876,natural gas,0.0,0.0
WECC_MT,installed_10877,natural gas,0.0,0.0
WECC_MT,installed_10878,natural gas,0.0,0.0
WECC_MT,installed_11152,wind,28492239600000.0,47110184.52380952
WECC_MT,installed_11153,wind,27726613200000.0,45844267.85714286
WECC_MT,installed_12001,hydro,1282176000000.0,2120000.0
WECC_MT,installed_12002,hydro,1862784000000.0,3080000.0
WECC_MT,installed_12082,wind,2625004800000.0,4340285.714285715
WECC_MT,installed_12375,wind,2734380000000.0,4521130.952380952
WECC_MT,installed_12377,wind,2734380000000.0,4521130.952380952
WECC_MT,installed_12423,wind,50476654800000.0,83460077.38095239
WECC_MT,installed_12653,wind,10937520000000.0,18084523.80952381
WECC_MT,installed_12879,hydro,483840000000.0,800000.0
WECC_MT,installed_13048,biomass,86400000000.0,142857.14285714287
WECC_MT,installed_13548,wind,2734380000000.0,4521130.952380952
WECC_MT,installed_13588,wind,2652348600000.0,4385497.023809524
WECC_MT,installed_15175,wind,6835950000000.0,11302827.38095238
WECC_MT,installed_15498,coal,2664000000000.0,4404761.904761905
WECC_MT,installed_15499,coal,8740983035613.466,14452683.59063073
WECC_MT,installed_15876,wind,6835950000000.0,11302827.38095238
WECC_MT,installed_16134,hydro,25365811588992.01,41940826.04000002
WECC_MT,installed_16135,hydro,25365811588992.01,41940826.04000002
WECC_MT,installed_16136,hydro,25365811588992.01,41940826.04000002
WECC_MT,installed_16137,hydro,25365811588992.01,41940826.04000002
WECC_MT,installed_16138,hydro,25365811588992.01,41940826.04000002
WECC_MT,installed_16349,hydro,4638319831756.799,7669179.6159999985
WECC_MT,installed_16350,hydro,4638319831756.799,7669179.6159999985
WECC_MT,installed_16351,hydro,4638319831756.799,7669179.6159999985
WECC_MT,installed_16392,hydro,483158315646.7201,798872.8764000002
WECC_MT,installed_16393,hydro,483158315646.7201,798872.8764000002
WECC_MT,installed_16394,hydro,483158315646.7201,798872.8764000002
WECC_MT,installed_16395,hydro,483158315646.7201,798872.8764000002
WECC_MT,installed_16457,hydro,459000399997.44006,758929.2328000001
WECC_MT,installed_16458,hydro,459000399997.44006,758929.2328000001
WECC_MT,installed_16459,hydro,193263326403.84,319549.1508
WECC_MT,installed_18731,hydro,822528000000.0,1360000.0
WECC_MT,installed_18732,wind,43750080000000.0,72338095.23809524
WECC_MT,installed_18733,solar,2132514000000.0,3525982.1428571427
WECC_MT,optional_517_0,wind,0.0,0.0
WECC_MT,optional_517_1,wind,0.0,0.0
WECC_MT,optional_517_2,wind,0.0,0.0
WECC_MT,optional_517_3,wind,0.0,0.0
WECC_MT,optional_517_4,wind,0.0,0.0
WECC_MT,optional_518_0,wind,0.0,0.0
WECC_MT,optional_518_1,wind,0.0,0.0
WECC_MT,optional_519_0,wind,0.0,0.0
WECC_MT,optional_519_1,wind,0.0,0.0
WECC_MT,optional_519_2,wind,0.0,0.0
WECC_MT,optional_519_3,wind,0.0,0.0
WECC_MT,optional_519_4,wind,0.0,0.0
WECC_MT,optional_520_0,wind,0.0,0.0
WECC_MT,optional_520_1,wind,0.0,0.0
WECC_MT,optional_520_2,wind,0.0,0.0
WECC_MT,optional_520_3,wind,0.0,0.0
WECC_MT,optional_520_4,wind,0.0,0.0
WECC_MT,optional_520_5,wind,0.0,0.0
WECC_MT,optional_521_0,wind,0.0,0.0
WECC_MT,optional_521_1,wind,0.0,0.0
WECC_MT,optional_521_2,wind,0.0,0.0
WECC_MT,optional_521_3,wind,0.0,0.0
WECC_MT,optional_521_4,wind,0.0,0.0
WECC_MT,optional_521_5,wind,0.0,0.0
WECC_MT,optional_522_0,wind,0.0,0.0
WECC_MT,optional_522_1,wind,0.0,0.0
WECC_MT,optional_522_2,wind,0.0,0.0
WECC_MT,optional_522_3,wind,0.0,0.0
WECC_MT,optional_522_4,wind,0.0,0.0
WECC_MT,optional_522_5,wind,0.0,0.0
WECC_MT,optional_523_0,wind,0.0,0.0
WECC_MT,optional_523_1,wind,0.0,0.0
WECC_MT,optional_523_2,wind,0.0,0.0
WECC_MT,optional_523_3,wind,0.0,0.0
WECC_MT,optional_523_4,wind,0.0,0.0
WECC_MT,optional_523_5,wind,0.0,0.0
WECC_MT,optional_524_0,wind,0.0,0.0
WECC_MT,optional_524_1,wind,0.0,0.0
WECC_MT,optional_524_2,wind,0.0,0.0
WECC_MT,optional_524_3,wind,0.0,0.0
WECC_MT,optional_524_4,wind,0.0,0.0
WECC_MT,optional_524_5,wind,0.0,0.0
WECC_MT,optional_827_0,solar,0.0,0.0
WECC_MT,optional_827_1,solar,0.0,0.0
WECC_MT,optional_827_2,solar,0.0,0.0
WECC_MT,optional_827_3,solar,0.0,0.0
WECC_MT,optional_828_0,solar,50638500000000.0,83727678.57142857
WECC_MT,optional_828_1,solar,101479554000000.0,167790267.85714287
WECC_MT,optional_828_2,solar,101479554000000.0,167790267.85714287
WECC_MT,optional_828_3,solar,103302540000000.0,170804464.2857143
WECC_MT,optional_828_4,solar,105328080000000.0,174153571.42857143
WECC_MT,optional_828_5,solar,0.0,0.0
WECC_NM,installed_282,oil,0.0,0.0
WECC_NM,installed_283,oil,0.0,0.0
WECC_NM,installed_284,non-fossil,665280000000.0,1100000.0
WECC_NM,installed_285,non-fossil,665280000000.0,1100000.0
WECC_NM,installed_3107,coal,134916265527537.88,223075835.8590243
WECC_NM,installed_3108,coal,77733499509133.77,128527611.622245
WECC_NM,installed_3109,oil,0.0,0.0
WECC_NM,installed_3110,natural gas,0.0,0.0
WECC_NM,installed_3114,oil,0.0,0.0
WECC_NM,installed_3115,oil,0.0,0.0
WECC_NM,installed_3116,oil,0.0,0.0
WECC_NM,installed_3117,coal,108881790949553.53,180029416.25256866
WECC_NM,installed_3118,coal,7668707435353.463,12679741.129883371
WECC_NM,installed_3132,natural gas,0.0,0.0
WECC_NM,installed_3133,hydro,48384000000.0,80000.0
WECC_NM,installed_4695,oil,0.0,0.0
WECC_NM,installed_4696,oil,0.0,0.0
WECC_NM,installed_4697,oil,0.0,0.0
WECC_NM,installed_4698,natural gas,0.0,0.0
WECC_NM,installed_4699,natural gas,510840000000.0,844642.8571428572
WECC_NM,installed_4700,natural gas,252000000000.0,416666.6666666667
WECC_NM,installed_4701,natural gas,0.0,0.0
WECC_NM,installed_4702,natural gas,259200000000.0,428571.4285714286
WECC_NM,installed_4703,natural gas,0.0,0.0
WECC_NM,installed_7791,natural gas,0.0,0.0
WECC_NM,installed_8144,natural gas,0.0,0.0
WECC_NM,installed_8145,natural gas,0.0,0.0
WECC_NM,installed_8480,natural gas,0.0,0.0
WECC_NM,installed_8481,natural gas,0.0,0.0
WECC_NM,installed_8482,natural gas,0.0,0.0
WECC_NM,installed_9065,natural gas,0.0,0.0
WECC_NM,installed_9187,natural gas,111600000000.0,184523.80952380953
WECC_NM,installed_9188,natural gas,97200000000.0,160714.2857142857
WECC_NM,installed_9322,wind,69624057600000.0,115119142.85714285
WECC_NM,installed_9676,wind,30716496000000.0,50787857.14285714
WECC_NM,installed_10929,wind,34129440000000.0,56430952.38095238
WECC_NM,installed_11402,solar,6017544000000.0,9949642.857142856
WECC_NM,installed_11540,solar,4011696000000.0,6633095.238095238
WECC_NM,installed_11575,wind,34948546560000.0,57785295.23809524
WECC_NM,installed_11845,solar,401169600000.0,663309.5238095238
WECC_NM,installed_11848,solar,1002924000000.0,1658273.8095238095
WECC_NM,installed_11849,solar,401169600000.0,663309.5238095238
WECC_NM,installed_11852,solar,1002924000000.0,1658273.8095238095
WECC_NM,installed_11853,solar,802339200000.0,1326619.0476190476
WECC_NM,installed_11854,solar,1002924000000.0,1658273.8095238095
WECC_NM,installed_11855,solar,982865520000.0,1625108.3333333333
WECC_NM,installed_11874,solar,1002924000000.0,1658273.8095238095
WECC_NM,installed_12363,wind,17201237760000.0,28441200.0
WECC_NM,installed_12398,solar,2727953280000.0,4510504.761904762
WECC_NM,installed_12399,solar,2266608240000.0,3747698.8095238097
WECC_NM,installed_12451,solar,842456160000.0,1392950.0
WECC_NM,installed_12452,solar,80233920000.0,132661.90476190476
WECC_NM,installed_12533,wind,101705731200000.0,168164238.0952381
WECC_NM,installed_12558,oil,0.0,0.0
WECC_NM,installed_12677,solar,260760240000.0,431151.1904761905
WECC_NM,installed_12703,solar,200584800000.0,331654.7619047619
WECC_NM,installed_12704,battery,241200000000.0,398809.5238095238
WECC_NM,installed_12705,battery,192960000000.0,319047.61904761905
WECC_NM,installed_12749,natural gas,0.0,0.0
WECC_NM,installed_12885,hydro,3628800000000.0,6000000.0
WECC_NM,installed_12886,hydro,3628800000000.0,6000000.0
WECC_NM,installed_13045,solar,1604678400000.0,2653238.095238095
WECC_NM,installed_13046,solar,1684912320000.0,2785900.0
WECC_NM,installed_13072,solar,200584800000.0,331654.7619047619
WECC_NM,installed_13107,natural gas,0.0,0.0
WECC_NM,installed_13108,natural gas,0.0,0.0
WECC_NM,installed_13109,natural gas,0.0,0.0
WECC_NM,installed_13110,natural gas,0.0,0.0
WECC_NM,installed_13137,solar,200584800000.0,331654.7619047619
WECC_NM,installed_13138,solar,200584800000.0,331654.7619047619
WECC_NM,installed_13179,geothermal,3870720000000.0,6400000.0
WECC_NM,installed_13180,geothermal,241920000000.0,400000.0
WECC_NM,installed_13181,geothermal,241920000000.0,400000.0
WECC_NM,installed_13182,geothermal,241920000000.0,400000.0
WECC_NM,installed_13245,solar,260760240000.0,431151.1904761905
WECC_NM,installed_13339,solar,300877200000.0,497482.14285714284
WECC_NM,installed_13472,solar,100292400000.0,165827.38095238095
WECC_NM,installed_13473,battery,198720000000.0,328571.4285714286
WECC_NM,installed_13597,solar,10470526560000.0,17312378.57142857
WECC_NM,installed_13644,wind,61432992000000.0,101575714.28571428
WECC_NM,installed_13867,solar,4894269120000.0,8092376.19047619
WECC_NM,installed_13999,solar,401169600000.0,663309.5238095238
WECC_NM,installed_14010,solar,2066023440000.0,3416044.0476190476
WECC_NM,installed_14170,solar,1223567280000.0,2023094.0476190476
WECC_NM,installed_14171,solar,160467840000.0,265323.8095238095
WECC_NM,installed_14218,solar,1805263200000.0,2984892.8571428573
WECC_NM,installed_14219,solar,1524444480000.0,2520576.1904761903
WECC_NM,installed_14259,solar,381111120000.0,630144.0476190476
WECC_NM,installed_14813,wind,62013192480000.0,102535040.47619048
WECC_NM,installed_14820,wind,48668581440000.0,80470538.09523809
WECC_NM,installed_14840,solar,1985789520000.0,3283382.1428571427
WECC_NM,installed_14841,solar,1865438640000.0,3084389.285714286
WECC_NM,installed_14842,solar,2106140400000.0,3482375.0
WECC_NM,installed_14843,solar,1985789520000.0,3283382.1428571427
WECC_NM,installed_14923,solar,5636432880000.0,9319498.80952381
WECC_NM,installed_14959,solar,601754400000.0,994964.2857142857
WECC_NM,installed_15004,solar,200584800000.0,331654.7619047619
WECC_NM,installed_15381,waste,2056320000000.0,3400000.0
WECC_NM,installed_15809,wind,136517760000000.0,225723809.52380952
WECC_NM,installed_15884,solar,381111120000.0,630144.0476190476
WECC_NM,installed_16352,hydro,2249856000000.0,3720000.0
WECC_NM,installed_16353,hydro,2249856000000.0,3720000.0
WECC_NM,installed_16354,hydro,2249856000000.0,3720000.0
WECC_NM,installed_17322,hydro,1935360000000.0,3200000.0
WECC_NM,installed_17470,hydro,1669248000000.0,2760000.0
WECC_NM,installed_17471,hydro,1669248000000.0,2760000.0
WECC_NM,installed_17472,hydro,725760000000.0,1200000.0
WECC_NM,installed_17859,natural gas,0.0,0.0
WECC_NM,installed_17860,natural gas,0.0,0.0
WECC_NM,installed_17891,natural gas,0.0,0.0
WECC_NM,installed_17892,natural gas,0.0,0.0
WECC_NM,installed_17893,natural gas,0.0,0.0
WECC_NM,installed_17894,natural gas,112831732839.50618,186560.4048272258
WECC_NM,installed_18238,coal,0.0,0.0
WECC_NM,installed_18293,natural gas,0.0,0.0
WECC_NM,installed_18752,geothermal,4233600000000.0,7000000.0
WECC_NM,optional_525_0,wind,213991588800000.0,353822071.4285714
WECC_NM,optional_526_0,wind,0.0,0.0
WECC_NM,optional_526_1,wind,0.0,0.0
WECC_NM,optional_526_2,wind,0.0,0.0
WECC_NM,optional_526_3,wind,0.0,0.0
WECC_NM,optional_527_0,wind,0.0,0.0
WECC_NM,optional_527_1,wind,0.0,0.0
WECC_NM,optional_527_2,wind,0.0,0.0
WECC_NM,optional_528_0,wind,0.0,0.0
WECC_NM,optional_528_1,wind,0.0,0.0
WECC_NM,optional_528_2,wind,0.0,0.0
WECC_NM,optional_528_3,wind,0.0,0.0
WECC_NM,optional_528_4,wind,0.0,0.0
WECC_NM,optional_528_5,wind,0.0,0.0
WECC_NM,optional_529_0,wind,0.0,0.0
WECC_NM,optional_529_1,wind,0.0,0.0
WECC_NM,optional_529_2,wind,0.0,0.0
WECC_NM,optional_529_3,wind,0.0,0.0
WECC_NM,optional_529_4,wind,0.0,0.0
WECC_NM,optional_529_5,wind,0.0,0.0
WECC_NM,optional_530_0,wind,0.0,0.0
WECC_NM,optional_530_1,wind,0.0,0.0
WECC_NM,optional_530_2,wind,0.0,0.0
WECC_NM,optional_530_3,wind,0.0,0.0
WECC_NM,optional_530_4,wind,0.0,0.0
WECC_NM,optional_530_5,wind,0.0,0.0
WECC_NM,optional_531_0,wind,0.0,0.0
WECC_NM,optional_531_1,wind,0.0,0.0
WECC_NM,optional_531_2,wind,0.0,0.0
WECC_NM,optional_531_3,wind,0.0,0.0
WECC_NM,optional_531_4,wind,0.0,0.0
WECC_NM,optional_531_5,wind,0.0,0.0
WECC_NM,optional_532_0,wind,0.0,0.0
WECC_NM,optional_532_1,wind,0.0,0.0
WECC_NM,optional_532_2,wind,0.0,0.0
WECC_NM,optional_532_3,wind,0.0,0.0
WECC_NM,optional_532_4,wind,0.0,0.0
WECC_NM,optional_532_5,wind,0.0,0.0
WECC_NM,optional_533_0,wind,16382131200000.0,27086857.14285714
WECC_NM,optional_534_0,wind,0.0,0.0
WECC_NM,optional_535_0,wind,0.0,0.0
WECC_NM,optional_536_0,wind,0.0,0.0
WECC_NM,optional_537_0,wind,0.0,0.0
WECC_NM,optional_537_1,wind,0.0,0.0
WECC_NM,optional_538_0,wind,0.0,0.0
WECC_NM,optional_538_1,wind,0.0,0.0
WECC_NM,optional_538_2,wind,0.0,0.0
WECC_NM,optional_538_3,wind,0.0,0.0
WECC_NM,optional_538_4,wind,0.0,0.0
WECC_NM,optional_538_5,wind,0.0,0.0
WECC_NM,optional_539_0,wind,0.0,0.0
WECC_NM,optional_539_1,wind,0.0,0.0
WECC_NM,optional_539_2,wind,0.0,0.0
WECC_NM,optional_539_3,wind,0.0,0.0
WECC_NM,optional_539_4,wind,0.0,0.0
WECC_NM,optional_539_5,wind,0.0,0.0
WECC_NM,optional_540_0,wind,0.0,0.0
WECC_NM,optional_540_1,wind,0.0,0.0
WECC_NM,optional_540_2,wind,0.0,0.0
WECC_NM,optional_540_3,wind,0.0,0.0
WECC_NM,optional_540_4,wind,0.0,0.0
WECC_NM,optional_540_5,wind,0.0,0.0
WECC_NM,optional_829_0,solar,175712284800000.0,290529571.4285714
WECC_NM,optional_829_1,solar,11498104055308.64,19011415.435364816
WECC_NM,optional_829_2,solar,0.0,0.0
WECC_NM,optional_829_3,solar,0.0,0.0
WECC_NM,optional_829_4,solar,0.0,0.0
WECC_NM,optional_829_5,solar,0.0,0.0
WECC_NM,optional_830_0,solar,0.0,0.0
WECC_NM,optional_830_1,solar,0.0,0.0
WECC_NM,optional_830_2,solar,0.0,0.0
WECC_NM,optional_830_3,solar,0.0,0.0
WECC_NM,optional_830_4,solar,0.0,0.0
WECC_NM,optional_830_5,solar,0.0,0.0
WECC_NM,optional_831_0,solar,0.0,0.0
WECC_NM,optional_831_1,solar,0.0,0.0
WECC_NM,optional_831_2,solar,0.0,0.0
WECC_NM,optional_831_3,solar,0.0,0.0
WECC_NM,optional_831_4,solar,0.0,0.0
WECC_NM,optional_831_5,solar,0.0,0.0
WECC_NM,optional_832_0,solar,0.0,0.0
WECC_NM,optional_832_1,solar,0.0,0.0
WECC_NM,optional_832_2,solar,0.0,0.0
WECC_NM,optional_832_3,solar,0.0,0.0
WECC_NM,optional_832_4,solar,0.0,0.0
WECC_NM,optional_832_5,solar,0.0,0.0
WECC_NM,optional_833_0,solar,0.0,0.0
WECC_NM,optional_833_1,solar,0.0,0.0
WECC_NM,optional_833_2,solar,0.0,0.0
WECC_NM,optional_833_3,solar,0.0,0.0
WECC_NM,optional_833_4,solar,0.0,0.0
WECC_NM,optional_833_5,solar,0.0,0.0
WECC_NM,optional_834_0,solar,0.0,0.0
WECC_NM,optional_834_1,solar,0.0,0.0
WECC_NM,optional_834_2,solar,0.0,0.0
WECC_NM,optional_834_3,solar,0.0,0.0
WECC_NM,optional_834_4,solar,0.0,0.0
WECC_NM,optional_834_5,solar,0.0,0.0
WECC_NNV,installed_45,geothermal,6048000000000.0,10000000.0
WECC_NNV,installed_46,geothermal,4536000000000.0,7500000.0
WECC_NNV,installed_252,geothermal,6371092627200.0,10534214.0
WECC_NNV,installed_253,geothermal,352452413980.80005,582758.621
WECC_NNV,installed_2978,oil,0.0,0.0
WECC_NNV,installed_2979,oil,0.0,0.0
WECC_NNV,installed_2980,oil,0.0,0.0
WECC_NNV,installed_2981,natural gas,0.0,0.0
WECC_NNV,installed_2982,natural gas,17365449459516.799,28712714.05343386
WECC_NNV,installed_2983,natural gas,20057342400086.402,33163595.238238096
WECC_NNV,installed_2984,natural gas,0.0,0.0
WECC_NNV,installed_2985,natural gas,0.0,0.0
WECC_NNV,installed_2986,natural gas,0.0,0.0
WECC_NNV,installed_2987,natural gas,0.0,0.0
WECC_NNV,installed_6082,hydro,919296000000.0,1520000.0
WECC_NNV,installed_6453,geothermal,2737578863779.199,4526420.078999999
WECC_NNV,installed_6454,geothermal,1270080000000.0,2100000.0
WECC_NNV,installed_6541,solar,3753227520000.0,6205733.333333333
WECC_NNV,installed_6542,geothermal,6108480000000.0,10100000.0
WECC_NNV,installed_6543,geothermal,6108480000000.0,10100000.0
WECC_NNV,installed_6544,geothermal,6108480000000.0,10100000.0
WECC_NNV,installed_6545,geothermal,6108480000000.0,10100000.0
WECC_NNV,installed_6752,geothermal,27873530250047.996,46087186.26
WECC_NNV,installed_6825,geothermal,447967450425.6001,740686.9220000001
WECC_NNV,installed_6855,geothermal,398193289200.0,658388.375
WECC_NNV,installed_6856,geothermal,447967450425.6001,740686.9220000001
WECC_NNV,installed_6857,geothermal,447967450425.6001,740686.9220000001
WECC_NNV,installed_6858,geothermal,547515772876.8001,905284.0160000002
WECC_NNV,installed_6859,geothermal,597289934102.4001,987582.5630000003
WECC_NNV,installed_6860,geothermal,597289934102.4001,987582.5630000003
WECC_NNV,installed_6861,geothermal,647064095328.0,1069881.1099999999
WECC_NNV,installed_6862,geothermal,647064095328.0,1069881.1099999999
WECC_NNV,installed_6863,geothermal,647064095328.0,1069881.1099999999
WECC_NNV,installed_6864,geothermal,647064095328.0,1069881.1099999999
WECC_NNV,installed_7353,geothermal,2687804702553.599,4444121.531999998
WECC_NNV,installed_7354,geothermal,2687804702553.599,4444121.531999998
WECC_NNV,installed_7355,geothermal,2687804702553.599,4444121.531999998
WECC_NNV,installed_7356,geothermal,2687804702553.599,4444121.531999998
WECC_NNV,installed_9198,geothermal,199096644902.40002,329194.188
WECC_NNV,installed_9199,geothermal,199096644902.40002,329194.188
WECC_NNV,installed_9200,geothermal,49774161225.600006,82298.547
WECC_NNV,installed_9201,geothermal,108446896656.0,179310.345
WECC_NNV,installed_9202,geothermal,108446896656.0,179310.345
WECC_NNV,installed_9203,geothermal,108446896656.0,179310.345
WECC_NNV,installed_9204,geothermal,108446896656.0,179310.345
WECC_NNV,installed_9213,geothermal,2737578863779.199,4526420.078999999
WECC_NNV,installed_9214,geothermal,3733062087081.5996,6172391.016999999
WECC_NNV,installed_9215,geothermal,3733062087081.5996,6172391.016999999
WECC_NNV,installed_9216,geothermal,3135772152979.199,5184808.453999999
WECC_NNV,installed_9491,coal,14696655350655.535,24300025.38137489
WECC_NNV,installed_9650,geothermal,3882384570758.4004,6419286.658000001
WECC_NNV,installed_9651,geothermal,3882384570758.4004,6419286.658000001
WECC_NNV,installed_9916,natural gas,0.0,0.0
WECC_NNV,installed_9917,natural gas,2067035291740.4702,3417717.082904217
WECC_NNV,installed_9918,natural gas,0.0,0.0
WECC_NNV,installed_9919,natural gas,0.0,0.0
WECC_NNV,installed_9920,natural gas,1469626937864.8354,2429938.7200146085
WECC_NNV,installed_9921,natural gas,0.0,0.0
WECC_NNV,installed_9922,natural gas,0.0,0.0
WECC_NNV,installed_9923,natural gas,0.0,0.0
WECC_NNV,installed_9924,natural gas,0.0,0.0
WECC_NNV,installed_9925,natural gas,0.0,0.0
WECC_NNV,installed_9926,natural gas,0.0,0.0
WECC_NNV,installed_9927,natural gas,0.0,0.0
WECC_NNV,installed_9928,natural gas,0.0,0.0
WECC_NNV,installed_9929,natural gas,0.0,0.0
WECC_NNV,installed_9930,solar,172166400000.0,284666.6666666667
WECC_NNV,installed_10055,geothermal,5564160000000.0,9200000.0
WECC_NNV,installed_10056,geothermal,4777920000000.0,7900000.0
WECC_NNV,installed_11001,geothermal,7862400000000.0,13000000.0
WECC_NNV,installed_11002,geothermal,7862400000000.0,13000000.0
WECC_NNV,installed_11003,geothermal,7862400000000.0,13000000.0
WECC_NNV,installed_11247,waste,967680000000.0,1600000.0
WECC_NNV,installed_11248,waste,967680000000.0,1600000.0
WECC_NNV,installed_11297,wind,42956460000000.0,71025892.85714285
WECC_NNV,installed_11322,geothermal,6108480000000.0,10100000.0
WECC_NNV,installed_11323,geothermal,6108480000000.0,10100000.0
WECC_NNV,installed_11465,solar,18938304000000.0,31313333.333333332
WECC_NNV,installed_11598,geothermal,5140800000000.0,8500000.0
WECC_NNV,installed_11599,geothermal,2419200000000.0,4000000.0
WECC_NNV,installed_11702,geothermal,7257600000000.0,12000000.0
WECC_NNV,installed_11703,geothermal,7257600000000.0,12000000.0
WECC_NNV,installed_11704,geothermal,3628800000000.0,6000000.0
WECC_NNV,installed_11705,geothermal,7257600000000.0,12000000.0
WECC_NNV,installed_11706,geothermal,7257600000000.0,12000000.0
WECC_NNV,installed_11707,geothermal,3628800000000.0,6000000.0
WECC_NNV,installed_11712,geothermal,5443200000000.0,9000000.0
WECC_NNV,installed_11713,geothermal,5443200000000.0,9000000.0
WECC_NNV,installed_11715,geothermal,3507840000000.0,5800000.0
WECC_NNV,installed_11995,oil,0.0,0.0
WECC_NNV,installed_12790,geothermal,6048000000000.0,10000000.0
WECC_NNV,installed_12791,geothermal,6048000000000.0,10000000.0
WECC_NNV,installed_12792,geothermal,6048000000000.0,10000000.0
WECC_NNV,installed_13064,geothermal,6955200000000.0,11500000.0
WECC_NNV,installed_14090,solar,3426111360000.0,5664866.666666667
WECC_NNV,installed_15087,geothermal,9797760000000.0,16200000.0
WECC_NNV,installed_15828,solar,8608320000000.0,14233333.333333334
WECC_NNV,installed_16495,hydro,604800000000.0,1000000.0
WECC_NNV,installed_16507,oil,0.0,0.0
WECC_NNV,installed_16508,oil,0.0,0.0
WECC_NNV,installed_16509,oil,0.0,0.0
WECC_NNV,installed_16510,oil,0.0,0.0
WECC_NNV,installed_16511,oil,0.0,0.0
WECC_NNV,installed_16512,oil,0.0,0.0
WECC_NNV,installed_16519,hydro,145152000000.0,240000.0
WECC_NNV,installed_16520,hydro,145152000000.0,240000.0
WECC_NNV,installed_16521,hydro,145152000000.0,240000.0
WECC_NNV,installed_16530,hydro,508032000000.0,840000.0
WECC_NNV,installed_16531,hydro,217728000000.0,360000.0
WECC_NNV,installed_16532,hydro,217728000000.0,360000.0
WECC_NNV,installed_18157,coal,0.0,0.0
WECC_NNV,installed_18158,coal,0.0,0.0
WECC_NNV,installed_18737,geothermal,52315200000000.0,86500000.0
WECC_NNV,installed_18738,solar,1824963840000.0,3017466.6666666665
WECC_NNV,optional_541_0,wind,0.0,0.0
WECC_NNV,optional_542_0,wind,847908000000.0,1401964.2857142857
WECC_NNV,optional_543_0,wind,0.0,0.0
WECC_NNV,optional_544_0,wind,0.0,0.0
WECC_NNV,optional_545_0,wind,83533773600000.0,138118011.9047619
WECC_NNV,optional_546_0,wind,0.0,0.0
WECC_NNV,optional_546_1,wind,0.0,0.0
WECC_NNV,optional_546_2,wind,0.0,0.0
WECC_NNV,optional_546_3,wind,0.0,0.0
WECC_NNV,optional_546_4,wind,0.0,0.0
WECC_NNV,optional_546_5,wind,0.0,0.0
WECC_NNV,optional_547_0,wind,0.0,0.0
WECC_NNV,optional_547_1,wind,0.0,0.0
WECC_NNV,optional_547_2,wind,0.0,0.0
WECC_NNV,optional_547_3,wind,0.0,0.0
WECC_NNV,optional_547_4,wind,0.0,0.0
WECC_NNV,optional_547_5,wind,0.0,0.0
WECC_NNV,optional_548_0,wind,0.0,0.0
WECC_NNV,optional_548_1,wind,0.0,0.0
WECC_NNV,optional_548_2,wind,0.0,0.0
WECC_NNV,optional_548_3,wind,0.0,0.0
WECC_NNV,optional_548_4,wind,0.0,0.0
WECC_NNV,optional_548_5,wind,0.0,0.0
WECC_NNV,optional_835_0,solar,0.0,0.0
WECC_NNV,optional_835_1,solar,0.0,0.0
WECC_NNV,optional_835_2,solar,0.0,0.0
WECC_NNV,optional_835_3,solar,0.0,0.0
WECC_NNV,optional_835_4,solar,0.0,0.0
WECC_NNV,optional_835_5,solar,0.0,0.0
WECC_NNV,optional_836_0,solar,0.0,0.0
WECC_NNV,optional_836_1,solar,0.0,0.0
WECC_NNV,optional_836_2,solar,0.0,0.0
WECC_NNV,optional_836_3,solar,0.0,0.0
WECC_NNV,optional_836_4,solar,0.0,0.0
WECC_NNV,optional_836_5,solar,0.0,0.0
WECC_NNV,optional_837_0,solar,0.0,0.0
WECC_NNV,optional_837_1,solar,0.0,0.0
WECC_NNV,optional_837_2,solar,0.0,0.0
WECC_NNV,optional_837_3,solar,0.0,0.0
WECC_NNV,optional_837_4,solar,0.0,0.0
WECC_NNV,optional_838_0,solar,0.0,0.0
WECC_NNV,optional_838_1,solar,0.0,0.0
WECC_NNV,optional_838_2,solar,0.0,0.0
WECC_NNV,optional_838_3,solar,0.0,0.0
WECC_NNV,optional_838_4,solar,0.0,0.0
WECC_NNV,optional_838_5,solar,0.0,0.0
WECC_PNW,installed_272,hydro,241920000000.0,400000.0
WECC_PNW,installed_273,hydro,72389095752.96,119690.9652
WECC_PNW,installed_590,hydro,241296986085.11996,398969.8844
WECC_PNW,installed_722,biomass,1179360000000.0,1950000.0
WECC_PNW,installed_723,biomass,1244880000000.0,2058333.3333333333
WECC_PNW,installed_3846,hydro,3386880000000.0,5600000.0
WECC_PNW,installed_3847,hydro,3386880000000.0,5600000.0
WECC_PNW,installed_3857,hydro,4112640000000.0,6800000.0
WECC_PNW,installed_3858,hydro,4112640000000.0,6800000.0
WECC_PNW,installed_3880,hydro,96768000000.0,160000.0
WECC_PNW,installed_3881,hydro,96768000000.0,160000.0
WECC_PNW,installed_3882,hydro,266112000000.0,440000.0
WECC_PNW,installed_3902,hydro,4548096000000.0,7520000.0
WECC_PNW,installed_3990,hydro,35181100579968.004,58169809.160000004
WECC_PNW,installed_3991,hydro,36194547924863.99,59845482.679999985
WECC_PNW,installed_3992,hydro,36001510328448.0,59526306.760000005
WECC_PNW,installed_3993,hydro,13343723330918.404,22063034.608000007
WECC_PNW,installed_3994,hydro,13223074836787.203,21863549.664000005
WECC_PNW,installed_3995,hydro,13247204535129.602,21903446.652000003
WECC_PNW,installed_3996,hydro,13223074836787.203,21863549.664000005
WECC_PNW,installed_3997,hydro,4319216051673.6006,7141560.932000001
WECC_PNW,installed_3998,hydro,7480206568396.802,12368066.416000003
WECC_PNW,installed_3999,hydro,675631561086.7201,1117115.6764000002
WECC_PNW,installed_4000,hydro,723890958255.3602,1196909.6532000003
WECC_PNW,installed_4001,hydro,2509488654220.801,4149286.796000001
WECC_PNW,installed_4002,hydro,12161368100044.799,20108082.176
WECC_PNW,installed_4003,hydro,11485736536780.797,18990966.495999996
WECC_PNW,installed_4004,hydro,7721503554239.999,12767036.299999997
WECC_PNW,installed_4005,hydro,1109966136088.32,1835261.4684000001
WECC_PNW,installed_4006,hydro,4343345750016.0,7181457.92
WECC_PNW,installed_4007,hydro,4343345750016.0,7181457.92
WECC_PNW,installed_4008,hydro,1857986792928.0,3072068.1100000003
WECC_PNW,installed_4009,hydro,217167287500.80005,359072.89600000007
WECC_PNW,installed_4010,hydro,4343345750016.0,7181457.92
WECC_PNW,installed_4011,hydro,2799045039167.9995,4628050.659999999
WECC_PNW,installed_4012,hydro,3619454792486.4,5984548.267999999
WECC_PNW,installed_4013,hydro,3619454792486.4,5984548.267999999
WECC_PNW,installed_4014,hydro,3619454792486.4,5984548.267999999
WECC_PNW,installed_4015,hydro,265426684669.44,438866.8728
WECC_PNW,installed_4016,hydro,941058245756.1602,1555982.5492000002
WECC_PNW,installed_4017,hydro,941058245756.1602,1555982.5492000002
WECC_PNW,installed_4018,hydro,820409752592.6403,1356497.6068000004
WECC_PNW,installed_4019,hydro,1351263122173.4402,2234231.3528000005
WECC_PNW,installed_4020,hydro,1230614629009.9197,2034746.4103999997
WECC_PNW,installed_4021,hydro,5766997966732.8,9535380.236
WECC_PNW,installed_4022,hydro,6515018625024.0,10772186.879999999
WECC_PNW,installed_4023,hydro,7480206568396.802,12368066.416000003
WECC_PNW,installed_4024,hydro,9169285471718.404,15160855.608000007
WECC_PNW,installed_4025,hydro,8686691500032.0,14362915.84
WECC_PNW,installed_4026,hydro,8686691500032.0,14362915.84
WECC_PNW,installed_4027,hydro,1037577040093.4403,1715570.5028000006
WECC_PNW,installed_4028,hydro,1037577040093.4403,1715570.5028000006
WECC_PNW,installed_4029,hydro,1037577040093.4403,1715570.5028000006
WECC_PNW,installed_4030,hydro,1254744327594.2402,2074643.3988
WECC_PNW,installed_4031,hydro,1592560108258.5598,2633201.2372
WECC_PNW,installed_4032,hydro,26542668466943.996,43886687.279999994
WECC_PNW,installed_4033,hydro,29317583812608.008,48474840.960000016
WECC_PNW,installed_4034,hydro,29317583812608.008,48474840.960000016
WECC_PNW,installed_4035,hydro,337815780422.3999,558557.8379999999
WECC_PNW,installed_4036,hydro,361945479248.64,598454.8268
WECC_PNW,installed_4037,hydro,337815780422.3999,558557.8379999999
WECC_PNW,installed_4038,hydro,337815780422.3999,558557.8379999999
WECC_PNW,installed_4039,hydro,289556383253.76,478763.86120000004
WECC_PNW,installed_4040,hydro,361945479248.64,598454.8268
WECC_PNW,installed_4041,hydro,361945479248.64,598454.8268
WECC_PNW,installed_4042,hydro,361945479248.64,598454.8268
WECC_PNW,installed_4043,hydro,361945479248.64,598454.8268
WECC_PNW,installed_4044,hydro,361945479248.64,598454.8268
WECC_PNW,installed_4045,hydro,361945479248.64,598454.8268
WECC_PNW,installed_4046,hydro,337815780422.3999,558557.8379999999
WECC_PNW,installed_4047,hydro,241296986085.11996,398969.8844
WECC_PNW,installed_4048,hydro,12064849304256.0,19948494.22
WECC_PNW,installed_4049,hydro,12064849304256.0,19948494.22
WECC_PNW,installed_4050,hydro,916928547171.8402,1516085.5608000003
WECC_PNW,installed_4051,hydro,965187944340.4799,1595879.5376
WECC_PNW,installed_4052,hydro,965187944340.4799,1595879.5376
WECC_PNW,installed_4053,hydro,1809727395759.3604,2992274.1332000005
WECC_PNW,installed_4054,hydro,5067236707545.599,8378367.571999999
WECC_PNW,installed_4055,hydro,12909388755916.797,21344888.815999996
WECC_PNW,installed_4056,hydro,13030037247628.8,21544373.756
WECC_PNW,installed_4057,hydro,16046249574297.602,26531497.312000003
WECC_PNW,installed_4058,hydro,16046249574297.602,26531497.312000003
WECC_PNW,installed_4059,hydro,16046249574297.602,26531497.312000003
WECC_PNW,installed_4060,hydro,16046249574297.602,26531497.312000003
WECC_PNW,installed_4061,hydro,16046249574297.602,26531497.312000003
WECC_PNW,installed_4062,hydro,16046249574297.602,26531497.312000003
WECC_PNW,installed_4063,hydro,16046249574297.602,26531497.312000003
WECC_PNW,installed_4064,hydro,16046249574297.602,26531497.312000003
WECC_PNW,installed_4065,hydro,12909388755916.797,21344888.815999996
WECC_PNW,installed_4066,hydro,14984542835135.998,24776029.819999997
WECC_PNW,installed_4067,hydro,14984542835135.998,24776029.819999997
WECC_PNW,installed_4068,hydro,14984542835135.998,24776029.819999997
WECC_PNW,installed_4069,hydro,14984542835135.998,24776029.819999997
WECC_PNW,installed_4070,hydro,14984542835135.998,24776029.819999997
WECC_PNW,installed_4071,hydro,14984542835135.998,24776029.819999997
WECC_PNW,installed_4072,hydro,14984542835135.998,24776029.819999997
WECC_PNW,installed_4073,hydro,3160990516723.1997,5226505.483999999
WECC_PNW,installed_4074,hydro,3160990516723.1997,5226505.483999999
WECC_PNW,installed_4075,hydro,3136860818380.8003,5186608.496
WECC_PNW,installed_4076,hydro,3136860818380.8003,5186608.496
WECC_PNW,installed_4077,hydro,12064849304256.0,19948494.22
WECC_PNW,installed_4078,hydro,12064849304256.0,19948494.22
WECC_PNW,installed_4079,hydro,4102048764172.7993,6782488.035999999
WECC_PNW,installed_4080,hydro,9651879443404.799,15958795.375999998
WECC_PNW,installed_4081,hydro,9651879443404.799,15958795.375999998
WECC_PNW,installed_4082,hydro,3619454792486.4,5984548.267999999
WECC_PNW,installed_4083,hydro,3619454792486.4,5984548.267999999
WECC_PNW,installed_4084,hydro,32575093125119.99,53860934.39999998
WECC_PNW,installed_4085,hydro,32575093125119.99,53860934.39999998
WECC_PNW,installed_4086,hydro,32575093125119.99,53860934.39999998
WECC_PNW,installed_4087,hydro,32575093125119.99,53860934.39999998
WECC_PNW,installed_4088,hydro,32575093125119.99,53860934.39999998
WECC_PNW,installed_4089,hydro,32575093125119.99,53860934.39999998
WECC_PNW,installed_4090,hydro,32575093125119.99,53860934.39999998
WECC_PNW,installed_4091,hydro,32575093125119.99,53860934.39999998
WECC_PNW,installed_4092,hydro,32575093125119.99,53860934.39999998
WECC_PNW,installed_4093,hydro,32575093125119.99,53860934.39999998
WECC_PNW,installed_4094,hydro,32575093125119.99,53860934.39999998
WECC_PNW,installed_4095,hydro,32575093125119.99,53860934.39999998
WECC_PNW,installed_4096,hydro,32575093125119.99,53860934.39999998
WECC_PNW,installed_4097,hydro,32575093125119.99,53860934.39999998
WECC_PNW,installed_4098,hydro,32575093125119.99,53860934.39999998
WECC_PNW,installed_4099,hydro,32575093125119.99,53860934.39999998
WECC_PNW,installed_4100,hydro,9651879443404.799,15958795.375999998
WECC_PNW,installed_4101,hydro,9651879443404.799,15958795.375999998
WECC_PNW,installed_4102,hydro,9651879443404.799,15958795.375999998
WECC_PNW,installed_4103,hydro,16890789025958.398,27927891.908
WECC_PNW,installed_4104,hydro,16890789025958.398,27927891.908
WECC_PNW,installed_4105,hydro,16890789025958.398,27927891.908
WECC_PNW,installed_4106,hydro,16890789025958.398,27927891.908
WECC_PNW,installed_4107,hydro,16890789025958.398,27927891.908
WECC_PNW,installed_4108,hydro,19424407380940.797,32117075.696
WECC_PNW,installed_4109,hydro,16890789025958.398,27927891.908
WECC_PNW,installed_4110,hydro,16890789025958.398,27927891.908
WECC_PNW,installed_4111,hydro,16890789025958.398,27927891.908
WECC_PNW,installed_4112,hydro,16890789025958.398,27927891.908
WECC_PNW,installed_4113,hydro,16890789025958.398,27927891.908
WECC_PNW,installed_4114,hydro,16890789025958.398,27927891.908
WECC_PNW,installed_4115,hydro,16890789025958.398,27927891.908
WECC_PNW,installed_4116,hydro,16890789025958.398,27927891.908
WECC_PNW,installed_4959,nuclear,713664000000000.0,1180000000.0
WECC_PNW,installed_5134,coal,143159119217587.53,236704892.88622278
WECC_PNW,installed_5135,hydro,12096000000000.0,20000000.0
WECC_PNW,installed_5136,hydro,12096000000000.0,20000000.0
WECC_PNW,installed_5137,hydro,12096000000000.0,20000000.0
WECC_PNW,installed_5138,hydro,241920000000.0,400000.0
WECC_PNW,installed_5141,hydro,21264768000000.0,35160000.0
WECC_PNW,installed_5142,hydro,21264768000000.0,35160000.0
WECC_PNW,installed_5143,hydro,21264768000000.0,35160000.0
WECC_PNW,installed_5144,hydro,19789056000000.0,32720000.0
WECC_PNW,installed_5145,hydro,19789056000000.0,32720000.0
WECC_PNW,installed_5146,oil,0.0,0.0
WECC_PNW,installed_5147,hydro,1378944000000.0,2280000.0
WECC_PNW,installed_5148,hydro,1427328000000.0,2360000.0
WECC_PNW,installed_5149,hydro,1524096000000.0,2520000.0
WECC_PNW,installed_5150,hydro,1911168000000.0,3160000.0
WECC_PNW,installed_5151,hydro,19547136000000.0,32320000.0
WECC_PNW,installed_5152,hydro,7354368000000.0,12160000.0
WECC_PNW,installed_5155,hydro,1354752000000.0,2240000.0
WECC_PNW,installed_5156,hydro,12700800000000.0,21000000.0
WECC_PNW,installed_5157,hydro,12700800000000.0,21000000.0
WECC_PNW,installed_5158,hydro,2298240000000.0,3800000.0
WECC_PNW,installed_5159,hydro,2298240000000.0,3800000.0
WECC_PNW,installed_5160,hydro,2298240000000.0,3800000.0
WECC_PNW,installed_5161,hydro,2298240000000.0,3800000.0
WECC_PNW,installed_5162,hydro,5419008000000.0,8960000.0
WECC_PNW,installed_5163,hydro,5443200000000.0,9000000.0
WECC_PNW,installed_5164,hydro,5443200000000.0,9000000.0
WECC_PNW,installed_5165,hydro,5346432000000.0,8840000.0
WECC_PNW,installed_5166,hydro,217728000000.0,360000.0
WECC_PNW,installed_5167,hydro,72576000000.0,120000.0
WECC_PNW,installed_5168,hydro,2128896000000.0,3520000.0
WECC_PNW,installed_5169,hydro,2128896000000.0,3520000.0
WECC_PNW,installed_5170,hydro,1935360000000.0,3200000.0
WECC_PNW,installed_5171,hydro,1935360000000.0,3200000.0
WECC_PNW,installed_5174,hydro,653184000000.0,1080000.0
WECC_PNW,installed_5175,hydro,653184000000.0,1080000.0
WECC_PNW,installed_5176,hydro,1451520000000.0,2400000.0
WECC_PNW,installed_5179,hydro,25377408000000.0,41960000.0
WECC_PNW,installed_5180,hydro,31425408000000.0,51960000.0
WECC_PNW,installed_5181,hydro,31425408000000.0,51960000.0
WECC_PNW,installed_5182,hydro,25377408000000.0,41960000.0
WECC_PNW,installed_5183,hydro,25377408000000.0,41960000.0
WECC_PNW,installed_5184,hydro,25377408000000.0,41960000.0
WECC_PNW,installed_5185,hydro,25377408000000.0,41960000.0
WECC_PNW,installed_5186,hydro,25377408000000.0,41960000.0
WECC_PNW,installed_5187,hydro,25377408000000.0,41960000.0
WECC_PNW,installed_5188,hydro,31425408000000.0,51960000.0
WECC_PNW,installed_5189,hydro,31425408000000.0,51960000.0
WECC_PNW,installed_5190,hydro,20321280000000.0,33600000.0
WECC_PNW,installed_5191,hydro,20321280000000.0,33600000.0
WECC_PNW,installed_5192,hydro,20321280000000.0,33600000.0
WECC_PNW,installed_5193,hydro,20321280000000.0,33600000.0
WECC_PNW,installed_5194,hydro,20321280000000.0,33600000.0
WECC_PNW,installed_5195,hydro,20321280000000.0,33600000.0
WECC_PNW,installed_5196,hydro,20321280000000.0,33600000.0
WECC_PNW,installed_5197,hydro,20321280000000.0,33600000.0
WECC_PNW,installed_5198,hydro,20321280000000.0,33600000.0
WECC_PNW,installed_5199,hydro,20321280000000.0,33600000.0
WECC_PNW,installed_5200,hydro,22982400000000.0,38000000.0
WECC_PNW,installed_5201,hydro,22982400000000.0,38000000.0
WECC_PNW,installed_5202,hydro,23659776000000.0,39120000.0
WECC_PNW,installed_5203,hydro,22982400000000.0,38000000.0
WECC_PNW,installed_5204,hydro,22982400000000.0,38000000.0
WECC_PNW,installed_5205,hydro,22982400000000.0,38000000.0
WECC_PNW,installed_5206,hydro,22982400000000.0,38000000.0
WECC_PNW,installed_5207,hydro,22982400000000.0,38000000.0
WECC_PNW,installed_5208,hydro,22982400000000.0,38000000.0
WECC_PNW,installed_5209,hydro,23659776000000.0,39120000.0
WECC_PNW,installed_5210,hydro,29514240000000.0,48800000.0
WECC_PNW,installed_5211,hydro,29514240000000.0,48800000.0
WECC_PNW,installed_5212,hydro,29514240000000.0,48800000.0
WECC_PNW,installed_5213,hydro,29514240000000.0,48800000.0
WECC_PNW,installed_5214,hydro,29514240000000.0,48800000.0
WECC_PNW,installed_5215,hydro,29514240000000.0,48800000.0
WECC_PNW,installed_5216,hydro,29514240000000.0,48800000.0
WECC_PNW,installed_5217,hydro,29514240000000.0,48800000.0
WECC_PNW,installed_5218,hydro,29514240000000.0,48800000.0
WECC_PNW,installed_5219,hydro,29514240000000.0,48800000.0
WECC_PNW,installed_5227,hydro,5443200000000.0,9000000.0
WECC_PNW,installed_5228,hydro,5443200000000.0,9000000.0
WECC_PNW,installed_5229,hydro,5443200000000.0,9000000.0
WECC_PNW,installed_5230,hydro,5443200000000.0,9000000.0
WECC_PNW,installed_5231,hydro,18821164915123.195,31119650.98399999
WECC_PNW,installed_5232,hydro,18821164915123.195,31119650.98399999
WECC_PNW,installed_5233,hydro,18821164915123.195,31119650.98399999
WECC_PNW,installed_5234,hydro,18821164915123.195,31119650.98399999
WECC_PNW,installed_5235,hydro,18821164915123.195,31119650.98399999
WECC_PNW,installed_5236,hydro,18821164915123.195,31119650.98399999
WECC_PNW,installed_5237,hydro,20751540804288.0,34311410.06
WECC_PNW,installed_5238,hydro,20751540804288.0,34311410.06
WECC_PNW,installed_5239,hydro,20751540804288.0,34311410.06
WECC_PNW,installed_5240,hydro,20751540804288.0,34311410.06
WECC_PNW,installed_5241,hydro,20751540804288.0,34311410.06
WECC_PNW,installed_5242,hydro,18821164915123.195,31119650.98399999
WECC_PNW,installed_5243,hydro,20751540804288.0,34311410.06
WECC_PNW,installed_5244,hydro,20751540804288.0,34311410.06
WECC_PNW,installed_5245,hydro,20751540804288.0,34311410.06
WECC_PNW,installed_5246,hydro,18821164915123.195,31119650.98399999
WECC_PNW,installed_5247,hydro,18821164915123.195,31119650.98399999
WECC_PNW,installed_5248,hydro,22368230610163.2,36984508.284
WECC_PNW,installed_5249,hydro,18821164915123.195,31119650.98399999
WECC_PNW,installed_5250,hydro,18821164915123.195,31119650.98399999
WECC_PNW,installed_5251,hydro,18821164915123.195,31119650.98399999
WECC_PNW,installed_5252,hydro,18821164915123.195,31119650.98399999
WECC_PNW,installed_5253,hydro,3378157804224.0005,5585578.380000001
WECC_PNW,installed_5254,hydro,3378157804224.0005,5585578.380000001
WECC_PNW,installed_5256,hydro,6096384000000.0,10080000.0
WECC_PNW,installed_5257,hydro,6096384000000.0,10080000.0
WECC_PNW,installed_5258,hydro,6459264000000.0,10680000.0
WECC_PNW,installed_5259,hydro,6459264000000.0,10680000.0
WECC_PNW,installed_5260,hydro,7257600000000.0,12000000.0
WECC_PNW,installed_5261,hydro,7257600000000.0,12000000.0
WECC_PNW,installed_5262,hydro,7257600000000.0,12000000.0
WECC_PNW,installed_5263,hydro,435456000000.0,720000.0
WECC_PNW,installed_5264,hydro,435456000000.0,720000.0
WECC_PNW,installed_5265,hydro,1451520000000.0,2400000.0
WECC_PNW,installed_5266,hydro,1451520000000.0,2400000.0
WECC_PNW,installed_5267,hydro,1451520000000.0,2400000.0
WECC_PNW,installed_5268,hydro,1451520000000.0,2400000.0
WECC_PNW,installed_5269,hydro,9676800000000.0,16000000.0
WECC_PNW,installed_5270,hydro,9918720000000.0,16400000.0
WECC_PNW,installed_5271,hydro,9918720000000.0,16400000.0
WECC_PNW,installed_5272,hydro,9918720000000.0,16400000.0
WECC_PNW,installed_5273,hydro,9918720000000.0,16400000.0
WECC_PNW,installed_5274,hydro,49206528000000.0,81360000.0
WECC_PNW,installed_5275,hydro,40642560000000.0,67200000.0
WECC_PNW,installed_5283,hydro,21337344000000.0,35280000.0
WECC_PNW,installed_5284,hydro,21337344000000.0,35280000.0
WECC_PNW,installed_5285,hydro,21337344000000.0,35280000.0
WECC_PNW,installed_5286,hydro,21337344000000.0,35280000.0
WECC_PNW,installed_5287,hydro,21337344000000.0,35280000.0
WECC_PNW,installed_5288,hydro,21337344000000.0,35280000.0
WECC_PNW,installed_5289,hydro,21337344000000.0,35280000.0
WECC_PNW,installed_5290,hydro,21337344000000.0,35280000.0
WECC_PNW,installed_5291,hydro,22982400000000.0,38000000.0
WECC_PNW,installed_5292,hydro,22982400000000.0,38000000.0
WECC_PNW,installed_5293,hydro,22982400000000.0,38000000.0
WECC_PNW,installed_5294,hydro,21337344000000.0,35280000.0
WECC_PNW,installed_5295,hydro,22982400000000.0,38000000.0
WECC_PNW,installed_5296,hydro,22982400000000.0,38000000.0
WECC_PNW,installed_5297,hydro,22982400000000.0,38000000.0
WECC_PNW,installed_5298,hydro,22982400000000.0,38000000.0
WECC_PNW,installed_5299,hydro,22982400000000.0,38000000.0
WECC_PNW,installed_5300,hydro,22982400000000.0,38000000.0
WECC_PNW,installed_5301,hydro,22982400000000.0,38000000.0
WECC_PNW,installed_5302,hydro,22982400000000.0,38000000.0
WECC_PNW,installed_5303,hydro,21337344000000.0,35280000.0
WECC_PNW,installed_5304,hydro,21337344000000.0,35280000.0
WECC_PNW,installed_5305,hydro,21337344000000.0,35280000.0
WECC_PNW,installed_5306,hydro,21337344000000.0,35280000.0
WECC_PNW,installed_5307,hydro,21337344000000.0,35280000.0
WECC_PNW,installed_5308,hydro,21337344000000.0,35280000.0
WECC_PNW,installed_5309,hydro,21337344000000.0,35280000.0
WECC_PNW,installed_5310,hydro,21772800000000.0,36000000.0
WECC_PNW,installed_5311,hydro,21772800000000.0,36000000.0
WECC_PNW,installed_5312,hydro,21772800000000.0,36000000.0
WECC_PNW,installed_5313,hydro,26853120000000.0,44400000.0
WECC_PNW,installed_5314,hydro,26853120000000.0,44400000.0
WECC_PNW,installed_5315,hydro,26853120000000.0,44400000.0
WECC_PNW,installed_5316,hydro,32659200000000.0,54000000.0
WECC_PNW,installed_5317,hydro,32659200000000.0,54000000.0
WECC_PNW,installed_5318,hydro,32659200000000.0,54000000.0
WECC_PNW,installed_5319,hydro,32659200000000.0,54000000.0
WECC_PNW,installed_5320,hydro,32659200000000.0,54000000.0
WECC_PNW,installed_5321,hydro,32659200000000.0,54000000.0
WECC_PNW,installed_5322,hydro,32659200000000.0,54000000.0
WECC_PNW,installed_5323,hydro,32659200000000.0,54000000.0
WECC_PNW,installed_5324,hydro,32659200000000.0,54000000.0
WECC_PNW,installed_5325,hydro,32659200000000.0,54000000.0
WECC_PNW,installed_5326,hydro,32659200000000.0,54000000.0
WECC_PNW,installed_5327,hydro,32659200000000.0,54000000.0
WECC_PNW,installed_5328,hydro,6289920000000.0,10400000.0
WECC_PNW,installed_5704,hydro,5791127665075.201,9575277.224000001
WECC_PNW,installed_5705,hydro,3257509312512.0,5386093.4399999995
WECC_PNW,installed_5957,hydro,314496000000.0,520000.0
WECC_PNW,installed_5958,hydro,72576000000.0,120000.0
WECC_PNW,installed_6033,hydro,604800000000.0,1000000.0
WECC_PNW,installed_6034,hydro,604800000000.0,1000000.0
WECC_PNW,installed_6067,hydro,24192000000.0,40000.0
WECC_PNW,installed_6130,non-fossil,1391040000000.0,2300000.0
WECC_PNW,installed_6131,non-fossil,1391040000000.0,2300000.0
WECC_PNW,installed_6142,hydro,434334575001.6001,718145.7920000001
WECC_PNW,installed_6143,hydro,699761259671.04,1157012.6648
WECC_PNW,installed_6144,hydro,1616689806842.8804,2673098.2256000005
WECC_PNW,installed_6169,hydro,120960000000.0,200000.0
WECC_PNW,installed_6170,hydro,120960000000.0,200000.0
WECC_PNW,installed_6171,hydro,120960000000.0,200000.0
WECC_PNW,installed_6172,hydro,362880000000.0,600000.0
WECC_PNW,installed_6173,hydro,362880000000.0,600000.0
WECC_PNW,installed_6174,hydro,435456000000.0,720000.0
WECC_PNW,installed_6187,biomass,889613783650.9883,1470922.2613276923
WECC_PNW,installed_6188,biomass,813960000000.0,1345833.3333333333
WECC_PNW,installed_6189,biomass,861840000000.0,1425000.0
WECC_PNW,installed_6219,hydro,193536000000.0,320000.0
WECC_PNW,installed_6220,hydro,193536000000.0,320000.0
WECC_PNW,installed_6221,hydro,387072000000.0,640000.0
WECC_PNW,installed_6432,waste,3507840000000.0,5800000.0
WECC_PNW,installed_6433,waste,3507840000000.0,5800000.0
WECC_PNW,installed_6442,oil,0.0,0.0
WECC_PNW,installed_6443,non-fossil,16329600000000.0,27000000.0
WECC_PNW,installed_6484,hydro,48384000000.0,80000.0
WECC_PNW,installed_6485,hydro,48384000000.0,80000.0
WECC_PNW,installed_6486,hydro,48384000000.0,80000.0
WECC_PNW,installed_6487,hydro,48384000000.0,80000.0
WECC_PNW,installed_6488,hydro,48384000000.0,80000.0
WECC_PNW,installed_6489,hydro,48384000000.0,80000.0
WECC_PNW,installed_6490,hydro,48384000000.0,80000.0
WECC_PNW,installed_6581,hydro,2757888000000.0,4560000.0
WECC_PNW,installed_6582,hydro,2757888000000.0,4560000.0
WECC_PNW,installed_6640,waste,6894720000000.0,11400000.0
WECC_PNW,installed_6641,waste,6894720000000.0,11400000.0
WECC_PNW,installed_6674,hydro,482593972170.2399,797939.7688
WECC_PNW,installed_6675,hydro,120648493163.52,199484.9424
WECC_PNW,installed_6676,hydro,193037588916.48004,319175.90760000004
WECC_PNW,installed_6677,biomass,486000000000.0,803571.4285714285
WECC_PNW,installed_6685,hydro,193037588916.48004,319175.90760000004
WECC_PNW,installed_6686,hydro,193037588916.48004,319175.90760000004
WECC_PNW,installed_6696,hydro,967680000000.0,1600000.0
WECC_PNW,installed_6706,hydro,651501862502.3998,1077218.6879999996
WECC_PNW,installed_6707,hydro,651501862502.3998,1077218.6879999996
WECC_PNW,installed_6709,biomass,533520000000.0,882142.8571428572
WECC_PNW,installed_6832,hydro,241296986085.11996,398969.8844
WECC_PNW,installed_6869,hydro,941058245756.1602,1555982.5492000002
WECC_PNW,installed_7046,hydro,2177280000000.0,3600000.0
WECC_PNW,installed_7047,hydro,2177280000000.0,3600000.0
WECC_PNW,installed_7048,hydro,508032000000.0,840000.0
WECC_PNW,installed_7049,hydro,796280054008.3201,1316600.6184
WECC_PNW,installed_7057,hydro,2999808000000.0,4960000.0
WECC_PNW,installed_7058,natural gas,0.0,0.0
WECC_PNW,installed_7059,natural gas,0.0,0.0
WECC_PNW,installed_7060,natural gas,0.0,0.0
WECC_PNW,installed_7137,hydro,1016064000000.0,1680000.0
WECC_PNW,installed_7184,natural gas,8044661851267.312,13301358.881063677
WECC_PNW,installed_7185,natural gas,12036742187254.428,19902020.812259305
WECC_PNW,installed_7214,natural gas,12384000000000.0,20476190.476190478
WECC_PNW,installed_7215,natural gas,12290225326746.871,20321139.759832792
WECC_PNW,installed_7216,natural gas,9798999682281.176,16202049.739221523
WECC_PNW,installed_7252,non-fossil,7136640000000.0,11800000.0
WECC_PNW,installed_7253,non-fossil,7136640000000.0,11800000.0
WECC_PNW,installed_7254,non-fossil,6683253458111.999,11050352.94
WECC_PNW,installed_7255,non-fossil,6683253458111.999,11050352.94
WECC_PNW,installed_7359,hydro,48384000000.0,80000.0
WECC_PNW,installed_7360,hydro,48384000000.0,80000.0
WECC_PNW,installed_7361,hydro,48384000000.0,80000.0
WECC_PNW,installed_7444,hydro,4463994241728.0,7380942.86
WECC_PNW,installed_7480,natural gas,10733893157771.066,17747839.215891313
WECC_PNW,installed_7481,natural gas,0.0,0.0
WECC_PNW,installed_7482,natural gas,10221239771321.266,16900198.03459204
WECC_PNW,installed_7483,natural gas,0.0,0.0
WECC_PNW,installed_7605,hydro,895104000000.0,1480000.0
WECC_PNW,installed_7697,natural gas,0.0,0.0
WECC_PNW,installed_7698,natural gas,124200000000.0,205357.14285714287
WECC_PNW,installed_7761,biomass,3240000000000.0,5357142.857142857
WECC_PNW,installed_7762,biomass,379440000000.0,627380.9523809524
WECC_PNW,installed_7872,biomass,390528863649.5137,645715.7137062064
WECC_PNW,installed_7911,natural gas,710814255280.1729,1175288.1205029313
WECC_PNW,installed_7912,natural gas,688142243824.6611,1137801.3290751672
WECC_PNW,installed_7913,natural gas,0.0,0.0
WECC_PNW,installed_7959,wind,9796860000000.0,16198511.904761905
WECC_PNW,installed_8079,natural gas,0.0,0.0
WECC_PNW,installed_8080,natural gas,8114400000000.0,13416666.666666666
WECC_PNW,installed_8459,natural gas,0.0,0.0
WECC_PNW,installed_8460,natural gas,0.0,0.0
WECC_PNW,installed_8461,natural gas,0.0,0.0
WECC_PNW,installed_8717,natural gas,0.0,0.0
WECC_PNW,installed_8718,natural gas,6601081169901.718,10914486.061345432
WECC_PNW,installed_8795,natural gas,0.0,0.0
WECC_PNW,installed_8796,natural gas,2848555104024.7607,4709912.53972348
WECC_PNW,installed_8797,natural gas,0.0,0.0
WECC_PNW,installed_8798,natural gas,0.0,0.0
WECC_PNW,installed_8807,wind,69322581360000.0,114620670.23809524
WECC_PNW,installed_8927,natural gas,0.0,0.0
WECC_PNW,installed_8928,natural gas,0.0,0.0
WECC_PNW,installed_8929,natural gas,0.0,0.0
WECC_PNW,installed_8969,natural gas,0.0,0.0
WECC_PNW,installed_8970,natural gas,0.0,0.0
WECC_PNW,installed_9000,wind,9640110240000.0,15939335.714285715
WECC_PNW,installed_9001,wind,9875234880000.0,16328100.0
WECC_PNW,installed_9078,natural gas,0.0,0.0
WECC_PNW,installed_9079,natural gas,7078480145296.918,11703836.219075592
WECC_PNW,installed_9109,wind,9404985600000.0,15550571.42857143
WECC_PNW,installed_9111,biomass,1127520000000.0,1864285.7142857143
WECC_PNW,installed_9205,wind,48122176320000.0,79567090.47619048
WECC_PNW,installed_9468,wind,16066850400000.0,26565559.523809522
WECC_PNW,installed_9497,natural gas,0.0,0.0
WECC_PNW,installed_9498,natural gas,0.0,0.0
WECC_PNW,installed_9554,wind,58546035360000.0,96802307.14285715
WECC_PNW,installed_9555,wind,2821495680000.0,4665171.428571428
WECC_PNW,installed_9652,wind,89582487840000.0,148119192.85714287
WECC_PNW,installed_9653,wind,17242473600000.0,28509380.95238095
WECC_PNW,installed_9654,solar,61651800000.0,101937.5
WECC_PNW,installed_9715,wind,29390580000000.0,48595535.71428572
WECC_PNW,installed_9716,wind,39383377200000.0,65118017.85714286
WECC_PNW,installed_9717,wind,77983005600000.0,128940154.76190476
WECC_PNW,installed_9751,biomass,1594080000000.0,2635714.285714286
WECC_PNW,installed_9833,waste,907200000000.0,1500000.0
WECC_PNW,installed_9834,waste,907200000000.0,1500000.0
WECC_PNW,installed_9860,wind,55019165760000.0,90970842.85714285
WECC_PNW,installed_9861,wind,27509582880000.0,45485421.428571425
WECC_PNW,installed_9865,wind,86604242400000.0,143194845.23809522
WECC_PNW,installed_9866,wind,29978391600000.0,49567446.428571425
WECC_PNW,installed_9867,biomass,583200000000.0,964285.7142857143
WECC_PNW,installed_9888,wind,49141049760000.0,81251735.71428572
WECC_PNW,installed_9889,wind,63993089520000.0,105808679.76190476
WECC_PNW,installed_9890,wind,63091778400000.0,104318416.66666667
WECC_PNW,installed_9891,wind,79942377600000.0,132179857.14285715
WECC_PNW,installed_10160,wind,39461752080000.0,65247605.952380955
WECC_PNW,installed_10190,wind,36836193600000.0,60906404.76190476
WECC_PNW,installed_10590,hydro,1475712000000.0,2440000.0
WECC_PNW,installed_10591,hydro,11128320000000.0,18400000.0
WECC_PNW,installed_10592,hydro,11128320000000.0,18400000.0
WECC_PNW,installed_10593,hydro,532224000000.0,880000.0
WECC_PNW,installed_10594,hydro,556416000000.0,920000.0
WECC_PNW,installed_10595,hydro,6483456000000.0,10720000.0
WECC_PNW,installed_10602,wind,53412480720000.0,88314286.90476191
WECC_PNW,installed_10646,biomass,648000000000.0,1071428.5714285714
WECC_PNW,installed_10654,wind,38678003280000.0,63951725.0
WECC_PNW,installed_10655,wind,39500939520000.0,65312400.0
WECC_PNW,installed_10743,wind,37855067040000.0,62591050.0
WECC_PNW,installed_10744,wind,40323875760000.0,66673075.0
WECC_PNW,installed_10747,wind,39461752080000.0,65247605.952380955
WECC_PNW,installed_10907,oil,0.0,0.0
WECC_PNW,installed_10908,wind,3879556560000.0,6414610.714285715
WECC_PNW,installed_10946,wind,28214956800000.0,46651714.28571428
WECC_PNW,installed_10984,wind,1959372000000.0,3239702.380952381
WECC_PNW,installed_10985,wind,666186480000.0,1101498.8095238095
WECC_PNW,installed_10986,wind,3918744000000.0,6479404.761904762
WECC_PNW,installed_10987,wind,3918744000000.0,6479404.761904762
WECC_PNW,installed_10988,wind,3879556560000.0,6414610.714285715
WECC_PNW,installed_10989,wind,3252557520000.0,5377905.952380952
WECC_PNW,installed_10990,wind,3879556560000.0,6414610.714285715
WECC_PNW,installed_10991,wind,1293185520000.0,2138203.5714285714
WECC_PNW,installed_10992,wind,2586371040000.0,4276407.142857143
WECC_PNW,installed_11053,waste,483840000000.0,800000.0
WECC_PNW,installed_11054,waste,967680000000.0,1600000.0
WECC_PNW,installed_11055,waste,967680000000.0,1600000.0
WECC_PNW,installed_11056,waste,967680000000.0,1600000.0
WECC_PNW,installed_11057,waste,483840000000.0,800000.0
WECC_PNW,installed_11058,waste,483840000000.0,800000.0
WECC_PNW,installed_11059,waste,483840000000.0,800000.0
WECC_PNW,installed_11060,waste,483840000000.0,800000.0
WECC_PNW,installed_11061,waste,483840000000.0,800000.0
WECC_PNW,installed_11062,waste,483840000000.0,800000.0
WECC_PNW,installed_11063,waste,483840000000.0,800000.0
WECC_PNW,installed_11064,waste,967680000000.0,1600000.0
WECC_PNW,installed_11079,waste,483840000000.0,800000.0
WECC_PNW,installed_11080,waste,483840000000.0,800000.0
WECC_PNW,installed_11081,waste,483840000000.0,800000.0
WECC_PNW,installed_11082,waste,483840000000.0,800000.0
WECC_PNW,installed_11083,waste,483840000000.0,800000.0
WECC_PNW,installed_11084,waste,483840000000.0,800000.0
WECC_PNW,installed_11184,wind,38678003280000.0,63951725.0
WECC_PNW,installed_11187,non-fossil,15858567529055.996,26221176.469999995
WECC_PNW,installed_11188,non-fossil,15858567529055.996,26221176.469999995
WECC_PNW,installed_11229,wind,24688087200000.0,40820250.0
WECC_PNW,installed_11235,wind,38756378160000.0,64081313.0952381
WECC_PNW,installed_11238,wind,102749467680000.0,169889992.85714287
WECC_PNW,installed_11288,wind,35268696000000.0,58314642.85714286
WECC_PNW,installed_11299,wind,134295356880000.0,222049201.19047618
WECC_PNW,installed_11487,waste,181440000000.0,300000.0
WECC_PNW,installed_11488,waste,181440000000.0,300000.0
WECC_PNW,installed_11489,waste,181440000000.0,300000.0
WECC_PNW,installed_11490,waste,181440000000.0,300000.0
WECC_PNW,installed_11491,waste,181440000000.0,300000.0
WECC_PNW,installed_11492,waste,181440000000.0,300000.0
WECC_PNW,installed_11493,waste,181440000000.0,300000.0
WECC_PNW,installed_11494,waste,181440000000.0,300000.0
WECC_PNW,installed_11495,waste,181440000000.0,300000.0
WECC_PNW,installed_11496,waste,181440000000.0,300000.0
WECC_PNW,installed_11497,waste,181440000000.0,300000.0
WECC_PNW,installed_11498,waste,181440000000.0,300000.0
WECC_PNW,installed_11499,waste,181440000000.0,300000.0
WECC_PNW,installed_11500,waste,181440000000.0,300000.0
WECC_PNW,installed_11501,waste,181440000000.0,300000.0
WECC_PNW,installed_11502,waste,181440000000.0,300000.0
WECC_PNW,installed_11503,waste,181440000000.0,300000.0
WECC_PNW,installed_11504,waste,181440000000.0,300000.0
WECC_PNW,installed_11523,wind,19593720000000.0,32397023.80952381
WECC_PNW,installed_11524,wind,59251409280000.0,97968600.0
WECC_PNW,installed_11535,wind,78766754400000.0,130236035.71428572
WECC_PNW,installed_11592,solar,176865152285.9844,292435.767668625
WECC_PNW,installed_11675,hydro,798336000000.0,1320000.0
WECC_PNW,installed_11716,biomass,1339482144057.0771,2214752.2223165957
WECC_PNW,installed_11769,hydro,1669248000000.0,2760000.0
WECC_PNW,installed_11770,hydro,1669248000000.0,2760000.0
WECC_PNW,installed_11798,wind,103846716000000.0,171704226.19047618
WECC_PNW,installed_11799,wind,41264374320000.0,68228132.14285715
WECC_PNW,installed_11824,wind,113643576000000.0,187902738.0952381
WECC_PNW,installed_11825,wind,113643576000000.0,187902738.0952381
WECC_PNW,installed_11856,wind,3526869600000.0,5831464.285714285
WECC_PNW,installed_11921,wind,19593720000000.0,32397023.80952381
WECC_PNW,installed_11938,solar,110540720194.15321,182772.35481837502
WECC_PNW,installed_11939,natural gas,0.0,0.0
WECC_PNW,installed_11940,natural gas,0.0,0.0
WECC_PNW,installed_12092,wind,2351246400000.0,3887642.8571428573
WECC_PNW,installed_12095,non-fossil,3058438023244.8,5056941.176
WECC_PNW,installed_12099,hydro,1911168000000.0,3160000.0
WECC_PNW,installed_12149,wind,1175623200000.0,1943821.4285714286
WECC_PNW,installed_12279,solar,187919224342.3908,310713.00321162504
WECC_PNW,installed_12328,waste,967680000000.0,1600000.0
WECC_PNW,installed_12329,waste,967680000000.0,1600000.0
WECC_PNW,installed_12338,waste,967680000000.0,1600000.0
WECC_PNW,installed_12379,biomass,275400000000.0,455357.14285714284
WECC_PNW,installed_12468,geothermal,3568320000000.0,5900000.0
WECC_PNW,installed_12469,geothermal,3568320000000.0,5900000.0
WECC_PNW,installed_12470,geothermal,3568320000000.0,5900000.0
WECC_PNW,installed_12569,solar,486379168755.63116,804198.36103775
WECC_PNW,installed_12587,solar,221081440388.30643,365544.70963675005
WECC_PNW,installed_12719,natural gas,0.0,0.0
WECC_PNW,installed_12720,natural gas,1884960000000.0,3116666.6666666665
WECC_PNW,installed_12721,natural gas,0.0,0.0
WECC_PNW,installed_12722,natural gas,0.0,0.0
WECC_PNW,installed_12723,natural gas,0.0,0.0
WECC_PNW,installed_12724,natural gas,1144440000000.0,1892261.9047619049
WECC_PNW,installed_12725,natural gas,0.0,0.0
WECC_PNW,installed_12726,natural gas,0.0,0.0
WECC_PNW,installed_12727,natural gas,2288880000000.0,3784523.8095238097
WECC_PNW,installed_12728,natural gas,0.0,0.0
WECC_PNW,installed_12729,natural gas,0.0,0.0
WECC_PNW,installed_12730,natural gas,0.0,0.0
WECC_PNW,installed_12797,wind,38756378160000.0,64081313.0952381
WECC_PNW,installed_12830,biomass,1281114473380.816,2118244.8303254233
WECC_PNW,installed_12855,non-fossil,967680000000.0,1600000.0
WECC_PNW,installed_12856,non-fossil,967680000000.0,1600000.0
WECC_PNW,installed_12857,non-fossil,967680000000.0,1600000.0
WECC_PNW,installed_12947,wind,1685059920000.0,2786144.0476190476
WECC_PNW,installed_12966,hydro,241920000000.0,400000.0
WECC_PNW,installed_12967,hydro,241920000000.0,400000.0
WECC_PNW,installed_12968,hydro,241920000000.0,400000.0
WECC_PNW,installed_12988,hydro,266112000000.0,440000.0
WECC_PNW,installed_13030,natural gas,0.0,0.0
WECC_PNW,installed_13031,natural gas,0.0,0.0
WECC_PNW,installed_13118,wind,104552089920000.0,172870519.04761904
WECC_PNW,installed_13140,non-fossil,604800000000.0,1000000.0
WECC_PNW,installed_13239,waste,967680000000.0,1600000.0
WECC_PNW,installed_13240,waste,967680000000.0,1600000.0
WECC_PNW,installed_13241,waste,967680000000.0,1600000.0
WECC_PNW,installed_13242,waste,907200000000.0,1500000.0
WECC_PNW,installed_13243,waste,907200000000.0,1500000.0
WECC_PNW,installed_13244,waste,907200000000.0,1500000.0
WECC_PNW,installed_13250,hydro,677376000000.0,1120000.0
WECC_PNW,installed_13544,solar,221081440388.30643,365544.70963675005
WECC_PNW,installed_13694,wind,3918744000000.0,6479404.761904762
WECC_PNW,installed_13957,hydro,338688000000.0,560000.0
WECC_PNW,installed_13958,hydro,1475712000000.0,2440000.0
WECC_PNW,installed_13973,solar,552703600970.766,913861.774091875
WECC_PNW,installed_13979,geothermal,1088640000000.0,1800000.0
WECC_PNW,installed_14108,wind,3918744000000.0,6479404.761904762
WECC_PNW,installed_14109,wind,3918744000000.0,6479404.761904762
WECC_PNW,installed_14110,wind,3918744000000.0,6479404.761904762
WECC_PNW,installed_14111,wind,3918744000000.0,6479404.761904762
WECC_PNW,installed_14112,wind,3918744000000.0,6479404.761904762
WECC_PNW,installed_14319,non-fossil,967680000000.0,1600000.0
WECC_PNW,installed_14425,solar,132648864183.6624,219326.8257005
WECC_PNW,installed_14658,battery,200084210488.80005,330827.0676071429
WECC_PNW,installed_14659,battery,195593675935.8514,323402.24195742625
WECC_PNW,installed_14667,battery,465650526412.8,769924.8121904762
WECC_PNW,installed_14695,solar,254243656434.22202,420376.416061875
WECC_PNW,installed_14768,solar,154757008296.47522,255881.2967865
WECC_PNW,installed_14929,non-fossil,423360000000.0,700000.0
WECC_PNW,installed_14930,non-fossil,483840000000.0,800000.0
WECC_PNW,installed_14983,solar,663244321164.9192,1096634.12891025
WECC_PNW,installed_14984,solar,994866481624.075,1644951.1931614997
WECC_PNW,installed_14985,solar,1105407201818.2283,1827723.547979875
WECC_PNW,installed_14986,solar,497433240812.0375,822475.5965807498
WECC_PNW,installed_14987,solar,1105407201818.2283,1827723.547979875
WECC_PNW,installed_14988,solar,1105407201818.2283,1827723.547979875
WECC_PNW,installed_15086,hydro,1451520000000.0,2400000.0
WECC_PNW,installed_15120,battery,1044000000000.0,1726190.4761904762
WECC_PNW,installed_15123,battery,375915789403.2001,621553.8845952383
WECC_PNW,installed_15201,hydro,1451520000000.0,2400000.0
WECC_PNW,installed_15234,solar,1094353129761.822,1809446.3124368752
WECC_PNW,installed_15303,solar,884325761429.922,1462178.838343125
WECC_PNW,installed_15356,battery,236463157944.0,390977.4436904762
WECC_PNW,installed_15383,natural gas,0.0,0.0
WECC_PNW,installed_15384,natural gas,7700400000000.0,12732142.857142856
WECC_PNW,installed_15385,natural gas,2876400000000.0,4755952.380952381
WECC_PNW,installed_15386,natural gas,1412483990455.409,2335456.3334249486
WECC_PNW,installed_15739,solar,1094353129761.822,1809446.3124368752
WECC_PNW,installed_15810,wind,23512464000000.0,38876428.571428575
WECC_PNW,installed_15812,solar,6190280330625.972,10235251.86942125
WECC_PNW,installed_15920,natural gas,0.0,0.0
WECC_PNW,installed_15921,natural gas,7950027392188.543,13144886.561158305
WECC_PNW,installed_16082,hydro,30240000000000.0,50000000.0
WECC_PNW,installed_16083,hydro,30240000000000.0,50000000.0
WECC_PNW,installed_16084,hydro,30240000000000.0,50000000.0
WECC_PNW,installed_16085,hydro,30240000000000.0,50000000.0
WECC_PNW,installed_16086,hydro,30240000000000.0,50000000.0
WECC_PNW,installed_16087,hydro,30240000000000.0,50000000.0
WECC_PNW,installed_16088,hydro,30240000000000.0,50000000.0
WECC_PNW,installed_16089,hydro,30240000000000.0,50000000.0
WECC_PNW,installed_16090,hydro,30240000000000.0,50000000.0
WECC_PNW,installed_16091,hydro,30240000000000.0,50000000.0
WECC_PNW,installed_16092,hydro,165685681080557.84,273951192.2628271
WECC_PNW,installed_16093,hydro,30240000000000.0,50000000.0
WECC_PNW,installed_16094,hydro,164937600000000.0,272714285.71428573
WECC_PNW,installed_16095,hydro,165931200000000.0,274357142.85714287
WECC_PNW,installed_16096,hydro,173586248427134.84,287014299.6480404
WECC_PNW,installed_16097,hydro,171975415051307.7,284350884.67478126
WECC_PNW,installed_16098,hydro,172417343378036.72,285081586.27320886
WECC_PNW,installed_16099,hydro,30240000000000.0,50000000.0
WECC_PNW,installed_16100,hydro,30240000000000.0,50000000.0
WECC_PNW,installed_16101,hydro,30240000000000.0,50000000.0
WECC_PNW,installed_16102,hydro,30240000000000.0,50000000.0
WECC_PNW,installed_16103,hydro,30240000000000.0,50000000.0
WECC_PNW,installed_16104,hydro,30240000000000.0,50000000.0
WECC_PNW,installed_16105,hydro,30240000000000.0,50000000.0
WECC_PNW,installed_16106,hydro,2419200000000.0,4000000.0
WECC_PNW,installed_16107,hydro,2419200000000.0,4000000.0
WECC_PNW,installed_16108,hydro,2419200000000.0,4000000.0
WECC_PNW,installed_16109,pump hydro,13999202029304.86,23146828.752157506
WECC_PNW,installed_16110,pump hydro,14063820801709.092,23253671.960497838
WECC_PNW,installed_16111,pump hydro,14017935131314.516,23177802.79648564
WECC_PNW,installed_16112,pump hydro,13085520220636.756,21636111.47592056
WECC_PNW,installed_16113,pump hydro,13031580397775.883,21546925.260872822
WECC_PNW,installed_16114,pump hydro,13932162518311.996,23035982.99985449
WECC_PNW,installed_16139,hydro,5911776159206.4,9774762.168
WECC_PNW,installed_16140,hydro,5911776159206.4,9774762.168
WECC_PNW,installed_16141,hydro,32659200000000.0,54000000.0
WECC_PNW,installed_16142,hydro,32659200000000.0,54000000.0
WECC_PNW,installed_16143,hydro,32659200000000.0,54000000.0
WECC_PNW,installed_16144,hydro,32659200000000.0,54000000.0
WECC_PNW,installed_16145,hydro,32659200000000.0,54000000.0
WECC_PNW,installed_16146,hydro,32659200000000.0,54000000.0
WECC_PNW,installed_16190,hydro,290304000000.0,480000.0
WECC_PNW,installed_16191,hydro,3628800000000.0,6000000.0
WECC_PNW,installed_16192,hydro,4596480000000.0,7600000.0
WECC_PNW,installed_16193,hydro,3628800000000.0,6000000.0
WECC_PNW,installed_16194,hydro,3628800000000.0,6000000.0
WECC_PNW,installed_16195,hydro,3628800000000.0,6000000.0
WECC_PNW,installed_16196,hydro,4112640000000.0,6800000.0
WECC_PNW,installed_16197,hydro,4112640000000.0,6800000.0
WECC_PNW,installed_16198,hydro,4112640000000.0,6800000.0
WECC_PNW,installed_16199,hydro,4112640000000.0,6800000.0
WECC_PNW,installed_16200,hydro,4596480000000.0,7600000.0
WECC_PNW,installed_16201,hydro,10160640000000.0,16800000.0
WECC_PNW,installed_16202,hydro,10160640000000.0,16800000.0
WECC_PNW,installed_16203,hydro,10160640000000.0,16800000.0
WECC_PNW,installed_16204,hydro,10160640000000.0,16800000.0
WECC_PNW,installed_16205,hydro,10160640000000.0,16800000.0
WECC_PNW,installed_16206,hydro,10160640000000.0,16800000.0
WECC_PNW,installed_16207,hydro,10160640000000.0,16800000.0
WECC_PNW,installed_16208,hydro,10160640000000.0,16800000.0
WECC_PNW,installed_16209,hydro,28304640000000.0,46800000.0
WECC_PNW,installed_16210,hydro,28304640000000.0,46800000.0
WECC_PNW,installed_16211,hydro,31570560000000.0,52200000.0
WECC_PNW,installed_16212,hydro,31570560000000.0,52200000.0
WECC_PNW,installed_16227,natural gas,0.0,0.0
WECC_PNW,installed_16233,hydro,4064256000000.0,6720000.0
WECC_PNW,installed_16355,hydro,4150308160857.6,6862282.012
WECC_PNW,installed_16361,hydro,1451520000000.0,2400000.0
WECC_PNW,installed_16362,hydro,1451520000000.0,2400000.0
WECC_PNW,installed_16363,hydro,3120768000000.0,5160000.0
WECC_PNW,installed_16391,hydro,9289933963430.404,15360340.548000006
WECC_PNW,installed_16396,hydro,7596288000000.0,12560000.0
WECC_PNW,installed_16397,hydro,7426944000000.0,12280000.0
WECC_PNW,installed_16402,hydro,3628800000000.0,6000000.0
WECC_PNW,installed_16403,hydro,3628800000000.0,6000000.0
WECC_PNW,installed_16404,hydro,7741440000000.0,12800000.0
WECC_PNW,installed_16405,hydro,7741440000000.0,12800000.0
WECC_PNW,installed_16406,hydro,7741440000000.0,12800000.0
WECC_PNW,installed_16407,hydro,21772800000000.0,36000000.0
WECC_PNW,installed_16408,hydro,22740480000000.0,37600000.0
WECC_PNW,installed_16409,hydro,22740480000000.0,37600000.0
WECC_PNW,installed_16410,hydro,290304000000.0,480000.0
WECC_PNW,installed_16411,hydro,290304000000.0,480000.0
WECC_PNW,installed_16412,hydro,38320128000000.0,63360000.0
WECC_PNW,installed_16413,hydro,39070080000000.0,64600000.0
WECC_PNW,installed_16414,hydro,38320128000000.0,63360000.0
WECC_PNW,installed_16415,hydro,39070080000000.0,64600000.0
WECC_PNW,installed_16416,hydro,56125440000000.0,92800000.0
WECC_PNW,installed_16417,hydro,56125440000000.0,92800000.0
WECC_PNW,installed_16478,hydro,48259397168.64001,79793.97680000002
WECC_PNW,installed_16479,hydro,72389095752.96,119690.9652
WECC_PNW,installed_16480,hydro,120648493163.52,199484.9424
WECC_PNW,installed_16488,hydro,5308533693388.799,8777337.455999998
WECC_PNW,installed_16489,hydro,5308533693388.799,8777337.455999998
WECC_PNW,installed_16490,hydro,266112000000.0,440000.0
WECC_PNW,installed_16491,hydro,96768000000.0,160000.0
WECC_PNW,installed_16492,hydro,266112000000.0,440000.0
WECC_PNW,installed_16493,hydro,411264000000.0,680000.0
WECC_PNW,installed_16494,hydro,508032000000.0,840000.0
WECC_PNW,installed_16543,hydro,2412969860851.1997,3989698.8439999996
WECC_PNW,installed_16544,hydro,2412969860851.1997,3989698.8439999996
WECC_PNW,installed_16873,hydro,1596672000000.0,2640000.0
WECC_PNW,installed_16890,hydro,3749760000000.0,6200000.0
WECC_PNW,installed_17029,hydro,241920000000.0,400000.0
WECC_PNW,installed_17127,natural gas,0.0,0.0
WECC_PNW,installed_17128,natural gas,6351030107650.719,10501041.84466058
WECC_PNW,installed_17183,waste,483840000000.0,800000.0
WECC_PNW,installed_17184,waste,483840000000.0,800000.0
WECC_PNW,installed_17185,waste,483840000000.0,800000.0
WECC_PNW,installed_17186,waste,483840000000.0,800000.0
WECC_PNW,installed_17190,hydro,8467200000000.0,14000000.0
WECC_PNW,installed_17191,hydro,8467200000000.0,14000000.0
WECC_PNW,installed_17194,hydro,1206484930425.5999,1994849.4219999998
WECC_PNW,installed_17226,natural gas,0.0,0.0
WECC_PNW,installed_17227,natural gas,0.0,0.0
WECC_PNW,installed_17257,hydro,1689078902595.8398,2792789.1908
WECC_PNW,installed_17259,hydro,2177280000000.0,3600000.0
WECC_PNW,installed_17315,hydro,9918720000000.0,16400000.0
WECC_PNW,installed_17316,hydro,9918720000000.0,16400000.0
WECC_PNW,installed_17317,hydro,1693440000000.0,2800000.0
WECC_PNW,installed_17318,hydro,1693440000000.0,2800000.0
WECC_PNW,installed_17329,natural gas,0.0,0.0
WECC_PNW,installed_17372,waste,483840000000.0,800000.0
WECC_PNW,installed_17373,waste,483840000000.0,800000.0
WECC_PNW,installed_17374,waste,483840000000.0,800000.0
WECC_PNW,installed_17375,waste,907200000000.0,1500000.0
WECC_PNW,installed_17376,waste,907200000000.0,1500000.0
WECC_PNW,installed_17538,waste,1270080000000.0,2100000.0
WECC_PNW,installed_17539,waste,1270080000000.0,2100000.0
WECC_PNW,installed_17540,waste,1270080000000.0,2100000.0
WECC_PNW,installed_17541,waste,1270080000000.0,2100000.0
WECC_PNW,installed_17542,waste,1270080000000.0,2100000.0
WECC_PNW,installed_17543,waste,6048000000000.0,10000000.0
WECC_PNW,installed_17544,waste,6048000000000.0,10000000.0
WECC_PNW,installed_17545,waste,3628800000000.0,6000000.0
WECC_PNW,installed_17654,hydro,2419200000000.0,4000000.0
WECC_PNW,installed_17658,natural gas,0.0,0.0
WECC_PNW,installed_17659,natural gas,0.0,0.0
WECC_PNW,installed_17660,natural gas,0.0,0.0
WECC_PNW,installed_17661,natural gas,1569562349554.1343,2595175.8425167566
WECC_PNW,installed_17783,natural gas,0.0,0.0
WECC_PNW,installed_17784,natural gas,5272164324290.3955,8717202.917146817
WECC_PNW,installed_17802,wind,37228068000000.0,61554345.23809524
WECC_PNW,installed_17954,natural gas,0.0,0.0
WECC_PNW,installed_17955,natural gas,0.0,0.0
WECC_PNW,installed_17956,natural gas,0.0,0.0
WECC_PNW,installed_17997,natural gas,0.0,0.0
WECC_PNW,installed_17998,natural gas,0.0,0.0
WECC_PNW,installed_17999,natural gas,0.0,0.0
WECC_PNW,installed_18000,natural gas,0.0,0.0
WECC_PNW,installed_18001,natural gas,0.0,0.0
WECC_PNW,installed_18002,natural gas,0.0,0.0
WECC_PNW,installed_18082,natural gas,0.0,0.0
WECC_PNW,installed_18083,natural gas,0.0,0.0
WECC_PNW,installed_18084,natural gas,0.0,0.0
WECC_PNW,installed_18085,natural gas,0.0,0.0
WECC_PNW,installed_18086,natural gas,0.0,0.0
WECC_PNW,installed_18087,natural gas,0.0,0.0
WECC_PNW,installed_18088,natural gas,0.0,0.0
WECC_PNW,installed_18089,natural gas,0.0,0.0
WECC_PNW,installed_18182,hydro,10717056000000.0,17720000.0
WECC_PNW,installed_18183,hydro,17877888000000.0,29560000.0
WECC_PNW,installed_18184,hydro,17756928000000.0,29360000.0
WECC_PNW,installed_18185,hydro,15240960000000.0,25200000.0
WECC_PNW,installed_18186,hydro,677376000000.0,1120000.0
WECC_PNW,installed_18187,hydro,677376000000.0,1120000.0
WECC_PNW,installed_18188,hydro,677376000000.0,1120000.0
WECC_PNW,installed_18189,hydro,677376000000.0,1120000.0
WECC_PNW,installed_18190,hydro,677376000000.0,1120000.0
WECC_PNW,installed_18191,hydro,846720000000.0,1400000.0
WECC_PNW,installed_18193,hydro,21772800000000.0,36000000.0
WECC_PNW,installed_18194,hydro,21772800000000.0,36000000.0
WECC_PNW,installed_18195,hydro,53222400000000.0,88000000.0
WECC_PNW,installed_18215,solar,1989732962754.936,3289902.3855075
WECC_PNW,installed_18227,hydro,3386880000000.0,5600000.0
WECC_PNW,installed_18228,hydro,3386880000000.0,5600000.0
WECC_PNW,installed_18229,hydro,3386880000000.0,5600000.0
WECC_PNW,installed_18303,hydro,3628800000000.0,6000000.0
WECC_PNW,installed_18304,hydro,2467584000000.0,4080000.0
WECC_PNW,installed_18309,hydro,2274048000000.0,3760000.0
WECC_PNW,installed_18496,hydro,556416000000.0,920000.0
WECC_PNW,installed_18515,natural gas,0.0,0.0
WECC_PNW,installed_18516,natural gas,0.0,0.0
WECC_PNW,installed_18599,wind,94049856000.0,155505.7142857143
WECC_PNW,installed_18600,wind,517274208000.0,855281.4285714285
WECC_PNW,installed_18601,wind,2492321184000.0,4120901.4285714286
WECC_PNW,installed_18827,hydro,4354560000000.0,7200000.0
WECC_PNW,installed_18828,solar,4956804720000.0,8195775.0
WECC_PNW,installed_18904,hydro,96768000000.0,160000.0
WECC_PNW,optional_549_0,wind,0.0,0.0
WECC_PNW,optional_550_0,wind,0.0,0.0
WECC_PNW,optional_551_0,wind,0.0,0.0
WECC_PNW,optional_552_0,wind,5329260000000.0,8811607.142857144
WECC_PNW,optional_553_0,wind,0.0,0.0
WECC_PNW,optional_554_0,wind,0.0,0.0
WECC_PNW,optional_555_0,wind,0.0,0.0
WECC_PNW,optional_556_0,wind,10879214400000.0,17988119.04761905
WECC_PNW,optional_557_0,wind,3134995200000.0,5183523.80952381
WECC_PNW,optional_558_0,wind,0.0,0.0
WECC_PNW,optional_559_0,wind,0.0,0.0
WECC_PNW,optional_560_0,wind,47252772000000.0,78129583.33333333
WECC_PNW,optional_561_0,wind,0.0,0.0
WECC_PNW,optional_562_0,wind,0.0,0.0
WECC_PNW,optional_563_0,wind,0.0,0.0
WECC_PNW,optional_563_1,wind,0.0,0.0
WECC_PNW,optional_564_0,wind,41762145600000.0,69051166.66666667
WECC_PNW,optional_565_0,wind,16850599200000.0,27861440.476190478
WECC_PNW,optional_566_0,wind,0.0,0.0
WECC_PNW,optional_567_0,wind,0.0,0.0
WECC_PNW,optional_568_0,wind,0.0,0.0
WECC_PNW,optional_569_0,wind,0.0,0.0
WECC_PNW,optional_569_1,wind,0.0,0.0
WECC_PNW,optional_569_2,wind,0.0,0.0
WECC_PNW,optional_570_0,wind,0.0,0.0
WECC_PNW,optional_570_1,wind,0.0,0.0
WECC_PNW,optional_570_2,wind,0.0,0.0
WECC_PNW,optional_570_3,wind,0.0,0.0
WECC_PNW,optional_570_4,wind,0.0,0.0
WECC_PNW,optional_570_5,wind,0.0,0.0
WECC_PNW,optional_571_0,wind,0.0,0.0
WECC_PNW,optional_571_1,wind,0.0,0.0
WECC_PNW,optional_571_2,wind,0.0,0.0
WECC_PNW,optional_571_3,wind,0.0,0.0
WECC_PNW,optional_571_4,wind,0.0,0.0
WECC_PNW,optional_571_5,wind,0.0,0.0
WECC_PNW,optional_572_0,wind,22109371200000.0,36556500.0
WECC_PNW,optional_573_0,wind,21161217600000.0,34988785.71428572
WECC_PNW,optional_574_0,wind,0.0,0.0
WECC_PNW,optional_575_0,wind,0.0,0.0
WECC_PNW,optional_576_0,wind,243724824000000.0,402984166.6666667
WECC_PNW,optional_577_0,wind,0.0,0.0
WECC_PNW,optional_577_1,wind,0.0,0.0
WECC_PNW,optional_578_0,wind,0.0,0.0
WECC_PNW,optional_578_1,wind,0.0,0.0
WECC_PNW,optional_578_2,wind,0.0,0.0
WECC_PNW,optional_578_3,wind,0.0,0.0
WECC_PNW,optional_578_4,wind,0.0,0.0
WECC_PNW,optional_578_5,wind,0.0,0.0
WECC_PNW,optional_579_0,wind,0.0,0.0
WECC_PNW,optional_579_1,wind,0.0,0.0
WECC_PNW,optional_579_2,wind,0.0,0.0
WECC_PNW,optional_579_3,wind,0.0,0.0
WECC_PNW,optional_579_4,wind,0.0,0.0
WECC_PNW,optional_579_5,wind,0.0,0.0
WECC_PNW,optional_839_0,solar,0.0,0.0
WECC_PNW,optional_840_0,solar,0.0,0.0
WECC_PNW,optional_840_1,solar,0.0,0.0
WECC_PNW,optional_841_0,solar,0.0,0.0
WECC_PNW,optional_841_1,solar,0.0,0.0
WECC_PNW,optional_841_2,solar,0.0,0.0
WECC_PNW,optional_841_3,solar,0.0,0.0
WECC_PNW,optional_841_4,solar,0.0,0.0
WECC_PNW,optional_841_5,solar,0.0,0.0
WECC_PNW,optional_842_0,solar,0.0,0.0
WECC_PNW,optional_842_1,solar,0.0,0.0
WECC_PNW,optional_842_2,solar,0.0,0.0
WECC_PNW,optional_842_3,solar,0.0,0.0
WECC_PNW,optional_842_4,solar,0.0,0.0
WECC_PNW,optional_842_5,solar,0.0,0.0
WECC_PNW,optional_843_0,solar,0.0,0.0
WECC_PNW,optional_843_1,solar,0.0,0.0
WECC_PNW,optional_844_0,solar,0.0,0.0
WECC_PNW,optional_845_0,solar,0.0,0.0
WECC_PNW,optional_845_1,solar,0.0,0.0
WECC_PNW,optional_845_2,solar,0.0,0.0
WECC_PNW,optional_845_3,solar,0.0,0.0
WECC_PNW,optional_845_4,solar,0.0,0.0
WECC_PNW,optional_845_5,solar,0.0,0.0
WECC_PNW,optional_846_0,solar,0.0,0.0
WECC_PNW,optional_846_1,solar,0.0,0.0
WECC_PNW,optional_846_2,solar,0.0,0.0
WECC_PNW,optional_846_3,solar,0.0,0.0
WECC_PNW,optional_846_4,solar,0.0,0.0
WECC_PNW,optional_846_5,solar,0.0,0.0
WECC_PNW,optional_847_0,solar,0.0,0.0
WECC_PNW,optional_847_1,solar,0.0,0.0
WECC_PNW,optional_847_2,solar,0.0,0.0
WECC_PNW,optional_847_3,solar,0.0,0.0
WECC_PNW,optional_847_4,solar,0.0,0.0
WECC_PNW,optional_847_5,solar,0.0,0.0
WECC_PNW,optional_848_0,solar,0.0,0.0
WECC_PNW,optional_848_1,solar,0.0,0.0
WECC_PNW,optional_848_2,solar,0.0,0.0
WECC_PNW,optional_848_3,solar,0.0,0.0
WECC_PNW,optional_848_4,solar,0.0,0.0
WECC_PNW,optional_848_5,solar,0.0,0.0
WECC_PNW,optional_849_0,solar,0.0,0.0
WECC_PNW,optional_849_1,solar,0.0,0.0
WECC_PNW,optional_849_2,solar,0.0,0.0
WECC_PNW,optional_849_3,solar,0.0,0.0
WECC_PNW,optional_849_4,solar,0.0,0.0
WECC_PNW,optional_849_5,solar,0.0,0.0
WECC_SCE,installed_57,wind,3766682946578.6885,6227981.0624647625
WECC_SCE,installed_85,hydro,314496000000.0,520000.0
WECC_SCE,installed_108,wind,3486185280015.552,5764195.238120952
WECC_SCE,installed_181,hydro,1427328000000.0,2360000.0
WECC_SCE,installed_182,hydro,1427328000000.0,2360000.0
WECC_SCE,installed_220,hydro,338688000000.0,560000.0
WECC_SCE,installed_314,waste,7462451614464.001,12338709.680000002
WECC_SCE,installed_350,solar,2416706976106.8,3995877.9366845232
WECC_SCE,installed_351,solar,1667527812908.4958,2757155.7753116665
WECC_SCE,installed_352,solar,4357411200000.0,7204714.285714285
WECC_SCE,installed_353,solar,4357411200000.0,7204714.285714285
WECC_SCE,installed_354,solar,4357411200000.0,7204714.285714285
WECC_SCE,installed_355,solar,4357411200000.0,7204714.285714285
WECC_SCE,installed_356,solar,4357411200000.0,7204714.285714285
WECC_SCE,installed_357,solar,10651449600000.0,17611523.80952381
WECC_SCE,installed_358,solar,10651449600000.0,17611523.80952381
WECC_SCE,installed_368,waste,9876774192768.0,16330645.16
WECC_SCE,installed_369,waste,9876774192768.0,16330645.16
WECC_SCE,installed_376,geothermal,2306010546000.0,3812848.125
WECC_SCE,installed_377,geothermal,2306010546000.0,3812848.125
WECC_SCE,installed_378,geothermal,2306010546000.0,3812848.125
WECC_SCE,installed_379,geothermal,1844808436800.0,3050278.5
WECC_SCE,installed_380,geothermal,1844808436800.0,3050278.5
WECC_SCE,installed_381,geothermal,1729507909651.2002,2859636.0940000005
WECC_SCE,installed_382,geothermal,1729507909651.2002,2859636.0940000005
WECC_SCE,installed_383,geothermal,1729507909651.2002,2859636.0940000005
WECC_SCE,installed_384,geothermal,2190710018851.1997,3622205.7189999996
WECC_SCE,installed_385,geothermal,2651912127446.401,4384775.343000002
WECC_SCE,installed_386,geothermal,2421311073148.8003,4003490.5310000004
WECC_SCE,installed_403,natural gas,2152132560582.1711,3558420.2390578226
WECC_SCE,installed_404,natural gas,1856283262938.756,3069251.4268167266
WECC_SCE,installed_405,natural gas,2073600000000.0,3428571.4285714286
WECC_SCE,installed_406,natural gas,76183274708.52588,125964.40924028751
WECC_SCE,installed_487,wind,23882372724528.0,39488050.1397619
WECC_SCE,installed_489,wind,11620617601406.4,19213984.129309524
WECC_SCE,installed_490,non-fossil,18567360000000.0,30700000.0
WECC_SCE,installed_534,waste,500185945929.5999,827027.0269999999
WECC_SCE,installed_535,waste,500185945929.5999,827027.0269999999
WECC_SCE,installed_536,waste,500185945929.5999,827027.0269999999
WECC_SCE,installed_560,oil,0.0,0.0
WECC_SCE,installed_576,wind,4688318135669.76,7751848.769295238
WECC_SCE,installed_650,natural gas,698400000000.0,1154761.9047619049
WECC_SCE,installed_709,biomass,3304800000000.0,5464285.714285715
WECC_SCE,installed_710,biomass,2762223230344.5977,4567168.039590935
WECC_SCE,installed_728,geothermal,15853822504128.002,26213330.860000003
WECC_SCE,installed_729,geothermal,15565571183232.0,25736724.84
WECC_SCE,installed_730,geothermal,15392620391903.998,25450761.229999997
WECC_SCE,installed_731,geothermal,17295079096512.0,28596360.94
WECC_SCE,installed_732,geothermal,13490161693344.0,22305161.53
WECC_SCE,installed_733,geothermal,15507920921471.998,25641403.639999997
WECC_SCE,installed_734,geothermal,12567757474944.0,20780022.28
WECC_SCE,installed_735,geothermal,12971309319359.998,21447270.699999996
WECC_SCE,installed_736,geothermal,13547811955103.998,22400482.729999997
WECC_SCE,installed_3794,hydro,774144000000.0,1280000.0
WECC_SCE,installed_3795,hydro,774144000000.0,1280000.0
WECC_SCE,installed_4256,hydro,4790016000000.0,7920000.0
WECC_SCE,installed_4257,hydro,3822336000000.0,6320000.0
WECC_SCE,installed_4258,hydro,5225472000000.0,8640000.0
WECC_SCE,installed_4259,hydro,7547904000000.0,12480000.0
WECC_SCE,installed_4281,hydro,3822336000000.0,6320000.0
WECC_SCE,installed_4282,hydro,3822336000000.0,6320000.0
WECC_SCE,installed_4283,hydro,4233600000000.0,7000000.0
WECC_SCE,installed_4284,hydro,4233600000000.0,7000000.0
WECC_SCE,installed_4285,hydro,8225280000000.0,13600000.0
WECC_SCE,installed_4286,hydro,8225280000000.0,13600000.0
WECC_SCE,installed_4287,hydro,7983360000000.0,13200000.0
WECC_SCE,installed_4288,hydro,8709120000000.0,14400000.0
WECC_SCE,installed_4289,hydro,8830080000000.0,14600000.0
WECC_SCE,installed_4290,hydro,12096000000000.0,20000000.0
WECC_SCE,installed_4291,hydro,12096000000000.0,20000000.0
WECC_SCE,installed_4292,hydro,6241536000000.0,10320000.0
WECC_SCE,installed_4293,hydro,10886400000000.0,18000000.0
WECC_SCE,installed_4294,hydro,12096000000000.0,20000000.0
WECC_SCE,installed_4295,hydro,12096000000000.0,20000000.0
WECC_SCE,installed_4296,hydro,604800000000.0,1000000.0
WECC_SCE,installed_4297,hydro,604800000000.0,1000000.0
WECC_SCE,installed_4298,hydro,556416000000.0,920000.0
WECC_SCE,installed_4305,hydro,677376000000.0,1120000.0
WECC_SCE,installed_4306,hydro,677376000000.0,1120000.0
WECC_SCE,installed_4307,hydro,677376000000.0,1120000.0
WECC_SCE,installed_4308,hydro,241920000000.0,400000.0
WECC_SCE,installed_4309,hydro,241920000000.0,400000.0
WECC_SCE,installed_4310,hydro,483840000000.0,800000.0
WECC_SCE,installed_4311,hydro,532224000000.0,880000.0
WECC_SCE,installed_4312,hydro,483840000000.0,800000.0
WECC_SCE,installed_4353,hydro,483840000000.0,800000.0
WECC_SCE,installed_4354,hydro,435456000000.0,720000.0
WECC_SCE,installed_4384,hydro,387072000000.0,640000.0
WECC_SCE,installed_4405,hydro,508032000000.0,840000.0
WECC_SCE,installed_4406,hydro,604800000000.0,1000000.0
WECC_SCE,installed_4407,hydro,1451520000000.0,2400000.0
WECC_SCE,installed_4466,hydro,362880000000.0,600000.0
WECC_SCE,installed_4467,hydro,362880000000.0,600000.0
WECC_SCE,installed_4505,hydro,435456000000.0,720000.0
WECC_SCE,installed_4506,hydro,556416000000.0,920000.0
WECC_SCE,installed_4523,hydro,580608000000.0,960000.0
WECC_SCE,installed_4524,hydro,508032000000.0,840000.0
WECC_SCE,installed_4525,hydro,4959360000000.0,8200000.0
WECC_SCE,installed_4526,hydro,4765824000000.0,7880000.0
WECC_SCE,installed_4564,hydro,1596672000000.0,2640000.0
WECC_SCE,installed_4565,hydro,1596672000000.0,2640000.0
WECC_SCE,installed_4566,hydro,1596672000000.0,2640000.0
WECC_SCE,installed_4567,hydro,1596672000000.0,2640000.0
WECC_SCE,installed_4631,natural gas,13271667729593.348,21943895.055544555
WECC_SCE,installed_4632,natural gas,7956000000000.0,13154761.904761905
WECC_SCE,installed_4633,natural gas,0.0,0.0
WECC_SCE,installed_4634,natural gas,0.0,0.0
WECC_SCE,installed_4656,hydro,362880000000.0,600000.0
WECC_SCE,installed_4657,hydro,362880000000.0,600000.0
WECC_SCE,installed_4683,hydro,19353600000000.0,32000000.0
WECC_SCE,installed_4684,hydro,19353600000000.0,32000000.0
WECC_SCE,installed_4793,hydro,2733696000000.0,4520000.0
WECC_SCE,installed_4794,hydro,2612736000000.0,4320000.0
WECC_SCE,installed_4813,hydro,1427328000000.0,2360000.0
WECC_SCE,installed_4814,hydro,1330560000000.0,2200000.0
WECC_SCE,installed_4819,natural gas,0.0,0.0
WECC_SCE,installed_4820,natural gas,0.0,0.0
WECC_SCE,installed_4821,natural gas,0.0,0.0
WECC_SCE,installed_4822,natural gas,0.0,0.0
WECC_SCE,installed_4823,natural gas,0.0,0.0
WECC_SCE,installed_4824,natural gas,0.0,0.0
WECC_SCE,installed_4861,hydro,193536000000.0,320000.0
WECC_SCE,installed_4862,hydro,193536000000.0,320000.0
WECC_SCE,installed_4863,hydro,193536000000.0,320000.0
WECC_SCE,installed_4864,hydro,193536000000.0,320000.0
WECC_SCE,installed_4879,hydro,749952000000.0,1240000.0
WECC_SCE,installed_4922,hydro,314496000000.0,520000.0
WECC_SCE,installed_4923,hydro,314496000000.0,520000.0
WECC_SCE,installed_5706,natural gas,308880000000.0,510714.28571428574
WECC_SCE,installed_5707,natural gas,0.0,0.0
WECC_SCE,installed_5708,natural gas,23958720000000.0,39614285.71428572
WECC_SCE,installed_5709,natural gas,0.0,0.0
WECC_SCE,installed_5710,natural gas,10526400000000.0,17404761.904761903
WECC_SCE,installed_5711,natural gas,4032000000000.0,6666666.666666667
WECC_SCE,installed_5750,hydro,13789440000000.0,22800000.0
WECC_SCE,installed_5751,hydro,13789440000000.0,22800000.0
WECC_SCE,installed_5752,hydro,17902080000000.0,29600000.0
WECC_SCE,installed_5753,hydro,17902080000000.0,29600000.0
WECC_SCE,installed_5845,hydro,677376000000.0,1120000.0
WECC_SCE,installed_5850,hydro,677376000000.0,1120000.0
WECC_SCE,installed_5851,hydro,1911168000000.0,3160000.0
WECC_SCE,installed_5852,hydro,459648000000.0,760000.0
WECC_SCE,installed_5853,hydro,749952000000.0,1240000.0
WECC_SCE,installed_5855,hydro,991872000000.0,1640000.0
WECC_SCE,installed_5969,natural gas,10629790137006.924,17575711.20536859
WECC_SCE,installed_5990,natural gas,810000000000.0,1339285.7142857143
WECC_SCE,installed_5991,natural gas,37526702798889.76,62048119.707159
WECC_SCE,installed_5992,natural gas,810000000000.0,1339285.7142857143
WECC_SCE,installed_5993,natural gas,270000000000.0,446428.5714285714
WECC_SCE,installed_6056,natural gas,3150669039035.451,5209439.5486697275
WECC_SCE,installed_6057,natural gas,11140735994925.957,18420529.09213948
WECC_SCE,installed_6058,natural gas,295200000000.0,488095.2380952381
WECC_SCE,installed_6059,natural gas,1476000000000.0,2440476.1904761903
WECC_SCE,installed_6060,natural gas,5648328305463.93,9339167.171732688
WECC_SCE,installed_6061,natural gas,0.0,0.0
WECC_SCE,installed_6069,hydro,241920000000.0,400000.0
WECC_SCE,installed_6087,wind,2364194615388.48,3909051.943433333
WECC_SCE,installed_6095,wind,12422039503550.4,20539086.480738096
WECC_SCE,installed_6110,battery,4439590678262.914,7340593.052683391
WECC_SCE,installed_6168,hydro,290304000000.0,480000.0
WECC_SCE,installed_6180,wind,6211019753807.039,10269543.243728569
WECC_SCE,installed_6265,natural gas,0.0,0.0
WECC_SCE,installed_6266,natural gas,8031600000000.0,13279761.904761905
WECC_SCE,installed_6288,wind,8695427654517.12,14377360.539876191
WECC_SCE,installed_6289,wind,1362417236083.008,2252674.00146
WECC_SCE,installed_6320,wind,601066427420.736,993826.764915238
WECC_SCE,installed_6321,wind,7853934653202.24,12986003.064157143
WECC_SCE,installed_6322,wind,7613508082559.039,12588472.35872857
WECC_SCE,installed_6323,wind,19995476491002.242,33061303.72189524
WECC_SCE,installed_6324,wind,30814672190264.64,50950185.49977619
WECC_SCE,installed_6329,natural gas,2617920000000.0,4328571.428571428
WECC_SCE,installed_6330,natural gas,0.0,0.0
WECC_SCE,installed_6331,natural gas,910800000000.0,1505952.380952381
WECC_SCE,installed_6335,wind,15908224786004.158,26303281.722890474
WECC_SCE,installed_6336,wind,8014219033631.038,13251023.534442853
WECC_SCE,installed_6410,natural gas,10800000000.0,17857.14285714286
WECC_SCE,installed_6411,natural gas,378000000000.0,625000.0
WECC_SCE,installed_6412,natural gas,10800000000.0,17857.14285714286
WECC_SCE,installed_6477,wind,17390855304970.56,28754721.073033333
WECC_SCE,installed_6522,wind,1402488331190.208,2318929.1190314284
WECC_SCE,installed_6523,wind,1682985997346.9758,2782714.9427033328
WECC_SCE,installed_6524,wind,9256422986017.92,15304932.18587619
WECC_SCE,installed_6525,wind,1482630521404.608,2451439.354174285
WECC_SCE,installed_6577,wind,1202132855247.8398,1987653.5305023808
WECC_SCE,installed_6578,wind,12021328552478.402,19876535.30502381
WECC_SCE,installed_6579,wind,10017773793054.719,16563779.41973333
WECC_SCE,installed_6580,wind,12021328552478.402,19876535.30502381
WECC_SCE,installed_6592,waste,5624640000000.0,9300000.0
WECC_SCE,installed_6593,waste,5624640000000.0,9300000.0
WECC_SCE,installed_6594,waste,5624640000000.0,9300000.0
WECC_SCE,installed_6597,natural gas,324000000000.0,535714.2857142857
WECC_SCE,installed_6598,natural gas,93600000000.0,154761.90476190476
WECC_SCE,installed_6599,natural gas,464400000000.0,767857.1428571428
WECC_SCE,installed_6600,natural gas,293760000000.0,485714.28571428574
WECC_SCE,installed_6786,non-fossil,2116800000000.0,3500000.0
WECC_SCE,installed_6795,natural gas,69120000000.0,114285.71428571429
WECC_SCE,installed_6796,natural gas,1175040000000.0,1942857.142857143
WECC_SCE,installed_6816,natural gas,5362560000000.0,8866666.666666666
WECC_SCE,installed_6817,natural gas,141120000000.0,233333.33333333334
WECC_SCE,installed_6826,wind,11620617601406.4,19213984.129309524
WECC_SCE,installed_6827,wind,9416707366446.72,15569952.656161908
WECC_SCE,installed_6828,wind,9015996415374.72,14907401.480447622
WECC_SCE,installed_6835,wind,8815640939838.719,14576125.892590474
WECC_SCE,installed_6836,wind,7373081511915.839,12190941.653299998
WECC_SCE,installed_6837,wind,5650024418242.56,9341971.591009524
WECC_SCE,installed_6838,wind,8495072178981.12,14046084.952019047
WECC_SCE,installed_6839,wind,721279713148.704,1192592.1183014284
WECC_SCE,installed_6914,waste,1588825945929.6,2627027.0270000002
WECC_SCE,installed_6915,hydro,895104000000.0,1480000.0
WECC_SCE,installed_6916,hydro,266112000000.0,440000.0
WECC_SCE,installed_7050,wind,6411375229343.04,10600818.831585715
WECC_SCE,installed_7067,wind,3005332137916.4165,4969133.825920001
WECC_SCE,installed_7068,wind,1202132855247.8398,1987653.5305023808
WECC_SCE,installed_7069,wind,1803199282668.5762,2981480.2954176194
WECC_SCE,installed_7115,hydro,5322240000000.0,8800000.0
WECC_SCE,installed_7173,wind,19835192110573.44,32796283.251609523
WECC_SCE,installed_7322,wind,11500404316084.799,19015218.77659524
WECC_SCE,installed_7323,wind,3646469660850.72,6029215.709078572
WECC_SCE,installed_7324,wind,3846825136793.088,6360491.297607619
WECC_SCE,installed_7377,wind,2925189947702.016,4836623.590777143
WECC_SCE,installed_7378,wind,2163839139446.1113,3577776.3549042847
WECC_SCE,installed_7379,wind,4648247040562.56,7685593.65172381
WECC_SCE,installed_7460,wind,2604621186438.048,4306582.64953381
WECC_SCE,installed_7644,wind,3325900899586.752,5499174.767835238
WECC_SCE,installed_7645,wind,5449668942706.56,9010696.00315238
WECC_SCE,installed_7682,wind,18793343637786.24,31073650.19475238
WECC_SCE,installed_8039,waste,794412973267.2002,1313513.5140000004
WECC_SCE,installed_8040,waste,794412973267.2002,1313513.5140000004
WECC_SCE,installed_8403,natural gas,0.0,0.0
WECC_SCE,installed_8404,natural gas,0.0,0.0
WECC_SCE,installed_8405,natural gas,0.0,0.0
WECC_SCE,installed_8499,wind,16028438071325.76,26502047.075604763
WECC_SCE,installed_8575,wind,6611730704879.04,10932094.419442857
WECC_SCE,installed_8766,natural gas,0.0,0.0
WECC_SCE,installed_8767,natural gas,0.0,0.0
WECC_SCE,installed_8768,natural gas,0.0,0.0
WECC_SCE,installed_8769,natural gas,0.0,0.0
WECC_SCE,installed_8790,natural gas,6556680000000.0,10841071.42857143
WECC_SCE,installed_8791,natural gas,2056320000000.0,3400000.0
WECC_SCE,installed_8792,natural gas,0.0,0.0
WECC_SCE,installed_8850,waste,794412973267.2002,1313513.5140000004
WECC_SCE,installed_8919,natural gas,1260000000000.0,2083333.3333333333
WECC_SCE,installed_8920,natural gas,2171798398256.021,3590936.5050529446
WECC_SCE,installed_8921,natural gas,2330164544789.83,3852785.292311227
WECC_SCE,installed_8922,natural gas,2473602470324.0645,4089951.1744776196
WECC_SCE,installed_8923,natural gas,7057944363454.947,11669881.553331593
WECC_SCE,installed_8988,wind,8895783130053.12,14708636.127733333
WECC_SCE,installed_8989,wind,17791566256042.562,29417272.24874762
WECC_SCE,installed_9080,waste,294227026732.7999,486486.4859999999
WECC_SCE,installed_9144,natural gas,1539000000000.0,2544642.8571428573
WECC_SCE,installed_9145,natural gas,34200000000.0,56547.619047619046
WECC_SCE,installed_9146,natural gas,136800000000.0,226190.47619047618
WECC_SCE,installed_9147,natural gas,0.0,0.0
WECC_SCE,installed_9148,natural gas,615600000000.0,1017857.1428571428
WECC_SCE,installed_9149,natural gas,1573200000000.0,2601190.476190476
WECC_SCE,installed_9150,natural gas,1949400000000.0,3223214.285714286
WECC_SCE,installed_9151,natural gas,0.0,0.0
WECC_SCE,installed_9160,natural gas,6776943668631.04,11205264.002366137
WECC_SCE,installed_9248,wind,16429149022397.758,27164598.251319043
WECC_SCE,installed_9249,wind,24643723531564.797,40746897.37361904
WECC_SCE,installed_9275,natural gas,97200000000.0,160714.2857142857
WECC_SCE,installed_9276,natural gas,77760000000.0,128571.42857142857
WECC_SCE,installed_9277,natural gas,9435459459297.348,15600958.100690058
WECC_SCE,installed_9278,natural gas,9374400000000.0,15500000.0
WECC_SCE,installed_9279,natural gas,4411383964774.406,7293954.968211651
WECC_SCE,installed_9285,natural gas,0.0,0.0
WECC_SCE,installed_9315,waste,1512000000000.0,2500000.0
WECC_SCE,installed_9316,waste,1814400000000.0,3000000.0
WECC_SCE,installed_9317,waste,181440000000.0,300000.0
WECC_SCE,installed_9340,wind,8975925320267.52,14841146.362876192
WECC_SCE,installed_9373,hydro,241920000000.0,400000.0
WECC_SCE,installed_9389,natural gas,7070725938411.015,11691015.109806571
WECC_SCE,installed_9390,natural gas,720000000000.0,1190476.1904761905
WECC_SCE,installed_9391,natural gas,9849600000000.0,16285714.285714285
WECC_SCE,installed_9392,natural gas,0.0,0.0
WECC_SCE,installed_9393,natural gas,0.0,0.0
WECC_SCE,installed_9394,natural gas,1548000000000.0,2559523.8095238097
WECC_SCE,installed_9395,natural gas,252000000000.0,416666.6666666667
WECC_SCE,installed_9396,natural gas,72000000000.0,119047.61904761905
WECC_SCE,installed_9420,waste,382495134873.60004,632432.432
WECC_SCE,installed_9421,waste,382495134873.60004,632432.432
WECC_SCE,installed_9578,wind,961706284198.272,1590122.8244019048
WECC_SCE,installed_9579,wind,641137522934.304,1060081.8831585713
WECC_SCE,installed_9628,wind,24042657104956.805,39753070.61004762
WECC_SCE,installed_9686,natural gas,146880000000.0,242857.14285714287
WECC_SCE,installed_9687,natural gas,0.0,0.0
WECC_SCE,installed_9688,natural gas,8640000000.0,14285.714285714286
WECC_SCE,installed_9689,natural gas,0.0,0.0
WECC_SCE,installed_9690,natural gas,21600000000.0,35714.28571428572
WECC_SCE,installed_9691,natural gas,0.0,0.0
WECC_SCE,installed_9692,natural gas,324000000000.0,535714.2857142857
WECC_SCE,installed_9711,natural gas,378000000000.0,625000.0
WECC_SCE,installed_9712,natural gas,453600000000.0,750000.0
WECC_SCE,installed_9869,natural gas,705600000000.0,1166666.6666666667
WECC_SCE,installed_9870,natural gas,0.0,0.0
WECC_SCE,installed_9871,battery,2220763713175.0,3671897.673900463
WECC_SCE,installed_9872,natural gas,13230000000000.0,21875000.0
WECC_SCE,installed_9873,natural gas,882000000000.0,1458333.3333333333
WECC_SCE,installed_9874,natural gas,10188429266323.344,16845947.860984366
WECC_SCE,installed_9875,battery,2298778292590.652,3800890.03404539
WECC_SCE,installed_10091,wind,2965261042809.216,4902878.70834857
WECC_SCE,installed_10656,wind,18031992826685.758,29814802.954176188
WECC_SCE,installed_10691,solar,48334139522.13601,79917.55873369049
WECC_SCE,installed_10692,solar,48334139522.13601,79917.55873369049
WECC_SCE,installed_10750,solar,36250604581.082405,59938.16895020239
WECC_SCE,installed_10751,solar,36250604581.082405,59938.16895020239
WECC_SCE,installed_10752,solar,36250604581.082405,59938.16895020239
WECC_SCE,installed_10753,solar,36250604581.082405,59938.16895020239
WECC_SCE,installed_10864,waste,1996800000249.6,3301587.302
WECC_SCE,installed_10865,waste,1996800000249.6,3301587.302
WECC_SCE,installed_10918,solar,2537542324306.944,4195671.832518095
WECC_SCE,installed_11021,solar,60417674342.15039,99896.9483170476
WECC_SCE,installed_11022,solar,60417674342.15039,99896.9483170476
WECC_SCE,installed_11038,solar,108751813864.28639,179814.5070507381
WECC_SCE,installed_11041,solar,108751813864.28639,179814.5070507381
WECC_SCE,installed_11043,solar,108751813864.28639,179814.5070507381
WECC_SCE,installed_11045,solar,108751813864.28639,179814.5070507381
WECC_SCE,installed_11046,solar,108751813864.28639,179814.5070507381
WECC_SCE,installed_11114,natural gas,0.0,0.0
WECC_SCE,installed_11115,natural gas,12605246652139.957,20842008.353406016
WECC_SCE,installed_11116,natural gas,0.0,0.0
WECC_SCE,installed_11117,natural gas,0.0,0.0
WECC_SCE,installed_11168,solar,16098213600000.0,26617416.666666668
WECC_SCE,installed_11169,solar,16098213600000.0,26617416.666666668
WECC_SCE,installed_11170,solar,16098213600000.0,26617416.666666668
WECC_SCE,installed_11191,waste,604800000000.0,1000000.0
WECC_SCE,installed_11192,waste,499199999760.00006,825396.8250000002
WECC_SCE,installed_11208,natural gas,3402000000000.0,5625000.0
WECC_SCE,installed_11209,natural gas,19800000000.0,32738.095238095237
WECC_SCE,installed_11242,waste,1647360000115.2002,2723809.524
WECC_SCE,installed_11243,waste,1647360000115.2002,2723809.524
WECC_SCE,installed_11244,waste,1647360000115.2002,2723809.524
WECC_SCE,installed_11330,solar,60417674342.15039,99896.9483170476
WECC_SCE,installed_11331,solar,60417674342.15039,99896.9483170476
WECC_SCE,installed_11332,solar,60417674342.15039,99896.9483170476
WECC_SCE,installed_11333,solar,60417674342.15039,99896.9483170476
WECC_SCE,installed_11334,solar,60417674342.15039,99896.9483170476
WECC_SCE,installed_11335,solar,60417674342.15039,99896.9483170476
WECC_SCE,installed_11336,solar,60417674342.15039,99896.9483170476
WECC_SCE,installed_11337,solar,60417674342.15039,99896.9483170476
WECC_SCE,installed_11338,solar,60417674342.15039,99896.9483170476
WECC_SCE,installed_11339,solar,60417674342.15039,99896.9483170476
WECC_SCE,installed_11340,solar,60417674342.15039,99896.9483170476
WECC_SCE,installed_11341,solar,60417674342.15039,99896.9483170476
WECC_SCE,installed_11342,solar,60417674342.15039,99896.9483170476
WECC_SCE,installed_11343,solar,60417674342.15039,99896.9483170476
WECC_SCE,installed_11344,solar,60417674342.15039,99896.9483170476
WECC_SCE,installed_11345,solar,60417674342.15039,99896.9483170476
WECC_SCE,installed_11346,solar,60417674342.15039,99896.9483170476
WECC_SCE,installed_11347,solar,60417674342.15039,99896.9483170476
WECC_SCE,installed_11348,solar,60417674342.15039,99896.9483170476
WECC_SCE,installed_11349,solar,60417674342.15039,99896.9483170476
WECC_SCE,installed_11350,solar,60417674342.15039,99896.9483170476
WECC_SCE,installed_11351,solar,60417674342.15039,99896.9483170476
WECC_SCE,installed_11352,solar,60417674342.15039,99896.9483170476
WECC_SCE,installed_11353,solar,60417674342.15039,99896.9483170476
WECC_SCE,installed_11354,solar,60417674342.15039,99896.9483170476
WECC_SCE,installed_11355,solar,60417674342.15039,99896.9483170476
WECC_SCE,installed_11356,solar,60417674342.15039,99896.9483170476
WECC_SCE,installed_11357,solar,60417674342.15039,99896.9483170476
WECC_SCE,installed_11358,solar,60417674342.15039,99896.9483170476
WECC_SCE,installed_11359,solar,60417674342.15039,99896.9483170476
WECC_SCE,installed_11360,solar,60417674342.15039,99896.9483170476
WECC_SCE,installed_11361,solar,60417674342.15039,99896.9483170476
WECC_SCE,installed_11362,solar,60417674342.15039,99896.9483170476
WECC_SCE,installed_11363,solar,60417674342.15039,99896.9483170476
WECC_SCE,installed_11364,solar,60417674342.15039,99896.9483170476
WECC_SCE,installed_11365,solar,60417674342.15039,99896.9483170476
WECC_SCE,installed_11366,solar,60417674342.15039,99896.9483170476
WECC_SCE,installed_11367,solar,60417674342.15039,99896.9483170476
WECC_SCE,installed_11368,solar,60417674342.15039,99896.9483170476
WECC_SCE,installed_11369,solar,60417674342.15039,99896.9483170476
WECC_SCE,installed_11370,solar,60417674342.15039,99896.9483170476
WECC_SCE,installed_11371,solar,60417674342.15039,99896.9483170476
WECC_SCE,installed_11372,solar,60417674342.15039,99896.9483170476
WECC_SCE,installed_11373,solar,60417674342.15039,99896.9483170476
WECC_SCE,installed_11374,solar,60417674342.15039,99896.9483170476
WECC_SCE,installed_11375,solar,60417674342.15039,99896.9483170476
WECC_SCE,installed_11376,solar,60417674342.15039,99896.9483170476
WECC_SCE,installed_11377,solar,60417674342.15039,99896.9483170476
WECC_SCE,installed_11378,solar,60417674342.15039,99896.9483170476
WECC_SCE,installed_11379,solar,60417674342.15039,99896.9483170476
WECC_SCE,installed_11380,solar,60417674342.15039,99896.9483170476
WECC_SCE,installed_11381,solar,60417674342.15039,99896.9483170476
WECC_SCE,installed_11382,solar,60417674342.15039,99896.9483170476
WECC_SCE,installed_11383,solar,60417674342.15039,99896.9483170476
WECC_SCE,installed_11384,solar,60417674342.15039,99896.9483170476
WECC_SCE,installed_11385,solar,60417674342.15039,99896.9483170476
WECC_SCE,installed_11386,solar,60417674342.15039,99896.9483170476
WECC_SCE,installed_11387,solar,60417674342.15039,99896.9483170476
WECC_SCE,installed_11388,solar,60417674342.15039,99896.9483170476
WECC_SCE,installed_11389,solar,60417674342.15039,99896.9483170476
WECC_SCE,installed_11390,solar,60417674342.15039,99896.9483170476
WECC_SCE,installed_11391,solar,60417674342.15039,99896.9483170476
WECC_SCE,installed_11392,solar,60417674342.15039,99896.9483170476
WECC_SCE,installed_11393,solar,60417674342.15039,99896.9483170476
WECC_SCE,installed_11394,solar,60417674342.15039,99896.9483170476
WECC_SCE,installed_11395,solar,60417674342.15039,99896.9483170476
WECC_SCE,installed_11396,solar,60417674342.15039,99896.9483170476
WECC_SCE,installed_11397,solar,60417674342.15039,99896.9483170476
WECC_SCE,installed_11398,solar,60417674342.15039,99896.9483170476
WECC_SCE,installed_11404,solar,60417674342.15039,99896.9483170476
WECC_SCE,installed_11405,solar,60417674342.15039,99896.9483170476
WECC_SCE,installed_11406,solar,60417674342.15039,99896.9483170476
WECC_SCE,installed_11407,solar,60417674342.15039,99896.9483170476
WECC_SCE,installed_11408,solar,60417674342.15039,99896.9483170476
WECC_SCE,installed_11409,solar,60417674342.15039,99896.9483170476
WECC_SCE,installed_11410,solar,60417674342.15039,99896.9483170476
WECC_SCE,installed_11411,solar,60417674342.15039,99896.9483170476
WECC_SCE,installed_11412,solar,60417674342.15039,99896.9483170476
WECC_SCE,installed_11413,solar,60417674342.15039,99896.9483170476
WECC_SCE,installed_11414,solar,60417674342.15039,99896.9483170476
WECC_SCE,installed_11415,solar,60417674342.15039,99896.9483170476
WECC_SCE,installed_11416,solar,60417674342.15039,99896.9483170476
WECC_SCE,installed_11417,solar,60417674342.15039,99896.9483170476
WECC_SCE,installed_11418,solar,60417674342.15039,99896.9483170476
WECC_SCE,installed_11419,solar,60417674342.15039,99896.9483170476
WECC_SCE,installed_11420,solar,60417674342.15039,99896.9483170476
WECC_SCE,installed_11421,solar,60417674342.15039,99896.9483170476
WECC_SCE,installed_11422,solar,60417674342.15039,99896.9483170476
WECC_SCE,installed_11423,solar,60417674342.15039,99896.9483170476
WECC_SCE,installed_11424,solar,60417674342.15039,99896.9483170476
WECC_SCE,installed_11425,solar,60417674342.15039,99896.9483170476
WECC_SCE,installed_11426,solar,60417674342.15039,99896.9483170476
WECC_SCE,installed_11441,solar,120835348805.34003,199793.89683422624
WECC_SCE,installed_11469,wind,60106642742073.61,99382676.49152382
WECC_SCE,installed_11478,wind,60106642742073.61,99382676.49152382
WECC_SCE,installed_11479,wind,60106642742073.61,99382676.49152382
WECC_SCE,installed_11480,wind,40872517090617.6,67580220.0572381
WECC_SCE,installed_11481,wind,67319439902006.414,111308597.72157145
WECC_SCE,installed_11507,wind,3205687613858.7837,5300409.414449046
WECC_SCE,installed_11508,wind,2604621186438.048,4306582.64953381
WECC_SCE,installed_11512,solar,1208353487932.361,1997938.9681421313
WECC_SCE,installed_11513,solar,1027100464784.8705,1698248.1229908573
WECC_SCE,installed_11532,solar,16703409600000.0,27618071.42857143
WECC_SCE,installed_11533,solar,16703409600000.0,27618071.42857143
WECC_SCE,installed_11602,solar,29181736731950.64,48250226.077960715
WECC_SCE,installed_11617,solar,30259800000000.0,50032738.0952381
WECC_SCE,installed_11657,natural gas,40320000000.0,66666.66666666667
WECC_SCE,installed_11682,solar,60417674342.15039,99896.9483170476
WECC_SCE,installed_11683,solar,60417674342.15039,99896.9483170476
WECC_SCE,installed_11684,solar,60417674342.15039,99896.9483170476
WECC_SCE,installed_11685,solar,60417674342.15039,99896.9483170476
WECC_SCE,installed_11686,solar,60417674342.15039,99896.9483170476
WECC_SCE,installed_11687,solar,60417674342.15039,99896.9483170476
WECC_SCE,installed_11688,solar,60417674342.15039,99896.9483170476
WECC_SCE,installed_11689,solar,60417674342.15039,99896.9483170476
WECC_SCE,installed_11690,solar,60417674342.15039,99896.9483170476
WECC_SCE,installed_11691,solar,60417674342.15039,99896.9483170476
WECC_SCE,installed_11718,wind,19634836635037.44,32465007.663752384
WECC_SCE,installed_11740,natural gas,1440000000000.0,2380952.380952381
WECC_SCE,installed_11741,natural gas,0.0,0.0
WECC_SCE,installed_11742,natural gas,0.0,0.0
WECC_SCE,installed_11743,natural gas,7174601186287.381,11862766.511718553
WECC_SCE,installed_11744,natural gas,0.0,0.0
WECC_SCE,installed_11745,natural gas,0.0,0.0
WECC_SCE,installed_11746,natural gas,1440000000000.0,2380952.380952381
WECC_SCE,installed_11747,natural gas,1800000000000.0,2976190.476190476
WECC_SCE,installed_11752,wind,75734369874518.4,125222172.41157143
WECC_SCE,installed_11801,solar,60417674342.15039,99896.9483170476
WECC_SCE,installed_11802,solar,60417674342.15039,99896.9483170476
WECC_SCE,installed_11803,solar,60417674342.15039,99896.9483170476
WECC_SCE,installed_11804,solar,60417674342.15039,99896.9483170476
WECC_SCE,installed_11805,solar,60417674342.15039,99896.9483170476
WECC_SCE,installed_11806,solar,60417674342.15039,99896.9483170476
WECC_SCE,installed_11807,solar,60417674342.15039,99896.9483170476
WECC_SCE,installed_11808,solar,60417674342.15039,99896.9483170476
WECC_SCE,installed_11809,solar,60417674342.15039,99896.9483170476
WECC_SCE,installed_11810,solar,60417674342.15039,99896.9483170476
WECC_SCE,installed_11811,solar,60417674342.15039,99896.9483170476
WECC_SCE,installed_11812,solar,60417674342.15039,99896.9483170476
WECC_SCE,installed_11813,solar,60417674342.15039,99896.9483170476
WECC_SCE,installed_11814,solar,60417674342.15039,99896.9483170476
WECC_SCE,installed_11815,solar,60417674342.15039,99896.9483170476
WECC_SCE,installed_11816,solar,60417674342.15039,99896.9483170476
WECC_SCE,installed_11817,solar,60417674342.15039,99896.9483170476
WECC_SCE,installed_11818,solar,60417674342.15039,99896.9483170476
WECC_SCE,installed_11819,solar,60417674342.15039,99896.9483170476
WECC_SCE,installed_11820,solar,60417674342.15039,99896.9483170476
WECC_SCE,installed_11821,solar,60417674342.15039,99896.9483170476
WECC_SCE,installed_11822,natural gas,115920000000.0,191666.66666666666
WECC_SCE,installed_11844,wind,721279713148.704,1192592.1183014284
WECC_SCE,installed_11869,natural gas,1983600000000.0,3279761.904761905
WECC_SCE,installed_11909,wind,31736307377730.24,52474053.203919046
WECC_SCE,installed_11936,solar,7250120928320.4,11987633.810053572
WECC_SCE,installed_11937,solar,2416706976106.8,3995877.9366845232
WECC_SCE,installed_11942,solar,181253023147.4904,299690.8451512738
WECC_SCE,installed_11994,solar,108751813864.28639,179814.5070507381
WECC_SCE,installed_12025,waste,3447360000000.0,5700000.0
WECC_SCE,installed_12044,solar,13291888362535.441,21977328.641758334
WECC_SCE,installed_12056,solar,483341395221.3601,799175.587336905
WECC_SCE,installed_12077,solar,290004837132.816,479505.35240214283
WECC_SCE,installed_12093,wind,56099533231353.6,92757164.73438095
WECC_SCE,installed_12100,solar,1341272372041.8718,2217712.255360238
WECC_SCE,installed_12113,solar,145002418566.408,239752.67620107142
WECC_SCE,installed_12114,wind,48085314209913.61,79506141.22009525
WECC_SCE,installed_12135,wind,400710951884.73596,662551.1770580952
WECC_SCE,installed_12172,solar,120835348805.34003,199793.89683422624
WECC_SCE,installed_12181,wind,60106642742073.61,99382676.49152382
WECC_SCE,installed_12182,wind,67319439902006.414,111308597.72157145
WECC_SCE,installed_12183,wind,60106642742073.61,99382676.49152382
WECC_SCE,installed_12185,wind,52893845622777.6,87456755.32866666
WECC_SCE,installed_12250,solar,120835348805.34003,199793.89683422624
WECC_SCE,installed_12314,solar,60417674342.15039,99896.9483170476
WECC_SCE,installed_12315,solar,60417674342.15039,99896.9483170476
WECC_SCE,installed_12316,solar,60417674342.15039,99896.9483170476
WECC_SCE,installed_12317,solar,60417674342.15039,99896.9483170476
WECC_SCE,installed_12318,solar,60417674342.15039,99896.9483170476
WECC_SCE,installed_12319,solar,60417674342.15039,99896.9483170476
WECC_SCE,installed_12320,solar,60417674342.15039,99896.9483170476
WECC_SCE,installed_12321,solar,60417674342.15039,99896.9483170476
WECC_SCE,installed_12322,solar,60417674342.15039,99896.9483170476
WECC_SCE,installed_12323,solar,60417674342.15039,99896.9483170476
WECC_SCE,installed_12331,solar,181253023147.4904,299690.8451512738
WECC_SCE,installed_12374,wind,40872517090617.6,67580220.0572381
WECC_SCE,installed_12411,solar,4869664555947.408,8051694.040918333
WECC_SCE,installed_12412,solar,3649227533316.072,6033775.683392976
WECC_SCE,installed_12413,solar,2440874045262.672,4035836.7150507146
WECC_SCE,installed_12414,solar,4869664555947.408,8051694.040918333
WECC_SCE,installed_12415,solar,4869664555947.408,8051694.040918333
WECC_SCE,installed_12416,solar,3649227533316.072,6033775.683392976
WECC_SCE,installed_12417,solar,3045050789894.5674,5034806.2002225
WECC_SCE,installed_12418,solar,3045050789894.5674,5034806.2002225
WECC_SCE,installed_12419,solar,2440874045262.672,4035836.7150507146
WECC_SCE,installed_12420,solar,2283788092118.328,3776104.649666548
WECC_SCE,installed_12421,solar,2742962418183.816,4535321.458637262
WECC_SCE,installed_12435,solar,2416706976106.8,3995877.9366845232
WECC_SCE,installed_12436,solar,6041767440267.001,9989694.84171131
WECC_SCE,installed_12443,waste,4112640000000.0,6800000.0
WECC_SCE,installed_12444,waste,4112640000000.0,6800000.0
WECC_SCE,installed_12445,waste,4112640000000.0,6800000.0
WECC_SCE,installed_12446,waste,4112640000000.0,6800000.0
WECC_SCE,installed_12447,waste,6048000000000.0,10000000.0
WECC_SCE,installed_12476,solar,181253023147.4904,299690.8451512738
WECC_SCE,installed_12480,solar,181253023147.4904,299690.8451512738
WECC_SCE,installed_12508,solar,241670697610.68005,399587.7936684525
WECC_SCE,installed_12509,solar,120835348805.34003,199793.89683422624
WECC_SCE,installed_12510,solar,120835348805.34003,199793.89683422624
WECC_SCE,installed_12511,solar,120835348805.34003,199793.89683422624
WECC_SCE,installed_12535,wind,641137522934.304,1060081.8831585713
WECC_SCE,installed_12536,wind,641137522934.304,1060081.8831585713
WECC_SCE,installed_12537,wind,601066427420.736,993826.764915238
WECC_SCE,installed_12538,wind,601066427420.736,993826.764915238
WECC_SCE,installed_12546,wind,400710951884.73596,662551.1770580952
WECC_SCE,installed_12547,wind,400710951884.73596,662551.1770580952
WECC_SCE,installed_12548,wind,641137522934.304,1060081.8831585713
WECC_SCE,installed_12549,wind,641137522934.304,1060081.8831585713
WECC_SCE,installed_12555,natural gas,0.0,0.0
WECC_SCE,installed_12570,natural gas,23094753491.06552,38185.76966115331
WECC_SCE,installed_12571,natural gas,8640000000.0,14285.714285714286
WECC_SCE,installed_12572,natural gas,2880000000.0,4761.9047619047615
WECC_SCE,installed_12573,natural gas,54000000000.0,89285.71428571429
WECC_SCE,installed_12574,natural gas,24480000000.0,40476.19047619047
WECC_SCE,installed_12592,wind,64915174195574.4,107333290.66728571
WECC_SCE,installed_12600,natural gas,0.0,0.0
WECC_SCE,installed_12601,solar,36311760000.0,60039.28571428572
WECC_SCE,installed_12602,solar,36311760000.0,60039.28571428572
WECC_SCE,installed_12603,solar,242078400000.0,400261.90476190473
WECC_SCE,installed_12604,solar,36311760000.0,60039.28571428572
WECC_SCE,installed_12605,solar,121039200000.0,200130.95238095237
WECC_SCE,installed_12606,solar,157085953386.42236,259732.06578442853
WECC_SCE,installed_12625,solar,2416706976106.8,3995877.9366845232
WECC_SCE,installed_12663,solar,181253023147.4904,299690.8451512738
WECC_SCE,installed_12664,solar,1027100464784.8705,1698248.1229908573
WECC_SCE,installed_12667,solar,120835348805.34003,199793.89683422624
WECC_SCE,installed_12668,wind,2404265710495.6797,3975307.0610047616
WECC_SCE,installed_12669,solar,1425857115297.816,2357567.981643214
WECC_SCE,installed_12681,solar,108751813864.28639,179814.5070507381
WECC_SCE,installed_12750,solar,181253023147.4904,299690.8451512738
WECC_SCE,installed_12751,solar,181253023147.4904,299690.8451512738
WECC_SCE,installed_12756,natural gas,122400000000.0,202380.95238095237
WECC_SCE,installed_12757,natural gas,0.0,0.0
WECC_SCE,installed_12758,natural gas,0.0,0.0
WECC_SCE,installed_12765,solar,181253023147.4904,299690.8451512738
WECC_SCE,installed_12766,solar,181253023147.4904,299690.8451512738
WECC_SCE,installed_12767,solar,84584744103.2184,139855.72768389285
WECC_SCE,installed_12769,solar,120835348805.34003,199793.89683422624
WECC_SCE,installed_12770,solar,120835348805.34003,199793.89683422624
WECC_SCE,installed_12771,solar,181253023147.4904,299690.8451512738
WECC_SCE,installed_12772,solar,181253023147.4904,299690.8451512738
WECC_SCE,installed_12773,solar,60417674342.15039,99896.9483170476
WECC_SCE,installed_12774,solar,181253023147.4904,299690.8451512738
WECC_SCE,installed_12775,solar,181253023147.4904,299690.8451512738
WECC_SCE,installed_12776,solar,181253023147.4904,299690.8451512738
WECC_SCE,installed_12777,solar,120835348805.34003,199793.89683422624
WECC_SCE,installed_12778,solar,120835348805.34003,199793.89683422624
WECC_SCE,installed_12779,solar,120835348805.34003,199793.89683422624
WECC_SCE,installed_12780,solar,181253023147.4904,299690.8451512738
WECC_SCE,installed_12842,solar,2440874045262.672,4035836.7150507146
WECC_SCE,installed_12846,solar,2416706976106.8,3995877.9366845232
WECC_SCE,installed_12863,solar,4591743254602.92,7592168.079700595
WECC_SCE,installed_12864,solar,6355939346555.6875,10509158.972479641
WECC_SCE,installed_12865,solar,6355939346555.6875,10509158.972479641
WECC_SCE,installed_12866,solar,6887614881299.184,11388252.118550237
WECC_SCE,installed_12867,solar,3890898230926.7515,6433363.477061428
WECC_SCE,installed_12868,solar,1764196091952.768,2916990.8927790476
WECC_SCE,installed_12869,solar,7600543439553.288,12567036.110372499
WECC_SCE,installed_12870,solar,2295871626696.263,3796084.038849642
WECC_SCE,installed_12871,solar,7129285578909.863,11787839.91221869
WECC_SCE,installed_12872,solar,6645944183688.505,10988664.324881786
WECC_SCE,installed_12873,solar,5679261393245.783,9390313.150207976
WECC_SCE,installed_12874,solar,5195919998024.424,8591137.562871072
WECC_SCE,installed_12875,solar,6283438137877.681,10389282.635379763
WECC_SCE,installed_12880,wind,55298111329209.59,91432062.38295238
WECC_SCE,installed_12881,wind,36063985657435.195,59629605.91507142
WECC_SCE,installed_12900,solar,1208353487932.361,1997938.9681421313
WECC_SCE,installed_12901,solar,604176744026.7,998969.4841711308
WECC_SCE,installed_12902,solar,604176744026.7,998969.4841711308
WECC_SCE,installed_12924,natural gas,0.0,0.0
WECC_SCE,installed_12925,natural gas,0.0,0.0
WECC_SCE,installed_12926,natural gas,158400000000.0,261904.7619047619
WECC_SCE,installed_12956,solar,120835348805.34003,199793.89683422624
WECC_SCE,installed_12964,solar,181253023147.4904,299690.8451512738
WECC_SCE,installed_12965,solar,60417674342.15039,99896.9483170476
WECC_SCE,installed_12975,solar,5063001114035.951,8371364.275853095
WECC_SCE,installed_12976,solar,2537542324306.944,4195671.832518095
WECC_SCE,installed_12977,solar,4785079812691.464,7911838.314635358
WECC_SCE,installed_12978,solar,3794229951882.48,6273528.359594048
WECC_SCE,installed_12979,solar,3794229951882.48,6273528.359594048
WECC_SCE,installed_12980,solar,3250470882561.0483,5374455.824340357
WECC_SCE,installed_12981,solar,5063001114035.951,8371364.275853095
WECC_SCE,installed_12982,solar,4410490231092.3125,7292477.233948929
WECC_SCE,installed_13022,solar,2416706976106.8,3995877.9366845232
WECC_SCE,installed_13023,solar,2416706976106.8,3995877.9366845232
WECC_SCE,installed_13027,solar,604176744026.7,998969.4841711308
WECC_SCE,installed_13029,solar,1208353487932.361,1997938.9681421313
WECC_SCE,installed_13033,solar,483341395221.3601,799175.587336905
WECC_SCE,installed_13038,solar,483341395221.3601,799175.587336905
WECC_SCE,installed_13039,solar,265837767371.74802,439546.5730352976
WECC_SCE,installed_13059,solar,483341395221.3601,799175.587336905
WECC_SCE,installed_13074,solar,4724662137381.0,7811941.364717262
WECC_SCE,installed_13075,solar,4724662137381.0,7811941.364717262
WECC_SCE,installed_13076,solar,3202136743038.912,5294538.265606667
WECC_SCE,installed_13077,solar,1679611348696.8237,2777135.166496071
WECC_SCE,installed_13078,solar,2742962418183.816,4535321.458637262
WECC_SCE,installed_13079,solar,3504225114749.664,5794023.007191905
WECC_SCE,installed_13080,solar,3504225114749.664,5794023.007191905
WECC_SCE,installed_13081,solar,3045050789894.5674,5034806.2002225
WECC_SCE,installed_13082,solar,3045050789894.5674,5034806.2002225
WECC_SCE,installed_13132,solar,120835348805.34003,199793.89683422624
WECC_SCE,installed_13133,solar,181253023147.4904,299690.8451512738
WECC_SCE,installed_13139,solar,2235453952596.1924,3696187.0909328572
WECC_SCE,installed_13161,solar,181253023147.4904,299690.8451512738
WECC_SCE,installed_13163,solar,181253023147.4904,299690.8451512738
WECC_SCE,installed_13164,solar,181253023147.4904,299690.8451512738
WECC_SCE,installed_13190,solar,181253023147.4904,299690.8451512738
WECC_SCE,installed_13191,solar,181253023147.4904,299690.8451512738
WECC_SCE,installed_13201,solar,9183486507995.447,15184336.157399878
WECC_SCE,installed_13202,solar,4108401859381.5605,6792992.492363691
WECC_SCE,installed_13203,solar,4591743254602.92,7592168.079700595
WECC_SCE,installed_13204,solar,4591743254602.92,7592168.079700595
WECC_SCE,installed_13205,solar,4591743254602.92,7592168.079700595
WECC_SCE,installed_13206,solar,4591743254602.92,7592168.079700595
WECC_SCE,installed_13207,solar,4591743254602.92,7592168.079700595
WECC_SCE,installed_13254,non-fossil,544320000000.0,900000.0
WECC_SCE,installed_13255,non-fossil,544320000000.0,900000.0
WECC_SCE,installed_13267,solar,1450024185664.08,2397526.7620107145
WECC_SCE,installed_13268,solar,2416706976106.8,3995877.9366845232
WECC_SCE,installed_13279,solar,1450024185664.08,2397526.7620107145
WECC_SCE,installed_13282,solar,966682790321.6809,1598351.1744736787
WECC_SCE,installed_13311,solar,241670697610.68005,399587.7936684525
WECC_SCE,installed_13312,solar,241670697610.68005,399587.7936684525
WECC_SCE,installed_13397,solar,2005866789563.4478,3316578.6864475
WECC_SCE,installed_13487,natural gas,0.0,0.0
WECC_SCE,installed_13488,natural gas,1258560000000.0,2080952.380952381
WECC_SCE,installed_13489,natural gas,9000000000.0,14880.952380952382
WECC_SCE,installed_13559,solar,2392539905740.536,3955919.156317024
WECC_SCE,installed_13567,solar,5437590695635.104,8990725.356539523
WECC_SCE,installed_13570,solar,2416706976106.8,3995877.9366845232
WECC_SCE,installed_13571,solar,1812530231474.904,2996908.451512738
WECC_SCE,installed_13595,solar,1812530231474.904,2996908.451512738
WECC_SCE,installed_13596,solar,3262554417138.9844,5394435.213523453
WECC_SCE,installed_13704,solar,1450024185664.08,2397526.7620107145
WECC_SCE,installed_13760,solar,132918883625.35439,219773.28641758332
WECC_SCE,installed_13761,solar,132918883625.35439,219773.28641758332
WECC_SCE,installed_13804,solar,181253023147.4904,299690.8451512738
WECC_SCE,installed_13824,solar,181253023147.4904,299690.8451512738
WECC_SCE,installed_13825,solar,181253023147.4904,299690.8451512738
WECC_SCE,installed_13826,solar,181253023147.4904,299690.8451512738
WECC_SCE,installed_13833,solar,181253023147.4904,299690.8451512738
WECC_SCE,installed_13834,solar,181253023147.4904,299690.8451512738
WECC_SCE,installed_13852,wind,7934076843416.641,13118513.2993
WECC_SCE,installed_13853,wind,39670384221146.88,65592566.503219046
WECC_SCE,installed_13854,solar,2416706976106.8,3995877.9366845232
WECC_SCE,installed_13865,solar,2356289302006.7275,3895980.9887677375
WECC_SCE,installed_13866,solar,2356289302006.7275,3895980.9887677375
WECC_SCE,installed_13868,solar,1776279627741.096,2936970.2839634526
WECC_SCE,installed_13886,solar,181253023147.4904,299690.8451512738
WECC_SCE,installed_13887,solar,181253023147.4904,299690.8451512738
WECC_SCE,installed_13888,solar,181253023147.4904,299690.8451512738
WECC_SCE,installed_13889,solar,181253023147.4904,299690.8451512738
WECC_SCE,installed_13919,solar,4350072556992.24,7192580.286032143
WECC_SCE,installed_13920,solar,5437590695635.104,8990725.356539523
WECC_SCE,installed_13929,solar,6766779533099.039,11188458.222716665
WECC_SCE,installed_13930,solar,6766779533099.039,11188458.222716665
WECC_SCE,installed_13931,solar,6041767440267.001,9989694.84171131
WECC_SCE,installed_13936,solar,2416706976106.8,3995877.9366845232
WECC_SCE,installed_13950,solar,2175036278496.12,3596290.1430160715
WECC_SCE,installed_13960,solar,181253023147.4904,299690.8451512738
WECC_SCE,installed_13961,solar,120835348805.34003,199793.89683422624
WECC_SCE,installed_13978,solar,2356289302006.7275,3895980.9887677375
WECC_SCE,installed_14002,solar,181253023147.4904,299690.8451512738
WECC_SCE,installed_14003,solar,181253023147.4904,299690.8451512738
WECC_SCE,installed_14004,solar,181253023147.4904,299690.8451512738
WECC_SCE,installed_14008,solar,157085953386.42236,259732.06578442853
WECC_SCE,installed_14011,solar,2416706976106.8,3995877.9366845232
WECC_SCE,installed_14012,solar,120835348805.34003,199793.89683422624
WECC_SCE,installed_14013,solar,181253023147.4904,299690.8451512738
WECC_SCE,installed_14014,solar,181253023147.4904,299690.8451512738
WECC_SCE,installed_14015,solar,2416706976106.8,3995877.9366845232
WECC_SCE,installed_14017,solar,2416706976106.8,3995877.9366845232
WECC_SCE,installed_14022,solar,241670697610.68005,399587.7936684525
WECC_SCE,installed_14024,solar,181253023147.4904,299690.8451512738
WECC_SCE,installed_14025,solar,181253023147.4904,299690.8451512738
WECC_SCE,installed_14026,solar,181253023147.4904,299690.8451512738
WECC_SCE,installed_14057,solar,845847441637.3799,1398557.277839583
WECC_SCE,installed_14058,solar,2416706976106.8,3995877.9366845232
WECC_SCE,installed_14064,non-fossil,604800000000.0,1000000.0
WECC_SCE,installed_14072,waste,2056320000000.0,3400000.0
WECC_SCE,installed_14073,waste,2056320000000.0,3400000.0
WECC_SCE,installed_14074,waste,2056320000000.0,3400000.0
WECC_SCE,installed_14075,waste,2056320000000.0,3400000.0
WECC_SCE,installed_14076,waste,2056320000000.0,3400000.0
WECC_SCE,installed_14077,waste,2056320000000.0,3400000.0
WECC_SCE,installed_14078,waste,2056320000000.0,3400000.0
WECC_SCE,installed_14088,solar,2416706976106.8,3995877.9366845232
WECC_SCE,installed_14139,solar,2416706976106.8,3995877.9366845232
WECC_SCE,installed_14145,solar,12083534879323.61,19979389.68142131
WECC_SCE,installed_14149,solar,181253023147.4904,299690.8451512738
WECC_SCE,installed_14150,solar,181253023147.4904,299690.8451512738
WECC_SCE,installed_14151,solar,181253023147.4904,299690.8451512738
WECC_SCE,installed_14152,solar,217503627849.61203,359629.0143016072
WECC_SCE,installed_14153,solar,181253023147.4904,299690.8451512738
WECC_SCE,installed_14196,solar,302088371952.8304,499484.7419855
WECC_SCE,installed_14197,solar,120835348805.34003,199793.89683422624
WECC_SCE,installed_14198,solar,1570859533864.224,2597320.657844286
WECC_SCE,installed_14199,solar,2295871626696.263,3796084.038849642
WECC_SCE,installed_14205,solar,2416706976106.8,3995877.9366845232
WECC_SCE,installed_14206,solar,2416706976106.8,3995877.9366845232
WECC_SCE,installed_14242,solar,2416706976106.8,3995877.9366845232
WECC_SCE,installed_14268,battery,1843200000000.0,3047619.0476190476
WECC_SCE,installed_14365,solar,2416706976106.8,3995877.9366845232
WECC_SCE,installed_14436,natural gas,82800000000.0,136904.7619047619
WECC_SCE,installed_14440,natural gas,0.0,0.0
WECC_SCE,installed_14480,solar,18729479067853.676,30968054.014308326
WECC_SCE,installed_14528,solar,2416706976106.8,3995877.9366845232
WECC_SCE,installed_14534,natural gas,0.0,0.0
WECC_SCE,installed_14558,solar,120835348805.34003,199793.89683422624
WECC_SCE,installed_14587,solar,169169488327.476,279711.4555679167
WECC_SCE,installed_14617,solar,12083534879323.61,19979389.68142131
WECC_SCE,installed_14618,solar,9062651159795.305,14984542.26156631
WECC_SCE,installed_14647,solar,1812530231474.904,2996908.451512738
WECC_SCE,installed_14674,solar,120835348805.34003,199793.89683422624
WECC_SCE,installed_14676,solar,882098046218.4625,1458495.4467897858
WECC_SCE,installed_14719,solar,2416706976106.8,3995877.9366845232
WECC_SCE,installed_14720,solar,2416706976106.8,3995877.9366845232
WECC_SCE,installed_14724,solar,1812530231474.904,2996908.451512738
WECC_SCE,installed_14725,solar,2416706976106.8,3995877.9366845232
WECC_SCE,installed_14740,solar,2416706976106.8,3995877.9366845232
WECC_SCE,installed_14741,solar,4011733580337.2876,6633157.374896309
WECC_SCE,installed_14742,solar,4096318324803.625,6773013.103180598
WECC_SCE,installed_14743,solar,3866731161770.881,6393404.69869524
WECC_SCE,installed_14744,solar,3878814696348.8154,6413384.0878783325
WECC_SCE,installed_14745,solar,4676327997858.864,7732023.805983571
WECC_SCE,installed_14746,solar,4386323160726.047,7252518.453581427
WECC_SCE,installed_14747,solar,4205070138425.8325,6952827.609831072
WECC_SCE,installed_14752,biomass,1407600000000.0,2327380.9523809524
WECC_SCE,installed_14777,natural gas,0.0,0.0
WECC_SCE,installed_14826,solar,241670697610.68005,399587.7936684525
WECC_SCE,installed_14895,solar,22354539525961.92,36961870.90932857
WECC_SCE,installed_14908,solar,1208353487932.361,1997938.9681421313
WECC_SCE,installed_14945,solar,181253023147.4904,299690.8451512738
WECC_SCE,installed_14968,solar,2416706976106.8,3995877.9366845232
WECC_SCE,installed_14969,solar,1377522975775.6802,2277650.4229095243
WECC_SCE,installed_14977,wind,6451446324450.239,10667073.949157141
WECC_SCE,installed_15053,solar,2416706976106.8,3995877.9366845232
WECC_SCE,installed_15080,solar,483341395221.3601,799175.587336905
WECC_SCE,installed_15100,solar,229587162669.6264,379608.4038849643
WECC_SCE,installed_15125,solar,120835348805.34003,199793.89683422624
WECC_SCE,installed_15174,solar,2416706976106.8,3995877.9366845232
WECC_SCE,installed_15244,solar,2416706976106.8,3995877.9366845232
WECC_SCE,installed_15254,battery,223200000000.0,369047.61904761905
WECC_SCE,installed_15255,battery,226800000000.0,375000.0
WECC_SCE,installed_15275,solar,6525108835488.36,10788870.429048214
WECC_SCE,installed_15276,solar,6525108835488.36,10788870.429048214
WECC_SCE,installed_15279,wind,52533205766812.8,86860459.27052382
WECC_SCE,installed_15342,battery,2312248731777.3906,3823162.585610765
WECC_SCE,installed_15343,battery,2232000000000.0,3690476.1904761903
WECC_SCE,installed_15382,battery,527040000000.0,871428.5714285715
WECC_SCE,installed_15500,battery,424800000000.0,702380.9523809524
WECC_SCE,installed_15526,solar,362506046416.02,599381.6905026786
WECC_SCE,installed_15527,solar,241670697610.68005,399587.7936684525
WECC_SCE,installed_15565,solar,120835348805.34003,199793.89683422624
WECC_SCE,installed_15722,solar,205420092908.55838,339649.62451811903
WECC_SCE,installed_15740,solar,132918883625.35439,219773.28641758332
WECC_SCE,installed_15741,solar,265837767371.74802,439546.5730352976
WECC_SCE,installed_15847,solar,120835348805.34003,199793.89683422624
WECC_SCE,installed_15848,solar,640427348607.7825,1058907.6531213333
WECC_SCE,installed_15849,solar,120835348805.34003,199793.89683422624
WECC_SCE,installed_15875,natural gas,304200000000.0,502976.1904761905
WECC_SCE,installed_16063,non-fossil,604800000000.0,1000000.0
WECC_SCE,installed_16064,non-fossil,604800000000.0,1000000.0
WECC_SCE,installed_16065,non-fossil,604800000000.0,1000000.0
WECC_SCE,installed_16178,hydro,9192960000000.0,15200000.0
WECC_SCE,installed_16179,hydro,9192960000000.0,15200000.0
WECC_SCE,installed_16440,hydro,483840000000.0,800000.0
WECC_SCE,installed_16620,hydro,1185408000000.0,1960000.0
WECC_SCE,installed_16623,hydro,2395008000000.0,3960000.0
WECC_SCE,installed_16624,hydro,1233792000000.0,2040000.0
WECC_SCE,installed_16648,oil,0.0,0.0
WECC_SCE,installed_16649,oil,0.0,0.0
WECC_SCE,installed_16650,oil,0.0,0.0
WECC_SCE,installed_16651,oil,0.0,0.0
WECC_SCE,installed_16652,oil,0.0,0.0
WECC_SCE,installed_16653,oil,0.0,0.0
WECC_SCE,installed_16837,hydro,2612736000000.0,4320000.0
WECC_SCE,installed_16838,hydro,2612736000000.0,4320000.0
WECC_SCE,installed_16839,hydro,2612736000000.0,4320000.0
WECC_SCE,installed_16908,hydro,241920000000.0,400000.0
WECC_SCE,installed_16909,hydro,241920000000.0,400000.0
WECC_SCE,installed_16910,hydro,241920000000.0,400000.0
WECC_SCE,installed_16970,hydro,2443392000000.0,4040000.0
WECC_SCE,installed_17220,hydro,5781888000000.0,9560000.0
WECC_SCE,installed_17344,natural gas,1962674147324.4573,3245162.280629063
WECC_SCE,installed_17809,hydro,798336000000.0,1320000.0
WECC_SCE,installed_17810,hydro,798336000000.0,1320000.0
WECC_SCE,installed_17811,hydro,798336000000.0,1320000.0
WECC_SCE,installed_17812,hydro,798336000000.0,1320000.0
WECC_SCE,installed_17813,hydro,798336000000.0,1320000.0
WECC_SCE,installed_17814,hydro,798336000000.0,1320000.0
WECC_SCE,installed_17815,hydro,798336000000.0,1320000.0
WECC_SCE,installed_17816,hydro,798336000000.0,1320000.0
WECC_SCE,installed_17817,hydro,798336000000.0,1320000.0
WECC_SCE,installed_18302,hydro,4112640000000.0,6800000.0
WECC_SCE,installed_18565,natural gas,4234028290257.419,7000708.151880654
WECC_SCE,installed_18568,natural gas,0.0,0.0
WECC_SCE,installed_18571,geothermal,209911564800000.0,347076000.0
WECC_SCE,installed_18574,hydro,8140569534720.003,13459936.400000004
WECC_SCE,installed_18575,waste,967680000000.0,1600000.0
WECC_SCE,installed_18578,battery,44198731886587.45,73079913.83364327
WECC_SCE,installed_18602,wind,84898402560000.0,140374342.85714287
WECC_SCE,installed_18603,wind,18749819520000.0,31001685.714285713
WECC_SCE,installed_18604,wind,55688670720000.0,92077828.57142857
WECC_SCE,installed_18605,wind,108939133440000.0,180124228.57142857
WECC_SCE,installed_18606,wind,364463331840000.0,602617942.8571428
WECC_SCE,installed_18607,wind,1008410319360000.0,1667345104.7619047
WECC_SCE,installed_18614,solar,289607492067840.0,478848366.5142857
WECC_SCE,installed_18615,solar,301466622389760.0,498456716.9142858
WECC_SCE,installed_18907,natural gas,0.0,0.0
WECC_SCE,optional_580_0,wind,84930912000000.0,140428095.23809522
WECC_SCE,optional_581_0,wind,18941328000000.0,31318333.333333332
WECC_SCE,optional_582_0,wind,55294624800000.0,91426297.61904761
WECC_SCE,optional_583_0,wind,96537888000000.0,159619523.80952382
WECC_SCE,optional_584_0,wind,303467299200000.0,501764714.28571427
WECC_SCE,optional_585_0,wind,772867994400000.0,1277890202.3809524
WECC_SCE,optional_585_1,wind,0.0,0.0
WECC_SCE,optional_586_0,wind,0.0,0.0
WECC_SCE,optional_586_1,wind,0.0,0.0
WECC_SCE,optional_586_2,wind,0.0,0.0
WECC_SCE,optional_586_3,wind,0.0,0.0
WECC_SCE,optional_586_4,wind,0.0,0.0
WECC_SCE,optional_587_0,wind,0.0,0.0
WECC_SCE,optional_587_1,wind,0.0,0.0
WECC_SCE,optional_587_2,wind,0.0,0.0
WECC_SCE,optional_587_3,wind,0.0,0.0
WECC_SCE,optional_587_4,wind,0.0,0.0
WECC_SCE,optional_587_5,wind,0.0,0.0
WECC_SCE,optional_850_0,solar,0.0,0.0
WECC_SCE,optional_851_0,solar,0.0,0.0
WECC_SCE,optional_851_1,solar,0.0,0.0
WECC_SCE,optional_851_2,solar,0.0,0.0
WECC_SCE,optional_851_3,solar,0.0,0.0
WECC_SCE,optional_851_4,solar,0.0,0.0
WECC_SCE,optional_851_5,solar,0.0,0.0
WECC_SCE,optional_852_0,solar,0.0,0.0
WECC_SCE,optional_852_1,solar,0.0,0.0
WECC_SCE,optional_852_2,solar,0.0,0.0
WECC_SCE,optional_852_3,solar,0.0,0.0
WECC_SCE,optional_852_4,solar,0.0,0.0
WECC_SCE,optional_852_5,solar,0.0,0.0
WECC_SCE,optional_853_0,solar,416360958716006.9,688427511.1045088
WECC_SCE,optional_853_1,solar,0.0,0.0
WECC_SCE,optional_853_2,solar,0.0,0.0
WECC_SCE,optional_853_3,solar,0.0,0.0
WECC_SCE,optional_853_4,solar,0.0,0.0
WECC_SCE,optional_853_5,solar,0.0,0.0
WECC_SNV,installed_629,natural gas,22988706418421.05,38010427.27913533
WECC_SNV,installed_630,natural gas,0.0,0.0
WECC_SNV,installed_631,natural gas,14094000000000.0,23303571.42857143
WECC_SNV,installed_632,natural gas,162000000000.0,267857.14285714284
WECC_SNV,installed_633,natural gas,0.0,0.0
WECC_SNV,installed_634,natural gas,14060442007894.736,23248085.330513783
WECC_SNV,installed_635,natural gas,8163568880364.42,13497964.418591965
WECC_SNV,installed_636,natural gas,15537600000000.0,25690476.19047619
WECC_SNV,installed_1599,hydro,580608000000.0,960000.0
WECC_SNV,installed_1600,hydro,31449600000000.0,52000000.0
WECC_SNV,installed_1601,hydro,31449600000000.0,52000000.0
WECC_SNV,installed_1602,hydro,31449600000000.0,52000000.0
WECC_SNV,installed_1603,hydro,31449600000000.0,52000000.0
WECC_SNV,installed_1604,hydro,31449600000000.0,52000000.0
WECC_SNV,installed_1605,hydro,31449600000000.0,52000000.0
WECC_SNV,installed_1606,hydro,30723840000000.0,50800000.0
WECC_SNV,installed_1607,hydro,31449600000000.0,52000000.0
WECC_SNV,installed_2958,natural gas,27332571019736.84,45192743.08818922
WECC_SNV,installed_2959,natural gas,15704036218421.05,25965668.350563906
WECC_SNV,installed_2960,natural gas,28066885242285.758,46406886.97467884
WECC_SNV,installed_2961,natural gas,0.0,0.0
WECC_SNV,installed_2962,natural gas,547675199999.99805,905547.6190476159
WECC_SNV,installed_2963,natural gas,29729953527631.582,49156669.192512535
WECC_SNV,installed_2964,natural gas,0.0,0.0
WECC_SNV,installed_2965,natural gas,15912000000000.0,26309523.80952381
WECC_SNV,installed_2966,natural gas,0.0,0.0
WECC_SNV,installed_2967,natural gas,0.0,0.0
WECC_SNV,installed_2968,natural gas,0.0,0.0
WECC_SNV,installed_2969,natural gas,0.0,0.0
WECC_SNV,installed_2970,natural gas,26933838848050.707,44533463.70378754
WECC_SNV,installed_2971,natural gas,45001299277451.15,74406910.18097082
WECC_SNV,installed_2972,natural gas,16479587747368.418,27247995.614035085
WECC_SNV,installed_2973,natural gas,22241367675000.0,36774748.139880955
WECC_SNV,installed_2974,natural gas,262800000000.0,434523.8095238095
WECC_SNV,installed_2975,natural gas,22338000000000.0,36934523.809523806
WECC_SNV,installed_2976,natural gas,27728334704919.676,45847114.26077989
WECC_SNV,installed_7061,natural gas,648000000000.0,1071428.5714285714
WECC_SNV,installed_7062,natural gas,11275200000000.0,18642857.14285714
WECC_SNV,installed_7063,natural gas,7638639892105.266,12630026.276629075
WECC_SNV,installed_7116,natural gas,5331875411842.107,8815931.56719925
WECC_SNV,installed_7117,natural gas,5546520000000.0,9170833.333333334
WECC_SNV,installed_7118,natural gas,8640739598684.209,14286937.167136589
WECC_SNV,installed_7119,natural gas,8568000000000.0,14166666.666666666
WECC_SNV,installed_7120,natural gas,2144318399999.9983,3545499.999999997
WECC_SNV,installed_7121,natural gas,6273000000000.0,10372023.80952381
WECC_SNV,installed_7122,natural gas,6273000000000.0,10372023.80952381
WECC_SNV,installed_7123,natural gas,5788800000000.0,9571428.57142857
WECC_SNV,installed_7595,natural gas,22762049672368.418,37635664.1408208
WECC_SNV,installed_7596,natural gas,0.0,0.0
WECC_SNV,installed_7597,natural gas,0.0,0.0
WECC_SNV,installed_7844,natural gas,0.0,0.0
WECC_SNV,installed_7845,natural gas,0.0,0.0
WECC_SNV,installed_7846,natural gas,0.0,0.0
WECC_SNV,installed_8449,natural gas,594000000000.0,982142.8571428572
WECC_SNV,installed_8450,natural gas,272059200000.0,449833.3333333333
WECC_SNV,installed_8451,natural gas,0.0,0.0
WECC_SNV,installed_8452,natural gas,594000000000.0,982142.8571428572
WECC_SNV,installed_8453,natural gas,0.0,0.0
WECC_SNV,installed_8454,natural gas,0.0,0.0
WECC_SNV,installed_8753,natural gas,8024284800000.004,13267666.666666672
WECC_SNV,installed_8754,natural gas,6896390399999.998,11402761.904761901
WECC_SNV,installed_8755,natural gas,0.0,0.0
WECC_SNV,installed_8949,natural gas,0.0,0.0
WECC_SNV,installed_8950,natural gas,0.0,0.0
WECC_SNV,installed_8951,natural gas,0.0,0.0
WECC_SNV,installed_9089,natural gas,55753743055263.16,92185421.7183584
WECC_SNV,installed_9090,natural gas,54907923149999.99,90786909.97023809
WECC_SNV,installed_9091,natural gas,67465298780738.36,111549766.50254358
WECC_SNV,installed_9750,solar,13484318400000.0,22295500.0
WECC_SNV,installed_10086,solar,971664120000.0,1606587.5
WECC_SNV,installed_10087,solar,1031153760000.0,1704950.0
WECC_SNV,installed_10088,solar,773365320000.0,1278712.5
WECC_SNV,installed_10928,solar,1982988000000.0,3278750.0
WECC_SNV,installed_11309,solar,1586390400000.0,2623000.0
WECC_SNV,installed_11310,solar,1982988000000.0,3278750.0
WECC_SNV,installed_11311,solar,1982988000000.0,3278750.0
WECC_SNV,installed_11312,solar,1982988000000.0,3278750.0
WECC_SNV,installed_11313,solar,1982988000000.0,3278750.0
WECC_SNV,installed_11553,natural gas,1224000000000.0,2023809.5238095238
WECC_SNV,installed_11554,natural gas,0.0,0.0
WECC_SNV,installed_11692,solar,9914940000000.0,16393750.0
WECC_SNV,installed_12221,solar,49574700000000.0,81968750.0
WECC_SNV,installed_12459,solar,5948964000000.0,9836250.0
WECC_SNV,installed_12460,solar,5948964000000.0,9836250.0
WECC_SNV,installed_12461,solar,6742159200000.0,11147750.0
WECC_SNV,installed_12462,solar,5948964000000.0,9836250.0
WECC_SNV,installed_12463,solar,5948964000000.0,9836250.0
WECC_SNV,installed_12997,solar,654386040000.0,1081987.5
WECC_SNV,installed_13012,solar,3965976000000.0,6557500.0
WECC_SNV,installed_13013,solar,5948964000000.0,9836250.0
WECC_SNV,installed_13084,solar,3965976000000.0,6557500.0
WECC_SNV,installed_13193,solar,5235088320000.0,8655900.0
WECC_SNV,installed_13194,solar,5532536520000.0,9147712.5
WECC_SNV,installed_13195,solar,7376715360000.0,12196950.0
WECC_SNV,installed_13196,solar,7079267160000.0,11705137.5
WECC_SNV,installed_13197,solar,6940458000000.0,11475625.0
WECC_SNV,installed_13198,solar,7257736080000.0,12000225.0
WECC_SNV,installed_13199,solar,6940458000000.0,11475625.0
WECC_SNV,installed_13200,solar,3212440560000.0,5311575.0
WECC_SNV,installed_13490,solar,5155768800000.0,8524750.0
WECC_SNV,installed_13491,solar,4164274800000.0,6885375.0
WECC_SNV,installed_13492,solar,5354067600000.0,8852625.0
WECC_SNV,installed_13493,solar,5155768800000.0,8524750.0
WECC_SNV,installed_13494,solar,5552366400000.0,9180500.0
WECC_SNV,installed_13495,solar,4957470000000.0,8196875.0
WECC_SNV,installed_13496,solar,5155768800000.0,8524750.0
WECC_SNV,installed_13497,solar,5155768800000.0,8524750.0
WECC_SNV,installed_13498,solar,5155768800000.0,8524750.0
WECC_SNV,installed_13499,solar,4759171200000.0,7869000.0
WECC_SNV,installed_14007,solar,3470229000000.0,5737812.5
WECC_SNV,installed_14036,solar,991494000000.0,1639375.0
WECC_SNV,installed_14372,solar,2855502720000.0,4721400.0
WECC_SNV,installed_14453,solar,10271877840000.0,16983925.0
WECC_SNV,installed_14454,solar,8288889840000.0,13705175.0
WECC_SNV,installed_14468,solar,15665605200000.0,25902125.0
WECC_SNV,installed_14560,solar,2974482000000.0,4918125.0
WECC_SNV,installed_14927,solar,19829880000000.0,32787500.0
WECC_SNV,installed_15020,solar,297448200000.0,491812.5
WECC_SNV,installed_15022,solar,19829880000000.0,32787500.0
WECC_SNV,installed_15528,waste,1995840000000.0,3300000.0
WECC_SNV,installed_15529,waste,1995840000000.0,3300000.0
WECC_SNV,installed_15639,solar,9914940000000.0,16393750.0
WECC_SNV,installed_15904,solar,198298800000.0,327875.0
WECC_SNV,installed_16844,natural gas,25976403082894.73,42950401.92277568
WECC_SNV,installed_16845,natural gas,29701930014473.684,49110334.01864035
WECC_SNV,installed_16846,natural gas,1022004000000.0,1689821.4285714286
WECC_SNV,installed_16847,natural gas,0.0,0.0
WECC_SNV,installed_16848,natural gas,426405600000.0,705035.7142857143
WECC_SNV,installed_18739,solar,59489640000000.0,98362500.0
WECC_SNV,optional_588_0,wind,607478400000.0,1004428.5714285715
WECC_SNV,optional_589_0,wind,18398152800000.0,30420226.19047619
WECC_SNV,optional_590_0,wind,165041424000000.0,272885952.38095236
WECC_SNV,optional_591_0,wind,0.0,0.0
WECC_SNV,optional_591_1,wind,0.0,0.0
WECC_SNV,optional_591_2,wind,0.0,0.0
WECC_SNV,optional_854_0,solar,35136590463947.418,58096214.391447455
WECC_SNV,optional_854_1,solar,208213740000000.0,344268750.0
WECC_SNV,optional_854_2,solar,0.0,0.0
WECC_SNV,optional_854_3,solar,0.0,0.0
WECC_SNV,optional_854_4,solar,0.0,0.0
WECC_SNV,optional_854_5,solar,0.0,0.0
WECC_UT,installed_113,hydro,120960000000.0,200000.0
WECC_UT,installed_114,hydro,120960000000.0,200000.0
WECC_UT,installed_209,natural gas,300240000000.0,496428.5714285714
WECC_UT,installed_210,natural gas,0.0,0.0
WECC_UT,installed_211,natural gas,295920000000.0,489285.71428571426
WECC_UT,installed_1687,hydro,241920000000.0,400000.0
WECC_UT,installed_3946,geothermal,13910400000000.0,23000000.0
WECC_UT,installed_3947,geothermal,6652800000000.0,11000000.0
WECC_UT,installed_4912,hydro,314496000000.0,520000.0
WECC_UT,installed_4913,hydro,290304000000.0,480000.0
WECC_UT,installed_4914,hydro,3628800000000.0,6000000.0
WECC_UT,installed_4915,hydro,3628800000000.0,6000000.0
WECC_UT,installed_4916,oil,0.0,0.0
WECC_UT,installed_4917,oil,0.0,0.0
WECC_UT,installed_4918,oil,0.0,0.0
WECC_UT,installed_4919,natural gas,19479512828920.336,32208189.201257166
WECC_UT,installed_4920,natural gas,280800000000.0,464285.71428571426
WECC_UT,installed_4921,natural gas,280800000000.0,464285.71428571426
WECC_UT,installed_4924,hydro,290304000000.0,480000.0
WECC_UT,installed_4925,hydro,556416000000.0,920000.0
WECC_UT,installed_4926,hydro,556416000000.0,920000.0
WECC_UT,installed_4927,hydro,1306368000000.0,2160000.0
WECC_UT,installed_4928,hydro,483840000000.0,800000.0
WECC_UT,installed_4929,hydro,483840000000.0,800000.0
WECC_UT,installed_4930,hydro,120960000000.0,200000.0
WECC_UT,installed_4931,hydro,120960000000.0,200000.0
WECC_UT,installed_4932,hydro,290304000000.0,480000.0
WECC_UT,installed_4933,hydro,483840000000.0,800000.0
WECC_UT,installed_4934,natural gas,0.0,0.0
WECC_UT,installed_4935,natural gas,0.0,0.0
WECC_UT,installed_4936,natural gas,5701772814295.48,9427534.415171098
WECC_UT,installed_4937,hydro,120960000000.0,200000.0
WECC_UT,installed_4938,hydro,120960000000.0,200000.0
WECC_UT,installed_4939,hydro,120960000000.0,200000.0
WECC_UT,installed_4940,hydro,169344000000.0,280000.0
WECC_UT,installed_4941,hydro,169344000000.0,280000.0
WECC_UT,installed_4942,hydro,96768000000.0,160000.0
WECC_UT,installed_4943,hydro,193536000000.0,320000.0
WECC_UT,installed_4944,hydro,241920000000.0,400000.0
WECC_UT,installed_4945,hydro,411264000000.0,680000.0
WECC_UT,installed_4946,hydro,411264000000.0,680000.0
WECC_UT,installed_4947,hydro,48384000000.0,80000.0
WECC_UT,installed_4948,hydro,483840000000.0,800000.0
WECC_UT,installed_4949,hydro,483840000000.0,800000.0
WECC_UT,installed_4950,hydro,459648000000.0,760000.0
WECC_UT,installed_4951,hydro,338688000000.0,560000.0
WECC_UT,installed_4952,hydro,338688000000.0,560000.0
WECC_UT,installed_4953,hydro,338688000000.0,560000.0
WECC_UT,installed_4954,hydro,145152000000.0,240000.0
WECC_UT,installed_4955,hydro,145152000000.0,240000.0
WECC_UT,installed_5715,natural gas,0.0,0.0
WECC_UT,installed_5716,natural gas,0.0,0.0
WECC_UT,installed_5717,natural gas,0.0,0.0
WECC_UT,installed_5732,hydro,241920000000.0,400000.0
WECC_UT,installed_5733,hydro,411264000000.0,680000.0
WECC_UT,installed_5734,hydro,411264000000.0,680000.0
WECC_UT,installed_6692,coal,23284292681715.25,38499161.18008474
WECC_UT,installed_6767,hydro,556416000000.0,920000.0
WECC_UT,installed_8862,natural gas,0.0,0.0
WECC_UT,installed_8863,natural gas,0.0,0.0
WECC_UT,installed_8864,natural gas,0.0,0.0
WECC_UT,installed_8865,natural gas,0.0,0.0
WECC_UT,installed_8866,natural gas,0.0,0.0
WECC_UT,installed_9331,natural gas,0.0,0.0
WECC_UT,installed_9332,natural gas,0.0,0.0
WECC_UT,installed_9333,natural gas,0.0,0.0
WECC_UT,installed_9414,natural gas,0.0,0.0
WECC_UT,installed_9415,non-fossil,19232640000000.0,31800000.0
WECC_UT,installed_9425,natural gas,0.0,0.0
WECC_UT,installed_9426,natural gas,468000000000.0,773809.5238095238
WECC_UT,installed_9508,natural gas,0.0,0.0
WECC_UT,installed_9509,natural gas,0.0,0.0
WECC_UT,installed_9510,natural gas,0.0,0.0
WECC_UT,installed_9511,natural gas,0.0,0.0
WECC_UT,installed_9512,natural gas,0.0,0.0
WECC_UT,installed_9513,natural gas,0.0,0.0
WECC_UT,installed_9552,natural gas,264960000000.0,438095.2380952381
WECC_UT,installed_9553,natural gas,0.0,0.0
WECC_UT,installed_9955,natural gas,0.0,0.0
WECC_UT,installed_9956,natural gas,0.0,0.0
WECC_UT,installed_10072,waste,483840000000.0,800000.0
WECC_UT,installed_10073,waste,483840000000.0,800000.0
WECC_UT,installed_10074,waste,907200000000.0,1500000.0
WECC_UT,installed_10620,wind,6087810960000.0,10065825.0
WECC_UT,installed_10740,waste,907200000000.0,1500000.0
WECC_UT,installed_10741,waste,907200000000.0,1500000.0
WECC_UT,installed_10742,waste,907200000000.0,1500000.0
WECC_UT,installed_11174,wind,65548652400000.0,108380708.33333333
WECC_UT,installed_11195,wind,32854852800000.0,54323500.0
WECC_UT,installed_11561,geothermal,8467200000000.0,14000000.0
WECC_UT,installed_12305,natural gas,0.0,0.0
WECC_UT,installed_12306,natural gas,0.0,0.0
WECC_UT,installed_12307,natural gas,0.0,0.0
WECC_UT,installed_12308,natural gas,0.0,0.0
WECC_UT,installed_12309,natural gas,0.0,0.0
WECC_UT,installed_12310,natural gas,0.0,0.0
WECC_UT,installed_12311,natural gas,0.0,0.0
WECC_UT,installed_12312,natural gas,0.0,0.0
WECC_UT,installed_12441,solar,117359381764.04399,194046.5968320833
WECC_UT,installed_12442,solar,73349613564.9984,121279.12295799999
WECC_UT,installed_12567,non-fossil,907200000000.0,1500000.0
WECC_UT,installed_12568,non-fossil,907200000000.0,1500000.0
WECC_UT,installed_12578,natural gas,0.0,0.0
WECC_UT,installed_13116,geothermal,7560000000000.0,12500000.0
WECC_UT,installed_13117,geothermal,7560000000000.0,12500000.0
WECC_UT,installed_13147,solar,440097681690.22314,727674.7382444165
WECC_UT,installed_13148,solar,440097681690.22314,727674.7382444165
WECC_UT,installed_13150,solar,440097681690.22314,727674.7382444165
WECC_UT,installed_13151,solar,440097681690.22314,727674.7382444165
WECC_UT,installed_13152,solar,440097681690.22314,727674.7382444165
WECC_UT,installed_13153,solar,322738299926.1792,533628.1414123334
WECC_UT,installed_13154,solar,440097681690.22314,727674.7382444165
WECC_UT,installed_13215,solar,11735938177905.562,19404659.685690414
WECC_UT,installed_13898,natural gas,0.0,0.0
WECC_UT,installed_13899,natural gas,0.0,0.0
WECC_UT,installed_13981,solar,11735938177905.562,19404659.685690414
WECC_UT,installed_13982,solar,11735938177905.562,19404659.685690414
WECC_UT,installed_13983,solar,11735938177905.562,19404659.685690414
WECC_UT,installed_13984,solar,11735938177905.562,19404659.685690414
WECC_UT,installed_14220,solar,425427759007.24677,703418.9137024583
WECC_UT,installed_14265,natural gas,0.0,0.0
WECC_UT,installed_14266,natural gas,0.0,0.0
WECC_UT,installed_14267,natural gas,0.0,0.0
WECC_UT,installed_14317,solar,7334961361003.332,12127912.30324625
WECC_UT,installed_14421,solar,440097681690.22314,727674.7382444165
WECC_UT,installed_14422,solar,440097681690.22314,727674.7382444165
WECC_UT,installed_14457,wind,547580880000.0,905391.6666666666
WECC_UT,installed_14458,solar,220048840845.11157,363837.36912220827
WECC_UT,installed_14569,solar,440097681690.22314,727674.7382444165
WECC_UT,installed_14580,solar,11735938177905.562,19404659.685690414
WECC_UT,installed_14584,solar,7393641052635.937,12224935.602903333
WECC_UT,installed_14585,solar,11735938177905.562,19404659.685690414
WECC_UT,installed_14600,solar,440097681690.22314,727674.7382444165
WECC_UT,installed_14607,wind,20002807440000.0,33073425.0
WECC_UT,installed_15013,waste,362880000000.0,600000.0
WECC_UT,installed_15014,waste,423360000000.0,700000.0
WECC_UT,installed_15015,waste,544320000000.0,900000.0
WECC_UT,installed_15095,non-fossil,5080320000000.0,8400000.0
WECC_UT,installed_15115,solar,11735938177905.562,19404659.685690414
WECC_UT,installed_15128,solar,7334961361003.332,12127912.30324625
WECC_UT,installed_15561,solar,190708995329.04242,315325.71979008336
WECC_UT,installed_15640,solar,2933984544101.1,4851164.920802084
WECC_UT,installed_15850,solar,440097681690.22314,727674.7382444165
WECC_UT,installed_15857,solar,440097681690.22314,727674.7382444165
WECC_UT,installed_15858,solar,440097681690.22314,727674.7382444165
WECC_UT,installed_16115,coal,7843555934324.996,12968842.48400297
WECC_UT,installed_16116,coal,147977995714561.1,244672611.96190658
WECC_UT,installed_16117,coal,18216000000000.0,30119047.61904762
WECC_UT,installed_16356,hydro,653184000000.0,1080000.0
WECC_UT,installed_16357,hydro,653184000000.0,1080000.0
WECC_UT,installed_16358,hydro,12241152000000.0,20240000.0
WECC_UT,installed_16359,hydro,12241152000000.0,20240000.0
WECC_UT,installed_16360,hydro,12241152000000.0,20240000.0
WECC_UT,installed_16472,coal,72630265379208.86,120089724.50266016
WECC_UT,installed_16473,coal,67982592163205.98,112405079.63493052
WECC_UT,installed_16533,hydro,580608000000.0,960000.0
WECC_UT,installed_16534,hydro,580608000000.0,960000.0
WECC_UT,installed_16769,hydro,266112000000.0,440000.0
WECC_UT,installed_16781,natural gas,0.0,0.0
WECC_UT,installed_16782,natural gas,0.0,0.0
WECC_UT,installed_16783,natural gas,0.0,0.0
WECC_UT,installed_16784,natural gas,0.0,0.0
WECC_UT,installed_16785,natural gas,0.0,0.0
WECC_UT,installed_16786,natural gas,0.0,0.0
WECC_UT,installed_16799,hydro,749952000000.0,1240000.0
WECC_UT,installed_16800,hydro,749952000000.0,1240000.0
WECC_UT,installed_16842,oil,0.0,0.0
WECC_UT,installed_16843,oil,0.0,0.0
WECC_UT,installed_16864,natural gas,0.0,0.0
WECC_UT,installed_16865,natural gas,0.0,0.0
WECC_UT,installed_16866,natural gas,0.0,0.0
WECC_UT,installed_16867,natural gas,0.0,0.0
WECC_UT,installed_16868,natural gas,0.0,0.0
WECC_UT,installed_16869,natural gas,0.0,0.0
WECC_UT,installed_16870,natural gas,0.0,0.0
WECC_UT,installed_16871,natural gas,0.0,0.0
WECC_UT,installed_16872,natural gas,0.0,0.0
WECC_UT,installed_16895,hydro,435456000000.0,720000.0
WECC_UT,installed_17179,natural gas,0.0,0.0
WECC_UT,installed_17180,natural gas,0.0,0.0
WECC_UT,installed_17181,natural gas,0.0,0.0
WECC_UT,installed_17182,natural gas,0.0,0.0
WECC_UT,installed_17292,hydro,362880000000.0,600000.0
WECC_UT,installed_17293,hydro,145152000000.0,240000.0
WECC_UT,installed_17426,oil,0.0,0.0
WECC_UT,installed_17427,oil,0.0,0.0
WECC_UT,installed_17428,oil,0.0,0.0
WECC_UT,installed_17429,oil,0.0,0.0
WECC_UT,installed_17430,oil,0.0,0.0
WECC_UT,installed_17431,oil,0.0,0.0
WECC_UT,installed_17473,coal,13190400000000.0,21809523.80952381
WECC_UT,installed_17977,natural gas,0.0,0.0
WECC_UT,installed_17978,natural gas,0.0,0.0
WECC_UT,installed_17979,natural gas,0.0,0.0
WECC_UT,installed_18080,coal,19656749199654.75,32501238.756042905
WECC_UT,installed_18081,coal,126132965545467.95,208553183.77226844
WECC_UT,installed_18216,solar,2933984544101.1,4851164.920802084
WECC_UT,installed_18310,hydro,145152000000.0,240000.0
WECC_UT,installed_18311,hydro,483840000000.0,800000.0
WECC_UT,installed_18876,oil,0.0,0.0
WECC_UT,installed_18877,solar,8646704640000.0,14296800.0
WECC_UT,optional_592_0,wind,322106400000.0,532583.3333333334
WECC_UT,optional_593_0,wind,1626811200000.0,2689833.3333333335
WECC_UT,optional_594_0,wind,645883200000.0,1067928.5714285714
WECC_UT,optional_595_0,wind,3683750400000.0,6090857.142857143
WECC_UT,optional_596_0,wind,23579748000000.0,38987678.571428575
WECC_UT,optional_597_0,wind,0.0,0.0
WECC_UT,optional_597_1,wind,0.0,0.0
WECC_UT,optional_598_0,wind,0.0,0.0
WECC_UT,optional_598_1,wind,0.0,0.0
WECC_UT,optional_598_2,wind,0.0,0.0
WECC_UT,optional_598_3,wind,0.0,0.0
WECC_UT,optional_598_4,wind,0.0,0.0
WECC_UT,optional_598_5,wind,0.0,0.0
WECC_UT,optional_599_0,wind,0.0,0.0
WECC_UT,optional_599_1,wind,0.0,0.0
WECC_UT,optional_599_2,wind,0.0,0.0
WECC_UT,optional_599_3,wind,0.0,0.0
WECC_UT,optional_599_4,wind,0.0,0.0
WECC_UT,optional_599_5,wind,0.0,0.0
WECC_UT,optional_855_0,solar,0.0,0.0
WECC_UT,optional_855_1,solar,0.0,0.0
WECC_UT,optional_855_2,solar,0.0,0.0
WECC_UT,optional_855_3,solar,0.0,0.0
WECC_UT,optional_855_4,solar,0.0,0.0
WECC_UT,optional_855_5,solar,0.0,0.0
WECC_UT,optional_856_0,solar,0.0,0.0
WECC_UT,optional_856_1,solar,0.0,0.0
WECC_UT,optional_856_2,solar,0.0,0.0
WECC_UT,optional_856_3,solar,0.0,0.0
WECC_UT,optional_856_4,solar,0.0,0.0
WECC_UT,optional_856_5,solar,0.0,0.0
WECC_UT,optional_857_0,solar,0.0,0.0
WECC_UT,optional_857_1,solar,0.0,0.0
WECC_UT,optional_857_2,solar,0.0,0.0
WECC_UT,optional_857_3,solar,0.0,0.0
WECC_UT,optional_857_4,solar,0.0,0.0
WECC_UT,optional_857_5,solar,0.0,0.0
WECC_UT,optional_858_0,solar,0.0,0.0
WECC_UT,optional_858_1,solar,0.0,0.0
WECC_UT,optional_858_2,solar,0.0,0.0
WECC_UT,optional_858_3,solar,0.0,0.0
WECC_UT,optional_858_4,solar,0.0,0.0
WECC_UT,optional_858_5,solar,0.0,0.0
WECC_UT,optional_859_0,solar,184965580800000.0,305829333.3333333
WECC_UT,optional_859_1,solar,197764538400000.0,326991630.95238096
WECC_UT,optional_859_2,solar,229349062800000.0,379214720.2380952
WECC_UT,optional_859_3,solar,201686799600000.0,333476851.1904762
WECC_UT,optional_859_4,solar,42664058919133.516,70542425.46153028
WECC_UT,optional_859_5,solar,0.0,0.0
WECC_WY,installed_1,coal,102129634045848.92,168865135.65781897
WECC_WY,installed_5,coal,196870025382630.53,325512608.1062013
WECC_WY,installed_2730,oil,0.0,0.0
WECC_WY,installed_2731,oil,0.0,0.0
WECC_WY,installed_2833,oil,0.0,0.0
WECC_WY,installed_2834,oil,0.0,0.0
WECC_WY,installed_2835,oil,0.0,0.0
WECC_WY,installed_2836,oil,0.0,0.0
WECC_WY,installed_2837,oil,0.0,0.0
WECC_WY,installed_2838,oil,0.0,0.0
WECC_WY,installed_4481,natural gas,0.0,0.0
WECC_WY,installed_4482,natural gas,0.0,0.0
WECC_WY,installed_4483,natural gas,0.0,0.0
WECC_WY,installed_4484,natural gas,0.0,0.0
WECC_WY,installed_4485,natural gas,0.0,0.0
WECC_WY,installed_4486,natural gas,0.0,0.0
WECC_WY,installed_4487,natural gas,0.0,0.0
WECC_WY,installed_4488,natural gas,0.0,0.0
WECC_WY,installed_5667,coal,7056840049425.958,11668055.637278369
WECC_WY,installed_5668,coal,8316000000000.0,13750000.0
WECC_WY,installed_5669,coal,0.0,0.0
WECC_WY,installed_5670,coal,2376000000000.0,3928571.4285714286
WECC_WY,installed_5674,coal,1277764634160.0,2112706.075
WECC_WY,installed_5675,coal,14294081821795.125,23634394.546618924
WECC_WY,installed_5676,oil,0.0,0.0
WECC_WY,installed_5678,hydro,8080128000000.0,13360000.0
WECC_WY,installed_5679,hydro,8080128000000.0,13360000.0
WECC_WY,installed_5680,hydro,4596480000000.0,7600000.0
WECC_WY,installed_5681,hydro,4596480000000.0,7600000.0
WECC_WY,installed_5682,hydro,774144000000.0,1280000.0
WECC_WY,installed_5683,hydro,774144000000.0,1280000.0
WECC_WY,installed_5685,hydro,2951424000000.0,4880000.0
WECC_WY,installed_5686,hydro,2951424000000.0,4880000.0
WECC_WY,installed_5687,hydro,2951424000000.0,4880000.0
WECC_WY,installed_5688,hydro,4161024000000.0,6880000.0
WECC_WY,installed_5689,hydro,4161024000000.0,6880000.0
WECC_WY,installed_5690,hydro,4161024000000.0,6880000.0
WECC_WY,installed_5691,hydro,725760000000.0,1200000.0
WECC_WY,installed_5692,hydro,2709504000000.0,4480000.0
WECC_WY,installed_6312,hydro,2080512000000.0,3440000.0
WECC_WY,installed_6313,hydro,2080512000000.0,3440000.0
WECC_WY,installed_8703,natural gas,0.0,0.0
WECC_WY,installed_8704,natural gas,0.0,0.0
WECC_WY,installed_8705,coal,306000000000.0,505952.38095238095
WECC_WY,installed_8851,wind,9863914320000.0,16309382.142857144
WECC_WY,installed_8852,wind,428865840000.0,709103.5714285715
WECC_WY,installed_8853,wind,5908818240000.0,9769871.42857143
WECC_WY,installed_8854,wind,4002747840000.0,6618300.0
WECC_WY,installed_9002,wind,11912940000000.0,19697321.42857143
WECC_WY,installed_9319,wind,34309267200000.0,56728285.71428572
WECC_WY,installed_9336,wind,7147764000000.0,11818392.857142856
WECC_WY,installed_9648,coal,144839748308.93616,239483.71082826745
WECC_WY,installed_10117,coal,360000000000.0,595238.0952380953
WECC_WY,installed_10146,coal,1368000000000.0,2261904.761904762
WECC_WY,installed_10621,wind,14533786800000.0,24030732.14285714
WECC_WY,installed_10622,wind,19060704000000.0,31515714.285714287
WECC_WY,installed_10720,wind,23587621200000.0,39000696.428571425
WECC_WY,installed_10721,wind,9292093200000.0,15363910.714285715
WECC_WY,installed_10722,wind,23587621200000.0,39000696.428571425
WECC_WY,installed_10723,wind,23587621200000.0,39000696.428571425
WECC_WY,installed_10724,wind,4646046600000.0,7681955.357142857
WECC_WY,installed_10965,wind,7004808720000.0,11582025.0
WECC_WY,installed_11141,wind,6790375800000.0,11227473.214285715
WECC_WY,installed_11142,wind,23587621200000.0,39000696.428571425
WECC_WY,installed_11179,wind,23587621200000.0,39000696.428571425
WECC_WY,installed_11180,wind,10006869600000.0,16545750.0
WECC_WY,installed_11181,wind,4050399600000.0,6697089.285714285
WECC_WY,installed_11505,wind,26446726800000.0,43728053.571428575
WECC_WY,installed_11530,wind,47651760000000.0,78789285.71428572
WECC_WY,installed_11826,hydro,628992000000.0,1040000.0
WECC_WY,installed_12026,natural gas,0.0,0.0
WECC_WY,installed_12027,natural gas,0.0,0.0
WECC_WY,installed_12028,natural gas,0.0,0.0
WECC_WY,installed_12029,natural gas,0.0,0.0
WECC_WY,installed_12939,hydro,483840000000.0,800000.0
WECC_WY,installed_12940,hydro,483840000000.0,800000.0
WECC_WY,installed_14791,natural gas,0.0,0.0
WECC_WY,installed_14792,natural gas,0.0,0.0
WECC_WY,installed_14793,natural gas,0.0,0.0
WECC_WY,installed_14794,natural gas,0.0,0.0
WECC_WY,installed_14795,natural gas,0.0,0.0
WECC_WY,installed_14924,wind,19060704000000.0,31515714.285714287
WECC_WY,installed_15776,coal,5976000000000.0,9880952.38095238
WECC_WY,installed_16213,coal,0.0,0.0
WECC_WY,installed_16214,coal,4101948000000.0,6782321.428571428
WECC_WY,installed_16332,hydro,120960000000.0,200000.0
WECC_WY,installed_16333,hydro,120960000000.0,200000.0
WECC_WY,installed_16334,hydro,120960000000.0,200000.0
WECC_WY,installed_16335,hydro,193536000000.0,320000.0
WECC_WY,installed_16336,hydro,145152000000.0,240000.0
WECC_WY,installed_16337,hydro,72576000000.0,120000.0
WECC_WY,installed_16364,hydro,1209600000000.0,2000000.0
WECC_WY,installed_16365,hydro,5007744000000.0,8280000.0
WECC_WY,installed_16366,hydro,5007744000000.0,8280000.0
WECC_WY,installed_16737,wind,166781160000.0,275762.5
WECC_WY,installed_16738,wind,166781160000.0,275762.5
WECC_WY,installed_16739,wind,142955280000.0,236367.85714285713
WECC_WY,installed_16740,wind,142955280000.0,236367.85714285713
WECC_WY,installed_16741,wind,166781160000.0,275762.5
WECC_WY,installed_16742,wind,166781160000.0,275762.5
WECC_WY,installed_16743,wind,166781160000.0,275762.5
WECC_WY,installed_16744,wind,166781160000.0,275762.5
WECC_WY,installed_16745,wind,166781160000.0,275762.5
WECC_WY,installed_16801,oil,0.0,0.0
WECC_WY,installed_17107,hydro,1451520000000.0,2400000.0
WECC_WY,installed_17108,hydro,1451520000000.0,2400000.0
WECC_WY,installed_17109,hydro,1451520000000.0,2400000.0
WECC_WY,installed_17253,coal,3456000000000.0,5714285.714285715
WECC_WY,installed_17254,natural gas,0.0,0.0
WECC_WY,installed_17287,hydro,1088640000000.0,1800000.0
WECC_WY,installed_18005,natural gas,0.0,0.0
WECC_WY,installed_18006,natural gas,0.0,0.0
WECC_WY,installed_18007,natural gas,0.0,0.0
WECC_WY,installed_18014,natural gas,0.0,0.0
WECC_WY,installed_18015,natural gas,0.0,0.0
WECC_WY,installed_18016,natural gas,0.0,0.0
WECC_WY,installed_18019,natural gas,0.0,0.0
WECC_WY,installed_18020,natural gas,0.0,0.0
WECC_WY,installed_18021,natural gas,0.0,0.0
WECC_WY,installed_18066,coal,10321732392080.934,17066356.468387786
WECC_WY,installed_18067,coal,0.0,0.0
WECC_WY,installed_18068,coal,0.0,0.0
WECC_WY,installed_18925,solar,14719190400000.0,24337285.714285713
WECC_WY,optional_600_0,wind,0.0,0.0
WECC_WY,optional_601_0,wind,0.0,0.0
WECC_WY,optional_602_0,wind,0.0,0.0
WECC_WY,optional_602_1,wind,0.0,0.0
WECC_WY,optional_602_2,wind,0.0,0.0
WECC_WY,optional_602_3,wind,0.0,0.0
WECC_WY,optional_603_0,wind,0.0,0.0
WECC_WY,optional_603_1,wind,0.0,0.0
WECC_WY,optional_603_2,wind,0.0,0.0
WECC_WY,optional_603_3,wind,0.0,0.0
WECC_WY,optional_603_4,wind,0.0,0.0
WECC_WY,optional_603_5,wind,0.0,0.0
WECC_WY,optional_604_0,wind,0.0,0.0
WECC_WY,optional_605_0,wind,0.0,0.0
WECC_WY,optional_606_0,wind,0.0,0.0
WECC_WY,optional_607_0,wind,0.0,0.0
WECC_WY,optional_608_0,wind,0.0,0.0
WECC_WY,optional_608_1,wind,0.0,0.0
WECC_WY,optional_608_2,wind,0.0,0.0
WECC_WY,optional_608_3,wind,0.0,0.0
WECC_WY,optional_609_0,wind,0.0,0.0
WECC_WY,optional_609_1,wind,0.0,0.0
WECC_WY,optional_609_2,wind,0.0,0.0
WECC_WY,optional_609_3,wind,0.0,0.0
WECC_WY,optional_609_4,wind,0.0,0.0
WECC_WY,optional_609_5,wind,0.0,0.0
WECC_WY,optional_610_0,wind,0.0,0.0
WECC_WY,optional_610_1,wind,0.0,0.0
WECC_WY,optional_610_2,wind,0.0,0.0
WECC_WY,optional_610_3,wind,0.0,0.0
WECC_WY,optional_610_4,wind,0.0,0.0
WECC_WY,optional_610_5,wind,0.0,0.0
WECC_WY,optional_611_0,wind,0.0,0.0
WECC_WY,optional_611_1,wind,0.0,0.0
WECC_WY,optional_611_2,wind,0.0,0.0
WECC_WY,optional_611_3,wind,0.0,0.0
WECC_WY,optional_611_4,wind,0.0,0.0
WECC_WY,optional_611_5,wind,0.0,0.0
WECC_WY,optional_612_0,wind,0.0,0.0
WECC_WY,optional_612_1,wind,0.0,0.0
WECC_WY,optional_612_2,wind,0.0,0.0
WECC_WY,optional_612_3,wind,0.0,0.0
WECC_WY,optional_612_4,wind,0.0,0.0
WECC_WY,optional_612_5,wind,0.0,0.0
WECC_WY,optional_613_0,wind,0.0,0.0
WECC_WY,optional_613_1,wind,0.0,0.0
WECC_WY,optional_613_2,wind,0.0,0.0
WECC_WY,optional_613_3,wind,0.0,0.0
WECC_WY,optional_613_4,wind,0.0,0.0
WECC_WY,optional_613_5,wind,0.0,0.0
WECC_WY,optional_614_0,wind,0.0,0.0
WECC_WY,optional_614_1,wind,0.0,0.0
WECC_WY,optional_614_2,wind,0.0,0.0
WECC_WY,optional_614_3,wind,0.0,0.0
WECC_WY,optional_614_4,wind,0.0,0.0
WECC_WY,optional_614_5,wind,0.0,0.0
WECC_WY,optional_615_0,wind,0.0,0.0
WECC_WY,optional_615_1,wind,0.0,0.0
WECC_WY,optional_615_2,wind,0.0,0.0
WECC_WY,optional_615_3,wind,0.0,0.0
WECC_WY,optional_615_4,wind,0.0,0.0
WECC_WY,optional_615_5,wind,0.0,0.0
WECC_WY,optional_616_0,wind,0.0,0.0
WECC_WY,optional_616_1,wind,0.0,0.0
WECC_WY,optional_616_2,wind,0.0,0.0
WECC_WY,optional_616_3,wind,0.0,0.0
WECC_WY,optional_616_4,wind,0.0,0.0
WECC_WY,optional_616_5,wind,0.0,0.0
WECC_WY,optional_617_0,wind,0.0,0.0
WECC_WY,optional_617_1,wind,0.0,0.0
WECC_WY,optional_617_2,wind,0.0,0.0
WECC_WY,optional_617_3,wind,0.0,0.0
WECC_WY,optional_617_4,wind,0.0,0.0
WECC_WY,optional_617_5,wind,0.0,0.0
WECC_WY,optional_618_0,wind,0.0,0.0
WECC_WY,optional_618_1,wind,0.0,0.0
WECC_WY,optional_618_2,wind,0.0,0.0
WECC_WY,optional_618_3,wind,0.0,0.0
WECC_WY,optional_618_4,wind,0.0,0.0
WECC_WY,optional_618_5,wind,0.0,0.0
WECC_WY,optional_619_0,wind,0.0,0.0
WECC_WY,optional_619_1,wind,0.0,0.0
WECC_WY,optional_619_2,wind,0.0,0.0
WECC_WY,optional_619_3,wind,0.0,0.0
WECC_WY,optional_619_4,wind,0.0,0.0
WECC_WY,optional_619_5,wind,0.0,0.0
WECC_WY,optional_620_0,wind,0.0,0.0
WECC_WY,optional_620_1,wind,0.0,0.0
WECC_WY,optional_620_2,wind,0.0,0.0
WECC_WY,optional_620_3,wind,0.0,0.0
WECC_WY,optional_620_4,wind,0.0,0.0
WECC_WY,optional_620_5,wind,0.0,0.0
WECC_WY,optional_860_0,solar,0.0,0.0
WECC_WY,optional_860_1,solar,0.0,0.0
WECC_WY,optional_860_2,solar,0.0,0.0
WECC_WY,optional_860_3,solar,0.0,0.0
WECC_WY,optional_860_4,solar,0.0,0.0
WECC_WY,optional_860_5,solar,0.0,0.0
WECC_WY,optional_861_0,solar,105975360000000.0,175223809.52380952
WECC_WY,optional_861_1,solar,86959620000000.0,143782440.47619048
WECC_WY,optional_861_2,solar,12704331566489.365,21005839.230306488
WECC_WY,optional_861_3,solar,0.0,0.0
WECC_WY,optional_861_4,solar,0.0,0.0
WECC_WY,optional_861_5,solar,0.0,0.0
WECC_WY,optional_862_0,solar,0.0,0.0
WECC_WY,optional_862_1,solar,0.0,0.0
WECC_WY,optional_862_2,solar,0.0,0.0
WECC_WY,optional_862_3,solar,0.0,0.0
WECC_WY,optional_862_4,solar,0.0,0.0
WECC_WY,optional_862_5,solar,0.0,0.0
WECC_WY,optional_863_0,solar,0.0,0.0
WECC_WY,optional_863_1,solar,0.0,0.0
WECC_WY,optional_863_2,solar,0.0,0.0
WECC_WY,optional_863_3,solar,0.0,0.0
WECC_WY,optional_863_4,solar,0.0,0.0
WECC_WY,optional_863_5,solar,0.0,0.0
WECC_WY,optional_864_0,solar,130546260000000.0,215850297.6190476
WECC_WY,optional_864_1,solar,130546260000000.0,215850297.6190476
WECC_WY,optional_864_2,solar,130546260000000.0,215850297.6190476
WECC_WY,optional_864_3,solar,130546260000000.0,215850297.6190476
WECC_WY,optional_864_4,solar,0.0,0.0
WECC_WY,optional_865_0,solar,0.0,0.0
WECC_WY,optional_865_1,solar,0.0,0.0
WECC_WY,optional_865_2,solar,0.0,0.0
WECC_WY,optional_865_3,solar,0.0,0.0
WECC_WY,optional_865_4,solar,0.0,0.0
WECC_WY,optional_865_5,solar,0.0,0.0
WEC_BANC,installed_1570,natural gas,28868621399098.797,47732508.92708134
WEC_BANC,installed_1571,natural gas,12115365249714.396,20032019.26209391
WEC_BANC,installed_5741,hydro,19087488000000.0,31560000.0
WEC_BANC,installed_5742,hydro,18627840000000.0,30800000.0
WEC_BANC,installed_5743,hydro,18893952000000.0,31240000.0
WEC_BANC,installed_5744,hydro,18893952000000.0,31240000.0
WEC_BANC,installed_5745,hydro,17926272000000.0,29640000.0
WEC_BANC,installed_5746,hydro,6168960000000.0,10200000.0
WEC_BANC,installed_5747,hydro,26127360000000.0,43200000.0
WEC_BANC,installed_5748,hydro,32175360000000.0,53200000.0
WEC_BANC,installed_5749,hydro,120960000000.0,200000.0
WEC_BANC,installed_6892,hydro,2419200000000.0,4000000.0
WEC_BANC,installed_6893,natural gas,5266800000000.0,8708333.333333334
WEC_BANC,installed_9034,waste,1693440000000.0,2800000.0
WEC_BANC,installed_9035,waste,1693440000000.0,2800000.0
WEC_BANC,installed_9036,waste,1693440000000.0,2800000.0
WEC_BANC,installed_9178,natural gas,592432601521.6185,979551.2591296603
WEC_BANC,installed_9179,natural gas,1088806968774.9932,1800276.0727099755
WEC_BANC,installed_9180,natural gas,1356986582730.7205,2243694.746578572
WEC_BANC,installed_9384,natural gas,12881767855287.734,21299219.33744665
WEC_BANC,installed_9385,natural gas,6881022948671.724,11377352.759047162
WEC_BANC,installed_9618,natural gas,10961635138837.951,18124396.7242691
WEC_BANC,installed_9619,natural gas,11333830498524.312,18739799.104702897
WEC_BANC,installed_9620,natural gas,3272468439948.6606,5410827.4470050605
WEC_BANC,installed_10816,solar,196308000000.0,324583.3333333333
WEC_BANC,installed_11976,solar,3337236000000.0,5517916.666666667
WEC_BANC,installed_11977,solar,569293200000.0,941291.6666666666
WEC_BANC,installed_11978,solar,569293200000.0,941291.6666666666
WEC_BANC,installed_12088,solar,196308000000.0,324583.3333333333
WEC_BANC,installed_12118,solar,588924000000.0,973750.0
WEC_BANC,installed_12119,solar,981540000000.0,1622916.6666666667
WEC_BANC,installed_12120,solar,588924000000.0,973750.0
WEC_BANC,installed_12121,solar,981540000000.0,1622916.6666666667
WEC_BANC,installed_12122,solar,588924000000.0,973750.0
WEC_BANC,installed_12123,solar,981540000000.0,1622916.6666666667
WEC_BANC,installed_12124,solar,981540000000.0,1622916.6666666667
WEC_BANC,installed_12125,solar,981540000000.0,1622916.6666666667
WEC_BANC,installed_12126,solar,981540000000.0,1622916.6666666667
WEC_BANC,installed_12151,solar,78523200000.0,129833.33333333333
WEC_BANC,installed_12159,solar,981540000000.0,1622916.6666666667
WEC_BANC,installed_12160,solar,981540000000.0,1622916.6666666667
WEC_BANC,installed_12161,solar,981540000000.0,1622916.6666666667
WEC_BANC,installed_12162,solar,981540000000.0,1622916.6666666667
WEC_BANC,installed_12163,solar,981540000000.0,1622916.6666666667
WEC_BANC,installed_12164,solar,981540000000.0,1622916.6666666667
WEC_BANC,installed_12207,solar,549662400000.0,908833.3333333334
WEC_BANC,installed_12208,solar,176677200000.0,292125.0
WEC_BANC,installed_12347,solar,392616000000.0,649166.6666666666
WEC_BANC,installed_12521,solar,98154000000.0,162291.66666666666
WEC_BANC,installed_12522,solar,98154000000.0,162291.66666666666
WEC_BANC,installed_12551,solar,588924000000.0,973750.0
WEC_BANC,installed_12713,solar,196308000000.0,324583.3333333333
WEC_BANC,installed_13188,solar,196308000000.0,324583.3333333333
WEC_BANC,installed_13538,solar,196308000000.0,324583.3333333333
WEC_BANC,installed_13937,solar,294462000000.0,486875.0
WEC_BANC,installed_14859,solar,196308000000.0,324583.3333333333
WEC_BANC,installed_14885,solar,2120126400000.0,3505500.0
WEC_BANC,installed_15589,solar,215938800000.0,357041.6666666667
WEC_BANC,installed_15611,solar,530031600000.0,876375.0
WEC_BANC,installed_15772,solar,1374156000000.0,2272083.3333333335
WEC_BANC,installed_15873,solar,1020801600000.0,1687833.3333333333
WEC_BANC,installed_15929,solar,687078000000.0,1136041.6666666667
WEC_BANC,installed_16588,hydro,9338112000000.0,15440000.0
WEC_BANC,installed_17030,natural gas,2397600000000.0,3964285.714285714
WEC_BANC,installed_17031,natural gas,0.0,0.0
WEC_BANC,installed_17032,natural gas,2089588620682.5322,3455007.6400174145
WEC_BANC,installed_17033,natural gas,501839999999.9999,829761.9047619046
WEC_BANC,installed_17034,natural gas,885047462789.4888,1463372.127628123
WEC_BANC,installed_17035,natural gas,1062719999999.9998,1757142.8571428568
WEC_BANC,installed_17036,natural gas,0.0,0.0
WEC_BANC,installed_17037,natural gas,2074327763537.0613,3429774.741298051
WEC_BANC,installed_17038,natural gas,6654238352002.244,11002378.227516938
WEC_BANC,installed_17095,natural gas,837889331406.2609,1385399.0267960664
WEC_BANC,installed_17096,natural gas,1407600000000.0,2327380.9523809524
WEC_BANC,installed_17097,natural gas,5494771984008.381,9085271.137579994
WEC_BANC,installed_17098,natural gas,6029112211255.403,9968770.190567797
WEC_BANC,installed_17099,natural gas,2656800000000.0,4392857.142857143
WEC_BANC,installed_17100,natural gas,2514739802341.7603,4157969.2499037036
WEC_BANC,installed_17273,natural gas,3719381158365.5283,6149770.433805438
WEC_BANC,installed_17274,natural gas,4998317849581.193,8264414.433831339
WEC_BANC,installed_17275,natural gas,1658729794120.893,2742608.7865755507
WEC_BANC,installed_17294,natural gas,4587529328783.582,7585200.609761214
WEC_BANC,installed_17295,natural gas,2852753808382.544,4716854.841902355
WEC_BANC,installed_17296,natural gas,2900594462545.5664,4795956.452621637
WEC_BANC,installed_17297,natural gas,0.0,0.0
WEC_BANC,installed_17298,natural gas,0.0,0.0
WEC_BANC,installed_17299,natural gas,3834997417542.5684,6340934.883502924
WEC_BANC,installed_18572,hydro,653184000000.0,1080000.0
WEC_BANC,installed_18579,wind,5582304000000.0,9230000.0
WEC_BANC,installed_18608,solar,17522596366380.0,28972546.902083334
WEC_BANC,optional_463_0,wind,5648760000000.0,9339880.952380951
WEC_BANC,optional_464_0,wind,139755326400000.0,231076928.57142857
WEC_BANC,optional_465_0,wind,0.0,0.0
WEC_BANC,optional_465_1,wind,0.0,0.0
WEC_BANC,optional_801_0,solar,73615500000000.0,121718750.0
WEC_BANC,optional_801_1,solar,0.0,0.0
WEC_BANC,optional_801_2,solar,53156759111282.32,87891466.78452764
WEC_BANC,optional_801_3,solar,114251256000000.0,188907500.0
WEC_BANC,optional_801_4,solar,104828472000000.0,173327500.0
WEC_BANC,optional_801_5,solar,0.0,0.0
WEC_BANC,optional_802_0,solar,0.0,0.0
WEC_BANC,optional_802_1,solar,0.0,0.0
WEC_BANC,optional_802_2,solar,0.0,0.0
WEC_BANC,optional_802_3,solar,0.0,0.0
WEC_BANC,optional_802_4,solar,0.0,0.0
WEC_CALN,installed_73,natural gas,19081771683432.617,31550548.41837404
WEC_CALN,installed_74,natural gas,18144000000000.0,30000000.0
WEC_CALN,installed_122,biomass,9676800000000.0,16000000.0
WEC_CALN,installed_172,hydro,48384000000.0,80000.0
WEC_CALN,installed_173,hydro,48384000000.0,80000.0
WEC_CALN,installed_184,biomass,6853457943360.001,11331775.700000003
WEC_CALN,installed_192,natural gas,2829600000000.0,4678571.428571428
WEC_CALN,installed_193,natural gas,0.0,0.0
WEC_CALN,installed_194,natural gas,0.0,0.0
WEC_CALN,installed_231,hydro,1209600000000.0,2000000.0
WEC_CALN,installed_232,hydro,1209600000000.0,2000000.0
WEC_CALN,installed_249,hydro,1161216000000.0,1920000.0
WEC_CALN,installed_255,natural gas,20235600000000.0,33458333.333333332
WEC_CALN,installed_256,natural gas,22647478575921.156,37446227.80410244
WEC_CALN,installed_286,natural gas,21113604218354.246,34910059.88484498
WEC_CALN,installed_287,natural gas,21042000000000.0,34791666.666666664
WEC_CALN,installed_288,natural gas,20260800000000.0,33500000.0
WEC_CALN,installed_320,pump hydro,55718839694782.5,92127711.13555308
WEC_CALN,installed_323,natural gas,0.0,0.0
WEC_CALN,installed_324,natural gas,594720000000.0,983333.3333333334
WEC_CALN,installed_362,hydro,7233408000000.0,11960000.0
WEC_CALN,installed_407,natural gas,648000000000.0,1071428.5714285714
WEC_CALN,installed_408,biomass,1416206896812.0,2341611.9325595237
WEC_CALN,installed_461,natural gas,2862720000000.0,4733333.333333333
WEC_CALN,installed_537,natural gas,0.0,0.0
WEC_CALN,installed_538,natural gas,10929600000000.0,18071428.57142857
WEC_CALN,installed_539,biomass,1192361815656.0002,1971497.7110714288
WEC_CALN,installed_540,biomass,1300758344352.0002,2150724.775714286
WEC_CALN,installed_541,biomass,1497584045375.1907,2476164.096189138
WEC_CALN,installed_572,hydro,725760000000.0,1200000.0
WEC_CALN,installed_573,hydro,1209600000000.0,2000000.0
WEC_CALN,installed_574,hydro,266112000000.0,440000.0
WEC_CALN,installed_575,hydro,266112000000.0,440000.0
WEC_CALN,installed_616,waste,967680000000.0,1600000.0
WEC_CALN,installed_617,waste,604800000000.0,1000000.0
WEC_CALN,installed_618,waste,544320000000.0,900000.0
WEC_CALN,installed_619,waste,725760000000.0,1200000.0
WEC_CALN,installed_639,biomass,1449000000000.0,2395833.3333333335
WEC_CALN,installed_642,biomass,2974320000000.0,4917857.142857143
WEC_CALN,installed_645,biomass,3162240000000.0,5228571.428571428
WEC_CALN,installed_651,biomass,3888000000000.0,6428571.428571428
WEC_CALN,installed_697,biomass,1810344827340.0,2993295.01875
WEC_CALN,installed_698,biomass,3240000000000.0,5357142.857142857
WEC_CALN,installed_741,hydro,435456000000.0,720000.0
WEC_CALN,installed_742,hydro,483840000000.0,800000.0
WEC_CALN,installed_743,hydro,1645056000000.0,2720000.0
WEC_CALN,installed_1721,hydro,266112000000.0,440000.0
WEC_CALN,installed_1722,hydro,266112000000.0,440000.0
WEC_CALN,installed_1723,hydro,266112000000.0,440000.0
WEC_CALN,installed_1724,hydro,120960000000.0,200000.0
WEC_CALN,installed_1725,hydro,120960000000.0,200000.0
WEC_CALN,installed_2050,hydro,217728000000.0,360000.0
WEC_CALN,installed_2633,hydro,241920000000.0,400000.0
WEC_CALN,installed_2666,hydro,169344000000.0,280000.0
WEC_CALN,installed_2687,hydro,8225280000000.0,13600000.0
WEC_CALN,installed_2691,hydro,12700800000000.0,21000000.0
WEC_CALN,installed_2692,hydro,12700800000000.0,21000000.0
WEC_CALN,installed_2711,hydro,30240000000000.0,50000000.0
WEC_CALN,installed_2737,hydro,7862400000000.0,13000000.0
WEC_CALN,installed_2738,hydro,7862400000000.0,13000000.0
WEC_CALN,installed_2747,hydro,9918720000000.0,16400000.0
WEC_CALN,installed_2763,hydro,6048000000000.0,10000000.0
WEC_CALN,installed_2764,hydro,6048000000000.0,10000000.0
WEC_CALN,installed_2765,hydro,6048000000000.0,10000000.0
WEC_CALN,installed_2788,hydro,14515200000000.0,24000000.0
WEC_CALN,installed_2789,hydro,14515200000000.0,24000000.0
WEC_CALN,installed_2842,hydro,1693440000000.0,2800000.0
WEC_CALN,installed_2862,hydro,3144960000000.0,5200000.0
WEC_CALN,installed_2928,hydro,8467200000000.0,14000000.0
WEC_CALN,installed_2929,hydro,8467200000000.0,14000000.0
WEC_CALN,installed_2957,hydro,4475520000000.0,7400000.0
WEC_CALN,installed_2977,hydro,1378944000000.0,2280000.0
WEC_CALN,installed_2992,hydro,3193344000000.0,5280000.0
WEC_CALN,installed_2993,hydro,3193344000000.0,5280000.0
WEC_CALN,installed_2994,hydro,3193344000000.0,5280000.0
WEC_CALN,installed_2995,hydro,3483648000000.0,5760000.0
WEC_CALN,installed_3030,hydro,11975040000000.0,19800000.0
WEC_CALN,installed_3043,hydro,5322240000000.0,8800000.0
WEC_CALN,installed_3046,hydro,2491776000000.0,4120000.0
WEC_CALN,installed_3047,hydro,2491776000000.0,4120000.0
WEC_CALN,installed_3048,hydro,7426944000000.0,12280000.0
WEC_CALN,installed_3049,hydro,7426944000000.0,12280000.0
WEC_CALN,installed_3050,hydro,8854272000000.0,14640000.0
WEC_CALN,installed_3073,hydro,17418240000000.0,28800000.0
WEC_CALN,installed_3074,hydro,17418240000000.0,28800000.0
WEC_CALN,installed_3096,hydro,2661120000000.0,4400000.0
WEC_CALN,installed_3102,hydro,580608000000.0,960000.0
WEC_CALN,installed_3103,hydro,580608000000.0,960000.0
WEC_CALN,installed_3104,hydro,2056320000000.0,3400000.0
WEC_CALN,installed_3106,hydro,2056320000000.0,3400000.0
WEC_CALN,installed_3122,natural gas,0.0,0.0
WEC_CALN,installed_3123,natural gas,821520000000.0,1358333.3333333333
WEC_CALN,installed_3124,natural gas,0.0,0.0
WEC_CALN,installed_3125,natural gas,488015768136.84406,806904.3785331416
WEC_CALN,installed_3126,natural gas,3990240000000.0,6597619.047619048
WEC_CALN,installed_3127,natural gas,0.0,0.0
WEC_CALN,installed_3128,natural gas,0.0,0.0
WEC_CALN,installed_3129,natural gas,0.0,0.0
WEC_CALN,installed_3130,natural gas,821520000000.0,1358333.3333333333
WEC_CALN,installed_3131,natural gas,240480000000.0,397619.04761904763
WEC_CALN,installed_3134,hydro,1935360000000.0,3200000.0
WEC_CALN,installed_3149,hydro,20805120000000.0,34400000.0
WEC_CALN,installed_3150,hydro,20805120000000.0,34400000.0
WEC_CALN,installed_3209,hydro,3048192000000.0,5040000.0
WEC_CALN,installed_3210,hydro,3048192000000.0,5040000.0
WEC_CALN,installed_3283,hydro,12579840000000.0,20800000.0
WEC_CALN,installed_3300,hydro,241920000000.0,400000.0
WEC_CALN,installed_3301,hydro,241920000000.0,400000.0
WEC_CALN,installed_3364,hydro,846720000000.0,1400000.0
WEC_CALN,installed_3404,natural gas,0.0,0.0
WEC_CALN,installed_3405,natural gas,0.0,0.0
WEC_CALN,installed_3406,natural gas,0.0,0.0
WEC_CALN,installed_3407,natural gas,0.0,0.0
WEC_CALN,installed_3408,natural gas,0.0,0.0
WEC_CALN,installed_3409,natural gas,0.0,0.0
WEC_CALN,installed_3434,hydro,411264000000.0,680000.0
WEC_CALN,installed_3452,hydro,2903040000000.0,4800000.0
WEC_CALN,installed_3472,hydro,483840000000.0,800000.0
WEC_CALN,installed_3477,hydro,7378560000000.0,12200000.0
WEC_CALN,installed_3478,hydro,7378560000000.0,12200000.0
WEC_CALN,installed_3479,hydro,5636736000000.0,9320000.0
WEC_CALN,installed_3480,hydro,5636736000000.0,9320000.0
WEC_CALN,installed_3481,hydro,5636736000000.0,9320000.0
WEC_CALN,installed_3482,hydro,11491200000000.0,19000000.0
WEC_CALN,installed_3483,hydro,11491200000000.0,19000000.0
WEC_CALN,installed_3489,hydro,9676800000000.0,16000000.0
WEC_CALN,installed_3490,hydro,9676800000000.0,16000000.0
WEC_CALN,installed_3491,hydro,9676800000000.0,16000000.0
WEC_CALN,installed_3492,hydro,9676800000000.0,16000000.0
WEC_CALN,installed_3508,hydro,9676800000000.0,16000000.0
WEC_CALN,installed_3509,hydro,9676800000000.0,16000000.0
WEC_CALN,installed_3563,hydro,13547520000000.0,22400000.0
WEC_CALN,installed_3564,hydro,13789440000000.0,22800000.0
WEC_CALN,installed_3613,hydro,14515200000000.0,24000000.0
WEC_CALN,installed_3614,hydro,14515200000000.0,24000000.0
WEC_CALN,installed_3647,hydro,1088640000000.0,1800000.0
WEC_CALN,installed_3648,hydro,483840000000.0,800000.0
WEC_CALN,installed_3649,hydro,653184000000.0,1080000.0
WEC_CALN,installed_3659,hydro,15240960000000.0,25200000.0
WEC_CALN,installed_3660,hydro,15240960000000.0,25200000.0
WEC_CALN,installed_3671,hydro,774144000000.0,1280000.0
WEC_CALN,installed_3672,hydro,1016064000000.0,1680000.0
WEC_CALN,installed_3686,hydro,2661120000000.0,4400000.0
WEC_CALN,installed_3687,hydro,7983360000000.0,13200000.0
WEC_CALN,installed_3691,hydro,1693440000000.0,2800000.0
WEC_CALN,installed_3694,hydro,1693440000000.0,2800000.0
WEC_CALN,installed_3706,hydro,1064448000000.0,1760000.0
WEC_CALN,installed_3712,hydro,1403136000000.0,2320000.0
WEC_CALN,installed_3727,hydro,1693440000000.0,2800000.0
WEC_CALN,installed_3736,hydro,22014720000000.0,36400000.0
WEC_CALN,installed_3755,geothermal,41126400000000.0,68000000.0
WEC_CALN,installed_3756,geothermal,30844800000000.0,51000000.0
WEC_CALN,installed_3757,geothermal,39312000000000.0,65000000.0
WEC_CALN,installed_3758,geothermal,36288000000000.0,60000000.0
WEC_CALN,installed_3759,geothermal,36288000000000.0,60000000.0
WEC_CALN,installed_3760,geothermal,36288000000000.0,60000000.0
WEC_CALN,installed_3761,geothermal,36288000000000.0,60000000.0
WEC_CALN,installed_3762,geothermal,30240000000000.0,50000000.0
WEC_CALN,installed_3763,geothermal,27216000000000.0,45000000.0
WEC_CALN,installed_3764,geothermal,27216000000000.0,45000000.0
WEC_CALN,installed_3765,geothermal,24192000000000.0,40000000.0
WEC_CALN,installed_3766,geothermal,24192000000000.0,40000000.0
WEC_CALN,installed_3778,hydro,7015680000000.0,11600000.0
WEC_CALN,installed_3779,hydro,7015680000000.0,11600000.0
WEC_CALN,installed_3796,hydro,2177280000000.0,3600000.0
WEC_CALN,installed_3806,hydro,3507840000000.0,5800000.0
WEC_CALN,installed_3816,hydro,3386880000000.0,5600000.0
WEC_CALN,installed_3817,hydro,774144000000.0,1280000.0
WEC_CALN,installed_3823,hydro,1209600000000.0,2000000.0
WEC_CALN,installed_3824,hydro,1209600000000.0,2000000.0
WEC_CALN,installed_3825,hydro,1209600000000.0,2000000.0
WEC_CALN,installed_3826,hydro,1209600000000.0,2000000.0
WEC_CALN,installed_4563,hydro,2927232000000.0,4840000.0
WEC_CALN,installed_5009,hydro,2153088000000.0,3560000.0
WEC_CALN,installed_5010,hydro,2153088000000.0,3560000.0
WEC_CALN,installed_5011,hydro,2395008000000.0,3960000.0
WEC_CALN,installed_5084,hydro,18966528000000.0,31360000.0
WEC_CALN,installed_5085,hydro,18966528000000.0,31360000.0
WEC_CALN,installed_5106,hydro,12096000000000.0,20000000.0
WEC_CALN,installed_5107,hydro,12096000000000.0,20000000.0
WEC_CALN,installed_5108,hydro,9555840000000.0,15800000.0
WEC_CALN,installed_5109,hydro,9555840000000.0,15800000.0
WEC_CALN,installed_5110,hydro,8830080000000.0,14600000.0
WEC_CALN,installed_5594,hydro,22861440000000.0,37800000.0
WEC_CALN,installed_5595,hydro,2177280000000.0,3600000.0
WEC_CALN,installed_5636,hydro,10644480000000.0,17600000.0
WEC_CALN,installed_5646,hydro,6604416000000.0,10920000.0
WEC_CALN,installed_5652,hydro,2661120000000.0,4400000.0
WEC_CALN,installed_5666,hydro,17418240000000.0,28800000.0
WEC_CALN,installed_5671,hydro,2177280000000.0,3600000.0
WEC_CALN,installed_5672,hydro,2419200000000.0,4000000.0
WEC_CALN,installed_5673,hydro,1645056000000.0,2720000.0
WEC_CALN,installed_5677,hydro,8709120000000.0,14400000.0
WEC_CALN,installed_5684,hydro,2177280000000.0,3600000.0
WEC_CALN,installed_5693,hydro,14273280000000.0,23600000.0
WEC_CALN,installed_5712,hydro,4112640000000.0,6800000.0
WEC_CALN,installed_5713,hydro,14757120000000.0,24400000.0
WEC_CALN,installed_5714,hydro,14757120000000.0,24400000.0
WEC_CALN,installed_5718,natural gas,0.0,0.0
WEC_CALN,installed_5719,natural gas,0.0,0.0
WEC_CALN,installed_5731,hydro,1451520000000.0,2400000.0
WEC_CALN,installed_5737,hydro,20877696000000.0,34520000.0
WEC_CALN,installed_5740,hydro,653184000000.0,1080000.0
WEC_CALN,installed_5754,hydro,32731776000000.0,54120000.0
WEC_CALN,installed_5755,hydro,32731776000000.0,54120000.0
WEC_CALN,installed_5756,hydro,32731776000000.0,54120000.0
WEC_CALN,installed_5757,hydro,13305600000000.0,22000000.0
WEC_CALN,installed_5758,hydro,13305600000000.0,22000000.0
WEC_CALN,installed_5759,hydro,13305600000000.0,22000000.0
WEC_CALN,installed_5760,hydro,9241344000000.0,15280000.0
WEC_CALN,installed_5761,hydro,241920000000.0,400000.0
WEC_CALN,installed_5762,hydro,798336000000.0,1320000.0
WEC_CALN,installed_5763,hydro,17345664000000.0,28680000.0
WEC_CALN,installed_5764,hydro,17345664000000.0,28680000.0
WEC_CALN,installed_5765,hydro,17345664000000.0,28680000.0
WEC_CALN,installed_5766,hydro,21458304000000.0,35480000.0
WEC_CALN,installed_5767,hydro,21458304000000.0,35480000.0
WEC_CALN,installed_5768,hydro,9434880000000.0,15600000.0
WEC_CALN,installed_5769,hydro,9434880000000.0,15600000.0
WEC_CALN,installed_5770,hydro,9434880000000.0,15600000.0
WEC_CALN,installed_5771,hydro,2007936000000.0005,3320000.000000001
WEC_CALN,installed_5772,hydro,2007936000000.0005,3320000.000000001
WEC_CALN,installed_5773,hydro,34352640000000.0,56800000.0
WEC_CALN,installed_5774,hydro,34352640000000.0,56800000.0
WEC_CALN,installed_5775,hydro,34352640000000.0,56800000.0
WEC_CALN,installed_5776,hydro,34352640000000.0,56800000.0
WEC_CALN,installed_5777,hydro,34352640000000.0,56800000.0
WEC_CALN,installed_5778,hydro,483840000000.0,800000.0
WEC_CALN,installed_5779,hydro,483840000000.0,800000.0
WEC_CALN,installed_5780,pump hydro,622080000000.0,1028571.4285714285
WEC_CALN,installed_5781,pump hydro,630720000000.0,1042857.1428571428
WEC_CALN,installed_5782,pump hydro,648000000000.0,1071428.5714285714
WEC_CALN,installed_5783,pump hydro,639360000000.0,1057142.857142857
WEC_CALN,installed_5784,pump hydro,630720000000.0,1042857.1428571428
WEC_CALN,installed_5785,pump hydro,622080000000.0,1028571.4285714285
WEC_CALN,installed_5790,pump hydro,13754937054569.545,22742951.479116313
WEC_CALN,installed_5791,pump hydro,12728374113955.195,21045592.11963491
WEC_CALN,installed_5792,pump hydro,13030531834438.682,21545191.525196236
WEC_CALN,installed_5793,pump hydro,12818778152875.342,21195069.69721452
WEC_CALN,installed_5794,pump hydro,12600000000000.0,20833333.333333332
WEC_CALN,installed_5795,pump hydro,12486875505264.793,20646288.86452512
WEC_CALN,installed_5796,pump hydro,12884116244897.262,21303102.256774575
WEC_CALN,installed_5797,pump hydro,13126936777287.36,21704591.2322873
WEC_CALN,installed_5798,hydro,21772800000000.0,36000000.0
WEC_CALN,installed_5799,hydro,21772800000000.0,36000000.0
WEC_CALN,installed_5800,hydro,16934400000000.0,28000000.0
WEC_CALN,installed_5801,hydro,16934400000000.0,28000000.0
WEC_CALN,installed_5802,hydro,38102400000000.0,63000000.0
WEC_CALN,installed_5803,hydro,38102400000000.0,63000000.0
WEC_CALN,installed_5804,hydro,11297664000000.0,18680000.0
WEC_CALN,installed_5856,hydro,1330560000000.0,2200000.0
WEC_CALN,installed_5928,hydro,1620864000000.0,2680000.0
WEC_CALN,installed_5929,hydro,1620864000000.0,2680000.0
WEC_CALN,installed_5934,biomass,2099520000000.0,3471428.5714285714
WEC_CALN,installed_5935,biomass,1111387751811.4207,1837612.023497719
WEC_CALN,installed_5936,biomass,1127520000000.0,1864285.7142857143
WEC_CALN,installed_5940,natural gas,15840000000.0,26190.47619047619
WEC_CALN,installed_5941,geothermal,30240000000000.0,50000000.0
WEC_CALN,installed_5942,geothermal,30240000000000.0,50000000.0
WEC_CALN,installed_5965,biomass,2488656847902.541,4114842.6717965296
WEC_CALN,installed_5966,biomass,1444320000000.0,2388095.238095238
WEC_CALN,installed_5967,biomass,1046201335149.6002,1729830.2499166671
WEC_CALN,installed_5968,biomass,1075831745640.531,1778822.3307548463
WEC_CALN,installed_5976,waste,9253440000000.0,15300000.0
WEC_CALN,installed_5977,waste,9313920000000.0,15400000.0
WEC_CALN,installed_5978,waste,9011520000000.0,14900000.0
WEC_CALN,installed_5986,hydro,314496000000.0,520000.0
WEC_CALN,installed_5987,hydro,314496000000.0,520000.0
WEC_CALN,installed_5988,hydro,24192000000.0,40000.0
WEC_CALN,installed_5989,natural gas,259200000000.0,428571.4285714286
WEC_CALN,installed_6013,hydro,725760000000.0,1200000.0
WEC_CALN,installed_6021,natural gas,0.0,0.0
WEC_CALN,installed_6035,hydro,1161216000000.0,1920000.0
WEC_CALN,installed_6062,hydro,653184000000.0,1080000.0
WEC_CALN,installed_6063,hydro,967680000000.0,1600000.0
WEC_CALN,installed_6064,hydro,120960000000.0,200000.0
WEC_CALN,installed_6108,biomass,3463200000000.0,5726190.476190476
WEC_CALN,installed_6109,natural gas,11451240000000.0,18933928.57142857
WEC_CALN,installed_6118,hydro,508032000000.0,840000.0
WEC_CALN,installed_6134,hydro,3507840000000.0,5800000.0
WEC_CALN,installed_6136,hydro,895104000000.0,1480000.0
WEC_CALN,installed_6137,hydro,72576000000.0,120000.0
WEC_CALN,installed_6181,coal,1866600000000.0,3086309.523809524
WEC_CALN,installed_6182,coal,1866600000000.0,3086309.523809524
WEC_CALN,installed_6183,hydro,4838400000000.0,8000000.0
WEC_CALN,installed_6184,hydro,1935360000000.0,3200000.0
WEC_CALN,installed_6185,hydro,556416000000.0,920000.0
WEC_CALN,installed_6186,hydro,2177280000000.0,3600000.0
WEC_CALN,installed_6196,hydro,3773952000000.0,6240000.0
WEC_CALN,installed_6304,natural gas,0.0,0.0
WEC_CALN,installed_6305,natural gas,248400000000.0,410714.28571428574
WEC_CALN,installed_6306,natural gas,0.0,0.0
WEC_CALN,installed_6307,natural gas,0.0,0.0
WEC_CALN,installed_6308,natural gas,248400000000.0,410714.28571428574
WEC_CALN,installed_6309,natural gas,828000000000.0,1369047.619047619
WEC_CALN,installed_6325,natural gas,0.0,0.0
WEC_CALN,installed_6334,hydro,870912000000.0,1440000.0
WEC_CALN,installed_6342,biomass,2566080000000.0,4242857.142857143
WEC_CALN,installed_6374,waste,1753920000000.0,2900000.0
WEC_CALN,installed_6375,waste,1753920000000.0,2900000.0
WEC_CALN,installed_6376,waste,786240000000.0,1300000.0
WEC_CALN,installed_6377,waste,786240000000.0,1300000.0
WEC_CALN,installed_6404,natural gas,0.0,0.0
WEC_CALN,installed_6408,natural gas,0.0,0.0
WEC_CALN,installed_6409,natural gas,100800000000.0,166666.66666666666
WEC_CALN,installed_6434,waste,6048000000000.0,10000000.0
WEC_CALN,installed_6435,waste,6048000000000.0,10000000.0
WEC_CALN,installed_6517,natural gas,439200000000.0,726190.4761904762
WEC_CALN,installed_6518,natural gas,210240000000.0,347619.04761904763
WEC_CALN,installed_6519,natural gas,794880000000.0,1314285.7142857143
WEC_CALN,installed_6520,natural gas,0.0,0.0
WEC_CALN,installed_6521,natural gas,10707168184620.37,17703651.09890934
WEC_CALN,installed_6526,hydro,459648000000.0,760000.0
WEC_CALN,installed_6527,hydro,217728000000.0,360000.0
WEC_CALN,installed_6585,waste,604800000000.0,1000000.0
WEC_CALN,installed_6586,waste,604800000000.0,1000000.0
WEC_CALN,installed_6587,waste,604800000000.0,1000000.0
WEC_CALN,installed_6595,natural gas,378000000000.0,625000.0
WEC_CALN,installed_6596,natural gas,0.0,0.0
WEC_CALN,installed_6612,natural gas,0.0,0.0
WEC_CALN,installed_6613,natural gas,0.0,0.0
WEC_CALN,installed_6626,biomass,2415206915538.802,3993397.677808865
WEC_CALN,installed_6627,biomass,2408228697949.0234,3981859.6196247083
WEC_CALN,installed_6628,biomass,2436480000000.0,4028571.4285714286
WEC_CALN,installed_6647,hydro,362880000000.0,600000.0
WEC_CALN,installed_6648,hydro,362880000000.0,600000.0
WEC_CALN,installed_6697,geothermal,665280000000.0,1100000.0
WEC_CALN,installed_6698,geothermal,665280000000.0,1100000.0
WEC_CALN,installed_6712,geothermal,30240000000000.0,50000000.0
WEC_CALN,installed_6797,natural gas,981720000000.0,1623214.2857142857
WEC_CALN,installed_6798,natural gas,0.0,0.0
WEC_CALN,installed_6799,natural gas,738720000000.0,1221428.5714285714
WEC_CALN,installed_6800,natural gas,0.0,0.0
WEC_CALN,installed_6801,natural gas,0.0,0.0
WEC_CALN,installed_6802,natural gas,0.0,0.0
WEC_CALN,installed_6803,natural gas,0.0,0.0
WEC_CALN,installed_6804,natural gas,77760000000.0,128571.42857142857
WEC_CALN,installed_6805,natural gas,0.0,0.0
WEC_CALN,installed_6806,natural gas,729000000000.0,1205357.142857143
WEC_CALN,installed_6807,natural gas,1467720000000.0,2426785.714285714
WEC_CALN,installed_6808,natural gas,0.0,0.0
WEC_CALN,installed_6819,natural gas,0.0,0.0
WEC_CALN,installed_6820,natural gas,0.0,0.0
WEC_CALN,installed_6821,natural gas,1273320000000.0,2105357.1428571427
WEC_CALN,installed_6822,natural gas,0.0,0.0
WEC_CALN,installed_6823,natural gas,0.0,0.0
WEC_CALN,installed_6824,natural gas,0.0,0.0
WEC_CALN,installed_6833,geothermal,5443200000000.0,9000000.0
WEC_CALN,installed_6834,geothermal,5443200000000.0,9000000.0
WEC_CALN,installed_6849,natural gas,0.0,0.0
WEC_CALN,installed_6850,natural gas,1051200000000.0,1738095.238095238
WEC_CALN,installed_6851,natural gas,0.0,0.0
WEC_CALN,installed_6868,natural gas,0.0,0.0
WEC_CALN,installed_6884,hydro,1741824000000.0,2880000.0
WEC_CALN,installed_6894,hydro,846720000000.0,1400000.0
WEC_CALN,installed_6895,hydro,846720000000.0,1400000.0
WEC_CALN,installed_6896,hydro,846720000000.0,1400000.0
WEC_CALN,installed_7033,biomass,5832000000000.0,9642857.142857144
WEC_CALN,installed_7051,hydro,290304000000.0,480000.0
WEC_CALN,installed_7077,hydro,290304000000.0,480000.0
WEC_CALN,installed_7161,natural gas,3769920000000.0,6233333.333333333
WEC_CALN,installed_7169,natural gas,1065600000000.0,1761904.761904762
WEC_CALN,installed_7170,natural gas,0.0,0.0
WEC_CALN,installed_7171,natural gas,72000000000.0,119047.61904761905
WEC_CALN,installed_7172,wind,3642289200000.0,6022303.571428572
WEC_CALN,installed_7239,hydro,604800000000.0,1000000.0
WEC_CALN,installed_7240,hydro,604800000000.0,1000000.0
WEC_CALN,installed_7241,hydro,120960000000.0,200000.0
WEC_CALN,installed_7242,hydro,30602880000000.0,50600000.0
WEC_CALN,installed_7243,hydro,30602880000000.0,50600000.0
WEC_CALN,installed_7256,waste,302400000000.0,500000.0
WEC_CALN,installed_7257,waste,302400000000.0,500000.0
WEC_CALN,installed_7258,waste,302400000000.0,500000.0
WEC_CALN,installed_7259,waste,362880000000.0,600000.0
WEC_CALN,installed_7291,biomass,5594400000000.0,9250000.0
WEC_CALN,installed_7325,hydro,266112000000.0,440000.0
WEC_CALN,installed_7326,hydro,1185408000000.0,1960000.0
WEC_CALN,installed_7518,natural gas,0.0,0.0
WEC_CALN,installed_7775,hydro,628992000000.0,1040000.0
WEC_CALN,installed_7853,natural gas,22266000000000.0,36815476.190476194
WEC_CALN,installed_7940,natural gas,0.0,0.0
WEC_CALN,installed_7941,natural gas,0.0,0.0
WEC_CALN,installed_7942,natural gas,0.0,0.0
WEC_CALN,installed_8081,natural gas,0.0,0.0
WEC_CALN,installed_8082,natural gas,0.0,0.0
WEC_CALN,installed_8083,natural gas,0.0,0.0
WEC_CALN,installed_8160,natural gas,6534000000000.0,10803571.42857143
WEC_CALN,installed_8161,natural gas,5963368194180.3545,9860066.458631538
WEC_CALN,installed_8162,natural gas,3412800000000.0,5642857.142857143
WEC_CALN,installed_8466,natural gas,0.0,0.0
WEC_CALN,installed_8467,natural gas,1188000000000.0,1964285.7142857143
WEC_CALN,installed_8468,natural gas,1645025671770.1182,2719949.8541172585
WEC_CALN,installed_8469,natural gas,0.0,0.0
WEC_CALN,installed_8568,natural gas,0.0,0.0
WEC_CALN,installed_8569,natural gas,0.0,0.0
WEC_CALN,installed_8570,natural gas,0.0,0.0
WEC_CALN,installed_8584,natural gas,0.0,0.0
WEC_CALN,installed_8585,natural gas,0.0,0.0
WEC_CALN,installed_8586,natural gas,0.0,0.0
WEC_CALN,installed_8728,natural gas,0.0,0.0
WEC_CALN,installed_8749,natural gas,18144000000000.0,30000000.0
WEC_CALN,installed_8867,natural gas,11259065742427.895,18616180.129675753
WEC_CALN,installed_8868,natural gas,0.0,0.0
WEC_CALN,installed_8869,natural gas,0.0,0.0
WEC_CALN,installed_8963,natural gas,495720000000.0,819642.8571428572
WEC_CALN,installed_8964,natural gas,0.0,0.0
WEC_CALN,installed_9006,natural gas,5507120700732.203,9105688.989305891
WEC_CALN,installed_9007,natural gas,16362000000000.0,27053571.42857143
WEC_CALN,installed_9008,natural gas,972000000000.0,1607142.857142857
WEC_CALN,installed_9009,natural gas,2916000000000.0,4821428.571428572
WEC_CALN,installed_9010,natural gas,0.0,0.0
WEC_CALN,installed_9012,waste,423360000000.0,700000.0
WEC_CALN,installed_9013,waste,423360000000.0,700000.0
WEC_CALN,installed_9014,waste,423360000000.0,700000.0
WEC_CALN,installed_9015,waste,423360000000.0,700000.0
WEC_CALN,installed_9016,waste,423360000000.0,700000.0
WEC_CALN,installed_9017,waste,423360000000.0,700000.0
WEC_CALN,installed_9018,waste,423360000000.0,700000.0
WEC_CALN,installed_9019,waste,423360000000.0,700000.0
WEC_CALN,installed_9069,natural gas,500040000000.0,826785.7142857143
WEC_CALN,installed_9070,natural gas,11285280000000.0,18659523.80952381
WEC_CALN,installed_9072,natural gas,14785660487695.527,24447189.959814034
WEC_CALN,installed_9073,natural gas,0.0,0.0
WEC_CALN,installed_9074,natural gas,11016000000000.0,18214285.714285713
WEC_CALN,installed_9075,natural gas,0.0,0.0
WEC_CALN,installed_9076,natural gas,12312000000000.0,20357142.85714286
WEC_CALN,installed_9092,natural gas,0.0,0.0
WEC_CALN,installed_9093,natural gas,10692000000000.0,17678571.42857143
WEC_CALN,installed_9110,natural gas,576000000000.0,952380.9523809524
WEC_CALN,installed_9141,natural gas,1124640000000.0,1859523.8095238095
WEC_CALN,installed_9142,natural gas,29260440000000.0,48380357.14285714
WEC_CALN,installed_9143,natural gas,29234616732650.473,48337659.94155171
WEC_CALN,installed_9165,natural gas,11285280000000.0,18659523.80952381
WEC_CALN,installed_9260,natural gas,0.0,0.0
WEC_CALN,installed_9261,natural gas,13500000000000.0,22321428.57142857
WEC_CALN,installed_9262,natural gas,1944000000000.0,3214285.714285714
WEC_CALN,installed_9269,non-fossil,1209600000000.0,2000000.0
WEC_CALN,installed_9270,non-fossil,1209600000000.0,2000000.0
WEC_CALN,installed_9271,non-fossil,1209600000000.0,2000000.0
WEC_CALN,installed_9307,wind,34261017120000.0,56648507.14285714
WEC_CALN,installed_9308,wind,3806779680000.0,6294278.571428572
WEC_CALN,installed_9309,natural gas,27668867292148.484,45748788.51215027
WEC_CALN,installed_9310,natural gas,27892916994924.008,46119241.06303573
WEC_CALN,installed_9311,natural gas,17679655512742.168,29232234.64408427
WEC_CALN,installed_9430,natural gas,0.0,0.0
WEC_CALN,installed_9431,natural gas,756000000000.0,1250000.0
WEC_CALN,installed_9432,natural gas,0.0,0.0
WEC_CALN,installed_9433,natural gas,766080000000.0,1266666.6666666667
WEC_CALN,installed_9434,natural gas,0.0,0.0
WEC_CALN,installed_9435,natural gas,756000000000.0,1250000.0
WEC_CALN,installed_9436,natural gas,1098720000000.0,1816666.6666666667
WEC_CALN,installed_9437,natural gas,0.0,0.0
WEC_CALN,installed_9438,natural gas,30240000000.0,50000.0
WEC_CALN,installed_9439,natural gas,0.0,0.0
WEC_CALN,installed_9440,natural gas,60480000000.0,100000.0
WEC_CALN,installed_9441,natural gas,50400000000.0,83333.33333333333
WEC_CALN,installed_9442,natural gas,40320000000.0,66666.66666666667
WEC_CALN,installed_9443,natural gas,40320000000.0,66666.66666666667
WEC_CALN,installed_9444,natural gas,0.0,0.0
WEC_CALN,installed_9445,natural gas,766080000000.0,1266666.6666666667
WEC_CALN,installed_9446,natural gas,758880000000.0,1254761.9047619049
WEC_CALN,installed_9447,natural gas,758880000000.0,1254761.9047619049
WEC_CALN,installed_9448,natural gas,0.0,0.0
WEC_CALN,installed_9449,natural gas,0.0,0.0
WEC_CALN,installed_9450,natural gas,66960000000.0,110714.28571428571
WEC_CALN,installed_9451,natural gas,0.0,0.0
WEC_CALN,installed_9452,natural gas,825840000000.0,1365476.1904761905
WEC_CALN,installed_9453,natural gas,11160000000.0,18452.380952380954
WEC_CALN,installed_9454,natural gas,848160000000.0,1402380.9523809524
WEC_CALN,installed_9455,natural gas,0.0,0.0
WEC_CALN,installed_9456,natural gas,0.0,0.0
WEC_CALN,installed_9457,natural gas,758880000000.0,1254761.9047619049
WEC_CALN,installed_9458,natural gas,0.0,0.0
WEC_CALN,installed_9459,natural gas,0.0,0.0
WEC_CALN,installed_9460,natural gas,66960000000.0,110714.28571428571
WEC_CALN,installed_9461,natural gas,0.0,0.0
WEC_CALN,installed_9516,natural gas,1728000000000.0,2857142.8571428573
WEC_CALN,installed_9517,natural gas,0.0,0.0
WEC_CALN,installed_9572,wind,4229755200000.0,6993642.857142857
WEC_CALN,installed_9718,wind,35247960000000.0,58280357.14285714
WEC_CALN,installed_9797,waste,604800000000.0,1000000.0
WEC_CALN,installed_9798,waste,604800000000.0,1000000.0
WEC_CALN,installed_9799,waste,604800000000.0,1000000.0
WEC_CALN,installed_9822,wind,8929483200000.0,14764357.142857144
WEC_CALN,installed_9862,natural gas,0.0,0.0
WEC_CALN,installed_9863,natural gas,0.0,0.0
WEC_CALN,installed_9864,natural gas,0.0,0.0
WEC_CALN,installed_9876,natural gas,0.0,0.0
WEC_CALN,installed_9877,natural gas,0.0,0.0
WEC_CALN,installed_9878,natural gas,0.0,0.0
WEC_CALN,installed_10046,natural gas,0.0,0.0
WEC_CALN,installed_10047,natural gas,0.0,0.0
WEC_CALN,installed_10048,natural gas,0.0,0.0
WEC_CALN,installed_10174,natural gas,13410720000000.0,22173809.523809522
WEC_CALN,installed_10175,natural gas,24819840000000.0,41038095.23809524
WEC_CALN,installed_10186,wind,23780623680000.0,39319814.28571428
WEC_CALN,installed_10611,biomass,1399680000000.0,2314285.714285714
WEC_CALN,installed_10612,biomass,1323000000000.0,2187500.0
WEC_CALN,installed_10634,solar,714708722089.9584,1181727.384408
WEC_CALN,installed_10671,natural gas,349200000000.0,577380.9523809524
WEC_CALN,installed_10672,natural gas,26888400000000.0,44458333.333333336
WEC_CALN,installed_10673,natural gas,43300800000000.0,71595238.09523809
WEC_CALN,installed_10674,natural gas,38337402600568.734,63388562.50094037
WEC_CALN,installed_10689,solar,71470872194.688,118172.73841714287
WEC_CALN,installed_10690,solar,71470872194.688,118172.73841714287
WEC_CALN,installed_10815,wind,35247960000000.0,58280357.14285714
WEC_CALN,installed_10853,waste,1088640000000.0,1800000.0
WEC_CALN,installed_10854,waste,1088640000000.0,1800000.0
WEC_CALN,installed_10855,waste,1088640000000.0,1800000.0
WEC_CALN,installed_10856,waste,1088640000000.0,1800000.0
WEC_CALN,installed_10857,waste,1088640000000.0,1800000.0
WEC_CALN,installed_10858,waste,1088640000000.0,1800000.0
WEC_CALN,installed_10862,waste,1088640000000.0,1800000.0
WEC_CALN,installed_10863,waste,1088640000000.0,1800000.0
WEC_CALN,installed_10879,solar,42882523316.812805,70903.64305028573
WEC_CALN,installed_10880,solar,42882523316.812805,70903.64305028573
WEC_CALN,installed_10881,solar,42882523316.812805,70903.64305028573
WEC_CALN,installed_10882,solar,42882523316.812805,70903.64305028573
WEC_CALN,installed_11039,solar,128647569950.43842,212710.92915085718
WEC_CALN,installed_11040,solar,128647569950.43842,212710.92915085718
WEC_CALN,installed_11042,solar,114353395511.5008,189076.38146742858
WEC_CALN,installed_11044,solar,128647569950.43842,212710.92915085718
WEC_CALN,installed_11143,solar,285883488778.752,472690.9536685715
WEC_CALN,installed_11144,natural gas,347760000000.0,575000.0
WEC_CALN,installed_11145,natural gas,720000000.0,1190.4761904761904
WEC_CALN,installed_11146,natural gas,0.0,0.0
WEC_CALN,installed_11189,waste,604800000000.0,1000000.0
WEC_CALN,installed_11190,waste,846720000000.0,1400000.0
WEC_CALN,installed_11224,waste,1088640000000.0,1800000.0
WEC_CALN,installed_11225,waste,907200000000.0,1500000.0
WEC_CALN,installed_11305,wind,8647499520000.0,14298114.285714285
WEC_CALN,installed_11457,natural gas,18098663679433.625,29925039.152502686
WEC_CALN,installed_11458,natural gas,10229140823237.09,16913261.94318302
WEC_CALN,installed_11459,natural gas,0.0,0.0
WEC_CALN,installed_11460,natural gas,0.0,0.0
WEC_CALN,installed_11577,solar,857650466479.3344,1418072.8612422857
WEC_CALN,installed_11578,solar,2858834887787.52,4726909.5366857145
WEC_CALN,installed_11579,solar,2715893143398.144,4490564.0598514285
WEC_CALN,installed_11658,natural gas,498960000000.0,825000.0
WEC_CALN,installed_11660,solar,142941744389.376,236345.47683428574
WEC_CALN,installed_11677,solar,4617018344206.079,7633958.902457142
WEC_CALN,installed_11678,solar,3001776632176.8965,4963255.0135200005
WEC_CALN,installed_11679,solar,12364460891827.2,20443883.749714285
WEC_CALN,installed_11680,solar,10005922108687.102,16544183.38076571
WEC_CALN,installed_11681,solar,5717669777005.825,9453819.075737145
WEC_CALN,installed_11748,natural gas,359280000000.0,594047.619047619
WEC_CALN,installed_11749,natural gas,0.0,0.0
WEC_CALN,installed_11750,natural gas,0.0,0.0
WEC_CALN,installed_11751,natural gas,18139905231422.863,29993229.549310286
WEC_CALN,installed_11771,solar,2858834887787.52,4726909.5366857145
WEC_CALN,installed_11772,solar,2144126165840.6401,3545182.152514286
WEC_CALN,installed_11773,solar,2144126165840.6401,3545182.152514286
WEC_CALN,installed_11781,solar,142941744389.376,236345.47683428574
WEC_CALN,installed_11794,solar,1429417444179.9167,2363454.768816
WEC_CALN,installed_11795,solar,2858834887787.52,4726909.5366857145
WEC_CALN,installed_11796,solar,2858834887787.52,4726909.5366857145
WEC_CALN,installed_11833,waste,483840000000.0,800000.0
WEC_CALN,installed_11834,waste,483840000000.0,800000.0
WEC_CALN,installed_11835,solar,643237849895.2705,1063554.6459908572
WEC_CALN,installed_11841,natural gas,529200000000.0,875000.0
WEC_CALN,installed_11842,natural gas,0.0,0.0
WEC_CALN,installed_11850,natural gas,10701309829.36517,17693.964664955638
WEC_CALN,installed_11857,solar,128647569950.43842,212710.92915085718
WEC_CALN,installed_11858,solar,57176697755.7504,94538.19073371429
WEC_CALN,installed_11859,natural gas,30240000000.0,50000.0
WEC_CALN,installed_11860,natural gas,15120000000.0,25000.0
WEC_CALN,installed_11870,wind,24086106000000.0,39824910.71428572
WEC_CALN,installed_11876,wind,352479600000.0,582803.5714285715
WEC_CALN,installed_11913,wind,469972800000.0,777071.4285714285
WEC_CALN,installed_11941,solar,157235918828.3136,259980.02451771428
WEC_CALN,installed_11993,solar,142941744389.376,236345.47683428574
WEC_CALN,installed_12014,solar,18553838418593.277,30677642.887885712
WEC_CALN,installed_12015,solar,21612791756252.16,35735436.104914285
WEC_CALN,installed_12016,solar,14594352106590.719,24130873.192114286
WEC_CALN,installed_12017,solar,12907639520220.672,21341996.56121143
WEC_CALN,installed_12018,solar,16080946240227.842,26588866.137942858
WEC_CALN,installed_12019,non-fossil,2298240000000.0,3800000.0
WEC_CALN,installed_12020,solar,428825233168.128,709036.4305028571
WEC_CALN,installed_12021,solar,385942709851.3152,638132.7874525714
WEC_CALN,installed_12023,wind,18375936480000.0,30383492.85714286
WEC_CALN,installed_12024,wind,18375936480000.0,30383492.85714286
WEC_CALN,installed_12046,natural gas,0.0,0.0
WEC_CALN,installed_12047,natural gas,0.0,0.0
WEC_CALN,installed_12048,natural gas,31680000000.0,52380.95238095238
WEC_CALN,installed_12049,natural gas,0.0,0.0
WEC_CALN,installed_12059,wind,24086106000000.0,39824910.71428572
WEC_CALN,installed_12111,waste,1209600000000.0,2000000.0
WEC_CALN,installed_12134,wind,352479600000.0,582803.5714285715
WEC_CALN,installed_12136,natural gas,332640000000.0,550000.0
WEC_CALN,installed_12152,natural gas,10800000000.0,17857.14285714286
WEC_CALN,installed_12153,natural gas,0.0,0.0
WEC_CALN,installed_12154,natural gas,0.0,0.0
WEC_CALN,installed_12155,natural gas,0.0,0.0
WEC_CALN,installed_12156,natural gas,0.0,0.0
WEC_CALN,installed_12261,waste,907200000000.0,1500000.0
WEC_CALN,installed_12293,solar,2858834887787.52,4726909.5366857145
WEC_CALN,installed_12294,solar,2858834887787.52,4726909.5366857145
WEC_CALN,installed_12380,solar,414531058729.19037,685401.8828194285
WEC_CALN,installed_12381,non-fossil,1149120000000.0,1900000.0
WEC_CALN,installed_12386,natural gas,927000000000.0,1532738.0952380951
WEC_CALN,installed_12387,natural gas,693000000000.0,1145833.3333333333
WEC_CALN,installed_12388,natural gas,826230394634.7489,1366121.684250577
WEC_CALN,installed_12389,natural gas,4788000000000.0,7916666.666666667
WEC_CALN,installed_12393,solar,71470872194.688,118172.73841714287
WEC_CALN,installed_12394,solar,85765046633.62561,141807.28610057145
WEC_CALN,installed_12401,waste,483840000000.0,800000.0
WEC_CALN,installed_12402,waste,483840000000.0,800000.0
WEC_CALN,installed_12403,waste,483840000000.0,800000.0
WEC_CALN,installed_12404,waste,483840000000.0,800000.0
WEC_CALN,installed_12405,waste,483840000000.0,800000.0
WEC_CALN,installed_12406,waste,483840000000.0,800000.0
WEC_CALN,installed_12485,solar,3573543609734.4,5908636.920857143
WEC_CALN,installed_12540,wind,234986400000.0,388535.71428571426
WEC_CALN,installed_12541,wind,234986400000.0,388535.71428571426
WEC_CALN,installed_12545,wind,234986400000.0,388535.71428571426
WEC_CALN,installed_12550,solar,214412616584.064,354518.21525142854
WEC_CALN,installed_12585,solar,2858834887787.52,4726909.5366857145
WEC_CALN,installed_12619,natural gas,0.0,0.0
WEC_CALN,installed_12620,natural gas,59400000000.0,98214.28571428571
WEC_CALN,installed_12621,natural gas,12960000000.0,21428.571428571428
WEC_CALN,installed_12627,solar,357354360973.44,590863.6920857143
WEC_CALN,installed_12629,solar,1429417444179.9167,2363454.768816
WEC_CALN,installed_12651,non-fossil,1935360000000.0,3200000.0
WEC_CALN,installed_12652,solar,357354360973.44,590863.6920857143
WEC_CALN,installed_12759,natural gas,0.0,0.0
WEC_CALN,installed_12762,natural gas,0.0,0.0
WEC_CALN,installed_12764,natural gas,0.0,0.0
WEC_CALN,installed_12793,waste,907200000000.0,1500000.0
WEC_CALN,installed_12843,solar,142941744389.376,236345.47683428574
WEC_CALN,installed_12844,solar,357354360973.44,590863.6920857143
WEC_CALN,installed_12847,solar,2858834887787.52,4726909.5366857145
WEC_CALN,installed_12848,solar,214412616584.064,354518.21525142854
WEC_CALN,installed_12853,waste,907200000000.0,1500000.0
WEC_CALN,installed_12882,waste,846720000000.0,1400000.0
WEC_CALN,installed_12933,waste,1270080000000.0,2100000.0
WEC_CALN,installed_12934,waste,1270080000000.0,2100000.0
WEC_CALN,installed_12935,waste,1270080000000.0,2100000.0
WEC_CALN,installed_12936,waste,1270080000000.0,2100000.0
WEC_CALN,installed_12937,waste,1270080000000.0,2100000.0
WEC_CALN,installed_12938,waste,1270080000000.0,2100000.0
WEC_CALN,installed_12991,biomass,2242800000000.0,3708333.3333333335
WEC_CALN,installed_13034,solar,214412616584.064,354518.21525142854
WEC_CALN,installed_13035,solar,214412616584.064,354518.21525142854
WEC_CALN,installed_13036,solar,142941744389.376,236345.47683428574
WEC_CALN,installed_13047,solar,142941744389.376,236345.47683428574
WEC_CALN,installed_13050,solar,142941744389.376,236345.47683428574
WEC_CALN,installed_13051,non-fossil,665280000000.0,1100000.0
WEC_CALN,installed_13129,solar,214412616584.064,354518.21525142854
WEC_CALN,installed_13156,natural gas,0.0,0.0
WEC_CALN,installed_13157,natural gas,0.0,0.0
WEC_CALN,installed_13158,natural gas,120600000000.0,199404.7619047619
WEC_CALN,installed_13167,solar,2572951399008.768,4254218.5830171425
WEC_CALN,installed_13175,battery,460800000000.0,761904.7619047619
WEC_CALN,installed_13186,solar,142941744389.376,236345.47683428574
WEC_CALN,installed_13271,solar,8576504664793.345,14180728.612422857
WEC_CALN,installed_13298,solar,142941744389.376,236345.47683428574
WEC_CALN,installed_13306,solar,142941744389.376,236345.47683428574
WEC_CALN,installed_13307,solar,214412616584.064,354518.21525142854
WEC_CALN,installed_13308,solar,285883488778.752,472690.9536685715
WEC_CALN,installed_13309,solar,214412616584.064,354518.21525142854
WEC_CALN,installed_13310,solar,214412616584.064,354518.21525142854
WEC_CALN,installed_13313,solar,214412616584.064,354518.21525142854
WEC_CALN,installed_13381,solar,214412616584.064,354518.21525142854
WEC_CALN,installed_13382,solar,214412616584.064,354518.21525142854
WEC_CALN,installed_13465,solar,142941744389.376,236345.47683428574
WEC_CALN,installed_13466,solar,157235918828.3136,259980.02451771428
WEC_CALN,installed_13501,solar,171530093267.25122,283614.5722011429
WEC_CALN,installed_13502,solar,185824267706.18878,307249.1198845714
WEC_CALN,installed_13503,solar,214412616584.064,354518.21525142854
WEC_CALN,installed_13534,solar,214412616584.064,354518.21525142854
WEC_CALN,installed_13561,solar,14580057930577.92,24107238.64182857
WEC_CALN,installed_13562,non-fossil,907200000000.0,1500000.0
WEC_CALN,installed_13568,solar,2715893143398.144,4490564.0598514285
WEC_CALN,installed_13569,solar,2858834887787.52,4726909.5366857145
WEC_CALN,installed_13572,solar,2858834887787.52,4726909.5366857145
WEC_CALN,installed_13654,solar,142941744389.376,236345.47683428574
WEC_CALN,installed_13664,oil,0.0,0.0
WEC_CALN,installed_13665,oil,0.0,0.0
WEC_CALN,installed_13666,oil,0.0,0.0
WEC_CALN,installed_13667,oil,0.0,0.0
WEC_CALN,installed_13668,oil,0.0,0.0
WEC_CALN,installed_13669,oil,0.0,0.0
WEC_CALN,installed_13670,oil,0.0,0.0
WEC_CALN,installed_13671,oil,0.0,0.0
WEC_CALN,installed_13672,oil,0.0,0.0
WEC_CALN,installed_13673,oil,0.0,0.0
WEC_CALN,installed_13674,oil,0.0,0.0
WEC_CALN,installed_13675,oil,0.0,0.0
WEC_CALN,installed_13676,oil,0.0,0.0
WEC_CALN,installed_13677,oil,0.0,0.0
WEC_CALN,installed_13678,oil,0.0,0.0
WEC_CALN,installed_13679,oil,0.0,0.0
WEC_CALN,installed_13680,oil,0.0,0.0
WEC_CALN,installed_13681,oil,0.0,0.0
WEC_CALN,installed_13682,oil,0.0,0.0
WEC_CALN,installed_13683,oil,0.0,0.0
WEC_CALN,installed_13684,oil,0.0,0.0
WEC_CALN,installed_13685,oil,0.0,0.0
WEC_CALN,installed_13686,oil,0.0,0.0
WEC_CALN,installed_13687,oil,0.0,0.0
WEC_CALN,installed_13688,oil,0.0,0.0
WEC_CALN,installed_13689,oil,0.0,0.0
WEC_CALN,installed_13690,oil,0.0,0.0
WEC_CALN,installed_13691,oil,0.0,0.0
WEC_CALN,installed_13692,oil,0.0,0.0
WEC_CALN,installed_13705,solar,1572359188283.136,2599800.245177143
WEC_CALN,installed_13750,solar,214412616584.064,354518.21525142854
WEC_CALN,installed_13757,solar,157235918828.3136,259980.02451771428
WEC_CALN,installed_13758,solar,185824267706.18878,307249.1198845714
WEC_CALN,installed_13776,solar,14294174441799.168,23634547.68816
WEC_CALN,installed_13805,solar,2830246540054.2725,4679640.443211429
WEC_CALN,installed_13878,battery,489600000000.0,809523.8095238095
WEC_CALN,installed_13879,battery,936000000000.0,1547619.0476190476
WEC_CALN,installed_13883,solar,214412616584.064,354518.21525142854
WEC_CALN,installed_13884,solar,214412616584.064,354518.21525142854
WEC_CALN,installed_13885,solar,214412616584.064,354518.21525142854
WEC_CALN,installed_13896,natural gas,0.0,0.0
WEC_CALN,installed_13897,natural gas,244800000000.0,404761.90476190473
WEC_CALN,installed_13900,solar,142941744389.376,236345.47683428574
WEC_CALN,installed_13905,waste,1209600000000.0,2000000.0
WEC_CALN,installed_13906,waste,1209600000000.0,2000000.0
WEC_CALN,installed_13911,solar,214412616584.064,354518.21525142854
WEC_CALN,installed_13912,solar,214412616584.064,354518.21525142854
WEC_CALN,installed_13945,wind,234986400000.0,388535.71428571426
WEC_CALN,installed_13946,wind,234986400000.0,388535.71428571426
WEC_CALN,installed_13947,wind,375978240000.0,621657.1428571428
WEC_CALN,installed_13956,solar,15023177344051.2,24839909.629714284
WEC_CALN,installed_14016,solar,2830246540054.2725,4679640.443211429
WEC_CALN,installed_14033,hydro,338688000000.0,560000.0
WEC_CALN,installed_14034,hydro,24192000000.0,40000.0
WEC_CALN,installed_14091,solar,2058361119779.3281,3403374.86736
WEC_CALN,installed_14137,solar,2858834887787.52,4726909.5366857145
WEC_CALN,installed_14138,solar,8576504664793.345,14180728.612422857
WEC_CALN,installed_14162,solar,285883488778.752,472690.9536685715
WEC_CALN,installed_14167,solar,2858834887787.52,4726909.5366857145
WEC_CALN,installed_14169,natural gas,14400000000.0,23809.52380952381
WEC_CALN,installed_14233,solar,2858834887787.52,4726909.5366857145
WEC_CALN,installed_14264,biomass,3499200000000.0,5785714.285714285
WEC_CALN,installed_14286,solar,214412616584.064,354518.21525142854
WEC_CALN,installed_14318,solar,142941744389.376,236345.47683428574
WEC_CALN,installed_14362,solar,1286475699647.4624,2127109.291745143
WEC_CALN,installed_14363,solar,714708722089.9584,1181727.384408
WEC_CALN,installed_14371,solar,500296105505.8945,827209.1691565716
WEC_CALN,installed_14373,solar,314471837656.6272,519960.04903542856
WEC_CALN,installed_14438,natural gas,0.0,0.0
WEC_CALN,installed_14439,natural gas,0.0,0.0
WEC_CALN,installed_14441,natural gas,266400000000.0,440476.1904761905
WEC_CALN,installed_14529,solar,1858242677061.888,3072491.1988457143
WEC_CALN,installed_14543,solar,2858834887787.52,4726909.5366857145
WEC_CALN,installed_14557,solar,2858834887787.52,4726909.5366857145
WEC_CALN,installed_14578,solar,28588348877875.2,47269095.36685714
WEC_CALN,installed_14579,solar,28588348877875.2,47269095.36685714
WEC_CALN,installed_14590,waste,967680000000.0,1600000.0
WEC_CALN,installed_14591,waste,967680000000.0,1600000.0
WEC_CALN,installed_14592,waste,967680000000.0,1600000.0
WEC_CALN,installed_14593,waste,967680000000.0,1600000.0
WEC_CALN,installed_14594,waste,967680000000.0,1600000.0
WEC_CALN,installed_14619,solar,214412616584.064,354518.21525142854
WEC_CALN,installed_14620,solar,2744481492562.176,4537833.155691428
WEC_CALN,installed_14672,solar,2858834887787.52,4726909.5366857145
WEC_CALN,installed_14675,solar,18582426770618.883,30724911.988457147
WEC_CALN,installed_14679,solar,2858834887787.52,4726909.5366857145
WEC_CALN,installed_14686,wind,20185331760000.0,33375217.85714286
WEC_CALN,installed_14718,solar,2258479561065.984,3734258.5335085713
WEC_CALN,installed_14727,solar,214412616584.064,354518.21525142854
WEC_CALN,installed_14728,solar,214412616584.064,354518.21525142854
WEC_CALN,installed_14811,solar,214412616584.064,354518.21525142854
WEC_CALN,installed_14838,non-fossil,1209600000000.0,2000000.0
WEC_CALN,installed_14839,solar,471707756628.0192,779940.0737897144
WEC_CALN,installed_14862,non-fossil,483840000000.0,800000.0
WEC_CALN,installed_14863,non-fossil,483840000000.0,800000.0
WEC_CALN,installed_14882,natural gas,10800000000.0,17857.14285714286
WEC_CALN,installed_14883,natural gas,25200000000.0,41666.666666666664
WEC_CALN,installed_14911,non-fossil,725760000000.0,1200000.0
WEC_CALN,installed_14943,solar,285883488778.752,472690.9536685715
WEC_CALN,installed_15052,natural gas,25200000000.0,41666.666666666664
WEC_CALN,installed_15055,solar,8576504664793.345,14180728.612422857
WEC_CALN,installed_15102,solar,314471837656.6272,519960.04903542856
WEC_CALN,installed_15131,solar,157235918828.3136,259980.02451771428
WEC_CALN,installed_15587,solar,543178628822.70715,898112.8122068571
WEC_CALN,installed_15588,solar,328766012095.5648,543594.5967188572
WEC_CALN,installed_15675,non-fossil,604800000000.0,1000000.0
WEC_CALN,installed_15738,solar,2858834887787.52,4726909.5366857145
WEC_CALN,installed_15745,solar,2858834887787.52,4726909.5366857145
WEC_CALN,installed_15753,nuclear,678585600000000.0,1122000000.0
WEC_CALN,installed_15754,nuclear,676166400000000.0,1118000000.0
WEC_CALN,installed_15762,pump hydro,104721350336737.7,173150380.8477806
WEC_CALN,installed_15763,pump hydro,102161387357153.88,168917637.82598194
WEC_CALN,installed_15799,natural gas,1283040000000.0,2121428.5714285714
WEC_CALN,installed_15821,wind,446474160000.0,738217.8571428572
WEC_CALN,installed_15846,solar,142941744389.376,236345.47683428574
WEC_CALN,installed_15874,natural gas,318240000000.0,526190.4761904762
WEC_CALN,installed_16079,hydro,46206720000000.0,76400000.0
WEC_CALN,installed_16080,hydro,46206720000000.0,76400000.0
WEC_CALN,installed_16228,oil,0.0,0.0
WEC_CALN,installed_16229,oil,0.0,0.0
WEC_CALN,installed_16230,oil,0.0,0.0
WEC_CALN,installed_16278,hydro,314496000000.0,520000.0
WEC_CALN,installed_16290,hydro,2782080000000.0,4600000.0
WEC_CALN,installed_16721,hydro,37497600000000.0,62000000.0
WEC_CALN,installed_16829,hydro,725760000000.0,1200000.0
WEC_CALN,installed_16830,hydro,145152000000.0,240000.0
WEC_CALN,installed_16893,hydro,725760000000.0,1200000.0
WEC_CALN,installed_16901,hydro,362880000000.0,600000.0
WEC_CALN,installed_16921,hydro,604800000000.0,1000000.0
WEC_CALN,installed_16922,hydro,604800000000.0,1000000.0
WEC_CALN,installed_16961,hydro,483840000000.0,800000.0
WEC_CALN,installed_16990,hydro,1475712000000.0,2440000.0
WEC_CALN,installed_16997,natural gas,0.0,0.0
WEC_CALN,installed_16998,natural gas,648000000000.0,1071428.5714285714
WEC_CALN,installed_16999,natural gas,28080000000.0,46428.57142857143
WEC_CALN,installed_17000,natural gas,0.0,0.0
WEC_CALN,installed_17103,natural gas,0.0,0.0
WEC_CALN,installed_17104,natural gas,2089804422732.9373,3455364.4555769465
WEC_CALN,installed_17105,natural gas,720000000000.0,1190476.1904761905
WEC_CALN,installed_17106,natural gas,900000000000.0,1488095.238095238
WEC_CALN,installed_17121,hydro,5660928000000.0,9360000.0
WEC_CALN,installed_17138,geothermal,16329600000000.0,27000000.0
WEC_CALN,installed_17139,geothermal,16329600000000.0,27000000.0
WEC_CALN,installed_17140,geothermal,18204480000000.0,30100000.0
WEC_CALN,installed_17141,geothermal,29030400000000.0,48000000.0
WEC_CALN,installed_17219,natural gas,8253879517693.691,13647287.562324226
WEC_CALN,installed_17221,natural gas,0.0,0.0
WEC_CALN,installed_17222,natural gas,0.0,0.0
WEC_CALN,installed_17223,natural gas,5344926749511.173,8837511.159906039
WEC_CALN,installed_17224,natural gas,0.0,0.0
WEC_CALN,installed_17225,natural gas,0.0,0.0
WEC_CALN,installed_17245,hydro,241920000000.0,400000.0
WEC_CALN,installed_17246,hydro,604800000000.0,1000000.0
WEC_CALN,installed_17256,hydro,459648000000.0,760000.0
WEC_CALN,installed_17258,hydro,701568000000.0,1160000.0
WEC_CALN,installed_17269,wind,3078321840000.0,5089817.857142857
WEC_CALN,installed_17270,wind,5639673600000.0,9324857.142857144
WEC_CALN,installed_17271,wind,14804143200000.0,24477750.0
WEC_CALN,installed_17272,wind,30078259200000.0,49732571.428571425
WEC_CALN,installed_17335,hydro,1209600000000.0,2000000.0
WEC_CALN,installed_17336,hydro,1209600000000.0,2000000.0
WEC_CALN,installed_17337,hydro,362880000000.0,600000.0
WEC_CALN,installed_17398,hydro,2177280000000.0,3600000.0
WEC_CALN,installed_17724,hydro,13305600000000.0,22000000.0
WEC_CALN,installed_17725,hydro,13305600000000.0,22000000.0
WEC_CALN,installed_17726,hydro,13305600000000.0,22000000.0
WEC_CALN,installed_17733,hydro,2782080000000.0,4600000.0
WEC_CALN,installed_18192,hydro,217728000000.0,360000.0
WEC_CALN,installed_18213,solar,357354360973.44,590863.6920857143
WEC_CALN,installed_18220,hydro,120960000000.0,200000.0
WEC_CALN,installed_18221,hydro,120960000000.0,200000.0
WEC_CALN,installed_18222,hydro,120960000000.0,200000.0
WEC_CALN,installed_18294,geothermal,6048000000000.0,10000000.0
WEC_CALN,installed_18563,biomass,3996000000000.0,6607142.857142857
WEC_CALN,installed_18566,natural gas,0.0,0.0
WEC_CALN,installed_18569,geothermal,22076168889600.0,36501602.0
WEC_CALN,installed_18580,wind,3186415584000.0,5268544.285714285
WEC_CALN,installed_18581,wind,986942880000.0,1631850.0
WEC_CALN,installed_18582,wind,3947771520000.0,6527400.0
WEC_CALN,installed_18583,wind,60118920576000.0,99402977.14285715
WEC_CALN,installed_18584,wind,88500577968000.0,146330320.7142857
WEC_CALN,installed_18585,wind,294566823626882.44,487048319.48889285
WEC_CALN,installed_18609,solar,101557048320000.0,167918400.0
WEC_CALN,installed_18905,natural gas,0.0,0.0
WEC_CALN,optional_466_0,wind,0.0,0.0
WEC_CALN,optional_467_0,wind,1187971200000.0,1964238.0952380951
WEC_CALN,optional_468_0,wind,0.0,0.0
WEC_CALN,optional_469_0,wind,72473702400000.0,119830857.14285715
WEC_CALN,optional_470_0,wind,111305329200000.0,184036589.2857143
WEC_CALN,optional_471_0,wind,0.0,0.0
WEC_CALN,optional_472_0,wind,631551339318605.2,1044231711.8363183
WEC_CALN,optional_472_1,wind,0.0,0.0
WEC_CALN,optional_472_2,wind,0.0,0.0
WEC_CALN,optional_473_0,wind,0.0,0.0
WEC_CALN,optional_473_1,wind,0.0,0.0
WEC_CALN,optional_473_2,wind,0.0,0.0
WEC_CALN,optional_473_3,wind,0.0,0.0
WEC_CALN,optional_473_4,wind,0.0,0.0
WEC_CALN,optional_473_5,wind,0.0,0.0
WEC_CALN,optional_803_0,solar,0.0,0.0
WEC_CALN,optional_803_1,solar,0.0,0.0
WEC_CALN,optional_803_2,solar,0.0,0.0
WEC_CALN,optional_803_3,solar,0.0,0.0
WEC_CALN,optional_803_4,solar,0.0,0.0
WEC_CALN,optional_803_5,solar,0.0,0.0
WEC_CALN,optional_804_0,solar,0.0,0.0
WEC_CALN,optional_804_1,solar,0.0,0.0
WEC_CALN,optional_804_2,solar,0.0,0.0
WEC_CALN,optional_804_3,solar,0.0,0.0
WEC_CALN,optional_804_4,solar,0.0,0.0
WEC_CALN,optional_804_5,solar,0.0,0.0
WEC_CALN,optional_805_0,solar,0.0,0.0
WEC_CALN,optional_805_1,solar,0.0,0.0
WEC_CALN,optional_805_2,solar,0.0,0.0
WEC_CALN,optional_805_3,solar,0.0,0.0
WEC_CALN,optional_805_4,solar,0.0,0.0
WEC_CALN,optional_805_5,solar,0.0,0.0
WEC_CALN,optional_806_0,solar,0.0,0.0
WEC_CALN,optional_806_1,solar,0.0,0.0
WEC_CALN,optional_806_2,solar,0.0,0.0
WEC_CALN,optional_807_0,solar,434289121981558.6,718070638.1970216
WEC_CALN,optional_807_1,solar,0.0,0.0
WEC_CALN,optional_807_2,solar,0.0,0.0
WEC_CALN,optional_807_3,solar,0.0,0.0
WEC_CALN,optional_807_4,solar,0.0,0.0
WEC_CALN,optional_807_5,solar,0.0,0.0
WEC_LADW,installed_152,non-fossil,4838400000000.0,8000000.0
WEC_LADW,installed_153,non-fossil,4838400000000.0,8000000.0
WEC_LADW,installed_154,non-fossil,4838400000000.0,8000000.0
WEC_LADW,installed_155,non-fossil,4475520000000.0,7400000.0
WEC_LADW,installed_200,natural gas,0.0,0.0
WEC_LADW,installed_201,natural gas,0.0,0.0
WEC_LADW,installed_202,natural gas,0.0,0.0
WEC_LADW,installed_203,natural gas,0.0,0.0
WEC_LADW,installed_204,natural gas,17921333143458.203,29631833.90122057
WEC_LADW,installed_205,natural gas,0.0,0.0
WEC_LADW,installed_514,natural gas,0.0,0.0
WEC_LADW,installed_515,natural gas,604800000000.0,1000000.0
WEC_LADW,installed_760,natural gas,0.0,0.0
WEC_LADW,installed_761,natural gas,0.0,0.0
WEC_LADW,installed_4225,hydro,2056320000000.0,3400000.0
WEC_LADW,installed_5019,natural gas,8344800000000.0,13797619.047619049
WEC_LADW,installed_5020,natural gas,0.0,0.0
WEC_LADW,installed_5021,natural gas,0.0,0.0
WEC_LADW,installed_5022,natural gas,0.0,0.0
WEC_LADW,installed_5023,natural gas,15146888574473.053,25044458.621813912
WEC_LADW,installed_5255,hydro,725760000000.0,1200000.0
WEC_LADW,installed_5276,pump hydro,77484273530122.97,128115531.63049433
WEC_LADW,installed_5277,pump hydro,71198200507219.9,117721892.37304878
WEC_LADW,installed_5278,pump hydro,77020639590864.3,127348941.12246081
WEC_LADW,installed_5279,pump hydro,71189633101592.53,117707726.6891411
WEC_LADW,installed_5280,pump hydro,69541679358062.086,114982935.44653122
WEC_LADW,installed_5281,pump hydro,70743559386097.16,116970170.94262096
WEC_LADW,installed_5282,hydro,13523328000000.0,22360000.0
WEC_LADW,installed_5329,hydro,9072000000000.0,15000000.0
WEC_LADW,installed_5333,hydro,290304000000.0,480000.0
WEC_LADW,installed_5334,hydro,290304000000.0,480000.0
WEC_LADW,installed_5346,hydro,2080512000000.0,3440000.0
WEC_LADW,installed_5347,hydro,483840000000.0,800000.0
WEC_LADW,installed_5383,hydro,604800000000.0,1000000.0
WEC_LADW,installed_5384,hydro,604800000000.0,1000000.0
WEC_LADW,installed_5398,natural gas,31881600000000.0,52714285.71428572
WEC_LADW,installed_5399,natural gas,1036800000000.0,1714285.7142857143
WEC_LADW,installed_5400,natural gas,0.0,0.0
WEC_LADW,installed_5401,natural gas,15186960000000.0,25110714.285714287
WEC_LADW,installed_5402,natural gas,15186960000000.0,25110714.285714287
WEC_LADW,installed_5403,natural gas,14845680000000.0,24546428.57142857
WEC_LADW,installed_5404,natural gas,0.0,0.0
WEC_LADW,installed_5405,natural gas,19816841328827.89,32765941.350575216
WEC_LADW,installed_5417,oil,0.0,0.0
WEC_LADW,installed_5418,oil,0.0,0.0
WEC_LADW,installed_5419,natural gas,0.0,0.0
WEC_LADW,installed_5420,natural gas,0.0,0.0
WEC_LADW,installed_5421,natural gas,30161160000000.0,49869642.85714286
WEC_LADW,installed_5422,natural gas,0.0,0.0
WEC_LADW,installed_5423,natural gas,0.0,0.0
WEC_LADW,installed_5424,natural gas,0.0,0.0
WEC_LADW,installed_5425,natural gas,0.0,0.0
WEC_LADW,installed_5426,natural gas,0.0,0.0
WEC_LADW,installed_5427,natural gas,0.0,0.0
WEC_LADW,installed_5450,hydro,9072000000000.0,15000000.0
WEC_LADW,installed_5479,hydro,653184000000.0,1080000.0
WEC_LADW,installed_5494,hydro,774144000000.0,1280000.0
WEC_LADW,installed_5495,hydro,701568000000.0,1160000.0
WEC_LADW,installed_5496,oil,0.0,0.0
WEC_LADW,installed_5497,oil,0.0,0.0
WEC_LADW,installed_5498,natural gas,0.0,0.0
WEC_LADW,installed_5499,natural gas,2496209007273.0522,4127329.707792745
WEC_LADW,installed_5500,natural gas,42595200000000.0,70428571.42857143
WEC_LADW,installed_5501,natural gas,0.0,0.0
WEC_LADW,installed_5561,hydro,9072000000000.0,15000000.0
WEC_LADW,installed_5586,natural gas,0.0,0.0
WEC_LADW,installed_5587,natural gas,0.0,0.0
WEC_LADW,installed_5588,natural gas,0.0,0.0
WEC_LADW,installed_5589,natural gas,0.0,0.0
WEC_LADW,installed_6402,natural gas,0.0,0.0
WEC_LADW,installed_6792,natural gas,5040000000000.0,8333333.333333333
WEC_LADW,installed_6793,natural gas,180000000000.0,297619.04761904763
WEC_LADW,installed_6794,natural gas,0.0,0.0
WEC_LADW,installed_8804,non-fossil,16994880000000.0,28100000.0
WEC_LADW,installed_9280,natural gas,0.0,0.0
WEC_LADW,installed_9281,natural gas,0.0,0.0
WEC_LADW,installed_9811,wind,43432848000000.0,71813571.42857143
WEC_LADW,installed_11482,solar,9255571877907.684,15303524.930402918
WEC_LADW,installed_11514,solar,308519062549.4377,510117.4976015834
WEC_LADW,installed_11515,solar,156701160000.0,259095.83333333334
WEC_LADW,installed_11516,solar,182306718740.3616,301433.0667003333
WEC_LADW,installed_11517,solar,140235937613.1252,231871.58996879167
WEC_LADW,installed_11518,solar,168283125078.768,278245.90786833334
WEC_LADW,installed_11519,solar,308519062549.4377,510117.4976015834
WEC_LADW,installed_11785,natural gas,1685475730835.268,2786831.565534504
WEC_LADW,installed_11786,natural gas,0.0,0.0
WEC_LADW,installed_11787,natural gas,39110400000000.0,64666666.666666664
WEC_LADW,installed_11788,natural gas,2092017159057.526,3459023.0804522582
WEC_LADW,installed_11789,natural gas,0.0,0.0
WEC_LADW,installed_12142,solar,168283125078.768,278245.90786833334
WEC_LADW,installed_12143,solar,182306718740.3616,301433.0667003333
WEC_LADW,installed_12179,solar,182306718740.3616,301433.0667003333
WEC_LADW,installed_12184,solar,182306718740.3616,301433.0667003333
WEC_LADW,installed_12191,solar,154259531274.71884,255058.7488007917
WEC_LADW,installed_12212,pump hydro,453600000000.0,750000.0
WEC_LADW,installed_12213,pump hydro,460080000000.0,760714.2857142857
WEC_LADW,installed_12214,hydro,290304000000.0,480000.0
WEC_LADW,installed_12215,hydro,290304000000.0,480000.0
WEC_LADW,installed_12216,hydro,120960000000.0,200000.0
WEC_LADW,installed_12217,hydro,120960000000.0,200000.0
WEC_LADW,installed_12218,hydro,48384000000.0,80000.0
WEC_LADW,installed_12222,solar,210353906348.46002,347807.38483541674
WEC_LADW,installed_12251,solar,140235937613.1252,231871.58996879167
WEC_LADW,installed_12324,natural gas,0.0,0.0
WEC_LADW,installed_12325,natural gas,24192000000000.0,40000000.0
WEC_LADW,installed_12326,natural gas,0.0,0.0
WEC_LADW,installed_12327,natural gas,24192000000000.0,40000000.0
WEC_LADW,installed_12507,solar,280471875083.79486,463743.1797020418
WEC_LADW,installed_12561,waste,120960000000.0,200000.0
WEC_LADW,installed_12562,waste,120960000000.0,200000.0
WEC_LADW,installed_12563,waste,120960000000.0,200000.0
WEC_LADW,installed_12564,waste,120960000000.0,200000.0
WEC_LADW,installed_12565,waste,120960000000.0,200000.0
WEC_LADW,installed_12586,solar,2804718750837.948,4637431.797020417
WEC_LADW,installed_12684,solar,266448281279.74564,440556.0206345
WEC_LADW,installed_12685,solar,490825781432.25476,811550.5645374584
WEC_LADW,installed_12688,solar,224377500010.0536,370994.54366741667
WEC_LADW,installed_12707,natural gas,45360000000.0,75000.0
WEC_LADW,installed_12708,natural gas,0.0,0.0
WEC_LADW,installed_12761,natural gas,0.0,0.0
WEC_LADW,installed_12831,solar,210353906348.46002,347807.38483541674
WEC_LADW,installed_12832,solar,210353906348.46002,347807.38483541674
WEC_LADW,installed_12912,waste,2419200000000.0,4000000.0
WEC_LADW,installed_12913,waste,2419200000000.0,4000000.0
WEC_LADW,installed_12914,waste,2419200000000.0,4000000.0
WEC_LADW,installed_12915,waste,2419200000000.0,4000000.0
WEC_LADW,installed_12916,waste,2419200000000.0,4000000.0
WEC_LADW,installed_12941,natural gas,0.0,0.0
WEC_LADW,installed_12942,natural gas,0.0,0.0
WEC_LADW,installed_12943,natural gas,0.0,0.0
WEC_LADW,installed_12944,natural gas,0.0,0.0
WEC_LADW,installed_12945,natural gas,0.0,0.0
WEC_LADW,installed_12946,natural gas,0.0,0.0
WEC_LADW,installed_12950,solar,140235937613.1252,231871.58996879167
WEC_LADW,installed_12951,solar,140235937613.1252,231871.58996879167
WEC_LADW,installed_12952,solar,210353906348.46002,347807.38483541674
WEC_LADW,installed_12953,solar,210353906348.46002,347807.38483541674
WEC_LADW,installed_12954,solar,210353906348.46002,347807.38483541674
WEC_LADW,installed_12955,solar,140235937613.1252,231871.58996879167
WEC_LADW,installed_12957,solar,210353906348.46002,347807.38483541674
WEC_LADW,installed_12958,solar,210353906348.46002,347807.38483541674
WEC_LADW,installed_12959,solar,140235937613.1252,231871.58996879167
WEC_LADW,installed_12960,solar,210353906348.46002,347807.38483541674
WEC_LADW,installed_12961,solar,210353906348.46002,347807.38483541674
WEC_LADW,installed_12962,solar,210353906348.46002,347807.38483541674
WEC_LADW,installed_13176,solar,2804718750837.948,4637431.797020417
WEC_LADW,installed_13177,solar,1402359375418.974,2318715.8985102084
WEC_LADW,installed_13187,solar,140235937613.1252,231871.58996879167
WEC_LADW,installed_13300,solar,701179687780.7147,1159357.9493728748
WEC_LADW,installed_13301,solar,210353906348.46002,347807.38483541674
WEC_LADW,installed_13302,solar,210353906348.46002,347807.38483541674
WEC_LADW,installed_13303,solar,210353906348.46002,347807.38483541674
WEC_LADW,installed_13304,solar,210353906348.46002,347807.38483541674
WEC_LADW,installed_13305,solar,210353906348.46002,347807.38483541674
WEC_LADW,installed_13485,solar,252424687618.15195,417368.8618024999
WEC_LADW,installed_13486,solar,210353906348.46002,347807.38483541674
WEC_LADW,installed_13545,solar,140235937613.1252,231871.58996879167
WEC_LADW,installed_13723,solar,210353906348.46002,347807.38483541674
WEC_LADW,installed_13724,solar,140235937613.1252,231871.58996879167
WEC_LADW,installed_13725,solar,140235937613.1252,231871.58996879167
WEC_LADW,installed_13727,solar,140235937613.1252,231871.58996879167
WEC_LADW,installed_13728,solar,140235937613.1252,231871.58996879167
WEC_LADW,installed_13789,solar,210353906348.46002,347807.38483541674
WEC_LADW,installed_13791,solar,210353906348.46002,347807.38483541674
WEC_LADW,installed_13881,natural gas,0.0,0.0
WEC_LADW,installed_13882,solar,701179687780.7147,1159357.9493728748
WEC_LADW,installed_13890,solar,1402359375418.974,2318715.8985102084
WEC_LADW,installed_14037,solar,2804718750837.948,4637431.797020417
WEC_LADW,installed_14060,solar,2804718750837.948,4637431.797020417
WEC_LADW,installed_14142,solar,2804718750837.948,4637431.797020417
WEC_LADW,installed_14257,solar,182306718740.3616,301433.0667003333
WEC_LADW,installed_14258,solar,140235937613.1252,231871.58996879167
WEC_LADW,installed_14355,solar,280471875083.79486,463743.1797020418
WEC_LADW,installed_14364,solar,701179687780.7147,1159357.9493728748
WEC_LADW,installed_14435,solar,126212343809.07597,208684.43090124996
WEC_LADW,installed_14581,solar,210353906348.46002,347807.38483541674
WEC_LADW,installed_14603,solar,2804718750837.948,4637431.797020417
WEC_LADW,installed_14604,solar,2804718750837.948,4637431.797020417
WEC_LADW,installed_14605,solar,2804718750837.948,4637431.797020417
WEC_LADW,installed_14606,solar,5609437501675.896,9274863.594040833
WEC_LADW,installed_14671,solar,420707812696.92004,695614.7696708335
WEC_LADW,installed_14733,solar,518872968897.8976,857924.8824369999
WEC_LADW,installed_14734,solar,420707812696.92004,695614.7696708335
WEC_LADW,installed_14789,oil,0.0,0.0
WEC_LADW,installed_14790,oil,0.0,0.0
WEC_LADW,installed_14819,solar,182306718740.3616,301433.0667003333
WEC_LADW,installed_14821,solar,168283125078.768,278245.90786833334
WEC_LADW,installed_14822,solar,140235937613.1252,231871.58996879167
WEC_LADW,installed_14827,solar,280471875083.79486,463743.1797020418
WEC_LADW,installed_14830,solar,11920054690705.143,19709085.13674792
WEC_LADW,installed_14831,solar,7011796877807.147,11593579.493728748
WEC_LADW,installed_14832,solar,701179687780.7147,1159357.9493728748
WEC_LADW,installed_14919,solar,280471875083.79486,463743.1797020418
WEC_LADW,installed_14920,solar,140235937613.1252,231871.58996879167
WEC_LADW,installed_14947,solar,2804718750837.948,4637431.797020417
WEC_LADW,installed_14948,solar,2804718750837.948,4637431.797020417
WEC_LADW,installed_14949,solar,420707812696.92004,695614.7696708335
WEC_LADW,installed_15616,solar,1332241406683.6392,2202780.1036435836
WEC_LADW,installed_15674,solar,322542656353.4868,533304.6566691251
WEC_LADW,installed_15727,non-fossil,6048000000000.0,10000000.0
WEC_LADW,installed_15728,non-fossil,6048000000000.0,10000000.0
WEC_LADW,installed_15729,non-fossil,1209600000000.0,2000000.0
WEC_LADW,installed_15737,battery,468000000000.0,773809.5238095238
WEC_LADW,installed_15820,wind,611277120000.0,1010709.5238095238
WEC_LADW,installed_15964,solar,406684218892.8708,672427.6106032917
WEC_LADW,installed_15970,solar,1500524531477.496,2481026.0110408333
WEC_LADW,installed_16056,battery,4824000000000.0,7976190.476190476
WEC_LADW,installed_16466,hydro,6531840000000.0,10800000.0
WEC_LADW,installed_16467,hydro,2661120000000.0,4400000.0
WEC_LADW,installed_16468,hydro,2903040000000.0,4800000.0
WEC_LADW,installed_16469,hydro,6531840000000.0,10800000.0
WEC_LADW,installed_16470,hydro,1935360000000.0,3200000.0
WEC_LADW,installed_16471,hydro,4354560000000.0,7200000.0
WEC_LADW,installed_16619,hydro,241920000000.0,400000.0
WEC_LADW,installed_16621,hydro,870912000000.0,1440000.0
WEC_LADW,installed_16622,hydro,870912000000.0,1440000.0
WEC_LADW,installed_16654,oil,0.0,0.0
WEC_LADW,installed_16655,oil,0.0,0.0
WEC_LADW,installed_16656,oil,0.0,0.0
WEC_LADW,installed_16657,oil,0.0,0.0
WEC_LADW,installed_16658,oil,0.0,0.0
WEC_LADW,installed_16659,oil,0.0,0.0
WEC_LADW,installed_16660,oil,0.0,0.0
WEC_LADW,installed_16661,oil,0.0,0.0
WEC_LADW,installed_16662,oil,0.0,0.0
WEC_LADW,installed_16663,oil,0.0,0.0
WEC_LADW,installed_16664,oil,0.0,0.0
WEC_LADW,installed_16665,oil,0.0,0.0
WEC_LADW,installed_16666,oil,0.0,0.0
WEC_LADW,installed_16667,oil,0.0,0.0
WEC_LADW,installed_16668,oil,0.0,0.0
WEC_LADW,installed_16669,oil,0.0,0.0
WEC_LADW,installed_16670,oil,0.0,0.0
WEC_LADW,installed_16671,oil,0.0,0.0
WEC_LADW,installed_16672,oil,0.0,0.0
WEC_LADW,installed_16673,oil,0.0,0.0
WEC_LADW,installed_16674,oil,0.0,0.0
WEC_LADW,installed_16675,oil,0.0,0.0
WEC_LADW,installed_16676,oil,0.0,0.0
WEC_LADW,installed_16677,battery,237600000000.0,392857.14285714284
WEC_LADW,installed_17916,natural gas,0.0,0.0
WEC_LADW,installed_18214,solar,1332241406683.6392,2202780.1036435836
WEC_LADW,installed_18564,natural gas,0.0,0.0
WEC_LADW,installed_18573,hydro,6638343828480.0,10976097.6
WEC_LADW,installed_18576,battery,32040626612234.375,52977226.54139282
WEC_LADW,installed_18586,wind,2663881344000.0,4404565.714285715
WEC_LADW,installed_18587,wind,5945474304000.0,9830480.0
WEC_LADW,installed_18588,wind,984477888000.0,1627774.2857142857
WEC_LADW,installed_18589,wind,19515826368000.0,32268231.42857143
WEC_LADW,installed_18590,wind,233765239680000.0,386516600.0
WEC_LADW,installed_18610,solar,104079161971965.6,172088561.46158332
WEC_LADW,installed_18906,natural gas,0.0,0.0
WEC_LADW,optional_474_0,wind,2573798400000.0,4255619.047619048
WEC_LADW,optional_475_0,wind,5578567200000.0,9223821.42857143
WEC_LADW,optional_476_0,wind,921229200000.0,1523196.4285714286
WEC_LADW,optional_477_0,wind,24270411600000.0,40129648.809523806
WEC_LADW,optional_478_0,wind,233548459200000.0,386158166.6666667
WEC_LADW,optional_479_0,wind,166763322000000.0,275733005.95238096
WEC_LADW,optional_480_0,wind,0.0,0.0
WEC_LADW,optional_481_0,wind,0.0,0.0
WEC_LADW,optional_481_1,wind,0.0,0.0
WEC_LADW,optional_808_0,solar,0.0,0.0
WEC_LADW,optional_808_1,solar,0.0,0.0
WEC_LADW,optional_808_2,solar,0.0,0.0
WEC_LADW,optional_808_3,solar,0.0,0.0
WEC_LADW,optional_809_0,solar,0.0,0.0
WEC_LADW,optional_809_1,solar,0.0,0.0
WEC_LADW,optional_809_2,solar,0.0,0.0
WEC_LADW,optional_809_3,solar,0.0,0.0
WEC_LADW,optional_809_4,solar,0.0,0.0
WEC_LADW,optional_809_5,solar,0.0,0.0
WEC_LADW,optional_810_0,solar,156175761600000.0,258227119.04761904
WEC_LADW,optional_810_1,solar,102154608288401.94,168906429.04828364
WEC_LADW,optional_810_2,solar,168760598400000.0,279035380.95238096
WEC_LADW,optional_810_3,solar,0.0,0.0
WEC_LADW,optional_810_4,solar,0.0,0.0
WEC_LADW,optional_810_5,solar,0.0,0.0
WEC_LADW,optional_811_0,solar,0.0,0.0
WEC_LADW,optional_811_1,solar,0.0,0.0
WEC_SDGE,installed_9,import,604401655234769.0,999341361.1685996
WEC_SDGE,installed_88,natural gas,50400000000.0,83333.33333333333
WEC_SDGE,installed_89,natural gas,88200000000.0,145833.33333333334
WEC_SDGE,installed_90,natural gas,21600000000.0,35714.28571428572
WEC_SDGE,installed_91,natural gas,0.0,0.0
WEC_SDGE,installed_92,natural gas,37800000000.0,62500.0
WEC_SDGE,installed_311,waste,721440000000.0,1192857.142857143
WEC_SDGE,installed_312,waste,721440000000.0,1192857.142857143
WEC_SDGE,installed_313,waste,1683360000000.0,2783333.3333333335
WEC_SDGE,installed_5805,hydro,168336000000.0,278333.3333333333
WEC_SDGE,installed_5806,hydro,168336000000.0,278333.3333333333
WEC_SDGE,installed_5854,hydro,1418832000000.0,2345952.380952381
WEC_SDGE,installed_6001,hydro,240480000000.0,397619.04761904763
WEC_SDGE,installed_6301,non-fossil,1382760000000.0,2286309.523809524
WEC_SDGE,installed_6302,non-fossil,1382760000000.0,2286309.523809524
WEC_SDGE,installed_6303,hydro,240480000000.0,397619.04761904763
WEC_SDGE,installed_6829,natural gas,0.0,0.0
WEC_SDGE,installed_6830,natural gas,0.0,0.0
WEC_SDGE,installed_6831,natural gas,267840000000.0,442857.14285714284
WEC_SDGE,installed_6877,waste,901800000000.0,1491071.4285714286
WEC_SDGE,installed_6878,waste,901800000000.0,1491071.4285714286
WEC_SDGE,installed_6879,waste,286936363472.4,474431.81791071437
WEC_SDGE,installed_6880,waste,286936363472.4,474431.81791071437
WEC_SDGE,installed_7098,natural gas,20160000000.0,33333.333333333336
WEC_SDGE,installed_7099,natural gas,0.0,0.0
WEC_SDGE,installed_7458,natural gas,1010469488057.3201,1670749.8149095902
WEC_SDGE,installed_7459,natural gas,198387954040.71094,328022.41078159877
WEC_SDGE,installed_7690,natural gas,31680000000.0,52380.95238095238
WEC_SDGE,installed_7883,waste,961920000000.0,1590476.1904761905
WEC_SDGE,installed_7884,waste,961920000000.0,1590476.1904761905
WEC_SDGE,installed_7885,waste,961920000000.0,1590476.1904761905
WEC_SDGE,installed_7886,waste,961920000000.0,1590476.1904761905
WEC_SDGE,installed_8483,natural gas,0.0,0.0
WEC_SDGE,installed_8484,natural gas,0.0,0.0
WEC_SDGE,installed_8485,natural gas,0.0,0.0
WEC_SDGE,installed_8750,natural gas,858908367319.0635,1420152.7237418378
WEC_SDGE,installed_8751,natural gas,0.0,0.0
WEC_SDGE,installed_8752,natural gas,0.0,0.0
WEC_SDGE,installed_8788,natural gas,0.0,0.0
WEC_SDGE,installed_8789,natural gas,0.0,0.0
WEC_SDGE,installed_8793,natural gas,1149120000000.0,1900000.0
WEC_SDGE,installed_8794,natural gas,0.0,0.0
WEC_SDGE,installed_8844,waste,1623240000000.0,2683928.5714285714
WEC_SDGE,installed_8845,waste,1623240000000.0,2683928.5714285714
WEC_SDGE,installed_8846,waste,541080000000.0,894642.8571428572
WEC_SDGE,installed_8847,waste,541080000000.0,894642.8571428572
WEC_SDGE,installed_8848,waste,541080000000.0,894642.8571428572
WEC_SDGE,installed_8849,waste,541080000000.0,894642.8571428572
WEC_SDGE,installed_9193,natural gas,923871029819.0459,1527564.5334309621
WEC_SDGE,installed_9194,natural gas,153426320205.66113,253681.08499613285
WEC_SDGE,installed_9195,natural gas,0.0,0.0
WEC_SDGE,installed_9501,natural gas,1015200000000.0,1678571.4285714286
WEC_SDGE,installed_9502,natural gas,1124709594906.6904,1859638.8804674114
WEC_SDGE,installed_9615,wind,19366200000000.0,32020833.333333332
WEC_SDGE,installed_10152,hydro,1058112000000.0,1749523.8095238095
WEC_SDGE,installed_10887,natural gas,707040000000.0,1169047.619047619
WEC_SDGE,installed_10888,natural gas,1586452473504.6309,2623102.634762948
WEC_SDGE,installed_11034,natural gas,626400000000.0,1035714.2857142857
WEC_SDGE,installed_11714,solar,4502347200000.0,7444357.142857143
WEC_SDGE,installed_11829,natural gas,0.0,0.0
WEC_SDGE,installed_11830,natural gas,0.0,0.0
WEC_SDGE,installed_11831,natural gas,0.0,0.0
WEC_SDGE,installed_11865,battery,540434809250.2461,893576.0734957772
WEC_SDGE,installed_11866,natural gas,0.0,0.0
WEC_SDGE,installed_11867,natural gas,534600000000.0,883928.5714285715
WEC_SDGE,installed_11868,natural gas,75600000000.0,125000.0
WEC_SDGE,installed_12050,natural gas,0.0,0.0
WEC_SDGE,installed_12051,natural gas,25200000000.0,41666.666666666664
WEC_SDGE,installed_12063,pump hydro,5399768256876.778,8928188.255417952
WEC_SDGE,installed_12064,pump hydro,5469022085173.72,9042695.246649668
WEC_SDGE,installed_12068,natural gas,40320000000.0,66666.66666666667
WEC_SDGE,installed_12110,natural gas,0.0,0.0
WEC_SDGE,installed_12190,solar,190483920000.0,314953.5714285714
WEC_SDGE,installed_12340,wind,55387332000000.0,91579583.33333333
WEC_SDGE,installed_12373,solar,1090953360000.0,1803825.0
WEC_SDGE,installed_12763,natural gas,0.0,0.0
WEC_SDGE,installed_13162,solar,259750800000.0,429482.14285714284
WEC_SDGE,installed_13480,solar,432918000000.0,715803.5714285715
WEC_SDGE,installed_13481,solar,865836000000.0,1431607.142857143
WEC_SDGE,installed_13483,solar,346334400000.0,572642.8571428572
WEC_SDGE,installed_13484,solar,865836000000.0,1431607.142857143
WEC_SDGE,installed_13766,solar,190483920000.0,314953.5714285714
WEC_SDGE,installed_13767,solar,190483920000.0,314953.5714285714
WEC_SDGE,installed_13944,wind,387324000000.0,640416.6666666666
WEC_SDGE,installed_14700,solar,294384240000.0,486746.4285714286
WEC_SDGE,installed_14701,solar,86583600000.0,143160.7142857143
WEC_SDGE,installed_14702,solar,86583600000.0,143160.7142857143
WEC_SDGE,installed_14892,battery,446400000000.0,738095.2380952381
WEC_SDGE,installed_14893,solar,779252400000.0,1288446.4285714286
WEC_SDGE,installed_15195,solar,398284560000.0,658539.2857142857
WEC_SDGE,installed_15200,solar,519501600000.0,858964.2857142857
WEC_SDGE,installed_15250,battery,108000000000.0,178571.42857142858
WEC_SDGE,installed_15251,battery,216000000000.0,357142.85714285716
WEC_SDGE,installed_15252,battery,109800000000.0,181547.61904761905
WEC_SDGE,installed_15253,battery,223200000000.0,369047.61904761905
WEC_SDGE,installed_15256,battery,227340232069.31198,375893.24085534393
WEC_SDGE,installed_15257,battery,1683065871399.8364,2782847.0095896767
WEC_SDGE,installed_15258,battery,6460526072731.435,10682086.760468641
WEC_SDGE,installed_15259,waste,267807272454.00006,442803.0298511906
WEC_SDGE,installed_15718,solar,3463344000000.0,5726428.571428572
WEC_SDGE,installed_15748,solar,329017680000.0,544010.7142857143
WEC_SDGE,installed_15759,solar,658035360000.0,1088021.4285714286
WEC_SDGE,installed_15845,battery,460800000000.0,761904.7619047619
WEC_SDGE,installed_18567,natural gas,0.0,0.0
WEC_SDGE,installed_18577,battery,4042432299447.947,6683915.839034303
WEC_SDGE,installed_18591,wind,5042958480000.0,8338225.0
WEC_SDGE,installed_18592,wind,604225440000.0,999050.0
WEC_SDGE,installed_18593,wind,7971127920000.0,13179775.0
WEC_SDGE,installed_18594,wind,21264087600000.0,35158875.0
WEC_SDGE,installed_18595,wind,127189455120000.0,210300025.0
WEC_SDGE,installed_18596,wind,208899326160000.0,345402325.0
WEC_SDGE,installed_18611,solar,171841986051840.0,284130267.94285715
WEC_SDGE,installed_18612,solar,87256319938560.0,144273015.77142856
WEC_SDGE,optional_482_0,wind,5035212000000.0,8325416.666666667
WEC_SDGE,optional_483_0,wind,743011200000.0,1228523.8095238095
WEC_SDGE,optional_484_0,wind,7598631600000.0,12563875.0
WEC_SDGE,optional_485_0,wind,19740204000000.0,32639226.19047619
WEC_SDGE,optional_486_0,wind,118552320000000.0,196019047.6190476
WEC_SDGE,optional_487_0,wind,187044858000000.0,309267291.6666667
WEC_SDGE,optional_488_0,wind,0.0,0.0
WEC_SDGE,optional_489_0,wind,0.0,0.0
WEC_SDGE,optional_812_0,solar,0.0,0.0
WEC_SDGE,optional_812_1,solar,0.0,0.0
WEC_SDGE,optional_812_2,solar,0.0,0.0
WEC_SDGE,optional_812_3,solar,0.0,0.0
WEC_SDGE,optional_812_4,solar,0.0,0.0
WEC_SDGE,optional_812_5,solar,0.0,0.0
WEC_SDGE,optional_813_0,solar,0.0,0.0
WEC_SDGE,optional_813_1,solar,0.0,0.0
WEC_SDGE,optional_813_2,solar,0.0,0.0
WEC_SDGE,optional_813_3,solar,0.0,0.0
WEC_SDGE,optional_813_4,solar,0.0,0.0
WEC_SDGE,optional_813_5,solar,0.0,0.0
WEC_SDGE,optional_814_0,solar,0.0,0.0
MESO_000,bess_MESO_000,battery,0.0,0.0
MESO_001,bess_MESO_001,battery,0.0,0.0
MESO_002,bess_MESO_002,battery,0.0,0.0
MESO_003,bess_MESO_003,battery,0.0,0.0
MESO_004,bess_MESO_004,battery,0.0,0.0
MESO_005,bess_MESO_005,battery,0.0,0.0
MESO_006,bess_MESO_006,battery,0.0,0.0
MESO_007,bess_MESO_007,battery,0.0,0.0
MESO_008,bess_MESO_008,battery,0.0,0.0
MESO_009,bess_MESO_009,battery,0.0,0.0
MESO_010,bess_MESO_010,battery,0.0,0.0
MESO_011,bess_MESO_011,battery,0.0,0.0
MESO_012,bess_MESO_012,battery,0.0,0.0
MESO_013,bess_MESO_013,battery,0.0,0.0
MESO_014,bess_MESO_014,battery,0.0,0.0
MESO_015,bess_MESO_015,battery,0.0,0.0
MESO_016,bess_MESO_016,battery,0.0,0.0
MESO_017,bess_MESO_017,battery,0.0,0.0
MESO_018,bess_MESO_018,battery,0.0,0.0
MESO_019,bess_MESO_019,battery,0.0,0.0
MESO_020,bess_MESO_020,battery,0.0,0.0
MESO_021,bess_MESO_021,battery,0.0,0.0
MESO_022,bess_MESO_022,battery,0.0,0.0
MESO_023,bess_MESO_023,battery,0.0,0.0
MESO_024,bess_MESO_024,battery,0.0,0.0
MESO_025,bess_MESO_025,battery,0.0,0.0
MESO_026,bess_MESO_026,battery,0.0,0.0
MESO_027,bess_MESO_027,battery,0.0,0.0
MESO_028,bess_MESO_028,battery,0.0,0.0
MESO_029,bess_MESO_029,battery,0.0,0.0
MESO_030,bess_MESO_030,battery,0.0,0.0
MESO_031,bess_MESO_031,battery,0.0,0.0
MESO_032,bess_MESO_032,battery,-8.477105034722223e-06,-1.4016377372225897e-11
MESO_033,bess_MESO_033,battery,9563992481250.0,15813479.63169643
MESO_034,bess_MESO_034,battery,0.0,0.0
MESO_035,bess_MESO_035,battery,0.0,0.0
MESO_036,bess_MESO_036,battery,0.0,0.0
MESO_037,bess_MESO_037,battery,0.0,0.0
MESO_038,bess_MESO_038,battery,0.0,0.0
MESO_039,bess_MESO_039,battery,3.390842013888889e-05,5.606550948890359e-11
MESO_040,bess_MESO_040,battery,-1.5936957465277782e-05,-2.6350789459784694e-11
MESO_041,bess_MESO_041,battery,0.0,0.0
MESO_042,bess_MESO_042,battery,0.0,0.0
MESO_043,bess_MESO_043,battery,0.0,0.0
MESO_044,bess_MESO_044,battery,1.0596381293402777e-05,1.752047171528237e-11
MESO_045,bess_MESO_045,battery,0.0,0.0
MESO_046,bess_MESO_046,battery,0.0,0.0
MESO_047,bess_MESO_047,battery,1.8576434352111268e-05,3.0715003889072866e-11
MESO_048,bess_MESO_048,battery,0.0,0.0
MESO_049,bess_MESO_049,battery,1.9073486328125e-05,3.153684908750827e-11
MESO_050,bess_MESO_050,battery,0.0,0.0
MESO_051,bess_MESO_051,battery,0.0,0.0
MESO_052,bess_MESO_052,battery,0.0,0.0
MESO_053,bess_MESO_053,battery,0.0,0.0
MESO_054,bess_MESO_054,battery,0.0,0.0
MESO_055,bess_MESO_055,battery,0.0,0.0
MESO_056,bess_MESO_056,battery,0.0,0.0
MESO_057,bess_MESO_057,battery,0.0,0.0
MESO_058,bess_MESO_058,battery,-3.390842013888889e-05,-5.606550948890359e-11
MESO_059,bess_MESO_059,battery,0.0,0.0
MESO_060,bess_MESO_060,battery,0.0,0.0
MESO_061,bess_MESO_061,battery,0.0,0.0
MESO_062,bess_MESO_062,battery,0.0,0.0
MESO_063,bess_MESO_063,battery,0.0,0.0
MESO_064,bess_MESO_064,battery,3.1789143880208336e-05,5.256141514584712e-11
MESO_065,bess_MESO_065,battery,0.0,0.0
MESO_066,bess_MESO_066,battery,0.0,0.0
MESO_067,bess_MESO_067,battery,0.0,0.0
MESO_068,bess_MESO_068,battery,0.0,0.0
MESO_069,bess_MESO_069,battery,-3.495713416380298e-05,-5.779949431845731e-11
MESO_070,bess_MESO_070,battery,-1.0596381293402778e-06,-1.7520471715282371e-12
MESO_071,bess_MESO_071,battery,0.0,0.0
MESO_072,bess_MESO_072,battery,0.0,0.0
MESO_073,bess_MESO_073,battery,0.0,0.0
MESO_074,bess_MESO_074,battery,0.0,0.0
MESO_075,bess_MESO_075,battery,0.0,0.0
MESO_076,bess_MESO_076,battery,-1.774893866644965e-05,-2.9346790123097964e-11
MESO_077,bess_MESO_077,battery,0.0,0.0
MESO_078,bess_MESO_078,battery,-5.298190646701389e-07,-8.760235857641186e-13
MESO_079,bess_MESO_079,battery,0.0,0.0
